mol_id,row_type,family,tier,variant,method,display_label,source,rotatable_bonds,heavy_atoms,conformer_count,clash_cutoff,clash_input_confs,clash_pass_confs,clash_fail_confs,clash_pass_rate,pb_input_confs,pb_pass_confs,pb_fail_confs,pb_pass_rate,pb_check_fail_counts_json,pb_check_fail_rates_json,post_pb_confs,mean_torsion_std_deg,pairwise_mean,pairwise_p90,greedy_clusters_0p5,clusters_per_100_0p5,cluster_entropy_0p5,largest_cluster_fraction_0p5,effective_clusters_0p5,simpson_concentration_0p5,singleton_fraction_0p5,greedy_clusters_1p0,clusters_per_100_1p0,cluster_entropy_1p0,largest_cluster_fraction_1p0,effective_clusters_1p0,simpson_concentration_1p0,singleton_fraction_1p0,greedy_clusters_2p0,clusters_per_100_2p0,cluster_entropy_2p0,largest_cluster_fraction_2p0,effective_clusters_2p0,simpson_concentration_2p0,singleton_fraction_2p0,greedy_clusters_3p0,clusters_per_100_3p0,cluster_entropy_3p0,largest_cluster_fraction_3p0,effective_clusters_3p0,simpson_concentration_3p0,singleton_fraction_3p0,energy_count,energy_min,energy_max,energy_median,energy_std,casf_best_rmsd,casf_median_rmsd,casf_hit_0p25,casf_hit_0p5,casf_hit_0p75,casf_hit_2p0,casf_opt_best_rmsd,casf_opt_median_rmsd,casf_opt_hit_0p25,casf_opt_hit_0p5,casf_opt_hit_0p75,casf_opt_hit_2p0,generated_candidates,finite_rejected,clash_rejected,bond_rejected,stereo_rejected,rmsd_rejected,pre_clash_passed,minimization_input_confs,minimization_failed,minimization_invalid,post_min_clash_rejected,kept_confs,num_target_confs,target_confs,ligand_set
1bcu_1bcu_conf0,generation,mcf_drugs_l_raw,fixed,,mcf_drugs_l_raw_fixed,MCF drugs-L,mcf_drugs_l_raw_fixed,2,16,999,0.7,999,998,1,0.998998998998999,1000,999,1,0.999,"{""all_atoms_connected"":0,""bond_angles"":1,""bond_lengths"":1,""bonds"":0,""double_bond_stereochemistry"":0,""energy_ratio"":0,""file_loads"":0,""inchi_convertible"":0,""internal_steric_clash"":1,""molecular_formula"":0,""no_radicals"":0,""planar_aromatic_rings"":0,""planar_double_bonds"":0,""reference_file_loads"":0,""sanitisation"":0,""tetrahedral_chirality"":0}","{""all_atoms_connected"":0.0,""bond_angles"":0.001,""bond_lengths"":0.001,""bonds"":0.0,""double_bond_stereochemistry"":0.0,""energy_ratio"":0.0,""file_loads"":0.0,""inchi_convertible"":0.0,""internal_steric_clash"":0.001,""molecular_formula"":0.0,""no_radicals"":0.0,""planar_aromatic_rings"":0.0,""planar_double_bonds"":0.0,""reference_file_loads"":0.0,""sanitisation"":0.0,""tetrahedral_chirality"":0.0}",999,116.01823553870994,0.030141026423995246,0.04578154507334961,2.0,0.2002002002002002,0.011417731329369232,0.998998998998999,1.0079455680889198,0.9980000020040061,0.5,2.0,0.2002002002002002,0.011417731329369232,0.998998998998999,1.0079455680889198,0.9980000020040061,0.5,1.0,0.1001001001001001,0.0,1.0,1.0,1.0,0.0,1.0,0.1001001001001001,0.0,1.0,1.0,1.0,0.0,999,36.128604616736624,2075.241616225252,37.38969358971237,64.44323629521796,0.044092064934916464,0.060126330818711875,1.0,1.0,1.0,1.0,0.034459185718863375,0.04520873211313093,1.0,1.0,1.0,1.0,1000,0,0,0,0,0,1000,0,0,0,0,999,1000,1000,core
1bcu_1bcu_conf0,generation,mcf_drugs_l_raw,dynamic,,mcf_drugs_l_raw_dynamic,MCF drugs-L,mcf_drugs_l_raw_dynamic,2,16,24,0.7,24,24,0,1.0,24,24,0,1.0,"{""all_atoms_connected"":0,""bond_angles"":0,""bond_lengths"":0,""bonds"":0,""double_bond_stereochemistry"":0,""energy_ratio"":0,""file_loads"":0,""inchi_convertible"":0,""internal_steric_clash"":0,""molecular_formula"":0,""no_radicals"":0,""planar_aromatic_rings"":0,""planar_double_bonds"":0,""reference_file_loads"":0,""sanitisation"":0,""tetrahedral_chirality"":0}","{""all_atoms_connected"":0.0,""bond_angles"":0.0,""bond_lengths"":0.0,""bonds"":0.0,""double_bond_stereochemistry"":0.0,""energy_ratio"":0.0,""file_loads"":0.0,""inchi_convertible"":0.0,""internal_steric_clash"":0.0,""molecular_formula"":0.0,""no_radicals"":0.0,""planar_aromatic_rings"":0.0,""planar_double_bonds"":0.0,""reference_file_loads"":0.0,""sanitisation"":0.0,""tetrahedral_chirality"":0.0}",24,108.96399092046852,0.02983418382930193,0.045532956705914326,1.0,4.166666666666667,0.0,1.0,1.0,1.0,0.0,1.0,4.166666666666667,0.0,1.0,1.0,1.0,0.0,1.0,4.166666666666667,0.0,1.0,1.0,1.0,0.0,1.0,4.166666666666667,0.0,1.0,1.0,1.0,0.0,24,36.44634763993546,38.44359193582094,37.270830925909436,0.42474768458608403,0.050755404221596113,0.06164456876248702,1.0,1.0,1.0,1.0,0.03768434745760574,0.044629584655758114,1.0,1.0,1.0,1.0,1000,0,0,0,0,0,24,0,0,0,0,24,24,24,core
1bcu_1bcu_conf0,generation,mcf_drugs_l_raw,chembl_count,,mcf_drugs_l_raw_chembl_count,MCF drugs-L,mcf_drugs_l_raw_chembl_count,2,16,1,0.7,1,1,0,1.0,1,1,0,1.0,"{""all_atoms_connected"":0,""bond_angles"":0,""bond_lengths"":0,""bonds"":0,""double_bond_stereochemistry"":0,""energy_ratio"":0,""file_loads"":0,""inchi_convertible"":0,""internal_steric_clash"":0,""molecular_formula"":0,""no_radicals"":0,""planar_aromatic_rings"":0,""planar_double_bonds"":0,""reference_file_loads"":0,""sanitisation"":0,""tetrahedral_chirality"":0}","{""all_atoms_connected"":0.0,""bond_angles"":0.0,""bond_lengths"":0.0,""bonds"":0.0,""double_bond_stereochemistry"":0.0,""energy_ratio"":0.0,""file_loads"":0.0,""inchi_convertible"":0.0,""internal_steric_clash"":0.0,""molecular_formula"":0.0,""no_radicals"":0.0,""planar_aromatic_rings"":0.0,""planar_double_bonds"":0.0,""reference_file_loads"":0.0,""sanitisation"":0.0,""tetrahedral_chirality"":0.0}",1,0.0,,,1.0,100.0,0.0,1.0,1.0,1.0,1.0,1.0,100.0,0.0,1.0,1.0,1.0,1.0,1.0,100.0,0.0,1.0,1.0,1.0,1.0,1.0,100.0,0.0,1.0,1.0,1.0,1.0,1,37.58978272681478,37.58978272681478,37.58978272681478,0.0,0.06709017807637076,0.06709017807637076,1.0,1.0,1.0,1.0,0.06269999575194773,0.06269999575194773,1.0,1.0,1.0,1.0,1000,0,0,0,0,0,1,0,0,0,0,1,1,1,core
1c5z_1c5z_conf0,generation,mcf_drugs_l_raw,fixed,,mcf_drugs_l_raw_fixed,MCF drugs-L,mcf_drugs_l_raw_fixed,1,9,999,0.7,999,999,0,1.0,1000,999,1,0.999,"{""all_atoms_connected"":0,""bond_angles"":0,""bond_lengths"":0,""bonds"":0,""double_bond_stereochemistry"":0,""energy_ratio"":1,""file_loads"":0,""inchi_convertible"":0,""internal_steric_clash"":0,""molecular_formula"":0,""no_radicals"":0,""planar_aromatic_rings"":0,""planar_double_bonds"":0,""reference_file_loads"":0,""sanitisation"":0,""tetrahedral_chirality"":0}","{""all_atoms_connected"":0.0,""bond_angles"":0.0,""bond_lengths"":0.0,""bonds"":0.0,""double_bond_stereochemistry"":0.0,""energy_ratio"":0.001,""file_loads"":0.0,""inchi_convertible"":0.0,""internal_steric_clash"":0.0,""molecular_formula"":0.0,""no_radicals"":0.0,""planar_aromatic_rings"":0.0,""planar_double_bonds"":0.0,""reference_file_loads"":0.0,""sanitisation"":0.0,""tetrahedral_chirality"":0.0}",999,116.33813810197734,0.24104275349286575,0.48687103567741186,2.0,0.2002002002002002,0.9782581061431008,0.5865865865865866,1.9700853134519691,0.5149944739534329,0.0,1.0,0.1001001001001001,0.0,1.0,1.0,1.0,0.0,1.0,0.1001001001001001,0.0,1.0,1.0,1.0,0.0,1.0,0.1001001001001001,0.0,1.0,1.0,1.0,0.0,999,-1.0547015843652634,10.147471027146029,1.6318956001863842,1.843970166370925,0.026195794944327912,0.19261018974582278,1.0,1.0,1.0,1.0,0.05900299003567447,0.24444698633258255,1.0,1.0,1.0,1.0,1000,0,0,0,0,0,1000,0,0,0,0,999,1000,1000,core
1c5z_1c5z_conf0,generation,mcf_drugs_l_raw,dynamic,,mcf_drugs_l_raw_dynamic,MCF drugs-L,mcf_drugs_l_raw_dynamic,1,9,2,0.7,2,2,0,1.0,2,2,0,1.0,"{""all_atoms_connected"":0,""bond_angles"":0,""bond_lengths"":0,""bonds"":0,""double_bond_stereochemistry"":0,""energy_ratio"":0,""file_loads"":0,""inchi_convertible"":0,""internal_steric_clash"":0,""molecular_formula"":0,""no_radicals"":0,""planar_aromatic_rings"":0,""planar_double_bonds"":0,""reference_file_loads"":0,""sanitisation"":0,""tetrahedral_chirality"":0}","{""all_atoms_connected"":0.0,""bond_angles"":0.0,""bond_lengths"":0.0,""bonds"":0.0,""double_bond_stereochemistry"":0.0,""energy_ratio"":0.0,""file_loads"":0.0,""inchi_convertible"":0.0,""internal_steric_clash"":0.0,""molecular_formula"":0.0,""no_radicals"":0.0,""planar_aromatic_rings"":0.0,""planar_double_bonds"":0.0,""reference_file_loads"":0.0,""sanitisation"":0.0,""tetrahedral_chirality"":0.0}",2,87.22887980975221,0.017286177125450247,0.017286177125450247,1.0,50.0,0.0,1.0,1.0,1.0,0.0,1.0,50.0,0.0,1.0,1.0,1.0,0.0,1.0,50.0,0.0,1.0,1.0,1.0,0.0,1.0,50.0,0.0,1.0,1.0,1.0,0.0,2,0.8359882407983488,1.5859268722386517,1.2109575565185002,0.37496931572015146,0.31596717969254834,0.31914515393064835,0.0,1.0,1.0,1.0,0.280023112771352,0.28445539161770395,0.0,1.0,1.0,1.0,1000,0,0,0,0,0,2,0,0,0,0,2,2,2,core
1c5z_1c5z_conf0,generation,mcf_drugs_l_raw,chembl_count,,mcf_drugs_l_raw_chembl_count,MCF drugs-L,mcf_drugs_l_raw_chembl_count,1,9,1,0.7,1,1,0,1.0,1,1,0,1.0,"{""all_atoms_connected"":0,""bond_angles"":0,""bond_lengths"":0,""bonds"":0,""double_bond_stereochemistry"":0,""energy_ratio"":0,""file_loads"":0,""inchi_convertible"":0,""internal_steric_clash"":0,""molecular_formula"":0,""no_radicals"":0,""planar_aromatic_rings"":0,""planar_double_bonds"":0,""reference_file_loads"":0,""sanitisation"":0,""tetrahedral_chirality"":0}","{""all_atoms_connected"":0.0,""bond_angles"":0.0,""bond_lengths"":0.0,""bonds"":0.0,""double_bond_stereochemistry"":0.0,""energy_ratio"":0.0,""file_loads"":0.0,""inchi_convertible"":0.0,""internal_steric_clash"":0.0,""molecular_formula"":0.0,""no_radicals"":0.0,""planar_aromatic_rings"":0.0,""planar_double_bonds"":0.0,""reference_file_loads"":0.0,""sanitisation"":0.0,""tetrahedral_chirality"":0.0}",1,0.0,,,1.0,100.0,0.0,1.0,1.0,1.0,1.0,1.0,100.0,0.0,1.0,1.0,1.0,1.0,1.0,100.0,0.0,1.0,1.0,1.0,1.0,1.0,100.0,0.0,1.0,1.0,1.0,1.0,1,2.4427858685495796,2.4427858685495796,2.4427858685495796,0.0,0.3038964134441183,0.3038964134441183,0.0,1.0,1.0,1.0,0.26659445076043153,0.26659445076043153,0.0,1.0,1.0,1.0,1000,0,0,0,0,0,1,0,0,0,0,1,1,1,core
1lpg_1lpg_conf0,generation,mcf_drugs_l_raw,fixed,,mcf_drugs_l_raw_fixed,MCF drugs-L,mcf_drugs_l_raw_fixed,10,41,995,0.7,995,995,0,1.0,1000,995,5,0.995,"{""all_atoms_connected"":0,""bond_angles"":0,""bond_lengths"":0,""bonds"":0,""double_bond_stereochemistry"":0,""energy_ratio"":4,""file_loads"":0,""inchi_convertible"":0,""internal_steric_clash"":1,""molecular_formula"":0,""no_radicals"":0,""planar_aromatic_rings"":0,""planar_double_bonds"":0,""reference_file_loads"":0,""sanitisation"":0,""tetrahedral_chirality"":0}","{""all_atoms_connected"":0.0,""bond_angles"":0.0,""bond_lengths"":0.0,""bonds"":0.0,""double_bond_stereochemistry"":0.0,""energy_ratio"":0.004,""file_loads"":0.0,""inchi_convertible"":0.0,""internal_steric_clash"":0.001,""molecular_formula"":0.0,""no_radicals"":0.0,""planar_aromatic_rings"":0.0,""planar_double_bonds"":0.0,""reference_file_loads"":0.0,""sanitisation"":0.0,""tetrahedral_chirality"":0.0}",995,94.79051450102858,2.804996882112616,3.6521160432471684,701.0,70.45226130653266,0.9772697428216558,0.010050251256281407,603.9960738100282,0.0020171207797782887,0.7589158345221113,271.0,27.236180904522612,0.9369083623437194,0.018090452261306532,190.31335873401798,0.0069503295371329005,0.30996309963099633,28.0,2.814070351758794,0.8943980733963769,0.09246231155778895,19.69406446325093,0.060340900482311055,0.0,6.0,0.6030150753768844,0.8717908553304676,0.2904522613065327,4.7685368615437635,0.22532461301482284,0.0,995,90.4597657322601,274.23878106138204,116.09257140968626,13.98592338949391,0.8838095654394502,2.7405499589029705,0.0,0.0,0.0,1.0,0.911141092553537,2.783952544853743,0.0,0.0,0.0,1.0,1000,0,0,0,0,0,1000,0,0,0,0,995,1000,1000,core
1lpg_1lpg_conf0,generation,mcf_drugs_l_raw,dynamic,,mcf_drugs_l_raw_dynamic,MCF drugs-L,mcf_drugs_l_raw_dynamic,10,41,199,0.7,199,199,0,1.0,200,199,1,0.995,"{""all_atoms_connected"":0,""bond_angles"":0,""bond_lengths"":0,""bonds"":0,""double_bond_stereochemistry"":0,""energy_ratio"":1,""file_loads"":0,""inchi_convertible"":0,""internal_steric_clash"":0,""molecular_formula"":0,""no_radicals"":0,""planar_aromatic_rings"":0,""planar_double_bonds"":0,""reference_file_loads"":0,""sanitisation"":0,""tetrahedral_chirality"":0}","{""all_atoms_connected"":0.0,""bond_angles"":0.0,""bond_lengths"":0.0,""bonds"":0.0,""double_bond_stereochemistry"":0.0,""energy_ratio"":0.005,""file_loads"":0.0,""inchi_convertible"":0.0,""internal_steric_clash"":0.0,""molecular_formula"":0.0,""no_radicals"":0.0,""planar_aromatic_rings"":0.0,""planar_double_bonds"":0.0,""reference_file_loads"":0.0,""sanitisation"":0.0,""tetrahedral_chirality"":0.0}",199,94.19499934173113,2.865223161111252,3.7336273421687287,181.0,90.95477386934674,0.9936106428841909,0.01507537688442211,175.086822115464,0.005984697356127371,0.9060773480662984,124.0,62.311557788944725,0.9727435386907881,0.02512562814070352,108.73326223195711,0.010580540895431933,0.5967741935483871,22.0,11.055276381909549,0.9250242894354882,0.12562814070351758,17.44912229377981,0.06764980682306003,0.0,5.0,2.512562814070352,0.878297707092993,0.32160804020100503,4.1105861265208175,0.26092775434963766,0.0,199,96.04979821922058,274.23878106138204,115.56192603804904,16.731291724407477,1.7606654787286533,2.7516189624924747,0.0,0.0,0.0,1.0,1.8233803382180112,2.810190108446546,0.0,0.0,0.0,1.0,1000,0,0,0,0,0,200,0,0,0,0,199,200,200,core
1lpg_1lpg_conf0,generation,mcf_drugs_l_raw,chembl_count,,mcf_drugs_l_raw_chembl_count,MCF drugs-L,mcf_drugs_l_raw_chembl_count,10,41,192,0.7,192,192,0,1.0,193,192,1,0.9948186528497408,"{""all_atoms_connected"":0,""bond_angles"":0,""bond_lengths"":0,""bonds"":0,""double_bond_stereochemistry"":0,""energy_ratio"":1,""file_loads"":0,""inchi_convertible"":0,""internal_steric_clash"":0,""molecular_formula"":0,""no_radicals"":0,""planar_aromatic_rings"":0,""planar_double_bonds"":0,""reference_file_loads"":0,""sanitisation"":0,""tetrahedral_chirality"":0}","{""all_atoms_connected"":0.0,""bond_angles"":0.0,""bond_lengths"":0.0,""bonds"":0.0,""double_bond_stereochemistry"":0.0,""energy_ratio"":0.0051813471502590676,""file_loads"":0.0,""inchi_convertible"":0.0,""internal_steric_clash"":0.0,""molecular_formula"":0.0,""no_radicals"":0.0,""planar_aromatic_rings"":0.0,""planar_double_bonds"":0.0,""reference_file_loads"":0.0,""sanitisation"":0.0,""tetrahedral_chirality"":0.0}",192,94.70011278068854,2.772429667385942,3.6258659384027565,174.0,90.625,0.9933611344899277,0.015625,168.14135508218448,0.006239149305555556,0.9022988505747126,118.0,61.458333333333336,0.9741291520910372,0.026041666666666668,104.29912452175671,0.010904947916666668,0.5677966101694916,21.0,10.9375,0.8941904508313675,0.11979166666666667,15.216538433028408,0.07698567708333333,0.14285714285714285,4.0,2.0833333333333335,0.8315442592560623,0.4427083333333333,3.1669377692887846,0.35709635416666663,0.0,192,90.4597657322601,196.99199249888025,115.96377051185313,14.505738411126615,0.8838095654394502,2.7459075028382207,0.0,0.0,0.0,1.0,0.911141092553537,2.8011589433781943,0.0,0.0,0.0,1.0,1000,0,0,0,0,0,193,0,0,0,0,192,193,193,core
1mq6_1mq6_conf0,generation,mcf_drugs_l_raw,fixed,,mcf_drugs_l_raw_fixed,MCF drugs-L,mcf_drugs_l_raw_fixed,7,36,735,0.7,735,604,131,0.8217687074829932,1000,735,265,0.735,"{""all_atoms_connected"":0,""bond_angles"":1,""bond_lengths"":2,""bonds"":0,""double_bond_stereochemistry"":0,""energy_ratio"":3,""file_loads"":0,""inchi_convertible"":0,""internal_steric_clash"":263,""molecular_formula"":0,""no_radicals"":0,""planar_aromatic_rings"":0,""planar_double_bonds"":0,""reference_file_loads"":0,""sanitisation"":0,""tetrahedral_chirality"":0}","{""all_atoms_connected"":0.0,""bond_angles"":0.001,""bond_lengths"":0.002,""bonds"":0.0,""double_bond_stereochemistry"":0.0,""energy_ratio"":0.003,""file_loads"":0.0,""inchi_convertible"":0.0,""internal_steric_clash"":0.263,""molecular_formula"":0.0,""no_radicals"":0.0,""planar_aromatic_rings"":0.0,""planar_double_bonds"":0.0,""reference_file_loads"":0.0,""sanitisation"":0.0,""tetrahedral_chirality"":0.0}",735,87.51692675505596,2.6352714622899724,3.4730344745744177,510.0,69.38775510204081,0.9729822608625003,0.012244897959183673,430.9409367692519,0.0029339627007265493,0.7568627450980392,281.0,38.2312925170068,0.9443012251606671,0.01904761904761905,205.26569684962934,0.006439909297052154,0.4697508896797153,29.0,3.945578231292517,0.8899539044359047,0.10748299319727891,20.02012607434754,0.05913276875376001,0.034482758620689655,5.0,0.6802721088435374,0.7184816010260239,0.5251700680272109,3.1783160994821236,0.385374612430006,0.0,735,-33.96566849908358,2074.856782761197,-19.395484209407,77.55329997609519,1.1487867270392842,2.7836512880925213,0.0,0.0,0.0,1.0,1.1250244307735389,2.7598393710947215,0.0,0.0,0.0,1.0,1000,0,0,0,0,0,1000,0,0,0,0,735,1000,1000,core
1mq6_1mq6_conf0,generation,mcf_drugs_l_raw,dynamic,,mcf_drugs_l_raw_dynamic,MCF drugs-L,mcf_drugs_l_raw_dynamic,7,36,102,0.7,102,90,12,0.8823529411764706,134,102,32,0.7611940298507462,"{""all_atoms_connected"":0,""bond_angles"":0,""bond_lengths"":0,""bonds"":0,""double_bond_stereochemistry"":0,""energy_ratio"":0,""file_loads"":0,""inchi_convertible"":0,""internal_steric_clash"":32,""molecular_formula"":0,""no_radicals"":0,""planar_aromatic_rings"":0,""planar_double_bonds"":0,""reference_file_loads"":0,""sanitisation"":0,""tetrahedral_chirality"":0}","{""all_atoms_connected"":0.0,""bond_angles"":0.0,""bond_lengths"":0.0,""bonds"":0.0,""double_bond_stereochemistry"":0.0,""energy_ratio"":0.0,""file_loads"":0.0,""inchi_convertible"":0.0,""internal_steric_clash"":0.23880597014925373,""molecular_formula"":0.0,""no_radicals"":0.0,""planar_aromatic_rings"":0.0,""planar_double_bonds"":0.0,""reference_file_loads"":0.0,""sanitisation"":0.0,""tetrahedral_chirality"":0.0}",102,86.53724348620709,2.5898747875492383,3.3773849320380473,93.0,91.17647058823529,0.9922612500020314,0.029411764705882353,89.79442031804763,0.011726259131103419,0.9139784946236559,79.0,77.45098039215686,0.9834165596597335,0.029411764705882353,73.4780979462334,0.014801999231064972,0.7468354430379747,18.0,17.647058823529413,0.8752110362466099,0.16666666666666666,12.54955568501034,0.09900038446751251,0.2777777777777778,4.0,3.9215686274509802,0.8032759201221312,0.43137254901960786,3.0452313597491694,0.3462129950019223,0.25,102,-32.823430349551295,-2.0643241192463364,-20.255090774529847,7.257449514939529,1.17412023249795,2.4946089093848123,0.0,0.0,0.0,1.0,1.1250244307735389,2.471134334848943,0.0,0.0,0.0,1.0,1000,0,0,0,0,0,134,0,0,0,0,102,134,134,core
1mq6_1mq6_conf0,generation,mcf_drugs_l_raw,chembl_count,,mcf_drugs_l_raw_chembl_count,MCF drugs-L,mcf_drugs_l_raw_chembl_count,7,36,9,0.7,9,7,2,0.7777777777777778,12,9,3,0.75,"{""all_atoms_connected"":0,""bond_angles"":0,""bond_lengths"":0,""bonds"":0,""double_bond_stereochemistry"":0,""energy_ratio"":0,""file_loads"":0,""inchi_convertible"":0,""internal_steric_clash"":3,""molecular_formula"":0,""no_radicals"":0,""planar_aromatic_rings"":0,""planar_double_bonds"":0,""reference_file_loads"":0,""sanitisation"":0,""tetrahedral_chirality"":0}","{""all_atoms_connected"":0.0,""bond_angles"":0.0,""bond_lengths"":0.0,""bonds"":0.0,""double_bond_stereochemistry"":0.0,""energy_ratio"":0.0,""file_loads"":0.0,""inchi_convertible"":0.0,""internal_steric_clash"":0.25,""molecular_formula"":0.0,""no_radicals"":0.0,""planar_aromatic_rings"":0.0,""planar_double_bonds"":0.0,""reference_file_loads"":0.0,""sanitisation"":0.0,""tetrahedral_chirality"":0.0}",9,75.63950173886023,2.869964087562568,3.78733132303731,9.0,100.0,1.0,0.1111111111111111,9.000000000000002,0.1111111111111111,1.0,9.0,100.0,1.0,0.1111111111111111,9.000000000000002,0.1111111111111111,1.0,6.0,66.66666666666667,0.9683925140412225,0.2222222222222222,5.66964472452693,0.18518518518518517,0.5,3.0,33.333333333333336,0.7725068857142601,0.6666666666666666,2.336573541485641,0.5061728395061729,0.3333333333333333,9,-28.194417169577946,-2.964844304872287,-16.529684368602048,7.951171505920028,1.8927753348952658,2.6780709121564867,0.0,0.0,0.0,1.0,1.809174115322049,2.6782135376049556,0.0,0.0,0.0,1.0,1000,0,0,0,0,0,12,0,0,0,0,9,12,12,core
1nc3_1nc3_conf0,generation,mcf_drugs_l_raw,fixed,,mcf_drugs_l_raw_fixed,MCF drugs-L,mcf_drugs_l_raw_fixed,6,19,1,0.7,1,1,0,1.0,1000,1,999,0.001,"{""all_atoms_connected"":0,""bond_angles"":0,""bond_lengths"":0,""bonds"":0,""double_bond_stereochemistry"":0,""energy_ratio"":0,""file_loads"":0,""inchi_convertible"":0,""internal_steric_clash"":0,""molecular_formula"":0,""no_radicals"":0,""planar_aromatic_rings"":0,""planar_double_bonds"":0,""reference_file_loads"":0,""sanitisation"":0,""tetrahedral_chirality"":999}","{""all_atoms_connected"":0.0,""bond_angles"":0.0,""bond_lengths"":0.0,""bonds"":0.0,""double_bond_stereochemistry"":0.0,""energy_ratio"":0.0,""file_loads"":0.0,""inchi_convertible"":0.0,""internal_steric_clash"":0.0,""molecular_formula"":0.0,""no_radicals"":0.0,""planar_aromatic_rings"":0.0,""planar_double_bonds"":0.0,""reference_file_loads"":0.0,""sanitisation"":0.0,""tetrahedral_chirality"":0.999}",1,0.0,,,1.0,100.0,0.0,1.0,1.0,1.0,1.0,1.0,100.0,0.0,1.0,1.0,1.0,1.0,1.0,100.0,0.0,1.0,1.0,1.0,1.0,1.0,100.0,0.0,1.0,1.0,1.0,1.0,1,57.136990506465814,57.136990506465814,57.136990506465814,0.0,1.960584763704479,1.960584763704479,0.0,0.0,0.0,1.0,1.9536100887702552,1.9536100887702552,0.0,0.0,0.0,1.0,1000,0,0,0,0,0,1000,0,0,0,0,1,1000,1000,core
1nc3_1nc3_conf0,generation,mcf_drugs_l_raw,dynamic,,mcf_drugs_l_raw_dynamic,MCF drugs-L,mcf_drugs_l_raw_dynamic,6,19,0,0.7,0,0,0,,112,0,112,0.0,"{""all_atoms_connected"":0,""bond_angles"":0,""bond_lengths"":0,""bonds"":0,""double_bond_stereochemistry"":0,""energy_ratio"":0,""file_loads"":0,""inchi_convertible"":0,""internal_steric_clash"":0,""molecular_formula"":0,""no_radicals"":0,""planar_aromatic_rings"":0,""planar_double_bonds"":0,""reference_file_loads"":0,""sanitisation"":0,""tetrahedral_chirality"":112}","{""all_atoms_connected"":0.0,""bond_angles"":0.0,""bond_lengths"":0.0,""bonds"":0.0,""double_bond_stereochemistry"":0.0,""energy_ratio"":0.0,""file_loads"":0.0,""inchi_convertible"":0.0,""internal_steric_clash"":0.0,""molecular_formula"":0.0,""no_radicals"":0.0,""planar_aromatic_rings"":0.0,""planar_double_bonds"":0.0,""reference_file_loads"":0.0,""sanitisation"":0.0,""tetrahedral_chirality"":1.0}",0,,,,,,,,,,,,,,,,,,,,,,,,,,,,,,,,0,,,,,,,,,,,,,,,,,1000,0,0,0,0,0,112,0,0,0,0,0,112,112,core
1nc3_1nc3_conf0,generation,mcf_drugs_l_raw,chembl_count,,mcf_drugs_l_raw_chembl_count,MCF drugs-L,mcf_drugs_l_raw_chembl_count,6,19,1,0.7,1,1,0,1.0,1000,1,999,0.001,"{""all_atoms_connected"":0,""bond_angles"":0,""bond_lengths"":0,""bonds"":0,""double_bond_stereochemistry"":0,""energy_ratio"":0,""file_loads"":0,""inchi_convertible"":0,""internal_steric_clash"":0,""molecular_formula"":0,""no_radicals"":0,""planar_aromatic_rings"":0,""planar_double_bonds"":0,""reference_file_loads"":0,""sanitisation"":0,""tetrahedral_chirality"":999}","{""all_atoms_connected"":0.0,""bond_angles"":0.0,""bond_lengths"":0.0,""bonds"":0.0,""double_bond_stereochemistry"":0.0,""energy_ratio"":0.0,""file_loads"":0.0,""inchi_convertible"":0.0,""internal_steric_clash"":0.0,""molecular_formula"":0.0,""no_radicals"":0.0,""planar_aromatic_rings"":0.0,""planar_double_bonds"":0.0,""reference_file_loads"":0.0,""sanitisation"":0.0,""tetrahedral_chirality"":0.999}",1,0.0,,,1.0,100.0,0.0,1.0,1.0,1.0,1.0,1.0,100.0,0.0,1.0,1.0,1.0,1.0,1.0,100.0,0.0,1.0,1.0,1.0,1.0,1.0,100.0,0.0,1.0,1.0,1.0,1.0,1,57.136990506465814,57.136990506465814,57.136990506465814,0.0,1.960584763704479,1.960584763704479,0.0,0.0,0.0,1.0,1.9536100887702552,1.9536100887702552,0.0,0.0,0.0,1.0,1000,0,0,0,0,0,1000,0,0,0,0,1,1567,1567,core
1o3f_1o3f_conf0,generation,mcf_drugs_l_raw,fixed,,mcf_drugs_l_raw_fixed,MCF drugs-L,mcf_drugs_l_raw_fixed,4,25,1000,0.7,1000,1000,0,1.0,1000,1000,0,1.0,"{""all_atoms_connected"":0,""bond_angles"":0,""bond_lengths"":0,""bonds"":0,""double_bond_stereochemistry"":0,""energy_ratio"":0,""file_loads"":0,""inchi_convertible"":0,""internal_steric_clash"":0,""molecular_formula"":0,""no_radicals"":0,""planar_aromatic_rings"":0,""planar_double_bonds"":0,""reference_file_loads"":0,""sanitisation"":0,""tetrahedral_chirality"":0}","{""all_atoms_connected"":0.0,""bond_angles"":0.0,""bond_lengths"":0.0,""bonds"":0.0,""double_bond_stereochemistry"":0.0,""energy_ratio"":0.0,""file_loads"":0.0,""inchi_convertible"":0.0,""internal_steric_clash"":0.0,""molecular_formula"":0.0,""no_radicals"":0.0,""planar_aromatic_rings"":0.0,""planar_double_bonds"":0.0,""reference_file_loads"":0.0,""sanitisation"":0.0,""tetrahedral_chirality"":0.0}",1000,103.90380039267666,0.9530791400581513,1.468321202950243,15.0,1.5,0.795312514034033,0.215,8.617079425937842,0.13998400000000005,0.06666666666666667,3.0,0.3,0.8516256269346324,0.503,2.5487585031247315,0.423638,0.0,1.0,0.1,0.0,1.0,1.0,1.0,0.0,1.0,0.1,0.0,1.0,1.0,1.0,0.0,1000,42.09035453755946,1318.2142808381734,50.586885342081004,41.56908252041181,0.16040545862058783,0.7938085466779021,1.0,1.0,1.0,1.0,0.16787551386922597,0.7959182703911737,1.0,1.0,1.0,1.0,1000,0,0,0,0,0,1000,0,0,0,0,1000,1000,1000,core
1o3f_1o3f_conf0,generation,mcf_drugs_l_raw,dynamic,,mcf_drugs_l_raw_dynamic,MCF drugs-L,mcf_drugs_l_raw_dynamic,4,25,68,0.7,68,68,0,1.0,68,68,0,1.0,"{""all_atoms_connected"":0,""bond_angles"":0,""bond_lengths"":0,""bonds"":0,""double_bond_stereochemistry"":0,""energy_ratio"":0,""file_loads"":0,""inchi_convertible"":0,""internal_steric_clash"":0,""molecular_formula"":0,""no_radicals"":0,""planar_aromatic_rings"":0,""planar_double_bonds"":0,""reference_file_loads"":0,""sanitisation"":0,""tetrahedral_chirality"":0}","{""all_atoms_connected"":0.0,""bond_angles"":0.0,""bond_lengths"":0.0,""bonds"":0.0,""double_bond_stereochemistry"":0.0,""energy_ratio"":0.0,""file_loads"":0.0,""inchi_convertible"":0.0,""internal_steric_clash"":0.0,""molecular_formula"":0.0,""no_radicals"":0.0,""planar_aromatic_rings"":0.0,""planar_double_bonds"":0.0,""reference_file_loads"":0.0,""sanitisation"":0.0,""tetrahedral_chirality"":0.0}",68,103.12666071596882,0.9510046421018452,1.4586382760850745,8.0,11.764705882352942,0.868388178633222,0.3235294117647059,6.084608908406973,0.19550173010380625,0.125,2.0,2.9411764705882355,0.9975025463691153,0.5294117647058824,1.996540789103284,0.5017301038062284,0.0,1.0,1.4705882352941178,0.0,1.0,1.0,1.0,0.0,1.0,1.4705882352941178,0.0,1.0,1.0,1.0,0.0,68,43.49337874547365,57.33699210970775,50.337503739209495,3.675825601690518,0.16040545862058783,0.7661623440760488,1.0,1.0,1.0,1.0,0.16787551386922597,0.775744000675729,1.0,1.0,1.0,1.0,1000,0,0,0,0,0,68,0,0,0,0,68,68,68,core
1o3f_1o3f_conf0,generation,mcf_drugs_l_raw,chembl_count,,mcf_drugs_l_raw_chembl_count,MCF drugs-L,mcf_drugs_l_raw_chembl_count,4,25,31,0.7,31,31,0,1.0,31,31,0,1.0,"{""all_atoms_connected"":0,""bond_angles"":0,""bond_lengths"":0,""bonds"":0,""double_bond_stereochemistry"":0,""energy_ratio"":0,""file_loads"":0,""inchi_convertible"":0,""internal_steric_clash"":0,""molecular_formula"":0,""no_radicals"":0,""planar_aromatic_rings"":0,""planar_double_bonds"":0,""reference_file_loads"":0,""sanitisation"":0,""tetrahedral_chirality"":0}","{""all_atoms_connected"":0.0,""bond_angles"":0.0,""bond_lengths"":0.0,""bonds"":0.0,""double_bond_stereochemistry"":0.0,""energy_ratio"":0.0,""file_loads"":0.0,""inchi_convertible"":0.0,""internal_steric_clash"":0.0,""molecular_formula"":0.0,""no_radicals"":0.0,""planar_aromatic_rings"":0.0,""planar_double_bonds"":0.0,""reference_file_loads"":0.0,""sanitisation"":0.0,""tetrahedral_chirality"":0.0}",31,102.12060486520728,0.9571299374252209,1.4637067875493328,6.0,19.35483870967742,0.9119317683692388,0.2903225806451613,5.124138335678879,0.21331945889698228,0.16666666666666666,2.0,6.451612903225806,0.9629004147713268,0.6129032258064516,1.9492247075755442,0.5254942767950052,0.0,1.0,3.225806451612903,0.0,1.0,1.0,1.0,0.0,1.0,3.225806451612903,0.0,1.0,1.0,1.0,0.0,31,45.17264226198003,55.486870318430064,51.616938301178806,3.3658154228386437,0.20168946008137842,1.3122000690140028,1.0,1.0,1.0,1.0,0.22030569328026153,1.282698943038793,1.0,1.0,1.0,1.0,1000,0,0,0,0,0,31,0,0,0,0,31,31,31,core
1o5b_1o5b_conf0,generation,mcf_drugs_l_raw,fixed,,mcf_drugs_l_raw_fixed,MCF drugs-L,mcf_drugs_l_raw_fixed,1,13,1000,0.7,1000,1000,0,1.0,1000,1000,0,1.0,"{""all_atoms_connected"":0,""bond_angles"":0,""bond_lengths"":0,""bonds"":0,""double_bond_stereochemistry"":0,""energy_ratio"":0,""file_loads"":0,""inchi_convertible"":0,""internal_steric_clash"":0,""molecular_formula"":0,""no_radicals"":0,""planar_aromatic_rings"":0,""planar_double_bonds"":0,""reference_file_loads"":0,""sanitisation"":0,""tetrahedral_chirality"":0}","{""all_atoms_connected"":0.0,""bond_angles"":0.0,""bond_lengths"":0.0,""bonds"":0.0,""double_bond_stereochemistry"":0.0,""energy_ratio"":0.0,""file_loads"":0.0,""inchi_convertible"":0.0,""internal_steric_clash"":0.0,""molecular_formula"":0.0,""no_radicals"":0.0,""planar_aromatic_rings"":0.0,""planar_double_bonds"":0.0,""reference_file_loads"":0.0,""sanitisation"":0.0,""tetrahedral_chirality"":0.0}",1000,127.44288946190542,0.023739120828572314,0.034236612117928236,1.0,0.1,0.0,1.0,1.0,1.0,0.0,1.0,0.1,0.0,1.0,1.0,1.0,0.0,1.0,0.1,0.0,1.0,1.0,1.0,0.0,1.0,0.1,0.0,1.0,1.0,1.0,0.0,1000,-1.527687113854837,6.932927662899644,1.319292372442157,1.081210674957148,0.06273819211132702,0.08004424764637633,1.0,1.0,1.0,1.0,0.13343713708054897,0.14698283220729474,1.0,1.0,1.0,1.0,1000,0,0,0,0,0,1000,0,0,0,0,1000,1000,1000,core
1o5b_1o5b_conf0,generation,mcf_drugs_l_raw,dynamic,,mcf_drugs_l_raw_dynamic,MCF drugs-L,mcf_drugs_l_raw_dynamic,1,13,2,0.7,2,2,0,1.0,2,2,0,1.0,"{""all_atoms_connected"":0,""bond_angles"":0,""bond_lengths"":0,""bonds"":0,""double_bond_stereochemistry"":0,""energy_ratio"":0,""file_loads"":0,""inchi_convertible"":0,""internal_steric_clash"":0,""molecular_formula"":0,""no_radicals"":0,""planar_aromatic_rings"":0,""planar_double_bonds"":0,""reference_file_loads"":0,""sanitisation"":0,""tetrahedral_chirality"":0}","{""all_atoms_connected"":0.0,""bond_angles"":0.0,""bond_lengths"":0.0,""bonds"":0.0,""double_bond_stereochemistry"":0.0,""energy_ratio"":0.0,""file_loads"":0.0,""inchi_convertible"":0.0,""internal_steric_clash"":0.0,""molecular_formula"":0.0,""no_radicals"":0.0,""planar_aromatic_rings"":0.0,""planar_double_bonds"":0.0,""reference_file_loads"":0.0,""sanitisation"":0.0,""tetrahedral_chirality"":0.0}",2,45.761449908905156,0.026745207812498274,0.026745207812498274,1.0,50.0,0.0,1.0,1.0,1.0,0.0,1.0,50.0,0.0,1.0,1.0,1.0,0.0,1.0,50.0,0.0,1.0,1.0,1.0,0.0,1.0,50.0,0.0,1.0,1.0,1.0,0.0,2,1.2361155692000665,1.9405850416952468,1.5883503054476567,0.35223473624759016,0.08163155158830541,0.0837354999510498,1.0,1.0,1.0,1.0,0.1477349426342459,0.15040598703835537,1.0,1.0,1.0,1.0,1000,0,0,0,0,0,2,0,0,0,0,2,2,2,core
1o5b_1o5b_conf0,generation,mcf_drugs_l_raw,chembl_count,,mcf_drugs_l_raw_chembl_count,MCF drugs-L,mcf_drugs_l_raw_chembl_count,1,13,1,0.7,1,1,0,1.0,1,1,0,1.0,"{""all_atoms_connected"":0,""bond_angles"":0,""bond_lengths"":0,""bonds"":0,""double_bond_stereochemistry"":0,""energy_ratio"":0,""file_loads"":0,""inchi_convertible"":0,""internal_steric_clash"":0,""molecular_formula"":0,""no_radicals"":0,""planar_aromatic_rings"":0,""planar_double_bonds"":0,""reference_file_loads"":0,""sanitisation"":0,""tetrahedral_chirality"":0}","{""all_atoms_connected"":0.0,""bond_angles"":0.0,""bond_lengths"":0.0,""bonds"":0.0,""double_bond_stereochemistry"":0.0,""energy_ratio"":0.0,""file_loads"":0.0,""inchi_convertible"":0.0,""internal_steric_clash"":0.0,""molecular_formula"":0.0,""no_radicals"":0.0,""planar_aromatic_rings"":0.0,""planar_double_bonds"":0.0,""reference_file_loads"":0.0,""sanitisation"":0.0,""tetrahedral_chirality"":0.0}",1,0.0,,,1.0,100.0,0.0,1.0,1.0,1.0,1.0,1.0,100.0,0.0,1.0,1.0,1.0,1.0,1.0,100.0,0.0,1.0,1.0,1.0,1.0,1.0,100.0,0.0,1.0,1.0,1.0,1.0,1,-0.17601423395599092,-0.17601423395599092,-0.17601423395599092,0.0,0.07898665312082691,0.07898665312082691,1.0,1.0,1.0,1.0,0.14739402565105253,0.14739402565105253,1.0,1.0,1.0,1.0,1000,0,0,0,0,0,1,0,0,0,0,1,1,1,core
1owh_1owh_conf0,generation,mcf_drugs_l_raw,fixed,,mcf_drugs_l_raw_fixed,MCF drugs-L,mcf_drugs_l_raw_fixed,5,24,990,0.7,990,987,3,0.996969696969697,1000,990,10,0.99,"{""all_atoms_connected"":0,""bond_angles"":0,""bond_lengths"":0,""bonds"":0,""double_bond_stereochemistry"":0,""energy_ratio"":1,""file_loads"":0,""inchi_convertible"":0,""internal_steric_clash"":9,""molecular_formula"":0,""no_radicals"":0,""planar_aromatic_rings"":0,""planar_double_bonds"":0,""reference_file_loads"":0,""sanitisation"":0,""tetrahedral_chirality"":0}","{""all_atoms_connected"":0.0,""bond_angles"":0.0,""bond_lengths"":0.0,""bonds"":0.0,""double_bond_stereochemistry"":0.0,""energy_ratio"":0.001,""file_loads"":0.0,""inchi_convertible"":0.0,""internal_steric_clash"":0.009,""molecular_formula"":0.0,""no_radicals"":0.0,""planar_aromatic_rings"":0.0,""planar_double_bonds"":0.0,""reference_file_loads"":0.0,""sanitisation"":0.0,""tetrahedral_chirality"":0.0}",990,115.91397001652305,1.4158327224015217,2.375782539860266,24.0,2.4242424242424243,0.8662340875958845,0.10404040404040404,15.688666301833008,0.07159065401489645,0.125,9.0,0.9090909090909091,0.7492524117444628,0.35858585858585856,5.187624128797203,0.24309356188144066,0.1111111111111111,3.0,0.30303030303030304,0.6832887899796929,0.692929292929293,2.118417740869934,0.5493684317926742,0.0,2.0,0.20202020202020202,0.73974144872329,0.7909090909090909,1.6698765466356662,0.6692561983471075,0.0,990,46.50296084695825,249.54120355178543,51.837120231748955,11.389852785940638,0.17251440217089334,1.071632997268272,1.0,1.0,1.0,1.0,0.27238486246055943,1.1015432378951533,0.0,1.0,1.0,1.0,1000,0,0,0,0,0,1000,0,0,0,0,990,1000,1000,core
1owh_1owh_conf0,generation,mcf_drugs_l_raw,dynamic,,mcf_drugs_l_raw_dynamic,MCF drugs-L,mcf_drugs_l_raw_dynamic,5,24,89,0.7,89,88,1,0.9887640449438202,90,89,1,0.9888888888888888,"{""all_atoms_connected"":0,""bond_angles"":0,""bond_lengths"":0,""bonds"":0,""double_bond_stereochemistry"":0,""energy_ratio"":0,""file_loads"":0,""inchi_convertible"":0,""internal_steric_clash"":1,""molecular_formula"":0,""no_radicals"":0,""planar_aromatic_rings"":0,""planar_double_bonds"":0,""reference_file_loads"":0,""sanitisation"":0,""tetrahedral_chirality"":0}","{""all_atoms_connected"":0.0,""bond_angles"":0.0,""bond_lengths"":0.0,""bonds"":0.0,""double_bond_stereochemistry"":0.0,""energy_ratio"":0.0,""file_loads"":0.0,""inchi_convertible"":0.0,""internal_steric_clash"":0.011111111111111112,""molecular_formula"":0.0,""no_radicals"":0.0,""planar_aromatic_rings"":0.0,""planar_double_bonds"":0.0,""reference_file_loads"":0.0,""sanitisation"":0.0,""tetrahedral_chirality"":0.0}",89,117.50851859631919,1.4428277964667602,2.340384341262971,17.0,19.10112359550562,0.9254009605992705,0.1348314606741573,13.761273101990549,0.0821865926019442,0.17647058823529413,7.0,7.865168539325842,0.7317529625717051,0.42696629213483145,4.153392692277028,0.2980684257038253,0.2857142857142857,3.0,3.3707865168539324,0.5731142044569651,0.7303370786516854,1.8769165696214976,0.6003029920464588,0.3333333333333333,2.0,2.247191011235955,0.4725472219330293,0.898876404494382,1.387557177175201,0.8182047721247316,0.0,89,46.79295418336655,120.4344294752563,51.30235435742159,11.015045645608923,0.2957471732589931,1.0235596127981932,0.0,1.0,1.0,1.0,0.29917228215991365,1.0649969500732517,0.0,1.0,1.0,1.0,1000,0,0,0,0,0,90,0,0,0,0,89,90,90,core
1owh_1owh_conf0,generation,mcf_drugs_l_raw,chembl_count,,mcf_drugs_l_raw_chembl_count,MCF drugs-L,mcf_drugs_l_raw_chembl_count,5,24,12,0.7,12,12,0,1.0,12,12,0,1.0,"{""all_atoms_connected"":0,""bond_angles"":0,""bond_lengths"":0,""bonds"":0,""double_bond_stereochemistry"":0,""energy_ratio"":0,""file_loads"":0,""inchi_convertible"":0,""internal_steric_clash"":0,""molecular_formula"":0,""no_radicals"":0,""planar_aromatic_rings"":0,""planar_double_bonds"":0,""reference_file_loads"":0,""sanitisation"":0,""tetrahedral_chirality"":0}","{""all_atoms_connected"":0.0,""bond_angles"":0.0,""bond_lengths"":0.0,""bonds"":0.0,""double_bond_stereochemistry"":0.0,""energy_ratio"":0.0,""file_loads"":0.0,""inchi_convertible"":0.0,""internal_steric_clash"":0.0,""molecular_formula"":0.0,""no_radicals"":0.0,""planar_aromatic_rings"":0.0,""planar_double_bonds"":0.0,""reference_file_loads"":0.0,""sanitisation"":0.0,""tetrahedral_chirality"":0.0}",12,114.92443681768661,1.191920832892863,2.123412895434897,8.0,66.66666666666667,0.9517961807358447,0.25,7.236983800357897,0.1527777777777778,0.625,4.0,33.333333333333336,0.7091479170272448,0.6666666666666666,2.672696154421018,0.48611111111111105,0.5,2.0,16.666666666666668,0.6500224216483541,0.8333333333333334,1.5691925832141966,0.7222222222222223,0.0,1.0,8.333333333333334,0.0,1.0,1.0,1.0,0.0,12,49.04333077768554,68.68616879892343,50.73888703428487,6.687146144137599,0.2979491983160378,0.8711641237716434,0.0,1.0,1.0,1.0,0.31170724101965475,0.7585637499235673,0.0,1.0,1.0,1.0,1000,0,0,0,0,0,12,0,0,0,0,12,12,12,core
1p1n_1p1n_conf0,generation,mcf_drugs_l_raw,fixed,,mcf_drugs_l_raw_fixed,MCF drugs-L,mcf_drugs_l_raw_fixed,4,15,284,0.7,284,284,0,1.0,1000,284,716,0.284,"{""all_atoms_connected"":0,""bond_angles"":2,""bond_lengths"":1,""bonds"":0,""double_bond_stereochemistry"":0,""energy_ratio"":84,""file_loads"":0,""inchi_convertible"":0,""internal_steric_clash"":1,""molecular_formula"":0,""no_radicals"":0,""planar_aromatic_rings"":0,""planar_double_bonds"":0,""reference_file_loads"":0,""sanitisation"":0,""tetrahedral_chirality"":689}","{""all_atoms_connected"":0.0,""bond_angles"":0.002,""bond_lengths"":0.001,""bonds"":0.0,""double_bond_stereochemistry"":0.0,""energy_ratio"":0.084,""file_loads"":0.0,""inchi_convertible"":0.0,""internal_steric_clash"":0.001,""molecular_formula"":0.0,""no_radicals"":0.0,""planar_aromatic_rings"":0.0,""planar_double_bonds"":0.0,""reference_file_loads"":0.0,""sanitisation"":0.0,""tetrahedral_chirality"":0.689}",284,111.8184178240305,1.2885212092692289,1.734569813649442,76.0,26.760563380281692,0.852049441671441,0.11971830985915492,40.044803893836836,0.04235270779607221,0.5131578947368421,20.0,7.042253521126761,0.8082960045002666,0.19014084507042253,11.2620473053844,0.11252727633406069,0.2,1.0,0.352112676056338,0.0,1.0,1.0,1.0,0.0,1.0,0.352112676056338,0.0,1.0,1.0,1.0,0.0,284,7.881326301661101,13822.415030754664,39.975296701246464,1139.5182963596128,0.2671239106733602,1.2398908253803789,0.0,1.0,1.0,1.0,0.22474280721904744,1.217274146832411,1.0,1.0,1.0,1.0,1000,0,0,0,0,0,1000,0,0,0,0,284,1000,1000,core
1p1n_1p1n_conf0,generation,mcf_drugs_l_raw,dynamic,,mcf_drugs_l_raw_dynamic,MCF drugs-L,mcf_drugs_l_raw_dynamic,4,15,18,0.7,18,18,0,1.0,68,18,50,0.2647058823529412,"{""all_atoms_connected"":0,""bond_angles"":0,""bond_lengths"":0,""bonds"":0,""double_bond_stereochemistry"":0,""energy_ratio"":5,""file_loads"":0,""inchi_convertible"":0,""internal_steric_clash"":0,""molecular_formula"":0,""no_radicals"":0,""planar_aromatic_rings"":0,""planar_double_bonds"":0,""reference_file_loads"":0,""sanitisation"":0,""tetrahedral_chirality"":47}","{""all_atoms_connected"":0.0,""bond_angles"":0.0,""bond_lengths"":0.0,""bonds"":0.0,""double_bond_stereochemistry"":0.0,""energy_ratio"":0.07352941176470588,""file_loads"":0.0,""inchi_convertible"":0.0,""internal_steric_clash"":0.0,""molecular_formula"":0.0,""no_radicals"":0.0,""planar_aromatic_rings"":0.0,""planar_double_bonds"":0.0,""reference_file_loads"":0.0,""sanitisation"":0.0,""tetrahedral_chirality"":0.6911764705882353}",18,100.97096236560556,1.2596484429965595,1.7865855332187421,10.0,55.55555555555556,0.9146984068535835,0.2777777777777778,8.216718467867224,0.14814814814814814,0.6,6.0,33.333333333333336,0.754029454868228,0.5555555555555556,3.861437084358725,0.3580246913580248,0.5,1.0,5.555555555555555,0.0,1.0,1.0,1.0,0.0,1.0,5.555555555555555,0.0,1.0,1.0,1.0,0.0,18,9.640198459226372,13822.415030754664,24.680365523068417,3159.4660438292926,0.860224752816213,1.199761884846467,0.0,0.0,0.0,1.0,0.8069899366749168,1.1834866508932542,0.0,0.0,0.0,1.0,1000,0,0,0,0,0,68,0,0,0,0,18,68,68,core
1p1n_1p1n_conf0,generation,mcf_drugs_l_raw,chembl_count,,mcf_drugs_l_raw_chembl_count,MCF drugs-L,mcf_drugs_l_raw_chembl_count,4,15,6,0.7,6,6,0,1.0,23,6,17,0.2608695652173913,"{""all_atoms_connected"":0,""bond_angles"":0,""bond_lengths"":0,""bonds"":0,""double_bond_stereochemistry"":0,""energy_ratio"":3,""file_loads"":0,""inchi_convertible"":0,""internal_steric_clash"":0,""molecular_formula"":0,""no_radicals"":0,""planar_aromatic_rings"":0,""planar_double_bonds"":0,""reference_file_loads"":0,""sanitisation"":0,""tetrahedral_chirality"":16}","{""all_atoms_connected"":0.0,""bond_angles"":0.0,""bond_lengths"":0.0,""bonds"":0.0,""double_bond_stereochemistry"":0.0,""energy_ratio"":0.13043478260869565,""file_loads"":0.0,""inchi_convertible"":0.0,""internal_steric_clash"":0.0,""molecular_formula"":0.0,""no_radicals"":0.0,""planar_aromatic_rings"":0.0,""planar_double_bonds"":0.0,""reference_file_loads"":0.0,""sanitisation"":0.0,""tetrahedral_chirality"":0.6956521739130435}",6,103.7299618838229,1.014152946957126,1.2714389772986148,5.0,83.33333333333333,0.9697238998682473,0.3333333333333333,4.762203155904597,0.2222222222222222,0.8,2.0,33.333333333333336,0.9182958340544894,0.6666666666666666,1.8898815748423097,0.5555555555555556,0.0,1.0,16.666666666666668,0.0,1.0,1.0,1.0,0.0,1.0,16.666666666666668,0.0,1.0,1.0,1.0,0.0,6,14.277365734670951,49.88619754713322,40.59729808111585,12.702768494758748,0.730455008371044,1.1632216653759253,0.0,0.0,1.0,1.0,0.681396311188884,1.1887522201831429,0.0,0.0,1.0,1.0,1000,0,0,0,0,0,23,0,0,0,0,6,23,23,core
1pxn_1pxn_conf0,generation,mcf_drugs_l_raw,fixed,,mcf_drugs_l_raw_fixed,MCF drugs-L,mcf_drugs_l_raw_fixed,5,22,1000,0.7,1000,1000,0,1.0,1000,1000,0,1.0,"{""all_atoms_connected"":0,""bond_angles"":0,""bond_lengths"":0,""bonds"":0,""double_bond_stereochemistry"":0,""energy_ratio"":0,""file_loads"":0,""inchi_convertible"":0,""internal_steric_clash"":0,""molecular_formula"":0,""no_radicals"":0,""planar_aromatic_rings"":0,""planar_double_bonds"":0,""reference_file_loads"":0,""sanitisation"":0,""tetrahedral_chirality"":0}","{""all_atoms_connected"":0.0,""bond_angles"":0.0,""bond_lengths"":0.0,""bonds"":0.0,""double_bond_stereochemistry"":0.0,""energy_ratio"":0.0,""file_loads"":0.0,""inchi_convertible"":0.0,""internal_steric_clash"":0.0,""molecular_formula"":0.0,""no_radicals"":0.0,""planar_aromatic_rings"":0.0,""planar_double_bonds"":0.0,""reference_file_loads"":0.0,""sanitisation"":0.0,""tetrahedral_chirality"":0.0}",1000,123.28872717837496,1.4529865009487604,2.464610075487837,11.0,1.1,0.8548321464422433,0.197,7.766331861320929,0.14062200000000002,0.18181818181818182,6.0,0.6,0.7445657467924389,0.378,3.7965119119438886,0.2813839999999999,0.3333333333333333,2.0,0.2,0.9958294764724047,0.538,1.9942267753514737,0.502888,0.0,1.0,0.1,0.0,1.0,1.0,1.0,0.0,1000,-81.6677069101275,-66.61145178698914,-76.79512179642737,2.235988077973623,0.13649049227859392,1.84331074018653,1.0,1.0,1.0,1.0,0.1754937211786818,1.7762232102336846,1.0,1.0,1.0,1.0,1000,0,0,0,0,0,1000,0,0,0,0,1000,1000,1000,core
1pxn_1pxn_conf0,generation,mcf_drugs_l_raw,dynamic,,mcf_drugs_l_raw_dynamic,MCF drugs-L,mcf_drugs_l_raw_dynamic,5,22,90,0.7,90,90,0,1.0,90,90,0,1.0,"{""all_atoms_connected"":0,""bond_angles"":0,""bond_lengths"":0,""bonds"":0,""double_bond_stereochemistry"":0,""energy_ratio"":0,""file_loads"":0,""inchi_convertible"":0,""internal_steric_clash"":0,""molecular_formula"":0,""no_radicals"":0,""planar_aromatic_rings"":0,""planar_double_bonds"":0,""reference_file_loads"":0,""sanitisation"":0,""tetrahedral_chirality"":0}","{""all_atoms_connected"":0.0,""bond_angles"":0.0,""bond_lengths"":0.0,""bonds"":0.0,""double_bond_stereochemistry"":0.0,""energy_ratio"":0.0,""file_loads"":0.0,""inchi_convertible"":0.0,""internal_steric_clash"":0.0,""molecular_formula"":0.0,""no_radicals"":0.0,""planar_aromatic_rings"":0.0,""planar_double_bonds"":0.0,""reference_file_loads"":0.0,""sanitisation"":0.0,""tetrahedral_chirality"":0.0}",90,125.34778653744506,1.421018067536008,2.0810858880881176,6.0,6.666666666666667,0.9555337130153166,0.24444444444444444,5.540510133958269,0.18987654320987657,0.0,4.0,4.444444444444445,0.926736237030698,0.4111111111111111,3.613689308636158,0.3009876543209876,0.0,2.0,2.2222222222222223,0.9480782435939054,0.6333333333333333,1.9293010006713525,0.5355555555555556,0.0,1.0,1.1111111111111112,0.0,1.0,1.0,1.0,0.0,90,-81.32358385904153,-70.48783821167571,-77.02382645578194,2.397839151653469,0.14041930970530506,1.8419482689687467,1.0,1.0,1.0,1.0,0.18172562116856433,1.7762232102336846,1.0,1.0,1.0,1.0,1000,0,0,0,0,0,90,0,0,0,0,90,90,90,core
1pxn_1pxn_conf0,generation,mcf_drugs_l_raw,chembl_count,,mcf_drugs_l_raw_chembl_count,MCF drugs-L,mcf_drugs_l_raw_chembl_count,5,22,200,0.7,200,200,0,1.0,200,200,0,1.0,"{""all_atoms_connected"":0,""bond_angles"":0,""bond_lengths"":0,""bonds"":0,""double_bond_stereochemistry"":0,""energy_ratio"":0,""file_loads"":0,""inchi_convertible"":0,""internal_steric_clash"":0,""molecular_formula"":0,""no_radicals"":0,""planar_aromatic_rings"":0,""planar_double_bonds"":0,""reference_file_loads"":0,""sanitisation"":0,""tetrahedral_chirality"":0}","{""all_atoms_connected"":0.0,""bond_angles"":0.0,""bond_lengths"":0.0,""bonds"":0.0,""double_bond_stereochemistry"":0.0,""energy_ratio"":0.0,""file_loads"":0.0,""inchi_convertible"":0.0,""internal_steric_clash"":0.0,""molecular_formula"":0.0,""no_radicals"":0.0,""planar_aromatic_rings"":0.0,""planar_double_bonds"":0.0,""reference_file_loads"":0.0,""sanitisation"":0.0,""tetrahedral_chirality"":0.0}",200,122.37410427690008,1.48083721183404,2.4827176908012216,8.0,4.0,0.8761842179362506,0.2,6.184052871297341,0.16815,0.25,6.0,3.0,0.7701862827444175,0.34,3.974856175457532,0.27135000000000004,0.3333333333333333,2.0,1.0,0.9858150371789199,0.57,1.980431823440003,0.5097999999999999,0.0,1.0,0.5,0.0,1.0,1.0,1.0,0.0,200,-81.57163087948432,-72.10802293536241,-76.55440097460823,2.118302103341867,0.1381898242408538,1.8397699486530006,1.0,1.0,1.0,1.0,0.18388377104546735,1.7712553242288105,1.0,1.0,1.0,1.0,1000,0,0,0,0,0,200,0,0,0,0,200,200,200,core
1sqa_1sqa_conf0,generation,mcf_drugs_l_raw,fixed,,mcf_drugs_l_raw_fixed,MCF drugs-L,mcf_drugs_l_raw_fixed,7,31,276,0.7,276,165,111,0.5978260869565217,1000,276,724,0.276,"{""all_atoms_connected"":0,""bond_angles"":3,""bond_lengths"":3,""bonds"":0,""double_bond_stereochemistry"":0,""energy_ratio"":14,""file_loads"":0,""inchi_convertible"":0,""internal_steric_clash"":723,""molecular_formula"":0,""no_radicals"":0,""planar_aromatic_rings"":2,""planar_double_bonds"":0,""reference_file_loads"":0,""sanitisation"":0,""tetrahedral_chirality"":0}","{""all_atoms_connected"":0.0,""bond_angles"":0.003,""bond_lengths"":0.003,""bonds"":0.0,""double_bond_stereochemistry"":0.0,""energy_ratio"":0.014,""file_loads"":0.0,""inchi_convertible"":0.0,""internal_steric_clash"":0.723,""molecular_formula"":0.0,""no_radicals"":0.0,""planar_aromatic_rings"":0.002,""planar_double_bonds"":0.0,""reference_file_loads"":0.0,""sanitisation"":0.0,""tetrahedral_chirality"":0.0}",276,102.78955705729896,2.318145365564256,3.4448749808886836,56.0,20.28985507246377,0.8888578971541456,0.11956521739130435,35.80063530263044,0.040668977105650074,0.25,24.0,8.695652173913043,0.8522542042509723,0.17391304347826086,15.006894641266557,0.08588006721277042,0.25,5.0,1.8115942028985508,0.8609882731563906,0.358695652173913,3.9976519208909522,0.26724952741020797,0.0,3.0,1.0869565217391304,0.7466772774541477,0.5579710144927537,2.271201150371608,0.47466393614786817,0.0,276,-3.578710507770502,43070.83314047438,33.96037930612104,2588.6019007410823,0.8870993409533446,2.992734863684815,0.0,0.0,0.0,1.0,0.8182409176681577,3.0643794072605144,0.0,0.0,0.0,1.0,1000,0,0,0,0,0,1000,0,0,0,0,276,1000,1000,core
1sqa_1sqa_conf0,generation,mcf_drugs_l_raw,dynamic,,mcf_drugs_l_raw_dynamic,MCF drugs-L,mcf_drugs_l_raw_dynamic,7,31,33,0.7,33,19,14,0.5757575757575758,134,33,101,0.2462686567164179,"{""all_atoms_connected"":0,""bond_angles"":1,""bond_lengths"":1,""bonds"":0,""double_bond_stereochemistry"":0,""energy_ratio"":1,""file_loads"":0,""inchi_convertible"":0,""internal_steric_clash"":101,""molecular_formula"":0,""no_radicals"":0,""planar_aromatic_rings"":1,""planar_double_bonds"":0,""reference_file_loads"":0,""sanitisation"":0,""tetrahedral_chirality"":0}","{""all_atoms_connected"":0.0,""bond_angles"":0.007462686567164179,""bond_lengths"":0.007462686567164179,""bonds"":0.0,""double_bond_stereochemistry"":0.0,""energy_ratio"":0.007462686567164179,""file_loads"":0.0,""inchi_convertible"":0.0,""internal_steric_clash"":0.753731343283582,""molecular_formula"":0.0,""no_radicals"":0.0,""planar_aromatic_rings"":0.007462686567164179,""planar_double_bonds"":0.0,""reference_file_loads"":0.0,""sanitisation"":0.0,""tetrahedral_chirality"":0.0}",33,105.64917926368825,2.3171200798221254,3.3854487960558064,20.0,60.60606060606061,0.9496705325373581,0.12121212121212122,17.200847632515927,0.06703397612488524,0.65,14.0,42.42424242424242,0.9409712087292339,0.15151515151515152,11.980459713364953,0.09458218549127642,0.35714285714285715,5.0,15.151515151515152,0.8898603936421798,0.36363636363636365,4.187797981167545,0.2598714416896235,0.2,2.0,6.0606060606060606,0.9993375041688846,0.5151515151515151,1.9990817966039618,0.5004591368227732,0.0,33,-1.5880136127655646,198.94573340928503,40.74344026363649,38.85216060630404,0.887694571827319,2.962762093820679,0.0,0.0,0.0,1.0,0.8246511842730211,3.0552711425673524,0.0,0.0,0.0,1.0,1000,0,0,0,0,0,134,0,0,0,0,33,134,134,core
1sqa_1sqa_conf0,generation,mcf_drugs_l_raw,chembl_count,,mcf_drugs_l_raw_chembl_count,MCF drugs-L,mcf_drugs_l_raw_chembl_count,7,31,64,0.7,64,42,22,0.65625,200,64,136,0.32,"{""all_atoms_connected"":0,""bond_angles"":0,""bond_lengths"":0,""bonds"":0,""double_bond_stereochemistry"":0,""energy_ratio"":3,""file_loads"":0,""inchi_convertible"":0,""internal_steric_clash"":135,""molecular_formula"":0,""no_radicals"":0,""planar_aromatic_rings"":0,""planar_double_bonds"":0,""reference_file_loads"":0,""sanitisation"":0,""tetrahedral_chirality"":0}","{""all_atoms_connected"":0.0,""bond_angles"":0.0,""bond_lengths"":0.0,""bonds"":0.0,""double_bond_stereochemistry"":0.0,""energy_ratio"":0.015,""file_loads"":0.0,""inchi_convertible"":0.0,""internal_steric_clash"":0.675,""molecular_formula"":0.0,""no_radicals"":0.0,""planar_aromatic_rings"":0.0,""planar_double_bonds"":0.0,""reference_file_loads"":0.0,""sanitisation"":0.0,""tetrahedral_chirality"":0.0}",64,104.25410842451613,2.290493407323881,3.3913965032034614,26.0,40.625,0.928210513182853,0.140625,20.57752497475271,0.06103515625,0.34615384615384615,14.0,21.875,0.8728326775445635,0.21875,10.00870761100159,0.12890625,0.07142857142857142,4.0,6.25,0.946201234731013,0.390625,3.7125294479023987,0.28662109375,0.0,2.0,3.125,0.9971803988942641,0.53125,1.9960950200730567,0.501953125,0.0,64,-2.703618607363076,155.89131472744123,27.683797554108214,29.156136199985166,0.9980007089380768,2.864767652784473,0.0,0.0,0.0,1.0,0.9335085668321121,2.95703600756734,0.0,0.0,0.0,1.0,1000,0,0,0,0,0,200,0,0,0,0,64,200,200,core
1uto_1uto_conf0,generation,mcf_drugs_l_raw,fixed,,mcf_drugs_l_raw_fixed,MCF drugs-L,mcf_drugs_l_raw_fixed,3,9,999,0.7,999,999,0,1.0,1000,999,1,0.999,"{""all_atoms_connected"":0,""bond_angles"":0,""bond_lengths"":0,""bonds"":0,""double_bond_stereochemistry"":0,""energy_ratio"":1,""file_loads"":0,""inchi_convertible"":0,""internal_steric_clash"":0,""molecular_formula"":0,""no_radicals"":0,""planar_aromatic_rings"":0,""planar_double_bonds"":0,""reference_file_loads"":0,""sanitisation"":0,""tetrahedral_chirality"":0}","{""all_atoms_connected"":0.0,""bond_angles"":0.0,""bond_lengths"":0.0,""bonds"":0.0,""double_bond_stereochemistry"":0.0,""energy_ratio"":0.001,""file_loads"":0.0,""inchi_convertible"":0.0,""internal_steric_clash"":0.0,""molecular_formula"":0.0,""no_radicals"":0.0,""planar_aromatic_rings"":0.0,""planar_double_bonds"":0.0,""reference_file_loads"":0.0,""sanitisation"":0.0,""tetrahedral_chirality"":0.0}",999,91.51942171950382,0.4331077875544654,0.7208293231723748,4.0,0.4004004004004004,0.7649120520967744,0.47347347347347346,2.887506319954657,0.3909084259434609,0.0,1.0,0.1001001001001001,0.0,1.0,1.0,1.0,0.0,1.0,0.1001001001001001,0.0,1.0,1.0,1.0,0.0,1.0,0.1001001001001001,0.0,1.0,1.0,1.0,0.0,999,29.127519801517046,279.06307393966966,37.148864692971934,8.655449530652243,0.1435685046845173,0.7302681644983678,1.0,1.0,1.0,1.0,0.19983397575461898,0.7881903115698038,1.0,1.0,1.0,1.0,1000,0,0,0,0,0,1000,0,0,0,0,999,1000,1000,core
1uto_1uto_conf0,generation,mcf_drugs_l_raw,dynamic,,mcf_drugs_l_raw_dynamic,MCF drugs-L,mcf_drugs_l_raw_dynamic,3,9,46,0.7,46,46,0,1.0,46,46,0,1.0,"{""all_atoms_connected"":0,""bond_angles"":0,""bond_lengths"":0,""bonds"":0,""double_bond_stereochemistry"":0,""energy_ratio"":0,""file_loads"":0,""inchi_convertible"":0,""internal_steric_clash"":0,""molecular_formula"":0,""no_radicals"":0,""planar_aromatic_rings"":0,""planar_double_bonds"":0,""reference_file_loads"":0,""sanitisation"":0,""tetrahedral_chirality"":0}","{""all_atoms_connected"":0.0,""bond_angles"":0.0,""bond_lengths"":0.0,""bonds"":0.0,""double_bond_stereochemistry"":0.0,""energy_ratio"":0.0,""file_loads"":0.0,""inchi_convertible"":0.0,""internal_steric_clash"":0.0,""molecular_formula"":0.0,""no_radicals"":0.0,""planar_aromatic_rings"":0.0,""planar_double_bonds"":0.0,""reference_file_loads"":0.0,""sanitisation"":0.0,""tetrahedral_chirality"":0.0}",46,92.27963127276716,0.4551869427745701,0.8097402905882369,4.0,8.695652173913043,0.8046918105667776,0.45652173913043476,3.0512145346212822,0.3733459357277883,0.0,1.0,2.1739130434782608,0.0,1.0,1.0,1.0,0.0,1.0,2.1739130434782608,0.0,1.0,1.0,1.0,0.0,1.0,2.1739130434782608,0.0,1.0,1.0,1.0,0.0,46,31.56011995807721,45.7437060666537,37.81611301484442,3.4310928767217876,0.17179176015100112,0.7170981929200326,1.0,1.0,1.0,1.0,0.2266534653442266,0.767929016387457,1.0,1.0,1.0,1.0,1000,0,0,0,0,0,46,0,0,0,0,46,46,46,core
1uto_1uto_conf0,generation,mcf_drugs_l_raw,chembl_count,,mcf_drugs_l_raw_chembl_count,MCF drugs-L,mcf_drugs_l_raw_chembl_count,3,9,7,0.7,7,7,0,1.0,7,7,0,1.0,"{""all_atoms_connected"":0,""bond_angles"":0,""bond_lengths"":0,""bonds"":0,""double_bond_stereochemistry"":0,""energy_ratio"":0,""file_loads"":0,""inchi_convertible"":0,""internal_steric_clash"":0,""molecular_formula"":0,""no_radicals"":0,""planar_aromatic_rings"":0,""planar_double_bonds"":0,""reference_file_loads"":0,""sanitisation"":0,""tetrahedral_chirality"":0}","{""all_atoms_connected"":0.0,""bond_angles"":0.0,""bond_lengths"":0.0,""bonds"":0.0,""double_bond_stereochemistry"":0.0,""energy_ratio"":0.0,""file_loads"":0.0,""inchi_convertible"":0.0,""internal_steric_clash"":0.0,""molecular_formula"":0.0,""no_radicals"":0.0,""planar_aromatic_rings"":0.0,""planar_double_bonds"":0.0,""reference_file_loads"":0.0,""sanitisation"":0.0,""tetrahedral_chirality"":0.0}",7,83.06746476485087,0.3764194798797566,0.5126998945594643,2.0,28.571428571428573,0.8631205685666311,0.7142857142857143,1.8189685116531733,0.5918367346938775,0.0,1.0,14.285714285714286,0.0,1.0,1.0,1.0,0.0,1.0,14.285714285714286,0.0,1.0,1.0,1.0,0.0,1.0,14.285714285714286,0.0,1.0,1.0,1.0,0.0,7,35.22590989750101,40.72997911785612,37.462521179233754,1.6913984500346815,0.695922145116818,0.7489827462298471,0.0,0.0,1.0,1.0,0.7257151440321552,0.8218015730348406,0.0,0.0,1.0,1.0,1000,0,0,0,0,0,7,0,0,0,0,7,7,7,core
1yc1_1yc1_conf0,generation,mcf_drugs_l_raw,fixed,,mcf_drugs_l_raw_fixed,MCF drugs-L,mcf_drugs_l_raw_fixed,6,27,1000,0.7,1000,1000,0,1.0,1000,1000,0,1.0,"{""all_atoms_connected"":0,""bond_angles"":0,""bond_lengths"":0,""bonds"":0,""double_bond_stereochemistry"":0,""energy_ratio"":0,""file_loads"":0,""inchi_convertible"":0,""internal_steric_clash"":0,""molecular_formula"":0,""no_radicals"":0,""planar_aromatic_rings"":0,""planar_double_bonds"":0,""reference_file_loads"":0,""sanitisation"":0,""tetrahedral_chirality"":0}","{""all_atoms_connected"":0.0,""bond_angles"":0.0,""bond_lengths"":0.0,""bonds"":0.0,""double_bond_stereochemistry"":0.0,""energy_ratio"":0.0,""file_loads"":0.0,""inchi_convertible"":0.0,""internal_steric_clash"":0.0,""molecular_formula"":0.0,""no_radicals"":0.0,""planar_aromatic_rings"":0.0,""planar_double_bonds"":0.0,""reference_file_loads"":0.0,""sanitisation"":0.0,""tetrahedral_chirality"":0.0}",1000,96.28735522624503,1.3598268941639704,2.0950859948830747,23.0,2.3,0.8606702971950845,0.128,14.859311988827477,0.078726,0.17391304347826086,8.0,0.8,0.7215067987924219,0.397,4.483173696483043,0.28958000000000006,0.0,2.0,0.2,0.7797504591523331,0.769,1.7168338889492096,0.644722,0.0,1.0,0.1,0.0,1.0,1.0,1.0,0.0,1000,24.214444512964775,50.89115290221956,30.01307062074964,4.9460111716276485,0.48428429126388356,1.4294922967541412,0.0,1.0,1.0,1.0,0.394126142173148,1.4001261601522201,0.0,1.0,1.0,1.0,1000,0,0,0,0,0,1000,0,0,0,0,1000,1000,1000,core
1yc1_1yc1_conf0,generation,mcf_drugs_l_raw,dynamic,,mcf_drugs_l_raw_dynamic,MCF drugs-L,mcf_drugs_l_raw_dynamic,6,27,112,0.7,112,112,0,1.0,112,112,0,1.0,"{""all_atoms_connected"":0,""bond_angles"":0,""bond_lengths"":0,""bonds"":0,""double_bond_stereochemistry"":0,""energy_ratio"":0,""file_loads"":0,""inchi_convertible"":0,""internal_steric_clash"":0,""molecular_formula"":0,""no_radicals"":0,""planar_aromatic_rings"":0,""planar_double_bonds"":0,""reference_file_loads"":0,""sanitisation"":0,""tetrahedral_chirality"":0}","{""all_atoms_connected"":0.0,""bond_angles"":0.0,""bond_lengths"":0.0,""bonds"":0.0,""double_bond_stereochemistry"":0.0,""energy_ratio"":0.0,""file_loads"":0.0,""inchi_convertible"":0.0,""internal_steric_clash"":0.0,""molecular_formula"":0.0,""no_radicals"":0.0,""planar_aromatic_rings"":0.0,""planar_double_bonds"":0.0,""reference_file_loads"":0.0,""sanitisation"":0.0,""tetrahedral_chirality"":0.0}",112,95.80087477131497,1.430243384165453,2.1506389930588745,17.0,15.178571428571429,0.9484005850965028,0.10714285714285714,14.687858398492233,0.07509566326530612,0.058823529411764705,7.0,6.25,0.8957659986634137,0.30357142857142855,5.7149191374999155,0.2037627551020408,0.0,2.0,1.7857142857142858,0.8510340662036067,0.7232142857142857,1.8037933490409468,0.5996492346938775,0.0,1.0,0.8928571428571429,0.0,1.0,1.0,1.0,0.0,112,25.403249202098,50.225825121243965,30.093919916987424,5.238253812556069,0.547629463608635,1.4577581328069928,0.0,0.0,1.0,1.0,0.4657889633768719,1.4340066976645782,0.0,1.0,1.0,1.0,1000,0,0,0,0,0,112,0,0,0,0,112,112,112,core
1yc1_1yc1_conf0,generation,mcf_drugs_l_raw,chembl_count,,mcf_drugs_l_raw_chembl_count,MCF drugs-L,mcf_drugs_l_raw_chembl_count,6,27,168,0.7,168,168,0,1.0,168,168,0,1.0,"{""all_atoms_connected"":0,""bond_angles"":0,""bond_lengths"":0,""bonds"":0,""double_bond_stereochemistry"":0,""energy_ratio"":0,""file_loads"":0,""inchi_convertible"":0,""internal_steric_clash"":0,""molecular_formula"":0,""no_radicals"":0,""planar_aromatic_rings"":0,""planar_double_bonds"":0,""reference_file_loads"":0,""sanitisation"":0,""tetrahedral_chirality"":0}","{""all_atoms_connected"":0.0,""bond_angles"":0.0,""bond_lengths"":0.0,""bonds"":0.0,""double_bond_stereochemistry"":0.0,""energy_ratio"":0.0,""file_loads"":0.0,""inchi_convertible"":0.0,""internal_steric_clash"":0.0,""molecular_formula"":0.0,""no_radicals"":0.0,""planar_aromatic_rings"":0.0,""planar_double_bonds"":0.0,""reference_file_loads"":0.0,""sanitisation"":0.0,""tetrahedral_chirality"":0.0}",168,98.23848141846494,1.3620819580061785,2.134167161480163,16.0,9.523809523809524,0.8741026528720638,0.22023809523809523,11.285595267438833,0.11011904761904762,0.1875,8.0,4.761904761904762,0.796240344004056,0.4107142857142857,5.236928951077698,0.24730725623582764,0.0,2.0,1.1904761904761905,0.74959525725948,0.7857142857142857,1.6813210759468074,0.6632653061224489,0.0,1.0,0.5952380952380952,0.0,1.0,1.0,1.0,0.0,168,25.114151879260277,50.39851368042536,29.67233143764422,5.372495929674256,0.5040881917499818,1.4476558653824316,0.0,0.0,1.0,1.0,0.4119800961928553,1.4095654646004832,0.0,1.0,1.0,1.0,1000,0,0,0,0,0,168,0,0,0,0,168,168,168,core
1ydr_1ydr_conf0,generation,mcf_drugs_l_raw,fixed,,mcf_drugs_l_raw_fixed,MCF drugs-L,mcf_drugs_l_raw_fixed,2,20,547,0.7,547,547,0,1.0,1000,547,453,0.547,"{""all_atoms_connected"":0,""bond_angles"":1,""bond_lengths"":1,""bonds"":0,""double_bond_stereochemistry"":0,""energy_ratio"":1,""file_loads"":0,""inchi_convertible"":0,""internal_steric_clash"":0,""molecular_formula"":0,""no_radicals"":0,""planar_aromatic_rings"":0,""planar_double_bonds"":0,""reference_file_loads"":0,""sanitisation"":0,""tetrahedral_chirality"":452}","{""all_atoms_connected"":0.0,""bond_angles"":0.001,""bond_lengths"":0.001,""bonds"":0.0,""double_bond_stereochemistry"":0.0,""energy_ratio"":0.001,""file_loads"":0.0,""inchi_convertible"":0.0,""internal_steric_clash"":0.0,""molecular_formula"":0.0,""no_radicals"":0.0,""planar_aromatic_rings"":0.0,""planar_double_bonds"":0.0,""reference_file_loads"":0.0,""sanitisation"":0.0,""tetrahedral_chirality"":0.452}",547,98.82007507570857,1.437440069028832,2.0137525630665634,24.0,4.387568555758683,0.8379269959138984,0.15539305301645337,14.338913983224051,0.08421203907636468,0.16666666666666666,12.0,2.1937842778793417,0.9013977003413297,0.17184643510054845,9.39228999746706,0.11637016266221939,0.08333333333333333,2.0,0.3656307129798903,0.9999783022561792,0.5027422303473492,1.9999699207662847,0.500015039654556,0.0,1.0,0.18281535648994515,0.0,1.0,1.0,1.0,0.0,547,71.13322895040407,94.11151879356035,77.14626092133273,3.375854492551901,0.8625319529723091,1.6956512692083852,0.0,0.0,0.0,1.0,1.0024801055020565,1.7842417752228517,0.0,0.0,0.0,1.0,1000,0,0,0,0,0,1000,0,0,0,0,547,1000,1000,core
1ydr_1ydr_conf0,generation,mcf_drugs_l_raw,dynamic,,mcf_drugs_l_raw_dynamic,MCF drugs-L,mcf_drugs_l_raw_dynamic,2,20,14,0.7,14,14,0,1.0,24,14,10,0.5833333333333334,"{""all_atoms_connected"":0,""bond_angles"":0,""bond_lengths"":0,""bonds"":0,""double_bond_stereochemistry"":0,""energy_ratio"":0,""file_loads"":0,""inchi_convertible"":0,""internal_steric_clash"":0,""molecular_formula"":0,""no_radicals"":0,""planar_aromatic_rings"":0,""planar_double_bonds"":0,""reference_file_loads"":0,""sanitisation"":0,""tetrahedral_chirality"":10}","{""all_atoms_connected"":0.0,""bond_angles"":0.0,""bond_lengths"":0.0,""bonds"":0.0,""double_bond_stereochemistry"":0.0,""energy_ratio"":0.0,""file_loads"":0.0,""inchi_convertible"":0.0,""internal_steric_clash"":0.0,""molecular_formula"":0.0,""no_radicals"":0.0,""planar_aromatic_rings"":0.0,""planar_double_bonds"":0.0,""reference_file_loads"":0.0,""sanitisation"":0.0,""tetrahedral_chirality"":0.4166666666666667}",14,88.55853981062383,1.4577165892873285,1.9411490951531316,9.0,64.28571428571429,0.9306882855501007,0.2857142857142857,7.728626595716683,0.15306122448979592,0.6666666666666666,7.0,50.0,0.929906376575379,0.2857142857142857,6.107480038887459,0.18367346938775508,0.42857142857142855,1.0,7.142857142857143,0.0,1.0,1.0,1.0,0.0,1.0,7.142857142857143,0.0,1.0,1.0,1.0,0.0,14,72.2434101478498,82.80023450203043,79.02240099595926,3.2845807331052956,0.945271706137541,1.682705403107062,0.0,0.0,0.0,1.0,1.1066615094666818,1.7672819193323763,0.0,0.0,0.0,1.0,1000,0,0,0,0,0,24,0,0,0,0,14,24,24,core
1ydr_1ydr_conf0,generation,mcf_drugs_l_raw,chembl_count,,mcf_drugs_l_raw_chembl_count,MCF drugs-L,mcf_drugs_l_raw_chembl_count,2,20,10,0.7,10,10,0,1.0,16,10,6,0.625,"{""all_atoms_connected"":0,""bond_angles"":0,""bond_lengths"":0,""bonds"":0,""double_bond_stereochemistry"":0,""energy_ratio"":0,""file_loads"":0,""inchi_convertible"":0,""internal_steric_clash"":0,""molecular_formula"":0,""no_radicals"":0,""planar_aromatic_rings"":0,""planar_double_bonds"":0,""reference_file_loads"":0,""sanitisation"":0,""tetrahedral_chirality"":6}","{""all_atoms_connected"":0.0,""bond_angles"":0.0,""bond_lengths"":0.0,""bonds"":0.0,""double_bond_stereochemistry"":0.0,""energy_ratio"":0.0,""file_loads"":0.0,""inchi_convertible"":0.0,""internal_steric_clash"":0.0,""molecular_formula"":0.0,""no_radicals"":0.0,""planar_aromatic_rings"":0.0,""planar_double_bonds"":0.0,""reference_file_loads"":0.0,""sanitisation"":0.0,""tetrahedral_chirality"":0.375}",10,99.99179136131875,1.5206492764162558,1.9234581060557987,7.0,70.0,0.969570350190125,0.2,6.597539553864471,0.16000000000000006,0.5714285714285714,7.0,70.0,0.969570350190125,0.2,6.597539553864471,0.16000000000000006,0.5714285714285714,1.0,10.0,0.0,1.0,1.0,1.0,0.0,1.0,10.0,0.0,1.0,1.0,1.0,0.0,10,73.59084602649594,81.94952349308767,80.28641109407596,2.640683216467815,1.3257735624614795,1.7002222074933433,0.0,0.0,0.0,1.0,1.3503518542704067,1.7719196391672545,0.0,0.0,0.0,1.0,1000,0,0,0,0,0,16,0,0,0,0,10,16,16,core
1ydt_1ydt_conf0,generation,mcf_drugs_l_raw,fixed,,mcf_drugs_l_raw_fixed,MCF drugs-L,mcf_drugs_l_raw_fixed,8,27,993,0.7,993,993,0,1.0,1000,993,7,0.993,"{""all_atoms_connected"":0,""bond_angles"":1,""bond_lengths"":0,""bonds"":0,""double_bond_stereochemistry"":0,""energy_ratio"":6,""file_loads"":0,""inchi_convertible"":0,""internal_steric_clash"":0,""molecular_formula"":0,""no_radicals"":0,""planar_aromatic_rings"":0,""planar_double_bonds"":0,""reference_file_loads"":0,""sanitisation"":0,""tetrahedral_chirality"":0}","{""all_atoms_connected"":0.0,""bond_angles"":0.001,""bond_lengths"":0.0,""bonds"":0.0,""double_bond_stereochemistry"":0.0,""energy_ratio"":0.006,""file_loads"":0.0,""inchi_convertible"":0.0,""internal_steric_clash"":0.0,""molecular_formula"":0.0,""no_radicals"":0.0,""planar_aromatic_rings"":0.0,""planar_double_bonds"":0.0,""reference_file_loads"":0.0,""sanitisation"":0.0,""tetrahedral_chirality"":0.0}",993,99.32893085146688,2.218297484135984,3.2356916082216762,404.0,40.68479355488419,0.9410163486753402,0.017119838872104734,283.5616373816954,0.0050129354626392815,0.5099009900990099,87.0,8.761329305135952,0.8893757568566756,0.08459214501510574,53.08372653878572,0.026948965010866608,0.14942528735632185,7.0,0.7049345417925479,0.9513267948882694,0.24269889224572003,6.367433379551165,0.1698992646410067,0.0,2.0,0.2014098690835851,0.9977859180265255,0.527693856998993,1.9969329846977775,0.5015338994309614,0.0,993,-4.032367546566707,47892.14023236584,5.053633305261139,1676.5176004101377,0.6072602752380633,2.136347639310015,0.0,0.0,1.0,1.0,0.7736535185120028,2.151478687554326,0.0,0.0,0.0,1.0,1000,0,0,0,0,0,1000,0,0,0,0,993,1000,1000,core
1ydt_1ydt_conf0,generation,mcf_drugs_l_raw,dynamic,,mcf_drugs_l_raw_dynamic,MCF drugs-L,mcf_drugs_l_raw_dynamic,8,27,155,0.7,155,155,0,1.0,156,155,1,0.9935897435897436,"{""all_atoms_connected"":0,""bond_angles"":0,""bond_lengths"":0,""bonds"":0,""double_bond_stereochemistry"":0,""energy_ratio"":1,""file_loads"":0,""inchi_convertible"":0,""internal_steric_clash"":0,""molecular_formula"":0,""no_radicals"":0,""planar_aromatic_rings"":0,""planar_double_bonds"":0,""reference_file_loads"":0,""sanitisation"":0,""tetrahedral_chirality"":0}","{""all_atoms_connected"":0.0,""bond_angles"":0.0,""bond_lengths"":0.0,""bonds"":0.0,""double_bond_stereochemistry"":0.0,""energy_ratio"":0.00641025641025641,""file_loads"":0.0,""inchi_convertible"":0.0,""internal_steric_clash"":0.0,""molecular_formula"":0.0,""no_radicals"":0.0,""planar_aromatic_rings"":0.0,""planar_double_bonds"":0.0,""reference_file_loads"":0.0,""sanitisation"":0.0,""tetrahedral_chirality"":0.0}",155,97.21481967626111,2.3339919932408053,3.4124127932947723,121.0,78.06451612903226,0.9809786425505838,0.025806451612903226,110.4505709738872,0.010197710718002084,0.7933884297520661,49.0,31.612903225806452,0.9341192834999547,0.07096774193548387,37.91794141680471,0.03259105098855359,0.2857142857142857,7.0,4.516129032258065,0.9175517685837206,0.24516129032258063,5.962401277058969,0.18518210197710716,0.0,2.0,1.2903225806451613,0.8138245215940695,0.7483870967741936,1.7578652955112046,0.6233922996878252,0.0,155,-1.3561474813072572,16047.768644486427,5.040176337563231,1720.3082235726874,0.6072602752380633,2.169769559660633,0.0,0.0,1.0,1.0,0.7905679542751304,2.1840935337874754,0.0,0.0,0.0,1.0,1000,0,0,0,0,0,156,0,0,0,0,155,156,156,core
1ydt_1ydt_conf0,generation,mcf_drugs_l_raw,chembl_count,,mcf_drugs_l_raw_chembl_count,MCF drugs-L,mcf_drugs_l_raw_chembl_count,8,27,140,0.7,140,140,0,1.0,140,140,0,1.0,"{""all_atoms_connected"":0,""bond_angles"":0,""bond_lengths"":0,""bonds"":0,""double_bond_stereochemistry"":0,""energy_ratio"":0,""file_loads"":0,""inchi_convertible"":0,""internal_steric_clash"":0,""molecular_formula"":0,""no_radicals"":0,""planar_aromatic_rings"":0,""planar_double_bonds"":0,""reference_file_loads"":0,""sanitisation"":0,""tetrahedral_chirality"":0}","{""all_atoms_connected"":0.0,""bond_angles"":0.0,""bond_lengths"":0.0,""bonds"":0.0,""double_bond_stereochemistry"":0.0,""energy_ratio"":0.0,""file_loads"":0.0,""inchi_convertible"":0.0,""internal_steric_clash"":0.0,""molecular_formula"":0.0,""no_radicals"":0.0,""planar_aromatic_rings"":0.0,""planar_double_bonds"":0.0,""reference_file_loads"":0.0,""sanitisation"":0.0,""tetrahedral_chirality"":0.0}",140,100.29736313526539,2.1938134511179403,3.209682013527905,101.0,72.14285714285714,0.9745762638187528,0.03571428571428571,89.81813560017606,0.012857142857142859,0.7425742574257426,38.0,27.142857142857142,0.8821311790747555,0.12857142857142856,24.750066306594857,0.05551020408163266,0.42105263157894735,7.0,5.0,0.8638020706862045,0.32142857142857145,5.370286269455565,0.21918367346938777,0.0,2.0,1.4285714285714286,0.9963165195589622,0.5357142857142857,1.9949001250909348,0.5025510204081632,0.0,140,-2.1282240102222616,47892.14023236584,5.119533574022436,4032.558368250255,0.6072602752380633,2.012135609341086,0.0,0.0,1.0,1.0,0.7905679542751304,2.0312846669348232,0.0,0.0,0.0,1.0,1000,0,0,0,0,0,140,0,0,0,0,140,140,140,core
1z6e_1z6e_conf0,generation,mcf_drugs_l_raw,fixed,,mcf_drugs_l_raw_fixed,MCF drugs-L,mcf_drugs_l_raw_fixed,7,38,983,0.7,983,976,7,0.9928789420142421,1000,983,17,0.983,"{""all_atoms_connected"":0,""bond_angles"":0,""bond_lengths"":1,""bonds"":0,""double_bond_stereochemistry"":0,""energy_ratio"":2,""file_loads"":0,""inchi_convertible"":0,""internal_steric_clash"":14,""molecular_formula"":0,""no_radicals"":0,""planar_aromatic_rings"":0,""planar_double_bonds"":0,""reference_file_loads"":0,""sanitisation"":0,""tetrahedral_chirality"":0}","{""all_atoms_connected"":0.0,""bond_angles"":0.0,""bond_lengths"":0.001,""bonds"":0.0,""double_bond_stereochemistry"":0.0,""energy_ratio"":0.002,""file_loads"":0.0,""inchi_convertible"":0.0,""internal_steric_clash"":0.014,""molecular_formula"":0.0,""no_radicals"":0.0,""planar_aromatic_rings"":0.0,""planar_double_bonds"":0.0,""reference_file_loads"":0.0,""sanitisation"":0.0,""tetrahedral_chirality"":0.0}",983,89.89929792183453,2.407178789347338,3.5614057702166253,332.0,33.774160732451676,0.8853538400479682,0.07019328585961343,170.64724596573723,0.013663614094748056,0.5240963855421686,129.0,13.123092573753814,0.8229917835961885,0.12207527975584945,54.575533537221396,0.03965790772739833,0.3023255813953488,17.0,1.7293997965412005,0.7033622543126601,0.37029501525940994,7.335864943061808,0.19975079919154617,0.17647058823529413,3.0,0.3051881993896236,0.5856405048394606,0.6968463886063072,1.9029243896876415,0.5738707570923398,0.0,983,119.37780310138515,706.452485826434,137.450500672382,21.88435356229595,0.9445014521163266,3.4018499995066187,0.0,0.0,0.0,1.0,0.9713431809799037,3.308118351759598,0.0,0.0,0.0,1.0,1000,0,0,0,0,0,1000,0,0,0,0,983,1000,1000,core
1z6e_1z6e_conf0,generation,mcf_drugs_l_raw,dynamic,,mcf_drugs_l_raw_dynamic,MCF drugs-L,mcf_drugs_l_raw_dynamic,7,38,134,0.7,134,132,2,0.9850746268656716,134,134,0,1.0,"{""all_atoms_connected"":0,""bond_angles"":0,""bond_lengths"":0,""bonds"":0,""double_bond_stereochemistry"":0,""energy_ratio"":0,""file_loads"":0,""inchi_convertible"":0,""internal_steric_clash"":0,""molecular_formula"":0,""no_radicals"":0,""planar_aromatic_rings"":0,""planar_double_bonds"":0,""reference_file_loads"":0,""sanitisation"":0,""tetrahedral_chirality"":0}","{""all_atoms_connected"":0.0,""bond_angles"":0.0,""bond_lengths"":0.0,""bonds"":0.0,""double_bond_stereochemistry"":0.0,""energy_ratio"":0.0,""file_loads"":0.0,""inchi_convertible"":0.0,""internal_steric_clash"":0.0,""molecular_formula"":0.0,""no_radicals"":0.0,""planar_aromatic_rings"":0.0,""planar_double_bonds"":0.0,""reference_file_loads"":0.0,""sanitisation"":0.0,""tetrahedral_chirality"":0.0}",134,88.79315799398223,2.32693036694121,3.4884797189847134,89.0,66.41791044776119,0.9470457282065915,0.08955223880597014,70.17161604517237,0.021051459122298957,0.7640449438202247,56.0,41.791044776119406,0.884639596477483,0.12686567164179105,35.19786739403316,0.04666963689017599,0.5892857142857143,10.0,7.462686567164179,0.7588909798157235,0.3880597014925373,5.739723608433764,0.22766763198930717,0.3,4.0,2.985074626865672,0.5118891481833653,0.664179104477612,2.0332368684605817,0.5442192024949879,0.5,134,120.74205576991702,706.452485826434,136.34095315767513,49.888414041878875,0.9445014521163266,3.292342939491916,0.0,0.0,0.0,1.0,0.9713431809799037,3.1869109625989234,0.0,0.0,0.0,1.0,1000,0,0,0,0,0,134,0,0,0,0,134,134,134,core
1z6e_1z6e_conf0,generation,mcf_drugs_l_raw,chembl_count,,mcf_drugs_l_raw_chembl_count,MCF drugs-L,mcf_drugs_l_raw_chembl_count,7,38,197,0.7,197,197,0,1.0,200,197,3,0.985,"{""all_atoms_connected"":0,""bond_angles"":0,""bond_lengths"":1,""bonds"":0,""double_bond_stereochemistry"":0,""energy_ratio"":1,""file_loads"":0,""inchi_convertible"":0,""internal_steric_clash"":1,""molecular_formula"":0,""no_radicals"":0,""planar_aromatic_rings"":0,""planar_double_bonds"":0,""reference_file_loads"":0,""sanitisation"":0,""tetrahedral_chirality"":0}","{""all_atoms_connected"":0.0,""bond_angles"":0.0,""bond_lengths"":0.005,""bonds"":0.0,""double_bond_stereochemistry"":0.0,""energy_ratio"":0.005,""file_loads"":0.0,""inchi_convertible"":0.0,""internal_steric_clash"":0.005,""molecular_formula"":0.0,""no_radicals"":0.0,""planar_aromatic_rings"":0.0,""planar_double_bonds"":0.0,""reference_file_loads"":0.0,""sanitisation"":0.0,""tetrahedral_chirality"":0.0}",197,89.72003574450017,2.2924564334594035,3.3181278117814426,121.0,61.421319796954315,0.943904879412287,0.05583756345177665,92.45944321384361,0.015640701899044037,0.7355371900826446,73.0,37.055837563451774,0.8706655031516449,0.14213197969543148,41.9112810465982,0.043366229482851924,0.5616438356164384,11.0,5.583756345177665,0.7896810304340933,0.39086294416243655,6.643058068134106,0.21327527119997935,0.0,2.0,1.015228426395939,0.8010654763930384,0.7563451776649747,1.7423874603568066,0.6314257002241749,0.0,197,119.69773041812107,196.37052866380742,138.3980932451202,10.575200543240936,0.9445014521163266,3.399844640814113,0.0,0.0,0.0,1.0,0.9713431809799037,3.309461972765543,0.0,0.0,0.0,1.0,1000,0,0,0,0,0,200,0,0,0,0,197,200,200,core
1z95_1z95_conf0,generation,mcf_drugs_l_raw,fixed,,mcf_drugs_l_raw_fixed,MCF drugs-L,mcf_drugs_l_raw_fixed,6,29,451,0.7,451,451,0,1.0,1000,451,549,0.451,"{""all_atoms_connected"":0,""bond_angles"":0,""bond_lengths"":0,""bonds"":0,""double_bond_stereochemistry"":0,""energy_ratio"":0,""file_loads"":0,""inchi_convertible"":0,""internal_steric_clash"":0,""molecular_formula"":0,""no_radicals"":0,""planar_aromatic_rings"":0,""planar_double_bonds"":0,""reference_file_loads"":0,""sanitisation"":0,""tetrahedral_chirality"":549}","{""all_atoms_connected"":0.0,""bond_angles"":0.0,""bond_lengths"":0.0,""bonds"":0.0,""double_bond_stereochemistry"":0.0,""energy_ratio"":0.0,""file_loads"":0.0,""inchi_convertible"":0.0,""internal_steric_clash"":0.0,""molecular_formula"":0.0,""no_radicals"":0.0,""planar_aromatic_rings"":0.0,""planar_double_bonds"":0.0,""reference_file_loads"":0.0,""sanitisation"":0.0,""tetrahedral_chirality"":0.549}",451,122.03584810603691,2.0428256328558283,2.690458978908307,114.0,25.277161862527716,0.8632528624059383,0.07760532150776053,59.65254824010559,0.02794971509481271,0.41228070175438597,49.0,10.864745011086475,0.84077115166487,0.11751662971175167,26.367448397443834,0.05395745350317845,0.12244897959183673,7.0,1.5521064301552105,0.9305571897511073,0.21286031042128603,6.115219597714041,0.16907979803442463,0.0,2.0,0.4434589800443459,0.9997127200564616,0.5099778270509978,1.9996017850832528,0.5001991140653193,0.0,451,66.11667215079723,83.53364014911921,72.25594687116184,3.370232700705466,0.4347110897950687,2.0364899113771875,0.0,1.0,1.0,1.0,0.4761592153193252,2.0004207421035,0.0,1.0,1.0,1.0,1000,0,0,0,0,0,1000,0,0,0,0,451,1000,1000,core
1z95_1z95_conf0,generation,mcf_drugs_l_raw,dynamic,,mcf_drugs_l_raw_dynamic,MCF drugs-L,mcf_drugs_l_raw_dynamic,6,29,49,0.7,49,49,0,1.0,112,49,63,0.4375,"{""all_atoms_connected"":0,""bond_angles"":0,""bond_lengths"":0,""bonds"":0,""double_bond_stereochemistry"":0,""energy_ratio"":0,""file_loads"":0,""inchi_convertible"":0,""internal_steric_clash"":0,""molecular_formula"":0,""no_radicals"":0,""planar_aromatic_rings"":0,""planar_double_bonds"":0,""reference_file_loads"":0,""sanitisation"":0,""tetrahedral_chirality"":63}","{""all_atoms_connected"":0.0,""bond_angles"":0.0,""bond_lengths"":0.0,""bonds"":0.0,""double_bond_stereochemistry"":0.0,""energy_ratio"":0.0,""file_loads"":0.0,""inchi_convertible"":0.0,""internal_steric_clash"":0.0,""molecular_formula"":0.0,""no_radicals"":0.0,""planar_aromatic_rings"":0.0,""planar_double_bonds"":0.0,""reference_file_loads"":0.0,""sanitisation"":0.0,""tetrahedral_chirality"":0.5625}",49,120.45162869616934,2.02825183400233,2.7411600356649197,26.0,53.06122448979592,0.9236662634226516,0.14285714285714285,20.275106548306372,0.06372344856309871,0.6153846153846154,17.0,34.69387755102041,0.9071921920006668,0.1836734693877551,13.069339934142446,0.09454394002498959,0.35294117647058826,5.0,10.204081632653061,0.8799212630250506,0.32653061224489793,4.121341184759637,0.2594752186588921,0.2,2.0,4.081632653061225,0.3322866302216151,0.9387755102040817,1.2590072843604803,0.8850478967097044,0.0,49,67.31508138813116,79.77161537213472,71.54712237475535,3.170281097768993,0.6812110748979537,2.03240695017196,0.0,0.0,1.0,1.0,0.7080286235459674,1.9852221228706513,0.0,0.0,1.0,1.0,1000,0,0,0,0,0,112,0,0,0,0,49,112,112,core
1z95_1z95_conf0,generation,mcf_drugs_l_raw,chembl_count,,mcf_drugs_l_raw_chembl_count,MCF drugs-L,mcf_drugs_l_raw_chembl_count,6,29,91,0.7,91,91,0,1.0,198,91,107,0.4595959595959596,"{""all_atoms_connected"":0,""bond_angles"":0,""bond_lengths"":0,""bonds"":0,""double_bond_stereochemistry"":0,""energy_ratio"":0,""file_loads"":0,""inchi_convertible"":0,""internal_steric_clash"":0,""molecular_formula"":0,""no_radicals"":0,""planar_aromatic_rings"":0,""planar_double_bonds"":0,""reference_file_loads"":0,""sanitisation"":0,""tetrahedral_chirality"":107}","{""all_atoms_connected"":0.0,""bond_angles"":0.0,""bond_lengths"":0.0,""bonds"":0.0,""double_bond_stereochemistry"":0.0,""energy_ratio"":0.0,""file_loads"":0.0,""inchi_convertible"":0.0,""internal_steric_clash"":0.0,""molecular_formula"":0.0,""no_radicals"":0.0,""planar_aromatic_rings"":0.0,""planar_double_bonds"":0.0,""reference_file_loads"":0.0,""sanitisation"":0.0,""tetrahedral_chirality"":0.5404040404040404}",91,122.65713450327341,2.063952629638026,2.7401804101174188,46.0,50.54945054945055,0.9229817801678002,0.0989010989010989,34.25272939012064,0.039004951092863185,0.6521739130434783,28.0,30.76923076923077,0.8991883300779806,0.15384615384615385,20.01094570269313,0.06581330757154934,0.35714285714285715,5.0,5.4945054945054945,0.8127767531956769,0.45054945054945056,3.699189423567107,0.308537616229924,0.2,2.0,2.197802197802198,0.7979519684655731,0.7582417582417582,1.738631235101212,0.6333776113995895,0.0,91,66.64136430454788,83.53364014911921,72.3300524430272,3.6146509754210436,0.6403993556301838,2.0619790846927146,0.0,0.0,1.0,1.0,0.6804387008529463,2.0507926641700154,0.0,0.0,1.0,1.0,1000,0,0,0,0,0,198,0,0,0,0,91,198,198,core
1z9g_1z9g_conf0,generation,mcf_drugs_l_raw,fixed,,mcf_drugs_l_raw_fixed,MCF drugs-L,mcf_drugs_l_raw_fixed,7,17,528,0.7,528,528,0,1.0,1000,528,472,0.528,"{""all_atoms_connected"":0,""bond_angles"":0,""bond_lengths"":1,""bonds"":0,""double_bond_stereochemistry"":0,""energy_ratio"":2,""file_loads"":0,""inchi_convertible"":0,""internal_steric_clash"":0,""molecular_formula"":0,""no_radicals"":0,""planar_aromatic_rings"":0,""planar_double_bonds"":0,""reference_file_loads"":0,""sanitisation"":0,""tetrahedral_chirality"":471}","{""all_atoms_connected"":0.0,""bond_angles"":0.0,""bond_lengths"":0.001,""bonds"":0.0,""double_bond_stereochemistry"":0.0,""energy_ratio"":0.002,""file_loads"":0.0,""inchi_convertible"":0.0,""internal_steric_clash"":0.0,""molecular_formula"":0.0,""no_radicals"":0.0,""planar_aromatic_rings"":0.0,""planar_double_bonds"":0.0,""reference_file_loads"":0.0,""sanitisation"":0.0,""tetrahedral_chirality"":0.471}",528,113.23137764078763,1.655785501905807,2.244845329302078,166.0,31.439393939393938,0.9317141444179611,0.03409090909090909,117.08630688075787,0.011284722222222224,0.40963855421686746,22.0,4.166666666666667,0.9386560126642993,0.11363636363636363,18.200072621104948,0.062342171717171706,0.0,2.0,0.3787878787878788,0.9274757890427021,0.6571969696969697,1.9019453450832478,0.54942177456382,0.0,1.0,0.1893939393939394,0.0,1.0,1.0,1.0,0.0,528,7.521481838940551,977.4039834283175,16.61131768614083,42.230157796706095,0.3758294563140198,1.7142771106988017,0.0,1.0,1.0,1.0,0.40439314497108003,1.6544214837912097,0.0,1.0,1.0,1.0,1000,0,0,0,0,0,1000,0,0,0,0,528,1000,1000,core
1z9g_1z9g_conf0,generation,mcf_drugs_l_raw,dynamic,,mcf_drugs_l_raw_dynamic,MCF drugs-L,mcf_drugs_l_raw_dynamic,7,17,62,0.7,62,62,0,1.0,134,62,72,0.4626865671641791,"{""all_atoms_connected"":0,""bond_angles"":0,""bond_lengths"":0,""bonds"":0,""double_bond_stereochemistry"":0,""energy_ratio"":0,""file_loads"":0,""inchi_convertible"":0,""internal_steric_clash"":0,""molecular_formula"":0,""no_radicals"":0,""planar_aromatic_rings"":0,""planar_double_bonds"":0,""reference_file_loads"":0,""sanitisation"":0,""tetrahedral_chirality"":72}","{""all_atoms_connected"":0.0,""bond_angles"":0.0,""bond_lengths"":0.0,""bonds"":0.0,""double_bond_stereochemistry"":0.0,""energy_ratio"":0.0,""file_loads"":0.0,""inchi_convertible"":0.0,""internal_steric_clash"":0.0,""molecular_formula"":0.0,""no_radicals"":0.0,""planar_aromatic_rings"":0.0,""planar_double_bonds"":0.0,""reference_file_loads"":0.0,""sanitisation"":0.0,""tetrahedral_chirality"":0.5373134328358209}",62,112.77862696312006,1.67344666511583,2.2646749172474294,46.0,74.19354838709677,0.9764774346062216,0.06451612903225806,42.03833452851364,0.02653485952133195,0.717391304347826,18.0,29.032258064516128,0.9341524502111864,0.12903225806451613,14.880443880814466,0.07804370447450573,0.16666666666666666,3.0,4.838709677419355,0.9726545049567192,0.45161290322580644,2.911214044996113,0.3543184183142559,0.0,1.0,1.6129032258064515,0.0,1.0,1.0,1.0,0.0,62,9.084022000248325,31.35675202257165,16.188180092147242,4.23526282465128,0.6699237127153376,1.6762659257329355,0.0,0.0,1.0,1.0,0.7111340873036751,1.6173088255419452,0.0,0.0,1.0,1.0,1000,0,0,0,0,0,134,0,0,0,0,62,134,134,core
1z9g_1z9g_conf0,generation,mcf_drugs_l_raw,chembl_count,,mcf_drugs_l_raw_chembl_count,MCF drugs-L,mcf_drugs_l_raw_chembl_count,7,17,100,0.7,100,100,0,1.0,199,100,99,0.5025125628140703,"{""all_atoms_connected"":0,""bond_angles"":0,""bond_lengths"":1,""bonds"":0,""double_bond_stereochemistry"":0,""energy_ratio"":1,""file_loads"":0,""inchi_convertible"":0,""internal_steric_clash"":0,""molecular_formula"":0,""no_radicals"":0,""planar_aromatic_rings"":0,""planar_double_bonds"":0,""reference_file_loads"":0,""sanitisation"":0,""tetrahedral_chirality"":98}","{""all_atoms_connected"":0.0,""bond_angles"":0.0,""bond_lengths"":0.005025125628140704,""bonds"":0.0,""double_bond_stereochemistry"":0.0,""energy_ratio"":0.005025125628140704,""file_loads"":0.0,""inchi_convertible"":0.0,""internal_steric_clash"":0.0,""molecular_formula"":0.0,""no_radicals"":0.0,""planar_aromatic_rings"":0.0,""planar_double_bonds"":0.0,""reference_file_loads"":0.0,""sanitisation"":0.0,""tetrahedral_chirality"":0.49246231155778897}",100,112.79179902274844,1.6657296859114161,2.2728491613815374,63.0,63.0,0.9717409112333096,0.04,56.039315919259174,0.02,0.6031746031746031,16.0,16.0,0.9319522786093577,0.12,13.248977469458513,0.084,0.0625,2.0,2.0,0.950672092687066,0.63,1.9327728480707844,0.5338,0.0,1.0,1.0,0.0,1.0,1.0,1.0,0.0,100,7.8767318533150785,37.12001428041171,16.664466813775967,5.0477964274452924,0.8371053081448057,1.7267764787244868,0.0,0.0,0.0,1.0,0.7252576607755276,1.6306127944407538,0.0,0.0,1.0,1.0,1000,0,0,0,0,0,199,0,0,0,0,100,199,199,core
2br1_2br1_conf0,generation,mcf_drugs_l_raw,fixed,,mcf_drugs_l_raw_fixed,MCF drugs-L,mcf_drugs_l_raw_fixed,8,29,1000,0.7,1000,1000,0,1.0,1000,1000,0,1.0,"{""all_atoms_connected"":0,""bond_angles"":0,""bond_lengths"":0,""bonds"":0,""double_bond_stereochemistry"":0,""energy_ratio"":0,""file_loads"":0,""inchi_convertible"":0,""internal_steric_clash"":0,""molecular_formula"":0,""no_radicals"":0,""planar_aromatic_rings"":0,""planar_double_bonds"":0,""reference_file_loads"":0,""sanitisation"":0,""tetrahedral_chirality"":0}","{""all_atoms_connected"":0.0,""bond_angles"":0.0,""bond_lengths"":0.0,""bonds"":0.0,""double_bond_stereochemistry"":0.0,""energy_ratio"":0.0,""file_loads"":0.0,""inchi_convertible"":0.0,""internal_steric_clash"":0.0,""molecular_formula"":0.0,""no_radicals"":0.0,""planar_aromatic_rings"":0.0,""planar_double_bonds"":0.0,""reference_file_loads"":0.0,""sanitisation"":0.0,""tetrahedral_chirality"":0.0}",1000,100.80629993138787,0.830540758727623,1.1209427239988705,29.0,2.9,0.93444862920896,0.078,23.25604207514985,0.046618,0.10344827586206896,2.0,0.2,0.9313602262676113,0.653,1.9070732079023804,0.546818,0.0,1.0,0.1,0.0,1.0,1.0,1.0,0.0,1.0,0.1,0.0,1.0,1.0,1.0,0.0,1000,35.99025882386713,61.73577925548039,44.274602633709165,3.42546145998427,0.2531169030730932,0.8745708382053035,0.0,1.0,1.0,1.0,0.22906880287944079,0.8813446387785784,1.0,1.0,1.0,1.0,1000,0,0,0,0,0,1000,0,0,0,0,1000,1000,1000,core
2br1_2br1_conf0,generation,mcf_drugs_l_raw,dynamic,,mcf_drugs_l_raw_dynamic,MCF drugs-L,mcf_drugs_l_raw_dynamic,8,29,156,0.7,156,156,0,1.0,156,156,0,1.0,"{""all_atoms_connected"":0,""bond_angles"":0,""bond_lengths"":0,""bonds"":0,""double_bond_stereochemistry"":0,""energy_ratio"":0,""file_loads"":0,""inchi_convertible"":0,""internal_steric_clash"":0,""molecular_formula"":0,""no_radicals"":0,""planar_aromatic_rings"":0,""planar_double_bonds"":0,""reference_file_loads"":0,""sanitisation"":0,""tetrahedral_chirality"":0}","{""all_atoms_connected"":0.0,""bond_angles"":0.0,""bond_lengths"":0.0,""bonds"":0.0,""double_bond_stereochemistry"":0.0,""energy_ratio"":0.0,""file_loads"":0.0,""inchi_convertible"":0.0,""internal_steric_clash"":0.0,""molecular_formula"":0.0,""no_radicals"":0.0,""planar_aromatic_rings"":0.0,""planar_double_bonds"":0.0,""reference_file_loads"":0.0,""sanitisation"":0.0,""tetrahedral_chirality"":0.0}",156,98.74866174495054,0.827408106294678,1.109099539737973,28.0,17.94871794871795,0.9479025454947557,0.07051282051282051,23.537741103400784,0.04741946088099935,0.07142857142857142,2.0,1.2820512820512822,0.9995256892936492,0.5128205128205128,1.9993425738183477,0.5003287310979618,0.0,1.0,0.6410256410256411,0.0,1.0,1.0,1.0,0.0,1.0,0.6410256410256411,0.0,1.0,1.0,1.0,0.0,156,36.1319432057318,53.49370626192071,44.50360005970002,3.2956366480116883,0.27211251554080973,0.8932972508202548,0.0,1.0,1.0,1.0,0.24529387344293152,0.8962280588800168,1.0,1.0,1.0,1.0,1000,0,0,0,0,0,156,0,0,0,0,156,156,156,core
2br1_2br1_conf0,generation,mcf_drugs_l_raw,chembl_count,,mcf_drugs_l_raw_chembl_count,MCF drugs-L,mcf_drugs_l_raw_chembl_count,8,29,200,0.7,200,200,0,1.0,200,200,0,1.0,"{""all_atoms_connected"":0,""bond_angles"":0,""bond_lengths"":0,""bonds"":0,""double_bond_stereochemistry"":0,""energy_ratio"":0,""file_loads"":0,""inchi_convertible"":0,""internal_steric_clash"":0,""molecular_formula"":0,""no_radicals"":0,""planar_aromatic_rings"":0,""planar_double_bonds"":0,""reference_file_loads"":0,""sanitisation"":0,""tetrahedral_chirality"":0}","{""all_atoms_connected"":0.0,""bond_angles"":0.0,""bond_lengths"":0.0,""bonds"":0.0,""double_bond_stereochemistry"":0.0,""energy_ratio"":0.0,""file_loads"":0.0,""inchi_convertible"":0.0,""internal_steric_clash"":0.0,""molecular_formula"":0.0,""no_radicals"":0.0,""planar_aromatic_rings"":0.0,""planar_double_bonds"":0.0,""reference_file_loads"":0.0,""sanitisation"":0.0,""tetrahedral_chirality"":0.0}",200,101.68877859424171,0.8196452447372337,1.1059494785062112,26.0,13.0,0.9037983089660332,0.125,19.00424055771259,0.06465,0.11538461538461539,2.0,1.0,0.9953784388202258,0.54,1.9936034067610926,0.5032000000000001,0.0,1.0,0.5,0.0,1.0,1.0,1.0,0.0,1.0,0.5,0.0,1.0,1.0,1.0,0.0,200,36.42613907580239,57.525291727635256,44.604698578632565,3.604116652736332,0.26356316631906324,0.8667486714212536,0.0,1.0,1.0,1.0,0.2295680859216184,0.865999255703495,1.0,1.0,1.0,1.0,1000,0,0,0,0,0,200,0,0,0,0,200,200,200,core
2brb_2brb_conf0,generation,mcf_drugs_l_raw,fixed,,mcf_drugs_l_raw_fixed,MCF drugs-L,mcf_drugs_l_raw_fixed,6,25,1000,0.7,1000,1000,0,1.0,1000,1000,0,1.0,"{""all_atoms_connected"":0,""bond_angles"":0,""bond_lengths"":0,""bonds"":0,""double_bond_stereochemistry"":0,""energy_ratio"":0,""file_loads"":0,""inchi_convertible"":0,""internal_steric_clash"":0,""molecular_formula"":0,""no_radicals"":0,""planar_aromatic_rings"":0,""planar_double_bonds"":0,""reference_file_loads"":0,""sanitisation"":0,""tetrahedral_chirality"":0}","{""all_atoms_connected"":0.0,""bond_angles"":0.0,""bond_lengths"":0.0,""bonds"":0.0,""double_bond_stereochemistry"":0.0,""energy_ratio"":0.0,""file_loads"":0.0,""inchi_convertible"":0.0,""internal_steric_clash"":0.0,""molecular_formula"":0.0,""no_radicals"":0.0,""planar_aromatic_rings"":0.0,""planar_double_bonds"":0.0,""reference_file_loads"":0.0,""sanitisation"":0.0,""tetrahedral_chirality"":0.0}",1000,89.06208544440831,0.7420785403896477,1.0584216254631238,17.0,1.7,0.8303602221398849,0.154,10.512737968280847,0.106684,0.11764705882352941,2.0,0.2,0.9930610464600561,0.549,1.9904036641605358,0.504802,0.0,1.0,0.1,0.0,1.0,1.0,1.0,0.0,1.0,0.1,0.0,1.0,1.0,1.0,0.0,1000,26.209207857616377,63.691333549105245,32.16449320295142,2.8519664115791286,0.13881066228092295,0.772426241934207,1.0,1.0,1.0,1.0,0.19998641555473967,0.7945705634754716,1.0,1.0,1.0,1.0,1000,0,0,0,0,0,1000,0,0,0,0,1000,1000,1000,core
2brb_2brb_conf0,generation,mcf_drugs_l_raw,dynamic,,mcf_drugs_l_raw_dynamic,MCF drugs-L,mcf_drugs_l_raw_dynamic,6,25,112,0.7,112,112,0,1.0,112,112,0,1.0,"{""all_atoms_connected"":0,""bond_angles"":0,""bond_lengths"":0,""bonds"":0,""double_bond_stereochemistry"":0,""energy_ratio"":0,""file_loads"":0,""inchi_convertible"":0,""internal_steric_clash"":0,""molecular_formula"":0,""no_radicals"":0,""planar_aromatic_rings"":0,""planar_double_bonds"":0,""reference_file_loads"":0,""sanitisation"":0,""tetrahedral_chirality"":0}","{""all_atoms_connected"":0.0,""bond_angles"":0.0,""bond_lengths"":0.0,""bonds"":0.0,""double_bond_stereochemistry"":0.0,""energy_ratio"":0.0,""file_loads"":0.0,""inchi_convertible"":0.0,""internal_steric_clash"":0.0,""molecular_formula"":0.0,""no_radicals"":0.0,""planar_aromatic_rings"":0.0,""planar_double_bonds"":0.0,""reference_file_loads"":0.0,""sanitisation"":0.0,""tetrahedral_chirality"":0.0}",112,90.09659207431532,0.7437734410649565,1.0479387636998794,12.0,10.714285714285714,0.8954908601859487,0.20535714285714285,9.25543728386009,0.12404336734693877,0.08333333333333333,2.0,1.7857142857142858,0.9886994082884974,0.5625,1.9843952490181156,0.5078125,0.0,1.0,0.8928571428571429,0.0,1.0,1.0,1.0,0.0,1.0,0.8928571428571429,0.0,1.0,1.0,1.0,0.0,112,26.922488224992943,43.1426808654686,32.149841674972365,2.7400760771964814,0.17953590192283272,0.8112453354501662,1.0,1.0,1.0,1.0,0.24789442160120614,0.8348929482609575,1.0,1.0,1.0,1.0,1000,0,0,0,0,0,112,0,0,0,0,112,112,112,core
2brb_2brb_conf0,generation,mcf_drugs_l_raw,chembl_count,,mcf_drugs_l_raw_chembl_count,MCF drugs-L,mcf_drugs_l_raw_chembl_count,6,25,200,0.7,200,200,0,1.0,200,200,0,1.0,"{""all_atoms_connected"":0,""bond_angles"":0,""bond_lengths"":0,""bonds"":0,""double_bond_stereochemistry"":0,""energy_ratio"":0,""file_loads"":0,""inchi_convertible"":0,""internal_steric_clash"":0,""molecular_formula"":0,""no_radicals"":0,""planar_aromatic_rings"":0,""planar_double_bonds"":0,""reference_file_loads"":0,""sanitisation"":0,""tetrahedral_chirality"":0}","{""all_atoms_connected"":0.0,""bond_angles"":0.0,""bond_lengths"":0.0,""bonds"":0.0,""double_bond_stereochemistry"":0.0,""energy_ratio"":0.0,""file_loads"":0.0,""inchi_convertible"":0.0,""internal_steric_clash"":0.0,""molecular_formula"":0.0,""no_radicals"":0.0,""planar_aromatic_rings"":0.0,""planar_double_bonds"":0.0,""reference_file_loads"":0.0,""sanitisation"":0.0,""tetrahedral_chirality"":0.0}",200,88.47402246079643,0.7446851541704348,1.061340078119037,13.0,6.5,0.8693430793573018,0.185,9.298201299627523,0.12264999999999998,0.23076923076923078,3.0,1.5,0.720997769855402,0.505,2.208021818792322,0.47655,0.0,1.0,0.5,0.0,1.0,1.0,1.0,0.0,1.0,0.5,0.0,1.0,1.0,1.0,0.0,200,26.769852218451888,43.1426808654686,32.24969109997524,2.691398893081714,0.26592086343421417,0.7741921202475026,0.0,1.0,1.0,1.0,0.232780800279479,0.8092217245633346,1.0,1.0,1.0,1.0,1000,0,0,0,0,0,200,0,0,0,0,200,200,200,core
2c3i_2c3i_conf0,generation,mcf_drugs_l_raw,fixed,,mcf_drugs_l_raw_fixed,MCF drugs-L,mcf_drugs_l_raw_fixed,5,23,1000,0.7,1000,1000,0,1.0,1000,1000,0,1.0,"{""all_atoms_connected"":0,""bond_angles"":0,""bond_lengths"":0,""bonds"":0,""double_bond_stereochemistry"":0,""energy_ratio"":0,""file_loads"":0,""inchi_convertible"":0,""internal_steric_clash"":0,""molecular_formula"":0,""no_radicals"":0,""planar_aromatic_rings"":0,""planar_double_bonds"":0,""reference_file_loads"":0,""sanitisation"":0,""tetrahedral_chirality"":0}","{""all_atoms_connected"":0.0,""bond_angles"":0.0,""bond_lengths"":0.0,""bonds"":0.0,""double_bond_stereochemistry"":0.0,""energy_ratio"":0.0,""file_loads"":0.0,""inchi_convertible"":0.0,""internal_steric_clash"":0.0,""molecular_formula"":0.0,""no_radicals"":0.0,""planar_aromatic_rings"":0.0,""planar_double_bonds"":0.0,""reference_file_loads"":0.0,""sanitisation"":0.0,""tetrahedral_chirality"":0.0}",1000,114.63180364500836,1.645580532160077,2.3489140872697076,77.0,7.7,0.9056417444843924,0.074,51.10751341425407,0.025616000000000003,0.14285714285714285,14.0,1.4,0.8653601492209753,0.18,9.813265026549436,0.11875400000000003,0.0,2.0,0.2,0.9995123141215677,0.513,1.9993240380736081,0.500338,0.0,1.0,0.1,0.0,1.0,1.0,1.0,0.0,1000,34.354142508192794,47.10595470391296,39.321985351944534,1.8195145532536718,0.2574517847623926,1.4299114750032942,0.0,1.0,1.0,1.0,0.19878758638942504,1.4219881139792707,1.0,1.0,1.0,1.0,1000,0,0,0,0,0,1000,0,0,0,0,1000,1000,1000,core
2c3i_2c3i_conf0,generation,mcf_drugs_l_raw,dynamic,,mcf_drugs_l_raw_dynamic,MCF drugs-L,mcf_drugs_l_raw_dynamic,5,23,90,0.7,90,90,0,1.0,90,90,0,1.0,"{""all_atoms_connected"":0,""bond_angles"":0,""bond_lengths"":0,""bonds"":0,""double_bond_stereochemistry"":0,""energy_ratio"":0,""file_loads"":0,""inchi_convertible"":0,""internal_steric_clash"":0,""molecular_formula"":0,""no_radicals"":0,""planar_aromatic_rings"":0,""planar_double_bonds"":0,""reference_file_loads"":0,""sanitisation"":0,""tetrahedral_chirality"":0}","{""all_atoms_connected"":0.0,""bond_angles"":0.0,""bond_lengths"":0.0,""bonds"":0.0,""double_bond_stereochemistry"":0.0,""energy_ratio"":0.0,""file_loads"":0.0,""inchi_convertible"":0.0,""internal_steric_clash"":0.0,""molecular_formula"":0.0,""no_radicals"":0.0,""planar_aromatic_rings"":0.0,""planar_double_bonds"":0.0,""reference_file_loads"":0.0,""sanitisation"":0.0,""tetrahedral_chirality"":0.0}",90,115.55943082260085,1.6355087225578493,2.35652154407547,34.0,37.77777777777778,0.9467688538714211,0.08888888888888889,28.181009024317227,0.04172839506172839,0.29411764705882354,10.0,11.11111111111111,0.9164065381001296,0.18888888888888888,8.249099424748914,0.13382716049382712,0.0,2.0,2.2222222222222223,0.9871377743721862,0.5666666666666667,1.9822484180857005,0.5088888888888888,0.0,1.0,1.1111111111111112,0.0,1.0,1.0,1.0,0.0,90,34.98625181062327,43.96843603758359,39.279506098989486,1.8500044023867808,0.2819618290992092,1.3631869877946596,0.0,1.0,1.0,1.0,0.21418705318324724,1.3589572035914537,1.0,1.0,1.0,1.0,1000,0,0,0,0,0,90,0,0,0,0,90,90,90,core
2c3i_2c3i_conf0,generation,mcf_drugs_l_raw,chembl_count,,mcf_drugs_l_raw_chembl_count,MCF drugs-L,mcf_drugs_l_raw_chembl_count,5,23,200,0.7,200,200,0,1.0,200,200,0,1.0,"{""all_atoms_connected"":0,""bond_angles"":0,""bond_lengths"":0,""bonds"":0,""double_bond_stereochemistry"":0,""energy_ratio"":0,""file_loads"":0,""inchi_convertible"":0,""internal_steric_clash"":0,""molecular_formula"":0,""no_radicals"":0,""planar_aromatic_rings"":0,""planar_double_bonds"":0,""reference_file_loads"":0,""sanitisation"":0,""tetrahedral_chirality"":0}","{""all_atoms_connected"":0.0,""bond_angles"":0.0,""bond_lengths"":0.0,""bonds"":0.0,""double_bond_stereochemistry"":0.0,""energy_ratio"":0.0,""file_loads"":0.0,""inchi_convertible"":0.0,""internal_steric_clash"":0.0,""molecular_formula"":0.0,""no_radicals"":0.0,""planar_aromatic_rings"":0.0,""planar_double_bonds"":0.0,""reference_file_loads"":0.0,""sanitisation"":0.0,""tetrahedral_chirality"":0.0}",200,112.80633719570376,1.5927462551580784,2.2832588013424533,51.0,25.5,0.9206979680276418,0.085,37.33845910613415,0.03439999999999999,0.27450980392156865,13.0,6.5,0.9092152384035603,0.17,10.299455621295499,0.11250000000000002,0.0,2.0,1.0,0.9953784388202258,0.54,1.9936034067610926,0.5032000000000001,0.0,1.0,0.5,0.0,1.0,1.0,1.0,0.0,200,35.21582433812118,45.217249357617945,39.62574058042342,1.6890130345999153,0.2819618290992092,1.3637646917435249,0.0,1.0,1.0,1.0,0.22374293278047053,1.3555578556177568,1.0,1.0,1.0,1.0,1000,0,0,0,0,0,200,0,0,0,0,200,200,200,core
2fvd_2fvd_conf0,generation,mcf_drugs_l_raw,fixed,,mcf_drugs_l_raw_fixed,MCF drugs-L,mcf_drugs_l_raw_fixed,7,30,1000,0.7,1000,1000,0,1.0,1000,1000,0,1.0,"{""all_atoms_connected"":0,""bond_angles"":0,""bond_lengths"":0,""bonds"":0,""double_bond_stereochemistry"":0,""energy_ratio"":0,""file_loads"":0,""inchi_convertible"":0,""internal_steric_clash"":0,""molecular_formula"":0,""no_radicals"":0,""planar_aromatic_rings"":0,""planar_double_bonds"":0,""reference_file_loads"":0,""sanitisation"":0,""tetrahedral_chirality"":0}","{""all_atoms_connected"":0.0,""bond_angles"":0.0,""bond_lengths"":0.0,""bonds"":0.0,""double_bond_stereochemistry"":0.0,""energy_ratio"":0.0,""file_loads"":0.0,""inchi_convertible"":0.0,""internal_steric_clash"":0.0,""molecular_formula"":0.0,""no_radicals"":0.0,""planar_aromatic_rings"":0.0,""planar_double_bonds"":0.0,""reference_file_loads"":0.0,""sanitisation"":0.0,""tetrahedral_chirality"":0.0}",1000,104.60463827121796,2.0320967667751506,2.6627000722296645,331.0,33.1,0.9193374213847714,0.024,207.28704961618618,0.0074199999999999995,0.48942598187311176,84.0,8.4,0.8258127754036061,0.09,38.823476106841625,0.037382000000000006,0.25,8.0,0.8,0.8128639396277029,0.291,5.421123294008666,0.204768,0.0,2.0,0.2,0.6319118609672983,0.841,1.549617187764542,0.7325619999999999,0.0,1000,-99.9607160004525,-56.46788318416864,-85.97299063595146,6.902573958641658,0.49339586334307367,2.2837817494059993,0.0,1.0,1.0,1.0,0.6127813749134612,2.286266974935831,0.0,0.0,1.0,1.0,1000,0,0,0,0,0,1000,0,0,0,0,1000,1000,1000,core
2fvd_2fvd_conf0,generation,mcf_drugs_l_raw,dynamic,,mcf_drugs_l_raw_dynamic,MCF drugs-L,mcf_drugs_l_raw_dynamic,7,30,134,0.7,134,134,0,1.0,134,134,0,1.0,"{""all_atoms_connected"":0,""bond_angles"":0,""bond_lengths"":0,""bonds"":0,""double_bond_stereochemistry"":0,""energy_ratio"":0,""file_loads"":0,""inchi_convertible"":0,""internal_steric_clash"":0,""molecular_formula"":0,""no_radicals"":0,""planar_aromatic_rings"":0,""planar_double_bonds"":0,""reference_file_loads"":0,""sanitisation"":0,""tetrahedral_chirality"":0}","{""all_atoms_connected"":0.0,""bond_angles"":0.0,""bond_lengths"":0.0,""bonds"":0.0,""double_bond_stereochemistry"":0.0,""energy_ratio"":0.0,""file_loads"":0.0,""inchi_convertible"":0.0,""internal_steric_clash"":0.0,""molecular_formula"":0.0,""no_radicals"":0.0,""planar_aromatic_rings"":0.0,""planar_double_bonds"":0.0,""reference_file_loads"":0.0,""sanitisation"":0.0,""tetrahedral_chirality"":0.0}",134,103.52130353399835,2.0383214965056715,2.6730372309553494,89.0,66.41791044776119,0.9648042301752334,0.04477611940298507,75.99407351925821,0.015927823568723545,0.7078651685393258,36.0,26.865671641791046,0.9036970979090212,0.09701492537313433,25.4932998073217,0.05001113833815995,0.3611111111111111,8.0,5.970149253731344,0.7599805175042521,0.30597014925373134,4.856582780260034,0.23902873691245266,0.125,1.0,0.746268656716418,0.0,1.0,1.0,1.0,0.0,134,-98.24631417662567,-56.46788318416864,-86.4109241126151,7.7034618847847645,1.1945476848544359,2.378275069932541,0.0,0.0,0.0,1.0,1.1694636304910795,2.377127802564565,0.0,0.0,0.0,1.0,1000,0,0,0,0,0,134,0,0,0,0,134,134,134,core
2fvd_2fvd_conf0,generation,mcf_drugs_l_raw,chembl_count,,mcf_drugs_l_raw_chembl_count,MCF drugs-L,mcf_drugs_l_raw_chembl_count,7,30,200,0.7,200,200,0,1.0,200,200,0,1.0,"{""all_atoms_connected"":0,""bond_angles"":0,""bond_lengths"":0,""bonds"":0,""double_bond_stereochemistry"":0,""energy_ratio"":0,""file_loads"":0,""inchi_convertible"":0,""internal_steric_clash"":0,""molecular_formula"":0,""no_radicals"":0,""planar_aromatic_rings"":0,""planar_double_bonds"":0,""reference_file_loads"":0,""sanitisation"":0,""tetrahedral_chirality"":0}","{""all_atoms_connected"":0.0,""bond_angles"":0.0,""bond_lengths"":0.0,""bonds"":0.0,""double_bond_stereochemistry"":0.0,""energy_ratio"":0.0,""file_loads"":0.0,""inchi_convertible"":0.0,""internal_steric_clash"":0.0,""molecular_formula"":0.0,""no_radicals"":0.0,""planar_aromatic_rings"":0.0,""planar_double_bonds"":0.0,""reference_file_loads"":0.0,""sanitisation"":0.0,""tetrahedral_chirality"":0.0}",200,100.47168406847926,2.0057208136616835,2.672457952540286,120.0,60.0,0.9652910340286126,0.035,101.628382840111,0.01195,0.6,37.0,18.5,0.8958475074492669,0.11,25.402099082322767,0.050099999999999985,0.2702702702702703,7.0,3.5,0.73518996849002,0.43,4.181264117069429,0.2909,0.14285714285714285,2.0,1.0,0.9149263727797277,0.67,1.8854728452168699,0.5578000000000001,0.0,200,-98.24631417662567,-59.827347423326344,-86.16118155733392,7.825482997135379,0.8788888671933364,2.2656314716833528,0.0,0.0,0.0,1.0,0.9944721740109392,2.2436518251062227,0.0,0.0,0.0,1.0,1000,0,0,0,0,0,200,0,0,0,0,200,200,200,core
2hb1_2hb1_conf0,generation,mcf_drugs_l_raw,fixed,,mcf_drugs_l_raw_fixed,MCF drugs-L,mcf_drugs_l_raw_fixed,4,14,986,0.7,986,985,1,0.9989858012170385,1000,986,14,0.986,"{""all_atoms_connected"":0,""bond_angles"":3,""bond_lengths"":1,""bonds"":0,""double_bond_stereochemistry"":0,""energy_ratio"":0,""file_loads"":0,""inchi_convertible"":0,""internal_steric_clash"":11,""molecular_formula"":0,""no_radicals"":0,""planar_aromatic_rings"":0,""planar_double_bonds"":0,""reference_file_loads"":0,""sanitisation"":0,""tetrahedral_chirality"":0}","{""all_atoms_connected"":0.0,""bond_angles"":0.003,""bond_lengths"":0.001,""bonds"":0.0,""double_bond_stereochemistry"":0.0,""energy_ratio"":0.0,""file_loads"":0.0,""inchi_convertible"":0.0,""internal_steric_clash"":0.011,""molecular_formula"":0.0,""no_radicals"":0.0,""planar_aromatic_rings"":0.0,""planar_double_bonds"":0.0,""reference_file_loads"":0.0,""sanitisation"":0.0,""tetrahedral_chirality"":0.0}",986,110.46250420606188,1.001130683303199,1.524322867671157,33.0,3.3468559837728193,0.7327456416637598,0.18356997971602435,12.962371712759452,0.11575855074491152,0.09090909090909091,3.0,0.30425963488843816,0.984387914343313,0.3935091277890467,2.948983868072788,0.34432768700961536,0.0,1.0,0.10141987829614604,0.0,1.0,1.0,1.0,0.0,1.0,0.10141987829614604,0.0,1.0,1.0,1.0,0.0,986,138.91401380343962,1083.20110101431,168.49980292044026,31.625571435306657,0.33147027003559654,1.096075762172145,0.0,1.0,1.0,1.0,0.4075781903310248,1.0887798111457765,0.0,1.0,1.0,1.0,1000,0,0,0,0,0,1000,0,0,0,0,986,1000,1000,core
2hb1_2hb1_conf0,generation,mcf_drugs_l_raw,dynamic,,mcf_drugs_l_raw_dynamic,MCF drugs-L,mcf_drugs_l_raw_dynamic,4,14,68,0.7,68,68,0,1.0,68,68,0,1.0,"{""all_atoms_connected"":0,""bond_angles"":0,""bond_lengths"":0,""bonds"":0,""double_bond_stereochemistry"":0,""energy_ratio"":0,""file_loads"":0,""inchi_convertible"":0,""internal_steric_clash"":0,""molecular_formula"":0,""no_radicals"":0,""planar_aromatic_rings"":0,""planar_double_bonds"":0,""reference_file_loads"":0,""sanitisation"":0,""tetrahedral_chirality"":0}","{""all_atoms_connected"":0.0,""bond_angles"":0.0,""bond_lengths"":0.0,""bonds"":0.0,""double_bond_stereochemistry"":0.0,""energy_ratio"":0.0,""file_loads"":0.0,""inchi_convertible"":0.0,""internal_steric_clash"":0.0,""molecular_formula"":0.0,""no_radicals"":0.0,""planar_aromatic_rings"":0.0,""planar_double_bonds"":0.0,""reference_file_loads"":0.0,""sanitisation"":0.0,""tetrahedral_chirality"":0.0}",68,111.72216599043853,1.0076150854969472,1.5150057540539696,12.0,17.647058823529413,0.8342866513018274,0.20588235294117646,7.949622534876398,0.15224913494809686,0.3333333333333333,3.0,4.411764705882353,0.9533429793715685,0.4264705882352941,2.8501006585691937,0.36461937716262977,0.0,1.0,1.4705882352941178,0.0,1.0,1.0,1.0,0.0,1.0,1.4705882352941178,0.0,1.0,1.0,1.0,0.0,68,145.00893212632607,211.9314580141997,168.9423853595465,11.45908547928578,0.43240560345637047,1.1121648840526692,0.0,1.0,1.0,1.0,0.522757252305184,1.1063376318127167,0.0,0.0,1.0,1.0,1000,0,0,0,0,0,68,0,0,0,0,68,68,68,core
2hb1_2hb1_conf0,generation,mcf_drugs_l_raw,chembl_count,,mcf_drugs_l_raw_chembl_count,MCF drugs-L,mcf_drugs_l_raw_chembl_count,4,14,38,0.7,38,37,1,0.9736842105263158,38,38,0,1.0,"{""all_atoms_connected"":0,""bond_angles"":0,""bond_lengths"":0,""bonds"":0,""double_bond_stereochemistry"":0,""energy_ratio"":0,""file_loads"":0,""inchi_convertible"":0,""internal_steric_clash"":0,""molecular_formula"":0,""no_radicals"":0,""planar_aromatic_rings"":0,""planar_double_bonds"":0,""reference_file_loads"":0,""sanitisation"":0,""tetrahedral_chirality"":0}","{""all_atoms_connected"":0.0,""bond_angles"":0.0,""bond_lengths"":0.0,""bonds"":0.0,""double_bond_stereochemistry"":0.0,""energy_ratio"":0.0,""file_loads"":0.0,""inchi_convertible"":0.0,""internal_steric_clash"":0.0,""molecular_formula"":0.0,""no_radicals"":0.0,""planar_aromatic_rings"":0.0,""planar_double_bonds"":0.0,""reference_file_loads"":0.0,""sanitisation"":0.0,""tetrahedral_chirality"":0.0}",38,111.37647877704904,1.0113810710096405,1.5310690288110955,13.0,34.21052631578947,0.9034538337960086,0.18421052631578946,10.148372324307626,0.11634349030470911,0.38461538461538464,5.0,13.157894736842104,0.9569157192907263,0.2894736842105263,4.6650401347133235,0.22437673130193905,0.0,1.0,2.6315789473684212,0.0,1.0,1.0,1.0,0.0,1.0,2.6315789473684212,0.0,1.0,1.0,1.0,0.0,38,142.36212608460366,208.66371426951076,167.14973305924968,12.508940067742422,0.49983542795750097,1.115025487915576,0.0,1.0,1.0,1.0,0.6137240185586398,1.1165168800400167,0.0,0.0,1.0,1.0,1000,0,0,0,0,0,38,0,0,0,0,38,38,38,core
2p4y_2p4y_conf0,generation,mcf_drugs_l_raw,fixed,,mcf_drugs_l_raw_fixed,MCF drugs-L,mcf_drugs_l_raw_fixed,8,40,485,0.7,485,485,0,1.0,1000,485,515,0.485,"{""all_atoms_connected"":0,""bond_angles"":3,""bond_lengths"":4,""bonds"":0,""double_bond_stereochemistry"":0,""energy_ratio"":0,""file_loads"":0,""inchi_convertible"":0,""internal_steric_clash"":0,""molecular_formula"":0,""no_radicals"":0,""planar_aromatic_rings"":0,""planar_double_bonds"":0,""reference_file_loads"":0,""sanitisation"":0,""tetrahedral_chirality"":512}","{""all_atoms_connected"":0.0,""bond_angles"":0.003,""bond_lengths"":0.004,""bonds"":0.0,""double_bond_stereochemistry"":0.0,""energy_ratio"":0.0,""file_loads"":0.0,""inchi_convertible"":0.0,""internal_steric_clash"":0.0,""molecular_formula"":0.0,""no_radicals"":0.0,""planar_aromatic_rings"":0.0,""planar_double_bonds"":0.0,""reference_file_loads"":0.0,""sanitisation"":0.0,""tetrahedral_chirality"":0.512}",485,107.87039792224736,2.763352850587694,3.6144848577557065,362.0,74.63917525773196,0.9808519540472138,0.01443298969072165,323.38085223955477,0.003617812732490169,0.7624309392265194,141.0,29.072164948453608,0.926361196359206,0.03711340206185567,97.93844142178334,0.013778297374853863,0.3617021276595745,15.0,3.0927835051546393,0.8992725829047432,0.18762886597938144,11.41896190926426,0.10673610373047082,0.06666666666666667,3.0,0.6185567010309279,0.9536702843428528,0.4536082474226804,2.8511256856445963,0.36574768838346267,0.0,485,166.1016111978085,793.8966938728433,185.74475521980685,31.65829720495059,0.573092903733719,2.716715622220489,0.0,0.0,1.0,1.0,0.5651457206503262,2.6797169183773315,0.0,0.0,1.0,1.0,1000,0,0,0,0,0,1000,0,0,0,0,485,1000,1000,core
2p4y_2p4y_conf0,generation,mcf_drugs_l_raw,dynamic,,mcf_drugs_l_raw_dynamic,MCF drugs-L,mcf_drugs_l_raw_dynamic,8,40,77,0.7,77,77,0,1.0,156,77,79,0.4935897435897436,"{""all_atoms_connected"":0,""bond_angles"":1,""bond_lengths"":1,""bonds"":0,""double_bond_stereochemistry"":0,""energy_ratio"":0,""file_loads"":0,""inchi_convertible"":0,""internal_steric_clash"":0,""molecular_formula"":0,""no_radicals"":0,""planar_aromatic_rings"":0,""planar_double_bonds"":0,""reference_file_loads"":0,""sanitisation"":0,""tetrahedral_chirality"":78}","{""all_atoms_connected"":0.0,""bond_angles"":0.00641025641025641,""bond_lengths"":0.00641025641025641,""bonds"":0.0,""double_bond_stereochemistry"":0.0,""energy_ratio"":0.0,""file_loads"":0.0,""inchi_convertible"":0.0,""internal_steric_clash"":0.0,""molecular_formula"":0.0,""no_radicals"":0.0,""planar_aromatic_rings"":0.0,""planar_double_bonds"":0.0,""reference_file_loads"":0.0,""sanitisation"":0.0,""tetrahedral_chirality"":0.5}",77,110.67051867676848,2.76670961135905,3.5803974978405533,69.0,89.6103896103896,0.9902867119400716,0.03896103896103896,66.21979315040494,0.01602293810086018,0.8985507246376812,48.0,62.33766233766234,0.9642503572229484,0.06493506493506493,41.79626400434445,0.02782931354359926,0.6041666666666666,10.0,12.987012987012987,0.9293180453808851,0.22077922077922077,8.498025802106717,0.1354359925788497,0.0,2.0,2.5974025974025974,0.9969562518473083,0.5324675324675324,1.9957849170808941,0.5021082813290605,0.0,77,169.86032659494484,227.46722773205119,187.28091176166168,9.232013207878127,1.2511514992484667,2.710047181399626,0.0,0.0,0.0,1.0,1.1387721251910647,2.66725127469688,0.0,0.0,0.0,1.0,1000,0,0,0,0,0,156,0,0,0,0,77,156,156,core
2p4y_2p4y_conf0,generation,mcf_drugs_l_raw,chembl_count,,mcf_drugs_l_raw_chembl_count,MCF drugs-L,mcf_drugs_l_raw_chembl_count,8,40,95,0.7,95,95,0,1.0,174,95,79,0.5459770114942529,"{""all_atoms_connected"":0,""bond_angles"":0,""bond_lengths"":0,""bonds"":0,""double_bond_stereochemistry"":0,""energy_ratio"":0,""file_loads"":0,""inchi_convertible"":0,""internal_steric_clash"":0,""molecular_formula"":0,""no_radicals"":0,""planar_aromatic_rings"":0,""planar_double_bonds"":0,""reference_file_loads"":0,""sanitisation"":0,""tetrahedral_chirality"":79}","{""all_atoms_connected"":0.0,""bond_angles"":0.0,""bond_lengths"":0.0,""bonds"":0.0,""double_bond_stereochemistry"":0.0,""energy_ratio"":0.0,""file_loads"":0.0,""inchi_convertible"":0.0,""internal_steric_clash"":0.0,""molecular_formula"":0.0,""no_radicals"":0.0,""planar_aromatic_rings"":0.0,""planar_double_bonds"":0.0,""reference_file_loads"":0.0,""sanitisation"":0.0,""tetrahedral_chirality"":0.4540229885057471}",95,109.28834115588903,2.7526044778745486,3.630469334357348,85.0,89.47368421052632,0.9876649029219436,0.042105263157894736,80.46728642028144,0.013628808864265924,0.9176470588235294,54.0,56.8421052631579,0.9487484346776093,0.07368421052631578,44.01552313102047,0.028919667590027693,0.5925925925925926,11.0,11.578947368421053,0.9615769677076225,0.18947368421052632,10.031808204111819,0.10914127423822716,0.0,3.0,3.1578947368421053,0.9894975386227148,0.3684210526315789,2.9655845275661843,0.34072022160664817,0.0,95,169.86032659494484,227.74110426862472,183.53683877722574,8.645974010028453,0.573092903733719,2.7018341997653925,0.0,0.0,1.0,1.0,0.6628493680675351,2.66987952209188,0.0,0.0,1.0,1.0,1000,0,0,0,0,0,174,0,0,0,0,95,174,174,core
2pog_2pog_conf0,generation,mcf_drugs_l_raw,fixed,,mcf_drugs_l_raw_fixed,MCF drugs-L,mcf_drugs_l_raw_fixed,3,21,599,0.7,599,599,0,1.0,1000,599,401,0.599,"{""all_atoms_connected"":0,""bond_angles"":0,""bond_lengths"":0,""bonds"":0,""double_bond_stereochemistry"":0,""energy_ratio"":0,""file_loads"":0,""inchi_convertible"":0,""internal_steric_clash"":0,""molecular_formula"":0,""no_radicals"":0,""planar_aromatic_rings"":0,""planar_double_bonds"":0,""reference_file_loads"":0,""sanitisation"":0,""tetrahedral_chirality"":401}","{""all_atoms_connected"":0.0,""bond_angles"":0.0,""bond_lengths"":0.0,""bonds"":0.0,""double_bond_stereochemistry"":0.0,""energy_ratio"":0.0,""file_loads"":0.0,""inchi_convertible"":0.0,""internal_steric_clash"":0.0,""molecular_formula"":0.0,""no_radicals"":0.0,""planar_aromatic_rings"":0.0,""planar_double_bonds"":0.0,""reference_file_loads"":0.0,""sanitisation"":0.0,""tetrahedral_chirality"":0.401}",599,117.59579958068962,1.001738466363607,1.5692299645085117,21.0,3.5058430717863107,0.6124539643795073,0.44574290484140233,6.453546577226381,0.25063754002915256,0.14285714285714285,6.0,1.001669449081803,0.6608908525264294,0.5826377295492488,3.2679322424567037,0.3990262011532856,0.0,2.0,0.333889816360601,0.4480101390108321,0.9065108514190318,1.3641574219077173,0.8305021446428522,0.0,1.0,0.1669449081803005,0.0,1.0,1.0,1.0,0.0,599,41.31493260967234,64.5089402627465,44.8353239158146,5.1745276359370225,0.2138280437811742,0.49890933773661944,1.0,1.0,1.0,1.0,0.18928367938264043,0.5135563707875477,1.0,1.0,1.0,1.0,1000,0,0,0,0,0,1000,0,0,0,0,599,1000,1000,core
2pog_2pog_conf0,generation,mcf_drugs_l_raw,dynamic,,mcf_drugs_l_raw_dynamic,MCF drugs-L,mcf_drugs_l_raw_dynamic,3,21,26,0.7,26,26,0,1.0,46,26,20,0.5652173913043478,"{""all_atoms_connected"":0,""bond_angles"":0,""bond_lengths"":0,""bonds"":0,""double_bond_stereochemistry"":0,""energy_ratio"":0,""file_loads"":0,""inchi_convertible"":0,""internal_steric_clash"":0,""molecular_formula"":0,""no_radicals"":0,""planar_aromatic_rings"":0,""planar_double_bonds"":0,""reference_file_loads"":0,""sanitisation"":0,""tetrahedral_chirality"":20}","{""all_atoms_connected"":0.0,""bond_angles"":0.0,""bond_lengths"":0.0,""bonds"":0.0,""double_bond_stereochemistry"":0.0,""energy_ratio"":0.0,""file_loads"":0.0,""inchi_convertible"":0.0,""internal_steric_clash"":0.0,""molecular_formula"":0.0,""no_radicals"":0.0,""planar_aromatic_rings"":0.0,""planar_double_bonds"":0.0,""reference_file_loads"":0.0,""sanitisation"":0.0,""tetrahedral_chirality"":0.43478260869565216}",26,121.85483376482664,0.6041041621365999,1.5164550587532468,4.0,15.384615384615385,0.6992314691117759,0.6538461538461539,2.636205684842265,0.4792899408284024,0.25,3.0,11.538461538461538,0.4695342719387462,0.8461538461538461,1.6750384514494063,0.7307692307692307,0.3333333333333333,1.0,3.8461538461538463,0.0,1.0,1.0,1.0,0.0,1.0,3.8461538461538463,0.0,1.0,1.0,1.0,0.0,26,41.85219930784645,55.57015707840077,44.78005688969225,3.326863173395085,0.21591885675834568,0.382073359972022,1.0,1.0,1.0,1.0,0.1904048398638888,0.3642534018596415,1.0,1.0,1.0,1.0,1000,0,0,0,0,0,46,0,0,0,0,26,46,46,core
2pog_2pog_conf0,generation,mcf_drugs_l_raw,chembl_count,,mcf_drugs_l_raw_chembl_count,MCF drugs-L,mcf_drugs_l_raw_chembl_count,3,21,5,0.7,5,5,0,1.0,10,5,5,0.5,"{""all_atoms_connected"":0,""bond_angles"":0,""bond_lengths"":0,""bonds"":0,""double_bond_stereochemistry"":0,""energy_ratio"":0,""file_loads"":0,""inchi_convertible"":0,""internal_steric_clash"":0,""molecular_formula"":0,""no_radicals"":0,""planar_aromatic_rings"":0,""planar_double_bonds"":0,""reference_file_loads"":0,""sanitisation"":0,""tetrahedral_chirality"":5}","{""all_atoms_connected"":0.0,""bond_angles"":0.0,""bond_lengths"":0.0,""bonds"":0.0,""double_bond_stereochemistry"":0.0,""energy_ratio"":0.0,""file_loads"":0.0,""inchi_convertible"":0.0,""internal_steric_clash"":0.0,""molecular_formula"":0.0,""no_radicals"":0.0,""planar_aromatic_rings"":0.0,""planar_double_bonds"":0.0,""reference_file_loads"":0.0,""sanitisation"":0.0,""tetrahedral_chirality"":0.5}",5,88.61760971856785,0.6452380451685024,1.5196887379160355,2.0,40.0,0.7219280948873623,0.8,1.6493848884661177,0.6800000000000002,0.5,2.0,40.0,0.7219280948873623,0.8,1.6493848884661177,0.6800000000000002,0.5,1.0,20.0,0.0,1.0,1.0,1.0,0.0,1.0,20.0,0.0,1.0,1.0,1.0,0.0,5,43.074803891540896,54.01795954023355,44.55840683510796,3.993917425036042,0.2529204607095458,0.2629559212212832,0.0,1.0,1.0,1.0,0.23793682960055237,0.2601564277430725,1.0,1.0,1.0,1.0,1000,0,0,0,0,0,10,0,0,0,0,5,10,10,core
2qbp_2qbp_conf0,generation,mcf_drugs_l_raw,fixed,,mcf_drugs_l_raw_fixed,MCF drugs-L,mcf_drugs_l_raw_fixed,10,37,994,0.7,994,994,0,1.0,1000,994,6,0.994,"{""all_atoms_connected"":0,""bond_angles"":3,""bond_lengths"":2,""bonds"":0,""double_bond_stereochemistry"":0,""energy_ratio"":2,""file_loads"":0,""inchi_convertible"":0,""internal_steric_clash"":2,""molecular_formula"":0,""no_radicals"":0,""planar_aromatic_rings"":0,""planar_double_bonds"":0,""reference_file_loads"":0,""sanitisation"":0,""tetrahedral_chirality"":0}","{""all_atoms_connected"":0.0,""bond_angles"":0.003,""bond_lengths"":0.002,""bonds"":0.0,""double_bond_stereochemistry"":0.0,""energy_ratio"":0.002,""file_loads"":0.0,""inchi_convertible"":0.0,""internal_steric_clash"":0.002,""molecular_formula"":0.0,""no_radicals"":0.0,""planar_aromatic_rings"":0.0,""planar_double_bonds"":0.0,""reference_file_loads"":0.0,""sanitisation"":0.0,""tetrahedral_chirality"":0.0}",994,100.86056290383735,2.7337037559955615,3.890947055567793,775.0,77.96780684104628,0.9803172376765875,0.01006036217303823,679.8799969862391,0.0018278686201717346,0.8348387096774194,378.0,38.028169014084504,0.9365406507857796,0.026156941649899398,259.37364640979524,0.005760923691039597,0.46296296296296297,28.0,2.816901408450704,0.887174974541312,0.21227364185110664,19.225710109433425,0.07837568671586867,0.0,5.0,0.5030181086519114,0.9214361358213107,0.3158953722334004,4.406118974610033,0.24804561777101242,0.0,994,164.95829829838732,323.21480435625375,211.53391800026822,22.255748779866963,0.9555222266714873,3.3239065002965313,0.0,0.0,0.0,1.0,0.963580360879673,3.3839622934741223,0.0,0.0,0.0,1.0,1000,0,0,0,0,0,1000,0,0,0,0,994,1000,1000,core
2qbp_2qbp_conf0,generation,mcf_drugs_l_raw,dynamic,,mcf_drugs_l_raw_dynamic,MCF drugs-L,mcf_drugs_l_raw_dynamic,10,37,197,0.7,197,197,0,1.0,200,197,3,0.985,"{""all_atoms_connected"":0,""bond_angles"":2,""bond_lengths"":1,""bonds"":0,""double_bond_stereochemistry"":0,""energy_ratio"":0,""file_loads"":0,""inchi_convertible"":0,""internal_steric_clash"":2,""molecular_formula"":0,""no_radicals"":0,""planar_aromatic_rings"":0,""planar_double_bonds"":0,""reference_file_loads"":0,""sanitisation"":0,""tetrahedral_chirality"":0}","{""all_atoms_connected"":0.0,""bond_angles"":0.01,""bond_lengths"":0.005,""bonds"":0.0,""double_bond_stereochemistry"":0.0,""energy_ratio"":0.0,""file_loads"":0.0,""inchi_convertible"":0.0,""internal_steric_clash"":0.01,""molecular_formula"":0.0,""no_radicals"":0.0,""planar_aromatic_rings"":0.0,""planar_double_bonds"":0.0,""reference_file_loads"":0.0,""sanitisation"":0.0,""tetrahedral_chirality"":0.0}",197,100.65977523450123,2.843011304964471,3.9078154857507887,182.0,92.38578680203045,0.9930723617636229,0.02030456852791878,175.55549633791105,0.006055296451853952,0.9340659340659341,130.0,65.98984771573605,0.963683813353806,0.030456852791878174,108.93639293545158,0.011311809116442063,0.7384615384615385,20.0,10.152284263959391,0.8903213496140054,0.15736040609137056,14.399081227100277,0.08732510500141721,0.0,5.0,2.5380710659898478,0.9393941320937053,0.28426395939086296,4.535324025274091,0.2355896828055348,0.0,197,172.82978939724563,318.71761999995385,208.7053726249825,21.99496476050976,1.3399635810977608,3.5727574698680025,0.0,0.0,0.0,1.0,1.3340389565496085,3.610858506283049,0.0,0.0,0.0,1.0,1000,0,0,0,0,0,200,0,0,0,0,197,200,200,core
2qbp_2qbp_conf0,generation,mcf_drugs_l_raw,chembl_count,,mcf_drugs_l_raw_chembl_count,MCF drugs-L,mcf_drugs_l_raw_chembl_count,10,37,198,0.7,198,198,0,1.0,200,198,2,0.99,"{""all_atoms_connected"":0,""bond_angles"":2,""bond_lengths"":1,""bonds"":0,""double_bond_stereochemistry"":0,""energy_ratio"":0,""file_loads"":0,""inchi_convertible"":0,""internal_steric_clash"":1,""molecular_formula"":0,""no_radicals"":0,""planar_aromatic_rings"":0,""planar_double_bonds"":0,""reference_file_loads"":0,""sanitisation"":0,""tetrahedral_chirality"":0}","{""all_atoms_connected"":0.0,""bond_angles"":0.01,""bond_lengths"":0.005,""bonds"":0.0,""double_bond_stereochemistry"":0.0,""energy_ratio"":0.0,""file_loads"":0.0,""inchi_convertible"":0.0,""internal_steric_clash"":0.005,""molecular_formula"":0.0,""no_radicals"":0.0,""planar_aromatic_rings"":0.0,""planar_double_bonds"":0.0,""reference_file_loads"":0.0,""sanitisation"":0.0,""tetrahedral_chirality"":0.0}",198,100.75730308132151,2.6549747048437453,3.697687289355195,188.0,94.94949494949495,0.996021637134668,0.015151515151515152,184.1240097408083,0.005611672278338947,0.9521276595744681,132.0,66.66666666666667,0.959667316617804,0.045454545454545456,108.40404660624681,0.011988572594633201,0.7651515151515151,18.0,9.090909090909092,0.8860984678257128,0.25252525252525254,12.950753685681065,0.10794816855422916,0.0,4.0,2.0202020202020203,0.9592670300012698,0.35858585858585856,3.7803873370429883,0.2779818385878992,0.0,198,164.95829829838732,280.97351943741376,209.79409788935652,22.58695065743984,1.247344435730559,3.311363585586254,0.0,0.0,0.0,1.0,1.2870038594307844,3.3719663415157455,0.0,0.0,0.0,1.0,1000,0,0,0,0,0,200,0,0,0,0,198,200,200,core
2qbq_2qbq_conf0,generation,mcf_drugs_l_raw,fixed,,mcf_drugs_l_raw_fixed,MCF drugs-L,mcf_drugs_l_raw_fixed,7,31,994,0.7,994,994,0,1.0,1000,994,6,0.994,"{""all_atoms_connected"":0,""bond_angles"":5,""bond_lengths"":4,""bonds"":0,""double_bond_stereochemistry"":0,""energy_ratio"":1,""file_loads"":0,""inchi_convertible"":0,""internal_steric_clash"":1,""molecular_formula"":0,""no_radicals"":0,""planar_aromatic_rings"":0,""planar_double_bonds"":0,""reference_file_loads"":0,""sanitisation"":0,""tetrahedral_chirality"":0}","{""all_atoms_connected"":0.0,""bond_angles"":0.005,""bond_lengths"":0.004,""bonds"":0.0,""double_bond_stereochemistry"":0.0,""energy_ratio"":0.001,""file_loads"":0.0,""inchi_convertible"":0.0,""internal_steric_clash"":0.001,""molecular_formula"":0.0,""no_radicals"":0.0,""planar_aromatic_rings"":0.0,""planar_double_bonds"":0.0,""reference_file_loads"":0.0,""sanitisation"":0.0,""tetrahedral_chirality"":0.0}",994,107.64776599998505,2.0814146344550477,2.7499552713865976,452.0,45.47283702213279,0.9389447878836018,0.02012072434607646,311.1919789937308,0.00486014679627058,0.5862831858407079,97.0,9.758551307847082,0.9174172022178703,0.03722334004024145,66.48115651653268,0.018641021177366005,0.09278350515463918,6.0,0.6036217303822937,0.9713011776117388,0.22937625754527163,5.69926992018066,0.18289212133970828,0.0,1.0,0.1006036217303823,0.0,1.0,1.0,1.0,0.0,994,210.66873924506746,6166.801205115865,255.97219700216363,191.45637180758976,0.5394230656572255,2.004491570736491,0.0,0.0,1.0,1.0,0.5110512250412524,2.0024801107174772,0.0,0.0,1.0,1.0,1000,0,0,0,0,0,1000,0,0,0,0,994,1000,1000,core
2qbq_2qbq_conf0,generation,mcf_drugs_l_raw,dynamic,,mcf_drugs_l_raw_dynamic,MCF drugs-L,mcf_drugs_l_raw_dynamic,7,31,134,0.7,134,134,0,1.0,134,134,0,1.0,"{""all_atoms_connected"":0,""bond_angles"":0,""bond_lengths"":0,""bonds"":0,""double_bond_stereochemistry"":0,""energy_ratio"":0,""file_loads"":0,""inchi_convertible"":0,""internal_steric_clash"":0,""molecular_formula"":0,""no_radicals"":0,""planar_aromatic_rings"":0,""planar_double_bonds"":0,""reference_file_loads"":0,""sanitisation"":0,""tetrahedral_chirality"":0}","{""all_atoms_connected"":0.0,""bond_angles"":0.0,""bond_lengths"":0.0,""bonds"":0.0,""double_bond_stereochemistry"":0.0,""energy_ratio"":0.0,""file_loads"":0.0,""inchi_convertible"":0.0,""internal_steric_clash"":0.0,""molecular_formula"":0.0,""no_radicals"":0.0,""planar_aromatic_rings"":0.0,""planar_double_bonds"":0.0,""reference_file_loads"":0.0,""sanitisation"":0.0,""tetrahedral_chirality"":0.0}",134,107.9034630774182,2.0687075408800215,2.739268976785561,109.0,81.34328358208955,0.98197734140221,0.029850746268656716,100.1628459498603,0.011249721541546003,0.8348623853211009,47.0,35.07462686567164,0.9465133384111366,0.06716417910447761,38.252773210138116,0.030519046558253514,0.3617021276595745,4.0,2.985074626865672,0.998603305464279,0.26119402985074625,3.992262574098128,0.2509467587435954,0.0,1.0,0.746268656716418,0.0,1.0,1.0,1.0,0.0,134,217.40500215859004,333.63237860346936,256.7086952481269,20.82238329584611,0.821070597075045,1.9725652994054927,0.0,0.0,0.0,1.0,0.854232969918387,1.9760976642412384,0.0,0.0,0.0,1.0,1000,0,0,0,0,0,134,0,0,0,0,134,134,134,core
2qbq_2qbq_conf0,generation,mcf_drugs_l_raw,chembl_count,,mcf_drugs_l_raw_chembl_count,MCF drugs-L,mcf_drugs_l_raw_chembl_count,7,31,198,0.7,198,198,0,1.0,200,198,2,0.99,"{""all_atoms_connected"":0,""bond_angles"":1,""bond_lengths"":1,""bonds"":0,""double_bond_stereochemistry"":0,""energy_ratio"":1,""file_loads"":0,""inchi_convertible"":0,""internal_steric_clash"":0,""molecular_formula"":0,""no_radicals"":0,""planar_aromatic_rings"":0,""planar_double_bonds"":0,""reference_file_loads"":0,""sanitisation"":0,""tetrahedral_chirality"":0}","{""all_atoms_connected"":0.0,""bond_angles"":0.005,""bond_lengths"":0.005,""bonds"":0.0,""double_bond_stereochemistry"":0.0,""energy_ratio"":0.005,""file_loads"":0.0,""inchi_convertible"":0.0,""internal_steric_clash"":0.0,""molecular_formula"":0.0,""no_radicals"":0.0,""planar_aromatic_rings"":0.0,""planar_double_bonds"":0.0,""reference_file_loads"":0.0,""sanitisation"":0.0,""tetrahedral_chirality"":0.0}",198,107.17298251906,2.0677848097538796,2.7839216776613056,143.0,72.22222222222223,0.9710105490165991,0.03535353535353535,123.83802839265698,0.009845934088358332,0.7762237762237763,51.0,25.757575757575758,0.9316726928289004,0.08080808080808081,38.98490714612117,0.031986531986531994,0.2549019607843137,5.0,2.525252525252525,0.9606228372229786,0.3333333333333333,4.692956716493497,0.22696663605754513,0.0,1.0,0.5050505050505051,0.0,1.0,1.0,1.0,0.0,198,210.66873924506746,6166.801205115865,256.607733897023,419.39102776101737,0.6453574569458432,1.950300769937164,0.0,0.0,1.0,1.0,0.656601960108263,1.95599308436742,0.0,0.0,1.0,1.0,1000,0,0,0,0,0,200,0,0,0,0,198,200,200,core
2qbr_2qbr_conf0,generation,mcf_drugs_l_raw,fixed,,mcf_drugs_l_raw_fixed,MCF drugs-L,mcf_drugs_l_raw_fixed,8,28,997,0.7,997,997,0,1.0,1000,997,3,0.997,"{""all_atoms_connected"":0,""bond_angles"":1,""bond_lengths"":2,""bonds"":0,""double_bond_stereochemistry"":0,""energy_ratio"":2,""file_loads"":0,""inchi_convertible"":0,""internal_steric_clash"":1,""molecular_formula"":0,""no_radicals"":0,""planar_aromatic_rings"":1,""planar_double_bonds"":0,""reference_file_loads"":0,""sanitisation"":0,""tetrahedral_chirality"":0}","{""all_atoms_connected"":0.0,""bond_angles"":0.001,""bond_lengths"":0.002,""bonds"":0.0,""double_bond_stereochemistry"":0.0,""energy_ratio"":0.002,""file_loads"":0.0,""inchi_convertible"":0.0,""internal_steric_clash"":0.001,""molecular_formula"":0.0,""no_radicals"":0.0,""planar_aromatic_rings"":0.001,""planar_double_bonds"":0.0,""reference_file_loads"":0.0,""sanitisation"":0.0,""tetrahedral_chirality"":0.0}",997,100.18979465736889,2.1637180634482336,2.862549414354002,369.0,37.01103309929789,0.9522442981594915,0.017051153460381142,278.25067105972755,0.004630742779994949,0.4146341463414634,82.0,8.224674022066198,0.9561542431605852,0.031093279839518557,67.5929242484171,0.01651192293027528,0.07317073170731707,8.0,0.802407221664995,0.8846486584398456,0.24974924774322968,6.293863871749373,0.1777297791066278,0.0,2.0,0.20060180541624875,0.990381285847407,0.5576730190571715,1.9867099835354545,0.5066523542543377,0.0,997,184.92475725741386,1742.3280901213352,222.98782583207617,51.44691675769049,0.4581681248616229,2.041181932749153,0.0,1.0,1.0,1.0,0.5188767415650082,2.0103766814996584,0.0,0.0,1.0,1.0,1000,0,0,0,0,0,1000,0,0,0,0,997,1000,1000,core
2qbr_2qbr_conf0,generation,mcf_drugs_l_raw,dynamic,,mcf_drugs_l_raw_dynamic,MCF drugs-L,mcf_drugs_l_raw_dynamic,8,28,156,0.7,156,156,0,1.0,156,156,0,1.0,"{""all_atoms_connected"":0,""bond_angles"":0,""bond_lengths"":0,""bonds"":0,""double_bond_stereochemistry"":0,""energy_ratio"":0,""file_loads"":0,""inchi_convertible"":0,""internal_steric_clash"":0,""molecular_formula"":0,""no_radicals"":0,""planar_aromatic_rings"":0,""planar_double_bonds"":0,""reference_file_loads"":0,""sanitisation"":0,""tetrahedral_chirality"":0}","{""all_atoms_connected"":0.0,""bond_angles"":0.0,""bond_lengths"":0.0,""bonds"":0.0,""double_bond_stereochemistry"":0.0,""energy_ratio"":0.0,""file_loads"":0.0,""inchi_convertible"":0.0,""internal_steric_clash"":0.0,""molecular_formula"":0.0,""no_radicals"":0.0,""planar_aromatic_rings"":0.0,""planar_double_bonds"":0.0,""reference_file_loads"":0.0,""sanitisation"":0.0,""tetrahedral_chirality"":0.0}",156,98.96987853702372,2.1728633693735837,2.8832530294896594,116.0,74.35897435897436,0.9805279611387399,0.02564102564102564,105.74474226696,0.010601577909270217,0.7241379310344828,54.0,34.61538461538461,0.9572251334113935,0.04487179487179487,45.52928686016723,0.0249835634451019,0.25925925925925924,6.0,3.8461538461538463,0.9411312074438091,0.2564102564102564,5.3993617531489475,0.19699211045364895,0.0,2.0,1.2820512820512822,0.9182958340544894,0.6666666666666666,1.8898815748423097,0.5555555555555556,0.0,156,186.10259809605873,305.15251246809873,221.4244417029518,17.255475252946415,0.5324549213220611,1.985672527909048,0.0,0.0,1.0,1.0,0.6311927331759939,1.9820987749477692,0.0,0.0,1.0,1.0,1000,0,0,0,0,0,156,0,0,0,0,156,156,156,core
2qbr_2qbr_conf0,generation,mcf_drugs_l_raw,chembl_count,,mcf_drugs_l_raw_chembl_count,MCF drugs-L,mcf_drugs_l_raw_chembl_count,8,28,200,0.7,200,200,0,1.0,200,200,0,1.0,"{""all_atoms_connected"":0,""bond_angles"":0,""bond_lengths"":0,""bonds"":0,""double_bond_stereochemistry"":0,""energy_ratio"":0,""file_loads"":0,""inchi_convertible"":0,""internal_steric_clash"":0,""molecular_formula"":0,""no_radicals"":0,""planar_aromatic_rings"":0,""planar_double_bonds"":0,""reference_file_loads"":0,""sanitisation"":0,""tetrahedral_chirality"":0}","{""all_atoms_connected"":0.0,""bond_angles"":0.0,""bond_lengths"":0.0,""bonds"":0.0,""double_bond_stereochemistry"":0.0,""energy_ratio"":0.0,""file_loads"":0.0,""inchi_convertible"":0.0,""internal_steric_clash"":0.0,""molecular_formula"":0.0,""no_radicals"":0.0,""planar_aromatic_rings"":0.0,""planar_double_bonds"":0.0,""reference_file_loads"":0.0,""sanitisation"":0.0,""tetrahedral_chirality"":0.0}",200,101.98327976275027,2.1903506715146968,2.904513860459865,151.0,75.5,0.9805247679284621,0.02,136.94332411261843,0.00825,0.7615894039735099,61.0,30.5,0.9564004748901302,0.045,50.99062110490185,0.022250000000000006,0.2459016393442623,7.0,3.5,0.9607272166835924,0.215,6.484980698398055,0.1628,0.0,2.0,1.0,0.954434002924965,0.625,1.9378192408783848,0.53125,0.0,200,190.2293471924711,1742.3280901213352,220.52606402233812,108.65989060621567,0.6290407989393144,2.057783520215837,0.0,0.0,1.0,1.0,0.6728461335293632,2.0202856529930466,0.0,0.0,1.0,1.0,1000,0,0,0,0,0,200,0,0,0,0,200,200,200,core
2v00_2v00_conf0,generation,mcf_drugs_l_raw,fixed,,mcf_drugs_l_raw_fixed,MCF drugs-L,mcf_drugs_l_raw_fixed,4,16,1000,0.7,1000,1000,0,1.0,1000,1000,0,1.0,"{""all_atoms_connected"":0,""bond_angles"":0,""bond_lengths"":0,""bonds"":0,""double_bond_stereochemistry"":0,""energy_ratio"":0,""file_loads"":0,""inchi_convertible"":0,""internal_steric_clash"":0,""molecular_formula"":0,""no_radicals"":0,""planar_aromatic_rings"":0,""planar_double_bonds"":0,""reference_file_loads"":0,""sanitisation"":0,""tetrahedral_chirality"":0}","{""all_atoms_connected"":0.0,""bond_angles"":0.0,""bond_lengths"":0.0,""bonds"":0.0,""double_bond_stereochemistry"":0.0,""energy_ratio"":0.0,""file_loads"":0.0,""inchi_convertible"":0.0,""internal_steric_clash"":0.0,""molecular_formula"":0.0,""no_radicals"":0.0,""planar_aromatic_rings"":0.0,""planar_double_bonds"":0.0,""reference_file_loads"":0.0,""sanitisation"":0.0,""tetrahedral_chirality"":0.0}",1000,105.88710264062811,1.4299188972680785,1.9773557819526064,46.0,4.6,0.8468766623597941,0.092,25.594744750571145,0.051213999999999996,0.15217391304347827,10.0,1.0,0.8807777405675775,0.273,7.599372633580342,0.15583000000000002,0.0,2.0,0.2,0.9715325521731815,0.599,1.960922546239591,0.519602,0.0,1.0,0.1,0.0,1.0,1.0,1.0,0.0,1000,-96.77785233673828,-78.93211018062,-91.43123952969611,2.9818726550255175,0.27984349422714405,1.4261197737914508,0.0,1.0,1.0,1.0,0.2898243092824639,1.4137522263217241,0.0,1.0,1.0,1.0,1000,0,0,0,0,0,1000,0,0,0,0,1000,1000,1000,core
2v00_2v00_conf0,generation,mcf_drugs_l_raw,dynamic,,mcf_drugs_l_raw_dynamic,MCF drugs-L,mcf_drugs_l_raw_dynamic,4,16,68,0.7,68,68,0,1.0,68,68,0,1.0,"{""all_atoms_connected"":0,""bond_angles"":0,""bond_lengths"":0,""bonds"":0,""double_bond_stereochemistry"":0,""energy_ratio"":0,""file_loads"":0,""inchi_convertible"":0,""internal_steric_clash"":0,""molecular_formula"":0,""no_radicals"":0,""planar_aromatic_rings"":0,""planar_double_bonds"":0,""reference_file_loads"":0,""sanitisation"":0,""tetrahedral_chirality"":0}","{""all_atoms_connected"":0.0,""bond_angles"":0.0,""bond_lengths"":0.0,""bonds"":0.0,""double_bond_stereochemistry"":0.0,""energy_ratio"":0.0,""file_loads"":0.0,""inchi_convertible"":0.0,""internal_steric_clash"":0.0,""molecular_formula"":0.0,""no_radicals"":0.0,""planar_aromatic_rings"":0.0,""planar_double_bonds"":0.0,""reference_file_loads"":0.0,""sanitisation"":0.0,""tetrahedral_chirality"":0.0}",68,106.2895089735004,1.3989947402134952,1.9392468886125258,24.0,35.294117647058826,0.9399448875130271,0.11764705882352941,19.829990234620546,0.059256055363321805,0.25,7.0,10.294117647058824,0.8892645996789001,0.3382352941176471,5.643074322883726,0.20761245674740483,0.0,1.0,1.4705882352941178,0.0,1.0,1.0,1.0,0.0,1.0,1.4705882352941178,0.0,1.0,1.0,1.0,0.0,68,-96.00619204414282,-78.93211018062,-91.49663936997058,3.350780513162158,0.36183065245435597,1.4872714097554267,0.0,1.0,1.0,1.0,0.3704399815598303,1.442888411556876,0.0,1.0,1.0,1.0,1000,0,0,0,0,0,68,0,0,0,0,68,68,68,core
2v00_2v00_conf0,generation,mcf_drugs_l_raw,chembl_count,,mcf_drugs_l_raw_chembl_count,MCF drugs-L,mcf_drugs_l_raw_chembl_count,4,16,30,0.7,30,30,0,1.0,30,30,0,1.0,"{""all_atoms_connected"":0,""bond_angles"":0,""bond_lengths"":0,""bonds"":0,""double_bond_stereochemistry"":0,""energy_ratio"":0,""file_loads"":0,""inchi_convertible"":0,""internal_steric_clash"":0,""molecular_formula"":0,""no_radicals"":0,""planar_aromatic_rings"":0,""planar_double_bonds"":0,""reference_file_loads"":0,""sanitisation"":0,""tetrahedral_chirality"":0}","{""all_atoms_connected"":0.0,""bond_angles"":0.0,""bond_lengths"":0.0,""bonds"":0.0,""double_bond_stereochemistry"":0.0,""energy_ratio"":0.0,""file_loads"":0.0,""inchi_convertible"":0.0,""internal_steric_clash"":0.0,""molecular_formula"":0.0,""no_radicals"":0.0,""planar_aromatic_rings"":0.0,""planar_double_bonds"":0.0,""reference_file_loads"":0.0,""sanitisation"":0.0,""tetrahedral_chirality"":0.0}",30,99.57871173305645,1.4451189886971332,1.9486308583601344,12.0,40.0,0.9226739879636741,0.16666666666666666,9.902217562580082,0.11555555555555554,0.4166666666666667,7.0,23.333333333333332,0.8426423790490222,0.4,5.153655957169108,0.24000000000000005,0.2857142857142857,1.0,3.3333333333333335,0.0,1.0,1.0,1.0,0.0,1.0,3.3333333333333335,0.0,1.0,1.0,1.0,0.0,30,-95.74035441973396,-86.73024782773194,-92.90811231685235,2.4752023877957683,0.32797305558386547,1.4636853244124137,0.0,1.0,1.0,1.0,0.29267287557169713,1.3991744828142405,0.0,1.0,1.0,1.0,1000,0,0,0,0,0,30,0,0,0,0,30,30,30,core
2wn9_2wn9_conf0,generation,mcf_drugs_l_raw,fixed,,mcf_drugs_l_raw_fixed,MCF drugs-L,mcf_drugs_l_raw_fixed,4,22,1000,0.7,1000,1000,0,1.0,1000,1000,0,1.0,"{""all_atoms_connected"":0,""bond_angles"":0,""bond_lengths"":0,""bonds"":0,""double_bond_stereochemistry"":0,""energy_ratio"":0,""file_loads"":0,""inchi_convertible"":0,""internal_steric_clash"":0,""molecular_formula"":0,""no_radicals"":0,""planar_aromatic_rings"":0,""planar_double_bonds"":0,""reference_file_loads"":0,""sanitisation"":0,""tetrahedral_chirality"":0}","{""all_atoms_connected"":0.0,""bond_angles"":0.0,""bond_lengths"":0.0,""bonds"":0.0,""double_bond_stereochemistry"":0.0,""energy_ratio"":0.0,""file_loads"":0.0,""inchi_convertible"":0.0,""internal_steric_clash"":0.0,""molecular_formula"":0.0,""no_radicals"":0.0,""planar_aromatic_rings"":0.0,""planar_double_bonds"":0.0,""reference_file_loads"":0.0,""sanitisation"":0.0,""tetrahedral_chirality"":0.0}",1000,106.45341923327672,1.4259648285989164,2.0660404956039984,45.0,4.5,0.9343074231164917,0.054,35.043600735027674,0.031686000000000006,0.06666666666666667,9.0,0.9,0.9897114951057434,0.136,8.798827038481917,0.11582800000000001,0.0,2.0,0.2,0.9614969508235551,0.615,1.9473294100115042,0.52645,0.0,1.0,0.1,0.0,1.0,1.0,1.0,0.0,1000,76.10830910024555,138.10292785116215,82.30183406539156,4.841513783215479,0.2719675843703172,1.3479443947926886,0.0,1.0,1.0,1.0,0.25472874361771103,1.3725904418754866,0.0,1.0,1.0,1.0,1000,0,0,0,0,0,1000,0,0,0,0,1000,1000,1000,core
2wn9_2wn9_conf0,generation,mcf_drugs_l_raw,dynamic,,mcf_drugs_l_raw_dynamic,MCF drugs-L,mcf_drugs_l_raw_dynamic,4,22,68,0.7,68,68,0,1.0,68,68,0,1.0,"{""all_atoms_connected"":0,""bond_angles"":0,""bond_lengths"":0,""bonds"":0,""double_bond_stereochemistry"":0,""energy_ratio"":0,""file_loads"":0,""inchi_convertible"":0,""internal_steric_clash"":0,""molecular_formula"":0,""no_radicals"":0,""planar_aromatic_rings"":0,""planar_double_bonds"":0,""reference_file_loads"":0,""sanitisation"":0,""tetrahedral_chirality"":0}","{""all_atoms_connected"":0.0,""bond_angles"":0.0,""bond_lengths"":0.0,""bonds"":0.0,""double_bond_stereochemistry"":0.0,""energy_ratio"":0.0,""file_loads"":0.0,""inchi_convertible"":0.0,""internal_steric_clash"":0.0,""molecular_formula"":0.0,""no_radicals"":0.0,""planar_aromatic_rings"":0.0,""planar_double_bonds"":0.0,""reference_file_loads"":0.0,""sanitisation"":0.0,""tetrahedral_chirality"":0.0}",68,101.78223113999789,1.380378754454834,2.0090313293113162,21.0,30.88235294117647,0.9384123034135895,0.1323529411764706,17.409522272642835,0.06747404844290658,0.14285714285714285,8.0,11.764705882352942,0.952442047689552,0.20588235294117646,7.246709907534713,0.14662629757785467,0.0,2.0,2.9411764705882355,0.8739810481273579,0.7058823529411765,1.8327132138707352,0.5847750865051904,0.0,1.0,1.4705882352941178,0.0,1.0,1.0,1.0,0.0,68,76.10830910024555,138.10292785116215,82.60959848053217,7.334390334500541,0.36546474665545997,1.295583698809567,0.0,1.0,1.0,1.0,0.31411840753518283,1.3304172451595853,0.0,1.0,1.0,1.0,1000,0,0,0,0,0,68,0,0,0,0,68,68,68,core
2wn9_2wn9_conf0,generation,mcf_drugs_l_raw,chembl_count,,mcf_drugs_l_raw_chembl_count,MCF drugs-L,mcf_drugs_l_raw_chembl_count,4,22,71,0.7,71,71,0,1.0,71,71,0,1.0,"{""all_atoms_connected"":0,""bond_angles"":0,""bond_lengths"":0,""bonds"":0,""double_bond_stereochemistry"":0,""energy_ratio"":0,""file_loads"":0,""inchi_convertible"":0,""internal_steric_clash"":0,""molecular_formula"":0,""no_radicals"":0,""planar_aromatic_rings"":0,""planar_double_bonds"":0,""reference_file_loads"":0,""sanitisation"":0,""tetrahedral_chirality"":0}","{""all_atoms_connected"":0.0,""bond_angles"":0.0,""bond_lengths"":0.0,""bonds"":0.0,""double_bond_stereochemistry"":0.0,""energy_ratio"":0.0,""file_loads"":0.0,""inchi_convertible"":0.0,""internal_steric_clash"":0.0,""molecular_formula"":0.0,""no_radicals"":0.0,""planar_aromatic_rings"":0.0,""planar_double_bonds"":0.0,""reference_file_loads"":0.0,""sanitisation"":0.0,""tetrahedral_chirality"":0.0}",71,103.31366863656861,1.432416168144543,2.0819693177539644,25.0,35.2112676056338,0.9628761068659838,0.08450704225352113,22.184162263701097,0.04899821463995239,0.24,8.0,11.267605633802816,0.9536854396258081,0.19718309859154928,7.265470960395732,0.14659789724261058,0.0,2.0,2.816901408450704,0.9477073729342067,0.6338028169014085,1.9288051029565179,0.5358063876215038,0.0,1.0,1.408450704225352,0.0,1.0,1.0,1.0,0.0,71,76.90133438792489,91.96728947045625,83.02263382843711,3.3518515092430516,0.35416178922581126,1.4339641905009572,0.0,1.0,1.0,1.0,0.2880266737768499,1.4535488973646078,0.0,1.0,1.0,1.0,1000,0,0,0,0,0,71,0,0,0,0,71,71,71,core
2wtv_2wtv_conf0,generation,mcf_drugs_l_raw,fixed,,mcf_drugs_l_raw_fixed,MCF drugs-L,mcf_drugs_l_raw_fixed,4,34,998,0.7,998,997,1,0.998997995991984,1000,998,2,0.998,"{""all_atoms_connected"":0,""bond_angles"":2,""bond_lengths"":2,""bonds"":0,""double_bond_stereochemistry"":0,""energy_ratio"":2,""file_loads"":0,""inchi_convertible"":0,""internal_steric_clash"":2,""molecular_formula"":0,""no_radicals"":0,""planar_aromatic_rings"":1,""planar_double_bonds"":0,""reference_file_loads"":0,""sanitisation"":0,""tetrahedral_chirality"":0}","{""all_atoms_connected"":0.0,""bond_angles"":0.002,""bond_lengths"":0.002,""bonds"":0.0,""double_bond_stereochemistry"":0.0,""energy_ratio"":0.002,""file_loads"":0.0,""inchi_convertible"":0.0,""internal_steric_clash"":0.002,""molecular_formula"":0.0,""no_radicals"":0.0,""planar_aromatic_rings"":0.001,""planar_double_bonds"":0.0,""reference_file_loads"":0.0,""sanitisation"":0.0,""tetrahedral_chirality"":0.0}",998,118.42671831868785,1.845524898570867,2.946089445001023,24.0,2.404809619238477,0.5525000344593419,0.2755511022044088,5.788509609596605,0.21427423986249053,0.375,9.0,0.9018036072144289,0.6583814548441391,0.3046092184368738,4.248695156714545,0.249699800402408,0.1111111111111111,4.0,0.40080160320641284,0.539282827207711,0.5150300601202404,2.1119353242909917,0.49089160284496847,0.0,2.0,0.20040080160320642,0.7770668826750913,0.7705410821643287,1.71364335140918,0.6463849542772921,0.0,998,45.229212699641316,19126.87604331299,51.374067862188,603.5189966383156,0.28993646950807594,1.9599939362225545,0.0,1.0,1.0,1.0,0.3528688553896364,1.8943840113587929,0.0,1.0,1.0,1.0,1000,0,0,0,0,0,1000,0,0,0,0,998,1000,1000,core
2wtv_2wtv_conf0,generation,mcf_drugs_l_raw,dynamic,,mcf_drugs_l_raw_dynamic,MCF drugs-L,mcf_drugs_l_raw_dynamic,4,34,67,0.7,67,67,0,1.0,68,67,1,0.9852941176470588,"{""all_atoms_connected"":0,""bond_angles"":1,""bond_lengths"":1,""bonds"":0,""double_bond_stereochemistry"":0,""energy_ratio"":1,""file_loads"":0,""inchi_convertible"":0,""internal_steric_clash"":1,""molecular_formula"":0,""no_radicals"":0,""planar_aromatic_rings"":1,""planar_double_bonds"":0,""reference_file_loads"":0,""sanitisation"":0,""tetrahedral_chirality"":0}","{""all_atoms_connected"":0.0,""bond_angles"":0.014705882352941176,""bond_lengths"":0.014705882352941176,""bonds"":0.0,""double_bond_stereochemistry"":0.0,""energy_ratio"":0.014705882352941176,""file_loads"":0.0,""inchi_convertible"":0.0,""internal_steric_clash"":0.014705882352941176,""molecular_formula"":0.0,""no_radicals"":0.0,""planar_aromatic_rings"":0.014705882352941176,""planar_double_bonds"":0.0,""reference_file_loads"":0.0,""sanitisation"":0.0,""tetrahedral_chirality"":0.0}",67,123.06092829629722,1.8041693459816441,2.9327627865501955,5.0,7.462686567164179,0.9070674297129443,0.3582089552238806,4.305394238241844,0.2532858097571842,0.0,4.0,5.970149253731344,0.9677815409942808,0.3582089552238806,3.8252739784883953,0.2719982178658944,0.0,2.0,2.985074626865672,0.9726699911457106,0.5970149253731343,1.9624691719252338,0.5188237914903095,0.0,1.0,1.492537313432836,0.0,1.0,1.0,1.0,0.0,67,45.229212699641316,57.56498261995322,51.970346344344264,2.70422762121106,0.4363394627025484,1.9343422639809622,0.0,1.0,1.0,1.0,0.40275926347927354,1.8617910507805617,0.0,1.0,1.0,1.0,1000,0,0,0,0,0,68,0,0,0,0,67,68,68,core
2wtv_2wtv_conf0,generation,mcf_drugs_l_raw,chembl_count,,mcf_drugs_l_raw_chembl_count,MCF drugs-L,mcf_drugs_l_raw_chembl_count,4,34,110,0.7,110,110,0,1.0,110,110,0,1.0,"{""all_atoms_connected"":0,""bond_angles"":0,""bond_lengths"":0,""bonds"":0,""double_bond_stereochemistry"":0,""energy_ratio"":0,""file_loads"":0,""inchi_convertible"":0,""internal_steric_clash"":0,""molecular_formula"":0,""no_radicals"":0,""planar_aromatic_rings"":0,""planar_double_bonds"":0,""reference_file_loads"":0,""sanitisation"":0,""tetrahedral_chirality"":0}","{""all_atoms_connected"":0.0,""bond_angles"":0.0,""bond_lengths"":0.0,""bonds"":0.0,""double_bond_stereochemistry"":0.0,""energy_ratio"":0.0,""file_loads"":0.0,""inchi_convertible"":0.0,""internal_steric_clash"":0.0,""molecular_formula"":0.0,""no_radicals"":0.0,""planar_aromatic_rings"":0.0,""planar_double_bonds"":0.0,""reference_file_loads"":0.0,""sanitisation"":0.0,""tetrahedral_chirality"":0.0}",110,117.9995357622245,1.8199156044340499,2.938762613452241,8.0,7.2727272727272725,0.7700150666959568,0.3181818181818182,4.95898616391313,0.23008264462809916,0.125,4.0,3.6363636363636362,0.9832549556643946,0.33636363636363636,3.9082152054172283,0.26198347107438014,0.0,2.0,1.8181818181818181,0.9913982594066482,0.5545454545454546,1.988110933664747,0.5059504132231405,0.0,1.0,0.9090909090909091,0.0,1.0,1.0,1.0,0.0,110,46.1502919192642,61.486234256637836,51.25836440761118,2.9138796597456302,0.4216959134486795,1.9373004033726282,0.0,1.0,1.0,1.0,0.4140726734630456,1.871195717947664,0.0,1.0,1.0,1.0,1000,0,0,0,0,0,110,0,0,0,0,110,110,110,core
2xdl_2xdl_conf0,generation,mcf_drugs_l_raw,fixed,,mcf_drugs_l_raw_fixed,MCF drugs-L,mcf_drugs_l_raw_fixed,5,16,1000,0.7,1000,1000,0,1.0,1000,1000,0,1.0,"{""all_atoms_connected"":0,""bond_angles"":0,""bond_lengths"":0,""bonds"":0,""double_bond_stereochemistry"":0,""energy_ratio"":0,""file_loads"":0,""inchi_convertible"":0,""internal_steric_clash"":0,""molecular_formula"":0,""no_radicals"":0,""planar_aromatic_rings"":0,""planar_double_bonds"":0,""reference_file_loads"":0,""sanitisation"":0,""tetrahedral_chirality"":0}","{""all_atoms_connected"":0.0,""bond_angles"":0.0,""bond_lengths"":0.0,""bonds"":0.0,""double_bond_stereochemistry"":0.0,""energy_ratio"":0.0,""file_loads"":0.0,""inchi_convertible"":0.0,""internal_steric_clash"":0.0,""molecular_formula"":0.0,""no_radicals"":0.0,""planar_aromatic_rings"":0.0,""planar_double_bonds"":0.0,""reference_file_loads"":0.0,""sanitisation"":0.0,""tetrahedral_chirality"":0.0}",1000,118.10963176132948,1.2074183098253009,1.85432806293973,22.0,2.2,0.9446906831944486,0.124,18.54275240997011,0.062384,0.0,4.0,0.4,0.9751903093085389,0.332,3.864764801707348,0.26630600000000004,0.0,1.0,0.1,0.0,1.0,1.0,1.0,0.0,1.0,0.1,0.0,1.0,1.0,1.0,0.0,1000,21.161712761684676,34.06735548094095,24.61729552179665,3.19481346431151,0.21801245236860298,1.4993479631821476,1.0,1.0,1.0,1.0,0.30274486084877156,1.4044518115450795,0.0,1.0,1.0,1.0,1000,0,0,0,0,0,1000,0,0,0,0,1000,1000,1000,core
2xdl_2xdl_conf0,generation,mcf_drugs_l_raw,dynamic,,mcf_drugs_l_raw_dynamic,MCF drugs-L,mcf_drugs_l_raw_dynamic,5,16,90,0.7,90,90,0,1.0,90,90,0,1.0,"{""all_atoms_connected"":0,""bond_angles"":0,""bond_lengths"":0,""bonds"":0,""double_bond_stereochemistry"":0,""energy_ratio"":0,""file_loads"":0,""inchi_convertible"":0,""internal_steric_clash"":0,""molecular_formula"":0,""no_radicals"":0,""planar_aromatic_rings"":0,""planar_double_bonds"":0,""reference_file_loads"":0,""sanitisation"":0,""tetrahedral_chirality"":0}","{""all_atoms_connected"":0.0,""bond_angles"":0.0,""bond_lengths"":0.0,""bonds"":0.0,""double_bond_stereochemistry"":0.0,""energy_ratio"":0.0,""file_loads"":0.0,""inchi_convertible"":0.0,""internal_steric_clash"":0.0,""molecular_formula"":0.0,""no_radicals"":0.0,""planar_aromatic_rings"":0.0,""planar_double_bonds"":0.0,""reference_file_loads"":0.0,""sanitisation"":0.0,""tetrahedral_chirality"":0.0}",90,117.77850818205886,1.1867477381034275,1.850890145108362,14.0,15.555555555555555,0.9168325673736474,0.15555555555555556,11.241066304983818,0.09950617283950619,0.21428571428571427,2.0,2.2222222222222223,0.9910760598382222,0.5555555555555556,1.9876669750024174,0.5061728395061729,0.0,1.0,1.1111111111111112,0.0,1.0,1.0,1.0,0.0,1.0,1.1111111111111112,0.0,1.0,1.0,1.0,0.0,90,22.29171732770493,33.85789097821875,24.35082843037638,3.0593652566221383,0.4161772531943244,1.6268142436229522,0.0,1.0,1.0,1.0,0.5369162008080564,1.5387406735663602,0.0,0.0,1.0,1.0,1000,0,0,0,0,0,90,0,0,0,0,90,90,90,core
2xdl_2xdl_conf0,generation,mcf_drugs_l_raw,chembl_count,,mcf_drugs_l_raw_chembl_count,MCF drugs-L,mcf_drugs_l_raw_chembl_count,5,16,58,0.7,58,58,0,1.0,58,58,0,1.0,"{""all_atoms_connected"":0,""bond_angles"":0,""bond_lengths"":0,""bonds"":0,""double_bond_stereochemistry"":0,""energy_ratio"":0,""file_loads"":0,""inchi_convertible"":0,""internal_steric_clash"":0,""molecular_formula"":0,""no_radicals"":0,""planar_aromatic_rings"":0,""planar_double_bonds"":0,""reference_file_loads"":0,""sanitisation"":0,""tetrahedral_chirality"":0}","{""all_atoms_connected"":0.0,""bond_angles"":0.0,""bond_lengths"":0.0,""bonds"":0.0,""double_bond_stereochemistry"":0.0,""energy_ratio"":0.0,""file_loads"":0.0,""inchi_convertible"":0.0,""internal_steric_clash"":0.0,""molecular_formula"":0.0,""no_radicals"":0.0,""planar_aromatic_rings"":0.0,""planar_double_bonds"":0.0,""reference_file_loads"":0.0,""sanitisation"":0.0,""tetrahedral_chirality"":0.0}",58,114.23143377464918,1.191050520903382,1.8439915673232534,12.0,20.689655172413794,0.9274998777004471,0.20689655172413793,10.021678672149239,0.11474435196195006,0.08333333333333333,2.0,3.4482758620689653,0.9784493292686188,0.5862068965517241,1.9703464572337879,0.5148632580261593,0.0,1.0,1.7241379310344827,0.0,1.0,1.0,1.0,0.0,1.0,1.7241379310344827,0.0,1.0,1.0,1.0,0.0,58,21.69089699062135,33.71218162484563,24.35197247522568,3.4506754342619494,0.41279917346911216,1.6351928766179422,0.0,1.0,1.0,1.0,0.5364592029448714,1.5402044777685928,0.0,0.0,1.0,1.0,1000,0,0,0,0,0,58,0,0,0,0,58,58,58,core
2xnb_2xnb_conf0,generation,mcf_drugs_l_raw,fixed,,mcf_drugs_l_raw_fixed,MCF drugs-L,mcf_drugs_l_raw_fixed,4,27,995,0.7,995,995,0,1.0,1000,995,5,0.995,"{""all_atoms_connected"":0,""bond_angles"":2,""bond_lengths"":2,""bonds"":0,""double_bond_stereochemistry"":0,""energy_ratio"":5,""file_loads"":0,""inchi_convertible"":0,""internal_steric_clash"":2,""molecular_formula"":0,""no_radicals"":0,""planar_aromatic_rings"":1,""planar_double_bonds"":0,""reference_file_loads"":0,""sanitisation"":0,""tetrahedral_chirality"":0}","{""all_atoms_connected"":0.0,""bond_angles"":0.002,""bond_lengths"":0.002,""bonds"":0.0,""double_bond_stereochemistry"":0.0,""energy_ratio"":0.005,""file_loads"":0.0,""inchi_convertible"":0.0,""internal_steric_clash"":0.002,""molecular_formula"":0.0,""no_radicals"":0.0,""planar_aromatic_rings"":0.001,""planar_double_bonds"":0.0,""reference_file_loads"":0.0,""sanitisation"":0.0,""tetrahedral_chirality"":0.0}",995,100.70628111978253,0.720868166309101,1.90521462182673,32.0,3.2160804020100504,0.48285797530545277,0.3678391959798995,5.330570248781759,0.2667821519658594,0.3125,8.0,0.8040201005025126,0.19699935967973584,0.9206030150753769,1.5062884609965015,0.8490058331860306,0.0,3.0,0.3015075376884422,0.24682887503140413,0.9386934673366835,1.3114970032034112,0.883138304588268,0.0,2.0,0.20100502512562815,0.19008947039175844,0.9708542713567839,1.1408344638356387,0.9434074897098559,0.0,995,56.40250167564872,4595.210059170499,80.12118841196096,143.26936761111165,0.775101081732069,2.3218907505583672,0.0,0.0,0.0,1.0,0.7439686931903597,2.350382891475312,0.0,0.0,1.0,1.0,1000,0,0,0,0,0,1000,0,0,0,0,995,1000,1000,core
2xnb_2xnb_conf0,generation,mcf_drugs_l_raw,dynamic,,mcf_drugs_l_raw_dynamic,MCF drugs-L,mcf_drugs_l_raw_dynamic,4,27,67,0.7,67,67,0,1.0,68,67,1,0.9852941176470588,"{""all_atoms_connected"":0,""bond_angles"":0,""bond_lengths"":0,""bonds"":0,""double_bond_stereochemistry"":0,""energy_ratio"":1,""file_loads"":0,""inchi_convertible"":0,""internal_steric_clash"":0,""molecular_formula"":0,""no_radicals"":0,""planar_aromatic_rings"":0,""planar_double_bonds"":0,""reference_file_loads"":0,""sanitisation"":0,""tetrahedral_chirality"":0}","{""all_atoms_connected"":0.0,""bond_angles"":0.0,""bond_lengths"":0.0,""bonds"":0.0,""double_bond_stereochemistry"":0.0,""energy_ratio"":0.014705882352941176,""file_loads"":0.0,""inchi_convertible"":0.0,""internal_steric_clash"":0.0,""molecular_formula"":0.0,""no_radicals"":0.0,""planar_aromatic_rings"":0.0,""planar_double_bonds"":0.0,""reference_file_loads"":0.0,""sanitisation"":0.0,""tetrahedral_chirality"":0.0}",67,98.18646279257206,0.5467398326767393,0.6558168084059874,5.0,7.462686567164179,0.4967916819059108,0.6865671641791045,2.2245516004949026,0.5442192024949876,0.6,3.0,4.477611940298507,0.1410087310273057,0.9701492537313433,1.1675574589400564,0.9416351080418801,0.6666666666666666,2.0,2.985074626865672,0.11190990870168402,0.9850746268656716,1.0806579165958752,0.970594787257741,0.5,2.0,2.985074626865672,0.11190990870168402,0.9850746268656716,1.0806579165958752,0.970594787257741,0.5,67,59.478074904884224,106.30062385100747,80.20894261018533,7.004491642539401,1.7803501364898804,2.3210876437139856,0.0,0.0,0.0,1.0,1.8495127514925114,2.349331374438263,0.0,0.0,0.0,1.0,1000,0,0,0,0,0,68,0,0,0,0,67,68,68,core
2xnb_2xnb_conf0,generation,mcf_drugs_l_raw,chembl_count,,mcf_drugs_l_raw_chembl_count,MCF drugs-L,mcf_drugs_l_raw_chembl_count,4,27,79,0.7,79,79,0,1.0,79,79,0,1.0,"{""all_atoms_connected"":0,""bond_angles"":0,""bond_lengths"":0,""bonds"":0,""double_bond_stereochemistry"":0,""energy_ratio"":0,""file_loads"":0,""inchi_convertible"":0,""internal_steric_clash"":0,""molecular_formula"":0,""no_radicals"":0,""planar_aromatic_rings"":0,""planar_double_bonds"":0,""reference_file_loads"":0,""sanitisation"":0,""tetrahedral_chirality"":0}","{""all_atoms_connected"":0.0,""bond_angles"":0.0,""bond_lengths"":0.0,""bonds"":0.0,""double_bond_stereochemistry"":0.0,""energy_ratio"":0.0,""file_loads"":0.0,""inchi_convertible"":0.0,""internal_steric_clash"":0.0,""molecular_formula"":0.0,""no_radicals"":0.0,""planar_aromatic_rings"":0.0,""planar_double_bonds"":0.0,""reference_file_loads"":0.0,""sanitisation"":0.0,""tetrahedral_chirality"":0.0}",79,98.23006393460543,0.6252545712227133,1.8992769401368572,7.0,8.860759493670885,0.5082561205130722,0.5949367088607594,2.6886003527116826,0.46354750841211345,0.5714285714285714,3.0,3.7974683544303796,0.2757869491389843,0.9240506329113924,1.3538913551858045,0.8580355712225606,0.3333333333333333,2.0,2.5316455696202533,0.09794058271817413,0.9873417721518988,1.0702446195784299,0.9750040057683065,0.5,1.0,1.2658227848101267,0.0,1.0,1.0,1.0,0.0,79,61.97831604980972,99.22703809125062,78.9359036402633,8.004415514378174,0.7923521470826922,2.31761211523004,0.0,0.0,0.0,1.0,0.8182135801052117,2.3494362820064043,0.0,0.0,0.0,1.0,1000,0,0,0,0,0,79,0,0,0,0,79,79,79,core
2yfe_2yfe_conf0,generation,mcf_drugs_l_raw,fixed,,mcf_drugs_l_raw_fixed,MCF drugs-L,mcf_drugs_l_raw_fixed,8,25,1000,0.7,1000,1000,0,1.0,1000,1000,0,1.0,"{""all_atoms_connected"":0,""bond_angles"":0,""bond_lengths"":0,""bonds"":0,""double_bond_stereochemistry"":0,""energy_ratio"":0,""file_loads"":0,""inchi_convertible"":0,""internal_steric_clash"":0,""molecular_formula"":0,""no_radicals"":0,""planar_aromatic_rings"":0,""planar_double_bonds"":0,""reference_file_loads"":0,""sanitisation"":0,""tetrahedral_chirality"":0}","{""all_atoms_connected"":0.0,""bond_angles"":0.0,""bond_lengths"":0.0,""bonds"":0.0,""double_bond_stereochemistry"":0.0,""energy_ratio"":0.0,""file_loads"":0.0,""inchi_convertible"":0.0,""internal_steric_clash"":0.0,""molecular_formula"":0.0,""no_radicals"":0.0,""planar_aromatic_rings"":0.0,""planar_double_bonds"":0.0,""reference_file_loads"":0.0,""sanitisation"":0.0,""tetrahedral_chirality"":0.0}",1000,85.02482362228264,2.032710605231825,2.8792006418510367,137.0,13.7,0.9014761937995668,0.041,84.37285094459226,0.015459999999999998,0.29927007299270075,34.0,3.4,0.8654474344062203,0.092,21.155071602358063,0.054900000000000004,0.20588235294117646,5.0,0.5,0.9861264565369755,0.27,4.889594157199914,0.209046,0.0,2.0,0.2,0.9551678918612524,0.624,1.9388052468185446,0.530752,0.0,1000,78.904517016418,137.1470927884874,90.43423946376387,6.854277087670265,0.493769708009512,2.056153613306055,0.0,1.0,1.0,1.0,0.5124413838722365,2.074444868399718,0.0,0.0,1.0,1.0,1000,0,0,0,0,0,1000,0,0,0,0,1000,1000,1000,core
2yfe_2yfe_conf0,generation,mcf_drugs_l_raw,dynamic,,mcf_drugs_l_raw_dynamic,MCF drugs-L,mcf_drugs_l_raw_dynamic,8,25,156,0.7,156,156,0,1.0,156,156,0,1.0,"{""all_atoms_connected"":0,""bond_angles"":0,""bond_lengths"":0,""bonds"":0,""double_bond_stereochemistry"":0,""energy_ratio"":0,""file_loads"":0,""inchi_convertible"":0,""internal_steric_clash"":0,""molecular_formula"":0,""no_radicals"":0,""planar_aromatic_rings"":0,""planar_double_bonds"":0,""reference_file_loads"":0,""sanitisation"":0,""tetrahedral_chirality"":0}","{""all_atoms_connected"":0.0,""bond_angles"":0.0,""bond_lengths"":0.0,""bonds"":0.0,""double_bond_stereochemistry"":0.0,""energy_ratio"":0.0,""file_loads"":0.0,""inchi_convertible"":0.0,""internal_steric_clash"":0.0,""molecular_formula"":0.0,""no_radicals"":0.0,""planar_aromatic_rings"":0.0,""planar_double_bonds"":0.0,""reference_file_loads"":0.0,""sanitisation"":0.0,""tetrahedral_chirality"":0.0}",156,84.82640958812183,2.0672731892131986,2.8964679722479665,62.0,39.743589743589745,0.9378490204885761,0.05128205128205128,47.97254847035914,0.0254766600920447,0.46774193548387094,19.0,12.179487179487179,0.894174954614306,0.10897435897435898,13.913277368172842,0.08168967784352399,0.21052631578947367,5.0,3.2051282051282053,0.9905118086561365,0.2564102564102564,4.924226751691641,0.20619658119658119,0.0,2.0,1.2820512820512822,0.9881108365218302,0.5641025641025641,1.9835858466340404,0.5082182774490467,0.0,156,78.904517016418,134.28901145419505,90.27033550083894,7.581794926437455,0.7845665634891545,2.1500535136431065,0.0,0.0,0.0,1.0,0.760431314284209,2.1455515757536285,0.0,0.0,0.0,1.0,1000,0,0,0,0,0,156,0,0,0,0,156,156,156,core
2yfe_2yfe_conf0,generation,mcf_drugs_l_raw,chembl_count,,mcf_drugs_l_raw_chembl_count,MCF drugs-L,mcf_drugs_l_raw_chembl_count,8,25,155,0.7,155,155,0,1.0,155,155,0,1.0,"{""all_atoms_connected"":0,""bond_angles"":0,""bond_lengths"":0,""bonds"":0,""double_bond_stereochemistry"":0,""energy_ratio"":0,""file_loads"":0,""inchi_convertible"":0,""internal_steric_clash"":0,""molecular_formula"":0,""no_radicals"":0,""planar_aromatic_rings"":0,""planar_double_bonds"":0,""reference_file_loads"":0,""sanitisation"":0,""tetrahedral_chirality"":0}","{""all_atoms_connected"":0.0,""bond_angles"":0.0,""bond_lengths"":0.0,""bonds"":0.0,""double_bond_stereochemistry"":0.0,""energy_ratio"":0.0,""file_loads"":0.0,""inchi_convertible"":0.0,""internal_steric_clash"":0.0,""molecular_formula"":0.0,""no_radicals"":0.0,""planar_aromatic_rings"":0.0,""planar_double_bonds"":0.0,""reference_file_loads"":0.0,""sanitisation"":0.0,""tetrahedral_chirality"":0.0}",155,82.75225297806831,2.0497154375033926,2.8828626046147408,58.0,37.41935483870968,0.9448787887289524,0.04516129032258064,46.36878396754886,0.025681581685744016,0.3620689655172414,15.0,9.67741935483871,0.9245895044644293,0.15483870967741936,12.229300999684654,0.09186264308012485,0.06666666666666667,5.0,3.225806451612903,0.9631317622337606,0.33548387096774196,4.711944994596778,0.22597294484911554,0.0,1.0,0.6451612903225806,0.0,1.0,1.0,1.0,0.0,155,79.1918210026703,132.81289203675783,91.48247691348527,6.7367984480609024,0.493769708009512,2.077743231598704,0.0,1.0,1.0,1.0,0.5124413838722365,2.101052892767315,0.0,0.0,1.0,1.0,1000,0,0,0,0,0,155,0,0,0,0,155,155,155,core
2ymd_2ymd_conf0,generation,mcf_drugs_l_raw,fixed,,mcf_drugs_l_raw_fixed,MCF drugs-L,mcf_drugs_l_raw_fixed,4,13,983,0.7,983,983,0,1.0,1000,983,17,0.983,"{""all_atoms_connected"":0,""bond_angles"":0,""bond_lengths"":0,""bonds"":0,""double_bond_stereochemistry"":0,""energy_ratio"":17,""file_loads"":0,""inchi_convertible"":0,""internal_steric_clash"":0,""molecular_formula"":0,""no_radicals"":0,""planar_aromatic_rings"":0,""planar_double_bonds"":0,""reference_file_loads"":0,""sanitisation"":0,""tetrahedral_chirality"":0}","{""all_atoms_connected"":0.0,""bond_angles"":0.0,""bond_lengths"":0.0,""bonds"":0.0,""double_bond_stereochemistry"":0.0,""energy_ratio"":0.017,""file_loads"":0.0,""inchi_convertible"":0.0,""internal_steric_clash"":0.0,""molecular_formula"":0.0,""no_radicals"":0.0,""planar_aromatic_rings"":0.0,""planar_double_bonds"":0.0,""reference_file_loads"":0.0,""sanitisation"":0.0,""tetrahedral_chirality"":0.0}",983,76.79572625240158,0.6614727952849632,1.1180086766959618,8.0,0.8138351983723296,0.637762262624155,0.4170905391658189,3.76666254430164,0.3294573362627536,0.0,2.0,0.2034587995930824,0.9988642553152363,0.5198372329603256,1.9984261431292678,0.5007870316230445,0.0,1.0,0.1017293997965412,0.0,1.0,1.0,1.0,0.0,1.0,0.1017293997965412,0.0,1.0,1.0,1.0,0.0,983,13.759671372358582,12631.859828204797,24.352223500910252,433.71957639646297,0.16406802820471944,0.5472951308948544,1.0,1.0,1.0,1.0,0.13053875932715658,0.5809597298999126,1.0,1.0,1.0,1.0,1000,0,0,0,0,0,1000,0,0,0,0,983,1000,1000,core
2ymd_2ymd_conf0,generation,mcf_drugs_l_raw,dynamic,,mcf_drugs_l_raw_dynamic,MCF drugs-L,mcf_drugs_l_raw_dynamic,4,13,67,0.7,67,67,0,1.0,68,67,1,0.9852941176470588,"{""all_atoms_connected"":0,""bond_angles"":0,""bond_lengths"":0,""bonds"":0,""double_bond_stereochemistry"":0,""energy_ratio"":1,""file_loads"":0,""inchi_convertible"":0,""internal_steric_clash"":0,""molecular_formula"":0,""no_radicals"":0,""planar_aromatic_rings"":0,""planar_double_bonds"":0,""reference_file_loads"":0,""sanitisation"":0,""tetrahedral_chirality"":0}","{""all_atoms_connected"":0.0,""bond_angles"":0.0,""bond_lengths"":0.0,""bonds"":0.0,""double_bond_stereochemistry"":0.0,""energy_ratio"":0.014705882352941176,""file_loads"":0.0,""inchi_convertible"":0.0,""internal_steric_clash"":0.0,""molecular_formula"":0.0,""no_radicals"":0.0,""planar_aromatic_rings"":0.0,""planar_double_bonds"":0.0,""reference_file_loads"":0.0,""sanitisation"":0.0,""tetrahedral_chirality"":0.0}",67,75.35874747829811,0.6667226588701304,1.1149336532700713,6.0,8.955223880597014,0.7566377947466482,0.3582089552238806,3.8795258149045484,0.2938293606593896,0.3333333333333333,2.0,2.985074626865672,0.9804679314541814,0.582089552238806,1.9731052727687988,0.5134773891735354,0.0,1.0,1.492537313432836,0.0,1.0,1.0,1.0,0.0,1.0,1.492537313432836,0.0,1.0,1.0,1.0,0.0,67,15.24936320369348,33.242779715780834,24.175888746572205,3.8612901508341855,0.17115907030158092,0.5037413949261709,1.0,1.0,1.0,1.0,0.1545615921599287,0.519980414211727,1.0,1.0,1.0,1.0,1000,0,0,0,0,0,68,0,0,0,0,67,68,68,core
2ymd_2ymd_conf0,generation,mcf_drugs_l_raw,chembl_count,,mcf_drugs_l_raw_chembl_count,MCF drugs-L,mcf_drugs_l_raw_chembl_count,4,13,29,0.7,29,29,0,1.0,30,29,1,0.9666666666666668,"{""all_atoms_connected"":0,""bond_angles"":0,""bond_lengths"":0,""bonds"":0,""double_bond_stereochemistry"":0,""energy_ratio"":1,""file_loads"":0,""inchi_convertible"":0,""internal_steric_clash"":0,""molecular_formula"":0,""no_radicals"":0,""planar_aromatic_rings"":0,""planar_double_bonds"":0,""reference_file_loads"":0,""sanitisation"":0,""tetrahedral_chirality"":0}","{""all_atoms_connected"":0.0,""bond_angles"":0.0,""bond_lengths"":0.0,""bonds"":0.0,""double_bond_stereochemistry"":0.0,""energy_ratio"":0.03333333333333333,""file_loads"":0.0,""inchi_convertible"":0.0,""internal_steric_clash"":0.0,""molecular_formula"":0.0,""no_radicals"":0.0,""planar_aromatic_rings"":0.0,""planar_double_bonds"":0.0,""reference_file_loads"":0.0,""sanitisation"":0.0,""tetrahedral_chirality"":0.0}",29,76.1600767961523,0.6795331306750427,1.0966729265492865,5.0,17.24137931034483,0.7878895495587839,0.41379310344827586,3.5539487592881036,0.3317479191438763,0.2,2.0,6.896551724137931,0.9293636260137188,0.6551724137931034,1.904435762583764,0.5481569560047562,0.0,1.0,3.4482758620689653,0.0,1.0,1.0,1.0,0.0,1.0,3.4482758620689653,0.0,1.0,1.0,1.0,0.0,29,16.392504839468145,30.950971669826973,23.090584536923778,3.982246497290335,0.3458865475551073,0.5326725706189311,0.0,1.0,1.0,1.0,0.3625087418010618,0.5352288216339142,0.0,1.0,1.0,1.0,1000,0,0,0,0,0,30,0,0,0,0,29,30,30,core
2zb1_2zb1_conf0,generation,mcf_drugs_l_raw,fixed,,mcf_drugs_l_raw_fixed,MCF drugs-L,mcf_drugs_l_raw_fixed,5,26,1000,0.7,1000,1000,0,1.0,1000,1000,0,1.0,"{""all_atoms_connected"":0,""bond_angles"":0,""bond_lengths"":0,""bonds"":0,""double_bond_stereochemistry"":0,""energy_ratio"":0,""file_loads"":0,""inchi_convertible"":0,""internal_steric_clash"":0,""molecular_formula"":0,""no_radicals"":0,""planar_aromatic_rings"":0,""planar_double_bonds"":0,""reference_file_loads"":0,""sanitisation"":0,""tetrahedral_chirality"":0}","{""all_atoms_connected"":0.0,""bond_angles"":0.0,""bond_lengths"":0.0,""bonds"":0.0,""double_bond_stereochemistry"":0.0,""energy_ratio"":0.0,""file_loads"":0.0,""inchi_convertible"":0.0,""internal_steric_clash"":0.0,""molecular_formula"":0.0,""no_radicals"":0.0,""planar_aromatic_rings"":0.0,""planar_double_bonds"":0.0,""reference_file_loads"":0.0,""sanitisation"":0.0,""tetrahedral_chirality"":0.0}",1000,114.11637317894998,1.3316532986042255,1.8030616378208806,104.0,10.4,0.9261123916483743,0.033,73.7903499339281,0.015823999999999998,0.20192307692307693,14.0,1.4,0.8616326962415035,0.157,9.717205551656642,0.11599599999999999,0.0,2.0,0.2,0.7849192945250533,0.766,1.7229959310047895,0.6415120000000001,0.0,1.0,0.1,0.0,1.0,1.0,1.0,0.0,1000,67.9288152578703,81.46935623954738,71.8055311299358,1.8902082691543995,0.33352968897124863,1.259104725096325,0.0,1.0,1.0,1.0,0.31753274425951333,1.2943637581615108,0.0,1.0,1.0,1.0,1000,0,0,0,0,0,1000,0,0,0,0,1000,1000,1000,core
2zb1_2zb1_conf0,generation,mcf_drugs_l_raw,dynamic,,mcf_drugs_l_raw_dynamic,MCF drugs-L,mcf_drugs_l_raw_dynamic,5,26,90,0.7,90,90,0,1.0,90,90,0,1.0,"{""all_atoms_connected"":0,""bond_angles"":0,""bond_lengths"":0,""bonds"":0,""double_bond_stereochemistry"":0,""energy_ratio"":0,""file_loads"":0,""inchi_convertible"":0,""internal_steric_clash"":0,""molecular_formula"":0,""no_radicals"":0,""planar_aromatic_rings"":0,""planar_double_bonds"":0,""reference_file_loads"":0,""sanitisation"":0,""tetrahedral_chirality"":0}","{""all_atoms_connected"":0.0,""bond_angles"":0.0,""bond_lengths"":0.0,""bonds"":0.0,""double_bond_stereochemistry"":0.0,""energy_ratio"":0.0,""file_loads"":0.0,""inchi_convertible"":0.0,""internal_steric_clash"":0.0,""molecular_formula"":0.0,""no_radicals"":0.0,""planar_aromatic_rings"":0.0,""planar_double_bonds"":0.0,""reference_file_loads"":0.0,""sanitisation"":0.0,""tetrahedral_chirality"":0.0}",90,113.70000393096183,1.3452575205167763,1.810306093726313,48.0,53.333333333333336,0.9668084732153981,0.06666666666666667,42.21222786339372,0.026913580246913583,0.4375,10.0,11.11111111111111,0.924608443287813,0.14444444444444443,8.406368878403592,0.12567901234567902,0.2,2.0,2.2222222222222223,0.9871377743721862,0.5666666666666667,1.9822484180857005,0.5088888888888888,0.0,1.0,1.1111111111111112,0.0,1.0,1.0,1.0,0.0,90,68.36693177668272,79.92235744891092,71.76003588223887,1.9273382858276396,0.4615001342558021,1.3088224789268168,0.0,1.0,1.0,1.0,0.44246716998591135,1.314471065392138,0.0,1.0,1.0,1.0,1000,0,0,0,0,0,90,0,0,0,0,90,90,90,core
2zb1_2zb1_conf0,generation,mcf_drugs_l_raw,chembl_count,,mcf_drugs_l_raw_chembl_count,MCF drugs-L,mcf_drugs_l_raw_chembl_count,5,26,200,0.7,200,200,0,1.0,200,200,0,1.0,"{""all_atoms_connected"":0,""bond_angles"":0,""bond_lengths"":0,""bonds"":0,""double_bond_stereochemistry"":0,""energy_ratio"":0,""file_loads"":0,""inchi_convertible"":0,""internal_steric_clash"":0,""molecular_formula"":0,""no_radicals"":0,""planar_aromatic_rings"":0,""planar_double_bonds"":0,""reference_file_loads"":0,""sanitisation"":0,""tetrahedral_chirality"":0}","{""all_atoms_connected"":0.0,""bond_angles"":0.0,""bond_lengths"":0.0,""bonds"":0.0,""double_bond_stereochemistry"":0.0,""energy_ratio"":0.0,""file_loads"":0.0,""inchi_convertible"":0.0,""internal_steric_clash"":0.0,""molecular_formula"":0.0,""no_radicals"":0.0,""planar_aromatic_rings"":0.0,""planar_double_bonds"":0.0,""reference_file_loads"":0.0,""sanitisation"":0.0,""tetrahedral_chirality"":0.0}",200,114.19497282090835,1.302531258991439,1.7696024717523653,61.0,30.5,0.9620951482827692,0.04,52.198397747417125,0.021400000000000006,0.21311475409836064,11.0,5.5,0.8737775231623699,0.195,8.12728559184065,0.13675,0.09090909090909091,1.0,0.5,0.0,1.0,1.0,1.0,0.0,1.0,0.5,0.0,1.0,1.0,1.0,0.0,200,68.24890012498028,78.76879029741787,71.74797776720996,1.7227520718012204,0.38804025171686796,1.2230629102765507,0.0,1.0,1.0,1.0,0.42527942802092933,1.2330768830776004,0.0,1.0,1.0,1.0,1000,0,0,0,0,0,200,0,0,0,0,200,200,200,core
2zcq_2zcq_conf0,generation,mcf_drugs_l_raw,fixed,,mcf_drugs_l_raw_fixed,MCF drugs-L,mcf_drugs_l_raw_fixed,8,25,484,0.7,484,483,1,0.9979338842975206,1000,484,516,0.484,"{""all_atoms_connected"":0,""bond_angles"":24,""bond_lengths"":17,""bonds"":0,""double_bond_stereochemistry"":0,""energy_ratio"":21,""file_loads"":0,""inchi_convertible"":0,""internal_steric_clash"":12,""molecular_formula"":0,""no_radicals"":0,""planar_aromatic_rings"":5,""planar_double_bonds"":0,""reference_file_loads"":0,""sanitisation"":0,""tetrahedral_chirality"":501}","{""all_atoms_connected"":0.0,""bond_angles"":0.024,""bond_lengths"":0.017,""bonds"":0.0,""double_bond_stereochemistry"":0.0,""energy_ratio"":0.021,""file_loads"":0.0,""inchi_convertible"":0.0,""internal_steric_clash"":0.012,""molecular_formula"":0.0,""no_radicals"":0.0,""planar_aromatic_rings"":0.005,""planar_double_bonds"":0.0,""reference_file_loads"":0.0,""sanitisation"":0.0,""tetrahedral_chirality"":0.501}",484,108.7682723866991,2.2243578165045554,2.9459298136430263,373.0,77.06611570247934,0.9830679759102219,0.012396694214876033,337.4151634614677,0.0034065296086332906,0.7828418230563002,114.0,23.553719008264462,0.9418499791803371,0.045454545454545456,86.55572360157893,0.014360357899050616,0.23684210526315788,8.0,1.6528925619834711,0.9142244426006653,0.2066115702479339,6.693094239739299,0.16478553377501537,0.0,2.0,0.4132231404958678,0.9960055225466988,0.5371900826446281,1.9944701373969045,0.5027662044942285,0.0,484,233.84448693688867,5524.349982523879,256.0379700962666,298.719285104029,0.5068266969646811,2.135995161735512,0.0,0.0,1.0,1.0,0.8679119579633081,2.0525183064124373,0.0,0.0,0.0,1.0,1000,0,0,0,0,0,1000,0,0,0,0,484,1000,1000,core
2zcq_2zcq_conf0,generation,mcf_drugs_l_raw,dynamic,,mcf_drugs_l_raw_dynamic,MCF drugs-L,mcf_drugs_l_raw_dynamic,8,25,83,0.7,83,83,0,1.0,156,83,73,0.532051282051282,"{""all_atoms_connected"":0,""bond_angles"":5,""bond_lengths"":2,""bonds"":0,""double_bond_stereochemistry"":0,""energy_ratio"":2,""file_loads"":0,""inchi_convertible"":0,""internal_steric_clash"":2,""molecular_formula"":0,""no_radicals"":0,""planar_aromatic_rings"":0,""planar_double_bonds"":0,""reference_file_loads"":0,""sanitisation"":0,""tetrahedral_chirality"":72}","{""all_atoms_connected"":0.0,""bond_angles"":0.03205128205128205,""bond_lengths"":0.01282051282051282,""bonds"":0.0,""double_bond_stereochemistry"":0.0,""energy_ratio"":0.01282051282051282,""file_loads"":0.0,""inchi_convertible"":0.0,""internal_steric_clash"":0.01282051282051282,""molecular_formula"":0.0,""no_radicals"":0.0,""planar_aromatic_rings"":0.0,""planar_double_bonds"":0.0,""reference_file_loads"":0.0,""sanitisation"":0.0,""tetrahedral_chirality"":0.46153846153846156}",83,106.5791995164441,2.2552377333807776,3.0776627185816174,79.0,95.18072289156626,0.9945712120214061,0.03614457831325301,77.14810735498105,0.01349978226157642,0.9620253164556962,52.0,62.65060240963855,0.9608744677260428,0.060240963855421686,44.55165065400922,0.02656408767600523,0.6538461538461539,7.0,8.433734939759036,0.8797250526552194,0.26506024096385544,5.539287643800521,0.19785164755407172,0.14285714285714285,2.0,2.4096385542168677,0.9335289015212996,0.6506024096385542,1.909942097321844,0.5453621715778778,0.0,83,238.187288993602,363.97371639355595,255.84427613770129,17.228083804230156,0.6364976610762607,2.233715492514659,0.0,0.0,1.0,1.0,0.8679119579633081,2.0510429990110355,0.0,0.0,0.0,1.0,1000,0,0,0,0,0,156,0,0,0,0,83,156,156,core
2zcq_2zcq_conf0,generation,mcf_drugs_l_raw,chembl_count,,mcf_drugs_l_raw_chembl_count,MCF drugs-L,mcf_drugs_l_raw_chembl_count,8,25,32,0.7,32,31,1,0.96875,67,32,35,0.4776119402985074,"{""all_atoms_connected"":0,""bond_angles"":1,""bond_lengths"":1,""bonds"":0,""double_bond_stereochemistry"":0,""energy_ratio"":2,""file_loads"":0,""inchi_convertible"":0,""internal_steric_clash"":0,""molecular_formula"":0,""no_radicals"":0,""planar_aromatic_rings"":1,""planar_double_bonds"":0,""reference_file_loads"":0,""sanitisation"":0,""tetrahedral_chirality"":34}","{""all_atoms_connected"":0.0,""bond_angles"":0.014925373134328358,""bond_lengths"":0.014925373134328358,""bonds"":0.0,""double_bond_stereochemistry"":0.0,""energy_ratio"":0.029850746268656716,""file_loads"":0.0,""inchi_convertible"":0.0,""internal_steric_clash"":0.0,""molecular_formula"":0.0,""no_radicals"":0.0,""planar_aromatic_rings"":0.014925373134328358,""planar_double_bonds"":0.0,""reference_file_loads"":0.0,""sanitisation"":0.0,""tetrahedral_chirality"":0.5074626865671642}",32,107.57133194989933,2.278102936232724,3.065895654791082,32.0,100.0,1.0,0.03125,32.0,0.03125,1.0,21.0,65.625,0.9764571529632414,0.09375,19.54746697756802,0.0546875,0.5238095238095238,5.0,15.625,0.9889107664459722,0.25,4.911554446242034,0.20703125,0.0,2.0,6.25,0.8112781244591328,0.75,1.7547653506033232,0.625,0.0,32,239.8093923034201,5524.349982523879,253.62672766706254,916.5783700517222,1.2251590553530332,2.273769977231461,0.0,0.0,0.0,1.0,1.3804728350827078,2.1370238391560177,0.0,0.0,0.0,1.0,1000,0,0,0,0,0,67,0,0,0,0,32,67,67,core
2zcr_2zcr_conf0,generation,mcf_drugs_l_raw,fixed,,mcf_drugs_l_raw_fixed,MCF drugs-L,mcf_drugs_l_raw_fixed,10,28,523,0.7,523,523,0,1.0,1000,523,477,0.523,"{""all_atoms_connected"":0,""bond_angles"":19,""bond_lengths"":9,""bonds"":0,""double_bond_stereochemistry"":0,""energy_ratio"":1,""file_loads"":0,""inchi_convertible"":0,""internal_steric_clash"":1,""molecular_formula"":0,""no_radicals"":0,""planar_aromatic_rings"":0,""planar_double_bonds"":0,""reference_file_loads"":0,""sanitisation"":0,""tetrahedral_chirality"":466}","{""all_atoms_connected"":0.0,""bond_angles"":0.019,""bond_lengths"":0.009,""bonds"":0.0,""double_bond_stereochemistry"":0.0,""energy_ratio"":0.001,""file_loads"":0.0,""inchi_convertible"":0.0,""internal_steric_clash"":0.001,""molecular_formula"":0.0,""no_radicals"":0.0,""planar_aromatic_rings"":0.0,""planar_double_bonds"":0.0,""reference_file_loads"":0.0,""sanitisation"":0.0,""tetrahedral_chirality"":0.466}",523,112.64211647441188,1.6969162932387922,2.225556733319656,423.0,80.87954110898661,0.984212565839748,0.01338432122370937,384.4830439167123,0.003023445411638254,0.83451536643026,97.0,18.54684512428298,0.908811650860508,0.07265774378585087,63.91478019435138,0.022904335554913745,0.20618556701030927,4.0,0.7648183556405354,0.7343187975018048,0.6367112810707457,2.767604122616078,0.45785638817090696,0.0,2.0,0.3824091778202677,0.4851499794421811,0.8948374760994264,1.3997313710642538,0.8117932650651303,0.0,523,245.24514469484203,5217.5533230265555,278.81483597234194,237.21602956959805,0.7421713190780659,1.5977209672831185,0.0,0.0,1.0,1.0,4.000077243021668,4.337431435184169,0.0,0.0,0.0,0.0,1000,0,0,0,0,0,1000,0,0,0,0,523,1000,1000,core
2zcr_2zcr_conf0,generation,mcf_drugs_l_raw,dynamic,,mcf_drugs_l_raw_dynamic,MCF drugs-L,mcf_drugs_l_raw_dynamic,10,28,105,0.7,105,105,0,1.0,200,105,95,0.525,"{""all_atoms_connected"":0,""bond_angles"":4,""bond_lengths"":2,""bonds"":0,""double_bond_stereochemistry"":0,""energy_ratio"":0,""file_loads"":0,""inchi_convertible"":0,""internal_steric_clash"":0,""molecular_formula"":0,""no_radicals"":0,""planar_aromatic_rings"":0,""planar_double_bonds"":0,""reference_file_loads"":0,""sanitisation"":0,""tetrahedral_chirality"":92}","{""all_atoms_connected"":0.0,""bond_angles"":0.02,""bond_lengths"":0.01,""bonds"":0.0,""double_bond_stereochemistry"":0.0,""energy_ratio"":0.0,""file_loads"":0.0,""inchi_convertible"":0.0,""internal_steric_clash"":0.0,""molecular_formula"":0.0,""no_radicals"":0.0,""planar_aromatic_rings"":0.0,""planar_double_bonds"":0.0,""reference_file_loads"":0.0,""sanitisation"":0.0,""tetrahedral_chirality"":0.46}",105,113.41317002583064,1.7015461558991132,2.2387962985001426,97.0,92.38095238095238,0.993145715289556,0.02857142857142857,94.00562369177617,0.011156462585034018,0.9278350515463918,50.0,47.61904761904762,0.9495076982087112,0.047619047619047616,41.03789709701765,0.02875283446712018,0.5,3.0,2.857142857142857,0.7303181671730039,0.5047619047619047,2.2307470136874024,0.47337868480725626,0.0,1.0,0.9523809523809523,0.0,1.0,1.0,1.0,0.0,105,249.15973919060002,2088.226474591491,278.81483597234194,188.09548425247635,0.9075024041472737,1.5702615200770282,0.0,0.0,0.0,1.0,4.0219138533736505,4.3371564386158905,0.0,0.0,0.0,0.0,1000,0,0,0,0,0,200,0,0,0,0,105,200,200,core
2zcr_2zcr_conf0,generation,mcf_drugs_l_raw,chembl_count,,mcf_drugs_l_raw_chembl_count,MCF drugs-L,mcf_drugs_l_raw_chembl_count,10,28,33,0.7,33,33,0,1.0,60,33,27,0.55,"{""all_atoms_connected"":0,""bond_angles"":2,""bond_lengths"":1,""bonds"":0,""double_bond_stereochemistry"":0,""energy_ratio"":0,""file_loads"":0,""inchi_convertible"":0,""internal_steric_clash"":0,""molecular_formula"":0,""no_radicals"":0,""planar_aromatic_rings"":0,""planar_double_bonds"":0,""reference_file_loads"":0,""sanitisation"":0,""tetrahedral_chirality"":25}","{""all_atoms_connected"":0.0,""bond_angles"":0.03333333333333333,""bond_lengths"":0.016666666666666666,""bonds"":0.0,""double_bond_stereochemistry"":0.0,""energy_ratio"":0.0,""file_loads"":0.0,""inchi_convertible"":0.0,""internal_steric_clash"":0.0,""molecular_formula"":0.0,""no_radicals"":0.0,""planar_aromatic_rings"":0.0,""planar_double_bonds"":0.0,""reference_file_loads"":0.0,""sanitisation"":0.0,""tetrahedral_chirality"":0.4166666666666667}",33,107.9237820654725,1.7492784440852855,2.2784841431115788,33.0,100.0,1.0,0.030303030303030304,33.0,0.030303030303030307,1.0,24.0,72.72727272727273,0.971259593834541,0.09090909090909091,21.905007692647246,0.050505050505050504,0.7083333333333334,4.0,12.121212121212121,0.7212518610097721,0.6666666666666666,2.717921375203209,0.48209366391184577,0.0,1.0,3.0303030303030303,0.0,1.0,1.0,1.0,0.0,33,261.5203180599543,367.60625600078737,279.99085521913594,22.69559717326293,0.969056339702623,1.6446910083553432,0.0,0.0,0.0,1.0,4.067925869157066,4.340779473863997,0.0,0.0,0.0,0.0,1000,0,0,0,0,0,60,0,0,0,0,33,60,60,core
2zy1_2zy1_conf0,generation,mcf_drugs_l_raw,fixed,,mcf_drugs_l_raw_fixed,MCF drugs-L,mcf_drugs_l_raw_fixed,8,24,999,0.7,999,999,0,1.0,1000,999,1,0.999,"{""all_atoms_connected"":0,""bond_angles"":0,""bond_lengths"":1,""bonds"":0,""double_bond_stereochemistry"":0,""energy_ratio"":1,""file_loads"":0,""inchi_convertible"":0,""internal_steric_clash"":0,""molecular_formula"":0,""no_radicals"":0,""planar_aromatic_rings"":1,""planar_double_bonds"":0,""reference_file_loads"":0,""sanitisation"":0,""tetrahedral_chirality"":0}","{""all_atoms_connected"":0.0,""bond_angles"":0.0,""bond_lengths"":0.001,""bonds"":0.0,""double_bond_stereochemistry"":0.0,""energy_ratio"":0.001,""file_loads"":0.0,""inchi_convertible"":0.0,""internal_steric_clash"":0.0,""molecular_formula"":0.0,""no_radicals"":0.0,""planar_aromatic_rings"":0.001,""planar_double_bonds"":0.0,""reference_file_loads"":0.0,""sanitisation"":0.0,""tetrahedral_chirality"":0.0}",999,98.45662373805627,1.9331044295511537,2.895866866176227,352.0,35.23523523523524,0.9275830235686967,0.023023023023023025,230.21294650476625,0.006501997492988484,0.48863636363636365,110.0,11.01101101101101,0.8609574142776495,0.06306306306306306,57.220568424789015,0.026652277903529163,0.19090909090909092,7.0,0.7007007007007007,0.7757267288130093,0.35535535535535534,4.524443175721021,0.26147168189210235,0.0,2.0,0.2002002002002002,0.8020273540829715,0.7557557557557557,1.74354953716694,0.6308220132043956,0.0,999,28.989005127274446,72.98079443600014,46.336007602061,8.335733448055109,0.8871153892507141,3.2919701448329075,0.0,0.0,0.0,1.0,0.8835957392004443,3.308465823731997,0.0,0.0,0.0,1.0,1000,0,0,0,0,0,1000,0,0,0,0,999,1000,1000,core
2zy1_2zy1_conf0,generation,mcf_drugs_l_raw,dynamic,,mcf_drugs_l_raw_dynamic,MCF drugs-L,mcf_drugs_l_raw_dynamic,8,24,156,0.7,156,156,0,1.0,156,156,0,1.0,"{""all_atoms_connected"":0,""bond_angles"":0,""bond_lengths"":0,""bonds"":0,""double_bond_stereochemistry"":0,""energy_ratio"":0,""file_loads"":0,""inchi_convertible"":0,""internal_steric_clash"":0,""molecular_formula"":0,""no_radicals"":0,""planar_aromatic_rings"":0,""planar_double_bonds"":0,""reference_file_loads"":0,""sanitisation"":0,""tetrahedral_chirality"":0}","{""all_atoms_connected"":0.0,""bond_angles"":0.0,""bond_lengths"":0.0,""bonds"":0.0,""double_bond_stereochemistry"":0.0,""energy_ratio"":0.0,""file_loads"":0.0,""inchi_convertible"":0.0,""internal_steric_clash"":0.0,""molecular_formula"":0.0,""no_radicals"":0.0,""planar_aromatic_rings"":0.0,""planar_double_bonds"":0.0,""reference_file_loads"":0.0,""sanitisation"":0.0,""tetrahedral_chirality"":0.0}",156,97.26253584410776,2.031211348944592,2.9238024387786394,112.0,71.7948717948718,0.9726225959302217,0.03205128205128205,98.42734099393044,0.011916502301117684,0.7589285714285714,46.0,29.487179487179485,0.9133543009595726,0.07692307692307693,33.013153940919125,0.038790269559500344,0.3695652173913043,7.0,4.487179487179487,0.7505555979887231,0.5384615384615384,4.308172307344194,0.3330046022353714,0.0,2.0,1.2820512820512822,0.7564041945982506,0.782051282051282,1.689274986556139,0.6591058514135437,0.0,156,28.989005127274446,69.9971225325381,46.21969338316316,8.502029370490078,1.3103501667640092,3.32485236932171,0.0,0.0,0.0,1.0,1.3059728289617478,3.3590661822137795,0.0,0.0,0.0,1.0,1000,0,0,0,0,0,156,0,0,0,0,156,156,156,core
2zy1_2zy1_conf0,generation,mcf_drugs_l_raw,chembl_count,,mcf_drugs_l_raw_chembl_count,MCF drugs-L,mcf_drugs_l_raw_chembl_count,8,24,93,0.7,93,93,0,1.0,94,93,1,0.9893617021276596,"{""all_atoms_connected"":0,""bond_angles"":0,""bond_lengths"":1,""bonds"":0,""double_bond_stereochemistry"":0,""energy_ratio"":1,""file_loads"":0,""inchi_convertible"":0,""internal_steric_clash"":0,""molecular_formula"":0,""no_radicals"":0,""planar_aromatic_rings"":1,""planar_double_bonds"":0,""reference_file_loads"":0,""sanitisation"":0,""tetrahedral_chirality"":0}","{""all_atoms_connected"":0.0,""bond_angles"":0.0,""bond_lengths"":0.010638297872340425,""bonds"":0.0,""double_bond_stereochemistry"":0.0,""energy_ratio"":0.010638297872340425,""file_loads"":0.0,""inchi_convertible"":0.0,""internal_steric_clash"":0.0,""molecular_formula"":0.0,""no_radicals"":0.0,""planar_aromatic_rings"":0.010638297872340425,""planar_double_bonds"":0.0,""reference_file_loads"":0.0,""sanitisation"":0.0,""tetrahedral_chirality"":0.0}",93,95.75257645507807,2.0482046814735573,2.9268425245676277,75.0,80.64516129032258,0.9824645829856952,0.03225806451612903,69.53144936101815,0.01583998150075153,0.8133333333333334,37.0,39.784946236559136,0.9167697935296711,0.11827956989247312,27.395546651778186,0.04751994450225461,0.5135135135135135,6.0,6.451612903225806,0.808061577367231,0.43010752688172044,4.253967100495435,0.28916637761590935,0.0,2.0,2.150537634408602,0.7088356733321961,0.8064516129032258,1.6344844743969267,0.687825182101977,0.0,93,28.989005127274446,67.62103226067053,46.313859242372715,8.14601862297087,1.319308021101409,3.2684007788366918,0.0,0.0,0.0,1.0,1.26187026691994,3.2799641614398705,0.0,0.0,0.0,1.0,1000,0,0,0,0,0,94,0,0,0,0,93,94,94,core
3aru_3aru_conf0,generation,mcf_drugs_l_raw,fixed,,mcf_drugs_l_raw_fixed,MCF drugs-L,mcf_drugs_l_raw_fixed,5,20,999,0.7,999,999,0,1.0,1000,999,1,0.999,"{""all_atoms_connected"":0,""bond_angles"":0,""bond_lengths"":0,""bonds"":0,""double_bond_stereochemistry"":0,""energy_ratio"":1,""file_loads"":0,""inchi_convertible"":0,""internal_steric_clash"":0,""molecular_formula"":0,""no_radicals"":0,""planar_aromatic_rings"":0,""planar_double_bonds"":0,""reference_file_loads"":0,""sanitisation"":0,""tetrahedral_chirality"":0}","{""all_atoms_connected"":0.0,""bond_angles"":0.0,""bond_lengths"":0.0,""bonds"":0.0,""double_bond_stereochemistry"":0.0,""energy_ratio"":0.001,""file_loads"":0.0,""inchi_convertible"":0.0,""internal_steric_clash"":0.0,""molecular_formula"":0.0,""no_radicals"":0.0,""planar_aromatic_rings"":0.0,""planar_double_bonds"":0.0,""reference_file_loads"":0.0,""sanitisation"":0.0,""tetrahedral_chirality"":0.0}",999,107.9974192135303,1.7053862120104795,2.4395429745249255,162.0,16.216216216216218,0.918316963045651,0.03403403403403404,106.91413287274337,0.012872732592452314,0.16666666666666666,18.0,1.8018018018018018,0.9633284742779558,0.11011011011011011,16.189735262323815,0.0663736809882956,0.0,3.0,0.3003003003003003,0.9924425737308842,0.38738738738738737,2.9751950720893774,0.33887040193346496,0.0,1.0,0.1001001001001001,0.0,1.0,1.0,1.0,0.0,999,-113.60648756185586,-1.2017765386810169,-108.26251216921214,4.483718668184285,0.37420827269748613,1.6824792561660256,0.0,1.0,1.0,1.0,0.2689329162442105,1.6521530490675207,0.0,1.0,1.0,1.0,1000,0,0,0,0,0,1000,0,0,0,0,999,1000,1000,core
3aru_3aru_conf0,generation,mcf_drugs_l_raw,dynamic,,mcf_drugs_l_raw_dynamic,MCF drugs-L,mcf_drugs_l_raw_dynamic,5,20,90,0.7,90,90,0,1.0,90,90,0,1.0,"{""all_atoms_connected"":0,""bond_angles"":0,""bond_lengths"":0,""bonds"":0,""double_bond_stereochemistry"":0,""energy_ratio"":0,""file_loads"":0,""inchi_convertible"":0,""internal_steric_clash"":0,""molecular_formula"":0,""no_radicals"":0,""planar_aromatic_rings"":0,""planar_double_bonds"":0,""reference_file_loads"":0,""sanitisation"":0,""tetrahedral_chirality"":0}","{""all_atoms_connected"":0.0,""bond_angles"":0.0,""bond_lengths"":0.0,""bonds"":0.0,""double_bond_stereochemistry"":0.0,""energy_ratio"":0.0,""file_loads"":0.0,""inchi_convertible"":0.0,""internal_steric_clash"":0.0,""molecular_formula"":0.0,""no_radicals"":0.0,""planar_aromatic_rings"":0.0,""planar_double_bonds"":0.0,""reference_file_loads"":0.0,""sanitisation"":0.0,""tetrahedral_chirality"":0.0}",90,109.50550894095437,1.6917508421467562,2.439528331634867,49.0,54.44444444444444,0.9595483493785395,0.06666666666666667,41.8624709059755,0.02814814814814815,0.4897959183673469,14.0,15.555555555555555,0.9153590150833474,0.15555555555555556,11.197437057750577,0.10222222222222223,0.07142857142857142,3.0,3.3333333333333335,0.9112855339545183,0.5222222222222223,2.7214082521499066,0.397283950617284,0.0,1.0,1.1111111111111112,0.0,1.0,1.0,1.0,0.0,90,-112.81123201174674,-98.7009128680572,-108.70534283842156,2.9001083266790024,0.5566908728721928,1.542633743213727,0.0,0.0,1.0,1.0,0.5029330653694242,1.5611352276810473,0.0,0.0,1.0,1.0,1000,0,0,0,0,0,90,0,0,0,0,90,90,90,core
3aru_3aru_conf0,generation,mcf_drugs_l_raw,chembl_count,,mcf_drugs_l_raw_chembl_count,MCF drugs-L,mcf_drugs_l_raw_chembl_count,5,20,124,0.7,124,124,0,1.0,124,124,0,1.0,"{""all_atoms_connected"":0,""bond_angles"":0,""bond_lengths"":0,""bonds"":0,""double_bond_stereochemistry"":0,""energy_ratio"":0,""file_loads"":0,""inchi_convertible"":0,""internal_steric_clash"":0,""molecular_formula"":0,""no_radicals"":0,""planar_aromatic_rings"":0,""planar_double_bonds"":0,""reference_file_loads"":0,""sanitisation"":0,""tetrahedral_chirality"":0}","{""all_atoms_connected"":0.0,""bond_angles"":0.0,""bond_lengths"":0.0,""bonds"":0.0,""double_bond_stereochemistry"":0.0,""energy_ratio"":0.0,""file_loads"":0.0,""inchi_convertible"":0.0,""internal_steric_clash"":0.0,""molecular_formula"":0.0,""no_radicals"":0.0,""planar_aromatic_rings"":0.0,""planar_double_bonds"":0.0,""reference_file_loads"":0.0,""sanitisation"":0.0,""tetrahedral_chirality"":0.0}",124,108.81120933652392,1.7052035904954852,2.431207118446819,66.0,53.225806451612904,0.9519326429918252,0.04838709677419355,53.961407320021515,0.02250260145681581,0.5757575757575758,14.0,11.290322580645162,0.9330628806950101,0.14516129032258066,11.733012317880172,0.09586368366285122,0.0,3.0,2.4193548387096775,0.9840697014368878,0.3951612903225806,2.9479531052912593,0.3445629552549428,0.0,1.0,0.8064516129032258,0.0,1.0,1.0,1.0,0.0,124,-111.888006051074,-99.14418311668004,-108.21869680844793,3.1360633256547583,0.5793244385040285,1.8067584570683557,0.0,0.0,1.0,1.0,0.5174929429633596,1.8077100245631552,0.0,0.0,1.0,1.0,1000,0,0,0,0,0,124,0,0,0,0,124,124,124,core
3ary_3ary_conf0,generation,mcf_drugs_l_raw,fixed,,mcf_drugs_l_raw_fixed,MCF drugs-L,mcf_drugs_l_raw_fixed,2,17,1000,0.7,1000,1000,0,1.0,1000,1000,0,1.0,"{""all_atoms_connected"":0,""bond_angles"":0,""bond_lengths"":0,""bonds"":0,""double_bond_stereochemistry"":0,""energy_ratio"":0,""file_loads"":0,""inchi_convertible"":0,""internal_steric_clash"":0,""molecular_formula"":0,""no_radicals"":0,""planar_aromatic_rings"":0,""planar_double_bonds"":0,""reference_file_loads"":0,""sanitisation"":0,""tetrahedral_chirality"":0}","{""all_atoms_connected"":0.0,""bond_angles"":0.0,""bond_lengths"":0.0,""bonds"":0.0,""double_bond_stereochemistry"":0.0,""energy_ratio"":0.0,""file_loads"":0.0,""inchi_convertible"":0.0,""internal_steric_clash"":0.0,""molecular_formula"":0.0,""no_radicals"":0.0,""planar_aromatic_rings"":0.0,""planar_double_bonds"":0.0,""reference_file_loads"":0.0,""sanitisation"":0.0,""tetrahedral_chirality"":0.0}",1000,121.00774788179505,0.67921079247814,1.1055909217516997,8.0,0.8,0.5463612091768635,0.475,3.114679305097152,0.35600600000000004,0.25,2.0,0.2,0.9993506898146104,0.515,1.9991000674817678,0.50045,0.0,1.0,0.1,0.0,1.0,1.0,1.0,0.0,1.0,0.1,0.0,1.0,1.0,1.0,0.0,1000,53.58848922845688,2644.9450288807902,71.52618988813899,82.21297121325316,0.45183676399041545,1.0578542325183078,0.0,1.0,1.0,1.0,0.25621931131414466,0.9690135401415771,0.0,1.0,1.0,1.0,1000,0,0,0,0,0,1000,0,0,0,0,1000,1000,1000,core
3ary_3ary_conf0,generation,mcf_drugs_l_raw,dynamic,,mcf_drugs_l_raw_dynamic,MCF drugs-L,mcf_drugs_l_raw_dynamic,2,17,24,0.7,24,24,0,1.0,24,24,0,1.0,"{""all_atoms_connected"":0,""bond_angles"":0,""bond_lengths"":0,""bonds"":0,""double_bond_stereochemistry"":0,""energy_ratio"":0,""file_loads"":0,""inchi_convertible"":0,""internal_steric_clash"":0,""molecular_formula"":0,""no_radicals"":0,""planar_aromatic_rings"":0,""planar_double_bonds"":0,""reference_file_loads"":0,""sanitisation"":0,""tetrahedral_chirality"":0}","{""all_atoms_connected"":0.0,""bond_angles"":0.0,""bond_lengths"":0.0,""bonds"":0.0,""double_bond_stereochemistry"":0.0,""energy_ratio"":0.0,""file_loads"":0.0,""inchi_convertible"":0.0,""internal_steric_clash"":0.0,""molecular_formula"":0.0,""no_radicals"":0.0,""planar_aromatic_rings"":0.0,""planar_double_bonds"":0.0,""reference_file_loads"":0.0,""sanitisation"":0.0,""tetrahedral_chirality"":0.0}",24,111.67111721353751,0.6879056443738738,1.095525946768034,5.0,20.833333333333332,0.9137464364684625,0.3333333333333333,4.3519244832291255,0.2465277777777778,0.2,2.0,8.333333333333334,1.0,0.5,2.0,0.5,0.0,1.0,4.166666666666667,0.0,1.0,1.0,1.0,0.0,1.0,4.166666666666667,0.0,1.0,1.0,1.0,0.0,24,63.14790214635934,114.41026824827921,72.88138951981266,13.918134749288765,0.4686876974988167,1.0138741322823988,0.0,1.0,1.0,1.0,0.2673678291494946,0.8197128673321131,0.0,1.0,1.0,1.0,1000,0,0,0,0,0,24,0,0,0,0,24,24,24,core
3ary_3ary_conf0,generation,mcf_drugs_l_raw,chembl_count,,mcf_drugs_l_raw_chembl_count,MCF drugs-L,mcf_drugs_l_raw_chembl_count,2,17,3,0.7,3,3,0,1.0,3,3,0,1.0,"{""all_atoms_connected"":0,""bond_angles"":0,""bond_lengths"":0,""bonds"":0,""double_bond_stereochemistry"":0,""energy_ratio"":0,""file_loads"":0,""inchi_convertible"":0,""internal_steric_clash"":0,""molecular_formula"":0,""no_radicals"":0,""planar_aromatic_rings"":0,""planar_double_bonds"":0,""reference_file_loads"":0,""sanitisation"":0,""tetrahedral_chirality"":0}","{""all_atoms_connected"":0.0,""bond_angles"":0.0,""bond_lengths"":0.0,""bonds"":0.0,""double_bond_stereochemistry"":0.0,""energy_ratio"":0.0,""file_loads"":0.0,""inchi_convertible"":0.0,""internal_steric_clash"":0.0,""molecular_formula"":0.0,""no_radicals"":0.0,""planar_aromatic_rings"":0.0,""planar_double_bonds"":0.0,""reference_file_loads"":0.0,""sanitisation"":0.0,""tetrahedral_chirality"":0.0}",3,84.00518289311499,0.8831128695746858,1.0819632911152264,3.0,100.0,0.9999999999999998,0.3333333333333333,2.9999999999999996,0.3333333333333333,1.0,2.0,66.66666666666667,0.9182958340544894,0.6666666666666666,1.8898815748423097,0.5555555555555556,0.5,1.0,33.333333333333336,0.0,1.0,1.0,1.0,0.0,1.0,33.333333333333336,0.0,1.0,1.0,1.0,0.0,3,62.96584476960147,78.27394845454252,71.67993437641351,6.269453438582799,0.515461252596391,0.9364337209303456,0.0,0.0,1.0,1.0,0.290513898277148,0.7016041135823221,0.0,1.0,1.0,1.0,1000,0,0,0,0,0,3,0,0,0,0,3,3,3,core
3b27_3b27_conf0,generation,mcf_drugs_l_raw,fixed,,mcf_drugs_l_raw_fixed,MCF drugs-L,mcf_drugs_l_raw_fixed,3,16,1000,0.7,1000,1000,0,1.0,1000,1000,0,1.0,"{""all_atoms_connected"":0,""bond_angles"":0,""bond_lengths"":0,""bonds"":0,""double_bond_stereochemistry"":0,""energy_ratio"":0,""file_loads"":0,""inchi_convertible"":0,""internal_steric_clash"":0,""molecular_formula"":0,""no_radicals"":0,""planar_aromatic_rings"":0,""planar_double_bonds"":0,""reference_file_loads"":0,""sanitisation"":0,""tetrahedral_chirality"":0}","{""all_atoms_connected"":0.0,""bond_angles"":0.0,""bond_lengths"":0.0,""bonds"":0.0,""double_bond_stereochemistry"":0.0,""energy_ratio"":0.0,""file_loads"":0.0,""inchi_convertible"":0.0,""internal_steric_clash"":0.0,""molecular_formula"":0.0,""no_radicals"":0.0,""planar_aromatic_rings"":0.0,""planar_double_bonds"":0.0,""reference_file_loads"":0.0,""sanitisation"":0.0,""tetrahedral_chirality"":0.0}",1000,120.42498875597937,1.180890959209792,1.8946366943698645,12.0,1.2,0.8984787068530236,0.141,9.324410192094804,0.11497199999999999,0.0,6.0,0.6,0.9380279042940298,0.263,5.369422602452278,0.19862800000000003,0.0,1.0,0.1,0.0,1.0,1.0,1.0,0.0,1.0,0.1,0.0,1.0,1.0,1.0,0.0,1000,-155.7630255876516,-145.38192872890616,-152.7652490118152,2.360521648918179,0.3314947623037589,1.1604534931526351,0.0,1.0,1.0,1.0,0.3246579849449848,1.1589975570816562,0.0,1.0,1.0,1.0,1000,0,0,0,0,0,1000,0,0,0,0,1000,1000,1000,core
3b27_3b27_conf0,generation,mcf_drugs_l_raw,dynamic,,mcf_drugs_l_raw_dynamic,MCF drugs-L,mcf_drugs_l_raw_dynamic,3,16,46,0.7,46,46,0,1.0,46,46,0,1.0,"{""all_atoms_connected"":0,""bond_angles"":0,""bond_lengths"":0,""bonds"":0,""double_bond_stereochemistry"":0,""energy_ratio"":0,""file_loads"":0,""inchi_convertible"":0,""internal_steric_clash"":0,""molecular_formula"":0,""no_radicals"":0,""planar_aromatic_rings"":0,""planar_double_bonds"":0,""reference_file_loads"":0,""sanitisation"":0,""tetrahedral_chirality"":0}","{""all_atoms_connected"":0.0,""bond_angles"":0.0,""bond_lengths"":0.0,""bonds"":0.0,""double_bond_stereochemistry"":0.0,""energy_ratio"":0.0,""file_loads"":0.0,""inchi_convertible"":0.0,""internal_steric_clash"":0.0,""molecular_formula"":0.0,""no_radicals"":0.0,""planar_aromatic_rings"":0.0,""planar_double_bonds"":0.0,""reference_file_loads"":0.0,""sanitisation"":0.0,""tetrahedral_chirality"":0.0}",46,124.67867935285699,1.1621471902073306,1.8701183624170126,10.0,21.73913043478261,0.9115773157844429,0.21739130434782608,8.157880058224604,0.14083175803402648,0.1,4.0,8.695652173913043,0.7625767445291651,0.5652173913043478,2.878173354058614,0.4130434782608695,0.0,1.0,2.1739130434782608,0.0,1.0,1.0,1.0,0.0,1.0,2.1739130434782608,0.0,1.0,1.0,1.0,0.0,46,-155.15871942181502,-145.38192872890616,-152.71280418451005,2.417290031907503,0.38168472446316987,1.1911438970571724,0.0,1.0,1.0,1.0,0.39444944779474345,1.2089772356367088,0.0,1.0,1.0,1.0,1000,0,0,0,0,0,46,0,0,0,0,46,46,46,core
3b27_3b27_conf0,generation,mcf_drugs_l_raw,chembl_count,,mcf_drugs_l_raw_chembl_count,MCF drugs-L,mcf_drugs_l_raw_chembl_count,3,16,9,0.7,9,9,0,1.0,9,9,0,1.0,"{""all_atoms_connected"":0,""bond_angles"":0,""bond_lengths"":0,""bonds"":0,""double_bond_stereochemistry"":0,""energy_ratio"":0,""file_loads"":0,""inchi_convertible"":0,""internal_steric_clash"":0,""molecular_formula"":0,""no_radicals"":0,""planar_aromatic_rings"":0,""planar_double_bonds"":0,""reference_file_loads"":0,""sanitisation"":0,""tetrahedral_chirality"":0}","{""all_atoms_connected"":0.0,""bond_angles"":0.0,""bond_lengths"":0.0,""bonds"":0.0,""double_bond_stereochemistry"":0.0,""energy_ratio"":0.0,""file_loads"":0.0,""inchi_convertible"":0.0,""internal_steric_clash"":0.0,""molecular_formula"":0.0,""no_radicals"":0.0,""planar_aromatic_rings"":0.0,""planar_double_bonds"":0.0,""reference_file_loads"":0.0,""sanitisation"":0.0,""tetrahedral_chirality"":0.0}",9,133.27923054475582,1.1188917385111625,1.7890824147687339,4.0,44.44444444444444,0.9455305560363264,0.3333333333333333,3.709079297755367,0.2839506172839506,0.25,2.0,22.22222222222222,0.9910760598382222,0.5555555555555556,1.9876669750024174,0.5061728395061729,0.0,1.0,11.11111111111111,0.0,1.0,1.0,1.0,0.0,1.0,11.11111111111111,0.0,1.0,1.0,1.0,0.0,9,-154.3367108950381,-148.82273416753227,-150.56710839555552,2.177210388391285,0.374275821214546,1.1280692308698603,0.0,1.0,1.0,1.0,0.38697490075781343,1.1131724040877107,0.0,1.0,1.0,1.0,1000,0,0,0,0,0,9,0,0,0,0,9,9,9,core
3b5r_3b5r_conf0,generation,mcf_drugs_l_raw,fixed,,mcf_drugs_l_raw_fixed,MCF drugs-L,mcf_drugs_l_raw_fixed,6,28,477,0.7,477,477,0,1.0,1000,477,523,0.477,"{""all_atoms_connected"":0,""bond_angles"":0,""bond_lengths"":0,""bonds"":0,""double_bond_stereochemistry"":0,""energy_ratio"":0,""file_loads"":0,""inchi_convertible"":0,""internal_steric_clash"":0,""molecular_formula"":0,""no_radicals"":0,""planar_aromatic_rings"":0,""planar_double_bonds"":0,""reference_file_loads"":0,""sanitisation"":0,""tetrahedral_chirality"":523}","{""all_atoms_connected"":0.0,""bond_angles"":0.0,""bond_lengths"":0.0,""bonds"":0.0,""double_bond_stereochemistry"":0.0,""energy_ratio"":0.0,""file_loads"":0.0,""inchi_convertible"":0.0,""internal_steric_clash"":0.0,""molecular_formula"":0.0,""no_radicals"":0.0,""planar_aromatic_rings"":0.0,""planar_double_bonds"":0.0,""reference_file_loads"":0.0,""sanitisation"":0.0,""tetrahedral_chirality"":0.523}",477,116.29467066997641,2.3983182173239164,3.4730718190079655,174.0,36.477987421383645,0.9335297982023706,0.027253668763102725,123.48650173355692,0.010851364001951401,0.46551724137931033,82.0,17.19077568134172,0.916177199453971,0.06079664570230608,56.675141820573636,0.023948595563642434,0.17073170731707318,6.0,1.2578616352201257,0.9912890250562445,0.20964360587002095,5.9070792078559995,0.1719297320341583,0.0,2.0,0.4192872117400419,0.9711953334196681,0.59958071278826,1.960464249397996,0.5198326367188358,0.0,477,81.92971682133972,111.49976757108848,92.92822311546874,6.478684684708084,0.4288016527843771,2.2962994147950764,0.0,1.0,1.0,1.0,0.4156691474753085,2.303200087076947,0.0,1.0,1.0,1.0,1000,0,0,0,0,0,1000,0,0,0,0,477,1000,1000,core
3b5r_3b5r_conf0,generation,mcf_drugs_l_raw,dynamic,,mcf_drugs_l_raw_dynamic,MCF drugs-L,mcf_drugs_l_raw_dynamic,6,28,53,0.7,53,53,0,1.0,112,53,59,0.4732142857142857,"{""all_atoms_connected"":0,""bond_angles"":0,""bond_lengths"":0,""bonds"":0,""double_bond_stereochemistry"":0,""energy_ratio"":0,""file_loads"":0,""inchi_convertible"":0,""internal_steric_clash"":0,""molecular_formula"":0,""no_radicals"":0,""planar_aromatic_rings"":0,""planar_double_bonds"":0,""reference_file_loads"":0,""sanitisation"":0,""tetrahedral_chirality"":59}","{""all_atoms_connected"":0.0,""bond_angles"":0.0,""bond_lengths"":0.0,""bonds"":0.0,""double_bond_stereochemistry"":0.0,""energy_ratio"":0.0,""file_loads"":0.0,""inchi_convertible"":0.0,""internal_steric_clash"":0.0,""molecular_formula"":0.0,""no_radicals"":0.0,""planar_aromatic_rings"":0.0,""planar_double_bonds"":0.0,""reference_file_loads"":0.0,""sanitisation"":0.0,""tetrahedral_chirality"":0.5267857142857143}",53,113.93444316009044,2.489430099676601,3.675152176998522,43.0,81.13207547169812,0.9738448146167371,0.07547169811320754,38.97129032014332,0.029547881808472762,0.8604651162790697,32.0,60.37735849056604,0.954907392750448,0.11320754716981132,27.370254866562725,0.0437878248487006,0.59375,5.0,9.433962264150944,0.9928036201574877,0.24528301886792453,4.942423440381523,0.20469918120327518,0.0,2.0,3.7735849056603774,0.8595316914502932,0.7169811320754716,1.81444923256015,0.5941616233535065,0.0,53,81.92971682133972,108.46644404822152,92.92822311546874,6.737867673340255,0.5517092577608543,2.483901215864339,0.0,0.0,1.0,1.0,0.6222702925493047,2.425165829707582,0.0,0.0,1.0,1.0,1000,0,0,0,0,0,112,0,0,0,0,53,112,112,core
3b5r_3b5r_conf0,generation,mcf_drugs_l_raw,chembl_count,,mcf_drugs_l_raw_chembl_count,MCF drugs-L,mcf_drugs_l_raw_chembl_count,6,28,103,0.7,103,103,0,1.0,200,103,97,0.515,"{""all_atoms_connected"":0,""bond_angles"":0,""bond_lengths"":0,""bonds"":0,""double_bond_stereochemistry"":0,""energy_ratio"":0,""file_loads"":0,""inchi_convertible"":0,""internal_steric_clash"":0,""molecular_formula"":0,""no_radicals"":0,""planar_aromatic_rings"":0,""planar_double_bonds"":0,""reference_file_loads"":0,""sanitisation"":0,""tetrahedral_chirality"":97}","{""all_atoms_connected"":0.0,""bond_angles"":0.0,""bond_lengths"":0.0,""bonds"":0.0,""double_bond_stereochemistry"":0.0,""energy_ratio"":0.0,""file_loads"":0.0,""inchi_convertible"":0.0,""internal_steric_clash"":0.0,""molecular_formula"":0.0,""no_radicals"":0.0,""planar_aromatic_rings"":0.0,""planar_double_bonds"":0.0,""reference_file_loads"":0.0,""sanitisation"":0.0,""tetrahedral_chirality"":0.485}",103,115.90388565212778,2.5115338254824717,3.7553746943916204,66.0,64.07766990291262,0.959447109926294,0.07766990291262135,55.687301117751375,0.02271656141012348,0.6515151515151515,40.0,38.83495145631068,0.9418201815186241,0.11650485436893204,32.27397303685126,0.039306249410877556,0.325,6.0,5.825242718446602,0.9510547932262023,0.22330097087378642,5.496224662372807,0.191818267508719,0.0,2.0,1.941747572815534,0.9944854624834633,0.5436893203883495,1.9923698197743258,0.5038175134319917,0.0,103,82.05891147895548,108.27998750526,93.85723019666585,6.719289266612969,0.4485336237812844,2.4124988285489617,0.0,1.0,1.0,1.0,0.427897791095969,2.3890463382418536,0.0,1.0,1.0,1.0,1000,0,0,0,0,0,200,0,0,0,0,103,200,200,core
3b65_3b65_conf0,generation,mcf_drugs_l_raw,fixed,,mcf_drugs_l_raw_fixed,MCF drugs-L,mcf_drugs_l_raw_fixed,6,25,432,0.7,432,432,0,1.0,1000,432,568,0.432,"{""all_atoms_connected"":0,""bond_angles"":0,""bond_lengths"":1,""bonds"":0,""double_bond_stereochemistry"":0,""energy_ratio"":0,""file_loads"":0,""inchi_convertible"":0,""internal_steric_clash"":0,""molecular_formula"":0,""no_radicals"":0,""planar_aromatic_rings"":0,""planar_double_bonds"":0,""reference_file_loads"":0,""sanitisation"":0,""tetrahedral_chirality"":567}","{""all_atoms_connected"":0.0,""bond_angles"":0.0,""bond_lengths"":0.001,""bonds"":0.0,""double_bond_stereochemistry"":0.0,""energy_ratio"":0.0,""file_loads"":0.0,""inchi_convertible"":0.0,""internal_steric_clash"":0.0,""molecular_formula"":0.0,""no_radicals"":0.0,""planar_aromatic_rings"":0.0,""planar_double_bonds"":0.0,""reference_file_loads"":0.0,""sanitisation"":0.0,""tetrahedral_chirality"":0.567}",432,114.94522098876762,2.220597826500862,3.539981010335941,97.0,22.453703703703702,0.8821286303705155,0.06944444444444445,56.57026703666129,0.02593449931412895,0.422680412371134,41.0,9.49074074074074,0.8737915655650142,0.09490740740740741,25.65883482680823,0.05197616598079561,0.14634146341463414,4.0,0.9259259259259259,0.9757935166311771,0.3125,3.867997958207506,0.266235853909465,0.0,2.0,0.46296296296296297,0.9981284118540841,0.5254629629629629,1.997407110130544,0.5012967249657063,0.0,432,94.66353283987546,299.3553509985089,106.88871494601557,12.514571046664235,0.29114658505123336,1.7551970476543792,0.0,1.0,1.0,1.0,0.4604493911619334,1.771096256479869,0.0,1.0,1.0,1.0,1000,0,0,0,0,0,1000,0,0,0,0,432,1000,1000,core
3b65_3b65_conf0,generation,mcf_drugs_l_raw,dynamic,,mcf_drugs_l_raw_dynamic,MCF drugs-L,mcf_drugs_l_raw_dynamic,6,25,47,0.7,47,47,0,1.0,112,47,65,0.4196428571428571,"{""all_atoms_connected"":0,""bond_angles"":0,""bond_lengths"":0,""bonds"":0,""double_bond_stereochemistry"":0,""energy_ratio"":0,""file_loads"":0,""inchi_convertible"":0,""internal_steric_clash"":0,""molecular_formula"":0,""no_radicals"":0,""planar_aromatic_rings"":0,""planar_double_bonds"":0,""reference_file_loads"":0,""sanitisation"":0,""tetrahedral_chirality"":65}","{""all_atoms_connected"":0.0,""bond_angles"":0.0,""bond_lengths"":0.0,""bonds"":0.0,""double_bond_stereochemistry"":0.0,""energy_ratio"":0.0,""file_loads"":0.0,""inchi_convertible"":0.0,""internal_steric_clash"":0.0,""molecular_formula"":0.0,""no_radicals"":0.0,""planar_aromatic_rings"":0.0,""planar_double_bonds"":0.0,""reference_file_loads"":0.0,""sanitisation"":0.0,""tetrahedral_chirality"":0.5803571428571429}",47,114.9702375050123,2.203943442485248,3.4233902019889735,33.0,70.2127659574468,0.9561958419252502,0.10638297872340426,28.313705806670807,0.04300588501584427,0.7575757575757576,23.0,48.93617021276596,0.9405697114665339,0.10638297872340426,19.08973755713834,0.06201901312811227,0.4782608695652174,3.0,6.382978723404255,0.8419491032583614,0.46808510638297873,2.5218068063870835,0.42598460842009955,0.0,2.0,4.25531914893617,0.9970590569034107,0.5319148936170213,1.9959271398549916,0.5020371208691715,0.0,47,95.73687450228698,125.37315975974346,105.92881238852524,5.9082501751110135,0.29114658505123336,1.7528957293596212,0.0,1.0,1.0,1.0,0.47342920965709084,1.7780953153950556,0.0,1.0,1.0,1.0,1000,0,0,0,0,0,112,0,0,0,0,47,112,112,core
3b65_3b65_conf0,generation,mcf_drugs_l_raw,chembl_count,,mcf_drugs_l_raw_chembl_count,MCF drugs-L,mcf_drugs_l_raw_chembl_count,6,25,94,0.7,94,94,0,1.0,200,94,106,0.47,"{""all_atoms_connected"":0,""bond_angles"":0,""bond_lengths"":0,""bonds"":0,""double_bond_stereochemistry"":0,""energy_ratio"":0,""file_loads"":0,""inchi_convertible"":0,""internal_steric_clash"":0,""molecular_formula"":0,""no_radicals"":0,""planar_aromatic_rings"":0,""planar_double_bonds"":0,""reference_file_loads"":0,""sanitisation"":0,""tetrahedral_chirality"":106}","{""all_atoms_connected"":0.0,""bond_angles"":0.0,""bond_lengths"":0.0,""bonds"":0.0,""double_bond_stereochemistry"":0.0,""energy_ratio"":0.0,""file_loads"":0.0,""inchi_convertible"":0.0,""internal_steric_clash"":0.0,""molecular_formula"":0.0,""no_radicals"":0.0,""planar_aromatic_rings"":0.0,""planar_double_bonds"":0.0,""reference_file_loads"":0.0,""sanitisation"":0.0,""tetrahedral_chirality"":0.53}",94,119.17842713265964,2.177608284124542,3.3296925330767713,48.0,51.06382978723404,0.93848021055753,0.07446808510638298,37.82784757896674,0.03372566772295156,0.5625,27.0,28.72340425531915,0.9177671561674203,0.10638297872340426,20.590109264518937,0.05952919873245813,0.25925925925925924,4.0,4.25531914893617,0.9882028414088196,0.3191489361702128,3.935114686531394,0.25826165685830693,0.0,2.0,2.127659574468085,0.9440870182837795,0.6382978723404256,1.9239709529816136,0.5382526029877773,0.0,94,95.2872928671728,299.3553509985089,106.49369227571745,20.706205304092443,0.29114658505123336,1.7419233970338595,0.0,1.0,1.0,1.0,0.47342920965709084,1.7635686627538525,0.0,1.0,1.0,1.0,1000,0,0,0,0,0,200,0,0,0,0,94,200,200,core
3bgz_3bgz_conf0,generation,mcf_drugs_l_raw,fixed,,mcf_drugs_l_raw_fixed,MCF drugs-L,mcf_drugs_l_raw_fixed,3,24,985,0.7,985,982,3,0.9969543147208122,1000,985,15,0.985,"{""all_atoms_connected"":0,""bond_angles"":3,""bond_lengths"":4,""bonds"":0,""double_bond_stereochemistry"":0,""energy_ratio"":15,""file_loads"":0,""inchi_convertible"":0,""internal_steric_clash"":3,""molecular_formula"":0,""no_radicals"":0,""planar_aromatic_rings"":2,""planar_double_bonds"":0,""reference_file_loads"":0,""sanitisation"":0,""tetrahedral_chirality"":0}","{""all_atoms_connected"":0.0,""bond_angles"":0.003,""bond_lengths"":0.004,""bonds"":0.0,""double_bond_stereochemistry"":0.0,""energy_ratio"":0.015,""file_loads"":0.0,""inchi_convertible"":0.0,""internal_steric_clash"":0.003,""molecular_formula"":0.0,""no_radicals"":0.0,""planar_aromatic_rings"":0.002,""planar_double_bonds"":0.0,""reference_file_loads"":0.0,""sanitisation"":0.0,""tetrahedral_chirality"":0.0}",985,107.83644512594822,0.4954737711644108,0.8428745006293937,8.0,0.8121827411167513,0.593513764200097,0.4355329949238579,3.4355505068504524,0.3484212424952975,0.375,3.0,0.30456852791878175,0.014585314307981594,0.9979695431472081,1.0161526719482497,0.9959452704269628,0.6666666666666666,2.0,0.20304568527918782,0.011559332360173038,0.9989847715736041,1.0080445031596934,0.9979716045247238,0.5,1.0,0.10152284263959391,0.0,1.0,1.0,1.0,0.0,985,78.31987987980028,2086509.4055974944,84.18849595174957,75615.16022380459,0.13587070542590357,0.5319036151492416,1.0,1.0,1.0,1.0,0.2033078733581109,0.5684330612560472,1.0,1.0,1.0,1.0,1000,0,0,0,0,0,1000,0,0,0,0,985,1000,1000,core
3bgz_3bgz_conf0,generation,mcf_drugs_l_raw,dynamic,,mcf_drugs_l_raw_dynamic,MCF drugs-L,mcf_drugs_l_raw_dynamic,3,24,44,0.7,44,44,0,1.0,46,44,2,0.9565217391304348,"{""all_atoms_connected"":0,""bond_angles"":1,""bond_lengths"":1,""bonds"":0,""double_bond_stereochemistry"":0,""energy_ratio"":2,""file_loads"":0,""inchi_convertible"":0,""internal_steric_clash"":1,""molecular_formula"":0,""no_radicals"":0,""planar_aromatic_rings"":1,""planar_double_bonds"":0,""reference_file_loads"":0,""sanitisation"":0,""tetrahedral_chirality"":0}","{""all_atoms_connected"":0.0,""bond_angles"":0.021739130434782608,""bond_lengths"":0.021739130434782608,""bonds"":0.0,""double_bond_stereochemistry"":0.0,""energy_ratio"":0.043478260869565216,""file_loads"":0.0,""inchi_convertible"":0.0,""internal_steric_clash"":0.021739130434782608,""molecular_formula"":0.0,""no_radicals"":0.0,""planar_aromatic_rings"":0.021739130434782608,""planar_double_bonds"":0.0,""reference_file_loads"":0.0,""sanitisation"":0.0,""tetrahedral_chirality"":0.0}",44,102.90814218176651,0.5097468709649556,0.8519774372968572,5.0,11.363636363636363,0.835863807077194,0.45454545454545453,3.8392264490295798,0.3026859504132231,0.2,1.0,2.272727272727273,0.0,1.0,1.0,1.0,0.0,1.0,2.272727272727273,0.0,1.0,1.0,1.0,0.0,1.0,2.272727272727273,0.0,1.0,1.0,1.0,0.0,44,78.78276377312112,94.35814079576647,85.93725086816974,3.4759001779595753,0.15497847110865856,0.5373944324485309,1.0,1.0,1.0,1.0,0.22264983669041524,0.5822531233977024,1.0,1.0,1.0,1.0,1000,0,0,0,0,0,46,0,0,0,0,44,46,46,core
3bgz_3bgz_conf0,generation,mcf_drugs_l_raw,chembl_count,,mcf_drugs_l_raw_chembl_count,MCF drugs-L,mcf_drugs_l_raw_chembl_count,3,24,10,0.7,10,10,0,1.0,10,10,0,1.0,"{""all_atoms_connected"":0,""bond_angles"":0,""bond_lengths"":0,""bonds"":0,""double_bond_stereochemistry"":0,""energy_ratio"":0,""file_loads"":0,""inchi_convertible"":0,""internal_steric_clash"":0,""molecular_formula"":0,""no_radicals"":0,""planar_aromatic_rings"":0,""planar_double_bonds"":0,""reference_file_loads"":0,""sanitisation"":0,""tetrahedral_chirality"":0}","{""all_atoms_connected"":0.0,""bond_angles"":0.0,""bond_lengths"":0.0,""bonds"":0.0,""double_bond_stereochemistry"":0.0,""energy_ratio"":0.0,""file_loads"":0.0,""inchi_convertible"":0.0,""internal_steric_clash"":0.0,""molecular_formula"":0.0,""no_radicals"":0.0,""planar_aromatic_rings"":0.0,""planar_double_bonds"":0.0,""reference_file_loads"":0.0,""sanitisation"":0.0,""tetrahedral_chirality"":0.0}",10,102.3348054619732,0.5133661247722104,0.8404955161199443,3.0,30.0,0.9602297178607612,0.4,2.8717458874925876,0.3600000000000001,0.0,1.0,10.0,0.0,1.0,1.0,1.0,0.0,1.0,10.0,0.0,1.0,1.0,1.0,0.0,1.0,10.0,0.0,1.0,1.0,1.0,0.0,10,81.58660336856607,89.39994722456535,85.00998974106494,2.1680203383465804,0.15803614888422043,0.4311094504428439,1.0,1.0,1.0,1.0,0.221711636872446,0.4813914479042273,1.0,1.0,1.0,1.0,1000,0,0,0,0,0,10,0,0,0,0,10,10,10,core
3cj4_3cj4_conf0,generation,mcf_drugs_l_raw,fixed,,mcf_drugs_l_raw_fixed,MCF drugs-L,mcf_drugs_l_raw_fixed,5,25,850,0.7,850,850,0,1.0,1000,850,150,0.85,"{""all_atoms_connected"":0,""bond_angles"":0,""bond_lengths"":0,""bonds"":0,""double_bond_stereochemistry"":0,""energy_ratio"":0,""file_loads"":0,""inchi_convertible"":0,""internal_steric_clash"":0,""molecular_formula"":0,""no_radicals"":0,""planar_aromatic_rings"":0,""planar_double_bonds"":0,""reference_file_loads"":0,""sanitisation"":0,""tetrahedral_chirality"":150}","{""all_atoms_connected"":0.0,""bond_angles"":0.0,""bond_lengths"":0.0,""bonds"":0.0,""double_bond_stereochemistry"":0.0,""energy_ratio"":0.0,""file_loads"":0.0,""inchi_convertible"":0.0,""internal_steric_clash"":0.0,""molecular_formula"":0.0,""no_radicals"":0.0,""planar_aromatic_rings"":0.0,""planar_double_bonds"":0.0,""reference_file_loads"":0.0,""sanitisation"":0.0,""tetrahedral_chirality"":0.15}",850,90.80307684149142,1.4686542471145263,2.1399897453139634,167.0,19.647058823529413,0.8346927017604114,0.09058823529411765,71.66138813947693,0.02709204152249135,0.4431137724550898,34.0,4.0,0.6412483389718056,0.2752941176470588,9.595294566859158,0.17116124567474048,0.20588235294117646,5.0,0.5882352941176471,0.6662349551459036,0.6611764705882353,2.9219867986446197,0.47290519031141864,0.0,1.0,0.11764705882352941,0.0,1.0,1.0,1.0,0.0,850,-3.3366845251962687,64.83448225347814,12.27948106450766,9.24475135612485,0.8549663011266633,1.8735833303043006,0.0,0.0,0.0,1.0,0.6799551417245406,1.834117340555856,0.0,0.0,1.0,1.0,1000,0,0,0,0,0,1000,0,0,0,0,850,1000,1000,core
3cj4_3cj4_conf0,generation,mcf_drugs_l_raw,dynamic,,mcf_drugs_l_raw_dynamic,MCF drugs-L,mcf_drugs_l_raw_dynamic,5,25,79,0.7,79,79,0,1.0,90,79,11,0.8777777777777778,"{""all_atoms_connected"":0,""bond_angles"":0,""bond_lengths"":0,""bonds"":0,""double_bond_stereochemistry"":0,""energy_ratio"":0,""file_loads"":0,""inchi_convertible"":0,""internal_steric_clash"":0,""molecular_formula"":0,""no_radicals"":0,""planar_aromatic_rings"":0,""planar_double_bonds"":0,""reference_file_loads"":0,""sanitisation"":0,""tetrahedral_chirality"":11}","{""all_atoms_connected"":0.0,""bond_angles"":0.0,""bond_lengths"":0.0,""bonds"":0.0,""double_bond_stereochemistry"":0.0,""energy_ratio"":0.0,""file_loads"":0.0,""inchi_convertible"":0.0,""internal_steric_clash"":0.0,""molecular_formula"":0.0,""no_radicals"":0.0,""planar_aromatic_rings"":0.0,""planar_double_bonds"":0.0,""reference_file_loads"":0.0,""sanitisation"":0.0,""tetrahedral_chirality"":0.12222222222222222}",79,90.17538113063125,1.500798423918667,2.175656677741429,46.0,58.22784810126582,0.931511450669286,0.11392405063291139,35.38978790761052,0.0386156064733216,0.717391304347826,15.0,18.9873417721519,0.7783756221364769,0.26582278481012656,8.230775675952762,0.1639160390962986,0.4666666666666667,3.0,3.7974683544303796,0.8007568797669611,0.5189873417721519,2.410227998820605,0.4478448966511777,0.0,1.0,1.2658227848101267,0.0,1.0,1.0,1.0,0.0,79,-1.0697249277682772,64.83448225347814,12.019209942436575,11.004902952209726,1.007848356266191,1.959425804485036,0.0,0.0,0.0,1.0,1.0240176715599034,1.9254598679201627,0.0,0.0,0.0,1.0,1000,0,0,0,0,0,90,0,0,0,0,79,90,90,core
3cj4_3cj4_conf0,generation,mcf_drugs_l_raw,chembl_count,,mcf_drugs_l_raw_chembl_count,MCF drugs-L,mcf_drugs_l_raw_chembl_count,5,25,168,0.7,168,168,0,1.0,199,168,31,0.8442211055276382,"{""all_atoms_connected"":0,""bond_angles"":0,""bond_lengths"":0,""bonds"":0,""double_bond_stereochemistry"":0,""energy_ratio"":0,""file_loads"":0,""inchi_convertible"":0,""internal_steric_clash"":0,""molecular_formula"":0,""no_radicals"":0,""planar_aromatic_rings"":0,""planar_double_bonds"":0,""reference_file_loads"":0,""sanitisation"":0,""tetrahedral_chirality"":31}","{""all_atoms_connected"":0.0,""bond_angles"":0.0,""bond_lengths"":0.0,""bonds"":0.0,""double_bond_stereochemistry"":0.0,""energy_ratio"":0.0,""file_loads"":0.0,""inchi_convertible"":0.0,""internal_steric_clash"":0.0,""molecular_formula"":0.0,""no_radicals"":0.0,""planar_aromatic_rings"":0.0,""planar_double_bonds"":0.0,""reference_file_loads"":0.0,""sanitisation"":0.0,""tetrahedral_chirality"":0.15577889447236182}",168,90.6085916666828,1.4236938142620807,2.067530906228295,63.0,37.5,0.8833685523998556,0.1130952380952381,38.8580369084782,0.03982426303854875,0.5873015873015873,17.0,10.119047619047619,0.7395077048316877,0.3273809523809524,8.126928853225056,0.1788548752834467,0.23529411764705882,3.0,1.7857142857142858,0.6183786230061655,0.7380952380952381,1.9726116082850655,0.5972222222222223,0.0,1.0,0.5952380952380952,0.0,1.0,1.0,1.0,0.0,168,-0.7618091632575918,50.58094735998543,11.495109572444704,9.133717102651536,0.9460683472755088,1.8062387716888488,0.0,0.0,0.0,1.0,1.0105203054481562,1.8329462047267275,0.0,0.0,0.0,1.0,1000,0,0,0,0,0,199,0,0,0,0,168,199,199,core
3dd0_3dd0_conf0,generation,mcf_drugs_l_raw,fixed,,mcf_drugs_l_raw_fixed,MCF drugs-L,mcf_drugs_l_raw_fixed,4,16,1000,0.7,1000,1000,0,1.0,1000,1000,0,1.0,"{""all_atoms_connected"":0,""bond_angles"":0,""bond_lengths"":0,""bonds"":0,""double_bond_stereochemistry"":0,""energy_ratio"":0,""file_loads"":0,""inchi_convertible"":0,""internal_steric_clash"":0,""molecular_formula"":0,""no_radicals"":0,""planar_aromatic_rings"":0,""planar_double_bonds"":0,""reference_file_loads"":0,""sanitisation"":0,""tetrahedral_chirality"":0}","{""all_atoms_connected"":0.0,""bond_angles"":0.0,""bond_lengths"":0.0,""bonds"":0.0,""double_bond_stereochemistry"":0.0,""energy_ratio"":0.0,""file_loads"":0.0,""inchi_convertible"":0.0,""internal_steric_clash"":0.0,""molecular_formula"":0.0,""no_radicals"":0.0,""planar_aromatic_rings"":0.0,""planar_double_bonds"":0.0,""reference_file_loads"":0.0,""sanitisation"":0.0,""tetrahedral_chirality"":0.0}",1000,111.65838851580733,0.8362948558700251,1.1620212517773074,28.0,2.8,0.8996604180209004,0.123,20.042449565524997,0.0639,0.0,4.0,0.4,0.8401361365028169,0.536,3.2048842959294164,0.37014600000000003,0.0,1.0,0.1,0.0,1.0,1.0,1.0,0.0,1.0,0.1,0.0,1.0,1.0,1.0,0.0,1000,5.544070253881287,29.083992205114136,11.817150669714149,3.2262312153380757,0.12414077492362259,0.899926973858913,1.0,1.0,1.0,1.0,0.19787332453365739,0.9443903213475386,1.0,1.0,1.0,1.0,1000,0,0,0,0,0,1000,0,0,0,0,1000,1000,1000,core
3dd0_3dd0_conf0,generation,mcf_drugs_l_raw,dynamic,,mcf_drugs_l_raw_dynamic,MCF drugs-L,mcf_drugs_l_raw_dynamic,4,16,68,0.7,68,68,0,1.0,68,68,0,1.0,"{""all_atoms_connected"":0,""bond_angles"":0,""bond_lengths"":0,""bonds"":0,""double_bond_stereochemistry"":0,""energy_ratio"":0,""file_loads"":0,""inchi_convertible"":0,""internal_steric_clash"":0,""molecular_formula"":0,""no_radicals"":0,""planar_aromatic_rings"":0,""planar_double_bonds"":0,""reference_file_loads"":0,""sanitisation"":0,""tetrahedral_chirality"":0}","{""all_atoms_connected"":0.0,""bond_angles"":0.0,""bond_lengths"":0.0,""bonds"":0.0,""double_bond_stereochemistry"":0.0,""energy_ratio"":0.0,""file_loads"":0.0,""inchi_convertible"":0.0,""internal_steric_clash"":0.0,""molecular_formula"":0.0,""no_radicals"":0.0,""planar_aromatic_rings"":0.0,""planar_double_bonds"":0.0,""reference_file_loads"":0.0,""sanitisation"":0.0,""tetrahedral_chirality"":0.0}",68,111.69346199424986,0.8462127665733987,1.167814939629795,19.0,27.941176470588236,0.9073134953847245,0.14705882352941177,14.462068006005095,0.08520761245674742,0.21052631578947367,3.0,4.411764705882353,0.992633363843159,0.38235294117647056,2.975818751314655,0.33866782006920415,0.0,1.0,1.4705882352941178,0.0,1.0,1.0,1.0,0.0,1.0,1.4705882352941178,0.0,1.0,1.0,1.0,0.0,68,6.717656412356879,18.497867458194598,11.824620917718196,2.7627980621230686,0.27945133101270186,0.9828749184608507,0.0,1.0,1.0,1.0,0.23185080241632142,0.9904405943072183,1.0,1.0,1.0,1.0,1000,0,0,0,0,0,68,0,0,0,0,68,68,68,core
3dd0_3dd0_conf0,generation,mcf_drugs_l_raw,chembl_count,,mcf_drugs_l_raw_chembl_count,MCF drugs-L,mcf_drugs_l_raw_chembl_count,4,16,51,0.7,51,51,0,1.0,51,51,0,1.0,"{""all_atoms_connected"":0,""bond_angles"":0,""bond_lengths"":0,""bonds"":0,""double_bond_stereochemistry"":0,""energy_ratio"":0,""file_loads"":0,""inchi_convertible"":0,""internal_steric_clash"":0,""molecular_formula"":0,""no_radicals"":0,""planar_aromatic_rings"":0,""planar_double_bonds"":0,""reference_file_loads"":0,""sanitisation"":0,""tetrahedral_chirality"":0}","{""all_atoms_connected"":0.0,""bond_angles"":0.0,""bond_lengths"":0.0,""bonds"":0.0,""double_bond_stereochemistry"":0.0,""energy_ratio"":0.0,""file_loads"":0.0,""inchi_convertible"":0.0,""internal_steric_clash"":0.0,""molecular_formula"":0.0,""no_radicals"":0.0,""planar_aromatic_rings"":0.0,""planar_double_bonds"":0.0,""reference_file_loads"":0.0,""sanitisation"":0.0,""tetrahedral_chirality"":0.0}",51,114.02563504057939,0.8490869444432596,1.1638353404201625,18.0,35.294117647058826,0.9006843068129634,0.19607843137254902,13.508410388312813,0.09419454056132257,0.3888888888888889,3.0,5.882352941176471,0.7703953782024133,0.5882352941176471,2.331159608037972,0.47404844290657444,0.0,1.0,1.9607843137254901,0.0,1.0,1.0,1.0,0.0,1.0,1.9607843137254901,0.0,1.0,1.0,1.0,0.0,51,5.829297244535724,18.12061155548031,13.519181349572694,3.4266902013713136,0.48506628467643836,0.9019190429258773,0.0,1.0,1.0,1.0,0.6028300654498616,0.9334291674340617,0.0,0.0,1.0,1.0,1000,0,0,0,0,0,51,0,0,0,0,51,51,51,core
3e92_3e92_conf0,generation,mcf_drugs_l_raw,fixed,,mcf_drugs_l_raw_fixed,MCF drugs-L,mcf_drugs_l_raw_fixed,4,26,1000,0.7,1000,1000,0,1.0,1000,1000,0,1.0,"{""all_atoms_connected"":0,""bond_angles"":0,""bond_lengths"":0,""bonds"":0,""double_bond_stereochemistry"":0,""energy_ratio"":0,""file_loads"":0,""inchi_convertible"":0,""internal_steric_clash"":0,""molecular_formula"":0,""no_radicals"":0,""planar_aromatic_rings"":0,""planar_double_bonds"":0,""reference_file_loads"":0,""sanitisation"":0,""tetrahedral_chirality"":0}","{""all_atoms_connected"":0.0,""bond_angles"":0.0,""bond_lengths"":0.0,""bonds"":0.0,""double_bond_stereochemistry"":0.0,""energy_ratio"":0.0,""file_loads"":0.0,""inchi_convertible"":0.0,""internal_steric_clash"":0.0,""molecular_formula"":0.0,""no_radicals"":0.0,""planar_aromatic_rings"":0.0,""planar_double_bonds"":0.0,""reference_file_loads"":0.0,""sanitisation"":0.0,""tetrahedral_chirality"":0.0}",1000,115.75653036208018,1.3394403031494497,1.83433497811464,53.0,5.3,0.8909504782302371,0.055,34.37513485703915,0.03362400000000001,0.20754716981132076,11.0,1.1,0.9074166049684843,0.173,8.8100224440726,0.121374,0.0,2.0,0.2,0.9986030202378096,0.522,1.9980643121597699,0.500968,0.0,1.0,0.1,0.0,1.0,1.0,1.0,0.0,1000,76.39946573459781,103.72626902639931,80.37371093091933,2.5668268456147043,0.23189158638093166,1.4254920387231467,1.0,1.0,1.0,1.0,0.17730992032036433,1.4126241434102451,1.0,1.0,1.0,1.0,1000,0,0,0,0,0,1000,0,0,0,0,1000,1000,1000,core
3e92_3e92_conf0,generation,mcf_drugs_l_raw,dynamic,,mcf_drugs_l_raw_dynamic,MCF drugs-L,mcf_drugs_l_raw_dynamic,4,26,68,0.7,68,68,0,1.0,68,68,0,1.0,"{""all_atoms_connected"":0,""bond_angles"":0,""bond_lengths"":0,""bonds"":0,""double_bond_stereochemistry"":0,""energy_ratio"":0,""file_loads"":0,""inchi_convertible"":0,""internal_steric_clash"":0,""molecular_formula"":0,""no_radicals"":0,""planar_aromatic_rings"":0,""planar_double_bonds"":0,""reference_file_loads"":0,""sanitisation"":0,""tetrahedral_chirality"":0}","{""all_atoms_connected"":0.0,""bond_angles"":0.0,""bond_lengths"":0.0,""bonds"":0.0,""double_bond_stereochemistry"":0.0,""energy_ratio"":0.0,""file_loads"":0.0,""inchi_convertible"":0.0,""internal_steric_clash"":0.0,""molecular_formula"":0.0,""no_radicals"":0.0,""planar_aromatic_rings"":0.0,""planar_double_bonds"":0.0,""reference_file_loads"":0.0,""sanitisation"":0.0,""tetrahedral_chirality"":0.0}",68,115.09109700432384,1.3310994801881415,1.8357499200022116,22.0,32.35294117647059,0.9476608178800361,0.11764705882352941,18.713773797721096,0.06055363321799309,0.22727272727272727,8.0,11.764705882352942,0.9520452633891884,0.20588235294117646,7.240733187420495,0.14662629757785467,0.0,2.0,2.9411764705882355,0.9993759069576513,0.5147058823529411,1.9991350104402625,0.500432525951557,0.0,1.0,1.4705882352941178,0.0,1.0,1.0,1.0,0.0,68,77.29065610499383,86.18364604086932,80.29448204689845,2.481285632186714,0.48688717192184405,1.4244497887432375,0.0,1.0,1.0,1.0,0.46740394239644656,1.410366023812476,0.0,1.0,1.0,1.0,1000,0,0,0,0,0,68,0,0,0,0,68,68,68,core
3e92_3e92_conf0,generation,mcf_drugs_l_raw,chembl_count,,mcf_drugs_l_raw_chembl_count,MCF drugs-L,mcf_drugs_l_raw_chembl_count,4,26,134,0.7,134,134,0,1.0,134,134,0,1.0,"{""all_atoms_connected"":0,""bond_angles"":0,""bond_lengths"":0,""bonds"":0,""double_bond_stereochemistry"":0,""energy_ratio"":0,""file_loads"":0,""inchi_convertible"":0,""internal_steric_clash"":0,""molecular_formula"":0,""no_radicals"":0,""planar_aromatic_rings"":0,""planar_double_bonds"":0,""reference_file_loads"":0,""sanitisation"":0,""tetrahedral_chirality"":0}","{""all_atoms_connected"":0.0,""bond_angles"":0.0,""bond_lengths"":0.0,""bonds"":0.0,""double_bond_stereochemistry"":0.0,""energy_ratio"":0.0,""file_loads"":0.0,""inchi_convertible"":0.0,""internal_steric_clash"":0.0,""molecular_formula"":0.0,""no_radicals"":0.0,""planar_aromatic_rings"":0.0,""planar_double_bonds"":0.0,""reference_file_loads"":0.0,""sanitisation"":0.0,""tetrahedral_chirality"":0.0}",134,116.14355249384255,1.3438390337829518,1.8653243065128406,34.0,25.37313432835821,0.9465437070657025,0.08955223880597014,28.15864362546185,0.04098908442860325,0.17647058823529413,10.0,7.462686567164179,0.8940850683343018,0.2835820895522388,7.835831137060363,0.15114724883047445,0.1,2.0,1.492537313432836,0.9411864371816834,0.6417910447761194,1.9201066383674645,0.540209400757407,0.0,1.0,0.746268656716418,0.0,1.0,1.0,1.0,0.0,134,76.5507414648614,85.6992122215253,80.25318311116435,2.122846278141414,0.28898276666149186,1.4293680122085015,0.0,1.0,1.0,1.0,0.26913957580417747,1.4214779963922775,0.0,1.0,1.0,1.0,1000,0,0,0,0,0,134,0,0,0,0,134,134,134,core
3e93_3e93_conf0,generation,mcf_drugs_l_raw,fixed,,mcf_drugs_l_raw_fixed,MCF drugs-L,mcf_drugs_l_raw_fixed,5,37,267,0.7,267,226,41,0.846441947565543,1000,267,733,0.267,"{""all_atoms_connected"":0,""bond_angles"":0,""bond_lengths"":0,""bonds"":0,""double_bond_stereochemistry"":0,""energy_ratio"":1,""file_loads"":0,""inchi_convertible"":0,""internal_steric_clash"":732,""molecular_formula"":0,""no_radicals"":0,""planar_aromatic_rings"":0,""planar_double_bonds"":0,""reference_file_loads"":0,""sanitisation"":0,""tetrahedral_chirality"":0}","{""all_atoms_connected"":0.0,""bond_angles"":0.0,""bond_lengths"":0.0,""bonds"":0.0,""double_bond_stereochemistry"":0.0,""energy_ratio"":0.001,""file_loads"":0.0,""inchi_convertible"":0.0,""internal_steric_clash"":0.732,""molecular_formula"":0.0,""no_radicals"":0.0,""planar_aromatic_rings"":0.0,""planar_double_bonds"":0.0,""reference_file_loads"":0.0,""sanitisation"":0.0,""tetrahedral_chirality"":0.0}",267,98.6286062222116,2.6015835189210974,3.953499862931206,154.0,57.67790262172284,0.9396509198678062,0.06367041198501873,113.63336239083031,0.013676724319319952,0.7012987012987013,60.0,22.471910112359552,0.8900194678523421,0.08614232209737828,38.24628259432271,0.03670973081401058,0.31666666666666665,11.0,4.119850187265918,0.8788520750864796,0.2209737827715356,8.226784522489337,0.14612352536857023,0.0,3.0,1.1235955056179776,0.7965404699396742,0.651685393258427,2.399089160107096,0.4897389499081205,0.0,267,150.588887395178,189.28113396006984,163.9609273856422,7.079574031205615,1.095284783443713,3.826704602676816,0.0,0.0,0.0,1.0,1.0439936837661121,3.7967668211704053,0.0,0.0,0.0,1.0,1000,0,0,0,0,0,1000,0,0,0,0,267,1000,1000,core
3e93_3e93_conf0,generation,mcf_drugs_l_raw,dynamic,,mcf_drugs_l_raw_dynamic,MCF drugs-L,mcf_drugs_l_raw_dynamic,5,37,21,0.7,21,17,4,0.8095238095238095,90,21,69,0.2333333333333333,"{""all_atoms_connected"":0,""bond_angles"":0,""bond_lengths"":0,""bonds"":0,""double_bond_stereochemistry"":0,""energy_ratio"":0,""file_loads"":0,""inchi_convertible"":0,""internal_steric_clash"":69,""molecular_formula"":0,""no_radicals"":0,""planar_aromatic_rings"":0,""planar_double_bonds"":0,""reference_file_loads"":0,""sanitisation"":0,""tetrahedral_chirality"":0}","{""all_atoms_connected"":0.0,""bond_angles"":0.0,""bond_lengths"":0.0,""bonds"":0.0,""double_bond_stereochemistry"":0.0,""energy_ratio"":0.0,""file_loads"":0.0,""inchi_convertible"":0.0,""internal_steric_clash"":0.7666666666666667,""molecular_formula"":0.0,""no_radicals"":0.0,""planar_aromatic_rings"":0.0,""planar_double_bonds"":0.0,""reference_file_loads"":0.0,""sanitisation"":0.0,""tetrahedral_chirality"":0.0}",21,92.80816931264253,2.7188043495558696,4.626966675733863,18.0,85.71428571428571,0.984814627515858,0.09523809523809523,17.227042476160392,0.06122448979591836,0.8333333333333334,14.0,66.66666666666667,0.9596575005706075,0.14285714285714285,12.586076468946928,0.08843537414965985,0.6428571428571429,5.0,23.80952380952381,0.9149418510694325,0.3333333333333333,4.3603054087396815,0.24716553287981857,0.2,2.0,9.523809523809524,0.5916727785823274,0.8571428571428571,1.5069930657725377,0.7551020408163265,0.0,21,156.23652537251343,184.18813865114194,164.3091461910896,7.211949970868177,2.4637974222467123,3.886034275140624,0.0,0.0,0.0,0.0,2.4883104901576454,3.8598693932223074,0.0,0.0,0.0,0.0,1000,0,0,0,0,0,90,0,0,0,0,21,90,90,core
3e93_3e93_conf0,generation,mcf_drugs_l_raw,chembl_count,,mcf_drugs_l_raw_chembl_count,MCF drugs-L,mcf_drugs_l_raw_chembl_count,5,37,50,0.7,50,45,5,0.9,200,50,150,0.25,"{""all_atoms_connected"":0,""bond_angles"":0,""bond_lengths"":0,""bonds"":0,""double_bond_stereochemistry"":0,""energy_ratio"":0,""file_loads"":0,""inchi_convertible"":0,""internal_steric_clash"":150,""molecular_formula"":0,""no_radicals"":0,""planar_aromatic_rings"":0,""planar_double_bonds"":0,""reference_file_loads"":0,""sanitisation"":0,""tetrahedral_chirality"":0}","{""all_atoms_connected"":0.0,""bond_angles"":0.0,""bond_lengths"":0.0,""bonds"":0.0,""double_bond_stereochemistry"":0.0,""energy_ratio"":0.0,""file_loads"":0.0,""inchi_convertible"":0.0,""internal_steric_clash"":0.75,""molecular_formula"":0.0,""no_radicals"":0.0,""planar_aromatic_rings"":0.0,""planar_double_bonds"":0.0,""reference_file_loads"":0.0,""sanitisation"":0.0,""tetrahedral_chirality"":0.0}",50,96.40347420122869,2.6909078692321002,4.044265793716495,39.0,78.0,0.957631542616826,0.1,33.392862871118055,0.03759999999999998,0.8974358974358975,27.0,54.0,0.9203529269785008,0.12,20.766333766075196,0.06239999999999999,0.6666666666666666,7.0,14.0,0.8860421271669835,0.26,5.607799338204175,0.19840000000000005,0.14285714285714285,2.0,4.0,0.9580420222262997,0.62,1.9426715755958301,0.5288,0.0,50,151.88290847159664,181.59421446604574,164.23700181555236,6.345767957864219,1.7459483547091157,3.941871966903016,0.0,0.0,0.0,1.0,1.7273565739101844,3.922111154643998,0.0,0.0,0.0,1.0,1000,0,0,0,0,0,200,0,0,0,0,50,200,200,core
3ehy_3ehy_conf0,generation,mcf_drugs_l_raw,fixed,,mcf_drugs_l_raw_fixed,MCF drugs-L,mcf_drugs_l_raw_fixed,5,17,490,0.7,490,490,0,1.0,1000,490,510,0.49,"{""all_atoms_connected"":0,""bond_angles"":0,""bond_lengths"":0,""bonds"":0,""double_bond_stereochemistry"":0,""energy_ratio"":0,""file_loads"":0,""inchi_convertible"":0,""internal_steric_clash"":2,""molecular_formula"":0,""no_radicals"":0,""planar_aromatic_rings"":0,""planar_double_bonds"":0,""reference_file_loads"":0,""sanitisation"":0,""tetrahedral_chirality"":509}","{""all_atoms_connected"":0.0,""bond_angles"":0.0,""bond_lengths"":0.0,""bonds"":0.0,""double_bond_stereochemistry"":0.0,""energy_ratio"":0.0,""file_loads"":0.0,""inchi_convertible"":0.0,""internal_steric_clash"":0.002,""molecular_formula"":0.0,""no_radicals"":0.0,""planar_aromatic_rings"":0.0,""planar_double_bonds"":0.0,""reference_file_loads"":0.0,""sanitisation"":0.0,""tetrahedral_chirality"":0.509}",490,108.39284786348458,1.1191480982958175,1.5713057591300794,74.0,15.10204081632653,0.858948990401051,0.08979591836734693,40.32502993797079,0.037509371095376914,0.2702702702702703,10.0,2.0408163265306123,0.857762516429006,0.24285714285714285,7.2071326656315815,0.16193252811328615,0.0,1.0,0.20408163265306123,0.0,1.0,1.0,1.0,0.0,1.0,0.20408163265306123,0.0,1.0,1.0,1.0,0.0,490,25.65147278763584,81.79114431565594,36.96835682591153,7.109362314492345,0.3984476271180306,0.9358371734460138,0.0,1.0,1.0,1.0,0.41119752527151027,0.9522747990422553,0.0,1.0,1.0,1.0,1000,0,0,0,0,0,1000,0,0,0,0,490,1000,1000,core
3ehy_3ehy_conf0,generation,mcf_drugs_l_raw,dynamic,,mcf_drugs_l_raw_dynamic,MCF drugs-L,mcf_drugs_l_raw_dynamic,5,17,42,0.7,42,42,0,1.0,90,42,48,0.4666666666666667,"{""all_atoms_connected"":0,""bond_angles"":0,""bond_lengths"":0,""bonds"":0,""double_bond_stereochemistry"":0,""energy_ratio"":0,""file_loads"":0,""inchi_convertible"":0,""internal_steric_clash"":0,""molecular_formula"":0,""no_radicals"":0,""planar_aromatic_rings"":0,""planar_double_bonds"":0,""reference_file_loads"":0,""sanitisation"":0,""tetrahedral_chirality"":48}","{""all_atoms_connected"":0.0,""bond_angles"":0.0,""bond_lengths"":0.0,""bonds"":0.0,""double_bond_stereochemistry"":0.0,""energy_ratio"":0.0,""file_loads"":0.0,""inchi_convertible"":0.0,""internal_steric_clash"":0.0,""molecular_formula"":0.0,""no_radicals"":0.0,""planar_aromatic_rings"":0.0,""planar_double_bonds"":0.0,""reference_file_loads"":0.0,""sanitisation"":0.0,""tetrahedral_chirality"":0.5333333333333333}",42,109.97196398569979,1.1385365710217767,1.6316278377533062,25.0,59.523809523809526,0.9444771231690007,0.14285714285714285,20.908474994574842,0.058956916099773236,0.6,7.0,16.666666666666668,0.7772167746930119,0.5238095238095238,4.537580814956822,0.31746031746031744,0.0,1.0,2.380952380952381,0.0,1.0,1.0,1.0,0.0,1.0,2.380952380952381,0.0,1.0,1.0,1.0,0.0,42,28.424984352012146,73.64046966126321,35.74722760535671,7.269460266490515,0.4412845847426125,0.839161946143898,0.0,1.0,1.0,1.0,0.43646444904791404,0.8886346466067592,0.0,1.0,1.0,1.0,1000,0,0,0,0,0,90,0,0,0,0,42,90,90,core
3ehy_3ehy_conf0,generation,mcf_drugs_l_raw,chembl_count,,mcf_drugs_l_raw_chembl_count,MCF drugs-L,mcf_drugs_l_raw_chembl_count,5,17,17,0.7,17,17,0,1.0,25,17,8,0.68,"{""all_atoms_connected"":0,""bond_angles"":0,""bond_lengths"":0,""bonds"":0,""double_bond_stereochemistry"":0,""energy_ratio"":0,""file_loads"":0,""inchi_convertible"":0,""internal_steric_clash"":0,""molecular_formula"":0,""no_radicals"":0,""planar_aromatic_rings"":0,""planar_double_bonds"":0,""reference_file_loads"":0,""sanitisation"":0,""tetrahedral_chirality"":8}","{""all_atoms_connected"":0.0,""bond_angles"":0.0,""bond_lengths"":0.0,""bonds"":0.0,""double_bond_stereochemistry"":0.0,""energy_ratio"":0.0,""file_loads"":0.0,""inchi_convertible"":0.0,""internal_steric_clash"":0.0,""molecular_formula"":0.0,""no_radicals"":0.0,""planar_aromatic_rings"":0.0,""planar_double_bonds"":0.0,""reference_file_loads"":0.0,""sanitisation"":0.0,""tetrahedral_chirality"":0.32}",17,97.97445238098669,1.0315877245400578,1.4805357304661264,11.0,64.70588235294117,0.9434883499074127,0.23529411764705882,9.605984159149303,0.12110726643598616,0.6363636363636364,4.0,23.529411764705884,0.7258303821788833,0.6470588235294118,2.7352273701923426,0.46712802768166095,0.25,1.0,5.882352941176471,0.0,1.0,1.0,1.0,0.0,1.0,5.882352941176471,0.0,1.0,1.0,1.0,0.0,17,25.65147278763584,57.06010058630031,36.87030130757397,7.01685725078945,0.3984476271180306,0.838631370345198,0.0,1.0,1.0,1.0,0.41119752527151027,0.8806256730198299,0.0,1.0,1.0,1.0,1000,0,0,0,0,0,25,0,0,0,0,17,25,25,core
3fcq_3fcq_conf0,generation,mcf_drugs_l_raw,fixed,,mcf_drugs_l_raw_fixed,MCF drugs-L,mcf_drugs_l_raw_fixed,2,14,930,0.7,930,887,43,0.953763440860215,1000,930,70,0.93,"{""all_atoms_connected"":0,""bond_angles"":0,""bond_lengths"":0,""bonds"":0,""double_bond_stereochemistry"":0,""energy_ratio"":1,""file_loads"":0,""inchi_convertible"":0,""internal_steric_clash"":69,""molecular_formula"":0,""no_radicals"":0,""planar_aromatic_rings"":0,""planar_double_bonds"":0,""reference_file_loads"":0,""sanitisation"":0,""tetrahedral_chirality"":0}","{""all_atoms_connected"":0.0,""bond_angles"":0.0,""bond_lengths"":0.0,""bonds"":0.0,""double_bond_stereochemistry"":0.0,""energy_ratio"":0.001,""file_loads"":0.0,""inchi_convertible"":0.0,""internal_steric_clash"":0.069,""molecular_formula"":0.0,""no_radicals"":0.0,""planar_aromatic_rings"":0.0,""planar_double_bonds"":0.0,""reference_file_loads"":0.0,""sanitisation"":0.0,""tetrahedral_chirality"":0.0}",930,110.50386264774474,0.8060023950400899,1.0719084471741251,9.0,0.967741935483871,0.8792887256494077,0.25161290322580643,6.903267143331861,0.1657879523644352,0.0,3.0,0.3225806451612903,0.9639157508877362,0.421505376344086,2.8833986614405354,0.3580020811654526,0.0,1.0,0.10752688172043011,0.0,1.0,1.0,1.0,0.0,1.0,0.10752688172043011,0.0,1.0,1.0,1.0,0.0,930,51.544701031105234,47775.49105398747,63.742372274053736,1563.6233868649008,0.2099111267761715,0.9981813435458079,1.0,1.0,1.0,1.0,0.23470599797503275,0.945521363482461,1.0,1.0,1.0,1.0,1000,0,0,0,0,0,1000,0,0,0,0,930,1000,1000,core
3fcq_3fcq_conf0,generation,mcf_drugs_l_raw,dynamic,,mcf_drugs_l_raw_dynamic,MCF drugs-L,mcf_drugs_l_raw_dynamic,2,14,24,0.7,24,22,2,0.9166666666666666,24,24,0,1.0,"{""all_atoms_connected"":0,""bond_angles"":0,""bond_lengths"":0,""bonds"":0,""double_bond_stereochemistry"":0,""energy_ratio"":0,""file_loads"":0,""inchi_convertible"":0,""internal_steric_clash"":0,""molecular_formula"":0,""no_radicals"":0,""planar_aromatic_rings"":0,""planar_double_bonds"":0,""reference_file_loads"":0,""sanitisation"":0,""tetrahedral_chirality"":0}","{""all_atoms_connected"":0.0,""bond_angles"":0.0,""bond_lengths"":0.0,""bonds"":0.0,""double_bond_stereochemistry"":0.0,""energy_ratio"":0.0,""file_loads"":0.0,""inchi_convertible"":0.0,""internal_steric_clash"":0.0,""molecular_formula"":0.0,""no_radicals"":0.0,""planar_aromatic_rings"":0.0,""planar_double_bonds"":0.0,""reference_file_loads"":0.0,""sanitisation"":0.0,""tetrahedral_chirality"":0.0}",24,110.72835151267596,0.8432381390978912,1.069733810384395,8.0,33.333333333333336,0.9362487435307926,0.25,7.0067539272752795,0.1597222222222222,0.125,3.0,12.5,0.9850568223215077,0.375,2.951151785867524,0.34375,0.0,1.0,4.166666666666667,0.0,1.0,1.0,1.0,0.0,1.0,4.166666666666667,0.0,1.0,1.0,1.0,0.0,24,53.84969283547116,116.72631775363158,63.65472836890817,15.171604867114759,0.28776602418559016,1.0074418603849788,0.0,1.0,1.0,1.0,0.286546351511874,0.9505900219510526,0.0,1.0,1.0,1.0,1000,0,0,0,0,0,24,0,0,0,0,24,24,24,core
3fcq_3fcq_conf0,generation,mcf_drugs_l_raw,chembl_count,,mcf_drugs_l_raw_chembl_count,MCF drugs-L,mcf_drugs_l_raw_chembl_count,2,14,2,0.7,2,2,0,1.0,2,2,0,1.0,"{""all_atoms_connected"":0,""bond_angles"":0,""bond_lengths"":0,""bonds"":0,""double_bond_stereochemistry"":0,""energy_ratio"":0,""file_loads"":0,""inchi_convertible"":0,""internal_steric_clash"":0,""molecular_formula"":0,""no_radicals"":0,""planar_aromatic_rings"":0,""planar_double_bonds"":0,""reference_file_loads"":0,""sanitisation"":0,""tetrahedral_chirality"":0}","{""all_atoms_connected"":0.0,""bond_angles"":0.0,""bond_lengths"":0.0,""bonds"":0.0,""double_bond_stereochemistry"":0.0,""energy_ratio"":0.0,""file_loads"":0.0,""inchi_convertible"":0.0,""internal_steric_clash"":0.0,""molecular_formula"":0.0,""no_radicals"":0.0,""planar_aromatic_rings"":0.0,""planar_double_bonds"":0.0,""reference_file_loads"":0.0,""sanitisation"":0.0,""tetrahedral_chirality"":0.0}",2,57.135563316823585,0.6442853643439501,0.6442853643439501,2.0,100.0,1.0,0.5,2.0,0.5,1.0,1.0,50.0,0.0,1.0,1.0,1.0,0.0,1.0,50.0,0.0,1.0,1.0,1.0,0.0,1.0,50.0,0.0,1.0,1.0,1.0,0.0,2,53.04080847473792,63.48827091401511,58.264539694376516,5.223731219638594,1.0264518623917998,1.0720513891236094,0.0,0.0,0.0,1.0,1.0098660040221528,1.0841448250427896,0.0,0.0,0.0,1.0,1000,0,0,0,0,0,2,0,0,0,0,2,2,2,core
3fur_3fur_conf0,generation,mcf_drugs_l_raw,fixed,,mcf_drugs_l_raw_fixed,MCF drugs-L,mcf_drugs_l_raw_fixed,5,31,1000,0.7,1000,1000,0,1.0,1000,1000,0,1.0,"{""all_atoms_connected"":0,""bond_angles"":0,""bond_lengths"":0,""bonds"":0,""double_bond_stereochemistry"":0,""energy_ratio"":0,""file_loads"":0,""inchi_convertible"":0,""internal_steric_clash"":0,""molecular_formula"":0,""no_radicals"":0,""planar_aromatic_rings"":0,""planar_double_bonds"":0,""reference_file_loads"":0,""sanitisation"":0,""tetrahedral_chirality"":0}","{""all_atoms_connected"":0.0,""bond_angles"":0.0,""bond_lengths"":0.0,""bonds"":0.0,""double_bond_stereochemistry"":0.0,""energy_ratio"":0.0,""file_loads"":0.0,""inchi_convertible"":0.0,""internal_steric_clash"":0.0,""molecular_formula"":0.0,""no_radicals"":0.0,""planar_aromatic_rings"":0.0,""planar_double_bonds"":0.0,""reference_file_loads"":0.0,""sanitisation"":0.0,""tetrahedral_chirality"":0.0}",1000,106.75964640604596,2.1861567058278677,2.926997121421955,247.0,24.7,0.9176630795314449,0.023,156.92410288133655,0.008948,0.3765182186234818,101.0,10.1,0.933034668117019,0.039,74.14832209102427,0.016076000000000003,0.13861386138613863,8.0,0.8,0.9489129146161421,0.202,7.193723675248345,0.14788400000000002,0.0,2.0,0.2,0.9970433402104211,0.532,1.9959053963802242,0.502048,0.0,1000,35.56780745983951,96.0961496278823,45.4089335258285,3.627436987317226,0.412819397893626,2.111182668977995,0.0,1.0,1.0,1.0,0.37812252557320447,2.103492508198201,0.0,1.0,1.0,1.0,1000,0,0,0,0,0,1000,0,0,0,0,1000,1000,1000,core
3fur_3fur_conf0,generation,mcf_drugs_l_raw,dynamic,,mcf_drugs_l_raw_dynamic,MCF drugs-L,mcf_drugs_l_raw_dynamic,5,31,90,0.7,90,90,0,1.0,90,90,0,1.0,"{""all_atoms_connected"":0,""bond_angles"":0,""bond_lengths"":0,""bonds"":0,""double_bond_stereochemistry"":0,""energy_ratio"":0,""file_loads"":0,""inchi_convertible"":0,""internal_steric_clash"":0,""molecular_formula"":0,""no_radicals"":0,""planar_aromatic_rings"":0,""planar_double_bonds"":0,""reference_file_loads"":0,""sanitisation"":0,""tetrahedral_chirality"":0}","{""all_atoms_connected"":0.0,""bond_angles"":0.0,""bond_lengths"":0.0,""bonds"":0.0,""double_bond_stereochemistry"":0.0,""energy_ratio"":0.0,""file_loads"":0.0,""inchi_convertible"":0.0,""internal_steric_clash"":0.0,""molecular_formula"":0.0,""no_radicals"":0.0,""planar_aromatic_rings"":0.0,""planar_double_bonds"":0.0,""reference_file_loads"":0.0,""sanitisation"":0.0,""tetrahedral_chirality"":0.0}",90,101.90815190717039,2.1739974515827707,2.878521921541835,64.0,71.11111111111111,0.970791997504376,0.044444444444444446,56.679376583476056,0.020246913580246915,0.75,40.0,44.44444444444444,0.9553002974095516,0.05555555555555555,33.9194175544818,0.03382716049382716,0.375,8.0,8.88888888888889,0.9709904234756257,0.2111111111111111,7.531677730341987,0.1404938271604938,0.0,2.0,2.2222222222222223,0.9985746465403506,0.5222222222222223,1.9980250163188582,0.5009876543209877,0.0,90,38.51687648951174,52.898474956932844,45.44365275233793,3.017464610668682,0.817703076663772,2.1579569501162785,0.0,0.0,0.0,1.0,0.8178007967272345,2.1503296455815706,0.0,0.0,0.0,1.0,1000,0,0,0,0,0,90,0,0,0,0,90,90,90,core
3fur_3fur_conf0,generation,mcf_drugs_l_raw,chembl_count,,mcf_drugs_l_raw_chembl_count,MCF drugs-L,mcf_drugs_l_raw_chembl_count,5,31,86,0.7,86,86,0,1.0,86,86,0,1.0,"{""all_atoms_connected"":0,""bond_angles"":0,""bond_lengths"":0,""bonds"":0,""double_bond_stereochemistry"":0,""energy_ratio"":0,""file_loads"":0,""inchi_convertible"":0,""internal_steric_clash"":0,""molecular_formula"":0,""no_radicals"":0,""planar_aromatic_rings"":0,""planar_double_bonds"":0,""reference_file_loads"":0,""sanitisation"":0,""tetrahedral_chirality"":0}","{""all_atoms_connected"":0.0,""bond_angles"":0.0,""bond_lengths"":0.0,""bonds"":0.0,""double_bond_stereochemistry"":0.0,""energy_ratio"":0.0,""file_loads"":0.0,""inchi_convertible"":0.0,""internal_steric_clash"":0.0,""molecular_formula"":0.0,""no_radicals"":0.0,""planar_aromatic_rings"":0.0,""planar_double_bonds"":0.0,""reference_file_loads"":0.0,""sanitisation"":0.0,""tetrahedral_chirality"":0.0}",86,106.62061482567267,2.1632829469046553,2.893066498898772,63.0,73.25581395348837,0.9773328352737747,0.046511627906976744,57.35279676904909,0.019469983775013508,0.7142857142857143,48.0,55.81395348837209,0.9562649254922172,0.05813953488372093,40.52397386485698,0.029204975662520283,0.5625,5.0,5.813953488372093,0.9438303865900761,0.29069767441860467,4.567821553339929,0.23147647376960517,0.0,1.0,1.1627906976744187,0.0,1.0,1.0,1.0,0.0,86,38.858325347722236,57.6714211969214,45.18411688441467,2.879432133863776,0.44639080844603457,2.056823015662115,0.0,1.0,1.0,1.0,0.4149386415712099,2.053148647424746,0.0,1.0,1.0,1.0,1000,0,0,0,0,0,86,0,0,0,0,86,86,86,core
3g2z_3g2z_conf0,generation,mcf_drugs_l_raw,fixed,,mcf_drugs_l_raw_fixed,MCF drugs-L,mcf_drugs_l_raw_fixed,2,13,1000,0.7,1000,1000,0,1.0,1000,1000,0,1.0,"{""all_atoms_connected"":0,""bond_angles"":0,""bond_lengths"":0,""bonds"":0,""double_bond_stereochemistry"":0,""energy_ratio"":0,""file_loads"":0,""inchi_convertible"":0,""internal_steric_clash"":0,""molecular_formula"":0,""no_radicals"":0,""planar_aromatic_rings"":0,""planar_double_bonds"":0,""reference_file_loads"":0,""sanitisation"":0,""tetrahedral_chirality"":0}","{""all_atoms_connected"":0.0,""bond_angles"":0.0,""bond_lengths"":0.0,""bonds"":0.0,""double_bond_stereochemistry"":0.0,""energy_ratio"":0.0,""file_loads"":0.0,""inchi_convertible"":0.0,""internal_steric_clash"":0.0,""molecular_formula"":0.0,""no_radicals"":0.0,""planar_aromatic_rings"":0.0,""planar_double_bonds"":0.0,""reference_file_loads"":0.0,""sanitisation"":0.0,""tetrahedral_chirality"":0.0}",1000,124.34639916364614,0.7221414745088601,1.1960944780369855,3.0,0.3,0.9189682308434505,0.539,2.7444749765655705,0.39680600000000005,0.0,2.0,0.2,0.9956068607005617,0.539,1.99391907894279,0.503042,0.0,1.0,0.1,0.0,1.0,1.0,1.0,0.0,1.0,0.1,0.0,1.0,1.0,1.0,0.0,1000,13.637874211871832,23.795923618368036,16.784367137746536,1.2899230709052394,0.1767361268922653,1.1107146165202837,1.0,1.0,1.0,1.0,0.16954695812121826,1.1709352128721084,1.0,1.0,1.0,1.0,1000,0,0,0,0,0,1000,0,0,0,0,1000,1000,1000,core
3g2z_3g2z_conf0,generation,mcf_drugs_l_raw,dynamic,,mcf_drugs_l_raw_dynamic,MCF drugs-L,mcf_drugs_l_raw_dynamic,2,13,24,0.7,24,24,0,1.0,24,24,0,1.0,"{""all_atoms_connected"":0,""bond_angles"":0,""bond_lengths"":0,""bonds"":0,""double_bond_stereochemistry"":0,""energy_ratio"":0,""file_loads"":0,""inchi_convertible"":0,""internal_steric_clash"":0,""molecular_formula"":0,""no_radicals"":0,""planar_aromatic_rings"":0,""planar_double_bonds"":0,""reference_file_loads"":0,""sanitisation"":0,""tetrahedral_chirality"":0}","{""all_atoms_connected"":0.0,""bond_angles"":0.0,""bond_lengths"":0.0,""bonds"":0.0,""double_bond_stereochemistry"":0.0,""energy_ratio"":0.0,""file_loads"":0.0,""inchi_convertible"":0.0,""internal_steric_clash"":0.0,""molecular_formula"":0.0,""no_radicals"":0.0,""planar_aromatic_rings"":0.0,""planar_double_bonds"":0.0,""reference_file_loads"":0.0,""sanitisation"":0.0,""tetrahedral_chirality"":0.0}",24,124.26899566093223,0.7496492310782296,1.1982588091114876,4.0,16.666666666666668,0.9725177829378437,0.375,3.8504726945778804,0.27083333333333337,0.0,2.0,8.333333333333334,0.9798687566511527,0.5833333333333334,1.9722859800819112,0.513888888888889,0.0,1.0,4.166666666666667,0.0,1.0,1.0,1.0,0.0,1.0,4.166666666666667,0.0,1.0,1.0,1.0,0.0,24,15.083901316622462,19.698055144660003,17.611239799595914,1.3223391928869501,0.2334314935863038,0.5672371278168882,1.0,1.0,1.0,1.0,0.2093740837542749,0.7129881804866495,1.0,1.0,1.0,1.0,1000,0,0,0,0,0,24,0,0,0,0,24,24,24,core
3g2z_3g2z_conf0,generation,mcf_drugs_l_raw,chembl_count,,mcf_drugs_l_raw_chembl_count,MCF drugs-L,mcf_drugs_l_raw_chembl_count,2,13,6,0.7,6,6,0,1.0,6,6,0,1.0,"{""all_atoms_connected"":0,""bond_angles"":0,""bond_lengths"":0,""bonds"":0,""double_bond_stereochemistry"":0,""energy_ratio"":0,""file_loads"":0,""inchi_convertible"":0,""internal_steric_clash"":0,""molecular_formula"":0,""no_radicals"":0,""planar_aromatic_rings"":0,""planar_double_bonds"":0,""reference_file_loads"":0,""sanitisation"":0,""tetrahedral_chirality"":0}","{""all_atoms_connected"":0.0,""bond_angles"":0.0,""bond_lengths"":0.0,""bonds"":0.0,""double_bond_stereochemistry"":0.0,""energy_ratio"":0.0,""file_loads"":0.0,""inchi_convertible"":0.0,""internal_steric_clash"":0.0,""molecular_formula"":0.0,""no_radicals"":0.0,""planar_aromatic_rings"":0.0,""planar_double_bonds"":0.0,""reference_file_loads"":0.0,""sanitisation"":0.0,""tetrahedral_chirality"":0.0}",6,113.23274211968,0.7357912189155602,1.1755491187906548,2.0,33.333333333333336,0.9182958340544894,0.6666666666666666,1.8898815748423097,0.5555555555555556,0.0,2.0,33.333333333333336,0.9182958340544894,0.6666666666666666,1.8898815748423097,0.5555555555555556,0.0,1.0,16.666666666666668,0.0,1.0,1.0,1.0,0.0,1.0,16.666666666666668,0.0,1.0,1.0,1.0,0.0,6,14.777272467299944,17.904304003368292,16.1664281077265,0.954526287303167,0.23220853809657255,1.1450411894098087,1.0,1.0,1.0,1.0,0.35612344242003424,1.2106948512584967,0.0,1.0,1.0,1.0,1000,0,0,0,0,0,6,0,0,0,0,6,6,6,core
3g31_3g31_conf0,generation,mcf_drugs_l_raw,fixed,,mcf_drugs_l_raw_fixed,MCF drugs-L,mcf_drugs_l_raw_fixed,2,17,0,0.7,0,0,0,,1000,0,1000,0.0,"{""all_atoms_connected"":0,""bond_angles"":4,""bond_lengths"":4,""bonds"":0,""double_bond_stereochemistry"":0,""energy_ratio"":5,""file_loads"":0,""inchi_convertible"":0,""internal_steric_clash"":22,""molecular_formula"":0,""no_radicals"":0,""planar_aromatic_rings"":0,""planar_double_bonds"":0,""reference_file_loads"":0,""sanitisation"":0,""tetrahedral_chirality"":1000}","{""all_atoms_connected"":0.0,""bond_angles"":0.004,""bond_lengths"":0.004,""bonds"":0.0,""double_bond_stereochemistry"":0.0,""energy_ratio"":0.005,""file_loads"":0.0,""inchi_convertible"":0.0,""internal_steric_clash"":0.022,""molecular_formula"":0.0,""no_radicals"":0.0,""planar_aromatic_rings"":0.0,""planar_double_bonds"":0.0,""reference_file_loads"":0.0,""sanitisation"":0.0,""tetrahedral_chirality"":1.0}",0,,,,,,,,,,,,,,,,,,,,,,,,,,,,,,,,0,,,,,,,,,,,,,,,,,1000,0,0,0,0,0,1000,0,0,0,0,0,1000,1000,core
3g31_3g31_conf0,generation,mcf_drugs_l_raw,dynamic,,mcf_drugs_l_raw_dynamic,MCF drugs-L,mcf_drugs_l_raw_dynamic,2,17,0,0.7,0,0,0,,24,0,24,0.0,"{""all_atoms_connected"":0,""bond_angles"":0,""bond_lengths"":0,""bonds"":0,""double_bond_stereochemistry"":0,""energy_ratio"":0,""file_loads"":0,""inchi_convertible"":0,""internal_steric_clash"":1,""molecular_formula"":0,""no_radicals"":0,""planar_aromatic_rings"":0,""planar_double_bonds"":0,""reference_file_loads"":0,""sanitisation"":0,""tetrahedral_chirality"":24}","{""all_atoms_connected"":0.0,""bond_angles"":0.0,""bond_lengths"":0.0,""bonds"":0.0,""double_bond_stereochemistry"":0.0,""energy_ratio"":0.0,""file_loads"":0.0,""inchi_convertible"":0.0,""internal_steric_clash"":0.041666666666666664,""molecular_formula"":0.0,""no_radicals"":0.0,""planar_aromatic_rings"":0.0,""planar_double_bonds"":0.0,""reference_file_loads"":0.0,""sanitisation"":0.0,""tetrahedral_chirality"":1.0}",0,,,,,,,,,,,,,,,,,,,,,,,,,,,,,,,,0,,,,,,,,,,,,,,,,,1000,0,0,0,0,0,24,0,0,0,0,0,24,24,core
3g31_3g31_conf0,generation,mcf_drugs_l_raw,chembl_count,,mcf_drugs_l_raw_chembl_count,MCF drugs-L,mcf_drugs_l_raw_chembl_count,2,17,0,0.7,0,0,0,,8,0,8,0.0,"{""all_atoms_connected"":0,""bond_angles"":0,""bond_lengths"":0,""bonds"":0,""double_bond_stereochemistry"":0,""energy_ratio"":0,""file_loads"":0,""inchi_convertible"":0,""internal_steric_clash"":1,""molecular_formula"":0,""no_radicals"":0,""planar_aromatic_rings"":0,""planar_double_bonds"":0,""reference_file_loads"":0,""sanitisation"":0,""tetrahedral_chirality"":8}","{""all_atoms_connected"":0.0,""bond_angles"":0.0,""bond_lengths"":0.0,""bonds"":0.0,""double_bond_stereochemistry"":0.0,""energy_ratio"":0.0,""file_loads"":0.0,""inchi_convertible"":0.0,""internal_steric_clash"":0.125,""molecular_formula"":0.0,""no_radicals"":0.0,""planar_aromatic_rings"":0.0,""planar_double_bonds"":0.0,""reference_file_loads"":0.0,""sanitisation"":0.0,""tetrahedral_chirality"":1.0}",0,,,,,,,,,,,,,,,,,,,,,,,,,,,,,,,,0,,,,,,,,,,,,,,,,,1000,0,0,0,0,0,8,0,0,0,0,0,8,8,core
3gy4_3gy4_conf0,generation,mcf_drugs_l_raw,fixed,,mcf_drugs_l_raw_fixed,MCF drugs-L,mcf_drugs_l_raw_fixed,2,10,1000,0.7,1000,1000,0,1.0,1000,1000,0,1.0,"{""all_atoms_connected"":0,""bond_angles"":0,""bond_lengths"":0,""bonds"":0,""double_bond_stereochemistry"":0,""energy_ratio"":0,""file_loads"":0,""inchi_convertible"":0,""internal_steric_clash"":0,""molecular_formula"":0,""no_radicals"":0,""planar_aromatic_rings"":0,""planar_double_bonds"":0,""reference_file_loads"":0,""sanitisation"":0,""tetrahedral_chirality"":0}","{""all_atoms_connected"":0.0,""bond_angles"":0.0,""bond_lengths"":0.0,""bonds"":0.0,""double_bond_stereochemistry"":0.0,""energy_ratio"":0.0,""file_loads"":0.0,""inchi_convertible"":0.0,""internal_steric_clash"":0.0,""molecular_formula"":0.0,""no_radicals"":0.0,""planar_aromatic_rings"":0.0,""planar_double_bonds"":0.0,""reference_file_loads"":0.0,""sanitisation"":0.0,""tetrahedral_chirality"":0.0}",1000,120.17990287940661,0.18463864203863178,0.3634507611713655,2.0,0.2,0.011407757737461135,0.999,1.0079386000168544,0.9980020000000001,0.5,1.0,0.1,0.0,1.0,1.0,1.0,0.0,1.0,0.1,0.0,1.0,1.0,1.0,0.0,1.0,0.1,0.0,1.0,1.0,1.0,0.0,1000,-8.960797514758774,37.67917258733047,-6.677042388527489,1.9975270210038778,0.020263505427932097,0.1287585351760218,1.0,1.0,1.0,1.0,0.03561994275571066,0.11918556910222697,1.0,1.0,1.0,1.0,1000,0,0,0,0,0,1000,0,0,0,0,1000,1000,1000,core
3gy4_3gy4_conf0,generation,mcf_drugs_l_raw,dynamic,,mcf_drugs_l_raw_dynamic,MCF drugs-L,mcf_drugs_l_raw_dynamic,2,10,24,0.7,24,24,0,1.0,24,24,0,1.0,"{""all_atoms_connected"":0,""bond_angles"":0,""bond_lengths"":0,""bonds"":0,""double_bond_stereochemistry"":0,""energy_ratio"":0,""file_loads"":0,""inchi_convertible"":0,""internal_steric_clash"":0,""molecular_formula"":0,""no_radicals"":0,""planar_aromatic_rings"":0,""planar_double_bonds"":0,""reference_file_loads"":0,""sanitisation"":0,""tetrahedral_chirality"":0}","{""all_atoms_connected"":0.0,""bond_angles"":0.0,""bond_lengths"":0.0,""bonds"":0.0,""double_bond_stereochemistry"":0.0,""energy_ratio"":0.0,""file_loads"":0.0,""inchi_convertible"":0.0,""internal_steric_clash"":0.0,""molecular_formula"":0.0,""no_radicals"":0.0,""planar_aromatic_rings"":0.0,""planar_double_bonds"":0.0,""reference_file_loads"":0.0,""sanitisation"":0.0,""tetrahedral_chirality"":0.0}",24,118.1612853145751,0.17176121207433193,0.36163303771436667,1.0,4.166666666666667,0.0,1.0,1.0,1.0,0.0,1.0,4.166666666666667,0.0,1.0,1.0,1.0,0.0,1.0,4.166666666666667,0.0,1.0,1.0,1.0,0.0,1.0,4.166666666666667,0.0,1.0,1.0,1.0,0.0,24,-8.600254808555778,-2.8185453589152765,-6.757599961776112,1.6238930171538248,0.038684211158510874,0.2865637610014758,1.0,1.0,1.0,1.0,0.08843980800297595,0.24565950506376855,1.0,1.0,1.0,1.0,1000,0,0,0,0,0,24,0,0,0,0,24,24,24,core
3gy4_3gy4_conf0,generation,mcf_drugs_l_raw,chembl_count,,mcf_drugs_l_raw_chembl_count,MCF drugs-L,mcf_drugs_l_raw_chembl_count,2,10,1,0.7,1,1,0,1.0,1,1,0,1.0,"{""all_atoms_connected"":0,""bond_angles"":0,""bond_lengths"":0,""bonds"":0,""double_bond_stereochemistry"":0,""energy_ratio"":0,""file_loads"":0,""inchi_convertible"":0,""internal_steric_clash"":0,""molecular_formula"":0,""no_radicals"":0,""planar_aromatic_rings"":0,""planar_double_bonds"":0,""reference_file_loads"":0,""sanitisation"":0,""tetrahedral_chirality"":0}","{""all_atoms_connected"":0.0,""bond_angles"":0.0,""bond_lengths"":0.0,""bonds"":0.0,""double_bond_stereochemistry"":0.0,""energy_ratio"":0.0,""file_loads"":0.0,""inchi_convertible"":0.0,""internal_steric_clash"":0.0,""molecular_formula"":0.0,""no_radicals"":0.0,""planar_aromatic_rings"":0.0,""planar_double_bonds"":0.0,""reference_file_loads"":0.0,""sanitisation"":0.0,""tetrahedral_chirality"":0.0}",1,0.0,,,1.0,100.0,0.0,1.0,1.0,1.0,1.0,1.0,100.0,0.0,1.0,1.0,1.0,1.0,1.0,100.0,0.0,1.0,1.0,1.0,1.0,1.0,100.0,0.0,1.0,1.0,1.0,1.0,1,-6.885890089503622,-6.885890089503622,-6.885890089503622,0.0,0.2894953946423668,0.2894953946423668,0.0,1.0,1.0,1.0,0.2468907729802839,0.2468907729802839,1.0,1.0,1.0,1.0,1000,0,0,0,0,0,1,0,0,0,0,1,1,1,core
3jvs_3jvs_conf0,generation,mcf_drugs_l_raw,fixed,,mcf_drugs_l_raw_fixed,MCF drugs-L,mcf_drugs_l_raw_fixed,3,30,620,0.7,620,490,130,0.7903225806451613,1000,620,380,0.62,"{""all_atoms_connected"":0,""bond_angles"":0,""bond_lengths"":0,""bonds"":0,""double_bond_stereochemistry"":0,""energy_ratio"":0,""file_loads"":0,""inchi_convertible"":0,""internal_steric_clash"":380,""molecular_formula"":0,""no_radicals"":0,""planar_aromatic_rings"":0,""planar_double_bonds"":0,""reference_file_loads"":0,""sanitisation"":0,""tetrahedral_chirality"":0}","{""all_atoms_connected"":0.0,""bond_angles"":0.0,""bond_lengths"":0.0,""bonds"":0.0,""double_bond_stereochemistry"":0.0,""energy_ratio"":0.0,""file_loads"":0.0,""inchi_convertible"":0.0,""internal_steric_clash"":0.38,""molecular_formula"":0.0,""no_radicals"":0.0,""planar_aromatic_rings"":0.0,""planar_double_bonds"":0.0,""reference_file_loads"":0.0,""sanitisation"":0.0,""tetrahedral_chirality"":0.0}",620,110.66223997291176,2.526553391057269,3.778888272913558,260.0,41.935483870967744,0.9561371594249217,0.020967741935483872,203.72567105887765,0.006139438085327783,0.45,95.0,15.32258064516129,0.9122007621736353,0.05,63.69142711652216,0.01995837669094692,0.23157894736842105,12.0,1.935483870967742,0.8375030449911752,0.27580645161290324,8.01341398567442,0.15433402705515092,0.08333333333333333,3.0,0.4838709677419355,0.6415151649635022,0.6935483870967742,2.023394291604518,0.5604370447450574,0.0,620,115.1115470008149,155.947030350016,127.40415339285994,6.8857760512949,0.9207774436092042,2.2264246355619495,0.0,0.0,0.0,1.0,0.872938727923315,2.211539154278878,0.0,0.0,0.0,1.0,1000,0,0,0,0,0,1000,0,0,0,0,620,1000,1000,core
3jvs_3jvs_conf0,generation,mcf_drugs_l_raw,dynamic,,mcf_drugs_l_raw_dynamic,MCF drugs-L,mcf_drugs_l_raw_dynamic,3,30,27,0.7,27,20,7,0.7407407407407407,46,27,19,0.5869565217391305,"{""all_atoms_connected"":0,""bond_angles"":0,""bond_lengths"":0,""bonds"":0,""double_bond_stereochemistry"":0,""energy_ratio"":0,""file_loads"":0,""inchi_convertible"":0,""internal_steric_clash"":19,""molecular_formula"":0,""no_radicals"":0,""planar_aromatic_rings"":0,""planar_double_bonds"":0,""reference_file_loads"":0,""sanitisation"":0,""tetrahedral_chirality"":0}","{""all_atoms_connected"":0.0,""bond_angles"":0.0,""bond_lengths"":0.0,""bonds"":0.0,""double_bond_stereochemistry"":0.0,""energy_ratio"":0.0,""file_loads"":0.0,""inchi_convertible"":0.0,""internal_steric_clash"":0.41304347826086957,""molecular_formula"":0.0,""no_radicals"":0.0,""planar_aromatic_rings"":0.0,""planar_double_bonds"":0.0,""reference_file_loads"":0.0,""sanitisation"":0.0,""tetrahedral_chirality"":0.0}",27,109.92784361102267,2.5904173171835003,3.781487222120386,26.0,96.29629629629629,0.9958245842456077,0.07407407407407407,25.64869339125718,0.03978052126200274,0.9615384615384616,20.0,74.07407407407408,0.9737344293735188,0.1111111111111111,18.48662792651829,0.058984910836762675,0.7,6.0,22.22222222222222,0.8877495092762523,0.25925925925925924,4.906856876872907,0.22085048010973937,0.3333333333333333,2.0,7.407407407407407,0.876716288999464,0.7037037037037037,1.8361911957055914,0.5829903978052127,0.0,27,117.3278649300718,140.7606007149031,126.64588611568756,7.3961919015769,1.2990534768532647,2.231738242826834,0.0,0.0,0.0,1.0,1.3137241150478083,2.2272791909333174,0.0,0.0,0.0,1.0,1000,0,0,0,0,0,46,0,0,0,0,27,46,46,core
3jvs_3jvs_conf0,generation,mcf_drugs_l_raw,chembl_count,,mcf_drugs_l_raw_chembl_count,MCF drugs-L,mcf_drugs_l_raw_chembl_count,3,30,29,0.7,29,24,5,0.8275862068965517,40,29,11,0.725,"{""all_atoms_connected"":0,""bond_angles"":0,""bond_lengths"":0,""bonds"":0,""double_bond_stereochemistry"":0,""energy_ratio"":0,""file_loads"":0,""inchi_convertible"":0,""internal_steric_clash"":11,""molecular_formula"":0,""no_radicals"":0,""planar_aromatic_rings"":0,""planar_double_bonds"":0,""reference_file_loads"":0,""sanitisation"":0,""tetrahedral_chirality"":0}","{""all_atoms_connected"":0.0,""bond_angles"":0.0,""bond_lengths"":0.0,""bonds"":0.0,""double_bond_stereochemistry"":0.0,""energy_ratio"":0.0,""file_loads"":0.0,""inchi_convertible"":0.0,""internal_steric_clash"":0.275,""molecular_formula"":0.0,""no_radicals"":0.0,""planar_aromatic_rings"":0.0,""planar_double_bonds"":0.0,""reference_file_loads"":0.0,""sanitisation"":0.0,""tetrahedral_chirality"":0.0}",29,105.61654502177339,2.502455072894834,3.7779447816472236,28.0,96.55172413793103,0.9961851278990728,0.06896551724137931,27.646318597452357,0.036860879904875146,0.9642857142857143,22.0,75.86206896551724,0.9752793949655972,0.10344827586206896,20.38154865208432,0.053507728894173594,0.7272727272727273,7.0,24.137931034482758,0.8055008923369402,0.4827586206896552,4.7943222896851365,0.28656361474435194,0.14285714285714285,2.0,6.896551724137931,0.9922666387194963,0.5517241379310345,1.989307967025825,0.5053507728894173,0.0,29,118.28774749482571,138.9340140655907,125.70768903742851,6.0343628834473,1.3799858662157263,2.193836386294054,0.0,0.0,0.0,1.0,1.2509220736892337,2.1798629781819603,0.0,0.0,0.0,1.0,1000,0,0,0,0,0,40,0,0,0,0,29,40,40,core
3k5v_3k5v_conf0,generation,mcf_drugs_l_raw,fixed,,mcf_drugs_l_raw_fixed,MCF drugs-L,mcf_drugs_l_raw_fixed,5,27,1000,0.7,1000,1000,0,1.0,1000,1000,0,1.0,"{""all_atoms_connected"":0,""bond_angles"":0,""bond_lengths"":0,""bonds"":0,""double_bond_stereochemistry"":0,""energy_ratio"":0,""file_loads"":0,""inchi_convertible"":0,""internal_steric_clash"":0,""molecular_formula"":0,""no_radicals"":0,""planar_aromatic_rings"":0,""planar_double_bonds"":0,""reference_file_loads"":0,""sanitisation"":0,""tetrahedral_chirality"":0}","{""all_atoms_connected"":0.0,""bond_angles"":0.0,""bond_lengths"":0.0,""bonds"":0.0,""double_bond_stereochemistry"":0.0,""energy_ratio"":0.0,""file_loads"":0.0,""inchi_convertible"":0.0,""internal_steric_clash"":0.0,""molecular_formula"":0.0,""no_radicals"":0.0,""planar_aromatic_rings"":0.0,""planar_double_bonds"":0.0,""reference_file_loads"":0.0,""sanitisation"":0.0,""tetrahedral_chirality"":0.0}",1000,113.27328880903993,1.833051841316786,2.5944868082051435,102.0,10.2,0.9743826634457824,0.027,90.60354389948301,0.011955999999999998,0.058823529411764705,14.0,1.4,0.9496379012242977,0.116,12.257633229491752,0.085482,0.07142857142857142,3.0,0.3,0.9986235353147891,0.353,2.995466825345247,0.33433399999999996,0.0,1.0,0.1,0.0,1.0,1.0,1.0,0.0,1000,-12.504850259693747,7.426738533492269,-5.139085749735049,3.797132508174496,0.24208747773715975,2.1639955177787087,1.0,1.0,1.0,1.0,0.2901474094744259,2.156102252775497,0.0,1.0,1.0,1.0,1000,0,0,0,0,0,1000,0,0,0,0,1000,1000,1000,core
3k5v_3k5v_conf0,generation,mcf_drugs_l_raw,dynamic,,mcf_drugs_l_raw_dynamic,MCF drugs-L,mcf_drugs_l_raw_dynamic,5,27,90,0.7,90,90,0,1.0,90,90,0,1.0,"{""all_atoms_connected"":0,""bond_angles"":0,""bond_lengths"":0,""bonds"":0,""double_bond_stereochemistry"":0,""energy_ratio"":0,""file_loads"":0,""inchi_convertible"":0,""internal_steric_clash"":0,""molecular_formula"":0,""no_radicals"":0,""planar_aromatic_rings"":0,""planar_double_bonds"":0,""reference_file_loads"":0,""sanitisation"":0,""tetrahedral_chirality"":0}","{""all_atoms_connected"":0.0,""bond_angles"":0.0,""bond_lengths"":0.0,""bonds"":0.0,""double_bond_stereochemistry"":0.0,""energy_ratio"":0.0,""file_loads"":0.0,""inchi_convertible"":0.0,""internal_steric_clash"":0.0,""molecular_formula"":0.0,""no_radicals"":0.0,""planar_aromatic_rings"":0.0,""planar_double_bonds"":0.0,""reference_file_loads"":0.0,""sanitisation"":0.0,""tetrahedral_chirality"":0.0}",90,112.86413199688592,1.8478679289274411,2.574936722539134,56.0,62.22222222222222,0.9747654253155393,0.03333333333333333,50.59099787534328,0.021728395061728394,0.5535714285714286,12.0,13.333333333333334,0.9501005391074923,0.18888888888888888,10.600605769968558,0.10444444444444445,0.0,3.0,3.3333333333333335,0.9722677162837141,0.43333333333333335,2.9099772433103754,0.35333333333333333,0.0,2.0,2.2222222222222223,0.9182958340544894,0.6666666666666666,1.8898815748423097,0.5555555555555556,0.0,90,-12.504850259693747,6.172941201132403,-4.583191309703974,3.7626688693542514,0.6082813177635115,1.9819101445675964,0.0,0.0,1.0,1.0,0.5180581428866217,1.9884228424141759,0.0,0.0,1.0,1.0,1000,0,0,0,0,0,90,0,0,0,0,90,90,90,core
3k5v_3k5v_conf0,generation,mcf_drugs_l_raw,chembl_count,,mcf_drugs_l_raw_chembl_count,MCF drugs-L,mcf_drugs_l_raw_chembl_count,5,27,200,0.7,200,200,0,1.0,200,200,0,1.0,"{""all_atoms_connected"":0,""bond_angles"":0,""bond_lengths"":0,""bonds"":0,""double_bond_stereochemistry"":0,""energy_ratio"":0,""file_loads"":0,""inchi_convertible"":0,""internal_steric_clash"":0,""molecular_formula"":0,""no_radicals"":0,""planar_aromatic_rings"":0,""planar_double_bonds"":0,""reference_file_loads"":0,""sanitisation"":0,""tetrahedral_chirality"":0}","{""all_atoms_connected"":0.0,""bond_angles"":0.0,""bond_lengths"":0.0,""bonds"":0.0,""double_bond_stereochemistry"":0.0,""energy_ratio"":0.0,""file_loads"":0.0,""inchi_convertible"":0.0,""internal_steric_clash"":0.0,""molecular_formula"":0.0,""no_radicals"":0.0,""planar_aromatic_rings"":0.0,""planar_double_bonds"":0.0,""reference_file_loads"":0.0,""sanitisation"":0.0,""tetrahedral_chirality"":0.0}",200,116.34758984464149,1.872208909202862,2.6695093369919993,82.0,41.0,0.9695577178235415,0.035,71.70558628294347,0.015600000000000003,0.2804878048780488,12.0,6.0,0.977823530442774,0.13,11.356612723896228,0.0926,0.0,3.0,1.5,0.9882608621450383,0.38,2.9615581372659756,0.3416,0.0,1.0,0.5,0.0,1.0,1.0,1.0,0.0,200,-11.947327509015189,5.724662575159975,-4.919150464311784,3.6659339989187374,0.5028779131770164,2.0401535794138166,0.0,0.0,1.0,1.0,0.33051600782685675,2.10881388533031,0.0,1.0,1.0,1.0,1000,0,0,0,0,0,200,0,0,0,0,200,200,200,core
3kgp_3kgp_conf0,generation,mcf_drugs_l_raw,fixed,,mcf_drugs_l_raw_fixed,MCF drugs-L,mcf_drugs_l_raw_fixed,3,11,940,0.7,940,935,5,0.9946808510638298,1000,940,60,0.94,"{""all_atoms_connected"":0,""bond_angles"":12,""bond_lengths"":16,""bonds"":0,""double_bond_stereochemistry"":0,""energy_ratio"":53,""file_loads"":0,""inchi_convertible"":0,""internal_steric_clash"":24,""molecular_formula"":0,""no_radicals"":0,""planar_aromatic_rings"":21,""planar_double_bonds"":0,""reference_file_loads"":0,""sanitisation"":0,""tetrahedral_chirality"":0}","{""all_atoms_connected"":0.0,""bond_angles"":0.012,""bond_lengths"":0.016,""bonds"":0.0,""double_bond_stereochemistry"":0.0,""energy_ratio"":0.053,""file_loads"":0.0,""inchi_convertible"":0.0,""internal_steric_clash"":0.024,""molecular_formula"":0.0,""no_radicals"":0.0,""planar_aromatic_rings"":0.021,""planar_double_bonds"":0.0,""reference_file_loads"":0.0,""sanitisation"":0.0,""tetrahedral_chirality"":0.0}",940,108.03905161590501,0.3763592300541389,0.6074134688161745,6.0,0.6382978723404256,0.5306131315880728,0.6585106382978724,2.5876007706701674,0.48756903576278865,0.16666666666666666,2.0,0.2127659574468085,0.13663503049924303,0.9808510638297873,1.099338006265146,0.9624354911724763,0.0,1.0,0.10638297872340426,0.0,1.0,1.0,1.0,0.0,1.0,0.10638297872340426,0.0,1.0,1.0,1.0,0.0,940,-11.570705524163024,104461.09311777893,-6.364014973565112,4474.160938945783,0.10290477990279324,0.3323205275061827,1.0,1.0,1.0,1.0,0.06603389538972243,0.2900067097836977,1.0,1.0,1.0,1.0,1000,0,0,0,0,0,1000,0,0,0,0,940,1000,1000,core
3kgp_3kgp_conf0,generation,mcf_drugs_l_raw,dynamic,,mcf_drugs_l_raw_dynamic,MCF drugs-L,mcf_drugs_l_raw_dynamic,3,11,43,0.7,43,43,0,1.0,46,43,3,0.9347826086956522,"{""all_atoms_connected"":0,""bond_angles"":2,""bond_lengths"":2,""bonds"":0,""double_bond_stereochemistry"":0,""energy_ratio"":2,""file_loads"":0,""inchi_convertible"":0,""internal_steric_clash"":2,""molecular_formula"":0,""no_radicals"":0,""planar_aromatic_rings"":2,""planar_double_bonds"":0,""reference_file_loads"":0,""sanitisation"":0,""tetrahedral_chirality"":0}","{""all_atoms_connected"":0.0,""bond_angles"":0.043478260869565216,""bond_lengths"":0.043478260869565216,""bonds"":0.0,""double_bond_stereochemistry"":0.0,""energy_ratio"":0.043478260869565216,""file_loads"":0.0,""inchi_convertible"":0.0,""internal_steric_clash"":0.043478260869565216,""molecular_formula"":0.0,""no_radicals"":0.0,""planar_aromatic_rings"":0.043478260869565216,""planar_double_bonds"":0.0,""reference_file_loads"":0.0,""sanitisation"":0.0,""tetrahedral_chirality"":0.0}",43,104.847901024477,0.34988414753275743,0.5744634376741021,2.0,4.651162790697675,0.9807983646944296,0.5813953488372093,1.973557242325901,0.5132504056246621,0.0,1.0,2.3255813953488373,0.0,1.0,1.0,1.0,0.0,1.0,2.3255813953488373,0.0,1.0,1.0,1.0,0.0,1.0,2.3255813953488373,0.0,1.0,1.0,1.0,0.0,43,-11.570705524163024,1.1336795046461177,-7.144940678518136,2.639778572065875,0.14701237838075826,0.31786148042447065,1.0,1.0,1.0,1.0,0.14173967789257105,0.2652114287470225,1.0,1.0,1.0,1.0,1000,0,0,0,0,0,46,0,0,0,0,43,46,46,core
3kgp_3kgp_conf0,generation,mcf_drugs_l_raw,chembl_count,,mcf_drugs_l_raw_chembl_count,MCF drugs-L,mcf_drugs_l_raw_chembl_count,3,11,1,0.7,1,1,0,1.0,1,1,0,1.0,"{""all_atoms_connected"":0,""bond_angles"":0,""bond_lengths"":0,""bonds"":0,""double_bond_stereochemistry"":0,""energy_ratio"":0,""file_loads"":0,""inchi_convertible"":0,""internal_steric_clash"":0,""molecular_formula"":0,""no_radicals"":0,""planar_aromatic_rings"":0,""planar_double_bonds"":0,""reference_file_loads"":0,""sanitisation"":0,""tetrahedral_chirality"":0}","{""all_atoms_connected"":0.0,""bond_angles"":0.0,""bond_lengths"":0.0,""bonds"":0.0,""double_bond_stereochemistry"":0.0,""energy_ratio"":0.0,""file_loads"":0.0,""inchi_convertible"":0.0,""internal_steric_clash"":0.0,""molecular_formula"":0.0,""no_radicals"":0.0,""planar_aromatic_rings"":0.0,""planar_double_bonds"":0.0,""reference_file_loads"":0.0,""sanitisation"":0.0,""tetrahedral_chirality"":0.0}",1,0.0,,,1.0,100.0,0.0,1.0,1.0,1.0,1.0,1.0,100.0,0.0,1.0,1.0,1.0,1.0,1.0,100.0,0.0,1.0,1.0,1.0,1.0,1.0,100.0,0.0,1.0,1.0,1.0,1.0,1,-1.6019144846548556,-1.6019144846548556,-1.6019144846548556,0.0,0.20534778812012686,0.20534778812012686,1.0,1.0,1.0,1.0,0.25618450034521895,0.25618450034521895,0.0,1.0,1.0,1.0,1000,0,0,0,0,0,1,0,0,0,0,1,1,1,core
3lka_3lka_conf0,generation,mcf_drugs_l_raw,fixed,,mcf_drugs_l_raw_fixed,MCF drugs-L,mcf_drugs_l_raw_fixed,3,12,1000,0.7,1000,1000,0,1.0,1000,1000,0,1.0,"{""all_atoms_connected"":0,""bond_angles"":0,""bond_lengths"":0,""bonds"":0,""double_bond_stereochemistry"":0,""energy_ratio"":0,""file_loads"":0,""inchi_convertible"":0,""internal_steric_clash"":0,""molecular_formula"":0,""no_radicals"":0,""planar_aromatic_rings"":0,""planar_double_bonds"":0,""reference_file_loads"":0,""sanitisation"":0,""tetrahedral_chirality"":0}","{""all_atoms_connected"":0.0,""bond_angles"":0.0,""bond_lengths"":0.0,""bonds"":0.0,""double_bond_stereochemistry"":0.0,""energy_ratio"":0.0,""file_loads"":0.0,""inchi_convertible"":0.0,""internal_steric_clash"":0.0,""molecular_formula"":0.0,""no_radicals"":0.0,""planar_aromatic_rings"":0.0,""planar_double_bonds"":0.0,""reference_file_loads"":0.0,""sanitisation"":0.0,""tetrahedral_chirality"":0.0}",1000,110.76742820233899,0.46320258537128195,0.8260369719877562,4.0,0.4,0.8911520393008304,0.407,3.439750869078551,0.32198,0.0,1.0,0.1,0.0,1.0,1.0,1.0,0.0,1.0,0.1,0.0,1.0,1.0,1.0,0.0,1.0,0.1,0.0,1.0,1.0,1.0,0.0,1000,-52.47984886223455,-33.57221622239963,-50.52662052102755,2.9327854192388614,0.1412259952490382,0.582018966392986,1.0,1.0,1.0,1.0,0.48655976088837555,0.6835428764410513,0.0,1.0,1.0,1.0,1000,0,0,0,0,0,1000,0,0,0,0,1000,1000,1000,core
3lka_3lka_conf0,generation,mcf_drugs_l_raw,dynamic,,mcf_drugs_l_raw_dynamic,MCF drugs-L,mcf_drugs_l_raw_dynamic,3,12,46,0.7,46,46,0,1.0,46,46,0,1.0,"{""all_atoms_connected"":0,""bond_angles"":0,""bond_lengths"":0,""bonds"":0,""double_bond_stereochemistry"":0,""energy_ratio"":0,""file_loads"":0,""inchi_convertible"":0,""internal_steric_clash"":0,""molecular_formula"":0,""no_radicals"":0,""planar_aromatic_rings"":0,""planar_double_bonds"":0,""reference_file_loads"":0,""sanitisation"":0,""tetrahedral_chirality"":0}","{""all_atoms_connected"":0.0,""bond_angles"":0.0,""bond_lengths"":0.0,""bonds"":0.0,""double_bond_stereochemistry"":0.0,""energy_ratio"":0.0,""file_loads"":0.0,""inchi_convertible"":0.0,""internal_steric_clash"":0.0,""molecular_formula"":0.0,""no_radicals"":0.0,""planar_aromatic_rings"":0.0,""planar_double_bonds"":0.0,""reference_file_loads"":0.0,""sanitisation"":0.0,""tetrahedral_chirality"":0.0}",46,109.95792215415013,0.4737350217823012,0.8237260905791407,4.0,8.695652173913043,0.8639129017975219,0.41304347826086957,3.3122826837700132,0.3345935727788279,0.0,1.0,2.1739130434782608,0.0,1.0,1.0,1.0,0.0,1.0,2.1739130434782608,0.0,1.0,1.0,1.0,0.0,1.0,2.1739130434782608,0.0,1.0,1.0,1.0,0.0,46,-52.23063063263331,-39.020858761493116,-50.83833156883064,3.02998157586216,0.2029469748771352,0.5867498016490451,1.0,1.0,1.0,1.0,0.5276813068168312,0.6862247080891566,0.0,0.0,1.0,1.0,1000,0,0,0,0,0,46,0,0,0,0,46,46,46,core
3lka_3lka_conf0,generation,mcf_drugs_l_raw,chembl_count,,mcf_drugs_l_raw_chembl_count,MCF drugs-L,mcf_drugs_l_raw_chembl_count,3,12,4,0.7,4,4,0,1.0,4,4,0,1.0,"{""all_atoms_connected"":0,""bond_angles"":0,""bond_lengths"":0,""bonds"":0,""double_bond_stereochemistry"":0,""energy_ratio"":0,""file_loads"":0,""inchi_convertible"":0,""internal_steric_clash"":0,""molecular_formula"":0,""no_radicals"":0,""planar_aromatic_rings"":0,""planar_double_bonds"":0,""reference_file_loads"":0,""sanitisation"":0,""tetrahedral_chirality"":0}","{""all_atoms_connected"":0.0,""bond_angles"":0.0,""bond_lengths"":0.0,""bonds"":0.0,""double_bond_stereochemistry"":0.0,""energy_ratio"":0.0,""file_loads"":0.0,""inchi_convertible"":0.0,""internal_steric_clash"":0.0,""molecular_formula"":0.0,""no_radicals"":0.0,""planar_aromatic_rings"":0.0,""planar_double_bonds"":0.0,""reference_file_loads"":0.0,""sanitisation"":0.0,""tetrahedral_chirality"":0.0}",4,80.70151754213828,0.05133482604732429,0.06615670283987474,1.0,25.0,0.0,1.0,1.0,1.0,0.0,1.0,25.0,0.0,1.0,1.0,1.0,0.0,1.0,25.0,0.0,1.0,1.0,1.0,0.0,1.0,25.0,0.0,1.0,1.0,1.0,0.0,4,-51.75728844071589,-45.04297929122305,-51.49142714138881,2.832717122060732,0.5771861811012746,0.5824054376019248,0.0,0.0,1.0,1.0,0.677635285889367,0.6847458235527872,0.0,0.0,1.0,1.0,1000,0,0,0,0,0,4,0,0,0,0,4,4,4,core
3nx7_3nx7_conf0,generation,mcf_drugs_l_raw,fixed,,mcf_drugs_l_raw_fixed,MCF drugs-L,mcf_drugs_l_raw_fixed,9,20,1000,0.7,1000,1000,0,1.0,1000,1000,0,1.0,"{""all_atoms_connected"":0,""bond_angles"":0,""bond_lengths"":0,""bonds"":0,""double_bond_stereochemistry"":0,""energy_ratio"":0,""file_loads"":0,""inchi_convertible"":0,""internal_steric_clash"":0,""molecular_formula"":0,""no_radicals"":0,""planar_aromatic_rings"":0,""planar_double_bonds"":0,""reference_file_loads"":0,""sanitisation"":0,""tetrahedral_chirality"":0}","{""all_atoms_connected"":0.0,""bond_angles"":0.0,""bond_lengths"":0.0,""bonds"":0.0,""double_bond_stereochemistry"":0.0,""energy_ratio"":0.0,""file_loads"":0.0,""inchi_convertible"":0.0,""internal_steric_clash"":0.0,""molecular_formula"":0.0,""no_radicals"":0.0,""planar_aromatic_rings"":0.0,""planar_double_bonds"":0.0,""reference_file_loads"":0.0,""sanitisation"":0.0,""tetrahedral_chirality"":0.0}",1000,100.41764980580491,1.8359838549732241,2.431998382127916,283.0,28.3,0.9337536251783036,0.028,194.69933686224118,0.007324,0.3321554770318021,42.0,4.2,0.9009891534001013,0.064,29.008816037089957,0.040372000000000005,0.09523809523809523,3.0,0.3,0.9877712468843133,0.411,2.9599655513775693,0.342562,0.0,1.0,0.1,0.0,1.0,1.0,1.0,0.0,1000,44.29739213881165,363.4013711254742,54.87006203355909,11.128075153929824,0.5467927360918428,1.8962992725185446,0.0,0.0,1.0,1.0,0.5494434221911759,1.9273209815103787,0.0,0.0,1.0,1.0,1000,0,0,0,0,0,1000,0,0,0,0,1000,1000,1000,core
3nx7_3nx7_conf0,generation,mcf_drugs_l_raw,dynamic,,mcf_drugs_l_raw_dynamic,MCF drugs-L,mcf_drugs_l_raw_dynamic,9,20,178,0.7,178,178,0,1.0,178,178,0,1.0,"{""all_atoms_connected"":0,""bond_angles"":0,""bond_lengths"":0,""bonds"":0,""double_bond_stereochemistry"":0,""energy_ratio"":0,""file_loads"":0,""inchi_convertible"":0,""internal_steric_clash"":0,""molecular_formula"":0,""no_radicals"":0,""planar_aromatic_rings"":0,""planar_double_bonds"":0,""reference_file_loads"":0,""sanitisation"":0,""tetrahedral_chirality"":0}","{""all_atoms_connected"":0.0,""bond_angles"":0.0,""bond_lengths"":0.0,""bonds"":0.0,""double_bond_stereochemistry"":0.0,""energy_ratio"":0.0,""file_loads"":0.0,""inchi_convertible"":0.0,""internal_steric_clash"":0.0,""molecular_formula"":0.0,""no_radicals"":0.0,""planar_aromatic_rings"":0.0,""planar_double_bonds"":0.0,""reference_file_loads"":0.0,""sanitisation"":0.0,""tetrahedral_chirality"":0.0}",178,101.01304677872517,1.861353569111015,2.513337733216176,112.0,62.92134831460674,0.9598143025600815,0.03932584269662921,92.65498012241554,0.013382148718596137,0.7142857142857143,26.0,14.606741573033707,0.9185152974343649,0.11235955056179775,19.937682033109148,0.05946218911753566,0.07692307692307693,3.0,1.6853932584269662,0.9898478263750279,0.4044943820224719,2.9667259943544275,0.3409922989521525,0.0,1.0,0.5617977528089888,0.0,1.0,1.0,1.0,0.0,178,46.19273530901374,79.8720576048207,54.73247059750497,4.664129090939464,0.6633254034463838,1.86256217499036,0.0,0.0,1.0,1.0,0.5934878083285315,1.8971083866144576,0.0,0.0,1.0,1.0,1000,0,0,0,0,0,178,0,0,0,0,178,178,178,core
3nx7_3nx7_conf0,generation,mcf_drugs_l_raw,chembl_count,,mcf_drugs_l_raw_chembl_count,MCF drugs-L,mcf_drugs_l_raw_chembl_count,9,20,111,0.7,111,111,0,1.0,111,111,0,1.0,"{""all_atoms_connected"":0,""bond_angles"":0,""bond_lengths"":0,""bonds"":0,""double_bond_stereochemistry"":0,""energy_ratio"":0,""file_loads"":0,""inchi_convertible"":0,""internal_steric_clash"":0,""molecular_formula"":0,""no_radicals"":0,""planar_aromatic_rings"":0,""planar_double_bonds"":0,""reference_file_loads"":0,""sanitisation"":0,""tetrahedral_chirality"":0}","{""all_atoms_connected"":0.0,""bond_angles"":0.0,""bond_lengths"":0.0,""bonds"":0.0,""double_bond_stereochemistry"":0.0,""energy_ratio"":0.0,""file_loads"":0.0,""inchi_convertible"":0.0,""internal_steric_clash"":0.0,""molecular_formula"":0.0,""no_radicals"":0.0,""planar_aromatic_rings"":0.0,""planar_double_bonds"":0.0,""reference_file_loads"":0.0,""sanitisation"":0.0,""tetrahedral_chirality"":0.0}",111,100.62405708650536,1.8585202373176197,2.4776934023046095,76.0,68.46846846846847,0.961968858840753,0.06306306306306306,64.45908035003906,0.019397776154532906,0.7368421052631579,24.0,21.62162162162162,0.9142416483920447,0.13513513513513514,18.2745461807345,0.06566025484944404,0.25,3.0,2.7027027027027026,0.9741977915938795,0.3963963963963964,2.9161541184399944,0.3510267023780537,0.0,1.0,0.9009009009009009,0.0,1.0,1.0,1.0,0.0,111,45.886790981190686,69.34753337105766,55.065084063299764,4.561179822255678,0.6984711864328088,1.9009791761914223,0.0,0.0,1.0,1.0,0.6780923093528329,1.8993221431734748,0.0,0.0,1.0,1.0,1000,0,0,0,0,0,111,0,0,0,0,111,111,111,core
3pxf_3pxf_conf0,generation,mcf_drugs_l_raw,fixed,,mcf_drugs_l_raw_fixed,MCF drugs-L,mcf_drugs_l_raw_fixed,3,21,996,0.7,996,996,0,1.0,1000,996,4,0.996,"{""all_atoms_connected"":0,""bond_angles"":0,""bond_lengths"":0,""bonds"":0,""double_bond_stereochemistry"":0,""energy_ratio"":4,""file_loads"":0,""inchi_convertible"":0,""internal_steric_clash"":0,""molecular_formula"":0,""no_radicals"":0,""planar_aromatic_rings"":0,""planar_double_bonds"":0,""reference_file_loads"":0,""sanitisation"":0,""tetrahedral_chirality"":0}","{""all_atoms_connected"":0.0,""bond_angles"":0.0,""bond_lengths"":0.0,""bonds"":0.0,""double_bond_stereochemistry"":0.0,""energy_ratio"":0.004,""file_loads"":0.0,""inchi_convertible"":0.0,""internal_steric_clash"":0.0,""molecular_formula"":0.0,""no_radicals"":0.0,""planar_aromatic_rings"":0.0,""planar_double_bonds"":0.0,""reference_file_loads"":0.0,""sanitisation"":0.0,""tetrahedral_chirality"":0.0}",996,86.65926190630718,0.6373212213694346,1.2095678331409636,10.0,1.0040160642570282,0.6867571982814062,0.3473895582329317,4.861353452298874,0.24753834615570713,0.1,3.0,0.30120481927710846,0.5169041358311586,0.8232931726907631,1.7645174184435233,0.6969806938597765,0.0,1.0,0.10040160642570281,0.0,1.0,1.0,1.0,0.0,1.0,0.10040160642570281,0.0,1.0,1.0,1.0,0.0,996,86.55793370227579,8638.351787578365,93.60234150014277,355.5300717965894,0.16956803946454052,0.7899653066606365,1.0,1.0,1.0,1.0,0.11182390980223171,0.7974967624570659,1.0,1.0,1.0,1.0,1000,0,0,0,0,0,1000,0,0,0,0,996,1000,1000,core
3pxf_3pxf_conf0,generation,mcf_drugs_l_raw,dynamic,,mcf_drugs_l_raw_dynamic,MCF drugs-L,mcf_drugs_l_raw_dynamic,3,21,46,0.7,46,46,0,1.0,46,46,0,1.0,"{""all_atoms_connected"":0,""bond_angles"":0,""bond_lengths"":0,""bonds"":0,""double_bond_stereochemistry"":0,""energy_ratio"":0,""file_loads"":0,""inchi_convertible"":0,""internal_steric_clash"":0,""molecular_formula"":0,""no_radicals"":0,""planar_aromatic_rings"":0,""planar_double_bonds"":0,""reference_file_loads"":0,""sanitisation"":0,""tetrahedral_chirality"":0}","{""all_atoms_connected"":0.0,""bond_angles"":0.0,""bond_lengths"":0.0,""bonds"":0.0,""double_bond_stereochemistry"":0.0,""energy_ratio"":0.0,""file_loads"":0.0,""inchi_convertible"":0.0,""internal_steric_clash"":0.0,""molecular_formula"":0.0,""no_radicals"":0.0,""planar_aromatic_rings"":0.0,""planar_double_bonds"":0.0,""reference_file_loads"":0.0,""sanitisation"":0.0,""tetrahedral_chirality"":0.0}",46,91.96205313143612,0.7433821555546273,1.5573289823571421,4.0,8.695652173913043,0.7494066979741164,0.5,2.8261017246182805,0.3988657844990548,0.25,3.0,6.521739130434782,0.4059496085351717,0.8695652173913043,1.5620221447860088,0.7684310018903591,0.3333333333333333,1.0,2.1739130434782608,0.0,1.0,1.0,1.0,0.0,1.0,2.1739130434782608,0.0,1.0,1.0,1.0,0.0,46,86.86530197059284,123.17571071098277,93.49137459519675,7.858368738062758,0.23032536947727325,0.9015908967046393,1.0,1.0,1.0,1.0,0.173358028833932,0.900540239794121,1.0,1.0,1.0,1.0,1000,0,0,0,0,0,46,0,0,0,0,46,46,46,core
3pxf_3pxf_conf0,generation,mcf_drugs_l_raw,chembl_count,,mcf_drugs_l_raw_chembl_count,MCF drugs-L,mcf_drugs_l_raw_chembl_count,3,21,7,0.7,7,7,0,1.0,7,7,0,1.0,"{""all_atoms_connected"":0,""bond_angles"":0,""bond_lengths"":0,""bonds"":0,""double_bond_stereochemistry"":0,""energy_ratio"":0,""file_loads"":0,""inchi_convertible"":0,""internal_steric_clash"":0,""molecular_formula"":0,""no_radicals"":0,""planar_aromatic_rings"":0,""planar_double_bonds"":0,""reference_file_loads"":0,""sanitisation"":0,""tetrahedral_chirality"":0}","{""all_atoms_connected"":0.0,""bond_angles"":0.0,""bond_lengths"":0.0,""bonds"":0.0,""double_bond_stereochemistry"":0.0,""energy_ratio"":0.0,""file_loads"":0.0,""inchi_convertible"":0.0,""internal_steric_clash"":0.0,""molecular_formula"":0.0,""no_radicals"":0.0,""planar_aromatic_rings"":0.0,""planar_double_bonds"":0.0,""reference_file_loads"":0.0,""sanitisation"":0.0,""tetrahedral_chirality"":0.0}",7,64.01086173881451,0.6832223019067204,1.2798719092112079,3.0,42.857142857142854,0.72483409150576,0.7142857142857143,2.2173474522732106,0.5510204081632654,0.6666666666666666,2.0,28.571428571428573,0.5916727785823274,0.8571428571428571,1.5069930657725377,0.7551020408163265,0.5,1.0,14.285714285714286,0.0,1.0,1.0,1.0,0.0,1.0,14.285714285714286,0.0,1.0,1.0,1.0,0.0,7,90.55059285995385,103.53159753252676,92.7654597390337,4.088372033791963,0.3391654272331673,0.91720577735444,0.0,1.0,1.0,1.0,0.31085310054511844,0.868560942940554,0.0,1.0,1.0,1.0,1000,0,0,0,0,0,7,0,0,0,0,7,7,7,core
3qqs_3qqs_conf0,generation,mcf_drugs_l_raw,fixed,,mcf_drugs_l_raw_fixed,MCF drugs-L,mcf_drugs_l_raw_fixed,4,19,988,0.7,988,987,1,0.9989878542510121,1000,988,12,0.988,"{""all_atoms_connected"":0,""bond_angles"":2,""bond_lengths"":2,""bonds"":0,""double_bond_stereochemistry"":0,""energy_ratio"":12,""file_loads"":0,""inchi_convertible"":0,""internal_steric_clash"":1,""molecular_formula"":0,""no_radicals"":0,""planar_aromatic_rings"":1,""planar_double_bonds"":0,""reference_file_loads"":0,""sanitisation"":0,""tetrahedral_chirality"":0}","{""all_atoms_connected"":0.0,""bond_angles"":0.002,""bond_lengths"":0.002,""bonds"":0.0,""double_bond_stereochemistry"":0.0,""energy_ratio"":0.012,""file_loads"":0.0,""inchi_convertible"":0.0,""internal_steric_clash"":0.001,""molecular_formula"":0.0,""no_radicals"":0.0,""planar_aromatic_rings"":0.001,""planar_double_bonds"":0.0,""reference_file_loads"":0.0,""sanitisation"":0.0,""tetrahedral_chirality"":0.0}",988,94.01936009212517,1.3639535706330994,2.381384441121231,18.0,1.8218623481781377,0.6690371766872141,0.26417004048583,6.915506164456517,0.18752151321936106,0.1111111111111111,6.0,0.6072874493927125,0.7813850089739641,0.305668016194332,4.055418908710442,0.2527454965660804,0.16666666666666666,2.0,0.20242914979757085,0.9919924034538556,0.5526315789473685,1.9889298645598423,0.5055401662049862,0.0,1.0,0.10121457489878542,0.0,1.0,1.0,1.0,0.0,988,143.8695846578189,468445.6918893491,155.3847520353085,14900.3133770591,0.20404391582111692,1.4695710484090947,1.0,1.0,1.0,1.0,0.16929364525824364,1.4372023915665362,1.0,1.0,1.0,1.0,1000,0,0,0,0,0,1000,0,0,0,0,988,1000,1000,core
3qqs_3qqs_conf0,generation,mcf_drugs_l_raw,dynamic,,mcf_drugs_l_raw_dynamic,MCF drugs-L,mcf_drugs_l_raw_dynamic,4,19,67,0.7,67,67,0,1.0,68,67,1,0.9852941176470588,"{""all_atoms_connected"":0,""bond_angles"":0,""bond_lengths"":0,""bonds"":0,""double_bond_stereochemistry"":0,""energy_ratio"":1,""file_loads"":0,""inchi_convertible"":0,""internal_steric_clash"":0,""molecular_formula"":0,""no_radicals"":0,""planar_aromatic_rings"":0,""planar_double_bonds"":0,""reference_file_loads"":0,""sanitisation"":0,""tetrahedral_chirality"":0}","{""all_atoms_connected"":0.0,""bond_angles"":0.0,""bond_lengths"":0.0,""bonds"":0.0,""double_bond_stereochemistry"":0.0,""energy_ratio"":0.014705882352941176,""file_loads"":0.0,""inchi_convertible"":0.0,""internal_steric_clash"":0.0,""molecular_formula"":0.0,""no_radicals"":0.0,""planar_aromatic_rings"":0.0,""planar_double_bonds"":0.0,""reference_file_loads"":0.0,""sanitisation"":0.0,""tetrahedral_chirality"":0.0}",67,94.34322416314382,1.3005593674113674,2.3541049586666407,8.0,11.940298507462687,0.8083530044589089,0.2835820895522388,5.370509687088906,0.22120739585653817,0.125,4.0,5.970149253731344,0.9581720145645314,0.3283582089552239,3.7746530106726786,0.2755624860770773,0.0,2.0,2.985074626865672,0.9279262619599757,0.6567164179104478,1.9025393088934441,0.5491200712853642,0.0,1.0,1.492537313432836,0.0,1.0,1.0,1.0,0.0,67,147.6991066870123,197.07127534543832,154.90508736854628,9.046316426160587,0.2621251467086959,1.4373182393844217,0.0,1.0,1.0,1.0,0.16929364525824364,1.4349329527512054,1.0,1.0,1.0,1.0,1000,0,0,0,0,0,68,0,0,0,0,67,68,68,core
3qqs_3qqs_conf0,generation,mcf_drugs_l_raw,chembl_count,,mcf_drugs_l_raw_chembl_count,MCF drugs-L,mcf_drugs_l_raw_chembl_count,4,19,7,0.7,7,7,0,1.0,7,7,0,1.0,"{""all_atoms_connected"":0,""bond_angles"":0,""bond_lengths"":0,""bonds"":0,""double_bond_stereochemistry"":0,""energy_ratio"":0,""file_loads"":0,""inchi_convertible"":0,""internal_steric_clash"":0,""molecular_formula"":0,""no_radicals"":0,""planar_aromatic_rings"":0,""planar_double_bonds"":0,""reference_file_loads"":0,""sanitisation"":0,""tetrahedral_chirality"":0}","{""all_atoms_connected"":0.0,""bond_angles"":0.0,""bond_lengths"":0.0,""bonds"":0.0,""double_bond_stereochemistry"":0.0,""energy_ratio"":0.0,""file_loads"":0.0,""inchi_convertible"":0.0,""internal_steric_clash"":0.0,""molecular_formula"":0.0,""no_radicals"":0.0,""planar_aromatic_rings"":0.0,""planar_double_bonds"":0.0,""reference_file_loads"":0.0,""sanitisation"":0.0,""tetrahedral_chirality"":0.0}",7,77.42021299612058,1.318034589119306,2.382324099493476,3.0,42.857142857142854,0.9821410328348751,0.42857142857142855,2.941713421083178,0.346938775510204,0.0,3.0,42.857142857142854,0.9821410328348751,0.42857142857142855,2.941713421083178,0.346938775510204,0.0,2.0,28.571428571428573,0.8631205685666311,0.7142857142857143,1.8189685116531733,0.5918367346938775,0.0,1.0,14.285714285714286,0.0,1.0,1.0,1.0,0.0,7,153.82300079103857,161.3276537327794,156.65966927002916,2.523027272134759,0.38235646849314947,1.1788968584869128,0.0,1.0,1.0,1.0,0.35861023933929775,1.2370715962129493,0.0,1.0,1.0,1.0,1000,0,0,0,0,0,7,0,0,0,0,7,7,7,core
3rlr_3rlr_conf0,generation,mcf_drugs_l_raw,fixed,,mcf_drugs_l_raw_fixed,MCF drugs-L,mcf_drugs_l_raw_fixed,2,23,1000,0.7,1000,1000,0,1.0,1000,1000,0,1.0,"{""all_atoms_connected"":0,""bond_angles"":0,""bond_lengths"":0,""bonds"":0,""double_bond_stereochemistry"":0,""energy_ratio"":0,""file_loads"":0,""inchi_convertible"":0,""internal_steric_clash"":0,""molecular_formula"":0,""no_radicals"":0,""planar_aromatic_rings"":0,""planar_double_bonds"":0,""reference_file_loads"":0,""sanitisation"":0,""tetrahedral_chirality"":0}","{""all_atoms_connected"":0.0,""bond_angles"":0.0,""bond_lengths"":0.0,""bonds"":0.0,""double_bond_stereochemistry"":0.0,""energy_ratio"":0.0,""file_loads"":0.0,""inchi_convertible"":0.0,""internal_steric_clash"":0.0,""molecular_formula"":0.0,""no_radicals"":0.0,""planar_aromatic_rings"":0.0,""planar_double_bonds"":0.0,""reference_file_loads"":0.0,""sanitisation"":0.0,""tetrahedral_chirality"":0.0}",1000,108.7756232147655,1.3035503970180533,2.165638168307236,7.0,0.7,0.9067733574786236,0.229,5.8386492612744645,0.185276,0.0,4.0,0.4,0.9971996796450877,0.282,3.9845018286742655,0.251958,0.0,2.0,0.2,0.99971144175281,0.51,1.999600013331733,0.5002,0.0,1.0,0.1,0.0,1.0,1.0,1.0,0.0,1000,52.970188407568926,66.09866760309036,61.18900661729265,2.142352222857359,0.15229614666336272,1.234922666949085,1.0,1.0,1.0,1.0,0.1556503600063968,1.1863817020211966,1.0,1.0,1.0,1.0,1000,0,0,0,0,0,1000,0,0,0,0,1000,1000,1000,core
3rlr_3rlr_conf0,generation,mcf_drugs_l_raw,dynamic,,mcf_drugs_l_raw_dynamic,MCF drugs-L,mcf_drugs_l_raw_dynamic,2,23,24,0.7,24,24,0,1.0,24,24,0,1.0,"{""all_atoms_connected"":0,""bond_angles"":0,""bond_lengths"":0,""bonds"":0,""double_bond_stereochemistry"":0,""energy_ratio"":0,""file_loads"":0,""inchi_convertible"":0,""internal_steric_clash"":0,""molecular_formula"":0,""no_radicals"":0,""planar_aromatic_rings"":0,""planar_double_bonds"":0,""reference_file_loads"":0,""sanitisation"":0,""tetrahedral_chirality"":0}","{""all_atoms_connected"":0.0,""bond_angles"":0.0,""bond_lengths"":0.0,""bonds"":0.0,""double_bond_stereochemistry"":0.0,""energy_ratio"":0.0,""file_loads"":0.0,""inchi_convertible"":0.0,""internal_steric_clash"":0.0,""molecular_formula"":0.0,""no_radicals"":0.0,""planar_aromatic_rings"":0.0,""planar_double_bonds"":0.0,""reference_file_loads"":0.0,""sanitisation"":0.0,""tetrahedral_chirality"":0.0}",24,99.56419116331756,1.299045904366768,2.1877957976825595,5.0,20.833333333333332,0.8907014270577494,0.375,4.193470385287058,0.2638888888888889,0.2,4.0,16.666666666666668,0.9363649184897272,0.4166666666666667,3.6622488787109706,0.29513888888888895,0.0,2.0,8.333333333333334,0.9182958340544894,0.6666666666666666,1.8898815748423097,0.5555555555555556,0.0,1.0,4.166666666666667,0.0,1.0,1.0,1.0,0.0,24,56.69806443076423,64.87992818202031,61.80791104916662,2.458248992473051,0.16165854511148675,1.1781789037881583,1.0,1.0,1.0,1.0,0.17936223042337346,1.1254452629391705,1.0,1.0,1.0,1.0,1000,0,0,0,0,0,24,0,0,0,0,24,24,24,core
3rlr_3rlr_conf0,generation,mcf_drugs_l_raw,chembl_count,,mcf_drugs_l_raw_chembl_count,MCF drugs-L,mcf_drugs_l_raw_chembl_count,2,23,9,0.7,9,9,0,1.0,9,9,0,1.0,"{""all_atoms_connected"":0,""bond_angles"":0,""bond_lengths"":0,""bonds"":0,""double_bond_stereochemistry"":0,""energy_ratio"":0,""file_loads"":0,""inchi_convertible"":0,""internal_steric_clash"":0,""molecular_formula"":0,""no_radicals"":0,""planar_aromatic_rings"":0,""planar_double_bonds"":0,""reference_file_loads"":0,""sanitisation"":0,""tetrahedral_chirality"":0}","{""all_atoms_connected"":0.0,""bond_angles"":0.0,""bond_lengths"":0.0,""bonds"":0.0,""double_bond_stereochemistry"":0.0,""energy_ratio"":0.0,""file_loads"":0.0,""inchi_convertible"":0.0,""internal_steric_clash"":0.0,""molecular_formula"":0.0,""no_radicals"":0.0,""planar_aromatic_rings"":0.0,""planar_double_bonds"":0.0,""reference_file_loads"":0.0,""sanitisation"":0.0,""tetrahedral_chirality"":0.0}",9,85.10311324295454,1.0294963284655554,1.8886433201872554,3.0,33.333333333333336,0.8783471047618534,0.4444444444444444,2.6246903390462624,0.4074074074074074,0.3333333333333333,3.0,33.333333333333336,0.8783471047618534,0.4444444444444444,2.6246903390462624,0.4074074074074074,0.3333333333333333,2.0,22.22222222222222,0.5032583347756457,0.8888888888888888,1.4174111811317323,0.8024691358024691,0.5,1.0,11.11111111111111,0.0,1.0,1.0,1.0,0.0,9,60.24111796621992,64.15357633631368,61.56097497207709,1.1039048435295171,0.20610293876930105,1.1269435847977625,1.0,1.0,1.0,1.0,0.2375609081319896,1.0839534660080383,1.0,1.0,1.0,1.0,1000,0,0,0,0,0,9,0,0,0,0,9,9,9,core
3rsx_3rsx_conf0,generation,mcf_drugs_l_raw,fixed,,mcf_drugs_l_raw_fixed,MCF drugs-L,mcf_drugs_l_raw_fixed,2,16,1000,0.7,1000,1000,0,1.0,1000,1000,0,1.0,"{""all_atoms_connected"":0,""bond_angles"":0,""bond_lengths"":0,""bonds"":0,""double_bond_stereochemistry"":0,""energy_ratio"":0,""file_loads"":0,""inchi_convertible"":0,""internal_steric_clash"":0,""molecular_formula"":0,""no_radicals"":0,""planar_aromatic_rings"":0,""planar_double_bonds"":0,""reference_file_loads"":0,""sanitisation"":0,""tetrahedral_chirality"":0}","{""all_atoms_connected"":0.0,""bond_angles"":0.0,""bond_lengths"":0.0,""bonds"":0.0,""double_bond_stereochemistry"":0.0,""energy_ratio"":0.0,""file_loads"":0.0,""inchi_convertible"":0.0,""internal_steric_clash"":0.0,""molecular_formula"":0.0,""no_radicals"":0.0,""planar_aromatic_rings"":0.0,""planar_double_bonds"":0.0,""reference_file_loads"":0.0,""sanitisation"":0.0,""tetrahedral_chirality"":0.0}",1000,109.93133263655866,0.5892873112060453,1.007037299854233,4.0,0.4,0.9944071097864722,0.288,3.9691063513894274,0.253874,0.0,2.0,0.2,0.992183779438731,0.552,1.98919371703583,0.5054080000000001,0.0,1.0,0.1,0.0,1.0,1.0,1.0,0.0,1.0,0.1,0.0,1.0,1.0,1.0,0.0,1000,-3.442796236568519,1.503335328620281,-1.633639982223471,0.7845137004598666,0.0837568771422792,0.7485827645499208,1.0,1.0,1.0,1.0,0.10662328899407673,0.8551057995776754,1.0,1.0,1.0,1.0,1000,0,0,0,0,0,1000,0,0,0,0,1000,1000,1000,core
3rsx_3rsx_conf0,generation,mcf_drugs_l_raw,dynamic,,mcf_drugs_l_raw_dynamic,MCF drugs-L,mcf_drugs_l_raw_dynamic,2,16,24,0.7,24,24,0,1.0,24,24,0,1.0,"{""all_atoms_connected"":0,""bond_angles"":0,""bond_lengths"":0,""bonds"":0,""double_bond_stereochemistry"":0,""energy_ratio"":0,""file_loads"":0,""inchi_convertible"":0,""internal_steric_clash"":0,""molecular_formula"":0,""no_radicals"":0,""planar_aromatic_rings"":0,""planar_double_bonds"":0,""reference_file_loads"":0,""sanitisation"":0,""tetrahedral_chirality"":0}","{""all_atoms_connected"":0.0,""bond_angles"":0.0,""bond_lengths"":0.0,""bonds"":0.0,""double_bond_stereochemistry"":0.0,""energy_ratio"":0.0,""file_loads"":0.0,""inchi_convertible"":0.0,""internal_steric_clash"":0.0,""molecular_formula"":0.0,""no_radicals"":0.0,""planar_aromatic_rings"":0.0,""planar_double_bonds"":0.0,""reference_file_loads"":0.0,""sanitisation"":0.0,""tetrahedral_chirality"":0.0}",24,120.29740163639737,0.5941946707658978,1.0062171990331168,4.0,16.666666666666668,0.9608948553419607,0.3333333333333333,3.788927962523917,0.2743055555555556,0.0,2.0,8.333333333333334,0.9798687566511527,0.5833333333333334,1.9722859800819112,0.513888888888889,0.0,1.0,4.166666666666667,0.0,1.0,1.0,1.0,0.0,1.0,4.166666666666667,0.0,1.0,1.0,1.0,0.0,24,-2.5232259554475718,-0.35026209938472164,-1.56168939656434,0.6235498986486191,0.09784665230064113,0.7483155438676282,1.0,1.0,1.0,1.0,0.11339503386979029,0.8564710778330353,1.0,1.0,1.0,1.0,1000,0,0,0,0,0,24,0,0,0,0,24,24,24,core
3rsx_3rsx_conf0,generation,mcf_drugs_l_raw,chembl_count,,mcf_drugs_l_raw_chembl_count,MCF drugs-L,mcf_drugs_l_raw_chembl_count,2,16,4,0.7,4,4,0,1.0,4,4,0,1.0,"{""all_atoms_connected"":0,""bond_angles"":0,""bond_lengths"":0,""bonds"":0,""double_bond_stereochemistry"":0,""energy_ratio"":0,""file_loads"":0,""inchi_convertible"":0,""internal_steric_clash"":0,""molecular_formula"":0,""no_radicals"":0,""planar_aromatic_rings"":0,""planar_double_bonds"":0,""reference_file_loads"":0,""sanitisation"":0,""tetrahedral_chirality"":0}","{""all_atoms_connected"":0.0,""bond_angles"":0.0,""bond_lengths"":0.0,""bonds"":0.0,""double_bond_stereochemistry"":0.0,""energy_ratio"":0.0,""file_loads"":0.0,""inchi_convertible"":0.0,""internal_steric_clash"":0.0,""molecular_formula"":0.0,""no_radicals"":0.0,""planar_aromatic_rings"":0.0,""planar_double_bonds"":0.0,""reference_file_loads"":0.0,""sanitisation"":0.0,""tetrahedral_chirality"":0.0}",4,40.248356033153584,0.6153978364179581,0.9302417812645256,2.0,50.0,1.0,0.5,2.0,0.5,0.0,1.0,25.0,0.0,1.0,1.0,1.0,0.0,1.0,25.0,0.0,1.0,1.0,1.0,0.0,1.0,25.0,0.0,1.0,1.0,1.0,0.0,4,-2.178439305193038,-0.5072876695076722,-1.4056633631534936,0.762522150042198,0.08993320259565926,0.424410706222837,1.0,1.0,1.0,1.0,0.11708274178453923,0.4894434317755236,1.0,1.0,1.0,1.0,1000,0,0,0,0,0,4,0,0,0,0,4,4,4,core
3ryj_3ryj_conf0,generation,mcf_drugs_l_raw,fixed,,mcf_drugs_l_raw_fixed,MCF drugs-L,mcf_drugs_l_raw_fixed,4,18,1000,0.7,1000,1000,0,1.0,1000,1000,0,1.0,"{""all_atoms_connected"":0,""bond_angles"":0,""bond_lengths"":0,""bonds"":0,""double_bond_stereochemistry"":0,""energy_ratio"":0,""file_loads"":0,""inchi_convertible"":0,""internal_steric_clash"":0,""molecular_formula"":0,""no_radicals"":0,""planar_aromatic_rings"":0,""planar_double_bonds"":0,""reference_file_loads"":0,""sanitisation"":0,""tetrahedral_chirality"":0}","{""all_atoms_connected"":0.0,""bond_angles"":0.0,""bond_lengths"":0.0,""bonds"":0.0,""double_bond_stereochemistry"":0.0,""energy_ratio"":0.0,""file_loads"":0.0,""inchi_convertible"":0.0,""internal_steric_clash"":0.0,""molecular_formula"":0.0,""no_radicals"":0.0,""planar_aromatic_rings"":0.0,""planar_double_bonds"":0.0,""reference_file_loads"":0.0,""sanitisation"":0.0,""tetrahedral_chirality"":0.0}",1000,115.21067822236256,0.8796432109089728,1.2143378365379072,32.0,3.2,0.7726353877973074,0.129,14.55231668475229,0.088392,0.125,5.0,0.5,0.6611707833806741,0.484,2.8982680236880336,0.39009799999999994,0.0,1.0,0.1,0.0,1.0,1.0,1.0,0.0,1.0,0.1,0.0,1.0,1.0,1.0,0.0,1000,-13.741644941638661,1.328803365422477,-12.013260842430645,2.9609169723805135,0.3210743210882241,0.9608143069481074,0.0,1.0,1.0,1.0,0.3369951722286688,0.9444820833047487,0.0,1.0,1.0,1.0,1000,0,0,0,0,0,1000,0,0,0,0,1000,1000,1000,core
3ryj_3ryj_conf0,generation,mcf_drugs_l_raw,dynamic,,mcf_drugs_l_raw_dynamic,MCF drugs-L,mcf_drugs_l_raw_dynamic,4,18,68,0.7,68,68,0,1.0,68,68,0,1.0,"{""all_atoms_connected"":0,""bond_angles"":0,""bond_lengths"":0,""bonds"":0,""double_bond_stereochemistry"":0,""energy_ratio"":0,""file_loads"":0,""inchi_convertible"":0,""internal_steric_clash"":0,""molecular_formula"":0,""no_radicals"":0,""planar_aromatic_rings"":0,""planar_double_bonds"":0,""reference_file_loads"":0,""sanitisation"":0,""tetrahedral_chirality"":0}","{""all_atoms_connected"":0.0,""bond_angles"":0.0,""bond_lengths"":0.0,""bonds"":0.0,""double_bond_stereochemistry"":0.0,""energy_ratio"":0.0,""file_loads"":0.0,""inchi_convertible"":0.0,""internal_steric_clash"":0.0,""molecular_formula"":0.0,""no_radicals"":0.0,""planar_aromatic_rings"":0.0,""planar_double_bonds"":0.0,""reference_file_loads"":0.0,""sanitisation"":0.0,""tetrahedral_chirality"":0.0}",68,116.34161653422017,0.9318393143789363,1.2575283317522565,18.0,26.470588235294116,0.8911055792214285,0.16176470588235295,13.139545185546584,0.092560553633218,0.3333333333333333,5.0,7.352941176470588,0.791111294346785,0.45588235294117646,3.572424546934028,0.3291522491349481,0.0,1.0,1.4705882352941178,0.0,1.0,1.0,1.0,0.0,1.0,1.4705882352941178,0.0,1.0,1.0,1.0,0.0,68,-13.642026250110394,-3.748714811939668,-12.165729413543817,2.8466559889269654,0.5971616047975787,0.9608053613794674,0.0,0.0,1.0,1.0,0.6140033886012192,0.9455730871074599,0.0,0.0,1.0,1.0,1000,0,0,0,0,0,68,0,0,0,0,68,68,68,core
3ryj_3ryj_conf0,generation,mcf_drugs_l_raw,chembl_count,,mcf_drugs_l_raw_chembl_count,MCF drugs-L,mcf_drugs_l_raw_chembl_count,4,18,81,0.7,81,81,0,1.0,81,81,0,1.0,"{""all_atoms_connected"":0,""bond_angles"":0,""bond_lengths"":0,""bonds"":0,""double_bond_stereochemistry"":0,""energy_ratio"":0,""file_loads"":0,""inchi_convertible"":0,""internal_steric_clash"":0,""molecular_formula"":0,""no_radicals"":0,""planar_aromatic_rings"":0,""planar_double_bonds"":0,""reference_file_loads"":0,""sanitisation"":0,""tetrahedral_chirality"":0}","{""all_atoms_connected"":0.0,""bond_angles"":0.0,""bond_lengths"":0.0,""bonds"":0.0,""double_bond_stereochemistry"":0.0,""energy_ratio"":0.0,""file_loads"":0.0,""inchi_convertible"":0.0,""internal_steric_clash"":0.0,""molecular_formula"":0.0,""no_radicals"":0.0,""planar_aromatic_rings"":0.0,""planar_double_bonds"":0.0,""reference_file_loads"":0.0,""sanitisation"":0.0,""tetrahedral_chirality"":0.0}",81,113.9449433149365,0.8882613254802992,1.21976336312445,18.0,22.22222222222222,0.8536463785575361,0.18518518518518517,11.79122232397736,0.10470964791952447,0.5,4.0,4.938271604938271,0.8753357460395507,0.41975308641975306,3.3651515822773557,0.3214449016918152,0.0,1.0,1.2345679012345678,0.0,1.0,1.0,1.0,0.0,1.0,1.2345679012345678,0.0,1.0,1.0,1.0,0.0,81,-13.565510961935301,0.2242486711216216,-12.002311626595434,3.144593848527302,0.5876879436518725,0.9604282026255146,0.0,0.0,1.0,1.0,0.6272633842185731,0.9565806631189535,0.0,0.0,1.0,1.0,1000,0,0,0,0,0,81,0,0,0,0,81,81,81,core
3syr_3syr_conf0,generation,mcf_drugs_l_raw,fixed,,mcf_drugs_l_raw_fixed,MCF drugs-L,mcf_drugs_l_raw_fixed,6,20,3,0.7,3,3,0,1.0,1000,3,997,0.003,"{""all_atoms_connected"":0,""bond_angles"":0,""bond_lengths"":0,""bonds"":0,""double_bond_stereochemistry"":0,""energy_ratio"":0,""file_loads"":0,""inchi_convertible"":0,""internal_steric_clash"":0,""molecular_formula"":0,""no_radicals"":0,""planar_aromatic_rings"":0,""planar_double_bonds"":0,""reference_file_loads"":0,""sanitisation"":0,""tetrahedral_chirality"":997}","{""all_atoms_connected"":0.0,""bond_angles"":0.0,""bond_lengths"":0.0,""bonds"":0.0,""double_bond_stereochemistry"":0.0,""energy_ratio"":0.0,""file_loads"":0.0,""inchi_convertible"":0.0,""internal_steric_clash"":0.0,""molecular_formula"":0.0,""no_radicals"":0.0,""planar_aromatic_rings"":0.0,""planar_double_bonds"":0.0,""reference_file_loads"":0.0,""sanitisation"":0.0,""tetrahedral_chirality"":0.997}",3,93.52831348605145,1.5849395525042145,2.091195610663969,3.0,100.0,0.9999999999999998,0.3333333333333333,2.9999999999999996,0.3333333333333333,1.0,2.0,66.66666666666667,0.9182958340544894,0.6666666666666666,1.8898815748423097,0.5555555555555556,0.5,2.0,66.66666666666667,0.9182958340544894,0.6666666666666666,1.8898815748423097,0.5555555555555556,0.5,1.0,33.333333333333336,0.0,1.0,1.0,1.0,0.0,3,38.13517207516077,54.47296730799933,52.366360486641945,7.2563234413780116,0.7429979018924783,0.8636924665651663,0.0,0.0,1.0,1.0,0.7428870589412653,0.8698502378840451,0.0,0.0,1.0,1.0,1000,0,0,0,0,0,1000,0,0,0,0,3,1000,1000,core
3syr_3syr_conf0,generation,mcf_drugs_l_raw,dynamic,,mcf_drugs_l_raw_dynamic,MCF drugs-L,mcf_drugs_l_raw_dynamic,6,20,0,0.7,0,0,0,,112,0,112,0.0,"{""all_atoms_connected"":0,""bond_angles"":0,""bond_lengths"":0,""bonds"":0,""double_bond_stereochemistry"":0,""energy_ratio"":0,""file_loads"":0,""inchi_convertible"":0,""internal_steric_clash"":0,""molecular_formula"":0,""no_radicals"":0,""planar_aromatic_rings"":0,""planar_double_bonds"":0,""reference_file_loads"":0,""sanitisation"":0,""tetrahedral_chirality"":112}","{""all_atoms_connected"":0.0,""bond_angles"":0.0,""bond_lengths"":0.0,""bonds"":0.0,""double_bond_stereochemistry"":0.0,""energy_ratio"":0.0,""file_loads"":0.0,""inchi_convertible"":0.0,""internal_steric_clash"":0.0,""molecular_formula"":0.0,""no_radicals"":0.0,""planar_aromatic_rings"":0.0,""planar_double_bonds"":0.0,""reference_file_loads"":0.0,""sanitisation"":0.0,""tetrahedral_chirality"":1.0}",0,,,,,,,,,,,,,,,,,,,,,,,,,,,,,,,,0,,,,,,,,,,,,,,,,,1000,0,0,0,0,0,112,0,0,0,0,0,112,112,core
3syr_3syr_conf0,generation,mcf_drugs_l_raw,chembl_count,,mcf_drugs_l_raw_chembl_count,MCF drugs-L,mcf_drugs_l_raw_chembl_count,6,20,3,0.7,3,3,0,1.0,1000,3,997,0.003,"{""all_atoms_connected"":0,""bond_angles"":0,""bond_lengths"":0,""bonds"":0,""double_bond_stereochemistry"":0,""energy_ratio"":0,""file_loads"":0,""inchi_convertible"":0,""internal_steric_clash"":0,""molecular_formula"":0,""no_radicals"":0,""planar_aromatic_rings"":0,""planar_double_bonds"":0,""reference_file_loads"":0,""sanitisation"":0,""tetrahedral_chirality"":997}","{""all_atoms_connected"":0.0,""bond_angles"":0.0,""bond_lengths"":0.0,""bonds"":0.0,""double_bond_stereochemistry"":0.0,""energy_ratio"":0.0,""file_loads"":0.0,""inchi_convertible"":0.0,""internal_steric_clash"":0.0,""molecular_formula"":0.0,""no_radicals"":0.0,""planar_aromatic_rings"":0.0,""planar_double_bonds"":0.0,""reference_file_loads"":0.0,""sanitisation"":0.0,""tetrahedral_chirality"":0.997}",3,93.52831348605145,1.5849395525042145,2.091195610663969,3.0,100.0,0.9999999999999998,0.3333333333333333,2.9999999999999996,0.3333333333333333,1.0,2.0,66.66666666666667,0.9182958340544894,0.6666666666666666,1.8898815748423097,0.5555555555555556,0.5,2.0,66.66666666666667,0.9182958340544894,0.6666666666666666,1.8898815748423097,0.5555555555555556,0.5,1.0,33.333333333333336,0.0,1.0,1.0,1.0,0.0,3,38.13517207516077,54.47296730799933,52.366360486641945,7.2563234413780116,0.7429979018924783,0.8636924665651663,0.0,0.0,1.0,1.0,0.7428870589412653,0.8698502378840451,0.0,0.0,1.0,1.0,1000,0,0,0,0,0,1000,0,0,0,0,3,1344,1344,core
3twp_3twp_conf0,generation,mcf_drugs_l_raw,fixed,,mcf_drugs_l_raw_fixed,MCF drugs-L,mcf_drugs_l_raw_fixed,2,10,997,0.7,997,997,0,1.0,1000,997,3,0.997,"{""all_atoms_connected"":0,""bond_angles"":1,""bond_lengths"":1,""bonds"":0,""double_bond_stereochemistry"":0,""energy_ratio"":3,""file_loads"":0,""inchi_convertible"":0,""internal_steric_clash"":0,""molecular_formula"":0,""no_radicals"":0,""planar_aromatic_rings"":0,""planar_double_bonds"":0,""reference_file_loads"":0,""sanitisation"":0,""tetrahedral_chirality"":0}","{""all_atoms_connected"":0.0,""bond_angles"":0.001,""bond_lengths"":0.001,""bonds"":0.0,""double_bond_stereochemistry"":0.0,""energy_ratio"":0.003,""file_loads"":0.0,""inchi_convertible"":0.0,""internal_steric_clash"":0.0,""molecular_formula"":0.0,""no_radicals"":0.0,""planar_aromatic_rings"":0.0,""planar_double_bonds"":0.0,""reference_file_loads"":0.0,""sanitisation"":0.0,""tetrahedral_chirality"":0.0}",997,148.2798205795579,0.10781168737268682,0.5571703814805687,2.0,0.20060180541624875,0.320155428436016,0.9418254764292878,1.2484650447662269,0.8904195032439344,0.0,1.0,0.10030090270812438,0.0,1.0,1.0,1.0,0.0,1.0,0.10030090270812438,0.0,1.0,1.0,1.0,0.0,1.0,0.10030090270812438,0.0,1.0,1.0,1.0,0.0,997,15.394037807260792,57.33573135890425,19.79689491753235,8.165210653334862,0.06424473324268652,0.09021068137106292,1.0,1.0,1.0,1.0,0.03929775592705283,0.06905879485520706,1.0,1.0,1.0,1.0,1000,0,0,0,0,0,1000,0,0,0,0,997,1000,1000,core
3twp_3twp_conf0,generation,mcf_drugs_l_raw,dynamic,,mcf_drugs_l_raw_dynamic,MCF drugs-L,mcf_drugs_l_raw_dynamic,2,10,24,0.7,24,24,0,1.0,24,24,0,1.0,"{""all_atoms_connected"":0,""bond_angles"":0,""bond_lengths"":0,""bonds"":0,""double_bond_stereochemistry"":0,""energy_ratio"":0,""file_loads"":0,""inchi_convertible"":0,""internal_steric_clash"":0,""molecular_formula"":0,""no_radicals"":0,""planar_aromatic_rings"":0,""planar_double_bonds"":0,""reference_file_loads"":0,""sanitisation"":0,""tetrahedral_chirality"":0}","{""all_atoms_connected"":0.0,""bond_angles"":0.0,""bond_lengths"":0.0,""bonds"":0.0,""double_bond_stereochemistry"":0.0,""energy_ratio"":0.0,""file_loads"":0.0,""inchi_convertible"":0.0,""internal_steric_clash"":0.0,""molecular_formula"":0.0,""no_radicals"":0.0,""planar_aromatic_rings"":0.0,""planar_double_bonds"":0.0,""reference_file_loads"":0.0,""sanitisation"":0.0,""tetrahedral_chirality"":0.0}",24,146.48248345456614,0.0789810387359673,0.0599459633684353,2.0,8.333333333333334,0.24988229283318544,0.9583333333333334,1.1891100934658385,0.9201388888888891,0.5,1.0,4.166666666666667,0.0,1.0,1.0,1.0,0.0,1.0,4.166666666666667,0.0,1.0,1.0,1.0,0.0,1.0,4.166666666666667,0.0,1.0,1.0,1.0,0.0,24,15.394037807260792,49.179409822000245,20.120529978466124,7.090050121708427,0.08027111163401608,0.09106907437517012,1.0,1.0,1.0,1.0,0.05394851723832841,0.06495779048939973,1.0,1.0,1.0,1.0,1000,0,0,0,0,0,24,0,0,0,0,24,24,24,core
3twp_3twp_conf0,generation,mcf_drugs_l_raw,chembl_count,,mcf_drugs_l_raw_chembl_count,MCF drugs-L,mcf_drugs_l_raw_chembl_count,2,10,1,0.7,1,1,0,1.0,1,1,0,1.0,"{""all_atoms_connected"":0,""bond_angles"":0,""bond_lengths"":0,""bonds"":0,""double_bond_stereochemistry"":0,""energy_ratio"":0,""file_loads"":0,""inchi_convertible"":0,""internal_steric_clash"":0,""molecular_formula"":0,""no_radicals"":0,""planar_aromatic_rings"":0,""planar_double_bonds"":0,""reference_file_loads"":0,""sanitisation"":0,""tetrahedral_chirality"":0}","{""all_atoms_connected"":0.0,""bond_angles"":0.0,""bond_lengths"":0.0,""bonds"":0.0,""double_bond_stereochemistry"":0.0,""energy_ratio"":0.0,""file_loads"":0.0,""inchi_convertible"":0.0,""internal_steric_clash"":0.0,""molecular_formula"":0.0,""no_radicals"":0.0,""planar_aromatic_rings"":0.0,""planar_double_bonds"":0.0,""reference_file_loads"":0.0,""sanitisation"":0.0,""tetrahedral_chirality"":0.0}",1,0.0,,,1.0,100.0,0.0,1.0,1.0,1.0,1.0,1.0,100.0,0.0,1.0,1.0,1.0,1.0,1.0,100.0,0.0,1.0,1.0,1.0,1.0,1.0,100.0,0.0,1.0,1.0,1.0,1.0,1,48.126892952710236,48.126892952710236,48.126892952710236,0.0,0.10456530693393604,0.10456530693393604,1.0,1.0,1.0,1.0,0.08953081404071227,0.08953081404071227,1.0,1.0,1.0,1.0,1000,0,0,0,0,0,1,0,0,0,0,1,1,1,core
3u5j_3u5j_conf0,generation,mcf_drugs_l_raw,fixed,,mcf_drugs_l_raw_fixed,MCF drugs-L,mcf_drugs_l_raw_fixed,1,22,999,0.7,999,999,0,1.0,1000,999,1,0.999,"{""all_atoms_connected"":0,""bond_angles"":0,""bond_lengths"":0,""bonds"":0,""double_bond_stereochemistry"":0,""energy_ratio"":1,""file_loads"":0,""inchi_convertible"":0,""internal_steric_clash"":0,""molecular_formula"":0,""no_radicals"":0,""planar_aromatic_rings"":0,""planar_double_bonds"":0,""reference_file_loads"":0,""sanitisation"":0,""tetrahedral_chirality"":0}","{""all_atoms_connected"":0.0,""bond_angles"":0.0,""bond_lengths"":0.0,""bonds"":0.0,""double_bond_stereochemistry"":0.0,""energy_ratio"":0.001,""file_loads"":0.0,""inchi_convertible"":0.0,""internal_steric_clash"":0.0,""molecular_formula"":0.0,""no_radicals"":0.0,""planar_aromatic_rings"":0.0,""planar_double_bonds"":0.0,""reference_file_loads"":0.0,""sanitisation"":0.0,""tetrahedral_chirality"":0.0}",999,103.3691541068655,0.9640531349898761,1.7918770222928964,9.0,0.9009009009009009,0.5164934766170908,0.45345345345345345,3.110713623672385,0.39038938838738635,0.1111111111111111,3.0,0.3003003003003003,0.659856023208165,0.5165165165165165,2.064578183071689,0.4948101254407561,0.0,1.0,0.1001001001001001,0.0,1.0,1.0,1.0,0.0,1.0,0.1001001001001001,0.0,1.0,1.0,1.0,0.0,999,99.5540846885285,1247.1483838846075,103.23120931240629,36.26869893168752,0.10134913106414288,1.688578474773091,1.0,1.0,1.0,1.0,0.22969450456182372,1.6683359100816277,1.0,1.0,1.0,1.0,1000,0,0,0,0,0,1000,0,0,0,0,999,1000,1000,core
3u5j_3u5j_conf0,generation,mcf_drugs_l_raw,dynamic,,mcf_drugs_l_raw_dynamic,MCF drugs-L,mcf_drugs_l_raw_dynamic,1,22,2,0.7,2,2,0,1.0,2,2,0,1.0,"{""all_atoms_connected"":0,""bond_angles"":0,""bond_lengths"":0,""bonds"":0,""double_bond_stereochemistry"":0,""energy_ratio"":0,""file_loads"":0,""inchi_convertible"":0,""internal_steric_clash"":0,""molecular_formula"":0,""no_radicals"":0,""planar_aromatic_rings"":0,""planar_double_bonds"":0,""reference_file_loads"":0,""sanitisation"":0,""tetrahedral_chirality"":0}","{""all_atoms_connected"":0.0,""bond_angles"":0.0,""bond_lengths"":0.0,""bonds"":0.0,""double_bond_stereochemistry"":0.0,""energy_ratio"":0.0,""file_loads"":0.0,""inchi_convertible"":0.0,""internal_steric_clash"":0.0,""molecular_formula"":0.0,""no_radicals"":0.0,""planar_aromatic_rings"":0.0,""planar_double_bonds"":0.0,""reference_file_loads"":0.0,""sanitisation"":0.0,""tetrahedral_chirality"":0.0}",2,31.160569365423527,0.04261220286082273,0.04261220286082273,1.0,50.0,0.0,1.0,1.0,1.0,0.0,1.0,50.0,0.0,1.0,1.0,1.0,0.0,1.0,50.0,0.0,1.0,1.0,1.0,0.0,1.0,50.0,0.0,1.0,1.0,1.0,0.0,2,102.93372605022904,103.76404650267054,103.34888627644979,0.415160226220749,1.8138156097224147,1.8187222736998636,0.0,0.0,0.0,1.0,1.8084559465391628,1.8098447937904887,0.0,0.0,0.0,1.0,1000,0,0,0,0,0,2,0,0,0,0,2,2,2,core
3u5j_3u5j_conf0,generation,mcf_drugs_l_raw,chembl_count,,mcf_drugs_l_raw_chembl_count,MCF drugs-L,mcf_drugs_l_raw_chembl_count,1,22,2,0.7,2,2,0,1.0,2,2,0,1.0,"{""all_atoms_connected"":0,""bond_angles"":0,""bond_lengths"":0,""bonds"":0,""double_bond_stereochemistry"":0,""energy_ratio"":0,""file_loads"":0,""inchi_convertible"":0,""internal_steric_clash"":0,""molecular_formula"":0,""no_radicals"":0,""planar_aromatic_rings"":0,""planar_double_bonds"":0,""reference_file_loads"":0,""sanitisation"":0,""tetrahedral_chirality"":0}","{""all_atoms_connected"":0.0,""bond_angles"":0.0,""bond_lengths"":0.0,""bonds"":0.0,""double_bond_stereochemistry"":0.0,""energy_ratio"":0.0,""file_loads"":0.0,""inchi_convertible"":0.0,""internal_steric_clash"":0.0,""molecular_formula"":0.0,""no_radicals"":0.0,""planar_aromatic_rings"":0.0,""planar_double_bonds"":0.0,""reference_file_loads"":0.0,""sanitisation"":0.0,""tetrahedral_chirality"":0.0}",2,46.194183892828136,1.7741374475375289,1.7741374475375289,2.0,100.0,1.0,0.5,2.0,0.5,1.0,2.0,100.0,1.0,0.5,2.0,0.5,1.0,1.0,50.0,0.0,1.0,1.0,1.0,0.0,1.0,50.0,0.0,1.0,1.0,1.0,0.0,2,101.95466137215438,103.89015254040402,102.92240695627919,0.9677455841248204,0.14795278928861197,0.9852743417489692,1.0,1.0,1.0,1.0,0.27924638155285886,1.046460676376329,0.0,1.0,1.0,1.0,1000,0,0,0,0,0,2,0,0,0,0,2,2,2,core
3u8n_3u8n_conf0,generation,mcf_drugs_l_raw,fixed,,mcf_drugs_l_raw_fixed,MCF drugs-L,mcf_drugs_l_raw_fixed,3,17,999,0.7,999,999,0,1.0,1000,999,1,0.999,"{""all_atoms_connected"":0,""bond_angles"":1,""bond_lengths"":1,""bonds"":0,""double_bond_stereochemistry"":0,""energy_ratio"":0,""file_loads"":0,""inchi_convertible"":0,""internal_steric_clash"":0,""molecular_formula"":0,""no_radicals"":0,""planar_aromatic_rings"":1,""planar_double_bonds"":0,""reference_file_loads"":0,""sanitisation"":0,""tetrahedral_chirality"":0}","{""all_atoms_connected"":0.0,""bond_angles"":0.001,""bond_lengths"":0.001,""bonds"":0.0,""double_bond_stereochemistry"":0.0,""energy_ratio"":0.0,""file_loads"":0.0,""inchi_convertible"":0.0,""internal_steric_clash"":0.0,""molecular_formula"":0.0,""no_radicals"":0.0,""planar_aromatic_rings"":0.001,""planar_double_bonds"":0.0,""reference_file_loads"":0.0,""sanitisation"":0.0,""tetrahedral_chirality"":0.0}",999,112.69958267672558,1.3395819841802976,1.8006740046242138,107.0,10.71071071071071,0.9326382697683863,0.036036036036036036,78.10538457539278,0.015882749616483352,0.09345794392523364,10.0,1.001001001001001,0.9309911087253482,0.19119119119119118,8.530826487489971,0.1309327345363381,0.0,1.0,0.1001001001001001,0.0,1.0,1.0,1.0,0.0,1.0,0.1001001001001001,0.0,1.0,1.0,1.0,0.0,999,106.88622728233003,827.5047178483301,114.00762371243842,23.293990643845312,0.192815248682568,1.367639723893486,1.0,1.0,1.0,1.0,0.21420265247274545,1.4170846166761932,1.0,1.0,1.0,1.0,1000,0,0,0,0,0,1000,0,0,0,0,999,1000,1000,core
3u8n_3u8n_conf0,generation,mcf_drugs_l_raw,dynamic,,mcf_drugs_l_raw_dynamic,MCF drugs-L,mcf_drugs_l_raw_dynamic,3,17,46,0.7,46,46,0,1.0,46,46,0,1.0,"{""all_atoms_connected"":0,""bond_angles"":0,""bond_lengths"":0,""bonds"":0,""double_bond_stereochemistry"":0,""energy_ratio"":0,""file_loads"":0,""inchi_convertible"":0,""internal_steric_clash"":0,""molecular_formula"":0,""no_radicals"":0,""planar_aromatic_rings"":0,""planar_double_bonds"":0,""reference_file_loads"":0,""sanitisation"":0,""tetrahedral_chirality"":0}","{""all_atoms_connected"":0.0,""bond_angles"":0.0,""bond_lengths"":0.0,""bonds"":0.0,""double_bond_stereochemistry"":0.0,""energy_ratio"":0.0,""file_loads"":0.0,""inchi_convertible"":0.0,""internal_steric_clash"":0.0,""molecular_formula"":0.0,""no_radicals"":0.0,""planar_aromatic_rings"":0.0,""planar_double_bonds"":0.0,""reference_file_loads"":0.0,""sanitisation"":0.0,""tetrahedral_chirality"":0.0}",46,118.27186508852374,1.3474360496633413,1.782964559793229,28.0,60.869565217391305,0.9600751525527524,0.08695652173913043,24.512097064899375,0.04631379962192815,0.6071428571428571,7.0,15.217391304347826,0.8995602331466377,0.34782608695652173,5.757269904117806,0.2051039697542533,0.0,1.0,2.1739130434782608,0.0,1.0,1.0,1.0,0.0,1.0,2.1739130434782608,0.0,1.0,1.0,1.0,0.0,46,108.75553557354661,124.45780460243267,115.02263099251127,3.7306113296195624,0.5006731466410639,1.5209297633271546,0.0,0.0,1.0,1.0,0.4746627492173914,1.5362493413818163,0.0,1.0,1.0,1.0,1000,0,0,0,0,0,46,0,0,0,0,46,46,46,core
3u8n_3u8n_conf0,generation,mcf_drugs_l_raw,chembl_count,,mcf_drugs_l_raw_chembl_count,MCF drugs-L,mcf_drugs_l_raw_chembl_count,3,17,196,0.7,196,196,0,1.0,197,196,1,0.9949238578680204,"{""all_atoms_connected"":0,""bond_angles"":1,""bond_lengths"":1,""bonds"":0,""double_bond_stereochemistry"":0,""energy_ratio"":0,""file_loads"":0,""inchi_convertible"":0,""internal_steric_clash"":0,""molecular_formula"":0,""no_radicals"":0,""planar_aromatic_rings"":1,""planar_double_bonds"":0,""reference_file_loads"":0,""sanitisation"":0,""tetrahedral_chirality"":0}","{""all_atoms_connected"":0.0,""bond_angles"":0.005076142131979695,""bond_lengths"":0.005076142131979695,""bonds"":0.0,""double_bond_stereochemistry"":0.0,""energy_ratio"":0.0,""file_loads"":0.0,""inchi_convertible"":0.0,""internal_steric_clash"":0.0,""molecular_formula"":0.0,""no_radicals"":0.0,""planar_aromatic_rings"":0.005076142131979695,""planar_double_bonds"":0.0,""reference_file_loads"":0.0,""sanitisation"":0.0,""tetrahedral_chirality"":0.0}",196,113.36182004398216,1.3327284587325317,1.8157857668562014,72.0,36.734693877551024,0.9473783666357065,0.05102040816326531,57.490571616971884,0.0212411495210329,0.3333333333333333,10.0,5.1020408163265305,0.858846805910479,0.1989795918367347,7.225148969884143,0.15920449812578089,0.1,1.0,0.5102040816326531,0.0,1.0,1.0,1.0,0.0,1.0,0.5102040816326531,0.0,1.0,1.0,1.0,0.0,196,107.68752699959057,827.5047178483301,113.92054135134062,51.894534845444895,0.30166181743808396,1.347982041970801,0.0,1.0,1.0,1.0,0.28311268242525867,1.39535634514727,0.0,1.0,1.0,1.0,1000,0,0,0,0,0,197,0,0,0,0,196,197,197,core
3uo4_3uo4_conf0,generation,mcf_drugs_l_raw,fixed,,mcf_drugs_l_raw_fixed,MCF drugs-L,mcf_drugs_l_raw_fixed,6,29,998,0.7,998,998,0,1.0,1000,998,2,0.998,"{""all_atoms_connected"":0,""bond_angles"":0,""bond_lengths"":1,""bonds"":0,""double_bond_stereochemistry"":0,""energy_ratio"":1,""file_loads"":0,""inchi_convertible"":0,""internal_steric_clash"":0,""molecular_formula"":0,""no_radicals"":0,""planar_aromatic_rings"":0,""planar_double_bonds"":0,""reference_file_loads"":0,""sanitisation"":0,""tetrahedral_chirality"":0}","{""all_atoms_connected"":0.0,""bond_angles"":0.0,""bond_lengths"":0.001,""bonds"":0.0,""double_bond_stereochemistry"":0.0,""energy_ratio"":0.001,""file_loads"":0.0,""inchi_convertible"":0.0,""internal_steric_clash"":0.0,""molecular_formula"":0.0,""no_radicals"":0.0,""planar_aromatic_rings"":0.0,""planar_double_bonds"":0.0,""reference_file_loads"":0.0,""sanitisation"":0.0,""tetrahedral_chirality"":0.0}",998,115.51977973303475,2.2071531081429576,3.1344331343463256,74.0,7.414829659318637,0.8205431953268877,0.10420841683366733,34.18104752317047,0.040194617692298436,0.35135135135135137,24.0,2.404809619238477,0.8712000414603978,0.13026052104208416,15.938230047356628,0.07477480010120441,0.041666666666666664,6.0,0.6012024048096193,0.8861503670955888,0.33867735470941884,4.892817490082852,0.23809342131156103,0.0,2.0,0.20040080160320642,0.9912188463686259,0.5551102204408818,1.9878637082746011,0.5060742727940851,0.0,998,2.8235248746687986,79126.58360127972,14.504239545783815,2503.0417090589526,0.4518717470352966,2.8239305184962524,0.0,1.0,1.0,1.0,0.4626781246984381,2.710439480420244,0.0,1.0,1.0,1.0,1000,0,0,0,0,0,1000,0,0,0,0,998,1000,1000,core
3uo4_3uo4_conf0,generation,mcf_drugs_l_raw,dynamic,,mcf_drugs_l_raw_dynamic,MCF drugs-L,mcf_drugs_l_raw_dynamic,6,29,112,0.7,112,112,0,1.0,112,112,0,1.0,"{""all_atoms_connected"":0,""bond_angles"":0,""bond_lengths"":0,""bonds"":0,""double_bond_stereochemistry"":0,""energy_ratio"":0,""file_loads"":0,""inchi_convertible"":0,""internal_steric_clash"":0,""molecular_formula"":0,""no_radicals"":0,""planar_aromatic_rings"":0,""planar_double_bonds"":0,""reference_file_loads"":0,""sanitisation"":0,""tetrahedral_chirality"":0}","{""all_atoms_connected"":0.0,""bond_angles"":0.0,""bond_lengths"":0.0,""bonds"":0.0,""double_bond_stereochemistry"":0.0,""energy_ratio"":0.0,""file_loads"":0.0,""inchi_convertible"":0.0,""internal_steric_clash"":0.0,""molecular_formula"":0.0,""no_radicals"":0.0,""planar_aromatic_rings"":0.0,""planar_double_bonds"":0.0,""reference_file_loads"":0.0,""sanitisation"":0.0,""tetrahedral_chirality"":0.0}",112,111.61365587999491,2.121187669871901,3.088119407021111,29.0,25.892857142857142,0.8672106322432003,0.16964285714285715,18.544156865751496,0.08083545918367345,0.3103448275862069,17.0,15.178571428571429,0.871965514409766,0.20535714285714285,11.827937654685957,0.10921556122448978,0.17647058823529413,6.0,5.357142857142857,0.8288875157716123,0.36607142857142855,4.415703017797234,0.27359693877551017,0.0,2.0,1.7857142857142858,0.7817281222714539,0.7678571428571429,1.7191889585950293,0.6434948979591837,0.0,112,3.5195118954793614,30.48193232267643,13.265049833429337,6.6683765066460055,0.4518717470352966,2.869582947187117,0.0,1.0,1.0,1.0,0.5129721576878007,2.7284115269390288,0.0,0.0,1.0,1.0,1000,0,0,0,0,0,112,0,0,0,0,112,112,112,core
3uo4_3uo4_conf0,generation,mcf_drugs_l_raw,chembl_count,,mcf_drugs_l_raw_chembl_count,MCF drugs-L,mcf_drugs_l_raw_chembl_count,6,29,26,0.7,26,26,0,1.0,26,26,0,1.0,"{""all_atoms_connected"":0,""bond_angles"":0,""bond_lengths"":0,""bonds"":0,""double_bond_stereochemistry"":0,""energy_ratio"":0,""file_loads"":0,""inchi_convertible"":0,""internal_steric_clash"":0,""molecular_formula"":0,""no_radicals"":0,""planar_aromatic_rings"":0,""planar_double_bonds"":0,""reference_file_loads"":0,""sanitisation"":0,""tetrahedral_chirality"":0}","{""all_atoms_connected"":0.0,""bond_angles"":0.0,""bond_lengths"":0.0,""bonds"":0.0,""double_bond_stereochemistry"":0.0,""energy_ratio"":0.0,""file_loads"":0.0,""inchi_convertible"":0.0,""internal_steric_clash"":0.0,""molecular_formula"":0.0,""no_radicals"":0.0,""planar_aromatic_rings"":0.0,""planar_double_bonds"":0.0,""reference_file_loads"":0.0,""sanitisation"":0.0,""tetrahedral_chirality"":0.0}",26,102.15567279708908,1.8653497515965538,2.693317809966542,12.0,46.15384615384615,0.9291138082370314,0.19230769230769232,10.061950982371245,0.11538461538461538,0.4166666666666667,9.0,34.61538461538461,0.9353778348047287,0.19230769230769232,7.808674004856142,0.13905325443786987,0.3333333333333333,4.0,15.384615384615385,0.8257385368804713,0.4230769230769231,3.1415511584118025,0.3520710059171598,0.25,1.0,3.8461538461538463,0.0,1.0,1.0,1.0,0.0,26,4.133594200900056,22.683804582909822,11.735908147586024,5.111559560558364,0.5183870004706682,2.8882911366912287,0.0,0.0,1.0,1.0,0.5686334244555373,2.8506714132887847,0.0,0.0,1.0,1.0,1000,0,0,0,0,0,26,0,0,0,0,26,26,26,core
3up2_3up2_conf0,generation,mcf_drugs_l_raw,fixed,,mcf_drugs_l_raw_fixed,MCF drugs-L,mcf_drugs_l_raw_fixed,6,28,999,0.7,999,999,0,1.0,1000,999,1,0.999,"{""all_atoms_connected"":0,""bond_angles"":1,""bond_lengths"":0,""bonds"":0,""double_bond_stereochemistry"":0,""energy_ratio"":0,""file_loads"":0,""inchi_convertible"":0,""internal_steric_clash"":0,""molecular_formula"":0,""no_radicals"":0,""planar_aromatic_rings"":0,""planar_double_bonds"":0,""reference_file_loads"":0,""sanitisation"":0,""tetrahedral_chirality"":0}","{""all_atoms_connected"":0.0,""bond_angles"":0.001,""bond_lengths"":0.0,""bonds"":0.0,""double_bond_stereochemistry"":0.0,""energy_ratio"":0.0,""file_loads"":0.0,""inchi_convertible"":0.0,""internal_steric_clash"":0.0,""molecular_formula"":0.0,""no_radicals"":0.0,""planar_aromatic_rings"":0.0,""planar_double_bonds"":0.0,""reference_file_loads"":0.0,""sanitisation"":0.0,""tetrahedral_chirality"":0.0}",999,107.80830745042566,2.0998912344146317,3.0445123324003127,64.0,6.406406406406407,0.8722855529992909,0.07207207207207207,37.627442211105496,0.033640246853460065,0.28125,19.0,1.901901901901902,0.8978058653715988,0.17617617617617617,14.062822115935681,0.08672436199963728,0.0,6.0,0.6006006006006006,0.8543057566087803,0.3353353353353353,4.621458874827643,0.2472753033313594,0.0,2.0,0.2002002002002002,0.998900353368165,0.5195195195195195,1.998476146902179,0.5007620232845458,0.0,999,-14.416580529055032,1263.6697271325515,-6.632743805605934,40.44412244223113,0.3512898049713265,2.3224639056423038,0.0,1.0,1.0,1.0,0.39878354164783264,2.0937014503505957,0.0,1.0,1.0,1.0,1000,0,0,0,0,0,1000,0,0,0,0,999,1000,1000,core
3up2_3up2_conf0,generation,mcf_drugs_l_raw,dynamic,,mcf_drugs_l_raw_dynamic,MCF drugs-L,mcf_drugs_l_raw_dynamic,6,28,112,0.7,112,112,0,1.0,112,112,0,1.0,"{""all_atoms_connected"":0,""bond_angles"":0,""bond_lengths"":0,""bonds"":0,""double_bond_stereochemistry"":0,""energy_ratio"":0,""file_loads"":0,""inchi_convertible"":0,""internal_steric_clash"":0,""molecular_formula"":0,""no_radicals"":0,""planar_aromatic_rings"":0,""planar_double_bonds"":0,""reference_file_loads"":0,""sanitisation"":0,""tetrahedral_chirality"":0}","{""all_atoms_connected"":0.0,""bond_angles"":0.0,""bond_lengths"":0.0,""bonds"":0.0,""double_bond_stereochemistry"":0.0,""energy_ratio"":0.0,""file_loads"":0.0,""inchi_convertible"":0.0,""internal_steric_clash"":0.0,""molecular_formula"":0.0,""no_radicals"":0.0,""planar_aromatic_rings"":0.0,""planar_double_bonds"":0.0,""reference_file_loads"":0.0,""sanitisation"":0.0,""tetrahedral_chirality"":0.0}",112,107.9989280440426,2.1573475656553933,3.1123783985174702,38.0,33.92857142857143,0.9398173798745815,0.08928571428571429,30.528683787118673,0.0390625,0.3157894736842105,16.0,14.285714285714286,0.9126964240531292,0.16964285714285715,12.560184019393017,0.09422831632653063,0.125,4.0,3.5714285714285716,0.7794555215617495,0.5267857142857143,2.946313695716212,0.396843112244898,0.0,2.0,1.7857142857142858,0.940285958670631,0.6428571428571429,1.9189085505973331,0.5408163265306123,0.0,112,-14.024389306194706,10.639373611567692,-6.23987694561033,5.366501913197962,0.3512898049713265,2.3317288247588923,0.0,1.0,1.0,1.0,0.39878354164783264,2.106084704620195,0.0,1.0,1.0,1.0,1000,0,0,0,0,0,112,0,0,0,0,112,112,112,core
3up2_3up2_conf0,generation,mcf_drugs_l_raw,chembl_count,,mcf_drugs_l_raw_chembl_count,MCF drugs-L,mcf_drugs_l_raw_chembl_count,6,28,43,0.7,43,43,0,1.0,43,43,0,1.0,"{""all_atoms_connected"":0,""bond_angles"":0,""bond_lengths"":0,""bonds"":0,""double_bond_stereochemistry"":0,""energy_ratio"":0,""file_loads"":0,""inchi_convertible"":0,""internal_steric_clash"":0,""molecular_formula"":0,""no_radicals"":0,""planar_aromatic_rings"":0,""planar_double_bonds"":0,""reference_file_loads"":0,""sanitisation"":0,""tetrahedral_chirality"":0}","{""all_atoms_connected"":0.0,""bond_angles"":0.0,""bond_lengths"":0.0,""bonds"":0.0,""double_bond_stereochemistry"":0.0,""energy_ratio"":0.0,""file_loads"":0.0,""inchi_convertible"":0.0,""internal_steric_clash"":0.0,""molecular_formula"":0.0,""no_radicals"":0.0,""planar_aromatic_rings"":0.0,""planar_double_bonds"":0.0,""reference_file_loads"":0.0,""sanitisation"":0.0,""tetrahedral_chirality"":0.0}",43,110.0620683215421,2.1303949990944204,2.9935494714212583,25.0,58.13953488372093,0.9487658418320675,0.11627906976744186,21.1991149196634,0.05570578691184424,0.6,15.0,34.883720930232556,0.9416514570569391,0.16279069767441862,12.8076086185629,0.08923742563547864,0.2,5.0,11.627906976744185,0.8688576870567066,0.32558139534883723,4.048605504939927,0.2731206057328286,0.0,1.0,2.3255813953488373,0.0,1.0,1.0,1.0,0.0,43,-11.888232686119238,10.639373611567692,-6.45484140834543,4.978523706265738,0.3608770503590754,1.93286210502124,0.0,1.0,1.0,1.0,0.44910409077187524,1.9201094942435228,0.0,1.0,1.0,1.0,1000,0,0,0,0,0,43,0,0,0,0,43,43,43,core
3wtj_3wtj_conf0,generation,mcf_drugs_l_raw,fixed,,mcf_drugs_l_raw_fixed,MCF drugs-L,mcf_drugs_l_raw_fixed,2,16,827,0.7,827,809,18,0.9782345828295043,1000,827,173,0.827,"{""all_atoms_connected"":0,""bond_angles"":0,""bond_lengths"":0,""bonds"":0,""double_bond_stereochemistry"":173,""energy_ratio"":0,""file_loads"":0,""inchi_convertible"":0,""internal_steric_clash"":68,""molecular_formula"":0,""no_radicals"":0,""planar_aromatic_rings"":0,""planar_double_bonds"":0,""reference_file_loads"":0,""sanitisation"":0,""tetrahedral_chirality"":0}","{""all_atoms_connected"":0.0,""bond_angles"":0.0,""bond_lengths"":0.0,""bonds"":0.0,""double_bond_stereochemistry"":0.173,""energy_ratio"":0.0,""file_loads"":0.0,""inchi_convertible"":0.0,""internal_steric_clash"":0.068,""molecular_formula"":0.0,""no_radicals"":0.0,""planar_aromatic_rings"":0.0,""planar_double_bonds"":0.0,""reference_file_loads"":0.0,""sanitisation"":0.0,""tetrahedral_chirality"":0.0}",827,96.01455556703462,1.3012786349296273,1.8199051860058904,31.0,3.7484885126964933,0.7914967421581147,0.14389359129383314,15.149835668951344,0.08808955315537138,0.0967741935483871,10.0,1.2091898428053205,0.8778788473060407,0.22611850060459493,7.548816132032825,0.14852565105442234,0.0,2.0,0.2418379685610641,0.9419581381717281,0.6408706166868199,1.9211339826902691,0.5396890612914499,0.0,1.0,0.12091898428053205,0.0,1.0,1.0,1.0,0.0,827,-27.18488295597211,275.95086495070126,-22.954006934298754,12.172080447846767,0.20465329525739426,1.2963690761740772,1.0,1.0,1.0,1.0,0.2037639819191979,1.2646350397479615,1.0,1.0,1.0,1.0,1000,0,0,0,0,0,1000,0,0,0,0,827,1000,1000,core
3wtj_3wtj_conf0,generation,mcf_drugs_l_raw,dynamic,,mcf_drugs_l_raw_dynamic,MCF drugs-L,mcf_drugs_l_raw_dynamic,2,16,17,0.7,17,17,0,1.0,24,17,7,0.7083333333333334,"{""all_atoms_connected"":0,""bond_angles"":0,""bond_lengths"":0,""bonds"":0,""double_bond_stereochemistry"":7,""energy_ratio"":0,""file_loads"":0,""inchi_convertible"":0,""internal_steric_clash"":2,""molecular_formula"":0,""no_radicals"":0,""planar_aromatic_rings"":0,""planar_double_bonds"":0,""reference_file_loads"":0,""sanitisation"":0,""tetrahedral_chirality"":0}","{""all_atoms_connected"":0.0,""bond_angles"":0.0,""bond_lengths"":0.0,""bonds"":0.0,""double_bond_stereochemistry"":0.2916666666666667,""energy_ratio"":0.0,""file_loads"":0.0,""inchi_convertible"":0.0,""internal_steric_clash"":0.08333333333333333,""molecular_formula"":0.0,""no_radicals"":0.0,""planar_aromatic_rings"":0.0,""planar_double_bonds"":0.0,""reference_file_loads"":0.0,""sanitisation"":0.0,""tetrahedral_chirality"":0.0}",17,93.13732140087345,1.3079715664965563,1.8277080232867071,9.0,52.94117647058823,0.9505180493964056,0.17647058823529413,8.07280995511898,0.13494809688581316,0.4444444444444444,5.0,29.41176470588235,0.9844171139677749,0.29411764705882354,4.876160975262546,0.2110726643598616,0.0,1.0,5.882352941176471,0.0,1.0,1.0,1.0,0.0,1.0,5.882352941176471,0.0,1.0,1.0,1.0,0.0,17,-24.90552644095338,-17.965070835008746,-22.604966740610593,1.7298200104366452,0.36310291363572866,1.4855669595047236,0.0,1.0,1.0,1.0,0.27661392078205815,1.4442471159887575,0.0,1.0,1.0,1.0,1000,0,0,0,0,0,24,0,0,0,0,17,24,24,core
3wtj_3wtj_conf0,generation,mcf_drugs_l_raw,chembl_count,,mcf_drugs_l_raw_chembl_count,MCF drugs-L,mcf_drugs_l_raw_chembl_count,2,16,44,0.7,44,44,0,1.0,52,44,8,0.8461538461538461,"{""all_atoms_connected"":0,""bond_angles"":0,""bond_lengths"":0,""bonds"":0,""double_bond_stereochemistry"":8,""energy_ratio"":0,""file_loads"":0,""inchi_convertible"":0,""internal_steric_clash"":5,""molecular_formula"":0,""no_radicals"":0,""planar_aromatic_rings"":0,""planar_double_bonds"":0,""reference_file_loads"":0,""sanitisation"":0,""tetrahedral_chirality"":0}","{""all_atoms_connected"":0.0,""bond_angles"":0.0,""bond_lengths"":0.0,""bonds"":0.0,""double_bond_stereochemistry"":0.15384615384615385,""energy_ratio"":0.0,""file_loads"":0.0,""inchi_convertible"":0.0,""internal_steric_clash"":0.09615384615384616,""molecular_formula"":0.0,""no_radicals"":0.0,""planar_aromatic_rings"":0.0,""planar_double_bonds"":0.0,""reference_file_loads"":0.0,""sanitisation"":0.0,""tetrahedral_chirality"":0.0}",44,94.97910725611771,1.2864887175236248,1.835615785113824,10.0,22.727272727272727,0.8965345658057872,0.25,7.880151476398926,0.1487603305785124,0.2,6.0,13.636363636363637,0.9018358878512059,0.3181818181818182,5.032279144602243,0.21797520661157024,0.16666666666666666,1.0,2.272727272727273,0.0,1.0,1.0,1.0,0.0,1.0,2.272727272727273,0.0,1.0,1.0,1.0,0.0,44,-25.298186276922934,28.214673845950074,-22.725204599868743,7.714428892116461,0.40123871017478374,1.3515137282586562,0.0,1.0,1.0,1.0,0.31657272261465685,1.313231328486868,0.0,1.0,1.0,1.0,1000,0,0,0,0,0,52,0,0,0,0,44,52,52,core
3zdg_3zdg_conf0,generation,mcf_drugs_l_raw,fixed,,mcf_drugs_l_raw_fixed,MCF drugs-L,mcf_drugs_l_raw_fixed,4,13,514,0.7,514,514,0,1.0,1000,514,486,0.514,"{""all_atoms_connected"":0,""bond_angles"":1,""bond_lengths"":1,""bonds"":0,""double_bond_stereochemistry"":0,""energy_ratio"":2,""file_loads"":0,""inchi_convertible"":0,""internal_steric_clash"":1,""molecular_formula"":0,""no_radicals"":0,""planar_aromatic_rings"":0,""planar_double_bonds"":0,""reference_file_loads"":0,""sanitisation"":0,""tetrahedral_chirality"":484}","{""all_atoms_connected"":0.0,""bond_angles"":0.001,""bond_lengths"":0.001,""bonds"":0.0,""double_bond_stereochemistry"":0.0,""energy_ratio"":0.002,""file_loads"":0.0,""inchi_convertible"":0.0,""internal_steric_clash"":0.001,""molecular_formula"":0.0,""no_radicals"":0.0,""planar_aromatic_rings"":0.0,""planar_double_bonds"":0.0,""reference_file_loads"":0.0,""sanitisation"":0.0,""tetrahedral_chirality"":0.484}",514,93.28831764948299,0.7773333891051214,1.241184734123524,17.0,3.307392996108949,0.6842309836484601,0.24124513618677043,6.948823420908077,0.18147133188996048,0.23529411764705882,3.0,0.5836575875486382,0.5931072088917736,0.6750972762645915,1.9185983016261705,0.5588199669942013,0.0,1.0,0.19455252918287938,0.0,1.0,1.0,1.0,0.0,1.0,0.19455252918287938,0.0,1.0,1.0,1.0,0.0,514,-45.58144304986402,186.23080062350334,-40.8405771898561,16.91609581568965,0.4543578247608855,1.325850286139561,0.0,1.0,1.0,1.0,0.38384053422985287,1.2910232474146954,0.0,1.0,1.0,1.0,1000,0,0,0,0,0,1000,0,0,0,0,514,1000,1000,core
3zdg_3zdg_conf0,generation,mcf_drugs_l_raw,dynamic,,mcf_drugs_l_raw_dynamic,MCF drugs-L,mcf_drugs_l_raw_dynamic,4,13,29,0.7,29,29,0,1.0,68,29,39,0.4264705882352941,"{""all_atoms_connected"":0,""bond_angles"":0,""bond_lengths"":0,""bonds"":0,""double_bond_stereochemistry"":0,""energy_ratio"":0,""file_loads"":0,""inchi_convertible"":0,""internal_steric_clash"":0,""molecular_formula"":0,""no_radicals"":0,""planar_aromatic_rings"":0,""planar_double_bonds"":0,""reference_file_loads"":0,""sanitisation"":0,""tetrahedral_chirality"":39}","{""all_atoms_connected"":0.0,""bond_angles"":0.0,""bond_lengths"":0.0,""bonds"":0.0,""double_bond_stereochemistry"":0.0,""energy_ratio"":0.0,""file_loads"":0.0,""inchi_convertible"":0.0,""internal_steric_clash"":0.0,""molecular_formula"":0.0,""no_radicals"":0.0,""planar_aromatic_rings"":0.0,""planar_double_bonds"":0.0,""reference_file_loads"":0.0,""sanitisation"":0.0,""tetrahedral_chirality"":0.5735294117647058}",29,96.55126113369269,0.7393609112537731,1.0444205687689663,6.0,20.689655172413794,0.8421764656324772,0.3448275862068966,4.522105287866191,0.2556480380499405,0.3333333333333333,2.0,6.896551724137931,0.8497511372532974,0.7241379310344828,1.8021900233114103,0.6004756242568372,0.0,1.0,3.4482758620689653,0.0,1.0,1.0,1.0,0.0,1.0,3.4482758620689653,0.0,1.0,1.0,1.0,0.0,29,-45.088563608169984,-29.417427900422837,-40.85015713203717,2.85742089686356,1.088958348083651,1.3229474910408234,0.0,0.0,0.0,1.0,1.0377237695977999,1.2847605991830906,0.0,0.0,0.0,1.0,1000,0,0,0,0,0,68,0,0,0,0,29,68,68,core
3zdg_3zdg_conf0,generation,mcf_drugs_l_raw,chembl_count,,mcf_drugs_l_raw_chembl_count,MCF drugs-L,mcf_drugs_l_raw_chembl_count,4,13,105,0.7,105,105,0,1.0,199,105,94,0.5276381909547738,"{""all_atoms_connected"":0,""bond_angles"":0,""bond_lengths"":0,""bonds"":0,""double_bond_stereochemistry"":0,""energy_ratio"":0,""file_loads"":0,""inchi_convertible"":0,""internal_steric_clash"":0,""molecular_formula"":0,""no_radicals"":0,""planar_aromatic_rings"":0,""planar_double_bonds"":0,""reference_file_loads"":0,""sanitisation"":0,""tetrahedral_chirality"":94}","{""all_atoms_connected"":0.0,""bond_angles"":0.0,""bond_lengths"":0.0,""bonds"":0.0,""double_bond_stereochemistry"":0.0,""energy_ratio"":0.0,""file_loads"":0.0,""inchi_convertible"":0.0,""internal_steric_clash"":0.0,""molecular_formula"":0.0,""no_radicals"":0.0,""planar_aromatic_rings"":0.0,""planar_double_bonds"":0.0,""reference_file_loads"":0.0,""sanitisation"":0.0,""tetrahedral_chirality"":0.4723618090452261}",105,93.13526605366347,0.7470224213160709,1.1279280103966793,9.0,8.571428571428571,0.7797994322585594,0.3333333333333333,5.547761305201976,0.21922902494331065,0.2222222222222222,2.0,1.9047619047619047,0.63884693917719,0.8380952380952381,1.5570841765729333,0.7286167800453516,0.0,1.0,0.9523809523809523,0.0,1.0,1.0,1.0,0.0,1.0,0.9523809523809523,0.0,1.0,1.0,1.0,0.0,105,-45.58144304986402,-27.8241243259194,-40.544639339886984,2.87878507311223,1.096533867669549,1.3162132534357118,0.0,0.0,0.0,1.0,1.0527147433115807,1.2838439806940178,0.0,0.0,0.0,1.0,1000,0,0,0,0,0,199,0,0,0,0,105,199,199,core
4ddh_4ddh_conf0,generation,mcf_drugs_l_raw,fixed,,mcf_drugs_l_raw_fixed,MCF drugs-L,mcf_drugs_l_raw_fixed,3,15,1000,0.7,1000,1000,0,1.0,1000,1000,0,1.0,"{""all_atoms_connected"":0,""bond_angles"":0,""bond_lengths"":0,""bonds"":0,""double_bond_stereochemistry"":0,""energy_ratio"":0,""file_loads"":0,""inchi_convertible"":0,""internal_steric_clash"":0,""molecular_formula"":0,""no_radicals"":0,""planar_aromatic_rings"":0,""planar_double_bonds"":0,""reference_file_loads"":0,""sanitisation"":0,""tetrahedral_chirality"":0}","{""all_atoms_connected"":0.0,""bond_angles"":0.0,""bond_lengths"":0.0,""bonds"":0.0,""double_bond_stereochemistry"":0.0,""energy_ratio"":0.0,""file_loads"":0.0,""inchi_convertible"":0.0,""internal_steric_clash"":0.0,""molecular_formula"":0.0,""no_radicals"":0.0,""planar_aromatic_rings"":0.0,""planar_double_bonds"":0.0,""reference_file_loads"":0.0,""sanitisation"":0.0,""tetrahedral_chirality"":0.0}",1000,115.7077225955372,0.7932785165051477,1.1499374757817502,17.0,1.7,0.8800162824530326,0.15,12.100827932466773,0.100364,0.0,3.0,0.3,0.9174245968544856,0.504,2.7398246884369026,0.39113600000000004,0.0,1.0,0.1,0.0,1.0,1.0,1.0,0.0,1.0,0.1,0.0,1.0,1.0,1.0,0.0,1000,49.501934411682484,85.08542018767963,54.98174152712119,3.9145541136997104,0.21784814622427726,0.8902778171582526,1.0,1.0,1.0,1.0,0.2603748647602045,0.8777729376368222,0.0,1.0,1.0,1.0,1000,0,0,0,0,0,1000,0,0,0,0,1000,1000,1000,core
4ddh_4ddh_conf0,generation,mcf_drugs_l_raw,dynamic,,mcf_drugs_l_raw_dynamic,MCF drugs-L,mcf_drugs_l_raw_dynamic,3,15,46,0.7,46,46,0,1.0,46,46,0,1.0,"{""all_atoms_connected"":0,""bond_angles"":0,""bond_lengths"":0,""bonds"":0,""double_bond_stereochemistry"":0,""energy_ratio"":0,""file_loads"":0,""inchi_convertible"":0,""internal_steric_clash"":0,""molecular_formula"":0,""no_radicals"":0,""planar_aromatic_rings"":0,""planar_double_bonds"":0,""reference_file_loads"":0,""sanitisation"":0,""tetrahedral_chirality"":0}","{""all_atoms_connected"":0.0,""bond_angles"":0.0,""bond_lengths"":0.0,""bonds"":0.0,""double_bond_stereochemistry"":0.0,""energy_ratio"":0.0,""file_loads"":0.0,""inchi_convertible"":0.0,""internal_steric_clash"":0.0,""molecular_formula"":0.0,""no_radicals"":0.0,""planar_aromatic_rings"":0.0,""planar_double_bonds"":0.0,""reference_file_loads"":0.0,""sanitisation"":0.0,""tetrahedral_chirality"":0.0}",46,112.7452479981201,0.7896340832910232,1.1493749029722355,12.0,26.08695652173913,0.915953353514735,0.17391304347826086,9.73822223619822,0.11625708884688092,0.25,2.0,4.3478260869565215,0.9656361333706097,0.6086956521739131,1.9529244426221104,0.5236294896030247,0.0,1.0,2.1739130434782608,0.0,1.0,1.0,1.0,0.0,1.0,2.1739130434782608,0.0,1.0,1.0,1.0,0.0,46,51.21327049489496,66.86260414673472,54.96313276571394,3.4812687446873065,0.25499070689459014,0.8996617461695343,0.0,1.0,1.0,1.0,0.31028973145724514,0.8874060997010683,0.0,1.0,1.0,1.0,1000,0,0,0,0,0,46,0,0,0,0,46,46,46,core
4ddh_4ddh_conf0,generation,mcf_drugs_l_raw,chembl_count,,mcf_drugs_l_raw_chembl_count,MCF drugs-L,mcf_drugs_l_raw_chembl_count,3,15,2,0.7,2,2,0,1.0,2,2,0,1.0,"{""all_atoms_connected"":0,""bond_angles"":0,""bond_lengths"":0,""bonds"":0,""double_bond_stereochemistry"":0,""energy_ratio"":0,""file_loads"":0,""inchi_convertible"":0,""internal_steric_clash"":0,""molecular_formula"":0,""no_radicals"":0,""planar_aromatic_rings"":0,""planar_double_bonds"":0,""reference_file_loads"":0,""sanitisation"":0,""tetrahedral_chirality"":0}","{""all_atoms_connected"":0.0,""bond_angles"":0.0,""bond_lengths"":0.0,""bonds"":0.0,""double_bond_stereochemistry"":0.0,""energy_ratio"":0.0,""file_loads"":0.0,""inchi_convertible"":0.0,""internal_steric_clash"":0.0,""molecular_formula"":0.0,""no_radicals"":0.0,""planar_aromatic_rings"":0.0,""planar_double_bonds"":0.0,""reference_file_loads"":0.0,""sanitisation"":0.0,""tetrahedral_chirality"":0.0}",2,107.2054566932528,0.492153852076756,0.492153852076756,1.0,50.0,0.0,1.0,1.0,1.0,0.0,1.0,50.0,0.0,1.0,1.0,1.0,0.0,1.0,50.0,0.0,1.0,1.0,1.0,0.0,1.0,50.0,0.0,1.0,1.0,1.0,0.0,2,51.06960744610318,53.202854256418235,52.136230851260706,1.0666234051575287,0.7844927120181696,0.8471617504549191,0.0,0.0,0.0,1.0,0.7790942797436402,0.8416345296719282,0.0,0.0,0.0,1.0,1000,0,0,0,0,0,2,0,0,0,0,2,2,2,core
4ddk_4ddk_conf0,generation,mcf_drugs_l_raw,fixed,,mcf_drugs_l_raw_fixed,MCF drugs-L,mcf_drugs_l_raw_fixed,1,12,1000,0.7,1000,1000,0,1.0,1000,1000,0,1.0,"{""all_atoms_connected"":0,""bond_angles"":0,""bond_lengths"":0,""bonds"":0,""double_bond_stereochemistry"":0,""energy_ratio"":0,""file_loads"":0,""inchi_convertible"":0,""internal_steric_clash"":0,""molecular_formula"":0,""no_radicals"":0,""planar_aromatic_rings"":0,""planar_double_bonds"":0,""reference_file_loads"":0,""sanitisation"":0,""tetrahedral_chirality"":0}","{""all_atoms_connected"":0.0,""bond_angles"":0.0,""bond_lengths"":0.0,""bonds"":0.0,""double_bond_stereochemistry"":0.0,""energy_ratio"":0.0,""file_loads"":0.0,""inchi_convertible"":0.0,""internal_steric_clash"":0.0,""molecular_formula"":0.0,""no_radicals"":0.0,""planar_aromatic_rings"":0.0,""planar_double_bonds"":0.0,""reference_file_loads"":0.0,""sanitisation"":0.0,""tetrahedral_chirality"":0.0}",1000,117.92712977608505,0.23457325086809352,0.5423144081408194,2.0,0.2,0.8568098051241517,0.719,1.811029196809077,0.5959220000000001,0.0,1.0,0.1,0.0,1.0,1.0,1.0,0.0,1.0,0.1,0.0,1.0,1.0,1.0,0.0,1.0,0.1,0.0,1.0,1.0,1.0,0.0,1000,41.433988181382865,60.76046814768497,45.54508497826873,2.9962285885573126,0.05686805009625075,0.07268246163763308,1.0,1.0,1.0,1.0,0.05417317629827768,0.07283554244717606,1.0,1.0,1.0,1.0,1000,0,0,0,0,0,1000,0,0,0,0,1000,1000,1000,core
4ddk_4ddk_conf0,generation,mcf_drugs_l_raw,dynamic,,mcf_drugs_l_raw_dynamic,MCF drugs-L,mcf_drugs_l_raw_dynamic,1,12,2,0.7,2,2,0,1.0,2,2,0,1.0,"{""all_atoms_connected"":0,""bond_angles"":0,""bond_lengths"":0,""bonds"":0,""double_bond_stereochemistry"":0,""energy_ratio"":0,""file_loads"":0,""inchi_convertible"":0,""internal_steric_clash"":0,""molecular_formula"":0,""no_radicals"":0,""planar_aromatic_rings"":0,""planar_double_bonds"":0,""reference_file_loads"":0,""sanitisation"":0,""tetrahedral_chirality"":0}","{""all_atoms_connected"":0.0,""bond_angles"":0.0,""bond_lengths"":0.0,""bonds"":0.0,""double_bond_stereochemistry"":0.0,""energy_ratio"":0.0,""file_loads"":0.0,""inchi_convertible"":0.0,""internal_steric_clash"":0.0,""molecular_formula"":0.0,""no_radicals"":0.0,""planar_aromatic_rings"":0.0,""planar_double_bonds"":0.0,""reference_file_loads"":0.0,""sanitisation"":0.0,""tetrahedral_chirality"":0.0}",2,40.64439912194188,0.5456881990546425,0.5456881990546425,2.0,100.0,1.0,0.5,2.0,0.5,1.0,1.0,50.0,0.0,1.0,1.0,1.0,0.0,1.0,50.0,0.0,1.0,1.0,1.0,0.0,1.0,50.0,0.0,1.0,1.0,1.0,0.0,2,43.92592993441798,50.03568155048565,46.980805742451814,3.0548758080338345,0.07265300088250748,0.30730690468802246,1.0,1.0,1.0,1.0,0.07073834815166131,0.3001134632061179,1.0,1.0,1.0,1.0,1000,0,0,0,0,0,2,0,0,0,0,2,2,2,core
4ddk_4ddk_conf0,generation,mcf_drugs_l_raw,chembl_count,,mcf_drugs_l_raw_chembl_count,MCF drugs-L,mcf_drugs_l_raw_chembl_count,1,12,1,0.7,1,1,0,1.0,1,1,0,1.0,"{""all_atoms_connected"":0,""bond_angles"":0,""bond_lengths"":0,""bonds"":0,""double_bond_stereochemistry"":0,""energy_ratio"":0,""file_loads"":0,""inchi_convertible"":0,""internal_steric_clash"":0,""molecular_formula"":0,""no_radicals"":0,""planar_aromatic_rings"":0,""planar_double_bonds"":0,""reference_file_loads"":0,""sanitisation"":0,""tetrahedral_chirality"":0}","{""all_atoms_connected"":0.0,""bond_angles"":0.0,""bond_lengths"":0.0,""bonds"":0.0,""double_bond_stereochemistry"":0.0,""energy_ratio"":0.0,""file_loads"":0.0,""inchi_convertible"":0.0,""internal_steric_clash"":0.0,""molecular_formula"":0.0,""no_radicals"":0.0,""planar_aromatic_rings"":0.0,""planar_double_bonds"":0.0,""reference_file_loads"":0.0,""sanitisation"":0.0,""tetrahedral_chirality"":0.0}",1,0.0,,,1.0,100.0,0.0,1.0,1.0,1.0,1.0,1.0,100.0,0.0,1.0,1.0,1.0,1.0,1.0,100.0,0.0,1.0,1.0,1.0,1.0,1.0,100.0,0.0,1.0,1.0,1.0,1.0,1,43.81724882641339,43.81724882641339,43.81724882641339,0.0,0.0681415403646081,0.0681415403646081,1.0,1.0,1.0,1.0,0.06403570212566477,0.06403570212566477,1.0,1.0,1.0,1.0,1000,0,0,0,0,0,1,0,0,0,0,1,1,1,core
4eor_4eor_conf0,generation,mcf_drugs_l_raw,fixed,,mcf_drugs_l_raw_fixed,MCF drugs-L,mcf_drugs_l_raw_fixed,7,28,999,0.7,999,999,0,1.0,1000,999,1,0.999,"{""all_atoms_connected"":0,""bond_angles"":0,""bond_lengths"":1,""bonds"":0,""double_bond_stereochemistry"":0,""energy_ratio"":0,""file_loads"":0,""inchi_convertible"":0,""internal_steric_clash"":0,""molecular_formula"":0,""no_radicals"":0,""planar_aromatic_rings"":0,""planar_double_bonds"":0,""reference_file_loads"":0,""sanitisation"":0,""tetrahedral_chirality"":0}","{""all_atoms_connected"":0.0,""bond_angles"":0.0,""bond_lengths"":0.001,""bonds"":0.0,""double_bond_stereochemistry"":0.0,""energy_ratio"":0.0,""file_loads"":0.0,""inchi_convertible"":0.0,""internal_steric_clash"":0.0,""molecular_formula"":0.0,""no_radicals"":0.0,""planar_aromatic_rings"":0.0,""planar_double_bonds"":0.0,""reference_file_loads"":0.0,""sanitisation"":0.0,""tetrahedral_chirality"":0.0}",999,99.86278743739557,1.6603230896949912,2.5267783655448484,146.0,14.614614614614615,0.8939775603797245,0.04604604604604605,86.07616032829907,0.016830644458272086,0.23972602739726026,22.0,2.2022022022022023,0.9058611990071963,0.11711711711711711,16.445558207704728,0.07312317322327333,0.0,3.0,0.3003003003003003,0.9767794034820774,0.38738738738738737,2.924436627012545,0.349291233175117,0.0,2.0,0.2002002002002002,0.8816576743327643,0.6996996996996997,1.8424911304132507,0.5797599401203005,0.0,999,-76.82161589392916,345.85776264878393,-70.30716385486483,13.548078502787456,0.5169425921502527,1.2917096129832466,0.0,0.0,1.0,1.0,0.5810748746668354,1.351839266279082,0.0,0.0,1.0,1.0,1000,0,0,0,0,0,1000,0,0,0,0,999,1000,1000,core
4eor_4eor_conf0,generation,mcf_drugs_l_raw,dynamic,,mcf_drugs_l_raw_dynamic,MCF drugs-L,mcf_drugs_l_raw_dynamic,7,28,134,0.7,134,134,0,1.0,134,134,0,1.0,"{""all_atoms_connected"":0,""bond_angles"":0,""bond_lengths"":0,""bonds"":0,""double_bond_stereochemistry"":0,""energy_ratio"":0,""file_loads"":0,""inchi_convertible"":0,""internal_steric_clash"":0,""molecular_formula"":0,""no_radicals"":0,""planar_aromatic_rings"":0,""planar_double_bonds"":0,""reference_file_loads"":0,""sanitisation"":0,""tetrahedral_chirality"":0}","{""all_atoms_connected"":0.0,""bond_angles"":0.0,""bond_lengths"":0.0,""bonds"":0.0,""double_bond_stereochemistry"":0.0,""energy_ratio"":0.0,""file_loads"":0.0,""inchi_convertible"":0.0,""internal_steric_clash"":0.0,""molecular_formula"":0.0,""no_radicals"":0.0,""planar_aromatic_rings"":0.0,""planar_double_bonds"":0.0,""reference_file_loads"":0.0,""sanitisation"":0.0,""tetrahedral_chirality"":0.0}",134,99.84138868702266,1.7443305031101606,2.8092257776324514,65.0,48.507462686567166,0.9525480816358616,0.04477611940298507,53.31963159386387,0.022499443083092,0.49230769230769234,17.0,12.686567164179104,0.9333238104514092,0.13432835820895522,14.073667161604163,0.07997326798841613,0.058823529411764705,3.0,2.2388059701492535,0.9585909209973545,0.43283582089552236,2.866580240899295,0.361661840053464,0.0,2.0,1.492537313432836,0.995978956518722,0.5373134328358209,1.9944334112280806,0.5027845845399866,0.0,134,-76.82161589392916,-56.5420583351442,-70.14183506299736,3.5676173719102415,0.7799010951369354,1.3046800039201356,0.0,0.0,0.0,1.0,0.803277358210152,1.3664488032681328,0.0,0.0,0.0,1.0,1000,0,0,0,0,0,134,0,0,0,0,134,134,134,core
4eor_4eor_conf0,generation,mcf_drugs_l_raw,chembl_count,,mcf_drugs_l_raw_chembl_count,MCF drugs-L,mcf_drugs_l_raw_chembl_count,7,28,200,0.7,200,200,0,1.0,200,200,0,1.0,"{""all_atoms_connected"":0,""bond_angles"":0,""bond_lengths"":0,""bonds"":0,""double_bond_stereochemistry"":0,""energy_ratio"":0,""file_loads"":0,""inchi_convertible"":0,""internal_steric_clash"":0,""molecular_formula"":0,""no_radicals"":0,""planar_aromatic_rings"":0,""planar_double_bonds"":0,""reference_file_loads"":0,""sanitisation"":0,""tetrahedral_chirality"":0}","{""all_atoms_connected"":0.0,""bond_angles"":0.0,""bond_lengths"":0.0,""bonds"":0.0,""double_bond_stereochemistry"":0.0,""energy_ratio"":0.0,""file_loads"":0.0,""inchi_convertible"":0.0,""internal_steric_clash"":0.0,""molecular_formula"":0.0,""no_radicals"":0.0,""planar_aromatic_rings"":0.0,""planar_double_bonds"":0.0,""reference_file_loads"":0.0,""sanitisation"":0.0,""tetrahedral_chirality"":0.0}",200,101.81323884608845,1.8418610434240006,2.8381020759679303,82.0,41.0,0.9411208903663575,0.06,63.26014699758435,0.020600000000000004,0.4024390243902439,18.0,9.0,0.9325055222792671,0.12,14.80977781313846,0.07615000000000001,0.0,3.0,1.5,0.9864598740814575,0.385,2.9557042281502186,0.34285,0.0,2.0,1.0,0.9340680553754911,0.65,1.9106560008522477,0.545,0.0,200,-75.90170300808673,-51.98983468594108,-69.46813747186702,3.427894200781006,0.8068027952391,1.34163466220215,0.0,0.0,0.0,1.0,0.8318617971722336,1.3974048092232465,0.0,0.0,0.0,1.0,1000,0,0,0,0,0,200,0,0,0,0,200,200,200,core
4f09_4f09_conf0,generation,mcf_drugs_l_raw,fixed,,mcf_drugs_l_raw_fixed,MCF drugs-L,mcf_drugs_l_raw_fixed,1,19,1000,0.7,1000,1000,0,1.0,1000,1000,0,1.0,"{""all_atoms_connected"":0,""bond_angles"":0,""bond_lengths"":0,""bonds"":0,""double_bond_stereochemistry"":0,""energy_ratio"":0,""file_loads"":0,""inchi_convertible"":0,""internal_steric_clash"":0,""molecular_formula"":0,""no_radicals"":0,""planar_aromatic_rings"":0,""planar_double_bonds"":0,""reference_file_loads"":0,""sanitisation"":0,""tetrahedral_chirality"":0}","{""all_atoms_connected"":0.0,""bond_angles"":0.0,""bond_lengths"":0.0,""bonds"":0.0,""double_bond_stereochemistry"":0.0,""energy_ratio"":0.0,""file_loads"":0.0,""inchi_convertible"":0.0,""internal_steric_clash"":0.0,""molecular_formula"":0.0,""no_radicals"":0.0,""planar_aromatic_rings"":0.0,""planar_double_bonds"":0.0,""reference_file_loads"":0.0,""sanitisation"":0.0,""tetrahedral_chirality"":0.0}",1000,96.70499210821671,0.6165891670550379,1.0721654023417617,13.0,1.3,0.6660025678457792,0.373,5.51936522642544,0.26103999999999994,0.07692307692307693,3.0,0.3,0.548093871173927,0.817,1.826027171159896,0.6843459999999998,0.0,1.0,0.1,0.0,1.0,1.0,1.0,0.0,1.0,0.1,0.0,1.0,1.0,1.0,0.0,1000,66.46908608874807,125.71441789409414,74.00908850238721,8.09304067572754,0.15197261248136185,0.36576754450975035,1.0,1.0,1.0,1.0,0.08044665843872614,0.4713187372341315,1.0,1.0,1.0,1.0,1000,0,0,0,0,0,1000,0,0,0,0,1000,1000,1000,core
4f09_4f09_conf0,generation,mcf_drugs_l_raw,dynamic,,mcf_drugs_l_raw_dynamic,MCF drugs-L,mcf_drugs_l_raw_dynamic,1,19,2,0.7,2,2,0,1.0,2,2,0,1.0,"{""all_atoms_connected"":0,""bond_angles"":0,""bond_lengths"":0,""bonds"":0,""double_bond_stereochemistry"":0,""energy_ratio"":0,""file_loads"":0,""inchi_convertible"":0,""internal_steric_clash"":0,""molecular_formula"":0,""no_radicals"":0,""planar_aromatic_rings"":0,""planar_double_bonds"":0,""reference_file_loads"":0,""sanitisation"":0,""tetrahedral_chirality"":0}","{""all_atoms_connected"":0.0,""bond_angles"":0.0,""bond_lengths"":0.0,""bonds"":0.0,""double_bond_stereochemistry"":0.0,""energy_ratio"":0.0,""file_loads"":0.0,""inchi_convertible"":0.0,""internal_steric_clash"":0.0,""molecular_formula"":0.0,""no_radicals"":0.0,""planar_aromatic_rings"":0.0,""planar_double_bonds"":0.0,""reference_file_loads"":0.0,""sanitisation"":0.0,""tetrahedral_chirality"":0.0}",2,37.77327405211797,0.8621016932559923,0.8621016932559923,2.0,100.0,1.0,0.5,2.0,0.5,1.0,1.0,50.0,0.0,1.0,1.0,1.0,0.0,1.0,50.0,0.0,1.0,1.0,1.0,0.0,1.0,50.0,0.0,1.0,1.0,1.0,0.0,2,81.02109256085731,93.80651007323821,87.41380131704776,6.392708756190451,0.23579148038983339,0.5328611235103868,1.0,1.0,1.0,1.0,0.2853407082041703,0.5395251950225419,0.0,1.0,1.0,1.0,1000,0,0,0,0,0,2,0,0,0,0,2,2,2,core
4f09_4f09_conf0,generation,mcf_drugs_l_raw,chembl_count,,mcf_drugs_l_raw_chembl_count,MCF drugs-L,mcf_drugs_l_raw_chembl_count,1,19,2,0.7,2,2,0,1.0,2,2,0,1.0,"{""all_atoms_connected"":0,""bond_angles"":0,""bond_lengths"":0,""bonds"":0,""double_bond_stereochemistry"":0,""energy_ratio"":0,""file_loads"":0,""inchi_convertible"":0,""internal_steric_clash"":0,""molecular_formula"":0,""no_radicals"":0,""planar_aromatic_rings"":0,""planar_double_bonds"":0,""reference_file_loads"":0,""sanitisation"":0,""tetrahedral_chirality"":0}","{""all_atoms_connected"":0.0,""bond_angles"":0.0,""bond_lengths"":0.0,""bonds"":0.0,""double_bond_stereochemistry"":0.0,""energy_ratio"":0.0,""file_loads"":0.0,""inchi_convertible"":0.0,""internal_steric_clash"":0.0,""molecular_formula"":0.0,""no_radicals"":0.0,""planar_aromatic_rings"":0.0,""planar_double_bonds"":0.0,""reference_file_loads"":0.0,""sanitisation"":0.0,""tetrahedral_chirality"":0.0}",2,0.28585851544957386,0.2847877624140384,0.2847877624140384,1.0,50.0,0.0,1.0,1.0,1.0,0.0,1.0,50.0,0.0,1.0,1.0,1.0,0.0,1.0,50.0,0.0,1.0,1.0,1.0,0.0,1.0,50.0,0.0,1.0,1.0,1.0,0.0,2,71.95483259180253,76.75456748976174,74.35470004078213,2.399867448979606,0.1966782496664344,0.21277618761576406,1.0,1.0,1.0,1.0,0.0910647031345027,0.18962846565327285,1.0,1.0,1.0,1.0,1000,0,0,0,0,0,2,0,0,0,0,2,2,2,core
4f2w_4f2w_conf0,generation,mcf_drugs_l_raw,fixed,,mcf_drugs_l_raw_fixed,MCF drugs-L,mcf_drugs_l_raw_fixed,6,20,231,0.7,231,231,0,1.0,1000,231,769,0.231,"{""all_atoms_connected"":0,""bond_angles"":0,""bond_lengths"":0,""bonds"":0,""double_bond_stereochemistry"":0,""energy_ratio"":2,""file_loads"":0,""inchi_convertible"":0,""internal_steric_clash"":0,""molecular_formula"":0,""no_radicals"":0,""planar_aromatic_rings"":0,""planar_double_bonds"":0,""reference_file_loads"":0,""sanitisation"":0,""tetrahedral_chirality"":768}","{""all_atoms_connected"":0.0,""bond_angles"":0.0,""bond_lengths"":0.0,""bonds"":0.0,""double_bond_stereochemistry"":0.0,""energy_ratio"":0.002,""file_loads"":0.0,""inchi_convertible"":0.0,""internal_steric_clash"":0.0,""molecular_formula"":0.0,""no_radicals"":0.0,""planar_aromatic_rings"":0.0,""planar_double_bonds"":0.0,""reference_file_loads"":0.0,""sanitisation"":0.0,""tetrahedral_chirality"":0.768}",231,126.09928004865358,1.4922686391266466,2.196874626757677,90.0,38.96103896103896,0.9190120687282222,0.06060606060606061,62.513303745161224,0.022694477239931787,0.5111111111111111,20.0,8.658008658008658,0.795794399011061,0.24242424242424243,10.848067616151601,0.12632821723730817,0.2,2.0,0.8658008658008658,0.9869696813343327,0.5670995670995671,1.9820174734033806,0.5090047038098986,0.0,1.0,0.4329004329004329,0.0,1.0,1.0,1.0,0.0,231,-35.8618557279134,60.85010593815605,-27.92634378964202,7.288655333554315,0.8869499938058343,2.054592341392302,0.0,0.0,0.0,1.0,0.8679594040539783,2.0659214741576886,0.0,0.0,0.0,1.0,1000,0,0,0,0,0,1000,0,0,0,0,231,1000,1000,core
4f2w_4f2w_conf0,generation,mcf_drugs_l_raw,dynamic,,mcf_drugs_l_raw_dynamic,MCF drugs-L,mcf_drugs_l_raw_dynamic,6,20,24,0.7,24,24,0,1.0,112,24,88,0.2142857142857142,"{""all_atoms_connected"":0,""bond_angles"":0,""bond_lengths"":0,""bonds"":0,""double_bond_stereochemistry"":0,""energy_ratio"":0,""file_loads"":0,""inchi_convertible"":0,""internal_steric_clash"":0,""molecular_formula"":0,""no_radicals"":0,""planar_aromatic_rings"":0,""planar_double_bonds"":0,""reference_file_loads"":0,""sanitisation"":0,""tetrahedral_chirality"":88}","{""all_atoms_connected"":0.0,""bond_angles"":0.0,""bond_lengths"":0.0,""bonds"":0.0,""double_bond_stereochemistry"":0.0,""energy_ratio"":0.0,""file_loads"":0.0,""inchi_convertible"":0.0,""internal_steric_clash"":0.0,""molecular_formula"":0.0,""no_radicals"":0.0,""planar_aromatic_rings"":0.0,""planar_double_bonds"":0.0,""reference_file_loads"":0.0,""sanitisation"":0.0,""tetrahedral_chirality"":0.7857142857142857}",24,124.70855017068354,1.4661466444074498,2.146955930950483,17.0,70.83333333333333,0.9636104421039892,0.125,15.334634501910543,0.07291666666666666,0.7058823529411765,9.0,37.5,0.8777544034701635,0.2916666666666667,6.880033686106913,0.17708333333333331,0.4444444444444444,2.0,8.333333333333334,0.7382848661434506,0.7916666666666666,1.6681914464799614,0.6701388888888888,0.0,1.0,4.166666666666667,0.0,1.0,1.0,1.0,0.0,24,-35.8618557279134,-21.744049109235227,-27.88668137359751,4.136559416682382,0.9199491106529436,2.092524569361153,0.0,0.0,0.0,1.0,0.8701756820045126,2.091376163783387,0.0,0.0,0.0,1.0,1000,0,0,0,0,0,112,0,0,0,0,24,112,112,core
4f2w_4f2w_conf0,generation,mcf_drugs_l_raw,chembl_count,,mcf_drugs_l_raw_chembl_count,MCF drugs-L,mcf_drugs_l_raw_chembl_count,6,20,186,0.7,186,186,0,1.0,800,186,614,0.2325,"{""all_atoms_connected"":0,""bond_angles"":0,""bond_lengths"":0,""bonds"":0,""double_bond_stereochemistry"":0,""energy_ratio"":2,""file_loads"":0,""inchi_convertible"":0,""internal_steric_clash"":0,""molecular_formula"":0,""no_radicals"":0,""planar_aromatic_rings"":0,""planar_double_bonds"":0,""reference_file_loads"":0,""sanitisation"":0,""tetrahedral_chirality"":613}","{""all_atoms_connected"":0.0,""bond_angles"":0.0,""bond_lengths"":0.0,""bonds"":0.0,""double_bond_stereochemistry"":0.0,""energy_ratio"":0.0025,""file_loads"":0.0,""inchi_convertible"":0.0,""internal_steric_clash"":0.0,""molecular_formula"":0.0,""no_radicals"":0.0,""planar_aromatic_rings"":0.0,""planar_double_bonds"":0.0,""reference_file_loads"":0.0,""sanitisation"":0.0,""tetrahedral_chirality"":0.76625}",186,125.9308961766167,1.5042090126603092,2.1882530821344575,86.0,46.236559139784944,0.9295747031607506,0.05913978494623656,62.84356641587836,0.021794427101399012,0.5813953488372093,18.0,9.67741935483871,0.8139737797324056,0.24731182795698925,10.513780493199809,0.12851196670135276,0.16666666666666666,2.0,1.075268817204301,0.989884644089986,0.5591397849462365,1.9860261846046647,0.5069950283269742,0.0,1.0,0.5376344086021505,0.0,1.0,1.0,1.0,0.0,186,-35.8618557279134,60.85010593815605,-27.84156653876632,7.821484956257059,0.8869499938058343,2.053191390996996,0.0,0.0,0.0,1.0,0.8679594040539783,2.062209546220551,0.0,0.0,0.0,1.0,1000,0,0,0,0,0,800,0,0,0,0,186,800,800,core
4f9w_4f9w_conf0,generation,mcf_drugs_l_raw,fixed,,mcf_drugs_l_raw_fixed,MCF drugs-L,mcf_drugs_l_raw_fixed,3,25,1000,0.7,1000,1000,0,1.0,1000,1000,0,1.0,"{""all_atoms_connected"":0,""bond_angles"":0,""bond_lengths"":0,""bonds"":0,""double_bond_stereochemistry"":0,""energy_ratio"":0,""file_loads"":0,""inchi_convertible"":0,""internal_steric_clash"":0,""molecular_formula"":0,""no_radicals"":0,""planar_aromatic_rings"":0,""planar_double_bonds"":0,""reference_file_loads"":0,""sanitisation"":0,""tetrahedral_chirality"":0}","{""all_atoms_connected"":0.0,""bond_angles"":0.0,""bond_lengths"":0.0,""bonds"":0.0,""double_bond_stereochemistry"":0.0,""energy_ratio"":0.0,""file_loads"":0.0,""inchi_convertible"":0.0,""internal_steric_clash"":0.0,""molecular_formula"":0.0,""no_radicals"":0.0,""planar_aromatic_rings"":0.0,""planar_double_bonds"":0.0,""reference_file_loads"":0.0,""sanitisation"":0.0,""tetrahedral_chirality"":0.0}",1000,109.67556013575684,1.008077271231686,1.5281989378901153,11.0,1.1,0.7297364782072344,0.24,5.753633978713246,0.1992,0.09090909090909091,3.0,0.3,0.9584459278645122,0.474,2.8661236561512324,0.36481399999999997,0.0,1.0,0.1,0.0,1.0,1.0,1.0,0.0,1.0,0.1,0.0,1.0,1.0,1.0,0.0,1000,91.96849078242013,105.28916934640421,95.30756823666626,1.5573269022716665,0.18297061487880992,1.268290201062332,1.0,1.0,1.0,1.0,0.234935522609539,1.256331983486826,1.0,1.0,1.0,1.0,1000,0,0,0,0,0,1000,0,0,0,0,1000,1000,1000,core
4f9w_4f9w_conf0,generation,mcf_drugs_l_raw,dynamic,,mcf_drugs_l_raw_dynamic,MCF drugs-L,mcf_drugs_l_raw_dynamic,3,25,46,0.7,46,46,0,1.0,46,46,0,1.0,"{""all_atoms_connected"":0,""bond_angles"":0,""bond_lengths"":0,""bonds"":0,""double_bond_stereochemistry"":0,""energy_ratio"":0,""file_loads"":0,""inchi_convertible"":0,""internal_steric_clash"":0,""molecular_formula"":0,""no_radicals"":0,""planar_aromatic_rings"":0,""planar_double_bonds"":0,""reference_file_loads"":0,""sanitisation"":0,""tetrahedral_chirality"":0}","{""all_atoms_connected"":0.0,""bond_angles"":0.0,""bond_lengths"":0.0,""bonds"":0.0,""double_bond_stereochemistry"":0.0,""energy_ratio"":0.0,""file_loads"":0.0,""inchi_convertible"":0.0,""internal_steric_clash"":0.0,""molecular_formula"":0.0,""no_radicals"":0.0,""planar_aromatic_rings"":0.0,""planar_double_bonds"":0.0,""reference_file_loads"":0.0,""sanitisation"":0.0,""tetrahedral_chirality"":0.0}",46,114.09921345768882,0.9878004244093839,1.5308385026105982,7.0,15.217391304347826,0.8438032810786799,0.30434782608695654,5.16531128267876,0.22117202268431005,0.2857142857142857,3.0,6.521739130434782,0.9703599343920261,0.391304347826087,2.9038845723355884,0.3534971644612477,0.0,1.0,2.1739130434782608,0.0,1.0,1.0,1.0,0.0,1.0,2.1739130434782608,0.0,1.0,1.0,1.0,0.0,46,92.943294196017,101.37311762351982,94.98205883954796,1.4919904561845492,0.19732878466226877,1.1908463193436931,1.0,1.0,1.0,1.0,0.24833374844233747,1.192897313702931,1.0,1.0,1.0,1.0,1000,0,0,0,0,0,46,0,0,0,0,46,46,46,core
4f9w_4f9w_conf0,generation,mcf_drugs_l_raw,chembl_count,,mcf_drugs_l_raw_chembl_count,MCF drugs-L,mcf_drugs_l_raw_chembl_count,3,25,4,0.7,4,4,0,1.0,4,4,0,1.0,"{""all_atoms_connected"":0,""bond_angles"":0,""bond_lengths"":0,""bonds"":0,""double_bond_stereochemistry"":0,""energy_ratio"":0,""file_loads"":0,""inchi_convertible"":0,""internal_steric_clash"":0,""molecular_formula"":0,""no_radicals"":0,""planar_aromatic_rings"":0,""planar_double_bonds"":0,""reference_file_loads"":0,""sanitisation"":0,""tetrahedral_chirality"":0}","{""all_atoms_connected"":0.0,""bond_angles"":0.0,""bond_lengths"":0.0,""bonds"":0.0,""double_bond_stereochemistry"":0.0,""energy_ratio"":0.0,""file_loads"":0.0,""inchi_convertible"":0.0,""internal_steric_clash"":0.0,""molecular_formula"":0.0,""no_radicals"":0.0,""planar_aromatic_rings"":0.0,""planar_double_bonds"":0.0,""reference_file_loads"":0.0,""sanitisation"":0.0,""tetrahedral_chirality"":0.0}",4,92.79879249594792,1.0276154036069338,1.5318529028139958,2.0,50.0,1.0,0.5,2.0,0.5,0.0,2.0,50.0,1.0,0.5,2.0,0.5,0.0,1.0,25.0,0.0,1.0,1.0,1.0,0.0,1.0,25.0,0.0,1.0,1.0,1.0,0.0,4,94.51324600713707,95.91098935925217,95.71058019005434,0.5699117048741158,0.1925084963039625,0.8660439593976268,1.0,1.0,1.0,1.0,0.245426122948035,0.8973364102998292,1.0,1.0,1.0,1.0,1000,0,0,0,0,0,4,0,0,0,0,4,4,4,core
4hge_4hge_conf0,generation,mcf_drugs_l_raw,fixed,,mcf_drugs_l_raw_fixed,MCF drugs-L,mcf_drugs_l_raw_fixed,3,25,562,0.7,562,439,123,0.7811387900355872,1000,562,438,0.562,"{""all_atoms_connected"":0,""bond_angles"":4,""bond_lengths"":4,""bonds"":0,""double_bond_stereochemistry"":0,""energy_ratio"":3,""file_loads"":0,""inchi_convertible"":0,""internal_steric_clash"":438,""molecular_formula"":0,""no_radicals"":0,""planar_aromatic_rings"":2,""planar_double_bonds"":0,""reference_file_loads"":0,""sanitisation"":0,""tetrahedral_chirality"":0}","{""all_atoms_connected"":0.0,""bond_angles"":0.004,""bond_lengths"":0.004,""bonds"":0.0,""double_bond_stereochemistry"":0.0,""energy_ratio"":0.003,""file_loads"":0.0,""inchi_convertible"":0.0,""internal_steric_clash"":0.438,""molecular_formula"":0.0,""no_radicals"":0.0,""planar_aromatic_rings"":0.002,""planar_double_bonds"":0.0,""reference_file_loads"":0.0,""sanitisation"":0.0,""tetrahedral_chirality"":0.0}",562,116.81416409595167,2.179798004528652,2.921372838547577,60.0,10.676156583629894,0.8398221386846507,0.0800711743772242,31.140873188784234,0.0433505148111093,0.3,38.0,6.761565836298932,0.8384962914748754,0.11743772241992882,21.11750895870835,0.05928243056698877,0.23684210526315788,9.0,1.601423487544484,0.7720207929932387,0.28647686832740216,5.453747900981062,0.2119400716809564,0.1111111111111111,2.0,0.35587188612099646,0.7772039573627915,0.7704626334519573,1.713806177425803,0.6463000721875356,0.0,562,97.52761237002261,1290154.3290025443,121.27555017512462,54368.38629695592,0.2039141886689025,2.0829048004652853,1.0,1.0,1.0,1.0,0.20690910820145805,2.0678484682506157,1.0,1.0,1.0,1.0,1000,0,0,0,0,0,1000,0,0,0,0,562,1000,1000,core
4hge_4hge_conf0,generation,mcf_drugs_l_raw,dynamic,,mcf_drugs_l_raw_dynamic,MCF drugs-L,mcf_drugs_l_raw_dynamic,3,25,16,0.7,16,14,2,0.875,46,16,30,0.3478260869565217,"{""all_atoms_connected"":0,""bond_angles"":0,""bond_lengths"":0,""bonds"":0,""double_bond_stereochemistry"":0,""energy_ratio"":0,""file_loads"":0,""inchi_convertible"":0,""internal_steric_clash"":30,""molecular_formula"":0,""no_radicals"":0,""planar_aromatic_rings"":0,""planar_double_bonds"":0,""reference_file_loads"":0,""sanitisation"":0,""tetrahedral_chirality"":0}","{""all_atoms_connected"":0.0,""bond_angles"":0.0,""bond_lengths"":0.0,""bonds"":0.0,""double_bond_stereochemistry"":0.0,""energy_ratio"":0.0,""file_loads"":0.0,""inchi_convertible"":0.0,""internal_steric_clash"":0.6521739130434783,""molecular_formula"":0.0,""no_radicals"":0.0,""planar_aromatic_rings"":0.0,""planar_double_bonds"":0.0,""reference_file_loads"":0.0,""sanitisation"":0.0,""tetrahedral_chirality"":0.0}",16,111.99043439925958,2.1430563155355533,2.786718750203501,13.0,81.25,0.9796133097990339,0.125,12.337686603263522,0.0859375,0.7692307692307693,12.0,75.0,0.9763003097789544,0.125,11.31370849898476,0.09375,0.6666666666666666,5.0,31.25,0.8839297342362055,0.4375,4.148015496294372,0.28125,0.2,1.0,6.25,0.0,1.0,1.0,1.0,0.0,16,98.68236089584084,137.22059817400594,117.39978218624493,12.910442970448093,0.23889225645695777,2.0998160795945777,1.0,1.0,1.0,1.0,0.238050630746226,2.094703256171562,1.0,1.0,1.0,1.0,1000,0,0,0,0,0,46,0,0,0,0,16,46,46,core
4hge_4hge_conf0,generation,mcf_drugs_l_raw,chembl_count,,mcf_drugs_l_raw_chembl_count,MCF drugs-L,mcf_drugs_l_raw_chembl_count,3,25,18,0.7,18,15,3,0.8333333333333334,36,18,18,0.5,"{""all_atoms_connected"":0,""bond_angles"":0,""bond_lengths"":0,""bonds"":0,""double_bond_stereochemistry"":0,""energy_ratio"":0,""file_loads"":0,""inchi_convertible"":0,""internal_steric_clash"":18,""molecular_formula"":0,""no_radicals"":0,""planar_aromatic_rings"":0,""planar_double_bonds"":0,""reference_file_loads"":0,""sanitisation"":0,""tetrahedral_chirality"":0}","{""all_atoms_connected"":0.0,""bond_angles"":0.0,""bond_lengths"":0.0,""bonds"":0.0,""double_bond_stereochemistry"":0.0,""energy_ratio"":0.0,""file_loads"":0.0,""inchi_convertible"":0.0,""internal_steric_clash"":0.5,""molecular_formula"":0.0,""no_radicals"":0.0,""planar_aromatic_rings"":0.0,""planar_double_bonds"":0.0,""reference_file_loads"":0.0,""sanitisation"":0.0,""tetrahedral_chirality"":0.0}",18,108.47599286709249,1.9365333719294675,2.630067270246545,11.0,61.111111111111114,0.9684275911253817,0.16666666666666666,10.19796247320454,0.10493827160493827,0.45454545454545453,11.0,61.111111111111114,0.9684275911253817,0.16666666666666666,10.19796247320454,0.10493827160493827,0.45454545454545453,4.0,22.22222222222222,0.9535998353544739,0.3333333333333333,3.7508034655661273,0.2777777777777778,0.0,1.0,5.555555555555555,0.0,1.0,1.0,1.0,0.0,18,99.25980347452936,136.32782352565283,114.75491173117122,11.330252501892321,0.9291343935943693,2.0872451342510883,0.0,0.0,0.0,1.0,0.9345635619072111,2.0621527811232543,0.0,0.0,0.0,1.0,1000,0,0,0,0,0,36,0,0,0,0,18,36,36,core
4j21_4j21_conf0,generation,mcf_drugs_l_raw,fixed,,mcf_drugs_l_raw_fixed,MCF drugs-L,mcf_drugs_l_raw_fixed,2,20,1000,0.7,1000,1000,0,1.0,1000,1000,0,1.0,"{""all_atoms_connected"":0,""bond_angles"":0,""bond_lengths"":0,""bonds"":0,""double_bond_stereochemistry"":0,""energy_ratio"":0,""file_loads"":0,""inchi_convertible"":0,""internal_steric_clash"":0,""molecular_formula"":0,""no_radicals"":0,""planar_aromatic_rings"":0,""planar_double_bonds"":0,""reference_file_loads"":0,""sanitisation"":0,""tetrahedral_chirality"":0}","{""all_atoms_connected"":0.0,""bond_angles"":0.0,""bond_lengths"":0.0,""bonds"":0.0,""double_bond_stereochemistry"":0.0,""energy_ratio"":0.0,""file_loads"":0.0,""inchi_convertible"":0.0,""internal_steric_clash"":0.0,""molecular_formula"":0.0,""no_radicals"":0.0,""planar_aromatic_rings"":0.0,""planar_double_bonds"":0.0,""reference_file_loads"":0.0,""sanitisation"":0.0,""tetrahedral_chirality"":0.0}",1000,106.08108184727159,0.9083506483061565,1.598702846431898,5.0,0.5,0.8628266697857145,0.272,4.009497630175464,0.25155599999999995,0.2,2.0,0.2,0.9998153271549208,0.508,1.999744005460914,0.500128,0.0,1.0,0.1,0.0,1.0,1.0,1.0,0.0,1.0,0.1,0.0,1.0,1.0,1.0,0.0,1000,26.07640960646084,44.399042670592955,28.775848717025927,1.0461042197714492,0.07022243683983521,1.1760028527378812,1.0,1.0,1.0,1.0,0.08151137119781546,1.1828032648844709,1.0,1.0,1.0,1.0,1000,0,0,0,0,0,1000,0,0,0,0,1000,1000,1000,core
4j21_4j21_conf0,generation,mcf_drugs_l_raw,dynamic,,mcf_drugs_l_raw_dynamic,MCF drugs-L,mcf_drugs_l_raw_dynamic,2,20,24,0.7,24,24,0,1.0,24,24,0,1.0,"{""all_atoms_connected"":0,""bond_angles"":0,""bond_lengths"":0,""bonds"":0,""double_bond_stereochemistry"":0,""energy_ratio"":0,""file_loads"":0,""inchi_convertible"":0,""internal_steric_clash"":0,""molecular_formula"":0,""no_radicals"":0,""planar_aromatic_rings"":0,""planar_double_bonds"":0,""reference_file_loads"":0,""sanitisation"":0,""tetrahedral_chirality"":0}","{""all_atoms_connected"":0.0,""bond_angles"":0.0,""bond_lengths"":0.0,""bonds"":0.0,""double_bond_stereochemistry"":0.0,""energy_ratio"":0.0,""file_loads"":0.0,""inchi_convertible"":0.0,""internal_steric_clash"":0.0,""molecular_formula"":0.0,""no_radicals"":0.0,""planar_aromatic_rings"":0.0,""planar_double_bonds"":0.0,""reference_file_loads"":0.0,""sanitisation"":0.0,""tetrahedral_chirality"":0.0}",24,99.43768772480564,0.9091706195455531,1.5979775577449047,4.0,16.666666666666668,0.9838824188369658,0.2916666666666667,3.9116162401469263,0.2604166666666667,0.0,2.0,8.333333333333334,0.99498482818597,0.5416666666666666,1.9930595659329764,0.5034722222222221,0.0,1.0,4.166666666666667,0.0,1.0,1.0,1.0,0.0,1.0,4.166666666666667,0.0,1.0,1.0,1.0,0.0,24,27.23754634502462,30.95937802707975,28.327675018827257,1.007544613568083,0.07419667007569457,1.1798122960496542,1.0,1.0,1.0,1.0,0.08674662695708667,1.187206594132972,1.0,1.0,1.0,1.0,1000,0,0,0,0,0,24,0,0,0,0,24,24,24,core
4j21_4j21_conf0,generation,mcf_drugs_l_raw,chembl_count,,mcf_drugs_l_raw_chembl_count,MCF drugs-L,mcf_drugs_l_raw_chembl_count,2,20,3,0.7,3,3,0,1.0,3,3,0,1.0,"{""all_atoms_connected"":0,""bond_angles"":0,""bond_lengths"":0,""bonds"":0,""double_bond_stereochemistry"":0,""energy_ratio"":0,""file_loads"":0,""inchi_convertible"":0,""internal_steric_clash"":0,""molecular_formula"":0,""no_radicals"":0,""planar_aromatic_rings"":0,""planar_double_bonds"":0,""reference_file_loads"":0,""sanitisation"":0,""tetrahedral_chirality"":0}","{""all_atoms_connected"":0.0,""bond_angles"":0.0,""bond_lengths"":0.0,""bonds"":0.0,""double_bond_stereochemistry"":0.0,""energy_ratio"":0.0,""file_loads"":0.0,""inchi_convertible"":0.0,""internal_steric_clash"":0.0,""molecular_formula"":0.0,""no_radicals"":0.0,""planar_aromatic_rings"":0.0,""planar_double_bonds"":0.0,""reference_file_loads"":0.0,""sanitisation"":0.0,""tetrahedral_chirality"":0.0}",3,61.76502508012239,0.9987170601918471,1.3820233195878,2.0,66.66666666666667,0.9182958340544894,0.6666666666666666,1.8898815748423097,0.5555555555555556,0.5,2.0,66.66666666666667,0.9182958340544894,0.6666666666666666,1.8898815748423097,0.5555555555555556,0.5,1.0,33.333333333333336,0.0,1.0,1.0,1.0,0.0,1.0,33.333333333333336,0.0,1.0,1.0,1.0,0.0,3,26.70021902741989,29.469382062364566,28.65895556067488,1.1624544834794255,0.8279192486021706,1.4956322156632178,0.0,0.0,0.0,1.0,0.8022935044858552,1.4921282269210494,0.0,0.0,0.0,1.0,1000,0,0,0,0,0,3,0,0,0,0,3,3,3,core
4j3l_4j3l_conf0,generation,mcf_drugs_l_raw,fixed,,mcf_drugs_l_raw_fixed,MCF drugs-L,mcf_drugs_l_raw_fixed,5,26,1000,0.7,1000,1000,0,1.0,1000,1000,0,1.0,"{""all_atoms_connected"":0,""bond_angles"":0,""bond_lengths"":0,""bonds"":0,""double_bond_stereochemistry"":0,""energy_ratio"":0,""file_loads"":0,""inchi_convertible"":0,""internal_steric_clash"":0,""molecular_formula"":0,""no_radicals"":0,""planar_aromatic_rings"":0,""planar_double_bonds"":0,""reference_file_loads"":0,""sanitisation"":0,""tetrahedral_chirality"":0}","{""all_atoms_connected"":0.0,""bond_angles"":0.0,""bond_lengths"":0.0,""bonds"":0.0,""double_bond_stereochemistry"":0.0,""energy_ratio"":0.0,""file_loads"":0.0,""inchi_convertible"":0.0,""internal_steric_clash"":0.0,""molecular_formula"":0.0,""no_radicals"":0.0,""planar_aromatic_rings"":0.0,""planar_double_bonds"":0.0,""reference_file_loads"":0.0,""sanitisation"":0.0,""tetrahedral_chirality"":0.0}",1000,98.59885801952682,1.4643818480328499,1.9264198912931834,125.0,12.5,0.961528219857332,0.028,103.80975163859156,0.010966,0.096,21.0,2.1,0.9600489189313606,0.092,18.594958117070995,0.057685999999999994,0.0,2.0,0.2,0.9858150371789199,0.57,1.980431823440003,0.5097999999999999,0.0,1.0,0.1,0.0,1.0,1.0,1.0,0.0,1000,40.209695537191166,54.06031985427019,46.86193591780432,2.5539619143702654,0.3757644560520532,1.5992058916664913,0.0,1.0,1.0,1.0,0.3382730611494824,1.5937319808332155,0.0,1.0,1.0,1.0,1000,0,0,0,0,0,1000,0,0,0,0,1000,1000,1000,core
4j3l_4j3l_conf0,generation,mcf_drugs_l_raw,dynamic,,mcf_drugs_l_raw_dynamic,MCF drugs-L,mcf_drugs_l_raw_dynamic,5,26,90,0.7,90,90,0,1.0,90,90,0,1.0,"{""all_atoms_connected"":0,""bond_angles"":0,""bond_lengths"":0,""bonds"":0,""double_bond_stereochemistry"":0,""energy_ratio"":0,""file_loads"":0,""inchi_convertible"":0,""internal_steric_clash"":0,""molecular_formula"":0,""no_radicals"":0,""planar_aromatic_rings"":0,""planar_double_bonds"":0,""reference_file_loads"":0,""sanitisation"":0,""tetrahedral_chirality"":0}","{""all_atoms_connected"":0.0,""bond_angles"":0.0,""bond_lengths"":0.0,""bonds"":0.0,""double_bond_stereochemistry"":0.0,""energy_ratio"":0.0,""file_loads"":0.0,""inchi_convertible"":0.0,""internal_steric_clash"":0.0,""molecular_formula"":0.0,""no_radicals"":0.0,""planar_aromatic_rings"":0.0,""planar_double_bonds"":0.0,""reference_file_loads"":0.0,""sanitisation"":0.0,""tetrahedral_chirality"":0.0}",90,94.96293947798269,1.4766386792276682,1.944869553798678,56.0,62.22222222222222,0.9661743559715058,0.06666666666666667,48.871361833951234,0.02395061728395062,0.5892857142857143,17.0,18.88888888888889,0.9135202802578029,0.15555555555555556,13.305770962768595,0.08888888888888889,0.17647058823529413,2.0,2.2222222222222223,0.9996437496778561,0.5111111111111111,1.9995061931586,0.5002469135802469,0.0,1.0,1.1111111111111112,0.0,1.0,1.0,1.0,0.0,90,41.258147423965696,52.08427421458657,46.910839413902494,2.409211510606295,0.47681444699631104,1.5143725426492423,0.0,1.0,1.0,1.0,0.47278418451137394,1.53008586976203,0.0,1.0,1.0,1.0,1000,0,0,0,0,0,90,0,0,0,0,90,90,90,core
4j3l_4j3l_conf0,generation,mcf_drugs_l_raw,chembl_count,,mcf_drugs_l_raw_chembl_count,MCF drugs-L,mcf_drugs_l_raw_chembl_count,5,26,114,0.7,114,114,0,1.0,114,114,0,1.0,"{""all_atoms_connected"":0,""bond_angles"":0,""bond_lengths"":0,""bonds"":0,""double_bond_stereochemistry"":0,""energy_ratio"":0,""file_loads"":0,""inchi_convertible"":0,""internal_steric_clash"":0,""molecular_formula"":0,""no_radicals"":0,""planar_aromatic_rings"":0,""planar_double_bonds"":0,""reference_file_loads"":0,""sanitisation"":0,""tetrahedral_chirality"":0}","{""all_atoms_connected"":0.0,""bond_angles"":0.0,""bond_lengths"":0.0,""bonds"":0.0,""double_bond_stereochemistry"":0.0,""energy_ratio"":0.0,""file_loads"":0.0,""inchi_convertible"":0.0,""internal_steric_clash"":0.0,""molecular_formula"":0.0,""no_radicals"":0.0,""planar_aromatic_rings"":0.0,""planar_double_bonds"":0.0,""reference_file_loads"":0.0,""sanitisation"":0.0,""tetrahedral_chirality"":0.0}",114,98.69520061947136,1.4662812280225126,1.933125311113314,64.0,56.14035087719298,0.9627863064632639,0.043859649122807015,54.82332175219819,0.02108341028008618,0.5625,14.0,12.280701754385966,0.9392530432985368,0.14912280701754385,11.926259245191108,0.0931055709449061,0.0,2.0,1.7543859649122806,0.9677884628267678,0.6052631578947368,1.9558401480785355,0.5221606648199446,0.0,1.0,0.8771929824561403,0.0,1.0,1.0,1.0,0.0,114,40.209695537191166,52.42876131223234,46.63481543224108,2.470199493070486,0.3757644560520532,1.6207983181203272,0.0,1.0,1.0,1.0,0.3382730611494824,1.5773204643555783,0.0,1.0,1.0,1.0,1000,0,0,0,0,0,114,0,0,0,0,114,114,114,core
4jsz_4jsz_conf0,generation,mcf_drugs_l_raw,fixed,,mcf_drugs_l_raw_fixed,MCF drugs-L,mcf_drugs_l_raw_fixed,2,10,1000,0.7,1000,1000,0,1.0,1000,1000,0,1.0,"{""all_atoms_connected"":0,""bond_angles"":0,""bond_lengths"":0,""bonds"":0,""double_bond_stereochemistry"":0,""energy_ratio"":0,""file_loads"":0,""inchi_convertible"":0,""internal_steric_clash"":0,""molecular_formula"":0,""no_radicals"":0,""planar_aromatic_rings"":0,""planar_double_bonds"":0,""reference_file_loads"":0,""sanitisation"":0,""tetrahedral_chirality"":0}","{""all_atoms_connected"":0.0,""bond_angles"":0.0,""bond_lengths"":0.0,""bonds"":0.0,""double_bond_stereochemistry"":0.0,""energy_ratio"":0.0,""file_loads"":0.0,""inchi_convertible"":0.0,""internal_steric_clash"":0.0,""molecular_formula"":0.0,""no_radicals"":0.0,""planar_aromatic_rings"":0.0,""planar_double_bonds"":0.0,""reference_file_loads"":0.0,""sanitisation"":0.0,""tetrahedral_chirality"":0.0}",1000,100.37377687629291,0.37488135461437655,0.8119300886802809,2.0,0.2,0.9139014134928695,0.671,1.884133791204142,0.558482,0.0,1.0,0.1,0.0,1.0,1.0,1.0,0.0,1.0,0.1,0.0,1.0,1.0,1.0,0.0,1.0,0.1,0.0,1.0,1.0,1.0,0.0,1000,-57.101956544542496,-30.52496000482444,-54.15686368382761,2.886181486521592,0.09644822206779739,0.5192325204688023,1.0,1.0,1.0,1.0,0.3414322359444031,0.48585702796209207,0.0,1.0,1.0,1.0,1000,0,0,0,0,0,1000,0,0,0,0,1000,1000,1000,core
4jsz_4jsz_conf0,generation,mcf_drugs_l_raw,dynamic,,mcf_drugs_l_raw_dynamic,MCF drugs-L,mcf_drugs_l_raw_dynamic,2,10,24,0.7,24,24,0,1.0,24,24,0,1.0,"{""all_atoms_connected"":0,""bond_angles"":0,""bond_lengths"":0,""bonds"":0,""double_bond_stereochemistry"":0,""energy_ratio"":0,""file_loads"":0,""inchi_convertible"":0,""internal_steric_clash"":0,""molecular_formula"":0,""no_radicals"":0,""planar_aromatic_rings"":0,""planar_double_bonds"":0,""reference_file_loads"":0,""sanitisation"":0,""tetrahedral_chirality"":0}","{""all_atoms_connected"":0.0,""bond_angles"":0.0,""bond_lengths"":0.0,""bonds"":0.0,""double_bond_stereochemistry"":0.0,""energy_ratio"":0.0,""file_loads"":0.0,""inchi_convertible"":0.0,""internal_steric_clash"":0.0,""molecular_formula"":0.0,""no_radicals"":0.0,""planar_aromatic_rings"":0.0,""planar_double_bonds"":0.0,""reference_file_loads"":0.0,""sanitisation"":0.0,""tetrahedral_chirality"":0.0}",24,109.00891030376859,0.34737635422172913,0.8134807592733836,2.0,8.333333333333334,0.8112781244591328,0.75,1.7547653506033232,0.625,0.0,1.0,4.166666666666667,0.0,1.0,1.0,1.0,0.0,1.0,4.166666666666667,0.0,1.0,1.0,1.0,0.0,1.0,4.166666666666667,0.0,1.0,1.0,1.0,0.0,24,-56.93769871039076,-45.372502946172595,-55.89604722590791,3.5738024501864016,0.15185002956284982,0.5164898353420956,1.0,1.0,1.0,1.0,0.3493314022976541,0.4612746495944724,0.0,1.0,1.0,1.0,1000,0,0,0,0,0,24,0,0,0,0,24,24,24,core
4jsz_4jsz_conf0,generation,mcf_drugs_l_raw,chembl_count,,mcf_drugs_l_raw_chembl_count,MCF drugs-L,mcf_drugs_l_raw_chembl_count,2,10,2,0.7,2,2,0,1.0,2,2,0,1.0,"{""all_atoms_connected"":0,""bond_angles"":0,""bond_lengths"":0,""bonds"":0,""double_bond_stereochemistry"":0,""energy_ratio"":0,""file_loads"":0,""inchi_convertible"":0,""internal_steric_clash"":0,""molecular_formula"":0,""no_radicals"":0,""planar_aromatic_rings"":0,""planar_double_bonds"":0,""reference_file_loads"":0,""sanitisation"":0,""tetrahedral_chirality"":0}","{""all_atoms_connected"":0.0,""bond_angles"":0.0,""bond_lengths"":0.0,""bonds"":0.0,""double_bond_stereochemistry"":0.0,""energy_ratio"":0.0,""file_loads"":0.0,""inchi_convertible"":0.0,""internal_steric_clash"":0.0,""molecular_formula"":0.0,""no_radicals"":0.0,""planar_aromatic_rings"":0.0,""planar_double_bonds"":0.0,""reference_file_loads"":0.0,""sanitisation"":0.0,""tetrahedral_chirality"":0.0}",2,107.62818020563026,0.7387415990327936,0.7387415990327936,2.0,100.0,1.0,0.5,2.0,0.5,1.0,1.0,50.0,0.0,1.0,1.0,1.0,0.0,1.0,50.0,0.0,1.0,1.0,1.0,0.0,1.0,50.0,0.0,1.0,1.0,1.0,0.0,2,-55.76636918729147,-46.014637990882186,-50.890503589086826,4.875865598204641,0.4700519702155202,0.503152049536173,0.0,1.0,1.0,1.0,0.4636488116486511,0.5799494221561716,0.0,1.0,1.0,1.0,1000,0,0,0,0,0,2,0,0,0,0,2,2,2,core
4jxs_4jxs_conf0,generation,mcf_drugs_l_raw,fixed,,mcf_drugs_l_raw_fixed,MCF drugs-L,mcf_drugs_l_raw_fixed,6,22,999,0.7,999,999,0,1.0,1000,999,1,0.999,"{""all_atoms_connected"":0,""bond_angles"":0,""bond_lengths"":0,""bonds"":0,""double_bond_stereochemistry"":0,""energy_ratio"":0,""file_loads"":0,""inchi_convertible"":0,""internal_steric_clash"":1,""molecular_formula"":0,""no_radicals"":0,""planar_aromatic_rings"":0,""planar_double_bonds"":0,""reference_file_loads"":0,""sanitisation"":0,""tetrahedral_chirality"":0}","{""all_atoms_connected"":0.0,""bond_angles"":0.0,""bond_lengths"":0.0,""bonds"":0.0,""double_bond_stereochemistry"":0.0,""energy_ratio"":0.0,""file_loads"":0.0,""inchi_convertible"":0.0,""internal_steric_clash"":0.001,""molecular_formula"":0.0,""no_radicals"":0.0,""planar_aromatic_rings"":0.0,""planar_double_bonds"":0.0,""reference_file_loads"":0.0,""sanitisation"":0.0,""tetrahedral_chirality"":0.0}",999,104.43713427706668,1.903645728657436,2.8775320679540375,102.0,10.21021021021021,0.728774260245873,0.2062062062062062,29.09484878058189,0.08833959084209332,0.3333333333333333,18.0,1.8018018018018018,0.7912714908082816,0.2952952952952953,9.846034348073546,0.15066016967918872,0.0,4.0,0.4004004004004004,0.9342989231401644,0.35135135135135137,3.6517749196299945,0.28869610351091834,0.0,2.0,0.2002002002002002,0.9325843344128525,0.6516516516516516,1.908692021610463,0.5459964468973477,0.0,999,1.2475721837463922,115.53204138322978,25.2639204739229,12.42387084190156,0.3979255356583847,2.5432390791548163,0.0,1.0,1.0,1.0,0.4404629166987472,2.5093443289894863,0.0,1.0,1.0,1.0,1000,0,0,0,0,0,1000,0,0,0,0,999,1000,1000,core
4jxs_4jxs_conf0,generation,mcf_drugs_l_raw,dynamic,,mcf_drugs_l_raw_dynamic,MCF drugs-L,mcf_drugs_l_raw_dynamic,6,22,112,0.7,112,112,0,1.0,112,112,0,1.0,"{""all_atoms_connected"":0,""bond_angles"":0,""bond_lengths"":0,""bonds"":0,""double_bond_stereochemistry"":0,""energy_ratio"":0,""file_loads"":0,""inchi_convertible"":0,""internal_steric_clash"":0,""molecular_formula"":0,""no_radicals"":0,""planar_aromatic_rings"":0,""planar_double_bonds"":0,""reference_file_loads"":0,""sanitisation"":0,""tetrahedral_chirality"":0}","{""all_atoms_connected"":0.0,""bond_angles"":0.0,""bond_lengths"":0.0,""bonds"":0.0,""double_bond_stereochemistry"":0.0,""energy_ratio"":0.0,""file_loads"":0.0,""inchi_convertible"":0.0,""internal_steric_clash"":0.0,""molecular_formula"":0.0,""no_radicals"":0.0,""planar_aromatic_rings"":0.0,""planar_double_bonds"":0.0,""reference_file_loads"":0.0,""sanitisation"":0.0,""tetrahedral_chirality"":0.0}",112,107.55120774306691,1.9805767842889648,2.9447103534518013,36.0,32.142857142857146,0.8388485556625586,0.22321428571428573,20.207012259226367,0.09056122448979591,0.4166666666666667,12.0,10.714285714285714,0.8158191827326925,0.32142857142857145,7.593058784975262,0.17841198979591838,0.16666666666666666,3.0,2.6785714285714284,0.9815186728384914,0.38392857142857145,2.939702763936152,0.3461415816326531,0.0,2.0,1.7857142857142858,0.8251252643746189,0.7410714285714286,1.771688861331942,0.6162308673469388,0.0,112,1.2475721837463922,75.63111296612632,24.59268426360584,12.539230059082186,0.6186769569735172,2.5031276011296795,0.0,0.0,1.0,1.0,0.44776742901915717,2.4633931626984147,0.0,1.0,1.0,1.0,1000,0,0,0,0,0,112,0,0,0,0,112,112,112,core
4jxs_4jxs_conf0,generation,mcf_drugs_l_raw,chembl_count,,mcf_drugs_l_raw_chembl_count,MCF drugs-L,mcf_drugs_l_raw_chembl_count,6,22,32,0.7,32,32,0,1.0,32,32,0,1.0,"{""all_atoms_connected"":0,""bond_angles"":0,""bond_lengths"":0,""bonds"":0,""double_bond_stereochemistry"":0,""energy_ratio"":0,""file_loads"":0,""inchi_convertible"":0,""internal_steric_clash"":0,""molecular_formula"":0,""no_radicals"":0,""planar_aromatic_rings"":0,""planar_double_bonds"":0,""reference_file_loads"":0,""sanitisation"":0,""tetrahedral_chirality"":0}","{""all_atoms_connected"":0.0,""bond_angles"":0.0,""bond_lengths"":0.0,""bonds"":0.0,""double_bond_stereochemistry"":0.0,""energy_ratio"":0.0,""file_loads"":0.0,""inchi_convertible"":0.0,""internal_steric_clash"":0.0,""molecular_formula"":0.0,""no_radicals"":0.0,""planar_aromatic_rings"":0.0,""planar_double_bonds"":0.0,""reference_file_loads"":0.0,""sanitisation"":0.0,""tetrahedral_chirality"":0.0}",32,96.06212754161959,1.9256866177739593,2.8860279907648128,16.0,50.0,0.8423374260360622,0.28125,10.334163463296557,0.146484375,0.75,9.0,28.125,0.8237718367176706,0.3125,6.110519082250836,0.216796875,0.2222222222222222,3.0,9.375,0.9936626487697717,0.375,2.9791856659961056,0.337890625,0.0,2.0,6.25,0.8571484374283717,0.71875,1.8114543351456713,0.595703125,0.0,32,7.98808483736892,44.21476942351697,22.349455678537712,8.671662335746808,0.8457480229777862,2.53396013263259,0.0,0.0,0.0,1.0,0.880412435614833,2.5007259080625452,0.0,0.0,0.0,1.0,1000,0,0,0,0,0,32,0,0,0,0,32,32,32,core
4k18_4k18_conf0,generation,mcf_drugs_l_raw,fixed,,mcf_drugs_l_raw_fixed,MCF drugs-L,mcf_drugs_l_raw_fixed,5,29,997,0.7,997,996,1,0.9989969909729187,1000,997,3,0.997,"{""all_atoms_connected"":0,""bond_angles"":0,""bond_lengths"":0,""bonds"":0,""double_bond_stereochemistry"":0,""energy_ratio"":0,""file_loads"":0,""inchi_convertible"":0,""internal_steric_clash"":3,""molecular_formula"":0,""no_radicals"":0,""planar_aromatic_rings"":0,""planar_double_bonds"":0,""reference_file_loads"":0,""sanitisation"":0,""tetrahedral_chirality"":0}","{""all_atoms_connected"":0.0,""bond_angles"":0.0,""bond_lengths"":0.0,""bonds"":0.0,""double_bond_stereochemistry"":0.0,""energy_ratio"":0.0,""file_loads"":0.0,""inchi_convertible"":0.0,""internal_steric_clash"":0.003,""molecular_formula"":0.0,""no_radicals"":0.0,""planar_aromatic_rings"":0.0,""planar_double_bonds"":0.0,""reference_file_loads"":0.0,""sanitisation"":0.0,""tetrahedral_chirality"":0.0}",997,124.62539243661625,1.858257898603464,2.7470402299032153,62.0,6.218655967903711,0.8019686861585824,0.1374122367101304,27.380539953003357,0.05833246982673193,0.25806451612903225,27.0,2.7081243731193583,0.8154085536735808,0.22567703109327983,14.694210490920698,0.09839850544612776,0.07407407407407407,7.0,0.7021063189568706,0.7422429856607465,0.4543630892678034,4.239045639404699,0.2993483962418851,0.0,3.0,0.30090270812437314,0.9193623043685225,0.526579739217653,2.745663410380658,0.3939853663296812,0.0,997,102.58472158719405,141.52564107623294,112.57994123064435,8.713771959357052,0.1275208502365987,1.6651417877224217,1.0,1.0,1.0,1.0,0.14539359378295436,1.6654317801093015,1.0,1.0,1.0,1.0,1000,0,0,0,0,0,1000,0,0,0,0,997,1000,1000,core
4k18_4k18_conf0,generation,mcf_drugs_l_raw,dynamic,,mcf_drugs_l_raw_dynamic,MCF drugs-L,mcf_drugs_l_raw_dynamic,5,29,90,0.7,90,90,0,1.0,90,90,0,1.0,"{""all_atoms_connected"":0,""bond_angles"":0,""bond_lengths"":0,""bonds"":0,""double_bond_stereochemistry"":0,""energy_ratio"":0,""file_loads"":0,""inchi_convertible"":0,""internal_steric_clash"":0,""molecular_formula"":0,""no_radicals"":0,""planar_aromatic_rings"":0,""planar_double_bonds"":0,""reference_file_loads"":0,""sanitisation"":0,""tetrahedral_chirality"":0}","{""all_atoms_connected"":0.0,""bond_angles"":0.0,""bond_lengths"":0.0,""bonds"":0.0,""double_bond_stereochemistry"":0.0,""energy_ratio"":0.0,""file_loads"":0.0,""inchi_convertible"":0.0,""internal_steric_clash"":0.0,""molecular_formula"":0.0,""no_radicals"":0.0,""planar_aromatic_rings"":0.0,""planar_double_bonds"":0.0,""reference_file_loads"":0.0,""sanitisation"":0.0,""tetrahedral_chirality"":0.0}",90,124.38077981366628,1.9240409575733588,2.8084184317532372,27.0,30.0,0.8865967582405246,0.15555555555555556,18.579861536844287,0.07209876543209877,0.4074074074074074,16.0,17.77777777777778,0.8535257990658461,0.2111111111111111,10.659761068296728,0.12123456790123456,0.1875,4.0,4.444444444444445,0.8653972676811247,0.4777777777777778,3.31910561085652,0.3419753086419753,0.0,2.0,2.2222222222222223,0.80235344282919,0.7555555555555555,1.7439436718422865,0.6306172839506172,0.0,90,105.00837067011514,137.39980838971093,112.47915905614963,8.932801493841325,0.14243821219906871,1.8836894688975931,1.0,1.0,1.0,1.0,0.1945231619154636,1.8925938499793333,1.0,1.0,1.0,1.0,1000,0,0,0,0,0,90,0,0,0,0,90,90,90,core
4k18_4k18_conf0,generation,mcf_drugs_l_raw,chembl_count,,mcf_drugs_l_raw_chembl_count,MCF drugs-L,mcf_drugs_l_raw_chembl_count,5,29,108,0.7,108,108,0,1.0,109,108,1,0.9908256880733946,"{""all_atoms_connected"":0,""bond_angles"":0,""bond_lengths"":0,""bonds"":0,""double_bond_stereochemistry"":0,""energy_ratio"":0,""file_loads"":0,""inchi_convertible"":0,""internal_steric_clash"":1,""molecular_formula"":0,""no_radicals"":0,""planar_aromatic_rings"":0,""planar_double_bonds"":0,""reference_file_loads"":0,""sanitisation"":0,""tetrahedral_chirality"":0}","{""all_atoms_connected"":0.0,""bond_angles"":0.0,""bond_lengths"":0.0,""bonds"":0.0,""double_bond_stereochemistry"":0.0,""energy_ratio"":0.0,""file_loads"":0.0,""inchi_convertible"":0.0,""internal_steric_clash"":0.009174311926605505,""molecular_formula"":0.0,""no_radicals"":0.0,""planar_aromatic_rings"":0.0,""planar_double_bonds"":0.0,""reference_file_loads"":0.0,""sanitisation"":0.0,""tetrahedral_chirality"":0.0}",108,126.08131560542631,1.9652082862198592,2.885260090956492,32.0,29.62962962962963,0.9134116465164975,0.1111111111111111,23.70399353109333,0.055041152263374485,0.21875,18.0,16.666666666666668,0.8500822948255109,0.25925925925925924,11.670378237280035,0.12037037037037035,0.1111111111111111,6.0,5.555555555555555,0.7727669278078181,0.5277777777777778,3.993278051553688,0.33676268861454045,0.0,2.0,1.8518518518518519,0.1831220683013728,0.9722222222222222,1.1353381605186843,0.9459876543209875,0.0,108,105.63068985657196,135.19149729063454,112.53269550131748,8.687593929262777,0.14243821219906871,1.9487890900917968,1.0,1.0,1.0,1.0,0.20742124882771093,1.9371766001132937,1.0,1.0,1.0,1.0,1000,0,0,0,0,0,109,0,0,0,0,108,109,109,core
4k77_4k77_conf0,generation,mcf_drugs_l_raw,fixed,,mcf_drugs_l_raw_fixed,MCF drugs-L,mcf_drugs_l_raw_fixed,2,18,1000,0.7,1000,1000,0,1.0,1000,1000,0,1.0,"{""all_atoms_connected"":0,""bond_angles"":0,""bond_lengths"":0,""bonds"":0,""double_bond_stereochemistry"":0,""energy_ratio"":0,""file_loads"":0,""inchi_convertible"":0,""internal_steric_clash"":0,""molecular_formula"":0,""no_radicals"":0,""planar_aromatic_rings"":0,""planar_double_bonds"":0,""reference_file_loads"":0,""sanitisation"":0,""tetrahedral_chirality"":0}","{""all_atoms_connected"":0.0,""bond_angles"":0.0,""bond_lengths"":0.0,""bonds"":0.0,""double_bond_stereochemistry"":0.0,""energy_ratio"":0.0,""file_loads"":0.0,""inchi_convertible"":0.0,""internal_steric_clash"":0.0,""molecular_formula"":0.0,""no_radicals"":0.0,""planar_aromatic_rings"":0.0,""planar_double_bonds"":0.0,""reference_file_loads"":0.0,""sanitisation"":0.0,""tetrahedral_chirality"":0.0}",1000,127.22833277873286,0.7799508856277266,1.1358127085742524,24.0,2.4,0.7847512841381922,0.187,12.109397746660992,0.11179799999999998,0.125,5.0,0.5,0.6456484391766771,0.585,2.8267597078722644,0.42747,0.0,1.0,0.1,0.0,1.0,1.0,1.0,0.0,1.0,0.1,0.0,1.0,1.0,1.0,0.0,1000,9.605209338925548,29.210918962092812,16.949108888570862,3.8895114810653033,0.10341876366728066,0.6851581133400031,1.0,1.0,1.0,1.0,0.10164345106364124,0.7171244095203054,1.0,1.0,1.0,1.0,1000,0,0,0,0,0,1000,0,0,0,0,1000,1000,1000,core
4k77_4k77_conf0,generation,mcf_drugs_l_raw,dynamic,,mcf_drugs_l_raw_dynamic,MCF drugs-L,mcf_drugs_l_raw_dynamic,2,18,24,0.7,24,24,0,1.0,24,24,0,1.0,"{""all_atoms_connected"":0,""bond_angles"":0,""bond_lengths"":0,""bonds"":0,""double_bond_stereochemistry"":0,""energy_ratio"":0,""file_loads"":0,""inchi_convertible"":0,""internal_steric_clash"":0,""molecular_formula"":0,""no_radicals"":0,""planar_aromatic_rings"":0,""planar_double_bonds"":0,""reference_file_loads"":0,""sanitisation"":0,""tetrahedral_chirality"":0}","{""all_atoms_connected"":0.0,""bond_angles"":0.0,""bond_lengths"":0.0,""bonds"":0.0,""double_bond_stereochemistry"":0.0,""energy_ratio"":0.0,""file_loads"":0.0,""inchi_convertible"":0.0,""internal_steric_clash"":0.0,""molecular_formula"":0.0,""no_radicals"":0.0,""planar_aromatic_rings"":0.0,""planar_double_bonds"":0.0,""reference_file_loads"":0.0,""sanitisation"":0.0,""tetrahedral_chirality"":0.0}",24,118.55804310294815,0.8602193131936409,1.3380643526755756,8.0,33.333333333333336,0.9481203125901445,0.25,7.18187696410416,0.15277777777777776,0.125,2.0,8.333333333333334,0.99498482818597,0.5416666666666666,1.9930595659329764,0.5034722222222221,0.0,1.0,4.166666666666667,0.0,1.0,1.0,1.0,0.0,1.0,4.166666666666667,0.0,1.0,1.0,1.0,0.0,24,11.545923432014618,26.02048877459686,18.722281654428496,3.972444828184511,0.19123025654033005,0.7861597320726921,1.0,1.0,1.0,1.0,0.20687021850588025,0.7776907020471909,1.0,1.0,1.0,1.0,1000,0,0,0,0,0,24,0,0,0,0,24,24,24,core
4k77_4k77_conf0,generation,mcf_drugs_l_raw,chembl_count,,mcf_drugs_l_raw_chembl_count,MCF drugs-L,mcf_drugs_l_raw_chembl_count,2,18,5,0.7,5,5,0,1.0,5,5,0,1.0,"{""all_atoms_connected"":0,""bond_angles"":0,""bond_lengths"":0,""bonds"":0,""double_bond_stereochemistry"":0,""energy_ratio"":0,""file_loads"":0,""inchi_convertible"":0,""internal_steric_clash"":0,""molecular_formula"":0,""no_radicals"":0,""planar_aromatic_rings"":0,""planar_double_bonds"":0,""reference_file_loads"":0,""sanitisation"":0,""tetrahedral_chirality"":0}","{""all_atoms_connected"":0.0,""bond_angles"":0.0,""bond_lengths"":0.0,""bonds"":0.0,""double_bond_stereochemistry"":0.0,""energy_ratio"":0.0,""file_loads"":0.0,""inchi_convertible"":0.0,""internal_steric_clash"":0.0,""molecular_formula"":0.0,""no_radicals"":0.0,""planar_aromatic_rings"":0.0,""planar_double_bonds"":0.0,""reference_file_loads"":0.0,""sanitisation"":0.0,""tetrahedral_chirality"":0.0}",5,73.7968624467273,0.547262087163264,0.7225559126834626,3.0,60.0,0.9602297178607612,0.4,2.8717458874925876,0.3600000000000001,0.3333333333333333,1.0,20.0,0.0,1.0,1.0,1.0,0.0,1.0,20.0,0.0,1.0,1.0,1.0,0.0,1.0,20.0,0.0,1.0,1.0,1.0,0.0,5,12.371610277292193,21.620527675602588,14.531890473385705,3.2570795657801876,0.781630077239373,0.8675870941519883,0.0,0.0,0.0,1.0,0.8145127952861768,0.8985290835656066,0.0,0.0,0.0,1.0,1000,0,0,0,0,0,5,0,0,0,0,5,5,5,core
4kzq_4kzq_conf0,generation,mcf_drugs_l_raw,fixed,,mcf_drugs_l_raw_fixed,MCF drugs-L,mcf_drugs_l_raw_fixed,2,18,1000,0.7,1000,1000,0,1.0,1000,1000,0,1.0,"{""all_atoms_connected"":0,""bond_angles"":0,""bond_lengths"":0,""bonds"":0,""double_bond_stereochemistry"":0,""energy_ratio"":0,""file_loads"":0,""inchi_convertible"":0,""internal_steric_clash"":0,""molecular_formula"":0,""no_radicals"":0,""planar_aromatic_rings"":0,""planar_double_bonds"":0,""reference_file_loads"":0,""sanitisation"":0,""tetrahedral_chirality"":0}","{""all_atoms_connected"":0.0,""bond_angles"":0.0,""bond_lengths"":0.0,""bonds"":0.0,""double_bond_stereochemistry"":0.0,""energy_ratio"":0.0,""file_loads"":0.0,""inchi_convertible"":0.0,""internal_steric_clash"":0.0,""molecular_formula"":0.0,""no_radicals"":0.0,""planar_aromatic_rings"":0.0,""planar_double_bonds"":0.0,""reference_file_loads"":0.0,""sanitisation"":0.0,""tetrahedral_chirality"":0.0}",1000,120.28883829115983,0.23924511471505924,0.45434519416966707,2.0,0.2,0.3392404417949341,0.937,1.2650903667095408,0.8819380000000001,0.0,1.0,0.1,0.0,1.0,1.0,1.0,0.0,1.0,0.1,0.0,1.0,1.0,1.0,0.0,1.0,0.1,0.0,1.0,1.0,1.0,0.0,1000,43.96418068024241,47.96161418363172,45.60250553219796,0.6384265624076096,0.08196519054592431,0.21415481696169908,1.0,1.0,1.0,1.0,0.09509376038791904,0.2183431907189087,1.0,1.0,1.0,1.0,1000,0,0,0,0,0,1000,0,0,0,0,1000,1000,1000,core
4kzq_4kzq_conf0,generation,mcf_drugs_l_raw,dynamic,,mcf_drugs_l_raw_dynamic,MCF drugs-L,mcf_drugs_l_raw_dynamic,2,18,24,0.7,24,24,0,1.0,24,24,0,1.0,"{""all_atoms_connected"":0,""bond_angles"":0,""bond_lengths"":0,""bonds"":0,""double_bond_stereochemistry"":0,""energy_ratio"":0,""file_loads"":0,""inchi_convertible"":0,""internal_steric_clash"":0,""molecular_formula"":0,""no_radicals"":0,""planar_aromatic_rings"":0,""planar_double_bonds"":0,""reference_file_loads"":0,""sanitisation"":0,""tetrahedral_chirality"":0}","{""all_atoms_connected"":0.0,""bond_angles"":0.0,""bond_lengths"":0.0,""bonds"":0.0,""double_bond_stereochemistry"":0.0,""energy_ratio"":0.0,""file_loads"":0.0,""inchi_convertible"":0.0,""internal_steric_clash"":0.0,""molecular_formula"":0.0,""no_radicals"":0.0,""planar_aromatic_rings"":0.0,""planar_double_bonds"":0.0,""reference_file_loads"":0.0,""sanitisation"":0.0,""tetrahedral_chirality"":0.0}",24,105.93220496017105,0.2265309889277205,0.4260497489502165,2.0,8.333333333333334,0.24988229283318544,0.9583333333333334,1.1891100934658385,0.9201388888888891,0.5,1.0,4.166666666666667,0.0,1.0,1.0,1.0,0.0,1.0,4.166666666666667,0.0,1.0,1.0,1.0,0.0,1.0,4.166666666666667,0.0,1.0,1.0,1.0,0.0,24,44.5148320268987,46.87789158288416,45.66627702185162,0.496605478011628,0.09420601530115941,0.2067585564981143,1.0,1.0,1.0,1.0,0.10837917628228487,0.21082635918089132,1.0,1.0,1.0,1.0,1000,0,0,0,0,0,24,0,0,0,0,24,24,24,core
4kzq_4kzq_conf0,generation,mcf_drugs_l_raw,chembl_count,,mcf_drugs_l_raw_chembl_count,MCF drugs-L,mcf_drugs_l_raw_chembl_count,2,18,6,0.7,6,6,0,1.0,6,6,0,1.0,"{""all_atoms_connected"":0,""bond_angles"":0,""bond_lengths"":0,""bonds"":0,""double_bond_stereochemistry"":0,""energy_ratio"":0,""file_loads"":0,""inchi_convertible"":0,""internal_steric_clash"":0,""molecular_formula"":0,""no_radicals"":0,""planar_aromatic_rings"":0,""planar_double_bonds"":0,""reference_file_loads"":0,""sanitisation"":0,""tetrahedral_chirality"":0}","{""all_atoms_connected"":0.0,""bond_angles"":0.0,""bond_lengths"":0.0,""bonds"":0.0,""double_bond_stereochemistry"":0.0,""energy_ratio"":0.0,""file_loads"":0.0,""inchi_convertible"":0.0,""internal_steric_clash"":0.0,""molecular_formula"":0.0,""no_radicals"":0.0,""planar_aromatic_rings"":0.0,""planar_double_bonds"":0.0,""reference_file_loads"":0.0,""sanitisation"":0.0,""tetrahedral_chirality"":0.0}",6,103.78749984184986,0.23819743681114838,0.5677921059704268,2.0,33.333333333333336,0.6500224216483541,0.8333333333333334,1.5691925832141966,0.7222222222222223,0.5,1.0,16.666666666666668,0.0,1.0,1.0,1.0,0.0,1.0,16.666666666666668,0.0,1.0,1.0,1.0,0.0,1.0,16.666666666666668,0.0,1.0,1.0,1.0,0.0,6,45.2121594301297,46.32811315518205,45.438061739343524,0.3872885632027896,0.12299883376024895,0.2082563188646991,1.0,1.0,1.0,1.0,0.13717341333258024,0.2119557910301641,1.0,1.0,1.0,1.0,1000,0,0,0,0,0,6,0,0,0,0,6,6,6,core
4kzu_4kzu_conf0,generation,mcf_drugs_l_raw,fixed,,mcf_drugs_l_raw_fixed,MCF drugs-L,mcf_drugs_l_raw_fixed,1,18,1000,0.7,1000,1000,0,1.0,1000,1000,0,1.0,"{""all_atoms_connected"":0,""bond_angles"":0,""bond_lengths"":0,""bonds"":0,""double_bond_stereochemistry"":0,""energy_ratio"":0,""file_loads"":0,""inchi_convertible"":0,""internal_steric_clash"":0,""molecular_formula"":0,""no_radicals"":0,""planar_aromatic_rings"":0,""planar_double_bonds"":0,""reference_file_loads"":0,""sanitisation"":0,""tetrahedral_chirality"":0}","{""all_atoms_connected"":0.0,""bond_angles"":0.0,""bond_lengths"":0.0,""bonds"":0.0,""double_bond_stereochemistry"":0.0,""energy_ratio"":0.0,""file_loads"":0.0,""inchi_convertible"":0.0,""internal_steric_clash"":0.0,""molecular_formula"":0.0,""no_radicals"":0.0,""planar_aromatic_rings"":0.0,""planar_double_bonds"":0.0,""reference_file_loads"":0.0,""sanitisation"":0.0,""tetrahedral_chirality"":0.0}",1000,110.37423097753533,0.2867049386256971,0.6031085112676317,2.0,0.2,0.49080020306391237,0.893,1.405224079098679,0.8088980000000001,0.0,1.0,0.1,0.0,1.0,1.0,1.0,0.0,1.0,0.1,0.0,1.0,1.0,1.0,0.0,1.0,0.1,0.0,1.0,1.0,1.0,0.0,1000,54.529696801986724,58.253990309526095,55.97041176009271,0.659348121194604,0.06568132497401247,0.1605951690186394,1.0,1.0,1.0,1.0,0.10390338974936479,0.21556621939933748,1.0,1.0,1.0,1.0,1000,0,0,0,0,0,1000,0,0,0,0,1000,1000,1000,core
4kzu_4kzu_conf0,generation,mcf_drugs_l_raw,dynamic,,mcf_drugs_l_raw_dynamic,MCF drugs-L,mcf_drugs_l_raw_dynamic,1,18,2,0.7,2,2,0,1.0,2,2,0,1.0,"{""all_atoms_connected"":0,""bond_angles"":0,""bond_lengths"":0,""bonds"":0,""double_bond_stereochemistry"":0,""energy_ratio"":0,""file_loads"":0,""inchi_convertible"":0,""internal_steric_clash"":0,""molecular_formula"":0,""no_radicals"":0,""planar_aromatic_rings"":0,""planar_double_bonds"":0,""reference_file_loads"":0,""sanitisation"":0,""tetrahedral_chirality"":0}","{""all_atoms_connected"":0.0,""bond_angles"":0.0,""bond_lengths"":0.0,""bonds"":0.0,""double_bond_stereochemistry"":0.0,""energy_ratio"":0.0,""file_loads"":0.0,""inchi_convertible"":0.0,""internal_steric_clash"":0.0,""molecular_formula"":0.0,""no_radicals"":0.0,""planar_aromatic_rings"":0.0,""planar_double_bonds"":0.0,""reference_file_loads"":0.0,""sanitisation"":0.0,""tetrahedral_chirality"":0.0}",2,15.144554661939125,0.2642076780339748,0.2642076780339748,1.0,50.0,0.0,1.0,1.0,1.0,0.0,1.0,50.0,0.0,1.0,1.0,1.0,0.0,1.0,50.0,0.0,1.0,1.0,1.0,0.0,1.0,50.0,0.0,1.0,1.0,1.0,0.0,2,56.16903112952256,57.19375646620436,56.681393797863464,0.5123626683409022,0.06728947974417343,0.1755044896354346,1.0,1.0,1.0,1.0,0.11043544364490011,0.17887145415147562,1.0,1.0,1.0,1.0,1000,0,0,0,0,0,2,0,0,0,0,2,2,2,core
4kzu_4kzu_conf0,generation,mcf_drugs_l_raw,chembl_count,,mcf_drugs_l_raw_chembl_count,MCF drugs-L,mcf_drugs_l_raw_chembl_count,1,18,3,0.7,3,3,0,1.0,3,3,0,1.0,"{""all_atoms_connected"":0,""bond_angles"":0,""bond_lengths"":0,""bonds"":0,""double_bond_stereochemistry"":0,""energy_ratio"":0,""file_loads"":0,""inchi_convertible"":0,""internal_steric_clash"":0,""molecular_formula"":0,""no_radicals"":0,""planar_aromatic_rings"":0,""planar_double_bonds"":0,""reference_file_loads"":0,""sanitisation"":0,""tetrahedral_chirality"":0}","{""all_atoms_connected"":0.0,""bond_angles"":0.0,""bond_lengths"":0.0,""bonds"":0.0,""double_bond_stereochemistry"":0.0,""energy_ratio"":0.0,""file_loads"":0.0,""inchi_convertible"":0.0,""internal_steric_clash"":0.0,""molecular_formula"":0.0,""no_radicals"":0.0,""planar_aromatic_rings"":0.0,""planar_double_bonds"":0.0,""reference_file_loads"":0.0,""sanitisation"":0.0,""tetrahedral_chirality"":0.0}",3,146.87625899506537,0.28413781050214265,0.4214207975734111,1.0,33.333333333333336,0.0,1.0,1.0,1.0,0.0,1.0,33.333333333333336,0.0,1.0,1.0,1.0,0.0,1.0,33.333333333333336,0.0,1.0,1.0,1.0,0.0,1.0,33.333333333333336,0.0,1.0,1.0,1.0,0.0,3,55.46802782938381,55.93088963564652,55.61302067957384,0.19330593240817603,0.15489393067299562,0.15596934249250055,1.0,1.0,1.0,1.0,0.21005562462742988,0.2120629749505195,1.0,1.0,1.0,1.0,1000,0,0,0,0,0,3,0,0,0,0,3,3,3,core
4llx_4llx_conf0,generation,mcf_drugs_l_raw,fixed,,mcf_drugs_l_raw_fixed,MCF drugs-L,mcf_drugs_l_raw_fixed,1,9,1000,0.7,1000,1000,0,1.0,1000,1000,0,1.0,"{""all_atoms_connected"":0,""bond_angles"":0,""bond_lengths"":0,""bonds"":0,""double_bond_stereochemistry"":0,""energy_ratio"":0,""file_loads"":0,""inchi_convertible"":0,""internal_steric_clash"":0,""molecular_formula"":0,""no_radicals"":0,""planar_aromatic_rings"":0,""planar_double_bonds"":0,""reference_file_loads"":0,""sanitisation"":0,""tetrahedral_chirality"":0}","{""all_atoms_connected"":0.0,""bond_angles"":0.0,""bond_lengths"":0.0,""bonds"":0.0,""double_bond_stereochemistry"":0.0,""energy_ratio"":0.0,""file_loads"":0.0,""inchi_convertible"":0.0,""internal_steric_clash"":0.0,""molecular_formula"":0.0,""no_radicals"":0.0,""planar_aromatic_rings"":0.0,""planar_double_bonds"":0.0,""reference_file_loads"":0.0,""sanitisation"":0.0,""tetrahedral_chirality"":0.0}",1000,111.18532503038814,0.018757541950424044,0.025096925084102075,1.0,0.1,0.0,1.0,1.0,1.0,0.0,1.0,0.1,0.0,1.0,1.0,1.0,0.0,1.0,0.1,0.0,1.0,1.0,1.0,0.0,1.0,0.1,0.0,1.0,1.0,1.0,0.0,1000,-87.68039770053795,523.0701186034022,-86.07099050933164,21.00802511437249,0.04247123159120372,0.05286515112331746,1.0,1.0,1.0,1.0,0.04106142084723137,0.04676543012299303,1.0,1.0,1.0,1.0,1000,0,0,0,0,0,1000,0,0,0,0,1000,1000,1000,core
4llx_4llx_conf0,generation,mcf_drugs_l_raw,dynamic,,mcf_drugs_l_raw_dynamic,MCF drugs-L,mcf_drugs_l_raw_dynamic,1,9,2,0.7,2,2,0,1.0,2,2,0,1.0,"{""all_atoms_connected"":0,""bond_angles"":0,""bond_lengths"":0,""bonds"":0,""double_bond_stereochemistry"":0,""energy_ratio"":0,""file_loads"":0,""inchi_convertible"":0,""internal_steric_clash"":0,""molecular_formula"":0,""no_radicals"":0,""planar_aromatic_rings"":0,""planar_double_bonds"":0,""reference_file_loads"":0,""sanitisation"":0,""tetrahedral_chirality"":0}","{""all_atoms_connected"":0.0,""bond_angles"":0.0,""bond_lengths"":0.0,""bonds"":0.0,""double_bond_stereochemistry"":0.0,""energy_ratio"":0.0,""file_loads"":0.0,""inchi_convertible"":0.0,""internal_steric_clash"":0.0,""molecular_formula"":0.0,""no_radicals"":0.0,""planar_aromatic_rings"":0.0,""planar_double_bonds"":0.0,""reference_file_loads"":0.0,""sanitisation"":0.0,""tetrahedral_chirality"":0.0}",2,22.269339351592322,0.018062299022196193,0.018062299022196193,1.0,50.0,0.0,1.0,1.0,1.0,0.0,1.0,50.0,0.0,1.0,1.0,1.0,0.0,1.0,50.0,0.0,1.0,1.0,1.0,0.0,1.0,50.0,0.0,1.0,1.0,1.0,0.0,2,-85.87662499475402,-85.6122738279235,-85.74444941133876,0.13217558341526114,0.05125054136475298,0.05292638574856561,1.0,1.0,1.0,1.0,0.04659476934309859,0.04766403441953445,1.0,1.0,1.0,1.0,1000,0,0,0,0,0,2,0,0,0,0,2,2,2,core
4llx_4llx_conf0,generation,mcf_drugs_l_raw,chembl_count,,mcf_drugs_l_raw_chembl_count,MCF drugs-L,mcf_drugs_l_raw_chembl_count,1,9,1,0.7,1,1,0,1.0,1,1,0,1.0,"{""all_atoms_connected"":0,""bond_angles"":0,""bond_lengths"":0,""bonds"":0,""double_bond_stereochemistry"":0,""energy_ratio"":0,""file_loads"":0,""inchi_convertible"":0,""internal_steric_clash"":0,""molecular_formula"":0,""no_radicals"":0,""planar_aromatic_rings"":0,""planar_double_bonds"":0,""reference_file_loads"":0,""sanitisation"":0,""tetrahedral_chirality"":0}","{""all_atoms_connected"":0.0,""bond_angles"":0.0,""bond_lengths"":0.0,""bonds"":0.0,""double_bond_stereochemistry"":0.0,""energy_ratio"":0.0,""file_loads"":0.0,""inchi_convertible"":0.0,""internal_steric_clash"":0.0,""molecular_formula"":0.0,""no_radicals"":0.0,""planar_aromatic_rings"":0.0,""planar_double_bonds"":0.0,""reference_file_loads"":0.0,""sanitisation"":0.0,""tetrahedral_chirality"":0.0}",1,0.0,,,1.0,100.0,0.0,1.0,1.0,1.0,1.0,1.0,100.0,0.0,1.0,1.0,1.0,1.0,1.0,100.0,0.0,1.0,1.0,1.0,1.0,1.0,100.0,0.0,1.0,1.0,1.0,1.0,1,-86.25611051942914,-86.25611051942914,-86.25611051942914,0.0,0.055289884335302214,0.055289884335302214,1.0,1.0,1.0,1.0,0.04766919984509842,0.04766919984509842,1.0,1.0,1.0,1.0,1000,0,0,0,0,0,1,0,0,0,0,1,1,1,core
4lzs_4lzs_conf0,generation,mcf_drugs_l_raw,fixed,,mcf_drugs_l_raw_fixed,MCF drugs-L,mcf_drugs_l_raw_fixed,3,15,992,0.7,992,992,0,1.0,1000,992,8,0.992,"{""all_atoms_connected"":0,""bond_angles"":0,""bond_lengths"":0,""bonds"":0,""double_bond_stereochemistry"":0,""energy_ratio"":0,""file_loads"":0,""inchi_convertible"":0,""internal_steric_clash"":8,""molecular_formula"":0,""no_radicals"":0,""planar_aromatic_rings"":0,""planar_double_bonds"":0,""reference_file_loads"":0,""sanitisation"":0,""tetrahedral_chirality"":0}","{""all_atoms_connected"":0.0,""bond_angles"":0.0,""bond_lengths"":0.0,""bonds"":0.0,""double_bond_stereochemistry"":0.0,""energy_ratio"":0.0,""file_loads"":0.0,""inchi_convertible"":0.0,""internal_steric_clash"":0.008,""molecular_formula"":0.0,""no_radicals"":0.0,""planar_aromatic_rings"":0.0,""planar_double_bonds"":0.0,""reference_file_loads"":0.0,""sanitisation"":0.0,""tetrahedral_chirality"":0.0}",992,116.69977875430611,0.9548159995821356,1.3242810080958431,18.0,1.814516129032258,0.8536048234994895,0.13306451612903225,11.789806170427843,0.09625593457336108,0.1111111111111111,4.0,0.4032258064516129,0.9990618353640159,0.2701612903225806,3.9948010921320547,0.2506564613683663,0.0,1.0,0.10080645161290322,0.0,1.0,1.0,1.0,0.0,1.0,0.10080645161290322,0.0,1.0,1.0,1.0,0.0,992,-1.7708310530601823,15.159181648632856,3.9999644508414347,2.473025926166027,0.1273953376760243,0.9934093551081853,1.0,1.0,1.0,1.0,0.08039137403901776,1.0180324791562494,1.0,1.0,1.0,1.0,1000,0,0,0,0,0,1000,0,0,0,0,992,1000,1000,core
4lzs_4lzs_conf0,generation,mcf_drugs_l_raw,dynamic,,mcf_drugs_l_raw_dynamic,MCF drugs-L,mcf_drugs_l_raw_dynamic,3,15,46,0.7,46,46,0,1.0,46,46,0,1.0,"{""all_atoms_connected"":0,""bond_angles"":0,""bond_lengths"":0,""bonds"":0,""double_bond_stereochemistry"":0,""energy_ratio"":0,""file_loads"":0,""inchi_convertible"":0,""internal_steric_clash"":0,""molecular_formula"":0,""no_radicals"":0,""planar_aromatic_rings"":0,""planar_double_bonds"":0,""reference_file_loads"":0,""sanitisation"":0,""tetrahedral_chirality"":0}","{""all_atoms_connected"":0.0,""bond_angles"":0.0,""bond_lengths"":0.0,""bonds"":0.0,""double_bond_stereochemistry"":0.0,""energy_ratio"":0.0,""file_loads"":0.0,""inchi_convertible"":0.0,""internal_steric_clash"":0.0,""molecular_formula"":0.0,""no_radicals"":0.0,""planar_aromatic_rings"":0.0,""planar_double_bonds"":0.0,""reference_file_loads"":0.0,""sanitisation"":0.0,""tetrahedral_chirality"":0.0}",46,117.17713094334853,0.9689430794820386,1.3659435831374214,9.0,19.565217391304348,0.9270140083312488,0.1956521739130435,7.6664829401097725,0.14083175803402648,0.2222222222222222,4.0,8.695652173913043,0.9121769264328096,0.34782608695652173,3.5414835789735557,0.2977315689981096,0.0,1.0,2.1739130434782608,0.0,1.0,1.0,1.0,0.0,1.0,2.1739130434782608,0.0,1.0,1.0,1.0,0.0,46,-1.7118935970144058,6.466740342787859,3.998366365422821,2.135305362810517,0.17020616380855572,0.9284385210904555,1.0,1.0,1.0,1.0,0.10915847498198908,0.9470697826162282,1.0,1.0,1.0,1.0,1000,0,0,0,0,0,46,0,0,0,0,46,46,46,core
4lzs_4lzs_conf0,generation,mcf_drugs_l_raw,chembl_count,,mcf_drugs_l_raw_chembl_count,MCF drugs-L,mcf_drugs_l_raw_chembl_count,3,15,12,0.7,12,12,0,1.0,12,12,0,1.0,"{""all_atoms_connected"":0,""bond_angles"":0,""bond_lengths"":0,""bonds"":0,""double_bond_stereochemistry"":0,""energy_ratio"":0,""file_loads"":0,""inchi_convertible"":0,""internal_steric_clash"":0,""molecular_formula"":0,""no_radicals"":0,""planar_aromatic_rings"":0,""planar_double_bonds"":0,""reference_file_loads"":0,""sanitisation"":0,""tetrahedral_chirality"":0}","{""all_atoms_connected"":0.0,""bond_angles"":0.0,""bond_lengths"":0.0,""bonds"":0.0,""double_bond_stereochemistry"":0.0,""energy_ratio"":0.0,""file_loads"":0.0,""inchi_convertible"":0.0,""internal_steric_clash"":0.0,""molecular_formula"":0.0,""no_radicals"":0.0,""planar_aromatic_rings"":0.0,""planar_double_bonds"":0.0,""reference_file_loads"":0.0,""sanitisation"":0.0,""tetrahedral_chirality"":0.0}",12,108.61265610734654,0.9439468667842937,1.3850814893000134,7.0,58.333333333333336,0.9353340267248308,0.25,6.172327376868212,0.18055555555555558,0.5714285714285714,2.0,16.666666666666668,0.9182958340544894,0.6666666666666666,1.8898815748423097,0.5555555555555556,0.0,1.0,8.333333333333334,0.0,1.0,1.0,1.0,0.0,1.0,8.333333333333334,0.0,1.0,1.0,1.0,0.0,12,-1.3246905311432595,5.848087320458291,4.2088368259591284,2.3400378514835327,0.2543080912576366,0.841572485807339,0.0,1.0,1.0,1.0,0.20418918181137638,0.8423238617293614,1.0,1.0,1.0,1.0,1000,0,0,0,0,0,12,0,0,0,0,12,12,12,core
4mgd_4mgd_conf0,generation,mcf_drugs_l_raw,fixed,,mcf_drugs_l_raw_fixed,MCF drugs-L,mcf_drugs_l_raw_fixed,4,19,1000,0.7,1000,1000,0,1.0,1000,1000,0,1.0,"{""all_atoms_connected"":0,""bond_angles"":0,""bond_lengths"":0,""bonds"":0,""double_bond_stereochemistry"":0,""energy_ratio"":0,""file_loads"":0,""inchi_convertible"":0,""internal_steric_clash"":0,""molecular_formula"":0,""no_radicals"":0,""planar_aromatic_rings"":0,""planar_double_bonds"":0,""reference_file_loads"":0,""sanitisation"":0,""tetrahedral_chirality"":0}","{""all_atoms_connected"":0.0,""bond_angles"":0.0,""bond_lengths"":0.0,""bonds"":0.0,""double_bond_stereochemistry"":0.0,""energy_ratio"":0.0,""file_loads"":0.0,""inchi_convertible"":0.0,""internal_steric_clash"":0.0,""molecular_formula"":0.0,""no_radicals"":0.0,""planar_aromatic_rings"":0.0,""planar_double_bonds"":0.0,""reference_file_loads"":0.0,""sanitisation"":0.0,""tetrahedral_chirality"":0.0}",1000,111.51142380426356,0.5053554615416189,0.8516944138097182,4.0,0.4,0.7757282787236037,0.445,2.9311291920271483,0.38856399999999996,0.0,2.0,0.2,0.9888799605926125,0.562,1.984643610276012,0.507688,0.0,1.0,0.1,0.0,1.0,1.0,1.0,0.0,1.0,0.1,0.0,1.0,1.0,1.0,0.0,1000,76.3502237940598,86.42498920448085,79.30545999518095,1.9185584331784176,0.208503594047382,0.625130642683069,1.0,1.0,1.0,1.0,0.22905389413659497,0.6311878201754391,1.0,1.0,1.0,1.0,1000,0,0,0,0,0,1000,0,0,0,0,1000,1000,1000,core
4mgd_4mgd_conf0,generation,mcf_drugs_l_raw,dynamic,,mcf_drugs_l_raw_dynamic,MCF drugs-L,mcf_drugs_l_raw_dynamic,4,19,68,0.7,68,68,0,1.0,68,68,0,1.0,"{""all_atoms_connected"":0,""bond_angles"":0,""bond_lengths"":0,""bonds"":0,""double_bond_stereochemistry"":0,""energy_ratio"":0,""file_loads"":0,""inchi_convertible"":0,""internal_steric_clash"":0,""molecular_formula"":0,""no_radicals"":0,""planar_aromatic_rings"":0,""planar_double_bonds"":0,""reference_file_loads"":0,""sanitisation"":0,""tetrahedral_chirality"":0}","{""all_atoms_connected"":0.0,""bond_angles"":0.0,""bond_lengths"":0.0,""bonds"":0.0,""double_bond_stereochemistry"":0.0,""energy_ratio"":0.0,""file_loads"":0.0,""inchi_convertible"":0.0,""internal_steric_clash"":0.0,""molecular_formula"":0.0,""no_radicals"":0.0,""planar_aromatic_rings"":0.0,""planar_double_bonds"":0.0,""reference_file_loads"":0.0,""sanitisation"":0.0,""tetrahedral_chirality"":0.0}",68,108.69335418398211,0.5226056768959438,0.8751246947650125,3.0,4.411764705882353,0.8838483663091401,0.5294117647058824,2.640601353264252,0.41219723183391005,0.0,1.0,1.4705882352941178,0.0,1.0,1.0,1.0,0.0,1.0,1.4705882352941178,0.0,1.0,1.0,1.0,0.0,1.0,1.4705882352941178,0.0,1.0,1.0,1.0,0.0,68,77.08422820037077,85.86037594083683,79.14722135259082,2.0392157376343794,0.20925907869300553,0.8149490142399812,1.0,1.0,1.0,1.0,0.23604054898722587,0.7822077419311791,1.0,1.0,1.0,1.0,1000,0,0,0,0,0,68,0,0,0,0,68,68,68,core
4mgd_4mgd_conf0,generation,mcf_drugs_l_raw,chembl_count,,mcf_drugs_l_raw_chembl_count,MCF drugs-L,mcf_drugs_l_raw_chembl_count,4,19,24,0.7,24,24,0,1.0,24,24,0,1.0,"{""all_atoms_connected"":0,""bond_angles"":0,""bond_lengths"":0,""bonds"":0,""double_bond_stereochemistry"":0,""energy_ratio"":0,""file_loads"":0,""inchi_convertible"":0,""internal_steric_clash"":0,""molecular_formula"":0,""no_radicals"":0,""planar_aromatic_rings"":0,""planar_double_bonds"":0,""reference_file_loads"":0,""sanitisation"":0,""tetrahedral_chirality"":0}","{""all_atoms_connected"":0.0,""bond_angles"":0.0,""bond_lengths"":0.0,""bonds"":0.0,""double_bond_stereochemistry"":0.0,""energy_ratio"":0.0,""file_loads"":0.0,""inchi_convertible"":0.0,""internal_steric_clash"":0.0,""molecular_formula"":0.0,""no_radicals"":0.0,""planar_aromatic_rings"":0.0,""planar_double_bonds"":0.0,""reference_file_loads"":0.0,""sanitisation"":0.0,""tetrahedral_chirality"":0.0}",24,105.00126445575343,0.49038960412776156,0.8485393633021711,2.0,8.333333333333334,0.9798687566511527,0.5833333333333334,1.9722859800819112,0.513888888888889,0.0,1.0,4.166666666666667,0.0,1.0,1.0,1.0,0.0,1.0,4.166666666666667,0.0,1.0,1.0,1.0,0.0,1.0,4.166666666666667,0.0,1.0,1.0,1.0,0.0,24,77.79595728835376,84.56421228376944,79.4815470627475,1.8158583120085636,0.2335790549792044,0.827328549082675,1.0,1.0,1.0,1.0,0.23604054898722587,0.7929381027934084,1.0,1.0,1.0,1.0,1000,0,0,0,0,0,24,0,0,0,0,24,24,24,core
4ogj_4ogj_conf0,generation,mcf_drugs_l_raw,fixed,,mcf_drugs_l_raw_fixed,MCF drugs-L,mcf_drugs_l_raw_fixed,10,37,999,0.7,999,999,0,1.0,1000,999,1,0.999,"{""all_atoms_connected"":0,""bond_angles"":0,""bond_lengths"":0,""bonds"":0,""double_bond_stereochemistry"":0,""energy_ratio"":1,""file_loads"":0,""inchi_convertible"":0,""internal_steric_clash"":0,""molecular_formula"":0,""no_radicals"":0,""planar_aromatic_rings"":0,""planar_double_bonds"":0,""reference_file_loads"":0,""sanitisation"":0,""tetrahedral_chirality"":0}","{""all_atoms_connected"":0.0,""bond_angles"":0.0,""bond_lengths"":0.0,""bonds"":0.0,""double_bond_stereochemistry"":0.0,""energy_ratio"":0.001,""file_loads"":0.0,""inchi_convertible"":0.0,""internal_steric_clash"":0.0,""molecular_formula"":0.0,""no_radicals"":0.0,""planar_aromatic_rings"":0.0,""planar_double_bonds"":0.0,""reference_file_loads"":0.0,""sanitisation"":0.0,""tetrahedral_chirality"":0.0}",999,108.91693300291492,1.8738296426020151,2.751551346620984,335.0,33.533533533533536,0.9311965510799229,0.02002002002002002,224.54997737214993,0.006421837252668083,0.4417910447761194,33.0,3.3033033033033035,0.7813980594526437,0.17217217217217218,15.366106747142405,0.09159810461111763,0.18181818181818182,4.0,0.4004004004004004,0.9146820839906132,0.4444444444444444,3.553804128539779,0.3103193283373464,0.0,1.0,0.1001001001001001,0.0,1.0,1.0,1.0,0.0,999,-73.76425314774642,919.0721146903876,-58.43223072757732,31.58569431402577,0.6260088083720893,1.6678762526854198,0.0,0.0,1.0,1.0,0.5451316257481482,1.6420029345221219,0.0,0.0,1.0,1.0,1000,0,0,0,0,0,1000,0,0,0,0,999,1000,1000,core
4ogj_4ogj_conf0,generation,mcf_drugs_l_raw,dynamic,,mcf_drugs_l_raw_dynamic,MCF drugs-L,mcf_drugs_l_raw_dynamic,10,37,200,0.7,200,200,0,1.0,200,200,0,1.0,"{""all_atoms_connected"":0,""bond_angles"":0,""bond_lengths"":0,""bonds"":0,""double_bond_stereochemistry"":0,""energy_ratio"":0,""file_loads"":0,""inchi_convertible"":0,""internal_steric_clash"":0,""molecular_formula"":0,""no_radicals"":0,""planar_aromatic_rings"":0,""planar_double_bonds"":0,""reference_file_loads"":0,""sanitisation"":0,""tetrahedral_chirality"":0}","{""all_atoms_connected"":0.0,""bond_angles"":0.0,""bond_lengths"":0.0,""bonds"":0.0,""double_bond_stereochemistry"":0.0,""energy_ratio"":0.0,""file_loads"":0.0,""inchi_convertible"":0.0,""internal_steric_clash"":0.0,""molecular_formula"":0.0,""no_radicals"":0.0,""planar_aromatic_rings"":0.0,""planar_double_bonds"":0.0,""reference_file_loads"":0.0,""sanitisation"":0.0,""tetrahedral_chirality"":0.0}",200,108.7791487503126,1.8623494123240503,2.7126925888651905,112.0,56.0,0.9537141972394241,0.045,90.02607613623894,0.014299999999999997,0.5982142857142857,20.0,10.0,0.8277680839719777,0.175,11.938536916775384,0.10694999999999999,0.2,3.0,1.5,0.9780588207618982,0.435,2.9285500572243155,0.34985,0.0,1.0,0.5,0.0,1.0,1.0,1.0,0.0,200,-72.3160760155199,-38.75746440202856,-58.262580195830765,5.812880981715034,0.7139788945344013,1.645955391998891,0.0,0.0,1.0,1.0,0.6804566640782739,1.6249794654110554,0.0,0.0,1.0,1.0,1000,0,0,0,0,0,200,0,0,0,0,200,200,200,core
4ogj_4ogj_conf0,generation,mcf_drugs_l_raw,chembl_count,,mcf_drugs_l_raw_chembl_count,MCF drugs-L,mcf_drugs_l_raw_chembl_count,10,37,54,0.7,54,54,0,1.0,54,54,0,1.0,"{""all_atoms_connected"":0,""bond_angles"":0,""bond_lengths"":0,""bonds"":0,""double_bond_stereochemistry"":0,""energy_ratio"":0,""file_loads"":0,""inchi_convertible"":0,""internal_steric_clash"":0,""molecular_formula"":0,""no_radicals"":0,""planar_aromatic_rings"":0,""planar_double_bonds"":0,""reference_file_loads"":0,""sanitisation"":0,""tetrahedral_chirality"":0}","{""all_atoms_connected"":0.0,""bond_angles"":0.0,""bond_lengths"":0.0,""bonds"":0.0,""double_bond_stereochemistry"":0.0,""energy_ratio"":0.0,""file_loads"":0.0,""inchi_convertible"":0.0,""internal_steric_clash"":0.0,""molecular_formula"":0.0,""no_radicals"":0.0,""planar_aromatic_rings"":0.0,""planar_double_bonds"":0.0,""reference_file_loads"":0.0,""sanitisation"":0.0,""tetrahedral_chirality"":0.0}",54,108.70087809805325,1.8804100766952774,2.83440955528597,42.0,77.77777777777777,0.9710795142594837,0.07407407407407407,37.69676935893187,0.03086419753086419,0.8095238095238095,13.0,24.074074074074073,0.8957997003011093,0.18518518518518517,9.951077787953102,0.12002743484224965,0.23076923076923078,2.0,3.7037037037037037,0.964078764808229,0.6111111111111112,1.9508174262050981,0.5246913580246915,0.0,1.0,1.8518518518518519,0.0,1.0,1.0,1.0,0.0,54,-69.21189700459473,-39.48790325131384,-59.200761219906,6.292899383712249,0.8005888182934929,1.601455640476638,0.0,0.0,0.0,1.0,0.7733170475330516,1.5821427858368224,0.0,0.0,0.0,1.0,1000,0,0,0,0,0,54,0,0,0,0,54,54,54,core
5c28_5c28_conf0,generation,mcf_drugs_l_raw,fixed,,mcf_drugs_l_raw_fixed,MCF drugs-L,mcf_drugs_l_raw_fixed,2,12,997,0.7,997,997,0,1.0,1000,997,3,0.997,"{""all_atoms_connected"":0,""bond_angles"":0,""bond_lengths"":0,""bonds"":0,""double_bond_stereochemistry"":0,""energy_ratio"":3,""file_loads"":0,""inchi_convertible"":0,""internal_steric_clash"":0,""molecular_formula"":0,""no_radicals"":0,""planar_aromatic_rings"":0,""planar_double_bonds"":0,""reference_file_loads"":0,""sanitisation"":0,""tetrahedral_chirality"":0}","{""all_atoms_connected"":0.0,""bond_angles"":0.0,""bond_lengths"":0.0,""bonds"":0.0,""double_bond_stereochemistry"":0.0,""energy_ratio"":0.003,""file_loads"":0.0,""inchi_convertible"":0.0,""internal_steric_clash"":0.0,""molecular_formula"":0.0,""no_radicals"":0.0,""planar_aromatic_rings"":0.0,""planar_double_bonds"":0.0,""reference_file_loads"":0.0,""sanitisation"":0.0,""tetrahedral_chirality"":0.0}",997,110.16190817015236,0.33663598512662696,0.6439824478568925,4.0,0.4012036108324975,0.6612630004045591,0.5947843530591775,2.501036306736756,0.46671106599638434,0.0,1.0,0.10030090270812438,0.0,1.0,1.0,1.0,0.0,1.0,0.10030090270812438,0.0,1.0,1.0,1.0,0.0,1.0,0.10030090270812438,0.0,1.0,1.0,1.0,0.0,997,-57.383103904148825,160.79770918459056,-55.23118601078102,6.875747203112384,0.05398083282499065,0.6288822820248844,1.0,1.0,1.0,1.0,0.08512194867250497,0.6021895541758474,1.0,1.0,1.0,1.0,1000,0,0,0,0,0,1000,0,0,0,0,997,1000,1000,core
5c28_5c28_conf0,generation,mcf_drugs_l_raw,dynamic,,mcf_drugs_l_raw_dynamic,MCF drugs-L,mcf_drugs_l_raw_dynamic,2,12,24,0.7,24,24,0,1.0,24,24,0,1.0,"{""all_atoms_connected"":0,""bond_angles"":0,""bond_lengths"":0,""bonds"":0,""double_bond_stereochemistry"":0,""energy_ratio"":0,""file_loads"":0,""inchi_convertible"":0,""internal_steric_clash"":0,""molecular_formula"":0,""no_radicals"":0,""planar_aromatic_rings"":0,""planar_double_bonds"":0,""reference_file_loads"":0,""sanitisation"":0,""tetrahedral_chirality"":0}","{""all_atoms_connected"":0.0,""bond_angles"":0.0,""bond_lengths"":0.0,""bonds"":0.0,""double_bond_stereochemistry"":0.0,""energy_ratio"":0.0,""file_loads"":0.0,""inchi_convertible"":0.0,""internal_steric_clash"":0.0,""molecular_formula"":0.0,""no_radicals"":0.0,""planar_aromatic_rings"":0.0,""planar_double_bonds"":0.0,""reference_file_loads"":0.0,""sanitisation"":0.0,""tetrahedral_chirality"":0.0}",24,108.98237320722471,0.36688083604232213,0.6466402159974212,3.0,12.5,0.7614744352643515,0.5,2.3084243035018046,0.4618055555555555,0.3333333333333333,1.0,4.166666666666667,0.0,1.0,1.0,1.0,0.0,1.0,4.166666666666667,0.0,1.0,1.0,1.0,0.0,1.0,4.166666666666667,0.0,1.0,1.0,1.0,0.0,24,-56.94851718807658,-52.836728068798934,-55.1370249721094,0.7859931423642469,0.06030499246184039,0.30191743717685304,1.0,1.0,1.0,1.0,0.09290429353412857,0.30543066578050065,1.0,1.0,1.0,1.0,1000,0,0,0,0,0,24,0,0,0,0,24,24,24,core
5c28_5c28_conf0,generation,mcf_drugs_l_raw,chembl_count,,mcf_drugs_l_raw_chembl_count,MCF drugs-L,mcf_drugs_l_raw_chembl_count,2,12,2,0.7,2,2,0,1.0,2,2,0,1.0,"{""all_atoms_connected"":0,""bond_angles"":0,""bond_lengths"":0,""bonds"":0,""double_bond_stereochemistry"":0,""energy_ratio"":0,""file_loads"":0,""inchi_convertible"":0,""internal_steric_clash"":0,""molecular_formula"":0,""no_radicals"":0,""planar_aromatic_rings"":0,""planar_double_bonds"":0,""reference_file_loads"":0,""sanitisation"":0,""tetrahedral_chirality"":0}","{""all_atoms_connected"":0.0,""bond_angles"":0.0,""bond_lengths"":0.0,""bonds"":0.0,""double_bond_stereochemistry"":0.0,""energy_ratio"":0.0,""file_loads"":0.0,""inchi_convertible"":0.0,""internal_steric_clash"":0.0,""molecular_formula"":0.0,""no_radicals"":0.0,""planar_aromatic_rings"":0.0,""planar_double_bonds"":0.0,""reference_file_loads"":0.0,""sanitisation"":0.0,""tetrahedral_chirality"":0.0}",2,77.64840254927553,0.645915176541562,0.645915176541562,2.0,100.0,1.0,0.5,2.0,0.5,1.0,1.0,50.0,0.0,1.0,1.0,1.0,0.0,1.0,50.0,0.0,1.0,1.0,1.0,0.0,1.0,50.0,0.0,1.0,1.0,1.0,0.0,2,-55.62997978162616,-55.196464087925946,-55.413221934776054,0.21675784685010768,0.07201062632447428,0.354628069249558,1.0,1.0,1.0,1.0,0.09778312828078685,0.35426946862659575,1.0,1.0,1.0,1.0,1000,0,0,0,0,0,2,0,0,0,0,2,2,2,core
5c2h_5c2h_conf0,generation,mcf_drugs_l_raw,fixed,,mcf_drugs_l_raw_fixed,MCF drugs-L,mcf_drugs_l_raw_fixed,8,31,980,0.7,980,977,3,0.996938775510204,1000,980,20,0.98,"{""all_atoms_connected"":0,""bond_angles"":20,""bond_lengths"":20,""bonds"":0,""double_bond_stereochemistry"":0,""energy_ratio"":15,""file_loads"":0,""inchi_convertible"":0,""internal_steric_clash"":3,""molecular_formula"":0,""no_radicals"":0,""planar_aromatic_rings"":0,""planar_double_bonds"":0,""reference_file_loads"":0,""sanitisation"":0,""tetrahedral_chirality"":0}","{""all_atoms_connected"":0.0,""bond_angles"":0.02,""bond_lengths"":0.02,""bonds"":0.0,""double_bond_stereochemistry"":0.0,""energy_ratio"":0.015,""file_loads"":0.0,""inchi_convertible"":0.0,""internal_steric_clash"":0.003,""molecular_formula"":0.0,""no_radicals"":0.0,""planar_aromatic_rings"":0.0,""planar_double_bonds"":0.0,""reference_file_loads"":0.0,""sanitisation"":0.0,""tetrahedral_chirality"":0.0}",980,91.3432741302801,2.64234665667775,3.4982085581736926,364.0,37.142857142857146,0.9119639263576872,0.027551020408163266,216.5868443101585,0.007805081216159934,0.5631868131868132,153.0,15.612244897959183,0.8749320869958943,0.05612244897959184,81.55613442172485,0.01887546855476885,0.3137254901960784,21.0,2.142857142857143,0.852633363299307,0.17653061224489797,13.408132230034273,0.09167846730528946,0.047619047619047616,4.0,0.40816326530612246,0.7907292370915584,0.48775510204081635,2.9927224231428355,0.36651187005414415,0.0,980,-44.78058192969818,4954.129205105223,-29.581259001015653,443.76652072659095,1.6530551315091564,3.794656529615592,0.0,0.0,0.0,1.0,1.6875108027919161,3.869894076953149,0.0,0.0,0.0,1.0,1000,0,0,0,0,0,1000,0,0,0,0,980,1000,1000,core
5c2h_5c2h_conf0,generation,mcf_drugs_l_raw,dynamic,,mcf_drugs_l_raw_dynamic,MCF drugs-L,mcf_drugs_l_raw_dynamic,8,31,155,0.7,155,154,1,0.9935483870967742,156,155,1,0.9935897435897436,"{""all_atoms_connected"":0,""bond_angles"":1,""bond_lengths"":1,""bonds"":0,""double_bond_stereochemistry"":0,""energy_ratio"":0,""file_loads"":0,""inchi_convertible"":0,""internal_steric_clash"":0,""molecular_formula"":0,""no_radicals"":0,""planar_aromatic_rings"":0,""planar_double_bonds"":0,""reference_file_loads"":0,""sanitisation"":0,""tetrahedral_chirality"":0}","{""all_atoms_connected"":0.0,""bond_angles"":0.00641025641025641,""bond_lengths"":0.00641025641025641,""bonds"":0.0,""double_bond_stereochemistry"":0.0,""energy_ratio"":0.0,""file_loads"":0.0,""inchi_convertible"":0.0,""internal_steric_clash"":0.0,""molecular_formula"":0.0,""no_radicals"":0.0,""planar_aromatic_rings"":0.0,""planar_double_bonds"":0.0,""reference_file_loads"":0.0,""sanitisation"":0.0,""tetrahedral_chirality"":0.0}",155,90.21066191909487,2.641173148443291,3.5146446751339955,107.0,69.03225806451613,0.9670672688330091,0.05161290322580645,91.73828718415287,0.013527575442247662,0.7289719626168224,69.0,44.516129032258064,0.9332193361075378,0.05806451612903226,52.00553011170476,0.02484911550468262,0.5507246376811594,14.0,9.03225806451613,0.8777948405199049,0.21935483870967742,10.140637923505622,0.12199791883454734,0.0,3.0,1.935483870967742,0.9138097994161725,0.4774193548387097,2.728965706012509,0.3899687825182102,0.0,155,-44.46749005152812,4932.947482520392,-29.53734614198332,495.75764529163115,2.3041332640335477,3.808183462759559,0.0,0.0,0.0,0.0,2.366511828702183,3.8751619704025684,0.0,0.0,0.0,0.0,1000,0,0,0,0,0,156,0,0,0,0,155,156,156,core
5c2h_5c2h_conf0,generation,mcf_drugs_l_raw,chembl_count,,mcf_drugs_l_raw_chembl_count,MCF drugs-L,mcf_drugs_l_raw_chembl_count,8,31,84,0.7,84,84,0,1.0,85,84,1,0.9882352941176472,"{""all_atoms_connected"":0,""bond_angles"":1,""bond_lengths"":1,""bonds"":0,""double_bond_stereochemistry"":0,""energy_ratio"":1,""file_loads"":0,""inchi_convertible"":0,""internal_steric_clash"":0,""molecular_formula"":0,""no_radicals"":0,""planar_aromatic_rings"":0,""planar_double_bonds"":0,""reference_file_loads"":0,""sanitisation"":0,""tetrahedral_chirality"":0}","{""all_atoms_connected"":0.0,""bond_angles"":0.011764705882352941,""bond_lengths"":0.011764705882352941,""bonds"":0.0,""double_bond_stereochemistry"":0.0,""energy_ratio"":0.011764705882352941,""file_loads"":0.0,""inchi_convertible"":0.0,""internal_steric_clash"":0.0,""molecular_formula"":0.0,""no_radicals"":0.0,""planar_aromatic_rings"":0.0,""planar_double_bonds"":0.0,""reference_file_loads"":0.0,""sanitisation"":0.0,""tetrahedral_chirality"":0.0}",84,90.92902244349365,2.722980849535481,3.550145731890549,65.0,77.38095238095238,0.9808667245183812,0.047619047619047616,60.01038126228443,0.018424036281179133,0.7538461538461538,48.0,57.142857142857146,0.948776869742757,0.07142857142857142,39.366136902722374,0.0314625850340136,0.6041666666666666,13.0,15.476190476190476,0.8800925455566447,0.20238095238095238,9.558136767129184,0.12698412698412698,0.15384615384615385,3.0,3.5714285714285716,0.9973285578029326,0.36904761904761907,2.9912082699650684,0.33531746031746035,0.0,84,-41.22387015489791,-19.273091915380206,-30.10584863531929,5.0814659764560455,2.0204129476390404,3.800295490770032,0.0,0.0,0.0,0.0,2.0592238003430343,3.8649673336985773,0.0,0.0,0.0,0.0,1000,0,0,0,0,0,85,0,0,0,0,84,85,85,core
