run_id,run_label,ligand_set,row_type,family,tier,variant,method,display_label,source,ligands,total_confs,mean_confs_per_ligand,generated_ligands,selected_ligands,kept_ligands,selected_pool_total,kept_confs_total,pb_fail_total,target_confs_mean,pb_fail_rate_mean,kept_vs_target_rate_mean,generated_candidates_total,finite_rejected_total,clash_rejected_total,bond_rejected_total,stereo_rejected_total,rmsd_rejected_total,pre_clash_passed_total,minimization_input_confs_total,minimization_failed_total,pairwise_mean,pairwise_p90,mean_torsion_std_deg,energy_min,energy_max,energy_median,energy_std,casf_best_rmsd,casf_median_rmsd,casf_opt_best_rmsd,casf_opt_median_rmsd,total_clusters_0p5,mean_clusters_0p5,clusters_per_100_0p5,cluster_entropy_0p5,largest_cluster_fraction_0p5,effective_clusters_0p5,simpson_concentration_0p5,singleton_fraction_0p5,total_clusters_1p0,mean_clusters_1p0,clusters_per_100_1p0,cluster_entropy_1p0,largest_cluster_fraction_1p0,effective_clusters_1p0,simpson_concentration_1p0,singleton_fraction_1p0,total_clusters_2p0,mean_clusters_2p0,clusters_per_100_2p0,cluster_entropy_2p0,largest_cluster_fraction_2p0,effective_clusters_2p0,simpson_concentration_2p0,singleton_fraction_2p0,total_clusters_3p0,mean_clusters_3p0,clusters_per_100_3p0,cluster_entropy_3p0,largest_cluster_fraction_3p0,effective_clusters_3p0,simpson_concentration_3p0,singleton_fraction_3p0,casf_hit_0p25,casf_hit_0p5,casf_hit_0p75,casf_hit_2p0,casf_opt_hit_0p25,casf_opt_hit_0p5,casf_opt_hit_0p75,casf_opt_hit_2p0,clash_fail_total,clash_fail_rate,pb_fail_rate,ligands_scope
loqi_core,LOQI (core),core,generation,loqi_raw,fixed,,loqi_raw_fixed,LOQI,loqi_raw_fixed,94,89964.0,957.063829787234,94.0,94.0,90.0,94000.0,89964.0,4036.0,1000.0,0.04293617021276596,0.957063829787234,94000.0,0.0,0.0,0.0,0.0,0.0,94000.0,0.0,0.0,1.0901268475665573,1.672256322579576,106.68272092988106,32.167983731136566,51.130218732620676,37.921712307950386,2.913481759708429,0.34147456573410195,1.3051912448505025,0.3902058063802261,1.3266282652701535,7753.0,86.14444444444445,8.620931394878546,0.7008959687342128,0.32634904675526055,52.372374292566995,0.26781813230887763,0.19207207087824402,1863.0,20.7,2.0711917223976597,0.631567593777897,0.4829544097284505,10.322633034776896,0.4232036392550078,0.06389584571717184,253.0,2.811111111111111,0.2812362449360284,0.36327738461296766,0.769885297318292,2.0285927789695695,0.733535241030585,0.010854381638695362,117.0,1.3,0.1300514699809476,0.16174264938487876,0.9303946957007259,1.1894480411906587,0.912974373096639,0.0,0.5555555555555556,0.8222222222222222,0.8555555555555555,1.0,0.5111111111111111,0.7777777777777778,0.8666666666666667,0.9888888888888889,,,,94/957
loqi_core,LOQI (core),core,generation,loqi_raw,dynamic,,loqi_raw_dynamic,LOQI,loqi_raw_dynamic,94,9017.0,95.92553191489361,94.0,94.0,90.0,9428.0,9017.0,411.0,100.29787234042553,0.04306131882632002,0.95693868117368,94000.0,0.0,0.0,0.0,0.0,0.0,9428.0,0.0,0.0,1.0912552502359671,1.6706384409252575,101.70742819526772,32.95983188528051,46.95117896341451,37.88007848091661,2.862166415224467,0.464423057581225,1.2745549572462345,0.5080996436938356,1.2995815564968352,2808.0,31.2,24.46450293382168,0.7532452051816227,0.35692691591681247,23.927240827725754,0.29278145573854003,0.2895102794613672,1028.0,11.422222222222222,11.024511197211218,0.6514846991037507,0.5113644597943361,7.649660864887958,0.4492808361400146,0.12446381678432032,214.0,2.3777777777777778,4.614600389477232,0.32387913587526024,0.8058735086356269,1.8194628203066716,0.7714202719840936,0.023713323713323714,112.0,1.2444444444444445,3.8195098836168175,0.14163402536137654,0.9404031160542554,1.1622300788527558,0.9246333827974917,0.007407407407407407,0.4777777777777778,0.7333333333333333,0.8222222222222222,0.9888888888888889,0.43333333333333335,0.6888888888888889,0.8,0.9777777777777777,,,,94/96
loqi_core,LOQI (core),core,generation,loqi_raw,chembl_count,,loqi_raw_chembl_count,LOQI,loqi_raw_chembl_count,94,7109.0,75.62765957446808,94.0,94.0,90.0,9917.0,7109.0,2808.0,115.19148936170212,0.0425531914893617,0.9574468085106383,94000.0,0.0,0.0,0.0,0.0,0.0,9917.0,0.0,0.0,1.2075277903689956,1.7853475197365207,90.24945491247621,33.36753975525682,46.11100022626374,38.061709164197694,2.9414439596999395,0.5296421867623299,1.290110269963802,0.5738040090203639,1.310582302651741,2258.0,25.08888888888889,43.582612385748696,0.7402184085359326,0.3903087447352576,19.196490606708497,0.3340059133875954,0.43670258305933296,843.0,9.366666666666667,28.23057537929929,0.6363484830177045,0.5338408738003576,6.472646553044097,0.4703562593878648,0.24971767023393168,198.0,2.2,18.553979579774825,0.36775832402208203,0.8032298484614055,1.7969156505318302,0.7639480604804701,0.10746913580246914,109.0,1.211111111111111,17.05929101527079,0.12641498558171677,0.9517578644291386,1.1400653803374623,0.9351279190380071,0.08888888888888889,0.3888888888888889,0.6666666666666666,0.7444444444444445,0.9666666666666667,0.35555555555555557,0.6444444444444445,0.7555555555555555,0.9555555555555556,,,,94/76
mcf_drugs_l_core,MCF drugs-L (core),core,generation,mcf_drugs_l_raw,fixed,,mcf_drugs_l_raw_fixed,MCF drugs-L,mcf_drugs_l_raw_fixed,94,80883.0,860.4574468085107,94.0,94.0,93.0,94000.0,80883.0,13117.0,1000.0,0.13954255319148937,0.8604574468085107,94000.0,0.0,0.0,0.0,0.0,0.0,94000.0,0.0,0.0,1.331417812350555,1.9582802077814634,106.86537256470109,35.729947836942834,45933.01903748836,46.21163320294811,1747.0296113558938,0.3872355355099043,1.4593421768616528,0.43903068026273256,1.4866754639798156,10118.0,108.79569892473118,16.702734811332324,0.7867831300376467,0.24899078792625773,77.69623326048686,0.19885451950401872,0.26437140538896403,3131.0,33.666666666666664,6.406671748376655,0.7129216578147206,0.40618528383528535,22.1786572297816,0.3522406298943917,0.10517400738993123,382.0,4.10752688172043,2.3451860412540504,0.4782751771030846,0.6868022753631198,3.1848227470915393,0.644500148368004,0.027093371027807983,140.0,1.5053763440860215,1.6324193916119882,0.25869695076481536,0.8799293745833835,1.3771824836829902,0.853353764147242,0.010752688172043012,0.46236559139784944,0.7526881720430108,0.8494623655913979,1.0,0.43010752688172044,0.7204301075268817,0.8387096774193549,0.989247311827957,,,,94/860
mcf_drugs_l_core,MCF drugs-L (core),core,generation,mcf_drugs_l_raw,dynamic,,mcf_drugs_l_raw_dynamic,MCF drugs-L,mcf_drugs_l_raw_dynamic,94,6220.0,66.17021276595744,94.0,94.0,91.0,7514.0,6220.0,1294.0,79.93617021276596,0.14452549738265313,0.8554745026173468,94000.0,0.0,0.0,0.0,0.0,0.0,7514.0,0.0,0.0,1.325630593269802,1.9212308488354537,101.76717061674849,37.25764990341849,475.86151088458274,46.01068572923349,67.19761231429311,0.5478559787810214,1.467007417436173,0.5936809358137408,1.4895846182610306,2971.0,32.64835164835165,42.60188778916498,0.8355092789479881,0.2821555043251913,28.478622353160183,0.22678677425646315,0.4105253742173365,1421.0,15.615384615384615,22.8810858609012,0.7228078704473477,0.4418028564121929,12.700360609190986,0.3871958206738546,0.17647550795002823,293.0,3.21978021978022,8.544126679143996,0.44411422720152255,0.7160233365073536,2.6918079568982844,0.6750358594890323,0.03090441304727019,128.0,1.4065934065934067,6.3125001239767595,0.23029879728863492,0.9000470856532887,1.3032485017291013,0.8765906131884204,0.013736263736263736,0.34065934065934067,0.5934065934065934,0.7472527472527473,0.978021978021978,0.3516483516483517,0.5824175824175825,0.7252747252747253,0.967032967032967,,,,94/66
mcf_drugs_l_core,MCF drugs-L (core),core,generation,mcf_drugs_l_raw,chembl_count,,mcf_drugs_l_raw_chembl_count,MCF drugs-L,mcf_drugs_l_raw_chembl_count,94,6249.0,66.47872340425532,94.0,94.0,93.0,9917.0,6249.0,3668.0,115.19148936170212,0.13323497825787692,0.8667530037096796,94000.0,0.0,0.0,0.0,0.0,0.0,9917.0,0.0,0.0,1.4336369436443135,2.053958632762938,89.2477209709881,38.3482536158423,722.1513806491859,46.25742231966334,64.18826903882618,0.5762162922688578,1.4409795351021768,0.6170748899478986,1.4686822369291894,2915.0,31.344086021505376,56.808356561117485,0.7983245352482298,0.3409032454565603,26.826678983143825,0.2954065037646354,0.5403488068661454,1308.0,14.064516129032258,36.871340056301605,0.6796309766788035,0.4863466348858957,11.168872293652822,0.4295463302469936,0.2999594794868958,278.0,2.989247311827957,21.844103789069642,0.4322309038954955,0.7341684272012338,2.526438237683701,0.6906791802994178,0.13091693252983574,120.0,1.2903225806451613,18.810624316799572,0.1870468011937997,0.9175603862115197,1.2433442581608642,0.8994772367951498,0.1003584229390681,0.21505376344086022,0.5376344086021505,0.7096774193548387,0.989247311827957,0.24731182795698925,0.5268817204301075,0.7096774193548387,0.978494623655914,,,,94/66
nextmol_dmt_l_core,NextMol DMT-L (core),core,generation,nextmol_dmt_l_raw,fixed,,nextmol_dmt_l_raw_fixed,NextMol DMT-L,nextmol_dmt_l_raw_fixed,94,80926.0,860.9148936170212,94.0,94.0,93.0,94000.0,80926.0,13074.0,1000.0,0.13908510638297872,0.8609148936170212,94000.0,0.0,0.0,0.0,0.0,0.0,94000.0,0.0,0.0,1.3116701386662346,1.9564828454881844,108.64717828407586,33.96503235053523,185.99249992308293,41.27136996184184,8.098519018507455,0.3953983473399152,1.454407717126032,0.45026563371447426,1.478594940924332,9649.0,103.75268817204301,15.60749299517538,0.7778542682898963,0.25826125554290646,74.39953891525097,0.2109820442563896,0.2344379685611677,2886.0,31.032258064516128,5.706327329061925,0.7175414524612681,0.40857729768747425,20.35472135757165,0.3548758054491899,0.0933055479706119,363.0,3.903225806451613,1.4284139472530815,0.46304860786179997,0.6962066657097451,2.8858051814962606,0.6525708686249134,0.013213457425981144,136.0,1.4623655913978495,0.7318941529890464,0.2418062939747241,0.8905245743709257,1.3248299573112936,0.8636404237187172,0.0,0.46236559139784944,0.7526881720430108,0.8494623655913979,0.989247311827957,0.3978494623655914,0.7526881720430108,0.8387096774193549,0.978494623655914,,,,94/861
nextmol_dmt_l_core,NextMol DMT-L (core),core,generation,nextmol_dmt_l_raw,dynamic,,nextmol_dmt_l_raw_dynamic,NextMol DMT-L,nextmol_dmt_l_raw_dynamic,94,6295.0,66.96808510638297,94.0,94.0,92.0,7514.0,6295.0,1219.0,79.93617021276596,0.13551440346053523,0.8644855965394648,94000.0,0.0,0.0,0.0,0.0,0.0,7514.0,0.0,0.0,1.3005134211814549,1.904674604348767,103.82363272322152,35.15976155331278,60.58826820557255,41.16382457818864,4.864892793948784,0.557644238028784,1.4615769818126736,0.6067076630454828,1.4797769684556459,2892.0,31.434782608695652,41.11319643963379,0.8122129946054197,0.30213186368577427,27.23677079481647,0.25488750800910487,0.39617849518728243,1353.0,14.706521739130435,22.805704831160657,0.6978537772203042,0.45506548694729965,11.842364821368825,0.4040016990745409,0.1639904148028215,281.0,3.0543478260869565,9.582815451793497,0.45652986531878825,0.7267403639055764,2.5131238616337943,0.6772635852410276,0.026623205170115925,127.0,1.3804347826086956,7.40980864701678,0.24044803810108664,0.8969133515019668,1.2946284554492027,0.8723979786936052,0.01358695652173913,0.33695652173913043,0.6304347826086957,0.7608695652173914,0.9891304347826086,0.31521739130434784,0.6086956521739131,0.75,0.9782608695652174,,,,94/67
nextmol_dmt_l_core,NextMol DMT-L (core),core,generation,nextmol_dmt_l_raw,chembl_count,,nextmol_dmt_l_raw_chembl_count,NextMol DMT-L,nextmol_dmt_l_raw_chembl_count,94,6118.0,65.08510638297872,94.0,94.0,92.0,9917.0,6118.0,3799.0,115.19148936170212,0.14350876828936596,0.8564633463063127,94000.0,0.0,0.0,0.0,0.0,0.0,9917.0,0.0,0.0,1.4464680182072014,2.0914133708543923,91.26230989312268,35.30097417289719,60.96694217067685,40.74133158292667,4.465339056651897,0.5520845563387533,1.460441858483577,0.6031041418517296,1.485052648881743,2854.0,31.02173913043478,57.219314437676466,0.8015053946309488,0.3311194226605152,26.792488888509496,0.2793304225615259,0.5399241324665383,1284.0,13.956521739130435,36.591085074906076,0.68854741972801,0.4691328281124,11.227745799415883,0.4119557046022766,0.30410433399111725,278.0,3.0217391304347827,20.518023609367056,0.4557795113726297,0.7311746949229372,2.4299906499557196,0.6798236278793255,0.11556779441940122,124.0,1.3478260869565217,17.423998652752136,0.20862277062409096,0.9127448864193893,1.2572607816157308,0.8901337440731971,0.08695652173913043,0.32608695652173914,0.5434782608695652,0.7608695652173914,0.9891304347826086,0.2608695652173913,0.5760869565217391,0.7608695652173914,0.9782608695652174,,,,94/65
qwen_0p6b_4e_from_bigdata_step29600_core,Qwen 0.6B 4e from bigdata step 29600 (core),core,generation,qwen_0p6b_4e_from_bigdata_step29600,fixed,0p6b_4e_from_bigdata_step29600,qwen_0p6b_4e_from_bigdata_step29600_fixed,Qwen 0.6B 4e from bigdata (step 29600),qwen_0p6b_4e_from_bigdata_step29600_fixed,94,78482.0,834.9148936170212,94.0,94.0,91.0,93787.0,78482.0,15305.0,1000.0,0.16379868461991126,0.8349148936170213,93787.0,0.0,0.0,0.0,0.0,0.0,93787.0,0.0,0.0,1.3427552552960162,1.9349505834637823,105.14149636847918,46.88111904029246,303443.37774187926,67.06010861848775,11585.599981432146,0.42982608958926044,1.4841068191193574,0.45859422443465464,1.4971665666713747,16818.0,184.8131868131868,27.020831217668608,0.8220371006005704,0.1975329028111297,145.97166887754096,0.1460466258327085,0.3538291575108127,4521.0,49.68131868131868,7.853708436357181,0.6910668484163778,0.3678472728953757,34.03420097880103,0.3088188639563745,0.14397869442880545,448.0,4.923076923076923,0.7502834916637509,0.4924477727379854,0.6767090723340491,3.4941168022520417,0.6246556580264642,0.01797742508374587,143.0,1.5714285714285714,0.22088246213614857,0.24732156367086505,0.8876871614767522,1.4028944769986489,0.8573482485800121,0.0015698587127158548,0.5164835164835165,0.7252747252747253,0.8351648351648352,0.989010989010989,0.4725274725274725,0.7362637362637363,0.8241758241758241,0.978021978021978,,,,94/835
qwen_0p6b_4e_from_bigdata_step29600_core,Qwen 0.6B 4e from bigdata step 29600 (core),core,generation,qwen_0p6b_4e_from_bigdata_step29600,dynamic,0p6b_4e_from_bigdata_step29600,qwen_0p6b_4e_from_bigdata_step29600_dynamic,Qwen 0.6B 4e from bigdata (step 29600),qwen_0p6b_4e_from_bigdata_step29600_dynamic,94,5788.0,61.57446808510638,94.0,94.0,91.0,7514.0,5792.0,1722.0,79.93617021276596,0.15991717074763048,0.8400828292523695,93787.0,0.0,0.0,0.0,0.0,0.0,7514.0,0.0,0.0,1.3235440108072063,1.8933279687711688,98.98853156359252,51.22252676308373,1798.0626505850341,67.14189031424189,198.66444540848673,0.604440279859541,1.4654241761230271,0.6208855609162031,1.4808806384198776,3446.0,37.86813186813187,53.073019213216384,0.8320626268162721,0.26033322450395735,34.03614478875589,0.20659002575424065,0.5056236419591129,1563.0,17.175824175824175,26.49051963971606,0.7013245095636763,0.4417522766676898,14.072172601777199,0.37291920193324934,0.2073280768923035,295.0,3.241758241758242,8.756597552705895,0.45566006368554374,0.7345021920535992,2.638046813804468,0.680941197487749,0.02978808672851472,126.0,1.3846153846153846,6.240254668816056,0.2028508293075187,0.9177534868312822,1.26973481378968,0.8913771475465933,0.0,0.3076923076923077,0.5714285714285714,0.6923076923076923,0.989010989010989,0.27472527472527475,0.5604395604395604,0.7032967032967034,0.978021978021978,,,,94/62
qwen_0p6b_4e_from_bigdata_step29600_core,Qwen 0.6B 4e from bigdata step 29600 (core),core,generation,qwen_0p6b_4e_from_bigdata_step29600,chembl_count,0p6b_4e_from_bigdata_step29600,qwen_0p6b_4e_from_bigdata_step29600_chembl_count,Qwen 0.6B 4e from bigdata (step 29600),qwen_0p6b_4e_from_bigdata_step29600_chembl_count,94,6021.0,64.05319148936171,94.0,94.0,91.0,9917.0,6011.0,3906.0,115.19148936170212,0.16069146626841774,0.8393085337315822,93787.0,0.0,0.0,0.0,0.0,0.0,9917.0,0.0,0.0,1.471106403614876,2.050915290255382,91.3456798132601,53.92829414019977,15460.367060808361,67.53316047295655,1684.1700581198186,0.6789835810252577,1.4786112657596522,0.6988222801610927,1.4959470611255903,3488.0,38.32967032967033,69.04682249830283,0.8299916851924848,0.2938906563860214,33.73502503486214,0.24688892616487645,0.6797679749137605,1563.0,17.175824175824175,42.044471211622216,0.6944273035573916,0.4384485125265347,14.13712169296885,0.3793826448614621,0.3632435379327496,290.0,3.1868131868131866,21.24004516764397,0.4600608704577495,0.7299957404160072,2.6423294204355527,0.6818372938321009,0.12125919193588366,119.0,1.3076923076923077,18.1749704806188,0.18316627983799497,0.9206252617633267,1.2435925241959647,0.902615521717623,0.0989010989010989,0.21978021978021978,0.5054945054945055,0.6373626373626373,0.967032967032967,0.21978021978021978,0.4725274725274725,0.6483516483516484,0.967032967032967,,,,94/64
qwen_core,Qwen (core),core,generation,qwen_0p6b_bigdata,fixed,0p6b_bigdata,qwen_0p6b_bigdata_fixed,Qwen 0.6B bigdata,qwen_0p6b_bigdata_fixed,94,80009.0,851.1595744680851,94.0,94.0,93.0,93799.0,80009.0,13790.0,1000.0,0.14713771676466414,0.8511595744680851,93799.0,0.0,0.0,0.0,0.0,0.0,93799.0,0.0,0.0,1.3219957898895989,1.8519858272579661,103.31120474880818,44.93941302095618,759044.2938806376,65.44691427976953,27751.200839856792,0.35688708692769294,1.3346706876562142,0.40397848308933754,1.370830869886389,25092.0,269.80645161290323,35.80060470271578,0.8249163290821157,0.1866177759803035,225.53770858564144,0.1386485438624749,0.47157906586076476,6936.0,74.58064516129032,11.093834392795994,0.6826841241518464,0.3687121473712422,53.818516821768426,0.3116563911823877,0.18629527302478258,464.0,4.989247311827957,1.948352594361797,0.4682178825960466,0.6877233798989957,3.5357787193787944,0.6393760318546821,0.0388745040217691,136.0,1.4623655913978495,1.3721387050342706,0.19374462946633988,0.9105029232070299,1.2989072147258098,0.8874184098262238,0.010752688172043012,0.4838709677419355,0.7204301075268817,0.8602150537634409,1.0,0.46236559139784944,0.7204301075268817,0.8709677419354839,0.989247311827957,,,,94/851
qwen_core,Qwen (core),core,generation,qwen_0p6b_bigdata,dynamic,0p6b_bigdata,qwen_0p6b_bigdata_dynamic,Qwen 0.6B bigdata,qwen_0p6b_bigdata_dynamic,94,1922.0,20.4468085106383,94.0,94.0,92.0,2256.0,1922.0,334.0,24.0,0.14804964539007093,0.8519503546099291,93799.0,0.0,0.0,0.0,0.0,0.0,2256.0,0.0,0.0,1.3087641119486222,1.850920131230339,100.14668523173066,51.904257183755945,726.8169033312183,66.45577926871765,159.73028244941113,0.6531003054996948,1.3240548394886005,0.6943221408216356,1.360492199935075,1192.0,12.956521739130435,64.71293332849763,0.9063664415429001,0.24746699944229306,12.131490844291926,0.19413120484492963,0.6374293943612661,686.0,7.456521739130435,39.38774309144978,0.7286202038349202,0.4676045176389377,6.7307608957354885,0.3954902338835548,0.36545737508459974,208.0,2.260869565217391,12.835105450816794,0.3773173764266522,0.7911811496365565,1.9604265099781542,0.7471943746851539,0.10072463768115941,111.0,1.2065217391304348,7.213970906967507,0.1269113393147911,0.944489960155123,1.1620546930502913,0.9319850085354046,0.022644927536231884,0.2717391304347826,0.5,0.6304347826086957,0.9891304347826086,0.21739130434782608,0.5108695652173914,0.6304347826086957,0.967391304347826,,,,94/20
qwen_core,Qwen (core),core,generation,qwen_0p6b_bigdata,chembl_count,0p6b_bigdata,qwen_0p6b_bigdata_chembl_count,Qwen 0.6B bigdata,qwen_0p6b_bigdata_chembl_count,94,6216.0,66.12765957446808,94.0,94.0,92.0,9917.0,6216.0,3701.0,115.19148936170212,0.1467610961653271,0.8532042597797638,93799.0,0.0,0.0,0.0,0.0,0.0,9917.0,0.0,0.0,1.4516825388955283,1.966091250642565,91.10270111163523,50.86234073472976,48510.09832929874,65.42923282810875,5513.803017119706,0.5879919028377054,1.342994239796373,0.6340623805895628,1.3750574059316067,4574.0,49.71739130434783,76.52260836481155,0.8382681081787674,0.27677115304003186,45.40794034215389,0.23579893284874603,0.7680593609013234,2087.0,22.684782608695652,44.237227168707086,0.6956516334195958,0.44204433399400056,19.013323005477577,0.38076737593038135,0.39024217615662,309.0,3.358695652173913,21.060610778560125,0.4495848356268288,0.731363078089755,2.737337042472929,0.6837658186256177,0.13622684428462462,123.0,1.3369565217391304,18.02182088312421,0.1606525168331276,0.9304447992632073,1.2330937548852865,0.9090241343863811,0.09782608695652174,0.18478260869565216,0.5,0.6847826086956522,1.0,0.18478260869565216,0.5,0.6956521739130435,0.9891304347826086,,,,94/66
qwen_core,Qwen (core),core,generation,qwen_0p6b_bigdata_to_revisited,fixed,0p6b_bigdata_to_revisited,qwen_0p6b_bigdata_to_revisited_fixed,Qwen 0.6B bigdata->revisited,qwen_0p6b_bigdata_to_revisited_fixed,94,78290.0,832.8723404255319,94.0,94.0,91.0,93594.0,78290.0,15304.0,998.0,0.16466680240132303,0.834541423272076,93594.0,0.0,0.0,0.0,0.0,0.0,93594.0,0.0,0.0,1.3510001434066725,1.9433234292134376,105.30081013031376,46.4576011044147,3459806.7929501478,67.62405717684703,118989.59688287266,0.448200725135613,1.4914901742416309,0.47488107682254427,1.502333595010247,17222.0,189.25274725274724,27.840063738816447,0.8268565390429158,0.19415314822457486,149.50768637473323,0.1439568013553459,0.36213127144379703,4644.0,51.032967032967036,8.153743267738362,0.7098254685207748,0.3608271144838457,34.382183621869345,0.29873769075297496,0.143921822257922,462.0,5.076923076923077,0.7959516708071795,0.4764486739602347,0.6845166526132828,3.470645122887059,0.6274954424132444,0.02781650122087046,142.0,1.5604395604395604,0.2183050416614177,0.20138497464274838,0.8982442775457352,1.3424916035627124,0.8765983902100276,0.014102564102564103,0.5164835164835165,0.6923076923076923,0.7912087912087912,0.989010989010989,0.4945054945054945,0.6813186813186813,0.8021978021978022,0.978021978021978,,,,94/833
qwen_core,Qwen (core),core,generation,qwen_0p6b_bigdata_to_revisited,dynamic,0p6b_bigdata_to_revisited,qwen_0p6b_bigdata_to_revisited_dynamic,Qwen 0.6B bigdata->revisited,qwen_0p6b_bigdata_to_revisited_dynamic,94,1865.0,19.840425531914892,94.0,94.0,91.0,2256.0,1865.0,391.0,24.0,0.17331560283687944,0.8266843971631206,93594.0,0.0,0.0,0.0,0.0,0.0,2256.0,0.0,0.0,1.3522647115713573,1.9235799012294446,102.12981190403168,53.5057447816077,807167.3549899481,67.88917340833643,171891.4204357844,0.7340865811037673,1.4946806368966665,0.7567701057649976,1.5022988897884901,1045.0,11.483516483516484,60.83447387187445,0.8803200561831641,0.2811365870555318,10.557044720776819,0.21896862709799406,0.6085451778835408,599.0,6.582417582417582,37.96975523630347,0.7390863109433358,0.46877513620906014,5.785142830658553,0.39571852202296615,0.3634884481429577,204.0,2.241758241758242,14.184126008055545,0.4039300675842519,0.7810001825680655,1.9835752373539965,0.7342752548449402,0.0867286559594252,117.0,1.2857142857142858,8.14988694332009,0.15528509708974556,0.9350050812340525,1.204252666146696,0.9147670519459886,0.039377289377289376,0.2857142857142857,0.4945054945054945,0.6373626373626373,0.9340659340659341,0.27472527472527475,0.4725274725274725,0.6373626373626373,0.9340659340659341,,,,94/20
qwen_core,Qwen (core),core,generation,qwen_0p6b_bigdata_to_revisited,chembl_count,0p6b_bigdata_to_revisited,qwen_0p6b_bigdata_to_revisited_chembl_count,Qwen 0.6B bigdata->revisited,qwen_0p6b_bigdata_to_revisited_chembl_count,94,5980.0,63.61702127659574,94.0,94.0,91.0,9917.0,5980.0,3937.0,115.19148936170212,0.1693677858955773,0.8306322141044227,93594.0,0.0,0.0,0.0,0.0,0.0,9917.0,0.0,0.0,1.4545190874708118,2.013236762856235,90.23855957130789,53.20652713449984,1344882.3909420103,68.39042454591593,214059.5927548647,0.6890959843895976,1.466245920650582,0.7113141953499692,1.4758590793689512,3483.0,38.27472527472528,69.49288558486673,0.8210616161738711,0.29400771021639377,33.49282670011164,0.2532002597422547,0.6864457852721886,1556.0,17.0989010989011,41.63619068292625,0.6866952065507634,0.44885152139107415,14.017860952921964,0.3921097054708558,0.34873990690534135,295.0,3.241758241758242,21.513164055765188,0.44137713513455595,0.7352266530370901,2.61068648909349,0.6864664995514146,0.12354954569240284,125.0,1.3736263736263736,18.173225659680828,0.20282520775983348,0.9100802845332636,1.2775112721559063,0.8898638918993346,0.09523809523809523,0.1978021978021978,0.46153846153846156,0.6483516483516484,0.9560439560439561,0.21978021978021978,0.46153846153846156,0.6593406593406593,0.9560439560439561,,,,94/64
qwen_core,Qwen (core),core,generation,qwen_0p6b_fsq,fixed,0p6b_fsq,qwen_0p6b_fsq_fixed,Qwen 0.6B fsq,qwen_0p6b_fsq_fixed,94,85405.0,908.563829787234,94.0,94.0,92.0,93856.0,85405.0,8451.0,1000.0,0.09017959096744796,0.908563829787234,93856.0,0.0,0.0,0.0,0.0,0.0,93856.0,0.0,0.0,1.2713331740995397,1.864957598048137,102.34863605156697,38.2596794156366,360.24382505185713,49.771377708160074,18.929684915120703,0.4093553408058147,1.408131243322519,0.4502491600854432,1.4213478121059633,15905.0,172.8804347826087,22.290819362038043,0.8106196259270849,0.2260771150005732,132.36962281490807,0.16827809972865382,0.30315519720052575,4079.0,44.33695652173913,6.3732179399126885,0.6829083620860632,0.41564975478326754,28.583325055652008,0.3470274795216333,0.10895575042135261,390.0,4.239130434782608,0.7739706584527044,0.4269047308906091,0.7193032982224624,3.1177891161977134,0.6697551879075944,0.00882204935114142,134.0,1.4565217391304348,0.3734437036074093,0.22477550475109903,0.90184213591367,1.3280955341967005,0.8760896641728589,0.0,0.4891304347826087,0.7391304347826086,0.8478260869565217,0.9782608695652174,0.5,0.7391304347826086,0.8586956521739131,0.967391304347826,,,,94/909
qwen_core,Qwen (core),core,generation,qwen_0p6b_fsq,dynamic,0p6b_fsq,qwen_0p6b_fsq_dynamic,Qwen 0.6B fsq,qwen_0p6b_fsq_dynamic,94,2057.0,21.882978723404257,94.0,94.0,91.0,2256.0,2057.0,199.0,24.0,0.08820921985815602,0.911790780141844,93856.0,0.0,0.0,0.0,0.0,0.0,2256.0,0.0,0.0,1.2672857241876299,1.840953981438578,100.07112351536942,41.37400519419348,78.49351132709053,49.85320201842401,8.918282844794176,0.7191716528036145,1.415800376463559,0.7551186698586625,1.429695143948684,1035.0,11.373626373626374,52.77977994417431,0.8549660061975757,0.3155768837008381,10.351833456622247,0.25044760442026176,0.5258030105863774,597.0,6.56043956043956,31.951181068780052,0.7305835041400335,0.48847928646209515,5.728104376710258,0.4125992668111974,0.2860954955012214,204.0,2.241758241758242,11.640592227673743,0.3924235543467267,0.7953430353594767,1.9377414614740596,0.7480655710349557,0.08099598813884527,109.0,1.1978021978021978,5.934535506819798,0.11211288109400111,0.9500659826107396,1.1548808806718132,0.9377964307981735,0.005494505494505495,0.27472527472527475,0.5054945054945055,0.6923076923076923,0.9230769230769231,0.26373626373626374,0.4945054945054945,0.6593406593406593,0.9120879120879121,,,,94/22
qwen_core,Qwen (core),core,generation,qwen_0p6b_fsq,chembl_count,0p6b_fsq,qwen_0p6b_fsq_chembl_count,Qwen 0.6B fsq,qwen_0p6b_fsq_chembl_count,94,6630.0,70.53191489361703,94.0,94.0,92.0,9914.0,6630.0,3284.0,115.19148936170212,0.09125412974223207,0.9087226463057566,93856.0,0.0,0.0,0.0,0.0,0.0,9914.0,0.0,0.0,1.3726634075509268,1.9830031789010292,88.30559199226776,40.888020487108335,126.84190218965189,49.823256877083786,11.844900994532432,0.6546505497347291,1.4188502217699583,0.6833830340954135,1.435755518170068,3452.0,37.52173913043478,61.16046798758387,0.7853332702652,0.33368773255360556,32.38681672955243,0.27918557339850797,0.5989744497730051,1469.0,15.967391304347826,36.47174751922968,0.6580452010318824,0.48986270714131996,12.690718940415938,0.42198452609024867,0.32900460648908736,279.0,3.032608695652174,20.088604764634496,0.41461673626711937,0.7557464576057016,2.430347979032259,0.7076954928185922,0.12435660957400088,121.0,1.315217391304348,17.636141447475385,0.17091773770714574,0.921951144881411,1.2377714544632148,0.9062449552268496,0.09782608695652174,0.25,0.4782608695652174,0.6956521739130435,0.9456521739130435,0.22826086956521738,0.4673913043478261,0.6956521739130435,0.9456521739130435,,,,94/71
qwen_0p6b_fsq_6e_from_bigdata_step28320_core,Qwen 0.6B FSQ 6e from bigdata step 28320 (core),core,generation,qwen_0p6b_fsq_6e_from_bigdata_step28320,fixed,0p6b_fsq_6e_from_bigdata_step28320,qwen_0p6b_fsq_6e_from_bigdata_step28320_fixed,Qwen 0.6B FSQ 6e from bigdata (step 28320),qwen_0p6b_fsq_6e_from_bigdata_step28320_fixed,94,85439.0,908.9255319148937,94.0,94.0,93.0,93886.0,85439.0,8447.0,1000.0,0.0900699533109065,0.9089255319148937,93886.0,0.0,0.0,0.0,0.0,0.0,93886.0,0.0,0.0,1.2749903385800783,1.877285154595516,101.0679467979388,38.2576807775235,167.2511584689252,49.56033282894068,9.7352347523576,0.41621489512591237,1.395843107862704,0.45647165535264084,1.409747378221834,15818.0,170.08602150537635,22.94001381743819,0.7928776063684791,0.24170619433617496,129.6075179252943,0.18315324104067218,0.31672260706169186,4048.0,43.526881720430104,7.242314845563131,0.6896365926042387,0.4131274869295277,27.839872209441445,0.3447616926079618,0.10617037520962375,379.0,4.075268817204301,1.9524401092586308,0.44108071115045583,0.7151136727166023,3.0243785649297807,0.6660604476819305,0.026135482808474584,136.0,1.4623655913978495,1.4197495829002973,0.20338253682692706,0.913535779906914,1.306543664041129,0.8876023258015808,0.010752688172043012,0.4731182795698925,0.7634408602150538,0.8494623655913979,0.978494623655914,0.4946236559139785,0.7634408602150538,0.8387096774193549,0.967741935483871,,,,94/909
qwen_0p6b_fsq_6e_from_bigdata_step28320_core,Qwen 0.6B FSQ 6e from bigdata step 28320 (core),core,generation,qwen_0p6b_fsq_6e_from_bigdata_step28320,dynamic,0p6b_fsq_6e_from_bigdata_step28320,qwen_0p6b_fsq_6e_from_bigdata_step28320_dynamic,Qwen 0.6B FSQ 6e from bigdata (step 28320),qwen_0p6b_fsq_6e_from_bigdata_step28320_dynamic,94,6650.0,70.74468085106383,94.0,94.0,91.0,7514.0,6650.0,864.0,79.93617021276596,0.08905409226153144,0.9109459077384685,93886.0,0.0,0.0,0.0,0.0,0.0,7514.0,0.0,0.0,1.2593284460960634,1.8314976045048088,101.76737844514912,40.46843851395604,95.79583791846133,49.90107806739062,8.875264055533231,0.6014240834134056,1.434621315271588,0.6376420233608225,1.446844476963917,3625.0,39.83516483516483,45.70384957644048,0.8193556473666944,0.29526004956392954,35.142671288557885,0.23236510685615544,0.4442555854422624,1556.0,17.0989010989011,22.58643409859714,0.7029991976729717,0.461670825179881,13.348652246962892,0.3897181825252795,0.19152432255570567,284.0,3.120879120879121,8.337795097657994,0.399253055594096,0.7574493776993413,2.4166018380892513,0.7086367918612073,0.03361222111222111,115.0,1.2637362637362637,6.198698000083677,0.12193214449359073,0.9459234686872535,1.190799546915252,0.9297574132310735,0.01098901098901099,0.2967032967032967,0.6153846153846154,0.7472527472527473,0.967032967032967,0.31868131868131866,0.5604395604395604,0.7582417582417582,0.9560439560439561,,,,94/71
qwen_0p6b_fsq_6e_from_bigdata_step28320_core,Qwen 0.6B FSQ 6e from bigdata step 28320 (core),core,generation,qwen_0p6b_fsq_6e_from_bigdata_step28320,chembl_count,0p6b_fsq_6e_from_bigdata_step28320,qwen_0p6b_fsq_6e_from_bigdata_step28320_chembl_count,Qwen 0.6B FSQ 6e from bigdata (step 28320),qwen_0p6b_fsq_6e_from_bigdata_step28320_chembl_count,94,6663.0,70.88297872340425,94.0,94.0,92.0,9915.0,6663.0,3252.0,115.19148936170212,0.0880312749223646,0.9119417051589672,93886.0,0.0,0.0,0.0,0.0,0.0,9915.0,0.0,0.0,1.3861097829007165,1.9811769926132345,88.24626566399753,40.47127549434381,88.66156397228077,49.52971963032266,8.209375346070932,0.6104182608734309,1.4286323379823174,0.6494145386645531,1.4418730053235853,3437.0,37.358695652173914,62.45658116201948,0.7964910918111916,0.3164995041807889,32.128061965016435,0.2669448298617512,0.6298672838993188,1480.0,16.08695652173913,37.032839200648944,0.6672958168339342,0.47986530263934235,12.587725382821159,0.4140279078292446,0.33275633658862824,271.0,2.9456521739130435,19.853609845931413,0.41148841530098834,0.762299752680297,2.3408001138761567,0.7120235383507224,0.12316496908888214,125.0,1.358695652173913,17.507949456571783,0.1843662980391822,0.9219095684511935,1.2473517431193464,0.9032364915002611,0.09782608695652174,0.1956521739130435,0.532608695652174,0.717391304347826,0.9782608695652174,0.1956521739130435,0.5,0.7282608695652174,0.967391304347826,,,,94/71
qwen_core,Qwen (core),core,generation,qwen_0p6b_fsq_bigdata_pretrain,fixed,0p6b_fsq_bigdata_pretrain,qwen_0p6b_fsq_bigdata_pretrain_fixed,Qwen 0.6B fsq+bigdata-pretrain,qwen_0p6b_fsq_bigdata_pretrain_fixed,94,87077.0,926.3510638297872,94.0,94.0,91.0,93961.0,87077.0,6884.0,1000.0,0.0733440258959578,0.9263510638297873,93961.0,0.0,0.0,0.0,0.0,0.0,93961.0,0.0,0.0,1.3450307536621062,1.9103993682087477,102.9563369423219,38.261983384407266,801.9998320801391,50.073119338531946,33.36027248567025,0.3340744104878752,1.3283206474822482,0.3894525099377221,1.3608083313241035,27031.0,297.04395604395603,32.811447756824535,0.8479073315712325,0.19951493936848103,253.3536132319639,0.14833890219296655,0.387433243309131,6965.0,76.53846153846153,9.385233412681405,0.7181140272169015,0.3648340590008538,56.782402059806884,0.30826877008642195,0.11203678917401035,421.0,4.626373626373627,1.5926838207504,0.4597289618079167,0.6892164599828333,3.5040278054404106,0.6442851087868589,0.019449456098954605,141.0,1.5494505494505495,1.2605922718327787,0.25801868935547995,0.8817511810244915,1.3974869265225154,0.8540956834700244,0.01098901098901099,0.4835164835164835,0.7912087912087912,0.8901098901098901,0.989010989010989,0.4725274725274725,0.7802197802197802,0.8681318681318682,0.978021978021978,,,,94/926
qwen_core,Qwen (core),core,generation,qwen_0p6b_fsq_bigdata_pretrain,dynamic,0p6b_fsq_bigdata_pretrain,qwen_0p6b_fsq_bigdata_pretrain_dynamic,Qwen 0.6B fsq+bigdata-pretrain,qwen_0p6b_fsq_bigdata_pretrain_dynamic,94,6822.0,72.57446808510639,94.0,94.0,90.0,7514.0,6822.0,692.0,79.93617021276596,0.07481166974839183,0.9251883302516082,93961.0,0.0,0.0,0.0,0.0,0.0,7514.0,0.0,0.0,1.3494399406742297,1.8847480523400029,99.63591165185252,41.54233822381609,643.0923689078587,51.166261688565626,50.50117305609897,0.48034678096765104,1.322068570983499,0.5361856371688976,1.3552540196540783,4892.0,54.355555555555554,58.9545584636043,0.8739685033594717,0.23447529194070574,50.88084993880797,0.1829065875986727,0.5696641837592606,2389.0,26.544444444444444,28.461575470915363,0.7555962836688955,0.3877834946422852,22.842768273301456,0.3315873141835538,0.2290761070022846,315.0,3.5,7.6993377908380705,0.44112501000509946,0.7157213510489047,2.9001213514099207,0.6719344558823699,0.01938109161793372,122.0,1.3555555555555556,5.827445198338914,0.1844326611824861,0.9193054157315766,1.2432196680229675,0.8988252658098308,0.005555555555555556,0.32222222222222224,0.5666666666666667,0.7666666666666667,1.0,0.28888888888888886,0.5555555555555556,0.7666666666666667,0.9888888888888889,,,,94/73
qwen_core,Qwen (core),core,generation,qwen_0p6b_fsq_bigdata_pretrain,chembl_count,0p6b_fsq_bigdata_pretrain,qwen_0p6b_fsq_bigdata_pretrain_chembl_count,Qwen 0.6B fsq+bigdata-pretrain,qwen_0p6b_fsq_bigdata_pretrain_chembl_count,94,6835.0,72.7127659574468,94.0,94.0,90.0,9913.0,6835.0,3078.0,115.19148936170212,0.06943719167723689,0.9305628083227632,93961.0,0.0,0.0,0.0,0.0,0.0,9913.0,0.0,0.0,1.438164369765398,1.972669618205238,88.7113853135114,42.55370061282096,157.78207484987186,51.53135408592161,14.605387355490137,0.5431543849878578,1.3129019468304768,0.6007082004310047,1.3425431395196072,5095.0,56.611111111111114,74.2486219552341,0.8255103854683383,0.29140402552587846,51.91281243749624,0.24842173565056613,0.733661759216461,2171.0,24.122222222222224,40.441640869503054,0.6740202327077833,0.4474308511955088,20.24491640225372,0.39414265485784805,0.3338797270520056,298.0,3.311111111111111,19.834299037288357,0.45764264425674817,0.710699125985362,2.796100946471136,0.6685572046006679,0.10760622093955427,122.0,1.3555555555555556,17.330697209750465,0.20562616159011896,0.9091539738322345,1.2544942231529148,0.8885652463611278,0.09537037037037037,0.2111111111111111,0.4888888888888889,0.7666666666666667,1.0,0.16666666666666666,0.4444444444444444,0.7333333333333333,0.9888888888888889,,,,94/73
qwen_0p6b_fsq_bigdata_step70534_core,Qwen 0.6B FSQ bigdata step 70534 (core),core,generation,qwen_0p6b_fsq_bigdata_step70534,fixed,0p6b_fsq_bigdata_step70534,qwen_0p6b_fsq_bigdata_step70534_fixed,Qwen 0.6B FSQ bigdata (step 70534),qwen_0p6b_fsq_bigdata_step70534_fixed,94,87286.0,928.5744680851063,94.0,94.0,90.0,93956.0,87286.0,6670.0,1000.0,0.0711042745657848,0.9285744680851064,93956.0,0.0,0.0,0.0,0.0,0.0,93956.0,0.0,0.0,1.3382620169726156,1.90495016223352,104.27811575176673,38.88259396172279,10106.44325493246,51.05106595021745,334.58253130999515,0.28640725954302376,1.3210138167470296,0.3501484526305474,1.355046202001857,27063.0,300.7,31.950969403270715,0.8603915660724197,0.19027324064347773,255.91400629145807,0.13751010700110827,0.37518726485981435,6860.0,76.22222222222223,8.205035055798538,0.7281985677050155,0.35171915961871586,57.16186978186101,0.2985699284171631,0.1022024107853984,426.0,4.733333333333333,0.504565021697064,0.46816147549284326,0.6733677502679721,3.5898551142746835,0.6344015061755213,0.012792854978763295,140.0,1.5555555555555556,0.16276715140763998,0.2761050452061005,0.8767668981436764,1.3996649855378778,0.8467936271134637,0.0,0.5333333333333333,0.8222222222222222,0.9555555555555556,1.0,0.5,0.7777777777777778,0.9444444444444444,0.9888888888888889,,,,94/929
qwen_0p6b_fsq_bigdata_step70534_core,Qwen 0.6B FSQ bigdata step 70534 (core),core,generation,qwen_0p6b_fsq_bigdata_step70534,dynamic,0p6b_fsq_bigdata_step70534,qwen_0p6b_fsq_bigdata_step70534_dynamic,Qwen 0.6B FSQ bigdata (step 70534),qwen_0p6b_fsq_bigdata_step70534_dynamic,94,6848.0,72.85106382978724,94.0,94.0,90.0,7514.0,6848.0,666.0,79.93617021276596,0.07256452446481809,0.9274354755351819,93956.0,0.0,0.0,0.0,0.0,0.0,7514.0,0.0,0.0,1.3315058317182307,1.8703114190330505,100.83792527721538,41.30830502042249,115.72325689216827,51.16343389565103,10.131637327884787,0.4356004566572019,1.3022211455556116,0.4908712738021464,1.3384422407950165,4894.0,54.37777777777778,58.13121276892946,0.8635724372468422,0.2417868825785666,50.93776922752591,0.1885058786823246,0.550169085328915,2325.0,25.833333333333332,27.059408180659638,0.7235900157687521,0.40959770354049585,21.985587915137383,0.3526964739804841,0.22490894568122294,312.0,3.466666666666667,7.614509049555504,0.4357364246419768,0.71960852804603,2.8753263652007406,0.677789239126199,0.01379922412531108,123.0,1.3666666666666667,5.823951336474939,0.1839992526235191,0.9097524890381168,1.2844078321247783,0.8949042464638731,0.0022222222222222222,0.3,0.6333333333333333,0.8444444444444444,1.0,0.3,0.6111111111111112,0.8333333333333334,0.9888888888888889,,,,94/73
qwen_0p6b_fsq_bigdata_step70534_core,Qwen 0.6B FSQ bigdata step 70534 (core),core,generation,qwen_0p6b_fsq_bigdata_step70534,chembl_count,0p6b_fsq_bigdata_step70534,qwen_0p6b_fsq_bigdata_step70534_chembl_count,Qwen 0.6B FSQ bigdata (step 70534),qwen_0p6b_fsq_bigdata_step70534_chembl_count,94,6849.0,72.86170212765957,94.0,94.0,90.0,9906.0,6849.0,3057.0,115.19148936170212,0.06673787892547593,0.9332621210745241,93956.0,0.0,0.0,0.0,0.0,0.0,9906.0,0.0,0.0,1.440885074441162,1.9950892050410856,90.0934484749571,42.060598060285145,139.7683213604061,51.129413985180925,12.112935344723851,0.5172927224289249,1.2985398887012392,0.5721367635802374,1.3271542284408486,5041.0,56.01111111111111,73.17911303239991,0.8286264650357856,0.28979218870057866,51.44097605518872,0.24340634396653119,0.6991228090553456,2184.0,24.266666666666666,40.946285074217656,0.6904180662891705,0.4443413767060293,20.489256434839977,0.384474455507443,0.3330119228134639,301.0,3.3444444444444446,19.884144613517016,0.45257399471509124,0.7163359858336553,2.7825518007023695,0.6718815113566928,0.11390772807439474,125.0,1.3888888888888888,17.314185016186876,0.20137014756323748,0.9163059331979665,1.2524773507089269,0.8937332034769722,0.08888888888888889,0.2222222222222222,0.5666666666666667,0.8,1.0,0.2,0.5333333333333333,0.8,0.9888888888888889,,,,94/73
qwen_1p7b_4e_from_bigdata_step26400_core,Qwen 1.7B 4e from bigdata step 26400 (core),core,generation,qwen_1p7b_4e_from_bigdata_step26400,fixed,1p7b_4e_from_bigdata_step26400,qwen_1p7b_4e_from_bigdata_step26400_fixed,Qwen 1.7B 4e from bigdata (step 26400),qwen_1p7b_4e_from_bigdata_step26400_fixed,94,79093.0,841.4148936170212,94.0,94.0,92.0,93706.0,79093.0,14613.0,1000.0,0.15617115019624989,0.8414148936170213,93706.0,0.0,0.0,0.0,0.0,0.0,93706.0,0.0,0.0,1.3122644325568138,1.896934918093314,102.64123768295721,46.883082188057266,857359.0146078751,65.34291641998384,31158.920487022668,0.4333069416768498,1.462221857764003,0.47401115557417833,1.4826767091793405,15023.0,163.29347826086956,24.793577657875066,0.7987947524786513,0.21260348189712944,122.38094820864315,0.16181504854506734,0.3469234832446918,3794.0,41.23913043478261,7.598456981362851,0.6994111112021683,0.37731053988953883,26.554200692816355,0.31965802499381385,0.13099263053783047,374.0,4.065217391304348,1.7138099817915002,0.4421953469409996,0.7123479369686944,2.9393233745436174,0.6653917311651576,0.034501307870873084,134.0,1.4565217391304348,1.286010197007982,0.1988347097879903,0.9098374073105847,1.2868578824447532,0.886683011618381,0.018115942028985508,0.4891304347826087,0.7065217391304348,0.8478260869565217,0.9891304347826086,0.4782608695652174,0.6847826086956522,0.8369565217391305,0.9782608695652174,,,,94/841
qwen_1p7b_4e_from_bigdata_step26400_core,Qwen 1.7B 4e from bigdata step 26400 (core),core,generation,qwen_1p7b_4e_from_bigdata_step26400,dynamic,1p7b_4e_from_bigdata_step26400,qwen_1p7b_4e_from_bigdata_step26400_dynamic,Qwen 1.7B 4e from bigdata (step 26400),qwen_1p7b_4e_from_bigdata_step26400_dynamic,94,5877.0,62.52127659574468,94.0,94.0,91.0,7514.0,5877.0,1637.0,79.93617021276596,0.1584916720324067,0.8415083279675933,93706.0,0.0,0.0,0.0,0.0,0.0,7514.0,0.0,0.0,1.3003341077409134,1.8646695802603475,99.64087017624975,50.970679986310216,2299.7383000472196,65.33168444451309,254.91040086349898,0.6396292753178114,1.4587991457878675,0.6707790602671485,1.4786762497904733,3299.0,36.252747252747255,50.899274003997064,0.8277275320019888,0.26630482648548226,32.04288672146177,0.21331337633115263,0.5077525412485702,1426.0,15.67032967032967,24.30698489855563,0.7023527201702866,0.4333691891344898,12.451167660282666,0.3711949577313712,0.2204579714244497,273.0,3.0,8.406227832971071,0.414455716815099,0.7479193393800383,2.414810515143486,0.7047277942591141,0.033240370740370735,119.0,1.3076923076923077,6.115071916381999,0.17891763712704478,0.9235571744082781,1.222375737963887,0.9041130082383343,0.0,0.25274725274725274,0.5714285714285714,0.7252747252747253,0.978021978021978,0.25274725274725274,0.5384615384615384,0.7142857142857143,0.967032967032967,,,,94/63
qwen_1p7b_4e_from_bigdata_step26400_core,Qwen 1.7B 4e from bigdata step 26400 (core),core,generation,qwen_1p7b_4e_from_bigdata_step26400,chembl_count,1p7b_4e_from_bigdata_step26400,qwen_1p7b_4e_from_bigdata_step26400_chembl_count,Qwen 1.7B 4e from bigdata (step 26400),qwen_1p7b_4e_from_bigdata_step26400_chembl_count,94,6058.0,64.44680851063829,94.0,94.0,91.0,9917.0,6058.0,3859.0,115.19148936170212,0.15331004694187758,0.8466899530581224,93706.0,0.0,0.0,0.0,0.0,0.0,9917.0,0.0,0.0,1.4199153900808628,1.9866041235408407,89.44704300475601,52.36258320787411,575571.0037513888,65.12090494858376,59579.07121428534,0.6942184801230097,1.4738983905421217,0.7316770530242754,1.4911117309562212,3346.0,36.76923076923077,66.80699760447801,0.8198527809749088,0.2942577482871858,31.787472350287675,0.24907815431936256,0.6643709784764273,1385.0,15.219780219780219,38.846624941291225,0.6912586717551804,0.45962053000208747,12.095653458839816,0.3956834375637967,0.3504823729739232,276.0,3.032967032967033,20.578520802675264,0.4344455525746564,0.7403463278688316,2.501419131991326,0.6974861111771159,0.12538128963960166,120.0,1.3186813186813187,17.753053079453288,0.15642449500750202,0.9288577934362701,1.2230859597993378,0.9127571847163632,0.09981684981684982,0.17582417582417584,0.4945054945054945,0.7032967032967034,0.9560439560439561,0.17582417582417584,0.45054945054945056,0.6813186813186813,0.9560439560439561,,,,94/64
qwen_1p7b_4e_step29600_core,Qwen 1.7B 4e step 29600 (core),core,generation,qwen_1p7b_4e_step29600,fixed,1p7b_4e_step29600,qwen_1p7b_4e_step29600_fixed,Qwen 1.7B 4e (step 29600),qwen_1p7b_4e_step29600_fixed,94,74875.0,796.5425531914893,94.0,94.0,92.0,93881.0,74875.0,19006.0,1000.0,0.202507234384394,0.7965425531914894,93881.0,0.0,0.0,0.0,0.0,0.0,93881.0,0.0,0.0,1.315064447316994,1.8779275230802843,103.20207924738614,46.53097245072115,21636.042104900793,66.21425497863045,828.9827304174056,0.4406508060547166,1.4789364970893553,0.4795477718589147,1.4945982581438126,15030.0,163.3695652173913,26.140029074838417,0.8134440380758996,0.20410810816292468,124.6750123544305,0.1564190559339789,0.3438522968386374,3891.0,42.29347826086956,8.164288268492147,0.7072589162512635,0.37554854457028036,28.293484670271763,0.31506529505718645,0.11792404199505292,394.0,4.282608695652174,1.2673830659086147,0.49021024887220166,0.6865826816721646,3.1730935310549797,0.636102501244218,0.011711492010405052,134.0,1.4565217391304348,0.7646877616282641,0.19847830046143752,0.9093211032318211,1.3067013926942275,0.8860751405551035,0.009057971014492754,0.4673913043478261,0.7282608695652174,0.8152173913043478,0.9891304347826086,0.4782608695652174,0.7282608695652174,0.8152173913043478,0.9782608695652174,,,,94/797
qwen_1p7b_4e_step29600_core,Qwen 1.7B 4e step 29600 (core),core,generation,qwen_1p7b_4e_step29600,dynamic,1p7b_4e_step29600,qwen_1p7b_4e_step29600_dynamic,Qwen 1.7B 4e (step 29600),qwen_1p7b_4e_step29600_dynamic,94,5524.0,58.765957446808514,94.0,94.0,91.0,7514.0,5524.0,1990.0,79.93617021276596,0.20439547509245756,0.7956045249075424,93881.0,0.0,0.0,0.0,0.0,0.0,7514.0,0.0,0.0,1.3298372761027695,1.8938687744862732,98.41460355876941,51.346069247188616,721.2806084724776,66.94005175036068,79.04829981471643,0.655437385771435,1.4638704056451124,0.6722031670404462,1.4774162668004622,3206.0,35.23076923076923,53.806118606322414,0.843791329283749,0.2570792537286182,31.465036271125207,0.20282852392138015,0.5419300247006975,1472.0,16.175824175824175,27.47409334757133,0.7290870807826637,0.42548959504640005,13.140323104087104,0.3556553745000624,0.2315887494822228,280.0,3.076923076923077,9.46641314661911,0.46008872696807707,0.7250463968782511,2.531779126026642,0.6768496799410574,0.04166097877278001,113.0,1.2417582417582418,6.8512861453190865,0.13288053749588016,0.9425612327839793,1.1873700291014813,0.9264649081485388,0.014652014652014652,0.27472527472527475,0.4945054945054945,0.6593406593406593,0.978021978021978,0.23076923076923078,0.5274725274725275,0.6813186813186813,0.967032967032967,,,,94/59
qwen_1p7b_4e_step29600_core,Qwen 1.7B 4e step 29600 (core),core,generation,qwen_1p7b_4e_step29600,chembl_count,1p7b_4e_step29600,qwen_1p7b_4e_step29600_chembl_count,Qwen 1.7B 4e (step 29600),qwen_1p7b_4e_step29600_chembl_count,94,5612.0,59.702127659574465,94.0,94.0,92.0,9917.0,5612.0,4305.0,115.19148936170212,0.2083884476214174,0.7916061065832432,93881.0,0.0,0.0,0.0,0.0,0.0,9917.0,0.0,0.0,1.452414515482793,2.0133486573822847,86.84684573408741,53.0699126546185,1736.2979365029105,66.87987481328133,238.24184355996334,0.6690163037197592,1.4477426266536275,0.690605312729025,1.4655939761061467,3274.0,35.58695652173913,70.79750906076515,0.8347988626681013,0.30197115312386247,31.245820491831605,0.25535714390983627,0.7038278735562944,1427.0,15.51086956521739,43.29422309748902,0.673977350833643,0.471496427614848,12.29805903108448,0.4099205969317864,0.3831583712565526,286.0,3.108695652173913,23.848779245397406,0.44000128101660096,0.7350848042053831,2.5006279937655713,0.6857353055633735,0.16904311819245657,118.0,1.2826086956521738,20.62650798312437,0.14424278031644133,0.9405933349630448,1.1964543773796632,0.9239565847277261,0.13043478260869565,0.20652173913043478,0.4891304347826087,0.6847826086956522,0.9782608695652174,0.1956521739130435,0.4891304347826087,0.6956521739130435,0.9782608695652174,,,,94/60
qwen_core,Qwen (core),core,generation,qwen_1p7b_bigdata,fixed,1p7b_bigdata,qwen_1p7b_bigdata_fixed,Qwen 1.7B bigdata,qwen_1p7b_bigdata_fixed,94,80480.0,856.1702127659574,94.0,94.0,93.0,93659.0,80480.0,13179.0,1000.0,0.140822131590438,0.8561702127659574,93659.0,0.0,0.0,0.0,0.0,0.0,93659.0,0.0,0.0,1.3269596737089606,1.8444724884413182,103.95536699918615,44.557868227471594,114058.99608422772,64.57042182307347,4870.842814015257,0.34301019611895156,1.3013555710093792,0.39359490893979404,1.3333440576329538,25252.0,271.5268817204301,36.59503458179267,0.8423139026657188,0.18353487204389995,234.01044759644103,0.13467301208566884,0.44271687321732267,6930.0,74.51612903225806,11.636857139480284,0.7071437353482026,0.353962401509674,55.507267069211245,0.30046669618657135,0.17364840890663097,446.0,4.795698924731183,1.9728258183633938,0.42732269976958037,0.7100396395149479,3.467917663547046,0.6633818942948005,0.03563651391445368,129.0,1.3870967741935485,1.412935940227152,0.21534192587897497,0.9017511570754606,1.2972417930001288,0.879690109097,0.010752688172043012,0.5268817204301075,0.7311827956989247,0.8924731182795699,1.0,0.43010752688172044,0.7741935483870968,0.8494623655913979,0.989247311827957,,,,94/856
qwen_core,Qwen (core),core,generation,qwen_1p7b_bigdata,dynamic,1p7b_bigdata,qwen_1p7b_bigdata_dynamic,Qwen 1.7B bigdata,qwen_1p7b_bigdata_dynamic,94,1944.0,20.680851063829788,94.0,94.0,91.0,2256.0,1944.0,312.0,24.0,0.13829787234042554,0.8617021276595744,93659.0,0.0,0.0,0.0,0.0,0.0,2256.0,0.0,0.0,1.3134767131376017,1.8099694097668397,100.40619456095992,51.082592092935194,3250.8660172938908,65.0519927786517,753.3402993253569,0.641460265866251,1.290030349472962,0.687925307641409,1.3251750479702626,1206.0,13.252747252747254,65.1322487517034,0.8756877037645039,0.2664272797524355,12.427286900814618,0.21061505567966976,0.6604502350705602,708.0,7.78021978021978,40.333580852256546,0.7508180516498709,0.437590549370565,7.175249344391858,0.376646121427158,0.3541250692400626,208.0,2.2857142857142856,12.539048072107185,0.40602035404329867,0.7721287989827971,2.0921852613016343,0.73075851750558,0.05034047149431765,102.0,1.120879120879121,6.507149892575882,0.08860842891100486,0.9647894001017859,1.0907553050643104,0.9561890947600487,0.020146520146520148,0.2967032967032967,0.4945054945054945,0.6703296703296703,0.989010989010989,0.3076923076923077,0.4725274725274725,0.6483516483516484,0.978021978021978,,,,94/21
qwen_core,Qwen (core),core,generation,qwen_1p7b_bigdata,chembl_count,1p7b_bigdata,qwen_1p7b_bigdata_chembl_count,Qwen 1.7B bigdata,qwen_1p7b_bigdata_chembl_count,94,6102.0,64.91489361702128,94.0,94.0,92.0,9917.0,6102.0,3815.0,115.19148936170212,0.14134615293483072,0.8586230523496945,93659.0,0.0,0.0,0.0,0.0,0.0,9917.0,0.0,0.0,1.4322180771215258,1.9500677753293167,93.14566759189647,50.93458679366306,8286.117939677213,65.74080145474917,866.0856051108882,0.5562156161511993,1.3136679458206046,0.6087010494145125,1.3531633698379266,4621.0,50.22826086956522,77.517007557645,0.8640307118179846,0.26658896558824613,46.69003209108725,0.22241158497890426,0.779743653147679,2085.0,22.66304347826087,43.467688926050094,0.7026734782326973,0.43564160331070845,19.374776662201292,0.378895155810108,0.3739819463689412,295.0,3.2065217391304346,20.316333080166253,0.4354024963887157,0.7359770967341001,2.6626823610386787,0.6918922805739105,0.12804662325887167,120.0,1.3043478260869565,17.430438417068906,0.16509388778171885,0.9263159025727625,1.2182074977697588,0.9095764438303361,0.08695652173913043,0.16304347826086957,0.5978260869565217,0.7608695652173914,1.0,0.13043478260869565,0.532608695652174,0.7608695652173914,0.9891304347826086,,,,94/65
qwen_1p7b_bigdata_step74000_core,Qwen 1.7B bigdata step 74000 (core),core,generation,qwen_1p7b_bigdata_step74000,fixed,1p7b_bigdata_step74000,qwen_1p7b_bigdata_step74000_fixed,Qwen 1.7B bigdata (step 74000),qwen_1p7b_bigdata_step74000_fixed,94,80810.0,859.6808510638298,94.0,94.0,92.0,93924.0,80810.0,13114.0,1000.0,0.13967377838807588,0.8596808510638297,93924.0,0.0,0.0,0.0,0.0,0.0,93924.0,0.0,0.0,1.32571324868943,1.8445284703910594,103.78653894670893,45.00058281914359,168244.07505588254,64.37873658330963,5651.1961435238945,0.33159152030686884,1.2921083345317252,0.3803017073756759,1.3269538325284098,25033.0,272.0978260869565,35.39796048120921,0.8411245843228993,0.17620366168020166,234.26077567327712,0.12939217120302127,0.44666373715504937,6689.0,72.70652173913044,10.710824798704826,0.7266537137519938,0.342467350150554,54.6786396249712,0.2917738647934838,0.153553286655343,432.0,4.695652173913044,1.7599239445759907,0.47478308701454275,0.680060332744703,3.4859254317406734,0.6388183598965086,0.026016438758374238,126.0,1.3695652173913044,1.2777716069264056,0.18704665150879357,0.9175188332629697,1.263301405848494,0.8952209196290271,0.010869565217391304,0.5217391304347826,0.7717391304347826,0.8913043478260869,1.0,0.4782608695652174,0.75,0.8913043478260869,0.9891304347826086,,,,94/860
qwen_1p7b_bigdata_step74000_core,Qwen 1.7B bigdata step 74000 (core),core,generation,qwen_1p7b_bigdata_step74000,dynamic,1p7b_bigdata_step74000,qwen_1p7b_bigdata_step74000_dynamic,Qwen 1.7B bigdata (step 74000),qwen_1p7b_bigdata_step74000_dynamic,94,6122.0,65.12765957446808,94.0,94.0,91.0,7514.0,6122.0,1392.0,79.93617021276596,0.14048080967058005,0.8595191903294199,93924.0,0.0,0.0,0.0,0.0,0.0,7514.0,0.0,0.0,1.3289015638737505,1.8175310216728686,102.55466331709273,48.912839598478975,696.4936458174421,64.87242478152514,74.45828177841855,0.49472258403777397,1.2927810958353336,0.5461318583850311,1.323608139113398,4394.0,48.285714285714285,61.56265325793964,0.8651603109408151,0.2211523671423608,45.33974192111287,0.18025343447766082,0.5905730046434459,2126.0,23.36263736263736,30.030245357876737,0.7374512553771445,0.3898014958704964,20.251102395282825,0.3368952084642956,0.24852534245618707,308.0,3.3846153846153846,8.563684531479584,0.42765484065681775,0.7333304421433858,2.736263223284859,0.688772539549714,0.038415145665504,120.0,1.3186813186813187,6.203022741193413,0.18367454250332627,0.9244681197517632,1.2286308731221525,0.9012840657416344,0.0027472527472527475,0.2857142857142857,0.6043956043956044,0.7582417582417582,1.0,0.24175824175824176,0.6153846153846154,0.7472527472527473,0.989010989010989,,,,94/65
qwen_1p7b_bigdata_step74000_core,Qwen 1.7B bigdata step 74000 (core),core,generation,qwen_1p7b_bigdata_step74000,chembl_count,1p7b_bigdata_step74000,qwen_1p7b_bigdata_step74000_chembl_count,Qwen 1.7B bigdata (step 74000),qwen_1p7b_bigdata_step74000_chembl_count,94,6110.0,65.0,94.0,94.0,92.0,9917.0,6110.0,3807.0,115.19148936170212,0.1376427689045047,0.8623533817560609,93924.0,0.0,0.0,0.0,0.0,0.0,9917.0,0.0,0.0,1.4239207414725517,1.9203085826605488,88.33890510010971,50.05482481513397,7249.529211592695,64.28145221366938,796.4904298771709,0.5555041279601465,1.2630632121735679,0.5956677778882224,1.299528522525759,4646.0,50.5,77.79561142669928,0.8463854983167789,0.2697434707381733,46.96166008215358,0.23199456206760682,0.7637637473741994,2037.0,22.141304347826086,43.39417011017723,0.704795268115931,0.4346937138413387,18.744913539846085,0.37984524092570304,0.3617351245081351,290.0,3.152173913043478,21.085889508912743,0.41754319556898783,0.7469158524481982,2.562206409973325,0.6987649210228158,0.13185504109417154,117.0,1.2717391304347827,18.355331467335112,0.14923809516016215,0.9338416836906209,1.2023757901513463,0.9172408027547302,0.10144927536231885,0.17391304347826086,0.532608695652174,0.75,1.0,0.17391304347826086,0.532608695652174,0.717391304347826,0.9891304347826086,,,,94/65
qwen_core,Qwen (core),core,generation,qwen_1p7b_bigdata_to_revisited,fixed,1p7b_bigdata_to_revisited,qwen_1p7b_bigdata_to_revisited_fixed,Qwen 1.7B bigdata->revisited,qwen_1p7b_bigdata_to_revisited_fixed,94,79157.0,842.0957446808511,94.0,94.0,92.0,93619.0,79157.0,14462.0,1000.0,0.1549405428811685,0.842095744680851,93619.0,0.0,0.0,0.0,0.0,0.0,93619.0,0.0,0.0,1.320735582912716,1.9019150694805513,102.83221674498641,46.11601735079098,762174.5975530734,65.27684829854779,27182.84995279602,0.4766516273207265,1.4892261161111304,0.5075667519012933,1.5079030529253263,15221.0,165.44565217391303,25.17474683197344,0.8075246358585325,0.2114489864445625,124.82615394651368,0.15824945542661384,0.361605267547365,3948.0,42.91304347826087,7.873893455420809,0.694007163037957,0.3758722269225892,27.296893021672318,0.3140812220321633,0.13792551578978668,402.0,4.369565217391305,1.765578675913093,0.4690049694699041,0.6935809925966381,3.140895821460663,0.6426648265896828,0.03573429557983333,142.0,1.5434782608695652,1.299656945782202,0.24923318257711266,0.8854251054571379,1.351869246233826,0.8596029699310895,0.028079710144927536,0.5108695652173914,0.6847826086956522,0.8152173913043478,0.967391304347826,0.5108695652173914,0.6739130434782609,0.7934782608695652,0.9565217391304348,,,,94/842
qwen_core,Qwen (core),core,generation,qwen_1p7b_bigdata_to_revisited,dynamic,1p7b_bigdata_to_revisited,qwen_1p7b_bigdata_to_revisited_dynamic,Qwen 1.7B bigdata->revisited,qwen_1p7b_bigdata_to_revisited_dynamic,94,1906.0,20.27659574468085,94.0,94.0,91.0,2256.0,1906.0,350.0,24.0,0.1551418439716312,0.8448581560283688,93619.0,0.0,0.0,0.0,0.0,0.0,2256.0,0.0,0.0,1.3059161603749785,1.8748077422322715,99.7132800465104,52.226702934470666,3874.3897861930727,66.40879556522624,877.4440528716614,0.7461738273807493,1.4849644463544474,0.7798453384419711,1.501582212703054,1013.0,11.131868131868131,57.85270086105541,0.857386920289684,0.30132652509375596,10.248441297634162,0.2390264329183417,0.5645382186899762,548.0,6.021978021978022,33.36293600471222,0.7320134854093535,0.4927675840130595,5.28819890043914,0.4174000209626985,0.3046023673098997,196.0,2.1538461538461537,12.5091357642013,0.4168274026232277,0.7831775133885663,1.8964939113582095,0.7359121275821412,0.07902058259201115,110.0,1.2087912087912087,6.836824925317232,0.15716185332653018,0.9357253679434057,1.1780351309888395,0.9198231703490873,0.0027472527472527475,0.2857142857142857,0.5164835164835165,0.6263736263736264,0.9340659340659341,0.23076923076923078,0.5384615384615384,0.6263736263736264,0.9340659340659341,,,,94/20
qwen_core,Qwen (core),core,generation,qwen_1p7b_bigdata_to_revisited,chembl_count,1p7b_bigdata_to_revisited,qwen_1p7b_bigdata_to_revisited_chembl_count,Qwen 1.7B bigdata->revisited,qwen_1p7b_bigdata_to_revisited_chembl_count,94,6071.0,64.58510638297872,94.0,94.0,92.0,9916.0,6071.0,3845.0,115.19148936170212,0.15874066326617947,0.8412554767454393,93619.0,0.0,0.0,0.0,0.0,0.0,9916.0,0.0,0.0,1.4387576719725572,1.9972303155376412,88.48466568513784,52.31725313846401,191343.4293738282,65.41360792695308,20104.536125875336,0.7194438028450629,1.491289593754719,0.7331868854394381,1.509102811931502,3344.0,36.34782608695652,65.58802560481011,0.7995896668390299,0.3176124124275883,31.392608339723704,0.26924961318477436,0.6287093537982886,1446.0,15.717391304347826,40.80992545733212,0.6894574634833043,0.45873518743173514,12.55678970519825,0.399151563582474,0.36657566471584235,280.0,3.0434782608695654,21.750199893924798,0.4218018916851923,0.7506693978583235,2.4705768761715894,0.7001592085717413,0.13681351860699686,122.0,1.326086956521739,18.811907265300274,0.16239394626947595,0.92390310271697,1.2497922611977395,0.9065782512755075,0.10054347826086957,0.18478260869565216,0.4891304347826087,0.6630434782608695,0.9456521739130435,0.20652173913043478,0.45652173913043476,0.6847826086956522,0.9456521739130435,,,,94/65
qwen_core,Qwen (core),core,generation,qwen_1p7b_fsq,fixed,1p7b_fsq,qwen_1p7b_fsq_fixed,Qwen 1.7B fsq,qwen_1p7b_fsq_fixed,94,86484.0,920.0425531914893,94.0,94.0,93.0,93905.0,86484.0,7421.0,1000.0,0.07907396256074442,0.9200425531914893,93905.0,0.0,0.0,0.0,0.0,0.0,93905.0,0.0,0.0,1.2577060966132882,1.8594566912026755,100.02042211016015,38.12830263447206,662.5704169707773,48.96337691643273,25.763257142302283,0.44120755361662184,1.466747091470914,0.48786856001316525,1.4687753265752148,15183.0,163.25806451612902,21.400881457200054,0.756116568077068,0.2716148722383309,121.44046242224199,0.208713758293359,0.29785769005826085,3911.0,42.053763440860216,7.492762288434242,0.6625302331647879,0.4251434475011115,26.96989504125834,0.35832320804683193,0.11169513375027436,401.0,4.311827956989247,2.733505187226012,0.45167595066094285,0.7099177874901224,3.1457112001227077,0.6582076637126424,0.033785034142902244,136.0,1.4623655913978495,2.3492297167381366,0.18886999268837965,0.9152817710406294,1.2897252438748692,0.8945138690989695,0.021505376344086023,0.46236559139784944,0.6989247311827957,0.8387096774193549,0.978494623655914,0.44086021505376344,0.7204301075268817,0.8172043010752689,0.967741935483871,,,,94/920
qwen_core,Qwen (core),core,generation,qwen_1p7b_fsq,dynamic,1p7b_fsq,qwen_1p7b_fsq_dynamic,Qwen 1.7B fsq,qwen_1p7b_fsq_dynamic,94,2082.0,22.148936170212767,94.0,94.0,91.0,2256.0,2082.0,174.0,24.0,0.07712765957446809,0.9228723404255319,93905.0,0.0,0.0,0.0,0.0,0.0,2256.0,0.0,0.0,1.2559840556931392,1.8360064833055294,98.29062707792018,42.06141833938934,70.20831787306138,49.72240998572951,6.935983890639132,0.7621439322346231,1.4645169315156565,0.7752310365836863,1.4707101081021867,1074.0,11.802197802197803,53.45766423685005,0.8378437314257882,0.31597385771183434,10.861202514208776,0.25377097673172516,0.5245015834747344,619.0,6.802197802197802,31.771375745040725,0.732132061616631,0.47530661408706903,6.025278499975202,0.4082530739623562,0.2816351516305587,204.0,2.241758241758242,11.382949722324375,0.3854903454329951,0.7965584928716863,1.954763435655985,0.7503072059063963,0.07967032967032966,109.0,1.1978021978021978,6.435316441469933,0.12046946089024896,0.9511725334706701,1.1475251830412678,0.9370844635266954,0.02564102564102564,0.2857142857142857,0.4725274725274725,0.6263736263736264,0.9340659340659341,0.27472527472527475,0.5054945054945055,0.6483516483516484,0.9340659340659341,,,,94/22
qwen_core,Qwen (core),core,generation,qwen_1p7b_fsq,chembl_count,1p7b_fsq,qwen_1p7b_fsq_chembl_count,Qwen 1.7B fsq,qwen_1p7b_fsq_chembl_count,94,6727.0,71.56382978723404,94.0,94.0,93.0,9916.0,6727.0,3189.0,115.19148936170212,0.07648336920454414,0.9235100479094049,93905.0,0.0,0.0,0.0,0.0,0.0,9916.0,0.0,0.0,1.3789708079688454,1.969364476783035,84.06836043817414,40.83482216901004,99.76017968998654,48.93649713342915,8.26629847822063,0.6756253081821882,1.461168554518561,0.6906996033779741,1.4647804932344923,3374.0,36.27956989247312,60.35185545967322,0.7754647234183409,0.34934921776797406,31.20502869398245,0.2946231286041216,0.5679000289026427,1463.0,15.731182795698924,37.315181951987334,0.6528363296613531,0.4931848339335118,12.590886037824928,0.43041940181242844,0.3121653272334252,268.0,2.881720430107527,21.964178617998627,0.4143045933805384,0.756145276178628,2.426988961083825,0.7114527853475158,0.13244562972416762,124.0,1.3333333333333333,19.179955002068194,0.18778081670579524,0.9186140844983833,1.2592394804261708,0.8986590268878487,0.11559139784946236,0.21505376344086022,0.4838709677419355,0.6774193548387096,0.956989247311828,0.20430107526881722,0.5053763440860215,0.6989247311827957,0.956989247311828,,,,94/72
qwen_1p7b_fsq_6e_from_bigdata_step28320_core,Qwen 1.7B FSQ 6e from bigdata step 28320 (core),core,generation,qwen_1p7b_fsq_6e_from_bigdata_step28320,fixed,1p7b_fsq_6e_from_bigdata_step28320,qwen_1p7b_fsq_6e_from_bigdata_step28320_fixed,Qwen 1.7B FSQ 6e from bigdata (step 28320),qwen_1p7b_fsq_6e_from_bigdata_step28320_fixed,94,86416.0,919.3191489361702,94.0,94.0,92.0,93919.0,86416.0,7503.0,1000.0,0.07992446208190446,0.9193191489361702,93919.0,0.0,0.0,0.0,0.0,0.0,93919.0,0.0,0.0,1.2579292126746413,1.8537663158499842,102.41714401727731,38.12752644095039,361.06532894044926,49.15847047055962,16.506946832984923,0.42936158556284015,1.4680028803120022,0.47111394120467154,1.4717243211420281,14901.0,161.9673913043478,20.171718920396113,0.7785805922013326,0.2501741278719397,120.48276959766238,0.19036233368607683,0.29292850091658673,3875.0,42.119565217391305,6.3845066288798105,0.6763351913280465,0.41583006255443444,26.72397577700144,0.34662530674795955,0.10781952127524748,384.0,4.173913043478261,1.097642217637639,0.46573626050147476,0.7109908607455044,2.9679318856778023,0.6586569707725818,0.00938159063159063,135.0,1.4673913043478262,0.46696263548934475,0.2132459243356706,0.9058273713742045,1.3066571285420796,0.883140946026518,0.00181159420289855,0.5108695652173914,0.75,0.8478260869565217,0.9782608695652174,0.4891304347826087,0.7391304347826086,0.8478260869565217,0.9565217391304348,,,,94/919
qwen_1p7b_fsq_6e_from_bigdata_step28320_core,Qwen 1.7B FSQ 6e from bigdata step 28320 (core),core,generation,qwen_1p7b_fsq_6e_from_bigdata_step28320,dynamic,1p7b_fsq_6e_from_bigdata_step28320,qwen_1p7b_fsq_6e_from_bigdata_step28320_dynamic,Qwen 1.7B FSQ 6e from bigdata (step 28320),qwen_1p7b_fsq_6e_from_bigdata_step28320_dynamic,94,6791.0,72.24468085106383,94.0,94.0,92.0,7514.0,6791.0,723.0,79.93617021276596,0.0794771198319758,0.9205228801680242,93919.0,0.0,0.0,0.0,0.0,0.0,7514.0,0.0,0.0,1.2672990140558302,1.8395764611985208,95.19218131432193,40.961494163026664,266.78175943680816,49.81607267970228,22.183268901656177,0.6275964047983933,1.4976174820420567,0.6514590037945095,1.4975911851535364,3568.0,38.78260869565217,45.783113423424936,0.797615591201699,0.313596088929174,33.65554679533531,0.2510806245721838,0.47790594118411284,1552.0,16.869565217391305,23.804061202740595,0.6830808784983691,0.475581579159443,13.137884992625446,0.40459959931598843,0.2172428434783815,277.0,3.010869565217391,10.24291277837154,0.4185680030098088,0.7495431741092993,2.4339943206614696,0.7038227072215736,0.05853919631093544,123.0,1.3369565217391304,7.994132705717277,0.17008348517424837,0.9304942770961967,1.2216162798562047,0.9102154950525487,0.02391304347826087,0.31521739130434784,0.5652173913043478,0.7391304347826086,0.9456521739130435,0.2717391304347826,0.5652173913043478,0.75,0.9456521739130435,,,,94/72
qwen_1p7b_fsq_6e_from_bigdata_step28320_core,Qwen 1.7B FSQ 6e from bigdata step 28320 (core),core,generation,qwen_1p7b_fsq_6e_from_bigdata_step28320,chembl_count,1p7b_fsq_6e_from_bigdata_step28320,qwen_1p7b_fsq_6e_from_bigdata_step28320_chembl_count,Qwen 1.7B FSQ 6e from bigdata (step 28320),qwen_1p7b_fsq_6e_from_bigdata_step28320_chembl_count,94,6690.0,71.17021276595744,94.0,94.0,92.0,9916.0,6690.0,3226.0,115.19148936170212,0.08188928562467057,0.9180953170175921,93919.0,0.0,0.0,0.0,0.0,0.0,9916.0,0.0,0.0,1.3572389435751087,1.9629904669893146,87.13584032205766,40.66488510549673,80.30794209506952,49.412381670697556,7.323970624544388,0.6697693129017459,1.4480520769807803,0.6927276841432312,1.4487218603756893,3285.0,35.70652173913044,59.57491644662472,0.8003323544311929,0.34061415059781763,30.513580546113847,0.28056675987134216,0.6082348084741096,1463.0,15.902173913043478,36.060323780245284,0.6473410754217391,0.5049834302925305,12.44249595599074,0.4306660743181199,0.31428518306710734,282.0,3.0652173913043477,20.09545201194994,0.43623121598309644,0.744182150393048,2.5503764594429477,0.70170312950153,0.10547559718164633,120.0,1.3043478260869565,17.231018954654736,0.1404819449527397,0.9382854343032988,1.2046220872853426,0.9208130366937077,0.0927536231884058,0.21739130434782608,0.4782608695652174,0.7065217391304348,0.9456521739130435,0.22826086956521738,0.4782608695652174,0.7065217391304348,0.9456521739130435,,,,94/71
qwen_core,Qwen (core),core,generation,qwen_1p7b_fsq_bigdata_pretrain,fixed,1p7b_fsq_bigdata_pretrain,qwen_1p7b_fsq_bigdata_pretrain_fixed,Qwen 1.7B fsq+bigdata-pretrain,qwen_1p7b_fsq_bigdata_pretrain_fixed,94,87778.0,933.8085106382979,94.0,94.0,91.0,93981.0,87778.0,6203.0,1000.0,0.06602907024667798,0.9338085106382978,93981.0,0.0,0.0,0.0,0.0,0.0,93981.0,0.0,0.0,1.3300169573951226,1.8954302977589106,103.55479397612211,39.0571095233072,3880.0731899320026,50.59662734245459,137.9776089130288,0.30067160981,1.303444059960324,0.3526404968573437,1.3373180993945988,26751.0,293.967032967033,32.02493357597155,0.8478617320869252,0.20170783716354201,252.51464215662065,0.14820931425161954,0.3752531787491267,6886.0,75.67032967032966,9.164364404665912,0.7293979456887395,0.3637282723181578,56.70836313644465,0.3123201958736994,0.1093809730932929,412.0,4.527472527472527,1.5755027021596388,0.47076230527534557,0.6800590969042501,3.5485429041081504,0.637456174548439,0.023279873279873277,139.0,1.5274725274725274,1.2562140261193993,0.22612283544513168,0.8927779714551876,1.3563872088311322,0.8689252235205419,0.01098901098901099,0.5054945054945055,0.8241758241758241,0.945054945054945,1.0,0.4725274725274725,0.7802197802197802,0.9230769230769231,0.989010989010989,,,,94/934
qwen_core,Qwen (core),core,generation,qwen_1p7b_fsq_bigdata_pretrain,dynamic,1p7b_fsq_bigdata_pretrain,qwen_1p7b_fsq_bigdata_pretrain_dynamic,Qwen 1.7B fsq+bigdata-pretrain,qwen_1p7b_fsq_bigdata_pretrain_dynamic,94,6927.0,73.69148936170212,94.0,94.0,90.0,7514.0,6927.0,587.0,79.93617021276596,0.06391718945449154,0.9360828105455085,93981.0,0.0,0.0,0.0,0.0,0.0,7514.0,0.0,0.0,1.324590335115387,1.8556851021110878,101.60437693129127,41.05088608863465,156.9237326687228,50.79544979790045,13.216931983892193,0.48789637318603085,1.3252598033399334,0.5366482989511954,1.3568270550077506,4965.0,55.166666666666664,57.47676072111667,0.8409010564406624,0.2500247596512396,51.93226687126681,0.20035118162957913,0.544518014477477,2354.0,26.155555555555555,27.0093418134933,0.710431421443555,0.4058108720930785,22.445345925289477,0.35170233644717563,0.22088152369594086,308.0,3.422222222222222,7.571572117590599,0.45998641751633323,0.7053271971202435,2.8552677334515244,0.6666446972621278,0.018689940663624872,119.0,1.3222222222222222,5.796354329463633,0.17418590649451593,0.922835308084192,1.2276049121628436,0.904621268413933,0.0,0.3111111111111111,0.6222222222222222,0.7888888888888889,1.0,0.25555555555555554,0.5777777777777777,0.7888888888888889,0.9888888888888889,,,,94/74
qwen_core,Qwen (core),core,generation,qwen_1p7b_fsq_bigdata_pretrain,chembl_count,1p7b_fsq_bigdata_pretrain,qwen_1p7b_fsq_bigdata_pretrain_chembl_count,Qwen 1.7B fsq+bigdata-pretrain,qwen_1p7b_fsq_bigdata_pretrain_chembl_count,94,6862.0,73.0,94.0,94.0,90.0,9914.0,6862.0,3052.0,115.19148936170212,0.06376735290706606,0.936232647092934,93981.0,0.0,0.0,0.0,0.0,0.0,9914.0,0.0,0.0,1.4406088167187057,2.004914426331462,90.58310659599249,41.97148875057422,1091.0139756807785,50.96464259527943,83.93805491324137,0.5142816003635886,1.3044678238190563,0.5633052594748472,1.3347556421870999,5043.0,56.03333333333333,71.42490070016149,0.8239761728004011,0.2968379579839124,52.15412389363768,0.25735696068012753,0.6797051651329599,2141.0,23.788888888888888,39.90525920084727,0.6843480333783774,0.4442459114533919,20.154204164230464,0.3873649506267548,0.31947500024799025,295.0,3.2777777777777777,19.53297427894839,0.42864902134297295,0.7276664682029267,2.7681231191720035,0.6842783115954426,0.11309412273180389,118.0,1.3111111111111111,17.27339257283552,0.205746895707083,0.9105071040253425,1.2580433563490343,0.8900902960492815,0.08888888888888889,0.17777777777777778,0.5666666666666667,0.8,1.0,0.2,0.5777777777777777,0.7777777777777778,0.9888888888888889,,,,94/73
qwen_1p7b_fsq_bigdata_step47023_core,Qwen 1.7B FSQ bigdata step 47023 (core),core,generation,qwen_1p7b_fsq_bigdata_step47023,fixed,1p7b_fsq_bigdata_step47023,qwen_1p7b_fsq_bigdata_step47023_fixed,Qwen 1.7B FSQ bigdata (step 47023),qwen_1p7b_fsq_bigdata_step47023_fixed,94,87656.0,932.5106382978723,94.0,94.0,90.0,93983.0,87656.0,6327.0,1000.0,0.06733227376497634,0.9325106382978723,93983.0,0.0,0.0,0.0,0.0,0.0,93983.0,0.0,0.0,1.3342186827581095,1.8950080700471734,104.88940553870053,39.16151779637473,19341.448208169637,50.6695601637514,689.4980615341185,0.3035290576168218,1.31900701855076,0.35758544378604895,1.3523241933199472,26456.0,293.9555555555556,30.98984749958694,0.8528750379111205,0.1940694333918647,252.1666818583583,0.14190145895939288,0.3646519613915952,6793.0,75.47777777777777,8.073933712960432,0.7267205296123349,0.3543843763147165,56.209362704548674,0.3024770648514545,0.10127646471854695,429.0,4.766666666666667,0.5064782117724711,0.48494909008469134,0.6713124957257661,3.6081449052487655,0.628897187581358,0.006362305854241335,134.0,1.488888888888889,0.15512046350866893,0.23172285305309043,0.8925719674576106,1.3428761417191504,0.8670288481653865,0.0,0.5444444444444444,0.7888888888888889,0.9222222222222223,1.0,0.4888888888888889,0.8111111111111111,0.9,0.9888888888888889,,,,94/933
qwen_1p7b_fsq_bigdata_step47023_core,Qwen 1.7B FSQ bigdata step 47023 (core),core,generation,qwen_1p7b_fsq_bigdata_step47023,dynamic,1p7b_fsq_bigdata_step47023,qwen_1p7b_fsq_bigdata_step47023_dynamic,Qwen 1.7B FSQ bigdata (step 47023),qwen_1p7b_fsq_bigdata_step47023_dynamic,94,6890.0,73.29787234042553,94.0,94.0,90.0,7514.0,6890.0,624.0,79.93617021276596,0.0668740889176454,0.9331259110823547,93983.0,0.0,0.0,0.0,0.0,0.0,7514.0,0.0,0.0,1.3332024040962167,1.867581984392145,98.60118448174931,41.44745704362839,84.45772897028938,50.736482453363365,7.127456427119369,0.4512842068872516,1.3272093268349157,0.4996324585668772,1.3658378149711303,4860.0,54.0,57.0913265128587,0.8470187712497307,0.24500821665319633,50.59065625659337,0.19691866053620702,0.553060273112372,2337.0,25.966666666666665,27.420605718089725,0.7258504392464507,0.41802533344498505,22.226688392764753,0.3548501097786662,0.2323272927826975,308.0,3.422222222222222,7.610090518879592,0.4553351249687327,0.7170092721787958,2.8546892687207004,0.6692331290764276,0.011918390251723582,124.0,1.3777777777777778,5.856600905545998,0.2275275938697062,0.9070139922407753,1.2728511380429366,0.8813140826769962,0.0037037037037037034,0.34444444444444444,0.6333333333333333,0.8,1.0,0.28888888888888886,0.6444444444444445,0.8111111111111111,0.9888888888888889,,,,94/73
qwen_1p7b_fsq_bigdata_step47023_core,Qwen 1.7B FSQ bigdata step 47023 (core),core,generation,qwen_1p7b_fsq_bigdata_step47023,chembl_count,1p7b_fsq_bigdata_step47023,qwen_1p7b_fsq_bigdata_step47023_chembl_count,Qwen 1.7B FSQ bigdata (step 47023),qwen_1p7b_fsq_bigdata_step47023_chembl_count,94,6868.0,73.06382978723404,94.0,94.0,90.0,9916.0,6868.0,3048.0,115.19148936170212,0.06848706614431446,0.9315129338556856,93983.0,0.0,0.0,0.0,0.0,0.0,9916.0,0.0,0.0,1.4437529406074194,1.9978150674940673,91.92334907035558,41.92672054948854,82.75320935993564,50.89894218123813,7.09007285700375,0.5046451353806121,1.2882202077480167,0.5435052830643072,1.3204293050132492,5082.0,56.46666666666667,72.866753964875,0.8227035591203474,0.2926866029715277,52.560009738172134,0.24828359551474805,0.6994275209487761,2103.0,23.366666666666667,40.423025728339155,0.6894278608872442,0.4389522361221875,19.7675126421709,0.3840448379809358,0.33180045927183827,298.0,3.311111111111111,19.82046726374362,0.46458988095570425,0.7115660152695235,2.790593023346893,0.6678320399769941,0.10632434897785775,123.0,1.3666666666666667,17.384577474741306,0.2178684447624958,0.9009291397058053,1.292150754187911,0.8794569302483034,0.09166666666666666,0.25555555555555554,0.5666666666666667,0.8111111111111111,1.0,0.2777777777777778,0.5777777777777777,0.7888888888888889,0.9888888888888889,,,,94/73
qwen_core,Qwen (core),core,generation,qwen_1p7b_revisited,fixed,1p7b_revisited,qwen_1p7b_revisited_fixed,Qwen 1.7B revisited,qwen_1p7b_revisited_fixed,94,74721.0,794.9042553191489,94.0,94.0,93.0,93753.0,74721.0,19032.0,1000.0,0.20343975760697913,0.7949042553191489,93753.0,0.0,0.0,0.0,0.0,0.0,93753.0,0.0,0.0,1.3267488387769681,1.8908810894634953,103.71563599994495,46.13519921538501,327093.838956959,66.20381653387344,12628.444714044523,0.45588697344801793,1.4788331468494427,0.4849077535878683,1.4890794508348182,15368.0,165.247311827957,27.64891687209831,0.8160119728777091,0.2100447515753489,125.5888044723781,0.15764088351642971,0.36770003000766205,4053.0,43.58064516129032,9.205603071493348,0.7179275023743693,0.3649638957944728,28.474297304778812,0.30291968667297325,0.15080011172545557,424.0,4.559139784946237,1.8228736321067518,0.4647691342984354,0.6889334727160678,3.2438814513684053,0.6397754133311119,0.03592368627448024,131.0,1.4086021505376345,0.9303420543074646,0.19401419672129327,0.9103612274195528,1.3025456066862766,0.8873156782900498,0.0,0.4731182795698925,0.6881720430107527,0.8064516129032258,0.989247311827957,0.41935483870967744,0.6989247311827957,0.7956989247311828,0.978494623655914,,,,94/795
qwen_core,Qwen (core),core,generation,qwen_1p7b_revisited,dynamic,1p7b_revisited,qwen_1p7b_revisited_dynamic,Qwen 1.7B revisited,qwen_1p7b_revisited_dynamic,94,1786.0,19.0,94.0,94.0,91.0,2256.0,1786.0,470.0,24.0,0.20833333333333334,0.7916666666666666,93753.0,0.0,0.0,0.0,0.0,0.0,2256.0,0.0,0.0,1.3362097971436275,1.9024943210164158,100.3543723673872,53.976874847776436,5472.920768580262,67.60139219651863,1142.708866650368,0.7923368520188843,1.5070399886194255,0.8068418939278558,1.5211340980246768,967.0,10.626373626373626,60.46830435192645,0.8623258550202093,0.297059051039831,9.785548336999074,0.23611823860464004,0.6102560087764899,564.0,6.197802197802198,37.83938805288535,0.7487728492907282,0.47724616055529656,5.545017919916839,0.40703546327231244,0.333385726533755,191.0,2.098901098901099,13.780547093192517,0.4583493680278791,0.776918353100256,1.8840225990548634,0.7213536112420063,0.07020757020757021,107.0,1.1758241758241759,7.731688214376713,0.11553010723166797,0.9599461131526589,1.1206442841546735,0.944060834003998,0.014652014652014652,0.23076923076923078,0.4175824175824176,0.5714285714285714,0.945054945054945,0.21978021978021978,0.42857142857142855,0.5714285714285714,0.9340659340659341,,,,94/19
qwen_core,Qwen (core),core,generation,qwen_1p7b_revisited,chembl_count,1p7b_revisited,qwen_1p7b_revisited_chembl_count,Qwen 1.7B revisited,qwen_1p7b_revisited_chembl_count,94,5621.0,59.797872340425535,94.0,94.0,93.0,9917.0,5621.0,4296.0,115.19148936170212,0.2052191239053264,0.7947611593833614,93753.0,0.0,0.0,0.0,0.0,0.0,9917.0,0.0,0.0,1.4527809235486848,2.00479327304259,89.21353406588993,52.83254148676928,72881.53313043497,66.66768989930999,6526.057669633349,0.7063969321587266,1.4556203892406059,0.7263134956212234,1.4730480459294057,3320.0,35.69892473118279,69.85290987519586,0.8064969212263683,0.31272762563704654,31.164636172608727,0.26806600522086077,0.6837465648770735,1464.0,15.741935483870968,45.01460412421296,0.7176222536223187,0.4487963199032395,12.593783029822113,0.38556530983281945,0.4095296153030325,283.0,3.043010752688172,23.198697274719702,0.4411942809304846,0.7471723282493572,2.502966979028315,0.6925626992129146,0.13445224130708,119.0,1.2795698924731183,19.617849381909178,0.15999546311166074,0.9272228812019572,1.2228946946124886,0.911460149010254,0.0967741935483871,0.22580645161290322,0.46236559139784944,0.5806451612903226,0.967741935483871,0.1935483870967742,0.45161290322580644,0.6344086021505376,0.967741935483871,,,,94/60
qwen_4b_4e_from_bigdata_step20000_core,Qwen 4B 4e from bigdata step 20000 (core),core,generation,qwen_4b_4e_from_bigdata_step20000,fixed,4b_4e_from_bigdata_step20000,qwen_4b_4e_from_bigdata_step20000_fixed,Qwen 4B 4e from bigdata (step 20000),qwen_4b_4e_from_bigdata_step20000_fixed,94,81192.0,863.7446808510638,94.0,94.0,91.0,93741.0,81192.0,12549.0,1000.0,0.13408421947316673,0.8637446808510638,93741.0,0.0,0.0,0.0,0.0,0.0,93741.0,0.0,0.0,1.2960785772793677,1.9041215055061063,103.92907903744533,46.021569209530604,48183.949763564415,64.60525396486676,1901.0905569100994,0.44319285504362416,1.4747897385459938,0.47329079859561113,1.4826899863386398,15069.0,165.5934065934066,22.597914325366883,0.8051959564645355,0.22084330458000437,124.62067097623023,0.16328498548147372,0.3109096260057025,3943.0,43.32967032967033,6.361124318985755,0.6841112281741271,0.3988120038915047,27.757402697769617,0.33086227468401447,0.10748806669389986,389.0,4.274725274725275,0.6288941910366648,0.4441225191122988,0.7148592086035803,2.9843555080137105,0.6618624785003073,0.012050418457981481,133.0,1.4615384615384615,0.19621610872231207,0.22504925682242377,0.9015388116072852,1.3183656516821671,0.8771833262953663,0.0,0.4945054945054945,0.7032967032967034,0.8461538461538461,0.978021978021978,0.4945054945054945,0.7032967032967034,0.8241758241758241,0.978021978021978,,,,94/864
qwen_4b_4e_from_bigdata_step20000_core,Qwen 4B 4e from bigdata step 20000 (core),core,generation,qwen_4b_4e_from_bigdata_step20000,dynamic,4b_4e_from_bigdata_step20000,qwen_4b_4e_from_bigdata_step20000_dynamic,Qwen 4B 4e from bigdata (step 20000),qwen_4b_4e_from_bigdata_step20000_dynamic,94,6130.0,65.2127659574468,94.0,94.0,91.0,7514.0,6130.0,1384.0,79.93617021276596,0.13199838556992688,0.8680016144300731,93741.0,0.0,0.0,0.0,0.0,0.0,7514.0,0.0,0.0,1.3033171005286552,1.8757406849350937,98.35886864953459,50.0105423972851,7065.110042237992,65.18745835077786,708.8511586627936,0.621931532442308,1.4828445509948074,0.6414488510248588,1.4923004317214865,3394.0,37.2967032967033,49.16817197256543,0.8311108283463479,0.27608965096503296,33.04516054566091,0.22068241505930383,0.4870919069566346,1480.0,16.263736263736263,24.11267343973405,0.7177668826932992,0.43702335733770936,12.943210942494753,0.37316985164551636,0.21647717940289585,270.0,2.967032967032967,8.265603430298128,0.42314527973717014,0.7490514483293642,2.37589524788097,0.6984657877431333,0.03570556427699285,117.0,1.2857142857142858,6.146506758752647,0.17608403613610712,0.9222137457805097,1.2245256936724696,0.9056882510119121,0.003663003663003663,0.26373626373626374,0.5384615384615384,0.7252747252747253,0.9560439560439561,0.23076923076923078,0.5494505494505495,0.7032967032967034,0.9560439560439561,,,,94/65
qwen_4b_4e_from_bigdata_step20000_core,Qwen 4B 4e from bigdata step 20000 (core),core,generation,qwen_4b_4e_from_bigdata_step20000,chembl_count,4b_4e_from_bigdata_step20000,qwen_4b_4e_from_bigdata_step20000_chembl_count,Qwen 4B 4e from bigdata (step 20000),qwen_4b_4e_from_bigdata_step20000_chembl_count,94,6307.0,67.09574468085107,94.0,94.0,91.0,9905.0,6307.0,3598.0,115.19148936170212,0.13377653585806135,0.8662234641419386,93741.0,0.0,0.0,0.0,0.0,0.0,9905.0,0.0,0.0,1.4143454767566557,2.0000799409157217,89.23267934804704,52.014510624415344,12033.345836201612,65.388472222713,1219.8678344736863,0.7084368909369263,1.4809534764948167,0.7320178974949192,1.489675246373736,3350.0,36.81318681318681,64.32428223549296,0.775409802364694,0.32281602511613083,31.815866490860454,0.27689059416150075,0.6387631007710443,1463.0,16.076923076923077,39.38740094358512,0.6796841294826743,0.46634340170336425,12.557331150533523,0.40363207871323464,0.36097873438551803,277.0,3.043956043956044,21.061775103524944,0.4163992618302514,0.7580137988909499,2.4140790939504035,0.7031970046714536,0.12915184292340418,121.0,1.3296703296703296,18.35811246263169,0.17445751776776544,0.9236284274854583,1.2182439843975277,0.9060058898043893,0.10714285714285714,0.18681318681318682,0.43956043956043955,0.6483516483516484,0.967032967032967,0.16483516483516483,0.4065934065934066,0.6373626373626373,0.967032967032967,,,,94/67
qwen_4b_4e_step20000_core,Qwen 4B 4e step 20000 (core),core,generation,qwen_4b_4e_step20000,fixed,4b_4e_step20000,qwen_4b_4e_step20000_fixed,Qwen 4B 4e (step 20000),qwen_4b_4e_step20000_fixed,94,74661.0,794.2659574468086,94.0,94.0,93.0,92352.0,74661.0,17691.0,1000.0,0.19777328094869254,0.7942659574468085,92352.0,0.0,0.0,0.0,0.0,0.0,92352.0,0.0,0.0,1.3197838960440293,1.8962804473322095,102.47265891723546,46.71051246439408,171046.74147122988,66.82885219334077,6467.341829284012,0.47610969553453203,1.4931707406789694,0.5028072616397881,1.512047584841855,13902.0,149.48387096774192,25.63409513734463,0.8012628974092546,0.22946798046098163,111.6222396675223,0.17310799421741177,0.33705795524546944,3602.0,38.73118279569893,8.90649897480282,0.6727098751383926,0.3939649931311104,24.723647447637436,0.33123207434826024,0.15492474064778083,401.0,4.311827956989247,2.540127902875324,0.48127979836538376,0.6956846259329906,2.9838290823831306,0.6353184633514171,0.04407744646899263,135.0,1.4516129032258065,1.6738760431325113,0.17314746254774782,0.9231521435592397,1.2582022467220233,0.8998775835465194,0.01881720430107527,0.46236559139784944,0.6666666666666666,0.8064516129032258,0.989247311827957,0.43010752688172044,0.6666666666666666,0.8387096774193549,0.978494623655914,,,,94/794
qwen_4b_4e_step20000_core,Qwen 4B 4e step 20000 (core),core,generation,qwen_4b_4e_step20000,dynamic,4b_4e_step20000,qwen_4b_4e_step20000_dynamic,Qwen 4B 4e (step 20000),qwen_4b_4e_step20000_dynamic,94,5584.0,59.40425531914894,94.0,94.0,90.0,7514.0,5584.0,1930.0,79.93617021276596,0.2049971074961596,0.7950028925038404,92352.0,0.0,0.0,0.0,0.0,0.0,7514.0,0.0,0.0,1.3207864035176904,1.8961931518705037,98.75074471172313,51.28351414978825,22399.469188903964,67.47339404155447,2781.7274603491496,0.6704117930760652,1.5116191343367464,0.6875643234861069,1.534981644887738,3090.0,34.333333333333336,50.921145261419966,0.8287250507306289,0.26820676105228547,30.139915067004818,0.20846589900964518,0.5046549417006148,1391.0,15.455555555555556,25.74216719784282,0.7165133674932708,0.4320814755669722,12.305999187316496,0.36230558056931045,0.22446456807969126,282.0,3.1333333333333333,9.008336007512977,0.40678240175814073,0.7582122430580531,2.4132850586772614,0.7039214302293454,0.0505026455026455,117.0,1.3,6.472833595513922,0.17670131245678805,0.9238319467800651,1.2169802964626744,0.9055054732796582,0.016666666666666666,0.23333333333333334,0.5111111111111111,0.6666666666666666,0.9444444444444444,0.18888888888888888,0.5222222222222223,0.6777777777777778,0.9444444444444444,,,,94/59
qwen_4b_4e_step20000_core,Qwen 4B 4e step 20000 (core),core,generation,qwen_4b_4e_step20000,chembl_count,4b_4e_step20000,qwen_4b_4e_step20000_chembl_count,Qwen 4B 4e (step 20000),qwen_4b_4e_step20000_chembl_count,94,5747.0,61.138297872340424,94.0,94.0,91.0,9915.0,5747.0,4168.0,115.19148936170212,0.2033343375952943,0.7966536017764749,92352.0,0.0,0.0,0.0,0.0,0.0,9915.0,0.0,0.0,1.419566593839641,1.9666542242087717,88.68473901786395,53.97290197468595,12381.617201040306,67.79289811142704,1159.5719965157282,0.7091010700811441,1.4806210494760792,0.7328983333910747,1.4980381467731634,3134.0,34.43956043956044,65.70490874421739,0.805319419230202,0.31644972783717185,29.84964205600536,0.2714855627400039,0.6438995426947466,1350.0,14.835164835164836,39.81588009967075,0.6469009215815328,0.4805569766097538,11.579060376698711,0.42310997145808726,0.35246778154762937,265.0,2.912087912087912,21.716089118141678,0.42849846389131696,0.7500216643506034,2.356102901651042,0.6972383457811322,0.1256254583220187,121.0,1.3296703296703296,18.486872662516607,0.20075092475132317,0.9161416237088124,1.2367622450636815,0.8949319792012563,0.09615384615384616,0.16483516483516483,0.4175824175824176,0.6813186813186813,0.9560439560439561,0.12087912087912088,0.4065934065934066,0.6813186813186813,0.9560439560439561,,,,94/61
qwen_core,Qwen (core),core,generation,qwen_4b_bigdata,fixed,4b_bigdata,qwen_4b_bigdata_fixed,Qwen 4B bigdata,qwen_4b_bigdata_fixed,94,81951.0,871.8191489361702,94.0,94.0,91.0,93731.0,81951.0,11780.0,1000.0,0.12580089954120202,0.8718191489361702,93731.0,0.0,0.0,0.0,0.0,0.0,93731.0,0.0,0.0,1.3123377917959003,1.827410314415525,105.67240416542312,44.903647150082726,460374.5540864218,66.00441418600693,17894.93574467944,0.3323359715161048,1.308387476480721,0.38289435672430344,1.3357199265063011,25318.0,278.2197802197802,33.952292863353804,0.8541084647339774,0.16851179118992973,236.96019605511046,0.11908373364592044,0.44315871721395966,6913.0,75.96703296703296,9.756557650286895,0.7071951744681427,0.34578794061503004,55.567924387642286,0.2912692357512639,0.15269742959894012,437.0,4.802197802197802,0.639638583472507,0.44519827148083435,0.6948050010315425,3.4533519579483536,0.6509412810490942,0.013903899824229491,131.0,1.4395604395604396,0.18374575376176375,0.18622239408238114,0.9115931411154313,1.2751944536880797,0.8902641464238481,0.003663003663003663,0.5384615384615384,0.7472527472527473,0.8901098901098901,1.0,0.45054945054945056,0.7582417582417582,0.8571428571428571,0.989010989010989,,,,94/872
qwen_core,Qwen (core),core,generation,qwen_4b_bigdata,dynamic,4b_bigdata,qwen_4b_bigdata_dynamic,Qwen 4B bigdata,qwen_4b_bigdata_dynamic,94,1997.0,21.24468085106383,94.0,94.0,91.0,2256.0,1997.0,259.0,24.0,0.1148049645390071,0.8851950354609929,93731.0,0.0,0.0,0.0,0.0,0.0,2256.0,0.0,0.0,1.3123216677682432,1.806738634390543,102.68438388488846,51.202379305814766,5355.019307499828,66.3096301154257,1155.9859608674694,0.6370734690767855,1.301168249110082,0.681475746967454,1.3308421578163225,1242.0,13.648351648351648,64.41857711544075,0.9156672316691499,0.23923284072554304,12.903847027224773,0.18610191809660726,0.6227770324152153,704.0,7.736263736263736,38.06516637261979,0.7426928311910446,0.44783740543312106,7.066464715926577,0.3844174536878565,0.33183306839151766,204.0,2.241758241758242,11.734203066578122,0.41758240648954764,0.7756668059573661,1.9985520390915776,0.7311930105401805,0.059794174079888365,104.0,1.1428571428571428,5.832896647801557,0.09255208136219542,0.9603525047662886,1.112701382883014,0.9509254889464966,0.005494505494505495,0.2857142857142857,0.4945054945054945,0.6483516483516484,0.989010989010989,0.26373626373626374,0.4835164835164835,0.6373626373626373,0.978021978021978,,,,94/21
qwen_core,Qwen (core),core,generation,qwen_4b_bigdata,chembl_count,4b_bigdata,qwen_4b_bigdata_chembl_count,Qwen 4B bigdata,qwen_4b_bigdata_chembl_count,94,6363.0,67.69148936170212,94.0,94.0,91.0,9916.0,6363.0,3553.0,115.19148936170212,0.12149792198462846,0.8785020780153715,93731.0,0.0,0.0,0.0,0.0,0.0,9916.0,0.0,0.0,1.412159534300234,1.9095822699324005,93.17610853641997,50.78105469341159,182780.36773339353,66.44160817831539,20111.153561974694,0.5552369842598144,1.3124930293607469,0.5992253472313616,1.3403526839494149,4728.0,51.956043956043956,75.40724809248192,0.8241313679547101,0.28423609822730117,47.65500060592819,0.23880266396017666,0.7614504432896494,2109.0,23.175824175824175,42.45314537436526,0.6851681862660761,0.44701549244792127,19.66651313649987,0.38943484828217323,0.3809245421806967,296.0,3.2527472527472527,20.095334555554537,0.4117770663182978,0.7344626841204664,2.751125879131956,0.6953858667082966,0.11743845127303773,116.0,1.2747252747252746,17.345830338656068,0.1487523129787861,0.9285701807067545,1.2076289598655496,0.9148874108134804,0.09157509157509157,0.1978021978021978,0.5714285714285714,0.7252747252747253,1.0,0.17582417582417584,0.5494505494505495,0.7472527472527473,0.989010989010989,,,,94/68
qwen_4b_bigdata_step110000_core,Qwen 4B bigdata step 110000 (core),core,generation,qwen_4b_bigdata_step110000,fixed,4b_bigdata_step110000,qwen_4b_bigdata_step110000_fixed,Qwen 4B bigdata (step 110000),qwen_4b_bigdata_step110000_fixed,94,82134.0,873.7659574468086,94.0,94.0,91.0,93908.0,82134.0,11774.0,1000.0,0.12551922738476712,0.8737659574468085,93908.0,0.0,0.0,0.0,0.0,0.0,93908.0,0.0,0.0,1.3071933953532326,1.8227979623860335,105.83357308552692,45.09430807274539,21611.296284895823,65.3498972667126,870.2160211877874,0.3140573573243381,1.3123176282475366,0.35773429238049553,1.3404241658266538,25007.0,274.8021978021978,33.3420418608452,0.8426255549395733,0.17157635609636668,233.5160623918438,0.1236338590483264,0.4360560528050461,6611.0,72.64835164835165,9.313436337625415,0.7262790367517129,0.34381181893641416,53.901365544187385,0.2927311162287097,0.14626861503547176,415.0,4.56043956043956,0.6321838252085139,0.4438282516860731,0.6992497094631581,3.397385177734909,0.6527772599794349,0.009440624756087323,131.0,1.4395604395604396,0.1927126213055411,0.2075774822663615,0.9006261610480867,1.3091872770875193,0.8792493418586966,0.0,0.5494505494505495,0.7692307692307693,0.9010989010989011,1.0,0.4945054945054945,0.7802197802197802,0.9230769230769231,0.989010989010989,,,,94/874
qwen_4b_bigdata_step110000_core,Qwen 4B bigdata step 110000 (core),core,generation,qwen_4b_bigdata_step110000,dynamic,4b_bigdata_step110000,qwen_4b_bigdata_step110000_dynamic,Qwen 4B bigdata (step 110000),qwen_4b_bigdata_step110000_dynamic,94,6301.0,67.03191489361703,94.0,94.0,91.0,7514.0,6301.0,1213.0,79.93617021276596,0.12419460530889877,0.8758053946911012,93908.0,0.0,0.0,0.0,0.0,0.0,7514.0,0.0,0.0,1.3176628964565626,1.8123182200344345,103.84140551919145,49.20869083092696,4922.48651910683,65.7041170217574,479.98994358526755,0.4858802597128882,1.2938204572783945,0.5403879862217318,1.3243886295155485,4438.0,48.76923076923077,60.04037732174519,0.8759626796638224,0.22409465897736075,45.447113322439705,0.17444440877425368,0.583093460310864,2081.0,22.86813186813187,28.2525423571563,0.7272696661796623,0.4076158918473337,19.578522075949518,0.345599417517498,0.22837283476886108,305.0,3.3516483516483517,8.675583469513557,0.4262313880249927,0.739881740064043,2.702561111800778,0.6946927372778887,0.04554812034569119,120.0,1.3186813186813187,6.16217180171648,0.1605641146027524,0.9267082650357377,1.229212354201891,0.9077066484383641,0.003663003663003663,0.32967032967032966,0.6703296703296703,0.7912087912087912,1.0,0.26373626373626374,0.6593406593406593,0.7692307692307693,0.989010989010989,,,,94/67
qwen_4b_bigdata_step110000_core,Qwen 4B bigdata step 110000 (core),core,generation,qwen_4b_bigdata_step110000,chembl_count,4b_bigdata_step110000,qwen_4b_bigdata_step110000_chembl_count,Qwen 4B bigdata (step 110000),qwen_4b_bigdata_step110000_chembl_count,94,6337.0,67.41489361702128,94.0,94.0,91.0,9917.0,6337.0,3580.0,115.19148936170212,0.11838781707784399,0.881612182922156,93908.0,0.0,0.0,0.0,0.0,0.0,9917.0,0.0,0.0,1.4069411145120763,1.9091483768127557,93.32580552878913,50.88878898970124,580.60974166389,65.80509033162572,49.960725785513326,0.5256295444951511,1.2830426194248064,0.58086664877256,1.3179111247491055,4714.0,51.8021978021978,75.6002516470953,0.8381096771457764,0.27334182072718743,47.845949002148814,0.2338660349297222,0.7551528793111648,2069.0,22.736263736263737,42.16134437690005,0.7029252716938641,0.4341159177313037,19.29198947874347,0.3794464461379339,0.36169855761883374,298.0,3.2747252747252746,19.975658352977568,0.40658500066064873,0.7420855464946524,2.6423198447502974,0.7013583858047084,0.12212847168066097,114.0,1.2527472527472527,17.343113216626055,0.1684446174041648,0.9295798768935208,1.1922931566152026,0.9129533257952874,0.09340659340659341,0.2857142857142857,0.6373626373626373,0.7802197802197802,1.0,0.2087912087912088,0.5934065934065934,0.7912087912087912,0.989010989010989,,,,94/67
qwen_core,Qwen (core),core,generation,qwen_4b_revisited,fixed,4b_revisited,qwen_4b_revisited_fixed,Qwen 4B revisited,qwen_4b_revisited_fixed,94,74699.0,794.6702127659574,94.0,94.0,92.0,92330.0,74699.0,17631.0,1000.0,0.19736798760799,0.7946702127659574,92330.0,0.0,0.0,0.0,0.0,0.0,92330.0,0.0,0.0,1.3192307512256294,1.9002248500546444,102.81106600588294,46.419829204265135,697302.9908742557,67.11021416353836,27276.94207534079,0.45975533133986857,1.5072167988169138,0.4915023265310464,1.525899816191465,14196.0,154.30434782608697,25.510206446964247,0.8016055047359214,0.2216765292769033,114.83010508134277,0.1652983089449311,0.3428527882930101,3722.0,40.45652173913044,8.285041687805487,0.6702749998773441,0.3893834955679983,25.829014197889414,0.3263303591379749,0.15206814738983848,419.0,4.554347826086956,1.8892862291496297,0.46244301015100747,0.6917386551194231,3.1649838520779663,0.6369865625518922,0.04202535166065716,134.0,1.4565217391304348,1.3241530582076373,0.2130710489109757,0.9137815504404467,1.2742640260462863,0.8865728377612964,0.016304347826086956,0.5108695652173914,0.7065217391304348,0.8043478260869565,0.9782608695652174,0.44565217391304346,0.717391304347826,0.8152173913043478,0.967391304347826,,,,94/795
qwen_core,Qwen (core),core,generation,qwen_4b_revisited,dynamic,4b_revisited,qwen_4b_revisited_dynamic,Qwen 4B revisited,qwen_4b_revisited_dynamic,94,1801.0,19.159574468085108,94.0,94.0,91.0,2256.0,1801.0,455.0,24.0,0.20168439716312056,0.7983156028368794,92330.0,0.0,0.0,0.0,0.0,0.0,2256.0,0.0,0.0,1.3268825575138001,1.9062746757994724,98.83833665937635,53.765294651066185,2345.762583762659,215.5450919089177,665.7466868880904,0.8101934850326985,1.5241289744165936,0.8272369373656648,1.5451761137757671,978.0,10.747252747252746,59.32299455377636,0.8798231859772287,0.29047531625297107,9.88220107824721,0.2275982513901163,0.5721633887268562,557.0,6.1208791208791204,36.39564386823421,0.7256332445869983,0.49850798975544364,5.425672154277581,0.4234622081861317,0.31463347515426243,190.0,2.087912087912088,13.978007659546373,0.39268539730996393,0.7918772584431296,1.8593337274674402,0.7462119554823653,0.06501831501831501,106.0,1.164835164835165,7.883887566570444,0.1118415321724377,0.9577049965943395,1.1187792082454218,0.9440219469035988,0.018315018315018316,0.24175824175824176,0.4725274725274725,0.6263736263736264,0.9120879120879121,0.1978021978021978,0.4725274725274725,0.6373626373626373,0.9230769230769231,,,,94/19
qwen_core,Qwen (core),core,generation,qwen_4b_revisited,chembl_count,4b_revisited,qwen_4b_revisited_chembl_count,Qwen 4B revisited,qwen_4b_revisited_chembl_count,94,5772.0,61.40425531914894,94.0,94.0,92.0,9916.0,5772.0,4144.0,115.19148936170212,0.19520176738679235,0.8047954990665911,92330.0,0.0,0.0,0.0,0.0,0.0,9916.0,0.0,0.0,1.41965027983659,1.9956776980008049,86.69276300647124,53.420628034348795,134323.27228512097,67.413027551905,10267.636993732469,0.7110429715575443,1.5008177881602667,0.7370785385617118,1.520100781346716,3247.0,35.29347826086956,66.08422814449982,0.7557873507683849,0.33951572305098116,30.64144009178961,0.2962277403062859,0.6364973805173058,1377.0,14.967391304347826,41.90789765278018,0.6538009058625731,0.4786674690223705,11.824295722687324,0.42006174449814115,0.3723296707099183,283.0,3.0760869565217392,24.01170159104099,0.43894656665665227,0.7435695047765088,2.4279308799453796,0.6879577183862206,0.17732723194679717,117.0,1.2717391304347827,20.432887327802902,0.14441177940039487,0.939111207368155,1.1953031970898482,0.9212491681803867,0.125,0.16304347826086957,0.4673913043478261,0.6413043478260869,0.967391304347826,0.17391304347826086,0.4782608695652174,0.6304347826086957,0.967391304347826,,,,94/61
rdkit_torsion_core,RDKit random & Torsion perturb (core),core,generation,rdkit_random_minimized,fixed,,rdkit_random_minimized_fixed,RDKit random (minimized),rdkit_random_minimized_fixed,94,93997.0,999.968085106383,94.0,94.0,94.0,94000.0,93997.0,3.0,1000.0,3.1914893617021275e-05,0.999968085106383,94000.0,0.0,0.0,0.0,0.0,0.0,94000.0,94000.0,0.0,1.192956352559922,1.7827908588898653,109.38646593972423,23.7976810128138,42.6040891632797,27.092092501461106,2.794507222095351,0.5275513139164637,1.3479901764838496,0.5693112511045475,1.3866976618098308,4919.0,52.329787234042556,5.233013935423291,0.8232213399347427,0.29737685396615376,37.87647109027573,0.25799786138489733,0.08009511331335599,1906.0,20.27659574468085,2.0276819821165626,0.7086916789322397,0.44620262916408804,14.01857406939815,0.40009643210268464,0.03470976834174582,284.0,3.021276595744681,0.30213726285238696,0.4436278881801772,0.7350161014959773,2.6035348137901546,0.6998859872486064,0.004758440928653694,118.0,1.2553191489361701,0.12553511598625663,0.14535746494236615,0.9345212765957447,1.2210082399698836,0.9188771276595744,0.0,0.23404255319148937,0.5425531914893617,0.7659574468085106,1.0,0.2127659574468085,0.5,0.776595744680851,0.9893617021276596,,,,94/1000
rdkit_torsion_core,RDKit random & Torsion perturb (core),core,generation,rdkit_random_minimized,dynamic,,rdkit_random_minimized_dynamic,RDKit random (minimized),rdkit_random_minimized_dynamic,94,7513.0,79.92553191489361,94.0,94.0,94.0,7514.0,7513.0,1.0,79.93617021276596,0.00015644555694618273,0.9998435544430538,94000.0,0.0,0.0,0.0,0.0,0.0,7514.0,94000.0,0.0,1.17993391407967,1.7321812514732713,104.14928465817943,23.965260989623758,37.72743828468336,27.34136404502914,2.8576355628916774,0.5848177254990684,1.3709023839844918,0.625121446466145,1.3999890665775268,2378.0,25.29787234042553,26.237725825899044,0.8184364095784332,0.3363632850627221,21.27083549560978,0.2831109297662723,0.19213515999239134,1182.0,12.574468085106384,14.941767879199672,0.7143990497561623,0.46815501364590745,10.010031083171059,0.4152669837788853,0.07796896964137376,249.0,2.648936170212766,6.6443439010216245,0.44036627902912134,0.7491452583908563,2.3591313059566303,0.7121893473993453,0.0027186761229314412,113.0,1.202127659574468,5.487784243539703,0.1261960103652307,0.9407090177473633,1.1806609721662304,0.9299393804818599,0.0,0.19148936170212766,0.5,0.723404255319149,1.0,0.18085106382978725,0.46808510638297873,0.7340425531914894,0.9893617021276596,,,,94/80
rdkit_torsion_core,RDKit random & Torsion perturb (core),core,generation,rdkit_random_minimized,chembl_count,,rdkit_random_minimized_chembl_count,RDKit random (minimized),rdkit_random_minimized_chembl_count,94,9917.0,105.5,94.0,94.0,94.0,9917.0,9917.0,0.0,115.19148936170212,0.0,0.9934277628959498,94000.0,0.0,0.0,0.0,0.0,0.0,9917.0,94000.0,0.0,1.2698226450691275,1.8481793215205087,92.06227480635377,24.00098223403159,36.0617307194378,26.931484683233514,2.7007249287919066,0.632202098794975,1.3483800361445264,0.67305673715962,1.3847249197035103,2085.0,22.180851063829788,40.60091935062746,0.7649519452668609,0.38057328925102474,18.273635746283716,0.32644485988277055,0.3505828383785807,1042.0,11.085106382978724,28.71590651863938,0.6668940381106162,0.49852025875434663,8.829562057384285,0.4432156857134808,0.21199080416430435,248.0,2.6382978723404253,18.154018706167776,0.4333852805613549,0.7501124878705017,2.3291954245434043,0.7098551313942923,0.09254513217279174,115.0,1.2234042553191489,16.61386352170443,0.14965232414362742,0.9379657220909271,1.1785536912451346,0.9216192746178989,0.08776595744680851,0.18085106382978725,0.425531914893617,0.6808510638297872,1.0,0.14893617021276595,0.4148936170212766,0.6914893617021277,0.9893617021276596,,,,94/106
rdkit_torsion_core,RDKit random & Torsion perturb (core),core,generation,rdkit_random_raw,fixed,,rdkit_random_raw_fixed,RDKit random (raw),rdkit_random_raw_fixed,94,93995.0,999.9468085106383,94.0,94.0,94.0,94000.0,93995.0,5.0,1000.0,5.319148936170213e-05,0.9999468085106383,94000.0,0.0,0.0,0.0,0.0,0.0,94000.0,0.0,0.0,1.238773187142048,1.7561831053562276,107.06338525910797,58.91912662938899,141.1186723857366,81.16054531148774,10.24514025430533,0.4467595528943805,1.3336292049371414,0.5043293547216854,1.3630393429619296,10732.0,114.17021276595744,11.418496375538119,0.8163365648085565,0.24459831124775908,87.91078499108994,0.2099630697363594,0.15218648117770336,3373.0,35.88297872340426,3.588589901033938,0.7389301169061981,0.39427659664098497,26.889952470943477,0.35149251016224375,0.039648910897790886,326.0,3.4680851063829787,0.3468340873171812,0.4731283379532263,0.7173547096962651,2.9693730854489986,0.6756481327415725,0.00036683785766691065,118.0,1.2553191489361701,0.1255415053479267,0.14189421729675897,0.9294680211486803,1.21136966308227,0.9169742546396678,0.0,0.30851063829787234,0.6276595744680851,0.8085106382978723,1.0,0.3191489361702128,0.5957446808510638,0.8297872340425532,0.9893617021276596,,,,94/1000
rdkit_torsion_core,RDKit random & Torsion perturb (core),core,generation,rdkit_random_raw,dynamic,,rdkit_random_raw_dynamic,RDKit random (raw),rdkit_random_raw_dynamic,94,7513.0,79.92553191489361,94.0,94.0,94.0,7514.0,7513.0,1.0,79.93617021276596,6.819421713038734e-05,0.9999318057828697,94000.0,0.0,0.0,0.0,0.0,0.0,7514.0,0.0,0.0,1.2313302624853337,1.7310852462307669,99.07050653211493,63.139768756094995,116.62342407196466,81.16272786981034,9.973196688292228,0.559173283196346,1.3241638266037066,0.6132694993555903,1.3458467469966988,3492.0,37.148936170212764,37.614280469299786,0.8051284985883959,0.29564473973900407,32.96538162579526,0.2486584328965822,0.3033415080984228,1627.0,17.30851063829787,18.841264537577572,0.7479201327188844,0.42584880494634053,14.555923345268518,0.37613080293652185,0.11703152785288677,270.0,2.872340425531915,6.886614277888151,0.44367265028015296,0.7444547755708127,2.502473887307837,0.7033673523404473,0.004366574075420658,117.0,1.2446808510638299,5.50271217755892,0.12121673444618056,0.9416969274225162,1.1907794857169673,0.9299173180999675,0.005319148936170213,0.23404255319148937,0.4787234042553192,0.6808510638297872,1.0,0.20212765957446807,0.48936170212765956,0.7021276595744681,0.9893617021276596,,,,94/80
rdkit_torsion_core,RDKit random & Torsion perturb (core),core,generation,rdkit_random_raw,chembl_count,,rdkit_random_raw_chembl_count,RDKit random (raw),rdkit_random_raw_chembl_count,94,9917.0,105.5,94.0,94.0,94.0,9917.0,9917.0,0.0,115.19148936170212,0.0,0.9934277628959498,94000.0,0.0,0.0,0.0,0.0,0.0,9917.0,0.0,0.0,1.3271756942882786,1.8407270515490397,90.30110984511063,64.80873679734727,113.26036483072565,81.26392659682668,9.339863600627542,0.603806683041439,1.3423765626106896,0.6647784351225051,1.3693284698697372,3440.0,36.59574468085106,51.670685067118534,0.7784019012006043,0.3293866062460837,31.16768142651756,0.28404896391451245,0.46339402436121313,1396.0,14.851063829787234,32.07953423470144,0.6999830773569583,0.4577493912308135,12.441108310396618,0.4048406493100542,0.23720719614238375,261.0,2.776595744680851,18.474681101095246,0.43468807475211657,0.7476330641334956,2.4240679558105476,0.7067075149237086,0.09729635890461923,114.0,1.2127659574468086,16.523837726161034,0.12652518162588478,0.9379072988862696,1.1894533366906002,0.9277381049293076,0.0851063829787234,0.19148936170212766,0.425531914893617,0.6595744680851063,1.0,0.14893617021276595,0.425531914893617,0.6702127659574468,0.9893617021276596,,,,94/106
rdkit_torsion_core,RDKit random & Torsion perturb (core),core,generation,torsion_minimized,fixed,,torsion_minimized_fixed,Torsion perturb (minimized),torsion_minimized_fixed,94,93997.0,999.968085106383,94.0,94.0,94.0,94000.0,93997.0,3.0,1000.0,3.1914893617021275e-05,0.999968085106383,234000.0,0.0,52730.0,0.0,0.0,0.0,94000.0,141000.0,0.0,1.1106239023470248,1.7556755571735987,101.52811115104937,23.87771163194798,34.555940069492884,26.446526114881674,2.552708972695771,0.55411909687635,1.2985134957587907,0.5978475366832388,1.3409915941104291,5632.0,59.91489361702128,5.991687432112964,0.7367221466332509,0.3940636487551381,36.32327923743751,0.3092241442181431,0.10667512908781858,2351.0,25.01063829787234,2.5011351777309225,0.5933950490860059,0.5387777138840969,13.956628699125,0.4552583619375557,0.055870140213754485,318.0,3.382978723404255,0.33830532660319895,0.3896819055811479,0.7730029178114285,2.526895700277927,0.7178853490596852,0.004875886524822695,128.0,1.3617021276595744,0.1361734074500032,0.1858001624189877,0.920468085106383,1.2602320310892692,0.8972553617021277,0.0,0.18085106382978725,0.5106382978723404,0.7553191489361702,0.9893617021276596,0.1702127659574468,0.5106382978723404,0.7659574468085106,0.9787234042553191,,,,94/1000
rdkit_torsion_core,RDKit random & Torsion perturb (core),core,generation,torsion_minimized,dynamic,,torsion_minimized_dynamic,Torsion perturb (minimized),torsion_minimized_dynamic,94,7514.0,79.93617021276596,94.0,94.0,94.0,7514.0,7514.0,0.0,79.93617021276596,0.0,1.0,234000.0,0.0,52730.0,0.0,0.0,0.0,7514.0,141000.0,0.0,1.1143232766705762,1.7402700442621768,94.53900021422893,23.913872475745926,33.310544819026866,26.436151648647744,2.540647952578085,0.6307213634773954,1.311421857199042,0.6643334987309826,1.3498416676999017,2344.0,24.93617021276596,25.829232707397267,0.7509387665594061,0.40688700126635163,19.267449912239286,0.32779454481247683,0.24773118152434281,1239.0,13.180851063829786,15.683543383631543,0.6012020254109874,0.557105078480173,9.24987175514826,0.47432050793481967,0.13493731094914493,270.0,2.872340425531915,6.972141169009786,0.39477240871002167,0.78347814802457,2.256135018674128,0.7303565297406147,0.023697652819993247,122.0,1.297872340425532,5.5790344008022705,0.1648200203643704,0.9279301134300306,1.220248648992401,0.9089888728728539,0.0035460992907801418,0.13829787234042554,0.4148936170212766,0.6702127659574468,0.9893617021276596,0.1276595744680851,0.425531914893617,0.7021276595744681,0.9787234042553191,,,,94/80
rdkit_torsion_core,RDKit random & Torsion perturb (core),core,generation,torsion_minimized,chembl_count,,torsion_minimized_chembl_count,Torsion perturb (minimized),torsion_minimized_chembl_count,94,9917.0,105.5,94.0,94.0,94.0,9917.0,9917.0,0.0,115.19148936170212,0.0,0.9934277628959498,234000.0,0.0,52730.0,0.0,0.0,0.0,9917.0,141000.0,0.0,1.2207868931857457,1.87310410514768,86.63215084675775,23.99815793193626,32.8949200959129,26.609259269748936,2.3982819730017173,0.6627470690221543,1.2863974530366808,0.6931768845367973,1.3204451602703924,2050.0,21.80851063829787,40.96009347839462,0.7415257572030964,0.43028643201593686,15.883930784008847,0.350820377581642,0.39702575227182413,1094.0,11.638297872340425,28.9299127188194,0.5793718088489731,0.5711766290349805,7.990048028235365,0.48885942260325943,0.2577060045438353,254.0,2.702127659574468,18.3576634526701,0.3619384899835631,0.7987318418386203,2.1468084436861683,0.7490824769316955,0.09860757723711415,122.0,1.297872340425532,16.717975995556202,0.17882513817797557,0.9245359927670646,1.2377958213055438,0.9039609063012803,0.0851063829787234,0.14893617021276595,0.43617021276595747,0.6382978723404256,0.9893617021276596,0.13829787234042554,0.425531914893617,0.6702127659574468,0.9787234042553191,,,,94/106
rdkit_torsion_core,RDKit random & Torsion perturb (core),core,generation,torsion_raw,fixed,,torsion_raw_fixed,Torsion perturb (raw),torsion_raw_fixed,94,84266.0,896.4468085106383,94.0,94.0,94.0,94000.0,84266.0,9734.0,1000.0,0.1035531914893617,0.8964468085106383,167000.0,0.0,38143.0,0.0,0.0,0.0,94000.0,0.0,0.0,1.2718751835993514,1.8048000331899354,95.9191837724944,37.69431550123026,124278.35105532454,73.9489470056146,4782.071684926471,0.49669505210218584,1.3454941711941113,0.5473436570918808,1.3868752785339253,27895.0,296.75531914893617,34.600945244624015,0.9488958520786449,0.14671806702204399,277.30515075194495,0.11882944114064684,0.32678409836882205,6970.0,74.14893617021276,8.820255064331285,0.7628420042009183,0.3586531419225668,61.56872859702389,0.3198686687549355,0.0787441595736959,407.0,4.329787234042553,0.507420620300053,0.46923792257086044,0.7018646467646534,3.5097320607398013,0.6551692927852458,0.0037854083206826754,134.0,1.425531914893617,0.16453232322492325,0.1986398902651351,0.9109709786259339,1.3210847634985623,0.8857037790932791,0.002127659574468085,0.30851063829787234,0.5638297872340425,0.776595744680851,0.9893617021276596,0.2765957446808511,0.5531914893617021,0.7659574468085106,0.9787234042553191,,,,94/896
rdkit_torsion_core,RDKit random & Torsion perturb (core),core,generation,torsion_raw,dynamic,,torsion_raw_dynamic,Torsion perturb (raw),torsion_raw_dynamic,94,6562.0,69.80851063829788,94.0,94.0,94.0,7514.0,6562.0,952.0,79.93617021276596,0.09451433945914839,0.9054856605408516,167000.0,0.0,38143.0,0.0,0.0,0.0,7514.0,0.0,0.0,1.2798255133866476,1.7874027427914638,93.08471430330452,41.932101684260104,16950.297066606556,74.11589171038679,2170.3674528569704,0.6411489593216702,1.348540748514193,0.6890679687302558,1.3939043788516414,4820.0,51.276595744680854,61.3382213927779,0.9407720258023592,0.18954922697891632,49.63025532258052,0.15428540314177253,0.5546641183621539,2253.0,23.96808510638298,27.527917936503304,0.7433425110963763,0.4104935413841147,21.22378137160562,0.3563728776678618,0.2004139412102913,303.0,3.223404255319149,7.579387612580169,0.38484472900631456,0.7533243755778789,2.7006066615026936,0.7123127792473596,0.014192395883325331,121.0,1.2872340425531914,5.7471566367148865,0.15652033190308848,0.9325975526263026,1.213734679068611,0.9137447124275625,0.0,0.18085106382978725,0.3829787234042553,0.648936170212766,0.9893617021276596,0.1595744680851064,0.39361702127659576,0.6170212765957447,0.9787234042553191,,,,94/70
rdkit_torsion_core,RDKit random & Torsion perturb (core),core,generation,torsion_raw,chembl_count,,torsion_raw_chembl_count,Torsion perturb (raw),torsion_raw_chembl_count,94,8884.0,94.51063829787235,94.0,94.0,94.0,9917.0,8884.0,1033.0,115.19148936170212,0.10262763473243437,0.8909189956327017,167000.0,0.0,38143.0,0.0,0.0,0.0,9917.0,0.0,0.0,1.3926986442974265,1.9207504598842915,81.62123071879634,46.43403532487772,10639.676616829905,75.63516406267084,911.0472621004059,0.6943270412084841,1.345328308006092,0.754001525936413,1.3881651866309412,5171.0,55.01063829787234,75.60222545326769,0.8516093654952285,0.2720538027636422,52.68937852860323,0.23786975576546232,0.7268025435332303,2053.0,21.840425531914892,40.90632826501073,0.6868491060243751,0.4384489143586826,18.940232830324334,0.3941819300555071,0.3207496369224368,291.0,3.095744680851064,20.789057588447196,0.3915693749895592,0.7504666422866565,2.6080605736124145,0.7092175245198763,0.12664491328446273,121.0,1.2872340425531914,18.03226179674104,0.17294277248710938,0.9282680158140533,1.226580629400571,0.90596002001812,0.10638297872340426,0.10638297872340426,0.3191489361702128,0.648936170212766,0.9893617021276596,0.09574468085106383,0.2978723404255319,0.6170212765957447,0.9787234042553191,,,,94/95
torsional_diffusion_core,Torsional Diffusion (core),core,generation,torsional_diffusion_raw,fixed,,torsional_diffusion_raw_fixed,Torsional Diffusion,torsional_diffusion_raw_fixed,94,78936.0,839.7446808510638,94.0,94.0,90.0,94000.0,78936.0,15064.0,1000.0,0.16025531914893618,0.8397446808510638,94000.0,0.0,0.0,0.0,0.0,0.0,94000.0,0.0,0.0,1.405234374248285,1.99796411739122,107.56818367667697,58.48672335034956,119604.3757791792,88.1165582534494,5599.503052545024,0.37210712918118927,1.4555872758141983,0.4250233665522318,1.4705827765447965,17061.0,189.56666666666666,26.212859132716414,0.817102174078524,0.20484039862912337,153.07586426185034,0.1634304818564328,0.33881518247974773,5098.0,56.644444444444446,8.58412025313553,0.7235732020198864,0.3585368142175388,41.225001425924276,0.311053008380976,0.11948309272089033,482.0,5.355555555555555,0.7855351009811807,0.4986422107625034,0.6617721559145504,4.090143664795994,0.6196676210260192,0.00565764083411142,136.0,1.511111111111111,0.19935328959331236,0.20505780128409504,0.8950391650813408,1.3896985523591914,0.8727097829830333,0.0,0.43333333333333335,0.7888888888888889,0.8888888888888888,1.0,0.4111111111111111,0.7777777777777778,0.8888888888888888,0.9888888888888889,,,,94/840
torsional_diffusion_core,Torsional Diffusion (core),core,generation,torsional_diffusion_raw,dynamic,,torsional_diffusion_raw_dynamic,Torsional Diffusion,torsional_diffusion_raw_dynamic,94,5857.0,62.308510638297875,94.0,94.0,90.0,7514.0,5857.0,1657.0,79.93617021276596,0.15763734253503683,0.8423626574649632,94000.0,0.0,0.0,0.0,0.0,0.0,7514.0,0.0,0.0,1.39684179499167,1.9649297096803464,103.32031507958428,65.25190147226753,56942.85543822003,90.0020129428533,5510.3620321704,0.5384752880266097,1.4507468777562489,0.5808570317329405,1.4682785957674247,3445.0,38.27777777777778,51.91587900246366,0.8547376313140279,0.2432706108699628,34.692819972847865,0.1966578376603562,0.5115825317544492,1683.0,18.7,26.595060268149535,0.7322378174041502,0.4068694865764673,15.993415539987481,0.3497136929752702,0.19923617064653715,324.0,3.6,8.968941935628838,0.4437711050861587,0.7098168107079462,3.0089366475170536,0.6676733291432987,0.022993850020928585,132.0,1.4666666666666666,6.280063959639826,0.24046090825977262,0.882347319420692,1.3763001598752842,0.8594819947998862,0.0037037037037037034,0.2777777777777778,0.6111111111111112,0.7666666666666667,0.9888888888888889,0.24444444444444444,0.6,0.7777777777777778,0.9777777777777777,,,,94/62
torsional_diffusion_core,Torsional Diffusion (core),core,generation,torsional_diffusion_raw,chembl_count,,torsional_diffusion_raw_chembl_count,Torsional Diffusion,torsional_diffusion_raw_chembl_count,94,6000.0,63.829787234042556,94.0,94.0,90.0,9917.0,6000.0,3917.0,115.19148936170212,0.1691767756442958,0.8308232243557042,94000.0,0.0,0.0,0.0,0.0,0.0,9917.0,0.0,0.0,1.5287013825612823,2.1082649789906855,90.60754363383565,65.71036363286794,18706.949277429027,88.41114935881517,2107.924682077062,0.574054510034159,1.449392814103204,0.6115572592114028,1.4661465985901918,3618.0,40.2,68.45468607581144,0.8092641824496594,0.3036020835396487,35.923819176118045,0.2646082286810799,0.676434374835187,1608.0,17.866666666666667,42.97947637468824,0.6907125964119621,0.44542815032238486,14.595217994002173,0.3911912841135565,0.3741399683671753,322.0,3.577777777777778,22.83926722718806,0.46847273671187545,0.7047306900038859,2.983934684992347,0.6566068995863185,0.1414862286050741,126.0,1.4,18.991935777234247,0.2033266888133972,0.9030438495808486,1.3122039637229868,0.8825936138755819,0.10648148148148148,0.2,0.5777777777777777,0.7444444444444445,0.9777777777777777,0.2,0.5333333333333333,0.7555555555555555,0.9666666666666667,,,,94/64
reference_core,Reference datasets (core),core,reference,casf_crystal,reference,,casf_crystal,CASF crystal,casf_crystal,94,94.0,1.0,,,,94.0,,1.0,,,,,,,,,,,,,,,0.0,60.720057418289244,60.720057418289244,60.720057418289244,0.0,,,,,94.0,1.0,100.0,0.0,1.0,1.0,1.0,1.0,94.0,1.0,100.0,0.0,1.0,1.0,1.0,1.0,94.0,1.0,100.0,0.0,1.0,1.0,1.0,1.0,94.0,1.0,100.0,0.0,1.0,1.0,1.0,1.0,,,,,,,,,0.0,0.0,0.010638297872340425,94/1
reference_core,Reference datasets (core),core,reference,casf_opt,reference,,casf_opt,CASF optimized,casf_opt,94,94.0,1.0,,,,94.0,,3.0,,,,,,,,,,,,,,,0.0,50.87094247875891,50.87094247875891,50.87094247875891,0.0,,,,,94.0,1.0,100.0,0.0,1.0,1.0,1.0,1.0,94.0,1.0,100.0,0.0,1.0,1.0,1.0,1.0,94.0,1.0,100.0,0.0,1.0,1.0,1.0,1.0,94.0,1.0,100.0,0.0,1.0,1.0,1.0,1.0,,,,,,,,,1.0,0.010638297872340425,0.031914893617021274,94/1
reference_core,Reference datasets (core),core,reference,chembl3d_gt,reference,,chembl3d_gt,ChEMBL3D ground truth,chembl3d_gt,94,10828.0,115.19148936170212,,,,10828.0,,2999.0,,,,,,,,,,,,,1.3330197069931138,1.9022077110382887,81.4093329921063,32.332606551892226,42.56560798525652,37.03821160666017,2.82935111794099,0.5236240235345861,1.3363260711817535,0.5707091173196269,1.3622776322377534,2200.0,23.404255319148938,44.99404583016822,0.8235431004471908,0.3048720482405308,19.227728376935225,0.26458921560315135,0.3676148412186234,737.0,7.840425531914893,27.643671280469437,0.724528438926551,0.46694861964672546,6.412857410947182,0.4126603612960946,0.18630219540880893,200.0,2.127659574468085,17.91398301028835,0.42062432481727824,0.7773365497009644,1.906255707915712,0.7358499810847263,0.08865248226950355,113.0,1.202127659574468,16.558853177420527,0.1548233200951255,0.9319699164865716,1.1769608820298672,0.9193129392503355,0.0851063829787234,0.2553191489361702,0.6382978723404256,0.7978723404255319,0.9787234042553191,0.20212765957446807,0.6170212765957447,0.776595744680851,0.9787234042553191,0.0,0.0,0.27696712227558185,94/115
reference_core,Reference datasets (core),core,reference,chembl3d_gt_pb,reference,,chembl3d_gt_pb,ChEMBL3D ground truth PB,chembl3d_gt_pb,94,7829.0,83.2872340425532,,,,7829.0,,0.0,,,,,,,,,,,,,1.332908959324016,1.9021094677888077,80.86500501682646,32.377067717688774,41.99193333489677,36.79835800434969,2.60869284518603,0.5239659877007915,1.3251254997174782,0.5711532677176693,1.3522509433423637,2107.0,22.414893617021278,45.47259001944456,0.8205589408683394,0.31169315602610215,18.36879073320973,0.2706661853037836,0.37434645839531794,733.0,7.797872340425532,28.502121455112537,0.7222105463254989,0.47087773103721103,6.371230669347909,0.4165527666900971,0.19760538689817064,200.0,2.127659574468085,18.340394874597088,0.42739822373685604,0.776979658071057,1.9028895694083046,0.7346850191329934,0.08865248226950355,113.0,1.202127659574468,16.97179631828817,0.1548233200951255,0.9319699164865716,1.1769608820298672,0.9193129392503355,0.0851063829787234,0.2553191489361702,0.6382978723404256,0.7978723404255319,0.9787234042553191,0.20212765957446807,0.6170212765957447,0.776595744680851,0.9787234042553191,0.0,0.0,0.0,94/83
reference_core,Reference datasets (core),core,reference,chembl3d_sdf,reference,,chembl3d_sdf,ChEMBL3D topology SDF,chembl3d_sdf,94,94.0,1.0,,,,94.0,,4.0,,,,,,,,,,,,,,,0.0,38.30449508714105,38.30449508714105,38.30449508714105,0.0,,,,,94.0,1.0,100.0,0.0,1.0,1.0,1.0,1.0,94.0,1.0,100.0,0.0,1.0,1.0,1.0,1.0,94.0,1.0,100.0,0.0,1.0,1.0,1.0,1.0,94.0,1.0,100.0,0.0,1.0,1.0,1.0,1.0,,,,,,,,,0.0,0.0,0.0425531914893617,94/1
loqi_ref,LOQI (ref),ref,generation,loqi_raw,fixed,,loqi_raw_fixed,LOQI,loqi_raw_fixed,1236,1199117.0,970.1593851132686,1236.0,1236.0,1206.0,1236000.0,1199117.0,36883.0,1000.0,0.02984061488673139,0.9701593851132686,1236000.0,0.0,0.0,0.0,0.0,0.0,1236000.0,0.0,0.0,1.0425629688663574,1.5855531811915362,102.16018322037763,25.311982951861786,6140925554806.302,31.323112305773563,200694493685.95135,0.386030809947027,1.3026068079287028,,,102683.0,85.14344941956882,8.780866858695521,0.694037204046604,0.3337882638612244,55.140423906128675,0.27139725755029304,0.19796921799378675,28875.0,23.942786069651742,2.55810701052327,0.6044398341145895,0.5070169691479235,15.229768233500144,0.4456487409645511,0.07103045187164461,4444.0,3.684908789386401,0.4703108934109581,0.32935119639441557,0.8034664823082425,2.5441983857884614,0.7681222952111494,0.013689535419902811,1693.0,1.4038142620232172,0.2355673690891379,0.10725613277665984,0.9502617889882229,1.2251837342925638,0.9379085746164404,0.004351606292880315,0.5049751243781094,0.7603648424543947,0.867330016583748,0.988391376451078,,,,,,,,1236/970
loqi_ref,LOQI (ref),ref,generation,loqi_raw,dynamic,,loqi_raw_dynamic,LOQI,loqi_raw_dynamic,1236,122585.0,99.17880258899676,1236.0,1236.0,1205.0,126705.0,122585.0,4120.0,102.5121359223301,0.029700932664651125,0.9702990673353489,1236000.0,0.0,0.0,0.0,0.0,0.0,126705.0,0.0,0.0,1.042041987281371,1.5790320564625875,99.13450744260506,26.242472130754432,59815861967.33372,31.37172452757021,3512487331.8104796,0.5151840159783831,1.2932651723123627,,,36300.0,30.12448132780083,23.659329815806316,0.7415436667498647,0.37126255991136425,23.653917792005394,0.3018641891077849,0.2789844074665229,14457.0,11.997510373443983,10.900951906826428,0.6250692397377259,0.5401540505943587,8.922816083161008,0.47542262492302506,0.10987926516756588,3324.0,2.75850622406639,4.8463906590355945,0.32800195239737234,0.8204166096338068,2.1753335122137627,0.7869885850375864,0.01628847995809656,1541.0,1.2788381742738588,3.9879944705579513,0.08570586679945341,0.9606079085533582,1.175980975742518,0.9511705877668003,0.0025064807637421743,0.3659751037344398,0.6506224066390042,0.7825726141078838,0.9767634854771784,,,,,,,,1236/99
loqi_ref,LOQI (ref),ref,generation,loqi_raw,chembl_count,,loqi_raw_chembl_count,LOQI,loqi_raw_chembl_count,1236,77880.0,63.00970873786408,1236.0,1236.0,1205.0,102922.0,77880.0,25042.0,96.30501618122977,0.029120903472177384,0.9708790965278227,1236000.0,0.0,0.0,0.0,0.0,0.0,102922.0,0.0,0.0,1.1165460018870361,1.6557909142293565,87.34559824529225,26.89008425735035,113937380797.44075,31.41568128877409,8612714177.446115,0.5895889291040485,1.2921531083427822,,,26791.0,22.233195020746887,43.19542463625267,0.7223760431444586,0.41643280561184304,17.501570026746556,0.3494961062008567,0.4220049518120925,11090.0,9.203319502074688,26.939109700914003,0.5994909067219694,0.5695779720204438,6.8820529600234055,0.5058629601062228,0.22402261538209342,2912.0,2.416597510373444,17.816645855519518,0.3076529808411244,0.8337945542472492,1.9879143756962205,0.8007448633749328,0.10076401597213089,1490.0,1.2365145228215768,16.29110274370878,0.0888006595017586,0.9591063505138053,1.157852285952649,0.9503066330386151,0.08106467658039411,0.28962655601659754,0.5726141078838174,0.7385892116182573,0.9684647302904564,,,,,,,,1236/63
mcf_drugs_l_ref,MCF drugs-L (ref),ref,generation,mcf_drugs_l_raw,fixed,,mcf_drugs_l_raw_fixed,MCF drugs-L,mcf_drugs_l_raw_fixed,1236,1075092.0,869.8155339805825,1236.0,1236.0,1227.0,1236000.0,1075092.0,160908.0,1000.0,0.13018446601941747,0.8698155339805825,1236000.0,0.0,0.0,0.0,0.0,0.0,1236000.0,0.0,0.0,1.275209019867663,1.8527021292170158,105.89961284989835,28.488430348236594,85845.2241118091,39.87476104299048,3994.8275035136608,0.4544230080687901,1.4363959510202573,,,124490.0,101.45884270578647,14.652146201368588,0.7945240297786905,0.23710746462420645,69.77316507758631,0.18538437711286881,0.2315658083712015,33790.0,27.53871230643847,4.897495329350474,0.7052071854947655,0.40165453566802634,17.72059328866832,0.3462929742081457,0.0865934803745877,4729.0,3.854115729421353,1.0466274542769896,0.42660155178478926,0.7280686579505766,2.9237508437987434,0.6840830685835457,0.014881102608917316,1770.0,1.4425427872860637,0.41754524775095536,0.18590462296837965,0.9156902483887328,1.3138478460990246,0.8950069355583337,0.0008654073446249484,0.4360228198859006,0.7090464547677262,0.8410757946210269,0.9698451507742462,,,,,,,,1236/870
mcf_drugs_l_ref,MCF drugs-L (ref),ref,generation,mcf_drugs_l_raw,dynamic,,mcf_drugs_l_raw_dynamic,MCF drugs-L,mcf_drugs_l_raw_dynamic,1236,84314.0,68.21521035598705,1236.0,1236.0,1220.0,100033.0,84314.0,15719.0,80.93284789644012,0.13041276901787763,0.8695872309821224,1236000.0,0.0,0.0,0.0,0.0,0.0,100033.0,0.0,0.0,1.2805751466259185,1.8442850182033532,100.21175504975113,30.3928480533442,13712.629940473525,40.166622269222714,1589.0367711719107,0.5949517980857819,1.4249952853811079,,,38972.0,31.944262295081966,42.09058660814509,0.8183398126022425,0.295004153907136,27.30703197588364,0.23789027089895315,0.40377856809190243,16111.0,13.205737704918032,21.676245926316142,0.7054145835847985,0.4566257378836937,10.361551212787974,0.3955212838251635,0.1780926223291708,3574.0,2.9295081967213115,9.64852804849141,0.399264150270038,0.7614008578651408,2.406487164883618,0.7199626875344897,0.04287322214813657,1631.0,1.3368852459016394,7.620586818168877,0.15947819416042464,0.9303117494268792,1.245037977755258,0.9118846295984809,0.02136384335154827,0.29918032786885246,0.5581967213114755,0.7344262295081967,0.9614754098360656,,,,,,,,1236/68
mcf_drugs_l_ref,MCF drugs-L (ref),ref,generation,mcf_drugs_l_raw,chembl_count,,mcf_drugs_l_raw_chembl_count,MCF drugs-L,mcf_drugs_l_raw_chembl_count,1236,68894.0,55.73948220064725,1236.0,1236.0,1218.0,102922.0,68894.0,34028.0,96.30501618122977,0.1301430970087409,0.8698218257192087,1236000.0,0.0,0.0,0.0,0.0,0.0,102922.0,0.0,0.0,1.3637158060694405,1.9193465997106562,88.44396564410332,31.49943938361432,10302.51349516068,53.946204654156126,1178.030608852382,0.6698775922195803,1.4361392323699813,,,34131.0,28.02216748768473,58.32236138509405,0.7857058549646628,0.34278691649947746,23.993039570393947,0.292372173206923,0.5474892826730653,14424.0,11.842364532019705,35.75639126406812,0.6722637459841498,0.48372254179361135,9.406813131568027,0.4262092848394438,0.2851786514316132,3343.0,2.744663382594417,21.06004900062875,0.3956093801006885,0.7680215189912754,2.310652435144426,0.7265977471090758,0.11882473946485006,1605.0,1.3177339901477831,18.386614867215723,0.15492128451304726,0.9326655747763003,1.2332192432883244,0.9151322891963809,0.09355946917523272,0.2044334975369458,0.4860426929392447,0.7019704433497537,0.9573070607553367,,,,,,,,1236/56
nextmol_dmt_l_ref,NextMol DMT-L (ref),ref,generation,nextmol_dmt_l_raw,fixed,,nextmol_dmt_l_raw_fixed,NextMol DMT-L,nextmol_dmt_l_raw_fixed,1236,1081387.0,874.90857605178,1236.0,1236.0,1226.0,1236000.0,1081387.0,154613.0,1000.0,0.12509142394822007,0.87490857605178,1236000.0,0.0,0.0,0.0,0.0,0.0,1236000.0,0.0,0.0,1.2292677866640498,1.7939390706186393,105.10212836393148,26.598416097141026,337.2470803171544,33.537585174984606,13.30290061780408,0.45775111274457786,1.4006080873004723,,,119734.0,97.66231647634584,13.753951393546615,0.7640548314803636,0.2668388761004108,68.4956877157732,0.21808376770090762,0.21799057625121945,34089.0,27.80505709624796,4.932635769129525,0.6906917461787084,0.42173294754286056,18.768875692689353,0.3705411544975949,0.07908672414491935,5059.0,4.126427406199022,1.3230681369904105,0.4059261298826202,0.7427498532734527,3.095431654600838,0.7035233663639547,0.014185538805617548,1832.0,1.4942903752039152,0.8205951551297693,0.17882196336616002,0.9188792680391599,1.3424062900271199,0.898842804781766,0.004088320311382044,0.40212071778140296,0.699021207177814,0.8393148450244698,0.9730831973898858,,,,,,,,1236/875
nextmol_dmt_l_ref,NextMol DMT-L (ref),ref,generation,nextmol_dmt_l_raw,dynamic,,nextmol_dmt_l_raw_dynamic,NextMol DMT-L,nextmol_dmt_l_raw_dynamic,1236,85130.0,68.87540453074433,1236.0,1236.0,1210.0,100033.0,85130.0,14903.0,80.93284789644012,0.12562166068963462,0.8743783393103653,1236000.0,0.0,0.0,0.0,0.0,0.0,100033.0,0.0,0.0,1.2364374491078685,1.7945269934688994,99.55287545737566,28.08955609025791,79.51349773931734,33.81000635915423,6.728144162621799,0.5844784268854393,1.3913505320846404,,,38049.0,31.445454545454545,39.29210205763409,0.804217856901605,0.31169954002772154,26.980348690196475,0.25586889710758154,0.37229906133567026,16354.0,13.515702479338843,20.202708763711513,0.7011961093633587,0.4659188646281156,10.8028050596911,0.40791021561214497,0.15547614341656998,3729.0,3.081818181818182,8.896517472628618,0.3944931123540504,0.7659103740989379,2.5345960572789794,0.7252436739325852,0.03310539793103711,1660.0,1.371900826446281,6.998372039678778,0.1499671703042182,0.9332499251890011,1.2697194523781115,0.9164336462678679,0.014843934365877939,0.2818181818181818,0.5661157024793388,0.7520661157024794,0.9619834710743802,,,,,,,,1236/69
nextmol_dmt_l_ref,NextMol DMT-L (ref),ref,generation,nextmol_dmt_l_raw,chembl_count,,nextmol_dmt_l_raw_chembl_count,NextMol DMT-L,nextmol_dmt_l_raw_chembl_count,1236,69545.0,56.266181229773466,1236.0,1236.0,1213.0,102922.0,69545.0,33377.0,96.30501618122977,0.12458271176992516,0.8753681548710044,1236000.0,0.0,0.0,0.0,0.0,0.0,102922.0,0.0,0.0,1.3256779532335392,1.8861878368382297,88.72211583716758,29.12382483092729,78.07948186485493,34.29223940289388,7.3206175494928525,0.6477958991456493,1.4001176055181415,,,33680.0,27.765869744435285,56.121413553462226,0.7734528880387236,0.35397628781942736,23.87457356388633,0.302477257881853,0.5230012748687123,14617.0,12.050288540807914,34.87809941061489,0.6715062157151123,0.4901897822685585,9.72293911814772,0.4338619334400936,0.279323132380526,3479.0,2.868095630667766,20.480513118098607,0.3706833621705662,0.7816069739016905,2.3663506710758995,0.7427059288948812,0.1229798665837596,1628.0,1.3421269579554822,18.116013833012808,0.13876139299267543,0.9382702799616324,1.2455328584890628,0.9222984018981261,0.09495031776565165,0.21269579554822754,0.5070074196207749,0.7098103874690849,0.957131079967024,,,,,,,,1236/56
qwen_0p6b_fsq_6e_from_bigdata_step28320_ref,Qwen 0.6B FSQ 6e from bigdata step 28320 (ref),ref,generation,qwen_0p6b_fsq_6e_from_bigdata_step28320,fixed,0p6b_fsq_6e_from_bigdata_step28320,qwen_0p6b_fsq_6e_from_bigdata_step28320_fixed,Qwen 0.6B FSQ 6e from bigdata (step 28320),qwen_0p6b_fsq_6e_from_bigdata_step28320_fixed,1236,1127724.0,912.3980582524272,1236.0,1236.0,1226.0,1233014.0,1127724.0,105290.0,1000.0,0.08576228617623584,0.9123980582524271,1233014.0,0.0,0.0,0.0,0.0,0.0,1233014.0,0.0,0.0,1.225172878885845,1.781523326908595,100.36053610470354,37.092705271941725,2303.243645696007,48.00691419823503,94.76362954086298,0.4705918023305584,1.4348406443885693,,,178516.0,145.6084828711256,18.284419896596418,0.7940302325047376,0.23750093731073146,101.47840792810105,0.17789239878725344,0.271776717725103,42096.0,34.33605220228385,5.218245370742578,0.6820757086780721,0.4173675017236273,20.961749622768846,0.3470343744352246,0.0942255399961848,4995.0,4.074225122349103,0.8702172271130697,0.4037370966811447,0.7479208919250118,2.8257966688730063,0.6998699927060136,0.012459809303156202,1803.0,1.4706362153344208,0.4134922137016908,0.1669754251713317,0.9258884066733762,1.2849572569605234,0.905454943007244,0.002283632160051167,0.46492659053833607,0.699021207177814,0.8148450244698205,0.9738988580750407,,,,,,,,1236/912
qwen_0p6b_fsq_6e_from_bigdata_step28320_ref,Qwen 0.6B FSQ 6e from bigdata step 28320 (ref),ref,generation,qwen_0p6b_fsq_6e_from_bigdata_step28320,dynamic,0p6b_fsq_6e_from_bigdata_step28320,qwen_0p6b_fsq_6e_from_bigdata_step28320_dynamic,Qwen 0.6B FSQ 6e from bigdata (step 28320),qwen_0p6b_fsq_6e_from_bigdata_step28320_dynamic,1236,88542.0,71.63592233009709,1236.0,1236.0,1218.0,100033.0,88542.0,11491.0,80.93284789644012,0.08634379521900919,0.9136562047809909,1233014.0,0.0,0.0,0.0,0.0,0.0,100033.0,0.0,0.0,1.2337392029827428,1.774658088578692,97.41301348430883,39.24612771506761,558.7560139301903,48.18502845291113,50.36609206406466,0.6274571472687538,1.4282115874613666,,,45121.0,37.045155993431855,45.01549883857639,0.8156575490737787,0.28862241621178003,31.7605762294591,0.22737582826066807,0.44455514104798566,17383.0,14.27175697865353,20.88332964971677,0.6953341613809861,0.4651006611690468,10.9202790220406,0.39369756210928286,0.1855562888179001,3531.0,2.899014778325123,8.547029486307233,0.3723397374892561,0.7828093980939562,2.288403723434829,0.7387265778812857,0.03701526635001607,1597.0,1.3111658456486042,6.801803232761294,0.1333719976992886,0.9437050643726563,1.2038532187799762,0.9274459876320599,0.018931308155446087,0.2889983579638752,0.5632183908045977,0.7167487684729064,0.9573070607553367,,,,,,,,1236/72
qwen_0p6b_fsq_6e_from_bigdata_step28320_ref,Qwen 0.6B FSQ 6e from bigdata step 28320 (ref),ref,generation,qwen_0p6b_fsq_6e_from_bigdata_step28320,chembl_count,0p6b_fsq_6e_from_bigdata_step28320,qwen_0p6b_fsq_6e_from_bigdata_step28320_chembl_count,Qwen 0.6B FSQ 6e from bigdata (step 28320),qwen_0p6b_fsq_6e_from_bigdata_step28320_chembl_count,1236,72029.0,58.27588996763754,1236.0,1236.0,1225.0,102886.0,72029.0,30857.0,96.30501618122977,0.08496294628097847,0.9149982442267784,1233014.0,0.0,0.0,0.0,0.0,0.0,102886.0,0.0,0.0,1.3002634837442064,1.8437443724002687,88.02550047735305,40.15962365267684,183.23756081206187,48.34195837378184,19.136490153693487,0.7010880286914742,1.4346469141527456,,,38852.0,31.715918367346937,60.787279121519354,0.7851400582411412,0.3375917440114943,27.0190148348327,0.2827635379019196,0.5859742979328618,15218.0,12.422857142857143,34.55937221497285,0.6571392891156402,0.4981753189126294,9.588522468324182,0.4316687585120195,0.28959294580782674,3326.0,2.7151020408163267,19.906992414813487,0.3737168389161346,0.7885352824795892,2.1985923882484895,0.7434880841486498,0.1196248902630786,1584.0,1.2930612244897959,17.488128258757808,0.12674050092453462,0.9445353277083074,1.1959165262866747,0.9295491369384364,0.0922293488824101,0.19918367346938776,0.48653061224489796,0.6751020408163265,0.9485714285714286,,,,,,,,1236/58
qwen_0p6b_fsq_bigdata_step70534_ref,Qwen 0.6B FSQ bigdata step 70534 (ref),ref,generation,qwen_0p6b_fsq_bigdata_step70534,fixed,0p6b_fsq_bigdata_step70534,qwen_0p6b_fsq_bigdata_step70534_fixed,Qwen 0.6B FSQ bigdata (step 70534),qwen_0p6b_fsq_bigdata_step70534_fixed,1236,1160395.0,938.8309061488674,1236.0,1236.0,1210.0,1235372.0,1160395.0,74977.0,1000.0,0.060729953628612096,0.9388309061488673,1235372.0,0.0,0.0,0.0,0.0,0.0,1235372.0,0.0,0.0,1.2582857099661995,1.8006980856286425,101.68231874053676,37.807140420677435,9323.960459562577,50.084188375840235,328.1067764165167,0.32468853548920085,1.305796172888203,,,321508.0,265.7090909090909,29.04501077685818,0.8221027830747143,0.22155506294693572,212.40103680567674,0.16412396825884795,0.3651349533630542,79706.0,65.87272727272727,7.710922887517147,0.7016720521897668,0.38945650001285137,47.48592070119005,0.3272278226352171,0.1076121233643874,6393.0,5.283471074380166,0.7683513222687177,0.42065170195730917,0.7284670009348484,3.956506455572236,0.6840415830432971,0.011296844747723925,1875.0,1.5495867768595042,0.29059067012825984,0.18846511802401056,0.9118224192621688,1.381876866974009,0.89136254917636,0.0021962932167747112,0.5016528925619834,0.7818181818181819,0.9239669421487603,1.0,,,,,,,,1236/939
qwen_0p6b_fsq_bigdata_step70534_ref,Qwen 0.6B FSQ bigdata step 70534 (ref),ref,generation,qwen_0p6b_fsq_bigdata_step70534,dynamic,0p6b_fsq_bigdata_step70534,qwen_0p6b_fsq_bigdata_step70534_dynamic,Qwen 0.6B FSQ bigdata (step 70534),qwen_0p6b_fsq_bigdata_step70534_dynamic,1236,91885.0,74.34061488673139,1236.0,1236.0,1209.0,100033.0,91885.0,8148.0,80.93284789644012,0.06055967996679197,0.939440320033208,1235372.0,0.0,0.0,0.0,0.0,0.0,100033.0,0.0,0.0,1.2671688775610834,1.7974969107280687,98.76132072329979,40.046903074358525,658.4309856455293,50.204699969933834,48.83106996534542,0.4808293394939456,1.3032308688081136,,,60883.0,50.35814722911497,55.494261524060796,0.8348929811202797,0.2662430572630773,45.45545136687047,0.20870208315924238,0.5550997777334662,27607.0,22.834574028122415,25.186750618706732,0.7076137706010143,0.4368739433307615,18.81438219990271,0.37231665986948065,0.21874990848170714,4397.0,3.6368899917287014,8.115207895109378,0.390087230829558,0.7619327302609366,3.0055458154319243,0.7214594701703425,0.02976649332765222,1676.0,1.3862696443341604,6.229730949022746,0.15409953317039232,0.9291597475450221,1.2864238146027223,0.9118911052949579,0.01114767923485153,0.3200992555831266,0.5938792390405294,0.7998345740281224,0.9975186104218362,,,,,,,,1236/74
qwen_0p6b_fsq_bigdata_step70534_ref,Qwen 0.6B FSQ bigdata step 70534 (ref),ref,generation,qwen_0p6b_fsq_bigdata_step70534,chembl_count,0p6b_fsq_bigdata_step70534,qwen_0p6b_fsq_bigdata_step70534_chembl_count,Qwen 0.6B FSQ bigdata (step 70534),qwen_0p6b_fsq_bigdata_step70534_chembl_count,1236,74246.0,60.06957928802589,1236.0,1236.0,1209.0,102893.0,74246.0,28647.0,96.30501618122977,0.06294276803019083,0.9370495280407788,1235372.0,0.0,0.0,0.0,0.0,0.0,102893.0,0.0,0.0,1.3300350107070251,1.860219420338076,89.61774803824949,41.394042769877444,855.802158630889,50.36606062820372,97.77630018456463,0.572136785931875,1.3104938511231756,,,53211.0,44.01240694789082,70.16198230917429,0.7977649124799187,0.3218391838097284,39.960902239121566,0.2717568936434659,0.6834338822260251,23272.0,19.248966087675765,38.84205917677108,0.6661626184171611,0.47444971604241004,15.78794554992252,0.41282599955116545,0.31992399501981045,3848.0,3.182795698924731,19.312143532966807,0.3783123561766054,0.7732121927441332,2.6634329752356543,0.7325855660517422,0.10888112873311424,1620.0,1.3399503722084367,16.806989472211498,0.14768855027539843,0.9319348790988227,1.2529854598496242,0.9160695150005793,0.08433937156348022,0.1968569065343259,0.5012406947890818,0.7460711331679074,0.9933829611248967,,,,,,,,1236/60
qwen_1p7b_4e_from_bigdata_step26400_ref,Qwen 1.7B 4e from bigdata step 26400 (ref),ref,generation,qwen_1p7b_4e_from_bigdata_step26400,fixed,1p7b_4e_from_bigdata_step26400,qwen_1p7b_4e_from_bigdata_step26400_fixed,Qwen 1.7B 4e from bigdata (step 26400),qwen_1p7b_4e_from_bigdata_step26400_fixed,1236,1045426.0,845.8139158576051,1236.0,1236.0,1226.0,1229712.0,1045426.0,184286.0,1000.0,0.15155557859051375,0.8458139158576051,1229712.0,0.0,0.0,0.0,0.0,0.0,1229712.0,0.0,0.0,1.25151836902884,1.793054893907101,101.11980420523392,44.429848554566895,187208.9934542077,62.707327500691314,8285.475004713344,0.5046448443265152,1.4624022420068299,,,171961.0,140.26182707993476,21.285774939927435,0.8086439351492397,0.21412402794350519,98.54776704992466,0.16140173916282086,0.3103720088732023,37303.0,30.42659053833605,6.193446352747836,0.6982629325918337,0.3929204456219529,18.838311405022488,0.32813416994452227,0.11042191232339946,4405.0,3.5929853181076674,1.3745784391980171,0.4182009546613208,0.7375368062593319,2.6505521162224692,0.6931820009853933,0.025031367382994513,1681.0,1.371125611745514,0.7618772753218557,0.1558078539069265,0.9304442076284245,1.2475596540031677,0.9124198485573465,0.005777546723713118,0.4535073409461664,0.6908646003262643,0.8001631321370309,0.966557911908646,,,,,,,,1236/846
qwen_1p7b_4e_from_bigdata_step26400_ref,Qwen 1.7B 4e from bigdata step 26400 (ref),ref,generation,qwen_1p7b_4e_from_bigdata_step26400,dynamic,1p7b_4e_from_bigdata_step26400,qwen_1p7b_4e_from_bigdata_step26400_dynamic,Qwen 1.7B 4e from bigdata (step 26400),qwen_1p7b_4e_from_bigdata_step26400_dynamic,1236,78724.0,63.69255663430421,1236.0,1236.0,1215.0,100033.0,78724.0,21309.0,80.93284789644012,0.15308336443701015,0.8469166355629899,1229712.0,0.0,0.0,0.0,0.0,0.0,100033.0,0.0,0.0,1.2645314254794562,1.795855555166892,97.81089258310597,48.533255728869136,5603.557866423627,62.93688473805802,820.6663915610361,0.669664979474523,1.459395766559776,,,41663.0,34.29053497942387,49.25096509337292,0.8404643766090795,0.2632820910476179,29.733675003753,0.20553590908414793,0.48482396754632523,15437.0,12.705349794238684,22.64864195071618,0.7170703933852992,0.44291124727873465,9.832778897007522,0.37525538016396426,0.19527075631778765,3135.0,2.580246913580247,9.030518450483948,0.39932206150527927,0.7737797251483488,2.161139926739833,0.7303830919253516,0.041329138927044366,1520.0,1.2510288065843622,6.93812125781805,0.13230275394559088,0.9440848125407345,1.1854061857495175,0.9291985147560272,0.015960932072043185,0.2781893004115226,0.551440329218107,0.702880658436214,0.9448559670781893,,,,,,,,1236/64
qwen_1p7b_4e_from_bigdata_step26400_ref,Qwen 1.7B 4e from bigdata step 26400 (ref),ref,generation,qwen_1p7b_4e_from_bigdata_step26400,chembl_count,1p7b_4e_from_bigdata_step26400,qwen_1p7b_4e_from_bigdata_step26400_chembl_count,Qwen 1.7B 4e from bigdata (step 26400),qwen_1p7b_4e_from_bigdata_step26400_chembl_count,1236,64698.0,52.34466019417476,1236.0,1236.0,1217.0,102899.0,64698.0,38201.0,96.30501618122977,0.15180491231382537,0.8481380645529714,1229712.0,0.0,0.0,0.0,0.0,0.0,102899.0,0.0,0.0,1.3352011816705691,1.8611549774937335,89.05954136730166,55.72934800359767,40675.672721775096,92.13054135082204,3821.9432099453925,0.7609121031366898,1.4639234957228953,,,37099.0,30.483976992604767,65.24994723579876,0.8096912502140868,0.3180397337233466,26.365598973284968,0.2679672175382877,0.6324550286577738,13852.0,11.382087099424815,36.53031093845257,0.6791420039824292,0.4812162030589384,8.883814030079655,0.4169128137704424,0.3031002158672483,2942.0,2.417419884963024,20.420490829702093,0.3811909169016779,0.7877331822397067,2.041284730359774,0.7451899878151758,0.12108598322412846,1492.0,1.2259654889071487,17.77877963057567,0.11526752668223979,0.9503446273120215,1.1621958302600006,0.9375499198740563,0.09109343819697148,0.18405916187345933,0.44700082169268696,0.6516023007395234,0.9367296631059984,,,,,,,,1236/52
qwen_1p7b_4e_step29600_ref,Qwen 1.7B 4e step 29600 (ref),ref,generation,qwen_1p7b_4e_step29600,fixed,1p7b_4e_step29600,qwen_1p7b_4e_step29600_fixed,Qwen 1.7B 4e (step 29600),qwen_1p7b_4e_step29600_fixed,1236,1009600.0,816.8284789644013,1236.0,1236.0,1231.0,1232101.0,1009600.0,222501.0,1000.0,0.1816737226277271,0.8168284789644013,1232101.0,0.0,0.0,0.0,0.0,0.0,1232101.0,0.0,0.0,1.2576029881047042,1.7958836171907848,101.79266965287327,45.12179235086906,386324.7776410376,63.84199085305732,14758.988521919515,0.5121858224328966,1.474239146555734,,,173008.0,140.54264825345248,22.77928273847462,0.8044320275027674,0.2105419822345898,100.37290815057735,0.1611778980706753,0.3238622541080023,38580.0,31.340373679935013,6.688809544846305,0.6937959182419883,0.38489254232557396,19.444522000800127,0.3220945467812645,0.13058540945725816,4638.0,3.767668562144598,1.461913383205423,0.4196502532917305,0.7329917107750908,2.7107749855835364,0.6865592363864651,0.028119439221787446,1735.0,1.4094232331437855,0.8520097981559323,0.16571049417219816,0.9258803129420241,1.2641850662733642,0.9065471134862318,0.013695314179138903,0.44191714053614944,0.6880584890333062,0.8025995125913891,0.9634443541835905,,,,,,,,1236/817
qwen_1p7b_4e_step29600_ref,Qwen 1.7B 4e step 29600 (ref),ref,generation,qwen_1p7b_4e_step29600,dynamic,1p7b_4e_step29600,qwen_1p7b_4e_step29600_dynamic,Qwen 1.7B 4e (step 29600),qwen_1p7b_4e_step29600_dynamic,1236,75376.0,60.983818770226534,1236.0,1236.0,1222.0,100018.0,75376.0,24642.0,80.93284789644012,0.18255748661576415,0.8171615892562243,1232101.0,0.0,0.0,0.0,0.0,0.0,100018.0,0.0,0.0,1.2660801374525095,1.7905427565565124,97.56167505673686,49.251504693520275,13701.46537978404,63.78361524362915,1579.750259590395,0.6772461921743125,1.4727321394858364,,,40843.0,33.42307692307692,51.54271760531116,0.8393125007806707,0.2631547496997008,29.234435753510002,0.20779791809845016,0.5028720315362373,15619.0,12.781505728314238,24.740356025265424,0.7143806228354251,0.44071036830987154,10.046794894510148,0.37207599851151424,0.21933654758744478,3220.0,2.635024549918167,9.728951097931585,0.3950105219497549,0.7753047621437336,2.16519183944198,0.7308906299895226,0.050692238087305636,1532.0,1.253682487725041,7.4639132484010595,0.12301691474697143,0.9473537238693709,1.1756273790653375,0.9332926986931251,0.024269022939235704,0.2692307692307692,0.5409165302782324,0.7029459901800328,0.94189852700491,,,,,,,,1236/61
qwen_1p7b_4e_step29600_ref,Qwen 1.7B 4e step 29600 (ref),ref,generation,qwen_1p7b_4e_step29600,chembl_count,1p7b_4e_step29600,qwen_1p7b_4e_step29600_chembl_count,Qwen 1.7B 4e (step 29600),qwen_1p7b_4e_step29600_chembl_count,1236,62432.0,50.51132686084142,1236.0,1236.0,1222.0,102907.0,62432.0,40475.0,96.30501618122977,0.1824783312786545,0.817427092616389,1232101.0,0.0,0.0,0.0,0.0,0.0,102907.0,0.0,0.0,1.335129872424195,1.8529540235288786,88.28415650304092,50.97507999686492,28043.778581705606,65.9397683903641,2677.675363746247,0.7627093773510616,1.464204169904415,,,36605.0,29.954991816693944,66.33593905093055,0.794633843848143,0.323745700407153,26.126720428779464,0.27752206455992035,0.6358976550268284,14154.0,11.58265139116203,38.45067613530973,0.6785136789107249,0.4787811755832052,9.08748112403593,0.41534895382521464,0.3255994960281706,3068.0,2.5106382978723403,21.274884930421177,0.3794066860759816,0.7819603865346156,2.1032380501220604,0.7395300175686024,0.12532293647967085,1510.0,1.2356792144026187,18.406322584870075,0.12286059025022532,0.9485784582165467,1.166423249024124,0.9341799307948769,0.09409544356352867,0.1783960720130933,0.44271685761047463,0.648936170212766,0.9320785597381342,,,,,,,,1236/51
qwen_1p7b_bigdata_step74000_ref,Qwen 1.7B bigdata step 74000 (ref),ref,generation,qwen_1p7b_bigdata_step74000,fixed,1p7b_bigdata_step74000,qwen_1p7b_bigdata_step74000_fixed,Qwen 1.7B bigdata (step 74000),qwen_1p7b_bigdata_step74000_fixed,1236,1085658.0,878.3640776699029,1236.0,1236.0,1234.0,1234641.0,1085658.0,148983.0,1000.0,0.12079268354382793,0.8783640776699029,1234641.0,0.0,0.0,0.0,0.0,0.0,1234641.0,0.0,0.0,1.2871371397282951,1.8065344209173435,102.86971756342082,43.41890092983091,1061875.6306660718,64.09019920645304,36622.82762105299,0.35097114048878897,1.3222266570384982,,,319663.0,259.0461912479741,33.366219656733044,0.8372572185024296,0.18607341958132656,209.48026503365725,0.13624946635923502,0.4269659744549206,73023.0,59.17585089141005,8.990417603025172,0.7063699970730382,0.3637717443132628,41.657371892162345,0.30539133720157924,0.1384967863461039,5689.0,4.610210696920584,1.2016145888612773,0.43439581685001916,0.7190724888664631,3.35856714180661,0.6743680788860182,0.023476271172659373,1814.0,1.4700162074554295,0.5800009160941558,0.17876560125697147,0.9186121334571411,1.3159491502689795,0.8984525390462066,0.0045993478428648605,0.5016207455429498,0.7658022690437601,0.8897893030794165,0.9967585089141004,,,,,,,,1236/878
qwen_1p7b_bigdata_step74000_ref,Qwen 1.7B bigdata step 74000 (ref),ref,generation,qwen_1p7b_bigdata_step74000,dynamic,1p7b_bigdata_step74000,qwen_1p7b_bigdata_step74000_dynamic,Qwen 1.7B bigdata (step 74000),qwen_1p7b_bigdata_step74000_dynamic,1236,83342.0,67.42880258899676,1236.0,1236.0,1219.0,100033.0,83342.0,16691.0,80.93284789644012,0.1208233888407745,0.8791766111592255,1234641.0,0.0,0.0,0.0,0.0,0.0,100033.0,0.0,0.0,1.2964627205529349,1.8052483464437765,98.98495693828144,48.17036495117841,11471.84508165858,64.65981651058854,1097.0129206939814,0.5038693793356236,1.317120494553878,,,57745.0,47.370795734208365,60.00423582930983,0.8521405474701107,0.24037494498612325,43.525325378000375,0.18880824261990034,0.586111844344599,25313.0,20.76538146021329,27.529133171655516,0.7378482208404694,0.4113110718290405,17.21337950321715,0.34792940524255533,0.23289596373578114,3844.0,3.1534044298605415,8.714861657814584,0.4035746621967325,0.7593306050049209,2.599321673132638,0.7176386041185066,0.03725511810561049,1612.0,1.3223954060705496,6.64715809611739,0.14191593964168583,0.938591157075073,1.227479305605686,0.9222663604342828,0.015544015970238462,0.32649712879409354,0.5931091058244463,0.7842493847415914,0.9917965545529123,,,,,,,,1236/67
qwen_1p7b_bigdata_step74000_ref,Qwen 1.7B bigdata step 74000 (ref),ref,generation,qwen_1p7b_bigdata_step74000,chembl_count,1p7b_bigdata_step74000,qwen_1p7b_bigdata_step74000_chembl_count,Qwen 1.7B bigdata (step 74000),qwen_1p7b_bigdata_step74000_chembl_count,1236,67745.0,54.80987055016181,1236.0,1236.0,1230.0,102897.0,67745.0,35152.0,96.30501618122977,0.12063003896991426,0.8792854540811134,1234641.0,0.0,0.0,0.0,0.0,0.0,102897.0,0.0,0.0,1.364847541281799,1.872657485852949,91.09939685623213,50.12124002610943,222472.80006959403,64.70372093272744,19043.417771199318,0.5924707172669674,1.3160109181692687,,,50990.0,41.45528455284553,74.9329056929112,0.8239435071390979,0.29355503899907437,38.21162270959764,0.2493158399224687,0.7269433937610191,21775.0,17.703252032520325,41.44863932209161,0.6866625023327507,0.45465788198693136,14.550858792132548,0.3951300966313093,0.3485200787639467,3502.0,2.8471544715447155,19.863314460187222,0.40380706947298683,0.7657494117633877,2.397409845952732,0.7229861119640644,0.10873649853366986,1586.0,1.2894308943089432,17.088930030345534,0.1349954379168725,0.9402078501302861,1.2093013137618385,0.9249058275006137,0.08348722415795587,0.18536585365853658,0.4845528455284553,0.732520325203252,0.9845528455284552,,,,,,,,1236/55
qwen_1p7b_fsq_6e_from_bigdata_step28320_ref,Qwen 1.7B FSQ 6e from bigdata step 28320 (ref),ref,generation,qwen_1p7b_fsq_6e_from_bigdata_step28320,fixed,1p7b_fsq_6e_from_bigdata_step28320,qwen_1p7b_fsq_6e_from_bigdata_step28320_fixed,Qwen 1.7B FSQ 6e from bigdata (step 28320),qwen_1p7b_fsq_6e_from_bigdata_step28320_fixed,1236,1128312.0,912.8737864077669,1236.0,1236.0,1228.0,1233700.0,1128312.0,105388.0,1000.0,0.0855798816965862,0.912873786407767,1233700.0,0.0,0.0,0.0,0.0,0.0,1233700.0,0.0,0.0,1.230556374433917,1.796221613077984,99.91211655452406,37.11753270641267,3347.1261449444487,47.61739628215604,133.30702070054974,0.472798114341274,1.4427830101899997,,,167687.0,136.5529315960912,17.571328403308094,0.7820176161687681,0.24691402464649112,93.16984894640231,0.18555021422865828,0.2651591584256503,40838.0,33.255700325732896,5.261165726979752,0.6804432709095393,0.41898079250141457,20.078794262550574,0.3481299726170545,0.09501173639653046,5040.0,4.1042345276872965,1.1149080765668586,0.40794264238364664,0.7466296604004647,2.8152924312901266,0.697295156042014,0.01627076453096762,1802.0,1.4674267100977199,0.6361120092952437,0.16585513550368478,0.9251609745437275,1.2854249231649535,0.9053878417023047,0.004129224050898147,0.46416938110749184,0.6954397394136808,0.8167752442996743,0.9739413680781759,,,,,,,,1236/913
qwen_1p7b_fsq_6e_from_bigdata_step28320_ref,Qwen 1.7B FSQ 6e from bigdata step 28320 (ref),ref,generation,qwen_1p7b_fsq_6e_from_bigdata_step28320,dynamic,1p7b_fsq_6e_from_bigdata_step28320,qwen_1p7b_fsq_6e_from_bigdata_step28320_dynamic,Qwen 1.7B FSQ 6e from bigdata (step 28320),qwen_1p7b_fsq_6e_from_bigdata_step28320_dynamic,1236,89060.0,72.05501618122977,1236.0,1236.0,1218.0,100033.0,89060.0,10973.0,80.93284789644012,0.08544428379193182,0.9145557162080682,1233700.0,0.0,0.0,0.0,0.0,0.0,100033.0,0.0,0.0,1.2359809293479311,1.786140428069474,96.6563352249023,39.025634389705,291.46872492813293,47.831197068396826,27.033161533942337,0.6387502111685048,1.4442103683094825,,,43740.0,35.91133004926108,43.64619219118111,0.8145866635363475,0.2948619829522276,30.426681767529455,0.2322541487149394,0.4292247945267053,17216.0,14.13464696223317,20.99845394109685,0.6971316433570932,0.46572952508976057,10.807918818898681,0.3936095088194045,0.18111543860547555,3610.0,2.9638752052545154,8.805984319218458,0.39150384696916346,0.7728506722902353,2.3403225621679993,0.729314238005619,0.03663260322849325,1614.0,1.3251231527093597,7.004671090671553,0.13607913114723102,0.9400304574191543,1.220417614273963,0.9236155632774211,0.01662594156436521,0.2996715927750411,0.5500821018062397,0.7183908045977011,0.9523809523809523,,,,,,,,1236/72
qwen_1p7b_fsq_6e_from_bigdata_step28320_ref,Qwen 1.7B FSQ 6e from bigdata step 28320 (ref),ref,generation,qwen_1p7b_fsq_6e_from_bigdata_step28320,chembl_count,1p7b_fsq_6e_from_bigdata_step28320,qwen_1p7b_fsq_6e_from_bigdata_step28320_chembl_count,Qwen 1.7B FSQ 6e from bigdata (step 28320),qwen_1p7b_fsq_6e_from_bigdata_step28320_chembl_count,1236,72325.0,58.51537216828479,1236.0,1236.0,1224.0,102874.0,72325.0,30549.0,96.30501618122977,0.08524754066596989,0.9147144909716737,1233700.0,0.0,0.0,0.0,0.0,0.0,102874.0,0.0,0.0,1.3129786486100448,1.8647039569926482,86.83382800178009,39.72373763190659,134.62237866767623,47.626107427655754,14.119664373008593,0.7176581280137366,1.4405236455111574,,,37759.0,30.848856209150327,60.03232404648241,0.7827044637997885,0.340365625222938,26.095618737710794,0.286072564004942,0.577855557067592,15101.0,12.337418300653594,34.86023252806542,0.6618507905158955,0.4962247927721631,9.412253038295168,0.4297288937617961,0.2914697580026239,3389.0,2.7687908496732025,20.11250607469419,0.37444406493695864,0.7860150446125226,2.2129983022411506,0.7424645661472649,0.12187313901527418,1601.0,1.3080065359477124,17.741278280850047,0.13567966260181621,0.9410903201341618,1.2100550258563243,0.9247195940293663,0.0927585350379468,0.2107843137254902,0.47058823529411764,0.6642156862745098,0.9468954248366013,,,,,,,,1236/59
qwen_1p7b_fsq_bigdata_step47023_ref,Qwen 1.7B FSQ bigdata step 47023 (ref),ref,generation,qwen_1p7b_fsq_bigdata_step47023,fixed,1p7b_fsq_bigdata_step47023,qwen_1p7b_fsq_bigdata_step47023_fixed,Qwen 1.7B FSQ bigdata (step 47023),qwen_1p7b_fsq_bigdata_step47023_fixed,1236,1165542.0,942.995145631068,1236.0,1236.0,1212.0,1235747.0,1165542.0,70205.0,1000.0,0.056823546638927254,0.942995145631068,1235747.0,0.0,0.0,0.0,0.0,0.0,1235747.0,0.0,0.0,1.2486100568817962,1.7932848709499458,101.24579540573744,37.66452014588422,2251.103698227972,49.46442184103133,89.7955552757424,0.32047495124985453,1.2959426672041316,,,313895.0,258.98927392739273,28.35269663185571,0.815320881361843,0.22994759506906634,207.2355646442299,0.1708688525722769,0.3551754624941217,77044.0,63.56765676567657,7.583240679341724,0.6988722957780054,0.3958669552818652,46.2844995509121,0.33473542018841207,0.10070327219738555,6235.0,5.144389438943894,0.9252681351095621,0.4178275617217562,0.7291335338383221,3.8447670847596287,0.6849518811508745,0.012251325570994585,1858.0,1.533003300330033,0.46634859799862266,0.18595963861801665,0.9092823770194445,1.3857711626717657,0.8907424413071567,0.0034972693697941223,0.5123762376237624,0.7887788778877888,0.9224422442244224,0.9991749174917491,,,,,,,,1236/943
qwen_1p7b_fsq_bigdata_step47023_ref,Qwen 1.7B FSQ bigdata step 47023 (ref),ref,generation,qwen_1p7b_fsq_bigdata_step47023,dynamic,1p7b_fsq_bigdata_step47023,qwen_1p7b_fsq_bigdata_step47023_dynamic,Qwen 1.7B FSQ bigdata (step 47023),qwen_1p7b_fsq_bigdata_step47023_dynamic,1236,92296.0,74.67313915857605,1236.0,1236.0,1208.0,100033.0,92296.0,7737.0,80.93284789644012,0.05760072343132038,0.9423992765686796,1235747.0,0.0,0.0,0.0,0.0,0.0,100033.0,0.0,0.0,1.2551741835860721,1.7890299267654883,97.91180105154609,39.79546972925053,1031.9310351820136,49.52909452907657,80.67855025760855,0.48002638133227055,1.2937492354194615,,,60152.0,49.794701986754966,54.21133842128567,0.8258056504819289,0.2750543053525741,44.98588727187677,0.21538008206392284,0.5459187689247444,27144.0,22.47019867549669,24.713023349556916,0.7019831535415518,0.44461746482208964,18.6673256407467,0.37958548844541135,0.21151560611906361,4334.0,3.587748344370861,8.043400092654243,0.3949560209236587,0.7611753087587758,2.9518563592949025,0.720189099512383,0.031055781895465585,1696.0,1.403973509933775,6.244462898389753,0.1590807131632355,0.92698726852337,1.2943973881475284,0.9096484035764371,0.013595717196710573,0.32450331125827814,0.6034768211920529,0.8004966887417219,0.9975165562913907,,,,,,,,1236/75
qwen_1p7b_fsq_bigdata_step47023_ref,Qwen 1.7B FSQ bigdata step 47023 (ref),ref,generation,qwen_1p7b_fsq_bigdata_step47023,chembl_count,1p7b_fsq_bigdata_step47023,qwen_1p7b_fsq_bigdata_step47023_chembl_count,Qwen 1.7B FSQ bigdata (step 47023),qwen_1p7b_fsq_bigdata_step47023_chembl_count,1236,74764.0,60.48867313915858,1236.0,1236.0,1210.0,102917.0,74764.0,28153.0,96.30501618122977,0.055838134659953555,0.9441548016239606,1235747.0,0.0,0.0,0.0,0.0,0.0,102917.0,0.0,0.0,1.3261007699225003,1.8599504655723431,89.4879319642133,41.07383163928908,631.3305517945295,49.72585434482482,67.05598073170033,0.5604802921229557,1.2969466295872505,,,52566.0,43.44297520661157,69.54443049760425,0.7960717603392405,0.32463013520832257,39.32182069161051,0.27463200193852516,0.6844446364677357,22836.0,18.87272727272727,38.2444207091449,0.6541717397372963,0.4837073420144568,15.520412009047249,0.4222734675820015,0.3223068238162248,3893.0,3.2173553719008265,19.341717239943712,0.38496487642577765,0.7705983719451561,2.675718367982986,0.7286646729181748,0.10797971897685939,1636.0,1.3520661157024794,16.74162650303912,0.14365398779348734,0.9335079362047087,1.2581344619452448,0.917917591601773,0.08396005509641873,0.20991735537190082,0.531404958677686,0.7603305785123967,0.9942148760330578,,,,,,,,1236/60
qwen_4b_4e_from_bigdata_step20000_ref,Qwen 4B 4e from bigdata step 20000 (ref),ref,generation,qwen_4b_4e_from_bigdata_step20000,fixed,4b_4e_from_bigdata_step20000,qwen_4b_4e_from_bigdata_step20000_fixed,Qwen 4B 4e from bigdata (step 20000),qwen_4b_4e_from_bigdata_step20000_fixed,1236,1072027.0,867.3357605177994,1236.0,1236.0,1227.0,1231494.0,1072027.0,159467.0,1000.0,0.12959516044592154,0.8673357605177994,1231494.0,0.0,0.0,0.0,0.0,0.0,1231494.0,0.0,0.0,1.246352012429407,1.790673148858215,101.10019372079527,44.39580744930719,217326.7676515584,61.975262672672855,7677.817095945452,0.49295354473360903,1.4545678476411859,,,172245.0,140.37897310513446,20.251164996602,0.8054280793729749,0.21523892117546808,97.90661444492747,0.16252559581765288,0.2969276454079182,38387.0,31.28524857375713,6.006747740496337,0.6904947115177966,0.3960490705444127,19.26943327131516,0.33249457708673485,0.10902016671735552,4609.0,3.756316218418908,1.4029154197503937,0.41211529106967437,0.7398008221762195,2.711872965488081,0.6956090297706544,0.0253356355100644,1746.0,1.4229828850855746,0.8740807969769927,0.15233628118870068,0.9301815258918922,1.2686954618495674,0.9115476694266507,0.009491250502324858,0.45639771801140994,0.6919315403422983,0.8215158924205379,0.9682151589242054,,,,,,,,1236/867
qwen_4b_4e_from_bigdata_step20000_ref,Qwen 4B 4e from bigdata step 20000 (ref),ref,generation,qwen_4b_4e_from_bigdata_step20000,dynamic,4b_4e_from_bigdata_step20000,qwen_4b_4e_from_bigdata_step20000_dynamic,Qwen 4B 4e from bigdata (step 20000),qwen_4b_4e_from_bigdata_step20000_dynamic,1236,81591.0,66.0121359223301,1236.0,1236.0,1216.0,100033.0,81591.0,18442.0,80.93284789644012,0.13164875036385873,0.8683512496361413,1231494.0,0.0,0.0,0.0,0.0,0.0,100033.0,0.0,0.0,1.2541979174608777,1.7885130243715772,97.62173633279198,48.22362641833129,12238.688545613102,62.15670080881923,1089.310811882594,0.6491395950808191,1.4522004573425724,,,42261.0,34.75411184210526,47.605973792677226,0.8338962017505778,0.2694177232429007,30.02314860610471,0.21040670428639727,0.4640463181122546,15676.0,12.891447368421053,21.66541322686181,0.7078345524397586,0.4517055057935609,10.0000594886161,0.38342029968616675,0.18324369564110857,3229.0,2.6554276315789473,8.872654281596036,0.3961740391117176,0.7741710222723162,2.184682807814957,0.7311043055633211,0.04099377688266039,1547.0,1.272203947368421,6.914810993545285,0.13246766323562584,0.9441428608829145,1.1888530274086344,0.9287549777747887,0.016939187457279563,0.2845394736842105,0.5657894736842105,0.7220394736842105,0.9473684210526315,,,,,,,,1236/66
qwen_4b_4e_from_bigdata_step20000_ref,Qwen 4B 4e from bigdata step 20000 (ref),ref,generation,qwen_4b_4e_from_bigdata_step20000,chembl_count,4b_4e_from_bigdata_step20000,qwen_4b_4e_from_bigdata_step20000_chembl_count,Qwen 4B 4e from bigdata (step 20000),qwen_4b_4e_from_bigdata_step20000_chembl_count,1236,66903.0,54.12864077669903,1236.0,1236.0,1223.0,102899.0,66903.0,35996.0,96.30501618122977,0.13091397991981235,0.8690572584780878,1231494.0,0.0,0.0,0.0,0.0,0.0,102899.0,0.0,0.0,1.3304221451103986,1.8548675084373396,88.789321883569,50.471109938485654,67351.00282090799,62.35211334345117,5335.221035168476,0.7418558735378161,1.4466782764404558,,,37414.0,30.59198691741619,63.99634558010889,0.7977848300748183,0.32400702349586014,26.393980315776606,0.2743121414410621,0.61418671747923,14184.0,11.597710547833197,36.39683187684832,0.6764526217924955,0.4845752888769724,9.050459228541646,0.4211424127296257,0.30192622875943903,3102.0,2.5363859362224037,20.85056504945049,0.3748302489307476,0.7884322128999453,2.108694278722391,0.7463422901642203,0.13015116382649156,1519.0,1.242027800490597,18.162231112995496,0.11621294366197511,0.9498494958067406,1.1681262530394478,0.9369171882232036,0.09436949214136459,0.1929681112019624,0.46361406377759606,0.660670482420278,0.9403107113654947,,,,,,,,1236/54
qwen_4b_4e_step20000_ref,Qwen 4B 4e step 20000 (ref),ref,generation,qwen_4b_4e_step20000,fixed,4b_4e_step20000,qwen_4b_4e_step20000_fixed,Qwen 4B 4e (step 20000),qwen_4b_4e_step20000_fixed,1236,1015832.0,821.8705501618123,1236.0,1236.0,1229.0,1226137.0,1015832.0,210305.0,1000.0,0.17464732977280584,0.8218705501618123,1226137.0,0.0,0.0,0.0,0.0,0.0,1226137.0,0.0,0.0,1.2517670862119927,1.7985512288656047,101.99887479776308,46.141543159655164,887289.7667073216,64.697475839729,35723.705566086646,0.5105662557069354,1.4669470902042374,,,161773.0,131.62978030919447,21.023339084317055,0.8077692258008516,0.214488755696818,91.32548605618216,0.16080388543122517,0.3029764242617288,37585.0,30.581773799837265,6.314436162210459,0.6814574279121768,0.39962039372828007,18.536918221326445,0.3324018185974098,0.12820443891022024,4669.0,3.7990235964198535,1.2553543798251878,0.404114923594659,0.7373551422824285,2.6884881536802108,0.691324619691561,0.035990252136964426,1760.0,1.4320585842148088,0.7052081351500873,0.16403271836085848,0.9265477148746063,1.2647825650138085,0.906447590986505,0.014506890361243493,0.44263628966639545,0.6753458096013019,0.8079739625711961,0.9666395443449959,,,,,,,,1236/822
qwen_4b_4e_step20000_ref,Qwen 4B 4e step 20000 (ref),ref,generation,qwen_4b_4e_step20000,dynamic,4b_4e_step20000,qwen_4b_4e_step20000_dynamic,Qwen 4B 4e (step 20000),qwen_4b_4e_step20000_dynamic,1236,76510.0,61.90129449838188,1236.0,1236.0,1221.0,100015.0,76510.0,23505.0,80.93284789644012,0.174728617095904,0.8252711723328583,1226137.0,0.0,0.0,0.0,0.0,0.0,100015.0,0.0,0.0,1.2635402610273085,1.8028091196241969,97.9269588345936,50.378775782249136,85544.04061663902,64.8905510885265,9733.233002141069,0.6748590833445715,1.4661960229836448,,,39727.0,32.536445536445534,49.270038526474764,0.8381302672641439,0.27025841895257746,28.016956165738836,0.21099507683655336,0.4834434101099528,15277.0,12.511875511875513,23.72521020482361,0.7092721240246979,0.45195435624535335,9.670903848639853,0.3814055211644859,0.21170766651923706,3293.0,2.696969696969697,9.520022015917304,0.40225754888537063,0.771188635542709,2.2246068591432624,0.725607217421926,0.04427189631793212,1539.0,1.2604422604422605,7.214025838486041,0.12766969997094038,0.9462074757667023,1.1778477406883925,0.9310842984607839,0.019613444613444612,0.276003276003276,0.5307125307125307,0.7035217035217035,0.9524979524979525,,,,,,,,1236/62
qwen_4b_4e_step20000_ref,Qwen 4B 4e step 20000 (ref),ref,generation,qwen_4b_4e_step20000,chembl_count,4b_4e_step20000,qwen_4b_4e_step20000_chembl_count,Qwen 4B 4e (step 20000),qwen_4b_4e_step20000_chembl_count,1236,62780.0,50.79288025889968,1236.0,1236.0,1213.0,102914.0,62780.0,40134.0,96.30501618122977,0.173900689723025,0.8260308907898885,1226137.0,0.0,0.0,0.0,0.0,0.0,102914.0,0.0,0.0,1.3407894631314783,1.8690828427478388,89.15793659511095,52.03100597166434,46862.40518523805,382.3315688140092,5138.871301568688,0.7523689253907074,1.464604474461751,,,35439.0,29.215993404781532,64.88132965884778,0.8065064087904878,0.31719879015977703,25.18197638678308,0.2681570054445479,0.6238071012346372,13917.0,11.47320692497939,37.79738591425499,0.6857013527829594,0.4742480877938418,8.973843779387881,0.41032746674446624,0.3181597291904072,3098.0,2.5539983511953834,20.580338639161397,0.38868113161167867,0.7795446836991682,2.1250697183555403,0.7355226365096409,0.11908936932282699,1506.0,1.2415498763396537,17.60520236872624,0.12107589083714589,0.9494930135858144,1.1654220789877479,0.9348878891165894,0.0866158939530745,0.17642209398186315,0.43528441879637264,0.6430338004946414,0.9455894476504534,,,,,,,,1236/51
qwen_4b_bigdata_step110000_ref,Qwen 4B bigdata step 110000 (ref),ref,generation,qwen_4b_bigdata_step110000,fixed,4b_bigdata_step110000,qwen_4b_bigdata_step110000_fixed,Qwen 4B bigdata (step 110000),qwen_4b_bigdata_step110000_fixed,1236,1099984.0,889.9546925566343,1236.0,1236.0,1231.0,1234425.0,1099984.0,134441.0,1000.0,0.1090483855028264,0.8899546925566343,1234425.0,0.0,0.0,0.0,0.0,0.0,1234425.0,0.0,0.0,1.2783106914430578,1.8004800878527072,103.0759850139662,43.69041362473631,151343.5028945428,64.52962705276741,5371.620540692459,0.3455923845239554,1.322056455504596,,,320456.0,260.3216896831844,32.7667764050659,0.8303465074439311,0.19353382755058596,210.22600951815485,0.14301051837660017,0.41851704584082033,73744.0,59.90576766856214,9.041051994268742,0.704760954308212,0.3671732006402015,42.320667943328345,0.3092330823533241,0.13590747600018654,5651.0,4.5905767668562145,1.4348997033753983,0.42959398367739493,0.7230383971806043,3.3699444167173302,0.6787524949415571,0.020305788411157124,1810.0,1.470349309504468,0.9049922997710543,0.16612692941692905,0.9222773200593609,1.3042514821290219,0.9031025097296168,0.010078764137308228,0.5093419983753046,0.7725426482534524,0.9041429731925265,0.9967506092607636,,,,,,,,1236/890
qwen_4b_bigdata_step110000_ref,Qwen 4B bigdata step 110000 (ref),ref,generation,qwen_4b_bigdata_step110000,dynamic,4b_bigdata_step110000,qwen_4b_bigdata_step110000_dynamic,Qwen 4B bigdata (step 110000),qwen_4b_bigdata_step110000_dynamic,1236,84920.0,68.70550161812298,1236.0,1236.0,1216.0,100033.0,84920.0,15113.0,80.93284789644012,0.10907705501864665,0.8909229449813534,1234425.0,0.0,0.0,0.0,0.0,0.0,100033.0,0.0,0.0,1.2910299850575937,1.8016491264546495,100.34996259361182,48.17163288124477,32018.244904801584,65.0470445542118,3610.0174708500294,0.4993254202125952,1.320320946269666,,,58358.0,47.99177631578947,59.399163985238744,0.8553667240097167,0.23806616121576618,44.114286912107715,0.18595569774135143,0.5844215704702622,25311.0,20.814967105263158,26.914136576563966,0.7259616152438517,0.4172410062499938,17.225396702141147,0.3540829089451483,0.2327835592664166,3907.0,3.2129934210526314,8.494776439432309,0.4102842900724739,0.7591918478575859,2.6402006861474163,0.7150032584461747,0.034482161954203214,1603.0,1.3182565789473684,6.429380181385325,0.14042706068810476,0.9376956507580645,1.2238643137497687,0.9215607548309218,0.013286806851773957,0.3199013157894737,0.5970394736842105,0.7927631578947368,0.9950657894736842,,,,,,,,1236/69
qwen_4b_bigdata_step110000_ref,Qwen 4B bigdata step 110000 (ref),ref,generation,qwen_4b_bigdata_step110000,chembl_count,4b_bigdata_step110000,qwen_4b_bigdata_step110000_chembl_count,Qwen 4B bigdata (step 110000),qwen_4b_bigdata_step110000_chembl_count,1236,69093.0,55.900485436893206,1236.0,1236.0,1230.0,102919.0,69093.0,33826.0,96.30501618122977,0.10552993923053741,0.8944175611705641,1234425.0,0.0,0.0,0.0,0.0,0.0,102919.0,0.0,0.0,1.3625873754771103,1.8664788934390906,90.24628356099237,50.32313059358638,6561.848204362138,65.29687569489568,645.0660574295098,0.5926351635038121,1.3213517078511459,,,51319.0,41.72276422764228,75.06711592258083,0.8195100144126781,0.29361806445191174,38.403372917731,0.25104105933822,0.7333135287028352,21769.0,17.698373983739838,41.200343214365894,0.6873031630009822,0.4559974099312276,14.559414872944242,0.39632450962696597,0.34298003402821714,3482.0,2.8308943089430896,20.149390129117,0.37958992463271995,0.7767604896034634,2.3890161230375804,0.7368874420701347,0.11406594862915544,1590.0,1.2926829268292683,17.57296598110993,0.13451702995033943,0.9410186263980326,1.2114713927838365,0.9254537779362505,0.0891130008203179,0.1975609756097561,0.4959349593495935,0.7317073170731707,0.9910569105691057,,,,,,,,1236/56
rdkit_torsion_ref,RDKit random & Torsion perturb (ref),ref,generation,rdkit_random_minimized,fixed,,rdkit_random_minimized_fixed,RDKit random (minimized),rdkit_random_minimized_fixed,1236,1234515.0,998.7985436893204,1236.0,1236.0,1235.0,1236000.0,1234515.0,1485.0,1000.0,0.0012014563106796116,0.9987985436893204,1236000.0,0.0,0.0,0.0,0.0,0.0,1236000.0,1236000.0,0.0,1.1234127531252271,1.672032163100612,109.0421038856823,16.19956951138451,33.99613741107643,19.632118937937737,2.954300593324878,0.5367770828727835,1.3128934171126498,,,78631.0,63.668825910931176,6.368900601026068,0.7809849670009386,0.3311173596027663,49.35568428551144,0.28890214130045266,0.09564655185010915,29030.0,23.506072874493928,2.3516380847547733,0.6580046439118259,0.4893850754724383,17.604659624554266,0.44483598315555034,0.03778234826986636,4776.0,3.8672064777327937,0.3868575999455013,0.3735216704823977,0.7726840398817647,3.1533182619634315,0.742871041517537,0.004197071133840231,1715.0,1.388663967611336,0.13891828389379154,0.12182265364440104,0.9397179709670311,1.2990541069967614,0.9284006029331626,0.0004273504273504273,0.21052631578947367,0.5522267206477732,0.7700404858299595,0.9967611336032388,,,,,,,,1236/999
rdkit_torsion_ref,RDKit random & Torsion perturb (ref),ref,generation,rdkit_random_minimized,dynamic,,rdkit_random_minimized_dynamic,RDKit random (minimized),rdkit_random_minimized_dynamic,1236,99859.0,80.792071197411,1236.0,1236.0,1235.0,100033.0,99859.0,174.0,80.93284789644012,0.0011201525645639443,0.998879847435436,1236000.0,0.0,0.0,0.0,0.0,0.0,100033.0,1236000.0,0.0,1.130480995972571,1.6730685148957967,103.58637912544006,16.356618712277125,28.92693632695064,19.675017497632385,2.858029341623592,0.5904309409585251,1.3211213855254524,,,32342.0,26.187854251012144,26.010714136833705,0.7923843117722584,0.3625817364312442,22.667746369558174,0.30910302506802906,0.21416849325809054,15855.0,12.838056680161943,14.39785447086464,0.6568169174948915,0.515329929131964,10.59784831274792,0.46373205939054135,0.09364745353047592,3755.0,3.0404858299595143,6.935957317926766,0.3671557622862666,0.7871517441377109,2.616181725655011,0.7558143870359221,0.017475930830858084,1642.0,1.3295546558704454,5.765570630693359,0.1189258358124052,0.9419871123953022,1.2618223489753768,0.9313481890774379,0.008987670072298518,0.18704453441295546,0.5004048582995951,0.7157894736842105,0.988663967611336,,,,,,,,1236/81
rdkit_torsion_ref,RDKit random & Torsion perturb (ref),ref,generation,rdkit_random_minimized,chembl_count,,rdkit_random_minimized_chembl_count,RDKit random (minimized),rdkit_random_minimized_chembl_count,1236,102831.0,83.19660194174757,1236.0,1236.0,1235.0,102922.0,102831.0,91.0,96.30501618122977,0.00133324554992588,0.9945999970361064,1236000.0,0.0,0.0,0.0,0.0,0.0,102922.0,1236000.0,0.0,1.206429160274527,1.7586669798884942,93.67803852588594,16.504565618940735,27.98084275969863,19.80297189333937,2.6174536410189093,0.6282260716880759,1.309300177489814,,,28979.0,23.464777327935224,41.413610925527514,0.7617095090563891,0.39311678132288697,20.275981972232042,0.3391014037910045,0.341894425341266,14072.0,11.394331983805667,27.379899521763924,0.6472139665303498,0.5293502102941396,9.473456031993042,0.4756850525929714,0.18886332893375657,3521.0,2.851012145748988,17.591451407403635,0.3634483932073243,0.7903271202889224,2.4984840354387137,0.7584703402106836,0.0909762485760161,1616.0,1.308502024291498,15.853639335252586,0.11654237597439449,0.9439575318186509,1.2494136601281705,0.9327791626788452,0.07758204683305898,0.16437246963562754,0.4647773279352227,0.68582995951417,0.988663967611336,,,,,,,,1236/83
rdkit_torsion_ref,RDKit random & Torsion perturb (ref),ref,generation,rdkit_random_raw,fixed,,rdkit_random_raw_fixed,RDKit random (raw),rdkit_random_raw_fixed,1236,1235806.0,999.8430420711974,1236.0,1236.0,1236.0,1236000.0,1235806.0,194.0,1000.0,0.000156957928802589,0.9998430420711975,1236000.0,0.0,0.0,0.0,0.0,0.0,1236000.0,0.0,0.0,1.1997802661230552,1.710260278836556,106.10334545004665,53.677479294403476,137.5726972988135,76.89148383667208,10.749339929777443,0.47748234551293,1.3396780753785664,,,154704.0,125.16504854368932,12.518235175012338,0.8117904340204669,0.25485455269962115,101.76331337479601,0.21916329886699837,0.17099449048341064,47148.0,38.14563106796116,3.8153029225586326,0.7174114217708433,0.4090312296158777,29.546657878853974,0.3698127208851624,0.05178696885050928,5518.0,4.464401294498382,0.44656249703110806,0.42094520699528654,0.7415893285641137,3.6840493149480316,0.7105996099997308,0.0030426704137458288,1764.0,1.4271844660194175,0.14274830391550392,0.13922068903626486,0.9309356717120821,1.3374748584955747,0.9176646909049616,0.0003590796066524222,0.26941747572815533,0.5946601941747572,0.8147249190938511,0.9975728155339806,,,,,,,,1236/1000
rdkit_torsion_ref,RDKit random & Torsion perturb (ref),ref,generation,rdkit_random_raw,dynamic,,rdkit_random_raw_dynamic,RDKit random (raw),rdkit_random_raw_dynamic,1236,100017.0,80.91990291262135,1236.0,1236.0,1236.0,100033.0,100017.0,16.0,80.93284789644012,0.0001262260522682294,0.9998737739477318,1236000.0,0.0,0.0,0.0,0.0,0.0,100033.0,0.0,0.0,1.2055959143914317,1.7083791186031723,101.33624375549856,58.285258372756175,111.98577369089413,76.74279049876039,10.27166596124969,0.5747854223974898,1.3309408308226824,,,45326.0,36.67152103559871,36.0752897291053,0.8151889259883821,0.29941853408676555,33.02343783297843,0.25242358134144016,0.31060099405141134,21381.0,17.29854368932039,18.146051330694398,0.7181936062741208,0.44743803515511643,14.76979660941371,0.39625920584891977,0.12620019188110926,4100.0,3.3171521035598706,7.0983176793578435,0.3959694360424115,0.7685454419766088,2.895553771654212,0.7355283536009672,0.016405690884438957,1648.0,1.3333333333333333,5.760721056711077,0.12302100978279484,0.9410353448735038,1.2635650464565764,0.9297851169416977,0.008261712517375947,0.20631067961165048,0.48705501618122976,0.7216828478964401,0.9951456310679612,,,,,,,,1236/81
rdkit_torsion_ref,RDKit random & Torsion perturb (ref),ref,generation,rdkit_random_raw,chembl_count,,rdkit_random_raw_chembl_count,RDKit random (raw),rdkit_random_raw_chembl_count,1236,102909.0,83.25970873786407,1236.0,1236.0,1236.0,102922.0,102909.0,13.0,96.30501618122977,0.000255710487271715,0.9956775320987605,1236000.0,0.0,0.0,0.0,0.0,0.0,102922.0,0.0,0.0,1.2827492347762455,1.7914885971533774,91.35238527200384,60.60659875597231,108.29423536896194,76.94841732523251,9.720035151878951,0.6265223820813747,1.331219753018287,,,42351.0,34.26456310679612,52.43238103535553,0.797768406758065,0.3345754146301513,30.495359863636573,0.28779115240241326,0.46618466062383646,18778.0,15.192556634304207,31.46638459337483,0.6934382172466306,0.47203741542842964,12.916288796974715,0.4219127710149815,0.22811833257436331,3711.0,3.0024271844660193,17.762575995281388,0.38450326496102616,0.7773169940648166,2.6460288510676806,0.7447896950387284,0.0890456568619428,1605.0,1.2985436893203883,15.850708849541123,0.11969791833770783,0.9430877123086604,1.2407424178166369,0.9316114118033612,0.0760329715831334,0.16262135922330098,0.42637540453074435,0.686084142394822,0.9894822006472492,,,,,,,,1236/83
rdkit_torsion_ref,RDKit random & Torsion perturb (ref),ref,generation,torsion_minimized,fixed,,torsion_minimized_fixed,Torsion perturb (minimized),torsion_minimized_fixed,1236,1234974.0,999.1699029126214,1236.0,1236.0,1235.0,1236000.0,1234974.0,1026.0,1000.0,0.0008300970873786408,0.9991699029126213,3091000.0,0.0,773612.0,0.0,0.0,0.0,1236000.0,1854000.0,0.0,1.0488416111629395,1.6456404561125715,101.78821879952315,16.24240952989583,27.869935571466236,19.05493070047131,2.626202818981257,0.5492228886205164,1.2737550417809875,,,77281.0,62.57570850202429,6.257940773786884,0.7263426677672247,0.40105156096610245,42.17117753889238,0.32021586769789356,0.10257640159352253,29612.0,23.97732793522267,2.3978724635417312,0.5899106477971082,0.5611287290579503,15.079679322885646,0.4798291532484478,0.04483820248031027,4832.0,3.912550607287449,0.3912729963137382,0.3346447389441376,0.8074445687112846,2.784414152866556,0.7610245988073726,0.004867239188874268,1742.0,1.4105263157894736,0.14105726005298863,0.13042559778395627,0.9392392391961658,1.2774843129844562,0.9237535281127619,0.00021492723852070485,0.2040485829959514,0.5327935222672064,0.7619433198380566,0.9927125506072875,,,,,,,,1236/999
rdkit_torsion_ref,RDKit random & Torsion perturb (ref),ref,generation,torsion_minimized,dynamic,,torsion_minimized_dynamic,Torsion perturb (minimized),torsion_minimized_dynamic,1236,99898.0,80.82362459546925,1236.0,1236.0,1235.0,100033.0,99898.0,135.0,80.93284789644012,0.0008136067779353478,0.9991863932220647,3091000.0,0.0,773612.0,0.0,0.0,0.0,100033.0,1854000.0,0.0,1.0537721220669702,1.6437313615442612,96.41018208980275,16.34846448628103,26.433020981775567,19.10016788375697,2.5901404649612196,0.6080342571386009,1.2786307675160318,,,31373.0,25.403238866396762,25.02792268049424,0.7425235652637228,0.41729748870242994,20.35169474484081,0.33847912353021053,0.2387991676863442,15698.0,12.710931174089069,14.38759157877791,0.6003754424290533,0.575091080893943,9.49324242481702,0.49665917275412086,0.1153271413772151,3741.0,3.02914979757085,6.975228715725506,0.32544309207038674,0.8204237689373503,2.3722823253354326,0.7756189591290921,0.021417047418712705,1640.0,1.3279352226720649,5.777828638578848,0.12624606884325812,0.9422949899388237,1.234151503741142,0.92801215570613,0.008379958534757296,0.18866396761133603,0.4834008097165992,0.6939271255060728,0.9894736842105263,,,,,,,,1236/81
rdkit_torsion_ref,RDKit random & Torsion perturb (ref),ref,generation,torsion_minimized,chembl_count,,torsion_minimized_chembl_count,Torsion perturb (minimized),torsion_minimized_chembl_count,1236,102892.0,83.24595469255664,1236.0,1236.0,1235.0,102922.0,102892.0,30.0,96.30501618122977,0.000815170728485569,0.9951180718575466,3091000.0,0.0,773612.0,0.0,0.0,0.0,102922.0,1854000.0,0.0,1.1183915390890742,1.7055435617042478,85.92330218476185,16.466763304902113,25.54844989420305,19.133241867457155,2.4292864793969264,0.6519576270603639,1.2707283468198727,,,27003.0,21.864777327935222,40.3527434580659,0.7203645439920058,0.44207201109436334,17.39360176425284,0.3678148697658012,0.36547849365827983,13536.0,10.960323886639676,27.03914977289631,0.5832952520217004,0.5901220681615867,8.174934444951464,0.5163347220675533,0.21051011961877097,3442.0,2.7870445344129555,17.444217760721997,0.3191114549457279,0.8274586019465261,2.233984330502379,0.7836252760798355,0.09406797621800665,1607.0,1.3012145748987853,15.83854906943993,0.11752505402602285,0.9479297831121951,1.2169495499425826,0.9336558218092035,0.07627149858451797,0.16356275303643725,0.4477732793522267,0.648582995951417,0.9813765182186235,,,,,,,,1236/83
rdkit_torsion_ref,RDKit random & Torsion perturb (ref),ref,generation,torsion_raw,fixed,,torsion_raw_fixed,Torsion perturb (raw),torsion_raw_fixed,1236,1109180.0,897.3948220064725,1236.0,1236.0,1236.0,1236000.0,1109180.0,126820.0,1000.0,0.1026051779935275,0.8973948220064725,2291000.0,0.0,567724.0,0.0,0.0,0.0,1236000.0,0.0,0.0,1.232737145779188,1.7452446632310623,96.01207277832437,31.20612360403829,46843.22698306748,67.04067530724772,2107.902144040161,0.49125560606709295,1.3301933867142637,,,315861.0,255.5509708737864,30.685571513521886,0.9161400529682973,0.15800221911787757,236.1524708065508,0.13251618724900288,0.28495839501593884,76108.0,61.57605177993528,7.8184791219815954,0.75793092761826,0.3678751947050247,51.68084097876995,0.32321320095143935,0.06712909140196073,5948.0,4.8122977346278315,0.6417311830149637,0.41838133388647675,0.737838270335183,3.8908516048389203,0.6934016434041763,0.003282783240883594,1796.0,1.4530744336569579,0.1781716242440842,0.16935143431721686,0.920433294992516,1.345522563995135,0.9019537694253215,0.00017020256502457145,0.3276699029126214,0.5800970873786407,0.7661812297734628,0.9927184466019418,,,,,,,,1236/897
rdkit_torsion_ref,RDKit random & Torsion perturb (ref),ref,generation,torsion_raw,dynamic,,torsion_raw_dynamic,Torsion perturb (raw),torsion_raw_dynamic,1236,85924.0,69.51779935275081,1236.0,1236.0,1235.0,100033.0,85924.0,14109.0,80.93284789644012,0.10321633004241355,0.8967836699575864,2291000.0,0.0,567724.0,0.0,0.0,0.0,100033.0,0.0,0.0,1.2428292890424786,1.74536984471541,91.51535747060687,35.67267557776771,14654.06693504241,67.3084886675557,1695.7451552940886,0.6343393343896032,1.3289286204690978,,,60014.0,48.59433198380567,58.70002137351627,0.8854436736992488,0.21115491956543145,46.56887390207518,0.17436824118641656,0.5237663111547904,26715.0,21.63157894736842,25.67770629610579,0.7318942077531013,0.42306913205169033,19.113054407423604,0.3690104627803278,0.1864750144855075,4263.0,3.451821862348178,7.995803435042186,0.3802697918578151,0.7763610114208728,2.9225938645961067,0.7335207310016382,0.025857864724374447,1642.0,1.3295546558704454,6.117365416179882,0.13523222191537212,0.9381900853187815,1.2506940652015253,0.9238901228867509,0.011877605583813828,0.2153846153846154,0.4340080971659919,0.6461538461538462,0.9910931174089069,,,,,,,,1236/70
rdkit_torsion_ref,RDKit random & Torsion perturb (ref),ref,generation,torsion_raw,chembl_count,,torsion_raw_chembl_count,Torsion perturb (raw),torsion_raw_chembl_count,1236,90273.0,73.0364077669903,1236.0,1236.0,1230.0,102922.0,90273.0,12649.0,96.30501618122977,0.10641355323698233,0.8897321362425171,2291000.0,0.0,567724.0,0.0,0.0,0.0,102922.0,0.0,0.0,1.310550877513396,1.8074932715476213,83.65990814492521,40.03560531172723,13371.231173447555,81.38559738317299,1814.6938595529593,0.712493740814574,1.3326176992100252,,,53195.0,43.2479674796748,72.93620163869338,0.8385460482200245,0.27642161681572314,41.32815874485189,0.24393049658626204,0.6720214842000277,23507.0,19.11138211382114,39.267255533159755,0.6981484166199753,0.45132855589598947,16.933910842234464,0.40223300064263784,0.2936915851613638,3820.0,3.105691056910569,18.863493499317432,0.37353314537155785,0.781269148626521,2.661076237507072,0.7397711099651203,0.09847958163461629,1599.0,1.3,16.314307323760854,0.126073304919113,0.9435589009157577,1.2242354240966566,0.9291817241125638,0.07507575757575757,0.12439024390243902,0.34552845528455284,0.5967479674796748,0.9845528455284552,,,,,,,,1236/73
torsional_diffusion_ref,Torsional Diffusion (ref),ref,generation,torsional_diffusion_raw,fixed,,torsional_diffusion_raw_fixed,Torsional Diffusion,torsional_diffusion_raw_fixed,1236,1041394.0,842.5517799352751,1236.0,1236.0,1203.0,1235978.0,1041394.0,194584.0,1000.0,0.15744492591048373,0.8425517799352751,1235978.0,0.0,0.0,0.0,0.0,0.0,1235978.0,0.0,0.0,1.3167509747896071,1.873299745361718,105.85504548506377,52.04055852674822,135289.99174205266,81.37095075646563,5563.981786121823,0.3909469391463257,1.4142234920443961,,,214735.0,178.49958437240232,25.16049576107079,0.8144998686046839,0.2068126652697008,141.86699195492915,0.16491347626255926,0.33064513072356816,56767.0,47.18786367414796,8.008688904374155,0.7143455636920598,0.371506185869756,33.77790610347941,0.3211527943437444,0.11026677605646124,6267.0,5.2094763092269325,1.14651799238086,0.44696447112295645,0.70804457242787,4.130040286884237,0.6643980501058585,0.010726415857386418,1966.0,1.6342477140482128,0.29916563408722663,0.2076817025592876,0.9035207759869248,1.481357911627604,0.8798312681811872,0.0007709145251555494,0.45054031587697424,0.7290108063175395,0.8628428927680798,0.9950124688279302,,,,,,,,1236/843
torsional_diffusion_ref,Torsional Diffusion (ref),ref,generation,torsional_diffusion_raw,dynamic,,torsional_diffusion_raw_dynamic,Torsional Diffusion,torsional_diffusion_raw_dynamic,1236,77878.0,63.00809061488673,1236.0,1236.0,1203.0,100033.0,77878.0,22155.0,80.93284789644012,0.15793455414408597,0.842065445855914,1235978.0,0.0,0.0,0.0,0.0,0.0,100033.0,0.0,0.0,1.3271235662006269,1.8745461456210422,100.34888052138417,57.23553308501424,17573.66902848812,81.65552162851259,1843.2555202580845,0.5463006996235653,1.420198124090784,,,44937.0,37.35411471321696,51.518801102031894,0.8448611698577013,0.2585715775303451,33.8744185509515,0.20822455697818001,0.4975141503607237,20002.0,16.626766417290106,25.642575184159597,0.7284573017408014,0.42399101368401265,13.862676541797784,0.3644502973867486,0.21328579805136658,4156.0,3.454696591853699,9.413076668398963,0.4174194352841465,0.7449108497495377,2.9061624412173144,0.7010647556261035,0.03798071827182019,1728.0,1.4364089775561097,6.702841489293982,0.1745517671677519,0.9216396958033322,1.3383086801411077,0.901733259739082,0.012129916737961842,0.29010806317539484,0.5818786367414797,0.7514546965918537,0.9908561928512053,,,,,,,,1236/63
torsional_diffusion_ref,Torsional Diffusion (ref),ref,generation,torsional_diffusion_raw,chembl_count,,torsional_diffusion_raw_chembl_count,Torsional Diffusion,torsional_diffusion_raw_chembl_count,1236,64080.0,51.84466019417476,1236.0,1236.0,1196.0,102922.0,64080.0,38842.0,96.30501618122977,0.15952096832536047,0.8404790316746396,1235978.0,0.0,0.0,0.0,0.0,0.0,102922.0,0.0,0.0,1.4016819884748766,1.9404030806289014,88.66548701567037,59.73388321532718,12644.783275214075,81.96830377015533,1319.3357836241705,0.6279917369536537,1.411850674941477,,,40437.0,33.81020066889632,67.0778880502407,0.8094623815390476,0.3163823932079647,30.629143386583877,0.2709860845567952,0.6365010206792191,17788.0,14.872909698996656,39.841631915450854,0.6835137040793026,0.4617377822665865,12.315883353652278,0.4074948211878886,0.3311999492054726,3787.0,3.1663879598662206,21.616790772751468,0.4106990169063309,0.7525108442325927,2.6789245723662396,0.70938013668907,0.1285705957289741,1663.0,1.390468227424749,18.15327094573741,0.15923851883190074,0.9283026811809821,1.2992267308413048,0.9091904100404116,0.09089431673535549,0.21321070234113712,0.5100334448160535,0.6998327759197325,0.9765886287625418,,,,,,,,1236/52
reference_ref,Reference datasets (ref),ref,reference,casf_crystal,reference,,casf_crystal,CASF crystal,casf_crystal,1236,1236.0,1.0,,,,1236.0,,25.0,,,,,,,,,,,,,,,0.0,60.29326791635773,60.29326791635773,60.29326791635773,0.0,,,,,1236.0,1.0,100.0,0.0,1.0,1.0,1.0,1.0,1236.0,1.0,100.0,0.0,1.0,1.0,1.0,1.0,1236.0,1.0,100.0,0.0,1.0,1.0,1.0,1.0,1236.0,1.0,100.0,0.0,1.0,1.0,1.0,1.0,,,,,,,,,10.0,0.008090614886731391,0.020226537216828478,1236/1
reference_ref,Reference datasets (ref),ref,reference,casf_opt,reference,,casf_opt,CASF optimized,casf_opt,1236,0.0,0.0,,,,0.0,,0.0,,,,,,,,,,,,,,,,,,,,,,,,,,,,,,,,,,,,,,,,,,,,,,,,,,,,,,,,,,,,,,,,0.0,,,1236/0
reference_ref,Reference datasets (ref),ref,reference,chembl3d_gt,reference,,chembl3d_gt,ChEMBL3D ground truth,chembl3d_gt,1236,110073.0,89.05582524271844,,,,110073.0,,27103.0,,,,,,,,,,,,,1.2282940487703256,1.737685631138822,83.1369581584099,25.862474910577312,36.51583201301106,30.669971015359224,2.8879804020193665,0.549479350056655,1.2863136987324766,,,29320.0,23.72168284789644,47.775012610618404,0.8109957268065234,0.3113308880135486,19.843567645121798,0.2699522368390199,0.3925163586743456,9444.0,7.640776699029126,25.900536198216766,0.687461606698402,0.4934788502493167,6.228976289763402,0.44139301275397474,0.14864257800635242,2444.0,1.977346278317152,17.017434740078805,0.35366013593043644,0.8089465748782116,1.7755688707676227,0.777588413923021,0.08236663896212126,1450.0,1.1731391585760518,15.762570247813294,0.11055373658919938,0.9534155979427975,1.1338844658557794,0.9424907686563715,0.07702265372168285,0.2815533980582524,0.5962783171521036,0.7920711974110033,0.9757281553398058,,,,,154.0,0.001399071525260509,0.2462275035658154,1236/89
reference_ref,Reference datasets (ref),ref,reference,chembl3d_gt_pb,reference,,chembl3d_gt_pb,ChEMBL3D ground truth PB,chembl3d_gt_pb,1236,82970.0,67.12783171521036,,,,82970.0,,0.0,,,,,,,,,,,,,1.22232714232053,1.7331379480677909,82.9764341695134,25.943166667301913,36.32003402158259,30.655937252762705,2.8600868085720768,0.5509387337143513,1.2811235205850586,,,27386.0,22.15695792880259,48.000309646350075,0.8087070218025373,0.31716029678958485,18.640420550296767,0.2748857965668843,0.39654019690120895,9082.0,7.34789644012945,26.09693130024413,0.6846098736955958,0.4978716765869923,6.038617827341553,0.4456789849531856,0.15081548395140712,2394.0,1.9368932038834952,17.140554088629404,0.34914434710877745,0.8127097154911661,1.748566588939242,0.7816656700130171,0.08240433716768668,1444.0,1.168284789644013,15.8657241298034,0.10995594815673428,0.9540465405409764,1.1301905549796427,0.943185629590274,0.07729234088457389,0.2815533980582524,0.5946601941747572,0.790453074433657,0.9749190938511327,,,,,88.0,0.0010606243220441123,0.0,1236/67
reference_ref,Reference datasets (ref),ref,reference,chembl3d_sdf,reference,,chembl3d_sdf,ChEMBL3D topology SDF,chembl3d_sdf,1236,1236.0,1.0,,,,1236.0,,33.0,,,,,,,,,,,,,,,0.0,31.32154435258061,31.32154435258061,31.32154435258061,0.0,,,,,1236.0,1.0,100.0,0.0,1.0,1.0,1.0,1.0,1236.0,1.0,100.0,0.0,1.0,1.0,1.0,1.0,1236.0,1.0,100.0,0.0,1.0,1.0,1.0,1.0,1236.0,1.0,100.0,0.0,1.0,1.0,1.0,1.0,,,,,,,,,0.0,0.0,0.02669902912621359,1236/1
