ligand_id,source_file,casf_explicit_isomeric_smiles,casf_explicit_nonisomeric_smiles,casf_heavy_isomeric_smiles,casf_heavy_nonisomeric_smiles,chembl3d_group,chembl3d_mol_id,chembl3d_isomeric_smiles,conformer_count
1ado_1ado_conf0,1ado_1ado_conf0.mol2,[H]OC([H])([H])C(=O)C([H])([H])OP(=O)([O-])[O-],[H]OC([H])([H])C(=O)C([H])([H])OP(=O)([O-])[O-],O=C(CO)COP(=O)([O-])[O-],O=C(CO)COP(=O)([O-])[O-],015,CHEMBL1161998_0,O=C(CO)COP(=O)([O-])[O-],7
1ai4_1ai4_conf0,1ai4_1ai4_conf0.mol2,[H]Oc1c([H])c([H])c(C([H])([H])C(=O)[O-])c([H])c1O[H],[H]Oc1c([H])c([H])c(C([H])([H])C(=O)[O-])c([H])c1O[H],O=C([O-])Cc1ccc(O)c(O)c1,O=C([O-])Cc1ccc(O)c(O)c1,019,CHEMBL1284_0,O=C([O-])Cc1ccc(O)c(O)c1,8
1ai5_1ai5_conf0,1ai5_1ai5_conf0.mol2,[H]c1c([H])c([N+](=O)[O-])c([H])c(C([H])([H])C(=O)[O-])c1[H],[H]c1c([H])c([N+](=O)[O-])c([H])c(C([H])([H])C(=O)[O-])c1[H],O=C([O-])Cc1cccc([N+](=O)[O-])c1,O=C([O-])Cc1cccc([N+](=O)[O-])c1,019,CHEMBL139020_0,O=C([O-])Cc1cccc([N+](=O)[O-])c1,2
1azm_1azm_conf0,1azm_1azm_conf0.mol2,[H]N(C(=O)C([H])([H])[H])c1nnc(S(=O)(=O)N([H])[H])s1,[H]N(C(=O)C([H])([H])[H])c1nnc(S(=O)(=O)N([H])[H])s1,CC(=O)Nc1nnc(S(N)(=O)=O)s1,CC(=O)Nc1nnc(S(N)(=O)=O)s1,019,CHEMBL20_0,CC(=O)Nc1nnc(S(N)(=O)=O)s1,7
1bjv_1bjv_conf0,1bjv_1bjv_conf0.mol2,[H]c1c([H])c([H])c(Oc2c([H])c([H])c(N([H])C(=O)N([H])c3c([H])c([H])c(C(N([H])[H])=[N+]([H])[H])c([H])c3[H])c([H])c2[H])c([H])c1[H],[H]c1c([H])c([H])c(Oc2c([H])c([H])c(N([H])C(=O)N([H])c3c([H])c([H])c(C(N([H])[H])=[N+]([H])[H])c([H])c3[H])c([H])c2[H])c([H])c1[H],NC(=[NH2+])c1ccc(NC(=O)Nc2ccc(Oc3ccccc3)cc2)cc1,NC(=[NH2+])c1ccc(NC(=O)Nc2ccc(Oc3ccccc3)cc2)cc1,045,CHEMBL1233097_0,NC(=[NH2+])c1ccc(NC(=O)Nc2ccc(Oc3ccccc3)cc2)cc1,74
1bm7_1bm7_conf0,1bm7_1bm7_conf0.mol2,[H]c1c([H])c([H])c(N([H])c2c([H])c([H])c([H])c(C(F)(F)F)c2[H])c(C(=O)[O-])c1[H],[H]c1c([H])c([H])c(N([H])c2c([H])c([H])c([H])c(C(F)(F)F)c2[H])c(C(=O)[O-])c1[H],O=C([O-])c1ccccc1Nc1cccc(C(F)(F)F)c1,O=C([O-])c1ccccc1Nc1cccc(C(F)(F)F)c1,029,CHEMBL23588_0,O=C([O-])c1ccccc1Nc1cccc(C(F)(F)F)c1,110
1bnn_1bnn_conf0,1bnn_1bnn_conf0.mol2,[H]c1c([H])c(OC([H])([H])[H])c([H])c(N2C([H])([H])C([H])([H])c3c(sc(S(=O)(=O)N([H])[H])c3[H])S2(=O)=O)c1[H],[H]c1c([H])c(OC([H])([H])[H])c([H])c(N2C([H])([H])C([H])([H])c3c(sc(S(=O)(=O)N([H])[H])c3[H])S2(=O)=O)c1[H],COc1cccc(N2CCc3cc(S(N)(=O)=O)sc3S2(=O)=O)c1,COc1cccc(N2CCc3cc(S(N)(=O)=O)sc3S2(=O)=O)c1,037,CHEMBL331858_0,COc1cccc(N2CCc3cc(S(N)(=O)=O)sc3S2(=O)=O)c1,172
1bty_1bty_conf0,1bty_1bty_conf0.mol2,[H]c1c([H])c([H])c(C(N([H])[H])=[N+]([H])[H])c([H])c1[H],[H]c1c([H])c([H])c(C(N([H])[H])=[N+]([H])[H])c([H])c1[H],NC(=[NH2+])c1ccccc1,NC(=[NH2+])c1ccccc1,018,CHEMBL20936_0,NC(=[NH2+])c1ccccc1,1
1bzj_1bzj_conf0,1bzj_1bzj_conf0.mol2,[H]c1c(C(F)(F)P(=O)([O-])[O-])c([H])c2c([H])c([H])c(C(=O)[O-])c([H])c2c1[H],[H]c1c(C(F)(F)P(=O)([O-])[O-])c([H])c2c([H])c([H])c(C(=O)[O-])c([H])c2c1[H],O=C([O-])c1ccc2cc(C(F)(F)P(=O)([O-])[O-])ccc2c1,O=C([O-])c1ccc2cc(C(F)(F)P(=O)([O-])[O-])ccc2c1,026,CHEMBL99447_0,O=C([O-])c1ccc2cc(C(F)(F)P(=O)([O-])[O-])ccc2c1,12
1c1v_1c1v_conf0,1c1v_1c1v_conf0.mol2,[H]c1c(C(N([H])[H])=[N+]([H])[H])c([H])c2c(nc(C([H])([H])c3nc4c([H])c([H])c(C(N([H])[H])=[N+]([H])[H])c([H])c4n3[H])n2[H])c1[H],[H]c1c(C(N([H])[H])=[N+]([H])[H])c([H])c2c(nc(C([H])([H])c3nc4c([H])c([H])c(C(N([H])[H])=[N+]([H])[H])c([H])c4n3[H])n2[H])c1[H],NC(=[NH2+])c1ccc2nc(Cc3nc4ccc(C(N)=[NH2+])cc4[nH]3)[nH]c2c1,NC(=[NH2+])c1ccc2nc(Cc3nc4ccc(C(N)=[NH2+])cc4[nH]3)[nH]c2c1,043,CHEMBL99951_0,NC(=[NH2+])c1ccc2nc(Cc3nc4ccc(C(N)=[NH2+])cc4[nH]3)[nH]c2c1,34
1c5n_1c5n_conf0,1c5n_1c5n_conf0.mol2,[H]c1c([H])c(I)c2c([H])c(C(N([H])[H])=[N+]([H])[H])sc2c1[H],[H]c1c([H])c(I)c2c([H])c(C(N([H])[H])=[N+]([H])[H])sc2c1[H],NC(=[NH2+])c1cc2c(I)cccc2s1,NC(=[NH2+])c1cc2c(I)cccc2s1,021,CHEMBL60088_0,NC(=[NH2+])c1cc2c(I)cccc2s1,1
1c5o_1c5o_conf0,1c5o_1c5o_conf0.mol2,[H]c1c([H])c([H])c(C(N([H])[H])=[N+]([H])[H])c([H])c1[H],[H]c1c([H])c([H])c(C(N([H])[H])=[N+]([H])[H])c([H])c1[H],NC(=[NH2+])c1ccccc1,NC(=[NH2+])c1ccccc1,018,CHEMBL20936_0,NC(=[NH2+])c1ccccc1,1
1c5p_1c5p_conf0,1c5p_1c5p_conf0.mol2,[H]c1c([H])c([H])c(C(N([H])[H])=[N+]([H])[H])c([H])c1[H],[H]c1c([H])c([H])c(C(N([H])[H])=[N+]([H])[H])c([H])c1[H],NC(=[NH2+])c1ccccc1,NC(=[NH2+])c1ccccc1,018,CHEMBL20936_0,NC(=[NH2+])c1ccccc1,1
1c5q_1c5q_conf0,1c5q_1c5q_conf0.mol2,[H]c1c([H])c(I)c2c([H])c(C(N([H])[H])=[N+]([H])[H])sc2c1[H],[H]c1c([H])c(I)c2c([H])c(C(N([H])[H])=[N+]([H])[H])sc2c1[H],NC(=[NH2+])c1cc2c(I)cccc2s1,NC(=[NH2+])c1cc2c(I)cccc2s1,021,CHEMBL60088_0,NC(=[NH2+])c1cc2c(I)cccc2s1,1
1c5x_1c5x_conf0,1c5x_1c5x_conf0.mol2,[H]c1c([H])c(I)c2c([H])c(C(N([H])[H])=[N+]([H])[H])sc2c1[H],[H]c1c([H])c(I)c2c([H])c(C(N([H])[H])=[N+]([H])[H])sc2c1[H],NC(=[NH2+])c1cc2c(I)cccc2s1,NC(=[NH2+])c1cc2c(I)cccc2s1,021,CHEMBL60088_0,NC(=[NH2+])c1cc2c(I)cccc2s1,1
1c83_1c83_conf0,1c83_1c83_conf0.mol2,[H]c1c(C(=O)[O-])c(N([H])C(=O)C(=O)[O-])c([H])c2c1c([H])c([H])n2[H],[H]c1c(C(=O)[O-])c(N([H])C(=O)C(=O)[O-])c([H])c2c1c([H])c([H])n2[H],O=C([O-])C(=O)Nc1cc2[nH]ccc2cc1C(=O)[O-],O=C([O-])C(=O)Nc1cc2[nH]ccc2cc1C(=O)[O-],024,CHEMBL342478_0,O=C([O-])C(=O)Nc1cc2[nH]ccc2cc1C(=O)[O-],2
1c84_1c84_conf0,1c84_1c84_conf0.mol2,[H]c1c([H])c([H])c2c([H])c(N([H])C(=O)C(=O)[O-])c(C(=O)[O-])c([H])c2c1[H],[H]c1c([H])c([H])c2c([H])c(N([H])C(=O)C(=O)[O-])c(C(=O)[O-])c([H])c2c1[H],O=C([O-])C(=O)Nc1cc2ccccc2cc1C(=O)[O-],O=C([O-])C(=O)Nc1cc2ccccc2cc1C(=O)[O-],026,CHEMBL383570_0,O=C([O-])C(=O)Nc1cc2ccccc2cc1C(=O)[O-],2
1c86_1c86_conf0,1c86_1c86_conf0.mol2,[H]N(C(=O)C(=O)[O-])c1sc2c(c1C(=O)[O-])C([H])([H])C([H])([H])OC2([H])[H],[H]N(C(=O)C(=O)[O-])c1sc2c(c1C(=O)[O-])C([H])([H])C([H])([H])OC2([H])[H],O=C([O-])C(=O)Nc1sc2c(c1C(=O)[O-])CCOC2,O=C([O-])C(=O)Nc1sc2c(c1C(=O)[O-])CCOC2,025,CHEMBL138806_0,O=C([O-])C(=O)Nc1sc2c(c1C(=O)[O-])CCOC2,6
1c87_1c87_conf0,1c87_1c87_conf0.mol2,[H]N(C(=O)C(=O)[O-])c1sc2c(c1C(=O)[O-])C([H])([H])C([H])([H])OC2([H])[H],[H]N(C(=O)C(=O)[O-])c1sc2c(c1C(=O)[O-])C([H])([H])C([H])([H])OC2([H])[H],O=C([O-])C(=O)Nc1sc2c(c1C(=O)[O-])CCOC2,O=C([O-])C(=O)Nc1sc2c(c1C(=O)[O-])CCOC2,025,CHEMBL138806_0,O=C([O-])C(=O)Nc1sc2c(c1C(=O)[O-])CCOC2,6
1c88_1c88_conf0,1c88_1c88_conf0.mol2,[H]N(C(=O)C(=O)[O-])c1sc2c(c1C(=O)[O-])C([H])([H])C([H])([H])[N+]([H])([H])C2([H])[H],[H]N(C(=O)C(=O)[O-])c1sc2c(c1C(=O)[O-])C([H])([H])C([H])([H])[N+]([H])([H])C2([H])[H],O=C([O-])C(=O)Nc1sc2c(c1C(=O)[O-])CC[NH2+]C2,O=C([O-])C(=O)Nc1sc2c(c1C(=O)[O-])CC[NH2+]C2,027,CHEMBL139393_0,O=C([O-])C(=O)Nc1sc2c(c1C(=O)[O-])CC[NH2+]C2,6
1cbx_1cbx_conf0,1cbx_1cbx_conf0.mol2,[H]c1c([H])c([H])c(C([H])([H])[C@@]([H])(C(=O)[O-])C([H])([H])C(=O)[O-])c([H])c1[H],[H]c1c([H])c([H])c(C([H])([H])C([H])(C(=O)[O-])C([H])([H])C(=O)[O-])c([H])c1[H],O=C([O-])C[C@@H](Cc1ccccc1)C(=O)[O-],O=C([O-])CC(Cc1ccccc1)C(=O)[O-],025,CHEMBL151284_0,O=C([O-])C[C@@H](Cc1ccccc1)C(=O)[O-],59
1ceb_1ceb_conf0,1ceb_1ceb_conf0.mol2,[H]C1([H])C([H])([H])[C@]([H])(C([H])([H])[N+]([H])([H])[H])C([H])([H])C([H])([H])[C@@]1([H])C(=O)[O-],[H]C1([H])C([H])([H])C([H])(C([H])([H])[N+]([H])([H])[H])C([H])([H])C([H])([H])C1([H])C(=O)[O-],[NH3+]C[C@H]1CC[C@H](C(=O)[O-])CC1,[NH3+]CC1CCC(C(=O)[O-])CC1,026,CHEMBL877_0,[NH3+]C[C@H]1CC[C@H](C(=O)[O-])CC1,10
1ciz_1ciz_conf0,1ciz_1ciz_conf0.mol2,[H]c1c([H])c([H])c(C2([H])C([H])([H])C([H])([H])N(c3c([H])c([H])c(S(=O)(=O)N([H])[C@@]([H])(C(=O)[O-])C([H])([H])c4c([H])n([H])c5c([H])c([H])c([H])c([H])c45)c([H])c3[H])C([H])([H])C2([H])[H])c([H])c1[H],[H]c1c([H])c([H])c(C2([H])C([H])([H])C([H])([H])N(c3c([H])c([H])c(S(=O)(=O)N([H])C([H])(C(=O)[O-])C([H])([H])c4c([H])n([H])c5c([H])c([H])c([H])c([H])c45)c([H])c3[H])C([H])([H])C2([H])[H])c([H])c1[H],O=C([O-])[C@@H](Cc1c[nH]c2ccccc12)NS(=O)(=O)c1ccc(N2CCC(c3ccccc3)CC2)cc1,O=C([O-])C(Cc1c[nH]c2ccccc12)NS(=O)(=O)c1ccc(N2CCC(c3ccccc3)CC2)cc1,064,CHEMBL91649_0,O=C([O-])[C@@H](Cc1c[nH]c2ccccc12)NS(=O)(=O)c1ccc(N2CCC(c3ccccc3)CC2)cc1,132
1cnw_1cnw_conf0,1cnw_1cnw_conf0.mol2,[H]c1c([H])c(S(=O)(=O)N([H])[H])c([H])c([H])c1C(=O)N([H])C([H])([H])C([H])([H])OC([H])([H])C([H])([H])OC([H])([H])C([H])([H])N([H])C(=O)C([H])([H])[N+]([H])([H])[H],[H]c1c([H])c(S(=O)(=O)N([H])[H])c([H])c([H])c1C(=O)N([H])C([H])([H])C([H])([H])OC([H])([H])C([H])([H])OC([H])([H])C([H])([H])N([H])C(=O)C([H])([H])[N+]([H])([H])[H],NS(=O)(=O)c1ccc(C(=O)NCCOCCOCCNC(=O)C[NH3+])cc1,NS(=O)(=O)c1ccc(C(=O)NCCOCCOCCNC(=O)C[NH3+])cc1,051,CHEMBL1160416_0,NS(=O)(=O)c1ccc(C(=O)NCCOCCOCCNC(=O)C[NH3+])cc1,114
1d3d_1d3d_conf0,1d3d_1d3d_conf0.mol2,[H]Oc1c([H])c([H])c2c(C([H])([H])c3c([H])c([H])c(C([H])([H])[N+]4([H])C([H])([H])C([H])([H])C([H])([H])C4([H])[H])c(Br)c3[H])c(-c3c([H])c([H])c(OC([H])([H])C([H])([H])[N+]4([H])C([H])([H])C([H])([H])C([H])([H])C4([H])[H])c([H])c3[H])sc2c1[H],[H]Oc1c([H])c([H])c2c(C([H])([H])c3c([H])c([H])c(C([H])([H])[N+]4([H])C([H])([H])C([H])([H])C([H])([H])C4([H])[H])c(Br)c3[H])c(-c3c([H])c([H])c(OC([H])([H])C([H])([H])[N+]4([H])C([H])([H])C([H])([H])C([H])([H])C4([H])[H])c([H])c3[H])sc2c1[H],Oc1ccc2c(Cc3ccc(C[NH+]4CCCC4)c(Br)c3)c(-c3ccc(OCC[NH+]4CCCC4)cc3)sc2c1,Oc1ccc2c(Cc3ccc(C[NH+]4CCCC4)c(Br)c3)c(-c3ccc(OCC[NH+]4CCCC4)cc3)sc2c1,075,CHEMBL275206_0,Oc1ccc2c(Cc3ccc(C[NH+]4CCCC4)c(Br)c3)c(-c3ccc(OCC[NH+]4CCCC4)cc3)sc2c1,187
1d4p_1d4p_conf0,1d4p_1d4p_conf0.mol2,[H]c1c([H])c([H])c(C([H])([H])C2([H])C([H])([H])C([H])([H])N(C(=O)c3c([H])c4c([H])c(C(N([H])[H])=[N+]([H])[H])c([H])c([H])c4n3[H])C([H])([H])C2([H])[H])c([H])c1[H],[H]c1c([H])c([H])c(C([H])([H])C2([H])C([H])([H])C([H])([H])N(C(=O)c3c([H])c4c([H])c(C(N([H])[H])=[N+]([H])[H])c([H])c([H])c4n3[H])C([H])([H])C2([H])[H])c([H])c1[H],NC(=[NH2+])c1ccc2[nH]c(C(=O)N3CCC(Cc4ccccc4)CC3)cc2c1,NC(=[NH2+])c1ccc2[nH]c(C(=O)N3CCC(Cc4ccccc4)CC3)cc2c1,052,CHEMBL407425_0,NC(=[NH2+])c1ccc2[nH]c(C(=O)N3CCC(Cc4ccccc4)CC3)cc2c1,200
1drj_1drj_conf0,1drj_1drj_conf0.mol2,[H]O[C@]1([H])OC([H])([H])[C@@]([H])(O[H])[C@@]([H])(O[H])[C@@]1([H])O[H],[H]OC1([H])OC([H])([H])C([H])(O[H])C([H])(O[H])C1([H])O[H],O[C@@H]1[C@H](O)[C@H](O)CO[C@H]1O,OC1COC(O)C(O)C1O,020,CHEMBL14343_0,O[C@@H]1[C@H](O)[C@H](O)CO[C@H]1O,1189
1drk_1drk_conf0,1drk_1drk_conf0.mol2,[H]O[C@]1([H])OC([H])([H])[C@@]([H])(O[H])[C@@]([H])(O[H])[C@@]1([H])O[H],[H]OC1([H])OC([H])([H])C([H])(O[H])C([H])(O[H])C1([H])O[H],O[C@@H]1[C@H](O)[C@H](O)CO[C@H]1O,OC1COC(O)C(O)C1O,020,CHEMBL14343_0,O[C@@H]1[C@H](O)[C@H](O)CO[C@H]1O,1189
1dzk_1dzk_conf0,1dzk_1dzk_conf0.mol2,[H]c1nc(OC([H])([H])[H])c(C([H])([H])C([H])(C([H])([H])[H])C([H])([H])[H])nc1[H],[H]c1nc(OC([H])([H])[H])c(C([H])([H])C([H])(C([H])([H])[H])C([H])([H])[H])nc1[H],COc1nccnc1CC(C)C,COc1nccnc1CC(C)C,026,CHEMBL97355_0,COc1nccnc1CC(C)C,32
1e1v_1e1v_conf0,1e1v_1e1v_conf0.mol2,[H]c1nc2c(OC([H])([H])C3([H])C([H])([H])C([H])([H])C([H])([H])C([H])([H])C3([H])[H])nc(N([H])[H])nc2n1[H],[H]c1nc2c(OC([H])([H])C3([H])C([H])([H])C([H])([H])C([H])([H])C([H])([H])C3([H])[H])nc(N([H])[H])nc2n1[H],Nc1nc(OCC2CCCCC2)c2nc[nH]c2n1,Nc1nc(OCC2CCCCC2)c2nc[nH]c2n1,035,CHEMBL269881_0,Nc1nc(OCC2CCCCC2)c2nc[nH]c2n1,199
1e1x_1e1x_conf0,1e1x_1e1x_conf0.mol2,[H]N([H])c1nc(OC([H])([H])C2([H])C([H])([H])C([H])([H])C([H])([H])C([H])([H])C2([H])[H])c(N=O)c(N([H])[H])n1,[H]N([H])c1nc(OC([H])([H])C2([H])C([H])([H])C([H])([H])C([H])([H])C([H])([H])C2([H])[H])c(N=O)c(N([H])[H])n1,Nc1nc(N)c(N=O)c(OCC2CCCCC2)n1,Nc1nc(N)c(N=O)c(OCC2CCCCC2)n1,035,CHEMBL303958_0,Nc1nc(N)c(N=O)c(OCC2CCCCC2)n1,198
1e4h_1e4h_conf0,1e4h_1e4h_conf0.mol2,[H]Oc1c(Br)c(Br)c(Br)c(Br)c1Br,[H]Oc1c(Br)c(Br)c(Br)c(Br)c1Br,Oc1c(Br)c(Br)c(Br)c(Br)c1Br,Oc1c(Br)c(Br)c(Br)c(Br)c1Br,013,CHEMBL1235157_1,Oc1c(Br)c(Br)c(Br)c(Br)c1Br,1
1ecv_1ecv_conf0,1ecv_1ecv_conf0.mol2,[H]c1c([H])c(N([H])C(=O)C(=O)[O-])c(C(=O)[O-])c([H])c1I,[H]c1c([H])c(N([H])C(=O)C(=O)[O-])c(C(=O)[O-])c([H])c1I,O=C([O-])C(=O)Nc1ccc(I)cc1C(=O)[O-],O=C([O-])C(=O)Nc1ccc(I)cc1C(=O)[O-],020,CHEMBL336908_0,O=C([O-])C(=O)Nc1ccc(I)cc1C(=O)[O-],2
1efy_1efy_conf0,1efy_1efy_conf0.mol2,[H]c1c([H])c(OC([H])([H])[H])c([H])c(-c2nc3c(C(=O)N([H])[H])c([H])c([H])c([H])c3n2[H])c1[H],[H]c1c([H])c(OC([H])([H])[H])c([H])c(-c2nc3c(C(=O)N([H])[H])c([H])c([H])c([H])c3n2[H])c1[H],COc1cccc(-c2nc3c(C(N)=O)cccc3[nH]2)c1,COc1cccc(-c2nc3c(C(N)=O)cccc3[nH]2)c1,033,CHEMBL134022_0,COc1cccc(-c2nc3c(C(N)=O)cccc3[nH]2)c1,91
1enu_1enu_conf0,1enu_1enu_conf0.mol2,[H]c1c(N([H])[H])c([H])c2c(=O)n([H])n([H])c(=O)c2c1[H],[H]c1c(N([H])[H])c([H])c2c(=O)n([H])n([H])c(=O)c2c1[H],Nc1ccc2c(=O)[nH][nH]c(=O)c2c1,Nc1ccc2c(=O)[nH][nH]c(=O)c2c1,020,CHEMBL14882_0,Nc1ccc2c(=O)[nH][nH]c(=O)c2c1,1
1eoc_1eoc_conf0,1eoc_1eoc_conf0.mol2,[H]Oc1c([H])c([H])c([N+](=O)[O-])c([H])c1O[H],[H]Oc1c([H])c([H])c([N+](=O)[O-])c([H])c1O[H],O=[N+]([O-])c1ccc(O)c(O)c1,O=[N+]([O-])c1ccc(O)c(O)c1,016,CHEMBL42423_1,O=[N+]([O-])c1ccc(O)c(O)c1,4
1f57_1f57_conf0,1f57_1f57_conf0.mol2,[H]SC([H])([H])[C@]([H])(C(=O)[O-])[N+]([H])([H])[H],[H]SC([H])([H])C([H])(C(=O)[O-])[N+]([H])([H])[H],[NH3+][C@H](CS)C(=O)[O-],[NH3+]C(CS)C(=O)[O-],014,CHEMBL863_0,[NH3+][C@H](CS)C(=O)[O-],21
1f5k_1f5k_conf0,1f5k_1f5k_conf0.mol2,[H]c1c([H])c([H])c(C(N([H])[H])=[N+]([H])[H])c([H])c1[H],[H]c1c([H])c([H])c(C(N([H])[H])=[N+]([H])[H])c([H])c1[H],NC(=[NH2+])c1ccccc1,NC(=[NH2+])c1ccccc1,018,CHEMBL20936_0,NC(=[NH2+])c1ccccc1,1
1f5l_1f5l_conf0,1f5l_1f5l_conf0.mol2,[H]N([H])C(N([H])C(=O)c1nc(Cl)c(N([H])[H])nc1N([H])[H])=[N+]([H])[H],[H]N([H])C(N([H])C(=O)c1nc(Cl)c(N([H])[H])nc1N([H])[H])=[N+]([H])[H],NC(=[NH2+])NC(=O)c1nc(Cl)c(N)nc1N,NC(=[NH2+])NC(=O)c1nc(Cl)c(N)nc1N,024,CHEMBL945_0,NC(=[NH2+])NC(=O)c1nc(Cl)c(N)nc1N,6
1fcx_1fcx_conf0,1fcx_1fcx_conf0.mol2,[H]O[C@]([H])(c1c([H])c([H])c2c(c1[H])C(C([H])([H])[H])(C([H])([H])[H])C([H])([H])C([H])([H])C2(C([H])([H])[H])C([H])([H])[H])c1c([H])c([H])c2c([H])c(C(=O)[O-])c([H])c([H])c2c1[H],[H]OC([H])(c1c([H])c([H])c2c(c1[H])C(C([H])([H])[H])(C([H])([H])[H])C([H])([H])C([H])([H])C2(C([H])([H])[H])C([H])([H])[H])c1c([H])c([H])c2c([H])c(C(=O)[O-])c([H])c([H])c2c1[H],CC1(C)CCC(C)(C)c2cc([C@@H](O)c3ccc4cc(C(=O)[O-])ccc4c3)ccc21,CC1(C)CCC(C)(C)c2cc(C(O)c3ccc4cc(C(=O)[O-])ccc4c3)ccc21,056,CHEMBL80992_0,CC1(C)CCC(C)(C)c2cc([C@@H](O)c3ccc4cc(C(=O)[O-])ccc4c3)ccc21,139
1fcy_1fcy_conf0,1fcy_1fcy_conf0.mol2,[H]c1c([H])c2c(c([H])c1C(=O)c1c([H])c([H])c3c([H])c(C(=O)[O-])c([H])c([H])c3c1[H])C(C([H])([H])[H])(C([H])([H])[H])C([H])([H])C([H])([H])C2(C([H])([H])[H])C([H])([H])[H],[H]c1c([H])c2c(c([H])c1C(=O)c1c([H])c([H])c3c([H])c(C(=O)[O-])c([H])c([H])c3c1[H])C(C([H])([H])[H])(C([H])([H])[H])C([H])([H])C([H])([H])C2(C([H])([H])[H])C([H])([H])[H],CC1(C)CCC(C)(C)c2cc(C(=O)c3ccc4cc(C(=O)[O-])ccc4c3)ccc21,CC1(C)CCC(C)(C)c2cc(C(=O)c3ccc4cc(C(=O)[O-])ccc4c3)ccc21,054,CHEMBL309282_0,CC1(C)CCC(C)(C)c2cc(C(=O)c3ccc4cc(C(=O)[O-])ccc4c3)ccc21,116
1fcz_1fcz_conf0,1fcz_1fcz_conf0.mol2,[H]/C(C(=O)c1c([H])c([H])c2c(c1[H])C(C([H])([H])[H])(C([H])([H])[H])C([H])([H])C([H])([H])C2(C([H])([H])[H])C([H])([H])[H])=C(/[H])c1c([H])c([H])c(C(=O)[O-])c([H])c1[H],[H]C(C(=O)c1c([H])c([H])c2c(c1[H])C(C([H])([H])[H])(C([H])([H])[H])C([H])([H])C([H])([H])C2(C([H])([H])[H])C([H])([H])[H])=C([H])c1c([H])c([H])c(C(=O)[O-])c([H])c1[H],CC1(C)CCC(C)(C)c2cc(C(=O)/C=C/c3ccc(C(=O)[O-])cc3)ccc21,CC1(C)CCC(C)(C)c2cc(C(=O)C=Cc3ccc(C(=O)[O-])cc3)ccc21,052,CHEMBL95700_0,CC1(C)CCC(C)(C)c2cc(C(=O)/C=C/c3ccc(C(=O)[O-])cc3)ccc21,200
1fkh_1fkh_conf0,1fkh_1fkh_conf0.mol2,[H]c1c([H])c([H])c(C([H])([H])C([H])([H])[C@@]([H])(OC(=O)[C@@]2([H])N(C(=O)C(=O)C(C([H])([H])[H])(C([H])([H])[H])C([H])([H])C([H])([H])[H])C([H])([H])C([H])([H])C([H])([H])C2([H])[H])C2([H])C([H])([H])C([H])([H])C([H])([H])C([H])([H])C2([H])[H])c([H])c1[H],[H]c1c([H])c([H])c(C([H])([H])C([H])([H])C([H])(OC(=O)C2([H])N(C(=O)C(=O)C(C([H])([H])[H])(C([H])([H])[H])C([H])([H])C([H])([H])[H])C([H])([H])C([H])([H])C([H])([H])C2([H])[H])C2([H])C([H])([H])C([H])([H])C([H])([H])C([H])([H])C2([H])[H])c([H])c1[H],CCC(C)(C)C(=O)C(=O)N1CCCC[C@H]1C(=O)O[C@H](CCc1ccccc1)C1CCCCC1,CCC(C)(C)C(=O)C(=O)N1CCCCC1C(=O)OC(CCc1ccccc1)C1CCCCC1,074,CHEMBL110207_0,CCC(C)(C)C(=O)C(=O)N1CCCC[C@H]1C(=O)O[C@H](CCc1ccccc1)C1CCCCC1,392
1flr_1flr_conf0,1flr_1flr_conf0.mol2,[H]Oc1c([H])c([H])c2c(-c3c([H])c([H])c([H])c([H])c3C(=O)[O-])c3c([H])c([H])c(=O)c([H])c-3oc2c1[H],[H]Oc1c([H])c([H])c2c(-c3c([H])c([H])c([H])c([H])c3C(=O)[O-])c3c([H])c([H])c(=O)c([H])c-3oc2c1[H],O=C([O-])c1ccccc1-c1c2ccc(=O)cc-2oc2cc(O)ccc12,O=C([O-])c1ccccc1-c1c2ccc(=O)cc-2oc2cc(O)ccc12,036,CHEMBL5195075_0,O=C([O-])c1ccccc1-c1c2ccc(=O)cc-2oc2cc(O)ccc12,2
1fv0_1fv0_conf0,1fv0_1fv0_conf0.mol2,[H]Oc1c([H])c([H])c2c(c([H])c([N+](=O)[O-])c3c(C(=O)[O-])c([H])c4c(c32)OC([H])([H])O4)c1OC([H])([H])[H],[H]Oc1c([H])c([H])c2c(c([H])c([N+](=O)[O-])c3c(C(=O)[O-])c([H])c4c(c32)OC([H])([H])O4)c1OC([H])([H])[H],COc1c(O)ccc2c1cc([N+](=O)[O-])c1c(C(=O)[O-])cc3c(c12)OCO3,COc1c(O)ccc2c1cc([N+](=O)[O-])c1c(C(=O)[O-])cc3c(c12)OCO3,036,CHEMBL600828_0,COc1c(O)ccc2c1cc([N+](=O)[O-])c1c(C(=O)[O-])cc3c(c12)OCO3,4
1g4o_1g4o_conf0,1g4o_1g4o_conf0.mol2,[H]c1c([H])c([H])c(C([H])([H])N([H])C(=O)c2c([H])c([H])c(S(=O)(=O)N([H])[H])c([H])c2[H])c([H])c1[H],[H]c1c([H])c([H])c(C([H])([H])N([H])C(=O)c2c([H])c([H])c(S(=O)(=O)N([H])[H])c([H])c2[H])c([H])c1[H],NS(=O)(=O)c1ccc(C(=O)NCc2ccccc2)cc1,NS(=O)(=O)c1ccc(C(=O)NCc2ccccc2)cc1,034,CHEMBL302715_0,NS(=O)(=O)c1ccc(C(=O)NCc2ccccc2)cc1,192
1g98_1g98_conf0,1g98_1g98_conf0.mol2,[H]O[C@@]([H])([C@]([H])(O[H])C(=O)[O-])[C@]([H])(O[H])C([H])([H])OP(=O)([O-])[O-],[H]OC([H])(C(=O)[O-])C([H])(O[H])C([H])(O[H])C([H])([H])OP(=O)([O-])[O-],O=C([O-])[C@@H](O)[C@H](O)[C@H](O)COP(=O)([O-])[O-],O=C([O-])C(O)C(O)C(O)COP(=O)([O-])[O-],023,CHEMBL1161477_0,O=C([O-])[C@@H](O)[C@H](O)[C@H](O)COP(=O)([O-])[O-],88
1gfy_1gfy_conf0,1gfy_1gfy_conf0.mol2,[H]N(C(=O)C(=O)[O-])c1sc2c(c1C(=O)[O-])C([H])([H])C([H])([H])SC2([H])[H],[H]N(C(=O)C(=O)[O-])c1sc2c(c1C(=O)[O-])C([H])([H])C([H])([H])SC2([H])[H],O=C([O-])C(=O)Nc1sc2c(c1C(=O)[O-])CCSC2,O=C([O-])C(=O)Nc1sc2c(c1C(=O)[O-])CCSC2,025,CHEMBL139423_0,O=C([O-])C(=O)Nc1sc2c(c1C(=O)[O-])CCSC2,8
1ghw_1ghw_conf0,1ghw_1ghw_conf0.mol2,[H]Oc1c([H])c([H])c([H])c([H])c1-c1nc2c([H])c(C(N([H])[H])=[N+]([H])[H])c([H])c([H])c2n1[H],[H]Oc1c([H])c([H])c([H])c([H])c1-c1nc2c([H])c(C(N([H])[H])=[N+]([H])[H])c([H])c([H])c2n1[H],NC(=[NH2+])c1ccc2[nH]c(-c3ccccc3O)nc2c1,NC(=[NH2+])c1ccc2[nH]c(-c3ccccc3O)nc2c1,032,CHEMBL433501_0,NC(=[NH2+])c1ccc2[nH]c(-c3ccccc3O)nc2c1,20
1gi1_1gi1_conf0,1gi1_1gi1_conf0.mol2,[H]Oc1c([H])c([H])c([H])c([H])c1-c1nc2c([H])c(C(N([H])[H])=[N+]([H])[H])c([H])c([H])c2n1[H],[H]Oc1c([H])c([H])c([H])c([H])c1-c1nc2c([H])c(C(N([H])[H])=[N+]([H])[H])c([H])c([H])c2n1[H],NC(=[NH2+])c1ccc2[nH]c(-c3ccccc3O)nc2c1,NC(=[NH2+])c1ccc2[nH]c(-c3ccccc3O)nc2c1,032,CHEMBL433501_0,NC(=[NH2+])c1ccc2[nH]c(-c3ccccc3O)nc2c1,20
1gj6_1gj6_conf0,1gj6_1gj6_conf0.mol2,[H]Oc1c(-c2c([H])c([H])c([H])c([H])c2[H])c([H])c([H])c([H])c1-c1c([H])c2c([H])c(C(N([H])[H])=[N+]([H])[H])c(Cl)c([H])c2n1[H],[H]Oc1c(-c2c([H])c([H])c([H])c([H])c2[H])c([H])c([H])c([H])c1-c1c([H])c2c([H])c(C(N([H])[H])=[N+]([H])[H])c(Cl)c([H])c2n1[H],NC(=[NH2+])c1cc2cc(-c3cccc(-c4ccccc4)c3O)[nH]c2cc1Cl,NC(=[NH2+])c1cc2cc(-c3cccc(-c4ccccc4)c3O)[nH]c2cc1Cl,043,CHEMBL339902_0,NC(=[NH2+])c1cc2cc(-c3cccc(-c4ccccc4)c3O)[nH]c2cc1Cl,32
1gx8_1gx8_conf0,1gx8_1gx8_conf0.mol2,[H]OC([H])([H])/C([H])=C(/C([H])=C([H])/C([H])=C(/C([H])=C(\[H])C1=C(C([H])([H])[H])C([H])([H])C([H])([H])C([H])([H])C1(C([H])([H])[H])C([H])([H])[H])C([H])([H])[H])C([H])([H])[H],[H]OC([H])([H])C([H])=C(C([H])=C([H])C([H])=C(C([H])=C([H])C1=C(C([H])([H])[H])C([H])([H])C([H])([H])C([H])([H])C1(C([H])([H])[H])C([H])([H])[H])C([H])([H])[H])C([H])([H])[H],CC1=C(/C=C/C(C)=C/C=C/C(C)=C/CO)C(C)(C)CCC1,CC(C=CC1=C(C)CCCC1(C)C)=CC=CC(C)=CCO,051,CHEMBL986_0,CC1=C(/C=C/C(C)=C/C=C/C(C)=C/CO)C(C)(C)CCC1,180
1gyx_1gyx_conf0,1gyx_1gyx_conf0.mol2,[H]c1c([H])c([H])c(C(=O)[O-])c([H])c1[H],[H]c1c([H])c([H])c(C(=O)[O-])c([H])c1[H],O=C([O-])c1ccccc1,O=C([O-])c1ccccc1,014,CHEMBL541_0,O=C([O-])c1ccccc1,1
1h1s_1h1s_conf0,1h1s_1h1s_conf0.mol2,[H]c1c([H])c(S(=O)(=O)N([H])[H])c([H])c([H])c1N([H])c1nc(OC([H])([H])C2([H])C([H])([H])C([H])([H])C([H])([H])C([H])([H])C2([H])[H])c2nc([H])n([H])c2n1,[H]c1c([H])c(S(=O)(=O)N([H])[H])c([H])c([H])c1N([H])c1nc(OC([H])([H])C2([H])C([H])([H])C([H])([H])C([H])([H])C([H])([H])C2([H])[H])c2nc([H])n([H])c2n1,NS(=O)(=O)c1ccc(Nc2nc(OCC3CCCCC3)c3nc[nH]c3n2)cc1,NS(=O)(=O)c1ccc(Nc2nc(OCC3CCCCC3)c3nc[nH]c3n2)cc1,050,CHEMBL319467_0,NS(=O)(=O)c1ccc(Nc2nc(OCC3CCCCC3)c3nc[nH]c3n2)cc1,200
1h2k_1h2k_conf0,1h2k_1h2k_conf0.mol2,[H]N(C(=O)C(=O)[O-])C([H])([H])C(=O)[O-],[H]N(C(=O)C(=O)[O-])C([H])([H])C(=O)[O-],O=C([O-])CNC(=O)C(=O)[O-],O=C([O-])CNC(=O)C(=O)[O-],013,CHEMBL90852_0,O=C([O-])CNC(=O)C(=O)[O-],1
1h4w_1h4w_conf0,1h4w_1h4w_conf0.mol2,[H]c1c([H])c([H])c(C(N([H])[H])=[N+]([H])[H])c([H])c1[H],[H]c1c([H])c([H])c(C(N([H])[H])=[N+]([H])[H])c([H])c1[H],NC(=[NH2+])c1ccccc1,NC(=[NH2+])c1ccccc1,018,CHEMBL20936_0,NC(=[NH2+])c1ccccc1,1
1i2s_1i2s_conf0,1i2s_1i2s_conf0.mol2,[H]OC(C(=O)[O-])(C([H])([H])C(=O)[O-])C([H])([H])C(=O)[O-],[H]OC(C(=O)[O-])(C([H])([H])C(=O)[O-])C([H])([H])C(=O)[O-],O=C([O-])CC(O)(CC(=O)[O-])C(=O)[O-],O=C([O-])CC(O)(CC(=O)[O-])C(=O)[O-],018,CHEMBL4303212_0,O=C([O-])CC(O)(CC(=O)[O-])C(=O)[O-],23
1igb_1igb_conf0,1igb_1igb_conf0.mol2,[H]ON([H])C(=O)[C@@]([H])(C([H])([H])c1c([H])c([H])c(I)c([H])c1[H])[N+]([H])([H])[H],[H]ON([H])C(=O)C([H])(C([H])([H])c1c([H])c([H])c(I)c([H])c1[H])[N+]([H])([H])[H],[NH3+][C@H](Cc1ccc(I)cc1)C(=O)NO,[NH3+]C(Cc1ccc(I)cc1)C(=O)NO,026,CHEMBL219500_0,[NH3+][C@H](Cc1ccc(I)cc1)C(=O)NO,22
1iih_1iih_conf0,1iih_1iih_conf0.mol2,[H]O[C@@]([H])(C(=O)[O-])C([H])([H])OP(=O)([O-])[O-],[H]OC([H])(C(=O)[O-])C([H])([H])OP(=O)([O-])[O-],O=C([O-])[C@H](O)COP(=O)([O-])[O-],O=C([O-])C(O)COP(=O)([O-])[O-],015,CHEMBL87788_0,O=C([O-])[C@H](O)COP(=O)([O-])[O-],134
1j14_1j14_conf0,1j14_1j14_conf0.mol2,[H]c1c([H])c([H])c(C(N([H])[H])=[N+]([H])[H])c([H])c1[H],[H]c1c([H])c([H])c(C(N([H])[H])=[N+]([H])[H])c([H])c1[H],NC(=[NH2+])c1ccccc1,NC(=[NH2+])c1ccccc1,018,CHEMBL20936_0,NC(=[NH2+])c1ccccc1,1
1j16_1j16_conf0,1j16_1j16_conf0.mol2,[H]c1c([H])c([H])c(C(N([H])[H])=[N+]([H])[H])c([H])c1[H],[H]c1c([H])c([H])c(C(N([H])[H])=[N+]([H])[H])c([H])c1[H],NC(=[NH2+])c1ccccc1,NC(=[NH2+])c1ccccc1,018,CHEMBL20936_0,NC(=[NH2+])c1ccccc1,1
1j17_1j17_conf0,1j17_1j17_conf0.mol2,[H]c1nc([H])c([H])c(N2C([H])([H])C([H])([H])C([H])(C(=O)N3C([H])([H])C([H])([H])N(S(=O)(=O)c4c([H])c([H])c5c([H])c(Cl)c([H])c([H])c5c4[H])C([H])([H])C3([H])[H])C([H])([H])C2([H])[H])c1[H],[H]c1nc([H])c([H])c(N2C([H])([H])C([H])([H])C([H])(C(=O)N3C([H])([H])C([H])([H])N(S(=O)(=O)c4c([H])c([H])c5c([H])c(Cl)c([H])c([H])c5c4[H])C([H])([H])C3([H])[H])C([H])([H])C2([H])[H])c1[H],O=C(C1CCN(c2ccncc2)CC1)N1CCN(S(=O)(=O)c2ccc3cc(Cl)ccc3c2)CC1,O=C(C1CCN(c2ccncc2)CC1)N1CCN(S(=O)(=O)c2ccc3cc(Cl)ccc3c2)CC1,061,CHEMBL270527_1,O=C(C1CCN(c2ccncc2)CC1)N1CCN(S(=O)(=O)c2ccc3cc(Cl)ccc3c2)CC1,192
1jsv_1jsv_conf0,1jsv_1jsv_conf0.mol2,[H]c1nc(N([H])[H])c([H])c(N([H])c2c([H])c([H])c(S(=O)(=O)N([H])[H])c([H])c2[H])n1,[H]c1nc(N([H])[H])c([H])c(N([H])c2c([H])c([H])c(S(=O)(=O)N([H])[H])c([H])c2[H])n1,Nc1cc(Nc2ccc(S(N)(=O)=O)cc2)ncn1,Nc1cc(Nc2ccc(S(N)(=O)=O)cc2)ncn1,029,CHEMBL265964_0,Nc1cc(Nc2ccc(S(N)(=O)=O)cc2)ncn1,147
1kv1_1kv1_conf0,1kv1_1kv1_conf0.mol2,[H]c1c([H])c(N([H])C(=O)N([H])c2c([H])c(C(C([H])([H])[H])(C([H])([H])[H])C([H])([H])[H])nn2C([H])([H])[H])c([H])c([H])c1Cl,[H]c1c([H])c(N([H])C(=O)N([H])c2c([H])c(C(C([H])([H])[H])(C([H])([H])[H])C([H])([H])[H])nn2C([H])([H])[H])c([H])c([H])c1Cl,Cn1nc(C(C)(C)C)cc1NC(=O)Nc1ccc(Cl)cc1,Cn1nc(C(C)(C)C)cc1NC(=O)Nc1ccc(Cl)cc1,040,CHEMBL87277_0,Cn1nc(C(C)(C)C)cc1NC(=O)Nc1ccc(Cl)cc1,6
1lgw_1lgw_conf0,1lgw_1lgw_conf0.mol2,[H]c1c([H])c([H])c(N([H])[H])c(F)c1[H],[H]c1c([H])c([H])c(N([H])[H])c(F)c1[H],Nc1ccccc1F,Nc1ccccc1F,014,CHEMBL195328_0,Nc1ccccc1F,1
1lpk_1lpk_conf0,1lpk_1lpk_conf0.mol2,[H]c1c([H])c(C(N([H])[H])=[N+]([H])[H])c([H])c(C([H])([H])OC(=O)c2c([H])c3c([H])c([H])c([H])c([H])c3n2C([H])([H])c2c([H])c([H])c([H])c(C(N([H])[H])=[N+]([H])[H])c2[H])c1[H],[H]c1c([H])c(C(N([H])[H])=[N+]([H])[H])c([H])c(C([H])([H])OC(=O)c2c([H])c3c([H])c([H])c([H])c([H])c3n2C([H])([H])c2c([H])c([H])c([H])c(C(N([H])[H])=[N+]([H])[H])c2[H])c1[H],NC(=[NH2+])c1cccc(COC(=O)c2cc3ccccc3n2Cc2cccc(C(N)=[NH2+])c2)c1,NC(=[NH2+])c1cccc(COC(=O)c2cc3ccccc3n2Cc2cccc(C(N)=[NH2+])c2)c1,057,CHEMBL92836_0,NC(=[NH2+])c1cccc(COC(=O)c2cc3ccccc3n2Cc2cccc(C(N)=[NH2+])c2)c1,172
1lpz_1lpz_conf0,1lpz_1lpz_conf0.mol2,[H]c1c([H])c(C(N([H])[H])=[N+]([H])[H])c([H])c(C([H])([H])n2c(C(=O)N([H])C([H])([H])c3c([H])c(Cl)c([H])c(Cl)c3[H])c([H])c3c(C([H])([H])[H])c([H])c([H])c([H])c32)c1[H],[H]c1c([H])c(C(N([H])[H])=[N+]([H])[H])c([H])c(C([H])([H])n2c(C(=O)N([H])C([H])([H])c3c([H])c(Cl)c([H])c(Cl)c3[H])c([H])c3c(C([H])([H])[H])c([H])c([H])c([H])c32)c1[H],Cc1cccc2c1cc(C(=O)NCc1cc(Cl)cc(Cl)c1)n2Cc1cccc(C(N)=[NH2+])c1,Cc1cccc2c1cc(C(=O)NCc1cc(Cl)cc(Cl)c1)n2Cc1cccc(C(N)=[NH2+])c1,055,CHEMBL92776_0,Cc1cccc2c1cc(C(=O)NCc1cc(Cl)cc(Cl)c1)n2Cc1cccc(C(N)=[NH2+])c1,127
1lrh_1lrh_conf0,1lrh_1lrh_conf0.mol2,[H]c1c([H])c([H])c2c(C([H])([H])C(=O)[O-])c([H])c([H])c([H])c2c1[H],[H]c1c([H])c([H])c2c(C([H])([H])C(=O)[O-])c([H])c([H])c([H])c2c1[H],O=C([O-])Cc1cccc2ccccc12,O=C([O-])Cc1cccc2ccccc12,023,CHEMBL428495_0,O=C([O-])Cc1cccc2ccccc12,2
1m2p_1m2p_conf0,1m2p_1m2p_conf0.mol2,[H]Oc1c([H])c([H])c([H])c2c1C(=O)c1c(O[H])c([H])c([H])c([N+](=O)[O-])c1C2=O,[H]Oc1c([H])c([H])c([H])c2c1C(=O)c1c(O[H])c([H])c([H])c([N+](=O)[O-])c1C2=O,O=C1c2c(O)cccc2C(=O)c2c([N+](=O)[O-])ccc(O)c21,O=C1c2c(O)cccc2C(=O)c2c([N+](=O)[O-])ccc(O)c21,028,CHEMBL574060_1,O=C1c2c(O)cccc2C(=O)c2c([N+](=O)[O-])ccc(O)c21,2
1m2q_1m2q_conf0,1m2q_1m2q_conf0.mol2,[H]Oc1c([H])c([H])c([H])c2oc3c([N+](=O)[O-])c([H])c([H])c(O[H])c3c(=O)c12,[H]Oc1c([H])c([H])c([H])c2oc3c([N+](=O)[O-])c([H])c([H])c(O[H])c3c(=O)c12,O=c1c2c(O)cccc2oc2c([N+](=O)[O-])ccc(O)c12,O=c1c2c(O)cccc2oc2c([N+](=O)[O-])ccc(O)c12,027,CHEMBL270512_1,O=c1c2c(O)cccc2oc2c([N+](=O)[O-])ccc(O)c12,3
1m2r_1m2r_conf0,1m2r_1m2r_conf0.mol2,[H]Oc1c([H])c([H])c(O[H])c2c1C(=O)c1c(c(N([H])[H])c([H])c([H])c1N([H])[H])C2=O,[H]Oc1c([H])c([H])c(O[H])c2c1C(=O)c1c(c(N([H])[H])c([H])c([H])c1N([H])[H])C2=O,Nc1ccc(N)c2c1C(=O)c1c(O)ccc(O)c1C2=O,Nc1ccc(N)c2c1C(=O)c1c(O)ccc(O)c1C2=O,030,CHEMBL572879_1,Nc1ccc(N)c2c1C(=O)c1c(O)ccc(O)c1C2=O,1
1mu6_1mu6_conf0,1mu6_1mu6_conf0.mol2,[H]c1nc(C(F)(F)C([H])([H])N([H])c2nc([H])c(C([H])([H])[H])n(C([H])([H])C(=O)N([H])C([H])([H])c3nc([H])c([H])c([H])c3F)c2=O)c([H])c([H])c1[H],[H]c1nc(C(F)(F)C([H])([H])N([H])c2nc([H])c(C([H])([H])[H])n(C([H])([H])C(=O)N([H])C([H])([H])c3nc([H])c([H])c([H])c3F)c2=O)c([H])c([H])c1[H],Cc1cnc(NCC(F)(F)c2ccccn2)c(=O)n1CC(=O)NCc1ncccc1F,Cc1cnc(NCC(F)(F)c2ccccn2)c(=O)n1CC(=O)NCc1ncccc1F,050,CHEMBL141889_0,Cc1cnc(NCC(F)(F)c2ccccn2)c(=O)n1CC(=O)NCc1ncccc1F,200
1mu8_1mu8_conf0,1mu8_1mu8_conf0.mol2,[H]c1nc(C(F)(F)C([H])([H])N([H])c2nc([H])c(C([H])([H])[H])n(C([H])([H])C(=O)N([H])C([H])([H])c3nc([H])c([H])c(C([H])([H])[H])c3F)c2=O)c([H])c([H])c1[H],[H]c1nc(C(F)(F)C([H])([H])N([H])c2nc([H])c(C([H])([H])[H])n(C([H])([H])C(=O)N([H])C([H])([H])c3nc([H])c([H])c(C([H])([H])[H])c3F)c2=O)c([H])c([H])c1[H],Cc1ccnc(CNC(=O)Cn2c(C)cnc(NCC(F)(F)c3ccccn3)c2=O)c1F,Cc1ccnc(CNC(=O)Cn2c(C)cnc(NCC(F)(F)c3ccccn3)c2=O)c1F,053,CHEMBL143824_0,Cc1ccnc(CNC(=O)Cn2c(C)cnc(NCC(F)(F)c3ccccn3)c2=O)c1F,200
1n0s_1n0s_conf0,1n0s_1n0s_conf0.mol2,[H]Oc1c([H])c([H])c2c(-c3c([H])c([H])c([H])c([H])c3C(=O)[O-])c3c([H])c([H])c(=O)c([H])c-3oc2c1[H],[H]Oc1c([H])c([H])c2c(-c3c([H])c([H])c([H])c([H])c3C(=O)[O-])c3c([H])c([H])c(=O)c([H])c-3oc2c1[H],O=C([O-])c1ccccc1-c1c2ccc(=O)cc-2oc2cc(O)ccc12,O=C([O-])c1ccccc1-c1c2ccc(=O)cc-2oc2cc(O)ccc12,036,CHEMBL5195075_0,O=C([O-])c1ccccc1-c1c2ccc(=O)cc-2oc2cc(O)ccc12,2
1n46_1n46_conf0,1n46_1n46_conf0.mol2,[H]Oc1c([H])c([H])c(Oc2c(C([H])([H])[H])c([H])c(-n3nc([H])c(=O)n([H])c3=O)c([H])c2C([H])([H])[H])c([H])c1C([H])(C([H])([H])[H])C([H])([H])[H],[H]Oc1c([H])c([H])c(Oc2c(C([H])([H])[H])c([H])c(-n3nc([H])c(=O)n([H])c3=O)c([H])c2C([H])([H])[H])c([H])c1C([H])(C([H])([H])[H])C([H])([H])[H],Cc1cc(-n2ncc(=O)[nH]c2=O)cc(C)c1Oc1ccc(O)c(C(C)C)c1,Cc1cc(-n2ncc(=O)[nH]c2=O)cc(C)c1Oc1ccc(O)c(C(C)C)c1,048,CHEMBL125381_0,Cc1cc(-n2ncc(=O)[nH]c2=O)cc(C)c1Oc1ccc(O)c(C(C)C)c1,172
1n4h_1n4h_conf0,1n4h_1n4h_conf0.mol2,[H]\C(C1=C(C([H])([H])[H])C([H])([H])C([H])([H])C([H])([H])C1(C([H])([H])[H])C([H])([H])[H])=C([H])/C(=C([H])/C([H])=C([H])/C(=C(\[H])C(=O)[O-])C([H])([H])[H])C([H])([H])[H],[H]C(=C([H])C(=C([H])C(=O)[O-])C([H])([H])[H])C([H])=C(C([H])=C([H])C1=C(C([H])([H])[H])C([H])([H])C([H])([H])C([H])([H])C1(C([H])([H])[H])C([H])([H])[H])C([H])([H])[H],CC1=C(/C=C/C(C)=C/C=C/C(C)=C/C(=O)[O-])C(C)(C)CCC1,CC(C=CC1=C(C)CCCC1(C)C)=CC=CC(C)=CC(=O)[O-],049,CHEMBL38_0,CC1=C(/C=C/C(C)=C/C=C/C(C)=C/C(=O)[O-])C(C)(C)CCC1,66
1n5r_1n5r_conf0,1n5r_1n5r_conf0.mol2,[H]c1c([H])c([H])c(-c2c3c([H])c(N([H])[H])c([H])c([H])c3c3c([H])c([H])c(N([H])[H])c([H])c3[n+]2C([H])([H])C([H])([H])C([H])([H])[N+](C([H])([H])[H])(C([H])([H])C([H])([H])[H])C([H])([H])C([H])([H])[H])c([H])c1[H],[H]c1c([H])c([H])c(-c2c3c([H])c(N([H])[H])c([H])c([H])c3c3c([H])c([H])c(N([H])[H])c([H])c3[n+]2C([H])([H])C([H])([H])C([H])([H])[N+](C([H])([H])[H])(C([H])([H])C([H])([H])[H])C([H])([H])C([H])([H])[H])c([H])c1[H],CC[N+](C)(CC)CCC[n+]1c(-c2ccccc2)c2cc(N)ccc2c2ccc(N)cc21,CC[N+](C)(CC)CCC[n+]1c(-c2ccccc2)c2cc(N)ccc2c2ccc(N)cc21,065,CHEMBL332935_0,CC[N+](C)(CC)CCC[n+]1c(-c2ccccc2)c2cc(N)ccc2c2ccc(N)cc21,20
1ndw_1ndw_conf0,1ndw_1ndw_conf0.mol2,[H]OC([H])([H])[C@]([H])(n1c([H])nc(C(=O)N([H])[H])c1[H])C([H])([H])C([H])([H])c1c([H])c([H])c([H])c([H])c1[H],[H]OC([H])([H])C([H])(n1c([H])nc(C(=O)N([H])[H])c1[H])C([H])([H])C([H])([H])c1c([H])c([H])c([H])c([H])c1[H],NC(=O)c1cn([C@@H](CO)CCc2ccccc2)cn1,NC(=O)c1cn(C(CO)CCc2ccccc2)cn1,036,CHEMBL13696_0,NC(=O)c1cn([C@@H](CO)CCc2ccccc2)cn1,200
1ndy_1ndy_conf0,1ndy_1ndy_conf0.mol2,[H]OC([H])([H])[C@]([H])(n1c([H])nc(C(=O)N([H])[H])c1[H])C([H])([H])C([H])([H])c1c([H])c([H])c([H])c2c([H])c([H])c([H])c([H])c12,[H]OC([H])([H])C([H])(n1c([H])nc(C(=O)N([H])[H])c1[H])C([H])([H])C([H])([H])c1c([H])c([H])c([H])c2c([H])c([H])c([H])c([H])c12,NC(=O)c1cn([C@@H](CO)CCc2cccc3ccccc23)cn1,NC(=O)c1cn(C(CO)CCc2cccc3ccccc23)cn1,042,CHEMBL327830_0,NC(=O)c1cn([C@@H](CO)CCc2cccc3ccccc23)cn1,200
1nfu_1nfu_conf0,1nfu_1nfu_conf0.mol2,[H]c1c([H])c(C(N([H])[H])=[N+]([H])[H])c([H])c(C([H])([H])N2C(=O)C([H])([H])N(S(=O)(=O)c3sc4c([H])c(Cl)c([H])c([H])c4c3[H])C([H])([H])C2([H])[H])c1[H],[H]c1c([H])c(C(N([H])[H])=[N+]([H])[H])c([H])c(C([H])([H])N2C(=O)C([H])([H])N(S(=O)(=O)c3sc4c([H])c(Cl)c([H])c([H])c4c3[H])C([H])([H])C2([H])[H])c1[H],NC(=[NH2+])c1cccc(CN2CCN(S(=O)(=O)c3cc4ccc(Cl)cc4s3)CC2=O)c1,NC(=[NH2+])c1cccc(CN2CCN(S(=O)(=O)c3cc4ccc(Cl)cc4s3)CC2=O)c1,050,CHEMBL351298_0,NC(=[NH2+])c1cccc(CN2CCN(S(=O)(=O)c3cc4ccc(Cl)cc4s3)CC2=O)c1,42
1nfx_1nfx_conf0,1nfx_1nfx_conf0.mol2,[H]OC([H])([H])C([H])([H])n1c(C([H])([H])N2C(=O)C([H])([H])N(S(=O)(=O)c3sc4c([H])c(Cl)c([H])c([H])c4c3[H])C([H])([H])C2([H])[H])c([H])c2c([H])nc([H])c([H])c21,[H]OC([H])([H])C([H])([H])n1c(C([H])([H])N2C(=O)C([H])([H])N(S(=O)(=O)c3sc4c([H])c(Cl)c([H])c([H])c4c3[H])C([H])([H])C2([H])[H])c([H])c2c([H])nc([H])c([H])c21,O=C1CN(S(=O)(=O)c2cc3ccc(Cl)cc3s2)CCN1Cc1cc2cnccc2n1CCO,O=C1CN(S(=O)(=O)c2cc3ccc(Cl)cc3s2)CCN1Cc1cc2cnccc2n1CCO,054,CHEMBL157813_0,O=C1CN(S(=O)(=O)c2cc3ccc(Cl)cc3s2)CCN1Cc1cc2cnccc2n1CCO,19
1nl9_1nl9_conf0,1nl9_1nl9_conf0.mol2,[H]c1c([H])c([H])c(N(C(=O)C(=O)[O-])c2c([H])c([H])c(C([H])([H])[C@@]([H])(C(=O)N([H])C([H])([H])C([H])([H])C([H])([H])C([H])([H])C([H])([H])[H])N([H])C(=O)C([H])([H])[H])c3c([H])c([H])c([H])c([H])c23)c(C(=O)[O-])c1[H],[H]c1c([H])c([H])c(N(C(=O)C(=O)[O-])c2c([H])c([H])c(C([H])([H])C([H])(C(=O)N([H])C([H])([H])C([H])([H])C([H])([H])C([H])([H])C([H])([H])[H])N([H])C(=O)C([H])([H])[H])c3c([H])c([H])c([H])c([H])c23)c(C(=O)[O-])c1[H],CCCCCNC(=O)[C@H](Cc1ccc(N(C(=O)C(=O)[O-])c2ccccc2C(=O)[O-])c2ccccc12)NC(C)=O,CCCCCNC(=O)C(Cc1ccc(N(C(=O)C(=O)[O-])c2ccccc2C(=O)[O-])c2ccccc12)NC(C)=O,068,CHEMBL303333_0,CCCCCNC(=O)[C@H](Cc1ccc(N(C(=O)C(=O)[O-])c2ccccc2C(=O)[O-])c2ccccc12)NC(C)=O,185
1no6_1no6_conf0,1no6_1no6_conf0.mol2,[H]c1c([H])c([H])c(N(C(=O)C(=O)[O-])c2c([H])c([H])c([H])c3c([H])c([H])c([H])c([H])c23)c(C(=O)[O-])c1[H],[H]c1c([H])c([H])c(N(C(=O)C(=O)[O-])c2c([H])c([H])c([H])c3c([H])c([H])c([H])c([H])c23)c(C(=O)[O-])c1[H],O=C([O-])C(=O)N(c1ccccc1C(=O)[O-])c1cccc2ccccc12,O=C([O-])C(=O)N(c1ccccc1C(=O)[O-])c1cccc2ccccc12,036,CHEMBL64934_0,O=C([O-])C(=O)N(c1ccccc1C(=O)[O-])c1cccc2ccccc12,27
1nq7_1nq7_conf0,1nq7_1nq7_conf0.mol2,[H]\C(C(=O)[O-])=C(/C([H])=C([H])/C([H])=C(/c1c([H])c(C(C([H])([H])[H])(C([H])([H])[H])C([H])([H])[H])c([H])c(C(C([H])([H])[H])(C([H])([H])[H])C([H])([H])[H])c1[H])C([H])([H])[H])C([H])([H])[H],[H]C(=C([H])C(=C([H])C(=O)[O-])C([H])([H])[H])C([H])=C(c1c([H])c(C(C([H])([H])[H])(C([H])([H])[H])C([H])([H])[H])c([H])c(C(C([H])([H])[H])(C([H])([H])[H])C([H])([H])[H])c1[H])C([H])([H])[H],CC(/C=C/C=C(\C)c1cc(C(C)(C)C)cc(C(C)(C)C)c1)=C\C(=O)[O-],CC(C=CC=C(C)c1cc(C(C)(C)C)cc(C(C)(C)C)c1)=CC(=O)[O-],056,CHEMBL89241_0,CC(/C=C/C=C(\C)c1cc(C(C)(C)C)cc(C(C)(C)C)c1)=C\C(=O)[O-],186
1o2h_1o2h_conf0,1o2h_1o2h_conf0.mol2,[H]Oc1c(OC2([H])C([H])([H])C([H])([H])C([H])([H])C2([H])[H])c([H])c([H])c([H])c1-c1c([H])c2c([H])c(C(N([H])[H])=[N+]([H])[H])c([H])c([H])c2n1[H],[H]Oc1c(OC2([H])C([H])([H])C([H])([H])C([H])([H])C2([H])[H])c([H])c([H])c([H])c1-c1c([H])c2c([H])c(C(N([H])[H])=[N+]([H])[H])c([H])c([H])c2n1[H],NC(=[NH2+])c1ccc2[nH]c(-c3cccc(OC4CCCC4)c3O)cc2c1,NC(=[NH2+])c1ccc2[nH]c(-c3cccc(OC4CCCC4)c3O)cc2c1,047,CHEMBL64579_0,NC(=[NH2+])c1ccc2[nH]c(-c3cccc(OC4CCCC4)c3O)cc2c1,199
1o2j_1o2j_conf0,1o2j_1o2j_conf0.mol2,[H]Oc1c(OC([H])([H])C([H])(C([H])([H])[H])C([H])([H])[H])c([H])c([H])c([H])c1-c1nc2c([H])c(C(N([H])[H])=[N+]([H])[H])c([H])c([H])c2n1[H],[H]Oc1c(OC([H])([H])C([H])(C([H])([H])[H])C([H])([H])[H])c([H])c([H])c([H])c1-c1nc2c([H])c(C(N([H])[H])=[N+]([H])[H])c([H])c([H])c2n1[H],CC(C)COc1cccc(-c2nc3cc(C(N)=[NH2+])ccc3[nH]2)c1O,CC(C)COc1cccc(-c2nc3cc(C(N)=[NH2+])ccc3[nH]2)c1O,045,CHEMBL64676_0,CC(C)COc1cccc(-c2nc3cc(C(N)=[NH2+])ccc3[nH]2)c1O,200
1o2o_1o2o_conf0,1o2o_1o2o_conf0.mol2,[H]Oc1c(OC([H])([H])C([H])(C([H])([H])[H])C([H])([H])[H])c([H])c([H])c([H])c1-c1nc2c([H])c(C(N([H])[H])=[N+]([H])[H])c(F)c([H])c2n1[H],[H]Oc1c(OC([H])([H])C([H])(C([H])([H])[H])C([H])([H])[H])c([H])c([H])c([H])c1-c1nc2c([H])c(C(N([H])[H])=[N+]([H])[H])c(F)c([H])c2n1[H],CC(C)COc1cccc(-c2nc3cc(C(N)=[NH2+])c(F)cc3[nH]2)c1O,CC(C)COc1cccc(-c2nc3cc(C(N)=[NH2+])c(F)cc3[nH]2)c1O,045,CHEMBL62836_0,CC(C)COc1cccc(-c2nc3cc(C(N)=[NH2+])c(F)cc3[nH]2)c1O,200
1o35_1o35_conf0,1o35_1o35_conf0.mol2,[H]Oc1c([H])c([H])c(F)c([H])c1-c1nc2c([H])c(C(N([H])[H])=[N+]([H])[H])c([H])c([H])c2n1[H],[H]Oc1c([H])c([H])c(F)c([H])c1-c1nc2c([H])c(C(N([H])[H])=[N+]([H])[H])c([H])c([H])c2n1[H],NC(=[NH2+])c1ccc2[nH]c(-c3cc(F)ccc3O)nc2c1,NC(=[NH2+])c1ccc2[nH]c(-c3cc(F)ccc3O)nc2c1,032,CHEMBL92277_0,NC(=[NH2+])c1ccc2[nH]c(-c3cc(F)ccc3O)nc2c1,19
1o3d_1o3d_conf0,1o3d_1o3d_conf0.mol2,[H]Oc1c(-c2c([H])c([H])c([H])c([H])c2[H])c([H])c([H])c([H])c1-c1nc2c([H])c(C(N([H])[H])=[N+]([H])[H])c([H])c([H])c2n1[H],[H]Oc1c(-c2c([H])c([H])c([H])c([H])c2[H])c([H])c([H])c([H])c1-c1nc2c([H])c(C(N([H])[H])=[N+]([H])[H])c([H])c([H])c2n1[H],NC(=[NH2+])c1ccc2[nH]c(-c3cccc(-c4ccccc4)c3O)nc2c1,NC(=[NH2+])c1ccc2[nH]c(-c3cccc(-c4ccccc4)c3O)nc2c1,042,CHEMBL327715_0,NC(=[NH2+])c1ccc2[nH]c(-c3cccc(-c4ccccc4)c3O)nc2c1,38
1o3i_1o3i_conf0,1o3i_1o3i_conf0.mol2,[H]Oc1c(Br)c([H])c(C([H])([H])[H])c([H])c1-c1c([H])c2c([H])c(C(N([H])[H])=[N+]([H])[H])c([H])c([H])c2n1[H],[H]Oc1c(Br)c([H])c(C([H])([H])[H])c([H])c1-c1c([H])c2c([H])c(C(N([H])[H])=[N+]([H])[H])c([H])c([H])c2n1[H],Cc1cc(Br)c(O)c(-c2cc3cc(C(N)=[NH2+])ccc3[nH]2)c1,Cc1cc(Br)c(O)c(-c2cc3cc(C(N)=[NH2+])ccc3[nH]2)c1,036,CHEMBL48608_0,Cc1cc(Br)c(O)c(-c2cc3cc(C(N)=[NH2+])ccc3[nH]2)c1,18
1o3j_1o3j_conf0,1o3j_1o3j_conf0.mol2,[H]Oc1c(Br)c([H])c(C([H])([H])[H])c([H])c1-c1nc2c([H])c(C(N([H])[H])=[N+]([H])[H])c([H])c([H])c2n1[H],[H]Oc1c(Br)c([H])c(C([H])([H])[H])c([H])c1-c1nc2c([H])c(C(N([H])[H])=[N+]([H])[H])c([H])c([H])c2n1[H],Cc1cc(Br)c(O)c(-c2nc3cc(C(N)=[NH2+])ccc3[nH]2)c1,Cc1cc(Br)c(O)c(-c2nc3cc(C(N)=[NH2+])ccc3[nH]2)c1,035,CHEMBL95097_0,Cc1cc(Br)c(O)c(-c2nc3cc(C(N)=[NH2+])ccc3[nH]2)c1,20
1o5e_1o5e_conf0,1o5e_1o5e_conf0.mol2,[H]Oc1c(-c2c([H])c([H])c([H])c([H])c2[H])c([H])c([H])c([H])c1-c1c([H])c2c([H])c(C(N([H])[H])=[N+]([H])[H])c(Cl)c([H])c2n1[H],[H]Oc1c(-c2c([H])c([H])c([H])c([H])c2[H])c([H])c([H])c([H])c1-c1c([H])c2c([H])c(C(N([H])[H])=[N+]([H])[H])c(Cl)c([H])c2n1[H],NC(=[NH2+])c1cc2cc(-c3cccc(-c4ccccc4)c3O)[nH]c2cc1Cl,NC(=[NH2+])c1cc2cc(-c3cccc(-c4ccccc4)c3O)[nH]c2cc1Cl,043,CHEMBL339902_0,NC(=[NH2+])c1cc2cc(-c3cccc(-c4ccccc4)c3O)[nH]c2cc1Cl,32
1oba_1oba_conf0,1oba_1oba_conf0.mol2,[H]OC([H])([H])C([H])([H])[N+](C([H])([H])[H])(C([H])([H])[H])C([H])([H])[H],[H]OC([H])([H])C([H])([H])[N+](C([H])([H])[H])(C([H])([H])[H])C([H])([H])[H],C[N+](C)(C)CCO,C[N+](C)(C)CCO,021,CHEMBL920_0,C[N+](C)(C)CCO,7
1ogd_1ogd_conf0,1ogd_1ogd_conf0.mol2,[H]O[C@]1([H])OC([H])([H])[C@@]([H])(O[H])[C@@]([H])(O[H])[C@@]1([H])O[H],[H]OC1([H])OC([H])([H])C([H])(O[H])C([H])(O[H])C1([H])O[H],O[C@@H]1[C@H](O)[C@H](O)CO[C@H]1O,OC1COC(O)C(O)C1O,020,CHEMBL14343_0,O[C@@H]1[C@H](O)[C@H](O)CO[C@H]1O,1189
1ols_1ols_conf0,1ols_1ols_conf0.mol2,[H]c1nc(C([H])([H])[H])nc(N([H])[H])c1C([H])([H])[n+]1c([H])sc(C([H])([H])C([H])([H])O[P@](=O)([O-])OP(=O)([O-])[O-])c1C([H])([H])[H],[H]c1nc(C([H])([H])[H])nc(N([H])[H])c1C([H])([H])[n+]1c([H])sc(C([H])([H])C([H])([H])OP(=O)([O-])OP(=O)([O-])[O-])c1C([H])([H])[H],Cc1ncc(C[n+]2csc(CCO[P@](=O)([O-])OP(=O)([O-])[O-])c2C)c(N)n1,Cc1ncc(C[n+]2csc(CCOP(=O)([O-])OP(=O)([O-])[O-])c2C)c(N)n1,042,CHEMBL1236235_0,Cc1ncc(C[n+]2csc(CCO[P@](=O)([O-])OP(=O)([O-])[O-])c2C)c(N)n1,15
1olu_1olu_conf0,1olu_1olu_conf0.mol2,[H]c1nc(C([H])([H])[H])nc(N([H])[H])c1C([H])([H])[n+]1c([H])sc(C([H])([H])C([H])([H])O[P@](=O)([O-])OP(=O)([O-])[O-])c1C([H])([H])[H],[H]c1nc(C([H])([H])[H])nc(N([H])[H])c1C([H])([H])[n+]1c([H])sc(C([H])([H])C([H])([H])OP(=O)([O-])OP(=O)([O-])[O-])c1C([H])([H])[H],Cc1ncc(C[n+]2csc(CCO[P@](=O)([O-])OP(=O)([O-])[O-])c2C)c(N)n1,Cc1ncc(C[n+]2csc(CCOP(=O)([O-])OP(=O)([O-])[O-])c2C)c(N)n1,042,CHEMBL1236235_0,Cc1ncc(C[n+]2csc(CCO[P@](=O)([O-])OP(=O)([O-])[O-])c2C)c(N)n1,15
1olx_1olx_conf0,1olx_1olx_conf0.mol2,[H]c1nc(C([H])([H])[H])nc(N([H])[H])c1C([H])([H])[n+]1c([H])sc(C([H])([H])C([H])([H])O[P@](=O)([O-])OP(=O)([O-])[O-])c1C([H])([H])[H],[H]c1nc(C([H])([H])[H])nc(N([H])[H])c1C([H])([H])[n+]1c([H])sc(C([H])([H])C([H])([H])OP(=O)([O-])OP(=O)([O-])[O-])c1C([H])([H])[H],Cc1ncc(C[n+]2csc(CCO[P@](=O)([O-])OP(=O)([O-])[O-])c2C)c(N)n1,Cc1ncc(C[n+]2csc(CCOP(=O)([O-])OP(=O)([O-])[O-])c2C)c(N)n1,042,CHEMBL1236235_0,Cc1ncc(C[n+]2csc(CCO[P@](=O)([O-])OP(=O)([O-])[O-])c2C)c(N)n1,15
1om1_1om1_conf0,1om1_1om1_conf0.mol2,[H]c1c([H])c([H])c2c(c1[H])c(C([H])([H])C(=O)[O-])c1n([H])c(=O)c3c([H])c([H])c([H])c([H])c3n21,[H]c1c([H])c([H])c2c(c1[H])c(C([H])([H])C(=O)[O-])c1n([H])c(=O)c3c([H])c([H])c([H])c([H])c3n21,O=C([O-])Cc1c2ccccc2n2c1[nH]c(=O)c1ccccc12,O=C([O-])Cc1c2ccccc2n2c1[nH]c(=O)c1ccccc12,033,CHEMBL92361_0,O=C([O-])Cc1c2ccccc2n2c1[nH]c(=O)c1ccccc12,4
1onz_1onz_conf0,1onz_1onz_conf0.mol2,[H]Oc1c([H])c([H])c2c([H])c([H])c([H])c(N(C(=O)C(=O)[O-])c3c([H])c([H])c([H])c([H])c3C(=O)[O-])c2c1[H],[H]Oc1c([H])c([H])c2c([H])c([H])c([H])c(N(C(=O)C(=O)[O-])c3c([H])c([H])c([H])c([H])c3C(=O)[O-])c2c1[H],O=C([O-])C(=O)N(c1ccccc1C(=O)[O-])c1cccc2ccc(O)cc12,O=C([O-])C(=O)N(c1ccccc1C(=O)[O-])c1cccc2ccc(O)cc12,037,CHEMBL305785_0,O=C([O-])C(=O)N(c1ccccc1C(=O)[O-])c1cccc2ccc(O)cc12,54
1oss_1oss_conf0,1oss_1oss_conf0.mol2,[H]c1c([H])c([H])c(C(N([H])[H])=[N+]([H])[H])c([H])c1[H],[H]c1c([H])c([H])c(C(N([H])[H])=[N+]([H])[H])c([H])c1[H],NC(=[NH2+])c1ccccc1,NC(=[NH2+])c1ccccc1,018,CHEMBL20936_0,NC(=[NH2+])c1ccccc1,1
1owe_1owe_conf0,1owe_1owe_conf0.mol2,[H]c1c([H])c([H])c(N([H])C(=O)c2c([H])c([H])c3c([H])c(C(N([H])[H])=[N+]([H])[H])c([H])c([H])c3c2[H])c([H])c1[H],[H]c1c([H])c([H])c(N([H])C(=O)c2c([H])c([H])c3c([H])c(C(N([H])[H])=[N+]([H])[H])c([H])c([H])c3c2[H])c([H])c1[H],NC(=[NH2+])c1ccc2cc(C(=O)Nc3ccccc3)ccc2c1,NC(=[NH2+])c1ccc2cc(C(=O)Nc3ccccc3)ccc2c1,038,CHEMBL104937_0,NC(=[NH2+])c1ccc2cc(C(=O)Nc3ccccc3)ccc2c1,6
1oxr_1oxr_conf0,1oxr_1oxr_conf0.mol2,[H]c1c([H])c([H])c(C(=O)[O-])c(OC(=O)C([H])([H])[H])c1[H],[H]c1c([H])c([H])c(C(=O)[O-])c(OC(=O)C([H])([H])[H])c1[H],CC(=O)Oc1ccccc1C(=O)[O-],CC(=O)Oc1ccccc1C(=O)[O-],020,CHEMBL25_0,CC(=O)Oc1ccccc1C(=O)[O-],20
1p57_1p57_conf0,1p57_1p57_conf0.mol2,[H]Oc1c([H])c([H])c([H])c([H])c1-c1nc2c([H])c(C(N([H])[H])=[N+]([H])[H])c([H])c([H])c2n1[H],[H]Oc1c([H])c([H])c([H])c([H])c1-c1nc2c([H])c(C(N([H])[H])=[N+]([H])[H])c([H])c([H])c2n1[H],NC(=[NH2+])c1ccc2[nH]c(-c3ccccc3O)nc2c1,NC(=[NH2+])c1ccc2[nH]c(-c3ccccc3O)nc2c1,032,CHEMBL433501_0,NC(=[NH2+])c1ccc2[nH]c(-c3ccccc3O)nc2c1,20
1pb8_1pb8_conf0,1pb8_1pb8_conf0.mol2,[H]OC([H])([H])[C@]([H])(C(=O)[O-])[N+]([H])([H])[H],[H]OC([H])([H])C([H])(C(=O)[O-])[N+]([H])([H])[H],[NH3+][C@H](CO)C(=O)[O-],[NH3+]C(CO)C(=O)[O-],014,CHEMBL11298_0,[NH3+][C@H](CO)C(=O)[O-],6
1pbq_1pbq_conf0,1pbq_1pbq_conf0.mol2,[H]Oc1c([H])c(C(=O)[O-])nc2c([H])c(Cl)c([H])c(Cl)c12,[H]Oc1c([H])c(C(=O)[O-])nc2c([H])c(Cl)c([H])c(Cl)c12,O=C([O-])c1cc(O)c2c(Cl)cc(Cl)cc2n1,O=C([O-])c1cc(O)c2c(Cl)cc(Cl)cc2n1,020,CHEMBL50267_0,O=C([O-])c1cc(O)c2c(Cl)cc(Cl)cc2n1,2
1ppc_1ppc_conf0,1ppc_1ppc_conf0.mol2,[H]c1c([H])c(C([H])([H])[C@]([H])(C(=O)N2C([H])([H])C([H])([H])C([H])([H])C([H])([H])C2([H])[H])N([H])C(=O)C([H])([H])N([H])S(=O)(=O)c2c([H])c([H])c3c([H])c([H])c([H])c([H])c3c2[H])c([H])c([H])c1C(N([H])[H])=[N+]([H])[H],[H]c1c([H])c(C([H])([H])C([H])(C(=O)N2C([H])([H])C([H])([H])C([H])([H])C([H])([H])C2([H])[H])N([H])C(=O)C([H])([H])N([H])S(=O)(=O)c2c([H])c([H])c3c([H])c([H])c([H])c([H])c3c2[H])c([H])c([H])c1C(N([H])[H])=[N+]([H])[H],NC(=[NH2+])c1ccc(C[C@@H](NC(=O)CNS(=O)(=O)c2ccc3ccccc3c2)C(=O)N2CCCCC2)cc1,NC(=[NH2+])c1ccc(CC(NC(=O)CNS(=O)(=O)c2ccc3ccccc3c2)C(=O)N2CCCCC2)cc1,069,CHEMBL23430_0,NC(=[NH2+])c1ccc(C[C@@H](NC(=O)CNS(=O)(=O)c2ccc3ccccc3c2)C(=O)N2CCCCC2)cc1,107
1pxo_1pxo_conf0,1pxo_1pxo_conf0.mol2,[H]c1nc(N([H])c2c([H])c([H])c([H])c([N+](=O)[O-])c2[H])nc(-c2sc(N([H])[H])nc2C([H])([H])[H])c1[H],[H]c1nc(N([H])c2c([H])c([H])c([H])c([N+](=O)[O-])c2[H])nc(-c2sc(N([H])[H])nc2C([H])([H])[H])c1[H],Cc1nc(N)sc1-c1ccnc(Nc2cccc([N+](=O)[O-])c2)n1,Cc1nc(N)sc1-c1ccnc(Nc2cccc([N+](=O)[O-])c2)n1,035,CHEMBL298445_0,Cc1nc(N)sc1-c1ccnc(Nc2cccc([N+](=O)[O-])c2)n1,200
1pxp_1pxp_conf0,1pxp_1pxp_conf0.mol2,[H]c1nc(N([H])c2c([H])c([H])c(N(C([H])([H])[H])C([H])([H])[H])c([H])c2[H])nc(-c2sc(C([H])([H])[H])nc2C([H])([H])[H])c1[H],[H]c1nc(N([H])c2c([H])c([H])c(N(C([H])([H])[H])C([H])([H])[H])c([H])c2[H])nc(-c2sc(C([H])([H])[H])nc2C([H])([H])[H])c1[H],Cc1nc(C)c(-c2ccnc(Nc3ccc(N(C)C)cc3)n2)s1,Cc1nc(C)c(-c2ccnc(Nc3ccc(N(C)C)cc3)n2)s1,042,CHEMBL46817_0,Cc1nc(C)c(-c2ccnc(Nc3ccc(N(C)C)cc3)n2)s1,200
1q5k_1q5k_conf0,1q5k_1q5k_conf0.mol2,[H]c1nc(N([H])C(=O)N([H])C([H])([H])c2c([H])c([H])c(OC([H])([H])[H])c([H])c2[H])sc1[N+](=O)[O-],[H]c1nc(N([H])C(=O)N([H])C([H])([H])c2c([H])c([H])c(OC([H])([H])[H])c([H])c2[H])sc1[N+](=O)[O-],COc1ccc(CNC(=O)Nc2ncc([N+](=O)[O-])s2)cc1,COc1ccc(CNC(=O)Nc2ncc([N+](=O)[O-])s2)cc1,033,CHEMBL259850_0,COc1ccc(CNC(=O)Nc2ncc([N+](=O)[O-])s2)cc1,80
1q7a_1q7a_conf0,1q7a_1q7a_conf0.mol2,[H]Oc1c([H])c([H])c(N2C(=O)[C@@]([H])(C([H])([H])C([H])([H])C([H])([H])C([H])([H])[H])C(=O)N2c2c([H])c([H])c([H])c([H])c2[H])c([H])c1[H],[H]Oc1c([H])c([H])c(N2C(=O)C([H])(C([H])([H])C([H])([H])C([H])([H])C([H])([H])[H])C(=O)N2c2c([H])c([H])c([H])c([H])c2[H])c([H])c1[H],CCCC[C@H]1C(=O)N(c2ccccc2)N(c2ccc(O)cc2)C1=O,CCCCC1C(=O)N(c2ccccc2)N(c2ccc(O)cc2)C1=O,044,CHEMBL1228_0,CCCC[C@H]1C(=O)N(c2ccccc2)N(c2ccc(O)cc2)C1=O,198
1qb6_1qb6_conf0,1qb6_1qb6_conf0.mol2,[H]c1c([H])c(Oc2nc(Oc3c([H])c([H])c([H])c(C(N([H])[H])=[N+]([H])[H])c3[H])c(F)c(C([H])([H])[H])c2F)c([H])c(C(N([H])[H])=[N+]([H])[H])c1[H],[H]c1c([H])c(Oc2nc(Oc3c([H])c([H])c([H])c(C(N([H])[H])=[N+]([H])[H])c3[H])c(F)c(C([H])([H])[H])c2F)c([H])c(C(N([H])[H])=[N+]([H])[H])c1[H],Cc1c(F)c(Oc2cccc(C(N)=[NH2+])c2)nc(Oc2cccc(C(N)=[NH2+])c2)c1F,Cc1c(F)c(Oc2cccc(C(N)=[NH2+])c2)nc(Oc2cccc(C(N)=[NH2+])c2)c1F,048,CHEMBL49636_0,Cc1c(F)c(Oc2cccc(C(N)=[NH2+])c2)nc(Oc2cccc(C(N)=[NH2+])c2)c1F,196
1ql7_1ql7_conf0,1ql7_1ql7_conf0.mol2,[H]c1nc([H])c([H])c(N2C([H])([H])C([H])([H])C([H])(C(=O)N3C([H])([H])C([H])([H])N(S(=O)(=O)c4c([H])c([H])c5c([H])c(Cl)c([H])c([H])c5c4[H])C([H])([H])C3([H])[H])C([H])([H])C2([H])[H])c1[H],[H]c1nc([H])c([H])c(N2C([H])([H])C([H])([H])C([H])(C(=O)N3C([H])([H])C([H])([H])N(S(=O)(=O)c4c([H])c([H])c5c([H])c(Cl)c([H])c([H])c5c4[H])C([H])([H])C3([H])[H])C([H])([H])C2([H])[H])c1[H],O=C(C1CCN(c2ccncc2)CC1)N1CCN(S(=O)(=O)c2ccc3cc(Cl)ccc3c2)CC1,O=C(C1CCN(c2ccncc2)CC1)N1CCN(S(=O)(=O)c2ccc3cc(Cl)ccc3c2)CC1,061,CHEMBL270527_1,O=C(C1CCN(c2ccncc2)CC1)N1CCN(S(=O)(=O)c2ccc3cc(Cl)ccc3c2)CC1,192
1ql9_1ql9_conf0,1ql9_1ql9_conf0.mol2,[H]c1nc([H])c([H])c(N2C([H])([H])C([H])([H])C([H])(C(=O)N3C([H])([H])C([H])([H])N(S(=O)(=O)c4c([H])c([H])c5c([H])c(Cl)c([H])c([H])c5c4[H])C([H])([H])C3([H])[H])C([H])([H])C2([H])[H])c1[H],[H]c1nc([H])c([H])c(N2C([H])([H])C([H])([H])C([H])(C(=O)N3C([H])([H])C([H])([H])N(S(=O)(=O)c4c([H])c([H])c5c([H])c(Cl)c([H])c([H])c5c4[H])C([H])([H])C3([H])[H])C([H])([H])C2([H])[H])c1[H],O=C(C1CCN(c2ccncc2)CC1)N1CCN(S(=O)(=O)c2ccc3cc(Cl)ccc3c2)CC1,O=C(C1CCN(c2ccncc2)CC1)N1CCN(S(=O)(=O)c2ccc3cc(Cl)ccc3c2)CC1,061,CHEMBL270527_1,O=C(C1CCN(c2ccncc2)CC1)N1CCN(S(=O)(=O)c2ccc3cc(Cl)ccc3c2)CC1,192
1qy1_1qy1_conf0,1qy1_1qy1_conf0.mol2,[H]c1nc(OC([H])([H])[H])c(C([H])([H])C([H])(C([H])([H])[H])C([H])([H])[H])nc1[H],[H]c1nc(OC([H])([H])[H])c(C([H])([H])C([H])(C([H])([H])[H])C([H])([H])[H])nc1[H],COc1nccnc1CC(C)C,COc1nccnc1CC(C)C,026,CHEMBL97355_0,COc1nccnc1CC(C)C,32
1qy2_1qy2_conf0,1qy2_1qy2_conf0.mol2,[H]c1nc(OC([H])([H])[H])c(C([H])(C([H])([H])[H])C([H])([H])[H])nc1[H],[H]c1nc(OC([H])([H])[H])c(C([H])(C([H])([H])[H])C([H])([H])[H])nc1[H],COc1nccnc1C(C)C,COc1nccnc1C(C)C,023,CHEMBL96852_0,COc1nccnc1C(C)C,4
1r9l_1r9l_conf0,1r9l_1r9l_conf0.mol2,[H]C([H])([H])[N+](C([H])([H])[H])(C([H])([H])[H])C([H])([H])C(=O)[O-],[H]C([H])([H])[N+](C([H])([H])[H])(C([H])([H])[H])C([H])([H])C(=O)[O-],C[N+](C)(C)CC(=O)[O-],C[N+](C)(C)CC(=O)[O-],019,CHEMBL95889_0,C[N+](C)(C)CC(=O)[O-],3
1rbp_1rbp_conf0,1rbp_1rbp_conf0.mol2,[H]OC([H])([H])/C([H])=C(/C([H])=C([H])/C([H])=C(/C([H])=C(\[H])C1=C(C([H])([H])[H])C([H])([H])C([H])([H])C([H])([H])C1(C([H])([H])[H])C([H])([H])[H])C([H])([H])[H])C([H])([H])[H],[H]OC([H])([H])C([H])=C(C([H])=C([H])C([H])=C(C([H])=C([H])C1=C(C([H])([H])[H])C([H])([H])C([H])([H])C([H])([H])C1(C([H])([H])[H])C([H])([H])[H])C([H])([H])[H])C([H])([H])[H],CC1=C(/C=C/C(C)=C/C=C/C(C)=C/CO)C(C)(C)CCC1,CC(C=CC1=C(C)CCCC1(C)C)=CC=CC(C)=CCO,051,CHEMBL986_0,CC1=C(/C=C/C(C)=C/C=C/C(C)=C/CO)C(C)(C)CCC1,180
1rd4_1rd4_conf0,1rd4_1rd4_conf0.mol2,[H]c1nc(N2C([H])([H])C([H])([H])N(C(=O)C([H])([H])[H])C([H])([H])C2([H])[H])c([H])c(-c2c([H])c([H])c(Sc3c([H])c([H])c([H])c([H])c3OC([H])([H])C([H])([H])[H])c([N+](=O)[O-])c2[H])c1[H],[H]c1nc(N2C([H])([H])C([H])([H])N(C(=O)C([H])([H])[H])C([H])([H])C2([H])[H])c([H])c(-c2c([H])c([H])c(Sc3c([H])c([H])c([H])c([H])c3OC([H])([H])C([H])([H])[H])c([N+](=O)[O-])c2[H])c1[H],CCOc1ccccc1Sc1ccc(-c2ccnc(N3CCN(C(C)=O)CC3)c2)cc1[N+](=O)[O-],CCOc1ccccc1Sc1ccc(-c2ccnc(N3CCN(C(C)=O)CC3)c2)cc1[N+](=O)[O-],060,CHEMBL1233907_0,CCOc1ccccc1Sc1ccc(-c2ccnc(N3CCN(C(C)=O)CC3)c2)cc1[N+](=O)[O-],189
1rmz_1rmz_conf0,1rmz_1rmz_conf0.mol2,[H]ON([H])C(=O)C([H])([H])N(C([H])([H])C([H])(C([H])([H])[H])C([H])([H])[H])S(=O)(=O)c1c([H])c([H])c(OC([H])([H])[H])c([H])c1[H],[H]ON([H])C(=O)C([H])([H])N(C([H])([H])C([H])(C([H])([H])[H])C([H])([H])[H])S(=O)(=O)c1c([H])c([H])c(OC([H])([H])[H])c([H])c1[H],COc1ccc(S(=O)(=O)N(CC(=O)NO)CC(C)C)cc1,COc1ccc(S(=O)(=O)N(CC(=O)NO)CC(C)C)cc1,041,CHEMBL311932_0,COc1ccc(S(=O)(=O)N(CC(=O)NO)CC(C)C)cc1,200
1ro6_1ro6_conf0,1ro6_1ro6_conf0.mol2,[H]c1c([H])c([C@@]2([H])C([H])([H])C(=O)N([H])C2([H])[H])c([H])c(OC2([H])C([H])([H])C([H])([H])C([H])([H])C2([H])[H])c1OC([H])([H])[H],[H]c1c([H])c(C2([H])C([H])([H])C(=O)N([H])C2([H])[H])c([H])c(OC2([H])C([H])([H])C([H])([H])C([H])([H])C2([H])[H])c1OC([H])([H])[H],COc1ccc([C@@H]2CNC(=O)C2)cc1OC1CCCC1,COc1ccc(C2CNC(=O)C2)cc1OC1CCCC1,041,CHEMBL63_0,COc1ccc([C@@H]2CNC(=O)C2)cc1OC1CCCC1,200
1rtf_1rtf_conf0,1rtf_1rtf_conf0.mol2,[H]c1c([H])c([H])c(C(N([H])[H])=[N+]([H])[H])c([H])c1[H],[H]c1c([H])c([H])c(C(N([H])[H])=[N+]([H])[H])c([H])c1[H],NC(=[NH2+])c1ccccc1,NC(=[NH2+])c1ccccc1,018,CHEMBL20936_0,NC(=[NH2+])c1ccccc1,1
1s39_1s39_conf0,1s39_1s39_conf0.mol2,[H]c1c([H])c([H])c2c(=O)n([H])c(N([H])[H])nc2c1[H],[H]c1c([H])c([H])c2c(=O)n([H])c(N([H])[H])nc2c1[H],Nc1nc2ccccc2c(=O)[nH]1,Nc1nc2ccccc2c(=O)[nH]1,019,CHEMBL6993_0,Nc1nc2ccccc2c(=O)[nH]1,1
1sqo_1sqo_conf0,1sqo_1sqo_conf0.mol2,[H]c1nc(N([H])c2c([H])c([H])c([H])c3c([H])c([H])c(C(N([H])[H])=[N+]([H])[H])c([H])c23)nc([H])c1[H],[H]c1nc(N([H])c2c([H])c([H])c([H])c3c([H])c([H])c(C(N([H])[H])=[N+]([H])[H])c([H])c23)nc([H])c1[H],NC(=[NH2+])c1ccc2cccc(Nc3ncccn3)c2c1,NC(=[NH2+])c1ccc2cccc(Nc3ncccn3)c2c1,034,CHEMBL103043_0,NC(=[NH2+])c1ccc2cccc(Nc3ncccn3)c2c1,15
1sv3_1sv3_conf0,1sv3_1sv3_conf0.mol2,[H]c1c([H])c(C(=O)[O-])c([H])c([H])c1OC([H])([H])[H],[H]c1c([H])c(C(=O)[O-])c([H])c([H])c1OC([H])([H])[H],COc1ccc(C(=O)[O-])cc1,COc1ccc(C(=O)[O-])cc1,018,CHEMBL21932_0,COc1ccc(C(=O)[O-])cc1,1
1sw2_1sw2_conf0,1sw2_1sw2_conf0.mol2,[H]C([H])([H])[N+](C([H])([H])[H])(C([H])([H])[H])C([H])([H])C(=O)[O-],[H]C([H])([H])[N+](C([H])([H])[H])(C([H])([H])[H])C([H])([H])C(=O)[O-],C[N+](C)(C)CC(=O)[O-],C[N+](C)(C)CC(=O)[O-],019,CHEMBL95889_0,C[N+](C)(C)CC(=O)[O-],3
1t4v_1t4v_conf0,1t4v_1t4v_conf0.mol2,[H]C([H])=C([H])C([H])([H])N(C(=O)c1c([H])c(Cl)c([H])c(OC([H])([H])C([H])([H])C([H])([H])ON([H])C(N([H])[H])=[N+]([H])[H])c1[H])C1([H])C([H])([H])C([H])([H])C([H])([H])C1([H])[H],[H]C([H])=C([H])C([H])([H])N(C(=O)c1c([H])c(Cl)c([H])c(OC([H])([H])C([H])([H])C([H])([H])ON([H])C(N([H])[H])=[N+]([H])[H])c1[H])C1([H])C([H])([H])C([H])([H])C([H])([H])C1([H])[H],C=CCN(C(=O)c1cc(Cl)cc(OCCCONC(N)=[NH2+])c1)C1CCCC1,C=CCN(C(=O)c1cc(Cl)cc(OCCCONC(N)=[NH2+])c1)C1CCCC1,055,CHEMBL123440_0,C=CCN(C(=O)c1cc(Cl)cc(OCCCONC(N)=[NH2+])c1)C1CCCC1,200
1td7_1td7_conf0,1td7_1td7_conf0.mol2,[H]c1nc(N([H])c2c([H])c([H])c([H])c(C(F)(F)F)c2[H])c(C(=O)[O-])c([H])c1[H],[H]c1nc(N([H])c2c([H])c([H])c([H])c(C(F)(F)F)c2[H])c(C(=O)[O-])c([H])c1[H],O=C([O-])c1cccnc1Nc1cccc(C(F)(F)F)c1,O=C([O-])c1cccnc1Nc1cccc(C(F)(F)F)c1,028,CHEMBL63323_0,O=C([O-])c1cccnc1Nc1cccc(C(F)(F)F)c1,98
1tkb_1tkb_conf0,1tkb_1tkb_conf0.mol2,[H]c1c(C([H])([H])[H])nc(N([H])[H])c(C([H])([H])[n+]2c([H])sc(C([H])([H])C([H])([H])O[P@](=O)([O-])OP(=O)([O-])[O-])c2C([H])([H])[H])c1[H],[H]c1c(C([H])([H])[H])nc(N([H])[H])c(C([H])([H])[n+]2c([H])sc(C([H])([H])C([H])([H])OP(=O)([O-])OP(=O)([O-])[O-])c2C([H])([H])[H])c1[H],Cc1ccc(C[n+]2csc(CCO[P@](=O)([O-])OP(=O)([O-])[O-])c2C)c(N)n1,Cc1ccc(C[n+]2csc(CCOP(=O)([O-])OP(=O)([O-])[O-])c2C)c(N)n1,043,CHEMBL401817_0,Cc1ccc(C[n+]2csc(CCO[P@](=O)([O-])OP(=O)([O-])[O-])c2C)c(N)n1,29
1tlp_1tlp_conf0,1tlp_1tlp_conf0.mol2,[H]O[C@@]1([H])[C@@]([H])(O[H])[C@]([H])(O[P@@](=O)([O-])N([H])[C@]([H])(C(=O)N([H])[C@]([H])(C(=O)[O-])C([H])([H])c2c([H])n([H])c3c([H])c([H])c([H])c([H])c23)C([H])([H])C([H])(C([H])([H])[H])C([H])([H])[H])O[C@@]([H])(C([H])([H])[H])[C@]1([H])O[H],[H]OC1([H])C([H])(OP(=O)([O-])N([H])C([H])(C(=O)N([H])C([H])(C(=O)[O-])C([H])([H])c2c([H])n([H])c3c([H])c([H])c([H])c([H])c23)C([H])([H])C([H])(C([H])([H])[H])C([H])([H])[H])OC([H])(C([H])([H])[H])C([H])(O[H])C1([H])O[H],CC(C)C[C@H](N[P@](=O)([O-])O[C@@H]1O[C@@H](C)[C@H](O)[C@@H](O)[C@H]1O)C(=O)N[C@@H](Cc1c[nH]c2ccccc12)C(=O)[O-],CC(C)CC(NP(=O)([O-])OC1OC(C)C(O)C(O)C1O)C(=O)NC(Cc1c[nH]c2ccccc12)C(=O)[O-],069,CHEMBL41289_0,CC(C)C[C@H](N[P@](=O)([O-])O[C@@H]1O[C@@H](C)[C@H](O)[C@@H](O)[C@H]1O)C(=O)N[C@@H](Cc1c[nH]c2ccccc12)C(=O)[O-],10951
1tng_1tng_conf0,1tng_1tng_conf0.mol2,[H]C1([H])C([H])([H])C([H])([H])C([H])(C([H])([H])[N+]([H])([H])[H])C([H])([H])C1([H])[H],[H]C1([H])C([H])([H])C([H])([H])C([H])(C([H])([H])[N+]([H])([H])[H])C([H])([H])C1([H])[H],[NH3+]CC1CCCCC1,[NH3+]CC1CCCCC1,024,CHEMBL1049_0,[NH3+]CC1CCCCC1,5
1tnh_1tnh_conf0,1tnh_1tnh_conf0.mol2,[H]c1c([H])c(C([H])([H])[N+]([H])([H])[H])c([H])c([H])c1F,[H]c1c([H])c(C([H])([H])[N+]([H])([H])[H])c([H])c([H])c1F,[NH3+]Cc1ccc(F)cc1,[NH3+]Cc1ccc(F)cc1,018,CHEMBL12392_0,[NH3+]Cc1ccc(F)cc1,1
1tni_1tni_conf0,1tni_1tni_conf0.mol2,[H]c1c([H])c([H])c(C([H])([H])C([H])([H])C([H])([H])C([H])([H])[N+]([H])([H])[H])c([H])c1[H],[H]c1c([H])c([H])c(C([H])([H])C([H])([H])C([H])([H])C([H])([H])[N+]([H])([H])[H])c([H])c1[H],[NH3+]CCCCc1ccccc1,[NH3+]CCCCc1ccccc1,027,CHEMBL79512_0,[NH3+]CCCCc1ccccc1,41
1ttm_1ttm_conf0,1ttm_1ttm_conf0.mol2,[H]c1c(OS(=O)(=O)N([H])[H])c([H])c2oc(=O)c3c(c2c1[H])C([H])([H])C([H])([H])C([H])([H])C([H])([H])C3([H])[H],[H]c1c(OS(=O)(=O)N([H])[H])c([H])c2oc(=O)c3c(c2c1[H])C([H])([H])C([H])([H])C([H])([H])C([H])([H])C3([H])[H],NS(=O)(=O)Oc1ccc2c3c(c(=O)oc2c1)CCCCC3,NS(=O)(=O)Oc1ccc2c3c(c(=O)oc2c1)CCCCC3,036,CHEMBL286738_0,NS(=O)(=O)Oc1ccc2c3c(c(=O)oc2c1)CCCCC3,200
1u1w_1u1w_conf0,1u1w_1u1w_conf0.mol2,[H]Oc1c([H])c([H])c([H])c(C(=O)[O-])c1N([H])[H],[H]Oc1c([H])c([H])c([H])c(C(=O)[O-])c1N([H])[H],Nc1c(O)cccc1C(=O)[O-],Nc1c(O)cccc1C(=O)[O-],017,CHEMBL445304_0,Nc1c(O)cccc1C(=O)[O-],4
1u71_1u71_conf0,1u71_1u71_conf0.mol2,[H]c1nc2nc(N([H])[H])nc(N([H])[H])c2c(C([H])([H])[H])c1C([H])([H])c1c([H])c(OC([H])([H])[H])c([H])c([H])c1OC([H])([H])[H],[H]c1nc2nc(N([H])[H])nc(N([H])[H])c2c(C([H])([H])[H])c1C([H])([H])c1c([H])c(OC([H])([H])[H])c([H])c([H])c1OC([H])([H])[H],COc1ccc(OC)c(Cc2cnc3nc(N)nc(N)c3c2C)c1,COc1ccc(OC)c(Cc2cnc3nc(N)nc(N)c3c2C)c1,043,CHEMBL7492_0,COc1ccc(OC)c(Cc2cnc3nc(N)nc(N)c3c2C)c1,200
1usn_1usn_conf0,1usn_1usn_conf0.mol2,[H]Sc1nnc(N([H])C(=O)N([H])[C@]([H])(C(=O)N([H])C([H])([H])[H])C([H])([H])c2c(F)c(F)c(F)c(F)c2F)s1,[H]Sc1nnc(N([H])C(=O)N([H])C([H])(C(=O)N([H])C([H])([H])[H])C([H])([H])c2c(F)c(F)c(F)c(F)c2F)s1,CNC(=O)[C@H](Cc1c(F)c(F)c(F)c(F)c1F)NC(=O)Nc1nnc(S)s1,CNC(=O)C(Cc1c(F)c(F)c(F)c(F)c1F)NC(=O)Nc1nnc(S)s1,037,CHEMBL114673_1,CNC(=O)[C@H](Cc1c(F)c(F)c(F)c(F)c1F)NC(=O)Nc1nnc(S)s1,188
1utj_1utj_conf0,1utj_1utj_conf0.mol2,[H]c1c([H])c([H])c(C([H])([H])[N+]([H])([H])[H])c([H])c1[H],[H]c1c([H])c([H])c(C([H])([H])[N+]([H])([H])[H])c([H])c1[H],[NH3+]Cc1ccccc1,[NH3+]Cc1ccccc1,018,CHEMBL522_0,[NH3+]Cc1ccccc1,1
1utm_1utm_conf0,1utm_1utm_conf0.mol2,[H]c1c([H])c([H])c(C([H])([H])C([H])([H])[N+]([H])([H])[H])c([H])c1[H],[H]c1c([H])c([H])c(C([H])([H])C([H])([H])[N+]([H])([H])[H])c([H])c1[H],[NH3+]CCc1ccccc1,[NH3+]CCc1ccccc1,021,CHEMBL610_0,[NH3+]CCc1ccccc1,7
1utn_1utn_conf0,1utn_1utn_conf0.mol2,[H]c1c([H])c([H])c(C([H])([H])[N+]([H])([H])[H])c([H])c1[H],[H]c1c([H])c([H])c(C([H])([H])[N+]([H])([H])[H])c([H])c1[H],[NH3+]Cc1ccccc1,[NH3+]Cc1ccccc1,018,CHEMBL522_0,[NH3+]Cc1ccccc1,1
1uv6_1uv6_conf0,1uv6_1uv6_conf0.mol2,[H]N([H])C(=O)OC([H])([H])C([H])([H])[N+](C([H])([H])[H])(C([H])([H])[H])C([H])([H])[H],[H]N([H])C(=O)OC([H])([H])C([H])([H])[N+](C([H])([H])[H])(C([H])([H])[H])C([H])([H])[H],C[N+](C)(C)CCOC(N)=O,C[N+](C)(C)CCOC(N)=O,025,CHEMBL14_0,C[N+](C)(C)CCOC(N)=O,37
1uvt_1uvt_conf0,1uvt_1uvt_conf0.mol2,[H]c1nc([H])c([H])c(N([H])C([H])([H])C([H])([H])Oc2c([H])c(N([H])S(=O)(=O)c3c([H])c([H])c([H])c([H])c3[H])c([H])c(C([H])([H])[H])c2[H])c1[H],[H]c1nc([H])c([H])c(N([H])C([H])([H])C([H])([H])Oc2c([H])c(N([H])S(=O)(=O)c3c([H])c([H])c([H])c([H])c3[H])c([H])c(C([H])([H])[H])c2[H])c1[H],Cc1cc(NS(=O)(=O)c2ccccc2)cc(OCCNc2ccncc2)c1,Cc1cc(NS(=O)(=O)c2ccccc2)cc(OCCNc2ccncc2)c1,048,CHEMBL24097_1,Cc1cc(NS(=O)(=O)c2ccccc2)cc(OCCNc2ccncc2)c1,200
1v11_1v11_conf0,1v11_1v11_conf0.mol2,[H]c1nc(C([H])([H])[H])nc(N([H])[H])c1C([H])([H])[n+]1c([H])sc(C([H])([H])C([H])([H])O[P@](=O)([O-])OP(=O)([O-])[O-])c1C([H])([H])[H],[H]c1nc(C([H])([H])[H])nc(N([H])[H])c1C([H])([H])[n+]1c([H])sc(C([H])([H])C([H])([H])OP(=O)([O-])OP(=O)([O-])[O-])c1C([H])([H])[H],Cc1ncc(C[n+]2csc(CCO[P@](=O)([O-])OP(=O)([O-])[O-])c2C)c(N)n1,Cc1ncc(C[n+]2csc(CCOP(=O)([O-])OP(=O)([O-])[O-])c2C)c(N)n1,042,CHEMBL1236235_0,Cc1ncc(C[n+]2csc(CCO[P@](=O)([O-])OP(=O)([O-])[O-])c2C)c(N)n1,15
1v16_1v16_conf0,1v16_1v16_conf0.mol2,[H]c1nc(C([H])([H])[H])nc(N([H])[H])c1C([H])([H])[n+]1c([H])sc(C([H])([H])C([H])([H])O[P@](=O)([O-])OP(=O)([O-])[O-])c1C([H])([H])[H],[H]c1nc(C([H])([H])[H])nc(N([H])[H])c1C([H])([H])[n+]1c([H])sc(C([H])([H])C([H])([H])OP(=O)([O-])OP(=O)([O-])[O-])c1C([H])([H])[H],Cc1ncc(C[n+]2csc(CCO[P@](=O)([O-])OP(=O)([O-])[O-])c2C)c(N)n1,Cc1ncc(C[n+]2csc(CCOP(=O)([O-])OP(=O)([O-])[O-])c2C)c(N)n1,042,CHEMBL1236235_0,Cc1ncc(C[n+]2csc(CCO[P@](=O)([O-])OP(=O)([O-])[O-])c2C)c(N)n1,15
1v1m_1v1m_conf0,1v1m_1v1m_conf0.mol2,[H]c1nc(C([H])([H])[H])nc(N([H])[H])c1C([H])([H])[n+]1c([H])sc(C([H])([H])C([H])([H])O[P@](=O)([O-])OP(=O)([O-])[O-])c1C([H])([H])[H],[H]c1nc(C([H])([H])[H])nc(N([H])[H])c1C([H])([H])[n+]1c([H])sc(C([H])([H])C([H])([H])OP(=O)([O-])OP(=O)([O-])[O-])c1C([H])([H])[H],Cc1ncc(C[n+]2csc(CCO[P@](=O)([O-])OP(=O)([O-])[O-])c2C)c(N)n1,Cc1ncc(C[n+]2csc(CCOP(=O)([O-])OP(=O)([O-])[O-])c2C)c(N)n1,042,CHEMBL1236235_0,Cc1ncc(C[n+]2csc(CCO[P@](=O)([O-])OP(=O)([O-])[O-])c2C)c(N)n1,15
1v2j_1v2j_conf0,1v2j_1v2j_conf0.mol2,[H]c1c([H])c([H])c(C(N([H])[H])=[N+]([H])[H])c([H])c1[H],[H]c1c([H])c([H])c(C(N([H])[H])=[N+]([H])[H])c([H])c1[H],NC(=[NH2+])c1ccccc1,NC(=[NH2+])c1ccccc1,018,CHEMBL20936_0,NC(=[NH2+])c1ccccc1,1
1v2k_1v2k_conf0,1v2k_1v2k_conf0.mol2,[H]c1nc([H])c([H])c(N2C([H])([H])C([H])([H])C([H])(C(=O)N3C([H])([H])C([H])([H])N(S(=O)(=O)c4c([H])c([H])c5c([H])c(Cl)c([H])c([H])c5c4[H])C([H])([H])C3([H])[H])C([H])([H])C2([H])[H])c1[H],[H]c1nc([H])c([H])c(N2C([H])([H])C([H])([H])C([H])(C(=O)N3C([H])([H])C([H])([H])N(S(=O)(=O)c4c([H])c([H])c5c([H])c(Cl)c([H])c([H])c5c4[H])C([H])([H])C3([H])[H])C([H])([H])C2([H])[H])c1[H],O=C(C1CCN(c2ccncc2)CC1)N1CCN(S(=O)(=O)c2ccc3cc(Cl)ccc3c2)CC1,O=C(C1CCN(c2ccncc2)CC1)N1CCN(S(=O)(=O)c2ccc3cc(Cl)ccc3c2)CC1,061,CHEMBL270527_1,O=C(C1CCN(c2ccncc2)CC1)N1CCN(S(=O)(=O)c2ccc3cc(Cl)ccc3c2)CC1,192
1v2l_1v2l_conf0,1v2l_1v2l_conf0.mol2,[H]c1c([H])c([H])c(C(N([H])[H])=[N+]([H])[H])c([H])c1[H],[H]c1c([H])c([H])c(C(N([H])[H])=[N+]([H])[H])c([H])c1[H],NC(=[NH2+])c1ccccc1,NC(=[NH2+])c1ccccc1,018,CHEMBL20936_0,NC(=[NH2+])c1ccccc1,1
1v2s_1v2s_conf0,1v2s_1v2s_conf0.mol2,[H]c1c([H])c([H])c(C(N([H])[H])=[N+]([H])[H])c([H])c1[H],[H]c1c([H])c([H])c(C(N([H])[H])=[N+]([H])[H])c([H])c1[H],NC(=[NH2+])c1ccccc1,NC(=[NH2+])c1ccccc1,018,CHEMBL20936_0,NC(=[NH2+])c1ccccc1,1
1v2u_1v2u_conf0,1v2u_1v2u_conf0.mol2,[H]c1c([H])c([H])c(C(N([H])[H])=[N+]([H])[H])c([H])c1[H],[H]c1c([H])c([H])c(C(N([H])[H])=[N+]([H])[H])c([H])c1[H],NC(=[NH2+])c1ccccc1,NC(=[NH2+])c1ccccc1,018,CHEMBL20936_0,NC(=[NH2+])c1ccccc1,1
1wht_1wht_conf0,1wht_1wht_conf0.mol2,[H]c1c([H])c([H])c(C([H])([H])[C@@]([H])(C(=O)[O-])C([H])([H])C(=O)[O-])c([H])c1[H],[H]c1c([H])c([H])c(C([H])([H])C([H])(C(=O)[O-])C([H])([H])C(=O)[O-])c([H])c1[H],O=C([O-])C[C@@H](Cc1ccccc1)C(=O)[O-],O=C([O-])CC(Cc1ccccc1)C(=O)[O-],025,CHEMBL151284_0,O=C([O-])C[C@@H](Cc1ccccc1)C(=O)[O-],59
1xbo_1xbo_conf0,1xbo_1xbo_conf0.mol2,[H]Oc1c([H])c([H])c([H])c(OC([H])([H])/C([H])=C(\[H])c2c([H])c([H])c([H])c(-c3onc(C(=O)[O-])c3C([H])([H])O[H])c2[H])c1C(=O)OC([H])([H])[H],[H]Oc1c([H])c([H])c([H])c(OC([H])([H])C([H])=C([H])c2c([H])c([H])c([H])c(-c3onc(C(=O)[O-])c3C([H])([H])O[H])c2[H])c1C(=O)OC([H])([H])[H],COC(=O)c1c(O)cccc1OC/C=C/c1cccc(-c2onc(C(=O)[O-])c2CO)c1,COC(=O)c1c(O)cccc1OCC=Cc1cccc(-c2onc(C(=O)[O-])c2CO)c1,049,CHEMBL184444_0,COC(=O)c1c(O)cccc1OC/C=C/c1cccc(-c2onc(C(=O)[O-])c2CO)c1,87
1xk9_1xk9_conf0,1xk9_1xk9_conf0.mol2,[H]c1c([H])c([H])c2c(c1[H])c(=O)n([H])c1c([H])c([H])c(N([H])C(=O)C([H])([H])[N+]([H])(C([H])([H])[H])C([H])([H])[H])c([H])c21,[H]c1c([H])c([H])c2c(c1[H])c(=O)n([H])c1c([H])c([H])c(N([H])C(=O)C([H])([H])[N+]([H])(C([H])([H])[H])C([H])([H])[H])c([H])c21,C[NH+](C)CC(=O)Nc1ccc2[nH]c(=O)c3ccccc3c2c1,C[NH+](C)CC(=O)Nc1ccc2[nH]c(=O)c3ccccc3c2c1,040,CHEMBL372303_0,C[NH+](C)CC(=O)Nc1ccc2[nH]c(=O)c3ccccc3c2c1,28
1xpz_1xpz_conf0,1xpz_1xpz_conf0.mol2,[H]c1c([H])c(N(n2c([H])nnc2[H])C([H])([H])c2c([H])c([H])c(OS(=O)(=O)N([H])[H])c([H])c2[H])c([H])c([H])c1C#N,[H]c1c([H])c(N(n2c([H])nnc2[H])C([H])([H])c2c([H])c([H])c(OS(=O)(=O)N([H])[H])c([H])c2[H])c([H])c([H])c1C#N,N#Cc1ccc(N(Cc2ccc(OS(N)(=O)=O)cc2)n2cnnc2)cc1,N#Cc1ccc(N(Cc2ccc(OS(N)(=O)=O)cc2)n2cnnc2)cc1,040,CHEMBL430879_0,N#Cc1ccc(N(Cc2ccc(OS(N)(=O)=O)cc2)n2cnnc2)cc1,200
1xq0_1xq0_conf0,1xq0_1xq0_conf0.mol2,[H]c1c([H])c(N(n2c([H])nnc2[H])C([H])([H])c2c([H])c([H])c(OS(=O)(=O)N([H])[H])c(Br)c2[H])c([H])c([H])c1C#N,[H]c1c([H])c(N(n2c([H])nnc2[H])C([H])([H])c2c([H])c([H])c(OS(=O)(=O)N([H])[H])c(Br)c2[H])c([H])c([H])c1C#N,N#Cc1ccc(N(Cc2ccc(OS(N)(=O)=O)c(Br)c2)n2cnnc2)cc1,N#Cc1ccc(N(Cc2ccc(OS(N)(=O)=O)c(Br)c2)n2cnnc2)cc1,040,CHEMBL108483_0,N#Cc1ccc(N(Cc2ccc(OS(N)(=O)=O)c(Br)c2)n2cnnc2)cc1,200
1xug_1xug_conf0,1xug_1xug_conf0.mol2,[H]c1c(C(N([H])[H])=[N+]([H])[H])c([H])c2c(nc(C([H])([H])c3nc4c([H])c([H])c(C(N([H])[H])=[N+]([H])[H])c([H])c4n3[H])n2[H])c1[H],[H]c1c(C(N([H])[H])=[N+]([H])[H])c([H])c2c(nc(C([H])([H])c3nc4c([H])c([H])c(C(N([H])[H])=[N+]([H])[H])c([H])c4n3[H])n2[H])c1[H],NC(=[NH2+])c1ccc2nc(Cc3nc4ccc(C(N)=[NH2+])cc4[nH]3)[nH]c2c1,NC(=[NH2+])c1ccc2nc(Cc3nc4ccc(C(N)=[NH2+])cc4[nH]3)[nH]c2c1,043,CHEMBL99951_0,NC(=[NH2+])c1ccc2nc(Cc3nc4ccc(C(N)=[NH2+])cc4[nH]3)[nH]c2c1,34
1y1z_1y1z_conf0,1y1z_1y1z_conf0.mol2,[H]C1([H])C([H])([H])C(C(=O)[O-])([N+]([H])([H])[H])C1([H])[H],[H]C1([H])C([H])([H])C(C(=O)[O-])([N+]([H])([H])[H])C1([H])[H],[NH3+]C1(C(=O)[O-])CCC1,[NH3+]C1(C(=O)[O-])CCC1,017,CHEMBL131244_0,[NH3+]C1(C(=O)[O-])CCC1,4
1y20_1y20_conf0,1y20_1y20_conf0.mol2,[H]C1([H])C([H])([H])C1(C(=O)[O-])[N+]([H])([H])[H],[H]C1([H])C([H])([H])C1(C(=O)[O-])[N+]([H])([H])[H],[NH3+]C1(C(=O)[O-])CC1,[NH3+]C1(C(=O)[O-])CC1,014,CHEMBL265325_0,[NH3+]C1(C(=O)[O-])CC1,2
1y6q_1y6q_conf0,1y6q_1y6q_conf0.mol2,[H]O[C@@]1([H])C([H])([H])[N@+]([H])(C([H])([H])c2c([H])n([H])c3c(N([H])[H])nc([H])nc23)C([H])([H])[C@]1([H])C([H])([H])SC([H])([H])[H],[H]OC1([H])C([H])(C([H])([H])SC([H])([H])[H])C([H])([H])[N+]([H])(C([H])([H])c2c([H])n([H])c3c(N([H])[H])nc([H])nc23)C1([H])[H],CSC[C@H]1C[N@@H+](Cc2c[nH]c3c(N)ncnc23)C[C@@H]1O,CSCC1C[NH+](Cc2c[nH]c3c(N)ncnc23)CC1O,040,CHEMBL188375_0,CSC[C@H]1C[N@@H+](Cc2c[nH]c3c(N)ncnc23)C[C@@H]1O,800
1yda_1yda_conf0,1yda_1yda_conf0.mol2,[H]N(C(=O)C([H])([H])[H])c1nnc(S(=O)(=O)N([H])[H])s1,[H]N(C(=O)C([H])([H])[H])c1nnc(S(=O)(=O)N([H])[H])s1,CC(=O)Nc1nnc(S(N)(=O)=O)s1,CC(=O)Nc1nnc(S(N)(=O)=O)s1,019,CHEMBL20_0,CC(=O)Nc1nnc(S(N)(=O)=O)s1,7
1ydb_1ydb_conf0,1ydb_1ydb_conf0.mol2,[H]N(C(=O)C([H])([H])[H])c1nnc(S(=O)(=O)N([H])[H])s1,[H]N(C(=O)C([H])([H])[H])c1nnc(S(=O)(=O)N([H])[H])s1,CC(=O)Nc1nnc(S(N)(=O)=O)s1,CC(=O)Nc1nnc(S(N)(=O)=O)s1,019,CHEMBL20_0,CC(=O)Nc1nnc(S(N)(=O)=O)s1,7
1ydd_1ydd_conf0,1ydd_1ydd_conf0.mol2,[H]N(C(=O)C([H])([H])[H])c1nnc(S(=O)(=O)N([H])[H])s1,[H]N(C(=O)C([H])([H])[H])c1nnc(S(=O)(=O)N([H])[H])s1,CC(=O)Nc1nnc(S(N)(=O)=O)s1,CC(=O)Nc1nnc(S(N)(=O)=O)s1,019,CHEMBL20_0,CC(=O)Nc1nnc(S(N)(=O)=O)s1,7
1yds_1yds_conf0,1yds_1yds_conf0.mol2,[H]c1nc([H])c2c([H])c([H])c([H])c(S(=O)(=O)N([H])C([H])([H])C([H])([H])[N+]([H])([H])C([H])([H])[H])c2c1[H],[H]c1nc([H])c2c([H])c([H])c([H])c(S(=O)(=O)N([H])C([H])([H])C([H])([H])[N+]([H])([H])C([H])([H])[H])c2c1[H],C[NH2+]CCNS(=O)(=O)c1cccc2cnccc12,C[NH2+]CCNS(=O)(=O)c1cccc2cnccc12,034,CHEMBL148333_0,C[NH2+]CCNS(=O)(=O)c1cccc2cnccc12,140
1z9y_1z9y_conf0,1z9y_1z9y_conf0.mol2,[H]c1oc(C([H])([H])N([H])c2c([H])c(Cl)c(S(=O)(=O)N([H])[H])c([H])c2C(=O)[O-])c([H])c1[H],[H]c1oc(C([H])([H])N([H])c2c([H])c(Cl)c(S(=O)(=O)N([H])[H])c([H])c2C(=O)[O-])c([H])c1[H],NS(=O)(=O)c1cc(C(=O)[O-])c(NCc2ccco2)cc1Cl,NS(=O)(=O)c1cc(C(=O)[O-])c(NCc2ccco2)cc1Cl,031,CHEMBL35_0,NS(=O)(=O)c1cc(C(=O)[O-])c(NCc2ccco2)cc1Cl,200
1zc9_1zc9_conf0,1zc9_1zc9_conf0.mol2,[H]Oc1c(C([H])([H])[H])nc([H])c(C([H])([H])OP(=O)([O-])[O-])c1C([H])([H])[N+]([H])([H])[H],[H]Oc1c(C([H])([H])[H])nc([H])c(C([H])([H])OP(=O)([O-])[O-])c1C([H])([H])[N+]([H])([H])[H],Cc1ncc(COP(=O)([O-])[O-])c(C[NH3+])c1O,Cc1ncc(COP(=O)([O-])[O-])c(C[NH3+])c1O,028,CHEMBL1235353_0,Cc1ncc(COP(=O)([O-])[O-])c(C[NH3+])c1O,1
1zdp_1zdp_conf0,1zdp_1zdp_conf0.mol2,[H]SC([H])([H])[C@]([H])(C(=O)N([H])C([H])([H])C(=O)[O-])C([H])([H])c1c([H])c([H])c([H])c([H])c1[H],[H]SC([H])([H])C([H])(C(=O)N([H])C([H])([H])C(=O)[O-])C([H])([H])c1c([H])c([H])c([H])c([H])c1[H],O=C([O-])CNC(=O)[C@@H](CS)Cc1ccccc1,O=C([O-])CNC(=O)C(CS)Cc1ccccc1,031,CHEMBL10247_0,O=C([O-])CNC(=O)[C@@H](CS)Cc1ccccc1,200
1zfq_1zfq_conf0,1zfq_1zfq_conf0.mol2,[H]Oc1c([H])c([H])c2nc(S(=O)(=O)N([H])[H])sc2c1[H],[H]Oc1c([H])c([H])c2nc(S(=O)(=O)N([H])[H])sc2c1[H],NS(=O)(=O)c1nc2ccc(O)cc2s1,NS(=O)(=O)c1nc2ccc(O)cc2s1,020,CHEMBL6685_0,NS(=O)(=O)c1nc2ccc(O)cc2s1,8
1zge_1zge_conf0,1zge_1zge_conf0.mol2,[H]c1c(Cl)c(N([H])[H])c(Cl)c([H])c1S(=O)(=O)N([H])[H],[H]c1c(Cl)c(N([H])[H])c(Cl)c([H])c1S(=O)(=O)N([H])[H],Nc1c(Cl)cc(S(N)(=O)=O)cc1Cl,Nc1c(Cl)cc(S(N)(=O)=O)cc1Cl,019,CHEMBL70020_0,Nc1c(Cl)cc(S(N)(=O)=O)cc1Cl,2
1zoe_1zoe_conf0,1zoe_1zoe_conf0.mol2,[H]n1c(N(C([H])([H])[H])C([H])([H])[H])nc2c(Br)c(Br)c(Br)c(Br)c21,[H]n1c(N(C([H])([H])[H])C([H])([H])[H])nc2c(Br)c(Br)c(Br)c(Br)c21,CN(C)c1nc2c(Br)c(Br)c(Br)c(Br)c2[nH]1,CN(C)c1nc2c(Br)c(Br)c(Br)c(Br)c2[nH]1,023,CHEMBL376505_0,CN(C)c1nc2c(Br)c(Br)c(Br)c(Br)c2[nH]1,3
1zog_1zog_conf0,1zog_1zog_conf0.mol2,[H]n1c(SC([H])([H])[H])nc2c(Br)c(Br)c(Br)c(Br)c21,[H]n1c(SC([H])([H])[H])nc2c(Br)c(Br)c(Br)c(Br)c21,CSc1nc2c(Br)c(Br)c(Br)c(Br)c2[nH]1,CSc1nc2c(Br)c(Br)c(Br)c(Br)c2[nH]1,019,CHEMBL222476_0,CSc1nc2c(Br)c(Br)c(Br)c(Br)c2[nH]1,3
2afw_2afw_conf0,2afw_2afw_conf0.mol2,[H]c1nc(C([H])([H])C([H])([H])N([H])C(=O)C([H])([H])[H])c([H])n1[H],[H]c1nc(C([H])([H])C([H])([H])N([H])C(=O)C([H])([H])[H])c([H])n1[H],CC(=O)NCCc1c[nH]cn1,CC(=O)NCCc1c[nH]cn1,022,CHEMBL1230893_0,CC(=O)NCCc1c[nH]cn1,39
2afx_2afx_conf0,2afx_2afx_conf0.mol2,[H]c1nc([H])n(C([H])([H])c2c([H])c([H])c([H])c([H])c2[H])c1[H],[H]c1nc([H])n(C([H])([H])c2c([H])c([H])c([H])c([H])c2[H])c1[H],c1ccc(Cn2ccnc2)cc1,c1ccc(Cn2ccnc2)cc1,022,CHEMBL14192_0,c1ccc(Cn2ccnc2)cc1,18
2aj8_2aj8_conf0,2aj8_2aj8_conf0.mol2,[H]c1c([H])c([H])c(C([H])([H])n2c(N3C([H])([H])C([H])([H])[N+]([H])([H])C([H])([H])C3([H])[H])nc3c2c(=O)n(C([H])([H])[H])c(=O)n3C([H])([H])[H])c([H])c1[H],[H]c1c([H])c([H])c(C([H])([H])n2c(N3C([H])([H])C([H])([H])[N+]([H])([H])C([H])([H])C3([H])[H])nc3c2c(=O)n(C([H])([H])[H])c(=O)n3C([H])([H])[H])c([H])c1[H],Cn1c(=O)c2c(nc(N3CC[NH2+]CC3)n2Cc2ccccc2)n(C)c1=O,Cn1c(=O)c2c(nc(N3CC[NH2+]CC3)n2Cc2ccccc2)n(C)c1=O,049,CHEMBL235134_0,Cn1c(=O)c2c(nc(N3CC[NH2+]CC3)n2Cc2ccccc2)n(C)c1=O,31
2ans_2ans_conf0,2ans_2ans_conf0.mol2,[H]c1c([H])c([H])c(N([H])c2c([H])c([H])c([H])c3c([H])c([H])c([H])c(S(=O)(=O)[O-])c23)c([H])c1[H],[H]c1c([H])c([H])c(N([H])c2c([H])c([H])c([H])c3c([H])c([H])c([H])c(S(=O)(=O)[O-])c23)c([H])c1[H],O=S(=O)([O-])c1cccc2cccc(Nc3ccccc3)c12,O=S(=O)([O-])c1cccc2cccc(Nc3ccccc3)c12,033,CHEMBL285527_0,O=S(=O)([O-])c1cccc2cccc(Nc3ccccc3)c12,7
2ax9_2ax9_conf0,2ax9_2ax9_conf0.mol2,[H]O[C@@](C(=O)N([H])c1c([H])c([H])c([N+](=O)[O-])c(C(F)(F)F)c1[H])(C([H])([H])[H])C([H])([H])Br,[H]OC(C(=O)N([H])c1c([H])c([H])c([N+](=O)[O-])c(C(F)(F)F)c1[H])(C([H])([H])[H])C([H])([H])Br,C[C@](O)(CBr)C(=O)Nc1ccc([N+](=O)[O-])c(C(F)(F)F)c1,CC(O)(CBr)C(=O)Nc1ccc([N+](=O)[O-])c(C(F)(F)F)c1,031,CHEMBL48159_0,C[C@](O)(CBr)C(=O)Nc1ccc([N+](=O)[O-])c(C(F)(F)F)c1,200
2ayr_2ayr_conf0,2ayr_2ayr_conf0.mol2,[H]Oc1c([H])c([H])c2c(Oc3c([H])c([H])c(OC([H])([H])C([H])([H])[N+]4([H])C([H])([H])C([H])([H])C([H])([H])C([H])([H])C4([H])[H])c([H])c3[H])c(-c3c([H])c([H])c(S(=O)(=O)C([H])([H])[H])c([H])c3[H])c([H])c([H])c2c1[H],[H]Oc1c([H])c([H])c2c(Oc3c([H])c([H])c(OC([H])([H])C([H])([H])[N+]4([H])C([H])([H])C([H])([H])C([H])([H])C([H])([H])C4([H])[H])c([H])c3[H])c(-c3c([H])c([H])c(S(=O)(=O)C([H])([H])[H])c([H])c3[H])c([H])c([H])c2c1[H],CS(=O)(=O)c1ccc(-c2ccc3cc(O)ccc3c2Oc2ccc(OCC[NH+]3CCCCC3)cc2)cc1,CS(=O)(=O)c1ccc(-c2ccc3cc(O)ccc3c2Oc2ccc(OCC[NH+]3CCCCC3)cc2)cc1,069,CHEMBL243789_0,CS(=O)(=O)c1ccc(-c2ccc3cc(O)ccc3c2Oc2ccc(OCC[NH+]3CCCCC3)cc2)cc1,200
2b4l_2b4l_conf0,2b4l_2b4l_conf0.mol2,[H]C([H])([H])[N+](C([H])([H])[H])(C([H])([H])[H])C([H])([H])C(=O)[O-],[H]C([H])([H])[N+](C([H])([H])[H])(C([H])([H])[H])C([H])([H])C(=O)[O-],C[N+](C)(C)CC(=O)[O-],C[N+](C)(C)CC(=O)[O-],019,CHEMBL95889_0,C[N+](C)(C)CC(=O)[O-],3
2b9a_2b9a_conf0,2b9a_2b9a_conf0.mol2,[H]c1c(F)c([H])c(-c2c([H])c([H])c(C(=O)[O-])c([H])c2[H])c([H])c1F,[H]c1c(F)c([H])c(-c2c([H])c([H])c(C(=O)[O-])c([H])c2[H])c([H])c1F,O=C([O-])c1ccc(-c2cc(F)cc(F)c2)cc1,O=C([O-])c1ccc(-c2cc(F)cc(F)c2)cc1,024,CHEMBL432234_0,O=C([O-])c1ccc(-c2cc(F)cc(F)c2)cc1,2
2baj_2baj_conf0,2baj_2baj_conf0.mol2,[H]c1c([H])c([H])c(-n2nc(C(C([H])([H])[H])(C([H])([H])[H])C([H])([H])[H])c([H])c2N([H])C(=O)N([H])c2c([H])c([H])c([H])c(Cl)c2Cl)c([H])c1[H],[H]c1c([H])c([H])c(-n2nc(C(C([H])([H])[H])(C([H])([H])[H])C([H])([H])[H])c([H])c2N([H])C(=O)N([H])c2c([H])c([H])c([H])c(Cl)c2Cl)c([H])c1[H],CC(C)(C)c1cc(NC(=O)Nc2cccc(Cl)c2Cl)n(-c2ccccc2)n1,CC(C)(C)c1cc(NC(=O)Nc2cccc(Cl)c2Cl)n(-c2ccccc2)n1,047,CHEMBL63071_0,CC(C)(C)c1cc(NC(=O)Nc2cccc(Cl)c2Cl)n(-c2ccccc2)n1,35
2bak_2bak_conf0,2bak_2bak_conf0.mol2,[H]c1nc(N([H])c2c([H])c(N([H])C(=O)c3c([H])c([H])nc(N4C([H])([H])C([H])([H])OC([H])([H])C4([H])[H])c3[H])c([H])c([H])c2C([H])([H])[H])c2c([H])c(OC([H])([H])C([H])([H])[N+]3([H])C([H])([H])C([H])([H])C([H])([H])C3([H])[H])c(OC([H])([H])[H])c([H])c2n1,[H]c1nc(N([H])c2c([H])c(N([H])C(=O)c3c([H])c([H])nc(N4C([H])([H])C([H])([H])OC([H])([H])C4([H])[H])c3[H])c([H])c([H])c2C([H])([H])[H])c2c([H])c(OC([H])([H])C([H])([H])[N+]3([H])C([H])([H])C([H])([H])C([H])([H])C3([H])[H])c(OC([H])([H])[H])c([H])c2n1,COc1cc2ncnc(Nc3cc(NC(=O)c4ccnc(N5CCOCC5)c4)ccc3C)c2cc1OCC[NH+]1CCCC1,COc1cc2ncnc(Nc3cc(NC(=O)c4ccnc(N5CCOCC5)c4)ccc3C)c2cc1OCC[NH+]1CCCC1,081,CHEMBL184659_0,COc1cc2ncnc(Nc3cc(NC(=O)c4ccnc(N5CCOCC5)c4)ccc3C)c2cc1OCC[NH+]1CCCC1,184
2bo4_2bo4_conf0,2bo4_2bo4_conf0.mol2,[H]OC(C(=O)[O-])(C([H])([H])C(=O)[O-])C([H])([H])C(=O)[O-],[H]OC(C(=O)[O-])(C([H])([H])C(=O)[O-])C([H])([H])C(=O)[O-],O=C([O-])CC(O)(CC(=O)[O-])C(=O)[O-],O=C([O-])CC(O)(CC(=O)[O-])C(=O)[O-],018,CHEMBL4303212_0,O=C([O-])CC(O)(CC(=O)[O-])C(=O)[O-],23
2brm_2brm_conf0,2brm_2brm_conf0.mol2,[H]OC([H])([H])C([H])([H])N([H])c1nc([H])nc2c1c(-c1c([H])c([H])c([H])c([H])c1[H])c(-c1c([H])c([H])c([H])c([H])c1[H])n2[H],[H]OC([H])([H])C([H])([H])N([H])c1nc([H])nc2c1c(-c1c([H])c([H])c([H])c([H])c1[H])c(-c1c([H])c([H])c([H])c([H])c1[H])n2[H],OCCNc1ncnc2[nH]c(-c3ccccc3)c(-c3ccccc3)c12,OCCNc1ncnc2[nH]c(-c3ccccc3)c(-c3ccccc3)c12,043,CHEMBL366312_0,OCCNc1ncnc2[nH]c(-c3ccccc3)c(-c3ccccc3)c12,199
2buv_2buv_conf0,2buv_2buv_conf0.mol2,[H]Oc1c([H])c([H])c(C(=O)[O-])c([H])c1O[H],[H]Oc1c([H])c([H])c(C(=O)[O-])c([H])c1O[H],O=C([O-])c1ccc(O)c(O)c1,O=C([O-])c1ccc(O)c(O)c1,016,CHEMBL37537_0,O=C([O-])c1ccc(O)c(O)c1,4
2bza_2bza_conf0,2bza_2bza_conf0.mol2,[H]c1c([H])c([H])c(C([H])([H])[N+]([H])([H])[H])c([H])c1[H],[H]c1c([H])c([H])c(C([H])([H])[N+]([H])([H])[H])c([H])c1[H],[NH3+]Cc1ccccc1,[NH3+]Cc1ccccc1,018,CHEMBL522_0,[NH3+]Cc1ccccc1,1
2c1p_2c1p_conf0,2c1p_2c1p_conf0.mol2,[H]O[C@]([H])(C([H])([H])c1c([H])c([H])c(F)c([H])c1[H])[C@]([H])(c1c([H])c([H])c(C#N)c([H])c1[H])n1nc([H])nc1[H],[H]OC([H])(C([H])([H])c1c([H])c([H])c(F)c([H])c1[H])C([H])(c1c([H])c([H])c(C#N)c([H])c1[H])n1nc([H])nc1[H],N#Cc1ccc([C@@H]([C@H](O)Cc2ccc(F)cc2)n2cncn2)cc1,N#Cc1ccc(C(C(O)Cc2ccc(F)cc2)n2cncn2)cc1,039,CHEMBL2218882_0,N#Cc1ccc([C@@H]([C@H](O)Cc2ccc(F)cc2)n2cncn2)cc1,161
2c97_2c97_conf0,2c97_2c97_conf0.mol2,[H]n1c(Cl)c(C([H])([H])C([H])([H])C([H])([H])C([H])([H])OP(=O)([O-])[O-])c(=O)n([H])c1=O,[H]n1c(Cl)c(C([H])([H])C([H])([H])C([H])([H])C([H])([H])OP(=O)([O-])[O-])c(=O)n([H])c1=O,O=c1[nH]c(Cl)c(CCCCOP(=O)([O-])[O-])c(=O)[nH]1,O=c1[nH]c(Cl)c(CCCCOP(=O)([O-])[O-])c(=O)[nH]1,028,CHEMBL500082_0,O=c1[nH]c(Cl)c(CCCCOP(=O)([O-])[O-])c(=O)[nH]1,10
2cc7_2cc7_conf0,2cc7_2cc7_conf0.mol2,[H]c1c(C([H])([H])[H])c(C([H])([H])[H])c([H])c2nc3c(nc12)c(=O)n([H])c(=O)n3[H],[H]c1c(C([H])([H])[H])c(C([H])([H])[H])c([H])c2nc3c(nc12)c(=O)n([H])c(=O)n3[H],Cc1cc2nc3[nH]c(=O)[nH]c(=O)c3nc2cc1C,Cc1cc2nc3[nH]c(=O)[nH]c(=O)c3nc2cc1C,028,CHEMBL1234101_0,Cc1cc2nc3[nH]c(=O)[nH]c(=O)c3nc2cc1C,1
2cgr_2cgr_conf0,2cgr_2cgr_conf0.mol2,[H]c1c([H])c([H])c(C([H])(c2c([H])c([H])c([H])c([H])c2[H])N([H])/C(N([H])c2c([H])c([H])c(C#N)c([H])c2[H])=[N+](\[H])C([H])([H])C(=O)[O-])c([H])c1[H],[H]c1c([H])c([H])c(C([H])(c2c([H])c([H])c([H])c([H])c2[H])N([H])C(N([H])c2c([H])c([H])c(C#N)c([H])c2[H])=[N+]([H])C([H])([H])C(=O)[O-])c([H])c1[H],N#Cc1ccc(N/C(NC(c2ccccc2)c2ccccc2)=[NH+]\CC(=O)[O-])cc1,N#Cc1ccc(NC(NC(c2ccccc2)c2ccccc2)=[NH+]CC(=O)[O-])cc1,049,CHEMBL170077_0,N#Cc1ccc(N/C(NC(c2ccccc2)c2ccccc2)=[NH+]\CC(=O)[O-])cc1,196
2csn_2csn_conf0,2csn_2csn_conf0.mol2,[H]c1nc([H])c2c(S(=O)(=O)N([H])C([H])([H])C([H])([H])[N+]([H])([H])[H])c([H])c([H])c(Cl)c2c1[H],[H]c1nc([H])c2c(S(=O)(=O)N([H])C([H])([H])C([H])([H])[N+]([H])([H])[H])c([H])c([H])c(Cl)c2c1[H],[NH3+]CCNS(=O)(=O)c1ccc(Cl)c2ccncc12,[NH3+]CCNS(=O)(=O)c1ccc(Cl)c2ccncc12,031,CHEMBL489157_0,[NH3+]CCNS(=O)(=O)c1ccc(Cl)c2ccncc12,66
2dri_2dri_conf0,2dri_2dri_conf0.mol2,[H]O[C@]1([H])OC([H])([H])[C@@]([H])(O[H])[C@@]([H])(O[H])[C@@]1([H])O[H],[H]OC1([H])OC([H])([H])C([H])(O[H])C([H])(O[H])C1([H])O[H],O[C@@H]1[C@H](O)[C@H](O)CO[C@H]1O,OC1COC(O)C(O)C1O,020,CHEMBL14343_0,O[C@@H]1[C@H](O)[C@H](O)CO[C@H]1O,1189
2dw7_2dw7_conf0,2dw7_2dw7_conf0.mol2,[H]O[C@@]([H])(C(=O)[O-])[C@]([H])(O[H])C(=O)[O-],[H]OC([H])(C(=O)[O-])C([H])(O[H])C(=O)[O-],O=C([O-])[C@@H](O)[C@@H](O)C(=O)[O-],O=C([O-])C(O)C(O)C(=O)[O-],014,CHEMBL225983_0,O=C([O-])[C@@H](O)[C@@H](O)C(=O)[O-],114
2e2r_2e2r_conf0,2e2r_2e2r_conf0.mol2,[H]Oc1c([H])c([H])c(C(c2c([H])c([H])c(O[H])c([H])c2[H])(C([H])([H])[H])C([H])([H])[H])c([H])c1[H],[H]Oc1c([H])c([H])c(C(c2c([H])c([H])c(O[H])c([H])c2[H])(C([H])([H])[H])C([H])([H])[H])c([H])c1[H],CC(C)(c1ccc(O)cc1)c1ccc(O)cc1,CC(C)(c1ccc(O)cc1)c1ccc(O)cc1,033,CHEMBL418971_0,CC(C)(c1ccc(O)cc1)c1ccc(O)cc1,21
2exm_2exm_conf0,2exm_2exm_conf0.mol2,[H]C(=C(C([H])([H])[H])C([H])([H])[H])C([H])([H])N([H])c1nc([H])nc2c1nc([H])n2[H],[H]C(=C(C([H])([H])[H])C([H])([H])[H])C([H])([H])N([H])c1nc([H])nc2c1nc([H])n2[H],CC(C)=CCNc1ncnc2[nH]cnc12,CC(C)=CCNc1ncnc2[nH]cnc12,028,CHEMBL476189_0,CC(C)=CCNc1ncnc2[nH]cnc12,107
2ez7_2ez7_conf0,2ez7_2ez7_conf0.mol2,[H]c1nc(C([H])([H])[C@]([H])(C(=O)[O-])[N+]([H])([H])[H])c([H])n1[H],[H]c1nc(C([H])([H])C([H])(C(=O)[O-])[N+]([H])([H])[H])c([H])n1[H],[NH3+][C@H](Cc1c[nH]cn1)C(=O)[O-],[NH3+]C(Cc1c[nH]cn1)C(=O)[O-],020,CHEMBL17962_0,[NH3+][C@H](Cc1c[nH]cn1)C(=O)[O-],33
2f7i_2f7i_conf0,2f7i_2f7i_conf0.mol2,[H]c1c([H])c(F)c(-c2c([H])c([H])c(C(=O)[O-])c([H])c2[H])c(F)c1[H],[H]c1c([H])c(F)c(-c2c([H])c([H])c(C(=O)[O-])c([H])c2[H])c(F)c1[H],O=C([O-])c1ccc(-c2c(F)cccc2F)cc1,O=C([O-])c1ccc(-c2c(F)cccc2F)cc1,024,CHEMBL122055_0,O=C([O-])c1ccc(-c2c(F)cccc2F)cc1,5
2fpz_2fpz_conf0,2fpz_2fpz_conf0.mol2,[H]c1c([H])c([H])c2c(nc(N([H])[H])n2[H])c1[H],[H]c1c([H])c([H])c2c(nc(N([H])[H])n2[H])c1[H],Nc1nc2ccccc2[nH]1,Nc1nc2ccccc2[nH]1,017,CHEMBL305513_0,Nc1nc2ccccc2[nH]1,1
2fw6_2fw6_conf0,2fw6_2fw6_conf0.mol2,[H]OC(C(=O)[O-])(C([H])([H])C(=O)[O-])C([H])([H])C(=O)[O-],[H]OC(C(=O)[O-])(C([H])([H])C(=O)[O-])C([H])([H])C(=O)[O-],O=C([O-])CC(O)(CC(=O)[O-])C(=O)[O-],O=C([O-])CC(O)(CC(=O)[O-])C(=O)[O-],018,CHEMBL4303212_0,O=C([O-])CC(O)(CC(=O)[O-])C(=O)[O-],23
2fx6_2fx6_conf0,2fx6_2fx6_conf0.mol2,[H]c1c([H])c([H])c2c(nc(N([H])[H])n2[H])c1[H],[H]c1c([H])c([H])c2c(nc(N([H])[H])n2[H])c1[H],Nc1nc2ccccc2[nH]1,Nc1nc2ccccc2[nH]1,017,CHEMBL305513_0,Nc1nc2ccccc2[nH]1,1
2g5u_2g5u_conf0,2g5u_2g5u_conf0.mol2,[H]Oc1c(Cl)c([H])c(-c2c([H])c(Cl)c(O[H])c(Cl)c2[H])c([H])c1Cl,[H]Oc1c(Cl)c([H])c(-c2c([H])c(Cl)c(O[H])c(Cl)c2[H])c([H])c1Cl,Oc1c(Cl)cc(-c2cc(Cl)c(O)c(Cl)c2)cc1Cl,Oc1c(Cl)cc(-c2cc(Cl)c(O)c(Cl)c2)cc1Cl,024,CHEMBL83116_1,Oc1c(Cl)cc(-c2cc(Cl)c(O)c(Cl)c2)cc1Cl,4
2gkl_2gkl_conf0,2gkl_2gkl_conf0.mol2,[H]c1nc(C(=O)[O-])c([H])c(C(=O)[O-])c1[H],[H]c1nc(C(=O)[O-])c([H])c(C(=O)[O-])c1[H],O=C([O-])c1ccnc(C(=O)[O-])c1,O=C([O-])c1ccnc(C(=O)[O-])c1,015,CHEMBL316034_0,O=C([O-])c1ccnc(C(=O)[O-])c1,1
2glp_2glp_conf0,2glp_2glp_conf0.mol2,[H]Oc1c(Br)c([H])c(/C([H])=N/N([H])C(=O)c2c([H])nc([H])c([H])c2[H])c(O[H])c1Br,[H]Oc1c(Br)c([H])c(C([H])=NN([H])C(=O)c2c([H])nc([H])c([H])c2[H])c(O[H])c1Br,O=C(N/N=C/c1cc(Br)c(O)c(Br)c1O)c1cccnc1,O=C(NN=Cc1cc(Br)c(O)c(Br)c1O)c1cccnc1,030,CHEMBL514988_1,O=C(N/N=C/c1cc(Br)c(O)c(Br)c1O)c1cccnc1,104
2gvj_2gvj_conf0,2gvj_2gvj_conf0.mol2,[H]/C(C(=O)N([H])C([H])([H])C([H])([H])C([H])([H])C([H])([H])C1([H])C([H])([H])C([H])([H])N(C(=O)c2c([H])c([H])c([H])c([H])c2[H])C([H])([H])C1([H])[H])=C(/[H])c1c([H])nc([H])c([H])c1[H],[H]C(C(=O)N([H])C([H])([H])C([H])([H])C([H])([H])C([H])([H])C1([H])C([H])([H])C([H])([H])N(C(=O)c2c([H])c([H])c([H])c([H])c2[H])C([H])([H])C1([H])[H])=C([H])c1c([H])nc([H])c([H])c1[H],O=C(/C=C/c1cccnc1)NCCCCC1CCN(C(=O)c2ccccc2)CC1,O=C(C=Cc1cccnc1)NCCCCC1CCN(C(=O)c2ccccc2)CC1,058,CHEMBL566757_0,O=C(/C=C/c1cccnc1)NCCCCC1CCN(C(=O)c2ccccc2)CC1,200
2h4g_2h4g_conf0,2h4g_2h4g_conf0.mol2,[H]Oc1c([H])c([H])c(-c2sc(C(=O)[O-])c(OC([H])([H])C(=O)[O-])c2Br)c([H])c1[H],[H]Oc1c([H])c([H])c(-c2sc(C(=O)[O-])c(OC([H])([H])C(=O)[O-])c2Br)c([H])c1[H],O=C([O-])COc1c(C(=O)[O-])sc(-c2ccc(O)cc2)c1Br,O=C([O-])COc1c(C(=O)[O-])sc(-c2ccc(O)cc2)c1Br,028,CHEMBL214502_0,O=C([O-])COc1c(C(=O)[O-])sc(-c2ccc(O)cc2)c1Br,200
2h4k_2h4k_conf0,2h4k_2h4k_conf0.mol2,[H]c1c([H])c([H])c(-c2sc(C(=O)[O-])c(OC([H])([H])C(=O)[O-])c2Br)c([H])c1[H],[H]c1c([H])c([H])c(-c2sc(C(=O)[O-])c(OC([H])([H])C(=O)[O-])c2Br)c([H])c1[H],O=C([O-])COc1c(C(=O)[O-])sc(-c2ccccc2)c1Br,O=C([O-])COc1c(C(=O)[O-])sc(-c2ccccc2)c1Br,027,CHEMBL213758_0,O=C([O-])COc1c(C(=O)[O-])sc(-c2ccccc2)c1Br,111
2h4n_2h4n_conf0,2h4n_2h4n_conf0.mol2,[H]N(C(=O)C([H])([H])[H])c1nnc(S(=O)(=O)N([H])[H])s1,[H]N(C(=O)C([H])([H])[H])c1nnc(S(=O)(=O)N([H])[H])s1,CC(=O)Nc1nnc(S(N)(=O)=O)s1,CC(=O)Nc1nnc(S(N)(=O)=O)s1,019,CHEMBL20_0,CC(=O)Nc1nnc(S(N)(=O)=O)s1,7
2h6b_2h6b_conf0,2h6b_2h6b_conf0.mol2,[H]Oc1c([H])c([H])c(C([H])([H])C(=O)[O-])c([H])c1Cl,[H]Oc1c([H])c([H])c(C([H])([H])C(=O)[O-])c([H])c1Cl,O=C([O-])Cc1ccc(O)c(Cl)c1,O=C([O-])Cc1ccc(O)c(Cl)c1,018,CHEMBL592010_0,O=C([O-])Cc1ccc(O)c(Cl)c1,4
2ha3_2ha3_conf0,2ha3_2ha3_conf0.mol2,[H]OC([H])([H])C([H])([H])[N+](C([H])([H])[H])(C([H])([H])[H])C([H])([H])[H],[H]OC([H])([H])C([H])([H])[N+](C([H])([H])[H])(C([H])([H])[H])C([H])([H])[H],C[N+](C)(C)CCO,C[N+](C)(C)CCO,021,CHEMBL920_0,C[N+](C)(C)CCO,7
2hjb_2hjb_conf0,2hjb_2hjb_conf0.mol2,[H]c1c([H])c(C([H])([H])[N+]([H])([H])[H])c([H])c([H])c1OC([H])([H])[H],[H]c1c([H])c(C([H])([H])[N+]([H])([H])[H])c([H])c([H])c1OC([H])([H])[H],COc1ccc(C[NH3+])cc1,COc1ccc(C[NH3+])cc1,022,CHEMBL12720_0,COc1ccc(C[NH3+])cc1,2
2hoc_2hoc_conf0,2hoc_2hoc_conf0.mol2,[H]c1c(F)c(N([H])[H])c(Cl)c([H])c1S(=O)(=O)N([H])c1nnc(S(=O)(=O)N([H])[H])s1,[H]c1c(F)c(N([H])[H])c(Cl)c([H])c1S(=O)(=O)N([H])c1nnc(S(=O)(=O)N([H])[H])s1,Nc1c(F)cc(S(=O)(=O)Nc2nnc(S(N)(=O)=O)s2)cc1Cl,Nc1c(F)cc(S(=O)(=O)Nc2nnc(S(N)(=O)=O)s2)cc1Cl,029,CHEMBL71611_0,Nc1c(F)cc(S(=O)(=O)Nc2nnc(S(N)(=O)=O)s2)cc1Cl,200
2hxm_2hxm_conf0,2hxm_2hxm_conf0.mol2,[H]/C(=N\OC([H])([H])C([H])([H])O/N=C(\[H])c1c([H])c(=O)n([H])c(=O)n1[H])c1c([H])c([H])c(C(=O)[O-])c([H])c1[H],[H]C(=NOC([H])([H])C([H])([H])ON=C([H])c1c([H])c(=O)n([H])c(=O)n1[H])c1c([H])c([H])c(C(=O)[O-])c([H])c1[H],O=C([O-])c1ccc(/C=N/OCCO/N=C/c2cc(=O)[nH]c(=O)[nH]2)cc1,O=C([O-])c1ccc(C=NOCCON=Cc2cc(=O)[nH]c(=O)[nH]2)cc1,038,CHEMBL1213412_0,O=C([O-])c1ccc(/C=N/OCCO/N=C/c2cc(=O)[nH]c(=O)[nH]2)cc1,40
2i19_2i19_conf0,2i19_2i19_conf0.mol2,[H]c1nc(N([H])C([H])([H])C([H])(P(=O)([O-])[O-])P(=O)([O-])[O-])c([H])c([H])c1[H],[H]c1nc(N([H])C([H])([H])C([H])(P(=O)([O-])[O-])P(=O)([O-])[O-])c([H])c([H])c1[H],O=P([O-])([O-])C(CNc1ccccn1)P(=O)([O-])[O-],O=P([O-])([O-])C(CNc1ccccn1)P(=O)([O-])[O-],025,CHEMBL294192_0,O=P([O-])([O-])C(CNc1ccccn1)P(=O)([O-])[O-],197
2i6b_2i6b_conf0,2i6b_2i6b_conf0.mol2,[H]c1nc(C#Cc2c([H])nc(N3C([H])([H])C([H])([H])OC([H])([H])C3([H])[H])c([H])c2[H])c(-c2c([H])c([H])c(N(C([H])([H])[H])C([H])([H])[H])c([H])c2[H])c(N([H])[H])n1,[H]c1nc(C#Cc2c([H])nc(N3C([H])([H])C([H])([H])OC([H])([H])C3([H])[H])c([H])c2[H])c(-c2c([H])c([H])c(N(C([H])([H])[H])C([H])([H])[H])c([H])c2[H])c(N([H])[H])n1,CN(C)c1ccc(-c2c(N)ncnc2C#Cc2ccc(N3CCOCC3)nc2)cc1,CN(C)c1ccc(-c2c(N)ncnc2C#Cc2ccc(N3CCOCC3)nc2)cc1,054,CHEMBL216697_0,CN(C)c1ccc(-c2c(N)ncnc2C#Cc2ccc(N3CCOCC3)nc2)cc1,56
2i80_2i80_conf0,2i80_2i80_conf0.mol2,[H]c1c([H])c(C(F)(F)F)c([H])c([H])c1N([H])C(=O)C(C([H])([H])[H])(C([H])([H])[H])C([H])([H])Cl,[H]c1c([H])c(C(F)(F)F)c([H])c([H])c1N([H])C(=O)C(C([H])([H])[H])(C([H])([H])[H])C([H])([H])Cl,CC(C)(CCl)C(=O)Nc1ccc(C(F)(F)F)cc1,CC(C)(CCl)C(=O)Nc1ccc(C(F)(F)F)cc1,031,CHEMBL463588_0,CC(C)(CCl)C(=O)Nc1ccc(C(F)(F)F)cc1,59
2iko_2iko_conf0,2iko_2iko_conf0.mol2,[H]c1c(F)c([H])c(C([H])([H])N([H])c2c([H])c([H])c(-c3c(N([H])[H])nc(N([H])[H])nc3C([H])([H])C([H])([H])[H])c([H])c2[H])c([H])c1F,[H]c1c(F)c([H])c(C([H])([H])N([H])c2c([H])c([H])c(-c3c(N([H])[H])nc(N([H])[H])nc3C([H])([H])C([H])([H])[H])c([H])c2[H])c([H])c1F,CCc1nc(N)nc(N)c1-c1ccc(NCc2cc(F)cc(F)c2)cc1,CCc1nc(N)nc(N)c1-c1ccc(NCc2cc(F)cc(F)c2)cc1,045,CHEMBL230153_0,CCc1nc(N)nc(N)c1-c1ccc(NCc2cc(F)cc(F)c2)cc1,200
2iuz_2iuz_conf0,2iuz_2iuz_conf0.mol2,[H]c1nc2c(c(=O)n(C([H])([H])C([H])([H])n3c(=O)c4c(nc([H])n4C([H])([H])[H])n(C([H])([H])[H])c3=O)c(=O)n2C([H])([H])[H])n1C([H])([H])[H],[H]c1nc2c(c(=O)n(C([H])([H])C([H])([H])n3c(=O)c4c(nc([H])n4C([H])([H])[H])n(C([H])([H])[H])c3=O)c(=O)n2C([H])([H])[H])n1C([H])([H])[H],Cn1cnc2c1c(=O)n(CCn1c(=O)c3c(ncn3C)n(C)c1=O)c(=O)n2C,Cn1cnc2c1c(=O)n(CCn1c(=O)c3c(ncn3C)n(C)c1=O)c(=O)n2C,046,CHEMBL1232048_0,Cn1cnc2c1c(=O)n(CCn1c(=O)c3c(ncn3C)n(C)c1=O)c(=O)n2C,4
2jew_2jew_conf0,2jew_2jew_conf0.mol2,[H]c1nc(C([H])([H])[C@@]([H])(C(=O)[O-])C([H])([H])C([H])([H])C([H])([H])[N+]([H])([H])[H])c([H])n1C([H])([H])C([H])([H])C([H])([H])[H],[H]c1nc(C([H])([H])C([H])(C(=O)[O-])C([H])([H])C([H])([H])C([H])([H])[N+]([H])([H])[H])c([H])n1C([H])([H])C([H])([H])C([H])([H])[H],CCCn1cnc(C[C@H](CCC[NH3+])C(=O)[O-])c1,CCCn1cnc(CC(CCC[NH3+])C(=O)[O-])c1,038,CHEMBL392205_0,CCCn1cnc(C[C@H](CCC[NH3+])C(=O)[O-])c1,198
2jfz_2jfz_conf0,2jfz_2jfz_conf0.mol2,[H]c1nc([H])c([H])c(-c2c3c(=O)n(C([H])([H])[H])c(=O)n(C([H])([H])C([H])(C([H])([H])[H])C([H])([H])[H])c3nn2C([H])([H])c2c([H])c([H])c([H])c3c([H])c([H])c([H])c([H])c23)c1[H],[H]c1nc([H])c([H])c(-c2c3c(=O)n(C([H])([H])[H])c(=O)n(C([H])([H])C([H])(C([H])([H])[H])C([H])([H])[H])c3nn2C([H])([H])c2c([H])c([H])c([H])c3c([H])c([H])c([H])c([H])c23)c1[H],CC(C)Cn1c(=O)n(C)c(=O)c2c(-c3ccncc3)n(Cc3cccc4ccccc34)nc21,CC(C)Cn1c(=O)n(C)c(=O)c2c(-c3ccncc3)n(Cc3cccc4ccccc34)nc21,058,CHEMBL401874_0,CC(C)Cn1c(=O)n(C)c(=O)c2c(-c3ccncc3)n(Cc3cccc4ccccc34)nc21,124
2nn1_2nn1_conf0,2nn1_2nn1_conf0.mol2,[H]c1c([H])c(S(=O)(=O)N([H])[H])c([H])c([H])c1C([H])([H])C([H])([H])C(=O)[O-],[H]c1c([H])c(S(=O)(=O)N([H])[H])c([H])c([H])c1C([H])([H])C([H])([H])C(=O)[O-],NS(=O)(=O)c1ccc(CCC(=O)[O-])cc1,NS(=O)(=O)c1ccc(CCC(=O)[O-])cc1,025,CHEMBL451332_0,NS(=O)(=O)c1ccc(CCC(=O)[O-])cc1,52
2nnd_2nnd_conf0,2nnd_2nnd_conf0.mol2,[H]c1nc(OC([H])([H])[H])c(C([H])([H])C([H])(C([H])([H])[H])C([H])([H])[H])nc1[H],[H]c1nc(OC([H])([H])[H])c(C([H])([H])C([H])(C([H])([H])[H])C([H])([H])[H])nc1[H],COc1nccnc1CC(C)C,COc1nccnc1CC(C)C,026,CHEMBL97355_0,COc1nccnc1CC(C)C,32
2nta_2nta_conf0,2nta_2nta_conf0.mol2,[H]c1sc(-c2c([H])c([H])c([H])c([H])c2[H])c(Cl)c1N1C([H])([H])C(=O)N([H])S1(=O)=O,[H]c1sc(-c2c([H])c([H])c([H])c([H])c2[H])c(Cl)c1N1C([H])([H])C(=O)N([H])S1(=O)=O,O=C1CN(c2csc(-c3ccccc3)c2Cl)S(=O)(=O)N1,O=C1CN(c2csc(-c3ccccc3)c2Cl)S(=O)(=O)N1,029,CHEMBL394484_0,O=C1CN(c2csc(-c3ccccc3)c2Cl)S(=O)(=O)N1,53
2o0u_2o0u_conf0,2o0u_2o0u_conf0.mol2,[H]c1c([H])c([H])c2c(C(=O)N([H])c3sc4c(c3C#N)C([H])([H])C([H])([H])N(C(=O)C([H])([H])C([H])([H])[N+]3([H])C([H])([H])C([H])([H])C([H])([H])C([H])([H])C3([H])[H])C4([H])[H])c([H])c([H])c([H])c2c1[H],[H]c1c([H])c([H])c2c(C(=O)N([H])c3sc4c(c3C#N)C([H])([H])C([H])([H])N(C(=O)C([H])([H])C([H])([H])[N+]3([H])C([H])([H])C([H])([H])C([H])([H])C([H])([H])C3([H])[H])C4([H])[H])c([H])c([H])c([H])c2c1[H],N#Cc1c(NC(=O)c2cccc3ccccc23)sc2c1CCN(C(=O)CC[NH+]1CCCCC1)C2,N#Cc1c(NC(=O)c2cccc3ccccc23)sc2c1CCN(C(=O)CC[NH+]1CCCCC1)C2,063,CHEMBL232599_0,N#Cc1c(NC(=O)c2cccc3ccccc23)sc2c1CCN(C(=O)CC[NH+]1CCCCC1)C2,195
2ojj_2ojj_conf0,2ojj_2ojj_conf0.mol2,[H]OC([H])([H])[C@]([H])(c1c([H])c([H])c(F)c(Cl)c1[H])N([H])C(=O)c1c([H])c(-c2c(-c3c([H])c([H])c([H])c(Cl)c3[H])c([H])nn2[H])c([H])n1[H],[H]OC([H])([H])C([H])(c1c([H])c([H])c(F)c(Cl)c1[H])N([H])C(=O)c1c([H])c(-c2c(-c3c([H])c([H])c([H])c(Cl)c3[H])c([H])nn2[H])c([H])n1[H],O=C(N[C@H](CO)c1ccc(F)c(Cl)c1)c1cc(-c2[nH]ncc2-c2cccc(Cl)c2)c[nH]1,O=C(NC(CO)c1ccc(F)c(Cl)c1)c1cc(-c2[nH]ncc2-c2cccc(Cl)c2)c[nH]1,048,CHEMBL220054_0,O=C(N[C@H](CO)c1ccc(F)c(Cl)c1)c1cc(-c2[nH]ncc2-c2cccc(Cl)c2)c[nH]1,184
2ot1_2ot1_conf0,2ot1_2ot1_conf0.mol2,[H]c1c([H])c(N([H])C(=O)c2c(OP(=O)([O-])[O-])c([H])c3c([H])c([H])c([H])c([H])c3c2[H])c([H])c([H])c1Cl,[H]c1c([H])c(N([H])C(=O)c2c(OP(=O)([O-])[O-])c([H])c3c([H])c([H])c([H])c([H])c3c2[H])c([H])c([H])c1Cl,O=C(Nc1ccc(Cl)cc1)c1cc2ccccc2cc1OP(=O)([O-])[O-],O=C(Nc1ccc(Cl)cc1)c1cc2ccccc2cc1OP(=O)([O-])[O-],036,CHEMBL1234585_0,O=C(Nc1ccc(Cl)cc1)c1cc2ccccc2cc1OP(=O)([O-])[O-],5
2p16_2p16_conf0,2p16_2p16_conf0.mol2,[H]c1c([H])c(-n2nc(C(=O)N([H])[H])c3c2C(=O)N(c2c([H])c([H])c(N4C(=O)C([H])([H])C([H])([H])C([H])([H])C4([H])[H])c([H])c2[H])C([H])([H])C3([H])[H])c([H])c([H])c1OC([H])([H])[H],[H]c1c([H])c(-n2nc(C(=O)N([H])[H])c3c2C(=O)N(c2c([H])c([H])c(N4C(=O)C([H])([H])C([H])([H])C([H])([H])C4([H])[H])c([H])c2[H])C([H])([H])C3([H])[H])c([H])c([H])c1OC([H])([H])[H],COc1ccc(-n2nc(C(N)=O)c3c2C(=O)N(c2ccc(N4CCCCC4=O)cc2)CC3)cc1,COc1ccc(-n2nc(C(N)=O)c3c2C(=O)N(c2ccc(N4CCCCC4=O)cc2)CC3)cc1,059,CHEMBL231779_0,COc1ccc(-n2nc(C(N)=O)c3c2C(=O)N(c2ccc(N4CCCCC4=O)cc2)CC3)cc1,200
2p7a_2p7a_conf0,2p7a_2p7a_conf0.mol2,[H]Oc1c([H])c([H])c(Cl)c(C([H])([H])[H])c1[H],[H]Oc1c([H])c([H])c(Cl)c(C([H])([H])[H])c1[H],Cc1cc(O)ccc1Cl,Cc1cc(O)ccc1Cl,016,CHEMBL1230222_0,Cc1cc(O)ccc1Cl,2
2p7g_2p7g_conf0,2p7g_2p7g_conf0.mol2,[H]Oc1c([H])c([H])c(C(c2c([H])c([H])c(O[H])c([H])c2[H])(C([H])([H])[H])C([H])([H])[H])c([H])c1[H],[H]Oc1c([H])c([H])c(C(c2c([H])c([H])c(O[H])c([H])c2[H])(C([H])([H])[H])C([H])([H])[H])c([H])c1[H],CC(C)(c1ccc(O)cc1)c1ccc(O)cc1,CC(C)(c1ccc(O)cc1)c1ccc(O)cc1,033,CHEMBL418971_0,CC(C)(c1ccc(O)cc1)c1ccc(O)cc1,21
2p7z_2p7z_conf0,2p7z_2p7z_conf0.mol2,[H]Oc1c([H])c([H])c(/C(=C(/c2c([H])c([H])c([H])c([H])c2[H])C([H])([H])C([H])([H])[H])c2c([H])c([H])c(OC([H])([H])C([H])([H])[N+]([H])(C([H])([H])[H])C([H])([H])[H])c([H])c2[H])c([H])c1[H],[H]Oc1c([H])c([H])c(C(=C(c2c([H])c([H])c([H])c([H])c2[H])C([H])([H])C([H])([H])[H])c2c([H])c([H])c(OC([H])([H])C([H])([H])[N+]([H])(C([H])([H])[H])C([H])([H])[H])c([H])c2[H])c([H])c1[H],CC/C(=C(\c1ccc(O)cc1)c1ccc(OCC[NH+](C)C)cc1)c1ccccc1,CCC(=C(c1ccc(O)cc1)c1ccc(OCC[NH+](C)C)cc1)c1ccccc1,059,CHEMBL489_0,CC/C(=C(\c1ccc(O)cc1)c1ccc(OCC[NH+](C)C)cc1)c1ccccc1,186
2pou_2pou_conf0,2pou_2pou_conf0.mol2,[H]c1c(Cl)c(Cl)c(S(=O)(=O)N([H])[H])c([H])c1S(=O)(=O)N([H])[H],[H]c1c(Cl)c(Cl)c(S(=O)(=O)N([H])[H])c([H])c1S(=O)(=O)N([H])[H],NS(=O)(=O)c1cc(Cl)c(Cl)c(S(N)(=O)=O)c1,NS(=O)(=O)c1cc(Cl)c(Cl)c(S(N)(=O)=O)c1,022,CHEMBL17_0,NS(=O)(=O)c1cc(Cl)c(Cl)c(S(N)(=O)=O)c1,12
2pov_2pov_conf0,2pov_2pov_conf0.mol2,[H]c1c(Cl)c(S(=O)(=O)N([H])[H])c([H])c(S(=O)(=O)N([H])[H])c1N([H])[H],[H]c1c(Cl)c(S(=O)(=O)N([H])[H])c([H])c(S(=O)(=O)N([H])[H])c1N([H])[H],Nc1cc(Cl)c(S(N)(=O)=O)cc1S(N)(=O)=O,Nc1cc(Cl)c(S(N)(=O)=O)cc1S(N)(=O)=O,024,CHEMBL266240_0,Nc1cc(Cl)c(S(N)(=O)=O)cc1S(N)(=O)=O,9
2pow_2pow_conf0,2pow_2pow_conf0.mol2,[H]c1c(N([H])[H])c(S(=O)(=O)N([H])[H])c([H])c(S(=O)(=O)N([H])[H])c1C(F)(F)F,[H]c1c(N([H])[H])c(S(=O)(=O)N([H])[H])c([H])c(S(=O)(=O)N([H])[H])c1C(F)(F)F,Nc1cc(C(F)(F)F)c(S(N)(=O)=O)cc1S(N)(=O)=O,Nc1cc(C(F)(F)F)c(S(N)(=O)=O)cc1S(N)(=O)=O,027,CHEMBL418_0,Nc1cc(C(F)(F)F)c(S(N)(=O)=O)cc1S(N)(=O)=O,9
2pql_2pql_conf0,2pql_2pql_conf0.mol2,[H]c1c([H])c([H])c2c(c1[H])c(C([H])([H])C([H])([H])[N+]([H])([H])[H])c([H])n2[H],[H]c1c([H])c([H])c2c(c1[H])c(C([H])([H])C([H])([H])[N+]([H])([H])[H])c([H])n2[H],[NH3+]CCc1c[nH]c2ccccc12,[NH3+]CCc1c[nH]c2ccccc12,025,CHEMBL6640_0,[NH3+]CCc1c[nH]c2ccccc12,15
2pu2_2pu2_conf0,2pu2_2pu2_conf0.mol2,[H]Oc1c([H])c([H])c(C([H])([H])[C@]([H])(C(=O)[O-])N2C(=O)c3c([H])c([H])c(C(=O)[O-])c([H])c3C2=O)c([H])c1[H],[H]Oc1c([H])c([H])c(C([H])([H])C([H])(C(=O)[O-])N2C(=O)c3c([H])c([H])c(C(=O)[O-])c([H])c3C2=O)c([H])c1[H],O=C([O-])c1ccc2c(c1)C(=O)N([C@H](Cc1ccc(O)cc1)C(=O)[O-])C2=O,O=C([O-])c1ccc2c(c1)C(=O)N(C(Cc1ccc(O)cc1)C(=O)[O-])C2=O,037,CHEMBL258538_0,O=C([O-])c1ccc2c(c1)C(=O)N([C@H](Cc1ccc(O)cc1)C(=O)[O-])C2=O,104
2pvh_2pvh_conf0,2pvh_2pvh_conf0.mol2,[H]c1nn2c(N([H])c3c([H])c([H])c([H])c([H])c3[H])nc(N([H])c3c([H])c([H])c([H])c([H])c3[H])nc2c1[H],[H]c1nn2c(N([H])c3c([H])c([H])c([H])c([H])c3[H])nc(N([H])c3c([H])c([H])c([H])c([H])c3[H])nc2c1[H],c1ccc(Nc2nc(Nc3ccccc3)n3nccc3n2)cc1,c1ccc(Nc2nc(Nc3ccccc3)n3nccc3n2)cc1,037,CHEMBL231095_0,c1ccc(Nc2nc(Nc3ccccc3)n3nccc3n2)cc1,200
2pvj_2pvj_conf0,2pvj_2pvj_conf0.mol2,[H]c1nn2c(N([H])c3c([H])c([H])c([H])c([H])c3[H])nc(N([H])C([H])([H])C3([H])C([H])([H])C([H])([H])C([H])([H])C([H])([H])C3([H])[H])nc2c1C#N,[H]c1nn2c(N([H])c3c([H])c([H])c([H])c([H])c3[H])nc(N([H])C([H])([H])C3([H])C([H])([H])C([H])([H])C([H])([H])C([H])([H])C3([H])[H])nc2c1C#N,N#Cc1cnn2c(Nc3ccccc3)nc(NCC3CCCCC3)nc12,N#Cc1cnn2c(Nc3ccccc3)nc(NCC3CCCCC3)nc12,047,CHEMBL438303_0,N#Cc1cnn2c(Nc3ccccc3)nc(NCC3CCCCC3)nc12,200
2pvk_2pvk_conf0,2pvk_2pvk_conf0.mol2,[H]c1nn2c(N([H])c3c([H])c([H])c([H])c([H])c3[H])nc(N([H])C([H])([H])c3c([H])c([H])c(Cl)c([H])c3[H])nc2c1C#N,[H]c1nn2c(N([H])c3c([H])c([H])c([H])c([H])c3[H])nc(N([H])C([H])([H])c3c([H])c([H])c(Cl)c([H])c3[H])nc2c1C#N,N#Cc1cnn2c(Nc3ccccc3)nc(NCc3ccc(Cl)cc3)nc12,N#Cc1cnn2c(Nc3ccccc3)nc(NCc3ccc(Cl)cc3)nc12,041,CHEMBL230347_0,N#Cc1cnn2c(Nc3ccccc3)nc(NCc3ccc(Cl)cc3)nc12,200
2pvl_2pvl_conf0,2pvl_2pvl_conf0.mol2,[H]c1nn2c(N([H])c3c([H])c([H])c([H])c([H])c3[H])nc(N3C([H])([H])C([H])([H])[N+]([H])(C([H])([H])C([H])([H])[H])C([H])([H])C3([H])[H])nc2c1C#N,[H]c1nn2c(N([H])c3c([H])c([H])c([H])c([H])c3[H])nc(N3C([H])([H])C([H])([H])[N+]([H])(C([H])([H])C([H])([H])[H])C([H])([H])C3([H])[H])nc2c1C#N,CC[NH+]1CCN(c2nc(Nc3ccccc3)n3ncc(C#N)c3n2)CC1,CC[NH+]1CCN(c2nc(Nc3ccccc3)n3ncc(C#N)c3n2)CC1,047,CHEMBL230137_0,CC[NH+]1CCN(c2nc(Nc3ccccc3)n3ncc(C#N)c3n2)CC1,200
2pvm_2pvm_conf0,2pvm_2pvm_conf0.mol2,[H]c1nn2c(N([H])C([H])([H])C([H])([H])c3c([H])nc([H])n3[H])nc(N([H])c3c([H])c([H])c([H])c([H])c3[H])nc2c1C#N,[H]c1nn2c(N([H])C([H])([H])C([H])([H])c3c([H])nc([H])n3[H])nc(N([H])c3c([H])c([H])c([H])c([H])c3[H])nc2c1C#N,N#Cc1cnn2c(NCCc3cnc[nH]3)nc(Nc3ccccc3)nc12,N#Cc1cnn2c(NCCc3cnc[nH]3)nc(Nc3ccccc3)nc12,041,CHEMBL389767_0,N#Cc1cnn2c(NCCc3cnc[nH]3)nc(Nc3ccccc3)nc12,148
2q1q_2q1q_conf0,2q1q_2q1q_conf0.mol2,[H]c1c([H])c(S(=O)(=O)N([H])[H])c([H])c([H])c1N1C([H])([H])C([H])([H])C([H])([H])C([H])([H])S1(=O)=O,[H]c1c([H])c(S(=O)(=O)N([H])[H])c([H])c([H])c1N1C([H])([H])C([H])([H])C([H])([H])C([H])([H])S1(=O)=O,NS(=O)(=O)c1ccc(N2CCCCS2(=O)=O)cc1,NS(=O)(=O)c1ccc(N2CCCCS2(=O)=O)cc1,032,CHEMBL328560_0,NS(=O)(=O)c1ccc(N2CCCCS2(=O)=O)cc1,64
2q7q_2q7q_conf0,2q7q_2q7q_conf0.mol2,[H]c1c([H])c(C([H])([H])[N+]([H])([H])[H])c([H])c([H])c1Cl,[H]c1c([H])c(C([H])([H])[N+]([H])([H])[H])c([H])c([H])c1Cl,[NH3+]Cc1ccc(Cl)cc1,[NH3+]Cc1ccc(Cl)cc1,018,CHEMBL13218_0,[NH3+]Cc1ccc(Cl)cc1,1
2qbs_2qbs_conf0,2qbs_2qbs_conf0.mol2,[H]c1c([H])c(-c2sc(C(=O)[O-])c(OC([H])([H])C(=O)[O-])c2Br)c([H])c(N([H])C2([H])C([H])([H])C([H])([H])C([H])([H])C([H])([H])C2([H])[H])c1[H],[H]c1c([H])c(-c2sc(C(=O)[O-])c(OC([H])([H])C(=O)[O-])c2Br)c([H])c(N([H])C2([H])C([H])([H])C([H])([H])C([H])([H])C([H])([H])C2([H])[H])c1[H],O=C([O-])COc1c(C(=O)[O-])sc(-c2cccc(NC3CCCCC3)c2)c1Br,O=C([O-])COc1c(C(=O)[O-])sc(-c2cccc(NC3CCCCC3)c2)c1Br,045,CHEMBL243940_0,O=C([O-])COc1c(C(=O)[O-])sc(-c2cccc(NC3CCCCC3)c2)c1Br,200
2qdt_2qdt_conf0,2qdt_2qdt_conf0.mol2,[H]SC([H])([H])C([H])([H])C(=O)N([H])[C@@]([H])(C(=O)[O-])C([H])([H])[H],[H]SC([H])([H])C([H])([H])C(=O)N([H])C([H])(C(=O)[O-])C([H])([H])[H],C[C@@H](NC(=O)CCS)C(=O)[O-],CC(NC(=O)CCS)C(=O)[O-],021,CHEMBL78440_0,C[C@@H](NC(=O)CCS)C(=O)[O-],199
2qg2_2qg2_conf0,2qg2_2qg2_conf0.mol2,[H]/C(=N\N1C(=O)OC([H])([H])C1([H])[H])c1c([H])c([H])c([H])c([H])c1C#Cc1nc(N([H])[H])nc(C([H])([H])[H])c1[H],[H]C(=NN1C(=O)OC([H])([H])C1([H])[H])c1c([H])c([H])c([H])c([H])c1C#Cc1nc(N([H])[H])nc(C([H])([H])[H])c1[H],Cc1cc(C#Cc2ccccc2/C=N/N2CCOC2=O)nc(N)n1,Cc1cc(C#Cc2ccccc2C=NN2CCOC2=O)nc(N)n1,039,CHEMBL514440_0,Cc1cc(C#Cc2ccccc2/C=N/N2CCOC2=O)nc(N)n1,44
2qm9_2qm9_conf0,2qm9_2qm9_conf0.mol2,[H]Oc1c(C([H])([H])[H])c(C([H])([H])[H])c2c(c1C([H])([H])[H])C([H])([H])C([H])([H])[C@](C([H])([H])[H])(C([H])([H])Oc1c([H])c([H])c(C([H])([H])[C@@]3([H])SC(=O)N([H])C3=O)c([H])c1[H])O2,[H]Oc1c(C([H])([H])[H])c(C([H])([H])[H])c2c(c1C([H])([H])[H])C([H])([H])C([H])([H])C(C([H])([H])[H])(C([H])([H])Oc1c([H])c([H])c(C([H])([H])C3([H])SC(=O)N([H])C3=O)c([H])c1[H])O2,Cc1c(C)c2c(c(C)c1O)CC[C@](C)(COc1ccc(C[C@H]3SC(=O)NC3=O)cc1)O2,Cc1c(C)c2c(c(C)c1O)CCC(C)(COc1ccc(CC3SC(=O)NC3=O)cc1)O2,058,CHEMBL408_1,Cc1c(C)c2c(c(C)c1O)CC[C@](C)(COc1ccc(C[C@H]3SC(=O)NC3=O)cc1)O2,400
2qpq_2qpq_conf0,2qpq_2qpq_conf0.mol2,[H]OC(C(=O)[O-])(C([H])([H])C(=O)[O-])C([H])([H])C(=O)[O-],[H]OC(C(=O)[O-])(C([H])([H])C(=O)[O-])C([H])([H])C(=O)[O-],O=C([O-])CC(O)(CC(=O)[O-])C(=O)[O-],O=C([O-])CC(O)(CC(=O)[O-])C(=O)[O-],018,CHEMBL4303212_0,O=C([O-])CC(O)(CC(=O)[O-])C(=O)[O-],23
2qrl_2qrl_conf0,2qrl_2qrl_conf0.mol2,[H]N(C(=O)C(=O)[O-])C([H])([H])C(=O)[O-],[H]N(C(=O)C(=O)[O-])C([H])([H])C(=O)[O-],O=C([O-])CNC(=O)C(=O)[O-],O=C([O-])CNC(=O)C(=O)[O-],013,CHEMBL90852_0,O=C([O-])CNC(=O)C(=O)[O-],1
2qtt_2qtt_conf0,2qtt_2qtt_conf0.mol2,[H]OC([H])([H])[C@@]1([H])O[C@@]([H])(c2nn([H])c3c(N([H])[H])nc([H])nc23)[C@]([H])(O[H])[C@]1([H])O[H],[H]OC([H])([H])C1([H])OC([H])(c2nn([H])c3c(N([H])[H])nc([H])nc23)C([H])(O[H])C1([H])O[H],Nc1ncnc2c([C@@H]3O[C@H](CO)[C@@H](O)[C@H]3O)n[nH]c12,Nc1ncnc2c(C3OC(CO)C(O)C3O)n[nH]c12,032,CHEMBL273712_0,Nc1ncnc2c([C@@H]3O[C@H](CO)[C@@H](O)[C@H]3O)n[nH]c12,1567
2r2m_2r2m_conf0,2r2m_2r2m_conf0.mol2,[H]c1c([H])c([H])c(C(F)(F)C([H])([H])N([H])c2c([H])c([H])c(Cl)c(C([H])([H])C(=O)N([H])C([H])([H])C([H])([H])ON([H])C(N([H])[H])=[N+]([H])[H])c2F)c([H])c1[H],[H]c1c([H])c([H])c(C(F)(F)C([H])([H])N([H])c2c([H])c([H])c(Cl)c(C([H])([H])C(=O)N([H])C([H])([H])C([H])([H])ON([H])C(N([H])[H])=[N+]([H])[H])c2F)c([H])c1[H],NC(=[NH2+])NOCCNC(=O)Cc1c(Cl)ccc(NCC(F)(F)c2ccccc2)c1F,NC(=[NH2+])NOCCNC(=O)Cc1c(Cl)ccc(NCC(F)(F)c2ccccc2)c1F,052,CHEMBL401842_0,NC(=[NH2+])NOCCNC(=O)Cc1c(Cl)ccc(NCC(F)(F)c2ccccc2)c1F,199
2ra0_2ra0_conf0,2ra0_2ra0_conf0.mol2,[H]c1nc(C([H])([H])[N+]([H])(C([H])([H])[H])C([H])([H])[H])n(-c2c([H])c([H])c(-c3c([H])c([H])c4c(C(=O)N([H])[H])nn(-c5c([H])c([H])c6onc(N([H])[H])c6c5[H])c4c3F)c(F)c2[H])c1[H],[H]c1nc(C([H])([H])[N+]([H])(C([H])([H])[H])C([H])([H])[H])n(-c2c([H])c([H])c(-c3c([H])c([H])c4c(C(=O)N([H])[H])nn(-c5c([H])c([H])c6onc(N([H])[H])c6c5[H])c4c3F)c(F)c2[H])c1[H],C[NH+](C)Cc1nccn1-c1ccc(-c2ccc3c(C(N)=O)nn(-c4ccc5onc(N)c5c4)c3c2F)c(F)c1,C[NH+](C)Cc1nccn1-c1ccc(-c2ccc3c(C(N)=O)nn(-c4ccc5onc(N)c5c4)c3c2F)c(F)c1,062,CHEMBL398870_0,C[NH+](C)Cc1nccn1-c1ccc(-c2ccc3c(C(N)=O)nn(-c4ccc5onc(N)c5c4)c3c2F)c(F)c1,200
2ra6_2ra6_conf0,2ra6_2ra6_conf0.mol2,[H]Oc1c([H])c([H])c(C([H])([H])C([H])([H])[H])c([H])c1[H],[H]Oc1c([H])c([H])c(C([H])([H])C([H])([H])[H])c([H])c1[H],CCc1ccc(O)cc1,CCc1ccc(O)cc1,019,CHEMBL108475_0,CCc1ccc(O)cc1,6
2rcb_2rcb_conf0,2rcb_2rcb_conf0.mol2,[H]OC([H])([H])[C@]([H])(C(=O)[O-])[N+]([H])([H])[H],[H]OC([H])([H])C([H])(C(=O)[O-])[N+]([H])([H])[H],[NH3+][C@H](CO)C(=O)[O-],[NH3+]C(CO)C(=O)[O-],014,CHEMBL11298_0,[NH3+][C@H](CO)C(=O)[O-],6
2reg_2reg_conf0,2reg_2reg_conf0.mol2,[H]OC([H])([H])C([H])([H])[N+](C([H])([H])[H])(C([H])([H])[H])C([H])([H])[H],[H]OC([H])([H])C([H])([H])[N+](C([H])([H])[H])(C([H])([H])[H])C([H])([H])[H],C[N+](C)(C)CCO,C[N+](C)(C)CCO,021,CHEMBL920_0,C[N+](C)(C)CCO,7
2rfh_2rfh_conf0,2rfh_2rfh_conf0.mol2,[H]c1c([H])c([H])c(C([H])([H])[C@@]([H])(C(=O)[O-])C([H])([H])[N+](=O)[O-])c([H])c1[H],[H]c1c([H])c([H])c(C([H])([H])C([H])(C(=O)[O-])C([H])([H])[N+](=O)[O-])c([H])c1[H],O=C([O-])[C@H](Cc1ccccc1)C[N+](=O)[O-],O=C([O-])C(Cc1ccccc1)C[N+](=O)[O-],025,CHEMBL261331_0,O=C([O-])[C@H](Cc1ccccc1)C[N+](=O)[O-],44
2rin_2rin_conf0,2rin_2rin_conf0.mol2,[H]C([H])([H])C(=O)OC([H])([H])C([H])([H])[N+](C([H])([H])[H])(C([H])([H])[H])C([H])([H])[H],[H]C([H])([H])C(=O)OC([H])([H])C([H])([H])[N+](C([H])([H])[H])(C([H])([H])[H])C([H])([H])[H],CC(=O)OCC[N+](C)(C)C,CC(=O)OCC[N+](C)(C)C,026,CHEMBL60457_0,CC(=O)OCC[N+](C)(C)C,21
2rkd_2rkd_conf0,2rkd_2rkd_conf0.mol2,[H]C([H])(C(=O)[O-])C([H])([H])P(=O)([O-])[O-],[H]C([H])(C(=O)[O-])C([H])([H])P(=O)([O-])[O-],O=C([O-])CCP(=O)([O-])[O-],O=C([O-])CCP(=O)([O-])[O-],013,CHEMBL1088324_0,O=C([O-])CCP(=O)([O-])[O-],2
2uwd_2uwd_conf0,2uwd_2uwd_conf0.mol2,[H]Oc1c([H])c(O[H])c(-c2onc(C(=O)N([H])C([H])([H])C([H])([H])[H])c2-c2c([H])c([H])c(OC([H])([H])[H])c([H])c2[H])c([H])c1Cl,[H]Oc1c([H])c(O[H])c(-c2onc(C(=O)N([H])C([H])([H])C([H])([H])[H])c2-c2c([H])c([H])c(OC([H])([H])[H])c([H])c2[H])c([H])c1Cl,CCNC(=O)c1noc(-c2cc(Cl)c(O)cc2O)c1-c1ccc(OC)cc1,CCNC(=O)c1noc(-c2cc(Cl)c(O)cc2O)c1-c1ccc(OC)cc1,044,CHEMBL252124_0,CCNC(=O)c1noc(-c2cc(Cl)c(O)cc2O)c1-c1ccc(OC)cc1,200
2uxi_2uxi_conf0,2uxi_2uxi_conf0.mol2,[H]Oc1c([H])c([H])c(C([H])([H])C([H])([H])C(=O)c2c(O[H])c([H])c(O[H])c([H])c2O[H])c([H])c1[H],[H]Oc1c([H])c([H])c(C([H])([H])C([H])([H])C(=O)c2c(O[H])c([H])c(O[H])c([H])c2O[H])c([H])c1[H],O=C(CCc1ccc(O)cc1)c1c(O)cc(O)cc1O,O=C(CCc1ccc(O)cc1)c1c(O)cc(O)cc1O,034,CHEMBL45068_0,O=C(CCc1ccc(O)cc1)c1c(O)cc(O)cc1O,106
2uy5_2uy5_conf0,2uy5_2uy5_conf0.mol2,[H]c1nc(N([H])C([H])([H])c2oc([H])c([H])c2[H])c2nc([H])n([H])c2n1,[H]c1nc(N([H])C([H])([H])c2oc([H])c([H])c2[H])c2nc([H])n([H])c2n1,c1coc(CNc2ncnc3[nH]cnc23)c1,c1coc(CNc2ncnc3[nH]cnc23)c1,025,CHEMBL228792_0,c1coc(CNc2ncnc3[nH]cnc23)c1,68
2uyn_2uyn_conf0,2uyn_2uyn_conf0.mol2,[H]C([H])([H])C([H])([H])C(=O)C(=O)[O-],[H]C([H])([H])C([H])([H])C(=O)C(=O)[O-],CCC(=O)C(=O)[O-],CCC(=O)C(=O)[O-],012,CHEMBL171246_0,CCC(=O)C(=O)[O-],3
2uyq_2uyq_conf0,2uyq_2uyq_conf0.mol2,[H]O[C@@]1([H])[C@]([H])(n2c([H])nc3c(N([H])[H])nc([H])nc32)OC([H])([H])[C@@]1([H])O[H],[H]OC1([H])C([H])([H])OC([H])(n2c([H])nc3c(N([H])[H])nc([H])nc32)C1([H])O[H],Nc1ncnc2c1ncn2[C@@H]1OC[C@@H](O)[C@H]1O,Nc1ncnc2c1ncn2C1OCC(O)C1O,028,CHEMBL2361213_0,Nc1ncnc2c1ncn2[C@@H]1OC[C@@H](O)[C@H]1O,245
2v57_2v57_conf0,2v57_2v57_conf0.mol2,[H]c1c(N([H])[H])c([H])c2nc3c([H])c(N([H])[H])c([H])c([H])c3c([H])c2c1[H],[H]c1c(N([H])[H])c([H])c2nc3c([H])c(N([H])[H])c([H])c([H])c3c([H])c2c1[H],Nc1ccc2cc3ccc(N)cc3nc2c1,Nc1ccc2cc3ccc(N)cc3nc2c1,027,CHEMBL55400_0,Nc1ccc2cc3ccc(N)cc3nc2c1,1
2v58_2v58_conf0,2v58_2v58_conf0.mol2,[H]c1c([H])c(Br)c(-c2c(N([H])[H])nc3nc(N([H])[H])nc([H])c3c2[H])c(Br)c1[H],[H]c1c([H])c(Br)c(-c2c(N([H])[H])nc3nc(N([H])[H])nc([H])c3c2[H])c(Br)c1[H],Nc1ncc2cc(-c3c(Br)cccc3Br)c(N)nc2n1,Nc1ncc2cc(-c3c(Br)cccc3Br)c(N)nc2n1,029,CHEMBL57531_0,Nc1ncc2cc(-c3c(Br)cccc3Br)c(N)nc2n1,3
2v59_2v59_conf0,2v59_2v59_conf0.mol2,[H]c1c([H])c(OC([H])([H])[H])c(-c2c(N([H])[H])nc3nc(N([H])[H])nc([H])c3c2[H])c(OC([H])([H])[H])c1[H],[H]c1c([H])c(OC([H])([H])[H])c(-c2c(N([H])[H])nc3nc(N([H])[H])nc([H])c3c2[H])c(OC([H])([H])[H])c1[H],COc1cccc(OC)c1-c1cc2cnc(N)nc2nc1N,COc1cccc(OC)c1-c1cc2cnc(N)nc2nc1N,037,CHEMBL1234133_0,COc1cccc(OC)c1-c1cc2cnc(N)nc2nc1N,7
2vba_2vba_conf0,2vba_2vba_conf0.mol2,[H]c1c([H])c([H])c(N([H])c2nc(C([H])([H])[H])c(C(=O)C([H])([H])[H])s2)c([H])c1[H],[H]c1c([H])c([H])c(N([H])c2nc(C([H])([H])[H])c(C(=O)C([H])([H])[H])s2)c([H])c1[H],CC(=O)c1sc(Nc2ccccc2)nc1C,CC(=O)c1sc(Nc2ccccc2)nc1C,028,CHEMBL1235108_0,CC(=O)c1sc(Nc2ccccc2)nc1C,6
2vnp_2vnp_conf0,2vnp_2vnp_conf0.mol2,[H]C([H])(O[P@](=O)([O-])OP(=O)([O-])[O-])C([H])([H])[N+]([H])(C([H])([H])[H])C([H])([H])[H],[H]C([H])(OP(=O)([O-])OP(=O)([O-])[O-])C([H])([H])[N+]([H])(C([H])([H])[H])C([H])([H])[H],C[NH+](C)CCO[P@](=O)([O-])OP(=O)([O-])[O-],C[NH+](C)CCOP(=O)([O-])OP(=O)([O-])[O-],025,CHEMBL1232165_0,C[NH+](C)CCO[P@](=O)([O-])OP(=O)([O-])[O-],24
2vuk_2vuk_conf0,2vuk_2vuk_conf0.mol2,[H]c1c([H])c([H])c2c(c1[H])c1c([H])c(C([H])([H])[N+]([H])([H])C([H])([H])[H])c([H])c([H])c1n2C([H])([H])C([H])([H])[H],[H]c1c([H])c([H])c2c(c1[H])c1c([H])c(C([H])([H])[N+]([H])([H])C([H])([H])[H])c([H])c([H])c1n2C([H])([H])C([H])([H])[H],CCn1c2ccccc2c2cc(C[NH2+]C)ccc21,CCn1c2ccccc2c2cc(C[NH2+]C)ccc21,037,CHEMBL1235116_0,CCn1c2ccccc2c2cc(C[NH2+]C)ccc21,8
2vvv_2vvv_conf0,2vvv_2vvv_conf0.mol2,[H]c1c(Cl)sc(C(=O)N([H])c2nc([H])n(C([H])([H])C(=O)N([H])c3c([H])c([H])c(-n4c([H])c([H])c([H])c([H])c4=O)c([H])c3F)n2)c1[H],[H]c1c(Cl)sc(C(=O)N([H])c2nc([H])n(C([H])([H])C(=O)N([H])c3c([H])c([H])c(-n4c([H])c([H])c([H])c([H])c4=O)c([H])c3F)n2)c1[H],O=C(Cn1cnc(NC(=O)c2ccc(Cl)s2)n1)Nc1ccc(-n2ccccc2=O)cc1F,O=C(Cn1cnc(NC(=O)c2ccc(Cl)s2)n1)Nc1ccc(-n2ccccc2=O)cc1F,046,CHEMBL564248_0,O=C(Cn1cnc(NC(=O)c2ccc(Cl)s2)n1)Nc1ccc(-n2ccccc2=O)cc1F,200
2w9h_2w9h_conf0,2w9h_2w9h_conf0.mol2,[H]c1nc(N([H])[H])nc(N([H])[H])c1C([H])([H])c1c([H])c(OC([H])([H])[H])c(OC([H])([H])[H])c(OC([H])([H])[H])c1[H],[H]c1nc(N([H])[H])nc(N([H])[H])c1C([H])([H])c1c([H])c(OC([H])([H])[H])c(OC([H])([H])[H])c(OC([H])([H])[H])c1[H],COc1cc(Cc2cnc(N)nc2N)cc(OC)c1OC,COc1cc(Cc2cnc(N)nc2N)cc(OC)c1OC,039,CHEMBL22_0,COc1cc(Cc2cnc(N)nc2N)cc(OC)c1OC,200
2weh_2weh_conf0,2weh_2weh_conf0.mol2,[H]c1c([H])c([H])c(S(=O)(=O)N([H])[H])c(Cl)c1[H],[H]c1c([H])c([H])c(S(=O)(=O)N([H])[H])c(Cl)c1[H],NS(=O)(=O)c1ccccc1Cl,NS(=O)(=O)c1ccccc1Cl,017,CHEMBL367983_0,NS(=O)(=O)c1ccccc1Cl,3
2wej_2wej_conf0,2wej_2wej_conf0.mol2,[H]c1c([H])c([H])c(S(=O)(=O)N([H])[H])c([H])c1[H],[H]c1c([H])c([H])c(S(=O)(=O)N([H])[H])c([H])c1[H],NS(=O)(=O)c1ccccc1,NS(=O)(=O)c1ccccc1,017,CHEMBL27601_0,NS(=O)(=O)c1ccccc1,2
2wnj_2wnj_conf0,2wnj_2wnj_conf0.mol2,[H]/C(=C1\C(c2c([H])nc([H])c([H])c2[H])=NC([H])([H])C([H])([H])C1([H])[H])c1c([H])c([H])c(OC([H])([H])[H])c([H])c1OC([H])([H])[H],[H]C(=C1C(c2c([H])nc([H])c([H])c2[H])=NC([H])([H])C([H])([H])C1([H])[H])c1c([H])c([H])c(OC([H])([H])[H])c([H])c1OC([H])([H])[H],COc1ccc(/C=C2\CCCN=C2c2cccnc2)c(OC)c1,COc1ccc(C=C2CCCN=C2c2cccnc2)c(OC)c1,043,CHEMBL134713_0,COc1ccc(/C=C2\CCCN=C2c2cccnc2)c(OC)c1,192
2wor_2wor_conf0,2wor_2wor_conf0.mol2,[H]c1c([H])c([H])c(N([H])c2c([H])c([H])c([H])c3c([H])c([H])c([H])c(S(=O)(=O)[O-])c23)c([H])c1[H],[H]c1c([H])c([H])c(N([H])c2c([H])c([H])c([H])c3c([H])c([H])c([H])c(S(=O)(=O)[O-])c23)c([H])c1[H],O=S(=O)([O-])c1cccc2cccc(Nc3ccccc3)c12,O=S(=O)([O-])c1cccc2cccc(Nc3ccccc3)c12,033,CHEMBL285527_0,O=S(=O)([O-])c1cccc2cccc(Nc3ccccc3)c12,7
2wos_2wos_conf0,2wos_2wos_conf0.mol2,[H]c1c([H])c([H])c(N([H])c2c([H])c([H])c3c([H])c(S(=O)(=O)[O-])c([H])c([H])c3c2[H])c([H])c1[H],[H]c1c([H])c([H])c(N([H])c2c([H])c([H])c3c([H])c(S(=O)(=O)[O-])c([H])c([H])c3c2[H])c([H])c1[H],O=S(=O)([O-])c1ccc2cc(Nc3ccccc3)ccc2c1,O=S(=O)([O-])c1ccc2cc(Nc3ccccc3)ccc2c1,033,CHEMBL1160030_0,O=S(=O)([O-])c1ccc2cc(Nc3ccccc3)ccc2c1,4
2xdk_2xdk_conf0,2xdk_2xdk_conf0.mol2,[H]c1nc(N([H])[H])nc(-c2c([H])nc([H])c([H])c2[H])c1[H],[H]c1nc(N([H])[H])nc(-c2c([H])nc([H])c([H])c2[H])c1[H],Nc1nccc(-c2cccnc2)n1,Nc1nccc(-c2cccnc2)n1,021,CHEMBL1236798_0,Nc1nccc(-c2cccnc2)n1,4
2xdx_2xdx_conf0,2xdx_2xdx_conf0.mol2,[H]c1c(Cl)nc(N([H])[H])nc1-c1c([H])c([H])c([H])c([H])c1OC([H])([H])[H],[H]c1c(Cl)nc(N([H])[H])nc1-c1c([H])c([H])c([H])c([H])c1OC([H])([H])[H],COc1ccccc1-c1cc(Cl)nc(N)n1,COc1ccccc1-c1cc(Cl)nc(N)n1,026,CHEMBL1236713_0,COc1ccccc1-c1cc(Cl)nc(N)n1,5
2xht_2xht_conf0,2xht_2xht_conf0.mol2,[H]Oc1c([H])c([H])c(C(=O)N2C([H])([H])C([H])([H])OC([H])([H])C2([H])[H])c([H])c1C(C([H])([H])[H])(C([H])([H])[H])C([H])([H])[H],[H]Oc1c([H])c([H])c(C(=O)N2C([H])([H])C([H])([H])OC([H])([H])C2([H])[H])c([H])c1C(C([H])([H])[H])(C([H])([H])[H])C([H])([H])[H],CC(C)(C)c1cc(C(=O)N2CCOCC2)ccc1O,CC(C)(C)c1cc(C(=O)N2CCOCC2)ccc1O,040,CHEMBL1231552_0,CC(C)(C)c1cc(C(=O)N2CCOCC2)ccc1O,21
2xj2_2xj2_conf0,2xj2_2xj2_conf0.mol2,[H]/C(C(=O)[O-])=C(/[H])c1c([H])c([H])c([H])c(-c2nc(N3C([H])([H])C([H])([H])C([H])([H])[N@+]([H])(C([H])([H])[H])C([H])([H])C3([H])[H])c([H])nc2[H])c1[H],[H]C(C(=O)[O-])=C([H])c1c([H])c([H])c([H])c(-c2nc(N3C([H])([H])C([H])([H])C([H])([H])[N+]([H])(C([H])([H])[H])C([H])([H])C3([H])[H])c([H])nc2[H])c1[H],C[N@H+]1CCCN(c2cncc(-c3cccc(/C=C/C(=O)[O-])c3)n2)CC1,C[NH+]1CCCN(c2cncc(-c3cccc(C=CC(=O)[O-])c3)n2)CC1,047,CHEMBL493937_0,C[N@H+]1CCCN(c2cncc(-c3cccc(/C=C/C(=O)[O-])c3)n2)CC1,200
2xjg_2xjg_conf0,2xjg_2xjg_conf0.mol2,[H]Oc1c([H])c(OC([H])([H])[H])c(C([H])(C([H])([H])[H])C([H])([H])[H])c([H])c1C(=O)N1C([H])([H])c2c([H])c([H])c([H])c([H])c2C1([H])[H],[H]Oc1c([H])c(OC([H])([H])[H])c(C([H])(C([H])([H])[H])C([H])([H])[H])c([H])c1C(=O)N1C([H])([H])c2c([H])c([H])c([H])c([H])c2C1([H])[H],COc1cc(O)c(C(=O)N2Cc3ccccc3C2)cc1C(C)C,COc1cc(O)c(C(=O)N2Cc3ccccc3C2)cc1C(C)C,044,CHEMBL1215468_0,COc1cc(O)c(C(=O)N2Cc3ccccc3C2)cc1C(C)C,29
2xjj_2xjj_conf0,2xjj_2xjj_conf0.mol2,[H]Oc1c([H])c2c(c([H])c1C(=O)N1C([H])([H])c3c([H])c([H])c([H])c([H])c3C1([H])[H])C(C([H])([H])[H])(C([H])([H])[H])C([H])([H])N2[H],[H]Oc1c([H])c2c(c([H])c1C(=O)N1C([H])([H])c3c([H])c([H])c([H])c([H])c3C1([H])[H])C(C([H])([H])[H])(C([H])([H])[H])C([H])([H])N2[H],CC1(C)CNc2cc(O)c(C(=O)N3Cc4ccccc4C3)cc21,CC1(C)CNc2cc(O)c(C(=O)N3Cc4ccccc4C3)cc21,043,CHEMBL1215538_0,CC1(C)CNc2cc(O)c(C(=O)N3Cc4ccccc4C3)cc21,18
2xn3_2xn3_conf0,2xn3_2xn3_conf0.mol2,[H]c1c([H])c([H])c(N([H])c2c([H])c([H])c([H])c(C([H])([H])[H])c2C([H])([H])[H])c(C(=O)[O-])c1[H],[H]c1c([H])c([H])c(N([H])c2c([H])c([H])c([H])c(C([H])([H])[H])c2C([H])([H])[H])c(C(=O)[O-])c1[H],Cc1cccc(Nc2ccccc2C(=O)[O-])c1C,Cc1cccc(Nc2ccccc2C(=O)[O-])c1C,032,CHEMBL686_0,Cc1cccc(Nc2ccccc2C(=O)[O-])c1C,51
2xn5_2xn5_conf0,2xn5_2xn5_conf0.mol2,[H]c1oc(C([H])([H])N([H])c2c([H])c(Cl)c(S(=O)(=O)N([H])[H])c([H])c2C(=O)[O-])c([H])c1[H],[H]c1oc(C([H])([H])N([H])c2c([H])c(Cl)c(S(=O)(=O)N([H])[H])c([H])c2C(=O)[O-])c([H])c1[H],NS(=O)(=O)c1cc(C(=O)[O-])c(NCc2ccco2)cc1Cl,NS(=O)(=O)c1cc(C(=O)[O-])c(NCc2ccco2)cc1Cl,031,CHEMBL35_0,NS(=O)(=O)c1cc(C(=O)[O-])c(NCc2ccco2)cc1Cl,200
2xp7_2xp7_conf0,2xp7_2xp7_conf0.mol2,[H]c1c([H])c([H])c(-c2nc(C(=O)[O-])c(C(=O)[O-])n2[H])c([H])c1[H],[H]c1c([H])c([H])c(-c2nc(C(=O)[O-])c(C(=O)[O-])n2[H])c([H])c1[H],O=C([O-])c1nc(-c2ccccc2)[nH]c1C(=O)[O-],O=C([O-])c1nc(-c2ccccc2)[nH]c1C(=O)[O-],023,CHEMBL1230276_0,O=C([O-])c1nc(-c2ccccc2)[nH]c1C(=O)[O-],2
2y8c_2y8c_conf0,2y8c_2y8c_conf0.mol2,[H]OC([H])([H])C([H])([H])N([H])C(=O)[C@@]([H])(C([H])([H])n1c([H])c([H])c(=O)n([H])c1=O)C([H])([H])C([H])([H])OC(c1c([H])c([H])c([H])c([H])c1[H])(c1c([H])c([H])c([H])c([H])c1[H])c1c([H])c([H])c([H])c([H])c1[H],[H]OC([H])([H])C([H])([H])N([H])C(=O)C([H])(C([H])([H])n1c([H])c([H])c(=O)n([H])c1=O)C([H])([H])C([H])([H])OC(c1c([H])c([H])c([H])c([H])c1[H])(c1c([H])c([H])c([H])c([H])c1[H])c1c([H])c([H])c([H])c([H])c1[H],O=C(NCCO)[C@H](CCOC(c1ccccc1)(c1ccccc1)c1ccccc1)Cn1ccc(=O)[nH]c1=O,O=C(NCCO)C(CCOC(c1ccccc1)(c1ccccc1)c1ccccc1)Cn1ccc(=O)[nH]c1=O,069,CHEMBL1766643_0,O=C(NCCO)[C@H](CCOC(c1ccccc1)(c1ccccc1)c1ccccc1)Cn1ccc(=O)[nH]c1=O,140
2yi0_2yi0_conf0,2yi0_2yi0_conf0.mol2,[H]Oc1c([H])c(O[H])c(-c2nnsc2-c2c([H])c([H])c(OC([H])([H])[H])c([H])c2[H])c([H])c1Cl,[H]Oc1c([H])c(O[H])c(-c2nnsc2-c2c([H])c([H])c(OC([H])([H])[H])c([H])c2[H])c([H])c1Cl,COc1ccc(-c2snnc2-c2cc(Cl)c(O)cc2O)cc1,COc1ccc(-c2snnc2-c2cc(Cl)c(O)cc2O)cc1,033,CHEMBL454733_0,COc1ccc(-c2snnc2-c2cc(Cl)c(O)cc2O)cc1,96
2yi7_2yi7_conf0,2yi7_2yi7_conf0.mol2,[H]Oc1c([H])c(O[H])c(-c2nnsc2-c2c([H])c([H])c(OC([H])([H])C([H])([H])[H])c([H])c2[H])c([H])c1Cl,[H]Oc1c([H])c(O[H])c(-c2nnsc2-c2c([H])c([H])c(OC([H])([H])C([H])([H])[H])c([H])c2[H])c([H])c1Cl,CCOc1ccc(-c2snnc2-c2cc(Cl)c(O)cc2O)cc1,CCOc1ccc(-c2snnc2-c2cc(Cl)c(O)cc2O)cc1,036,CHEMBL517583_0,CCOc1ccc(-c2snnc2-c2cc(Cl)c(O)cc2O)cc1,200
2yix_2yix_conf0,2yix_2yix_conf0.mol2,[H]c1c([H])c([H])c(C([H])([H])N([H])C(=O)N([H])C([H])([H])C([H])([H])[H])c(Sc2c([H])c([H])c3nnc(C([H])(C([H])([H])[H])C([H])([H])[H])n3c2[H])c1[H],[H]c1c([H])c([H])c(C([H])([H])N([H])C(=O)N([H])C([H])([H])C([H])([H])[H])c(Sc2c([H])c([H])c3nnc(C([H])(C([H])([H])[H])C([H])([H])[H])n3c2[H])c1[H],CCNC(=O)NCc1ccccc1Sc1ccc2nnc(C(C)C)n2c1,CCNC(=O)NCc1ccccc1Sc1ccc2nnc(C(C)C)n2c1,049,CHEMBL1938764_0,CCNC(=O)NCc1ccccc1Sc1ccc2nnc(C(C)C)n2c1,47
2yz3_2yz3_conf0,2yz3_2yz3_conf0.mol2,[H]SC([H])([H])[C@]([H])(C(=O)[O-])C([H])([H])C([H])([H])C([H])([H])c1c([H])c([H])c([H])c([H])c1[H],[H]SC([H])([H])C([H])(C(=O)[O-])C([H])([H])C([H])([H])C([H])([H])c1c([H])c([H])c([H])c([H])c1[H],O=C([O-])[C@@H](CS)CCCc1ccccc1,O=C([O-])C(CS)CCCc1ccccc1,030,CHEMBL172116_0,O=C([O-])[C@@H](CS)CCCc1ccccc1,200
2z1w_2z1w_conf0,2z1w_2z1w_conf0.mol2,[H]n1c(C([H])([H])C([H])([H])C([H])([H])C([H])([H])[H])nc2c(=O)n([H])n([H])c(=O)c21,[H]n1c(C([H])([H])C([H])([H])C([H])([H])C([H])([H])[H])nc2c(=O)n([H])n([H])c(=O)c21,CCCCc1nc2c(=O)[nH][nH]c(=O)c2[nH]1,CCCCc1nc2c(=O)[nH][nH]c(=O)c2[nH]1,027,CHEMBL280051_0,CCCCc1nc2c(=O)[nH][nH]c(=O)c2[nH]1,28
2za0_2za0_conf0,2za0_2za0_conf0.mol2,[H]Oc1c([H])c(C([H])([H])[H])c([H])c(Oc2c([H])c(O[H])c(C(=O)OC([H])([H])[H])c(C([H])([H])[H])c2[H])c1O[H],[H]Oc1c([H])c(C([H])([H])[H])c([H])c(Oc2c([H])c(O[H])c(C(=O)OC([H])([H])[H])c(C([H])([H])[H])c2[H])c1O[H],COC(=O)c1c(C)cc(Oc2cc(C)cc(O)c2O)cc1O,COC(=O)c1c(C)cc(Oc2cc(C)cc(O)c2O)cc1O,038,CHEMBL1234300_0,COC(=O)c1c(C)cc(Oc2cc(C)cc(O)c2O)cc1O,60
2za5_2za5_conf0,2za5_2za5_conf0.mol2,[H]c1c(C#Cc2c([H])c([H])c([H])c([H])c2[H])oc(C(=O)N2C([H])([H])C([H])([H])C3(c4c([H])c(C([H])([H])[N+]([H])([H])[H])c([H])c([H])c4OC3([H])[H])C([H])([H])C2([H])[H])c1[H],[H]c1c(C#Cc2c([H])c([H])c([H])c([H])c2[H])oc(C(=O)N2C([H])([H])C([H])([H])C3(c4c([H])c(C([H])([H])[N+]([H])([H])[H])c([H])c([H])c4OC3([H])[H])C([H])([H])C2([H])[H])c1[H],[NH3+]Cc1ccc2c(c1)C1(CCN(C(=O)c3ccc(C#Cc4ccccc4)o3)CC1)CO2,[NH3+]Cc1ccc2c(c1)C1(CCN(C(=O)c3ccc(C#Cc4ccccc4)o3)CC1)CO2,056,CHEMBL255590_0,[NH3+]Cc1ccc2c(c1)C1(CCN(C(=O)c3ccc(C#Cc4ccccc4)o3)CC1)CO2,200
2zcs_2zcs_conf0,2zcs_2zcs_conf0.mol2,[H]c1c([H])c([H])c(-c2c([H])c([H])c(C([H])([H])C([H])([H])C([H])([H])[C@]([H])(P(=O)([O-])[O-])S(=O)(=O)[O-])c([H])c2[H])c([H])c1[H],[H]c1c([H])c([H])c(-c2c([H])c([H])c(C([H])([H])C([H])([H])C([H])([H])C([H])(P(=O)([O-])[O-])S(=O)(=O)[O-])c([H])c2[H])c([H])c1[H],O=P([O-])([O-])[C@@H](CCCc1ccc(-c2ccccc2)cc1)S(=O)(=O)[O-],O=P([O-])([O-])C(CCCc1ccc(-c2ccccc2)cc1)S(=O)(=O)[O-],040,CHEMBL347175_0,O=P([O-])([O-])[C@@H](CCCc1ccc(-c2ccccc2)cc1)S(=O)(=O)[O-],43
3acx_3acx_conf0,3acx_3acx_conf0.mol2,[H]C([H])=C([H])C([H])([H])c1c([H])c(-c2c([H])c([H])c([H])c([H])c2[H])c([H])c([H])c1OC([H])([H])C([H])([H])C([H])([H])[N+]([H])([H])C([H])(C([H])([H])[H])C([H])([H])[H],[H]C([H])=C([H])C([H])([H])c1c([H])c(-c2c([H])c([H])c([H])c([H])c2[H])c([H])c([H])c1OC([H])([H])C([H])([H])C([H])([H])[N+]([H])([H])C([H])(C([H])([H])[H])C([H])([H])[H],C=CCc1cc(-c2ccccc2)ccc1OCCC[NH2+]C(C)C,C=CCc1cc(-c2ccccc2)ccc1OCCC[NH2+]C(C)C,051,CHEMBL131973_0,C=CCc1cc(-c2ccccc2)ccc1OCCC[NH2+]C(C)C,200
3ai8_3ai8_conf0,3ai8_3ai8_conf0.mol2,[H]Oc1c([H])c([H])c([N+](=O)[O-])c2c([H])c([H])c([H])nc12,[H]Oc1c([H])c([H])c([N+](=O)[O-])c2c([H])c([H])c([H])nc12,O=[N+]([O-])c1ccc(O)c2ncccc12,O=[N+]([O-])c1ccc(O)c2ncccc12,020,CHEMBL1454910_1,O=[N+]([O-])c1ccc(O)c2ncccc12,2
3ao2_3ao2_conf0,3ao2_3ao2_conf0.mol2,[H]c1c(Br)c2c(c([H])c1-c1nn(C([H])([H])[H])c(N([H])[H])c1[H])OC([H])([H])O2,[H]c1c(Br)c2c(c([H])c1-c1nn(C([H])([H])[H])c(N([H])[H])c1[H])OC([H])([H])O2,Cn1nc(-c2cc(Br)c3c(c2)OCO3)cc1N,Cn1nc(-c2cc(Br)c3c(c2)OCO3)cc1N,027,CHEMBL1614842_0,Cn1nc(-c2cc(Br)c3c(c2)OCO3)cc1N,5
3aqt_3aqt_conf0,3aqt_3aqt_conf0.mol2,[H]Oc1c([H])c([H])c([H])c(O[H])c1[H],[H]Oc1c([H])c([H])c([H])c(O[H])c1[H],Oc1cccc(O)c1,Oc1cccc(O)c1,014,CHEMBL24147_0,Oc1cccc(O)c1,3
3arx_3arx_conf0,3arx_3arx_conf0.mol2,[H]c1nc2c(c(=O)n(C([H])([H])C([H])([H])C([H])([H])C([H])([H])C(=O)C([H])([H])[H])c(=O)n2C([H])([H])[H])n1C([H])([H])C([H])([H])C([H])([H])[H],[H]c1nc2c(c(=O)n(C([H])([H])C([H])([H])C([H])([H])C([H])([H])C(=O)C([H])([H])[H])c(=O)n2C([H])([H])[H])n1C([H])([H])C([H])([H])C([H])([H])[H],CCCn1cnc2c1c(=O)n(CCCCC(C)=O)c(=O)n2C,CCCn1cnc2c1c(=O)n(CCCCC(C)=O)c(=O)n2C,044,CHEMBL1079905_0,CCCn1cnc2c1c(=O)n(CCCCC(C)=O)c(=O)n2C,121
3b24_3b24_conf0,3b24_3b24_conf0.mol2,[H]N([H])c1nc(SC([H])([H])C([H])([H])[H])nc(C([H])([H])[H])n1,[H]N([H])c1nc(SC([H])([H])C([H])([H])[H])nc(C([H])([H])[H])n1,CCSc1nc(C)nc(N)n1,CCSc1nc(C)nc(N)n1,021,CHEMBL1834390_0,CCSc1nc(C)nc(N)n1,7
3b25_3b25_conf0,3b25_3b25_conf0.mol2,[H]c1c(C([H])([H])[H])nc(N([H])[H])nc1S(=O)(=O)c1c([H])c([H])c(C([H])([H])[H])c([H])c1[H],[H]c1c(C([H])([H])[H])nc(N([H])[H])nc1S(=O)(=O)c1c([H])c([H])c(C([H])([H])[H])c([H])c1[H],Cc1ccc(S(=O)(=O)c2cc(C)nc(N)n2)cc1,Cc1ccc(S(=O)(=O)c2cc(C)nc(N)n2)cc1,031,CHEMBL1834091_0,Cc1ccc(S(=O)(=O)c2cc(C)nc(N)n2)cc1,5
3b26_3b26_conf0,3b26_3b26_conf0.mol2,[H]c1c(-c2c([H])c([H])c3c4c(c([H])c([H])c([H])c24)C([H])([H])OC3([H])[H])nc(N([H])[H])nc1C([H])([H])[H],[H]c1c(-c2c([H])c([H])c3c4c(c([H])c([H])c([H])c24)C([H])([H])OC3([H])[H])nc(N([H])[H])nc1C([H])([H])[H],Cc1cc(-c2ccc3c4c(cccc24)COC3)nc(N)n1,Cc1cc(-c2ccc3c4c(cccc24)COC3)nc(N)n1,036,CHEMBL1834093_0,Cc1cc(-c2ccc3c4c(cccc24)COC3)nc(N)n1,4
3b66_3b66_conf0,3b66_3b66_conf0.mol2,[H]O[C@@](C(=O)N([H])c1c([H])c([H])c(C#N)c(C(F)(F)F)c1[H])(C([H])([H])[H])C([H])([H])Oc1c([H])c([H])c([N+](=O)[O-])c([H])c1[H],[H]OC(C(=O)N([H])c1c([H])c([H])c(C#N)c(C(F)(F)F)c1[H])(C([H])([H])[H])C([H])([H])Oc1c([H])c([H])c([N+](=O)[O-])c([H])c1[H],C[C@](O)(COc1ccc([N+](=O)[O-])cc1)C(=O)Nc1ccc(C#N)c(C(F)(F)F)c1,CC(O)(COc1ccc([N+](=O)[O-])cc1)C(=O)Nc1ccc(C#N)c(C(F)(F)F)c1,043,CHEMBL470590_0,C[C@](O)(COc1ccc([N+](=O)[O-])cc1)C(=O)Nc1ccc(C#N)c(C(F)(F)F)c1,200
3b7j_3b7j_conf0,3b7j_3b7j_conf0.mol2,[H]Oc1c([H])c([H])c([H])c2c1C(=O)C([H])=C([H])C2=O,[H]Oc1c([H])c([H])c([H])c2c1C(=O)C([H])=C([H])C2=O,O=C1C=CC(=O)c2c(O)cccc21,O=C1C=CC(=O)c2c(O)cccc21,019,CHEMBL43612_1,O=C1C=CC(=O)c2c(O)cccc21,2
3b92_3b92_conf0,3b92_3b92_conf0.mol2,[H]SC([H])([H])C([H])([H])C([H])([H])S(=O)(=O)c1c([H])c([H])c(OC([H])([H])C#CC([H])([H])[H])c([H])c1[H],[H]SC([H])([H])C([H])([H])C([H])([H])S(=O)(=O)c1c([H])c([H])c(OC([H])([H])C#CC([H])([H])[H])c([H])c1[H],CC#CCOc1ccc(S(=O)(=O)CCCS)cc1,CC#CCOc1ccc(S(=O)(=O)CCCS)cc1,034,CHEMBL402747_0,CC#CCOc1ccc(S(=O)(=O)CCCS)cc1,200
3bgc_3bgc_conf0,3bgc_3bgc_conf0.mol2,[H]c1c([H])c([H])c(C([H])([H])N(C([H])([H])C([H])([H])[N+]([H])([H])C([H])([H])C([H])([H])N(C([H])([H])c2c([H])c([H])c([H])c([H])c2[H])S(=O)(=O)c2c([H])c([H])c(N([H])[H])c([H])c2[H])S(=O)(=O)c2c([H])c([H])c(N([H])[H])c([H])c2[H])c([H])c1[H],[H]c1c([H])c([H])c(C([H])([H])N(C([H])([H])C([H])([H])[N+]([H])([H])C([H])([H])C([H])([H])N(C([H])([H])c2c([H])c([H])c([H])c([H])c2[H])S(=O)(=O)c2c([H])c([H])c(N([H])[H])c([H])c2[H])S(=O)(=O)c2c([H])c([H])c(N([H])[H])c([H])c2[H])c([H])c1[H],Nc1ccc(S(=O)(=O)N(CC[NH2+]CCN(Cc2ccccc2)S(=O)(=O)c2ccc(N)cc2)Cc2ccccc2)cc1,Nc1ccc(S(=O)(=O)N(CC[NH2+]CCN(Cc2ccccc2)S(=O)(=O)c2ccc(N)cc2)Cc2ccccc2)cc1,077,CHEMBL519079_0,Nc1ccc(S(=O)(=O)N(CC[NH2+]CCN(Cc2ccccc2)S(=O)(=O)c2ccc(N)cc2)Cc2ccccc2)cc1,117
3bgq_3bgq_conf0,3bgq_3bgq_conf0.mol2,[H]c1c([H])c(-c2nnc3c([H])c([H])c(N([H])C4([H])C([H])([H])C([H])([H])C([H])([H])C([H])([H])C4([H])[H])nn23)c([H])c(C(F)(F)F)c1[H],[H]c1c([H])c(-c2nnc3c([H])c([H])c(N([H])C4([H])C([H])([H])C([H])([H])C([H])([H])C([H])([H])C4([H])[H])nn23)c([H])c(C(F)(F)F)c1[H],FC(F)(F)c1cccc(-c2nnc3ccc(NC4CCCCC4)nn23)c1,FC(F)(F)c1cccc(-c2nnc3ccc(NC4CCCCC4)nn23)c1,044,CHEMBL494360_0,FC(F)(F)c1cccc(-c2nnc3ccc(NC4CCCCC4)nn23)c1,200
3bl0_3bl0_conf0,3bl0_3bl0_conf0.mol2,[H]N([H])S(=O)(=O)C([H])([H])c1nnc(N(C([H])([H])[H])C([H])([H])[H])s1,[H]N([H])S(=O)(=O)C([H])([H])c1nnc(N(C([H])([H])[H])C([H])([H])[H])s1,CN(C)c1nnc(CS(N)(=O)=O)s1,CN(C)c1nnc(CS(N)(=O)=O)s1,023,CHEMBL403287_0,CN(C)c1nnc(CS(N)(=O)=O)s1,89
3bl1_3bl1_conf0,3bl1_3bl1_conf0.mol2,[H]c1c([H])c([H])c2c(c1[H])N(N([H])C(=O)c1c([H])c([H])c(Cl)c(S(=O)(=O)N([H])[H])c1[H])[C@@]([H])(C([H])([H])[H])C2([H])[H],[H]c1c([H])c([H])c2c(c1[H])N(N([H])C(=O)c1c([H])c([H])c(Cl)c(S(=O)(=O)N([H])[H])c1[H])C([H])(C([H])([H])[H])C2([H])[H],C[C@H]1Cc2ccccc2N1NC(=O)c1ccc(Cl)c(S(N)(=O)=O)c1,CC1Cc2ccccc2N1NC(=O)c1ccc(Cl)c(S(N)(=O)=O)c1,040,CHEMBL406_0,C[C@H]1Cc2ccccc2N1NC(=O)c1ccc(Cl)c(S(N)(=O)=O)c1,148
3bqc_3bqc_conf0,3bqc_3bqc_conf0.mol2,[H]Oc1c([H])c(O[H])c2c(c1[H])C(=O)c1c([H])c(C([H])([H])[H])c([H])c(O[H])c1C2=O,[H]Oc1c([H])c(O[H])c2c(c1[H])C(=O)c1c([H])c(C([H])([H])[H])c([H])c(O[H])c1C2=O,Cc1cc(O)c2c(c1)C(=O)c1cc(O)cc(O)c1C2=O,Cc1cc(O)c2c(c1)C(=O)c1cc(O)cc(O)c1C2=O,030,CHEMBL289277_1,Cc1cc(O)c2c(c1)C(=O)c1cc(O)cc(O)c1C2=O,2
3bra_3bra_conf0,3bra_3bra_conf0.mol2,[H]Oc1c([H])c([H])c(C([H])([H])C([H])([H])[N+]([H])([H])[H])c([H])c1[H],[H]Oc1c([H])c([H])c(C([H])([H])C([H])([H])[N+]([H])([H])[H])c([H])c1[H],[NH3+]CCc1ccc(O)cc1,[NH3+]CCc1ccc(O)cc1,022,CHEMBL11608_0,[NH3+]CCc1ccc(O)cc1,14
3brn_3brn_conf0,3brn_3brn_conf0.mol2,[H]Oc1c([H])c([H])c2c(c1[H])c(C([H])([H])C([H])([H])[N+]([H])([H])[H])c([H])n2[H],[H]Oc1c([H])c([H])c2c(c1[H])c(C([H])([H])C([H])([H])[N+]([H])([H])[H])c([H])n2[H],[NH3+]CCc1c[nH]c2ccc(O)cc12,[NH3+]CCc1c[nH]c2ccc(O)cc12,026,CHEMBL39_0,[NH3+]CCc1c[nH]c2ccc(O)cc12,30
3buf_3buf_conf0,3buf_3buf_conf0.mol2,[H]Oc1c([H])c([H])c(C([H])([H])[C@@]([H])(C([H])([H])[H])[N+]([H])([H])[H])c([H])c1[H],[H]Oc1c([H])c([H])c(C([H])([H])C([H])(C([H])([H])[H])[N+]([H])([H])[H])c([H])c1[H],C[C@@H]([NH3+])Cc1ccc(O)cc1,CC([NH3+])Cc1ccc(O)cc1,025,CHEMBL1546_0,C[C@@H]([NH3+])Cc1ccc(O)cc1,10
3bug_3bug_conf0,3bug_3bug_conf0.mol2,[H]Oc1c([H])c([H])c(C([H])([H])C([H])([H])[N+]([H])([H])[H])c([H])c1C([H])([H])C([H])([H])[H],[H]Oc1c([H])c([H])c(C([H])([H])C([H])([H])[N+]([H])([H])[H])c([H])c1C([H])([H])C([H])([H])[H],CCc1cc(CC[NH3+])ccc1O,CCc1cc(CC[NH3+])ccc1O,028,CHEMBL255750_0,CCc1cc(CC[NH3+])ccc1O,84
3buh_3buh_conf0,3buh_3buh_conf0.mol2,[H]Oc1c([H])c([H])c(C([H])([H])C([H])([H])[N+]([H])([H])[H])c([H])c1C1([H])C([H])([H])C([H])([H])C([H])([H])C([H])([H])C1([H])[H],[H]Oc1c([H])c([H])c(C([H])([H])C([H])([H])[N+]([H])([H])[H])c([H])c1C1([H])C([H])([H])C([H])([H])C([H])([H])C([H])([H])C1([H])[H],[NH3+]CCc1ccc(O)c(C2CCCCC2)c1,[NH3+]CCc1ccc(O)c(C2CCCCC2)c1,038,CHEMBL404150_0,[NH3+]CCc1ccc(O)c(C2CCCCC2)c1,125
3bxe_3bxe_conf0,3bxe_3bxe_conf0.mol2,[H]OC([H])([H])C(=O)C([H])([H])OP(=O)([O-])[O-],[H]OC([H])([H])C(=O)C([H])([H])OP(=O)([O-])[O-],O=C(CO)COP(=O)([O-])[O-],O=C(CO)COP(=O)([O-])[O-],015,CHEMBL1161998_0,O=C(CO)COP(=O)([O-])[O-],7
3c2o_3c2o_conf0,3c2o_3c2o_conf0.mol2,[H]c1nc(C(=O)[O-])c(C(=O)[O-])c([H])c1[H],[H]c1nc(C(=O)[O-])c(C(=O)[O-])c([H])c1[H],O=C([O-])c1cccnc1C(=O)[O-],O=C([O-])c1cccnc1C(=O)[O-],015,CHEMBL286204_0,O=C([O-])c1cccnc1C(=O)[O-],3
3c2r_3c2r_conf0,3c2r_3c2r_conf0.mol2,[H]c1c([H])c([H])c(C(=O)[O-])c(C(=O)[O-])c1[H],[H]c1c([H])c([H])c(C(=O)[O-])c(C(=O)[O-])c1[H],O=C([O-])c1ccccc1C(=O)[O-],O=C([O-])c1ccccc1C(=O)[O-],016,CHEMBL1045_0,O=C([O-])c1ccccc1C(=O)[O-],2
3c39_3c39_conf0,3c39_3c39_conf0.mol2,[H]O[C@@]([H])(C(=O)[O-])C([H])([H])OP(=O)([O-])[O-],[H]OC([H])(C(=O)[O-])C([H])([H])OP(=O)([O-])[O-],O=C([O-])[C@H](O)COP(=O)([O-])[O-],O=C([O-])C(O)COP(=O)([O-])[O-],015,CHEMBL87788_0,O=C([O-])[C@H](O)COP(=O)([O-])[O-],134
3c4h_3c4h_conf0,3c4h_3c4h_conf0.mol2,[H]n1c(C([H])([H])[H])nc2c(c1=O)C([H])([H])SC([H])([H])C2([H])[H],[H]n1c(C([H])([H])[H])nc2c(c1=O)C([H])([H])SC([H])([H])C2([H])[H],Cc1nc2c(c(=O)[nH]1)CSCC2,Cc1nc2c(c(=O)[nH]1)CSCC2,022,CHEMBL483348_0,Cc1nc2c(c(=O)[nH]1)CSCC2,4
3c79_3c79_conf0,3c79_3c79_conf0.mol2,[H]c1nc(Cl)c([H])c([H])c1C([H])([H])n1c(N([H])[N+](=O)[O-])nc([H])c1[H],[H]c1nc(Cl)c([H])c([H])c1C([H])([H])n1c(N([H])[N+](=O)[O-])nc([H])c1[H],O=[N+]([O-])Nc1nccn1Cc1ccc(Cl)nc1,O=[N+]([O-])Nc1nccn1Cc1ccc(Cl)nc1,025,CHEMBL95367_0,O=[N+]([O-])Nc1nccn1Cc1ccc(Cl)nc1,90
3c84_3c84_conf0,3c84_3c84_conf0.mol2,[H]c1nc(Cl)c([H])c([H])c1C([H])([H])N1/C(=N/C#N)SC([H])([H])C1([H])[H],[H]c1nc(Cl)c([H])c([H])c1C([H])([H])N1C(=NC#N)SC([H])([H])C1([H])[H],N#C/N=C1\SCCN1Cc1ccc(Cl)nc1,N#CN=C1SCCN1Cc1ccc(Cl)nc1,025,CHEMBL451432_0,N#C/N=C1\SCCN1Cc1ccc(Cl)nc1,52
3cf8_3cf8_conf0,3cf8_3cf8_conf0.mol2,[H]Oc1c([H])c([H])c(-c2oc3c([H])c(O[H])c([H])c(O[H])c3c(=O)c2O[H])c([H])c1O[H],[H]Oc1c([H])c([H])c(-c2oc3c([H])c(O[H])c([H])c(O[H])c3c(=O)c2O[H])c([H])c1O[H],O=c1c(O)c(-c2ccc(O)c(O)c2)oc2cc(O)cc(O)c12,O=c1c(O)c(-c2ccc(O)c(O)c2)oc2cc(O)cc(O)c12,032,CHEMBL50_1,O=c1c(O)c(-c2ccc(O)c(O)c2)oc2cc(O)cc(O)c12,88
3cfn_3cfn_conf0,3cfn_3cfn_conf0.mol2,[H]c1c([H])c([H])c(N([H])c2c([H])c([H])c([H])c3c([H])c([H])c([H])c(S(=O)(=O)[O-])c23)c([H])c1[H],[H]c1c([H])c([H])c(N([H])c2c([H])c([H])c([H])c3c([H])c([H])c([H])c(S(=O)(=O)[O-])c23)c([H])c1[H],O=S(=O)([O-])c1cccc2cccc(Nc3ccccc3)c12,O=S(=O)([O-])c1cccc2cccc(Nc3ccccc3)c12,033,CHEMBL285527_0,O=S(=O)([O-])c1cccc2cccc(Nc3ccccc3)c12,7
3cj5_3cj5_conf0,3cj5_3cj5_conf0.mol2,[H]c1c([H])c(N([H])C(=O)C([H])([H])C([H])([H])C(=O)N2C([H])([H])C([H])([H])OC([H])([H])C2([H])[H])c(C(=O)N2C([H])([H])[C@]([H])(C([H])([H])[H])C([H])([H])[C@]([H])(C([H])([H])[H])C2([H])[H])c([H])c1Br,[H]c1c([H])c(N([H])C(=O)C([H])([H])C([H])([H])C(=O)N2C([H])([H])C([H])([H])OC([H])([H])C2([H])[H])c(C(=O)N2C([H])([H])C([H])(C([H])([H])[H])C([H])([H])C([H])(C([H])([H])[H])C2([H])[H])c([H])c1Br,C[C@@H]1C[C@H](C)CN(C(=O)c2cc(Br)ccc2NC(=O)CCC(=O)N2CCOCC2)C1,CC1CC(C)CN(C(=O)c2cc(Br)ccc2NC(=O)CCC(=O)N2CCOCC2)C1,060,CHEMBL402315_0,C[C@@H]1C[C@H](C)CN(C(=O)c2cc(Br)ccc2NC(=O)CCC(=O)N2CCOCC2)C1,151
3cs7_3cs7_conf0,3cs7_3cs7_conf0.mol2,[H]c1c([H])c(-n2nc(C(F)(F)F)c3c2C(=O)N(c2c([H])c([H])c(C4(C([H])([H])[N+]5([H])C([H])([H])C([H])([H])C([H])([H])C5([H])[H])C([H])([H])C4([H])[H])c([H])c2[H])C([H])([H])C3([H])[H])c([H])c([H])c1OC([H])([H])[H],[H]c1c([H])c(-n2nc(C(F)(F)F)c3c2C(=O)N(c2c([H])c([H])c(C4(C([H])([H])[N+]5([H])C([H])([H])C([H])([H])C([H])([H])C5([H])[H])C([H])([H])C4([H])[H])c([H])c2[H])C([H])([H])C3([H])[H])c([H])c([H])c1OC([H])([H])[H],COc1ccc(-n2nc(C(F)(F)F)c3c2C(=O)N(c2ccc(C4(C[NH+]5CCCC5)CC4)cc2)CC3)cc1,COc1ccc(-n2nc(C(F)(F)F)c3c2C(=O)N(c2ccc(C4(C[NH+]5CCCC5)CC4)cc2)CC3)cc1,067,CHEMBL461091_0,COc1ccc(-n2nc(C(F)(F)F)c3c2C(=O)N(c2ccc(C4(C[NH+]5CCCC5)CC4)cc2)CC3)cc1,200
3cz1_3cz1_conf0,3cz1_3cz1_conf0.mol2,[H]c1c([H])c([H])c(S(=O)(=O)N([H])C([H])([H])C([H])([H])C([H])([H])C([H])([H])[H])c([H])c1[H],[H]c1c([H])c([H])c(S(=O)(=O)N([H])C([H])([H])C([H])([H])C([H])([H])C([H])([H])[H])c([H])c1[H],CCCCNS(=O)(=O)c1ccccc1,CCCCNS(=O)(=O)c1ccccc1,029,CHEMBL479880_0,CCCCNS(=O)(=O)c1ccccc1,125
3czv_3czv_conf0,3czv_3czv_conf0.mol2,[H]N(C(=O)C([H])([H])[H])c1nnc(S(=O)(=O)N([H])[H])s1,[H]N(C(=O)C([H])([H])[H])c1nnc(S(=O)(=O)N([H])[H])s1,CC(=O)Nc1nnc(S(N)(=O)=O)s1,CC(=O)Nc1nnc(S(N)(=O)=O)s1,019,CHEMBL20_0,CC(=O)Nc1nnc(S(N)(=O)=O)s1,7
3d0b_3d0b_conf0,3d0b_3d0b_conf0.mol2,[H]c1c([H])c(-n2c3c(c4c([H])c([H])c([H])c([H])c42)C(=O)C([H])([H])C([H])([H])C3([H])[H])c([H])c(N([H])C([H])([H])C([H])([H])OC([H])([H])[H])c1C(=O)N([H])[H],[H]c1c([H])c(-n2c3c(c4c([H])c([H])c([H])c([H])c42)C(=O)C([H])([H])C([H])([H])C3([H])[H])c([H])c(N([H])C([H])([H])C([H])([H])OC([H])([H])[H])c1C(=O)N([H])[H],COCCNc1cc(-n2c3c(c4ccccc42)C(=O)CCC3)ccc1C(N)=O,COCCNc1cc(-n2c3c(c4ccccc42)C(=O)CCC3)ccc1C(N)=O,051,CHEMBL410448_0,COCCNc1cc(-n2c3c(c4ccccc42)C(=O)CCC3)ccc1C(N)=O,200
3d78_3d78_conf0,3d78_3d78_conf0.mol2,[H]c1c([H])c([H])c(S(=O)(=O)N([H])C([H])([H])C([H])([H])C([H])([H])C([H])([H])[H])c([H])c1[H],[H]c1c([H])c([H])c(S(=O)(=O)N([H])C([H])([H])C([H])([H])C([H])([H])C([H])([H])[H])c([H])c1[H],CCCCNS(=O)(=O)c1ccccc1,CCCCNS(=O)(=O)c1ccccc1,029,CHEMBL479880_0,CCCCNS(=O)(=O)c1ccccc1,125
3d83_3d83_conf0,3d83_3d83_conf0.mol2,[H]c1nc(N2C([H])([H])C([H])([H])OC([H])([H])C2([H])[H])c([H])c(C(=O)N([H])c2c([H])c([H])c(C([H])([H])[H])c(-c3c([H])c([H])c(C(=O)N([H])C([H])([H])C4([H])C([H])([H])C4([H])[H])c([H])c3[H])c2[H])c1[H],[H]c1nc(N2C([H])([H])C([H])([H])OC([H])([H])C2([H])[H])c([H])c(C(=O)N([H])c2c([H])c([H])c(C([H])([H])[H])c(-c3c([H])c([H])c(C(=O)N([H])C([H])([H])C4([H])C([H])([H])C4([H])[H])c([H])c3[H])c2[H])c1[H],Cc1ccc(NC(=O)c2ccnc(N3CCOCC3)c2)cc1-c1ccc(C(=O)NCC2CC2)cc1,Cc1ccc(NC(=O)c2ccnc(N3CCOCC3)c2)cc1-c1ccc(C(=O)NCC2CC2)cc1,065,CHEMBL476351_0,Cc1ccc(NC(=O)c2ccnc(N3CCOCC3)c2)cc1-c1ccc(C(=O)NCC2CC2)cc1,200
3d8w_3d8w_conf0,3d8w_3d8w_conf0.mol2,[H]c1c([H])c([H])c(S(=O)(=O)N([H])c2nnc(S(=O)(=O)N([H])[H])s2)c([H])c1[H],[H]c1c([H])c([H])c(S(=O)(=O)N([H])c2nnc(S(=O)(=O)N([H])[H])s2)c([H])c1[H],NS(=O)(=O)c1nnc(NS(=O)(=O)c2ccccc2)s1,NS(=O)(=O)c1nnc(NS(=O)(=O)c2ccccc2)s1,027,CHEMBL73962_0,NS(=O)(=O)c1nnc(NS(=O)(=O)c2ccccc2)s1,132
3d9z_3d9z_conf0,3d9z_3d9z_conf0.mol2,[H]c1c([H])c([H])c(-c2nnc(S(=O)(=O)N([H])[H])s2)c(Cl)c1[H],[H]c1c([H])c([H])c(-c2nnc(S(=O)(=O)N([H])[H])s2)c(Cl)c1[H],NS(=O)(=O)c1nnc(-c2ccccc2Cl)s1,NS(=O)(=O)c1nnc(-c2ccccc2Cl)s1,022,CHEMBL360356_0,NS(=O)(=O)c1nnc(-c2ccccc2Cl)s1,36
3dbu_3dbu_conf0,3dbu_3dbu_conf0.mol2,[H]c1c([H])c([H])c(S(=O)(=O)N([H])c2nnc(S(=O)(=O)N([H])[H])s2)c([H])c1[H],[H]c1c([H])c([H])c(S(=O)(=O)N([H])c2nnc(S(=O)(=O)N([H])[H])s2)c([H])c1[H],NS(=O)(=O)c1nnc(NS(=O)(=O)c2ccccc2)s1,NS(=O)(=O)c1nnc(NS(=O)(=O)c2ccccc2)s1,027,CHEMBL73962_0,NS(=O)(=O)c1nnc(NS(=O)(=O)c2ccccc2)s1,132
3dc3_3dc3_conf0,3dc3_3dc3_conf0.mol2,[H]N(C(=O)C([H])([H])[H])c1nnc(S(=O)(=O)N([H])[H])s1,[H]N(C(=O)C([H])([H])[H])c1nnc(S(=O)(=O)N([H])[H])s1,CC(=O)Nc1nnc(S(N)(=O)=O)s1,CC(=O)Nc1nnc(S(N)(=O)=O)s1,019,CHEMBL20_0,CC(=O)Nc1nnc(S(N)(=O)=O)s1,7
3dcc_3dcc_conf0,3dcc_3dcc_conf0.mol2,[H]c1c([H])c([H])c(-c2nnc(S(=O)(=O)N([H])[H])s2)c(Cl)c1[H],[H]c1c([H])c([H])c(-c2nnc(S(=O)(=O)N([H])[H])s2)c(Cl)c1[H],NS(=O)(=O)c1nnc(-c2ccccc2Cl)s1,NS(=O)(=O)c1nnc(-c2ccccc2Cl)s1,022,CHEMBL360356_0,NS(=O)(=O)c1nnc(-c2ccccc2Cl)s1,36
3dd8_3dd8_conf0,3dd8_3dd8_conf0.mol2,[H]C1=C(C([H])([H])C2([H])C([H])([H])C([H])([H])C([H])([H])C([H])([H])C([H])([H])C2([H])[H])S(=O)(=O)c2c([H])c(OS(=O)(=O)N([H])[H])c([H])c([H])c21,[H]C1=C(C([H])([H])C2([H])C([H])([H])C([H])([H])C([H])([H])C([H])([H])C([H])([H])C2([H])[H])S(=O)(=O)c2c([H])c(OS(=O)(=O)N([H])[H])c([H])c([H])c21,NS(=O)(=O)Oc1ccc2c(c1)S(=O)(=O)C(CC1CCCCCC1)=C2,NS(=O)(=O)Oc1ccc2c(c1)S(=O)(=O)C(CC1CCCCCC1)=C2,045,CHEMBL476937_0,NS(=O)(=O)Oc1ccc2c(c1)S(=O)(=O)C(CC1CCCCCC1)=C2,200
3dnd_3dnd_conf0,3dnd_3dnd_conf0.mol2,[H]c1nc(N([H])[H])sc1C([H])([H])c1c([H])c([H])c([H])c([H])c1[H],[H]c1nc(N([H])[H])sc1C([H])([H])c1c([H])c([H])c([H])c([H])c1[H],Nc1ncc(Cc2ccccc2)s1,Nc1ncc(Cc2ccccc2)s1,023,CHEMBL1234033_0,Nc1ncc(Cc2ccccc2)s1,8
3e5u_3e5u_conf0,3e5u_3e5u_conf0.mol2,[H]Oc1c([H])c([H])c(C([H])([H])C(=O)[O-])c([H])c1Cl,[H]Oc1c([H])c([H])c(C([H])([H])C(=O)[O-])c([H])c1Cl,O=C([O-])Cc1ccc(O)c(Cl)c1,O=C([O-])Cc1ccc(O)c(Cl)c1,018,CHEMBL592010_0,O=C([O-])Cc1ccc(O)c(Cl)c1,4
3ebo_3ebo_conf0,3ebo_3ebo_conf0.mol2,[H]Oc1c([H])c(O[H])c2c(=O)c([H])c(-c3c([H])c([H])c([H])c([H])c3[H])oc2c1[H],[H]Oc1c([H])c(O[H])c2c(=O)c([H])c(-c3c([H])c([H])c([H])c([H])c3[H])oc2c1[H],O=c1cc(-c2ccccc2)oc2cc(O)cc(O)c12,O=c1cc(-c2ccccc2)oc2cc(O)cc(O)c12,029,CHEMBL117_1,O=c1cc(-c2ccccc2)oc2cc(O)cc(O)c12,6
3ed0_3ed0_conf0,3ed0_3ed0_conf0.mol2,[H]Oc1c([H])c(O[H])c2c(c1[H])C(=O)c1c([H])c(C([H])([H])[H])c([H])c(O[H])c1C2=O,[H]Oc1c([H])c(O[H])c2c(c1[H])C(=O)c1c([H])c(C([H])([H])[H])c([H])c(O[H])c1C2=O,Cc1cc(O)c2c(c1)C(=O)c1cc(O)cc(O)c1C2=O,Cc1cc(O)c2c(c1)C(=O)c1cc(O)cc(O)c1C2=O,030,CHEMBL289277_1,Cc1cc(O)c2c(c1)C(=O)c1cc(O)cc(O)c1C2=O,2
3eko_3eko_conf0,3eko_3eko_conf0.mol2,[H]Oc1c([H])c(O[H])c(C(=O)n2c([H])c([H])c([H])c2[H])c(O[H])c1[H],[H]Oc1c([H])c(O[H])c(C(=O)n2c([H])c([H])c([H])c2[H])c(O[H])c1[H],O=C(c1c(O)cc(O)cc1O)n1cccc1,O=C(c1c(O)cc(O)cc1O)n1cccc1,025,CHEMBL513225_0,O=C(c1c(O)cc(O)cc1O)n1cccc1,32
3ekr_3ekr_conf0,3ekr_3ekr_conf0.mol2,[H]Oc1c([H])c([H])c(C(=O)N2C([H])([H])C([H])([H])C([H])([H])[C@]2([H])c2c([H])c([H])c([H])c([H])c2C([H])([H])[H])c(O[H])c1[H],[H]Oc1c([H])c([H])c(C(=O)N2C([H])([H])C([H])([H])C([H])([H])C2([H])c2c([H])c([H])c([H])c([H])c2C([H])([H])[H])c(O[H])c1[H],Cc1ccccc1[C@H]1CCCN1C(=O)c1ccc(O)cc1O,Cc1ccccc1C1CCCN1C(=O)c1ccc(O)cc1O,041,CHEMBL443200_0,Cc1ccccc1[C@H]1CCCN1C(=O)c1ccc(O)cc1O,151
3eqr_3eqr_conf0,3eqr_3eqr_conf0.mol2,[H]c1c([H])c(C([H])([H])[H])c(N([H])c2nn(C([H])([H])C([H])([H])C(OC([H])([H])[H])(C([H])([H])[H])C([H])([H])[H])c3nc(N([H])c4c([H])c([H])c(N5C([H])([H])C([H])([H])[N+]([H])([H])C([H])([H])C5([H])[H])c([H])c4[H])nc([H])c23)c(C([H])([H])[H])c1[H],[H]c1c([H])c(C([H])([H])[H])c(N([H])c2nn(C([H])([H])C([H])([H])C(OC([H])([H])[H])(C([H])([H])[H])C([H])([H])[H])c3nc(N([H])c4c([H])c([H])c(N5C([H])([H])C([H])([H])[N+]([H])([H])C([H])([H])C5([H])[H])c([H])c4[H])nc([H])c23)c(C([H])([H])[H])c1[H],COC(C)(C)CCn1nc(Nc2c(C)cccc2C)c2cnc(Nc3ccc(N4CC[NH2+]CC4)cc3)nc21,COC(C)(C)CCn1nc(Nc2c(C)cccc2C)c2cnc(Nc3ccc(N4CC[NH2+]CC4)cc3)nc21,077,CHEMBL472392_0,COC(C)(C)CCn1nc(Nc2c(C)cccc2C)c2cnc(Nc3ccc(N4CC[NH2+]CC4)cc3)nc21,200
3exh_3exh_conf0,3exh_3exh_conf0.mol2,[H]c1nc(C([H])([H])[H])nc(N([H])[H])c1C([H])([H])[n+]1c([H])sc(C([H])([H])C([H])([H])O[P@](=O)([O-])OP(=O)([O-])[O-])c1C([H])([H])[H],[H]c1nc(C([H])([H])[H])nc(N([H])[H])c1C([H])([H])[n+]1c([H])sc(C([H])([H])C([H])([H])OP(=O)([O-])OP(=O)([O-])[O-])c1C([H])([H])[H],Cc1ncc(C[n+]2csc(CCO[P@](=O)([O-])OP(=O)([O-])[O-])c2C)c(N)n1,Cc1ncc(C[n+]2csc(CCOP(=O)([O-])OP(=O)([O-])[O-])c2C)c(N)n1,042,CHEMBL1236235_0,Cc1ncc(C[n+]2csc(CCO[P@](=O)([O-])OP(=O)([O-])[O-])c2C)c(N)n1,15
3f18_3f18_conf0,3f18_3f18_conf0.mol2,[H]ON([H])C(=O)C([H])([H])N(C([H])([H])C([H])([H])O[H])S(=O)(=O)c1c([H])c([H])c(F)c([H])c1[H],[H]ON([H])C(=O)C([H])([H])N(C([H])([H])C([H])([H])O[H])S(=O)(=O)c1c([H])c([H])c(F)c([H])c1[H],O=C(CN(CCO)S(=O)(=O)c1ccc(F)cc1)NO,O=C(CN(CCO)S(=O)(=O)c1ccc(F)cc1)NO,032,CHEMBL1632641_0,O=C(CN(CCO)S(=O)(=O)c1ccc(F)cc1)NO,97
3f19_3f19_conf0,3f19_3f19_conf0.mol2,[H]ON([H])C(=O)C([H])([H])N([H])S(=O)(=O)c1c([H])c([H])c(F)c([H])c1[H],[H]ON([H])C(=O)C([H])([H])N([H])S(=O)(=O)c1c([H])c([H])c(F)c([H])c1[H],O=C(CNS(=O)(=O)c1ccc(F)cc1)NO,O=C(CNS(=O)(=O)c1ccc(F)cc1)NO,025,CHEMBL4087610_0,O=C(CNS(=O)(=O)c1ccc(F)cc1)NO,62
3f1a_3f1a_conf0,3f1a_3f1a_conf0.mol2,[H]ON([H])C(=O)C([H])([H])N([H])S(=O)(=O)c1c([H])c([H])c([H])c([H])c1[H],[H]ON([H])C(=O)C([H])([H])N([H])S(=O)(=O)c1c([H])c([H])c([H])c([H])c1[H],O=C(CNS(=O)(=O)c1ccccc1)NO,O=C(CNS(=O)(=O)c1ccccc1)NO,025,CHEMBL2385479_0,O=C(CNS(=O)(=O)c1ccccc1)NO,68
3f33_3f33_conf0,3f33_3f33_conf0.mol2,[H]Oc1c(C([H])(C([H])([H])[H])C([H])([H])[H])c([H])c([H])c([H])c1C([H])(C([H])([H])[H])C([H])([H])[H],[H]Oc1c(C([H])(C([H])([H])[H])C([H])([H])[H])c([H])c([H])c([H])c1C([H])(C([H])([H])[H])C([H])([H])[H],CC(C)c1cccc(C(C)C)c1O,CC(C)c1cccc(C(C)C)c1O,031,CHEMBL526_0,CC(C)c1cccc(C(C)C)c1O,4
3f37_3f37_conf0,3f37_3f37_conf0.mol2,[H]Oc1c(C([H])([H])[H])c([H])c([H])c([H])c1C([H])([H])[H],[H]Oc1c(C([H])([H])[H])c([H])c([H])c([H])c1C([H])([H])[H],Cc1cccc(C)c1O,Cc1cccc(C)c1O,019,CHEMBL30106_0,Cc1cccc(C)c1O,1
3f78_3f78_conf0,3f78_3f78_conf0.mol2,[H]C(F)(F)O[C@@]([H])(Cl)C(F)(F)F,[H]C(F)(F)OC([H])(Cl)C(F)(F)F,FC(F)O[C@@H](Cl)C(F)(F)F,FC(F)OC(Cl)C(F)(F)F,012,CHEMBL1256_0,FC(F)O[C@@H](Cl)C(F)(F)F,8
3ffp_3ffp_conf0,3ffp_3ffp_conf0.mol2,[H]c1nc(-c2nc3c([H])c(S(=O)(=O)N([H])[H])c([H])c([H])c3n2[H])c([H])s1,[H]c1nc(-c2nc3c([H])c(S(=O)(=O)N([H])[H])c([H])c([H])c3n2[H])c([H])s1,NS(=O)(=O)c1ccc2[nH]c(-c3cscn3)nc2c1,NS(=O)(=O)c1ccc2[nH]c(-c3cscn3)nc2c1,026,CHEMBL455271_0,NS(=O)(=O)c1ccc2[nH]c(-c3cscn3)nc2c1,24
3fhb_3fhb_conf0,3fhb_3fhb_conf0.mol2,[H]c1c([H])c(C(=O)[O-])c([H])c(N([H])[H])c1[H],[H]c1c([H])c(C(=O)[O-])c([H])c(N([H])[H])c1[H],Nc1cccc(C(=O)[O-])c1,Nc1cccc(C(=O)[O-])c1,016,CHEMBL307782_0,Nc1cccc(C(=O)[O-])c1,1
3fj7_3fj7_conf0,3fj7_3fj7_conf0.mol2,[H]C([H])([H])[C@@]([H])(OP(=O)([O-])[O-])C(=O)[O-],[H]C([H])([H])C([H])(OP(=O)([O-])[O-])C(=O)[O-],C[C@@H](OP(=O)([O-])[O-])C(=O)[O-],CC(OP(=O)([O-])[O-])C(=O)[O-],014,CHEMBL144324_0,C[C@@H](OP(=O)([O-])[O-])C(=O)[O-],3
3fjg_3fjg_conf0,3fjg_3fjg_conf0.mol2,[H]O[C@@]([H])(C(=O)[O-])C([H])([H])OP(=O)([O-])[O-],[H]OC([H])(C(=O)[O-])C([H])([H])OP(=O)([O-])[O-],O=C([O-])[C@H](O)COP(=O)([O-])[O-],O=C([O-])C(O)COP(=O)([O-])[O-],015,CHEMBL87788_0,O=C([O-])[C@H](O)COP(=O)([O-])[O-],134
3fl5_3fl5_conf0,3fl5_3fl5_conf0.mol2,[H]Oc1c([H])c([H])c2c(c1O[H])C(=O)c1c(O[H])c([H])c([H])c(O[H])c1C2=O,[H]Oc1c([H])c([H])c2c(c1O[H])C(=O)c1c(O[H])c([H])c([H])c(O[H])c1C2=O,O=C1c2ccc(O)c(O)c2C(=O)c2c(O)ccc(O)c21,O=C1c2ccc(O)c(O)c2C(=O)c2c(O)ccc(O)c21,028,CHEMBL29898_1,O=C1c2ccc(O)c(O)c2C(=O)c2c(O)ccc(O)c21,3
3fql_3fql_conf0,3fql_3fql_conf0.mol2,[H]OC([H])([H])C([H])([H])N(c1c(C2([H])C([H])([H])C2([H])[H])c([H])c2c(C(=O)N([H])C([H])([H])[H])c(-c3c([H])c([H])c(F)c([H])c3[H])oc2c1[H])S(=O)(=O)C([H])([H])[H],[H]OC([H])([H])C([H])([H])N(c1c(C2([H])C([H])([H])C2([H])[H])c([H])c2c(C(=O)N([H])C([H])([H])[H])c(-c3c([H])c([H])c(F)c([H])c3[H])oc2c1[H])S(=O)(=O)C([H])([H])[H],CNC(=O)c1c(-c2ccc(F)cc2)oc2cc(N(CCO)S(C)(=O)=O)c(C3CC3)cc12,CNC(=O)c1c(-c2ccc(F)cc2)oc2cc(N(CCO)S(C)(=O)=O)c(C3CC3)cc12,054,CHEMBL1092581_0,CNC(=O)c1c(-c2ccc(F)cc2)oc2cc(N(CCO)S(C)(=O)=O)c(C3CC3)cc12,129
3g0i_3g0i_conf0,3g0i_3g0i_conf0.mol2,[H]N([H])C(=O)C([H])(C([H])([H])C([H])([H])C([H])([H])[H])C([H])([H])C([H])([H])C([H])([H])[H],[H]N([H])C(=O)C([H])(C([H])([H])C([H])([H])C([H])([H])[H])C([H])([H])C([H])([H])C([H])([H])[H],CCCC(CCC)C(N)=O,CCCC(CCC)C(N)=O,027,CHEMBL93836_0,CCCC(CCC)C(N)=O,193
3g2y_3g2y_conf0,3g2y_3g2y_conf0.mol2,[H]n1nnnc1-n1c(=O)c(C([H])([H])C([H])([H])[H])c(C([H])([H])[H])n1[H],[H]n1nnnc1-n1c(=O)c(C([H])([H])C([H])([H])[H])c(C([H])([H])[H])n1[H],CCc1c(C)[nH]n(-c2nnn[nH]2)c1=O,CCc1c(C)[nH]n(-c2nnn[nH]2)c1=O,024,CHEMBL1213368_1,CCc1c(C)[nH]n(-c2nnn[nH]2)c1=O,3
3gcu_3gcu_conf0,3gcu_3gcu_conf0.mol2,[H]c1nc(N([H])c2c([H])c([H])c([H])c(N([H])C(=O)N([H])c3c([H])c(C(C([H])([H])[H])(C([H])([H])[H])C([H])([H])[H])nn3-c3c([H])c([H])c(C([H])([H])[H])c([H])c3[H])c2[H])c2c([H])c(N([H])[H])c([H])c([H])c2n1,[H]c1nc(N([H])c2c([H])c([H])c([H])c(N([H])C(=O)N([H])c3c([H])c(C(C([H])([H])[H])(C([H])([H])[H])C([H])([H])[H])nn3-c3c([H])c([H])c(C([H])([H])[H])c([H])c3[H])c2[H])c2c([H])c(N([H])[H])c([H])c([H])c2n1,Cc1ccc(-n2nc(C(C)(C)C)cc2NC(=O)Nc2cccc(Nc3ncnc4ccc(N)cc34)c2)cc1,Cc1ccc(-n2nc(C(C)(C)C)cc2NC(=O)Nc2cccc(Nc3ncnc4ccc(N)cc34)c2)cc1,068,CHEMBL569943_0,Cc1ccc(-n2nc(C(C)(C)C)cc2NC(=O)Nc2cccc(Nc3ncnc4ccc(N)cc34)c2)cc1,200
3gy2_3gy2_conf0,3gy2_3gy2_conf0.mol2,[H]c1c([H])c(C(N([H])[H])=[N+]([H])[H])c([H])c([H])c1/N=N/N([H])c1c([H])c([H])c(C(N([H])[H])=[N+]([H])[H])c([H])c1[H],[H]c1c([H])c(C(N([H])[H])=[N+]([H])[H])c([H])c([H])c1N=NN([H])c1c([H])c([H])c(C(N([H])[H])=[N+]([H])[H])c([H])c1[H],NC(=[NH2+])c1ccc(/N=N/Nc2ccc(C(N)=[NH2+])cc2)cc1,NC(=[NH2+])c1ccc(N=NNc2ccc(C(N)=[NH2+])cc2)cc1,038,CHEMBL35241_0,NC(=[NH2+])c1ccc(/N=N/Nc2ccc(C(N)=[NH2+])cc2)cc1,43
3gy3_3gy3_conf0,3gy3_3gy3_conf0.mol2,[H]c1c([H])c(C(N([H])[H])=[N+]([H])[H])c([H])c([H])c1OC([H])([H])C([H])([H])C([H])([H])C([H])([H])C([H])([H])Oc1c([H])c([H])c(C(N([H])[H])=[N+]([H])[H])c([H])c1[H],[H]c1c([H])c(C(N([H])[H])=[N+]([H])[H])c([H])c([H])c1OC([H])([H])C([H])([H])C([H])([H])C([H])([H])C([H])([H])Oc1c([H])c([H])c(C(N([H])[H])=[N+]([H])[H])c([H])c1[H],NC(=[NH2+])c1ccc(OCCCCCOc2ccc(C(N)=[NH2+])cc2)cc1,NC(=[NH2+])c1ccc(OCCCCCOc2ccc(C(N)=[NH2+])cc2)cc1,051,CHEMBL55_0,NC(=[NH2+])c1ccc(OCCCCCOc2ccc(C(N)=[NH2+])cc2)cc1,200
3gy7_3gy7_conf0,3gy7_3gy7_conf0.mol2,[H]c1c([H])c([H])c(C(N([H])[H])=[N+]([H])[H])c([H])c1[H],[H]c1c([H])c([H])c(C(N([H])[H])=[N+]([H])[H])c([H])c1[H],NC(=[NH2+])c1ccccc1,NC(=[NH2+])c1ccccc1,018,CHEMBL20936_0,NC(=[NH2+])c1ccccc1,1
3h1x_3h1x_conf0,3h1x_3h1x_conf0.mol2,[H]c1c([H])c(C(=O)n2c(C([H])([H])[H])c(C([H])([H])C(=O)[O-])c3c([H])c(OC([H])([H])[H])c([H])c([H])c32)c([H])c([H])c1Cl,[H]c1c([H])c(C(=O)n2c(C([H])([H])[H])c(C([H])([H])C(=O)[O-])c3c([H])c(OC([H])([H])[H])c([H])c([H])c32)c([H])c([H])c1Cl,COc1ccc2c(c1)c(CC(=O)[O-])c(C)n2C(=O)c1ccc(Cl)cc1,COc1ccc2c(c1)c(CC(=O)[O-])c(C)n2C(=O)c1ccc(Cl)cc1,040,CHEMBL4590319_0,COc1ccc2c(c1)c(CC(=O)[O-])c(C)n2C(=O)c1ccc(Cl)cc1,11
3h30_3h30_conf0,3h30_3h30_conf0.mol2,[H]OC([H])([H])[C@@]1([H])O[C@@]([H])(n2c([H])nc3c([H])c(Cl)c(Cl)c([H])c32)[C@]([H])(O[H])[C@]1([H])O[H],[H]OC([H])([H])C1([H])OC([H])(n2c([H])nc3c([H])c(Cl)c(Cl)c([H])c32)C([H])(O[H])C1([H])O[H],OC[C@H]1O[C@@H](n2cnc3cc(Cl)c(Cl)cc32)[C@H](O)[C@@H]1O,OCC1OC(n2cnc3cc(Cl)c(Cl)cc32)C(O)C1O,032,CHEMBL267071_0,OC[C@H]1O[C@@H](n2cnc3cc(Cl)c(Cl)cc32)[C@H](O)[C@@H]1O,1592
3h78_3h78_conf0,3h78_3h78_conf0.mol2,[H]c1c([H])c([H])c(N([H])[H])c(C(=O)[O-])c1[H],[H]c1c([H])c([H])c(N([H])[H])c(C(=O)[O-])c1[H],Nc1ccccc1C(=O)[O-],Nc1ccccc1C(=O)[O-],016,CHEMBL14173_0,Nc1ccccc1C(=O)[O-],2
3hig_3hig_conf0,3hig_3hig_conf0.mol2,[H]c1c([H])c(C(N([H])[H])=[N+]([H])[H])c([H])c([H])c1/N=N/N([H])c1c([H])c([H])c(C(N([H])[H])=[N+]([H])[H])c([H])c1[H],[H]c1c([H])c(C(N([H])[H])=[N+]([H])[H])c([H])c([H])c1N=NN([H])c1c([H])c([H])c(C(N([H])[H])=[N+]([H])[H])c([H])c1[H],NC(=[NH2+])c1ccc(/N=N/Nc2ccc(C(N)=[NH2+])cc2)cc1,NC(=[NH2+])c1ccc(N=NNc2ccc(C(N)=[NH2+])cc2)cc1,038,CHEMBL35241_0,NC(=[NH2+])c1ccc(/N=N/Nc2ccc(C(N)=[NH2+])cc2)cc1,43
3hll_3hll_conf0,3hll_3hll_conf0.mol2,[H]c1c([H])c(C([H])([H])Oc2c([H])c(C([H])([H])[H])n(-c3c([H])c(C(=O)N([H])C([H])([H])[H])c([H])c([H])c3C([H])([H])[H])c(=O)c2Br)c(F)c([H])c1F,[H]c1c([H])c(C([H])([H])Oc2c([H])c(C([H])([H])[H])n(-c3c([H])c(C(=O)N([H])C([H])([H])[H])c([H])c([H])c3C([H])([H])[H])c(=O)c2Br)c(F)c([H])c1F,CNC(=O)c1ccc(C)c(-n2c(C)cc(OCc3ccc(F)cc3F)c(Br)c2=O)c1,CNC(=O)c1ccc(C)c(-n2c(C)cc(OCc3ccc(F)cc3F)c(Br)c2=O)c1,049,CHEMBL1088751_0,CNC(=O)c1ccc(C)c(-n2c(C)cc(OCc3ccc(F)cc3F)c(Br)c2=O)c1,77
3hp9_3hp9_conf0,3hp9_3hp9_conf0.mol2,[H]c1c([H])c(C(F)(F)F)c([H])c(N([H])c2c([H])c([H])c(OC([H])([H])[H])c([H])c2C(=O)[O-])c1Cl,[H]c1c([H])c(C(F)(F)F)c([H])c(N([H])c2c([H])c([H])c(OC([H])([H])[H])c([H])c2C(=O)[O-])c1Cl,COc1ccc(Nc2cc(C(F)(F)F)ccc2Cl)c(C(=O)[O-])c1,COc1ccc(Nc2cc(C(F)(F)F)ccc2Cl)c(C(=O)[O-])c1,033,CHEMBL522174_0,COc1ccc(Nc2cc(C(F)(F)F)ccc2Cl)c(C(=O)[O-])c1,146
3hs4_3hs4_conf0,3hs4_3hs4_conf0.mol2,[H]N(C(=O)C([H])([H])[H])c1nnc(S(=O)(=O)N([H])[H])s1,[H]N(C(=O)C([H])([H])[H])c1nnc(S(=O)(=O)N([H])[H])s1,CC(=O)Nc1nnc(S(N)(=O)=O)s1,CC(=O)Nc1nnc(S(N)(=O)=O)s1,019,CHEMBL20_0,CC(=O)Nc1nnc(S(N)(=O)=O)s1,7
3hww_3hww_conf0,3hww_3hww_conf0.mol2,[H]C([H])(C(=O)[O-])C([H])([H])C(=O)C(=O)[O-],[H]C([H])(C(=O)[O-])C([H])([H])C(=O)C(=O)[O-],O=C([O-])CCC(=O)C(=O)[O-],O=C([O-])CCC(=O)C(=O)[O-],014,CHEMBL1686_0,O=C([O-])CCC(=O)C(=O)[O-],34
3i51_3i51_conf0,3i51_3i51_conf0.mol2,[H]Oc1c([H])c(Cl)c(Cl)c([H])c1O[H],[H]Oc1c([H])c(Cl)c(Cl)c([H])c1O[H],Oc1cc(Cl)c(Cl)cc1O,Oc1cc(Cl)c(Cl)cc1O,014,CHEMBL1230231_0,Oc1cc(Cl)c(Cl)cc1O,3
3ibi_3ibi_conf0,3ibi_3ibi_conf0.mol2,[H]N([H])S(=O)(=O)OC([H])([H])C([H])([H])C([H])([H])C([H])([H])C([H])([H])C([H])([H])C([H])([H])C([H])([H])[H],[H]N([H])S(=O)(=O)OC([H])([H])C([H])([H])C([H])([H])C([H])([H])C([H])([H])C([H])([H])C([H])([H])C([H])([H])[H],CCCCCCCCOS(N)(=O)=O,CCCCCCCCOS(N)(=O)=O,032,CHEMBL24261_0,CCCCCCCCOS(N)(=O)=O,200
3ibl_3ibl_conf0,3ibl_3ibl_conf0.mol2,[H]N([H])S(=O)(=O)OC([H])([H])C([H])([H])C([H])([H])C([H])([H])C([H])([H])C([H])([H])C([H])([H])C([H])([H])OS(=O)(=O)N([H])[H],[H]N([H])S(=O)(=O)OC([H])([H])C([H])([H])C([H])([H])C([H])([H])C([H])([H])C([H])([H])C([H])([H])C([H])([H])OS(=O)(=O)N([H])[H],NS(=O)(=O)OCCCCCCCCOS(N)(=O)=O,NS(=O)(=O)OCCCCCCCCOS(N)(=O)=O,038,CHEMBL182455_0,NS(=O)(=O)OCCCCCCCCOS(N)(=O)=O,200
3ibu_3ibu_conf0,3ibu_3ibu_conf0.mol2,[H]N([H])S(=O)(=O)OC([H])([H])C([H])([H])C([H])([H])C([H])([H])C([H])([H])C([H])([H])C([H])([H])C([H])([H])C([H])([H])C([H])([H])[H],[H]N([H])S(=O)(=O)OC([H])([H])C([H])([H])C([H])([H])C([H])([H])C([H])([H])C([H])([H])C([H])([H])C([H])([H])C([H])([H])C([H])([H])[H],CCCCCCCCCCOS(N)(=O)=O,CCCCCCCCCCOS(N)(=O)=O,038,CHEMBL153094_0,CCCCCCCCCCOS(N)(=O)=O,200
3igp_3igp_conf0,3igp_3igp_conf0.mol2,[H]c1c(OC([H])([H])[H])c(OC([H])([H])[H])c([H])c2c1C([H])([H])N(S(=O)(=O)N([H])[H])C([H])([H])C2([H])[H],[H]c1c(OC([H])([H])[H])c(OC([H])([H])[H])c([H])c2c1C([H])([H])N(S(=O)(=O)N([H])[H])C([H])([H])C2([H])[H],COc1cc2c(cc1OC)CN(S(N)(=O)=O)CC2,COc1cc2c(cc1OC)CN(S(N)(=O)=O)CC2,034,CHEMBL1089044_0,COc1cc2c(cc1OC)CN(S(N)(=O)=O)CC2,41
3ime_3ime_conf0,3ime_3ime_conf0.mol2,[H]c1c([H])c([H])c2c([H])c(C(=O)[O-])oc2c1[H],[H]c1c([H])c([H])c2c([H])c(C(=O)[O-])oc2c1[H],O=C([O-])c1cc2ccccc2o1,O=C([O-])c1cc2ccccc2o1,017,CHEMBL84095_0,O=C([O-])c1cc2ccccc2o1,1
3iof_3iof_conf0,3iof_3iof_conf0.mol2,[H]SC([H])([H])c1c([H])c([H])c([H])c([H])c1P(=O)(OC([H])(C([H])([H])[H])C([H])([H])[H])OC([H])(C([H])([H])[H])C([H])([H])[H],[H]SC([H])([H])c1c([H])c([H])c([H])c([H])c1P(=O)(OC([H])(C([H])([H])[H])C([H])([H])[H])OC([H])(C([H])([H])[H])C([H])([H])[H],CC(C)OP(=O)(OC(C)C)c1ccccc1CS,CC(C)OP(=O)(OC(C)C)c1ccccc1CS,039,CHEMBL1173337_0,CC(C)OP(=O)(OC(C)C)c1ccccc1CS,102
3iog_3iog_conf0,3iog_3iog_conf0.mol2,[H]S[C@]([H])(c1c([H])c([H])c(Cl)c([H])c1Cl)P(=O)([O-])[O-],[H]SC([H])(c1c([H])c([H])c(Cl)c([H])c1Cl)P(=O)([O-])[O-],O=P([O-])([O-])[C@H](S)c1ccc(Cl)cc1Cl,O=P([O-])([O-])C(S)c1ccc(Cl)cc1Cl,019,CHEMBL1173797_0,O=P([O-])([O-])[C@H](S)c1ccc(Cl)cc1Cl,7
3ip8_3ip8_conf0,3ip8_3ip8_conf0.mol2,[H]c1c([H])c([H])c(C([H])([H])P(=O)([O-])[O-])c([H])c1[H],[H]c1c([H])c([H])c(C([H])([H])P(=O)([O-])[O-])c([H])c1[H],O=P([O-])([O-])Cc1ccccc1,O=P([O-])([O-])Cc1ccccc1,018,CHEMBL299737_0,O=P([O-])([O-])Cc1ccccc1,4
3iub_3iub_conf0,3iub_3iub_conf0.mol2,[H]c1nc(S(=O)(=O)N([H])C(=O)c2c([H])c3c([H])c(OC([H])([H])[H])c([H])c([H])c3n2[H])c([H])c([H])c1C([H])([H])[H],[H]c1nc(S(=O)(=O)N([H])C(=O)c2c([H])c3c([H])c(OC([H])([H])[H])c([H])c([H])c3n2[H])c([H])c([H])c1C([H])([H])[H],COc1ccc2[nH]c(C(=O)NS(=O)(=O)c3ccc(C)cn3)cc2c1,COc1ccc2[nH]c(C(=O)NS(=O)(=O)c3ccc(C)cn3)cc2c1,039,CHEMBL1232723_0,COc1ccc2[nH]c(C(=O)NS(=O)(=O)c3ccc(C)cn3)cc2c1,79
3iue_3iue_conf0,3iue_3iue_conf0.mol2,[H]c1nc(S(=O)(=O)N([H])C(=O)c2c([H])c3c([H])c(OC([H])([H])[H])c([H])c([H])c3n2C([H])([H])C(=O)[O-])c([H])c([H])c1C([H])([H])[H],[H]c1nc(S(=O)(=O)N([H])C(=O)c2c([H])c3c([H])c(OC([H])([H])[H])c([H])c([H])c3n2C([H])([H])C(=O)[O-])c([H])c([H])c1C([H])([H])[H],COc1ccc2c(c1)cc(C(=O)NS(=O)(=O)c1ccc(C)cn1)n2CC(=O)[O-],COc1ccc2c(c1)cc(C(=O)NS(=O)(=O)c1ccc(C)cn1)n2CC(=O)[O-],044,CHEMBL1232724_0,COc1ccc2c(c1)cc(C(=O)NS(=O)(=O)c1ccc(C)cn1)n2CC(=O)[O-],77
3ivx_3ivx_conf0,3ivx_3ivx_conf0.mol2,[H]c1c([H])c([H])c2c([H])c(S(=O)(=O)N([H])C(=O)c3c([H])c4c([H])c(OC([H])([H])[H])c([H])c([H])c4n3C([H])([H])C(=O)[O-])oc2c1[H],[H]c1c([H])c([H])c2c([H])c(S(=O)(=O)N([H])C(=O)c3c([H])c4c([H])c(OC([H])([H])[H])c([H])c([H])c4n3C([H])([H])C(=O)[O-])oc2c1[H],COc1ccc2c(c1)cc(C(=O)NS(=O)(=O)c1cc3ccccc3o1)n2CC(=O)[O-],COc1ccc2c(c1)cc(C(=O)NS(=O)(=O)c1cc3ccccc3o1)n2CC(=O)[O-],045,CHEMBL1232727_0,COc1ccc2c(c1)cc(C(=O)NS(=O)(=O)c1cc3ccccc3o1)n2CC(=O)[O-],43
3iw5_3iw5_conf0,3iw5_3iw5_conf0.mol2,[H]c1c([H])c(C(=O)N([H])C([H])([H])C([H])([H])n2c([H])c(SC([H])([H])C(=O)N([H])c3c([H])c([H])c4c(c3[H])OC([H])([H])C([H])([H])O4)c3c([H])c([H])c([H])c([H])c32)c([H])c(C(F)(F)F)c1[H],[H]c1c([H])c(C(=O)N([H])C([H])([H])C([H])([H])n2c([H])c(SC([H])([H])C(=O)N([H])c3c([H])c([H])c4c(c3[H])OC([H])([H])C([H])([H])O4)c3c([H])c([H])c([H])c([H])c32)c([H])c(C(F)(F)F)c1[H],O=C(CSc1cn(CCNC(=O)c2cccc(C(F)(F)F)c2)c2ccccc12)Nc1ccc2c(c1)OCCO2,O=C(CSc1cn(CCNC(=O)c2cccc(C(F)(F)F)c2)c2ccccc12)Nc1ccc2c(c1)OCCO2,063,CHEMBL1232179_0,O=C(CSc1cn(CCNC(=O)c2cccc(C(F)(F)F)c2)c2ccccc12)Nc1ccc2c(c1)OCCO2,121
3k8q_3k8q_conf0,3k8q_3k8q_conf0.mol2,[H]OC([H])([H])C([H])(C([H])([H])O[H])[N+]([H])([H])C([H])([H])c1c([H])n([H])c2c(=O)n([H])c([H])nc12,[H]OC([H])([H])C([H])(C([H])([H])O[H])[N+]([H])([H])C([H])([H])c1c([H])n([H])c2c(=O)n([H])c([H])nc12,O=c1[nH]cnc2c(C[NH2+]C(CO)CO)c[nH]c12,O=c1[nH]cnc2c(C[NH2+]C(CO)CO)c[nH]c12,032,CHEMBL505564_0,O=c1[nH]cnc2c(C[NH2+]C(CO)CO)c[nH]c12,200
3k97_3k97_conf0,3k97_3k97_conf0.mol2,[H]Oc1c([H])c(O[H])c(C(=O)N2C([H])([H])C([H])([H])C([H])([H])[C@]2([H])c2c([H])c([H])c([H])c([H])c2C([H])([H])[H])c([H])c1Cl,[H]Oc1c([H])c(O[H])c(C(=O)N2C([H])([H])C([H])([H])C([H])([H])C2([H])c2c([H])c([H])c([H])c([H])c2C([H])([H])[H])c([H])c1Cl,Cc1ccccc1[C@H]1CCCN1C(=O)c1cc(Cl)c(O)cc1O,Cc1ccccc1C1CCCN1C(=O)c1cc(Cl)c(O)cc1O,041,CHEMBL450227_0,Cc1ccccc1[C@H]1CCCN1C(=O)c1cc(Cl)c(O)cc1O,148
3kgq_3kgq_conf0,3kgq_3kgq_conf0.mol2,[H]OC(C(=O)[O-])(C([H])([H])C(=O)[O-])C([H])([H])C(=O)[O-],[H]OC(C(=O)[O-])(C([H])([H])C(=O)[O-])C([H])([H])C(=O)[O-],O=C([O-])CC(O)(CC(=O)[O-])C(=O)[O-],O=C([O-])CC(O)(CC(=O)[O-])C(=O)[O-],018,CHEMBL4303212_0,O=C([O-])CC(O)(CC(=O)[O-])C(=O)[O-],23
3kgt_3kgt_conf0,3kgt_3kgt_conf0.mol2,[H]Oc1c([H])c([H])c(-c2c([H])oc3c([H])c(O[H])c([H])c(O[H])c3c2=O)c([H])c1[H],[H]Oc1c([H])c([H])c(-c2c([H])oc3c([H])c(O[H])c([H])c(O[H])c3c2=O)c([H])c1[H],O=c1c(-c2ccc(O)cc2)coc2cc(O)cc(O)c12,O=c1c(-c2ccc(O)cc2)coc2cc(O)cc(O)c12,030,CHEMBL44_1,O=c1c(-c2ccc(O)cc2)coc2cc(O)cc(O)c12,8
3kgu_3kgu_conf0,3kgu_3kgu_conf0.mol2,[H]Oc1c([H])c([H])c(-c2c([H])oc3c([H])c(O[H])c([H])c(O[H])c3c2=O)c([H])c1[H],[H]Oc1c([H])c([H])c(-c2c([H])oc3c([H])c(O[H])c([H])c(O[H])c3c2=O)c([H])c1[H],O=c1c(-c2ccc(O)cc2)coc2cc(O)cc(O)c12,O=c1c(-c2ccc(O)cc2)coc2cc(O)cc(O)c12,030,CHEMBL44_1,O=c1c(-c2ccc(O)cc2)coc2cc(O)cc(O)c12,8
3kku_3kku_conf0,3kku_3kku_conf0.mol2,[H]c1c([H])c([H])c(OC([H])([H])C(=O)N([H])C([H])([H])C([H])([H])c2nc3c([H])c([H])c([H])c([H])c3n2[H])c(Br)c1[H],[H]c1c([H])c([H])c(OC([H])([H])C(=O)N([H])C([H])([H])C([H])([H])c2nc3c([H])c([H])c([H])c([H])c3n2[H])c(Br)c1[H],O=C(COc1ccccc1Br)NCCc1nc2ccccc2[nH]1,O=C(COc1ccccc1Br)NCCc1nc2ccccc2[nH]1,039,CHEMBL1173694_0,O=C(COc1ccccc1Br)NCCc1nc2ccccc2[nH]1,94
3kmx_3kmx_conf0,3kmx_3kmx_conf0.mol2,[H]c1c([H])c(C([H])([H])SC(N([H])[H])=[N+]([H])[H])c([H])c(Cl)c1OC([H])([H])C([H])([H])C([H])([H])C([H])([H])[H],[H]c1c([H])c(C([H])([H])SC(N([H])[H])=[N+]([H])[H])c([H])c(Cl)c1OC([H])([H])C([H])([H])C([H])([H])C([H])([H])[H],CCCCOc1ccc(CSC(N)=[NH2+])cc1Cl,CCCCOc1ccc(CSC(N)=[NH2+])cc1Cl,035,CHEMBL568966_0,CCCCOc1ccc(CSC(N)=[NH2+])cc1Cl,200
3kmy_3kmy_conf0,3kmy_3kmy_conf0.mol2,[H]c1nc(N([H])[H])c(C([H])([H])C([H])([H])c2c([H])c([H])c([H])c(Cl)c2[H])c([H])c1[H],[H]c1nc(N([H])[H])c(C([H])([H])C([H])([H])c2c([H])c([H])c([H])c(Cl)c2[H])c([H])c1[H],Nc1ncccc1CCc1cccc(Cl)c1,Nc1ncccc1CCc1cccc(Cl)c1,029,CHEMBL575232_0,Nc1ncccc1CCc1cccc(Cl)c1,46
3l0v_3l0v_conf0,3l0v_3l0v_conf0.mol2,[H]c1c(OC([H])([H])[H])c([H])c2c(=O)n(C([H])([H])[C@]3(C([H])([H])[H])C(=O)N([H])C(=O)N3[H])n([H])c2c1[H],[H]c1c(OC([H])([H])[H])c([H])c2c(=O)n(C([H])([H])C3(C([H])([H])[H])C(=O)N([H])C(=O)N3[H])n([H])c2c1[H],COc1ccc2[nH]n(C[C@@]3(C)NC(=O)NC3=O)c(=O)c2c1,COc1ccc2[nH]n(CC3(C)NC(=O)NC3=O)c(=O)c2c1,035,CHEMBL1078396_0,COc1ccc2[nH]n(C[C@@]3(C)NC(=O)NC3=O)c(=O)c2c1,20
3l3l_3l3l_conf0,3l3l_3l3l_conf0.mol2,[H]c1c([H])c(C(=O)N([H])[H])c2c(c1[H])C([H])([H])N(C1([H])C([H])([H])C([H])([H])[N+]([H])([H])C([H])([H])C1([H])[H])C2=O,[H]c1c([H])c(C(=O)N([H])[H])c2c(c1[H])C([H])([H])N(C1([H])C([H])([H])C([H])([H])[N+]([H])([H])C([H])([H])C1([H])[H])C2=O,NC(=O)c1cccc2c1C(=O)N(C1CC[NH2+]CC1)C2,NC(=O)c1cccc2c1C(=O)N(C1CC[NH2+]CC1)C2,037,CHEMBL597890_0,NC(=O)c1cccc2c1C(=O)N(C1CC[NH2+]CC1)C2,20
3l59_3l59_conf0,3l59_3l59_conf0.mol2,[H]c1c([H])c(Cl)c([H])c(C([H])([H])N2C(=O)C(C([H])([H])[H])(C([H])([H])[H])N([H])C2=[N+]([H])[H])c1[H],[H]c1c([H])c(Cl)c([H])c(C([H])([H])N2C(=O)C(C([H])([H])[H])(C([H])([H])[H])N([H])C2=[N+]([H])[H])c1[H],CC1(C)NC(=[NH2+])N(Cc2cccc(Cl)c2)C1=O,CC1(C)NC(=[NH2+])N(Cc2cccc(Cl)c2)C1=O,032,CHEMBL572367_0,CC1(C)NC(=[NH2+])N(Cc2cccc(Cl)c2)C1=O,50
3lgs_3lgs_conf0,3lgs_3lgs_conf0.mol2,[H]O[C@@]1([H])[C@]([H])(n2c([H])nc3c(N([H])[H])nc([H])nc32)OC([H])([H])[C@@]1([H])O[H],[H]OC1([H])C([H])([H])OC([H])(n2c([H])nc3c(N([H])[H])nc([H])nc32)C1([H])O[H],Nc1ncnc2c1ncn2[C@@H]1OC[C@@H](O)[C@H]1O,Nc1ncnc2c1ncn2C1OCC(O)C1O,028,CHEMBL2361213_0,Nc1ncnc2c1ncn2[C@@H]1OC[C@@H](O)[C@H]1O,245
3lk8_3lk8_conf0,3lk8_3lk8_conf0.mol2,[H]ON([H])C(=O)C([H])([H])N([H])S(=O)(=O)c1c([H])c([H])c(OC([H])([H])[H])c([H])c1[H],[H]ON([H])C(=O)C([H])([H])N([H])S(=O)(=O)c1c([H])c([H])c(OC([H])([H])[H])c([H])c1[H],COc1ccc(S(=O)(=O)NCC(=O)NO)cc1,COc1ccc(S(=O)(=O)NCC(=O)NO)cc1,029,CHEMBL83508_0,COc1ccc(S(=O)(=O)NCC(=O)NO)cc1,200
3m35_3m35_conf0,3m35_3m35_conf0.mol2,[H]c1c([H])c([H])c(S(=O)(=O)C([H])([H])[H])c(-c2c([H])c([H])c(N([H])C(=O)c3c([H])c(C(F)(F)F)nn3-c3c([H])c([H])c([H])c(C([H])([H])[N+]([H])([H])[H])c3[H])c(F)c2[H])c1[H],[H]c1c([H])c([H])c(S(=O)(=O)C([H])([H])[H])c(-c2c([H])c([H])c(N([H])C(=O)c3c([H])c(C(F)(F)F)nn3-c3c([H])c([H])c([H])c(C([H])([H])[N+]([H])([H])[H])c3[H])c(F)c2[H])c1[H],CS(=O)(=O)c1ccccc1-c1ccc(NC(=O)c2cc(C(F)(F)F)nn2-c2cccc(C[NH3+])c2)c(F)c1,CS(=O)(=O)c1ccccc1-c1ccc(NC(=O)c2cc(C(F)(F)F)nn2-c2cccc(C[NH3+])c2)c(F)c1,058,CHEMBL176140_0,CS(=O)(=O)c1ccccc1-c1ccc(NC(=O)c2cc(C(F)(F)F)nn2-c2cccc(C[NH3+])c2)c(F)c1,189
3m36_3m36_conf0,3m36_3m36_conf0.mol2,[H]c1c([H])c([H])c(S(=O)(=O)C([H])([H])[H])c(-c2c([H])c([H])c(N([H])C(=O)c3c([H])c(C(F)(F)F)nn3-c3c([H])c([H])c([H])c(C([H])([H])[N+]([H])([H])[H])c3[H])c(F)c2[H])c1[H],[H]c1c([H])c([H])c(S(=O)(=O)C([H])([H])[H])c(-c2c([H])c([H])c(N([H])C(=O)c3c([H])c(C(F)(F)F)nn3-c3c([H])c([H])c([H])c(C([H])([H])[N+]([H])([H])[H])c3[H])c(F)c2[H])c1[H],CS(=O)(=O)c1ccccc1-c1ccc(NC(=O)c2cc(C(F)(F)F)nn2-c2cccc(C[NH3+])c2)c(F)c1,CS(=O)(=O)c1ccccc1-c1ccc(NC(=O)c2cc(C(F)(F)F)nn2-c2cccc(C[NH3+])c2)c(F)c1,058,CHEMBL176140_0,CS(=O)(=O)c1ccccc1-c1ccc(NC(=O)c2cc(C(F)(F)F)nn2-c2cccc(C[NH3+])c2)c(F)c1,189
3m37_3m37_conf0,3m37_3m37_conf0.mol2,[H]c1c([H])c([H])c(S(=O)(=O)N([H])[H])c(-c2c([H])c([H])c(N([H])C(=O)c3c([H])c(C(F)(F)F)nn3-c3c([H])c([H])c([H])c([H])c3C([H])([H])[N+]([H])([H])[H])c(F)c2[H])c1[H],[H]c1c([H])c([H])c(S(=O)(=O)N([H])[H])c(-c2c([H])c([H])c(N([H])C(=O)c3c([H])c(C(F)(F)F)nn3-c3c([H])c([H])c([H])c([H])c3C([H])([H])[N+]([H])([H])[H])c(F)c2[H])c1[H],NS(=O)(=O)c1ccccc1-c1ccc(NC(=O)c2cc(C(F)(F)F)nn2-c2ccccc2C[NH3+])c(F)c1,NS(=O)(=O)c1ccccc1-c1ccc(NC(=O)c2cc(C(F)(F)F)nn2-c2ccccc2C[NH3+])c(F)c1,057,CHEMBL151939_0,NS(=O)(=O)c1ccccc1-c1ccc(NC(=O)c2cc(C(F)(F)F)nn2-c2ccccc2C[NH3+])c(F)c1,198
3m3x_3m3x_conf0,3m3x_3m3x_conf0.mol2,[H]c1nc(OC([H])([H])[H])c([N+](=O)[O-])c(N([H])C([H])([H])C([H])([H])c2c([H])c([H])c(S(=O)(=O)N([H])[H])c([H])c2[H])n1,[H]c1nc(OC([H])([H])[H])c([N+](=O)[O-])c(N([H])C([H])([H])C([H])([H])c2c([H])c([H])c(S(=O)(=O)N([H])[H])c([H])c2[H])n1,COc1ncnc(NCCc2ccc(S(N)(=O)=O)cc2)c1[N+](=O)[O-],COc1ncnc(NCCc2ccc(S(N)(=O)=O)cc2)c1[N+](=O)[O-],039,CHEMBL1233768_0,COc1ncnc(NCCc2ccc(S(N)(=O)=O)cc2)c1[N+](=O)[O-],16
3m40_3m40_conf0,3m40_3m40_conf0.mol2,[H]c1nc(Cl)c([N+](=O)[O-])c(N([H])c2c([H])c([H])c(S(=O)(=O)N([H])[H])c([H])c2[H])n1,[H]c1nc(Cl)c([N+](=O)[O-])c(N([H])c2c([H])c([H])c(S(=O)(=O)N([H])[H])c([H])c2[H])n1,NS(=O)(=O)c1ccc(Nc2ncnc(Cl)c2[N+](=O)[O-])cc1,NS(=O)(=O)c1ccc(Nc2ncnc(Cl)c2[N+](=O)[O-])cc1,029,CHEMBL1233722_0,NS(=O)(=O)c1ccc(Nc2ncnc(Cl)c2[N+](=O)[O-])cc1,18
3m5e_3m5e_conf0,3m5e_3m5e_conf0.mol2,[H]C(=O)c1c(Cl)nc(SC([H])([H])[H])nc1N([H])C([H])([H])c1c([H])c([H])c(S(=O)(=O)N([H])[H])c([H])c1[H],[H]C(=O)c1c(Cl)nc(SC([H])([H])[H])nc1N([H])C([H])([H])c1c([H])c([H])c(S(=O)(=O)N([H])[H])c([H])c1[H],CSc1nc(Cl)c(C=O)c(NCc2ccc(S(N)(=O)=O)cc2)n1,CSc1nc(Cl)c(C=O)c(NCc2ccc(S(N)(=O)=O)cc2)n1,036,CHEMBL1233735_0,CSc1nc(Cl)c(C=O)c(NCc2ccc(S(N)(=O)=O)cc2)n1,48
3m67_3m67_conf0,3m67_3m67_conf0.mol2,[H]c1c([H])c(C(=O)C([H])([H])Sc2nc3c([H])c4c(c([H])c3n2[H])OC([H])([H])C([H])([H])O4)c([H])c(S(=O)(=O)N([H])[H])c1Cl,[H]c1c([H])c(C(=O)C([H])([H])Sc2nc3c([H])c4c(c([H])c3n2[H])OC([H])([H])C([H])([H])O4)c([H])c(S(=O)(=O)N([H])[H])c1Cl,NS(=O)(=O)c1cc(C(=O)CSc2nc3cc4c(cc3[nH]2)OCCO4)ccc1Cl,NS(=O)(=O)c1cc(C(=O)CSc2nc3cc4c(cc3[nH]2)OCCO4)ccc1Cl,042,CHEMBL1232443_0,NS(=O)(=O)c1cc(C(=O)CSc2nc3cc4c(cc3[nH]2)OCCO4)ccc1Cl,39
3m96_3m96_conf0,3m96_3m96_conf0.mol2,[H]c1c([H])c(C(=O)C([H])([H])Sc2nc3c([H])c(Br)c([H])c([H])c3n2[H])c([H])c(S(=O)(=O)N([H])[H])c1Cl,[H]c1c([H])c(C(=O)C([H])([H])Sc2nc3c([H])c(Br)c([H])c([H])c3n2[H])c([H])c(S(=O)(=O)N([H])[H])c1Cl,NS(=O)(=O)c1cc(C(=O)CSc2nc3cc(Br)ccc3[nH]2)ccc1Cl,NS(=O)(=O)c1cc(C(=O)CSc2nc3cc(Br)ccc3[nH]2)ccc1Cl,036,CHEMBL1271638_0,NS(=O)(=O)c1cc(C(=O)CSc2nc3cc(Br)ccc3[nH]2)ccc1Cl,42
3mam_3mam_conf0,3mam_3mam_conf0.mol2,[H]C([H])([H])[N+](C([H])([H])[H])(C([H])([H])[H])C([H])([H])C(=O)[O-],[H]C([H])([H])[N+](C([H])([H])[H])(C([H])([H])[H])C([H])([H])C(=O)[O-],C[N+](C)(C)CC(=O)[O-],C[N+](C)(C)CC(=O)[O-],019,CHEMBL95889_0,C[N+](C)(C)CC(=O)[O-],3
3mdz_3mdz_conf0,3mdz_3mdz_conf0.mol2,[H]c1c(OC([H])([H])C([H])([H])[H])c([H])c2sc(S(=O)(=O)N([H])[H])nc2c1[H],[H]c1c(OC([H])([H])C([H])([H])[H])c([H])c2sc(S(=O)(=O)N([H])[H])nc2c1[H],CCOc1ccc2nc(S(N)(=O)=O)sc2c1,CCOc1ccc2nc(S(N)(=O)=O)sc2c1,026,CHEMBL18_0,CCOc1ccc2nc(S(N)(=O)=O)sc2c1,51
3mhl_3mhl_conf0,3mhl_3mhl_conf0.mol2,[H]c1nc(OC([H])([H])[H])c([N+](=O)[O-])c(N([H])C([H])([H])c2c([H])c([H])c(S(=O)(=O)N([H])[H])c([H])c2[H])n1,[H]c1nc(OC([H])([H])[H])c([N+](=O)[O-])c(N([H])C([H])([H])c2c([H])c([H])c(S(=O)(=O)N([H])[H])c([H])c2[H])n1,COc1ncnc(NCc2ccc(S(N)(=O)=O)cc2)c1[N+](=O)[O-],COc1ncnc(NCc2ccc(S(N)(=O)=O)cc2)c1[N+](=O)[O-],036,CHEMBL1233725_0,COc1ncnc(NCc2ccc(S(N)(=O)=O)cc2)c1[N+](=O)[O-],73
3mhm_3mhm_conf0,3mhm_3mhm_conf0.mol2,[H]c1nc(N([H])C([H])([H])c2c([H])c([H])c([H])c([H])c2[H])c([N+](=O)[O-])c(N([H])C([H])([H])c2c([H])c([H])c(S(=O)(=O)N([H])[H])c([H])c2[H])n1,[H]c1nc(N([H])C([H])([H])c2c([H])c([H])c([H])c([H])c2[H])c([N+](=O)[O-])c(N([H])C([H])([H])c2c([H])c([H])c(S(=O)(=O)N([H])[H])c([H])c2[H])n1,NS(=O)(=O)c1ccc(CNc2ncnc(NCc3ccccc3)c2[N+](=O)[O-])cc1,NS(=O)(=O)c1ccc(CNc2ncnc(NCc3ccccc3)c2[N+](=O)[O-])cc1,047,CHEMBL1233727_0,NS(=O)(=O)c1ccc(CNc2ncnc(NCc3ccccc3)c2[N+](=O)[O-])cc1,110
3mho_3mho_conf0,3mho_3mho_conf0.mol2,[H]C(=O)c1c(Cl)nc(SC([H])([H])[H])nc1N([H])c1c([H])c([H])c(S(=O)(=O)N([H])[H])c([H])c1[H],[H]C(=O)c1c(Cl)nc(SC([H])([H])[H])nc1N([H])c1c([H])c([H])c(S(=O)(=O)N([H])[H])c([H])c1[H],CSc1nc(Cl)c(C=O)c(Nc2ccc(S(N)(=O)=O)cc2)n1,CSc1nc(Cl)c(C=O)c(Nc2ccc(S(N)(=O)=O)cc2)n1,033,CHEMBL1233721_0,CSc1nc(Cl)c(C=O)c(Nc2ccc(S(N)(=O)=O)cc2)n1,12
3mhw_3mhw_conf0,3mhw_3mhw_conf0.mol2,[H]c1c([H])c([H])c2sc(N([H])[H])nc2c1[H],[H]c1c([H])c([H])c2sc(N([H])[H])nc2c1[H],Nc1nc2ccccc2s1,Nc1nc2ccccc2s1,016,CHEMBL329785_0,Nc1nc2ccccc2s1,1
3miy_3miy_conf0,3miy_3miy_conf0.mol2,[H]/C(=C1/C(=O)N([H])c2c([H])c([H])c(F)c([H])c21)c1c(C([H])([H])[H])c(C(=O)N([H])C([H])([H])C([H])([H])[N+]([H])(C([H])([H])C([H])([H])[H])C([H])([H])C([H])([H])[H])c(C([H])([H])[H])n1[H],[H]C(=C1C(=O)N([H])c2c([H])c([H])c(F)c([H])c21)c1c(C([H])([H])[H])c(C(=O)N([H])C([H])([H])C([H])([H])[N+]([H])(C([H])([H])C([H])([H])[H])C([H])([H])C([H])([H])[H])c(C([H])([H])[H])n1[H],CC[NH+](CC)CCNC(=O)c1c(C)[nH]c(/C=C2\C(=O)Nc3ccc(F)cc32)c1C,CC[NH+](CC)CCNC(=O)c1c(C)[nH]c(C=C2C(=O)Nc3ccc(F)cc32)c1C,057,CHEMBL535_0,CC[NH+](CC)CCNC(=O)c1c(C)[nH]c(/C=C2\C(=O)Nc3ccc(F)cc32)c1C,77
3ml2_3ml2_conf0,3ml2_3ml2_conf0.mol2,[H]c1c([H])c(S(=O)(=O)N([H])[H])c([H])c([H])c1N([H])C(=O)C([H])([H])c1c([H])c(=O)oc2c([H])c(OC([H])([H])[H])c([H])c([H])c12,[H]c1c([H])c(S(=O)(=O)N([H])[H])c([H])c([H])c1N([H])C(=O)C([H])([H])c1c([H])c(=O)oc2c([H])c(OC([H])([H])[H])c([H])c([H])c12,COc1ccc2c(CC(=O)Nc3ccc(S(N)(=O)=O)cc3)cc(=O)oc2c1,COc1ccc2c(CC(=O)Nc3ccc(S(N)(=O)=O)cc3)cc(=O)oc2c1,043,CHEMBL477822_0,COc1ccc2c(CC(=O)Nc3ccc(S(N)(=O)=O)cc3)cc(=O)oc2c1,200
3ml5_3ml5_conf0,3ml5_3ml5_conf0.mol2,[H]N(C(=O)C([H])([H])[H])c1nnc(S(=O)(=O)N([H])[H])s1,[H]N(C(=O)C([H])([H])[H])c1nnc(S(=O)(=O)N([H])[H])s1,CC(=O)Nc1nnc(S(N)(=O)=O)s1,CC(=O)Nc1nnc(S(N)(=O)=O)s1,019,CHEMBL20_0,CC(=O)Nc1nnc(S(N)(=O)=O)s1,7
3mmf_3mmf_conf0,3mmf_3mmf_conf0.mol2,[H]OC([H])([H])C([H])([H])N([H])c1nc(Cl)nc(N([H])c2c([H])c([H])c(S(=O)(=O)N([H])[H])c([H])c2[H])n1,[H]OC([H])([H])C([H])([H])N([H])c1nc(Cl)nc(N([H])c2c([H])c([H])c(S(=O)(=O)N([H])[H])c([H])c2[H])n1,NS(=O)(=O)c1ccc(Nc2nc(Cl)nc(NCCO)n2)cc1,NS(=O)(=O)c1ccc(Nc2nc(Cl)nc(NCCO)n2)cc1,035,CHEMBL1738787_0,NS(=O)(=O)c1ccc(Nc2nc(Cl)nc(NCCO)n2)cc1,111
3mna_3mna_conf0,3mna_3mna_conf0.mol2,[H]c1c([H])c(S(=O)(=O)N([H])[H])c([H])c([H])c1N([H])c1nc(Cl)nc(N([H])C([H])([H])C(=O)OC([H])([H])[H])n1,[H]c1c([H])c(S(=O)(=O)N([H])[H])c([H])c([H])c1N([H])c1nc(Cl)nc(N([H])C([H])([H])C(=O)OC([H])([H])[H])n1,COC(=O)CNc1nc(Cl)nc(Nc2ccc(S(N)(=O)=O)cc2)n1,COC(=O)CNc1nc(Cl)nc(Nc2ccc(S(N)(=O)=O)cc2)n1,037,CHEMBL1738792_0,COC(=O)CNc1nc(Cl)nc(Nc2ccc(S(N)(=O)=O)cc2)n1,73
3ms9_3ms9_conf0,3ms9_3ms9_conf0.mol2,[H]c1c([H])c(C(=O)OC([H])([H])[H])c(N([H])[H])c([H])c1Cl,[H]c1c([H])c(C(=O)OC([H])([H])[H])c(N([H])[H])c([H])c1Cl,COC(=O)c1ccc(Cl)cc1N,COC(=O)c1ccc(Cl)cc1N,020,CHEMBL1234477_0,COC(=O)c1ccc(Cl)cc1N,2
3myq_3myq_conf0,3myq_3myq_conf0.mol2,[H]c1c([H])c(C(=O)C([H])([H])Sc2nc3c([H])nc4c([H])c([H])c([H])c([H])c4c3n2[H])c([H])c(S(=O)(=O)N([H])[H])c1Cl,[H]c1c([H])c(C(=O)C([H])([H])Sc2nc3c([H])nc4c([H])c([H])c([H])c([H])c4c3n2[H])c([H])c(S(=O)(=O)N([H])[H])c1Cl,NS(=O)(=O)c1cc(C(=O)CSc2nc3cnc4ccccc4c3[nH]2)ccc1Cl,NS(=O)(=O)c1cc(C(=O)CSc2nc3cnc4ccccc4c3[nH]2)ccc1Cl,041,CHEMBL1271639_0,NS(=O)(=O)c1cc(C(=O)CSc2nc3cnc4ccccc4c3[nH]2)ccc1Cl,53
3mzc_3mzc_conf0,3mzc_3mzc_conf0.mol2,[H]c1c([H])c(S(=O)(=O)N([H])[H])c([H])c([H])c1N([H])C(=O)N([H])C1([H])C([H])([H])C([H])([H])C([H])([H])C1([H])[H],[H]c1c([H])c(S(=O)(=O)N([H])[H])c([H])c([H])c1N([H])C(=O)N([H])C1([H])C([H])([H])C([H])([H])C([H])([H])C1([H])[H],NS(=O)(=O)c1ccc(NC(=O)NC2CCCC2)cc1,NS(=O)(=O)c1ccc(NC(=O)NC2CCCC2)cc1,036,CHEMBL1615215_0,NS(=O)(=O)c1ccc(NC(=O)NC2CCCC2)cc1,39
3n0n_3n0n_conf0,3n0n_3n0n_conf0.mol2,[H]c1c([H])c(S(=O)(=O)N([H])[H])c([H])c([H])c1N([H])C(=O)N([H])c1c(F)c(F)c(F)c(F)c1F,[H]c1c([H])c(S(=O)(=O)N([H])[H])c([H])c([H])c1N([H])C(=O)N([H])c1c(F)c(F)c(F)c(F)c1F,NS(=O)(=O)c1ccc(NC(=O)Nc2c(F)c(F)c(F)c(F)c2F)cc1,NS(=O)(=O)c1ccc(NC(=O)Nc2c(F)c(F)c(F)c(F)c2F)cc1,033,CHEMBL316779_0,NS(=O)(=O)c1ccc(NC(=O)Nc2c(F)c(F)c(F)c(F)c2F)cc1,38
3n2p_3n2p_conf0,3n2p_3n2p_conf0.mol2,[H]c1c([H])c(N([H])C(=O)N([H])c2c([H])c([H])c(S(=O)(=O)N([H])[H])c([H])c2[H])c([H])c([N+](=O)[O-])c1[H],[H]c1c([H])c(N([H])C(=O)N([H])c2c([H])c([H])c(S(=O)(=O)N([H])[H])c([H])c2[H])c([H])c([N+](=O)[O-])c1[H],NS(=O)(=O)c1ccc(NC(=O)Nc2cccc([N+](=O)[O-])c2)cc1,NS(=O)(=O)c1ccc(NC(=O)Nc2cccc([N+](=O)[O-])c2)cc1,035,CHEMBL1614844_0,NS(=O)(=O)c1ccc(NC(=O)Nc2cccc([N+](=O)[O-])c2)cc1,30
3n2v_3n2v_conf0,3n2v_3n2v_conf0.mol2,[H]ON([H])C(=O)C([H])([H])N(C([H])([H])C([H])([H])O[H])S(=O)(=O)c1c([H])c([H])c(-c2c([H])c([H])c([H])c([H])c2[H])c([H])c1[H],[H]ON([H])C(=O)C([H])([H])N(C([H])([H])C([H])([H])O[H])S(=O)(=O)c1c([H])c([H])c(-c2c([H])c([H])c([H])c([H])c2[H])c([H])c1[H],O=C(CN(CCO)S(=O)(=O)c1ccc(-c2ccccc2)cc1)NO,O=C(CN(CCO)S(=O)(=O)c1ccc(-c2ccccc2)cc1)NO,042,CHEMBL1233772_0,O=C(CN(CCO)S(=O)(=O)c1ccc(-c2ccccc2)cc1)NO,112
3n3j_3n3j_conf0,3n3j_3n3j_conf0.mol2,[H]c1c([H])c([H])c(C([H])(C([H])([H])[H])C([H])([H])[H])c(N([H])C(=O)N([H])c2c([H])c([H])c(S(=O)(=O)N([H])[H])c([H])c2[H])c1[H],[H]c1c([H])c([H])c(C([H])(C([H])([H])[H])C([H])([H])[H])c(N([H])C(=O)N([H])c2c([H])c([H])c(S(=O)(=O)N([H])[H])c([H])c2[H])c1[H],CC(C)c1ccccc1NC(=O)Nc1ccc(S(N)(=O)=O)cc1,CC(C)c1ccccc1NC(=O)Nc1ccc(S(N)(=O)=O)cc1,042,CHEMBL1615280_0,CC(C)c1ccccc1NC(=O)Nc1ccc(S(N)(=O)=O)cc1,20
3n4b_3n4b_conf0,3n4b_3n4b_conf0.mol2,[H]c1c([H])c(N([H])C(=O)N([H])c2c([H])c([H])c(S(=O)(=O)N([H])[H])c([H])c2[H])c([H])c([H])c1F,[H]c1c([H])c(N([H])C(=O)N([H])c2c([H])c([H])c(S(=O)(=O)N([H])[H])c([H])c2[H])c([H])c([H])c1F,NS(=O)(=O)c1ccc(NC(=O)Nc2ccc(F)cc2)cc1,NS(=O)(=O)c1ccc(NC(=O)Nc2ccc(F)cc2)cc1,033,CHEMBL1615281_0,NS(=O)(=O)c1ccc(NC(=O)Nc2ccc(F)cc2)cc1,7
3n9r_3n9r_conf0,3n9r_3n9r_conf0.mol2,[H]ON(C(=O)C([H])([H])OP(=O)([O-])[O-])C([H])([H])C([H])([H])C([H])([H])C([H])([H])O[H],[H]ON(C(=O)C([H])([H])OP(=O)([O-])[O-])C([H])([H])C([H])([H])C([H])([H])C([H])([H])O[H],O=C(COP(=O)([O-])[O-])N(O)CCCCO,O=C(COP(=O)([O-])[O-])N(O)CCCCO,027,CHEMBL1236227_0,O=C(COP(=O)([O-])[O-])N(O)CCCCO,1
3nb5_3nb5_conf0,3nb5_3nb5_conf0.mol2,[H]Oc1c([H])c([H])c(C([H])([H])C(=O)N([H])C([H])([H])C([H])([H])c2c([H])c([H])c(S(=O)(=O)N([H])[H])c([H])c2[H])c([H])c1Cl,[H]Oc1c([H])c([H])c(C([H])([H])C(=O)N([H])C([H])([H])C([H])([H])c2c([H])c([H])c(S(=O)(=O)N([H])[H])c([H])c2[H])c([H])c1Cl,NS(=O)(=O)c1ccc(CCNC(=O)Cc2ccc(O)c(Cl)c2)cc1,NS(=O)(=O)c1ccc(CCNC(=O)Cc2ccc(O)c(Cl)c2)cc1,041,CHEMBL606453_0,NS(=O)(=O)c1ccc(CCNC(=O)Cc2ccc(O)c(Cl)c2)cc1,109
3nee_3nee_conf0,3nee_3nee_conf0.mol2,[H]Oc1c([H])c([H])c(C([H])([H])c2c(C([H])([H])[H])c([H])c(OC([H])([H])C(=O)[O-])c([H])c2C([H])([H])[H])c([H])c1C([H])(C([H])([H])[H])C([H])([H])[H],[H]Oc1c([H])c([H])c(C([H])([H])c2c(C([H])([H])[H])c([H])c(OC([H])([H])C(=O)[O-])c([H])c2C([H])([H])[H])c([H])c1C([H])(C([H])([H])[H])C([H])([H])[H],Cc1cc(OCC(=O)[O-])cc(C)c1Cc1ccc(O)c(C(C)C)c1,Cc1cc(OCC(=O)[O-])cc(C)c1Cc1ccc(O)c(C(C)C)c1,047,CHEMBL107400_0,Cc1cc(OCC(=O)[O-])cc(C)c1Cc1ccc(O)c(C(C)C)c1,200
3nes_3nes_conf0,3nes_3nes_conf0.mol2,[H]Oc1c([H])c([H])c(C([H])([H])c2c(C([H])([H])[H])c([H])c(OC([H])([H])C(=O)[O-])c([H])c2C([H])([H])[H])c([H])c1C([H])(C([H])([H])[H])C([H])([H])[H],[H]Oc1c([H])c([H])c(C([H])([H])c2c(C([H])([H])[H])c([H])c(OC([H])([H])C(=O)[O-])c([H])c2C([H])([H])[H])c([H])c1C([H])(C([H])([H])[H])C([H])([H])[H],Cc1cc(OCC(=O)[O-])cc(C)c1Cc1ccc(O)c(C(C)C)c1,Cc1cc(OCC(=O)[O-])cc(C)c1Cc1ccc(O)c(C(C)C)c1,047,CHEMBL107400_0,Cc1cc(OCC(=O)[O-])cc(C)c1Cc1ccc(O)c(C(C)C)c1,200
3ni5_3ni5_conf0,3ni5_3ni5_conf0.mol2,[H]c1c([H])c(C(=O)OC([H])([H])C([H])([H])C([H])([H])C([H])([H])O[N+](=O)[O-])c([H])c(S(=O)(=O)N([H])c2nnc(S(=O)(=O)N([H])[H])s2)c1[H],[H]c1c([H])c(C(=O)OC([H])([H])C([H])([H])C([H])([H])C([H])([H])O[N+](=O)[O-])c([H])c(S(=O)(=O)N([H])c2nnc(S(=O)(=O)N([H])[H])s2)c1[H],NS(=O)(=O)c1nnc(NS(=O)(=O)c2cccc(C(=O)OCCCCO[N+](=O)[O-])c2)s1,NS(=O)(=O)c1nnc(NS(=O)(=O)c2cccc(C(=O)OCCCCO[N+](=O)[O-])c2)s1,045,CHEMBL1738778_0,NS(=O)(=O)c1nnc(NS(=O)(=O)c2cccc(C(=O)OCCCCO[N+](=O)[O-])c2)s1,184
3npc_3npc_conf0,3npc_3npc_conf0.mol2,[H]c1c([H])c(C([H])([H])[H])c([H])c([H])c1-n1nc(C(C([H])([H])[H])(C([H])([H])[H])C([H])([H])[H])c([H])c1N([H])C(=O)N([H])c1c([H])c([H])c(OC([H])([H])C([H])([H])[N+]2([H])C([H])([H])C([H])([H])OC([H])([H])C2([H])[H])c2c([H])c([H])c([H])c([H])c12,[H]c1c([H])c(C([H])([H])[H])c([H])c([H])c1-n1nc(C(C([H])([H])[H])(C([H])([H])[H])C([H])([H])[H])c([H])c1N([H])C(=O)N([H])c1c([H])c([H])c(OC([H])([H])C([H])([H])[N+]2([H])C([H])([H])C([H])([H])OC([H])([H])C2([H])[H])c2c([H])c([H])c([H])c([H])c12,Cc1ccc(-n2nc(C(C)(C)C)cc2NC(=O)Nc2ccc(OCC[NH+]3CCOCC3)c3ccccc23)cc1,Cc1ccc(-n2nc(C(C)(C)C)cc2NC(=O)Nc2ccc(OCC[NH+]3CCOCC3)c3ccccc23)cc1,077,CHEMBL103667_0,Cc1ccc(-n2nc(C(C)(C)C)cc2NC(=O)Nc2ccc(OCC[NH+]3CCOCC3)c3ccccc23)cc1,200
3o5x_3o5x_conf0,3o5x_3o5x_conf0.mol2,[H]Oc1c(C(=O)[O-])c([H])c2c(-c3nnn(C([H])([H])C([H])([H])C(=O)N([H])c4c([H])c([H])c(-c5c([H])c([H])c([H])c([H])c5[H])c([H])c4[H])c3[H])c(-c3c([H])c([H])c([H])c([H])c3[H])n(C([H])([H])[H])c2c1[H],[H]Oc1c(C(=O)[O-])c([H])c2c(-c3nnn(C([H])([H])C([H])([H])C(=O)N([H])c4c([H])c([H])c(-c5c([H])c([H])c([H])c([H])c5[H])c([H])c4[H])c3[H])c(-c3c([H])c([H])c([H])c([H])c3[H])n(C([H])([H])[H])c2c1[H],Cn1c(-c2ccccc2)c(-c2cn(CCC(=O)Nc3ccc(-c4ccccc4)cc3)nn2)c2cc(C(=O)[O-])c(O)cc21,Cn1c(-c2ccccc2)c(-c2cn(CCC(=O)Nc3ccc(-c4ccccc4)cc3)nn2)c2cc(C(=O)[O-])c(O)cc21,068,CHEMBL590043_0,Cn1c(-c2ccccc2)c(-c2cn(CCC(=O)Nc3ccc(-c4ccccc4)cc3)nn2)c2cc(C(=O)[O-])c(O)cc21,8
3o84_3o84_conf0,3o84_3o84_conf0.mol2,[H]c1nc([H])c([H])c(C([H])([H])n2nc([H])c3c(C(=O)[O-])c([H])c(-c4c([H])c([H])c([H])c([H])c4[H])nc32)c1[H],[H]c1nc([H])c([H])c(C([H])([H])n2nc([H])c3c(C(=O)[O-])c([H])c(-c4c([H])c([H])c([H])c([H])c4[H])nc32)c1[H],O=C([O-])c1cc(-c2ccccc2)nc2c1cnn2Cc1ccncc1,O=C([O-])c1cc(-c2ccccc2)nc2c1cnn2Cc1ccncc1,038,CHEMBL1233436_0,O=C([O-])c1cc(-c2ccccc2)nc2c1cnn2Cc1ccncc1,18
3o8p_3o8p_conf0,3o8p_3o8p_conf0.mol2,[H]c1c([H])c(N([H])C(=O)N([H])c2c([H])c(C(C([H])([H])[H])(C([H])([H])[H])C([H])([H])[H])nn2C([H])([H])[H])c([H])c([H])c1Cl,[H]c1c([H])c(N([H])C(=O)N([H])c2c([H])c(C(C([H])([H])[H])(C([H])([H])[H])C([H])([H])[H])nn2C([H])([H])[H])c([H])c([H])c1Cl,Cn1nc(C(C)(C)C)cc1NC(=O)Nc1ccc(Cl)cc1,Cn1nc(C(C)(C)C)cc1NC(=O)Nc1ccc(Cl)cc1,040,CHEMBL87277_0,Cn1nc(C(C)(C)C)cc1NC(=O)Nc1ccc(Cl)cc1,6
3oaf_3oaf_conf0,3oaf_3oaf_conf0.mol2,[H]c1nc2nc(N([H])[H])nc(N([H])[H])c2c([H])c1C([H])([H])N([H])c1c([H])c(Cl)c([H])c([H])c1Cl,[H]c1nc2nc(N([H])[H])nc(N([H])[H])c2c([H])c1C([H])([H])N([H])c1c([H])c(Cl)c([H])c([H])c1Cl,Nc1nc(N)c2cc(CNc3cc(Cl)ccc3Cl)cnc2n1,Nc1nc(N)c2cc(CNc3cc(Cl)ccc3Cl)cnc2n1,034,CHEMBL145979_0,Nc1nc(N)c2cc(CNc3cc(Cl)ccc3Cl)cnc2n1,100
3ocp_3ocp_conf0,3ocp_3ocp_conf0.mol2,[H]O[C@]1([H])[C@]2([H])O[P@](=O)([O-])OC([H])([H])[C@@]2([H])O[C@@]1([H])n1c([H])nc2c(N([H])[H])nc([H])nc21,[H]OC1([H])C([H])(n2c([H])nc3c(N([H])[H])nc([H])nc32)OC2([H])C([H])([H])OP(=O)([O-])OC21[H],Nc1ncnc2c1ncn2[C@@H]1O[C@@H]2CO[P@@](=O)([O-])O[C@H]2[C@H]1O,Nc1ncnc2c1ncn2C1OC2COP(=O)([O-])OC2C1O,033,CHEMBL9871_0,Nc1ncnc2c1ncn2[C@@H]1O[C@@H]2CO[P@@](=O)([O-])O[C@H]2[C@H]1O,840
3ovn_3ovn_conf0,3ovn_3ovn_conf0.mol2,[H]c1sc(-c2nn(C([H])([H])[H])c(N([H])[H])c2[H])c([H])c1[H],[H]c1sc(-c2nn(C([H])([H])[H])c(N([H])[H])c2[H])c([H])c1[H],Cn1nc(-c2cccs2)cc1N,Cn1nc(-c2cccs2)cc1N,021,CHEMBL1615094_0,Cn1nc(-c2cccs2)cc1N,2
3oy0_3oy0_conf0,3oy0_3oy0_conf0.mol2,[H]c1c([H])c(S(=O)(=O)N([H])[H])c([H])c([H])c1N([H])C(=O)[C@@]([H])(C([H])([H])C([H])([H])C([H])([H])[H])C(C([H])([H])[H])(C([H])([H])[H])C([H])([H])[H],[H]c1c([H])c(S(=O)(=O)N([H])[H])c([H])c([H])c1N([H])C(=O)C([H])(C([H])([H])C([H])([H])C([H])([H])[H])C(C([H])([H])[H])(C([H])([H])[H])C([H])([H])[H],CCC[C@H](C(=O)Nc1ccc(S(N)(=O)=O)cc1)C(C)(C)C,CCCC(C(=O)Nc1ccc(S(N)(=O)=O)cc1)C(C)(C)C,045,CHEMBL1083383_0,CCC[C@H](C(=O)Nc1ccc(S(N)(=O)=O)cc1)C(C)(C)C,69
3p3r_3p3r_conf0,3p3r_3p3r_conf0.mol2,[H]Oc1c([H])c(C(=O)c2c([H])c([H])c([H])c([H])c2F)c([H])c([N+](=O)[O-])c1O[H],[H]Oc1c([H])c(C(=O)c2c([H])c([H])c([H])c([H])c2F)c([H])c([N+](=O)[O-])c1O[H],O=C(c1cc(O)c(O)c([N+](=O)[O-])c1)c1ccccc1F,O=C(c1cc(O)c(O)c([N+](=O)[O-])c1)c1ccccc1F,028,CHEMBL1256291_1,O=C(c1cc(O)c(O)c([N+](=O)[O-])c1)c1ccccc1F,17
3p3t_3p3t_conf0,3p3t_3p3t_conf0.mol2,[H]c1c([H])c([H])c(OC([H])([H])C([H])([H])C([H])([H])c2c(C([H])([H])[H])nn([H])c2C([H])([H])[H])c(F)c1[H],[H]c1c([H])c([H])c(OC([H])([H])C([H])([H])C([H])([H])c2c(C([H])([H])[H])nn([H])c2C([H])([H])[H])c(F)c1[H],Cc1n[nH]c(C)c1CCCOc1ccccc1F,Cc1n[nH]c(C)c1CCCOc1ccccc1F,035,CHEMBL3695460_0,Cc1n[nH]c(C)c1CCCOc1ccccc1F,89
3p58_3p58_conf0,3p58_3p58_conf0.mol2,[H]SC(=S)N(C([H])([H])[H])C([H])([H])c1c([H])c([H])c([H])c([H])c1[H],[H]SC(=S)N(C([H])([H])[H])C([H])([H])c1c([H])c([H])c([H])c([H])c1[H],CN(Cc1ccccc1)C(=S)S,CN(Cc1ccccc1)C(=S)S,023,CHEMBL2010499_0,CN(Cc1ccccc1)C(=S)S,19
3p5l_3p5l_conf0,3p5l_3p5l_conf0.mol2,[H]SC(=S)N1C([H])([H])C([H])([H])C(C#N)(c2c([H])c([H])c([H])c([H])c2[H])C([H])([H])C1([H])[H],[H]SC(=S)N1C([H])([H])C([H])([H])C(C#N)(c2c([H])c([H])c([H])c([H])c2[H])C([H])([H])C1([H])[H],N#CC1(c2ccccc2)CCN(C(=S)S)CC1,N#CC1(c2ccccc2)CCN(C(=S)S)CC1,031,CHEMBL2027833_0,N#CC1(c2ccccc2)CCN(C(=S)S)CC1,47
3pb7_3pb7_conf0,3pb7_3pb7_conf0.mol2,[H]c1nc([H])n(C([H])([H])C([H])([H])C([H])([H])N([H])C(=S)N([H])c2c([H])c([H])c(OC([H])([H])[H])c(OC([H])([H])[H])c2[H])c1[H],[H]c1nc([H])n(C([H])([H])C([H])([H])C([H])([H])N([H])C(=S)N([H])c2c([H])c([H])c(OC([H])([H])[H])c(OC([H])([H])[H])c2[H])c1[H],COc1ccc(NC(=S)NCCCn2ccnc2)cc1OC,COc1ccc(NC(=S)NCCCn2ccnc2)cc1OC,042,CHEMBL201747_0,COc1ccc(NC(=S)NCCCn2ccnc2)cc1OC,200
3pb8_3pb8_conf0,3pb8_3pb8_conf0.mol2,[H]c1nc(C([H])([H])C([H])([H])N([H])C(=O)C([H])([H])[H])c([H])n1[H],[H]c1nc(C([H])([H])C([H])([H])N([H])C(=O)C([H])([H])[H])c([H])n1[H],CC(=O)NCCc1c[nH]cn1,CC(=O)NCCc1c[nH]cn1,022,CHEMBL1230893_0,CC(=O)NCCc1c[nH]cn1,39
3pb9_3pb9_conf0,3pb9_3pb9_conf0.mol2,[H]c1nc([H])n(C([H])([H])c2c([H])c([H])c([H])c([H])c2[H])c1[H],[H]c1nc([H])n(C([H])([H])c2c([H])c([H])c([H])c([H])c2[H])c1[H],c1ccc(Cn2ccnc2)cc1,c1ccc(Cn2ccnc2)cc1,022,CHEMBL14192_0,c1ccc(Cn2ccnc2)cc1,18
3pce_3pce_conf0,3pce_3pce_conf0.mol2,[H]Oc1c([H])c([H])c([H])c(C([H])([H])C(=O)[O-])c1[H],[H]Oc1c([H])c([H])c([H])c(C([H])([H])C(=O)[O-])c1[H],O=C([O-])Cc1cccc(O)c1,O=C([O-])Cc1cccc(O)c1,018,CHEMBL190035_0,O=C([O-])Cc1cccc(O)c1,4
3pcg_3pcg_conf0,3pcg_3pcg_conf0.mol2,[H]Oc1c([H])c([H])c(C([H])([H])C(=O)[O-])c([H])c1[H],[H]Oc1c([H])c([H])c(C([H])([H])C(=O)[O-])c([H])c1[H],O=C([O-])Cc1ccc(O)cc1,O=C([O-])Cc1ccc(O)cc1,018,CHEMBL1772_0,O=C([O-])Cc1ccc(O)cc1,2
3pcn_3pcn_conf0,3pcn_3pcn_conf0.mol2,[H]Oc1c([H])c([H])c(C([H])([H])C(=O)[O-])c([H])c1O[H],[H]Oc1c([H])c([H])c(C([H])([H])C(=O)[O-])c([H])c1O[H],O=C([O-])Cc1ccc(O)c(O)c1,O=C([O-])Cc1ccc(O)c(O)c1,019,CHEMBL1284_0,O=C([O-])Cc1ccc(O)c(O)c1,8
3pe1_3pe1_conf0,3pe1_3pe1_conf0.mol2,[H]c1nc([H])c2c(c(N([H])c3c([H])c([H])c([H])c(Cl)c3[H])nc3c([H])c(C(=O)[O-])c([H])c([H])c32)c1[H],[H]c1nc([H])c2c(c(N([H])c3c([H])c([H])c([H])c(Cl)c3[H])nc3c([H])c(C(=O)[O-])c([H])c([H])c32)c1[H],O=C([O-])c1ccc2c(c1)nc(Nc1cccc(Cl)c1)c1ccncc12,O=C([O-])c1ccc2c(c1)nc(Nc1cccc(Cl)c1)c1ccncc12,036,CHEMBL1230165_0,O=C([O-])c1ccc2c(c1)nc(Nc1cccc(Cl)c1)c1ccncc12,5
3po6_3po6_conf0,3po6_3po6_conf0.mol2,[H]c1c(OC([H])([H])[H])c(OC([H])([H])[H])c([H])c2c1C([H])([H])C([H])([H])N(S(=O)(=O)N([H])[H])[C@@]2([H])C([H])([H])[H],[H]c1c(OC([H])([H])[H])c(OC([H])([H])[H])c([H])c2c1C([H])([H])C([H])([H])N(S(=O)(=O)N([H])[H])C2([H])C([H])([H])[H],COc1cc2c(cc1OC)[C@H](C)N(S(N)(=O)=O)CC2,COc1cc2c(cc1OC)C(C)N(S(N)(=O)=O)CC2,037,CHEMBL1089045_0,COc1cc2c(cc1OC)[C@H](C)N(S(N)(=O)=O)CC2,51
3ppm_3ppm_conf0,3ppm_3ppm_conf0.mol2,[H]c1nc(-c2nnc(C(=O)C([H])([H])C([H])([H])C([H])([H])C([H])([H])C([H])([H])C([H])([H])c3c([H])c([H])c([H])c([H])c3[H])o2)c([H])c([H])c1[H],[H]c1nc(-c2nnc(C(=O)C([H])([H])C([H])([H])C([H])([H])C([H])([H])C([H])([H])C([H])([H])c3c([H])c([H])c([H])c([H])c3[H])o2)c([H])c([H])c1[H],O=C(CCCCCCc1ccccc1)c1nnc(-c2ccccn2)o1,O=C(CCCCCCc1ccccc1)c1nnc(-c2ccccn2)o1,046,CHEMBL178398_0,O=C(CCCCCCc1ccccc1)c1nnc(-c2ccccn2)o1,192
3ppp_3ppp_conf0,3ppp_3ppp_conf0.mol2,[H]C([H])([H])[N+](C([H])([H])[H])(C([H])([H])[H])C([H])([H])C(=O)[O-],[H]C([H])([H])[N+](C([H])([H])[H])(C([H])([H])[H])C([H])([H])C(=O)[O-],C[N+](C)(C)CC(=O)[O-],C[N+](C)(C)CC(=O)[O-],019,CHEMBL95889_0,C[N+](C)(C)CC(=O)[O-],3
3ppq_3ppq_conf0,3ppq_3ppq_conf0.mol2,[H]OC([H])([H])C([H])([H])[N+](C([H])([H])[H])(C([H])([H])[H])C([H])([H])[H],[H]OC([H])([H])C([H])([H])[N+](C([H])([H])[H])(C([H])([H])[H])C([H])([H])[H],C[N+](C)(C)CCO,C[N+](C)(C)CCO,021,CHEMBL920_0,C[N+](C)(C)CCO,7
3pwd_3pwd_conf0,3pwd_3pwd_conf0.mol2,[H]Oc1c([H])c([H])c2c([H])c3c(C([H])([H])[H])c([H])c(=O)oc3c([H])c2c1[N+](=O)[O-],[H]Oc1c([H])c([H])c2c([H])c3c(C([H])([H])[H])c([H])c(=O)oc3c([H])c2c1[N+](=O)[O-],Cc1cc(=O)oc2cc3c([N+](=O)[O-])c(O)ccc3cc12,Cc1cc(=O)oc2cc3c([N+](=O)[O-])c(O)ccc3cc12,029,CHEMBL270722_1,Cc1cc(=O)oc2cc3c([N+](=O)[O-])c(O)ccc3cc12,2
3q2j_3q2j_conf0,3q2j_3q2j_conf0.mol2,[H]c1nc([H])c2c(S(=O)(=O)N([H])C([H])([H])C([H])([H])[N+]([H])([H])[H])c([H])c([H])c(Cl)c2c1[H],[H]c1nc([H])c2c(S(=O)(=O)N([H])C([H])([H])C([H])([H])[N+]([H])([H])[H])c([H])c([H])c(Cl)c2c1[H],[NH3+]CCNS(=O)(=O)c1ccc(Cl)c2ccncc12,[NH3+]CCNS(=O)(=O)c1ccc(Cl)c2ccncc12,031,CHEMBL489157_0,[NH3+]CCNS(=O)(=O)c1ccc(Cl)c2ccncc12,66
3q6w_3q6w_conf0,3q6w_3q6w_conf0.mol2,[H]c1nc(C([H])([H])N([H])C(=O)C([H])([H])C([H])([H])c2c([H])c([H])c3c([H])c([H])c4nc([H])c(-c5c([H])nn(C6([H])C([H])([H])C([H])([H])[N+]([H])([H])C([H])([H])C6([H])[H])c5[H])c([H])c4c(=O)c3c2[H])c([H])c([H])c1[H],[H]c1nc(C([H])([H])N([H])C(=O)C([H])([H])C([H])([H])c2c([H])c([H])c3c([H])c([H])c4nc([H])c(-c5c([H])nn(C6([H])C([H])([H])C([H])([H])[N+]([H])([H])C([H])([H])C6([H])[H])c5[H])c([H])c4c(=O)c3c2[H])c([H])c([H])c1[H],O=C(CCc1ccc2ccc3ncc(-c4cnn(C5CC[NH2+]CC5)c4)cc3c(=O)c2c1)NCc1ccccn1,O=C(CCc1ccc2ccc3ncc(-c4cnn(C5CC[NH2+]CC5)c4)cc3c(=O)c2c1)NCc1ccccn1,070,CHEMBL1615181_0,O=C(CCc1ccc2ccc3ncc(-c4cnn(C5CC[NH2+]CC5)c4)cc3c(=O)c2c1)NCc1ccccn1,113
3qdd_3qdd_conf0,3qdd_3qdd_conf0.mol2,[H]c1nc(C([H])([H])n2c([H])nc3c(Cl)nc(N([H])[H])nc32)c(C([H])([H])[H])c(OC([H])([H])[H])c1C([H])([H])[H],[H]c1nc(C([H])([H])n2c([H])nc3c(Cl)nc(N([H])[H])nc32)c(C([H])([H])[H])c(OC([H])([H])[H])c1C([H])([H])[H],COc1c(C)cnc(Cn2cnc3c(Cl)nc(N)nc32)c1C,COc1c(C)cnc(Cn2cnc3c(Cl)nc(N)nc32)c1C,037,CHEMBL467399_0,COc1c(C)cnc(Cn2cnc3c(Cl)nc(N)nc32)c1C,50
3r16_3r16_conf0,3r16_3r16_conf0.mol2,[H]c1sc(C([H])([H])C(=O)N([H])c2c([H])c([H])c(S(=O)(=O)N([H])[H])c([H])c2[H])c([H])c1[H],[H]c1sc(C([H])([H])C(=O)N([H])c2c([H])c([H])c(S(=O)(=O)N([H])[H])c([H])c2[H])c([H])c1[H],NS(=O)(=O)c1ccc(NC(=O)Cc2cccs2)cc1,NS(=O)(=O)c1ccc(NC(=O)Cc2cccs2)cc1,031,CHEMBL573127_0,NS(=O)(=O)c1ccc(NC(=O)Cc2cccs2)cc1,200
3r17_3r17_conf0,3r17_3r17_conf0.mol2,[H]c1sc(C([H])([H])C(=O)N([H])c2c([H])c([H])c(S(=O)(=O)N([H])[H])c([H])c2F)c([H])c1[H],[H]c1sc(C([H])([H])C(=O)N([H])c2c([H])c([H])c(S(=O)(=O)N([H])[H])c([H])c2F)c([H])c1[H],NS(=O)(=O)c1ccc(NC(=O)Cc2cccs2)c(F)c1,NS(=O)(=O)c1ccc(NC(=O)Cc2cccs2)c(F)c1,031,CHEMBL574246_0,NS(=O)(=O)c1ccc(NC(=O)Cc2cccs2)c(F)c1,200
3r4m_3r4m_conf0,3r4m_3r4m_conf0.mol2,[H]c1c(Cl)nc(N([H])[H])nc1-c1c([H])c([H])c([H])c([H])c1OC([H])([H])[H],[H]c1c(Cl)nc(N([H])[H])nc1-c1c([H])c([H])c([H])c([H])c1OC([H])([H])[H],COc1ccccc1-c1cc(Cl)nc(N)n1,COc1ccccc1-c1cc(Cl)nc(N)n1,026,CHEMBL1236713_0,COc1ccccc1-c1cc(Cl)nc(N)n1,5
3r4n_3r4n_conf0,3r4n_3r4n_conf0.mol2,[H]c1c(-c2c(Cl)c([H])c([H])c([H])c2OC([H])([H])C([H])([H])C([H])([H])C(F)(F)F)nc(N([H])[H])nc1C([H])([H])[H],[H]c1c(-c2c(Cl)c([H])c([H])c([H])c2OC([H])([H])C([H])([H])C([H])([H])C(F)(F)F)nc(N([H])[H])nc1C([H])([H])[H],Cc1cc(-c2c(Cl)cccc2OCCCC(F)(F)F)nc(N)n1,Cc1cc(-c2c(Cl)cccc2OCCCC(F)(F)F)nc(N)n1,038,CHEMBL1738804_0,Cc1cc(-c2c(Cl)cccc2OCCCC(F)(F)F)nc(N)n1,89
3r6u_3r6u_conf0,3r6u_3r6u_conf0.mol2,[H]OC([H])([H])C([H])([H])[N+](C([H])([H])[H])(C([H])([H])[H])C([H])([H])[H],[H]OC([H])([H])C([H])([H])[N+](C([H])([H])[H])(C([H])([H])[H])C([H])([H])[H],C[N+](C)(C)CCO,C[N+](C)(C)CCO,021,CHEMBL920_0,C[N+](C)(C)CCO,7
3rbu_3rbu_conf0,3rbu_3rbu_conf0.mol2,[H]C([H])(C(=O)[O-])C([H])([H])[C@@]([H])(C(=O)[O-])C([H])([H])P(=O)([O-])[O-],[H]C([H])(C(=O)[O-])C([H])([H])C([H])(C(=O)[O-])C([H])([H])P(=O)([O-])[O-],O=C([O-])CC[C@H](CP(=O)([O-])[O-])C(=O)[O-],O=C([O-])CCC(CP(=O)([O-])[O-])C(=O)[O-],021,CHEMBL47009_0,O=C([O-])CC[C@H](CP(=O)([O-])[O-])C(=O)[O-],141
3rf4_3rf4_conf0,3rf4_3rf4_conf0.mol2,[H]c1oc(C([H])([H])N([H])c2c([H])c(Cl)c(S(=O)(=O)N([H])[H])c([H])c2C(=O)[O-])c([H])c1[H],[H]c1oc(C([H])([H])N([H])c2c([H])c(Cl)c(S(=O)(=O)N([H])[H])c([H])c2C(=O)[O-])c([H])c1[H],NS(=O)(=O)c1cc(C(=O)[O-])c(NCc2ccco2)cc1Cl,NS(=O)(=O)c1cc(C(=O)[O-])c(NCc2ccco2)cc1Cl,031,CHEMBL35_0,NS(=O)(=O)c1cc(C(=O)[O-])c(NCc2ccco2)cc1Cl,200
3rf5_3rf5_conf0,3rf5_3rf5_conf0.mol2,[H]c1oc(C([H])([H])N([H])c2c([H])c([H])c([H])c([H])c2C(=O)[O-])c([H])c1[H],[H]c1oc(C([H])([H])N([H])c2c([H])c([H])c([H])c([H])c2C(=O)[O-])c([H])c1[H],O=C([O-])c1ccccc1NCc1ccco1,O=C([O-])c1ccccc1NCc1ccco1,026,CHEMBL1492146_0,O=C([O-])c1ccccc1NCc1ccco1,17
3rlb_3rlb_conf0,3rlb_3rlb_conf0.mol2,[H]OC([H])([H])C([H])([H])c1sc([H])[n+](C([H])([H])c2c([H])nc(C([H])([H])[H])nc2N([H])[H])c1C([H])([H])[H],[H]OC([H])([H])C([H])([H])c1sc([H])[n+](C([H])([H])c2c([H])nc(C([H])([H])[H])nc2N([H])[H])c1C([H])([H])[H],Cc1ncc(C[n+]2csc(CCO)c2C)c(N)n1,Cc1ncc(C[n+]2csc(CCO)c2C)c(N)n1,035,CHEMBL1547_0,Cc1ncc(C[n+]2csc(CCO)c2C)c(N)n1,200
3rlp_3rlp_conf0,3rlp_3rlp_conf0.mol2,[H]c1c(-c2c([H])c(OC([H])([H])[H])c(Cl)c([H])c2Cl)nc(N([H])[H])nc1C([H])([H])[H],[H]c1c(-c2c([H])c(OC([H])([H])[H])c(Cl)c([H])c2Cl)nc(N([H])[H])nc1C([H])([H])[H],COc1cc(-c2cc(C)nc(N)n2)c(Cl)cc1Cl,COc1cc(-c2cc(C)nc(N)n2)c(Cl)cc1Cl,029,CHEMBL1738736_0,COc1cc(-c2cc(C)nc(N)n2)c(Cl)cc1Cl,12
3rlq_3rlq_conf0,3rlq_3rlq_conf0.mol2,[H]c1c(Cl)c(OC([H])([H])[H])c([H])c(-c2nc(C([H])([H])[H])nc3c2c(C#N)c([H])n3[H])c1Cl,[H]c1c(Cl)c(OC([H])([H])[H])c([H])c(-c2nc(C([H])([H])[H])nc3c2c(C#N)c([H])n3[H])c1Cl,COc1cc(-c2nc(C)nc3[nH]cc(C#N)c23)c(Cl)cc1Cl,COc1cc(-c2nc(C)nc3[nH]cc(C#N)c23)c(Cl)cc1Cl,032,CHEMBL1738737_0,COc1cc(-c2nc(C)nc3[nH]cc(C#N)c23)c(Cl)cc1Cl,9
3roc_3roc_conf0,3roc_3roc_conf0.mol2,[H]OC([H])([H])C([H])([H])N([H])C(=O)c1c([H])c([H])c(C([H])([H])[H])c(-n2c([H])nc(OC([H])([H])c3c([H])c([H])c(F)c([H])c3F)c(Cl)c2=O)c1[H],[H]OC([H])([H])C([H])([H])N([H])C(=O)c1c([H])c([H])c(C([H])([H])[H])c(-n2c([H])nc(OC([H])([H])c3c([H])c([H])c(F)c([H])c3F)c(Cl)c2=O)c1[H],Cc1ccc(C(=O)NCCO)cc1-n1cnc(OCc2ccc(F)cc2F)c(Cl)c1=O,Cc1ccc(C(=O)NCCO)cc1-n1cnc(OCc2ccc(F)cc2F)c(Cl)c1=O,049,CHEMBL1738710_0,Cc1ccc(C(=O)NCCO)cc1-n1cnc(OCc2ccc(F)cc2F)c(Cl)c1=O,141
3ru1_3ru1_conf0,3ru1_3ru1_conf0.mol2,[H]c1c([H])c([H])c2c([H])c(C([H])([H])C([H])([H])C(=O)N([H])C([H])([H])C3([H])C([H])([H])C([H])([H])C([H])([H])C([H])([H])C3([H])[H])c(N([H])[H])nc2c1[H],[H]c1c([H])c([H])c2c([H])c(C([H])([H])C([H])([H])C(=O)N([H])C([H])([H])C3([H])C([H])([H])C([H])([H])C([H])([H])C([H])([H])C3([H])[H])c(N([H])[H])nc2c1[H],Nc1nc2ccccc2cc1CCC(=O)NCC1CCCCC1,Nc1nc2ccccc2cc1CCC(=O)NCC1CCCCC1,048,CHEMBL1821813_0,Nc1nc2ccccc2cc1CCC(=O)NCC1CCCCC1,78
3ryv_3ryv_conf0,3ryv_3ryv_conf0.mol2,[H]c1c([H])c(S(=O)(=O)N([H])[H])c([H])c([H])c1C(=O)N([H])C([H])([H])C([H])([H])[H],[H]c1c([H])c(S(=O)(=O)N([H])[H])c([H])c([H])c1C(=O)N([H])C([H])([H])C([H])([H])[H],CCNC(=O)c1ccc(S(N)(=O)=O)cc1,CCNC(=O)c1ccc(S(N)(=O)=O)cc1,027,CHEMBL310253_0,CCNC(=O)c1ccc(S(N)(=O)=O)cc1,30
3ryx_3ryx_conf0,3ryx_3ryx_conf0.mol2,[H]c1c([H])c(S(=O)(=O)N([H])[H])c([H])c([H])c1C(=O)N([H])C([H])([H])C(F)(F)C(F)(F)F,[H]c1c([H])c(S(=O)(=O)N([H])[H])c([H])c([H])c1C(=O)N([H])C([H])([H])C(F)(F)C(F)(F)F,NS(=O)(=O)c1ccc(C(=O)NCC(F)(F)C(F)(F)F)cc1,NS(=O)(=O)c1ccc(C(=O)NCC(F)(F)C(F)(F)F)cc1,030,CHEMBL75113_0,NS(=O)(=O)c1ccc(C(=O)NCC(F)(F)C(F)(F)F)cc1,200
3ryy_3ryy_conf0,3ryy_3ryy_conf0.mol2,[H]c1c([H])c(S(=O)(=O)N([H])[H])c([H])c([H])c1C(=O)N([H])C([H])([H])C([H])([H])C([H])([H])[H],[H]c1c([H])c(S(=O)(=O)N([H])[H])c([H])c([H])c1C(=O)N([H])C([H])([H])C([H])([H])C([H])([H])[H],CCCNC(=O)c1ccc(S(N)(=O)=O)cc1,CCCNC(=O)c1ccc(S(N)(=O)=O)cc1,030,CHEMBL74090_0,CCCNC(=O)c1ccc(S(N)(=O)=O)cc1,154
3ryz_3ryz_conf0,3ryz_3ryz_conf0.mol2,[H]c1c([H])c(S(=O)(=O)N([H])[H])c([H])c([H])c1C(=O)N([H])C([H])([H])C(F)(F)C(F)(F)C(F)(F)F,[H]c1c([H])c(S(=O)(=O)N([H])[H])c([H])c([H])c1C(=O)N([H])C([H])([H])C(F)(F)C(F)(F)C(F)(F)F,NS(=O)(=O)c1ccc(C(=O)NCC(F)(F)C(F)(F)C(F)(F)F)cc1,NS(=O)(=O)c1ccc(C(=O)NCC(F)(F)C(F)(F)C(F)(F)F)cc1,033,CHEMBL309012_0,NS(=O)(=O)c1ccc(C(=O)NCC(F)(F)C(F)(F)C(F)(F)F)cc1,200
3rz0_3rz0_conf0,3rz0_3rz0_conf0.mol2,[H]c1c([H])c(S(=O)(=O)N([H])[H])c([H])c([H])c1C(=O)N([H])C([H])([H])C([H])([H])C([H])([H])C([H])([H])[H],[H]c1c([H])c(S(=O)(=O)N([H])[H])c([H])c([H])c1C(=O)N([H])C([H])([H])C([H])([H])C([H])([H])C([H])([H])[H],CCCCNC(=O)c1ccc(S(N)(=O)=O)cc1,CCCCNC(=O)c1ccc(S(N)(=O)=O)cc1,033,CHEMBL75131_0,CCCCNC(=O)c1ccc(S(N)(=O)=O)cc1,200
3rz8_3rz8_conf0,3rz8_3rz8_conf0.mol2,[H]c1c([H])c(S(=O)(=O)N([H])[H])c([H])c([H])c1C(=O)N([H])C([H])([H])C([H])([H])C([H])([H])C([H])([H])C([H])([H])C([H])([H])[H],[H]c1c([H])c(S(=O)(=O)N([H])[H])c([H])c([H])c1C(=O)N([H])C([H])([H])C([H])([H])C([H])([H])C([H])([H])C([H])([H])C([H])([H])[H],CCCCCCNC(=O)c1ccc(S(N)(=O)=O)cc1,CCCCCCNC(=O)c1ccc(S(N)(=O)=O)cc1,039,CHEMBL72963_0,CCCCCCNC(=O)c1ccc(S(N)(=O)=O)cc1,200
3s0b_3s0b_conf0,3s0b_3s0b_conf0.mol2,[H]c1c([H])c([H])c(N([H])c2c([H])c([H])c([H])c3c([H])c([H])c([H])c([H])c23)c([H])c1[H],[H]c1c([H])c([H])c(N([H])c2c([H])c([H])c([H])c3c([H])c([H])c([H])c([H])c23)c([H])c1[H],c1ccc(Nc2cccc3ccccc23)cc1,c1ccc(Nc2cccc3ccccc23)cc1,030,CHEMBL170408_0,c1ccc(Nc2cccc3ccccc23)cc1,13
3s0e_3s0e_conf0,3s0e_3s0e_conf0.mol2,[H]Oc1c([H])c([H])c(C([H])([H])C([H])=C([H])[H])c([H])c1OC([H])([H])[H],[H]Oc1c([H])c([H])c(C([H])([H])C([H])=C([H])[H])c([H])c1OC([H])([H])[H],C=CCc1ccc(O)c(OC)c1,C=CCc1ccc(O)c(OC)c1,024,CHEMBL42710_0,C=CCc1ccc(O)c(OC)c1,84
3s71_3s71_conf0,3s71_3s71_conf0.mol2,[H]c1c([H])c([H])c2c([H])c(S(=O)(=O)N([H])[H])oc2c1[H],[H]c1c([H])c([H])c2c([H])c(S(=O)(=O)N([H])[H])oc2c1[H],NS(=O)(=O)c1cc2ccccc2o1,NS(=O)(=O)c1cc2ccccc2o1,020,CHEMBL165346_0,NS(=O)(=O)c1cc2ccccc2o1,4
3s73_3s73_conf0,3s73_3s73_conf0.mol2,[H]c1c([H])c([H])c2sc(S(=O)(=O)N([H])[H])nc2c1[H],[H]c1c([H])c([H])c2sc(S(=O)(=O)N([H])[H])nc2c1[H],NS(=O)(=O)c1nc2ccccc2s1,NS(=O)(=O)c1nc2ccccc2s1,019,CHEMBL168552_0,NS(=O)(=O)c1nc2ccccc2s1,4
3s76_3s76_conf0,3s76_3s76_conf0.mol2,[H]c1nc(S(=O)(=O)N([H])[H])n([H])c1[H],[H]c1nc(S(=O)(=O)N([H])[H])n([H])c1[H],NS(=O)(=O)c1ncc[nH]1,NS(=O)(=O)c1ncc[nH]1,014,CHEMBL4574085_0,NS(=O)(=O)c1ncc[nH]1,3
3s78_3s78_conf0,3s78_3s78_conf0.mol2,[H]c1sc(S(=O)(=O)N([H])[H])c([H])c1[H],[H]c1sc(S(=O)(=O)N([H])[H])c([H])c1[H],NS(=O)(=O)c1cccs1,NS(=O)(=O)c1cccs1,014,CHEMBL3265256_0,NS(=O)(=O)c1cccs1,3
3std_3std_conf0,3std_3std_conf0.mol2,[H]c1c([H])c([H])c(C([H])(c2c([H])c([H])c([H])c([H])c2[H])C([H])([H])C([H])([H])N([H])c2c(C#N)nnc3c([H])c([H])c([H])c([H])c23)c([H])c1[H],[H]c1c([H])c([H])c(C([H])(c2c([H])c([H])c([H])c([H])c2[H])C([H])([H])C([H])([H])N([H])c2c(C#N)nnc3c([H])c([H])c([H])c([H])c23)c([H])c1[H],N#Cc1nnc2ccccc2c1NCCC(c1ccccc1)c1ccccc1,N#Cc1nnc2ccccc2c1NCCC(c1ccccc1)c1ccccc1,048,CHEMBL42312_0,N#Cc1nnc2ccccc2c1NCCC(c1ccccc1)c1ccccc1,196
3sww_3sww_conf0,3sww_3sww_conf0.mol2,[H]c1c([H])c(-c2c3c(nc(C([H])([H])[H])c2C([H])([H])[N+]([H])([H])[H])C(=O)N(C([H])([H])C([H])([H])OC([H])([H])[H])C3([H])[H])c(Cl)c([H])c1Cl,[H]c1c([H])c(-c2c3c(nc(C([H])([H])[H])c2C([H])([H])[N+]([H])([H])[H])C(=O)N(C([H])([H])C([H])([H])OC([H])([H])[H])C3([H])[H])c(Cl)c([H])c1Cl,COCCN1Cc2c(nc(C)c(C[NH3+])c2-c2ccc(Cl)cc2Cl)C1=O,COCCN1Cc2c(nc(C)c(C[NH3+])c2-c2ccc(Cl)cc2Cl)C1=O,045,CHEMBL1910114_0,COCCN1Cc2c(nc(C)c(C[NH3+])c2-c2ccc(Cl)cc2Cl)C1=O,45
3sxf_3sxf_conf0,3sxf_3sxf_conf0.mol2,[H]c1nc(N([H])[H])c2c(-c3c([H])c([H])c4c([H])c(OC([H])([H])C([H])([H])[H])c([H])c([H])c4c3[H])nn(C([H])(C([H])([H])[H])C([H])([H])[H])c2n1,[H]c1nc(N([H])[H])c2c(-c3c([H])c([H])c4c([H])c(OC([H])([H])C([H])([H])[H])c([H])c([H])c4c3[H])nn(C([H])(C([H])([H])[H])C([H])([H])[H])c2n1,CCOc1ccc2cc(-c3nn(C(C)C)c4ncnc(N)c34)ccc2c1,CCOc1ccc2cc(-c3nn(C(C)C)c4ncnc(N)c34)ccc2c1,047,CHEMBL1785021_0,CCOc1ccc2cc(-c3nn(C(C)C)c4ncnc(N)c34)ccc2c1,45
3t3u_3t3u_conf0,3t3u_3t3u_conf0.mol2,[H]c1nc(N([H])[H])c2c(-c3c([H])c([H])c4c([H])c(OC([H])([H])[H])c([H])c([H])c4c3[H])nn(C([H])([H])C3([H])C([H])([H])C([H])([H])[N+]([H])([H])C([H])([H])C3([H])[H])c2n1,[H]c1nc(N([H])[H])c2c(-c3c([H])c([H])c4c([H])c(OC([H])([H])[H])c([H])c([H])c4c3[H])nn(C([H])([H])C3([H])C([H])([H])C([H])([H])[N+]([H])([H])C([H])([H])C3([H])[H])c2n1,COc1ccc2cc(-c3nn(CC4CC[NH2+]CC4)c4ncnc(N)c34)ccc2c1,COc1ccc2cc(-c3nn(CC4CC[NH2+]CC4)c4ncnc(N)c34)ccc2c1,054,CHEMBL2030553_0,COc1ccc2cc(-c3nn(CC4CC[NH2+]CC4)c4ncnc(N)c34)ccc2c1,95
3t5u_3t5u_conf0,3t5u_3t5u_conf0.mol2,[H]ON([H])S(=O)(=O)c1c([H])c([H])c([H])c([H])c1[H],[H]ON([H])S(=O)(=O)c1c([H])c([H])c([H])c([H])c1[H],O=S(=O)(NO)c1ccccc1,O=S(=O)(NO)c1ccccc1,018,CHEMBL55310_0,O=S(=O)(NO)c1ccccc1,6
3tf6_3tf6_conf0,3tf6_3tf6_conf0.mol2,[H]Oc1c([H])c([H])c([H])c(C(=O)[O-])c1O[H],[H]Oc1c([H])c([H])c([H])c(C(=O)[O-])c1O[H],O=C([O-])c1cccc(O)c1O,O=C([O-])c1cccc(O)c1O,016,CHEMBL1432_0,O=C([O-])c1cccc(O)c1O,2
3th9_3th9_conf0,3th9_3th9_conf0.mol2,[H]O[C@]([H])(C([H])([H])N1C([H])([H])[C@@]([H])(C([H])([H])[H])C([H])([H])c2c([H])c(F)c([H])c([H])c2S1(=O)=O)[C@@]([H])(N([H])C(=O)OC(C([H])([H])[H])(C([H])([H])[H])C([H])([H])[H])C([H])([H])c1c([H])c([H])c([H])c([H])c1[H],[H]OC([H])(C([H])([H])N1C([H])([H])C([H])(C([H])([H])[H])C([H])([H])c2c([H])c(F)c([H])c([H])c2S1(=O)=O)C([H])(N([H])C(=O)OC(C([H])([H])[H])(C([H])([H])[H])C([H])([H])[H])C([H])([H])c1c([H])c([H])c([H])c([H])c1[H],C[C@H]1Cc2cc(F)ccc2S(=O)(=O)N(C[C@@H](O)[C@H](Cc2ccccc2)NC(=O)OC(C)(C)C)C1,CC1Cc2cc(F)ccc2S(=O)(=O)N(CC(O)C(Cc2ccccc2)NC(=O)OC(C)(C)C)C1,067,CHEMBL1834575_0,C[C@H]1Cc2cc(F)ccc2S(=O)(=O)N(C[C@@H](O)[C@H](Cc2ccccc2)NC(=O)OC(C)(C)C)C1,110
3u10_3u10_conf0,3u10_3u10_conf0.mol2,[H]O[C@]1([H])[C@]2([H])O[P@](=O)([O-])OC([H])([H])[C@@]2([H])O[C@@]1([H])n1c([H])nc2c(N([H])[H])nc([H])nc21,[H]OC1([H])C([H])(n2c([H])nc3c(N([H])[H])nc([H])nc32)OC2([H])C([H])([H])OP(=O)([O-])OC21[H],Nc1ncnc2c1ncn2[C@@H]1O[C@@H]2CO[P@@](=O)([O-])O[C@H]2[C@H]1O,Nc1ncnc2c1ncn2C1OC2COP(=O)([O-])OC2C1O,033,CHEMBL9871_0,Nc1ncnc2c1ncn2[C@@H]1O[C@@H]2CO[P@@](=O)([O-])O[C@H]2[C@H]1O,840
3u90_3u90_conf0,3u90_3u90_conf0.mol2,[H]C([H])([H])C([H])([H])C([H])([H])C([H])([H])C([H])([H])C([H])([H])C([H])([H])C([H])([H])C([H])([H])C([H])([H])C([H])([H])C([H])([H])OS(=O)(=O)[O-],[H]C([H])([H])C([H])([H])C([H])([H])C([H])([H])C([H])([H])C([H])([H])C([H])([H])C([H])([H])C([H])([H])C([H])([H])C([H])([H])C([H])([H])OS(=O)(=O)[O-],CCCCCCCCCCCCOS(=O)(=O)[O-],CCCCCCCCCCCCOS(=O)(=O)[O-],042,CHEMBL23393_0,CCCCCCCCCCCCOS(=O)(=O)[O-],200
3u92_3u92_conf0,3u92_3u92_conf0.mol2,[H]C([H])=C(C([H])([H])[H])[C@@]1([H])C([H])([H])[N+]([H])([H])[C@]([H])(C(=O)[O-])[C@@]1([H])C([H])([H])C(=O)[O-],[H]C([H])=C(C([H])([H])[H])C1([H])C([H])(C([H])([H])C(=O)[O-])C([H])(C(=O)[O-])[N+]([H])([H])C1([H])[H],C=C(C)[C@H]1C[NH2+][C@H](C(=O)[O-])[C@H]1CC(=O)[O-],C=C(C)C1C[NH2+]C(C(=O)[O-])C1CC(=O)[O-],029,CHEMBL27527_0,C=C(C)[C@H]1C[NH2+][C@H](C(=O)[O-])[C@H]1CC(=O)[O-],23
3ucj_3ucj_conf0,3ucj_3ucj_conf0.mol2,[H]N(C(=O)C([H])([H])[H])c1nnc(S(=O)(=O)N([H])[H])s1,[H]N(C(=O)C([H])([H])[H])c1nnc(S(=O)(=O)N([H])[H])s1,CC(=O)Nc1nnc(S(N)(=O)=O)s1,CC(=O)Nc1nnc(S(N)(=O)=O)s1,019,CHEMBL20_0,CC(=O)Nc1nnc(S(N)(=O)=O)s1,7
3udd_3udd_conf0,3udd_3udd_conf0.mol2,[H]c1c([H])c(-c2noc(C([H])([H])Sc3nnc(C([H])([H])[H])n3-c3c([H])c([H])c(OC([H])([H])[H])c([H])c3[H])n2)c([H])c([H])c1OC([H])([H])[H],[H]c1c([H])c(-c2noc(C([H])([H])Sc3nnc(C([H])([H])[H])n3-c3c([H])c([H])c(OC([H])([H])[H])c([H])c3[H])n2)c([H])c([H])c1OC([H])([H])[H],COc1ccc(-c2noc(CSc3nnc(C)n3-c3ccc(OC)cc3)n2)cc1,COc1ccc(-c2noc(CSc3nnc(C)n3-c3ccc(OC)cc3)n2)cc1,048,CHEMBL1898239_0,COc1ccc(-c2noc(CSc3nnc(C)n3-c3ccc(OC)cc3)n2)cc1,88
3ug2_3ug2_conf0,3ug2_3ug2_conf0.mol2,[H]c1nc(N([H])c2c([H])c([H])c(F)c(Cl)c2[H])c2c([H])c(OC([H])([H])C([H])([H])C([H])([H])[N+]3([H])C([H])([H])C([H])([H])OC([H])([H])C3([H])[H])c(OC([H])([H])[H])c([H])c2n1,[H]c1nc(N([H])c2c([H])c([H])c(F)c(Cl)c2[H])c2c([H])c(OC([H])([H])C([H])([H])C([H])([H])[N+]3([H])C([H])([H])C([H])([H])OC([H])([H])C3([H])[H])c(OC([H])([H])[H])c([H])c2n1,COc1cc2ncnc(Nc3ccc(F)c(Cl)c3)c2cc1OCCC[NH+]1CCOCC1,COc1cc2ncnc(Nc3ccc(F)c(Cl)c3)c2cc1OCCC[NH+]1CCOCC1,056,CHEMBL939_0,COc1cc2ncnc(Nc3ccc(F)c(Cl)c3)c2cc1OCCC[NH+]1CCOCC1,200
3uj9_3uj9_conf0,3uj9_3uj9_conf0.mol2,[H]C([H])(OP(=O)([O-])[O-])C([H])([H])[N+](C([H])([H])[H])(C([H])([H])[H])C([H])([H])[H],[H]C([H])(OP(=O)([O-])[O-])C([H])([H])[N+](C([H])([H])[H])(C([H])([H])[H])C([H])([H])[H],C[N+](C)(C)CCOP(=O)([O-])[O-],C[N+](C)(C)CCOP(=O)([O-])[O-],024,CHEMBL3350840_0,C[N+](C)(C)CCOP(=O)([O-])[O-],3
3ujc_3ujc_conf0,3ujc_3ujc_conf0.mol2,[H]C([H])(OP(=O)([O-])[O-])C([H])([H])[N+](C([H])([H])[H])(C([H])([H])[H])C([H])([H])[H],[H]C([H])(OP(=O)([O-])[O-])C([H])([H])[N+](C([H])([H])[H])(C([H])([H])[H])C([H])([H])[H],C[N+](C)(C)CCOP(=O)([O-])[O-],C[N+](C)(C)CCOP(=O)([O-])[O-],024,CHEMBL3350840_0,C[N+](C)(C)CCOP(=O)([O-])[O-],3
3ujd_3ujd_conf0,3ujd_3ujd_conf0.mol2,[H]C([H])(OP(=O)([O-])[O-])C([H])([H])[N+](C([H])([H])[H])(C([H])([H])[H])C([H])([H])[H],[H]C([H])(OP(=O)([O-])[O-])C([H])([H])[N+](C([H])([H])[H])(C([H])([H])[H])C([H])([H])[H],C[N+](C)(C)CCOP(=O)([O-])[O-],C[N+](C)(C)CCOP(=O)([O-])[O-],024,CHEMBL3350840_0,C[N+](C)(C)CCOP(=O)([O-])[O-],3
3uod_3uod_conf0,3uod_3uod_conf0.mol2,[H]c1nc(N([H])c2c([H])c([H])c(C(=O)[O-])c([H])c2[H])nc(N([H])c2c([H])c([H])c([H])c([H])c2C(F)(F)F)c1[H],[H]c1nc(N([H])c2c([H])c([H])c(C(=O)[O-])c([H])c2[H])nc(N([H])c2c([H])c([H])c([H])c([H])c2C(F)(F)F)c1[H],O=C([O-])c1ccc(Nc2nccc(Nc3ccccc3C(F)(F)F)n2)cc1,O=C([O-])c1ccc(Nc2nccc(Nc3ccccc3C(F)(F)F)n2)cc1,039,CHEMBL2170434_0,O=C([O-])c1ccc(Nc2nccc(Nc3ccccc3C(F)(F)F)n2)cc1,27
3uu1_3uu1_conf0,3uu1_3uu1_conf0.mol2,[H]c1c(C(=O)[O-])c(N([H])[H])c(C([H])([H])[H])c([H])c1C([H])([H])[H],[H]c1c(C(=O)[O-])c(N([H])[H])c(C([H])([H])[H])c([H])c1C([H])([H])[H],Cc1cc(C)c(N)c(C(=O)[O-])c1,Cc1cc(C)c(N)c(C(=O)[O-])c1,022,CHEMBL1459243_0,Cc1cc(C)c(N)c(C(=O)[O-])c1,1
3uxk_3uxk_conf0,3uxk_3uxk_conf0.mol2,[H]ON([H])C(=O)c1c([H])c([H])c([H])c([H])c1[H],[H]ON([H])C(=O)c1c([H])c([H])c([H])c([H])c1[H],O=C(NO)c1ccccc1,O=C(NO)c1ccccc1,017,CHEMBL16300_0,O=C(NO)c1ccccc1,6
3v3q_3v3q_conf0,3v3q_3v3q_conf0.mol2,[H]c1c(OC([H])([H])[H])c(OC([H])([H])[H])c(OC([H])([H])[H])c(C([H])([H])C(=O)OC([H])([H])C([H])([H])[H])c1C(=O)C([H])([H])C([H])([H])C([H])([H])C([H])([H])C([H])([H])C([H])([H])C([H])([H])[H],[H]c1c(OC([H])([H])[H])c(OC([H])([H])[H])c(OC([H])([H])[H])c(C([H])([H])C(=O)OC([H])([H])C([H])([H])[H])c1C(=O)C([H])([H])C([H])([H])C([H])([H])C([H])([H])C([H])([H])C([H])([H])C([H])([H])[H],CCCCCCCC(=O)c1cc(OC)c(OC)c(OC)c1CC(=O)OCC,CCCCCCCC(=O)c1cc(OC)c(OC)c(OC)c1CC(=O)OCC,059,CHEMBL5083439_0,CCCCCCCC(=O)c1cc(OC)c(OC)c(OC)c1CC(=O)OCC,120
3v51_3v51_conf0,3v51_3v51_conf0.mol2,[H]c1nc(N([H])[H])c2c(-c3c([H])c([H])c4c([H])c(OC([H])([H])c5c([H])c([H])c([H])c(Cl)c5[H])c([H])c([H])c4c3[H])nn(C([H])(C([H])([H])[H])C([H])([H])[H])c2n1,[H]c1nc(N([H])[H])c2c(-c3c([H])c([H])c4c([H])c(OC([H])([H])c5c([H])c([H])c([H])c(Cl)c5[H])c([H])c([H])c4c3[H])nn(C([H])(C([H])([H])[H])C([H])([H])[H])c2n1,CC(C)n1nc(-c2ccc3cc(OCc4cccc(Cl)c4)ccc3c2)c2c(N)ncnc21,CC(C)n1nc(-c2ccc3cc(OCc4cccc(Cl)c4)ccc3c2)c2c(N)ncnc21,054,CHEMBL2070066_0,CC(C)n1nc(-c2ccc3cc(OCc4cccc(Cl)c4)ccc3c2)c2c(N)ncnc21,79
3v5p_3v5p_conf0,3v5p_3v5p_conf0.mol2,[H]c1nc(N([H])[H])c2c(-c3c([H])c([H])c(OC([H])([H])[H])c(C([H])([H])[H])c3[H])nn(C([H])([H])C3([H])C([H])([H])C([H])([H])[N+]([H])([H])C([H])([H])C3([H])[H])c2n1,[H]c1nc(N([H])[H])c2c(-c3c([H])c([H])c(OC([H])([H])[H])c(C([H])([H])[H])c3[H])nn(C([H])([H])C3([H])C([H])([H])C([H])([H])[N+]([H])([H])C([H])([H])C3([H])[H])c2n1,COc1ccc(-c2nn(CC3CC[NH2+]CC3)c3ncnc(N)c23)cc1C,COc1ccc(-c2nn(CC3CC[NH2+]CC3)c3ncnc(N)c23)cc1C,051,CHEMBL2030558_0,COc1ccc(-c2nn(CC3CC[NH2+]CC3)c3ncnc(N)c23)cc1C,76
3v7x_3v7x_conf0,3v7x_3v7x_conf0.mol2,[H]c1c([H])c(C([H])([H])C([H])([H])N([H])C(=O)c2c([H])c([H])c(S(=O)(=O)N([H])[H])c([H])c2[H])c([H])c(OC([H])([H])[H])c1OC([H])([H])[H],[H]c1c([H])c(C([H])([H])C([H])([H])N([H])C(=O)c2c([H])c([H])c(S(=O)(=O)N([H])[H])c([H])c2[H])c([H])c(OC([H])([H])[H])c1OC([H])([H])[H],COc1ccc(CCNC(=O)c2ccc(S(N)(=O)=O)cc2)cc1OC,COc1ccc(CCNC(=O)c2ccc(S(N)(=O)=O)cc2)cc1OC,045,CHEMBL2048917_0,COc1ccc(CCNC(=O)c2ccc(S(N)(=O)=O)cc2)cc1OC,108
3vbd_3vbd_conf0,3vbd_3vbd_conf0.mol2,[H]c1c([H])c2c(c([H])c1OC([H])([H])[H])C([H])([H])C([H])([H])[N+]([H])([H])[C@@]2([H])c1c([H])c([H])c(S(=O)(=O)N([H])[H])c([H])c1[H],[H]c1c([H])c2c(c([H])c1OC([H])([H])[H])C([H])([H])C([H])([H])[N+]([H])([H])C2([H])c1c([H])c([H])c(S(=O)(=O)N([H])[H])c([H])c1[H],COc1ccc2c(c1)CC[NH2+][C@H]2c1ccc(S(N)(=O)=O)cc1,COc1ccc2c(c1)CC[NH2+]C2c1ccc(S(N)(=O)=O)cc1,041,CHEMBL2048929_0,COc1ccc2c(c1)CC[NH2+][C@H]2c1ccc(S(N)(=O)=O)cc1,36
3vhk_3vhk_conf0,3vhk_3vhk_conf0.mol2,[H]OC([H])([H])c1c([H])c([H])c([H])c(OC([H])([H])c2nc(-c3c([H])c([H])c([H])c([H])c3[H])oc2C([H])([H])[H])c1[H],[H]OC([H])([H])c1c([H])c([H])c([H])c(OC([H])([H])c2nc(-c3c([H])c([H])c([H])c([H])c3[H])oc2C([H])([H])[H])c1[H],Cc1oc(-c2ccccc2)nc1COc1cccc(CO)c1,Cc1oc(-c2ccccc2)nc1COc1cccc(CO)c1,039,CHEMBL2069625_0,Cc1oc(-c2ccccc2)nc1COc1cccc(CO)c1,88
3vw1_3vw1_conf0,3vw1_3vw1_conf0.mol2,[H]c1c([H])c(C([H])(c2c([H])c([H])c(N(C([H])([H])[H])C([H])([H])[H])c([H])c2[H])c2c([H])c([H])c(N(C([H])([H])[H])C([H])([H])[H])c([H])c2[H])c([H])c([H])c1N(C([H])([H])[H])C([H])([H])[H],[H]c1c([H])c(C([H])(c2c([H])c([H])c(N(C([H])([H])[H])C([H])([H])[H])c([H])c2[H])c2c([H])c([H])c(N(C([H])([H])[H])C([H])([H])[H])c([H])c2[H])c([H])c([H])c1N(C([H])([H])[H])C([H])([H])[H],CN(C)c1ccc(C(c2ccc(N(C)C)cc2)c2ccc(N(C)C)cc2)cc1,CN(C)c1ccc(C(c2ccc(N(C)C)cc2)c2ccc(N(C)C)cc2)cc1,059,CHEMBL81595_0,CN(C)c1ccc(C(c2ccc(N(C)C)cc2)c2ccc(N(C)C)cc2)cc1,49
3w5n_3w5n_conf0,3w5n_3w5n_conf0.mol2,[H]O[C@]1([H])O[C@@]([H])(C([H])([H])[H])[C@]([H])(O[H])[C@@]([H])(O[H])[C@@]1([H])O[H],[H]OC1([H])OC([H])(C([H])([H])[H])C([H])(O[H])C([H])(O[H])C1([H])O[H],C[C@@H]1O[C@@H](O)[C@H](O)[C@H](O)[C@H]1O,CC1OC(O)C(O)C(O)C1O,023,CHEMBL273741_0,C[C@@H]1O[C@@H](O)[C@H](O)[C@H](O)[C@H]1O,1762
3wha_3wha_conf0,3wha_3wha_conf0.mol2,[H]c1c([H])c2c3c(c([H])c(Cl)c(-c4nc(SC([H])([H])C([H])([H])C([H])([H])C(=O)N([H])[H])nc(N([H])[H])n4)c3c1[H])C([H])([H])OC2([H])[H],[H]c1c([H])c2c3c(c([H])c(Cl)c(-c4nc(SC([H])([H])C([H])([H])C([H])([H])C(=O)N([H])[H])nc(N([H])[H])n4)c3c1[H])C([H])([H])OC2([H])[H],NC(=O)CCCSc1nc(N)nc(-c2c(Cl)cc3c4c(cccc24)COC3)n1,NC(=O)CCCSc1nc(N)nc(-c2c(Cl)cc3c4c(cccc24)COC3)n1,046,CHEMBL3104289_0,NC(=O)CCCSc1nc(N)nc(-c2c(Cl)cc3c4c(cccc24)COC3)n1,83
3wtn_3wtn_conf0,3wtn_3wtn_conf0.mol2,[H]c1nc(Cl)c([H])c([H])c1C([H])([H])n1c(N([H])[H])nc([H])c1[H],[H]c1nc(Cl)c([H])c([H])c1C([H])([H])n1c(N([H])[H])nc([H])c1[H],Nc1nccn1Cc1ccc(Cl)nc1,Nc1nccn1Cc1ccc(Cl)nc1,023,CHEMBL73345_0,Nc1nccn1Cc1ccc(Cl)nc1,30
3wto_3wto_conf0,3wto_3wto_conf0.mol2,[H]c1nc(Cl)c([H])c([H])c1C([H])([H])n1c(N([H])[H])nc([H])c1[H],[H]c1nc(Cl)c([H])c([H])c1C([H])([H])n1c(N([H])[H])nc([H])c1[H],Nc1nccn1Cc1ccc(Cl)nc1,Nc1nccn1Cc1ccc(Cl)nc1,023,CHEMBL73345_0,Nc1nccn1Cc1ccc(Cl)nc1,30
3zbx_3zbx_conf0,3zbx_3zbx_conf0.mol2,[H]c1nc2nnc(C([H])([H])c3c([H])c([H])c4nc([H])c([H])c([H])c4c3[H])n2nc1-c1c([H])c([H])c(F)c([H])c1[H],[H]c1nc2nnc(C([H])([H])c3c([H])c([H])c4nc([H])c([H])c([H])c4c3[H])n2nc1-c1c([H])c([H])c(F)c([H])c1[H],Fc1ccc(-c2cnc3nnc(Cc4ccc5ncccc5c4)n3n2)cc1,Fc1ccc(-c2cnc3nnc(Cc4ccc5ncccc5c4)n3n2)cc1,040,CHEMBL2170967_0,Fc1ccc(-c2cnc3nnc(Cc4ccc5ncccc5c4)n3n2)cc1,55
3zi8_3zi8_conf0,3zi8_3zi8_conf0.mol2,[H]O[C@@]1([H])[C@@]([H])(O[H])[C@]([H])(O[H])C([H])([H])O[C@@]1([H])C([H])([H])[H],[H]OC1([H])C([H])([H])OC([H])(C([H])([H])[H])C([H])(O[H])C1([H])O[H],C[C@@H]1OC[C@@H](O)[C@H](O)[C@@H]1O,CC1OCC(O)C(O)C1O,022,CHEMBL346964_0,C[C@@H]1OC[C@@H](O)[C@H](O)[C@@H]1O,43
3zlr_3zlr_conf0,3zlr_3zlr_conf0.mol2,[H]c1c([H])c(C([H])([H])[N+]([H])([H])[H])c([H])c([H])c1OC([H])([H])C([H])([H])C([H])([H])c1sc(-c2c([H])c([H])c3c(c2[H])/C(=N/N([H])c2nc4c([H])c([H])c([H])c([H])c4s2)C([H])([H])C([H])([H])C3([H])[H])nc1C(=O)[O-],[H]c1c([H])c(C([H])([H])[N+]([H])([H])[H])c([H])c([H])c1OC([H])([H])C([H])([H])C([H])([H])c1sc(-c2c([H])c([H])c3c(c2[H])C(=NN([H])c2nc4c([H])c([H])c([H])c([H])c4s2)C([H])([H])C([H])([H])C3([H])[H])nc1C(=O)[O-],[NH3+]Cc1ccc(OCCCc2sc(-c3ccc4c(c3)/C(=N/Nc3nc5ccccc5s3)CCC4)nc2C(=O)[O-])cc1,[NH3+]Cc1ccc(OCCCc2sc(-c3ccc4c(c3)C(=NNc3nc5ccccc5s3)CCC4)nc2C(=O)[O-])cc1,070,CHEMBL3342187_0,[NH3+]Cc1ccc(OCCCc2sc(-c3ccc4c(c3)/C(=N/Nc3nc5ccccc5s3)CCC4)nc2C(=O)[O-])cc1,113
3zxz_3zxz_conf0,3zxz_3zxz_conf0.mol2,[H]OC([H])([H])C([H])([H])n1nc([H])c(-c2nc3c(nnn3C([H])([H])c3c([H])c([H])c4nc([H])c([H])c([H])c4c3[H])nc2[H])c1[H],[H]OC([H])([H])C([H])([H])n1nc([H])c(-c2nc3c(nnn3C([H])([H])c3c([H])c([H])c4nc([H])c([H])c([H])c4c3[H])nc2[H])c1[H],OCCn1cc(-c2cnc3nnn(Cc4ccc5ncccc5c4)c3n2)cn1,OCCn1cc(-c2cnc3nnn(Cc4ccc5ncccc5c4)c3n2)cn1,044,CHEMBL2001019_0,OCCn1cc(-c2cnc3nnn(Cc4ccc5ncccc5c4)c3n2)cn1,97
456c_456c_conf0,456c_456c_conf0.mol2,[H]ON([H])C(=O)C([H])([H])C1(S(=O)(=O)c2c([H])c([H])c(Oc3c([H])c([H])c(Cl)c([H])c3[H])c([H])c2[H])C([H])([H])C([H])([H])OC([H])([H])C1([H])[H],[H]ON([H])C(=O)C([H])([H])C1(S(=O)(=O)c2c([H])c([H])c(Oc3c([H])c([H])c(Cl)c([H])c3[H])c([H])c2[H])C([H])([H])C([H])([H])OC([H])([H])C1([H])[H],O=C(CC1(S(=O)(=O)c2ccc(Oc3ccc(Cl)cc3)cc2)CCOCC1)NO,O=C(CC1(S(=O)(=O)c2ccc(Oc3ccc(Cl)cc3)cc2)CCOCC1)NO,048,CHEMBL93687_0,O=C(CC1(S(=O)(=O)c2ccc(Oc3ccc(Cl)cc3)cc2)CCOCC1)NO,200
4a4v_4a4v_conf0,4a4v_4a4v_conf0.mol2,[H]Oc1c(C(=O)[O-])c(C([H])([H])C([H])([H])C([H])([H])C([H])([H])C([H])([H])[H])c([H])c(OC([H])([H])[H])c1C([H])([H])C([H])=C(C([H])([H])[H])C([H])([H])[H],[H]Oc1c(C(=O)[O-])c(C([H])([H])C([H])([H])C([H])([H])C([H])([H])C([H])([H])[H])c([H])c(OC([H])([H])[H])c1C([H])([H])C([H])=C(C([H])([H])[H])C([H])([H])[H],CCCCCc1cc(OC)c(CC=C(C)C)c(O)c1C(=O)[O-],CCCCCc1cc(OC)c(CC=C(C)C)c(O)c1C(=O)[O-],047,CHEMBL2337126_0,CCCCCc1cc(OC)c(CC=C(C)C)c(O)c1C(=O)[O-],126
4a4w_4a4w_conf0,4a4w_4a4w_conf0.mol2,[H]Oc1c(C(=O)[O-])c(C([H])([H])C([H])([H])c2c([H])c([H])c([H])c([H])c2[H])c([H])c(OC([H])([H])[H])c1C([H])([H])/C([H])=C(/C([H])([H])[H])C([H])([H])C([H])([H])C([H])=C(C([H])([H])[H])C([H])([H])[H],[H]Oc1c(C(=O)[O-])c(C([H])([H])C([H])([H])c2c([H])c([H])c([H])c([H])c2[H])c([H])c(OC([H])([H])[H])c1C([H])([H])C([H])=C(C([H])([H])[H])C([H])([H])C([H])([H])C([H])=C(C([H])([H])[H])C([H])([H])[H],COc1cc(CCc2ccccc2)c(C(=O)[O-])c(O)c1C/C=C(/C)CCC=C(C)C,COc1cc(CCc2ccccc2)c(C(=O)[O-])c(O)c1CC=C(C)CCC=C(C)C,061,CHEMBL1729254_0,COc1cc(CCc2ccccc2)c(C(=O)[O-])c(O)c1C/C=C(/C)CCC=C(C)C,176
4a6l_4a6l_conf0,4a6l_4a6l_conf0.mol2,[H]c1c(C#Cc2c([H])c([H])c([H])c([H])c2F)oc(C(=O)N2C([H])([H])C([H])([H])C([H])(c3c([H])c([H])c([H])c(C([H])([H])[N+]([H])([H])[H])c3[H])C([H])([H])C2([H])[H])c1[H],[H]c1c(C#Cc2c([H])c([H])c([H])c([H])c2F)oc(C(=O)N2C([H])([H])C([H])([H])C([H])(c3c([H])c([H])c([H])c(C([H])([H])[N+]([H])([H])[H])c3[H])C([H])([H])C2([H])[H])c1[H],[NH3+]Cc1cccc(C2CCN(C(=O)c3ccc(C#Cc4ccccc4F)o3)CC2)c1,[NH3+]Cc1cccc(C2CCN(C(=O)c3ccc(C#Cc4ccccc4F)o3)CC2)c1,054,CHEMBL272997_0,[NH3+]Cc1cccc(C2CCN(C(=O)c3ccc(C#Cc4ccccc4F)o3)CC2)c1,200
4ab9_4ab9_conf0,4ab9_4ab9_conf0.mol2,[H]c1oc2c([H])c([H])c(C([H])([H])[N+]([H])([H])[H])c([H])c2c1[H],[H]c1oc2c([H])c([H])c(C([H])([H])[N+]([H])([H])[H])c([H])c2c1[H],[NH3+]Cc1ccc2occc2c1,[NH3+]Cc1ccc2occc2c1,021,CHEMBL4555015_0,[NH3+]Cc1ccc2occc2c1,1
4abb_4abb_conf0,4abb_4abb_conf0.mol2,[H]c1sc2c([H])c([H])c([H])c([H])c2c1C([H])([H])[N+]([H])([H])[H],[H]c1sc2c([H])c([H])c([H])c([H])c2c1C([H])([H])[N+]([H])([H])[H],[NH3+]Cc1csc2ccccc12,[NH3+]Cc1csc2ccccc12,021,CHEMBL1922273_0,[NH3+]Cc1csc2ccccc12,1
4abe_4abe_conf0,4abe_4abe_conf0.mol2,[H]c1nn(-c2c([H])c([H])c([H])c(C([H])([H])[N+]([H])([H])[H])c2[H])c([H])c1[H],[H]c1nn(-c2c([H])c([H])c([H])c(C([H])([H])[N+]([H])([H])[H])c2[H])c([H])c1[H],[NH3+]Cc1cccc(-n2cccn2)c1,[NH3+]Cc1cccc(-n2cccn2)c1,025,CHEMBL1478656_0,[NH3+]Cc1cccc(-n2cccn2)c1,6
4abf_4abf_conf0,4abf_4abf_conf0.mol2,[H]c1sc2c([H])c([H])c(Br)c([H])c2c1C([H])([H])[N+]([H])([H])[H],[H]c1sc2c([H])c([H])c(Br)c([H])c2c1C([H])([H])[N+]([H])([H])[H],[NH3+]Cc1csc2ccc(Br)cc12,[NH3+]Cc1csc2ccc(Br)cc12,021,CHEMBL3358196_0,[NH3+]Cc1csc2ccc(Br)cc12,1
4acc_4acc_conf0,4acc_4acc_conf0.mol2,[H]c1nc(N([H])[H])c(C(=O)N([H])c2c([H])nc([H])c([H])c2[H])nc1-c1c([H])c([H])c(S(=O)(=O)N([H])C([H])([H])C([H])([H])[N+]([H])(C([H])([H])[H])C([H])([H])[H])c([H])c1[H],[H]c1nc(N([H])[H])c(C(=O)N([H])c2c([H])nc([H])c([H])c2[H])nc1-c1c([H])c([H])c(S(=O)(=O)N([H])C([H])([H])C([H])([H])[N+]([H])(C([H])([H])[H])C([H])([H])[H])c([H])c1[H],C[NH+](C)CCNS(=O)(=O)c1ccc(-c2cnc(N)c(C(=O)Nc3cccnc3)n2)cc1,C[NH+](C)CCNS(=O)(=O)c1ccc(-c2cnc(N)c(C(=O)Nc3cccnc3)n2)cc1,055,CHEMBL2177166_0,C[NH+](C)CCNS(=O)(=O)c1ccc(-c2cnc(N)c(C(=O)Nc3cccnc3)n2)cc1,119
4aci_4aci_conf0,4aci_4aci_conf0.mol2,[H]OC(C(=O)[O-])(C([H])([H])C(=O)[O-])C([H])([H])C(=O)[O-],[H]OC(C(=O)[O-])(C([H])([H])C(=O)[O-])C([H])([H])C(=O)[O-],O=C([O-])CC(O)(CC(=O)[O-])C(=O)[O-],O=C([O-])CC(O)(CC(=O)[O-])C(=O)[O-],018,CHEMBL4303212_0,O=C([O-])CC(O)(CC(=O)[O-])C(=O)[O-],23
4ag8_4ag8_conf0,4ag8_4ag8_conf0.mol2,[H]/C(=C(/[H])c1nn([H])c2c([H])c(Sc3c([H])c([H])c([H])c([H])c3C(=O)N([H])C([H])([H])[H])c([H])c([H])c12)c1nc([H])c([H])c([H])c1[H],[H]C(=C([H])c1nn([H])c2c([H])c(Sc3c([H])c([H])c([H])c([H])c3C(=O)N([H])C([H])([H])[H])c([H])c([H])c12)c1nc([H])c([H])c([H])c1[H],CNC(=O)c1ccccc1Sc1ccc2c(/C=C/c3ccccn3)n[nH]c2c1,CNC(=O)c1ccccc1Sc1ccc2c(C=Cc3ccccn3)n[nH]c2c1,046,CHEMBL1289926_0,CNC(=O)c1ccccc1Sc1ccc2c(/C=C/c3ccccn3)n[nH]c2c1,68
4ahu_4ahu_conf0,4ahu_4ahu_conf0.mol2,[H]c1c([H])c([H])c2c(c1[H])c(C(=O)[O-])c([H])n2[H],[H]c1c([H])c([H])c2c(c1[H])c(C(=O)[O-])c([H])n2[H],O=C([O-])c1c[nH]c2ccccc12,O=C([O-])c1c[nH]c2ccccc12,018,CHEMBL387527_0,O=C([O-])c1c[nH]c2ccccc12,2
4ai5_4ai5_conf0,4ai5_4ai5_conf0.mol2,[H]c1nc2c(N([H])[H])nc([H])n(C([H])([H])[H])c-2n1,[H]c1nc2c(N([H])[H])nc([H])n(C([H])([H])[H])c-2n1,Cn1cnc(N)c2ncnc1-2,Cn1cnc(N)c2ncnc1-2,018,CHEMBL292268_0,Cn1cnc(N)c2ncnc1-2,1
4aia_4aia_conf0,4aia_4aia_conf0.mol2,[H]c1nc2c(N([H])[H])nc([H])n(C([H])([H])[H])c-2n1,[H]c1nc2c(N([H])[H])nc([H])n(C([H])([H])[H])c-2n1,Cn1cnc(N)c2ncnc1-2,Cn1cnc(N)c2ncnc1-2,018,CHEMBL292268_0,Cn1cnc(N)c2ncnc1-2,1
4aj4_4aj4_conf0,4aj4_4aj4_conf0.mol2,[H]C([H])=C([H])C([H])([H])Sc1nc2c([H])c([H])c(N([H])C(=O)C([H])([H])C([H])([H])C(=O)[O-])c([H])c2s1,[H]C([H])=C([H])C([H])([H])Sc1nc2c([H])c([H])c(N([H])C(=O)C([H])([H])C([H])([H])C(=O)[O-])c([H])c2s1,C=CCSc1nc2ccc(NC(=O)CCC(=O)[O-])cc2s1,C=CCSc1nc2ccc(NC(=O)CCC(=O)[O-])cc2s1,034,CHEMBL2059001_0,C=CCSc1nc2ccc(NC(=O)CCC(=O)[O-])cc2s1,72
4aje_4aje_conf0,4aje_4aje_conf0.mol2,[H]c1c([H])c(OC([H])(C(=O)[O-])C(=O)[O-])c([H])c([H])c1Br,[H]c1c([H])c(OC([H])(C(=O)[O-])C(=O)[O-])c([H])c([H])c1Br,O=C([O-])C(Oc1ccc(Br)cc1)C(=O)[O-],O=C([O-])C(Oc1ccc(Br)cc1)C(=O)[O-],020,CHEMBL2059002_0,O=C([O-])C(Oc1ccc(Br)cc1)C(=O)[O-],2
4aji_4aji_conf0,4aji_4aji_conf0.mol2,[H]c1c([H])c(C([H])([H])C([H])(C(=O)[O-])C(=O)[O-])c([H])c(OC([H])([H])[H])c1OC([H])([H])[H],[H]c1c([H])c(C([H])([H])C([H])(C(=O)[O-])C(=O)[O-])c([H])c(OC([H])([H])[H])c1OC([H])([H])[H],COc1ccc(CC(C(=O)[O-])C(=O)[O-])cc1OC,COc1ccc(CC(C(=O)[O-])C(=O)[O-])cc1OC,030,CHEMBL2059003_0,COc1ccc(CC(C(=O)[O-])C(=O)[O-])cc1OC,51
4ajl_4ajl_conf0,4ajl_4ajl_conf0.mol2,[H]c1c(N([H])C(=O)C([H])([H])C([H])([H])N([H])C(=O)N([H])C([H])([H])C([H])([H])[H])c([H])c2sc(C([H])([H])[H])nc2c1[H],[H]c1c(N([H])C(=O)C([H])([H])C([H])([H])N([H])C(=O)N([H])C([H])([H])C([H])([H])[H])c([H])c2sc(C([H])([H])[H])nc2c1[H],CCNC(=O)NCCC(=O)Nc1ccc2nc(C)sc2c1,CCNC(=O)NCCC(=O)Nc1ccc2nc(C)sc2c1,039,CHEMBL2059006_0,CCNC(=O)NCCC(=O)Nc1ccc2nc(C)sc2c1,141
4aoi_4aoi_conf0,4aoi_4aoi_conf0.mol2,[H]c1nc2nnc(C([H])([H])c3c([H])n([H])c4nc([H])c([H])c([H])c34)n2nc1-c1c([H])c([H])c(C#N)c([H])c1[H],[H]c1nc2nnc(C([H])([H])c3c([H])n([H])c4nc([H])c([H])c([H])c34)n2nc1-c1c([H])c([H])c(C#N)c([H])c1[H],N#Cc1ccc(-c2cnc3nnc(Cc4c[nH]c5ncccc45)n3n2)cc1,N#Cc1ccc(-c2cnc3nnc(Cc4c[nH]c5ncccc45)n3n2)cc1,039,CHEMBL2170968_0,N#Cc1ccc(-c2cnc3nnc(Cc4c[nH]c5ncccc45)n3n2)cc1,71
4ap7_4ap7_conf0,4ap7_4ap7_conf0.mol2,[H]Oc1c([H])c([H])c(C([H])([H])c2nnc3nc([H])c(-c4c([H])c([H])c(F)c([H])c4[H])nn23)c([H])c1[H],[H]Oc1c([H])c([H])c(C([H])([H])c2nnc3nc([H])c(-c4c([H])c([H])c(F)c([H])c4[H])nn23)c([H])c1[H],Oc1ccc(Cc2nnc3ncc(-c4ccc(F)cc4)nn23)cc1,Oc1ccc(Cc2nnc3ncc(-c4ccc(F)cc4)nn23)cc1,036,CHEMBL2170957_0,Oc1ccc(Cc2nnc3ncc(-c4ccc(F)cc4)nn23)cc1,36
4aq4_4aq4_conf0,4aq4_4aq4_conf0.mol2,[H]OC([H])([H])[C@@]([H])(O[H])C([H])([H])OP(=O)([O-])[O-],[H]OC([H])([H])C([H])(O[H])C([H])([H])OP(=O)([O-])[O-],O=P([O-])([O-])OC[C@H](O)CO,O=P([O-])([O-])OCC(O)CO,017,CHEMBL358320_0,O=P([O-])([O-])OC[C@H](O)CO,46
4ara_4ara_conf0,4ara_4ara_conf0.mol2,[H]c1c(OC([H])([H])[H])c(C(=O)N([H])C([H])([H])[C@@]2([H])C([H])([H])C([H])([H])C([H])([H])[N@+]2([H])C([H])([H])C([H])([H])[H])c([H])c([N+](=O)[O-])c1N(C([H])([H])[H])C([H])([H])[H],[H]c1c(OC([H])([H])[H])c(C(=O)N([H])C([H])([H])C2([H])C([H])([H])C([H])([H])C([H])([H])[N+]2([H])C([H])([H])C([H])([H])[H])c([H])c([N+](=O)[O-])c1N(C([H])([H])[H])C([H])([H])[H],CC[N@H+]1CCC[C@@H]1CNC(=O)c1cc([N+](=O)[O-])c(N(C)C)cc1OC,CC[NH+]1CCCC1CNC(=O)c1cc([N+](=O)[O-])c(N(C)C)cc1OC,052,CHEMBL1895339_0,CC[N@H+]1CCC[C@@H]1CNC(=O)c1cc([N+](=O)[O-])c(N(C)C)cc1OC,114
4asd_4asd_conf0,4asd_4asd_conf0.mol2,[H]c1nc(C(=O)N([H])C([H])([H])[H])c([H])c(Oc2c([H])c([H])c(N([H])C(=O)N([H])c3c([H])c([H])c(Cl)c(C(F)(F)F)c3[H])c([H])c2[H])c1[H],[H]c1nc(C(=O)N([H])C([H])([H])[H])c([H])c(Oc2c([H])c([H])c(N([H])C(=O)N([H])c3c([H])c([H])c(Cl)c(C(F)(F)F)c3[H])c([H])c2[H])c1[H],CNC(=O)c1cc(Oc2ccc(NC(=O)Nc3ccc(Cl)c(C(F)(F)F)c3)cc2)ccn1,CNC(=O)c1cc(Oc2ccc(NC(=O)Nc3ccc(Cl)c(C(F)(F)F)c3)cc2)ccn1,048,CHEMBL1336_0,CNC(=O)c1cc(Oc2ccc(NC(=O)Nc3ccc(Cl)c(C(F)(F)F)c3)cc2)ccn1,194
4b32_4b32_conf0,4b32_4b32_conf0.mol2,[H]Oc1c([H])c([H])c2c([H])c([H])c([H])c([H])c2c1[H],[H]Oc1c([H])c([H])c2c([H])c([H])c([H])c([H])c2c1[H],Oc1ccc2ccccc2c1,Oc1ccc2ccccc2c1,019,CHEMBL14126_0,Oc1ccc2ccccc2c1,2
4b33_4b33_conf0,4b33_4b33_conf0.mol2,[H]Oc1c([H])c([H])c([H])c2c([H])c([H])c([H])c([H])c12,[H]Oc1c([H])c([H])c([H])c2c([H])c([H])c([H])c([H])c12,Oc1cccc2ccccc12,Oc1cccc2ccccc12,019,CHEMBL122617_0,Oc1cccc2ccccc12,2
4b3c_4b3c_conf0,4b3c_4b3c_conf0.mol2,[H]Oc1c([H])c([H])c2c(c1[H])c([H])c([H])n2[H],[H]Oc1c([H])c([H])c2c(c1[H])c([H])c([H])n2[H],Oc1ccc2[nH]ccc2c1,Oc1ccc2[nH]ccc2c1,017,CHEMBL404923_0,Oc1ccc2[nH]ccc2c1,2
4b3d_4b3d_conf0,4b3d_4b3d_conf0.mol2,[H]c1c(C([H])([H])[H])c([H])c2c([H])c([H])n([H])c2c1[H],[H]c1c(C([H])([H])[H])c([H])c2c([H])c([H])n([H])c2c1[H],Cc1ccc2[nH]ccc2c1,Cc1ccc2[nH]ccc2c1,019,CHEMBL112462_0,Cc1ccc2[nH]ccc2c1,1
4b76_4b76_conf0,4b76_4b76_conf0.mol2,[H]c1c([H])c([H])c(Oc2c(F)c([H])c([H])c(C([H])([H])[N+]([H])([H])[H])c2F)c([H])c1[H],[H]c1c([H])c([H])c(Oc2c(F)c([H])c([H])c(C([H])([H])[N+]([H])([H])[H])c2F)c([H])c1[H],[NH3+]Cc1ccc(F)c(Oc2ccccc2)c1F,[NH3+]Cc1ccc(F)c(Oc2ccccc2)c1F,029,CHEMBL4061550_0,[NH3+]Cc1ccc(F)c(Oc2ccccc2)c1F,9
4bck_4bck_conf0,4bck_4bck_conf0.mol2,[H]c1nc(N([H])c2c([H])c([H])c([H])c(S(=O)(=O)N([H])[H])c2[H])nc(-c2sc(N([H])C([H])([H])[H])nc2C([H])([H])[H])c1C#N,[H]c1nc(N([H])c2c([H])c([H])c([H])c(S(=O)(=O)N([H])[H])c2[H])nc(-c2sc(N([H])C([H])([H])[H])nc2C([H])([H])[H])c1C#N,CNc1nc(C)c(-c2nc(Nc3cccc(S(N)(=O)=O)c3)ncc2C#N)s1,CNc1nc(C)c(-c2nc(Nc3cccc(S(N)(=O)=O)c3)ncc2C#N)s1,042,CHEMBL2312183_0,CNc1nc(C)c(-c2nc(Nc3cccc(S(N)(=O)=O)c3)ncc2C#N)s1,56
4bcm_4bcm_conf0,4bcm_4bcm_conf0.mol2,[H]c1nc(N([H])c2c([H])c([H])c(C([H])([H])[H])c(S(=O)(=O)N3C([H])([H])C([H])([H])OC([H])([H])C3([H])[H])c2[H])nc(-c2sc(N([H])C([H])([H])[H])nc2C([H])([H])[H])c1C#N,[H]c1nc(N([H])c2c([H])c([H])c(C([H])([H])[H])c(S(=O)(=O)N3C([H])([H])C([H])([H])OC([H])([H])C3([H])[H])c2[H])nc(-c2sc(N([H])C([H])([H])[H])nc2C([H])([H])[H])c1C#N,CNc1nc(C)c(-c2nc(Nc3ccc(C)c(S(=O)(=O)N4CCOCC4)c3)ncc2C#N)s1,CNc1nc(C)c(-c2nc(Nc3ccc(C)c(S(=O)(=O)N4CCOCC4)c3)ncc2C#N)s1,056,CHEMBL2312189_0,CNc1nc(C)c(-c2nc(Nc3ccc(C)c(S(=O)(=O)N4CCOCC4)c3)ncc2C#N)s1,81
4bco_4bco_conf0,4bco_4bco_conf0.mol2,[H]c1nc(N([H])c2c([H])c([H])c([H])c(N3C([H])([H])C([H])([H])N(C(=O)C([H])([H])[H])C([H])([H])C([H])([H])C3([H])[H])c2[H])nc(-c2sc(N([H])C([H])([H])[H])nc2C([H])([H])[H])c1C#N,[H]c1nc(N([H])c2c([H])c([H])c([H])c(N3C([H])([H])C([H])([H])N(C(=O)C([H])([H])[H])C([H])([H])C([H])([H])C3([H])[H])c2[H])nc(-c2sc(N([H])C([H])([H])[H])nc2C([H])([H])[H])c1C#N,CNc1nc(C)c(-c2nc(Nc3cccc(N4CCCN(C(C)=O)CC4)c3)ncc2C#N)s1,CNc1nc(C)c(-c2nc(Nc3cccc(N4CCCN(C(C)=O)CC4)c3)ncc2C#N)s1,059,CHEMBL2348651_0,CNc1nc(C)c(-c2nc(Nc3cccc(N4CCCN(C(C)=O)CC4)c3)ncc2C#N)s1,101
4bf1_4bf1_conf0,4bf1_4bf1_conf0.mol2,[H]c1c(-c2nnn(-c3c([H])c([H])c([H])c4c([H])c([H])c([H])c([H])c34)c2[H])sc(S(=O)(=O)N([H])[H])c1[H],[H]c1c(-c2nnn(-c3c([H])c([H])c([H])c4c([H])c([H])c([H])c([H])c34)c2[H])sc(S(=O)(=O)N([H])[H])c1[H],NS(=O)(=O)c1ccc(-c2cn(-c3cccc4ccccc34)nn2)s1,NS(=O)(=O)c1ccc(-c2cn(-c3cccc4ccccc34)nn2)s1,036,CHEMBL2414068_0,NS(=O)(=O)c1ccc(-c2cn(-c3cccc4ccccc34)nn2)s1,24
4bf6_4bf6_conf0,4bf6_4bf6_conf0.mol2,[H]c1c(-c2nnn(-c3c([H])c([H])c([H])c(C#N)c3[H])c2[H])sc(S(=O)(=O)N([H])[H])c1[H],[H]c1c(-c2nnn(-c3c([H])c([H])c([H])c(C#N)c3[H])c2[H])sc(S(=O)(=O)N([H])[H])c1[H],N#Cc1cccc(-n2cc(-c3ccc(S(N)(=O)=O)s3)nn2)c1,N#Cc1cccc(-n2cc(-c3ccc(S(N)(=O)=O)s3)nn2)c1,031,CHEMBL2414070_0,N#Cc1cccc(-n2cc(-c3ccc(S(N)(=O)=O)s3)nn2)c1,45
4bps_4bps_conf0,4bps_4bps_conf0.mol2,[H]c1c([H])c(C(=O)[O-])c([H])c(C([H])([H])C([H])([H])C(=O)[O-])c1[H],[H]c1c([H])c(C(=O)[O-])c([H])c(C([H])([H])C([H])([H])C(=O)[O-])c1[H],O=C([O-])CCc1cccc(C(=O)[O-])c1,O=C([O-])CCc1cccc(C(=O)[O-])c1,022,CHEMBL2337714_0,O=C([O-])CCc1cccc(C(=O)[O-])c1,11
4bqg_4bqg_conf0,4bqg_4bqg_conf0.mol2,[H]Oc1c([H])c(O[H])c([H])c(Oc2c([H])c([H])c(Cl)c(Cl)c2[H])c1[H],[H]Oc1c([H])c(O[H])c([H])c(Oc2c([H])c([H])c(Cl)c(Cl)c2[H])c1[H],Oc1cc(O)cc(Oc2ccc(Cl)c(Cl)c2)c1,Oc1cc(O)cc(Oc2ccc(Cl)c(Cl)c2)c1,025,CHEMBL2443027_0,Oc1cc(O)cc(Oc2ccc(Cl)c(Cl)c2)c1,27
4btk_4btk_conf0,4btk_4btk_conf0.mol2,[H]Oc1c([H])c([H])c([H])c(N([H])c2nc([H])nc3c([H])c(OC([H])([H])[H])c(OC([H])([H])[H])c([H])c23)c1[H],[H]Oc1c([H])c([H])c([H])c(N([H])c2nc([H])nc3c([H])c(OC([H])([H])[H])c(OC([H])([H])[H])c([H])c23)c1[H],COc1cc2ncnc(Nc3cccc(O)c3)c2cc1OC,COc1cc2ncnc(Nc3cccc(O)c3)c2cc1OC,037,CHEMBL127907_0,COc1cc2ncnc(Nc3cccc(O)c3)c2cc1OC,200
4cfl_4cfl_conf0,4cfl_4cfl_conf0.mol2,[H]c1c([H])c([H])c(-c2c([H])c([H])c([H])c3c(=O)c([H])c(N4C([H])([H])C([H])([H])[N+]([H])([H])C([H])([H])C4([H])[H])oc23)c([H])c1[H],[H]c1c([H])c([H])c(-c2c([H])c([H])c([H])c3c(=O)c([H])c(N4C([H])([H])C([H])([H])[N+]([H])([H])C([H])([H])C4([H])[H])oc23)c([H])c1[H],O=c1cc(N2CC[NH2+]CC2)oc2c(-c3ccccc3)cccc12,O=c1cc(N2CC[NH2+]CC2)oc2c(-c3ccccc3)cccc12,042,CHEMBL1363184_0,O=c1cc(N2CC[NH2+]CC2)oc2c(-c3ccccc3)cccc12,6
4d7b_4d7b_conf0,4d7b_4d7b_conf0.mol2,[H]Oc1c([H])c(C(=O)c2c([H])c([H])c(C([H])([H])[H])c([H])c2[H])c([H])c([N+](=O)[O-])c1O[H],[H]Oc1c([H])c(C(=O)c2c([H])c([H])c(C([H])([H])[H])c([H])c2[H])c([H])c([N+](=O)[O-])c1O[H],Cc1ccc(C(=O)c2cc(O)c(O)c([N+](=O)[O-])c2)cc1,Cc1ccc(C(=O)c2cc(O)c(O)c([N+](=O)[O-])c2)cc1,031,CHEMBL1324_1,Cc1ccc(C(=O)c2cc(O)c(O)c([N+](=O)[O-])c2)cc1,192
4der_4der_conf0,4der_4der_conf0.mol2,[H]Oc1c([H])c([H])c(-c2oc3c([H])c(O[H])c([H])c(O[H])c3c(=O)c2[H])c([H])c1[H],[H]Oc1c([H])c([H])c(-c2oc3c([H])c(O[H])c([H])c(O[H])c3c(=O)c2[H])c([H])c1[H],O=c1cc(-c2ccc(O)cc2)oc2cc(O)cc(O)c12,O=c1cc(-c2ccc(O)cc2)oc2cc(O)cc(O)c12,030,CHEMBL28_1,O=c1cc(-c2ccc(O)cc2)oc2cc(O)cc(O)c12,12
4det_4det_conf0,4det_4det_conf0.mol2,[H]Oc1c([H])c([H])c(-c2oc3c([H])c(O[H])c([H])c(O[H])c3c(=O)c2O[H])c([H])c1[H],[H]Oc1c([H])c([H])c(-c2oc3c([H])c(O[H])c([H])c(O[H])c3c(=O)c2O[H])c([H])c1[H],O=c1c(O)c(-c2ccc(O)cc2)oc2cc(O)cc(O)c12,O=c1c(O)c(-c2ccc(O)cc2)oc2cc(O)cc(O)c12,031,CHEMBL150_1,O=c1c(O)c(-c2ccc(O)cc2)oc2cc(O)cc(O)c12,12
4dff_4dff_conf0,4dff_4dff_conf0.mol2,[H]c1nc([H])c(-c2nc([H])n3c2-c2c([H])c(OC([H])([H])[H])c(OC([H])([H])[H])c([H])c2C([H])([H])C3([H])[H])s1,[H]c1nc([H])c(-c2nc([H])n3c2-c2c([H])c(OC([H])([H])[H])c(OC([H])([H])[H])c([H])c2C([H])([H])C3([H])[H])s1,COc1cc2c(cc1OC)-c1c(-c3cncs3)ncn1CC2,COc1cc2c(cc1OC)-c1c(-c3cncs3)ncn1CC2,037,CHEMBL2017087_0,COc1cc2c(cc1OC)-c1c(-c3cncs3)ncn1CC2,13
4dhl_4dhl_conf0,4dhl_4dhl_conf0.mol2,[H]c1sc(-c2c([H])c([H])c(C([H])([H])[H])c([H])c2[H])nc1C(=O)[O-],[H]c1sc(-c2c([H])c([H])c(C([H])([H])[H])c([H])c2[H])nc1C(=O)[O-],Cc1ccc(-c2nc(C(=O)[O-])cs2)cc1,Cc1ccc(-c2nc(C(=O)[O-])cs2)cc1,023,CHEMBL1405779_0,Cc1ccc(-c2nc(C(=O)[O-])cs2)cc1,2
4dkr_4dkr_conf0,4dkr_4dkr_conf0.mol2,[H]c1c([H])c([H])c2c(c1[H])C([H])([H])[C@@]([H])(N([H])C(N([H])[H])=[N+]([H])[H])[C@]2([H])N([H])C(=O)C(=O)N([H])c1c([H])c([H])c(Cl)c(F)c1[H],[H]c1c([H])c([H])c2c(c1[H])C([H])([H])C([H])(N([H])C(N([H])[H])=[N+]([H])[H])C2([H])N([H])C(=O)C(=O)N([H])c1c([H])c([H])c(Cl)c(F)c1[H],NC(=[NH2+])N[C@@H]1Cc2ccccc2[C@H]1NC(=O)C(=O)Nc1ccc(Cl)c(F)c1,NC(=[NH2+])NC1Cc2ccccc2C1NC(=O)C(=O)Nc1ccc(Cl)c(F)c1,045,CHEMBL2171086_0,NC(=[NH2+])N[C@@H]1Cc2ccccc2[C@H]1NC(=O)C(=O)Nc1ccc(Cl)c(F)c1,38
4dst_4dst_conf0,4dst_4dst_conf0.mol2,[H]c1c(Cl)c([H])c2c(c1Cl)c(C([H])([H])C([H])([H])[N+]([H])([H])[H])c(C([H])([H])[H])n2[H],[H]c1c(Cl)c([H])c2c(c1Cl)c(C([H])([H])C([H])([H])[N+]([H])([H])[H])c(C([H])([H])[H])n2[H],Cc1[nH]c2cc(Cl)cc(Cl)c2c1CC[NH3+],Cc1[nH]c2cc(Cl)cc(Cl)c2c1CC[NH3+],028,CHEMBL2396992_0,Cc1[nH]c2cc(Cl)cc(Cl)c2c1CC[NH3+],4
4dsy_4dsy_conf0,4dsy_4dsy_conf0.mol2,[H]c1nc([H])c(-c2c([H])c([H])c([H])c([H])c2[H])c([H])c1C(=O)[O-],[H]c1nc([H])c(-c2c([H])c([H])c([H])c([H])c2[H])c([H])c1C(=O)[O-],O=C([O-])c1cncc(-c2ccccc2)c1,O=C([O-])c1cncc(-c2ccccc2)c1,023,CHEMBL3617324_0,O=C([O-])c1cncc(-c2ccccc2)c1,1
4duh_4duh_conf0,4duh_4duh_conf0.mol2,[H]c1sc(N([H])c2c([H])c([H])c(C(=O)[O-])c([H])c2[H])nc1-c1sc(N([H])C(=O)C([H])([H])C([H])([H])[H])nc1C([H])([H])[H],[H]c1sc(N([H])c2c([H])c([H])c(C(=O)[O-])c([H])c2[H])nc1-c1sc(N([H])C(=O)C([H])([H])C([H])([H])[H])nc1C([H])([H])[H],CCC(=O)Nc1nc(C)c(-c2csc(Nc3ccc(C(=O)[O-])cc3)n2)s1,CCC(=O)Nc1nc(C)c(-c2csc(Nc3ccc(C(=O)[O-])cc3)n2)s1,041,CHEMBL1360596_0,CCC(=O)Nc1nc(C)c(-c2csc(Nc3ccc(C(=O)[O-])cc3)n2)s1,110
4e0x_4e0x_conf0,4e0x_4e0x_conf0.mol2,[H]C([H])=C(C([H])([H])[H])[C@@]1([H])C([H])([H])[N+]([H])([H])[C@]([H])(C(=O)[O-])[C@@]1([H])C([H])([H])C(=O)[O-],[H]C([H])=C(C([H])([H])[H])C1([H])C([H])(C([H])([H])C(=O)[O-])C([H])(C(=O)[O-])[N+]([H])([H])C1([H])[H],C=C(C)[C@H]1C[NH2+][C@H](C(=O)[O-])[C@H]1CC(=O)[O-],C=C(C)C1C[NH2+]C(C(=O)[O-])C1CC(=O)[O-],029,CHEMBL27527_0,C=C(C)[C@H]1C[NH2+][C@H](C(=O)[O-])[C@H]1CC(=O)[O-],23
4e3g_4e3g_conf0,4e3g_4e3g_conf0.mol2,[H]Oc1c([H])c([H])c(C(=O)[O-])c([H])c1[H],[H]Oc1c([H])c([H])c(C(=O)[O-])c([H])c1[H],O=C([O-])c1ccc(O)cc1,O=C([O-])c1ccc(O)cc1,015,CHEMBL441343_0,O=C([O-])c1ccc(O)cc1,1
4e4l_4e4l_conf0,4e4l_4e4l_conf0.mol2,[H]c1nc2c(c([H])c([H])n2[H])c2c1nc([H])n2C1(C([H])([H])[H])C([H])([H])C([H])([H])N(S(=O)(=O)C([H])([H])[H])C([H])([H])C1([H])[H],[H]c1nc2c(c([H])c([H])n2[H])c2c1nc([H])n2C1(C([H])([H])[H])C([H])([H])C([H])([H])N(S(=O)(=O)C([H])([H])[H])C([H])([H])C1([H])[H],CC1(n2cnc3cnc4[nH]ccc4c32)CCN(S(C)(=O)=O)CC1,CC1(n2cnc3cnc4[nH]ccc4c32)CCN(S(C)(=O)=O)CC1,042,CHEMBL2152409_0,CC1(n2cnc3cnc4[nH]ccc4c32)CCN(S(C)(=O)=O)CC1,9
4e70_4e70_conf0,4e70_4e70_conf0.mol2,[H]Oc1c([H])c([H])c(/C([H])=C(\[H])C([H])([H])O[H])c([H])c1OC([H])([H])[H],[H]Oc1c([H])c([H])c(C([H])=C([H])C([H])([H])O[H])c([H])c1OC([H])([H])[H],COc1cc(/C=C/CO)ccc1O,COc1cc(C=CCO)ccc1O,025,CHEMBL501870_0,COc1cc(/C=C/CO)ccc1O,198
4e9u_4e9u_conf0,4e9u_4e9u_conf0.mol2,[H]c1c([H])c([H])c(Oc2c([H])c([H])c(OC([H])([H])C([H])([H])SC#N)c([H])c2[H])c([H])c1[H],[H]c1c([H])c([H])c(Oc2c([H])c([H])c(OC([H])([H])C([H])([H])SC#N)c([H])c2[H])c([H])c1[H],N#CSCCOc1ccc(Oc2ccccc2)cc1,N#CSCCOc1ccc(Oc2ccccc2)cc1,032,CHEMBL39581_0,N#CSCCOc1ccc(Oc2ccccc2)cc1,200
4ehz_4ehz_conf0,4ehz_4ehz_conf0.mol2,[H]c1nc2c(c([H])c([H])n2[H])c2c1nc(C([H])([H])[H])n2C1([H])C([H])([H])C([H])([H])[N+]([H])([H])C([H])([H])C1([H])[H],[H]c1nc2c(c([H])c([H])n2[H])c2c1nc(C([H])([H])[H])n2C1([H])C([H])([H])C([H])([H])[N+]([H])([H])C([H])([H])C1([H])[H],Cc1nc2cnc3[nH]ccc3c2n1C1CC[NH2+]CC1,Cc1nc2cnc3[nH]ccc3c2n1C1CC[NH2+]CC1,037,CHEMBL2159141_0,Cc1nc2cnc3[nH]ccc3c2n1C1CC[NH2+]CC1,2
4ej8_4ej8_conf0,4ej8_4ej8_conf0.mol2,[H]c1c(C(=O)[O-])c([H])c2c(c1[H])c([H])c([H])n2[H],[H]c1c(C(=O)[O-])c([H])c2c(c1[H])c([H])c([H])n2[H],O=C([O-])c1ccc2cc[nH]c2c1,O=C([O-])c1ccc2cc[nH]c2c1,018,CHEMBL1229732_0,O=C([O-])c1ccc2cc[nH]c2c1,1
4ejl_4ejl_conf0,4ejl_4ejl_conf0.mol2,[H]c1c([H])c([H])c2c(c1[H])c(C([H])([H])C([H])([H])C(=O)[O-])c([H])n2[H],[H]c1c([H])c([H])c2c(c1[H])c(C([H])([H])C([H])([H])C(=O)[O-])c([H])n2[H],O=C([O-])CCc1c[nH]c2ccccc12,O=C([O-])CCc1c[nH]c2ccccc12,024,CHEMBL207225_0,O=C([O-])CCc1c[nH]c2ccccc12,31
4en4_4en4_conf0,4en4_4en4_conf0.mol2,[H]Oc1c(C([H])([H])[H])nc([H])c(C([H])([H])O[H])c1C([H])([H])OC([H])([H])[H],[H]Oc1c(C([H])([H])[H])nc([H])c(C([H])([H])O[H])c1C([H])([H])OC([H])([H])[H],COCc1c(CO)cnc(C)c1O,COCc1c(CO)cnc(C)c1O,026,CHEMBL1076875_0,COCc1c(CO)cnc(C)c1O,63
4f39_4f39_conf0,4f39_4f39_conf0.mol2,[H]C([H])=C(C([H])([H])[H])[C@@]1([H])C([H])([H])[N+]([H])([H])[C@]([H])(C(=O)[O-])[C@@]1([H])C([H])([H])C(=O)[O-],[H]C([H])=C(C([H])([H])[H])C1([H])C([H])(C([H])([H])C(=O)[O-])C([H])(C(=O)[O-])[N+]([H])([H])C1([H])[H],C=C(C)[C@H]1C[NH2+][C@H](C(=O)[O-])[C@H]1CC(=O)[O-],C=C(C)C1C[NH2+]C(C(=O)[O-])C1CC(=O)[O-],029,CHEMBL27527_0,C=C(C)[C@H]1C[NH2+][C@H](C(=O)[O-])[C@H]1CC(=O)[O-],23
4f6w_4f6w_conf0,4f6w_4f6w_conf0.mol2,[H]c1c([H])c(C([H])([H])[H])c([H])c([H])c1-n1nc(C(C([H])([H])[H])(C([H])([H])[H])C([H])([H])[H])c([H])c1N([H])C(=O)N([H])C([H])([H])C([H])([H])[N+]1([H])C([H])([H])C([H])([H])N(C(=O)N([H])c2c([H])c(C(C([H])([H])[H])(C([H])([H])[H])C([H])([H])[H])nn2-c2c([H])c([H])c(C([H])([H])[H])c([H])c2[H])C([H])([H])C1([H])[H],[H]c1c([H])c(C([H])([H])[H])c([H])c([H])c1-n1nc(C(C([H])([H])[H])(C([H])([H])[H])C([H])([H])[H])c([H])c1N([H])C(=O)N([H])C([H])([H])C([H])([H])[N+]1([H])C([H])([H])C([H])([H])N(C(=O)N([H])c2c([H])c(C(C([H])([H])[H])(C([H])([H])[H])C([H])([H])[H])nn2-c2c([H])c([H])c(C([H])([H])[H])c([H])c2[H])C([H])([H])C1([H])[H],Cc1ccc(-n2nc(C(C)(C)C)cc2NC(=O)NCC[NH+]2CCN(C(=O)Nc3cc(C(C)(C)C)nn3-c3ccc(C)cc3)CC2)cc1,Cc1ccc(-n2nc(C(C)(C)C)cc2NC(=O)NCC[NH+]2CCN(C(=O)Nc3cc(C(C)(C)C)nn3-c3ccc(C)cc3)CC2)cc1,097,CHEMBL3401551_0,Cc1ccc(-n2nc(C(C)(C)C)cc2NC(=O)NCC[NH+]2CCN(C(=O)Nc3cc(C(C)(C)C)nn3-c3ccc(C)cc3)CC2)cc1,168
4f9y_4f9y_conf0,4f9y_4f9y_conf0.mol2,[H]c1nc([H])c([H])c(-c2c(-c3c([H])c([H])c([H])c4c([H])c([H])c([H])c([H])c34)nnc(N(C([H])([H])[H])C([H])([H])[H])c2[H])c1[H],[H]c1nc([H])c([H])c(-c2c(-c3c([H])c([H])c([H])c4c([H])c([H])c([H])c([H])c34)nnc(N(C([H])([H])[H])C([H])([H])[H])c2[H])c1[H],CN(C)c1cc(-c2ccncc2)c(-c2cccc3ccccc23)nn1,CN(C)c1cc(-c2ccncc2)c(-c2cccc3ccccc23)nn1,043,CHEMBL4646628_0,CN(C)c1cc(-c2ccncc2)c(-c2cccc3ccccc23)nn1,4
4fai_4fai_conf0,4fai_4fai_conf0.mol2,[H]c1nc([H])n(C([H])([H])C([H])([H])C([H])([H])N([H])C(=S)N([H])c2c([H])c([H])c(OC([H])([H])[H])c(OC([H])([H])[H])c2[H])c1[H],[H]c1nc([H])n(C([H])([H])C([H])([H])C([H])([H])N([H])C(=S)N([H])c2c([H])c([H])c(OC([H])([H])[H])c(OC([H])([H])[H])c2[H])c1[H],COc1ccc(NC(=S)NCCCn2ccnc2)cc1OC,COc1ccc(NC(=S)NCCCn2ccnc2)cc1OC,042,CHEMBL201747_0,COc1ccc(NC(=S)NCCCn2ccnc2)cc1OC,200
4fcq_4fcq_conf0,4fcq_4fcq_conf0.mol2,[H]c1c([H])c(C([H])([H])[H])c([H])c(C([H])([H])[H])c1-c1nc(SC([H])([H])[H])nc2c1c(C#N)c([H])n2[H],[H]c1c([H])c(C([H])([H])[H])c([H])c(C([H])([H])[H])c1-c1nc(SC([H])([H])[H])nc2c1c(C#N)c([H])n2[H],CSc1nc(-c2ccc(C)cc2C)c2c(C#N)c[nH]c2n1,CSc1nc(-c2ccc(C)cc2C)c2c(C#N)c[nH]c2n1,035,CHEMBL2158581_0,CSc1nc(-c2ccc(C)cc2C)c2c(C#N)c[nH]c2n1,10
4few_4few_conf0,4few_4few_conf0.mol2,[H]c1nc(N([H])[H])c2c(-c3c([H])c([H])c(Cl)c([H])c3[H])nn(C(C([H])([H])[H])(C([H])([H])[H])C([H])([H])[H])c2n1,[H]c1nc(N([H])[H])c2c(-c3c([H])c([H])c(Cl)c([H])c3[H])nn(C(C([H])([H])[H])(C([H])([H])[H])C([H])([H])[H])c2n1,CC(C)(C)n1nc(-c2ccc(Cl)cc2)c2c(N)ncnc21,CC(C)(C)n1nc(-c2ccc(Cl)cc2)c2c(N)ncnc21,037,CHEMBL406845_0,CC(C)(C)n1nc(-c2ccc(Cl)cc2)c2c(N)ncnc21,4
4fht_4fht_conf0,4fht_4fht_conf0.mol2,[H]Oc1c([H])c([H])c(C(=O)[O-])c([H])c1O[H],[H]Oc1c([H])c([H])c(C(=O)[O-])c([H])c1O[H],O=C([O-])c1ccc(O)c(O)c1,O=C([O-])c1ccc(O)c(O)c1,016,CHEMBL37537_0,O=C([O-])c1ccc(O)c(O)c1,4
4g95_4g95_conf0,4g95_4g95_conf0.mol2,[H]c1nc2nc(N([H])[H])nc(N([H])[H])c2c([H])c1C([H])([H])N([H])c1c([H])c(Cl)c([H])c([H])c1Cl,[H]c1nc2nc(N([H])[H])nc(N([H])[H])c2c([H])c1C([H])([H])N([H])c1c([H])c(Cl)c([H])c([H])c1Cl,Nc1nc(N)c2cc(CNc3cc(Cl)ccc3Cl)cnc2n1,Nc1nc(N)c2cc(CNc3cc(Cl)ccc3Cl)cnc2n1,034,CHEMBL145979_0,Nc1nc(N)c2cc(CNc3cc(Cl)ccc3Cl)cnc2n1,100
4ge1_4ge1_conf0,4ge1_4ge1_conf0.mol2,[H]c1c([H])c([H])c2c(c1[H])c(C([H])([H])C([H])([H])[N+]([H])([H])[H])c([H])n2[H],[H]c1c([H])c([H])c2c(c1[H])c(C([H])([H])C([H])([H])[N+]([H])([H])[H])c([H])n2[H],[NH3+]CCc1c[nH]c2ccccc12,[NH3+]CCc1c[nH]c2ccccc12,025,CHEMBL6640_0,[NH3+]CCc1c[nH]c2ccccc12,15
4gg7_4gg7_conf0,4gg7_4gg7_conf0.mol2,[H]c1nc2nc(C(F)(F)F)nc(N([H])C([H])([H])c3c([H])c([H])c([H])c([N+](=O)[O-])c3[H])c2c([H])c1-c1c([H])nn(C2([H])C([H])([H])C([H])([H])[N+]([H])([H])C([H])([H])C2([H])[H])c1[H],[H]c1nc2nc(C(F)(F)F)nc(N([H])C([H])([H])c3c([H])c([H])c([H])c([N+](=O)[O-])c3[H])c2c([H])c1-c1c([H])nn(C2([H])C([H])([H])C([H])([H])[N+]([H])([H])C([H])([H])C2([H])[H])c1[H],O=[N+]([O-])c1cccc(CNc2nc(C(F)(F)F)nc3ncc(-c4cnn(C5CC[NH2+]CC5)c4)cc23)c1,O=[N+]([O-])c1cccc(CNc2nc(C(F)(F)F)nc3ncc(-c4cnn(C5CC[NH2+]CC5)c4)cc23)c1,058,CHEMBL2148143_0,O=[N+]([O-])c1cccc(CNc2nc(C(F)(F)F)nc3ncc(-c4cnn(C5CC[NH2+]CC5)c4)cc23)c1,108
4ghi_4ghi_conf0,4ghi_4ghi_conf0.mol2,[H]c1c(F)c([H])c(N([H])c2c([H])c([H])c3nonc3c2[N+](=O)[O-])c([H])c1Cl,[H]c1c(F)c([H])c(N([H])c2c([H])c([H])c3nonc3c2[N+](=O)[O-])c([H])c1Cl,O=[N+]([O-])c1c(Nc2cc(F)cc(Cl)c2)ccc2nonc12,O=[N+]([O-])c1c(Nc2cc(F)cc(Cl)c2)ccc2nonc12,027,CHEMBL2311933_0,O=[N+]([O-])c1c(Nc2cc(F)cc(Cl)c2)ccc2nonc12,6
4gih_4gih_conf0,4gih_4gih_conf0.mol2,[H]c1nc(N([H])C(=O)C2([H])C([H])([H])C2([H])[H])c([H])c(N([H])C(=O)c2c(Cl)c([H])c([H])c([H])c2Cl)c1[H],[H]c1nc(N([H])C(=O)C2([H])C([H])([H])C2([H])[H])c([H])c(N([H])C(=O)c2c(Cl)c([H])c([H])c([H])c2Cl)c1[H],O=C(Nc1ccnc(NC(=O)C2CC2)c1)c1c(Cl)cccc1Cl,O=C(Nc1ccnc(NC(=O)C2CC2)c1)c1c(Cl)cccc1Cl,036,CHEMBL2387224_0,O=C(Nc1ccnc(NC(=O)C2CC2)c1)c1c(Cl)cccc1Cl,14
4gii_4gii_conf0,4gii_4gii_conf0.mol2,[H]c1nc(N([H])C(=O)C2([H])C([H])([H])C2([H])[H])c([H])c(N([H])C(=O)c2c(Cl)c([H])c(C#N)c([H])c2Cl)c1[H],[H]c1nc(N([H])C(=O)C2([H])C([H])([H])C2([H])[H])c([H])c(N([H])C(=O)c2c(Cl)c([H])c(C#N)c([H])c2Cl)c1[H],N#Cc1cc(Cl)c(C(=O)Nc2ccnc(NC(=O)C3CC3)c2)c(Cl)c1,N#Cc1cc(Cl)c(C(=O)Nc2ccnc(NC(=O)C3CC3)c2)c(Cl)c1,037,CHEMBL2387124_0,N#Cc1cc(Cl)c(C(=O)Nc2ccnc(NC(=O)C3CC3)c2)c(Cl)c1,14
4gkh_4gkh_conf0,4gkh_4gkh_conf0.mol2,[H]c1nc(N([H])[H])c2c(-c3c([H])c([H])c([H])c4c([H])c([H])c([H])c([H])c34)nn(C(C([H])([H])[H])(C([H])([H])[H])C([H])([H])[H])c2n1,[H]c1nc(N([H])[H])c2c(-c3c([H])c([H])c([H])c4c([H])c([H])c([H])c([H])c34)nn(C(C([H])([H])[H])(C([H])([H])[H])C([H])([H])[H])c2n1,CC(C)(C)n1nc(-c2cccc3ccccc23)c2c(N)ncnc21,CC(C)(C)n1nc(-c2cccc3ccccc23)c2c(N)ncnc21,043,CHEMBL264406_0,CC(C)(C)n1nc(-c2cccc3ccccc23)c2c(N)ncnc21,10
4gki_4gki_conf0,4gki_4gki_conf0.mol2,[H]c1nc(N([H])[H])c2c(C([H])([H])c3c([H])c([H])c([H])c4c([H])c([H])c([H])c([H])c34)nn(C(C([H])([H])[H])(C([H])([H])[H])C([H])([H])[H])c2n1,[H]c1nc(N([H])[H])c2c(C([H])([H])c3c([H])c([H])c([H])c4c([H])c([H])c([H])c([H])c34)nn(C(C([H])([H])[H])(C([H])([H])[H])C([H])([H])[H])c2n1,CC(C)(C)n1nc(Cc2cccc3ccccc23)c2c(N)ncnc21,CC(C)(C)n1nc(Cc2cccc3ccccc23)c2c(N)ncnc21,046,CHEMBL573578_0,CC(C)(C)n1nc(Cc2cccc3ccccc23)c2c(N)ncnc21,40
4gny_4gny_conf0,4gny_4gny_conf0.mol2,[H]C([H])([H])C([H])([H])C([H])([H])C([H])([H])C([H])([H])C([H])([H])C([H])([H])C([H])([H])C([H])([H])C([H])([H])C([H])([H])C([H])([H])OS(=O)(=O)[O-],[H]C([H])([H])C([H])([H])C([H])([H])C([H])([H])C([H])([H])C([H])([H])C([H])([H])C([H])([H])C([H])([H])C([H])([H])C([H])([H])C([H])([H])OS(=O)(=O)[O-],CCCCCCCCCCCCOS(=O)(=O)[O-],CCCCCCCCCCCCOS(=O)(=O)[O-],042,CHEMBL23393_0,CCCCCCCCCCCCOS(=O)(=O)[O-],200
4gqr_4gqr_conf0,4gqr_4gqr_conf0.mol2,[H]Oc1c([H])c(-c2oc3c([H])c(O[H])c([H])c(O[H])c3c(=O)c2O[H])c([H])c(O[H])c1O[H],[H]Oc1c([H])c(-c2oc3c([H])c(O[H])c([H])c(O[H])c3c(=O)c2O[H])c([H])c(O[H])c1O[H],O=c1c(O)c(-c2cc(O)c(O)c(O)c2)oc2cc(O)cc(O)c12,O=c1c(O)c(-c2cc(O)c(O)c(O)c2)oc2cc(O)cc(O)c12,033,CHEMBL164_1,O=c1c(O)c(-c2cc(O)c(O)c(O)c2)oc2cc(O)cc(O)c12,92
4gu6_4gu6_conf0,4gu6_4gu6_conf0.mol2,[H]c1nc(N(C([H])([H])[H])S(=O)(=O)C([H])([H])[H])c(C([H])([H])N([H])c2c(C#N)c([H])nc3c2c([H])c(-c2c([H])c([H])c([H])c([H])c2[H])n3[H])c([H])c1[H],[H]c1nc(N(C([H])([H])[H])S(=O)(=O)C([H])([H])[H])c(C([H])([H])N([H])c2c(C#N)c([H])nc3c2c([H])c(-c2c([H])c([H])c([H])c([H])c2[H])n3[H])c([H])c1[H],CN(c1ncccc1CNc1c(C#N)cnc2[nH]c(-c3ccccc3)cc12)S(C)(=O)=O,CN(c1ncccc1CNc1c(C#N)cnc2[nH]c(-c3ccccc3)cc12)S(C)(=O)=O,051,CHEMBL2315579_1,CN(c1ncccc1CNc1c(C#N)cnc2[nH]c(-c3ccccc3)cc12)S(C)(=O)=O,54
4gu9_4gu9_conf0,4gu9_4gu9_conf0.mol2,[H]c1nc(N([H])c2c([H])c([H])c([H])c([H])c2F)c2c([H])nn([H])c2n1,[H]c1nc(N([H])c2c([H])c([H])c([H])c([H])c2F)c2c([H])nn([H])c2n1,Fc1ccccc1Nc1ncnc2[nH]ncc12,Fc1ccccc1Nc1ncnc2[nH]ncc12,025,CHEMBL2315560_0,Fc1ccccc1Nc1ncnc2[nH]ncc12,11
4h7q_4h7q_conf0,4h7q_4h7q_conf0.mol2,[H]C([H])([H])C([H])(C([H])([H])[H])C([H])([H])C(=O)C(=O)[O-],[H]C([H])([H])C([H])(C([H])([H])[H])C([H])([H])C(=O)C(=O)[O-],CC(C)CC(=O)C(=O)[O-],CC(C)CC(=O)C(=O)[O-],018,CHEMBL445647_0,CC(C)CC(=O)C(=O)[O-],15
4ht0_4ht0_conf0,4ht0_4ht0_conf0.mol2,[H]c1c(C([H])([H])[H])nc(Sc2c(F)c(F)c(S(=O)(=O)N([H])[H])c(F)c2F)nc1C([H])([H])[H],[H]c1c(C([H])([H])[H])nc(Sc2c(F)c(F)c(S(=O)(=O)N([H])[H])c(F)c2F)nc1C([H])([H])[H],Cc1cc(C)nc(Sc2c(F)c(F)c(S(N)(=O)=O)c(F)c2F)n1,Cc1cc(C)nc(Sc2c(F)c(F)c(S(N)(=O)=O)c(F)c2F)n1,032,CHEMBL2333410_0,Cc1cc(C)nc(Sc2c(F)c(F)c(S(N)(=O)=O)c(F)c2F)n1,22
4ht2_4ht2_conf0,4ht2_4ht2_conf0.mol2,[H]c1c(C([H])([H])[H])nc(Sc2c(F)c(F)c(S(=O)(=O)N([H])[H])c(F)c2F)nc1C([H])([H])[H],[H]c1c(C([H])([H])[H])nc(Sc2c(F)c(F)c(S(=O)(=O)N([H])[H])c(F)c2F)nc1C([H])([H])[H],Cc1cc(C)nc(Sc2c(F)c(F)c(S(N)(=O)=O)c(F)c2F)n1,Cc1cc(C)nc(Sc2c(F)c(F)c(S(N)(=O)=O)c(F)c2F)n1,032,CHEMBL2333410_0,Cc1cc(C)nc(Sc2c(F)c(F)c(S(N)(=O)=O)c(F)c2F)n1,22
4hu1_4hu1_conf0,4hu1_4hu1_conf0.mol2,[H]OC([H])([H])C([H])([H])S(=O)(=O)c1c(F)c(F)c(S(=O)(=O)N([H])[H])c(F)c1F,[H]OC([H])([H])C([H])([H])S(=O)(=O)c1c(F)c(F)c(S(=O)(=O)N([H])[H])c(F)c1F,NS(=O)(=O)c1c(F)c(F)c(S(=O)(=O)CCO)c(F)c1F,NS(=O)(=O)c1c(F)c(F)c(S(=O)(=O)CCO)c(F)c1F,027,CHEMBL2333417_0,NS(=O)(=O)c1c(F)c(F)c(S(=O)(=O)CCO)c(F)c1F,68
4hw3_4hw3_conf0,4hw3_4hw3_conf0.mol2,[H]c1c(OC([H])([H])C([H])([H])C([H])([H])c2c(C(=O)[O-])sc3c([H])c([H])c([H])c([H])c23)c([H])c(C([H])([H])[H])c(Cl)c1C([H])([H])[H],[H]c1c(OC([H])([H])C([H])([H])C([H])([H])c2c(C(=O)[O-])sc3c([H])c([H])c([H])c([H])c23)c([H])c(C([H])([H])[H])c(Cl)c1C([H])([H])[H],Cc1cc(OCCCc2c(C(=O)[O-])sc3ccccc23)cc(C)c1Cl,Cc1cc(OCCCc2c(C(=O)[O-])sc3ccccc23)cc(C)c1Cl,043,CHEMBL2314173_0,Cc1cc(OCCCc2c(C(=O)[O-])sc3ccccc23)cc(C)c1Cl,31
4i7m_4i7m_conf0,4i7m_4i7m_conf0.mol2,[H]Oc1c([H])c([H])c([H])c([H])c1C([H])([H])C([H])([H])C([H])([H])[H],[H]Oc1c([H])c([H])c([H])c([H])c1C([H])([H])C([H])([H])C([H])([H])[H],CCCc1ccccc1O,CCCc1ccccc1O,022,CHEMBL225569_0,CCCc1ccccc1O,22
4i8n_4i8n_conf0,4i8n_4i8n_conf0.mol2,[H]c1c([H])c(N([H])S(=O)(=O)[C@]([H])(c2nc3c([H])c([H])c([H])c([H])c3o2)C([H])([H])c2c([H])c([H])c(N([H])C(=O)C(=O)[O-])c([H])c2[H])c([H])c([H])c1F,[H]c1c([H])c(N([H])S(=O)(=O)C([H])(c2nc3c([H])c([H])c([H])c([H])c3o2)C([H])([H])c2c([H])c([H])c(N([H])C(=O)C(=O)[O-])c([H])c2[H])c([H])c([H])c1F,O=C([O-])C(=O)Nc1ccc(C[C@@H](c2nc3ccccc3o2)S(=O)(=O)Nc2ccc(F)cc2)cc1,O=C([O-])C(=O)Nc1ccc(CC(c2nc3ccccc3o2)S(=O)(=O)Nc2ccc(F)cc2)cc1,051,CHEMBL2375437_0,O=C([O-])C(=O)Nc1ccc(C[C@@H](c2nc3ccccc3o2)S(=O)(=O)Nc2ccc(F)cc2)cc1,77
4i8x_4i8x_conf0,4i8x_4i8x_conf0.mol2,[H]c1nc(-c2c([H])c([H])c([H])c([H])c2[H])c([H])c([H])c1C(=O)[O-],[H]c1nc(-c2c([H])c([H])c([H])c([H])c2[H])c([H])c([H])c1C(=O)[O-],O=C([O-])c1ccc(-c2ccccc2)nc1,O=C([O-])c1ccc(-c2ccccc2)nc1,023,CHEMBL2316892_0,O=C([O-])c1ccc(-c2ccccc2)nc1,2
4i9h_4i9h_conf0,4i9h_4i9h_conf0.mol2,[H]O[C@@]([H])([C@]([H])(O[H])[C@]([H])(O[H])C([H])([H])Oc1c([H])c(OC([H])([H])[H])c(N([H])C(=O)C([H])([H])Sc2nc([H])c(C(=O)[O-])c([H])c2[H])c([H])c1Cl)[C@]([H])(O[H])C([H])([H])Oc1c([H])c(F)c([H])c(-c2nc([H])c(C(=O)[O-])c([H])c2[H])c1[H],[H]OC([H])(C([H])([H])Oc1c([H])c(F)c([H])c(-c2nc([H])c(C(=O)[O-])c([H])c2[H])c1[H])C([H])(O[H])C([H])(O[H])C([H])(O[H])C([H])([H])Oc1c([H])c(OC([H])([H])[H])c(N([H])C(=O)C([H])([H])Sc2nc([H])c(C(=O)[O-])c([H])c2[H])c([H])c1Cl,COc1cc(OC[C@@H](O)[C@@H](O)[C@H](O)[C@H](O)COc2cc(F)cc(-c3ccc(C(=O)[O-])cn3)c2)c(Cl)cc1NC(=O)CSc1ccc(C(=O)[O-])cn1,COc1cc(OCC(O)C(O)C(O)C(O)COc2cc(F)cc(-c3ccc(C(=O)[O-])cn3)c2)c(Cl)cc1NC(=O)CSc1ccc(C(=O)[O-])cn1,080,CHEMBL2316882_0,COc1cc(OC[C@@H](O)[C@@H](O)[C@H](O)[C@H](O)COc2cc(F)cc(-c3ccc(C(=O)[O-])cn3)c2)c(Cl)cc1NC(=O)CSc1ccc(C(=O)[O-])cn1,186
4i9u_4i9u_conf0,4i9u_4i9u_conf0.mol2,[H]c1nc(SC([H])([H])C(=O)N([H])c2c([H])c(Cl)c([H])c([H])c2OC([H])([H])[H])c([H])c([H])c1C(=O)[O-],[H]c1nc(SC([H])([H])C(=O)N([H])c2c([H])c(Cl)c([H])c([H])c2OC([H])([H])[H])c([H])c([H])c1C(=O)[O-],COc1ccc(Cl)cc1NC(=O)CSc1ccc(C(=O)[O-])cn1,COc1ccc(Cl)cc1NC(=O)CSc1ccc(C(=O)[O-])cn1,035,CHEMBL2316891_0,COc1ccc(Cl)cc1NC(=O)CSc1ccc(C(=O)[O-])cn1,37
4ih3_4ih3_conf0,4ih3_4ih3_conf0.mol2,[H]c1c(C(=O)[O-])nc(C(=O)[O-])c([H])c1[H],[H]c1c(C(=O)[O-])nc(C(=O)[O-])c([H])c1[H],O=C([O-])c1cccc(C(=O)[O-])n1,O=C([O-])c1cccc(C(=O)[O-])n1,015,CHEMBL177801_0,O=C([O-])c1cccc(C(=O)[O-])n1,1
4ih6_4ih6_conf0,4ih6_4ih6_conf0.mol2,[H]c1c([H])c(C(C([H])([H])[H])(C([H])([H])[H])C([H])([H])[H])c([H])c([H])c1C([H])([H])N1C(=O)N([H])[C@@]([H])(C([H])(C([H])([H])[H])C([H])([H])[H])C1=O,[H]c1c([H])c(C(C([H])([H])[H])(C([H])([H])[H])C([H])([H])[H])c([H])c([H])c1C([H])([H])N1C(=O)N([H])C([H])(C([H])(C([H])([H])[H])C([H])([H])[H])C1=O,CC(C)[C@@H]1NC(=O)N(Cc2ccc(C(C)(C)C)cc2)C1=O,CC(C)C1NC(=O)N(Cc2ccc(C(C)(C)C)cc2)C1=O,045,CHEMBL2324309_0,CC(C)[C@@H]1NC(=O)N(Cc2ccc(C(C)(C)C)cc2)C1=O,72
4ij1_4ij1_conf0,4ij1_4ij1_conf0.mol2,[H]c1c([H])c([H])c(N([H])c2c([H])c([H])c([H])c([H])c2C(=O)[O-])c(C(=O)[O-])c1[H],[H]c1c([H])c([H])c(N([H])c2c([H])c([H])c([H])c([H])c2C(=O)[O-])c(C(=O)[O-])c1[H],O=C([O-])c1ccccc1Nc1ccccc1C(=O)[O-],O=C([O-])c1ccccc1Nc1ccccc1C(=O)[O-],028,CHEMBL1526652_0,O=C([O-])c1ccccc1Nc1ccccc1C(=O)[O-],7
4itp_4itp_conf0,4itp_4itp_conf0.mol2,[H]c1c([H])c([H])c(C([H])([H])C(=O)N([H])C([H])([H])c2c([H])c([H])c(S(=O)(=O)N([H])[H])c([H])c2[H])c([H])c1[H],[H]c1c([H])c([H])c(C([H])([H])C(=O)N([H])C([H])([H])c2c([H])c([H])c(S(=O)(=O)N([H])[H])c([H])c2[H])c([H])c1[H],NS(=O)(=O)c1ccc(CNC(=O)Cc2ccccc2)cc1,NS(=O)(=O)c1ccc(CNC(=O)Cc2ccccc2)cc1,037,CHEMBL574783_0,NS(=O)(=O)c1ccc(CNC(=O)Cc2ccccc2)cc1,200
4iue_4iue_conf0,4iue_4iue_conf0.mol2,[H]c1c([H])c([H])c(-c2c([H])c([H])c3c(C([H])([H])[H])c([H])c(=O)n([H])c3c2[H])c(F)c1[H],[H]c1c([H])c([H])c(-c2c([H])c([H])c3c(C([H])([H])[H])c([H])c(=O)n([H])c3c2[H])c(F)c1[H],Cc1cc(=O)[nH]c2cc(-c3ccccc3F)ccc12,Cc1cc(=O)[nH]c2cc(-c3ccccc3F)ccc12,031,CHEMBL2381633_0,Cc1cc(=O)[nH]c2cc(-c3ccccc3F)ccc12,3
4iuo_4iuo_conf0,4iuo_4iuo_conf0.mol2,[H]O[C@]1([H])C([H])([H])[C@](O[H])(C(=O)[O-])C([H])([H])[C@@]([H])(O[H])[C@@]1([H])O[H],[H]OC1([H])C([H])([H])C(O[H])(C(=O)[O-])C([H])([H])C([H])(O[H])C1([H])O[H],O=C([O-])[C@]1(O)C[C@@H](O)[C@@H](O)[C@H](O)C1,O=C([O-])C1(O)CC(O)C(O)C(O)C1,024,CHEMBL444501_0,O=C([O-])[C@]1(O)C[C@@H](O)[C@@H](O)[C@H](O)C1,122
4iwz_4iwz_conf0,4iwz_4iwz_conf0.mol2,[H]c1sc(C([H])([H])C(=O)N([H])c2nnc(S(=O)(=O)N([H])[H])s2)c([H])c1[H],[H]c1sc(C([H])([H])C(=O)N([H])c2nnc(S(=O)(=O)N([H])[H])s2)c([H])c1[H],NS(=O)(=O)c1nnc(NC(=O)Cc2cccs2)s1,NS(=O)(=O)c1nnc(NC(=O)Cc2cccs2)s1,026,CHEMBL574780_0,NS(=O)(=O)c1nnc(NC(=O)Cc2cccs2)s1,152
4j22_4j22_conf0,4j22_4j22_conf0.mol2,[H]c1c([H])c(-c2c([H])c([H])c3c(C([H])([H])[H])c([H])c(=O)n([H])c3c2[H])c(Cl)c([H])c1C(=O)N([H])C([H])([H])C([H])([H])[N+]1([H])C([H])([H])C([H])([H])OC([H])([H])C1([H])[H],[H]c1c([H])c(-c2c([H])c([H])c3c(C([H])([H])[H])c([H])c(=O)n([H])c3c2[H])c(Cl)c([H])c1C(=O)N([H])C([H])([H])C([H])([H])[N+]1([H])C([H])([H])C([H])([H])OC([H])([H])C1([H])[H],Cc1cc(=O)[nH]c2cc(-c3ccc(C(=O)NCC[NH+]4CCOCC4)cc3Cl)ccc12,Cc1cc(=O)[nH]c2cc(-c3ccc(C(=O)NCC[NH+]4CCOCC4)cc3Cl)ccc12,055,CHEMBL2381638_0,Cc1cc(=O)[nH]c2cc(-c3ccc(C(=O)NCC[NH+]4CCOCC4)cc3Cl)ccc12,112
4jh0_4jh0_conf0,4jh0_4jh0_conf0.mol2,[H]c1c([H])c(-c2c3c(nc(C([H])([H])[H])c2C([H])([H])[N+]([H])([H])[H])C([H])([H])N(C([H])([H])C(=O)N(C([H])([H])[H])C([H])([H])[H])C3=O)c(Cl)c([H])c1Cl,[H]c1c([H])c(-c2c3c(nc(C([H])([H])[H])c2C([H])([H])[N+]([H])([H])[H])C([H])([H])N(C([H])([H])C(=O)N(C([H])([H])[H])C([H])([H])[H])C3=O)c(Cl)c([H])c1Cl,Cc1nc2c(c(-c3ccc(Cl)cc3Cl)c1C[NH3+])C(=O)N(CC(=O)N(C)C)C2,Cc1nc2c(c(-c3ccc(Cl)cc3Cl)c1C[NH3+])C(=O)N(CC(=O)N(C)C)C2,048,CHEMBL2441952_0,Cc1nc2c(c(-c3ccc(Cl)cc3Cl)c1C[NH3+])C(=O)N(CC(=O)N(C)C)C2,33
4jkw_4jkw_conf0,4jkw_4jkw_conf0.mol2,[H]C([H])=C(C([H])([H])[H])C([H])([H])C([H])([H])O[P@](=O)([O-])OP(=O)([O-])[O-],[H]C([H])=C(C([H])([H])[H])C([H])([H])C([H])([H])OP(=O)([O-])OP(=O)([O-])[O-],C=C(C)CCO[P@](=O)([O-])OP(=O)([O-])[O-],C=C(C)CCOP(=O)([O-])OP(=O)([O-])[O-],023,CHEMBL356362_0,C=C(C)CCO[P@](=O)([O-])OP(=O)([O-])[O-],180
4jn2_4jn2_conf0,4jn2_4jn2_conf0.mol2,[H]c1nc(N(C(=O)c2c([H])c([H])c3c(nc(C([H])([H])N([H])c4c([H])c([H])c(C(N([H])[H])=[N+]([H])[H])c([H])c4[H])n3C([H])([H])[H])c2[H])C([H])([H])C([H])([H])C(=O)[O-])c([H])c([H])c1[H],[H]c1nc(N(C(=O)c2c([H])c([H])c3c(nc(C([H])([H])N([H])c4c([H])c([H])c(C(N([H])[H])=[N+]([H])[H])c([H])c4[H])n3C([H])([H])[H])c2[H])C([H])([H])C([H])([H])C(=O)[O-])c([H])c([H])c1[H],Cn1c(CNc2ccc(C(N)=[NH2+])cc2)nc2cc(C(=O)N(CCC(=O)[O-])c3ccccn3)ccc21,Cn1c(CNc2ccc(C(N)=[NH2+])cc2)nc2cc(C(=O)N(CCC(=O)[O-])c3ccccn3)ccc21,060,CHEMBL48361_0,Cn1c(CNc2ccc(C(N)=[NH2+])cc2)nc2cc(C(=O)N(CCC(=O)[O-])c3ccccn3)ccc21,142
4jsa_4jsa_conf0,4jsa_4jsa_conf0.mol2,[H]c1c([H])c([H])c(S(=O)(=O)N([H])[H])c([H])c1[H],[H]c1c([H])c([H])c(S(=O)(=O)N([H])[H])c([H])c1[H],NS(=O)(=O)c1ccccc1,NS(=O)(=O)c1ccccc1,017,CHEMBL27601_0,NS(=O)(=O)c1ccccc1,2
4jx9_4jx9_conf0,4jx9_4jx9_conf0.mol2,[H]OC([H])([H])[C@@]1([H])O[C@@]([H])(n2c([H])c([H])c(=O)n([H])c2=O)[C@]([H])(O[H])[C@]1([H])O[H],[H]OC([H])([H])C1([H])OC([H])(n2c([H])c([H])c(=O)n([H])c2=O)C([H])(O[H])C1([H])O[H],O=c1ccn([C@@H]2O[C@H](CO)[C@@H](O)[C@H]2O)c(=O)[nH]1,O=c1ccn(C2OC(CO)C(O)C2O)c(=O)[nH]1,029,CHEMBL68846_0,O=c1ccn([C@@H]2O[C@H](CO)[C@@H](O)[C@H]2O)c(=O)[nH]1,1401
4jyt_4jyt_conf0,4jyt_4jyt_conf0.mol2,[H]c1c(Oc2c([H])c([H])c(C(N([H])[H])=[N+]([H])[H])c([H])c2[H])nc(Oc2c([H])c([H])c(C(N([H])[H])=[N+]([H])[H])c([H])c2[H])c(N([H])S(=O)(=O)c2c([H])c([H])c3c([H])c([H])c([H])c([H])c3c2[H])c1[H],[H]c1c(Oc2c([H])c([H])c(C(N([H])[H])=[N+]([H])[H])c([H])c2[H])nc(Oc2c([H])c([H])c(C(N([H])[H])=[N+]([H])[H])c([H])c2[H])c(N([H])S(=O)(=O)c2c([H])c([H])c3c([H])c([H])c([H])c([H])c3c2[H])c1[H],NC(=[NH2+])c1ccc(Oc2ccc(NS(=O)(=O)c3ccc4ccccc4c3)c(Oc3ccc(C(N)=[NH2+])cc3)n2)cc1,NC(=[NH2+])c1ccc(Oc2ccc(NS(=O)(=O)c3ccc4ccccc4c3)c(Oc3ccc(C(N)=[NH2+])cc3)n2)cc1,066,CHEMBL3099812_0,NC(=[NH2+])c1ccc(Oc2ccc(NS(=O)(=O)c3ccc4ccccc4c3)c(Oc3ccc(C(N)=[NH2+])cc3)n2)cc1,91
4jz1_4jz1_conf0,4jz1_4jz1_conf0.mol2,[H]c1c(Oc2c([H])c([H])c(C(N([H])[H])=[N+]([H])[H])c([H])c2[H])nc(Oc2c([H])c([H])c(C(N([H])[H])=[N+]([H])[H])c([H])c2[H])c(N([H])S(=O)(=O)c2c([H])c([H])c(F)c([H])c2[H])c1[H],[H]c1c(Oc2c([H])c([H])c(C(N([H])[H])=[N+]([H])[H])c([H])c2[H])nc(Oc2c([H])c([H])c(C(N([H])[H])=[N+]([H])[H])c([H])c2[H])c(N([H])S(=O)(=O)c2c([H])c([H])c(F)c([H])c2[H])c1[H],NC(=[NH2+])c1ccc(Oc2ccc(NS(=O)(=O)c3ccc(F)cc3)c(Oc3ccc(C(N)=[NH2+])cc3)n2)cc1,NC(=[NH2+])c1ccc(Oc2ccc(NS(=O)(=O)c3ccc(F)cc3)c(Oc3ccc(C(N)=[NH2+])cc3)n2)cc1,060,CHEMBL3099589_0,NC(=[NH2+])c1ccc(Oc2ccc(NS(=O)(=O)c3ccc(F)cc3)c(Oc3ccc(C(N)=[NH2+])cc3)n2)cc1,111
4k0y_4k0y_conf0,4k0y_4k0y_conf0.mol2,[H]Oc1c([H])c(C2([H])C([H])([H])C([H])([H])[N+]([H])([H])C([H])([H])C2([H])[H])nc2c(C(=O)N([H])c3c([H])c([H])c(F)c([H])c3[H])c([H])nn12,[H]Oc1c([H])c(C2([H])C([H])([H])C([H])([H])[N+]([H])([H])C([H])([H])C2([H])[H])nc2c(C(=O)N([H])c3c([H])c([H])c(F)c([H])c3[H])c([H])nn12,O=C(Nc1ccc(F)cc1)c1cnn2c(O)cc(C3CC[NH2+]CC3)nc12,O=C(Nc1ccc(F)cc1)c1cnn2c(O)cc(C3CC[NH2+]CC3)nc12,045,CHEMBL2387466_0,O=C(Nc1ccc(F)cc1)c1cnn2c(O)cc(C3CC[NH2+]CC3)nc12,91
4k3n_4k3n_conf0,4k3n_4k3n_conf0.mol2,[H]c1nn(-c2c([H])c([H])c([C@]([H])([N+]([H])([H])[H])P(=O)([O-])[O-])c([H])c2[H])c([H])c1[H],[H]c1nn(-c2c([H])c([H])c(C([H])([N+]([H])([H])[H])P(=O)([O-])[O-])c([H])c2[H])c([H])c1[H],[NH3+][C@@H](c1ccc(-n2cccn2)cc1)P(=O)([O-])[O-],[NH3+]C(c1ccc(-n2cccn2)cc1)P(=O)([O-])[O-],028,CHEMBL2385859_0,[NH3+][C@@H](c1ccc(-n2cccn2)cc1)P(=O)([O-])[O-],15
4k5p_4k5p_conf0,4k5p_4k5p_conf0.mol2,[H]c1c([H])c([C@]([H])([N+]([H])([H])[H])P(=O)([O-])[O-])c([H])c([H])c1C(N([H])[H])=[N+]([H])[H],[H]c1c([H])c(C([H])([N+]([H])([H])[H])P(=O)([O-])[O-])c([H])c([H])c1C(N([H])[H])=[N+]([H])[H],NC(=[NH2+])c1ccc([C@H]([NH3+])P(=O)([O-])[O-])cc1,NC(=[NH2+])c1ccc(C([NH3+])P(=O)([O-])[O-])cc1,027,CHEMBL2385860_0,NC(=[NH2+])c1ccc([C@H]([NH3+])P(=O)([O-])[O-])cc1,5
4k6i_4k6i_conf0,4k6i_4k6i_conf0.mol2,[H]C([H])=C(c1c([H])c([H])c(C(=O)[O-])c([H])c1[H])c1c([H])c2c(c([H])c1C([H])([H])[H])C(C([H])([H])[H])(C([H])([H])[H])C([H])([H])C([H])([H])C2(C([H])([H])[H])C([H])([H])[H],[H]C([H])=C(c1c([H])c([H])c(C(=O)[O-])c([H])c1[H])c1c([H])c2c(c([H])c1C([H])([H])[H])C(C([H])([H])[H])(C([H])([H])[H])C([H])([H])C([H])([H])C2(C([H])([H])[H])C([H])([H])[H],C=C(c1ccc(C(=O)[O-])cc1)c1cc2c(cc1C)C(C)(C)CCC2(C)C,C=C(c1ccc(C(=O)[O-])cc1)c1cc2c(cc1C)C(C)(C)CCC2(C)C,053,CHEMBL1023_0,C=C(c1ccc(C(=O)[O-])cc1)c1cc2c(cc1C)C(C)(C)CCC2(C)C,22
4k7i_4k7i_conf0,4k7i_4k7i_conf0.mol2,[H]Oc1c([H])c([H])c([H])c([H])c1O[H],[H]Oc1c([H])c([H])c([H])c([H])c1O[H],Oc1ccccc1O,Oc1ccccc1O,014,CHEMBL280998_0,Oc1ccccc1O,3
4k7n_4k7n_conf0,4k7n_4k7n_conf0.mol2,[H]Oc1c([H])c([H])c(C([H])([H])[H])c([H])c1O[H],[H]Oc1c([H])c([H])c(C([H])([H])[H])c([H])c1O[H],Cc1ccc(O)c(O)c1,Cc1ccc(O)c(O)c1,017,CHEMBL158766_0,Cc1ccc(O)c(O)c1,4
4k7o_4k7o_conf0,4k7o_4k7o_conf0.mol2,[H]Oc1c([H])c([H])c(C(C([H])([H])[H])(C([H])([H])[H])C([H])([H])[H])c([H])c1O[H],[H]Oc1c([H])c([H])c(C(C([H])([H])[H])(C([H])([H])[H])C([H])([H])[H])c([H])c1O[H],CC(C)(C)c1ccc(O)c(O)c1,CC(C)(C)c1ccc(O)c(O)c1,026,CHEMBL220845_0,CC(C)(C)c1ccc(O)c(O)c1,9
4k9y_4k9y_conf0,4k9y_4k9y_conf0.mol2,[H]c1nc(N([H])[H])c2nc([H])n(-c3c([H])c([H])c(N([H])C(=O)N([H])c4c([H])c(C(C([H])([H])[H])(C([H])([H])[H])C([H])([H])[H])nn4-c4c([H])c([H])c(C([H])([H])[H])c([H])c4[H])c([H])c3[H])c2n1,[H]c1nc(N([H])[H])c2nc([H])n(-c3c([H])c([H])c(N([H])C(=O)N([H])c4c([H])c(C(C([H])([H])[H])(C([H])([H])[H])C([H])([H])[H])nn4-c4c([H])c([H])c(C([H])([H])[H])c([H])c4[H])c([H])c3[H])c2n1,Cc1ccc(-n2nc(C(C)(C)C)cc2NC(=O)Nc2ccc(-n3cnc4c(N)ncnc43)cc2)cc1,Cc1ccc(-n2nc(C(C)(C)C)cc2NC(=O)Nc2ccc(-n3cnc4c(N)ncnc43)cc2)cc1,063,CHEMBL2425144_0,Cc1ccc(-n2nc(C(C)(C)C)cc2NC(=O)Nc2ccc(-n3cnc4c(N)ncnc43)cc2)cc1,102
4kao_4kao_conf0,4kao_4kao_conf0.mol2,[H]c1nc([H])c(-c2c([H])c([H])c(N([H])C(=O)N([H])c3c([H])c(C(C([H])([H])[H])(C([H])([H])[H])C([H])([H])[H])nn3-c3c([H])c([H])c(C([H])([H])[H])c([H])c3[H])c([H])c2[H])c([H])c1[H],[H]c1nc([H])c(-c2c([H])c([H])c(N([H])C(=O)N([H])c3c([H])c(C(C([H])([H])[H])(C([H])([H])[H])C([H])([H])[H])nn3-c3c([H])c([H])c(C([H])([H])[H])c([H])c3[H])c([H])c2[H])c([H])c1[H],Cc1ccc(-n2nc(C(C)(C)C)cc2NC(=O)Nc2ccc(-c3cccnc3)cc2)cc1,Cc1ccc(-n2nc(C(C)(C)C)cc2NC(=O)Nc2ccc(-c3cccnc3)cc2)cc1,059,CHEMBL2425156_0,Cc1ccc(-n2nc(C(C)(C)C)cc2NC(=O)Nc2ccc(-c3cccnc3)cc2)cc1,160
4kif_4kif_conf0,4kif_4kif_conf0.mol2,[H]c1c([H])c([H])c(C([H])([H])C(=O)C(=O)[O-])c([H])c1[H],[H]c1c([H])c([H])c(C([H])([H])C(=O)C(=O)[O-])c([H])c1[H],O=C([O-])C(=O)Cc1ccccc1,O=C([O-])C(=O)Cc1ccccc1,019,CHEMBL1162488_0,O=C([O-])C(=O)Cc1ccccc1,5
4km0_4km0_conf0,4km0_4km0_conf0.mol2,[H]c1c([H])c(-c2c(N([H])[H])nc(N([H])[H])nc2C([H])([H])C([H])([H])[H])c([H])c([H])c1Cl,[H]c1c([H])c(-c2c(N([H])[H])nc(N([H])[H])nc2C([H])([H])C([H])([H])[H])c([H])c([H])c1Cl,CCc1nc(N)nc(N)c1-c1ccc(Cl)cc1,CCc1nc(N)nc(N)c1-c1ccc(Cl)cc1,030,CHEMBL36_0,CCc1nc(N)nc(N)c1-c1ccc(Cl)cc1,6
4km2_4km2_conf0,4km2_4km2_conf0.mol2,[H]c1nc(N([H])[H])nc(N([H])[H])c1C([H])([H])c1c([H])c(OC([H])([H])[H])c(OC([H])([H])[H])c(OC([H])([H])[H])c1[H],[H]c1nc(N([H])[H])nc(N([H])[H])c1C([H])([H])c1c([H])c(OC([H])([H])[H])c(OC([H])([H])[H])c(OC([H])([H])[H])c1[H],COc1cc(Cc2cnc(N)nc2N)cc(OC)c1OC,COc1cc(Cc2cnc(N)nc2N)cc(OC)c1OC,039,CHEMBL22_0,COc1cc(Cc2cnc(N)nc2N)cc(OC)c1OC,200
4kni_4kni_conf0,4kni_4kni_conf0.mol2,[H]c1c(C([H])([H])[H])nc(SC([H])([H])C(=O)c2c([H])c([H])c(S(=O)(=O)N([H])[H])c(Cl)c2[H])nc1C([H])([H])[H],[H]c1c(C([H])([H])[H])nc(SC([H])([H])C(=O)c2c([H])c([H])c(S(=O)(=O)N([H])[H])c(Cl)c2[H])nc1C([H])([H])[H],Cc1cc(C)nc(SCC(=O)c2ccc(S(N)(=O)=O)c(Cl)c2)n1,Cc1cc(C)nc(SCC(=O)c2ccc(S(N)(=O)=O)c(Cl)c2)n1,037,CHEMBL2443204_0,Cc1cc(C)nc(SCC(=O)c2ccc(S(N)(=O)=O)c(Cl)c2)n1,45
4knj_4knj_conf0,4knj_4knj_conf0.mol2,[H]c1nc(SC([H])([H])C(=O)c2c([H])c([H])c(S(=O)(=O)N([H])[H])c(Cl)c2[H])nc([H])c1[H],[H]c1nc(SC([H])([H])C(=O)c2c([H])c([H])c(S(=O)(=O)N([H])[H])c(Cl)c2[H])nc([H])c1[H],NS(=O)(=O)c1ccc(C(=O)CSc2ncccn2)cc1Cl,NS(=O)(=O)c1ccc(C(=O)CSc2ncccn2)cc1Cl,031,CHEMBL2443188_0,NS(=O)(=O)c1ccc(C(=O)CSc2ncccn2)cc1Cl,35
4knm_4knm_conf0,4knm_4knm_conf0.mol2,[H]c1c(C([H])([H])[H])nc(SC([H])([H])C(=O)c2c([H])c([H])c(S(=O)(=O)N([H])[H])c(Cl)c2[H])nc1C([H])([H])[H],[H]c1c(C([H])([H])[H])nc(SC([H])([H])C(=O)c2c([H])c([H])c(S(=O)(=O)N([H])[H])c(Cl)c2[H])nc1C([H])([H])[H],Cc1cc(C)nc(SCC(=O)c2ccc(S(N)(=O)=O)c(Cl)c2)n1,Cc1cc(C)nc(SCC(=O)c2ccc(S(N)(=O)=O)c(Cl)c2)n1,037,CHEMBL2443204_0,Cc1cc(C)nc(SCC(=O)c2ccc(S(N)(=O)=O)c(Cl)c2)n1,45
4knn_4knn_conf0,4knn_4knn_conf0.mol2,[H]c1nc(SC([H])([H])C(=O)c2c([H])c([H])c(S(=O)(=O)N([H])[H])c(Cl)c2[H])nc([H])c1[H],[H]c1nc(SC([H])([H])C(=O)c2c([H])c([H])c(S(=O)(=O)N([H])[H])c(Cl)c2[H])nc([H])c1[H],NS(=O)(=O)c1ccc(C(=O)CSc2ncccn2)cc1Cl,NS(=O)(=O)c1ccc(C(=O)CSc2ncccn2)cc1Cl,031,CHEMBL2443188_0,NS(=O)(=O)c1ccc(C(=O)CSc2ncccn2)cc1Cl,35
4kp5_4kp5_conf0,4kp5_4kp5_conf0.mol2,[H]c1nc(SC([H])([H])C(=O)c2c([H])c([H])c(S(=O)(=O)N([H])[H])c(Cl)c2[H])nc([H])c1[H],[H]c1nc(SC([H])([H])C(=O)c2c([H])c([H])c(S(=O)(=O)N([H])[H])c(Cl)c2[H])nc([H])c1[H],NS(=O)(=O)c1ccc(C(=O)CSc2ncccn2)cc1Cl,NS(=O)(=O)c1ccc(C(=O)CSc2ncccn2)cc1Cl,031,CHEMBL2443188_0,NS(=O)(=O)c1ccc(C(=O)CSc2ncccn2)cc1Cl,35
4kp8_4kp8_conf0,4kp8_4kp8_conf0.mol2,[H]c1nc(SC([H])([H])C(=O)c2c([H])c([H])c([H])c(S(=O)(=O)N([H])[H])c2[H])nc([H])c1[H],[H]c1nc(SC([H])([H])C(=O)c2c([H])c([H])c([H])c(S(=O)(=O)N([H])[H])c2[H])nc([H])c1[H],NS(=O)(=O)c1cccc(C(=O)CSc2ncccn2)c1,NS(=O)(=O)c1cccc(C(=O)CSc2ncccn2)c1,031,CHEMBL2443189_0,NS(=O)(=O)c1cccc(C(=O)CSc2ncccn2)c1,64
4kwf_4kwf_conf0,4kwf_4kwf_conf0.mol2,[H]c1c([H])c([H])c(C([H])([H])N2C(=O)C(=O)c3c([H])c([H])c([H])c([H])c32)c([H])c1[H],[H]c1c([H])c([H])c(C([H])([H])N2C(=O)C(=O)c3c([H])c([H])c([H])c([H])c32)c([H])c1[H],O=C1C(=O)N(Cc2ccccc2)c2ccccc21,O=C1C(=O)N(Cc2ccccc2)c2ccccc21,029,CHEMBL115581_0,O=C1C(=O)N(Cc2ccccc2)c2ccccc21,15
4kwg_4kwg_conf0,4kwg_4kwg_conf0.mol2,[H]c1c(Br)c2c(c([H])c1C([H])([H])[H])C(=O)C(=O)N2[H],[H]c1c(Br)c2c(c([H])c1C([H])([H])[H])C(=O)C(=O)N2[H],Cc1cc(Br)c2c(c1)C(=O)C(=O)N2,Cc1cc(Br)c2c(c1)C(=O)C(=O)N2,019,CHEMBL3128208_0,Cc1cc(Br)c2c(c1)C(=O)C(=O)N2,1
4kyh_4kyh_conf0,4kyh_4kyh_conf0.mol2,[H]c1c(C(F)(F)F)c([H])c2nc(C([H])([H])n3nc(C([H])([H])C(=O)[O-])c4c([H])c([H])c([H])c([H])c4c3=O)sc2c1[H],[H]c1c(C(F)(F)F)c([H])c2nc(C([H])([H])n3nc(C([H])([H])C(=O)[O-])c4c([H])c([H])c([H])c([H])c4c3=O)sc2c1[H],O=C([O-])Cc1nn(Cc2nc3cc(C(F)(F)F)ccc3s2)c(=O)c2ccccc12,O=C([O-])Cc1nn(Cc2nc3cc(C(F)(F)F)ccc3s2)c(=O)c2ccccc12,040,CHEMBL10372_0,O=C([O-])Cc1nn(Cc2nc3cc(C(F)(F)F)ccc3s2)c(=O)c2ccccc12,76
4kyk_4kyk_conf0,4kyk_4kyk_conf0.mol2,[H]c1c([H])c(C(=O)n2c(C([H])([H])[H])c(C([H])([H])C(=O)[O-])c3c([H])c(OC([H])([H])[H])c([H])c([H])c32)c([H])c([H])c1Cl,[H]c1c([H])c(C(=O)n2c(C([H])([H])[H])c(C([H])([H])C(=O)[O-])c3c([H])c(OC([H])([H])[H])c([H])c([H])c32)c([H])c([H])c1Cl,COc1ccc2c(c1)c(CC(=O)[O-])c(C)n2C(=O)c1ccc(Cl)cc1,COc1ccc2c(c1)c(CC(=O)[O-])c(C)n2C(=O)c1ccc(Cl)cc1,040,CHEMBL4590319_0,COc1ccc2c(c1)c(CC(=O)[O-])c(C)n2C(=O)c1ccc(Cl)cc1,11
4l2l_4l2l_conf0,4l2l_4l2l_conf0.mol2,[H]c1sc(N([H])[H])nc1-c1c([H])c([H])c(C([H])([H])c2c([H])c([H])c([H])c([H])c2[H])c([H])c1[H],[H]c1sc(N([H])[H])nc1-c1c([H])c([H])c(C([H])([H])c2c([H])c([H])c([H])c([H])c2[H])c([H])c1[H],Nc1nc(-c2ccc(Cc3ccccc3)cc2)cs1,Nc1nc(-c2ccc(Cc3ccccc3)cc2)cs1,033,CHEMBL3883608_0,Nc1nc(-c2ccc(Cc3ccccc3)cc2)cs1,23
4lko_4lko_conf0,4lko_4lko_conf0.mol2,[H]c1c([H])c(-c2c3c(nc(C([H])([H])[H])c2C([H])([H])[N+]([H])([H])[H])C([H])([H])N(C([H])([H])C([H])([H])OC([H])([H])[H])C3=O)c(Cl)c([H])c1Cl,[H]c1c([H])c(-c2c3c(nc(C([H])([H])[H])c2C([H])([H])[N+]([H])([H])[H])C([H])([H])N(C([H])([H])C([H])([H])OC([H])([H])[H])C3=O)c(Cl)c([H])c1Cl,COCCN1Cc2nc(C)c(C[NH3+])c(-c3ccc(Cl)cc3Cl)c2C1=O,COCCN1Cc2nc(C)c(C[NH3+])c(-c3ccc(Cl)cc3Cl)c2C1=O,045,CHEMBL2441836_0,COCCN1Cc2nc(C)c(C[NH3+])c(-c3ccc(Cl)cc3Cl)c2C1=O,36
4llj_4llj_conf0,4llj_4llj_conf0.mol2,[H]c1c([H])c([H])c2c(N([H])[H])n([H])c(N([H])[H])c2c1[H],[H]c1c([H])c([H])c2c(N([H])[H])n([H])c(N([H])[H])c2c1[H],Nc1[nH]c(N)c2ccccc12,Nc1[nH]c(N)c2ccccc12,020,CHEMBL4466464_0,Nc1[nH]c(N)c2ccccc12,1
4llp_4llp_conf0,4llp_4llp_conf0.mol2,[H]Oc1c([H])c([H])c(N([H])[H])c([H])c1C([H])([H])[H],[H]Oc1c([H])c([H])c(N([H])[H])c([H])c1C([H])([H])[H],Cc1cc(N)ccc1O,Cc1cc(N)ccc1O,018,CHEMBL3092391_0,Cc1cc(N)ccc1O,2
4lm2_4lm2_conf0,4lm2_4lm2_conf0.mol2,[H]OC([H])([H])c1c([H])c([H])c2c(c1[H])OC([H])([H])C([H])([H])O2,[H]OC([H])([H])c1c([H])c([H])c2c(c1[H])OC([H])([H])C([H])([H])O2,OCc1ccc2c(c1)OCCO2,OCc1ccc2c(c1)OCCO2,022,CHEMBL4582404_0,OCc1ccc2c(c1)OCCO2,17
4lm3_4lm3_conf0,4lm3_4lm3_conf0.mol2,[H]c1c([H])c(C(=O)C([H])([H])[H])c([H])c2c1OC([H])([H])C([H])([H])O2,[H]c1c([H])c(C(=O)C([H])([H])[H])c([H])c2c1OC([H])([H])C([H])([H])O2,CC(=O)c1ccc2c(c1)OCCO2,CC(=O)c1ccc2c(c1)OCCO2,023,CHEMBL4557075_0,CC(=O)c1ccc2c(c1)OCCO2,2
4loo_4loo_conf0,4loo_4loo_conf0.mol2,[H]c1nc(N([H])[H])nc(-c2c(-c3c([H])c([H])c(F)c([H])c3[H])nc([H])n2C2([H])C([H])([H])C([H])([H])[N+]([H])([H])C([H])([H])C2([H])[H])c1[H],[H]c1nc(N([H])[H])nc(-c2c(-c3c([H])c([H])c(F)c([H])c3[H])nc([H])n2C2([H])C([H])([H])C([H])([H])[N+]([H])([H])C([H])([H])C2([H])[H])c1[H],Nc1nccc(-c2c(-c3ccc(F)cc3)ncn2C2CC[NH2+]CC2)n1,Nc1nccc(-c2c(-c3ccc(F)cc3)ncn2C2CC[NH2+]CC2)n1,045,CHEMBL274064_0,Nc1nccc(-c2c(-c3ccc(F)cc3)ncn2C2CC[NH2+]CC2)n1,86
4lrr_4lrr_conf0,4lrr_4lrr_conf0.mol2,[H]c1c([H])c([N+](=O)[O-])c([H])c([H])c1C(=O)Oc1c([H])c([H])c2c3c(c([H])c([H])c([H])c13)C(=O)O2,[H]c1c([H])c([N+](=O)[O-])c([H])c([H])c1C(=O)Oc1c([H])c([H])c2c3c(c([H])c([H])c([H])c13)C(=O)O2,O=C(Oc1ccc2c3c(cccc13)C(=O)O2)c1ccc([N+](=O)[O-])cc1,O=C(Oc1ccc2c3c(cccc13)C(=O)O2)c1ccc([N+](=O)[O-])cc1,034,CHEMBL3088232_0,O=C(Oc1ccc2c3c(cccc13)C(=O)O2)c1ccc([N+](=O)[O-])cc1,5
4luz_4luz_conf0,4luz_4luz_conf0.mol2,[H]c1c(C(=O)[O-])oc(-c2c([H])c([H])c(C([H])([H])Oc3c([H])c([H])c(-c4c([H])c(C(=O)[O-])nn4-c4c([H])c([H])c([H])c(C([H])([H])[H])c4[H])c([H])c3[H])c([H])c2[H])c1[H],[H]c1c(C(=O)[O-])oc(-c2c([H])c([H])c(C([H])([H])Oc3c([H])c([H])c(-c4c([H])c(C(=O)[O-])nn4-c4c([H])c([H])c([H])c(C([H])([H])[H])c4[H])c([H])c3[H])c([H])c2[H])c1[H],Cc1cccc(-n2nc(C(=O)[O-])cc2-c2ccc(OCc3ccc(-c4ccc(C(=O)[O-])o4)cc3)cc2)c1,Cc1cccc(-n2nc(C(=O)[O-])cc2-c2ccc(OCc3ccc(-c4ccc(C(=O)[O-])o4)cc3)cc2)c1,057,CHEMBL3088229_0,Cc1cccc(-n2nc(C(=O)[O-])cc2-c2ccc(OCc3ccc(-c4ccc(C(=O)[O-])o4)cc3)cc2)c1,73
4lxd_4lxd_conf0,4lxd_4lxd_conf0.mol2,[H]c1c([H])c(C2=C(C([H])([H])[N+]3([H])C([H])([H])C([H])([H])N(c4c([H])c([H])c(C(=O)N([H])S(=O)(=O)c5c([H])c([H])c(N([H])C6([H])C([H])([H])C([H])([H])OC([H])([H])C6([H])[H])c([N+](=O)[O-])c5[H])c([H])c4[H])C([H])([H])C3([H])[H])C([H])([H])OC([H])([H])C2([H])[H])c([H])c([H])c1Cl,[H]c1c([H])c(C2=C(C([H])([H])[N+]3([H])C([H])([H])C([H])([H])N(c4c([H])c([H])c(C(=O)N([H])S(=O)(=O)c5c([H])c([H])c(N([H])C6([H])C([H])([H])C([H])([H])OC([H])([H])C6([H])[H])c([N+](=O)[O-])c5[H])c([H])c4[H])C([H])([H])C3([H])[H])C([H])([H])OC([H])([H])C2([H])[H])c([H])c([H])c1Cl,O=C(NS(=O)(=O)c1ccc(NC2CCOCC2)c([N+](=O)[O-])c1)c1ccc(N2CC[NH+](CC3=C(c4ccc(Cl)cc4)CCOC3)CC2)cc1,O=C(NS(=O)(=O)c1ccc(NC2CCOCC2)c([N+](=O)[O-])c1)c1ccc(N2CC[NH+](CC3=C(c4ccc(Cl)cc4)CCOC3)CC2)cc1,087,CHEMBL3794524_0,O=C(NS(=O)(=O)c1ccc(NC2CCOCC2)c([N+](=O)[O-])c1)c1ccc(N2CC[NH+](CC3=C(c4ccc(Cl)cc4)CCOC3)CC2)cc1,198
4lxz_4lxz_conf0,4lxz_4lxz_conf0.mol2,[H]ON([H])C(=O)C([H])([H])C([H])([H])C([H])([H])C([H])([H])C([H])([H])C([H])([H])C(=O)N([H])c1c([H])c([H])c([H])c([H])c1[H],[H]ON([H])C(=O)C([H])([H])C([H])([H])C([H])([H])C([H])([H])C([H])([H])C([H])([H])C(=O)N([H])c1c([H])c([H])c([H])c([H])c1[H],O=C(CCCCCCC(=O)Nc1ccccc1)NO,O=C(CCCCCCC(=O)Nc1ccccc1)NO,039,CHEMBL98_0,O=C(CCCCCCC(=O)Nc1ccccc1)NO,200
4ly1_4ly1_conf0,4ly1_4ly1_conf0.mol2,[H]c1sc(-c2c([H])c([H])c(N([H])[H])c(N([H])C(=O)c3c([H])c([H])c(N([H])C(=O)C([H])([H])[H])c([H])c3[H])c2[H])c([H])c1[H],[H]c1sc(-c2c([H])c([H])c(N([H])[H])c(N([H])C(=O)c3c([H])c([H])c(N([H])C(=O)C([H])([H])[H])c([H])c3[H])c2[H])c([H])c1[H],CC(=O)Nc1ccc(C(=O)Nc2cc(-c3cccs3)ccc2N)cc1,CC(=O)Nc1ccc(C(=O)Nc2cc(-c3cccs3)ccc2N)cc1,042,CHEMBL235842_0,CC(=O)Nc1ccc(C(=O)Nc2cc(-c3cccs3)ccc2N)cc1,128
4lyw_4lyw_conf0,4lyw_4lyw_conf0.mol2,[H]Oc1c([H])c([H])c(S(=O)(=O)N(C([H])([H])C([H])([H])[H])C([H])([H])C([H])([H])[H])c([H])c1N([H])C(=O)c1c(C([H])([H])C([H])([H])[H])c(C(=O)C([H])([H])[H])c(C([H])([H])[H])n1[H],[H]Oc1c([H])c([H])c(S(=O)(=O)N(C([H])([H])C([H])([H])[H])C([H])([H])C([H])([H])[H])c([H])c1N([H])C(=O)c1c(C([H])([H])C([H])([H])[H])c(C(=O)C([H])([H])[H])c(C([H])([H])[H])n1[H],CCc1c(C(=O)Nc2cc(S(=O)(=O)N(CC)CC)ccc2O)[nH]c(C)c1C(C)=O,CCc1c(C(=O)Nc2cc(S(=O)(=O)N(CC)CC)ccc2O)[nH]c(C)c1C(C)=O,056,CHEMBL3787231_1,CCc1c(C(=O)Nc2cc(S(=O)(=O)N(CC)CC)ccc2O)[nH]c(C)c1C(C)=O,159
4lzr_4lzr_conf0,4lzr_4lzr_conf0.mol2,[H]c1c([H])c(OC([H])([H])[H])c(=O)c([H])c2c1-c1c(OC([H])([H])[H])c(OC([H])([H])[H])c(OC([H])([H])[H])c([H])c1C([H])([H])C([H])([H])[C@]2([H])N([H])C(=O)C([H])([H])[H],[H]c1c([H])c(OC([H])([H])[H])c(=O)c([H])c2c1-c1c(OC([H])([H])[H])c(OC([H])([H])[H])c(OC([H])([H])[H])c([H])c1C([H])([H])C([H])([H])C2([H])N([H])C(=O)C([H])([H])[H],COc1cc2c(c(OC)c1OC)-c1ccc(OC)c(=O)cc1[C@@H](NC(C)=O)CC2,COc1cc2c(c(OC)c1OC)-c1ccc(OC)c(=O)cc1C(NC(C)=O)CC2,054,CHEMBL87_0,COc1cc2c(c(OC)c1OC)-c1ccc(OC)c(=O)cc1[C@@H](NC(C)=O)CC2,128
4m0r_4m0r_conf0,4m0r_4m0r_conf0.mol2,[H]c1c([H])c([H])c(N([H])c2c([H])c([H])c([H])c(N([H])c3c([H])c([H])c([H])c([H])c3C(=O)[O-])c2C(=O)[O-])c(C(=O)[O-])c1[H],[H]c1c([H])c([H])c(N([H])c2c([H])c([H])c([H])c(N([H])c3c([H])c([H])c([H])c([H])c3C(=O)[O-])c2C(=O)[O-])c(C(=O)[O-])c1[H],O=C([O-])c1ccccc1Nc1cccc(Nc2ccccc2C(=O)[O-])c1C(=O)[O-],O=C([O-])c1ccccc1Nc1cccc(Nc2ccccc2C(=O)[O-])c1C(=O)[O-],042,CHEMBL4449602_0,O=C([O-])c1ccccc1Nc1cccc(Nc2ccccc2C(=O)[O-])c1C(=O)[O-],15
4m14_4m14_conf0,4m14_4m14_conf0.mol2,[H]c1c([H])c(-n2nc(C(=O)N([H])[H])c(N([H])C(=O)N([H])[H])c2[H])c2c([H])c(OC([H])(C([H])([H])[H])C([H])([H])[H])c([H])c([H])c2c1[H],[H]c1c([H])c(-n2nc(C(=O)N([H])[H])c(N([H])C(=O)N([H])[H])c2[H])c2c([H])c(OC([H])(C([H])([H])[H])C([H])([H])[H])c([H])c([H])c2c1[H],CC(C)Oc1ccc2cccc(-n3cc(NC(N)=O)c(C(N)=O)n3)c2c1,CC(C)Oc1ccc2cccc(-n3cc(NC(N)=O)c(C(N)=O)n3)c2c1,045,CHEMBL5169921_0,CC(C)Oc1ccc2cccc(-n3cc(NC(N)=O)c(C(N)=O)n3)c2c1,34
4m2r_4m2r_conf0,4m2r_4m2r_conf0.mol2,[H]c1c(S(=O)(=O)N([H])[H])sc2c1[C@@]([H])([N+]([H])([H])C([H])([H])C([H])([H])[H])C([H])([H])N(C([H])([H])C([H])([H])C([H])([H])OC([H])([H])[H])S2(=O)=O,[H]c1c(S(=O)(=O)N([H])[H])sc2c1C([H])([N+]([H])([H])C([H])([H])C([H])([H])[H])C([H])([H])N(C([H])([H])C([H])([H])C([H])([H])OC([H])([H])[H])S2(=O)=O,CC[NH2+][C@H]1CN(CCCOC)S(=O)(=O)c2sc(S(N)(=O)=O)cc21,CC[NH2+]C1CN(CCCOC)S(=O)(=O)c2sc(S(N)(=O)=O)cc21,045,CHEMBL6750_0,CC[NH2+][C@H]1CN(CCCOC)S(=O)(=O)c2sc(S(N)(=O)=O)cc21,122
4m2v_4m2v_conf0,4m2v_4m2v_conf0.mol2,[H]c1c(S(=O)(=O)N([H])[H])sc2c1[C@@]([H])([N+]([H])([H])C([H])([H])C([H])([H])[H])C([H])([H])N(C([H])([H])C([H])([H])C([H])([H])OC([H])([H])[H])S2(=O)=O,[H]c1c(S(=O)(=O)N([H])[H])sc2c1C([H])([N+]([H])([H])C([H])([H])C([H])([H])[H])C([H])([H])N(C([H])([H])C([H])([H])C([H])([H])OC([H])([H])[H])S2(=O)=O,CC[NH2+][C@H]1CN(CCCOC)S(=O)(=O)c2sc(S(N)(=O)=O)cc21,CC[NH2+]C1CN(CCCOC)S(=O)(=O)c2sc(S(N)(=O)=O)cc21,045,CHEMBL6750_0,CC[NH2+][C@H]1CN(CCCOC)S(=O)(=O)c2sc(S(N)(=O)=O)cc21,122
4m6u_4m6u_conf0,4m6u_4m6u_conf0.mol2,[H]OC([H])(C(=O)[O-])C(=O)[O-],[H]OC([H])(C(=O)[O-])C(=O)[O-],O=C([O-])C(O)C(=O)[O-],O=C([O-])C(O)C(=O)[O-],010,CHEMBL1794676_0,O=C([O-])C(O)C(=O)[O-],2
4m8e_4m8e_conf0,4m8e_4m8e_conf0.mol2,[H]C(=C(/C([H])=C1/c2c([H])c([H])c([H])c([H])c2[C@@]([H])(C([H])([H])[H])C([H])([H])C1([H])[H])C([H])([H])[H])/C([H])=C([H])/C(=C(\[H])C(=O)[O-])C([H])([H])[H],[H]C(=C([H])C(=C([H])C(=O)[O-])C([H])([H])[H])C([H])=C(C([H])=C1c2c([H])c([H])c([H])c([H])c2C([H])(C([H])([H])[H])C([H])([H])C1([H])[H])C([H])([H])[H],CC(=C/C=C/C(C)=C/C(=O)[O-])/C=C1\CC[C@H](C)c2ccccc21,CC(=CC=CC(C)=CC(=O)[O-])C=C1CCC(C)c2ccccc21,046,CHEMBL3098772_0,CC(=C/C=C/C(C)=C/C(=O)[O-])/C=C1\CC[C@H](C)c2ccccc21,16
4mmm_4mmm_conf0,4mmm_4mmm_conf0.mol2,[H]Oc1c([H])c([H])c(-c2c([H])c([H])c([H])c([H])c2[H])c([H])c1O[H],[H]Oc1c([H])c([H])c(-c2c([H])c([H])c([H])c([H])c2[H])c([H])c1O[H],Oc1ccc(-c2ccccc2)cc1O,Oc1ccc(-c2ccccc2)cc1O,024,CHEMBL475398_0,Oc1ccc(-c2ccccc2)cc1O,8
4mo8_4mo8_conf0,4mo8_4mo8_conf0.mol2,[H]c1nc(C([H])([H])[H])n(C([H])([H])C([H])([H])N([H])S(=O)(=O)N([H])[H])c1[N+](=O)[O-],[H]c1nc(C([H])([H])[H])n(C([H])([H])C([H])([H])N([H])S(=O)(=O)N([H])[H])c1[N+](=O)[O-],Cc1ncc([N+](=O)[O-])n1CCNS(N)(=O)=O,Cc1ncc([N+](=O)[O-])n1CCNS(N)(=O)=O,027,CHEMBL3087323_0,Cc1ncc([N+](=O)[O-])n1CCNS(N)(=O)=O,73
4mr3_4mr3_conf0,4mr3_4mr3_conf0.mol2,[H]Oc1c(C([H])([H])[H])c([H])c(-c2nc3c([H])c(OC([H])([H])[H])c([H])c(OC([H])([H])[H])c3c(=O)n2[H])c([H])c1C([H])([H])[H],[H]Oc1c(C([H])([H])[H])c([H])c(-c2nc3c([H])c(OC([H])([H])[H])c([H])c(OC([H])([H])[H])c3c(=O)n2[H])c([H])c1C([H])([H])[H],COc1cc(OC)c2c(=O)[nH]c(-c3cc(C)c(O)c(C)c3)nc2c1,COc1cc(OC)c2c(=O)[nH]c(-c3cc(C)c(O)c(C)c3)nc2c1,042,CHEMBL4073612_0,COc1cc(OC)c2c(=O)[nH]c(-c3cc(C)c(O)c(C)c3)nc2c1,14
4mr6_4mr6_conf0,4mr6_4mr6_conf0.mol2,[H]OC([H])([H])C([H])([H])Oc1c(C([H])([H])[H])c([H])c(-c2nc3c([H])c(OC([H])([H])[H])c([H])c(OC([H])([H])[H])c3c(=O)n2[H])c([H])c1C([H])([H])[H],[H]OC([H])([H])C([H])([H])Oc1c(C([H])([H])[H])c([H])c(-c2nc3c([H])c(OC([H])([H])[H])c([H])c(OC([H])([H])[H])c3c(=O)n2[H])c([H])c1C([H])([H])[H],COc1cc(OC)c2c(=O)[nH]c(-c3cc(C)c(OCCO)c(C)c3)nc2c1,COc1cc(OC)c2c(=O)[nH]c(-c3cc(C)c(OCCO)c(C)c3)nc2c1,049,CHEMBL2393130_0,COc1cc(OC)c2c(=O)[nH]c(-c3cc(C)c(OCCO)c(C)c3)nc2c1,94
4mre_4mre_conf0,4mre_4mre_conf0.mol2,[H]c1c([H])c(N([H])[H])c(N([H])[H])c(C([H])([H])[H])c1[H],[H]c1c([H])c(N([H])[H])c(N([H])[H])c(C([H])([H])[H])c1[H],Cc1cccc(N)c1N,Cc1cccc(N)c1N,019,CHEMBL3183504_0,Cc1cccc(N)c1N,1
4mrg_4mrg_conf0,4mrg_4mrg_conf0.mol2,[H]c1c([H])c(N([H])[H])c2c(c1[H])C([H])([H])[N+]([H])([H])C([H])([H])C2([H])[H],[H]c1c([H])c(N([H])[H])c2c(c1[H])C([H])([H])[N+]([H])([H])C([H])([H])C2([H])[H],Nc1cccc2c1CC[NH2+]C2,Nc1cccc2c1CC[NH2+]C2,024,CHEMBL3237624_0,Nc1cccc2c1CC[NH2+]C2,1
4mrw_4mrw_conf0,4mrw_4mrw_conf0.mol2,[H]Oc1c([H])c([H])nc2c([H])c(Cl)c([H])c([H])c12,[H]Oc1c([H])c([H])nc2c([H])c(Cl)c([H])c([H])c12,Oc1ccnc2cc(Cl)ccc12,Oc1ccnc2cc(Cl)ccc12,018,CHEMBL1409793_0,Oc1ccnc2cc(Cl)ccc12,2
4mrz_4mrz_conf0,4mrz_4mrz_conf0.mol2,[H]c1nc(N([H])[H])c([N+](=O)[O-])c(C([H])([H])[H])c1[H],[H]c1nc(N([H])[H])c([N+](=O)[O-])c(C([H])([H])[H])c1[H],Cc1ccnc(N)c1[N+](=O)[O-],Cc1ccnc(N)c1[N+](=O)[O-],018,CHEMBL3981727_0,Cc1ccnc(N)c1[N+](=O)[O-],1
4msc_4msc_conf0,4msc_4msc_conf0.mol2,[H]c1nc2c([H])c(OC([H])([H])c3nc4c([H])c([H])c([H])c([H])c4c([H])c3[H])c([H])c([H])c2c([H])c1[H],[H]c1nc2c([H])c(OC([H])([H])c3nc4c([H])c([H])c([H])c([H])c4c([H])c3[H])c([H])c([H])c2c([H])c1[H],c1cnc2cc(OCc3ccc4ccccc4n3)ccc2c1,c1cnc2cc(OCc3ccc4ccccc4n3)ccc2c1,036,CHEMBL4583461_0,c1cnc2cc(OCc3ccc4ccccc4n3)ccc2c1,20
4msn_4msn_conf0,4msn_4msn_conf0.mol2,[H]c1nc2c([N+](=O)[O-])c([H])c([H])c([H])c2c([H])c1[H],[H]c1nc2c([N+](=O)[O-])c([H])c([H])c([H])c2c([H])c1[H],O=[N+]([O-])c1cccc2cccnc12,O=[N+]([O-])c1cccc2cccnc12,019,CHEMBL167727_0,O=[N+]([O-])c1cccc2cccnc12,2
4n9c_4n9c_conf0,4n9c_4n9c_conf0.mol2,[H]c1c([N+](=O)[O-])c([H])c2nc([H])n([H])c2c1[H],[H]c1c([N+](=O)[O-])c([H])c2nc([H])n([H])c2c1[H],O=[N+]([O-])c1ccc2[nH]cnc2c1,O=[N+]([O-])c1ccc2[nH]cnc2c1,017,CHEMBL164921_0,O=[N+]([O-])c1ccc2[nH]cnc2c1,1
4nbl_4nbl_conf0,4nbl_4nbl_conf0.mol2,[H]Oc1c([H])c(F)c([H])c([H])c1C([H])([H])N([H])c1nc([H])c([H])c([H])c1-c1nc([H])c([H])c([H])n1,[H]Oc1c([H])c(F)c([H])c([H])c1C([H])([H])N([H])c1nc([H])c([H])c([H])c1-c1nc([H])c([H])c([H])n1,Oc1cc(F)ccc1CNc1ncccc1-c1ncccn1,Oc1cc(F)ccc1CNc1ncccc1-c1ncccn1,035,CHEMBL3613794_0,Oc1cc(F)ccc1CNc1ncccc1-c1ncccn1,61
4nl1_4nl1_conf0,4nl1_4nl1_conf0.mol2,[H]c1c([H])c(C([H])([H])[N+]([H])([H])C([H])([H])[H])c([H])c([H])c1C(F)(F)F,[H]c1c([H])c(C([H])([H])[N+]([H])([H])C([H])([H])[H])c([H])c([H])c1C(F)(F)F,C[NH2+]Cc1ccc(C(F)(F)F)cc1,C[NH2+]Cc1ccc(C(F)(F)F)cc1,024,CHEMBL13799_0,C[NH2+]Cc1ccc(C(F)(F)F)cc1,6
4np3_4np3_conf0,4np3_4np3_conf0.mol2,[H]c1c([H])c(N([H])[H])c2c(c1[H])C([H])([H])C([H])([H])[N@+]([H])(C([H])([H])c1c(C([H])([H])[H])nc([H])n1[H])C2([H])[H],[H]c1c([H])c(N([H])[H])c2c(c1[H])C([H])([H])C([H])([H])[N+]([H])(C([H])([H])c1c(C([H])([H])[H])nc([H])n1[H])C2([H])[H],Cc1nc[nH]c1C[N@H+]1CCc2cccc(N)c2C1,Cc1nc[nH]c1C[NH+]1CCc2cccc(N)c2C1,037,CHEMBL3237627_0,Cc1nc[nH]c1C[N@H+]1CCc2cccc(N)c2C1,20
4nuc_4nuc_conf0,4nuc_4nuc_conf0.mol2,[H]Oc1c(C([H])([H])[H])c([H])c(/N=N/c2c([H])c([H])c(S(=O)(=O)N([H])c3nc([H])c([H])c([H])c3[H])c([H])c2[H])c([H])c1C([H])([H])[H],[H]Oc1c(C([H])([H])[H])c([H])c(N=Nc2c([H])c([H])c(S(=O)(=O)N([H])c3nc([H])c([H])c([H])c3[H])c([H])c2[H])c([H])c1C([H])([H])[H],Cc1cc(/N=N/c2ccc(S(=O)(=O)Nc3ccccn3)cc2)cc(C)c1O,Cc1cc(N=Nc2ccc(S(=O)(=O)Nc3ccccn3)cc2)cc(C)c1O,045,CHEMBL3087052_0,Cc1cc(/N=N/c2ccc(S(=O)(=O)Nc3ccccn3)cc2)cc(C)c1O,111
4nvp_4nvp_conf0,4nvp_4nvp_conf0.mol2,[H]O[C@]1([H])[C@]2([H])O[P@@](=O)([O-])OC([H])([H])[C@@]2([H])O[C@@]1([H])n1c([H])c([H])c2c(N([H])[H])nc([H])nc21,[H]OC1([H])C([H])(n2c([H])c([H])c3c(N([H])[H])nc([H])nc32)OC2([H])C([H])([H])OP(=O)([O-])OC21[H],Nc1ncnc2c1ccn2[C@@H]1O[C@@H]2CO[P@](=O)([O-])O[C@H]2[C@H]1O,Nc1ncnc2c1ccn2C1OC2COP(=O)([O-])OC2C1O,034,CHEMBL1965287_0,Nc1ncnc2c1ccn2[C@@H]1O[C@@H]2CO[P@](=O)([O-])O[C@H]2[C@H]1O,200
4o09_4o09_conf0,4o09_4o09_conf0.mol2,[H]c1c(-n2c([H])c(C([H])([H])[H])c3c2C([H])([H])C(C([H])([H])[H])(C([H])([H])[H])C([H])([H])C3=O)c([H])c(C([H])([H])C([H])(C([H])([H])[H])C([H])([H])[H])c2c1C([H])([H])C([H])([H])N([H])C2=O,[H]c1c(-n2c([H])c(C([H])([H])[H])c3c2C([H])([H])C(C([H])([H])[H])(C([H])([H])[H])C([H])([H])C3=O)c([H])c(C([H])([H])C([H])(C([H])([H])[H])C([H])([H])[H])c2c1C([H])([H])C([H])([H])N([H])C2=O,Cc1cn(-c2cc3c(c(CC(C)C)c2)C(=O)NCC3)c2c1C(=O)CC(C)(C)C2,Cc1cn(-c2cc3c(c(CC(C)C)c2)C(=O)NCC3)c2c1C(=O)CC(C)(C)C2,058,CHEMBL3235352_0,Cc1cn(-c2cc3c(c(CC(C)C)c2)C(=O)NCC3)c2c1C(=O)CC(C)(C)C2,82
4o0b_4o0b_conf0,4o0b_4o0b_conf0.mol2,[H]c1c(-n2c([H])c(C([H])([H])[H])c3c2C([H])([H])C(C([H])([H])[H])(C([H])([H])[H])C([H])([H])C3=O)c([H])c(C2([H])C([H])([H])C([H])([H])C([H])([H])C2([H])[H])c2c1C([H])([H])C([H])([H])N([H])C2=O,[H]c1c(-n2c([H])c(C([H])([H])[H])c3c2C([H])([H])C(C([H])([H])[H])(C([H])([H])[H])C([H])([H])C3=O)c([H])c(C2([H])C([H])([H])C([H])([H])C([H])([H])C2([H])[H])c2c1C([H])([H])C([H])([H])N([H])C2=O,Cc1cn(-c2cc3c(c(C4CCCC4)c2)C(=O)NCC3)c2c1C(=O)CC(C)(C)C2,Cc1cn(-c2cc3c(c(C4CCCC4)c2)C(=O)NCC3)c2c1C(=O)CC(C)(C)C2,059,CHEMBL3235353_0,Cc1cn(-c2cc3c(c(C4CCCC4)c2)C(=O)NCC3)c2c1C(=O)CC(C)(C)C2,61
4o0x_4o0x_conf0,4o0x_4o0x_conf0.mol2,[H]OC1(C#Cc2c([H])c([H])c3nc(C([H])([H])[H])n(-c4nc([H])nc(N([H])[H])n4)c3c2[H])C([H])([H])C([H])([H])C([H])([H])C([H])([H])C1([H])[H],[H]OC1(C#Cc2c([H])c([H])c3nc(C([H])([H])[H])n(-c4nc([H])nc(N([H])[H])n4)c3c2[H])C([H])([H])C([H])([H])C([H])([H])C([H])([H])C1([H])[H],Cc1nc2ccc(C#CC3(O)CCCCC3)cc2n1-c1ncnc(N)n1,Cc1nc2ccc(C#CC3(O)CCCCC3)cc2n1-c1ncnc(N)n1,046,CHEMBL3128050_0,Cc1nc2ccc(C#CC3(O)CCCCC3)cc2n1-c1ncnc(N)n1,13
4o0y_4o0y_conf0,4o0y_4o0y_conf0.mol2,[H]OC(C#Cc1c([H])c([H])c2nc(N([H])C([H])([H])C([H])([H])[H])n(-c3nc([H])nc(N([H])[H])n3)c2c1[H])(C([H])([H])[H])C([H])([H])[H],[H]OC(C#Cc1c([H])c([H])c2nc(N([H])C([H])([H])C([H])([H])[H])n(-c3nc([H])nc(N([H])[H])n3)c2c1[H])(C([H])([H])[H])C([H])([H])[H],CCNc1nc2ccc(C#CC(C)(C)O)cc2n1-c1ncnc(N)n1,CCNc1nc2ccc(C#CC(C)(C)O)cc2n1-c1ncnc(N)n1,044,CHEMBL3128055_0,CCNc1nc2ccc(C#CC(C)(C)O)cc2n1-c1ncnc(N)n1,56
4o2b_4o2b_conf0,4o2b_4o2b_conf0.mol2,[H]c1c([H])c(OC([H])([H])[H])c(=O)c([H])c2c1-c1c(OC([H])([H])[H])c(OC([H])([H])[H])c(OC([H])([H])[H])c([H])c1C([H])([H])C([H])([H])[C@]2([H])N([H])C(=O)C([H])([H])[H],[H]c1c([H])c(OC([H])([H])[H])c(=O)c([H])c2c1-c1c(OC([H])([H])[H])c(OC([H])([H])[H])c(OC([H])([H])[H])c([H])c1C([H])([H])C([H])([H])C2([H])N([H])C(=O)C([H])([H])[H],COc1cc2c(c(OC)c1OC)-c1ccc(OC)c(=O)cc1[C@@H](NC(C)=O)CC2,COc1cc2c(c(OC)c1OC)-c1ccc(OC)c(=O)cc1C(NC(C)=O)CC2,054,CHEMBL87_0,COc1cc2c(c(OC)c1OC)-c1ccc(OC)c(=O)cc1[C@@H](NC(C)=O)CC2,128
4o2p_4o2p_conf0,4o2p_4o2p_conf0.mol2,[H]c1c([H])c([H])c(N([H])c2nc(SC([H])([H])C([H])([H])[N+]3([H])C([H])([H])C([H])([H])OC([H])([H])C3([H])[H])nc3c2c([H])nn3C([H])([H])[C@]([H])(Cl)c2c([H])c([H])c([H])c([H])c2[H])c([H])c1[H],[H]c1c([H])c([H])c(N([H])c2nc(SC([H])([H])C([H])([H])[N+]3([H])C([H])([H])C([H])([H])OC([H])([H])C3([H])[H])nc3c2c([H])nn3C([H])([H])C([H])(Cl)c2c([H])c([H])c([H])c([H])c2[H])c([H])c1[H],Cl[C@@H](Cn1ncc2c(Nc3ccccc3)nc(SCC[NH+]3CCOCC3)nc21)c1ccccc1,ClC(Cn1ncc2c(Nc3ccccc3)nc(SCC[NH+]3CCOCC3)nc21)c1ccccc1,062,CHEMBL1775035_0,Cl[C@@H](Cn1ncc2c(Nc3ccccc3)nc(SCC[NH+]3CCOCC3)nc21)c1ccccc1,118
4o3f_4o3f_conf0,4o3f_4o3f_conf0.mol2,[H]c1c(OC([H])([H])[H])c(OC([H])([H])[H])c([H])c2c(N([H])[H])nc(N3C([H])([H])C([H])([H])N(C(=O)[C@]4([H])OC([H])([H])C([H])([H])C4([H])[H])C([H])([H])C3([H])[H])nc12,[H]c1c(OC([H])([H])[H])c(OC([H])([H])[H])c([H])c2c(N([H])[H])nc(N3C([H])([H])C([H])([H])N(C(=O)C4([H])OC([H])([H])C([H])([H])C4([H])[H])C([H])([H])C3([H])[H])nc12,COc1cc2nc(N3CCN(C(=O)[C@H]4CCCO4)CC3)nc(N)c2cc1OC,COc1cc2nc(N3CCN(C(=O)C4CCCO4)CC3)nc(N)c2cc1OC,053,CHEMBL611_0,COc1cc2nc(N3CCN(C(=O)[C@H]4CCCO4)CC3)nc(N)c2cc1OC,157
4o61_4o61_conf0,4o61_4o61_conf0.mol2,[H]OC(C(=O)[O-])(C([H])([H])C(=O)[O-])C([H])([H])C(=O)[O-],[H]OC(C(=O)[O-])(C([H])([H])C(=O)[O-])C([H])([H])C(=O)[O-],O=C([O-])CC(O)(CC(=O)[O-])C(=O)[O-],O=C([O-])CC(O)(CC(=O)[O-])C(=O)[O-],018,CHEMBL4303212_0,O=C([O-])CC(O)(CC(=O)[O-])C(=O)[O-],23
4oak_4oak_conf0,4oak_4oak_conf0.mol2,[H]N(C(=O)[C@@]([H])(C([H])([H])[H])[N+]([H])([H])[H])[C@@]([H])(C(=O)[O-])C([H])([H])[H],[H]N(C(=O)C([H])(C([H])([H])[H])[N+]([H])([H])[H])C([H])(C(=O)[O-])C([H])([H])[H],C[C@@H]([NH3+])C(=O)N[C@H](C)C(=O)[O-],CC([NH3+])C(=O)NC(C)C(=O)[O-],023,CHEMBL17697_0,C[C@@H]([NH3+])C(=O)N[C@H](C)C(=O)[O-],42
4oct_4oct_conf0,4oct_4oct_conf0.mol2,[H]C([H])(C(=O)[O-])C([H])([H])C(=O)C(=O)[O-],[H]C([H])(C(=O)[O-])C([H])([H])C(=O)C(=O)[O-],O=C([O-])CCC(=O)C(=O)[O-],O=C([O-])CCC(=O)C(=O)[O-],014,CHEMBL1686_0,O=C([O-])CCC(=O)C(=O)[O-],34
4oks_4oks_conf0,4oks_4oks_conf0.mol2,[H]c1c([H])c([N+](=O)[O-])c([H])c(C([H])([H])n2c([H])c(C([H])([H])C(=O)[O-])c3c([H])c([H])c(-c4c([H])c(N([H])[H])c([H])c(N([H])[H])c4[H])c([H])c32)c1OC([H])([H])[H],[H]c1c([H])c([N+](=O)[O-])c([H])c(C([H])([H])n2c([H])c(C([H])([H])C(=O)[O-])c3c([H])c([H])c(-c4c([H])c(N([H])[H])c([H])c(N([H])[H])c4[H])c([H])c32)c1OC([H])([H])[H],COc1ccc([N+](=O)[O-])cc1Cn1cc(CC(=O)[O-])c2ccc(-c3cc(N)cc(N)c3)cc21,COc1ccc([N+](=O)[O-])cc1Cn1cc(CC(=O)[O-])c2ccc(-c3cc(N)cc(N)c3)cc21,054,CHEMBL3120370_0,COc1ccc([N+](=O)[O-])cc1Cn1cc(CC(=O)[O-])c2ccc(-c3cc(N)cc(N)c3)cc21,135
4owv_4owv_conf0,4owv_4owv_conf0.mol2,[H]c1c([H])c([H])c(N([H])[H])c(C(=O)[O-])c1[H],[H]c1c([H])c([H])c(N([H])[H])c(C(=O)[O-])c1[H],Nc1ccccc1C(=O)[O-],Nc1ccccc1C(=O)[O-],016,CHEMBL14173_0,Nc1ccccc1C(=O)[O-],2
4p5z_4p5z_conf0,4p5z_4p5z_conf0.mol2,[H]c1c([H])c(N([H])C(=O)N([H])c2c([H])c([H])c(-n3c(N([H])[H])c(C(=O)N([H])[H])c4nc5c([H])c([H])c([H])c([H])c5nc43)c([H])c2[H])c([H])c(C(F)(F)F)c1[H],[H]c1c([H])c(N([H])C(=O)N([H])c2c([H])c([H])c(-n3c(N([H])[H])c(C(=O)N([H])[H])c4nc5c([H])c([H])c([H])c([H])c5nc43)c([H])c2[H])c([H])c(C(F)(F)F)c1[H],NC(=O)c1c(N)n(-c2ccc(NC(=O)Nc3cccc(C(F)(F)F)c3)cc2)c2nc3ccccc3nc12,NC(=O)c1c(N)n(-c2ccc(NC(=O)Nc3cccc(C(F)(F)F)c3)cc2)c2nc3ccccc3nc12,055,CHEMBL3321822_0,NC(=O)c1c(N)n(-c2ccc(NC(=O)Nc3cccc(C(F)(F)F)c3)cc2)c2nc3ccccc3nc12,40
4poh_4poh_conf0,4poh_4poh_conf0.mol2,[H]C(=C(/C([H])=C1/c2c(C([H])([H])[H])c([H])c([H])c([H])c2C([H])([H])C([H])([H])C1([H])[H])C([H])([H])[H])/C([H])=C([H])/C(=C(\[H])C(=O)[O-])C([H])([H])[H],[H]C(=C([H])C(=C([H])C(=O)[O-])C([H])([H])[H])C([H])=C(C([H])=C1c2c(C([H])([H])[H])c([H])c([H])c([H])c2C([H])([H])C([H])([H])C1([H])[H])C([H])([H])[H],CC(=C/C=C/C(C)=C/C(=O)[O-])/C=C1\CCCc2cccc(C)c21,CC(=CC=CC(C)=CC(=O)[O-])C=C1CCCc2cccc(C)c21,046,CHEMBL3289660_0,CC(=C/C=C/C(C)=C/C(=O)[O-])/C=C1\CCCc2cccc(C)c21,7
4pop_4pop_conf0,4pop_4pop_conf0.mol2,[H]OC([H])([H])c1sc([H])c(C([H])([H])c2c([H])nc(C([H])([H])[H])nc2N([H])[H])c1C([H])([H])[H],[H]OC([H])([H])c1sc([H])c(C([H])([H])c2c([H])nc(C([H])([H])[H])nc2N([H])[H])c1C([H])([H])[H],Cc1ncc(Cc2csc(CO)c2C)c(N)n1,Cc1ncc(Cc2csc(CO)c2C)c(N)n1,032,CHEMBL4291753_0,Cc1ncc(Cc2csc(CO)c2C)c(N)n1,76
4pp3_4pp3_conf0,4pp3_4pp3_conf0.mol2,[H]C(=C(/C([H])=C1/c2c([H])c([H])c(C([H])([H])[H])c([H])c2C([H])([H])C([H])([H])C1([H])[H])C([H])([H])[H])/C([H])=C([H])/C(=C(\[H])C(=O)[O-])C([H])([H])[H],[H]C(=C([H])C(=C([H])C(=O)[O-])C([H])([H])[H])C([H])=C(C([H])=C1c2c([H])c([H])c(C([H])([H])[H])c([H])c2C([H])([H])C([H])([H])C1([H])[H])C([H])([H])[H],CC(=C/C=C/C(C)=C/C(=O)[O-])/C=C1\CCCc2cc(C)ccc21,CC(=CC=CC(C)=CC(=O)[O-])C=C1CCCc2cc(C)ccc21,046,CHEMBL3289658_0,CC(=C/C=C/C(C)=C/C(=O)[O-])/C=C1\CCCc2cc(C)ccc21,10
4pp5_4pp5_conf0,4pp5_4pp5_conf0.mol2,[H]C(=C(/C([H])=C1/c2c([H])c([H])c([H])c(C([H])([H])[H])c2C([H])([H])C([H])([H])C1([H])[H])C([H])([H])[H])/C([H])=C([H])/C(=C(\[H])C(=O)[O-])C([H])([H])[H],[H]C(=C([H])C(=C([H])C(=O)[O-])C([H])([H])[H])C([H])=C(C([H])=C1c2c([H])c([H])c([H])c(C([H])([H])[H])c2C([H])([H])C([H])([H])C1([H])[H])C([H])([H])[H],CC(=C/C=C/C(C)=C/C(=O)[O-])/C=C1\CCCc2c(C)cccc21,CC(=CC=CC(C)=CC(=O)[O-])C=C1CCCc2c(C)cccc21,046,CHEMBL3289657_0,CC(=C/C=C/C(C)=C/C(=O)[O-])/C=C1\CCCc2c(C)cccc21,8
4pvy_4pvy_conf0,4pvy_4pvy_conf0.mol2,[H]c1nc([H])c(N([H])C([H])(P(=O)([O-])[O-])P(=O)([O-])[O-])c([H])c1-c1c([H])c([H])c(OC([H])(C([H])([H])[H])C([H])([H])[H])c([H])c1[H],[H]c1nc([H])c(N([H])C([H])(P(=O)([O-])[O-])P(=O)([O-])[O-])c([H])c1-c1c([H])c([H])c(OC([H])(C([H])([H])[H])C([H])([H])[H])c([H])c1[H],CC(C)Oc1ccc(-c2cncc(NC(P(=O)([O-])[O-])P(=O)([O-])[O-])c2)cc1,CC(C)Oc1ccc(-c2cncc(NC(P(=O)([O-])[O-])P(=O)([O-])[O-])c2)cc1,042,CHEMBL2088338_0,CC(C)Oc1ccc(-c2cncc(NC(P(=O)([O-])[O-])P(=O)([O-])[O-])c2)cc1,28
4q08_4q08_conf0,4q08_4q08_conf0.mol2,[H]OC([H])([H])C([H])([H])Sc1c(F)c(F)c(S(=O)(=O)N([H])[H])c(N([H])C2([H])C([H])([H])C([H])([H])C([H])([H])C([H])([H])C([H])([H])C([H])([H])C2([H])[H])c1F,[H]OC([H])([H])C([H])([H])Sc1c(F)c(F)c(S(=O)(=O)N([H])[H])c(N([H])C2([H])C([H])([H])C([H])([H])C([H])([H])C([H])([H])C([H])([H])C([H])([H])C2([H])[H])c1F,NS(=O)(=O)c1c(F)c(F)c(SCCO)c(F)c1NC1CCCCCCC1,NS(=O)(=O)c1c(F)c(F)c(SCCO)c(F)c1NC1CCCCCCC1,049,CHEMBL3359179_0,NS(=O)(=O)c1c(F)c(F)c(SCCO)c(F)c1NC1CCCCCCC1,143
4q09_4q09_conf0,4q09_4q09_conf0.mol2,[H]OC([H])([H])C([H])([H])S(=O)(=O)c1c(F)c(F)c(S(=O)(=O)N([H])[H])c(F)c1N([H])C1([H])C([H])([H])C([H])([H])C([H])([H])C([H])([H])C([H])([H])C([H])([H])C1([H])[H],[H]OC([H])([H])C([H])([H])S(=O)(=O)c1c(F)c(F)c(S(=O)(=O)N([H])[H])c(F)c1N([H])C1([H])C([H])([H])C([H])([H])C([H])([H])C([H])([H])C([H])([H])C([H])([H])C1([H])[H],NS(=O)(=O)c1c(F)c(F)c(S(=O)(=O)CCO)c(NC2CCCCCCC2)c1F,NS(=O)(=O)c1c(F)c(F)c(S(=O)(=O)CCO)c(NC2CCCCCCC2)c1F,051,CHEMBL3359181_0,NS(=O)(=O)c1c(F)c(F)c(S(=O)(=O)CCO)c(NC2CCCCCCC2)c1F,174
4q19_4q19_conf0,4q19_4q19_conf0.mol2,[H]Oc1c([H])c(-c2nc(C([H])([H])Sc3nc(N([H])[H])c([H])c(N([H])[H])n3)c(C([H])([H])C([H])([H])C([H])([H])[H])s2)c([H])c([H])c1OC([H])([H])[H],[H]Oc1c([H])c(-c2nc(C([H])([H])Sc3nc(N([H])[H])c([H])c(N([H])[H])n3)c(C([H])([H])C([H])([H])C([H])([H])[H])s2)c([H])c([H])c1OC([H])([H])[H],CCCc1sc(-c2ccc(OC)c(O)c2)nc1CSc1nc(N)cc(N)n1,CCCc1sc(-c2ccc(OC)c(O)c2)nc1CSc1nc(N)cc(N)n1,048,CHEMBL2426568_0,CCCc1sc(-c2ccc(OC)c(O)c2)nc1CSc1nc(N)cc(N)n1,70
4q7p_4q7p_conf0,4q7p_4q7p_conf0.mol2,[H]On1c([H])c([H])c([H])c(C([H])([H])[H])c1=S,[H]On1c([H])c([H])c([H])c(C([H])([H])[H])c1=S,Cc1cccn(O)c1=S,Cc1cccn(O)c1=S,016,CHEMBL3326429_1,Cc1cccn(O)c1=S,1
4q7s_4q7s_conf0,4q7s_4q7s_conf0.mol2,[H]On1c([H])c([H])c(C([H])([H])[H])c([H])c1=S,[H]On1c([H])c([H])c(C([H])([H])[H])c([H])c1=S,Cc1ccn(O)c(=S)c1,Cc1ccn(O)c(=S)c1,016,CHEMBL3326430_1,Cc1ccn(O)c(=S)c1,1
4q7v_4q7v_conf0,4q7v_4q7v_conf0.mol2,[H]On1c([H])c(C([H])([H])[H])c([H])c([H])c1=S,[H]On1c([H])c(C([H])([H])[H])c([H])c([H])c1=S,Cc1ccc(=S)n(O)c1,Cc1ccc(=S)n(O)c1,016,CHEMBL3326431_1,Cc1ccc(=S)n(O)c1,1
4q7w_4q7w_conf0,4q7w_4q7w_conf0.mol2,[H]On1c(C([H])([H])[H])c([H])c([H])c([H])c1=S,[H]On1c(C([H])([H])[H])c([H])c([H])c([H])c1=S,Cc1cccc(=S)n1O,Cc1cccc(=S)n1O,016,CHEMBL3326432_1,Cc1cccc(=S)n1O,1
4q81_4q81_conf0,4q81_4q81_conf0.mol2,[H]On1c(C([H])([H])[H])c([H])c(C([H])([H])[H])c([H])c1=S,[H]On1c(C([H])([H])[H])c([H])c(C([H])([H])[H])c([H])c1=S,Cc1cc(C)n(O)c(=S)c1,Cc1cc(C)n(O)c(=S)c1,019,CHEMBL3326433_1,Cc1cc(C)n(O)c(=S)c1,1
4q83_4q83_conf0,4q83_4q83_conf0.mol2,[H]On1c([H])c([H])c([H])c(C(F)(F)F)c1=S,[H]On1c([H])c([H])c([H])c(C(F)(F)F)c1=S,On1cccc(C(F)(F)F)c1=S,On1cccc(C(F)(F)F)c1=S,016,CHEMBL3326434_1,On1cccc(C(F)(F)F)c1=S,1
4q87_4q87_conf0,4q87_4q87_conf0.mol2,[H]On1c([H])c([H])c(C(F)(F)F)c([H])c1=S,[H]On1c([H])c([H])c(C(F)(F)F)c([H])c1=S,On1ccc(C(F)(F)F)cc1=S,On1ccc(C(F)(F)F)cc1=S,016,CHEMBL3326435_1,On1ccc(C(F)(F)F)cc1=S,2
4qb3_4qb3_conf0,4qb3_4qb3_conf0.mol2,[H]c1c([H])c([H])c2c(c1[H])c1c(n2C([H])([H])C([H])([H])C([H])([H])C([H])([H])N([H])C(=O)C([H])([H])[H])C([H])([H])C([H])([H])N([H])C1=O,[H]c1c([H])c([H])c2c(c1[H])c1c(n2C([H])([H])C([H])([H])C([H])([H])C([H])([H])N([H])C(=O)C([H])([H])[H])C([H])([H])C([H])([H])N([H])C1=O,CC(=O)NCCCCn1c2c(c3ccccc31)C(=O)NCC2,CC(=O)NCCCCn1c2c(c3ccccc31)C(=O)NCC2,043,CHEMBL3770724_0,CC(=O)NCCCCn1c2c(c3ccccc31)C(=O)NCC2,149
4qem_4qem_conf0,4qem_4qem_conf0.mol2,[H]Oc1c([H])c([H])c(/C([H])=C(\[H])C(=O)[O-])c([H])c1[H],[H]Oc1c([H])c([H])c(C([H])=C([H])C(=O)[O-])c([H])c1[H],O=C([O-])/C=C/c1ccc(O)cc1,O=C([O-])C=Cc1ccc(O)cc1,019,CHEMBL66879_0,O=C([O-])/C=C/c1ccc(O)cc1,6
4qer_4qer_conf0,4qer_4qer_conf0.mol2,[H]Oc1c([H])c([H])c(/C([H])=C(\[H])c2c([H])c(O[H])c([H])c(O[H])c2[H])c([H])c1[H],[H]Oc1c([H])c([H])c(C([H])=C([H])c2c([H])c(O[H])c([H])c(O[H])c2[H])c([H])c1[H],Oc1ccc(/C=C/c2cc(O)cc(O)c2)cc1,Oc1ccc(C=Cc2cc(O)cc(O)c2)cc1,029,CHEMBL165_0,Oc1ccc(/C=C/c2cc(O)cc(O)c2)cc1,24
4qjw_4qjw_conf0,4qjw_4qjw_conf0.mol2,[H]OC([H])([H])C([H])([H])S(=O)(=O)c1c(F)c(F)c(S(=O)(=O)N([H])[H])c(F)c1N([H])C([H])([H])c1c([H])c([H])c([H])c([H])c1[H],[H]OC([H])([H])C([H])([H])S(=O)(=O)c1c(F)c(F)c(S(=O)(=O)N([H])[H])c(F)c1N([H])C([H])([H])c1c([H])c([H])c([H])c([H])c1[H],NS(=O)(=O)c1c(F)c(F)c(S(=O)(=O)CCO)c(NCc2ccccc2)c1F,NS(=O)(=O)c1c(F)c(F)c(S(=O)(=O)CCO)c(NCc2ccccc2)c1F,042,CHEMBL4085190_0,NS(=O)(=O)c1c(F)c(F)c(S(=O)(=O)CCO)c(NCc2ccccc2)c1F,118
4qjx_4qjx_conf0,4qjx_4qjx_conf0.mol2,[H]OC([H])([H])C([H])([H])S(=O)(=O)c1c(F)c(F)c(S(=O)(=O)N([H])[H])c(F)c1N([H])C([H])([H])c1c([H])c([H])c([H])c([H])c1[H],[H]OC([H])([H])C([H])([H])S(=O)(=O)c1c(F)c(F)c(S(=O)(=O)N([H])[H])c(F)c1N([H])C([H])([H])c1c([H])c([H])c([H])c([H])c1[H],NS(=O)(=O)c1c(F)c(F)c(S(=O)(=O)CCO)c(NCc2ccccc2)c1F,NS(=O)(=O)c1c(F)c(F)c(S(=O)(=O)CCO)c(NCc2ccccc2)c1F,042,CHEMBL4085190_0,NS(=O)(=O)c1c(F)c(F)c(S(=O)(=O)CCO)c(NCc2ccccc2)c1F,118
4qp2_4qp2_conf0,4qp2_4qp2_conf0.mol2,[H]c1c(Cl)c([H])c2nc(N([H])[H])oc2c1[H],[H]c1c(Cl)c([H])c2nc(N([H])[H])oc2c1[H],Nc1nc2cc(Cl)ccc2o1,Nc1nc2cc(Cl)ccc2o1,016,CHEMBL472566_0,Nc1nc2cc(Cl)ccc2o1,1
4qsv_4qsv_conf0,4qsv_4qsv_conf0.mol2,[H]OC([H])([H])[C@@]1([H])O[C@@]([H])(n2c([H])c(C([H])([H])[H])c(=O)n([H])c2=O)C([H])([H])[C@]1([H])O[H],[H]OC([H])([H])C1([H])OC([H])(n2c([H])c(C([H])([H])[H])c(=O)n([H])c2=O)C([H])([H])C1([H])O[H],Cc1cn([C@H]2C[C@H](O)[C@@H](CO)O2)c(=O)[nH]c1=O,Cc1cn(C2CC(O)C(CO)O2)c(=O)[nH]c1=O,031,CHEMBL6497_0,Cc1cn([C@H]2C[C@H](O)[C@@H](CO)O2)c(=O)[nH]c1=O,758
4qtl_4qtl_conf0,4qtl_4qtl_conf0.mol2,[H]OC([H])([H])C([H])([H])S(=O)(=O)c1c(F)c(F)c(S(=O)(=O)N([H])[H])c(F)c1N([H])C([H])([H])c1c([H])c([H])c([H])c([H])c1[H],[H]OC([H])([H])C([H])([H])S(=O)(=O)c1c(F)c(F)c(S(=O)(=O)N([H])[H])c(F)c1N([H])C([H])([H])c1c([H])c([H])c([H])c([H])c1[H],NS(=O)(=O)c1c(F)c(F)c(S(=O)(=O)CCO)c(NCc2ccccc2)c1F,NS(=O)(=O)c1c(F)c(F)c(S(=O)(=O)CCO)c(NCc2ccccc2)c1F,042,CHEMBL4085190_0,NS(=O)(=O)c1c(F)c(F)c(S(=O)(=O)CCO)c(NCc2ccccc2)c1F,118
4qxo_4qxo_conf0,4qxo_4qxo_conf0.mol2,[H]c1c([H])c([H])c2c(=O)c3c([H])c([H])c(C([H])([H])[H])c(C([H])([H])[H])c3oc2c1C([H])([H])C(=O)[O-],[H]c1c([H])c([H])c2c(=O)c3c([H])c([H])c(C([H])([H])[H])c(C([H])([H])[H])c3oc2c1C([H])([H])C(=O)[O-],Cc1ccc2c(=O)c3cccc(CC(=O)[O-])c3oc2c1C,Cc1ccc2c(=O)c3cccc(CC(=O)[O-])c3oc2c1C,034,CHEMBL71263_0,Cc1ccc2c(=O)c3cccc(CC(=O)[O-])c3oc2c1C,2
4r0a_4r0a_conf0,4r0a_4r0a_conf0.mol2,[H]OC([H])([H])[C@@]1([H])O[C@@]([H])(n2c([H])c([H])c(=O)n([H])c2=O)[C@]([H])(O[H])[C@]1([H])O[H],[H]OC([H])([H])C1([H])OC([H])(n2c([H])c([H])c(=O)n([H])c2=O)C([H])(O[H])C1([H])O[H],O=c1ccn([C@@H]2O[C@H](CO)[C@@H](O)[C@H]2O)c(=O)[nH]1,O=c1ccn(C2OC(CO)C(O)C2O)c(=O)[nH]1,029,CHEMBL68846_0,O=c1ccn([C@@H]2O[C@H](CO)[C@@H](O)[C@H]2O)c(=O)[nH]1,1401
4r4c_4r4c_conf0,4r4c_4r4c_conf0.mol2,[H]c1c(C(=O)[O-])oc(-c2c([H])c([H])c(C(=O)N([H])C([H])([H])c3c([H])c([H])c(-c4c([H])c(C(=O)[O-])nn4-c4c([H])c([H])c(Cl)c(Cl)c4[H])c([H])c3[H])c(Cl)c2[H])c1[H],[H]c1c(C(=O)[O-])oc(-c2c([H])c([H])c(C(=O)N([H])C([H])([H])c3c([H])c([H])c(-c4c([H])c(C(=O)[O-])nn4-c4c([H])c([H])c(Cl)c(Cl)c4[H])c([H])c3[H])c(Cl)c2[H])c1[H],O=C([O-])c1cc(-c2ccc(CNC(=O)c3ccc(-c4ccc(C(=O)[O-])o4)cc3Cl)cc2)n(-c2ccc(Cl)c(Cl)c2)n1,O=C([O-])c1cc(-c2ccc(CNC(=O)c3ccc(-c4ccc(C(=O)[O-])o4)cc3Cl)cc2)n(-c2ccc(Cl)c(Cl)c2)n1,057,CHEMBL3088231_0,O=C([O-])c1cc(-c2ccc(CNC(=O)c3ccc(-c4ccc(C(=O)[O-])o4)cc3Cl)cc2)n(-c2ccc(Cl)c(Cl)c2)n1,77
4r4o_4r4o_conf0,4r4o_4r4o_conf0.mol2,[H]c1c(C(=O)[O-])oc(-c2c([H])c([H])c(C([H])([H])N([H])C(=S)c3c([H])c([H])c(-c4c([H])c(C(=O)[O-])nn4-c4c([H])c([H])c(Cl)c(Cl)c4[H])c([H])c3[H])c([H])c2[H])c1[H],[H]c1c(C(=O)[O-])oc(-c2c([H])c([H])c(C([H])([H])N([H])C(=S)c3c([H])c([H])c(-c4c([H])c(C(=O)[O-])nn4-c4c([H])c([H])c(Cl)c(Cl)c4[H])c([H])c3[H])c([H])c2[H])c1[H],O=C([O-])c1cc(-c2ccc(C(=S)NCc3ccc(-c4ccc(C(=O)[O-])o4)cc3)cc2)n(-c2ccc(Cl)c(Cl)c2)n1,O=C([O-])c1cc(-c2ccc(C(=S)NCc3ccc(-c4ccc(C(=O)[O-])o4)cc3)cc2)n(-c2ccc(Cl)c(Cl)c2)n1,057,CHEMBL3422468_0,O=C([O-])c1cc(-c2ccc(C(=S)NCc3ccc(-c4ccc(C(=O)[O-])o4)cc3)cc2)n(-c2ccc(Cl)c(Cl)c2)n1,73
4r4t_4r4t_conf0,4r4t_4r4t_conf0.mol2,[H]c1c(C(=O)[O-])oc(-c2c([H])c([H])c(C(=S)N([H])C([H])([H])c3c([H])c([H])c(-c4c([H])c(C(=O)[O-])nn4-c4c([H])c([H])c(Cl)c(Cl)c4[H])c([H])c3[H])c([H])c2[H])c1[H],[H]c1c(C(=O)[O-])oc(-c2c([H])c([H])c(C(=S)N([H])C([H])([H])c3c([H])c([H])c(-c4c([H])c(C(=O)[O-])nn4-c4c([H])c([H])c(Cl)c(Cl)c4[H])c([H])c3[H])c([H])c2[H])c1[H],O=C([O-])c1cc(-c2ccc(CNC(=S)c3ccc(-c4ccc(C(=O)[O-])o4)cc3)cc2)n(-c2ccc(Cl)c(Cl)c2)n1,O=C([O-])c1cc(-c2ccc(CNC(=S)c3ccc(-c4ccc(C(=O)[O-])o4)cc3)cc2)n(-c2ccc(Cl)c(Cl)c2)n1,057,CHEMBL3422469_0,O=C([O-])c1cc(-c2ccc(CNC(=S)c3ccc(-c4ccc(C(=O)[O-])o4)cc3)cc2)n(-c2ccc(Cl)c(Cl)c2)n1,49
4r76_4r76_conf0,4r76_4r76_conf0.mol2,[H]ON([H])C(=O)[C@@]([H])(c1c([H])c([H])c(-n2nc([H])c([H])c2[H])c([H])c1[H])N([H])C(=O)c1c([H])c([H])c([H])c(N([H])[H])c1[H],[H]ON([H])C(=O)C([H])(c1c([H])c([H])c(-n2nc([H])c([H])c2[H])c([H])c1[H])N([H])C(=O)c1c([H])c([H])c([H])c(N([H])[H])c1[H],Nc1cccc(C(=O)N[C@@H](C(=O)NO)c2ccc(-n3cccn3)cc2)c1,Nc1cccc(C(=O)NC(C(=O)NO)c2ccc(-n3cccn3)cc2)c1,043,CHEMBL3359699_0,Nc1cccc(C(=O)N[C@@H](C(=O)NO)c2ccc(-n3cccn3)cc2)c1,142
4rak_4rak_conf0,4rak_4rak_conf0.mol2,[H]OC(c1nc(C(c2c([H])c([H])c([H])c([H])c2Cl)(C([H])([H])[H])C([H])([H])[H])n(-c2c([H])c([H])c(-c3c([H])c([H])c([H])c(S(=O)(=O)C([H])([H])[H])c3[H])c([H])c2[H])c1[H])(C([H])([H])[H])C([H])([H])[H],[H]OC(c1nc(C(c2c([H])c([H])c([H])c([H])c2Cl)(C([H])([H])[H])C([H])([H])[H])n(-c2c([H])c([H])c(-c3c([H])c([H])c([H])c(S(=O)(=O)C([H])([H])[H])c3[H])c([H])c2[H])c1[H])(C([H])([H])[H])C([H])([H])[H],CC(C)(O)c1cn(-c2ccc(-c3cccc(S(C)(=O)=O)c3)cc2)c(C(C)(C)c2ccccc2Cl)n1,CC(C)(O)c1cn(-c2ccc(-c3cccc(S(C)(=O)=O)c3)cc2)c(C(C)(C)c2ccccc2Cl)n1,064,CHEMBL3360975_1,CC(C)(O)c1cn(-c2ccc(-c3cccc(S(C)(=O)=O)c3)cc2)c(C(C)(C)c2ccccc2Cl)n1,110
4rfc_4rfc_conf0,4rfc_4rfc_conf0.mol2,[H]c1c([H])c(S(=O)(=O)N([H])[H])c([H])c([H])c1OC([H])([H])C([H])([H])C([H])([H])C([H])([H])N([H])C(=O)OC(C([H])([H])[H])(C([H])([H])[H])C([H])([H])[H],[H]c1c([H])c(S(=O)(=O)N([H])[H])c([H])c([H])c1OC([H])([H])C([H])([H])C([H])([H])C([H])([H])N([H])C(=O)OC(C([H])([H])[H])(C([H])([H])[H])C([H])([H])[H],CC(C)(C)OC(=O)NCCCCOc1ccc(S(N)(=O)=O)cc1,CC(C)(C)OC(=O)NCCCCOc1ccc(S(N)(=O)=O)cc1,047,CHEMBL3359166_0,CC(C)(C)OC(=O)NCCCCOc1ccc(S(N)(=O)=O)cc1,85
4rfd_4rfd_conf0,4rfd_4rfd_conf0.mol2,[H]c1c([H])c(S(=O)(=O)N([H])[H])c([H])c([H])c1OC([H])([H])C([H])([H])C([H])([H])C([H])([H])[N+]([H])([H])[H],[H]c1c([H])c(S(=O)(=O)N([H])[H])c([H])c([H])c1OC([H])([H])C([H])([H])C([H])([H])C([H])([H])[N+]([H])([H])[H],NS(=O)(=O)c1ccc(OCCCC[NH3+])cc1,NS(=O)(=O)c1ccc(OCCCC[NH3+])cc1,033,CHEMBL3359171_0,NS(=O)(=O)c1ccc(OCCCC[NH3+])cc1,80
4rj8_4rj8_conf0,4rj8_4rj8_conf0.mol2,[H]c1nc(N2C([H])([H])C([H])([H])C([H])(OC([H])([H])[H])C([H])([H])C2([H])[H])nc(N([H])c2nc([H])c3c([H])c([H])n(C4([H])C([H])([H])C([H])([H])C([H])([H])C4([H])[H])c3c2[H])c1[H],[H]c1nc(N2C([H])([H])C([H])([H])C([H])(OC([H])([H])[H])C([H])([H])C2([H])[H])nc(N([H])c2nc([H])c3c([H])c([H])n(C4([H])C([H])([H])C([H])([H])C([H])([H])C4([H])[H])c3c2[H])c1[H],COC1CCN(c2nccc(Nc3cc4c(ccn4C4CCCC4)cn3)n2)CC1,COC1CCN(c2nccc(Nc3cc4c(ccn4C4CCCC4)cn3)n2)CC1,057,CHEMBL3354189_0,COC1CCN(c2nccc(Nc3cc4c(ccn4C4CCCC4)cn3)n2)CC1,104
4rlu_4rlu_conf0,4rlu_4rlu_conf0.mol2,[H]Oc1c([H])c([H])c(/C([H])=C(\[H])C(=O)c2c([H])c([H])c(O[H])c([H])c2O[H])c([H])c1[H],[H]Oc1c([H])c([H])c(C([H])=C([H])C(=O)c2c([H])c([H])c(O[H])c([H])c2O[H])c([H])c1[H],O=C(/C=C/c1ccc(O)cc1)c1ccc(O)cc1O,O=C(C=Cc1ccc(O)cc1)c1ccc(O)cc1O,031,CHEMBL129795_0,O=C(/C=C/c1ccc(O)cc1)c1ccc(O)cc1O,63
4rpn_4rpn_conf0,4rpn_4rpn_conf0.mol2,[H]Oc1c(Cl)c(Cl)c(Cl)c(Cl)c1Cl,[H]Oc1c(Cl)c(Cl)c(Cl)c(Cl)c1Cl,Oc1c(Cl)c(Cl)c(Cl)c(Cl)c1Cl,Oc1c(Cl)c(Cl)c(Cl)c(Cl)c1Cl,013,CHEMBL75967_1,Oc1c(Cl)c(Cl)c(Cl)c(Cl)c1Cl,1
4rpo_4rpo_conf0,4rpo_4rpo_conf0.mol2,[H]Oc1c(Cl)c([H])c(Cl)c([H])c1Cl,[H]Oc1c(Cl)c([H])c(Cl)c([H])c1Cl,Oc1c(Cl)cc(Cl)cc1Cl,Oc1c(Cl)cc(Cl)cc1Cl,013,CHEMBL309917_1,Oc1c(Cl)cc(Cl)cc1Cl,1
4rqk_4rqk_conf0,4rqk_4rqk_conf0.mol2,[H]c1sc2c([H])c([H])c([H])c([H])c2c1S(=O)(=O)N([H])c1nc2c([H])c([H])c(Cl)c([H])c2s1,[H]c1sc2c([H])c([H])c([H])c([H])c2c1S(=O)(=O)N([H])c1nc2c([H])c([H])c(Cl)c([H])c2s1,O=S(=O)(Nc1nc2ccc(Cl)cc2s1)c1csc2ccccc12,O=S(=O)(Nc1nc2ccc(Cl)cc2s1)c1csc2ccccc12,032,CHEMBL4592040_0,O=S(=O)(Nc1nc2ccc(Cl)cc2s1)c1csc2ccccc12,25
4rux_4rux_conf0,4rux_4rux_conf0.mol2,[H]c1c([H])c(S(=O)(=O)N([H])[H])c([H])c([H])c1OC([H])([H])C([H])([H])C([H])([H])[H],[H]c1c([H])c(S(=O)(=O)N([H])[H])c([H])c([H])c1OC([H])([H])C([H])([H])C([H])([H])[H],CCCOc1ccc(S(N)(=O)=O)cc1,CCCOc1ccc(S(N)(=O)=O)cc1,027,CHEMBL3402959_0,CCCOc1ccc(S(N)(=O)=O)cc1,39
4ruy_4ruy_conf0,4ruy_4ruy_conf0.mol2,[H]c1c([H])c(S(=O)(=O)N([H])[H])c([H])c([H])c1OC([H])([H])C([H])([H])C([H])([H])[H],[H]c1c([H])c(S(=O)(=O)N([H])[H])c([H])c([H])c1OC([H])([H])C([H])([H])C([H])([H])[H],CCCOc1ccc(S(N)(=O)=O)cc1,CCCOc1ccc(S(N)(=O)=O)cc1,027,CHEMBL3402959_0,CCCOc1ccc(S(N)(=O)=O)cc1,39
4ruz_4ruz_conf0,4ruz_4ruz_conf0.mol2,[H]c1c([H])c(S(=O)(=O)N([H])[H])c([H])c([H])c1OC([H])([H])C([H])([H])[H],[H]c1c([H])c(S(=O)(=O)N([H])[H])c([H])c([H])c1OC([H])([H])C([H])([H])[H],CCOc1ccc(S(N)(=O)=O)cc1,CCOc1ccc(S(N)(=O)=O)cc1,024,CHEMBL3402958_0,CCOc1ccc(S(N)(=O)=O)cc1,11
4rvr_4rvr_conf0,4rvr_4rvr_conf0.mol2,[H]c1c([H])c([H])c(S(=O)(=O)C([H])([H])[H])c(-c2c([H])c(C(=O)C([H])([H])[H])n3c([H])c([H])c(OC([H])([H])C([H])([H])C([H])([H])[H])c([H])c23)c1[H],[H]c1c([H])c([H])c(S(=O)(=O)C([H])([H])[H])c(-c2c([H])c(C(=O)C([H])([H])[H])n3c([H])c([H])c(OC([H])([H])C([H])([H])C([H])([H])[H])c([H])c23)c1[H],CCCOc1ccn2c(C(C)=O)cc(-c3ccccc3S(C)(=O)=O)c2c1,CCCOc1ccn2c(C(C)=O)cc(-c3ccccc3S(C)(=O)=O)c2c1,047,CHEMBL3739699_0,CCCOc1ccn2c(C(C)=O)cc(-c3ccccc3S(C)(=O)=O)c2c1,39
4rwj_4rwj_conf0,4rwj_4rwj_conf0.mol2,[H]c1c(OC([H])([H])[H])c([H])c(C([H])([H])C([H])([H])c2c([H])c(N([H])C(=O)c3c([H])c([H])c(N4C([H])([H])[C@]([H])(C([H])([H])[H])[N+]([H])([H])[C@]([H])(C([H])([H])[H])C4([H])[H])c([H])c3[H])nn2[H])c([H])c1OC([H])([H])[H],[H]c1c(OC([H])([H])[H])c([H])c(C([H])([H])C([H])([H])c2c([H])c(N([H])C(=O)c3c([H])c([H])c(N4C([H])([H])C([H])(C([H])([H])[H])[N+]([H])([H])C([H])(C([H])([H])[H])C4([H])[H])c([H])c3[H])nn2[H])c([H])c1OC([H])([H])[H],COc1cc(CCc2cc(NC(=O)c3ccc(N4C[C@@H](C)[NH2+][C@@H](C)C4)cc3)n[nH]2)cc(OC)c1,COc1cc(CCc2cc(NC(=O)c3ccc(N4CC(C)[NH2+]C(C)C4)cc3)n[nH]2)cc(OC)c1,068,CHEMBL3184679_0,COc1cc(CCc2cc(NC(=O)c3ccc(N4C[C@@H](C)[NH2+][C@@H](C)C4)cc3)n[nH]2)cc(OC)c1,332
4tjz_4tjz_conf0,4tjz_4tjz_conf0.mol2,[H]/C(C(=O)[O-])=C(/[H])C([H])([H])C([H])([H])C([H])([H])C([H])([H])C([H])([H])C([H])([H])C([H])([H])[H],[H]C(C(=O)[O-])=C([H])C([H])([H])C([H])([H])C([H])([H])C([H])([H])C([H])([H])C([H])([H])C([H])([H])[H],CCCCCCC/C=C/C(=O)[O-],CCCCCCCC=CC(=O)[O-],029,CHEMBL2229622_0,CCCCCCC/C=C/C(=O)[O-],52
4tqn_4tqn_conf0,4tqn_4tqn_conf0.mol2,[H]c1c([H])c(C(=O)[O-])c([H])c(C(=O)N([H])c2c([H])c(C(=O)C([H])([H])[H])c([H])c([H])c2OC([H])([H])C([H])([H])[H])c1[H],[H]c1c([H])c(C(=O)[O-])c([H])c(C(=O)N([H])c2c([H])c(C(=O)C([H])([H])[H])c([H])c([H])c2OC([H])([H])C([H])([H])[H])c1[H],CCOc1ccc(C(C)=O)cc1NC(=O)c1cccc(C(=O)[O-])c1,CCOc1ccc(C(C)=O)cc1NC(=O)c1cccc(C(=O)[O-])c1,040,CHEMBL3770150_0,CCOc1ccc(C(C)=O)cc1NC(=O)c1cccc(C(=O)[O-])c1,42
4tte_4tte_conf0,4tte_4tte_conf0.mol2,[H]c1c(C(=O)OC([H])([H])[H])c([H])c(N([H])[H])c([H])c1-c1c(C([H])([H])[H])noc1C([H])([H])[H],[H]c1c(C(=O)OC([H])([H])[H])c([H])c(N([H])[H])c([H])c1-c1c(C([H])([H])[H])noc1C([H])([H])[H],COC(=O)c1cc(N)cc(-c2c(C)noc2C)c1,COC(=O)c1cc(N)cc(-c2c(C)noc2C)c1,032,CHEMBL3753410_0,COC(=O)c1cc(N)cc(-c2c(C)noc2C)c1,8
4u1b_4u1b_conf0,4u1b_4u1b_conf0.mol2,[H]C([H])([H])C([H])([H])C([H])([H])C([H])(C([H])([H])C([H])([H])C([H])([H])[H])[C@]([H])([N+]([H])([H])[H])P(=O)([O-])[O-],[H]C([H])([H])C([H])([H])C([H])([H])C([H])(C([H])([H])C([H])([H])C([H])([H])[H])C([H])([N+]([H])([H])[H])P(=O)([O-])[O-],CCCC(CCC)[C@H]([NH3+])P(=O)([O-])[O-],CCCC(CCC)C([NH3+])P(=O)([O-])[O-],032,CHEMBL3414950_0,CCCC(CCC)[C@H]([NH3+])P(=O)([O-])[O-],61
4u43_4u43_conf0,4u43_4u43_conf0.mol2,[H]c1nc(N([H])c2c([H])nc([H])c([H])c2[H])c2c([H])c([H])c([H])n2n1,[H]c1nc(N([H])c2c([H])nc([H])c([H])c2[H])c2c([H])c([H])c([H])n2n1,c1cncc(Nc2ncnn3cccc23)c1,c1cncc(Nc2ncnn3cccc23)c1,025,CHEMBL3326654_0,c1cncc(Nc2ncnn3cccc23)c1,15
4u54_4u54_conf0,4u54_4u54_conf0.mol2,[H]c1nc([H])c(-c2c([H])c([H])c([H])c(C([H])([H])[N+]([H])([H])C([H])([H])[H])c2[H])c([H])c1[H],[H]c1nc([H])c(-c2c([H])c([H])c([H])c(C([H])([H])[N+]([H])([H])C([H])([H])[H])c2[H])c([H])c1[H],C[NH2+]Cc1cccc(-c2cccnc2)c1,C[NH2+]Cc1cccc(-c2cccnc2)c1,030,CHEMBL3402235_0,C[NH2+]Cc1cccc(-c2cccnc2)c1,16
4u69_4u69_conf0,4u69_4u69_conf0.mol2,[H]C([H])([H])C([H])([H])C([H])([H])[C@]([H])(C([H])([H])[H])[C@]([H])([N+]([H])([H])[H])P(=O)([O-])[O-],[H]C([H])([H])C([H])([H])C([H])([H])C([H])(C([H])([H])[H])C([H])([N+]([H])([H])[H])P(=O)([O-])[O-],CCC[C@H](C)[C@H]([NH3+])P(=O)([O-])[O-],CCCC(C)C([NH3+])P(=O)([O-])[O-],026,CHEMBL1673077_0,CCC[C@H](C)[C@H]([NH3+])P(=O)([O-])[O-],34
4u6w_4u6w_conf0,4u6w_4u6w_conf0.mol2,[H]C([H])([H])C([H])([H])C([H])([H])C([H])(C([H])([H])C([H])([H])C([H])([H])[H])[C@]([H])([N+]([H])([H])[H])P(=O)([O-])[O-],[H]C([H])([H])C([H])([H])C([H])([H])C([H])(C([H])([H])C([H])([H])C([H])([H])[H])C([H])([N+]([H])([H])[H])P(=O)([O-])[O-],CCCC(CCC)[C@H]([NH3+])P(=O)([O-])[O-],CCCC(CCC)C([NH3+])P(=O)([O-])[O-],032,CHEMBL3414950_0,CCCC(CCC)[C@H]([NH3+])P(=O)([O-])[O-],61
4u70_4u70_conf0,4u70_4u70_conf0.mol2,[H]C1([H])C([H])([H])C([H])([H])C([H])(C([H])([H])[C@]([H])([N+]([H])([H])[H])P(=O)([O-])[O-])C([H])([H])C1([H])[H],[H]C1([H])C([H])([H])C([H])([H])C([H])(C([H])([H])C([H])([N+]([H])([H])[H])P(=O)([O-])[O-])C([H])([H])C1([H])[H],[NH3+][C@@H](CC1CCCCC1)P(=O)([O-])[O-],[NH3+]C(CC1CCCCC1)P(=O)([O-])[O-],030,CHEMBL1673062_0,[NH3+][C@@H](CC1CCCCC1)P(=O)([O-])[O-],6
4u73_4u73_conf0,4u73_4u73_conf0.mol2,[H]c1c([H])c([H])c([C@]([H])([N+]([H])([H])[H])P(=O)([O-])[O-])c([H])c1[H],[H]c1c([H])c([H])c(C([H])([N+]([H])([H])[H])P(=O)([O-])[O-])c([H])c1[H],[NH3+][C@@H](c1ccccc1)P(=O)([O-])[O-],[NH3+]C(c1ccccc1)P(=O)([O-])[O-],021,CHEMBL1090366_0,[NH3+][C@@H](c1ccccc1)P(=O)([O-])[O-],3
4ucc_4ucc_conf0,4ucc_4ucc_conf0.mol2,[H]c1c([H])c(C([H])([H])n2nc(C(=O)[O-])c([H])c2C(=O)[O-])c(Cl)c([H])c1Cl,[H]c1c([H])c(C([H])([H])n2nc(C(=O)[O-])c([H])c2C(=O)[O-])c(Cl)c([H])c1Cl,O=C([O-])c1cc(C(=O)[O-])n(Cc2ccc(Cl)cc2Cl)n1,O=C([O-])c1cc(C(=O)[O-])n(Cc2ccc(Cl)cc2Cl)n1,026,CHEMBL4561845_0,O=C([O-])c1cc(C(=O)[O-])n(Cc2ccc(Cl)cc2Cl)n1,6
4umb_4umb_conf0,4umb_4umb_conf0.mol2,[H]C([H])([H])[C@@]([H])(OP(=O)([O-])[O-])C(=O)[O-],[H]C([H])([H])C([H])(OP(=O)([O-])[O-])C(=O)[O-],C[C@@H](OP(=O)([O-])[O-])C(=O)[O-],CC(OP(=O)([O-])[O-])C(=O)[O-],014,CHEMBL144324_0,C[C@@H](OP(=O)([O-])[O-])C(=O)[O-],3
4unp_4unp_conf0,4unp_4unp_conf0.mol2,[H]c1c([H])c2c(C([H])([H])[H])nc(C([H])([H])C([H])([H])C([H])([H])[H])c([H])c2n([H])c1=O,[H]c1c([H])c2c(C([H])([H])[H])nc(C([H])([H])C([H])([H])C([H])([H])[H])c([H])c2n([H])c1=O,CCCc1cc2[nH]c(=O)ccc2c(C)n1,CCCc1cc2[nH]c(=O)ccc2c(C)n1,029,CHEMBL3394238_0,CCCc1cc2[nH]c(=O)ccc2c(C)n1,6
4up5_4up5_conf0,4up5_4up5_conf0.mol2,[H]c1c(OC([H])([H])[H])c([H])c2sc(N([H])[H])nc2c1[H],[H]c1c(OC([H])([H])[H])c([H])c2sc(N([H])[H])nc2c1[H],COc1ccc2nc(N)sc2c1,COc1ccc2nc(N)sc2c1,020,CHEMBL97797_0,COc1ccc2nc(N)sc2c1,2
4urz_4urz_conf0,4urz_4urz_conf0.mol2,[H]c1c([H])c(S(=O)(=O)N2C(=O)C([H])([H])C([H])([H])C([H])([H])C2([H])[H])c([H])c([H])c1N([H])[H],[H]c1c([H])c(S(=O)(=O)N2C(=O)C([H])([H])C([H])([H])C([H])([H])C2([H])[H])c([H])c([H])c1N([H])[H],Nc1ccc(S(=O)(=O)N2CCCCC2=O)cc1,Nc1ccc(S(=O)(=O)N2CCCCC2=O)cc1,031,CHEMBL3414694_0,Nc1ccc(S(=O)(=O)N2CCCCC2=O)cc1,7
4uye_4uye_conf0,4uye_4uye_conf0.mol2,[H]c1c([H])c([H])c(C(=O)N([H])c2c(N3C([H])([H])C([H])([H])C([H])([H])C([H])([H])C3([H])[H])c([H])c3c(c2[H])n(C([H])([H])[H])c(=O)n3C([H])([H])[H])c(OC([H])([H])[H])c1[H],[H]c1c([H])c([H])c(C(=O)N([H])c2c(N3C([H])([H])C([H])([H])C([H])([H])C([H])([H])C3([H])[H])c([H])c3c(c2[H])n(C([H])([H])[H])c(=O)n3C([H])([H])[H])c(OC([H])([H])[H])c1[H],COc1ccccc1C(=O)Nc1cc2c(cc1N1CCCCC1)n(C)c(=O)n2C,COc1ccccc1C(=O)Nc1cc2c(cc1N1CCCCC1)n(C)c(=O)n2C,055,CHEMBL1522313_0,COc1ccccc1C(=O)Nc1cc2c(cc1N1CCCCC1)n(C)c(=O)n2C,61
4v24_4v24_conf0,4v24_4v24_conf0.mol2,[H]OC([H])([H])[C@@]1([H])C([H])([H])C([H])([H])C([H])([H])[N@+]1([H])C([H])([H])c1c([H])c([H])c(C([H])([H])Oc2c([H])c(C([H])([H])[H])c([H])c(C([H])([H])S(=O)(=O)c3c([H])c([H])c([H])c([H])c3[H])c2[H])c([H])c1[H],[H]OC([H])([H])C1([H])C([H])([H])C([H])([H])C([H])([H])[N+]1([H])C([H])([H])c1c([H])c([H])c(C([H])([H])Oc2c([H])c(C([H])([H])[H])c([H])c(C([H])([H])S(=O)(=O)c3c([H])c([H])c([H])c([H])c3[H])c2[H])c([H])c1[H],Cc1cc(CS(=O)(=O)c2ccccc2)cc(OCc2ccc(C[N@H+]3CCC[C@@H]3CO)cc2)c1,Cc1cc(CS(=O)(=O)c2ccccc2)cc(OCc2ccc(C[NH+]3CCCC3CO)cc2)c1,065,CHEMBL3348835_0,Cc1cc(CS(=O)(=O)c2ccccc2)cc(OCc2ccc(C[N@H+]3CCC[C@@H]3CO)cc2)c1,154
4wa9_4wa9_conf0,4wa9_4wa9_conf0.mol2,[H]/C(=C(/[H])c1nn([H])c2c([H])c(Sc3c([H])c([H])c([H])c([H])c3C(=O)N([H])C([H])([H])[H])c([H])c([H])c12)c1nc([H])c([H])c([H])c1[H],[H]C(=C([H])c1nn([H])c2c([H])c(Sc3c([H])c([H])c([H])c([H])c3C(=O)N([H])C([H])([H])[H])c([H])c([H])c12)c1nc([H])c([H])c([H])c1[H],CNC(=O)c1ccccc1Sc1ccc2c(/C=C/c3ccccn3)n[nH]c2c1,CNC(=O)c1ccccc1Sc1ccc2c(C=Cc3ccccn3)n[nH]c2c1,046,CHEMBL1289926_0,CNC(=O)c1ccccc1Sc1ccc2c(/C=C/c3ccccn3)n[nH]c2c1,68
4wkb_4wkb_conf0,4wkb_4wkb_conf0.mol2,[H]O[C@@]1([H])C([H])([H])[N@+]([H])(C([H])([H])c2c([H])n([H])c3c(N([H])[H])nc([H])nc23)C([H])([H])[C@]1([H])C([H])([H])SC([H])([H])[H],[H]OC1([H])C([H])(C([H])([H])SC([H])([H])[H])C([H])([H])[N+]([H])(C([H])([H])c2c([H])n([H])c3c(N([H])[H])nc([H])nc23)C1([H])[H],CSC[C@H]1C[N@@H+](Cc2c[nH]c3c(N)ncnc23)C[C@@H]1O,CSCC1C[NH+](Cc2c[nH]c3c(N)ncnc23)CC1O,040,CHEMBL188375_0,CSC[C@H]1C[N@@H+](Cc2c[nH]c3c(N)ncnc23)C[C@@H]1O,800
4wkn_4wkn_conf0,4wkn_4wkn_conf0.mol2,[H]O[C@@]1([H])C([H])([H])[N@+]([H])(C([H])([H])c2c([H])n([H])c3c(N([H])[H])nc([H])nc23)C([H])([H])[C@]1([H])C([H])([H])SC([H])([H])[H],[H]OC1([H])C([H])(C([H])([H])SC([H])([H])[H])C([H])([H])[N+]([H])(C([H])([H])c2c([H])n([H])c3c(N([H])[H])nc([H])nc23)C1([H])[H],CSC[C@H]1C[N@@H+](Cc2c[nH]c3c(N)ncnc23)C[C@@H]1O,CSCC1C[NH+](Cc2c[nH]c3c(N)ncnc23)CC1O,040,CHEMBL188375_0,CSC[C@H]1C[N@@H+](Cc2c[nH]c3c(N)ncnc23)C[C@@H]1O,800
4wov_4wov_conf0,4wov_4wov_conf0.mol2,[H]c1c(-c2c([H])c3c(nc(N([H])C([H])([H])[H])c4nc([H])n(C([H])([H])[H])c43)n2[H])nc(C([H])([H])N([H])C(=O)C([H])([H])OC([H])([H])[H])c([H])c1[H],[H]c1c(-c2c([H])c3c(nc(N([H])C([H])([H])[H])c4nc([H])n(C([H])([H])[H])c43)n2[H])nc(C([H])([H])N([H])C(=O)C([H])([H])OC([H])([H])[H])c([H])c1[H],CNc1nc2[nH]c(-c3cccc(CNC(=O)COC)n3)cc2c2c1ncn2C,CNc1nc2[nH]c(-c3cccc(CNC(=O)COC)n3)cc2c2c1ncn2C,049,CHEMBL1923983_0,CNc1nc2[nH]c(-c3cccc(CNC(=O)COC)n3)cc2c2c1ncn2C,91
4wrb_4wrb_conf0,4wrb_4wrb_conf0.mol2,[H]Oc1c([H])c([H])c(-n2nnc(-c3nc4c([H])c([H])c(OC([H])([H])C([H])([H])OC([H])([H])[H])c([H])c4c([H])c3[H])c2[H])c([H])c1[H],[H]Oc1c([H])c([H])c(-n2nnc(-c3nc4c([H])c([H])c(OC([H])([H])C([H])([H])OC([H])([H])[H])c([H])c4c([H])c3[H])c2[H])c([H])c1[H],COCCOc1ccc2nc(-c3cn(-c4ccc(O)cc4)nn3)ccc2c1,COCCOc1ccc2nc(-c3cn(-c4ccc(O)cc4)nn3)ccc2c1,045,CHEMBL3798149_0,COCCOc1ccc2nc(-c3cn(-c4ccc(O)cc4)nn3)ccc2c1,75
4x24_4x24_conf0,4x24_4x24_conf0.mol2,[H]O[C@@]1([H])C([H])([H])[N@@+]([H])(C([H])([H])c2c([H])n([H])c3c(N([H])[H])nc([H])nc23)C([H])([H])[C@]1([H])C([H])([H])SC([H])([H])[H],[H]OC1([H])C([H])(C([H])([H])SC([H])([H])[H])C([H])([H])[N+]([H])(C([H])([H])c2c([H])n([H])c3c(N([H])[H])nc([H])nc23)C1([H])[H],CSC[C@H]1C[N@H+](Cc2c[nH]c3c(N)ncnc23)C[C@@H]1O,CSCC1C[NH+](Cc2c[nH]c3c(N)ncnc23)CC1O,040,CHEMBL188375_0,CSC[C@H]1C[N@H+](Cc2c[nH]c3c(N)ncnc23)C[C@@H]1O,800
4x8u_4x8u_conf0,4x8u_4x8u_conf0.mol2,[H]c1c(Cl)c([H])c2c([H])c(C(=O)[O-])n([H])c2c1[H],[H]c1c(Cl)c([H])c2c([H])c(C(=O)[O-])n([H])c2c1[H],O=C([O-])c1cc2cc(Cl)ccc2[nH]1,O=C([O-])c1cc2cc(Cl)ccc2[nH]1,018,CHEMBL23906_0,O=C([O-])c1cc2cc(Cl)ccc2[nH]1,1
4xip_4xip_conf0,4xip_4xip_conf0.mol2,[H]c1c([H])c(-n2c([H])c(C([H])([H])[H])c3c2C([H])([H])C(C([H])([H])[H])(C([H])([H])[H])C([H])([H])C3=O)c([H])c([H])c1C(=O)N([H])[H],[H]c1c([H])c(-n2c([H])c(C([H])([H])[H])c3c2C([H])([H])C(C([H])([H])[H])(C([H])([H])[H])C([H])([H])C3=O)c([H])c([H])c1C(=O)N([H])[H],Cc1cn(-c2ccc(C(N)=O)cc2)c2c1C(=O)CC(C)(C)C2,Cc1cn(-c2ccc(C(N)=O)cc2)c2c1C(=O)CC(C)(C)C2,042,CHEMBL3401158_0,Cc1cn(-c2ccc(C(N)=O)cc2)c2c1C(=O)CC(C)(C)C2,11
4xiq_4xiq_conf0,4xiq_4xiq_conf0.mol2,[H]c1c([H])c2c(c([H])c1C(=O)N([H])[H])OC([H])([H])C([H])([H])c1c(C([H])([H])[H])c3c(n1-2)C([H])([H])C(C([H])([H])[H])(C([H])([H])[H])C([H])([H])C3=O,[H]c1c([H])c2c(c([H])c1C(=O)N([H])[H])OC([H])([H])C([H])([H])c1c(C([H])([H])[H])c3c(n1-2)C([H])([H])C(C([H])([H])[H])(C([H])([H])[H])C([H])([H])C3=O,Cc1c2c(n3c1CCOc1cc(C(N)=O)ccc1-3)CC(C)(C)CC2=O,Cc1c2c(n3c1CCOc1cc(C(N)=O)ccc1-3)CC(C)(C)CC2=O,047,CHEMBL3403716_0,Cc1c2c(n3c1CCOc1cc(C(N)=O)ccc1-3)CC(C)(C)CC2=O,11
4xir_4xir_conf0,4xir_4xir_conf0.mol2,[H]c1c2c(c([H])c(Cl)c1C(=O)N([H])[H])-n1c3c(c(C([H])([H])[H])c1C([H])([H])[C@]([H])(C([H])([H])C([H])([H])C([H])([H])[H])O2)C(=O)C([H])([H])C(C([H])([H])[H])(C([H])([H])[H])C3([H])[H],[H]c1c2c(c([H])c(Cl)c1C(=O)N([H])[H])-n1c(c(C([H])([H])[H])c3c1C([H])([H])C(C([H])([H])[H])(C([H])([H])[H])C([H])([H])C3=O)C([H])([H])C([H])(C([H])([H])C([H])([H])C([H])([H])[H])O2,CCC[C@H]1Cc2c(C)c3c(n2-c2cc(Cl)c(C(N)=O)cc2O1)CC(C)(C)CC3=O,CCCC1Cc2c(C)c3c(n2-c2cc(Cl)c(C(N)=O)cc2O1)CC(C)(C)CC3=O,056,CHEMBL3403717_0,CCC[C@H]1Cc2c(C)c3c(n2-c2cc(Cl)c(C(N)=O)cc2O1)CC(C)(C)CC3=O,69
4xmb_4xmb_conf0,4xmb_4xmb_conf0.mol2,[H]c1c([H])c(S(=O)(=O)N(c2c([H])c([H])c(N(C([H])([H])C(=O)N([H])[H])S(=O)(=O)c3c([H])c([H])c(OC([H])([H])[H])c([H])c3[H])c3c([H])c([H])c([H])c([H])c23)C([H])([H])C(=O)N([H])[H])c([H])c([H])c1OC([H])([H])[H],[H]c1c([H])c(S(=O)(=O)N(c2c([H])c([H])c(N(C([H])([H])C(=O)N([H])[H])S(=O)(=O)c3c([H])c([H])c(OC([H])([H])[H])c([H])c3[H])c3c([H])c([H])c([H])c([H])c23)C([H])([H])C(=O)N([H])[H])c([H])c([H])c1OC([H])([H])[H],COc1ccc(S(=O)(=O)N(CC(N)=O)c2ccc(N(CC(N)=O)S(=O)(=O)c3ccc(OC)cc3)c3ccccc23)cc1,COc1ccc(S(=O)(=O)N(CC(N)=O)c2ccc(N(CC(N)=O)S(=O)(=O)c3ccc(OC)cc3)c3ccccc23)cc1,070,CHEMBL3632711_0,COc1ccc(S(=O)(=O)N(CC(N)=O)c2ccc(N(CC(N)=O)S(=O)(=O)c3ccc(OC)cc3)c3ccccc23)cc1,119
4y2q_4y2q_conf0,4y2q_4y2q_conf0.mol2,[H]c1nc(N2C([H])([H])C([H])([H])[N+]([H])([H])C([H])([H])C2([H])[H])c(C(F)(F)F)c([H])c1[H],[H]c1nc(N2C([H])([H])C([H])([H])[N+]([H])([H])C([H])([H])C2([H])[H])c(C(F)(F)F)c([H])c1[H],FC(F)(F)c1cccnc1N1CC[NH2+]CC1,FC(F)(F)c1cccnc1N1CC[NH2+]CC1,029,CHEMBL45663_0,FC(F)(F)c1cccnc1N1CC[NH2+]CC1,4
4y4j_4y4j_conf0,4y4j_4y4j_conf0.mol2,[H]Oc1c([H])c([H])c([C@@]([H])(O[H])C([H])([H])[N+]([H])([H])[H])c([H])c1O[H],[H]Oc1c([H])c([H])c(C([H])(O[H])C([H])([H])[N+]([H])([H])[H])c([H])c1O[H],[NH3+]C[C@H](O)c1ccc(O)c(O)c1,[NH3+]CC(O)c1ccc(O)c(O)c1,024,CHEMBL432_0,[NH3+]C[C@H](O)c1ccc(O)c(O)c1,200
4ygf_4ygf_conf0,4ygf_4ygf_conf0.mol2,[H]N(C(=O)C([H])([H])[H])c1nnc(S(=O)(=O)N([H])[H])s1,[H]N(C(=O)C([H])([H])[H])c1nnc(S(=O)(=O)N([H])[H])s1,CC(=O)Nc1nnc(S(N)(=O)=O)s1,CC(=O)Nc1nnc(S(N)(=O)=O)s1,019,CHEMBL20_0,CC(=O)Nc1nnc(S(N)(=O)=O)s1,7
4yhm_4yhm_conf0,4yhm_4yhm_conf0.mol2,[H]c1nc(N(C(=O)c2c([H])c([H])c3c(nc(C([H])([H])N([H])c4c([H])c([H])c(C(N([H])[H])=[N+]([H])[H])c([H])c4[H])n3C([H])([H])[H])c2[H])C([H])([H])C([H])([H])C(=O)[O-])c([H])c([H])c1[H],[H]c1nc(N(C(=O)c2c([H])c([H])c3c(nc(C([H])([H])N([H])c4c([H])c([H])c(C(N([H])[H])=[N+]([H])[H])c([H])c4[H])n3C([H])([H])[H])c2[H])C([H])([H])C([H])([H])C(=O)[O-])c([H])c([H])c1[H],Cn1c(CNc2ccc(C(N)=[NH2+])cc2)nc2cc(C(=O)N(CCC(=O)[O-])c3ccccn3)ccc21,Cn1c(CNc2ccc(C(N)=[NH2+])cc2)nc2cc(C(=O)N(CCC(=O)[O-])c3ccccn3)ccc21,060,CHEMBL48361_0,Cn1c(CNc2ccc(C(N)=[NH2+])cc2)nc2cc(C(=O)N(CCC(=O)[O-])c3ccccn3)ccc21,142
4yho_4yho_conf0,4yho_4yho_conf0.mol2,[H]c1nc(N(C(=O)c2c([H])c([H])c3c(nc(C([H])([H])N([H])c4c([H])c([H])c(C(N([H])[H])=[N+]([H])[H])c([H])c4[H])n3C([H])([H])[H])c2[H])C([H])([H])C([H])([H])C(=O)[O-])c([H])c([H])c1[H],[H]c1nc(N(C(=O)c2c([H])c([H])c3c(nc(C([H])([H])N([H])c4c([H])c([H])c(C(N([H])[H])=[N+]([H])[H])c([H])c4[H])n3C([H])([H])[H])c2[H])C([H])([H])C([H])([H])C(=O)[O-])c([H])c([H])c1[H],Cn1c(CNc2ccc(C(N)=[NH2+])cc2)nc2cc(C(=O)N(CCC(=O)[O-])c3ccccn3)ccc21,Cn1c(CNc2ccc(C(N)=[NH2+])cc2)nc2cc(C(=O)N(CCC(=O)[O-])c3ccccn3)ccc21,060,CHEMBL48361_0,Cn1c(CNc2ccc(C(N)=[NH2+])cc2)nc2cc(C(=O)N(CCC(=O)[O-])c3ccccn3)ccc21,142
4ykk_4ykk_conf0,4ykk_4ykk_conf0.mol2,[H]OC([H])([H])[C@]([H])(C(=O)[O-])[N+]([H])([H])[H],[H]OC([H])([H])C([H])(C(=O)[O-])[N+]([H])([H])[H],[NH3+][C@H](CO)C(=O)[O-],[NH3+]C(CO)C(=O)[O-],014,CHEMBL11298_0,[NH3+][C@H](CO)C(=O)[O-],6
4ymq_4ymq_conf0,4ymq_4ymq_conf0.mol2,[H]OC([H])([H])C([H])([H])[C@]([H])(N(C(=O)C([H])([H])C([H])([H])C([H])([H])N1c2c([H])c([H])c([H])c([H])c2N(C([H])([H])c2c([H])c([H])c(C(O[H])(C(F)(F)F)C(F)(F)F)c([H])c2[H])S1(=O)=O)C([H])([H])[H])C([H])([H])[H],[H]OC([H])([H])C([H])([H])C([H])(N(C(=O)C([H])([H])C([H])([H])C([H])([H])N1c2c([H])c([H])c([H])c([H])c2N(C([H])([H])c2c([H])c([H])c(C(O[H])(C(F)(F)F)C(F)(F)F)c([H])c2[H])S1(=O)=O)C([H])([H])[H])C([H])([H])[H],C[C@H](CCO)N(C)C(=O)CCCN1c2ccccc2N(Cc2ccc(C(O)(C(F)(F)F)C(F)(F)F)cc2)S1(=O)=O,CC(CCO)N(C)C(=O)CCCN1c2ccccc2N(Cc2ccc(C(O)(C(F)(F)F)C(F)(F)F)cc2)S1(=O)=O,069,CHEMBL3402133_0,C[C@H](CCO)N(C)C(=O)CCCN1c2ccccc2N(Cc2ccc(C(O)(C(F)(F)F)C(F)(F)F)cc2)S1(=O)=O,119
4yx4_4yx4_conf0,4yx4_4yx4_conf0.mol2,[H]c1c([H])c([H])c(S(=O)(=O)N([H])[H])c([H])c1[H],[H]c1c([H])c([H])c(S(=O)(=O)N([H])[H])c([H])c1[H],NS(=O)(=O)c1ccccc1,NS(=O)(=O)c1ccccc1,017,CHEMBL27601_0,NS(=O)(=O)c1ccccc1,2
4yxi_4yxi_conf0,4yxi_4yxi_conf0.mol2,[H]c1c([H])c(S(=O)(=O)N([H])[H])c([H])c([H])c1C([H])([H])[H],[H]c1c([H])c(S(=O)(=O)N([H])[H])c([H])c([H])c1C([H])([H])[H],Cc1ccc(S(N)(=O)=O)cc1,Cc1ccc(S(N)(=O)=O)cc1,020,CHEMBL574_0,Cc1ccc(S(N)(=O)=O)cc1,2
4yyt_4yyt_conf0,4yyt_4yyt_conf0.mol2,[H]OC([H])([H])C([H])([H])c1c([H])c([H])c(S(=O)(=O)N([H])[H])c([H])c1[H],[H]OC([H])([H])C([H])([H])c1c([H])c([H])c(S(=O)(=O)N([H])[H])c([H])c1[H],NS(=O)(=O)c1ccc(CCO)cc1,NS(=O)(=O)c1ccc(CCO)cc1,024,CHEMBL6784_0,NS(=O)(=O)c1ccc(CCO)cc1,92
4yzu_4yzu_conf0,4yzu_4yzu_conf0.mol2,[H]c1c([H])c(-n2c([H])nnc2[H])c([H])c([H])c1C(=O)N([H])C([H])([H])C([H])([H])c1nc2c([H])c(C([H])([H])[H])c(C([H])([H])[H])c([H])c2n1[H],[H]c1c([H])c(-n2c([H])nnc2[H])c([H])c([H])c1C(=O)N([H])C([H])([H])C([H])([H])c1nc2c([H])c(C([H])([H])[H])c(C([H])([H])[H])c([H])c2n1[H],Cc1cc2nc(CCNC(=O)c3ccc(-n4cnnc4)cc3)[nH]c2cc1C,Cc1cc2nc(CCNC(=O)c3ccc(-n4cnnc4)cc3)[nH]c2cc1C,047,CHEMBL3423033_0,Cc1cc2nc(CCNC(=O)c3ccc(-n4cnnc4)cc3)[nH]c2cc1C,124
4z0q_4z0q_conf0,4z0q_4z0q_conf0.mol2,[H]c1c([H])c([H])c2c(c1[H])N(C(=O)c1c([H])c([H])c(S(=O)(=O)N([H])[H])c([H])c1[H])C([H])([H])C([H])([H])C2([H])[H],[H]c1c([H])c([H])c2c(c1[H])N(C(=O)c1c([H])c([H])c(S(=O)(=O)N([H])[H])c([H])c1[H])C([H])([H])C([H])([H])C2([H])[H],NS(=O)(=O)c1ccc(C(=O)N2CCCc3ccccc32)cc1,NS(=O)(=O)c1ccc(C(=O)N2CCCc3ccccc32)cc1,038,CHEMBL3613783_0,NS(=O)(=O)c1ccc(C(=O)N2CCCc3ccccc32)cc1,24
4z1e_4z1e_conf0,4z1e_4z1e_conf0.mol2,[H]c1c([H])c2c(c([H])c1OC([H])([H])[H])C([H])([H])C([H])([H])C([H])([H])N2C(=O)c1c([H])c([H])c(S(=O)(=O)N([H])[H])c([H])c1[H],[H]c1c([H])c2c(c([H])c1OC([H])([H])[H])C([H])([H])C([H])([H])C([H])([H])N2C(=O)c1c([H])c([H])c(S(=O)(=O)N([H])[H])c([H])c1[H],COc1ccc2c(c1)CCCN2C(=O)c1ccc(S(N)(=O)=O)cc1,COc1ccc2c(c1)CCCN2C(=O)c1ccc(S(N)(=O)=O)cc1,042,CHEMBL3613781_0,COc1ccc2c(c1)CCCN2C(=O)c1ccc(S(N)(=O)=O)cc1,56
4z1j_4z1j_conf0,4z1j_4z1j_conf0.mol2,[H]c1c([H])c([H])c2c(c1[H])C([H])([H])N(C(=O)c1c([H])c([H])c(S(=O)(=O)N([H])[H])c([H])c1[H])C([H])([H])C2([H])[H],[H]c1c([H])c([H])c2c(c1[H])C([H])([H])N(C(=O)c1c([H])c([H])c(S(=O)(=O)N([H])[H])c([H])c1[H])C([H])([H])C2([H])[H],NS(=O)(=O)c1ccc(C(=O)N2CCc3ccccc3C2)cc1,NS(=O)(=O)c1ccc(C(=O)N2CCc3ccccc3C2)cc1,038,CHEMBL3613780_0,NS(=O)(=O)c1ccc(C(=O)N2CCc3ccccc3C2)cc1,34
4z1k_4z1k_conf0,4z1k_4z1k_conf0.mol2,[H]Oc1c([H])c2c(c([H])c1O[H])C([H])([H])C([H])([H])N(C(=O)c1c([H])c([H])c(S(=O)(=O)N([H])[H])c([H])c1[H])C2([H])[H],[H]Oc1c([H])c2c(c([H])c1O[H])C([H])([H])C([H])([H])N(C(=O)c1c([H])c([H])c(S(=O)(=O)N([H])[H])c([H])c1[H])C2([H])[H],NS(=O)(=O)c1ccc(C(=O)N2CCc3cc(O)c(O)cc3C2)cc1,NS(=O)(=O)c1ccc(C(=O)N2CCc3cc(O)c(O)cc3C2)cc1,040,CHEMBL3613777_0,NS(=O)(=O)c1ccc(C(=O)N2CCc3cc(O)c(O)cc3C2)cc1,82
4z93_4z93_conf0,4z93_4z93_conf0.mol2,[H]c1nc(-c2c(C3([H])C([H])([H])C3([H])[H])nn([H])c2C([H])([H])[H])c2c3c([H])c(OC([H])([H])[H])c(-c4c(C([H])([H])[H])noc4C([H])([H])[H])c([H])c3n([H])c2c1[H],[H]c1nc(-c2c(C3([H])C([H])([H])C3([H])[H])nn([H])c2C([H])([H])[H])c2c3c([H])c(OC([H])([H])[H])c(-c4c(C([H])([H])[H])noc4C([H])([H])[H])c([H])c3n([H])c2c1[H],COc1cc2c(cc1-c1c(C)noc1C)[nH]c1ccnc(-c3c(C4CC4)n[nH]c3C)c12,COc1cc2c(cc1-c1c(C)noc1C)[nH]c1ccnc(-c3c(C4CC4)n[nH]c3C)c12,054,CHEMBL3581661_0,COc1cc2c(cc1-c1c(C)noc1C)[nH]c1ccnc(-c3c(C4CC4)n[nH]c3C)c12,135
4zbi_4zbi_conf0,4zbi_4zbi_conf0.mol2,[H]c1c([H])c([H])c2c(OC([H])([H])C([H])([H])C([H])([H])c3c(C(=O)[O-])n4c5c(c([H])c([H])c([H])c35)C([H])([H])C([H])([H])C4([H])[H])c([H])c([H])c([H])c2c1[H],[H]c1c([H])c([H])c2c(OC([H])([H])C([H])([H])C([H])([H])c3c(C(=O)[O-])n4c5c(c([H])c([H])c([H])c35)C([H])([H])C([H])([H])C4([H])[H])c([H])c([H])c([H])c2c1[H],O=C([O-])c1c(CCCOc2cccc3ccccc23)c2cccc3c2n1CCC3,O=C([O-])c1c(CCCOc2cccc3ccccc23)c2cccc3c2n1CCC3,051,CHEMBL3426319_0,O=C([O-])c1c(CCCOc2cccc3ccccc23)c2cccc3c2n1CCC3,110
4zo5_4zo5_conf0,4zo5_4zo5_conf0.mol2,[H]c1c([H])c(OC([H])(C([H])([H])[H])C([H])([H])[H])c2c(c1[H])C(=O)N(C([H])([H])C([H])([H])c1nc3c([H])c([H])c([H])c([H])c3c(=O)n1-c1c([H])c([H])c(OC([H])([H])[H])c([H])c1[H])C2=O,[H]c1c([H])c(OC([H])(C([H])([H])[H])C([H])([H])[H])c2c(c1[H])C(=O)N(C([H])([H])C([H])([H])c1nc3c([H])c([H])c([H])c([H])c3c(=O)n1-c1c([H])c([H])c(OC([H])([H])[H])c([H])c1[H])C2=O,COc1ccc(-n2c(CCN3C(=O)c4cccc(OC(C)C)c4C3=O)nc3ccccc3c2=O)cc1,COc1ccc(-n2c(CCN3C(=O)c4cccc(OC(C)C)c4C3=O)nc3ccccc3c2=O)cc1,061,CHEMBL3627841_0,COc1ccc(-n2c(CCN3C(=O)c4cccc(OC(C)C)c4C3=O)nc3ccccc3c2=O)cc1,103
4zx3_4zx3_conf0,4zx3_4zx3_conf0.mol2,[H]ON([H])C(=O)[C@@]([H])(c1c([H])c([H])c(Br)c([H])c1[H])N([H])C(=O)C(C([H])([H])[H])(C([H])([H])[H])C([H])([H])[H],[H]ON([H])C(=O)C([H])(c1c([H])c([H])c(Br)c([H])c1[H])N([H])C(=O)C(C([H])([H])[H])(C([H])([H])[H])C([H])([H])[H],CC(C)(C)C(=O)N[C@@H](C(=O)NO)c1ccc(Br)cc1,CC(C)(C)C(=O)NC(C(=O)NO)c1ccc(Br)cc1,036,CHEMBL3763464_0,CC(C)(C)C(=O)N[C@@H](C(=O)NO)c1ccc(Br)cc1,26
4zx4_4zx4_conf0,4zx4_4zx4_conf0.mol2,[H]ON([H])C(=O)[C@@]([H])(c1c([H])c([H])c(-c2c([H])c(F)c(F)c(F)c2[H])c([H])c1[H])N([H])C(=O)C(C([H])([H])[H])(C([H])([H])[H])C([H])([H])[H],[H]ON([H])C(=O)C([H])(c1c([H])c([H])c(-c2c([H])c(F)c(F)c(F)c2[H])c([H])c1[H])N([H])C(=O)C(C([H])([H])[H])(C([H])([H])[H])C([H])([H])[H],CC(C)(C)C(=O)N[C@@H](C(=O)NO)c1ccc(-c2cc(F)c(F)c(F)c2)cc1,CC(C)(C)C(=O)NC(C(=O)NO)c1ccc(-c2cc(F)c(F)c(F)c2)cc1,046,CHEMBL3765455_0,CC(C)(C)C(=O)N[C@@H](C(=O)NO)c1ccc(-c2cc(F)c(F)c(F)c2)cc1,79
4zzx_4zzx_conf0,4zzx_4zzx_conf0.mol2,[H]c1c([H])c(C(=O)N([H])[H])c2c(c1[H])C([H])([H])N(C([H])([H])C([H])([H])C([H])([H])OC([H])([H])[H])C2=O,[H]c1c([H])c(C(=O)N([H])[H])c2c(c1[H])C([H])([H])N(C([H])([H])C([H])([H])C([H])([H])OC([H])([H])[H])C2=O,COCCCN1Cc2cccc(C(N)=O)c2C1=O,COCCCN1Cc2cccc(C(N)=O)c2C1=O,034,CHEMBL3605967_0,COCCCN1Cc2cccc(C(N)=O)c2C1=O,66
4zzz_4zzz_conf0,4zzz_4zzz_conf0.mol2,[H]c1c([H])c(C(=O)N([H])[H])c2c(c1[H])C([H])([H])N(C([H])([H])C([H])([H])C([H])([H])OC([H])([H])[H])C2=O,[H]c1c([H])c(C(=O)N([H])[H])c2c(c1[H])C([H])([H])N(C([H])([H])C([H])([H])C([H])([H])OC([H])([H])[H])C2=O,COCCCN1Cc2cccc(C(N)=O)c2C1=O,COCCCN1Cc2cccc(C(N)=O)c2C1=O,034,CHEMBL3605967_0,COCCCN1Cc2cccc(C(N)=O)c2C1=O,66
5a5q_5a5q_conf0,5a5q_5a5q_conf0.mol2,[H]c1nc(N([H])C2([H])C([H])([H])C([H])([H])[N+]([H])([H])C([H])([H])C2([H])[H])c2c(c1[H])c([H])c(C([H])([H])[H])c(=O)n2[H],[H]c1nc(N([H])C2([H])C([H])([H])C([H])([H])[N+]([H])([H])C([H])([H])C2([H])[H])c2c(c1[H])c([H])c(C([H])([H])[H])c(=O)n2[H],Cc1cc2ccnc(NC3CC[NH2+]CC3)c2[nH]c1=O,Cc1cc2ccnc(NC3CC[NH2+]CC3)c2[nH]c1=O,038,CHEMBL3586700_0,Cc1cc2ccnc(NC3CC[NH2+]CC3)c2[nH]c1=O,7
5aan_5aan_conf0,5aan_5aan_conf0.mol2,[H]c1c([H])c([H])c2c(c1[H])Sc1c([H])c([H])c([H])c([H])c1N2N([H])C(=O)C([H])([H])[N+]1([H])C([H])([H])C([H])([H])C([H])([H])C([H])([H])C1([H])[H],[H]c1c([H])c([H])c2c(c1[H])Sc1c([H])c([H])c([H])c([H])c1N2N([H])C(=O)C([H])([H])[N+]1([H])C([H])([H])C([H])([H])C([H])([H])C([H])([H])C1([H])[H],O=C(C[NH+]1CCCCC1)NN1c2ccccc2Sc2ccccc21,O=C(C[NH+]1CCCCC1)NN1c2ccccc2Sc2ccccc21,046,CHEMBL1938454_0,O=C(C[NH+]1CCCCC1)NN1c2ccccc2Sc2ccccc21,11
5am6_5am6_conf0,5am6_5am6_conf0.mol2,[H]c1c(N2C([H])([H])C([H])([H])[N+]([H])(C([H])([H])[H])C([H])([H])C2([H])[H])c([H])c2c(nc(-c3c(N([H])[H])c4c(F)c([H])c([H])c([H])c4n([H])c3=O)n2[H])c1[H],[H]c1c(N2C([H])([H])C([H])([H])[N+]([H])(C([H])([H])[H])C([H])([H])C2([H])[H])c([H])c2c(nc(-c3c(N([H])[H])c4c(F)c([H])c([H])c([H])c4n([H])c3=O)n2[H])c1[H],C[NH+]1CCN(c2ccc3nc(-c4c(N)c5c(F)cccc5[nH]c4=O)[nH]c3c2)CC1,C[NH+]1CCN(c2ccc3nc(-c4c(N)c5c(F)cccc5[nH]c4=O)[nH]c3c2)CC1,051,CHEMBL522892_0,C[NH+]1CCN(c2ccc3nc(-c4c(N)c5c(F)cccc5[nH]c4=O)[nH]c3c2)CC1,145
5am7_5am7_conf0,5am7_5am7_conf0.mol2,[H]c1c(N2C([H])([H])C([H])([H])[N+]([H])(C([H])([H])[H])C([H])([H])C2([H])[H])c([H])c2c(nc(-c3c(N([H])[H])c4c(F)c([H])c([H])c([H])c4n([H])c3=O)n2[H])c1[H],[H]c1c(N2C([H])([H])C([H])([H])[N+]([H])(C([H])([H])[H])C([H])([H])C2([H])[H])c([H])c2c(nc(-c3c(N([H])[H])c4c(F)c([H])c([H])c([H])c4n([H])c3=O)n2[H])c1[H],C[NH+]1CCN(c2ccc3nc(-c4c(N)c5c(F)cccc5[nH]c4=O)[nH]c3c2)CC1,C[NH+]1CCN(c2ccc3nc(-c4c(N)c5c(F)cccc5[nH]c4=O)[nH]c3c2)CC1,051,CHEMBL522892_0,C[NH+]1CCN(c2ccc3nc(-c4c(N)c5c(F)cccc5[nH]c4=O)[nH]c3c2)CC1,145
5ant_5ant_conf0,5ant_5ant_conf0.mol2,[H]c1c([H])c([H])c(C([H])([H])n2c(=O)n([H])c3c(N([H])C([H])([H])[H])nc(OC([H])([H])C([H])([H])OC([H])([H])[H])nc32)c([H])c1[H],[H]c1c([H])c([H])c(C([H])([H])n2c(=O)n([H])c3c(N([H])C([H])([H])[H])nc(OC([H])([H])C([H])([H])OC([H])([H])[H])nc32)c([H])c1[H],CNc1nc(OCCOC)nc2c1[nH]c(=O)n2Cc1ccccc1,CNc1nc(OCCOC)nc2c1[nH]c(=O)n2Cc1ccccc1,043,CHEMBL4763327_0,CNc1nc(OCCOC)nc2c1[nH]c(=O)n2Cc1ccccc1,77
5anv_5anv_conf0,5anv_5anv_conf0.mol2,[H]c1nc2c([H])c(OC([H])([H])[H])c(OC([H])([H])[H])c([H])c2c(N([H])c2c([H])c([H])c(Cl)c([H])c2F)c1C(=O)N([H])C([H])([H])[H],[H]c1nc2c([H])c(OC([H])([H])[H])c(OC([H])([H])[H])c([H])c2c(N([H])c2c([H])c([H])c(Cl)c([H])c2F)c1C(=O)N([H])C([H])([H])[H],CNC(=O)c1cnc2cc(OC)c(OC)cc2c1Nc1ccc(Cl)cc1F,CNC(=O)c1cnc2cc(OC)c(OC)cc2c1Nc1ccc(Cl)cc1F,044,CHEMBL4783492_0,CNC(=O)c1cnc2cc(OC)c(OC)cc2c1Nc1ccc(Cl)cc1F,87
5aoj_5aoj_conf0,5aoj_5aoj_conf0.mol2,[H]Oc1c(I)c(-n2c([H])c([H])c([H])c2[H])c(I)c([H])c1C(=O)[O-],[H]Oc1c(I)c(-n2c([H])c([H])c([H])c2[H])c(I)c([H])c1C(=O)[O-],O=C([O-])c1cc(I)c(-n2cccc2)c(I)c1O,O=C([O-])c1cc(I)c(-n2cccc2)c(I)c1O,023,CHEMBL4165245_0,O=C([O-])c1cc(I)c(-n2cccc2)c(I)c1O,1
5aut_5aut_conf0,5aut_5aut_conf0.mol2,[H]c1c([H])c([H])c(N([H])c2c([H])c([H])c([H])c3c([H])c([H])c([H])c(S(=O)(=O)[O-])c23)c([H])c1[H],[H]c1c([H])c([H])c(N([H])c2c([H])c([H])c([H])c3c([H])c([H])c([H])c(S(=O)(=O)[O-])c23)c([H])c1[H],O=S(=O)([O-])c1cccc2cccc(Nc3ccccc3)c12,O=S(=O)([O-])c1cccc2cccc(Nc3ccccc3)c12,033,CHEMBL285527_0,O=S(=O)([O-])c1cccc2cccc(Nc3ccccc3)c12,7
5boj_5boj_conf0,5boj_5boj_conf0.mol2,[H]c1c([H])c(C([H])([H])[H])c(OC([H])([H])C([H])([H])C([H])([H])C(C(=O)[O-])(C([H])([H])[H])C([H])([H])[H])c([H])c1C([H])([H])[H],[H]c1c([H])c(C([H])([H])[H])c(OC([H])([H])C([H])([H])C([H])([H])C(C(=O)[O-])(C([H])([H])[H])C([H])([H])[H])c([H])c1C([H])([H])[H],Cc1ccc(C)c(OCCCC(C)(C)C(=O)[O-])c1,Cc1ccc(C)c(OCCCC(C)(C)C(=O)[O-])c1,039,CHEMBL457_0,Cc1ccc(C)c(OCCCC(C)(C)C(=O)[O-])c1,200
5btx_5btx_conf0,5btx_5btx_conf0.mol2,[H]O[C@]1([H])[C@]2([H])O[P@@](=O)([O-])OC([H])([H])[C@@]2([H])O[C@@]1([H])n1c([H])nc2c(N([H])[H])nc([H])nc21,[H]OC1([H])C([H])(n2c([H])nc3c(N([H])[H])nc([H])nc32)OC2([H])C([H])([H])OP(=O)([O-])OC21[H],Nc1ncnc2c1ncn2[C@@H]1O[C@@H]2CO[P@](=O)([O-])O[C@H]2[C@H]1O,Nc1ncnc2c1ncn2C1OC2COP(=O)([O-])OC2C1O,033,CHEMBL9871_0,Nc1ncnc2c1ncn2[C@@H]1O[C@@H]2CO[P@](=O)([O-])O[C@H]2[C@H]1O,840
5c1w_5c1w_conf0,5c1w_5c1w_conf0.mol2,[H]C([H])([H])c1c(Cl)nc(C2([H])C([H])([H])C2([H])[H])nc1Cl,[H]C([H])([H])c1c(Cl)nc(C2([H])C([H])([H])C2([H])[H])nc1Cl,Cc1c(Cl)nc(C2CC2)nc1Cl,Cc1c(Cl)nc(C2CC2)nc1Cl,020,CHEMBL3622905_0,Cc1c(Cl)nc(C2CC2)nc1Cl,2
5c2a_5c2a_conf0,5c2a_5c2a_conf0.mol2,[H]N(c1nc(C2([H])C([H])([H])C2([H])[H])nc(Cl)c1C([H])([H])[H])C([H])([H])c1sc(C([H])([H])[H])nc1C([H])([H])[H],[H]N(c1nc(C2([H])C([H])([H])C2([H])[H])nc(Cl)c1C([H])([H])[H])C([H])([H])c1sc(C([H])([H])[H])nc1C([H])([H])[H],Cc1nc(C)c(CNc2nc(C3CC3)nc(Cl)c2C)s1,Cc1nc(C)c(CNc2nc(C3CC3)nc(Cl)c2C)s1,037,CHEMBL3622879_0,Cc1nc(C)c(CNc2nc(C3CC3)nc(Cl)c2C)s1,85
5c3p_5c3p_conf0,5c3p_5c3p_conf0.mol2,[H]C([H])(C(=O)[O-])C([H])([H])C(=O)C(=O)[O-],[H]C([H])(C(=O)[O-])C([H])([H])C(=O)C(=O)[O-],O=C([O-])CCC(=O)C(=O)[O-],O=C([O-])CCC(=O)C(=O)[O-],014,CHEMBL1686_0,O=C([O-])CCC(=O)C(=O)[O-],34
5c5t_5c5t_conf0,5c5t_5c5t_conf0.mol2,[H]C([H])(C(=O)[O-])C([H])([H])C(=O)C(=O)[O-],[H]C([H])(C(=O)[O-])C([H])([H])C(=O)C(=O)[O-],O=C([O-])CCC(=O)C(=O)[O-],O=C([O-])CCC(=O)C(=O)[O-],014,CHEMBL1686_0,O=C([O-])CCC(=O)C(=O)[O-],34
5c8n_5c8n_conf0,5c8n_5c8n_conf0.mol2,[H]c1nc(N2C([H])([H])C([H])([H])C(OC([H])([H])[H])(C([H])([H])C([H])([H])[N+]([H])([H])[H])C([H])([H])C2([H])[H])nc(N([H])c2nc([H])c3nc(C([H])([H])[H])n(C([H])(C([H])([H])[H])C([H])([H])[H])c3c2[H])c1[H],[H]c1nc(N2C([H])([H])C([H])([H])C(OC([H])([H])[H])(C([H])([H])C([H])([H])[N+]([H])([H])[H])C([H])([H])C2([H])[H])nc(N([H])c2nc([H])c3nc(C([H])([H])[H])n(C([H])(C([H])([H])[H])C([H])([H])[H])c3c2[H])c1[H],COC1(CC[NH3+])CCN(c2nccc(Nc3cc4c(cn3)nc(C)n4C(C)C)n2)CC1,COC1(CC[NH3+])CCN(c2nccc(Nc3cc4c(cn3)nc(C)n4C(C)C)n2)CC1,064,CHEMBL3736430_0,COC1(CC[NH3+])CCN(c2nccc(Nc3cc4c(cn3)nc(C)n4C(C)C)n2)CC1,162
5cap_5cap_conf0,5cap_5cap_conf0.mol2,[H]c1nc(OC([H])([H])C(C([H])([H])[H])(C([H])([H])[H])S(=O)(=O)C([H])([H])[H])nc(N([H])c2nc([H])c3nc(C([H])([H])[H])n(C([H])(C([H])([H])[H])C([H])([H])[H])c3c2[H])c1[H],[H]c1nc(OC([H])([H])C(C([H])([H])[H])(C([H])([H])[H])S(=O)(=O)C([H])([H])[H])nc(N([H])c2nc([H])c3nc(C([H])([H])[H])n(C([H])(C([H])([H])[H])C([H])([H])[H])c3c2[H])c1[H],Cc1nc2cnc(Nc3ccnc(OCC(C)(C)S(C)(=O)=O)n3)cc2n1C(C)C,Cc1nc2cnc(Nc3ccnc(OCC(C)(C)S(C)(=O)=O)n3)cc2n1C(C)C,055,CHEMBL3736210_0,Cc1nc2cnc(Nc3ccnc(OCC(C)(C)S(C)(=O)=O)n3)cc2n1C(C)C,71
5cbs_5cbs_conf0,5cbs_5cbs_conf0.mol2,[H]Oc1c([H])c([H])c([H])c(-c2c([H])c([H])c([H])c(C([H])([H])[C@]([H])(C(=O)[O-])[N+]([H])([H])[H])c2[H])c1[H],[H]Oc1c([H])c([H])c([H])c(-c2c([H])c([H])c([H])c(C([H])([H])C([H])(C(=O)[O-])[N+]([H])([H])[H])c2[H])c1[H],[NH3+][C@H](Cc1cccc(-c2cccc(O)c2)c1)C(=O)[O-],[NH3+]C(Cc1cccc(-c2cccc(O)c2)c1)C(=O)[O-],034,CHEMBL3758644_0,[NH3+][C@H](Cc1cccc(-c2cccc(O)c2)c1)C(=O)[O-],109
5cep_5cep_conf0,5cep_5cep_conf0.mol2,[H]c1nc(N([H])c2nn(C([H])(C([H])([H])[H])C([H])([H])[H])c(C3([H])C([H])([H])C([H])([H])[N+]([H])([H])C([H])([H])C3([H])[H])c2[H])c([H])c(C(F)(F)F)c1[H],[H]c1nc(N([H])c2nn(C([H])(C([H])([H])[H])C([H])([H])[H])c(C3([H])C([H])([H])C([H])([H])[N+]([H])([H])C([H])([H])C3([H])[H])c2[H])c([H])c(C(F)(F)F)c1[H],CC(C)n1nc(Nc2cc(C(F)(F)F)ccn2)cc1C1CC[NH2+]CC1,CC(C)n1nc(Nc2cc(C(F)(F)F)ccn2)cc1C1CC[NH2+]CC1,048,CHEMBL3629009_0,CC(C)n1nc(Nc2cc(C(F)(F)F)ccn2)cc1C1CC[NH2+]CC1,69
5cjf_5cjf_conf0,5cjf_5cjf_conf0.mol2,[H]c1c([H])c(-c2c([H])c([H])c(S(=O)(=O)N([H])[H])c([H])c2[H])c([H])c([H])c1C(=O)c1c([H])c([H])c(N([H])[H])c([H])c1[H],[H]c1c([H])c(-c2c([H])c([H])c(S(=O)(=O)N([H])[H])c([H])c2[H])c([H])c([H])c1C(=O)c1c([H])c([H])c(N([H])[H])c([H])c1[H],Nc1ccc(C(=O)c2ccc(-c3ccc(S(N)(=O)=O)cc3)cc2)cc1,Nc1ccc(C(=O)c2ccc(-c3ccc(S(N)(=O)=O)cc3)cc2)cc1,041,CHEMBL3632844_0,Nc1ccc(C(=O)c2ccc(-c3ccc(S(N)(=O)=O)cc3)cc2)cc1,28
5cp5_5cp5_conf0,5cp5_5cp5_conf0.mol2,[H]c1c([H])c(N([H])S(=O)(=O)c2c([H])c([H])c3c4c(c([H])c([H])c([H])c24)C(=O)N3C([H])([H])C([H])([H])[H])c([H])c([H])c1F,[H]c1c([H])c(N([H])S(=O)(=O)c2c([H])c([H])c3c4c(c([H])c([H])c([H])c24)C(=O)N3C([H])([H])C([H])([H])[H])c([H])c([H])c1F,CCN1C(=O)c2cccc3c(S(=O)(=O)Nc4ccc(F)cc4)ccc1c23,CCN1C(=O)c2cccc3c(S(=O)(=O)Nc4ccc(F)cc4)ccc1c23,041,CHEMBL3780398_0,CCN1C(=O)c2cccc3c(S(=O)(=O)Nc4ccc(F)cc4)ccc1c23,17
5cqt_5cqt_conf0,5cqt_5cqt_conf0.mol2,[H]c1c([H])c2c3c(c([H])c([H])c(S(=O)(=O)N([H])C4([H])C([H])([H])C([H])([H])C([H])([H])C([H])([H])C4([H])[H])c3c1[H])N(C([H])([H])C([H])([H])[H])C2=O,[H]c1c([H])c2c3c(c([H])c([H])c(S(=O)(=O)N([H])C4([H])C([H])([H])C([H])([H])C([H])([H])C([H])([H])C4([H])[H])c3c1[H])N(C([H])([H])C([H])([H])[H])C2=O,CCN1C(=O)c2cccc3c(S(=O)(=O)NC4CCCCC4)ccc1c23,CCN1C(=O)c2cccc3c(S(=O)(=O)NC4CCCCC4)ccc1c23,047,CHEMBL3781471_0,CCN1C(=O)c2cccc3c(S(=O)(=O)NC4CCCCC4)ccc1c23,58
5cs6_5cs6_conf0,5cs6_5cs6_conf0.mol2,[H]c1c([H])c(C([H])([H])[N+]([H])([H])[H])c([H])c(Cl)c1OC([H])([H])C([H])([H])C([H])([H])[H],[H]c1c([H])c(C([H])([H])[N+]([H])([H])[H])c([H])c(Cl)c1OC([H])([H])C([H])([H])C([H])([H])[H],CCCOc1ccc(C[NH3+])cc1Cl,CCCOc1ccc(C[NH3+])cc1Cl,028,CHEMBL4100054_0,CCCOc1ccc(C[NH3+])cc1Cl,32
5csp_5csp_conf0,5csp_5csp_conf0.mol2,[H]Oc1c([H])c([H])c(C([H])([H])[H])c([H])c1C(=O)[O-],[H]Oc1c([H])c([H])c(C([H])([H])[H])c([H])c1C(=O)[O-],Cc1ccc(O)c(C(=O)[O-])c1,Cc1ccc(O)c(C(=O)[O-])c1,018,CHEMBL1161012_0,Cc1ccc(O)c(C(=O)[O-])c1,1
5cu4_5cu4_conf0,5cu4_5cu4_conf0.mol2,[H]c1c([H])c([H])c(-c2c([H])c([H])c(C([H])([H])[N+]([H])([H])C([H])([H])C([H])([H])C(=O)N([H])C([H])([H])C([H])([H])C(=O)N([H])c3c([H])c([H])c([H])c(C(=O)[O-])c3[H])c([H])c2Cl)c([H])c1[H],[H]c1c([H])c([H])c(-c2c([H])c([H])c(C([H])([H])[N+]([H])([H])C([H])([H])C([H])([H])C(=O)N([H])C([H])([H])C([H])([H])C(=O)N([H])c3c([H])c([H])c([H])c(C(=O)[O-])c3[H])c([H])c2Cl)c([H])c1[H],O=C(CC[NH2+]Cc1ccc(-c2ccccc2)c(Cl)c1)NCCC(=O)Nc1cccc(C(=O)[O-])c1,O=C(CC[NH2+]Cc1ccc(-c2ccccc2)c(Cl)c1)NCCC(=O)Nc1cccc(C(=O)[O-])c1,060,CHEMBL4070389_0,O=C(CC[NH2+]Cc1ccc(-c2ccccc2)c(Cl)c1)NCCC(=O)Nc1cccc(C(=O)[O-])c1,11
5cy9_5cy9_conf0,5cy9_5cy9_conf0.mol2,[H]c1c([H])c2c3c(c([H])c([H])c(N([H])S(=O)(=O)C([H])([H])C([H])([H])C([H])([H])C([H])([H])[H])c3c1[H])N(C([H])([H])C([H])([H])[H])C2=O,[H]c1c([H])c2c3c(c([H])c([H])c(N([H])S(=O)(=O)C([H])([H])C([H])([H])C([H])([H])C([H])([H])[H])c3c1[H])N(C([H])([H])C([H])([H])[H])C2=O,CCCCS(=O)(=O)Nc1ccc2c3c(cccc13)C(=O)N2CC,CCCCS(=O)(=O)Nc1ccc2c3c(cccc13)C(=O)N2CC,043,CHEMBL3780901_0,CCCCS(=O)(=O)Nc1ccc2c3c(cccc13)C(=O)N2CC,120
5d0c_5d0c_conf0,5d0c_5d0c_conf0.mol2,[H]c1c([H])c2c3c(c([H])c([H])c(S(=O)(=O)N([H])C([H])([H])C4([H])C([H])([H])C([H])([H])N(C(=O)C([H])([H])[H])C([H])([H])C4([H])[H])c3c1[H])N(C([H])([H])C([H])([H])[H])C2=O,[H]c1c([H])c2c3c(c([H])c([H])c(S(=O)(=O)N([H])C([H])([H])C4([H])C([H])([H])C([H])([H])N(C(=O)C([H])([H])[H])C([H])([H])C4([H])[H])c3c1[H])N(C([H])([H])C([H])([H])[H])C2=O,CCN1C(=O)c2cccc3c(S(=O)(=O)NCC4CCN(C(C)=O)CC4)ccc1c23,CCN1C(=O)c2cccc3c(S(=O)(=O)NCC4CCN(C(C)=O)CC4)ccc1c23,054,CHEMBL3234253_0,CCN1C(=O)c2cccc3c(S(=O)(=O)NCC4CCN(C(C)=O)CC4)ccc1c23,138
5d0r_5d0r_conf0,5d0r_5d0r_conf0.mol2,[H]Oc1c(Cl)c([H])c(Cl)c([H])c1Sc1c([H])c(Cl)c([H])c(Cl)c1O[H],[H]Oc1c(Cl)c([H])c(Cl)c([H])c1Sc1c([H])c(Cl)c([H])c(Cl)c1O[H],Oc1c(Cl)cc(Cl)cc1Sc1cc(Cl)cc(Cl)c1O,Oc1c(Cl)cc(Cl)cc1Sc1cc(Cl)cc(Cl)c1O,025,CHEMBL290106_0,Oc1c(Cl)cc(Cl)cc1Sc1cc(Cl)cc(Cl)c1O,102
5d24_5d24_conf0,5d24_5d24_conf0.mol2,[H]c1c([H])c(OC([H])([H])C(=O)N([H])[H])c([H])c(N([H])C(=O)c2c(C([H])([H])C([H])([H])[H])c(C(=O)C([H])([H])[H])c(C([H])([H])[H])n2[H])c1[H],[H]c1c([H])c(OC([H])([H])C(=O)N([H])[H])c([H])c(N([H])C(=O)c2c(C([H])([H])C([H])([H])[H])c(C(=O)C([H])([H])[H])c(C([H])([H])[H])n2[H])c1[H],CCc1c(C(=O)Nc2cccc(OCC(N)=O)c2)[nH]c(C)c1C(C)=O,CCc1c(C(=O)Nc2cccc(OCC(N)=O)c2)[nH]c(C)c1C(C)=O,046,CHEMBL3786260_0,CCc1c(C(=O)Nc2cccc(OCC(N)=O)c2)[nH]c(C)c1C(C)=O,102
5d25_5d25_conf0,5d25_5d25_conf0.mol2,[H]Oc1c([H])c([H])c(S(=O)(=O)N(C([H])([H])C([H])([H])[H])C([H])([H])C([H])([H])[H])c([H])c1N([H])C(=O)c1c(C([H])([H])[H])c(C(=O)C([H])([H])[H])c(C([H])([H])[H])n1[H],[H]Oc1c([H])c([H])c(S(=O)(=O)N(C([H])([H])C([H])([H])[H])C([H])([H])C([H])([H])[H])c([H])c1N([H])C(=O)c1c(C([H])([H])[H])c(C(=O)C([H])([H])[H])c(C([H])([H])[H])n1[H],CCN(CC)S(=O)(=O)c1ccc(O)c(NC(=O)c2[nH]c(C)c(C(C)=O)c2C)c1,CCN(CC)S(=O)(=O)c1ccc(O)c(NC(=O)c2[nH]c(C)c(C(C)=O)c2C)c1,053,CHEMBL3786406_1,CCN(CC)S(=O)(=O)c1ccc(O)c(NC(=O)c2[nH]c(C)c(C(C)=O)c2C)c1,123
5d26_5d26_conf0,5d26_5d26_conf0.mol2,[H]Oc1c([H])c([H])c(S(=O)(=O)N(C([H])([H])C([H])([H])[H])C([H])([H])C([H])([H])[H])c([H])c1N([H])C(=O)c1c(C([H])([H])C([H])([H])[H])c(C(=O)N([H])[H])c(C([H])([H])[H])n1[H],[H]Oc1c([H])c([H])c(S(=O)(=O)N(C([H])([H])C([H])([H])[H])C([H])([H])C([H])([H])[H])c([H])c1N([H])C(=O)c1c(C([H])([H])C([H])([H])[H])c(C(=O)N([H])[H])c(C([H])([H])[H])n1[H],CCc1c(C(=O)Nc2cc(S(=O)(=O)N(CC)CC)ccc2O)[nH]c(C)c1C(N)=O,CCc1c(C(=O)Nc2cc(S(=O)(=O)N(CC)CC)ccc2O)[nH]c(C)c1C(N)=O,055,CHEMBL3785713_1,CCc1c(C(=O)Nc2cc(S(=O)(=O)N(CC)CC)ccc2O)[nH]c(C)c1C(N)=O,143
5d3h_5d3h_conf0,5d3h_5d3h_conf0.mol2,[H]Oc1c([H])c([H])c(S(=O)(=O)N(C([H])([H])C([H])([H])[H])C([H])([H])C([H])([H])[H])c([H])c1N([H])C(=O)c1c(C([H])([H])C([H])([H])[H])c(C(=O)C([H])([H])O[H])c(C([H])([H])[H])n1[H],[H]Oc1c([H])c([H])c(S(=O)(=O)N(C([H])([H])C([H])([H])[H])C([H])([H])C([H])([H])[H])c([H])c1N([H])C(=O)c1c(C([H])([H])C([H])([H])[H])c(C(=O)C([H])([H])O[H])c(C([H])([H])[H])n1[H],CCc1c(C(=O)Nc2cc(S(=O)(=O)N(CC)CC)ccc2O)[nH]c(C)c1C(=O)CO,CCc1c(C(=O)Nc2cc(S(=O)(=O)N(CC)CC)ccc2O)[nH]c(C)c1C(=O)CO,057,CHEMBL3786031_1,CCc1c(C(=O)Nc2cc(S(=O)(=O)N(CC)CC)ccc2O)[nH]c(C)c1C(=O)CO,116
5d3j_5d3j_conf0,5d3j_5d3j_conf0.mol2,[H]c1c([H])c(N([H])C(=O)c2c(C([H])([H])C([H])([H])[H])c(C(=O)C([H])([H])[H])c(C([H])([H])[H])n2[H])c([H])c(S(=O)(=O)N(C([H])([H])C([H])([H])[H])C([H])([H])C([H])([H])[H])c1[H],[H]c1c([H])c(N([H])C(=O)c2c(C([H])([H])C([H])([H])[H])c(C(=O)C([H])([H])[H])c(C([H])([H])[H])n2[H])c([H])c(S(=O)(=O)N(C([H])([H])C([H])([H])[H])C([H])([H])C([H])([H])[H])c1[H],CCc1c(C(=O)Nc2cccc(S(=O)(=O)N(CC)CC)c2)[nH]c(C)c1C(C)=O,CCc1c(C(=O)Nc2cccc(S(=O)(=O)N(CC)CC)c2)[nH]c(C)c1C(C)=O,055,CHEMBL3786456_0,CCc1c(C(=O)Nc2cccc(S(=O)(=O)N(CC)CC)c2)[nH]c(C)c1C(C)=O,165
5d3l_5d3l_conf0,5d3l_5d3l_conf0.mol2,[H]Oc1c([H])c(C([H])([H])[H])c(S(=O)(=O)N(C([H])([H])C([H])([H])[H])C([H])([H])C([H])([H])[H])c([H])c1N([H])C(=O)c1c(C([H])([H])C([H])([H])[H])c(C(=O)C([H])([H])[H])c(C([H])([H])[H])n1[H],[H]Oc1c([H])c(C([H])([H])[H])c(S(=O)(=O)N(C([H])([H])C([H])([H])[H])C([H])([H])C([H])([H])[H])c([H])c1N([H])C(=O)c1c(C([H])([H])C([H])([H])[H])c(C(=O)C([H])([H])[H])c(C([H])([H])[H])n1[H],CCc1c(C(=O)Nc2cc(S(=O)(=O)N(CC)CC)c(C)cc2O)[nH]c(C)c1C(C)=O,CCc1c(C(=O)Nc2cc(S(=O)(=O)N(CC)CC)c(C)cc2O)[nH]c(C)c1C(C)=O,059,CHEMBL3786700_1,CCc1c(C(=O)Nc2cc(S(=O)(=O)N(CC)CC)c(C)cc2O)[nH]c(C)c1C(C)=O,165
5d3n_5d3n_conf0,5d3n_5d3n_conf0.mol2,[H]c1c([H])c(S(=O)(=O)N([H])C([H])([H])[H])c([H])c(N([H])C(=O)c2c(C([H])([H])C([H])([H])[H])c(C(=O)C([H])([H])[H])c(C([H])([H])[H])n2[H])c1C([H])([H])[H],[H]c1c([H])c(S(=O)(=O)N([H])C([H])([H])[H])c([H])c(N([H])C(=O)c2c(C([H])([H])C([H])([H])[H])c(C(=O)C([H])([H])[H])c(C([H])([H])[H])n2[H])c1C([H])([H])[H],CCc1c(C(=O)Nc2cc(S(=O)(=O)NC)ccc2C)[nH]c(C)c1C(C)=O,CCc1c(C(=O)Nc2cc(S(=O)(=O)NC)ccc2C)[nH]c(C)c1C(C)=O,049,CHEMBL3785242_0,CCc1c(C(=O)Nc2cc(S(=O)(=O)NC)ccc2C)[nH]c(C)c1C(C)=O,121
5d3t_5d3t_conf0,5d3t_5d3t_conf0.mol2,[H]c1c([H])c(C(=O)N([H])[H])c([H])c(C([H])([H])N(C(=O)c2c(C([H])([H])C([H])([H])[H])c(C(=O)C([H])([H])[H])c(C([H])([H])[H])n2[H])C([H])([H])[H])c1[H],[H]c1c([H])c(C(=O)N([H])[H])c([H])c(C([H])([H])N(C(=O)c2c(C([H])([H])C([H])([H])[H])c(C(=O)C([H])([H])[H])c(C([H])([H])[H])n2[H])C([H])([H])[H])c1[H],CCc1c(C(=O)N(C)Cc2cccc(C(N)=O)c2)[nH]c(C)c1C(C)=O,CCc1c(C(=O)N(C)Cc2cccc(C(N)=O)c2)[nH]c(C)c1C(C)=O,048,CHEMBL3785707_0,CCc1c(C(=O)N(C)Cc2cccc(C(N)=O)c2)[nH]c(C)c1C(C)=O,48
5d45_5d45_conf0,5d45_5d45_conf0.mol2,[H]c1c([H])c([H])c(-c2c(-c3c([H])c([H])c([H])c([H])c3[H])n(C([H])([H])C([H])([H])C(=O)[O-])c3c([H])c([H])c(C4([H])C([H])([H])C4([H])[H])c([H])c23)c([H])c1[H],[H]c1c([H])c([H])c(-c2c(-c3c([H])c([H])c([H])c([H])c3[H])n(C([H])([H])C([H])([H])C(=O)[O-])c3c([H])c([H])c(C4([H])C([H])([H])C4([H])[H])c([H])c23)c([H])c1[H],O=C([O-])CCn1c(-c2ccccc2)c(-c2ccccc2)c2cc(C3CC3)ccc21,O=C([O-])CCn1c(-c2ccccc2)c(-c2ccccc2)c2cc(C3CC3)ccc21,051,CHEMBL3814575_0,O=C([O-])CCn1c(-c2ccccc2)c(-c2ccccc2)c2cc(C3CC3)ccc21,34
5d47_5d47_conf0,5d47_5d47_conf0.mol2,[H]c1nc([H])c(OC([H])([H])[H])c(-c2c(-c3c([H])c([H])c([H])c([H])c3[H])n(C([H])([H])C([H])([H])C(=O)[O-])c3c([H])c([H])c(C4([H])C([H])([H])C4([H])[H])c([H])c23)c1[H],[H]c1nc([H])c(OC([H])([H])[H])c(-c2c(-c3c([H])c([H])c([H])c([H])c3[H])n(C([H])([H])C([H])([H])C(=O)[O-])c3c([H])c([H])c(C4([H])C([H])([H])C4([H])[H])c([H])c23)c1[H],COc1cnccc1-c1c(-c2ccccc2)n(CCC(=O)[O-])c2ccc(C3CC3)cc12,COc1cnccc1-c1c(-c2ccccc2)n(CCC(=O)[O-])c2ccc(C3CC3)cc12,054,CHEMBL3813892_0,COc1cnccc1-c1c(-c2ccccc2)n(CCC(=O)[O-])c2ccc(C3CC3)cc12,89
5d48_5d48_conf0,5d48_5d48_conf0.mol2,[H]c1c([H])c(OC([H])(C([H])([H])[H])C([H])([H])[H])c([H])c(-c2c(-c3c(C([H])([H])[H])nn([H])c3C([H])([H])[H])c3c([H])c(C4([H])C([H])([H])C4([H])[H])c([H])c([H])c3n2C([H])([H])C([H])([H])C(=O)[O-])c1[H],[H]c1c([H])c(OC([H])(C([H])([H])[H])C([H])([H])[H])c([H])c(-c2c(-c3c(C([H])([H])[H])nn([H])c3C([H])([H])[H])c3c([H])c(C4([H])C([H])([H])C4([H])[H])c([H])c([H])c3n2C([H])([H])C([H])([H])C(=O)[O-])c1[H],Cc1n[nH]c(C)c1-c1c(-c2cccc(OC(C)C)c2)n(CCC(=O)[O-])c2ccc(C3CC3)cc12,Cc1n[nH]c(C)c1-c1c(-c2cccc(OC(C)C)c2)n(CCC(=O)[O-])c2ccc(C3CC3)cc12,064,CHEMBL3814634_0,Cc1n[nH]c(C)c1-c1c(-c2cccc(OC(C)C)c2)n(CCC(=O)[O-])c2ccc(C3CC3)cc12,173
5dh4_5dh4_conf0,5dh4_5dh4_conf0.mol2,[H]c1nn2c(N([H])C([H])([H])c3sc(C([H])([H])[H])nc3C([H])([H])[H])c([H])c(Cl)nc2c1[H],[H]c1nn2c(N([H])C([H])([H])c3sc(C([H])([H])[H])nc3C([H])([H])[H])c([H])c(Cl)nc2c1[H],Cc1nc(C)c(CNc2cc(Cl)nc3ccnn23)s1,Cc1nc(C)c(CNc2cc(Cl)nc3ccnn23)s1,031,CHEMBL3747347_0,Cc1nc(C)c(CNc2cc(Cl)nc3ccnn23)s1,30
5dq8_5dq8_conf0,5dq8_5dq8_conf0.mol2,[H]c1c([H])c([H])c(N([H])c2c([H])c([H])c([H])c(C(F)(F)F)c2[H])c(C(=O)[O-])c1[H],[H]c1c([H])c([H])c(N([H])c2c([H])c([H])c([H])c(C(F)(F)F)c2[H])c(C(=O)[O-])c1[H],O=C([O-])c1ccccc1Nc1cccc(C(F)(F)F)c1,O=C([O-])c1ccccc1Nc1cccc(C(F)(F)F)c1,029,CHEMBL23588_0,O=C([O-])c1ccccc1Nc1cccc(C(F)(F)F)c1,110
5dqe_5dqe_conf0,5dqe_5dqe_conf0.mol2,[H]c1c([H])c([H])c(N([H])c2c([H])c([H])c([H])c(Br)c2[H])c(C(=O)[O-])c1[H],[H]c1c([H])c([H])c(N([H])c2c([H])c([H])c([H])c(Br)c2[H])c(C(=O)[O-])c1[H],O=C([O-])c1ccccc1Nc1cccc(Br)c1,O=C([O-])c1ccccc1Nc1cccc(Br)c1,026,CHEMBL23827_0,O=C([O-])c1ccccc1Nc1cccc(Br)c1,102
5dx4_5dx4_conf0,5dx4_5dx4_conf0.mol2,[H]c1c([H])c(OC([H])([H])[H])c(S(=O)(=O)N([H])c2c([H])c([H])c3c4c(c([H])c([H])c([H])c24)C(=O)N3C([H])([H])C([H])([H])[H])c([H])c1Br,[H]c1c([H])c(OC([H])([H])[H])c(S(=O)(=O)N([H])c2c([H])c([H])c3c4c(c([H])c([H])c([H])c24)C(=O)N3C([H])([H])C([H])([H])[H])c([H])c1Br,CCN1C(=O)c2cccc3c(NS(=O)(=O)c4cc(Br)ccc4OC)ccc1c23,CCN1C(=O)c2cccc3c(NS(=O)(=O)c4cc(Br)ccc4OC)ccc1c23,045,CHEMBL3780429_1,CCN1C(=O)c2cccc3c(NS(=O)(=O)c4cc(Br)ccc4OC)ccc1c23,55
5dyo_5dyo_conf0,5dyo_5dyo_conf0.mol2,[H]Oc1c([H])c([H])c2c(-c3c([H])c([H])c([H])c([H])c3C(=O)[O-])c3c([H])c([H])c(=O)c([H])c-3oc2c1[H],[H]Oc1c([H])c([H])c2c(-c3c([H])c([H])c([H])c([H])c3C(=O)[O-])c3c([H])c([H])c(=O)c([H])c-3oc2c1[H],O=C([O-])c1ccccc1-c1c2ccc(=O)cc-2oc2cc(O)ccc12,O=C([O-])c1ccccc1-c1c2ccc(=O)cc-2oc2cc(O)ccc12,036,CHEMBL5195075_0,O=C([O-])c1ccccc1-c1c2ccc(=O)cc-2oc2cc(O)ccc12,2
5e28_5e28_conf0,5e28_5e28_conf0.mol2,[H]c1c([H])c(N([H])[H])c([H])c([H])c1-c1c([H])c([H])c(S(=O)(=O)N([H])[H])c([H])c1[H],[H]c1c([H])c(N([H])[H])c([H])c([H])c1-c1c([H])c([H])c(S(=O)(=O)N([H])[H])c([H])c1[H],Nc1ccc(-c2ccc(S(N)(=O)=O)cc2)cc1,Nc1ccc(-c2ccc(S(N)(=O)=O)cc2)cc1,029,CHEMBL3632831_0,Nc1ccc(-c2ccc(S(N)(=O)=O)cc2)cc1,3
5e2k_5e2k_conf0,5e2k_5e2k_conf0.mol2,[H]c1c([H])c(-c2c([H])c([H])c(S(=O)(=O)N([H])[H])c([H])c2[H])c([H])c(N([H])[H])c1[H],[H]c1c([H])c(-c2c([H])c([H])c(S(=O)(=O)N([H])[H])c([H])c2[H])c([H])c(N([H])[H])c1[H],Nc1cccc(-c2ccc(S(N)(=O)=O)cc2)c1,Nc1cccc(-c2ccc(S(N)(=O)=O)cc2)c1,029,CHEMBL3763967_0,Nc1cccc(-c2ccc(S(N)(=O)=O)cc2)c1,8
5e2l_5e2l_conf0,5e2l_5e2l_conf0.mol2,[H]c1c([H])c([H])c(C([H])([H])[C@]([H])(C(=O)[O-])[N+]([H])([H])[H])c([H])c1[H],[H]c1c([H])c([H])c(C([H])([H])C([H])(C(=O)[O-])[N+]([H])([H])[H])c([H])c1[H],[NH3+][C@H](Cc1ccccc1)C(=O)[O-],[NH3+]C(Cc1ccccc1)C(=O)[O-],023,CHEMBL25080_0,[NH3+][C@H](Cc1ccccc1)C(=O)[O-],11
5e2r_5e2r_conf0,5e2r_5e2r_conf0.mol2,[H]c1c([H])c(-c2c([H])c([H])c(S(=O)(=O)N([H])[H])c([H])c2[H])c([H])c([H])c1C(=O)c1c([H])c([H])c(N([H])[H])c([H])c1[H],[H]c1c([H])c(-c2c([H])c([H])c(S(=O)(=O)N([H])[H])c([H])c2[H])c([H])c([H])c1C(=O)c1c([H])c([H])c(N([H])[H])c([H])c1[H],Nc1ccc(C(=O)c2ccc(-c3ccc(S(N)(=O)=O)cc3)cc2)cc1,Nc1ccc(C(=O)c2ccc(-c3ccc(S(N)(=O)=O)cc3)cc2)cc1,041,CHEMBL3632844_0,Nc1ccc(C(=O)c2ccc(-c3ccc(S(N)(=O)=O)cc3)cc2)cc1,28
5e2s_5e2s_conf0,5e2s_5e2s_conf0.mol2,[H]c1c([H])c([H])c(C([H])(C([H])([H])[H])C([H])([H])[H])c(-c2c([H])c([H])c(S(=O)(=O)N([H])[H])c([H])c2[H])c1[H],[H]c1c([H])c([H])c(C([H])(C([H])([H])[H])C([H])([H])[H])c(-c2c([H])c([H])c(S(=O)(=O)N([H])[H])c([H])c2[H])c1[H],CC(C)c1ccccc1-c1ccc(S(N)(=O)=O)cc1,CC(C)c1ccccc1-c1ccc(S(N)(=O)=O)cc1,036,CHEMBL3763192_0,CC(C)c1ccccc1-c1ccc(S(N)(=O)=O)cc1,7
5e73_5e73_conf0,5e73_5e73_conf0.mol2,[H]Oc1c([H])c([H])c(C([H])([H])[H])c(N(C(=O)C([H])([H])[H])c2c([H])n(C(=O)C([H])([H])[H])c3c([H])c([H])c([H])c([H])c23)c1[H],[H]Oc1c([H])c([H])c(C([H])([H])[H])c(N(C(=O)C([H])([H])[H])c2c([H])n(C(=O)C([H])([H])[H])c3c([H])c([H])c([H])c([H])c23)c1[H],CC(=O)N(c1cc(O)ccc1C)c1cn(C(C)=O)c2ccccc12,CC(=O)N(c1cc(O)ccc1C)c1cn(C(C)=O)c2ccccc12,042,CHEMBL3810055_0,CC(=O)N(c1cc(O)ccc1C)c1cn(C(C)=O)c2ccccc12,67
5e74_5e74_conf0,5e74_5e74_conf0.mol2,[H]Oc1c([H])c([H])c(C([H])([H])[H])c(N(C(=O)c2c([H])c([H])c([H])c(C(F)(F)F)c2[H])c2c([H])n(C(=O)C([H])([H])[H])c3c([H])c([H])c([H])c([H])c23)c1[H],[H]Oc1c([H])c([H])c(C([H])([H])[H])c(N(C(=O)c2c([H])c([H])c([H])c(C(F)(F)F)c2[H])c2c([H])n(C(=O)C([H])([H])[H])c3c([H])c([H])c([H])c([H])c23)c1[H],CC(=O)n1cc(N(C(=O)c2cccc(C(F)(F)F)c2)c2cc(O)ccc2C)c2ccccc21,CC(=O)n1cc(N(C(=O)c2cccc(C(F)(F)F)c2)c2cc(O)ccc2C)c2ccccc21,052,CHEMBL3809983_0,CC(=O)n1cc(N(C(=O)c2cccc(C(F)(F)F)c2)c2cc(O)ccc2C)c2ccccc21,101
5e7n_5e7n_conf0,5e7n_5e7n_conf0.mol2,[H]c1c([H])c([H])c(N([H])C(=O)c2c([H])c([H])c(C([H])([H])[H])c(S(=O)(=O)N([H])c3c([H])c([H])c(Br)c([H])c3[H])c2[H])c(C(=O)[O-])c1[H],[H]c1c([H])c([H])c(N([H])C(=O)c2c([H])c([H])c(C([H])([H])[H])c(S(=O)(=O)N([H])c3c([H])c([H])c(Br)c([H])c3[H])c2[H])c(C(=O)[O-])c1[H],Cc1ccc(C(=O)Nc2ccccc2C(=O)[O-])cc1S(=O)(=O)Nc1ccc(Br)cc1,Cc1ccc(C(=O)Nc2ccccc2C(=O)[O-])cc1S(=O)(=O)Nc1ccc(Br)cc1,046,CHEMBL1725519_0,Cc1ccc(C(=O)Nc2ccccc2C(=O)[O-])cc1S(=O)(=O)Nc1ccc(Br)cc1,61
5edb_5edb_conf0,5edb_5edb_conf0.mol2,[H]c1c([H])c([H])c(-c2c(C(=O)[O-])c(C([H])([H])[H])nc3c([H])c([H])c(Cl)c([H])c23)c([H])c1[H],[H]c1c([H])c([H])c(-c2c(C(=O)[O-])c(C([H])([H])[H])nc3c([H])c([H])c(Cl)c([H])c23)c([H])c1[H],Cc1nc2ccc(Cl)cc2c(-c2ccccc2)c1C(=O)[O-],Cc1nc2ccc(Cl)cc2c(-c2ccccc2)c1C(=O)[O-],032,CHEMBL1493346_0,Cc1nc2ccc(Cl)cc2c(-c2ccccc2)c1C(=O)[O-],1
5edc_5edc_conf0,5edc_5edc_conf0.mol2,[H]c1c([H])c([H])c(-c2c(C(=O)[O-])c(N3C([H])([H])C([H])([H])C([H])([H])C([H])([H])C3([H])[H])nc3c([H])c([H])c(Cl)c([H])c23)c([H])c1[H],[H]c1c([H])c([H])c(-c2c(C(=O)[O-])c(N3C([H])([H])C([H])([H])C([H])([H])C([H])([H])C3([H])[H])nc3c([H])c([H])c(Cl)c([H])c23)c([H])c1[H],O=C([O-])c1c(N2CCCCC2)nc2ccc(Cl)cc2c1-c1ccccc1,O=C([O-])c1c(N2CCCCC2)nc2ccc(Cl)cc2c1-c1ccccc1,044,CHEMBL3941588_0,O=C([O-])c1c(N2CCCCC2)nc2ccc(Cl)cc2c1-c1ccccc1,4
5eei_5eei_conf0,5eei_5eei_conf0.mol2,[H]ON([H])C(=O)C([H])([H])C([H])([H])C([H])([H])C([H])([H])C([H])([H])C([H])([H])C(=O)N([H])c1c([H])c([H])c([H])c([H])c1[H],[H]ON([H])C(=O)C([H])([H])C([H])([H])C([H])([H])C([H])([H])C([H])([H])C([H])([H])C(=O)N([H])c1c([H])c([H])c([H])c([H])c1[H],O=C(CCCCCCC(=O)Nc1ccccc1)NO,O=C(CCCCCCC(=O)Nc1ccccc1)NO,039,CHEMBL98_0,O=C(CCCCCCC(=O)Nc1ccccc1)NO,200
5ef7_5ef7_conf0,5ef7_5ef7_conf0.mol2,[H]ON([H])C(=O)c1c([H])c([H])c(C([H])([H])C(=O)N(c2c([H])c([H])c([H])c([H])c2[H])C([H])([H])C([H])([H])O[H])c([H])c1[H],[H]ON([H])C(=O)c1c([H])c([H])c(C([H])([H])C(=O)N(c2c([H])c([H])c([H])c([H])c2[H])C([H])([H])C([H])([H])O[H])c([H])c1[H],O=C(NO)c1ccc(CC(=O)N(CCO)c2ccccc2)cc1,O=C(NO)c1ccc(CC(=O)N(CCO)c2ccccc2)cc1,041,CHEMBL4066043_0,O=C(NO)c1ccc(CC(=O)N(CCO)c2ccccc2)cc1,97
5ehr_5ehr_conf0,5ehr_5ehr_conf0.mol2,[H]c1nc(-c2c([H])c([H])c([H])c(Cl)c2Cl)c(N([H])[H])nc1N1C([H])([H])C([H])([H])C(C([H])([H])[H])([N+]([H])([H])[H])C([H])([H])C1([H])[H],[H]c1nc(-c2c([H])c([H])c([H])c(Cl)c2Cl)c(N([H])[H])nc1N1C([H])([H])C([H])([H])C(C([H])([H])[H])([N+]([H])([H])[H])C([H])([H])C1([H])[H],CC1([NH3+])CCN(c2cnc(-c3cccc(Cl)c3Cl)c(N)n2)CC1,CC1([NH3+])CCN(c2cnc(-c3cccc(Cl)c3Cl)c(N)n2)CC1,043,CHEMBL4060033_0,CC1([NH3+])CCN(c2cnc(-c3cccc(Cl)c3Cl)c(N)n2)CC1,53
5eis_5eis_conf0,5eis_5eis_conf0.mol2,[H]c1c([H])c(C([H])([H])n2c(=O)n([H])c(=O)c3c2nc([H])n3C([H])([H])C([H])([H])[H])c([H])c([H])c1Cl,[H]c1c([H])c(C([H])([H])n2c(=O)n([H])c(=O)c3c2nc([H])n3C([H])([H])C([H])([H])[H])c([H])c([H])c1Cl,CCn1cnc2c1c(=O)[nH]c(=O)n2Cc1ccc(Cl)cc1,CCn1cnc2c1c(=O)[nH]c(=O)n2Cc1ccc(Cl)cc1,034,CHEMBL3775058_0,CCn1cnc2c1c(=O)[nH]c(=O)n2Cc1ccc(Cl)cc1,16
5elw_5elw_conf0,5elw_5elw_conf0.mol2,[H]O[C@]([H])(C([H])([H])n1nc([H])nc1[H])C([H])([H])P(=O)([O-])[O-],[H]OC([H])(C([H])([H])n1nc([H])nc1[H])C([H])([H])P(=O)([O-])[O-],O=P([O-])([O-])C[C@H](O)Cn1cncn1,O=P([O-])([O-])CC(O)Cn1cncn1,021,CHEMBL50542_0,O=P([O-])([O-])C[C@H](O)Cn1cncn1,143
5ep7_5ep7_conf0,5ep7_5ep7_conf0.mol2,[H]c1c([H])c(C(=O)[O-])c([H])c(N([H])C(=O)c2c([H])c([H])c(=O)n(C([H])([H])[H])c2[H])c1[H],[H]c1c([H])c(C(=O)[O-])c([H])c(N([H])C(=O)c2c([H])c([H])c(=O)n(C([H])([H])[H])c2[H])c1[H],Cn1cc(C(=O)Nc2cccc(C(=O)[O-])c2)ccc1=O,Cn1cc(C(=O)Nc2cccc(C(=O)[O-])c2)ccc1=O,031,CHEMBL4218324_0,Cn1cc(C(=O)Nc2cccc(C(=O)[O-])c2)ccc1=O,10
5eq1_5eq1_conf0,5eq1_5eq1_conf0.mol2,[H]c1c([H])c(C([H])([H])[H])c2c(sc3nnc([H])n32)c1[H],[H]c1c([H])c(C([H])([H])[H])c2c(sc3nnc([H])n32)c1[H],Cc1cccc2sc3nncn3c12,Cc1cccc2sc3nncn3c12,020,CHEMBL357021_0,Cc1cccc2sc3nncn3c12,1
5etb_5etb_conf0,5etb_5etb_conf0.mol2,[H]c1c([H])c(C([H])([H])[H])c2c(c1[H])c(C(=O)C([H])([H])[H])c([H])n2[H],[H]c1c([H])c(C([H])([H])[H])c2c(c1[H])c(C(=O)C([H])([H])[H])c([H])n2[H],CC(=O)c1c[nH]c2c(C)cccc12,CC(=O)c1c[nH]c2c(C)cccc12,024,CHEMBL3817859_0,CC(=O)c1c[nH]c2c(C)cccc12,2
5eu1_5eu1_conf0,5eu1_5eu1_conf0.mol2,[H]c1nc([H])c2c(=O)n(C([H])([H])[H])c([H])c(-c3c([H])c(OC([H])([H])[H])c(C([H])([H])[N+]([H])(C([H])([H])[H])C([H])([H])[H])c(OC([H])([H])[H])c3[H])c2c1[H],[H]c1nc([H])c2c(=O)n(C([H])([H])[H])c([H])c(-c3c([H])c(OC([H])([H])[H])c(C([H])([H])[N+]([H])(C([H])([H])[H])C([H])([H])[H])c(OC([H])([H])[H])c3[H])c2c1[H],COc1cc(-c2cn(C)c(=O)c3cnccc23)cc(OC)c1C[NH+](C)C,COc1cc(-c2cn(C)c(=O)c3cnccc23)cc(OC)c1C[NH+](C)C,050,CHEMBL3823478_0,COc1cc(-c2cn(C)c(=O)c3cnccc23)cc(OC)c1C[NH+](C)C,16
5ewk_5ewk_conf0,5ewk_5ewk_conf0.mol2,[H]c1c([H])c([H])c2c(c1[H])c(=O)n([H])c1c([H])c([H])c(N([H])C(=O)C([H])([H])[N+]([H])(C([H])([H])[H])C([H])([H])[H])c([H])c21,[H]c1c([H])c([H])c2c(c1[H])c(=O)n([H])c1c([H])c([H])c(N([H])C(=O)C([H])([H])[N+]([H])(C([H])([H])[H])C([H])([H])[H])c([H])c21,C[NH+](C)CC(=O)Nc1ccc2[nH]c(=O)c3ccccc3c2c1,C[NH+](C)CC(=O)Nc1ccc2[nH]c(=O)c3ccccc3c2c1,040,CHEMBL372303_0,C[NH+](C)CC(=O)Nc1ccc2[nH]c(=O)c3ccccc3c2c1,28
5f1h_5f1h_conf0,5f1h_5f1h_conf0.mol2,[H]c1nc([H])c2c(=O)n(C([H])([H])[H])c([H])c(-c3c([H])c(OC([H])([H])[H])c(C([H])([H])[N+]([H])(C([H])([H])[H])C([H])([H])[H])c([H])c3OC([H])([H])[H])c2c1[H],[H]c1nc([H])c2c(=O)n(C([H])([H])[H])c([H])c(-c3c([H])c(OC([H])([H])[H])c(C([H])([H])[N+]([H])(C([H])([H])[H])C([H])([H])[H])c([H])c3OC([H])([H])[H])c2c1[H],COc1cc(-c2cn(C)c(=O)c3cnccc23)c(OC)cc1C[NH+](C)C,COc1cc(-c2cn(C)c(=O)c3cnccc23)c(OC)cc1C[NH+](C)C,050,CHEMBL3823101_0,COc1cc(-c2cn(C)c(=O)c3cnccc23)c(OC)cc1C[NH+](C)C,33
5f25_5f25_conf0,5f25_5f25_conf0.mol2,[H]c1c([H])c(-c2c([H])c(C([H])([H])[H])c(=O)n(C([H])([H])[H])c2[H])c([H])c([H])c1C(=O)N([H])[H],[H]c1c([H])c(-c2c([H])c(C([H])([H])[H])c(=O)n(C([H])([H])[H])c2[H])c([H])c([H])c1C(=O)N([H])[H],Cc1cc(-c2ccc(C(N)=O)cc2)cn(C)c1=O,Cc1cc(-c2ccc(C(N)=O)cc2)cn(C)c1=O,032,CHEMBL3822498_0,Cc1cc(-c2ccc(C(N)=O)cc2)cn(C)c1=O,2
5f2p_5f2p_conf0,5f2p_5f2p_conf0.mol2,[H]c1c([H])n(C([H])([H])[H])c(=O)c2c([H])nc(N(C([H])([H])[H])C([H])([H])[H])nc12,[H]c1c([H])n(C([H])([H])[H])c(=O)c2c([H])nc(N(C([H])([H])[H])C([H])([H])[H])nc12,CN(C)c1ncc2c(=O)n(C)ccc2n1,CN(C)c1ncc2c(=O)n(C)ccc2n1,027,CHEMBL3824040_0,CN(C)c1ncc2c(=O)n(C)ccc2n1,1
5fbi_5fbi_conf0,5fbi_5fbi_conf0.mol2,[H]c1c([H])c(C(=O)[O-])c([H])c(C([H])([H])Oc2c([H])c([H])c3c(c2[H])c([H])c(C(=O)N([H])[H])n3[H])c1[H],[H]c1c([H])c(C(=O)[O-])c([H])c(C([H])([H])Oc2c([H])c([H])c3c(c2[H])c([H])c(C(=O)N([H])[H])n3[H])c1[H],NC(=O)c1cc2cc(OCc3cccc(C(=O)[O-])c3)ccc2[nH]1,NC(=O)c1cc2cc(OCc3cccc(C(=O)[O-])c3)ccc2[nH]1,036,CHEMBL4068335_0,NC(=O)c1cc2cc(OCc3cccc(C(=O)[O-])c3)ccc2[nH]1,51
5fdc_5fdc_conf0,5fdc_5fdc_conf0.mol2,[H]c1sc2c([H])c([H])c([H])c([H])c2c1C([H])([H])N([H])S(=O)(=O)N([H])[H],[H]c1sc2c([H])c([H])c([H])c([H])c2c1C([H])([H])N([H])S(=O)(=O)N([H])[H],NS(=O)(=O)NCc1csc2ccccc12,NS(=O)(=O)NCc1csc2ccccc12,025,CHEMBL466517_0,NS(=O)(=O)NCc1csc2ccccc12,182
5fe7_5fe7_conf0,5fe7_5fe7_conf0.mol2,[H]OC([H])([H])C([H])([H])n1nc(C([H])([H])[H])c2c1C([H])([H])C([H])([H])C([H])([H])C2=O,[H]OC([H])([H])C([H])([H])n1nc(C([H])([H])[H])c2c1C([H])([H])C([H])([H])C([H])([H])C2=O,Cc1nn(CCO)c2c1C(=O)CCC2,Cc1nn(CCO)c2c1C(=O)CCC2,028,CHEMBL1334347_0,Cc1nn(CCO)c2c1C(=O)CCC2,23
5fl4_5fl4_conf0,5fl4_5fl4_conf0.mol2,[H]c1c(-c2nnn(-c3c([H])c([H])c([H])c4c([H])c([H])c([H])c([H])c34)c2[H])sc(S(=O)(=O)N([H])[H])c1[H],[H]c1c(-c2nnn(-c3c([H])c([H])c([H])c4c([H])c([H])c([H])c([H])c34)c2[H])sc(S(=O)(=O)N([H])[H])c1[H],NS(=O)(=O)c1ccc(-c2cn(-c3cccc4ccccc34)nn2)s1,NS(=O)(=O)c1ccc(-c2cn(-c3cccc4ccccc34)nn2)s1,036,CHEMBL2414068_0,NS(=O)(=O)c1ccc(-c2cn(-c3cccc4ccccc34)nn2)s1,24
5fl5_5fl5_conf0,5fl5_5fl5_conf0.mol2,[H]c1c(-c2nnn(-c3c([H])c([H])c(OC([H])([H])[H])c([H])c3[H])c2[H])sc(S(=O)(=O)N([H])[H])c1[H],[H]c1c(-c2nnn(-c3c([H])c([H])c(OC([H])([H])[H])c([H])c3[H])c2[H])sc(S(=O)(=O)N([H])[H])c1[H],COc1ccc(-n2cc(-c3ccc(S(N)(=O)=O)s3)nn2)cc1,COc1ccc(-n2cc(-c3ccc(S(N)(=O)=O)s3)nn2)cc1,034,CHEMBL2414067_0,COc1ccc(-n2cc(-c3ccc(S(N)(=O)=O)s3)nn2)cc1,46
5fl6_5fl6_conf0,5fl6_5fl6_conf0.mol2,[H]c1c(-c2nnn(-c3c([H])c([H])c(C([H])([H])[H])c([H])c3[H])c2[H])sc(S(=O)(=O)N([H])[H])c1[H],[H]c1c(-c2nnn(-c3c([H])c([H])c(C([H])([H])[H])c([H])c3[H])c2[H])sc(S(=O)(=O)N([H])[H])c1[H],Cc1ccc(-n2cc(-c3ccc(S(N)(=O)=O)s3)nn2)cc1,Cc1ccc(-n2cc(-c3ccc(S(N)(=O)=O)s3)nn2)cc1,033,CHEMBL2414065_0,Cc1ccc(-n2cc(-c3ccc(S(N)(=O)=O)s3)nn2)cc1,16
5flt_5flt_conf0,5flt_5flt_conf0.mol2,[H]c1c([H])c([H])c(Oc2c([H])c([H])c([H])c(C(=O)[O-])c2[H])c([H])c1[H],[H]c1c([H])c([H])c(Oc2c([H])c([H])c([H])c(C(=O)[O-])c2[H])c([H])c1[H],O=C([O-])c1cccc(Oc2ccccc2)c1,O=C([O-])c1cccc(Oc2ccccc2)c1,025,CHEMBL663_0,O=C([O-])c1cccc(Oc2ccccc2)c1,18
5g1z_5g1z_conf0,5g1z_5g1z_conf0.mol2,[H]c1nc2c([H])c([H])c(OC([H])([H])[H])c([H])c2c(SC([H])([H])C([H])([H])C#N)c1C(=O)OC([H])([H])C([H])([H])[H],[H]c1nc2c([H])c([H])c(OC([H])([H])[H])c([H])c2c(SC([H])([H])C([H])([H])C#N)c1C(=O)OC([H])([H])C([H])([H])[H],CCOC(=O)c1cnc2ccc(OC)cc2c1SCCC#N,CCOC(=O)c1cnc2ccc(OC)cc2c1SCCC#N,038,CHEMBL2036502_0,CCOC(=O)c1cnc2ccc(OC)cc2c1SCCC#N,80
5g2b_5g2b_conf0,5g2b_5g2b_conf0.mol2,[H]C1=C([H])C([H])([H])[C@@]2([H])C(=O)N(C3([H])C([H])([H])C([H])([H])C([H])([H])C([H])([H])C([H])([H])C3([H])[H])N=C(c3c([H])c([H])c(OC([H])([H])[H])c(-c4c([H])c([H])c(C(=O)N([H])C([H])([H])C(=O)N([H])[H])c([H])c4[H])c3[H])[C@@]2([H])C1([H])[H],[H]C1=C([H])C([H])([H])C2([H])C(c3c([H])c([H])c(OC([H])([H])[H])c(-c4c([H])c([H])c(C(=O)N([H])C([H])([H])C(=O)N([H])[H])c([H])c4[H])c3[H])=NN(C3([H])C([H])([H])C([H])([H])C([H])([H])C([H])([H])C([H])([H])C3([H])[H])C(=O)C2([H])C1([H])[H],COc1ccc(C2=NN(C3CCCCCC3)C(=O)[C@@H]3CC=CC[C@H]23)cc1-c1ccc(C(=O)NCC(N)=O)cc1,COc1ccc(C2=NN(C3CCCCCC3)C(=O)C3CC=CCC23)cc1-c1ccc(C(=O)NCC(N)=O)cc1,075,CHEMBL4209972_0,COc1ccc(C2=NN(C3CCCCCC3)C(=O)[C@@H]3CC=CC[C@H]23)cc1-c1ccc(C(=O)NCC(N)=O)cc1,174
5gj9_5gj9_conf0,5gj9_5gj9_conf0.mol2,[H]c1nc([H])c(C(=O)[O-])nc1[H],[H]c1nc([H])c(C(=O)[O-])nc1[H],O=C([O-])c1cnccn1,O=C([O-])c1cnccn1,012,CHEMBL613_0,O=C([O-])c1cnccn1,1
5gja_5gja_conf0,5gja_5gja_conf0.mol2,[H]c1nc(C(=O)[O-])c([H])c([H])c1[H],[H]c1nc(C(=O)[O-])c([H])c([H])c1[H],O=C([O-])c1ccccn1,O=C([O-])c1ccccn1,013,CHEMBL72628_0,O=C([O-])c1ccccn1,1
5gmh_5gmh_conf0,5gmh_5gmh_conf0.mol2,[H]OC(C([H])([H])[H])(C([H])([H])[H])C([H])([H])n1c(C([H])([H])OC([H])([H])C([H])([H])[H])nc2c(N([H])[H])nc3c([H])c([H])c([H])c([H])c3c21,[H]OC(C([H])([H])[H])(C([H])([H])[H])C([H])([H])n1c(C([H])([H])OC([H])([H])C([H])([H])[H])nc2c(N([H])[H])nc3c([H])c([H])c([H])c([H])c3c21,CCOCc1nc2c(N)nc3ccccc3c2n1CC(C)(C)O,CCOCc1nc2c(N)nc3ccccc3c2n1CC(C)(C)O,045,CHEMBL383322_0,CCOCc1nc2c(N)nc3ccccc3c2n1CC(C)(C)O,200
5gmn_5gmn_conf0,5gmn_5gmn_conf0.mol2,[H]c1c([H])c(F)c([H])c(C2=C(c3c([H])c([H])c(S(=O)(=O)N([H])[H])c([H])c3[H])OC(C([H])([H])[H])(C([H])([H])[H])C2=O)c1[H],[H]c1c([H])c(F)c([H])c(C2=C(c3c([H])c([H])c(S(=O)(=O)N([H])[H])c([H])c3[H])OC(C([H])([H])[H])(C([H])([H])[H])C2=O)c1[H],CC1(C)OC(c2ccc(S(N)(=O)=O)cc2)=C(c2cccc(F)c2)C1=O,CC1(C)OC(c2ccc(S(N)(=O)=O)cc2)=C(c2cccc(F)c2)C1=O,041,CHEMBL166863_0,CC1(C)OC(c2ccc(S(N)(=O)=O)cc2)=C(c2cccc(F)c2)C1=O,109
5gsa_5gsa_conf0,5gsa_5gsa_conf0.mol2,[H]c1nc(N([H])C([H])([H])c2oc([H])c([H])c2[H])n2c([H])nnc2c1-c1c([H])c([H])c(S(=O)(=O)C([H])([H])[H])c([H])c1[H],[H]c1nc(N([H])C([H])([H])c2oc([H])c([H])c2[H])n2c([H])nnc2c1-c1c([H])c([H])c(S(=O)(=O)C([H])([H])[H])c([H])c1[H],CS(=O)(=O)c1ccc(-c2cnc(NCc3ccco3)n3cnnc23)cc1,CS(=O)(=O)c1ccc(-c2cnc(NCc3ccco3)n3cnnc23)cc1,041,CHEMBL4065484_0,CS(=O)(=O)c1ccc(-c2cnc(NCc3ccco3)n3cnnc23)cc1,63
5h1u_5h1u_conf0,5h1u_5h1u_conf0.mol2,[H]c1c(C(=O)N([H])[H])c([H])c2sc(N([H])[H])nc2c1[H],[H]c1c(C(=O)N([H])[H])c([H])c2sc(N([H])[H])nc2c1[H],NC(=O)c1ccc2nc(N)sc2c1,NC(=O)c1ccc2nc(N)sc2c1,020,CHEMBL5271824_0,NC(=O)c1ccc2nc(N)sc2c1,2
5h85_5h85_conf0,5h85_5h85_conf0.mol2,[H]c1nc(N([H])C(=O)c2c([H])c([H])c([H])c(C(=O)OC([H])([H])[H])c2[H])c2c(n1)nc([H])n2[H],[H]c1nc(N([H])C(=O)c2c([H])c([H])c([H])c(C(=O)OC([H])([H])[H])c2[H])c2c(n1)nc([H])n2[H],COC(=O)c1cccc(C(=O)Nc2ncnc3nc[nH]c23)c1,COC(=O)c1cccc(C(=O)Nc2ncnc3nc[nH]c23)c1,033,CHEMBL4210917_0,COC(=O)c1cccc(C(=O)Nc2ncnc3nc[nH]c23)c1,19
5ha1_5ha1_conf0,5ha1_5ha1_conf0.mol2,[H]\C(C1=C(C([H])([H])[H])C([H])([H])C([H])([H])C([H])([H])C1(C([H])([H])[H])C([H])([H])[H])=C([H])/C(=C([H])/C([H])=C([H])/C(=C(\[H])C([H])([H])[N+]([H])([H])[H])C([H])([H])[H])C([H])([H])[H],[H]C(=C([H])C(=C([H])C([H])([H])[N+]([H])([H])[H])C([H])([H])[H])C([H])=C(C([H])=C([H])C1=C(C([H])([H])[H])C([H])([H])C([H])([H])C([H])([H])C1(C([H])([H])[H])C([H])([H])[H])C([H])([H])[H],CC1=C(/C=C/C(C)=C/C=C/C(C)=C/C[NH3+])C(C)(C)CCC1,CC(C=CC1=C(C)CCCC1(C)C)=CC=CC(C)=CC[NH3+],053,CHEMBL4566718_0,CC1=C(/C=C/C(C)=C/C=C/C(C)=C/C[NH3+])C(C)(C)CCC1,51
5hbs_5hbs_conf0,5hbs_5hbs_conf0.mol2,[H]OC([H])([H])/C([H])=C(/C([H])=C([H])/C([H])=C(/C([H])=C(\[H])C1=C(C([H])([H])[H])C([H])([H])C([H])([H])C([H])([H])C1(C([H])([H])[H])C([H])([H])[H])C([H])([H])[H])C([H])([H])[H],[H]OC([H])([H])C([H])=C(C([H])=C([H])C([H])=C(C([H])=C([H])C1=C(C([H])([H])[H])C([H])([H])C([H])([H])C([H])([H])C1(C([H])([H])[H])C([H])([H])[H])C([H])([H])[H])C([H])([H])[H],CC1=C(/C=C/C(C)=C/C=C/C(C)=C/CO)C(C)(C)CCC1,CC(C=CC1=C(C)CCCC1(C)C)=CC=CC(C)=CCO,051,CHEMBL986_0,CC1=C(/C=C/C(C)=C/C=C/C(C)=C/CO)C(C)(C)CCC1,180
5hcv_5hcv_conf0,5hcv_5hcv_conf0.mol2,[H]/C(=C1\c2c([H])c([H])c(F)c([H])c2OC([H])([H])c2c([H])c([H])c([H])c([H])c21)c1c([H])c([H])c2c(c1[H])N([H])C(=O)C([H])([H])O2,[H]C(=C1c2c([H])c([H])c(F)c([H])c2OC([H])([H])c2c([H])c([H])c([H])c([H])c21)c1c([H])c([H])c2c(c1[H])N([H])C(=O)C([H])([H])O2,O=C1COc2ccc(/C=C3\c4ccccc4COc4cc(F)ccc43)cc2N1,O=C1COc2ccc(C=C3c4ccccc4COc4cc(F)ccc43)cc2N1,044,CHEMBL3775752_0,O=C1COc2ccc(/C=C3\c4ccccc4COc4cc(F)ccc43)cc2N1,8
5hcy_5hcy_conf0,5hcy_5hcy_conf0.mol2,[H]c1nc(-c2c([H])nn(S(=O)(=O)C3([H])C([H])([H])C3([H])[H])c2[H])nc(N([H])c2nc([H])c3c(C(=O)N([H])C4([H])C([H])([H])C([H])([H])OC([H])([H])C4([H])[H])c([H])n(C([H])(C([H])([H])[H])C([H])([H])[H])c3c2[H])c1[H],[H]c1nc(-c2c([H])nn(S(=O)(=O)C3([H])C([H])([H])C3([H])[H])c2[H])nc(N([H])c2nc([H])c3c(C(=O)N([H])C4([H])C([H])([H])C([H])([H])OC([H])([H])C4([H])[H])c([H])n(C([H])(C([H])([H])[H])C([H])([H])[H])c3c2[H])c1[H],CC(C)n1cc(C(=O)NC2CCOCC2)c2cnc(Nc3ccnc(-c4cnn(S(=O)(=O)C5CC5)c4)n3)cc21,CC(C)n1cc(C(=O)NC2CCOCC2)c2cnc(Nc3ccnc(-c4cnn(S(=O)(=O)C5CC5)c4)n3)cc21,069,CHEMBL5279275_0,CC(C)n1cc(C(=O)NC2CCOCC2)c2cnc(Nc3ccnc(-c4cnn(S(=O)(=O)C5CC5)c4)n3)cc21,97
5his_5his_conf0,5his_5his_conf0.mol2,[H]c1sc(C(=O)[O-])c(C([H])([H])[H])c1[H],[H]c1sc(C(=O)[O-])c(C([H])([H])[H])c1[H],Cc1ccsc1C(=O)[O-],Cc1ccsc1C(=O)[O-],014,CHEMBL4285249_0,Cc1ccsc1C(=O)[O-],2
5hrv_5hrv_conf0,5hrv_5hrv_conf0.mol2,[H]c1c([H])c([H])c2c(c1[H])c(=O)oc1nn([H])c(C([H])([H])C([H])([H])[H])c12,[H]c1c([H])c([H])c2c(c1[H])c(=O)oc1nn([H])c(C([H])([H])C([H])([H])[H])c12,CCc1[nH]nc2oc(=O)c3ccccc3c12,CCc1[nH]nc2oc(=O)c3ccccc3c12,026,CHEMBL3966713_0,CCc1[nH]nc2oc(=O)c3ccccc3c12,2
5hvs_5hvs_conf0,5hvs_5hvs_conf0.mol2,[H]Oc1c([H])c([H])c(-n2nnc(-c3nc4c([H])c([H])c([H])c(Oc5c([H])c([H])c([H])c(C(=O)[O-])c5[H])c4c([H])c3[H])c2[H])c([H])c1F,[H]Oc1c([H])c([H])c(-n2nnc(-c3nc4c([H])c([H])c([H])c(Oc5c([H])c([H])c([H])c(C(=O)[O-])c5[H])c4c([H])c3[H])c2[H])c([H])c1F,O=C([O-])c1cccc(Oc2cccc3nc(-c4cn(-c5ccc(O)c(F)c5)nn4)ccc23)c1,O=C([O-])c1cccc(Oc2cccc3nc(-c4cn(-c5ccc(O)c(F)c5)nn4)ccc23)c1,047,CHEMBL3917143_0,O=C([O-])c1cccc(Oc2cccc3nc(-c4cn(-c5ccc(O)c(F)c5)nn4)ccc23)c1,101
5hz5_5hz5_conf0,5hz5_5hz5_conf0.mol2,[H]c1c([H])c([H])c(-c2c(-c3nnnn3[H])c(N3C([H])([H])C([H])([H])C([H])([H])C([H])([H])C3([H])[H])nc3c([H])c([H])c(Cl)c([H])c23)c([H])c1[H],[H]c1c([H])c([H])c(-c2c(-c3nnnn3[H])c(N3C([H])([H])C([H])([H])C([H])([H])C([H])([H])C3([H])[H])nc3c([H])c([H])c(Cl)c([H])c23)c([H])c1[H],Clc1ccc2nc(N3CCCCC3)c(-c3nnn[nH]3)c(-c3ccccc3)c2c1,Clc1ccc2nc(N3CCCCC3)c(-c3nnn[nH]3)c(-c3ccccc3)c2c1,047,CHEMBL3959018_1,Clc1ccc2nc(N3CCCCC3)c(-c3nnn[nH]3)c(-c3ccccc3)c2c1,4
5hz8_5hz8_conf0,5hz8_5hz8_conf0.mol2,[H]c1c([H])c([H])c(-c2c(C(=O)[O-])c(N3C([H])([H])C([H])([H])C([H])([H])C([H])([H])C3([H])[H])nc3c(Cl)c([H])c(Cl)c([H])c23)c([H])c1[H],[H]c1c([H])c([H])c(-c2c(C(=O)[O-])c(N3C([H])([H])C([H])([H])C([H])([H])C([H])([H])C3([H])[H])nc3c(Cl)c([H])c(Cl)c([H])c23)c([H])c1[H],O=C([O-])c1c(N2CCCCC2)nc2c(Cl)cc(Cl)cc2c1-c1ccccc1,O=C([O-])c1c(N2CCCCC2)nc2c(Cl)cc(Cl)cc2c1-c1ccccc1,044,CHEMBL3971182_0,O=C([O-])c1c(N2CCCCC2)nc2c(Cl)cc(Cl)cc2c1-c1ccccc1,5
5hz9_5hz9_conf0,5hz9_5hz9_conf0.mol2,[H]c1c([H])c([H])c(-c2c(C(=O)[O-])c(C([H])([H])[H])nc3c([H])c([H])c(Cl)c([H])c23)c([H])c1[H],[H]c1c([H])c([H])c(-c2c(C(=O)[O-])c(C([H])([H])[H])nc3c([H])c([H])c(Cl)c([H])c23)c([H])c1[H],Cc1nc2ccc(Cl)cc2c(-c2ccccc2)c1C(=O)[O-],Cc1nc2ccc(Cl)cc2c(-c2ccccc2)c1C(=O)[O-],032,CHEMBL1493346_0,Cc1nc2ccc(Cl)cc2c(-c2ccccc2)c1C(=O)[O-],1
5i29_5i29_conf0,5i29_5i29_conf0.mol2,[H]c1c([H])c(C(=O)N(C([H])([H])[H])C([H])([H])[H])c([H])c(-c2c([H])n(C([H])([H])[H])c(=O)c3c2c([H])c([H])n3[H])c1[H],[H]c1c([H])c(C(=O)N(C([H])([H])[H])C([H])([H])[H])c([H])c(-c2c([H])n(C([H])([H])[H])c(=O)c3c2c([H])c([H])n3[H])c1[H],CN(C)C(=O)c1cccc(-c2cn(C)c(=O)c3[nH]ccc23)c1,CN(C)C(=O)c1cccc(-c2cn(C)c(=O)c3[nH]ccc23)c1,039,CHEMBL4436408_0,CN(C)C(=O)c1cccc(-c2cn(C)c(=O)c3[nH]ccc23)c1,25
5i3a_5i3a_conf0,5i3a_5i3a_conf0.mol2,[H]Oc1c([H])c([H])c(O[H])c([H])c1[H],[H]Oc1c([H])c([H])c(O[H])c([H])c1[H],Oc1ccc(O)cc1,Oc1ccc(O)cc1,014,CHEMBL537_0,Oc1ccc(O)cc1,2
5i3x_5i3x_conf0,5i3x_5i3x_conf0.mol2,[H]c1c([H])c([H])c(-c2c([H])c([H])c3nc(N([H])[H])c(C([H])([H])C([H])([H])C(=O)N([H])C([H])([H])C([H])([H])C(C([H])([H])[H])(C([H])([H])[H])C([H])([H])[H])c([H])c3c2[H])c(C#CC([H])([H])C2(N([H])C(=O)c3c([H])c([H])c(F)c([H])c3[H])C([H])([H])C2([H])[H])c1[H],[H]c1c([H])c([H])c(-c2c([H])c([H])c3nc(N([H])[H])c(C([H])([H])C([H])([H])C(=O)N([H])C([H])([H])C([H])([H])C(C([H])([H])[H])(C([H])([H])[H])C([H])([H])[H])c([H])c3c2[H])c(C#CC([H])([H])C2(N([H])C(=O)c3c([H])c([H])c(F)c([H])c3[H])C([H])([H])C2([H])[H])c1[H],CC(C)(C)CCNC(=O)CCc1cc2cc(-c3ccccc3C#CCC3(NC(=O)c4ccc(F)cc4)CC3)ccc2nc1N,CC(C)(C)CCNC(=O)CCc1cc2cc(-c3ccccc3C#CCC3(NC(=O)c4ccc(F)cc4)CC3)ccc2nc1N,083,CHEMBL3808441_0,CC(C)(C)CCNC(=O)CCc1cc2cc(-c3ccccc3C#CCC3(NC(=O)c4ccc(F)cc4)CC3)ccc2nc1N,79
5i3y_5i3y_conf0,5i3y_5i3y_conf0.mol2,[H]c1nc(C([H])([H])C([H])([H])c2c([H])c([H])c([H])c([H])c2-c2c([H])c([H])c3nc(N([H])[H])c(C([H])([H])C([H])([H])C(=O)N([H])C([H])([H])C([H])([H])C(C([H])([H])[H])(C([H])([H])[H])C([H])([H])[H])c([H])c3c2[H])c([H])c([H])c1N([H])C(=O)c1c([H])c([H])c(F)c([H])c1[H],[H]c1nc(C([H])([H])C([H])([H])c2c([H])c([H])c([H])c([H])c2-c2c([H])c([H])c3nc(N([H])[H])c(C([H])([H])C([H])([H])C(=O)N([H])C([H])([H])C([H])([H])C(C([H])([H])[H])(C([H])([H])[H])C([H])([H])[H])c([H])c3c2[H])c([H])c([H])c1N([H])C(=O)c1c([H])c([H])c(F)c([H])c1[H],CC(C)(C)CCNC(=O)CCc1cc2cc(-c3ccccc3CCc3ccc(NC(=O)c4ccc(F)cc4)cn3)ccc2nc1N,CC(C)(C)CCNC(=O)CCc1cc2cc(-c3ccccc3CCc3ccc(NC(=O)c4ccc(F)cc4)cn3)ccc2nc1N,086,CHEMBL3809870_0,CC(C)(C)CCNC(=O)CCc1cc2cc(-c3ccccc3CCc3ccc(NC(=O)c4ccc(F)cc4)cn3)ccc2nc1N,67
5i7x_5i7x_conf0,5i7x_5i7x_conf0.mol2,[H]c1c([H])c(C(=O)N(C([H])([H])[H])C([H])([H])[H])c([H])c(-c2c([H])n(C([H])([H])[H])c(=O)c3c2c([H])c([H])n3[H])c1[H],[H]c1c([H])c(C(=O)N(C([H])([H])[H])C([H])([H])[H])c([H])c(-c2c([H])n(C([H])([H])[H])c(=O)c3c2c([H])c([H])n3[H])c1[H],CN(C)C(=O)c1cccc(-c2cn(C)c(=O)c3[nH]ccc23)c1,CN(C)C(=O)c1cccc(-c2cn(C)c(=O)c3[nH]ccc23)c1,039,CHEMBL4436408_0,CN(C)C(=O)c1cccc(-c2cn(C)c(=O)c3[nH]ccc23)c1,25
5i7y_5i7y_conf0,5i7y_5i7y_conf0.mol2,[H]/C(=C(/[H])C([H])([H])n1c([H])c(-c2c([H])c([H])c([H])c(C(=O)N(C([H])([H])[H])C([H])([H])[H])c2[H])c2c([H])c([H])n([H])c2c1=O)C([H])([H])[H],[H]C(=C([H])C([H])([H])n1c([H])c(-c2c([H])c([H])c([H])c(C(=O)N(C([H])([H])[H])C([H])([H])[H])c2[H])c2c([H])c([H])n([H])c2c1=O)C([H])([H])[H],C/C=C/Cn1cc(-c2cccc(C(=O)N(C)C)c2)c2cc[nH]c2c1=O,CC=CCn1cc(-c2cccc(C(=O)N(C)C)c2)c2cc[nH]c2c1=O,046,CHEMBL4519632_0,C/C=C/Cn1cc(-c2cccc(C(=O)N(C)C)c2)c2cc[nH]c2c1=O,71
5i80_5i80_conf0,5i80_5i80_conf0.mol2,[H]c1c([H])c(C(=O)N(C([H])([H])[H])C([H])([H])[H])c([H])c(-c2c([H])n(C([H])([H])[H])c(=O)c3c2c([H])c([H])n3[H])c1[H],[H]c1c([H])c(C(=O)N(C([H])([H])[H])C([H])([H])[H])c([H])c(-c2c([H])n(C([H])([H])[H])c(=O)c3c2c([H])c([H])n3[H])c1[H],CN(C)C(=O)c1cccc(-c2cn(C)c(=O)c3[nH]ccc23)c1,CN(C)C(=O)c1cccc(-c2cn(C)c(=O)c3[nH]ccc23)c1,039,CHEMBL4436408_0,CN(C)C(=O)c1cccc(-c2cn(C)c(=O)c3[nH]ccc23)c1,25
5i88_5i88_conf0,5i88_5i88_conf0.mol2,[H]/C(=C(/[H])C([H])([H])n1c([H])c(-c2c([H])c([H])c([H])c(C(=O)N(C([H])([H])[H])C([H])([H])[H])c2[H])c2c([H])c([H])n([H])c2c1=O)C([H])([H])[H],[H]C(=C([H])C([H])([H])n1c([H])c(-c2c([H])c([H])c([H])c(C(=O)N(C([H])([H])[H])C([H])([H])[H])c2[H])c2c([H])c([H])n([H])c2c1=O)C([H])([H])[H],C/C=C/Cn1cc(-c2cccc(C(=O)N(C)C)c2)c2cc[nH]c2c1=O,CC=CCn1cc(-c2cccc(C(=O)N(C)C)c2)c2cc[nH]c2c1=O,046,CHEMBL4519632_0,C/C=C/Cn1cc(-c2cccc(C(=O)N(C)C)c2)c2cc[nH]c2c1=O,71
5i9y_5i9y_conf0,5i9y_5i9y_conf0.mol2,[H]OC([H])([H])C([H])([H])[N+]1([H])C([H])([H])C([H])([H])N(c2nc(C([H])([H])[H])nc(N([H])c3nc([H])c(C(=O)N([H])c4c(Cl)c([H])c([H])c([H])c4C([H])([H])[H])s3)c2[H])C([H])([H])C1([H])[H],[H]OC([H])([H])C([H])([H])[N+]1([H])C([H])([H])C([H])([H])N(c2nc(C([H])([H])[H])nc(N([H])c3nc([H])c(C(=O)N([H])c4c(Cl)c([H])c([H])c([H])c4C([H])([H])[H])s3)c2[H])C([H])([H])C1([H])[H],Cc1nc(Nc2ncc(C(=O)Nc3c(C)cccc3Cl)s2)cc(N2CC[NH+](CCO)CC2)n1,Cc1nc(Nc2ncc(C(=O)Nc3c(C)cccc3Cl)s2)cc(N2CC[NH+](CCO)CC2)n1,060,CHEMBL1421_0,Cc1nc(Nc2ncc(C(=O)Nc3c(C)cccc3Cl)s2)cc(N2CC[NH+](CCO)CC2)n1,190
5ia0_5ia0_conf0,5ia0_5ia0_conf0.mol2,[H]c1nc(N([H])c2c([H])c([H])c(C(=O)[O-])c(OC([H])([H])[H])c2[H])nc2c1C([H])([H])N=C(c1c(F)c([H])c([H])c([H])c1OC([H])([H])[H])c1c([H])c(Cl)c([H])c([H])c1-2,[H]c1nc(N([H])c2c([H])c([H])c(C(=O)[O-])c(OC([H])([H])[H])c2[H])nc2c1C([H])([H])N=C(c1c(F)c([H])c([H])c([H])c1OC([H])([H])[H])c1c([H])c(Cl)c([H])c([H])c1-2,COc1cc(Nc2ncc3c(n2)-c2ccc(Cl)cc2C(c2c(F)cccc2OC)=NC3)ccc1C(=O)[O-],COc1cc(Nc2ncc3c(n2)-c2ccc(Cl)cc2C(c2c(F)cccc2OC)=NC3)ccc1C(=O)[O-],056,CHEMBL483158_0,COc1cc(Nc2ncc3c(n2)-c2ccc(Cl)cc2C(c2c(F)cccc2OC)=NC3)ccc1C(=O)[O-],188
5ia1_5ia1_conf0,5ia1_5ia1_conf0.mol2,[H]c1nc(N([H])c2c([H])c([H])c(C(=O)[O-])c([H])c2[H])nc2c1C([H])([H])N=C(c1c(F)c([H])c([H])c([H])c1F)c1c([H])c(Cl)c([H])c([H])c1-2,[H]c1nc(N([H])c2c([H])c([H])c(C(=O)[O-])c([H])c2[H])nc2c1C([H])([H])N=C(c1c(F)c([H])c([H])c([H])c1F)c1c([H])c(Cl)c([H])c([H])c1-2,O=C([O-])c1ccc(Nc2ncc3c(n2)-c2ccc(Cl)cc2C(c2c(F)cccc2F)=NC3)cc1,O=C([O-])c1ccc(Nc2ncc3c(n2)-c2ccc(Cl)cc2C(c2c(F)cccc2F)=NC3)cc1,048,CHEMBL259084_0,O=C([O-])c1ccc(Nc2ncc3c(n2)-c2ccc(Cl)cc2C(c2c(F)cccc2F)=NC3)cc1,110
5ia2_5ia2_conf0,5ia2_5ia2_conf0.mol2,[H]Oc1c([H])c([H])c(C([H])([H])[H])c(-c2c([H])n3c4c(=O)n([H])c(=O)n(C([H])([H])[H])c4nc3n2-c2c([H])c([H])c([H])c([H])c2OC([H])([H])[H])c1[H],[H]Oc1c([H])c([H])c(C([H])([H])[H])c(-c2c([H])n3c4c(=O)n([H])c(=O)n(C([H])([H])[H])c4nc3n2-c2c([H])c([H])c([H])c([H])c2OC([H])([H])[H])c1[H],COc1ccccc1-n1c(-c2cc(O)ccc2C)cn2c3c(=O)[nH]c(=O)n(C)c3nc12,COc1ccccc1-n1c(-c2cc(O)ccc2C)cn2c3c(=O)[nH]c(=O)n(C)c3nc12,050,CHEMBL566515_0,COc1ccccc1-n1c(-c2cc(O)ccc2C)cn2c3c(=O)[nH]c(=O)n(C)c3nc12,79
5ia3_5ia3_conf0,5ia3_5ia3_conf0.mol2,[H]c1c([H])c(Cl)c(-c2c([H])c3c([H])nc(N([H])c4c([H])c([H])c([H])c(SC([H])([H])[H])c4[H])nc3n(C([H])([H])[H])c2=O)c(Cl)c1[H],[H]c1c([H])c(Cl)c(-c2c([H])c3c([H])nc(N([H])c4c([H])c([H])c([H])c(SC([H])([H])[H])c4[H])nc3n(C([H])([H])[H])c2=O)c(Cl)c1[H],CSc1cccc(Nc2ncc3cc(-c4c(Cl)cccc4Cl)c(=O)n(C)c3n2)c1,CSc1cccc(Nc2ncc3cc(-c4c(Cl)cccc4Cl)c(=O)n(C)c3n2)c1,045,CHEMBL386051_0,CSc1cccc(Nc2ncc3cc(-c4c(Cl)cccc4Cl)c(=O)n(C)c3n2)c1,200
5ia4_5ia4_conf0,5ia4_5ia4_conf0.mol2,[H]c1nc2c([H])c(OC([H])([H])C([H])([H])C([H])([H])[N+]3([H])C([H])([H])C([H])([H])OC([H])([H])C3([H])[H])c(OC([H])([H])[H])c([H])c2c(Oc2c([H])c([H])c(N([H])C(=O)C3(C(=O)N([H])c4c([H])c([H])c(F)c([H])c4[H])C([H])([H])C3([H])[H])c([H])c2F)c1[H],[H]c1nc2c([H])c(OC([H])([H])C([H])([H])C([H])([H])[N+]3([H])C([H])([H])C([H])([H])OC([H])([H])C3([H])[H])c(OC([H])([H])[H])c([H])c2c(Oc2c([H])c([H])c(N([H])C(=O)C3(C(=O)N([H])c4c([H])c([H])c(F)c([H])c4[H])C([H])([H])C3([H])[H])c([H])c2F)c1[H],COc1cc2c(Oc3ccc(NC(=O)C4(C(=O)Nc5ccc(F)cc5)CC4)cc3F)ccnc2cc1OCCC[NH+]1CCOCC1,COc1cc2c(Oc3ccc(NC(=O)C4(C(=O)Nc5ccc(F)cc5)CC4)cc3F)ccnc2cc1OCCC[NH+]1CCOCC1,081,CHEMBL1230609_0,COc1cc2c(Oc3ccc(NC(=O)C4(C(=O)Nc5ccc(F)cc5)CC4)cc3F)ccnc2cc1OCCC[NH+]1CCOCC1,151
5ie1_5ie1_conf0,5ie1_5ie1_conf0.mol2,[H]c1c([H])c([H])c(C([H])([H])[H])c(-c2c([H])c([H])c3nc(N([H])[H])c(C([H])([H])C([H])([H])C(=O)N([H])C([H])([H])C([H])([H])C(C([H])([H])[H])(C([H])([H])[H])C([H])([H])[H])c([H])c3c2[H])c1[H],[H]c1c([H])c([H])c(C([H])([H])[H])c(-c2c([H])c([H])c3nc(N([H])[H])c(C([H])([H])C([H])([H])C(=O)N([H])C([H])([H])C([H])([H])C(C([H])([H])[H])(C([H])([H])[H])C([H])([H])[H])c([H])c3c2[H])c1[H],Cc1ccccc1-c1ccc2nc(N)c(CCC(=O)NCCC(C)(C)C)cc2c1,Cc1ccccc1-c1ccc2nc(N)c(CCC(=O)NCCC(C)(C)C)cc2c1,060,CHEMBL3808672_0,Cc1ccccc1-c1ccc2nc(N)c(CCC(=O)NCCC(C)(C)C)cc2c1,84
5ih9_5ih9_conf0,5ih9_5ih9_conf0.mol2,[H]c1nc([H])c(OC([H])([H])C2([H])C([H])([H])C([H])([H])[N+]([H])([H])C([H])([H])C2([H])[H])c(-c2c([H])nn(-c3c([H])c([H])c(N4C([H])([H])C([H])([H])[N+]([H])(C([H])([H])[H])C([H])([H])C4([H])[H])c([H])c3[H])c2[H])c1[H],[H]c1nc([H])c(OC([H])([H])C2([H])C([H])([H])C([H])([H])[N+]([H])([H])C([H])([H])C2([H])[H])c(-c2c([H])nn(-c3c([H])c([H])c(N4C([H])([H])C([H])([H])[N+]([H])(C([H])([H])[H])C([H])([H])C4([H])[H])c([H])c3[H])c2[H])c1[H],C[NH+]1CCN(c2ccc(-n3cc(-c4ccncc4OCC4CC[NH2+]CC4)cn3)cc2)CC1,C[NH+]1CCN(c2ccc(-n3cc(-c4ccncc4OCC4CC[NH2+]CC4)cn3)cc2)CC1,066,CHEMBL3824068_0,C[NH+]1CCN(c2ccc(-n3cc(-c4ccncc4OCC4CC[NH2+]CC4)cn3)cc2)CC1,129
5ihh_5ihh_conf0,5ihh_5ihh_conf0.mol2,[H]Oc1c([H])c([H])c(-c2oc3c([H])c(OC([H])([H])[H])c([H])c(O[H])c3c(=O)c2[H])c([H])c1O[H],[H]Oc1c([H])c([H])c(-c2oc3c([H])c(OC([H])([H])[H])c([H])c(O[H])c3c(=O)c2[H])c([H])c1O[H],COc1cc(O)c2c(=O)cc(-c3ccc(O)c(O)c3)oc2c1,COc1cc(O)c2c(=O)cc(-c3ccc(O)c(O)c3)oc2c1,034,CHEMBL183745_1,COc1cc(O)c2c(=O)cc(-c3ccc(O)c(O)c3)oc2c1,96
5ii2_5ii2_conf0,5ii2_5ii2_conf0.mol2,[H]Oc1c([H])c([H])c(-c2oc3c([H])c(O[H])c([H])c(O[H])c3c(=O)c2[H])c([H])c1O[H],[H]Oc1c([H])c([H])c(-c2oc3c([H])c(O[H])c([H])c(O[H])c3c(=O)c2[H])c([H])c1O[H],O=c1cc(-c2ccc(O)c(O)c2)oc2cc(O)cc(O)c12,O=c1cc(-c2ccc(O)c(O)c2)oc2cc(O)cc(O)c12,031,CHEMBL151_1,O=c1cc(-c2ccc(O)c(O)c2)oc2cc(O)cc(O)c12,96
5ikb_5ikb_conf0,5ikb_5ikb_conf0.mol2,[H]C([H])=C(C([H])([H])[H])[C@@]1([H])C([H])([H])[N+]([H])([H])[C@]([H])(C(=O)[O-])[C@@]1([H])C([H])([H])C(=O)[O-],[H]C([H])=C(C([H])([H])[H])C1([H])C([H])(C([H])([H])C(=O)[O-])C([H])(C(=O)[O-])[N+]([H])([H])C1([H])[H],C=C(C)[C@H]1C[NH2+][C@H](C(=O)[O-])[C@H]1CC(=O)[O-],C=C(C)C1C[NH2+]C(C(=O)[O-])C1CC(=O)[O-],029,CHEMBL27527_0,C=C(C)[C@H]1C[NH2+][C@H](C(=O)[O-])[C@H]1CC(=O)[O-],23
5ime_5ime_conf0,5ime_5ime_conf0.mol2,[H]c1nc(C([H])([H])[H])c(=O)n(-c2c([H])c([H])c(-c3c([H])c4c([H])nc(N([H])C([H])([H])[H])nc4n(C([H])([H])C([H])([H])C([H])([H])[N+]([H])([H])[H])c3=O)c(Cl)c2[H])c1[H],[H]c1nc(C([H])([H])[H])c(=O)n(-c2c([H])c([H])c(-c3c([H])c4c([H])nc(N([H])C([H])([H])[H])nc4n(C([H])([H])C([H])([H])C([H])([H])[N+]([H])([H])[H])c3=O)c(Cl)c2[H])c1[H],CNc1ncc2cc(-c3ccc(-n4ccnc(C)c4=O)cc3Cl)c(=O)n(CCC[NH3+])c2n1,CNc1ncc2cc(-c3ccc(-n4ccnc(C)c4=O)cc3Cl)c(=O)n(CCC[NH3+])c2n1,055,CHEMBL3818592_0,CNc1ncc2cc(-c3ccc(-n4ccnc(C)c4=O)cc3Cl)c(=O)n(CCC[NH3+])c2n1,110
5ivc_5ivc_conf0,5ivc_5ivc_conf0.mol2,[H]c1nc(-c2nc([H])c([H])c(C(=O)N([H])C([H])([H])C([H])([H])c3c([H])c([H])c([H])c([H])c3[H])c2[H])c([H])c(C(=O)[O-])c1[H],[H]c1nc(-c2nc([H])c([H])c(C(=O)N([H])C([H])([H])C([H])([H])c3c([H])c([H])c([H])c([H])c3[H])c2[H])c([H])c(C(=O)[O-])c1[H],O=C([O-])c1ccnc(-c2cc(C(=O)NCCc3ccccc3)ccn2)c1,O=C([O-])c1ccnc(-c2cc(C(=O)NCCc3ccccc3)ccn2)c1,042,CHEMBL2169917_0,O=C([O-])c1ccnc(-c2cc(C(=O)NCCc3ccccc3)ccn2)c1,92
5ive_5ive_conf0,5ive_5ive_conf0.mol2,[H]c1nn2c(=O)c(C([H])(C([H])([H])[H])C([H])([H])[H])c(C([H])([H])[H])n([H])c2c1C#N,[H]c1nn2c(=O)c(C([H])(C([H])([H])[H])C([H])([H])[H])c(C([H])([H])[H])n([H])c2c1C#N,Cc1[nH]c2c(C#N)cnn2c(=O)c1C(C)C,Cc1[nH]c2c(C#N)cnn2c(=O)c1C(C)C,028,CHEMBL4468119_0,Cc1[nH]c2c(C#N)cnn2c(=O)c1C(C)C,2
5ivv_5ivv_conf0,5ivv_5ivv_conf0.mol2,[H]c1nc([H])c(N([H])c2c([H])n(C([H])([H])[H])c3nc([H])c([H])c([H])c23)c(C(=O)[O-])c1[H],[H]c1nc([H])c(N([H])c2c([H])n(C([H])([H])[H])c3nc([H])c([H])c([H])c23)c(C(=O)[O-])c1[H],Cn1cc(Nc2cnccc2C(=O)[O-])c2cccnc21,Cn1cc(Nc2cnccc2C(=O)[O-])c2cccnc21,031,CHEMBL5277662_0,Cn1cc(Nc2cnccc2C(=O)[O-])c2cccnc21,15
5ivy_5ivy_conf0,5ivy_5ivy_conf0.mol2,[H]c1nc([H])c(N([H])C(=O)C([H])([H])c2c([H])c([H])c(Cl)c([H])c2[H])c(C(=O)[O-])c1[H],[H]c1nc([H])c(N([H])C(=O)C([H])([H])c2c([H])c([H])c(Cl)c([H])c2[H])c(C(=O)[O-])c1[H],O=C(Cc1ccc(Cl)cc1)Nc1cnccc1C(=O)[O-],O=C(Cc1ccc(Cl)cc1)Nc1cnccc1C(=O)[O-],030,CHEMBL5278205_0,O=C(Cc1ccc(Cl)cc1)Nc1cnccc1C(=O)[O-],9
5iwg_5iwg_conf0,5iwg_5iwg_conf0.mol2,[H]c1c([H])c(-c2c([H])c([H])c(N([H])[H])c(N([H])C(=O)C3([H])C([H])([H])C([H])([H])OC([H])([H])C3([H])[H])c2[H])c([H])c([H])c1F,[H]c1c([H])c(-c2c([H])c([H])c(N([H])[H])c(N([H])C(=O)C3([H])C([H])([H])C([H])([H])OC([H])([H])C3([H])[H])c2[H])c([H])c([H])c1F,Nc1ccc(-c2ccc(F)cc2)cc1NC(=O)C1CCOCC1,Nc1ccc(-c2ccc(F)cc2)cc1NC(=O)C1CCOCC1,042,CHEMBL3828396_0,Nc1ccc(-c2ccc(F)cc2)cc1NC(=O)C1CCOCC1,12
5j27_5j27_conf0,5j27_5j27_conf0.mol2,[H]Oc1c([H])c(O[H])c(S(=O)(=O)N(C([H])([H])[H])C([H])([H])C([H])([H])C([H])([H])[H])c([H])c1-c1nn([H])c(=O)n1-c1c([H])c([H])c([H])c([H])c1F,[H]Oc1c([H])c(O[H])c(S(=O)(=O)N(C([H])([H])[H])C([H])([H])C([H])([H])C([H])([H])[H])c([H])c1-c1nn([H])c(=O)n1-c1c([H])c([H])c([H])c([H])c1F,CCCN(C)S(=O)(=O)c1cc(-c2n[nH]c(=O)n2-c2ccccc2F)c(O)cc1O,CCCN(C)S(=O)(=O)c1cc(-c2n[nH]c(=O)n2-c2ccccc2F)c(O)cc1O,048,CHEMBL3943106_1,CCCN(C)S(=O)(=O)c1cc(-c2n[nH]c(=O)n2-c2ccccc2F)c(O)cc1O,141
5j2x_5j2x_conf0,5j2x_5j2x_conf0.mol2,[H]Oc1c([H])c(O[H])c(-c2nn([H])c(=O)n2-c2c([H])c([H])c([H])c([H])c2F)c([H])c1Br,[H]Oc1c([H])c(O[H])c(-c2nn([H])c(=O)n2-c2c([H])c([H])c([H])c([H])c2F)c([H])c1Br,O=c1[nH]nc(-c2cc(Br)c(O)cc2O)n1-c1ccccc1F,O=c1[nH]nc(-c2cc(Br)c(O)cc2O)n1-c1ccccc1F,031,CHEMBL3898029_0,O=c1[nH]nc(-c2cc(Br)c(O)cc2O)n1-c1ccccc1F,46
5j64_5j64_conf0,5j64_5j64_conf0.mol2,[H]Oc1c([H])c([H])c(-c2nn([H])c(=O)n2-c2c([H])c([H])c([H])c([H])c2F)c(O[H])c1[H],[H]Oc1c([H])c([H])c(-c2nn([H])c(=O)n2-c2c([H])c([H])c([H])c([H])c2F)c(O[H])c1[H],O=c1[nH]nc(-c2ccc(O)cc2O)n1-c1ccccc1F,O=c1[nH]nc(-c2ccc(O)cc2O)n1-c1ccccc1F,031,CHEMBL3895370_0,O=c1[nH]nc(-c2ccc(O)cc2O)n1-c1ccccc1F,44
5j6l_5j6l_conf0,5j6l_5j6l_conf0.mol2,[H]Oc1c([H])c(O[H])c(-c2nn([H])c(=O)n2-c2c([H])c([H])c([H])c([H])c2F)c([H])c1C(=O)N(C([H])([H])[H])C([H])([H])C([H])([H])C([H])([H])C([H])([H])[H],[H]Oc1c([H])c(O[H])c(-c2nn([H])c(=O)n2-c2c([H])c([H])c([H])c([H])c2F)c([H])c1C(=O)N(C([H])([H])[H])C([H])([H])C([H])([H])C([H])([H])C([H])([H])[H],CCCCN(C)C(=O)c1cc(-c2n[nH]c(=O)n2-c2ccccc2F)c(O)cc1O,CCCCN(C)C(=O)c1cc(-c2n[nH]c(=O)n2-c2ccccc2F)c(O)cc1O,050,CHEMBL3945793_0,CCCCN(C)C(=O)c1cc(-c2n[nH]c(=O)n2-c2ccccc2F)c(O)cc1O,112
5j6m_5j6m_conf0,5j6m_5j6m_conf0.mol2,[H]Oc1c([H])c(O[H])c(-c2nn([H])c(=O)n2-c2c([H])c([H])c([H])c([H])c2F)c([H])c1C(=O)N(C([H])([H])[H])C([H])([H])c1oc([H])c([H])c1[H],[H]Oc1c([H])c(O[H])c(-c2nn([H])c(=O)n2-c2c([H])c([H])c([H])c([H])c2F)c([H])c1C(=O)N(C([H])([H])[H])C([H])([H])c1oc([H])c([H])c1[H],CN(Cc1ccco1)C(=O)c1cc(-c2n[nH]c(=O)n2-c2ccccc2F)c(O)cc1O,CN(Cc1ccco1)C(=O)c1cc(-c2n[nH]c(=O)n2-c2ccccc2F)c(O)cc1O,048,CHEMBL3943099_0,CN(Cc1ccco1)C(=O)c1cc(-c2n[nH]c(=O)n2-c2ccccc2F)c(O)cc1O,107
5j6n_5j6n_conf0,5j6n_5j6n_conf0.mol2,[H]Oc1c([H])c(O[H])c(S(=O)(=O)N(C([H])([H])[H])C([H])([H])C([H])([H])C([H])([H])[H])c([H])c1-c1nn([H])c(=O)n1-c1c([H])c([H])c([H])c([H])c1F,[H]Oc1c([H])c(O[H])c(S(=O)(=O)N(C([H])([H])[H])C([H])([H])C([H])([H])C([H])([H])[H])c([H])c1-c1nn([H])c(=O)n1-c1c([H])c([H])c([H])c([H])c1F,CCCN(C)S(=O)(=O)c1cc(-c2n[nH]c(=O)n2-c2ccccc2F)c(O)cc1O,CCCN(C)S(=O)(=O)c1cc(-c2n[nH]c(=O)n2-c2ccccc2F)c(O)cc1O,048,CHEMBL3943106_1,CCCN(C)S(=O)(=O)c1cc(-c2n[nH]c(=O)n2-c2ccccc2F)c(O)cc1O,141
5j7q_5j7q_conf0,5j7q_5j7q_conf0.mol2,[H]Oc1c([H])c([H])c(-c2nc3c([H])c([H])c([H])c([H])n3c2[H])c([H])c1O[H],[H]Oc1c([H])c([H])c(-c2nc3c([H])c([H])c([H])c([H])n3c2[H])c([H])c1O[H],Oc1ccc(-c2cn3ccccc3n2)cc1O,Oc1ccc(-c2cn3ccccc3n2)cc1O,027,CHEMBL1527214_1,Oc1ccc(-c2cn3ccccc3n2)cc1O,14
5j82_5j82_conf0,5j82_5j82_conf0.mol2,[H]Oc1c([H])c(O[H])c(S(=O)(=O)N(C([H])([H])[H])C([H])(C([H])([H])[H])C([H])([H])[H])c([H])c1-c1nn([H])c(=O)n1-c1c([H])c([H])c([H])c([H])c1F,[H]Oc1c([H])c(O[H])c(S(=O)(=O)N(C([H])([H])[H])C([H])(C([H])([H])[H])C([H])([H])[H])c([H])c1-c1nn([H])c(=O)n1-c1c([H])c([H])c([H])c([H])c1F,CC(C)N(C)S(=O)(=O)c1cc(-c2n[nH]c(=O)n2-c2ccccc2F)c(O)cc1O,CC(C)N(C)S(=O)(=O)c1cc(-c2n[nH]c(=O)n2-c2ccccc2F)c(O)cc1O,048,CHEMBL3985693_1,CC(C)N(C)S(=O)(=O)c1cc(-c2n[nH]c(=O)n2-c2ccccc2F)c(O)cc1O,77
5j86_5j86_conf0,5j86_5j86_conf0.mol2,[H]Oc1c([H])c(O[H])c(-c2nn([H])c(=O)n2-c2c([H])c([H])c([H])c([H])c2C([H])([H])[H])c([H])c1C(=O)N(C([H])([H])[H])C([H])([H])c1sc([H])c([H])c1[H],[H]Oc1c([H])c(O[H])c(-c2nn([H])c(=O)n2-c2c([H])c([H])c([H])c([H])c2C([H])([H])[H])c([H])c1C(=O)N(C([H])([H])[H])C([H])([H])c1sc([H])c([H])c1[H],Cc1ccccc1-n1c(-c2cc(C(=O)N(C)Cc3cccs3)c(O)cc2O)n[nH]c1=O,Cc1ccccc1-n1c(-c2cc(C(=O)N(C)Cc3cccs3)c(O)cc2O)n[nH]c1=O,051,CHEMBL3907641_0,Cc1ccccc1-n1c(-c2cc(C(=O)N(C)Cc3cccs3)c(O)cc2O)n[nH]c1=O,75
5j8m_5j8m_conf0,5j8m_5j8m_conf0.mol2,[H]Oc1c([H])c(O[H])c(-c2nn([H])c(=O)n2-c2c([H])c([H])c([H])c([H])c2F)c([H])c1Br,[H]Oc1c([H])c(O[H])c(-c2nn([H])c(=O)n2-c2c([H])c([H])c([H])c([H])c2F)c([H])c1Br,O=c1[nH]nc(-c2cc(Br)c(O)cc2O)n1-c1ccccc1F,O=c1[nH]nc(-c2cc(Br)c(O)cc2O)n1-c1ccccc1F,031,CHEMBL3898029_0,O=c1[nH]nc(-c2cc(Br)c(O)cc2O)n1-c1ccccc1F,46
5j8u_5j8u_conf0,5j8u_5j8u_conf0.mol2,[H]Oc1c([H])c([H])c(-c2nn([H])c(=O)n2-c2c([H])c([H])c([H])c([H])c2F)c(O[H])c1[H],[H]Oc1c([H])c([H])c(-c2nn([H])c(=O)n2-c2c([H])c([H])c([H])c([H])c2F)c(O[H])c1[H],O=c1[nH]nc(-c2ccc(O)cc2O)n1-c1ccccc1F,O=c1[nH]nc(-c2ccc(O)cc2O)n1-c1ccccc1F,031,CHEMBL3895370_0,O=c1[nH]nc(-c2ccc(O)cc2O)n1-c1ccccc1F,44
5j8z_5j8z_conf0,5j8z_5j8z_conf0.mol2,[H]c1c([H])c(-c2nc(S[C@@]([H])(C(=O)N([H])c3c([H])c([H])c(S(=O)(=O)N([H])[H])c([H])c3[H])C([H])([H])[H])n([H])c(=O)c2C#N)c([H])c([H])c1Cl,[H]c1c([H])c(-c2nc(SC([H])(C(=O)N([H])c3c([H])c([H])c(S(=O)(=O)N([H])[H])c([H])c3[H])C([H])([H])[H])n([H])c(=O)c2C#N)c([H])c([H])c1Cl,C[C@@H](Sc1nc(-c2ccc(Cl)cc2)c(C#N)c(=O)[nH]1)C(=O)Nc1ccc(S(N)(=O)=O)cc1,CC(Sc1nc(-c2ccc(Cl)cc2)c(C#N)c(=O)[nH]1)C(=O)Nc1ccc(S(N)(=O)=O)cc1,048,CHEMBL2382401_0,C[C@@H](Sc1nc(-c2ccc(Cl)cc2)c(C#N)c(=O)[nH]1)C(=O)Nc1ccc(S(N)(=O)=O)cc1,49
5ji8_5ji8_conf0,5ji8_5ji8_conf0.mol2,[H]c1c(C(=O)N([H])[H])c([H])c2sc(N([H])[H])nc2c1[H],[H]c1c(C(=O)N([H])[H])c([H])c2sc(N([H])[H])nc2c1[H],NC(=O)c1ccc2nc(N)sc2c1,NC(=O)c1ccc2nc(N)sc2c1,020,CHEMBL5271824_0,NC(=O)c1ccc2nc(N)sc2c1,2
5jq5_5jq5_conf0,5jq5_5jq5_conf0.mol2,[H]O[C@@]1([H])C([H])([H])[N+]([H])([H])C([H])([H])C([H])([H])[C@]1([H])C([H])([H])N([H])c1nc2c(C([H])(C([H])([H])[H])C([H])([H])[H])c([H])nn2c(N([H])C([H])([H])c2c([H])c([H])c([H])c([H])c2[H])c1[H],[H]OC1([H])C([H])(C([H])([H])N([H])c2nc3c(C([H])(C([H])([H])[H])C([H])([H])[H])c([H])nn3c(N([H])C([H])([H])c3c([H])c([H])c([H])c([H])c3[H])c2[H])C([H])([H])C([H])([H])[N+]([H])([H])C1([H])[H],CC(C)c1cnn2c(NCc3ccccc3)cc(NC[C@H]3CC[NH2+]C[C@@H]3O)nc12,CC(C)c1cnn2c(NCc3ccccc3)cc(NCC3CC[NH2+]CC3O)nc12,060,CHEMBL4459754_0,CC(C)c1cnn2c(NCc3ccccc3)cc(NC[C@H]3CC[NH2+]C[C@@H]3O)nc12,48
5jsj_5jsj_conf0,5jsj_5jsj_conf0.mol2,[H]c1c([H])c(N([H])c2c([H])c(C(=O)N3C([H])([H])C([H])([H])C([H])(C([H])([H])C([H])([H])[N+]4([H])C([H])([H])C([H])([H])C([H])([H])C4([H])[H])C([H])([H])C3([H])[H])c([H])c([H])c2C(=O)N2C([H])([H])C([H])([H])C([H])(C([H])([H])C([H])([H])[N+]3([H])C([H])([H])C([H])([H])C([H])([H])C3([H])[H])C([H])([H])C2([H])[H])c([H])c([H])c1OC([H])([H])[N+]1([H])C([H])([H])C([H])([H])C([H])([H])C1([H])[H],[H]c1c([H])c(N([H])c2c([H])c(C(=O)N3C([H])([H])C([H])([H])C([H])(C([H])([H])C([H])([H])[N+]4([H])C([H])([H])C([H])([H])C([H])([H])C4([H])[H])C([H])([H])C3([H])[H])c([H])c([H])c2C(=O)N2C([H])([H])C([H])([H])C([H])(C([H])([H])C([H])([H])[N+]3([H])C([H])([H])C([H])([H])C([H])([H])C3([H])[H])C([H])([H])C2([H])[H])c([H])c([H])c1OC([H])([H])[N+]1([H])C([H])([H])C([H])([H])C([H])([H])C1([H])[H],O=C(c1ccc(C(=O)N2CCC(CC[NH+]3CCCC3)CC2)c(Nc2ccc(OC[NH+]3CCCC3)cc2)c1)N1CCC(CC[NH+]2CCCC2)CC1,O=C(c1ccc(C(=O)N2CCC(CC[NH+]3CCCC3)CC2)c(Nc2ccc(OC[NH+]3CCCC3)cc2)c1)N1CCC(CC[NH+]2CCCC2)CC1,113,CHEMBL4476514_0,O=C(c1ccc(C(=O)N2CCC(CC[NH+]3CCCC3)CC2)c(Nc2ccc(OC[NH+]3CCCC3)cc2)c1)N1CCC(CC[NH+]2CCCC2)CC1,197
5jy3_5jy3_conf0,5jy3_5jy3_conf0.mol2,[H]OC([H])([H])c1c(F)c([H])c(-c2c([H])c([H])c(-n3c(C(c4c(Cl)c([H])c([H])c([H])c4Cl)(C([H])([H])[H])C([H])([H])[H])nc(C(O[H])(C([H])([H])[H])C([H])([H])[H])c3[H])c(F)c2[H])c([H])c1S(=O)(=O)C([H])([H])[H],[H]OC([H])([H])c1c(F)c([H])c(-c2c([H])c([H])c(-n3c(C(c4c(Cl)c([H])c([H])c([H])c4Cl)(C([H])([H])[H])C([H])([H])[H])nc(C(O[H])(C([H])([H])[H])C([H])([H])[H])c3[H])c(F)c2[H])c([H])c1S(=O)(=O)C([H])([H])[H],CC(C)(O)c1cn(-c2ccc(-c3cc(F)c(CO)c(S(C)(=O)=O)c3)cc2F)c(C(C)(C)c2c(Cl)cccc2Cl)n1,CC(C)(O)c1cn(-c2ccc(-c3cc(F)c(CO)c(S(C)(=O)=O)c3)cc2F)c(C(C)(C)c2c(Cl)cccc2Cl)n1,068,CHEMBL3945199_1,CC(C)(O)c1cn(-c2ccc(-c3cc(F)c(CO)c(S(C)(=O)=O)c3)cc2F)c(C(C)(C)c2c(Cl)cccc2Cl)n1,199
5k8s_5k8s_conf0,5k8s_5k8s_conf0.mol2,[H]O[C@]1([H])[C@]2([H])O[P@@](=O)([O-])OC([H])([H])[C@@]2([H])O[C@@]1([H])n1c([H])nc2c(N([H])[H])nc([H])nc21,[H]OC1([H])C([H])(n2c([H])nc3c(N([H])[H])nc([H])nc32)OC2([H])C([H])([H])OP(=O)([O-])OC21[H],Nc1ncnc2c1ncn2[C@@H]1O[C@@H]2CO[P@](=O)([O-])O[C@H]2[C@H]1O,Nc1ncnc2c1ncn2C1OC2COP(=O)([O-])OC2C1O,033,CHEMBL9871_0,Nc1ncnc2c1ncn2[C@@H]1O[C@@H]2CO[P@](=O)([O-])O[C@H]2[C@H]1O,840
5k9w_5k9w_conf0,5k9w_5k9w_conf0.mol2,[H]N(C(=O)C(=O)[O-])c1sc2c(c1C(=O)[O-])C([H])([H])C([H])([H])[N+]([H])([H])C2([H])[H],[H]N(C(=O)C(=O)[O-])c1sc2c(c1C(=O)[O-])C([H])([H])C([H])([H])[N+]([H])([H])C2([H])[H],O=C([O-])C(=O)Nc1sc2c(c1C(=O)[O-])CC[NH2+]C2,O=C([O-])C(=O)Nc1sc2c(c1C(=O)[O-])CC[NH2+]C2,027,CHEMBL139393_0,O=C([O-])C(=O)Nc1sc2c(c1C(=O)[O-])CC[NH2+]C2,6
5ka1_5ka1_conf0,5ka1_5ka1_conf0.mol2,[H]N(C(=O)C(=O)[O-])c1sc2c(c1C(=O)[O-])C([H])([H])C([H])([H])[N+]([H])([H])C2([H])[H],[H]N(C(=O)C(=O)[O-])c1sc2c(c1C(=O)[O-])C([H])([H])C([H])([H])[N+]([H])([H])C2([H])[H],O=C([O-])C(=O)Nc1sc2c(c1C(=O)[O-])CC[NH2+]C2,O=C([O-])C(=O)Nc1sc2c(c1C(=O)[O-])CC[NH2+]C2,027,CHEMBL139393_0,O=C([O-])C(=O)Nc1sc2c(c1C(=O)[O-])CC[NH2+]C2,6
5ka7_5ka7_conf0,5ka7_5ka7_conf0.mol2,[H]N(C(=O)C(=O)[O-])c1sc2c(c1C(=O)[O-])C([H])([H])C([H])([H])[N+]([H])([H])C2([H])[H],[H]N(C(=O)C(=O)[O-])c1sc2c(c1C(=O)[O-])C([H])([H])C([H])([H])[N+]([H])([H])C2([H])[H],O=C([O-])C(=O)Nc1sc2c(c1C(=O)[O-])CC[NH2+]C2,O=C([O-])C(=O)Nc1sc2c(c1C(=O)[O-])CC[NH2+]C2,027,CHEMBL139393_0,O=C([O-])C(=O)Nc1sc2c(c1C(=O)[O-])CC[NH2+]C2,6
5ka9_5ka9_conf0,5ka9_5ka9_conf0.mol2,[H]N(C(=O)C(=O)[O-])c1sc2c(c1C(=O)[O-])C([H])([H])C([H])([H])[N+]([H])([H])C2([H])[H],[H]N(C(=O)C(=O)[O-])c1sc2c(c1C(=O)[O-])C([H])([H])C([H])([H])[N+]([H])([H])C2([H])[H],O=C([O-])C(=O)Nc1sc2c(c1C(=O)[O-])CC[NH2+]C2,O=C([O-])C(=O)Nc1sc2c(c1C(=O)[O-])CC[NH2+]C2,027,CHEMBL139393_0,O=C([O-])C(=O)Nc1sc2c(c1C(=O)[O-])CC[NH2+]C2,6
5kad_5kad_conf0,5kad_5kad_conf0.mol2,[H]N(C(=O)C(=O)[O-])c1sc2c(c1C(=O)[O-])C([H])([H])C([H])([H])[N+]([H])([H])C2([H])[H],[H]N(C(=O)C(=O)[O-])c1sc2c(c1C(=O)[O-])C([H])([H])C([H])([H])[N+]([H])([H])C2([H])[H],O=C([O-])C(=O)Nc1sc2c(c1C(=O)[O-])CC[NH2+]C2,O=C([O-])C(=O)Nc1sc2c(c1C(=O)[O-])CC[NH2+]C2,027,CHEMBL139393_0,O=C([O-])C(=O)Nc1sc2c(c1C(=O)[O-])CC[NH2+]C2,6
5kh3_5kh3_conf0,5kh3_5kh3_conf0.mol2,[H]c1c(Cl)c([H])c2nc(C([H])([H])C([H])([H])C(=O)[O-])sc2c1[H],[H]c1c(Cl)c([H])c2nc(C([H])([H])C([H])([H])C(=O)[O-])sc2c1[H],O=C([O-])CCc1nc2cc(Cl)ccc2s1,O=C([O-])CCc1nc2cc(Cl)ccc2s1,022,CHEMBL4069423_0,O=C([O-])CCc1nc2cc(Cl)ccc2s1,8
5l3a_5l3a_conf0,5l3a_5l3a_conf0.mol2,[H]c1c([H])c([H])c2c(c([H])nn2[H])c1N([H])S(=O)(=O)C([H])([H])[H],[H]c1c([H])c([H])c2c(c([H])nn2[H])c1N([H])S(=O)(=O)C([H])([H])[H],CS(=O)(=O)Nc1cccc2[nH]ncc12,CS(=O)(=O)Nc1cccc2[nH]ncc12,023,CHEMBL1703303_0,CS(=O)(=O)Nc1cccc2[nH]ncc12,8
5l4i_5l4i_conf0,5l4i_5l4i_conf0.mol2,[H]c1nc(N([H])c2c([H])c([H])c([H])c(Cl)c2C([H])([H])[H])c(C(=O)[O-])c([H])c1[H],[H]c1nc(N([H])c2c([H])c([H])c([H])c(Cl)c2C([H])([H])[H])c(C(=O)[O-])c([H])c1[H],Cc1c(Cl)cccc1Nc1ncccc1C(=O)[O-],Cc1c(Cl)cccc1Nc1ncccc1C(=O)[O-],028,CHEMBL4303711_0,Cc1c(Cl)cccc1Nc1ncccc1C(=O)[O-],9
5l4j_5l4j_conf0,5l4j_5l4j_conf0.mol2,[H]Oc1c([H])c([H])c(S(=O)(=O)c2c([H])c([H])c(O[H])c([H])c2[H])c([H])c1[H],[H]Oc1c([H])c([H])c(S(=O)(=O)c2c([H])c([H])c(O[H])c([H])c2[H])c([H])c1[H],O=S(=O)(c1ccc(O)cc1)c1ccc(O)cc1,O=S(=O)(c1ccc(O)cc1)c1ccc(O)cc1,027,CHEMBL384441_1,O=S(=O)(c1ccc(O)cc1)c1ccc(O)cc1,3
5l4m_5l4m_conf0,5l4m_5l4m_conf0.mol2,[H]c1c(Cl)c(Cl)nc(OC([H])([H])C(=O)[O-])c1Cl,[H]c1c(Cl)c(Cl)nc(OC([H])([H])C(=O)[O-])c1Cl,O=C([O-])COc1nc(Cl)c(Cl)cc1Cl,O=C([O-])COc1nc(Cl)c(Cl)cc1Cl,017,CHEMBL1865925_0,O=C([O-])COc1nc(Cl)c(Cl)cc1Cl,5
5l8a_5l8a_conf0,5l8a_5l8a_conf0.mol2,[H]OC([H])([H])C([H])([H])n1nc(C(=O)N([H])C([H])([H])c2c([H])c([H])c([H])c([H])c2[H])c2c1C([H])([H])C([H])([H])[N@+]([H])(C([H])([H])c1c([H])c([H])c(OC([H])([H])[H])c3c([H])c([H])c([H])c([H])c13)C2([H])[H],[H]OC([H])([H])C([H])([H])n1nc(C(=O)N([H])C([H])([H])c2c([H])c([H])c([H])c([H])c2[H])c2c1C([H])([H])C([H])([H])[N+]([H])(C([H])([H])c1c([H])c([H])c(OC([H])([H])[H])c3c([H])c([H])c([H])c([H])c13)C2([H])[H],COc1ccc(C[N@H+]2CCc3c(c(C(=O)NCc4ccccc4)nn3CCO)C2)c2ccccc12,COc1ccc(C[NH+]2CCc3c(c(C(=O)NCc4ccccc4)nn3CCO)C2)c2ccccc12,066,CHEMBL4540330_0,COc1ccc(C[N@H+]2CCc3c(c(C(=O)NCc4ccccc4)nn3CCO)C2)c2ccccc12,187
5ld8_5ld8_conf0,5ld8_5ld8_conf0.mol2,[H]c1c(N([H])S(=O)(=O)C([H])([H])C([H])([H])C([H])([H])C([H])([H])[H])c([H])c2c(c([H])nn2C([H])([H])[H])c1[H],[H]c1c(N([H])S(=O)(=O)C([H])([H])C([H])([H])C([H])([H])C([H])([H])[H])c([H])c2c(c([H])nn2C([H])([H])[H])c1[H],CCCCS(=O)(=O)Nc1ccc2cnn(C)c2c1,CCCCS(=O)(=O)Nc1ccc2cnn(C)c2c1,035,CHEMBL2098221_0,CCCCS(=O)(=O)Nc1ccc2cnn(C)c2c1,95
5ljq_5ljq_conf0,5ljq_5ljq_conf0.mol2,[H]c1c([H])c([H])c(OC([H])([H])c2nnn(-c3c([H])c([H])c(S(=O)(=O)N([H])[H])c([H])c3[H])c2[H])c([H])c1[H],[H]c1c([H])c([H])c(OC([H])([H])c2nnn(-c3c([H])c([H])c(S(=O)(=O)N([H])[H])c([H])c3[H])c2[H])c([H])c1[H],NS(=O)(=O)c1ccc(-n2cc(COc3ccccc3)nn2)cc1,NS(=O)(=O)c1ccc(-n2cc(COc3ccccc3)nn2)cc1,037,CHEMBL3918252_0,NS(=O)(=O)c1ccc(-n2cc(COc3ccccc3)nn2)cc1,70
5ljt_5ljt_conf0,5ljt_5ljt_conf0.mol2,[H]c1c([H])c([H])c(-n2nnc(C([H])([H])Oc3c([H])c([H])c(S(=O)(=O)N([H])[H])c([H])c3[H])c2[H])c([H])c1[H],[H]c1c([H])c([H])c(-n2nnc(C([H])([H])Oc3c([H])c([H])c(S(=O)(=O)N([H])[H])c([H])c3[H])c2[H])c([H])c1[H],NS(=O)(=O)c1ccc(OCc2cn(-c3ccccc3)nn2)cc1,NS(=O)(=O)c1ccc(OCc2cn(-c3ccccc3)nn2)cc1,037,CHEMBL3917661_0,NS(=O)(=O)c1ccc(OCc2cn(-c3ccccc3)nn2)cc1,46
5llc_5llc_conf0,5llc_5llc_conf0.mol2,[H]c1c([H])c([H])c(C([H])([H])C([H])([H])S(=O)(=O)c2c(F)c(F)c(S(=O)(=O)N([H])[H])c(F)c2N([H])C([H])([H])[H])c([H])c1[H],[H]c1c([H])c([H])c(C([H])([H])C([H])([H])S(=O)(=O)c2c(F)c(F)c(S(=O)(=O)N([H])[H])c(F)c2N([H])C([H])([H])[H])c([H])c1[H],CNc1c(F)c(S(N)(=O)=O)c(F)c(F)c1S(=O)(=O)CCc1ccccc1,CNc1c(F)c(S(N)(=O)=O)c(F)c(F)c1S(=O)(=O)CCc1ccccc1,041,CHEMBL3799577_0,CNc1c(F)c(S(N)(=O)=O)c(F)c(F)c1S(=O)(=O)CCc1ccccc1,61
5llg_5llg_conf0,5llg_5llg_conf0.mol2,[H]c1c([H])c(S(=O)(=O)N([H])[H])c([H])c([H])c1SC([H])([H])C([H])([H])C([H])([H])[H],[H]c1c([H])c(S(=O)(=O)N([H])[H])c([H])c([H])c1SC([H])([H])C([H])([H])C([H])([H])[H],CCCSc1ccc(S(N)(=O)=O)cc1,CCCSc1ccc(S(N)(=O)=O)cc1,027,CHEMBL2333400_0,CCCSc1ccc(S(N)(=O)=O)cc1,62
5llh_5llh_conf0,5llh_5llh_conf0.mol2,[H]c1c([H])c([H])c2sc(Sc3c(F)c(F)c(S(=O)(=O)N([H])[H])c(F)c3F)nc2c1[H],[H]c1c([H])c([H])c2sc(Sc3c(F)c(F)c(S(=O)(=O)N([H])[H])c(F)c3F)nc2c1[H],NS(=O)(=O)c1c(F)c(F)c(Sc2nc3ccccc3s2)c(F)c1F,NS(=O)(=O)c1c(F)c(F)c(Sc2nc3ccccc3s2)c(F)c1F,030,CHEMBL2333411_0,NS(=O)(=O)c1c(F)c(F)c(Sc2nc3ccccc3s2)c(F)c1F,37
5lny_5lny_conf0,5lny_5lny_conf0.mol2,[H]Oc1c(C(=O)N(c2c([H])c([H])c(N3C([H])([H])C([H])([H])OC([H])([H])C3([H])[H])c([H])c2[H])C([H])([H])[H])c([H])c2c(C(=O)N3C([H])([H])C([H])([H])C([H])([H])C([H])([H])C3([H])[H])nn([H])c2c1[H],[H]Oc1c(C(=O)N(c2c([H])c([H])c(N3C([H])([H])C([H])([H])OC([H])([H])C3([H])[H])c([H])c2[H])C([H])([H])[H])c([H])c2c(C(=O)N3C([H])([H])C([H])([H])C([H])([H])C([H])([H])C3([H])[H])nn([H])c2c1[H],CN(C(=O)c1cc2c(C(=O)N3CCCCC3)n[nH]c2cc1O)c1ccc(N2CCOCC2)cc1,CN(C(=O)c1cc2c(C(=O)N3CCCCC3)n[nH]c2cc1O)c1ccc(N2CCOCC2)cc1,063,CHEMBL4214279_0,CN(C(=O)c1cc2c(C(=O)N3CCCCC3)n[nH]c2cc1O)c1ccc(N2CCOCC2)cc1,144
5ltn_5ltn_conf0,5ltn_5ltn_conf0.mol2,[H]c1c([H])c([H])c(C(=O)C([H])([H])C(=O)C(=O)[O-])c([H])c1[H],[H]c1c([H])c([H])c(C(=O)C([H])([H])C(=O)C(=O)[O-])c([H])c1[H],O=C([O-])C(=O)CC(=O)c1ccccc1,O=C([O-])C(=O)CC(=O)c1ccccc1,021,CHEMBL19332_0,O=C([O-])C(=O)CC(=O)c1ccccc1,200
5lvq_5lvq_conf0,5lvq_5lvq_conf0.mol2,[H]c1c([H])c([H])c(C(=O)N([H])C([H])([H])[H])c(OC2([H])C([H])([H])C([H])([H])OC([H])([H])C2([H])[H])c1[H],[H]c1c([H])c([H])c(C(=O)N([H])C([H])([H])[H])c(OC2([H])C([H])([H])C([H])([H])OC([H])([H])C2([H])[H])c1[H],CNC(=O)c1ccccc1OC1CCOCC1,CNC(=O)c1ccccc1OC1CCOCC1,034,CHEMBL3110243_0,CNC(=O)c1ccccc1OC1CCOCC1,77
5lvr_5lvr_conf0,5lvr_5lvr_conf0.mol2,[H]c1c([H])c([H])c(-n2nc(C(=O)N([H])[H])c(C([H])([H])[H])n2)c([H])c1[H],[H]c1c([H])c([H])c(-n2nc(C(=O)N([H])[H])c(C([H])([H])[H])n2)c([H])c1[H],Cc1nn(-c2ccccc2)nc1C(N)=O,Cc1nn(-c2ccccc2)nc1C(N)=O,025,CHEMBL1417210_0,Cc1nn(-c2ccccc2)nc1C(N)=O,2
5lz4_5lz4_conf0,5lz4_5lz4_conf0.mol2,[H]c1c([H])c(OC([H])([H])C([H])([H])N2C(=O)C([H])([H])C(C([H])([H])[H])(C([H])([H])[H])C2([H])[H])c([H])c(C#N)c1F,[H]c1c([H])c(OC([H])([H])C([H])([H])N2C(=O)C([H])([H])C(C([H])([H])[H])(C([H])([H])[H])C2([H])[H])c([H])c(C#N)c1F,CC1(C)CC(=O)N(CCOc2ccc(F)c(C#N)c2)C1,CC1(C)CC(=O)N(CCOc2ccc(F)c(C#N)c2)C1,037,CHEMBL3975283_0,CC1(C)CC(=O)N(CCOc2ccc(F)c(C#N)c2)C1,41
5lz5_5lz5_conf0,5lz5_5lz5_conf0.mol2,[H]c1c([H])c([H])c([C@]2(C([H])([H])[H])C([H])([H])C(=O)N(C([H])([H])C([H])([H])Oc3c([H])c([H])c(F)c(C#N)c3[H])C2([H])[H])c([H])c1[H],[H]c1c([H])c([H])c(C2(C([H])([H])[H])C([H])([H])C(=O)N(C([H])([H])C([H])([H])Oc3c([H])c([H])c(F)c(C#N)c3[H])C2([H])[H])c([H])c1[H],C[C@@]1(c2ccccc2)CC(=O)N(CCOc2ccc(F)c(C#N)c2)C1,CC1(c2ccccc2)CC(=O)N(CCOc2ccc(F)c(C#N)c2)C1,044,CHEMBL3924430_0,C[C@@]1(c2ccccc2)CC(=O)N(CCOc2ccc(F)c(C#N)c2)C1,94
5meh_5meh_conf0,5meh_5meh_conf0.mol2,[H]OC([H])([H])[C@]1([H])[C@@]([H])(O[H])[C@]([H])(O[H])[C@]([H])(O[H])C([H])([H])[N+]1([H])[H],[H]OC([H])([H])C1([H])C([H])(O[H])C([H])(O[H])C([H])(O[H])C([H])([H])[N+]1([H])[H],OC[C@H]1[NH2+]C[C@@H](O)[C@@H](O)[C@@H]1O,OCC1[NH2+]CC(O)C(O)C1O,025,CHEMBL11510_0,OC[C@H]1[NH2+]C[C@@H](O)[C@@H](O)[C@@H]1O,1559
5mg2_5mg2_conf0,5mg2_5mg2_conf0.mol2,[H]OC([H])([H])C([H])([H])C([H])([H])c1c([H])c([H])c2c3c(c([H])c([H])c([H])c13)C(=O)N(c1c(C([H])([H])[H])c([H])c3c(c1[H])n(C([H])([H])[H])c(=O)n3C([H])([H])[H])C2=O,[H]OC([H])([H])C([H])([H])C([H])([H])c1c([H])c([H])c2c3c(c([H])c([H])c([H])c13)C(=O)N(c1c(C([H])([H])[H])c([H])c3c(c1[H])n(C([H])([H])[H])c(=O)n3C([H])([H])[H])C2=O,Cc1cc2c(cc1N1C(=O)c3cccc4c(CCCO)ccc(c34)C1=O)n(C)c(=O)n2C,Cc1cc2c(cc1N1C(=O)c3cccc4c(CCCO)ccc(c34)C1=O)n(C)c(=O)n2C,055,CHEMBL4086276_0,Cc1cc2c(cc1N1C(=O)c3cccc4c(CCCO)ccc(c34)C1=O)n(C)c(=O)n2C,37
5mgf_5mgf_conf0,5mgf_5mgf_conf0.mol2,[H]c1c(C(=O)C([H])([H])C([H])([H])[H])c([H])n([H])c1C(=O)OC([H])([H])[H],[H]c1c(C(=O)C([H])([H])C([H])([H])[H])c([H])n([H])c1C(=O)OC([H])([H])[H],CCC(=O)c1c[nH]c(C(=O)OC)c1,CCC(=O)c1c[nH]c(C(=O)OC)c1,024,CHEMBL4171398_0,CCC(=O)c1c[nH]c(C(=O)OC)c1,8
5mgk_5mgk_conf0,5mgk_5mgk_conf0.mol2,[H]c1c(C(=O)C([H])([H])C([H])([H])[H])c([H])n([H])c1C(=O)OC([H])([H])[H],[H]c1c(C(=O)C([H])([H])C([H])([H])[H])c([H])n([H])c1C(=O)OC([H])([H])[H],CCC(=O)c1c[nH]c(C(=O)OC)c1,CCC(=O)c1c[nH]c(C(=O)OC)c1,024,CHEMBL4171398_0,CCC(=O)c1c[nH]c(C(=O)OC)c1,8
5mme_5mme_conf0,5mme_5mme_conf0.mol2,[H]c1c([H])c(C(=O)C([H])([H])[H])c([H])c(N([H])c2c([H])c(C(=O)OC([H])([H])[H])c([H])c(C(=O)OC([H])([H])[H])c2[H])c1OC([H])([H])C([H])([H])[H],[H]c1c([H])c(C(=O)C([H])([H])[H])c([H])c(N([H])c2c([H])c(C(=O)OC([H])([H])[H])c([H])c(C(=O)OC([H])([H])[H])c2[H])c1OC([H])([H])C([H])([H])[H],CCOc1ccc(C(C)=O)cc1Nc1cc(C(=O)OC)cc(C(=O)OC)c1,CCOc1ccc(C(C)=O)cc1Nc1cc(C(=O)OC)cc(C(=O)OC)c1,048,CHEMBL4213403_0,CCOc1ccc(C(C)=O)cc1Nc1cc(C(=O)OC)cc(C(=O)OC)c1,34
5mnn_5mnn_conf0,5mnn_5mnn_conf0.mol2,[H]N([H])C(N1C([H])([H])C([H])([H])C([H])([H])C([H])([H])C1([H])[H])=[N+]([H])[H],[H]N([H])C(N1C([H])([H])C([H])([H])C([H])([H])C([H])([H])C1([H])[H])=[N+]([H])[H],NC(=[NH2+])N1CCCCC1,NC(=[NH2+])N1CCCCC1,023,CHEMBL103102_0,NC(=[NH2+])N1CCCCC1,4
5mod_5mod_conf0,5mod_5mod_conf0.mol2,[H]c1c([H])c(C([H])([H])[N+]([H])([H])[H])c([H])c(Cl)c1OC([H])(C([H])([H])[H])C([H])([H])[H],[H]c1c([H])c(C([H])([H])[N+]([H])([H])[H])c([H])c(Cl)c1OC([H])(C([H])([H])[H])C([H])([H])[H],CC(C)Oc1ccc(C[NH3+])cc1Cl,CC(C)Oc1ccc(C[NH3+])cc1Cl,028,CHEMBL4117551_0,CC(C)Oc1ccc(C[NH3+])cc1Cl,6
5mpz_5mpz_conf0,5mpz_5mpz_conf0.mol2,[H]c1c(C(=O)OC([H])([H])[H])c([H])c2oc(=O)n([H])c2c1[H],[H]c1c(C(=O)OC([H])([H])[H])c([H])c2oc(=O)n([H])c2c1[H],COC(=O)c1ccc2[nH]c(=O)oc2c1,COC(=O)c1ccc2[nH]c(=O)oc2c1,021,CHEMBL4087272_0,COC(=O)c1ccc2[nH]c(=O)oc2c1,2
5mqe_5mqe_conf0,5mqe_5mqe_conf0.mol2,[H]c1c(Br)c([H])n([H])c1C(=O)N([H])C([H])([H])[H],[H]c1c(Br)c([H])n([H])c1C(=O)N([H])C([H])([H])[H],CNC(=O)c1cc(Br)c[nH]1,CNC(=O)c1cc(Br)c[nH]1,017,CHEMBL4077137_0,CNC(=O)c1cc(Br)c[nH]1,2
5msb_5msb_conf0,5msb_5msb_conf0.mol2,[H]OC([H])([H])C([H])([H])S(=O)(=O)c1c(F)c(F)c(S(=O)(=O)N([H])[H])c(F)c1F,[H]OC([H])([H])C([H])([H])S(=O)(=O)c1c(F)c(F)c(S(=O)(=O)N([H])[H])c(F)c1F,NS(=O)(=O)c1c(F)c(F)c(S(=O)(=O)CCO)c(F)c1F,NS(=O)(=O)c1c(F)c(F)c(S(=O)(=O)CCO)c(F)c1F,027,CHEMBL2333417_0,NS(=O)(=O)c1c(F)c(F)c(S(=O)(=O)CCO)c(F)c1F,68
5mwh_5mwh_conf0,5mwh_5mwh_conf0.mol2,[H]c1c([H])c(S(=O)(=O)N([H])c2c(N3C([H])([H])C([H])([H])OC([H])([H])C3([H])[H])c([H])c3c(c2[H])n(C([H])([H])[H])c(=O)c(=O)n3C([H])([H])[H])c([H])c([H])c1C([H])([H])C([H])(C([H])([H])[H])C([H])([H])[H],[H]c1c([H])c(S(=O)(=O)N([H])c2c(N3C([H])([H])C([H])([H])OC([H])([H])C3([H])[H])c([H])c3c(c2[H])n(C([H])([H])[H])c(=O)c(=O)n3C([H])([H])[H])c([H])c([H])c1C([H])([H])C([H])(C([H])([H])[H])C([H])([H])[H],CC(C)Cc1ccc(S(=O)(=O)Nc2cc3c(cc2N2CCOCC2)n(C)c(=O)c(=O)n3C)cc1,CC(C)Cc1ccc(S(=O)(=O)Nc2cc3c(cc2N2CCOCC2)n(C)c(=O)c(=O)n3C)cc1,064,CHEMBL1360726_0,CC(C)Cc1ccc(S(=O)(=O)Nc2cc3c(cc2N2CCOCC2)n(C)c(=O)c(=O)n3C)cc1,86
5my8_5my8_conf0,5my8_5my8_conf0.mol2,[H]c1nc(C([H])([H])[N+]2([H])C([H])([H])C([H])([H])N(c3c([H])c([H])c(C(F)(F)F)c([H])c3N([H])C(=O)c3oc(-c4c([H])c([H])nc([H])c4[H])c([H])c3[H])C([H])([H])C2([H])[H])c([H])c([H])c1[H],[H]c1nc(C([H])([H])[N+]2([H])C([H])([H])C([H])([H])N(c3c([H])c([H])c(C(F)(F)F)c([H])c3N([H])C(=O)c3oc(-c4c([H])c([H])nc([H])c4[H])c([H])c3[H])C([H])([H])C2([H])[H])c([H])c([H])c1[H],O=C(Nc1cc(C(F)(F)F)ccc1N1CC[NH+](Cc2ccccn2)CC1)c1ccc(-c2ccncc2)o1,O=C(Nc1cc(C(F)(F)F)ccc1N1CC[NH+](Cc2ccccn2)CC1)c1ccc(-c2ccncc2)o1,062,CHEMBL5074274_0,O=C(Nc1cc(C(F)(F)F)ccc1N1CC[NH+](Cc2ccccn2)CC1)c1ccc(-c2ccncc2)o1,48
5mz8_5mz8_conf0,5mz8_5mz8_conf0.mol2,[H]C([H])(C(=O)[O-])C([H])([H])C(=O)[O-],[H]C([H])(C(=O)[O-])C([H])([H])C(=O)[O-],O=C([O-])CCC(=O)[O-],O=C([O-])CCC(=O)[O-],012,CHEMBL576_0,O=C([O-])CCC(=O)[O-],11
5n0e_5n0e_conf0,5n0e_5n0e_conf0.mol2,[H]Oc1c([H])c2c(c([H])c1O[H])[C@]([H])(c1c([H])c([H])c([H])c([H])c1[H])N(C(=O)c1c([H])c([H])c(S(=O)(=O)N([H])[H])c([H])c1[H])C([H])([H])C2([H])[H],[H]Oc1c([H])c2c(c([H])c1O[H])C([H])([H])C([H])([H])N(C(=O)c1c([H])c([H])c(S(=O)(=O)N([H])[H])c([H])c1[H])C2([H])c1c([H])c([H])c([H])c([H])c1[H],NS(=O)(=O)c1ccc(C(=O)N2CCc3cc(O)c(O)cc3[C@@H]2c2ccccc2)cc1,NS(=O)(=O)c1ccc(C(=O)N2CCc3cc(O)c(O)cc3C2c2ccccc2)cc1,050,CHEMBL4068642_0,NS(=O)(=O)c1ccc(C(=O)N2CCc3cc(O)c(O)cc3[C@@H]2c2ccccc2)cc1,143
5n1s_5n1s_conf0,5n1s_5n1s_conf0.mol2,[H]c1c([H])c(S(=O)(=O)N([H])[H])c([H])c([H])c1-c1c([H])c2c([H])c([H])c([H])c([H])c2n1[H],[H]c1c([H])c(S(=O)(=O)N([H])[H])c([H])c([H])c1-c1c([H])c2c([H])c([H])c([H])c([H])c2n1[H],NS(=O)(=O)c1ccc(-c2cc3ccccc3[nH]2)cc1,NS(=O)(=O)c1ccc(-c2cc3ccccc3[nH]2)cc1,031,CHEMBL3764340_0,NS(=O)(=O)c1ccc(-c2cc3ccccc3[nH]2)cc1,12
5n24_5n24_conf0,5n24_5n24_conf0.mol2,[H]c1c([H])c(-c2c([H])c([H])c(S(=O)(=O)N([H])[H])c([H])c2[H])c([H])c([H])c1C#N,[H]c1c([H])c(-c2c([H])c([H])c(S(=O)(=O)N([H])[H])c([H])c2[H])c([H])c([H])c1C#N,N#Cc1ccc(-c2ccc(S(N)(=O)=O)cc2)cc1,N#Cc1ccc(-c2ccc(S(N)(=O)=O)cc2)cc1,028,CHEMBL3763508_0,N#Cc1ccc(-c2ccc(S(N)(=O)=O)cc2)cc1,2
5n25_5n25_conf0,5n25_5n25_conf0.mol2,[H]c1nc([H])c(-c2c([H])c([H])c(S(=O)(=O)N([H])[H])c([H])c2[H])c([H])c1[H],[H]c1nc([H])c(-c2c([H])c([H])c(S(=O)(=O)N([H])[H])c([H])c2[H])c([H])c1[H],NS(=O)(=O)c1ccc(-c2cccnc2)cc1,NS(=O)(=O)c1ccc(-c2cccnc2)cc1,026,CHEMBL3763387_0,NS(=O)(=O)c1ccc(-c2cccnc2)cc1,4
5n84_5n84_conf0,5n84_5n84_conf0.mol2,[H]c1nc(N([H])C([H])([H])C([H])(C([H])([H])[H])C([H])([H])[H])c2nc([H])c(-c3c([H])c([H])c(C(=O)N([H])C4([H])C([H])([H])C4([H])[H])c([H])c3[H])n2c1[H],[H]c1nc(N([H])C([H])([H])C([H])(C([H])([H])[H])C([H])([H])[H])c2nc([H])c(-c3c([H])c([H])c(C(=O)N([H])C4([H])C([H])([H])C4([H])[H])c([H])c3[H])n2c1[H],CC(C)CNc1nccn2c(-c3ccc(C(=O)NC4CC4)cc3)cnc12,CC(C)CNc1nccn2c(-c3ccc(C(=O)NC4CC4)cc3)cnc12,049,CHEMBL3410060_1,CC(C)CNc1nccn2c(-c3ccc(C(=O)NC4CC4)cc3)cnc12,100
5n93_5n93_conf0,5n93_5n93_conf0.mol2,[H]c1c([H])c(N([H])c2nc(N([H])C(C([H])([H])[H])(C([H])([H])[H])C([H])([H])[H])c(C#N)c(N([H])[H])c2[H])c([H])c([H])c1C(=O)N([H])[H],[H]c1c([H])c(N([H])c2nc(N([H])C(C([H])([H])[H])(C([H])([H])[H])C([H])([H])[H])c(C#N)c(N([H])[H])c2[H])c([H])c([H])c1C(=O)N([H])[H],CC(C)(C)Nc1nc(Nc2ccc(C(N)=O)cc2)cc(N)c1C#N,CC(C)(C)Nc1nc(Nc2ccc(C(N)=O)cc2)cc(N)c1C#N,044,CHEMBL2089255_1,CC(C)(C)Nc1nc(Nc2ccc(C(N)=O)cc2)cc(N)c1C#N,30
5n9r_5n9r_conf0,5n9r_5n9r_conf0.mol2,[H]OC1(C([H])([H])n2c([H])nc3c(Br)c([H])sc3c2=O)C([H])([H])C([H])([H])N(C(=O)C([H])([H])[C@]([H])(c2c([H])c([H])c([H])c([H])c2[H])C([H])([H])[H])C([H])([H])C1([H])[H],[H]OC1(C([H])([H])n2c([H])nc3c(Br)c([H])sc3c2=O)C([H])([H])C([H])([H])N(C(=O)C([H])([H])C([H])(c2c([H])c([H])c([H])c([H])c2[H])C([H])([H])[H])C([H])([H])C1([H])[H],C[C@H](CC(=O)N1CCC(O)(Cn2cnc3c(Br)csc3c2=O)CC1)c1ccccc1,CC(CC(=O)N1CCC(O)(Cn2cnc3c(Br)csc3c2=O)CC1)c1ccccc1,054,CHEMBL4280518_0,C[C@H](CC(=O)N1CCC(O)(Cn2cnc3c(Br)csc3c2=O)CC1)c1ccccc1,83
5nbw_5nbw_conf0,5nbw_5nbw_conf0.mol2,[H]Oc1c([H])c([H])c2c([H])c([H])c3c4c([H])c([H])c([H])c([H])c4c([H])c4c([H])c([H])c1c2c43,[H]Oc1c([H])c([H])c2c([H])c([H])c3c4c([H])c([H])c([H])c([H])c4c([H])c4c([H])c([H])c1c2c43,Oc1ccc2ccc3c4ccccc4cc4ccc1c2c43,Oc1ccc2ccc3c4ccccc4cc4ccc1c2c43,033,CHEMBL8020_0,Oc1ccc2ccc3c4ccccc4cc4ccc1c2c43,2
5nea_5nea_conf0,5nea_5nea_conf0.mol2,[H]c1nc(C([H])([H])[H])oc1-c1c([H])c([H])c(S(=O)(=O)N([H])[H])c([H])c1[H],[H]c1nc(C([H])([H])[H])oc1-c1c([H])c([H])c(S(=O)(=O)N([H])[H])c([H])c1[H],Cc1ncc(-c2ccc(S(N)(=O)=O)cc2)o1,Cc1ncc(-c2ccc(S(N)(=O)=O)cc2)o1,026,CHEMBL3608870_0,Cc1ncc(-c2ccc(S(N)(=O)=O)cc2)o1,7
5nee_5nee_conf0,5nee_5nee_conf0.mol2,[H]c1nc(C(=O)N2C([H])([H])C([H])([H])OC([H])([H])C2([H])[H])oc1-c1sc(S(=O)(=O)N([H])[H])c([H])c1[H],[H]c1nc(C(=O)N2C([H])([H])C([H])([H])OC([H])([H])C2([H])[H])oc1-c1sc(S(=O)(=O)N([H])[H])c([H])c1[H],NS(=O)(=O)c1ccc(-c2cnc(C(=O)N3CCOCC3)o2)s1,NS(=O)(=O)c1ccc(-c2cnc(C(=O)N3CCOCC3)o2)s1,035,CHEMBL3608889_0,NS(=O)(=O)c1ccc(-c2cnc(C(=O)N3CCOCC3)o2)s1,74
5ngz_5ngz_conf0,5ngz_5ngz_conf0.mol2,[H]c1c([H])c([H])c2sc(C([H])([H])[N+]([H])([H])[H])nc2c1[H],[H]c1c([H])c([H])c2sc(C([H])([H])[N+]([H])([H])[H])nc2c1[H],[NH3+]Cc1nc2ccccc2s1,[NH3+]Cc1nc2ccccc2s1,020,CHEMBL1770734_0,[NH3+]Cc1nc2ccccc2s1,3
5nlk_5nlk_conf0,5nlk_5nlk_conf0.mol2,[H]c1oc(C(=O)N([H])c2c([H])c(C(=O)N([H])c3c([H])c(C(=O)C([H])([H])[H])c([H])c([H])c3OC([H])([H])C([H])([H])[H])c([H])c(N([H])C(=O)C([H])([H])[H])c2[H])c([H])c1[H],[H]c1oc(C(=O)N([H])c2c([H])c(C(=O)N([H])c3c([H])c(C(=O)C([H])([H])[H])c([H])c([H])c3OC([H])([H])C([H])([H])[H])c([H])c(N([H])C(=O)C([H])([H])[H])c2[H])c([H])c1[H],CCOc1ccc(C(C)=O)cc1NC(=O)c1cc(NC(C)=O)cc(NC(=O)c2ccco2)c1,CCOc1ccc(C(C)=O)cc1NC(=O)c1cc(NC(C)=O)cc(NC(=O)c2ccco2)c1,056,CHEMBL4205572_0,CCOc1ccc(C(C)=O)cc1NC(=O)c1cc(NC(C)=O)cc(NC(=O)c2ccco2)c1,150
5nxi_5nxi_conf0,5nxi_5nxi_conf0.mol2,[H]c1c([H])c(S(=O)(=O)N([H])c2c([H])c([H])c(S(=O)(=O)N([H])[H])c([H])c2[H])c([H])c([H])c1Br,[H]c1c([H])c(S(=O)(=O)N([H])c2c([H])c([H])c(S(=O)(=O)N([H])[H])c([H])c2[H])c([H])c([H])c1Br,NS(=O)(=O)c1ccc(NS(=O)(=O)c2ccc(Br)cc2)cc1,NS(=O)(=O)c1ccc(NS(=O)(=O)c2ccc(Br)cc2)cc1,032,CHEMBL1865103_0,NS(=O)(=O)c1ccc(NS(=O)(=O)c2ccc(Br)cc2)cc1,21
5ny1_5ny1_conf0,5ny1_5ny1_conf0.mol2,[H]c1c([H])c(S(=O)(=O)N([H])[H])c([H])c([H])c1C([H])([H])N([H])C(=O)c1oc2c(C([H])([H])[H])c(C([H])([H])[H])c([H])c([H])c2c1C([H])([H])[H],[H]c1c([H])c(S(=O)(=O)N([H])[H])c([H])c([H])c1C([H])([H])N([H])C(=O)c1oc2c(C([H])([H])[H])c(C([H])([H])[H])c([H])c([H])c2c1C([H])([H])[H],Cc1ccc2c(C)c(C(=O)NCc3ccc(S(N)(=O)=O)cc3)oc2c1C,Cc1ccc2c(C)c(C(=O)NCc3ccc(S(N)(=O)=O)cc3)oc2c1C,046,CHEMBL1505114_0,Cc1ccc2c(C)c(C(=O)NCc3ccc(S(N)(=O)=O)cc3)oc2c1C,90
5ny3_5ny3_conf0,5ny3_5ny3_conf0.mol2,[H]c1c([H])c(N([H])C(=O)N([H])C([H])([H])C([H])([H])c2c([H])c([H])c(S(=O)(=O)N([H])[H])c([H])c2[H])c([H])c([H])c1Cl,[H]c1c([H])c(N([H])C(=O)N([H])C([H])([H])C([H])([H])c2c([H])c([H])c(S(=O)(=O)N([H])[H])c([H])c2[H])c([H])c([H])c1Cl,NS(=O)(=O)c1ccc(CCNC(=O)Nc2ccc(Cl)cc2)cc1,NS(=O)(=O)c1ccc(CCNC(=O)Nc2ccc(Cl)cc2)cc1,039,CHEMBL1408684_0,NS(=O)(=O)c1ccc(CCNC(=O)Nc2ccc(Cl)cc2)cc1,50
5nya_5nya_conf0,5nya_5nya_conf0.mol2,[H]c1c([H])c([H])c(S(=O)(=O)N([H])[H])c([H])c1[H],[H]c1c([H])c([H])c(S(=O)(=O)N([H])[H])c([H])c1[H],NS(=O)(=O)c1ccccc1,NS(=O)(=O)c1ccccc1,017,CHEMBL27601_0,NS(=O)(=O)c1ccccc1,2
5o07_5o07_conf0,5o07_5o07_conf0.mol2,[H]c1nc(C([H])([H])[H])n(C([H])([H])C([H])([H])OS(=O)(=O)N([H])[H])c1[N+](=O)[O-],[H]c1nc(C([H])([H])[H])n(C([H])([H])C([H])([H])OS(=O)(=O)N([H])[H])c1[N+](=O)[O-],Cc1ncc([N+](=O)[O-])n1CCOS(N)(=O)=O,Cc1ncc([N+](=O)[O-])n1CCOS(N)(=O)=O,026,CHEMBL3085793_0,Cc1ncc([N+](=O)[O-])n1CCOS(N)(=O)=O,49
5o1d_5o1d_conf0,5o1d_5o1d_conf0.mol2,[H]Oc1c(I)c(-n2c([H])c([H])c([H])c2[H])c(OC([H])([H])C([H])([H])C([H])([H])[H])c([H])c1C(=O)[O-],[H]Oc1c(I)c(-n2c([H])c([H])c([H])c2[H])c(OC([H])([H])C([H])([H])C([H])([H])[H])c([H])c1C(=O)[O-],CCCOc1cc(C(=O)[O-])c(O)c(I)c1-n1cccc1,CCCOc1cc(C(=O)[O-])c(O)c(I)c1-n1cccc1,033,CHEMBL4168045_0,CCCOc1cc(C(=O)[O-])c(O)c(I)c1-n1cccc1,21
5o1f_5o1f_conf0,5o1f_5o1f_conf0.mol2,[H]Oc1c(I)c(-n2c([H])c([H])c([H])c2[H])c(OC([H])([H])C([H])([H])C([H])([H])C([H])([H])[H])c([H])c1C(=O)[O-],[H]Oc1c(I)c(-n2c([H])c([H])c([H])c2[H])c(OC([H])([H])C([H])([H])C([H])([H])C([H])([H])[H])c([H])c1C(=O)[O-],CCCCOc1cc(C(=O)[O-])c(O)c(I)c1-n1cccc1,CCCCOc1cc(C(=O)[O-])c(O)c(I)c1-n1cccc1,036,CHEMBL4164612_0,CCCCOc1cc(C(=O)[O-])c(O)c(I)c1-n1cccc1,14
5o1h_5o1h_conf0,5o1h_5o1h_conf0.mol2,[H]Oc1c(I)c(-n2c([H])c([H])c([H])c2[H])c(SC([H])([H])C([H])([H])C([H])([H])[H])c([H])c1C(=O)[O-],[H]Oc1c(I)c(-n2c([H])c([H])c([H])c2[H])c(SC([H])([H])C([H])([H])C([H])([H])[H])c([H])c1C(=O)[O-],CCCSc1cc(C(=O)[O-])c(O)c(I)c1-n1cccc1,CCCSc1cc(C(=O)[O-])c(O)c(I)c1-n1cccc1,033,CHEMBL4168439_0,CCCSc1cc(C(=O)[O-])c(O)c(I)c1-n1cccc1,19
5o2d_5o2d_conf0,5o2d_5o2d_conf0.mol2,[H]c1c([H])c([H])c(N([H])S(=O)(=O)C([H])([H])[H])c(-c2c([H])c([H])c([H])c3c4c([H])c([H])c([H])c([H])c4n([H])c23)c1[H],[H]c1c([H])c([H])c(N([H])S(=O)(=O)C([H])([H])[H])c(-c2c([H])c([H])c([H])c3c4c([H])c([H])c([H])c([H])c4n([H])c23)c1[H],CS(=O)(=O)Nc1ccccc1-c1cccc2c1[nH]c1ccccc12,CS(=O)(=O)Nc1ccccc1-c1cccc2c1[nH]c1ccccc12,040,CHEMBL4228040_0,CS(=O)(=O)Nc1ccccc1-c1cccc2c1[nH]c1ccccc12,26
5o5a_5o5a_conf0,5o5a_5o5a_conf0.mol2,[H]c1nn(-c2c([H])c([H])c([H])c([H])c2[H])c([H])c1C([H])([H])N(C(=O)c1c([H])c([H])c2c(c1[H])n([H])c(=O)c(=O)n2C([H])([H])C([H])([H])[H])C([H])([H])[H],[H]c1nn(-c2c([H])c([H])c([H])c([H])c2[H])c([H])c1C([H])([H])N(C(=O)c1c([H])c([H])c2c(c1[H])n([H])c(=O)c(=O)n2C([H])([H])C([H])([H])[H])C([H])([H])[H],CCn1c(=O)c(=O)[nH]c2cc(C(=O)N(C)Cc3cnn(-c4ccccc4)c3)ccc21,CCn1c(=O)c(=O)[nH]c2cc(C(=O)N(C)Cc3cnn(-c4ccccc4)c3)ccc21,051,CHEMBL4293001_0,CCn1c(=O)c(=O)[nH]c2cc(C(=O)N(C)Cc3cnn(-c4ccccc4)c3)ccc21,153
5oh3_5oh3_conf0,5oh3_5oh3_conf0.mol2,[H]N1C(=O)C([H])([H])[C@](C([H])([H])[H])(C([H])([H])C([H])([H])[H])C1=O,[H]N1C(=O)C([H])([H])C(C([H])([H])[H])(C([H])([H])C([H])([H])[H])C1=O,CC[C@@]1(C)CC(=O)NC1=O,CCC1(C)CC(=O)NC1=O,021,CHEMBL696_0,CC[C@@]1(C)CC(=O)NC1=O,3
5oku_5oku_conf0,5oku_5oku_conf0.mol2,[H]C([H])(C(=O)[O-])C([H])([H])C([H])([H])C([H])([H])C(=O)[O-],[H]C([H])(C(=O)[O-])C([H])([H])C([H])([H])C([H])([H])C(=O)[O-],O=C([O-])CCCCC(=O)[O-],O=C([O-])CCCCC(=O)[O-],018,CHEMBL1157_0,O=C([O-])CCCCC(=O)[O-],50
5op4_5op4_conf0,5op4_5op4_conf0.mol2,[H]c1nc(N([H])c2c([H])c(F)c(C(=O)N3C([H])([H])C([H])([H])OC([H])([H])C3([H])[H])c([H])c2OC([H])([H])[H])nc(N([H])C([H])([H])C([H])([H])[H])c1C(F)(F)F,[H]c1nc(N([H])c2c([H])c(F)c(C(=O)N3C([H])([H])C([H])([H])OC([H])([H])C3([H])[H])c([H])c2OC([H])([H])[H])nc(N([H])C([H])([H])C([H])([H])[H])c1C(F)(F)F,CCNc1nc(Nc2cc(F)c(C(=O)N3CCOCC3)cc2OC)ncc1C(F)(F)F,CCNc1nc(Nc2cc(F)c(C(=O)N3CCOCC3)cc2OC)ncc1C(F)(F)F,052,CHEMBL2178134_0,CCNc1nc(Nc2cc(F)c(C(=O)N3CCOCC3)cc2OC)ncc1C(F)(F)F,131
5op5_5op5_conf0,5op5_5op5_conf0.mol2,[H]c1nc(N2C([H])([H])C([H])([H])OC([H])([H])C2([H])[H])c2c(-c3c([H])c([H])c([H])c(C#N)c3[H])c([H])n([H])c2n1,[H]c1nc(N2C([H])([H])C([H])([H])OC([H])([H])C2([H])[H])c2c(-c3c([H])c([H])c([H])c(C#N)c3[H])c([H])n([H])c2n1,N#Cc1cccc(-c2c[nH]c3ncnc(N4CCOCC4)c23)c1,N#Cc1cccc(-c2c[nH]c3ncnc(N4CCOCC4)c23)c1,038,CHEMBL3393348_0,N#Cc1cccc(-c2c[nH]c3ncnc(N4CCOCC4)c23)c1,4
5oq8_5oq8_conf0,5oq8_5oq8_conf0.mol2,[H]c1nc([H])c(N([H])C(=O)c2c([H])c(N3C([H])([H])C([H])([H])[N+]([H])(C([H])([H])[H])C([H])([H])C3([H])[H])c([H])c([H])c2OC([H])([H])c2c([H])c([H])c([H])c([H])c2[H])c([H])c1[H],[H]c1nc([H])c(N([H])C(=O)c2c([H])c(N3C([H])([H])C([H])([H])[N+]([H])(C([H])([H])[H])C([H])([H])C3([H])[H])c([H])c([H])c2OC([H])([H])c2c([H])c([H])c([H])c([H])c2[H])c([H])c1[H],C[NH+]1CCN(c2ccc(OCc3ccccc3)c(C(=O)Nc3cccnc3)c2)CC1,C[NH+]1CCN(c2ccc(OCc3ccccc3)c(C(=O)Nc3cccnc3)c2)CC1,057,CHEMBL3604124_0,C[NH+]1CCN(c2ccc(OCc3ccccc3)c(C(=O)Nc3cccnc3)c2)CC1,120
5oqu_5oqu_conf0,5oqu_5oqu_conf0.mol2,[H]c1c([H])c([H])c(-c2c([H])c([H])c(C([H])([H])[N+]([H])([H])[H])c([H])c2Cl)c(OC([H])([H])[H])c1[H],[H]c1c([H])c([H])c(-c2c([H])c([H])c(C([H])([H])[N+]([H])([H])[H])c([H])c2Cl)c(OC([H])([H])[H])c1[H],COc1ccccc1-c1ccc(C[NH3+])cc1Cl,COc1ccccc1-c1ccc(C[NH3+])cc1Cl,032,CHEMBL4225463_0,COc1ccccc1-c1ccc(C[NH3+])cc1Cl,8
5orh_5orh_conf0,5orh_5orh_conf0.mol2,[H]c1c([H])c([H])c(C([H])([H])[H])c(-c2c([H])c([H])c(C([H])([H])[N+]([H])([H])[H])c([H])c2Cl)c1[H],[H]c1c([H])c([H])c(C([H])([H])[H])c(-c2c([H])c([H])c(C([H])([H])[N+]([H])([H])[H])c([H])c2Cl)c1[H],Cc1ccccc1-c1ccc(C[NH3+])cc1Cl,Cc1ccccc1-c1ccc(C[NH3+])cc1Cl,031,CHEMBL4227626_0,Cc1ccccc1-c1ccc(C[NH3+])cc1Cl,4
5orj_5orj_conf0,5orj_5orj_conf0.mol2,[H]c1c([H])c([H])c(C([H])([H])C([H])([H])[H])c(-c2c([H])c([H])c(C([H])([H])[N+]([H])([H])[H])c([H])c2Cl)c1[H],[H]c1c([H])c([H])c(C([H])([H])C([H])([H])[H])c(-c2c([H])c([H])c(C([H])([H])[N+]([H])([H])[H])c([H])c2Cl)c1[H],CCc1ccccc1-c1ccc(C[NH3+])cc1Cl,CCc1ccccc1-c1ccc(C[NH3+])cc1Cl,034,CHEMBL4224990_0,CCc1ccccc1-c1ccc(C[NH3+])cc1Cl,4
5ork_5ork_conf0,5ork_5ork_conf0.mol2,[H]c1c([H])c([H])c(-c2c([H])c([H])c(C([H])([H])[N+]([H])([H])[H])c([H])c2Cl)c(F)c1[H],[H]c1c([H])c([H])c(-c2c([H])c([H])c(C([H])([H])[N+]([H])([H])[H])c([H])c2Cl)c(F)c1[H],[NH3+]Cc1ccc(-c2ccccc2F)c(Cl)c1,[NH3+]Cc1ccc(-c2ccccc2F)c(Cl)c1,028,CHEMBL4225845_0,[NH3+]Cc1ccc(-c2ccccc2F)c(Cl)c1,6
5orv_5orv_conf0,5orv_5orv_conf0.mol2,[H]OC([H])([H])c1c(SC([H])([H])[H])nsc1SC([H])([H])[H],[H]OC([H])([H])c1c(SC([H])([H])[H])nsc1SC([H])([H])[H],CSc1nsc(SC)c1CO,CSc1nsc(SC)c1CO,020,CHEMBL1891657_0,CSc1nsc(SC)c1CO,47
5os5_5os5_conf0,5os5_5os5_conf0.mol2,[H]Oc1c([H])c([H])c(Sc2c([H])c([H])c(O[H])c([H])c2[H])c([H])c1[H],[H]Oc1c([H])c([H])c(Sc2c([H])c([H])c(O[H])c([H])c2[H])c([H])c1[H],Oc1ccc(Sc2ccc(O)cc2)cc1,Oc1ccc(Sc2ccc(O)cc2)cc1,025,CHEMBL3183502_0,Oc1ccc(Sc2ccc(O)cc2)cc1,10
5os7_5os7_conf0,5os7_5os7_conf0.mol2,[H]c1c([H])c([H])c(C([H])(C([H])([H])[H])C([H])([H])[H])c(-c2c([H])c([H])c(C([H])([H])[N+]([H])([H])[H])c([H])c2Cl)c1[H],[H]c1c([H])c([H])c(C([H])(C([H])([H])[H])C([H])([H])[H])c(-c2c([H])c([H])c(C([H])([H])[N+]([H])([H])[H])c([H])c2Cl)c1[H],CC(C)c1ccccc1-c1ccc(C[NH3+])cc1Cl,CC(C)c1ccccc1-c1ccc(C[NH3+])cc1Cl,037,CHEMBL4225193_0,CC(C)c1ccccc1-c1ccc(C[NH3+])cc1Cl,2
5ov8_5ov8_conf0,5ov8_5ov8_conf0.mol2,[H]c1c([H])c(S(=O)(=O)N([H])c2c(N3C([H])([H])C([H])([H])C([H])([H])C3([H])[H])c([H])c3c(c2[H])n(C([H])([H])[H])c(=O)c(=O)n3C([H])([H])[H])c([H])c([H])c1C([H])([H])C([H])(C([H])([H])[H])C([H])([H])[H],[H]c1c([H])c(S(=O)(=O)N([H])c2c(N3C([H])([H])C([H])([H])C([H])([H])C3([H])[H])c([H])c3c(c2[H])n(C([H])([H])[H])c(=O)c(=O)n3C([H])([H])[H])c([H])c([H])c1C([H])([H])C([H])(C([H])([H])[H])C([H])([H])[H],CC(C)Cc1ccc(S(=O)(=O)Nc2cc3c(cc2N2CCCC2)n(C)c(=O)c(=O)n3C)cc1,CC(C)Cc1ccc(S(=O)(=O)Nc2cc3c(cc2N2CCCC2)n(C)c(=O)c(=O)n3C)cc1,063,CHEMBL4292834_0,CC(C)Cc1ccc(S(=O)(=O)Nc2cc3c(cc2N2CCCC2)n(C)c(=O)c(=O)n3C)cc1,82
5qa8_5qa8_conf0,5qa8_5qa8_conf0.mol2,[H]Oc1c([H])c([H])c(-c2c([H])c([H])c([H])c(C(=O)[O-])c2[H])c([H])c1[H],[H]Oc1c([H])c([H])c(-c2c([H])c([H])c([H])c(C(=O)[O-])c2[H])c([H])c1[H],O=C([O-])c1cccc(-c2ccc(O)cc2)c1,O=C([O-])c1cccc(-c2ccc(O)cc2)c1,025,CHEMBL4093894_0,O=C([O-])c1cccc(-c2ccc(O)cc2)c1,2
5qal_5qal_conf0,5qal_5qal_conf0.mol2,[H]c1c([H])c(C(=O)[O-])c([H])c(-c2c([H])c([H])c(C(=O)N([H])[H])c([H])c2[H])c1[H],[H]c1c([H])c(C(=O)[O-])c([H])c(-c2c([H])c([H])c(C(=O)N([H])[H])c([H])c2[H])c1[H],NC(=O)c1ccc(-c2cccc(C(=O)[O-])c2)cc1,NC(=O)c1ccc(-c2cccc(C(=O)[O-])c2)cc1,028,CHEMBL4159007_0,NC(=O)c1ccc(-c2cccc(C(=O)[O-])c2)cc1,2
5qay_5qay_conf0,5qay_5qay_conf0.mol2,[H]c1c([H])c(C(=O)[O-])c([H])c(-c2c([H])c([H])c([H])n2C([H])([H])[H])c1[H],[H]c1c([H])c(C(=O)[O-])c([H])c(-c2c([H])c([H])c([H])n2C([H])([H])[H])c1[H],Cn1cccc1-c1cccc(C(=O)[O-])c1,Cn1cccc1-c1cccc(C(=O)[O-])c1,025,CHEMBL4162292_0,Cn1cccc1-c1cccc(C(=O)[O-])c1,2
5sym_5sym_conf0,5sym_5sym_conf0.mol2,[H]c1oc(C(=O)N2C([H])([H])C([H])([H])[N+]([H])(C([H])([H])C(=O)N([H])c3c([H])c(C(F)(F)F)c([H])c([H])c3Cl)C([H])([H])C2([H])[H])c([H])c1[H],[H]c1oc(C(=O)N2C([H])([H])C([H])([H])[N+]([H])(C([H])([H])C(=O)N([H])c3c([H])c(C(F)(F)F)c([H])c([H])c3Cl)C([H])([H])C2([H])[H])c([H])c1[H],O=C(C[NH+]1CCN(C(=O)c2ccco2)CC1)Nc1cc(C(F)(F)F)ccc1Cl,O=C(C[NH+]1CCN(C(=O)c2ccco2)CC1)Nc1cc(C(F)(F)F)ccc1Cl,046,CHEMBL600764_0,O=C(C[NH+]1CCN(C(=O)c2ccco2)CC1)Nc1cc(C(F)(F)F)ccc1Cl,200
5sz0_5sz0_conf0,5sz0_5sz0_conf0.mol2,[H]c1c([H])c([H])c(-c2c([H])c([H])c(S(=O)(=O)N([H])[H])c([H])c2[H])c([H])c1[H],[H]c1c([H])c([H])c(-c2c([H])c([H])c(S(=O)(=O)N([H])[H])c([H])c2[H])c([H])c1[H],NS(=O)(=O)c1ccc(-c2ccccc2)cc1,NS(=O)(=O)c1ccc(-c2ccccc2)cc1,027,CHEMBL3764182_0,NS(=O)(=O)c1ccc(-c2ccccc2)cc1,3
5sz1_5sz1_conf0,5sz1_5sz1_conf0.mol2,[H]c1c([H])c([H])c(C([H])([H])[H])c(-c2c([H])c([H])c(S(=O)(=O)N([H])[H])c([H])c2[H])c1[H],[H]c1c([H])c([H])c(C([H])([H])[H])c(-c2c([H])c([H])c(S(=O)(=O)N([H])[H])c([H])c2[H])c1[H],Cc1ccccc1-c1ccc(S(N)(=O)=O)cc1,Cc1ccccc1-c1ccc(S(N)(=O)=O)cc1,030,CHEMBL3764580_0,Cc1ccccc1-c1ccc(S(N)(=O)=O)cc1,9
5sz2_5sz2_conf0,5sz2_5sz2_conf0.mol2,[H]C(=O)c1c([H])c([H])c([H])c(-c2c([H])c([H])c(S(=O)(=O)N([H])[H])c([H])c2[H])c1[H],[H]C(=O)c1c([H])c([H])c([H])c(-c2c([H])c([H])c(S(=O)(=O)N([H])[H])c([H])c2[H])c1[H],NS(=O)(=O)c1ccc(-c2cccc(C=O)c2)cc1,NS(=O)(=O)c1ccc(-c2cccc(C=O)c2)cc1,029,CHEMBL3765495_0,NS(=O)(=O)c1ccc(-c2cccc(C=O)c2)cc1,12
5sz3_5sz3_conf0,5sz3_5sz3_conf0.mol2,[H]c1nc2c([H])c([H])c([H])c([H])c2c([H])c1-c1c([H])c([H])c(S(=O)(=O)N([H])[H])c([H])c1[H],[H]c1nc2c([H])c([H])c([H])c([H])c2c([H])c1-c1c([H])c([H])c(S(=O)(=O)N([H])[H])c([H])c1[H],NS(=O)(=O)c1ccc(-c2cnc3ccccc3c2)cc1,NS(=O)(=O)c1ccc(-c2cnc3ccccc3c2)cc1,032,CHEMBL3764628_0,NS(=O)(=O)c1ccc(-c2cnc3ccccc3c2)cc1,4
5sz4_5sz4_conf0,5sz4_5sz4_conf0.mol2,[H]c1c([H])c([H])c(-c2c([H])c([H])c(S(=O)(=O)N([H])[H])c([H])c2[H])c([H])c1[H],[H]c1c([H])c([H])c(-c2c([H])c([H])c(S(=O)(=O)N([H])[H])c([H])c2[H])c([H])c1[H],NS(=O)(=O)c1ccc(-c2ccccc2)cc1,NS(=O)(=O)c1ccc(-c2ccccc2)cc1,027,CHEMBL3764182_0,NS(=O)(=O)c1ccc(-c2ccccc2)cc1,3
5sz5_5sz5_conf0,5sz5_5sz5_conf0.mol2,[H]c1c([H])c([H])c(C([H])([H])[H])c(-c2c([H])c([H])c(S(=O)(=O)N([H])[H])c([H])c2[H])c1[H],[H]c1c([H])c([H])c(C([H])([H])[H])c(-c2c([H])c([H])c(S(=O)(=O)N([H])[H])c([H])c2[H])c1[H],Cc1ccccc1-c1ccc(S(N)(=O)=O)cc1,Cc1ccccc1-c1ccc(S(N)(=O)=O)cc1,030,CHEMBL3764580_0,Cc1ccccc1-c1ccc(S(N)(=O)=O)cc1,9
5sz6_5sz6_conf0,5sz6_5sz6_conf0.mol2,[H]C(=O)c1c([H])c([H])c([H])c(-c2c([H])c([H])c(S(=O)(=O)N([H])[H])c([H])c2[H])c1[H],[H]C(=O)c1c([H])c([H])c([H])c(-c2c([H])c([H])c(S(=O)(=O)N([H])[H])c([H])c2[H])c1[H],NS(=O)(=O)c1ccc(-c2cccc(C=O)c2)cc1,NS(=O)(=O)c1ccc(-c2cccc(C=O)c2)cc1,029,CHEMBL3765495_0,NS(=O)(=O)c1ccc(-c2cccc(C=O)c2)cc1,12
5sz7_5sz7_conf0,5sz7_5sz7_conf0.mol2,[H]c1nc2c([H])c([H])c([H])c([H])c2c([H])c1-c1c([H])c([H])c(S(=O)(=O)N([H])[H])c([H])c1[H],[H]c1nc2c([H])c([H])c([H])c([H])c2c([H])c1-c1c([H])c([H])c(S(=O)(=O)N([H])[H])c([H])c1[H],NS(=O)(=O)c1ccc(-c2cnc3ccccc3c2)cc1,NS(=O)(=O)c1ccc(-c2cnc3ccccc3c2)cc1,032,CHEMBL3764628_0,NS(=O)(=O)c1ccc(-c2cnc3ccccc3c2)cc1,4
5t8o_5t8o_conf0,5t8o_5t8o_conf0.mol2,[H]OC(C#Cc1c([H])c([H])c2c(c1[H])-c1nc(C(=O)N([H])[H])c([H])n1C([H])([H])C([H])([H])O2)(C([H])([H])[H])C([H])([H])[H],[H]OC(C#Cc1c([H])c([H])c2c(c1[H])-c1nc(C(=O)N([H])[H])c([H])n1C([H])([H])C([H])([H])O2)(C([H])([H])[H])C([H])([H])[H],CC(C)(O)C#Cc1ccc2c(c1)-c1nc(C(N)=O)cn1CCO2,CC(C)(O)C#Cc1ccc2c(c1)-c1nc(C(N)=O)cn1CCO2,040,CHEMBL3692359_1,CC(C)(O)C#Cc1ccc2c(c1)-c1nc(C(N)=O)cn1CCO2,6
5t8p_5t8p_conf0,5t8p_5t8p_conf0.mol2,[H]c1sc2c(c1[H])C([H])([H])C([H])([H])Oc1c-2nc(C(=O)N([H])[H])c([H])c1[H],[H]c1sc2c(c1[H])C([H])([H])C([H])([H])Oc1c-2nc(C(=O)N([H])[H])c([H])c1[H],NC(=O)c1ccc2c(n1)-c1sccc1CCO2,NC(=O)c1ccc2c(n1)-c1sccc1CCO2,027,CHEMBL4086137_0,NC(=O)c1ccc2c(n1)-c1sccc1CCO2,4
5tcy_5tcy_conf0,5tcy_5tcy_conf0.mol2,[H]Oc1c([H])c([H])c([H])c(C(=O)N([H])C([H])([H])C([H])([H])C([H])([H])C([H])([H])C([H])([H])N([H])C(=O)c2c([H])c([H])c([H])c(O[H])c2O[H])c1O[H],[H]Oc1c([H])c([H])c([H])c(C(=O)N([H])C([H])([H])C([H])([H])C([H])([H])C([H])([H])C([H])([H])N([H])C(=O)c2c([H])c([H])c([H])c(O[H])c2O[H])c1O[H],O=C(NCCCCCNC(=O)c1cccc(O)c1O)c1cccc(O)c1O,O=C(NCCCCCNC(=O)c1cccc(O)c1O)c1cccc(O)c1O,049,CHEMBL494328_0,O=C(NCCCCCNC(=O)c1cccc(O)c1O)c1cccc(O)c1O,43
5tt3_5tt3_conf0,5tt3_5tt3_conf0.mol2,[H]c1c(OC([H])([H])C([H])([H])[H])c([H])c2sc(S(=O)(=O)N([H])[H])nc2c1[H],[H]c1c(OC([H])([H])C([H])([H])[H])c([H])c2sc(S(=O)(=O)N([H])[H])nc2c1[H],CCOc1ccc2nc(S(N)(=O)=O)sc2c1,CCOc1ccc2nc(S(N)(=O)=O)sc2c1,026,CHEMBL18_0,CCOc1ccc2nc(S(N)(=O)=O)sc2c1,51
5u11_5u11_conf0,5u11_5u11_conf0.mol2,[H]N([H])c1nc2c(nc(SC([H])([H])C(=O)N([H])C([H])([H])[H])n2[H])c(=O)n1[H],[H]N([H])c1nc2c(nc(SC([H])([H])C(=O)N([H])C([H])([H])[H])n2[H])c(=O)n1[H],CNC(=O)CSc1nc2c(=O)[nH]c(N)nc2[nH]1,CNC(=O)CSc1nc2c(=O)[nH]c(N)nc2[nH]1,027,CHEMBL3819615_0,CNC(=O)CSc1nc2c(=O)[nH]c(N)nc2[nH]1,60
5u12_5u12_conf0,5u12_5u12_conf0.mol2,[H]c1c([H])c([H])c(C([H])([H])Sc2nc3c(=O)n([H])c(N([H])[H])nc3n2[H])c(F)c1[H],[H]c1c([H])c([H])c(C([H])([H])Sc2nc3c(=O)n([H])c(N([H])[H])nc3n2[H])c(F)c1[H],Nc1nc2[nH]c(SCc3ccccc3F)nc2c(=O)[nH]1,Nc1nc2[nH]c(SCc3ccccc3F)nc2c(=O)[nH]1,030,CHEMBL3359162_0,Nc1nc2[nH]c(SCc3ccccc3F)nc2c(=O)[nH]1,32
5u28_5u28_conf0,5u28_5u28_conf0.mol2,[H]c1sc2c(=O)c([H])c(N3C([H])([H])C([H])([H])OC([H])([H])C3([H])[H])oc2c1-c1c([H])c([H])c2c(c1[H])OC([H])([H])C([H])([H])O2,[H]c1sc2c(=O)c([H])c(N3C([H])([H])C([H])([H])OC([H])([H])C3([H])[H])oc2c1-c1c([H])c([H])c2c(c1[H])OC([H])([H])C([H])([H])O2,O=c1cc(N2CCOCC2)oc2c(-c3ccc4c(c3)OCCO4)csc12,O=c1cc(N2CCOCC2)oc2c(-c3ccc4c(c3)OCCO4)csc12,043,CHEMBL2322228_0,O=c1cc(N2CCOCC2)oc2c(-c3ccc4c(c3)OCCO4)csc12,42
5u49_5u49_conf0,5u49_5u49_conf0.mol2,[H]Oc1c([H])c([H])c(/C([H])=C(\[H])c2c([H])c(O[H])c([H])c(O[H])c2[H])c(Cl)c1[H],[H]Oc1c([H])c([H])c(C([H])=C([H])c2c([H])c(O[H])c([H])c(O[H])c2[H])c(Cl)c1[H],Oc1cc(O)cc(/C=C/c2ccc(O)cc2Cl)c1,Oc1cc(O)cc(C=Cc2ccc(O)cc2Cl)c1,029,CHEMBL4099088_0,Oc1cc(O)cc(/C=C/c2ccc(O)cc2Cl)c1,25
5u4b_5u4b_conf0,5u4b_5u4b_conf0.mol2,[H]Oc1c([H])c([H])c(/C([H])=C(\[H])c2c([H])c([H])c([H])c(C(=O)[O-])c2[H])c([H])c1[H],[H]Oc1c([H])c([H])c(C([H])=C([H])c2c([H])c([H])c([H])c(C(=O)[O-])c2[H])c([H])c1[H],O=C([O-])c1cccc(/C=C/c2ccc(O)cc2)c1,O=C([O-])c1cccc(C=Cc2ccc(O)cc2)c1,029,CHEMBL4060726_0,O=C([O-])c1cccc(/C=C/c2ccc(O)cc2)c1,7
5u4d_5u4d_conf0,5u4d_5u4d_conf0.mol2,[H]Oc1c([H])c([H])c(/C([H])=C(\[H])c2c([H])c([H])c([H])c(C(=O)[O-])c2[H])c(Cl)c1[H],[H]Oc1c([H])c([H])c(C([H])=C([H])c2c([H])c([H])c([H])c(C(=O)[O-])c2[H])c(Cl)c1[H],O=C([O-])c1cccc(/C=C/c2ccc(O)cc2Cl)c1,O=C([O-])c1cccc(C=Cc2ccc(O)cc2Cl)c1,029,CHEMBL4069407_0,O=C([O-])c1cccc(/C=C/c2ccc(O)cc2Cl)c1,12
5uez_5uez_conf0,5uez_5uez_conf0.mol2,[H]c1c([H])c([H])c(Oc2c([H])c([H])c([H])c([H])c2-c2nn(C([H])([H])[H])c(=O)c([H])c2OC([H])([H])[H])c([H])c1[H],[H]c1c([H])c([H])c(Oc2c([H])c([H])c([H])c([H])c2-c2nn(C([H])([H])[H])c(=O)c([H])c2OC([H])([H])[H])c([H])c1[H],COc1cc(=O)n(C)nc1-c1ccccc1Oc1ccccc1,COc1cc(=O)n(C)nc1-c1ccccc1Oc1ccccc1,039,CHEMBL4092002_0,COc1cc(=O)n(C)nc1-c1ccccc1Oc1ccccc1,30
5uf0_5uf0_conf0,5uf0_5uf0_conf0.mol2,[H]c1c([H])c([H])c(-c2nn(C([H])([H])[H])c(=O)c([H])c2N([H])C([H])([H])[H])c([H])c1[H],[H]c1c([H])c([H])c(-c2nn(C([H])([H])[H])c(=O)c([H])c2N([H])C([H])([H])[H])c([H])c1[H],CNc1cc(=O)n(C)nc1-c1ccccc1,CNc1cc(=O)n(C)nc1-c1ccccc1,029,CHEMBL4068525_0,CNc1cc(=O)n(C)nc1-c1ccccc1,3
5ufp_5ufp_conf0,5ufp_5ufp_conf0.mol2,[H]O[C@@]1([H])c2c(c(Oc3c([H])c(F)c([H])c(C#N)c3[H])c([H])c([H])c2S(=O)(=O)C([H])(F)F)C([H])([H])C1(F)F,[H]OC1([H])c2c(c(Oc3c([H])c(F)c([H])c(C#N)c3[H])c([H])c([H])c2S(=O)(=O)C([H])(F)F)C([H])([H])C1(F)F,N#Cc1cc(F)cc(Oc2ccc(S(=O)(=O)C(F)F)c3c2CC(F)(F)[C@H]3O)c1,N#Cc1cc(F)cc(Oc2ccc(S(=O)(=O)C(F)F)c3c2CC(F)(F)C3O)c1,038,CHEMBL4161350_0,N#Cc1cc(F)cc(Oc2ccc(S(=O)(=O)C(F)F)c3c2CC(F)(F)[C@H]3O)c1,144
5ula_5ula_conf0,5ula_5ula_conf0.mol2,[H]c1c([H])c(N([H])C(=O)c2c([H])c([H])c(N([H])C3=C(C([H])([H])[H])C(=O)C([H])([H])C3([H])[H])c(Cl)c2[H])c([H])c([H])c1OC([H])([H])[H],[H]c1c([H])c(N([H])C(=O)c2c([H])c([H])c(N([H])C3=C(C([H])([H])[H])C(=O)C([H])([H])C3([H])[H])c(Cl)c2[H])c([H])c([H])c1OC([H])([H])[H],COc1ccc(NC(=O)c2ccc(NC3=C(C)C(=O)CC3)c(Cl)c2)cc1,COc1ccc(NC(=O)c2ccc(NC3=C(C)C(=O)CC3)c(Cl)c2)cc1,045,CHEMBL5194033_0,COc1ccc(NC(=O)c2ccc(NC3=C(C)C(=O)CC3)c(Cl)c2)cc1,70
5uln_5uln_conf0,5uln_5uln_conf0.mol2,[H]c1c([H])c(N([H])C(=S)N([H])c2c([H])c([H])c(S(=O)(=O)N([H])[H])c([H])c2[H])c([H])c([H])c1F,[H]c1c([H])c(N([H])C(=S)N([H])c2c([H])c([H])c(S(=O)(=O)N([H])[H])c([H])c2[H])c([H])c([H])c1F,NS(=O)(=O)c1ccc(NC(=S)Nc2ccc(F)cc2)cc1,NS(=O)(=O)c1ccc(NC(=S)Nc2ccc(F)cc2)cc1,033,CHEMBL4209613_0,NS(=O)(=O)c1ccc(NC(=S)Nc2ccc(F)cc2)cc1,21
5uoo_5uoo_conf0,5uoo_5uoo_conf0.mol2,[H]c1nc2c([H])c([H])c([H])c([H])c2c(-c2nc(C([H])([H])[H])nc3c2c2c([H])c(OC([H])([H])[H])c(-c4c(C([H])([H])[H])noc4C([H])([H])[H])c([H])c2n3[H])c1[H],[H]c1nc2c([H])c([H])c([H])c([H])c2c(-c2nc(C([H])([H])[H])nc3c2c2c([H])c(OC([H])([H])[H])c(-c4c(C([H])([H])[H])noc4C([H])([H])[H])c([H])c2n3[H])c1[H],COc1cc2c(cc1-c1c(C)noc1C)[nH]c1nc(C)nc(-c3ccnc4ccccc34)c12,COc1cc2c(cc1-c1c(C)noc1C)[nH]c1nc(C)nc(-c3ccnc4ccccc34)c12,054,CHEMBL4171228_0,COc1cc2c(cc1-c1c(C)noc1C)[nH]c1nc(C)nc(-c3ccnc4ccccc34)c12,48
5ut6_5ut6_conf0,5ut6_5ut6_conf0.mol2,[H]OC([H])([H])c1nn(-c2nc(N([H])c3c([H])c([H])c(C#N)c([H])c3[H])nc(N([H])[H])c2[H])c([H])c1[H],[H]OC([H])([H])c1nn(-c2nc(N([H])c3c([H])c([H])c(C#N)c([H])c3[H])nc(N([H])[H])c2[H])c([H])c1[H],N#Cc1ccc(Nc2nc(N)cc(-n3ccc(CO)n3)n2)cc1,N#Cc1ccc(Nc2nc(N)cc(-n3ccc(CO)n3)n2)cc1,036,CHEMBL4072814_0,N#Cc1ccc(Nc2nc(N)cc(-n3ccc(CO)n3)n2)cc1,62
5v82_5v82_conf0,5v82_5v82_conf0.mol2,[H]c1nc([H])c(C([H])([H])[H])nc1-c1nc([H])c2c([H])nn(-c3nc([C@]4([H])C(F)(F)C([H])([H])C([H])([H])[N+]([H])([H])C4([H])[H])c([H])c([H])c3[H])c2c1[H],[H]c1nc([H])c(C([H])([H])[H])nc1-c1nc([H])c2c([H])nn(-c3nc(C4([H])C(F)(F)C([H])([H])C([H])([H])[N+]([H])([H])C4([H])[H])c([H])c([H])c3[H])c2c1[H],Cc1cncc(-c2cc3c(cn2)cnn3-c2cccc([C@H]3C[NH2+]CCC3(F)F)n2)n1,Cc1cncc(-c2cc3c(cn2)cnn3-c2cccc(C3C[NH2+]CCC3(F)F)n2)n1,050,CHEMBL3926007_0,Cc1cncc(-c2cc3c(cn2)cnn3-c2cccc([C@H]3C[NH2+]CCC3(F)F)n2)n1,17
5vcv_5vcv_conf0,5vcv_5vcv_conf0.mol2,[H]OC([H])([H])C([H])([H])[N+]1([H])C([H])([H])C([H])([H])N(c2nc(C([H])([H])[H])nc(N([H])c3nc([H])c(C(=O)N([H])c4c(Cl)c([H])c([H])c([H])c4C([H])([H])[H])s3)c2[H])C([H])([H])C1([H])[H],[H]OC([H])([H])C([H])([H])[N+]1([H])C([H])([H])C([H])([H])N(c2nc(C([H])([H])[H])nc(N([H])c3nc([H])c(C(=O)N([H])c4c(Cl)c([H])c([H])c([H])c4C([H])([H])[H])s3)c2[H])C([H])([H])C1([H])[H],Cc1nc(Nc2ncc(C(=O)Nc3c(C)cccc3Cl)s2)cc(N2CC[NH+](CCO)CC2)n1,Cc1nc(Nc2ncc(C(=O)Nc3c(C)cccc3Cl)s2)cc(N2CC[NH+](CCO)CC2)n1,060,CHEMBL1421_0,Cc1nc(Nc2ncc(C(=O)Nc3c(C)cccc3Cl)s2)cc(N2CC[NH+](CCO)CC2)n1,190
5vcw_5vcw_conf0,5vcw_5vcw_conf0.mol2,[H]/C(C(=O)N([H])c1c(OC([H])([H])C([H])([H])[H])c([H])c2nc([H])c(C#N)c(N([H])c3c([H])c([H])c(F)c(Cl)c3[H])c2c1[H])=C(/[H])C([H])([H])[N+]([H])(C([H])([H])[H])C([H])([H])[H],[H]C(C(=O)N([H])c1c(OC([H])([H])C([H])([H])[H])c([H])c2nc([H])c(C#N)c(N([H])c3c([H])c([H])c(F)c(Cl)c3[H])c2c1[H])=C([H])C([H])([H])[N+]([H])(C([H])([H])[H])C([H])([H])[H],CCOc1cc2ncc(C#N)c(Nc3ccc(F)c(Cl)c3)c2cc1NC(=O)/C=C/C[NH+](C)C,CCOc1cc2ncc(C#N)c(Nc3ccc(F)c(Cl)c3)c2cc1NC(=O)C=CC[NH+](C)C,057,CHEMBL607707_0,CCOc1cc2ncc(C#N)c(Nc3ccc(F)c(Cl)c3)c2cc1NC(=O)/C=C/C[NH+](C)C,200
5vd0_5vd0_conf0,5vd0_5vd0_conf0.mol2,[H]OC(c1nc(-n2c3nc(N([H])c4c([H])c([H])c(N5C([H])([H])C([H])([H])[N+]([H])(C([H])([H])[H])C([H])([H])C5([H])[H])c([H])c4[H])nc([H])c3c(=O)n2C([H])([H])C([H])=C([H])[H])c([H])c([H])c1[H])(C([H])([H])[H])C([H])([H])[H],[H]OC(c1nc(-n2c3nc(N([H])c4c([H])c([H])c(N5C([H])([H])C([H])([H])[N+]([H])(C([H])([H])[H])C([H])([H])C5([H])[H])c([H])c4[H])nc([H])c3c(=O)n2C([H])([H])C([H])=C([H])[H])c([H])c([H])c1[H])(C([H])([H])[H])C([H])([H])[H],C=CCn1c(=O)c2cnc(Nc3ccc(N4CC[NH+](C)CC4)cc3)nc2n1-c1cccc(C(C)(C)O)n1,C=CCn1c(=O)c2cnc(Nc3ccc(N4CC[NH+](C)CC4)cc3)nc2n1-c1cccc(C(C)(C)O)n1,070,CHEMBL1976040_0,C=CCn1c(=O)c2cnc(Nc3ccc(N4CC[NH+](C)CC4)cc3)nc2n1-c1cccc(C(C)(C)O)n1,134
5vd1_5vd1_conf0,5vd1_5vd1_conf0.mol2,[H]c1nc(N([H])c2c([H])c([H])c(N3C([H])([H])C([H])([H])[N+]([H])(C([H])([H])[H])C([H])([H])C3([H])[H])c([H])c2[H])nc2c1C([H])([H])C(C([H])([H])[H])(C([H])([H])[H])c1c(C(=O)N([H])C([H])([H])[H])nn(C([H])([H])[H])c1-2,[H]c1nc(N([H])c2c([H])c([H])c(N3C([H])([H])C([H])([H])[N+]([H])(C([H])([H])[H])C([H])([H])C3([H])[H])c([H])c2[H])nc2c1C([H])([H])C(C([H])([H])[H])(C([H])([H])[H])c1c(C(=O)N([H])C([H])([H])[H])nn(C([H])([H])[H])c1-2,CNC(=O)c1nn(C)c2c1C(C)(C)Cc1cnc(Nc3ccc(N4CC[NH+](C)CC4)cc3)nc1-2,CNC(=O)c1nn(C)c2c1C(C)(C)Cc1cnc(Nc3ccc(N4CC[NH+](C)CC4)cc3)nc1-2,067,CHEMBL564829_0,CNC(=O)c1nn(C)c2c1C(C)(C)Cc1cnc(Nc3ccc(N4CC[NH+](C)CC4)cc3)nc1-2,200
5vd2_5vd2_conf0,5vd2_5vd2_conf0.mol2,[H]c1nc(N([H])c2c([H])c([H])c3c(c2[H])[C@]2([H])N(C(=O)C([H])([H])N([H])C(=O)C([H])([H])[H])[C@@]3([H])C([H])([H])C2([H])[H])nc(N([H])C2([H])C([H])([H])C([H])([H])C2([H])[H])c1C(F)(F)F,[H]c1nc(N([H])c2c([H])c([H])c3c(c2[H])C2([H])N(C(=O)C([H])([H])N([H])C(=O)C([H])([H])[H])C3([H])C([H])([H])C2([H])[H])nc(N([H])C2([H])C([H])([H])C([H])([H])C2([H])[H])c1C(F)(F)F,CC(=O)NCC(=O)N1[C@@H]2CC[C@H]1c1ccc(Nc3ncc(C(F)(F)F)c(NC4CCC4)n3)cc12,CC(=O)NCC(=O)N1C2CCC1c1cc(Nc3ncc(C(F)(F)F)c(NC4CCC4)n3)ccc12,059,CHEMBL1983111_0,CC(=O)NCC(=O)N1[C@@H]2CC[C@H]1c1ccc(Nc3ncc(C(F)(F)F)c(NC4CCC4)n3)cc12,149
5vja_5vja_conf0,5vja_5vja_conf0.mol2,[H]c1c([H])c(Cl)c([H])c(-n2nc([H])c3c(=O)n([H])c(S[C@@]([H])(C(=O)N([H])[H])C([H])([H])[H])nc32)c1[H],[H]c1c([H])c(Cl)c([H])c(-n2nc([H])c3c(=O)n([H])c(SC([H])(C(=O)N([H])[H])C([H])([H])[H])nc32)c1[H],C[C@@H](Sc1nc2c(cnn2-c2cccc(Cl)c2)c(=O)[nH]1)C(N)=O,CC(Sc1nc2c(cnn2-c2cccc(Cl)c2)c(=O)[nH]1)C(N)=O,035,CHEMBL5303531_0,C[C@@H](Sc1nc2c(cnn2-c2cccc(Cl)c2)c(=O)[nH]1)C(N)=O,73
5vkc_5vkc_conf0,5vkc_5vkc_conf0.mol2,[H]c1nc([H])c(C([H])([H])n2c(C(=O)[O-])c(C([H])([H])C([H])([H])C([H])([H])Oc3c([H])c([H])c([H])c4c([H])c([H])c([H])c([H])c34)c3c([H])c([H])c([H])c(-c4c(C([H])([H])Oc5c([H])c([H])c(N6C([H])([H])C([H])([H])N(C(=O)C([H])([H])[H])C([H])([H])C6([H])[H])c([H])c5[H])nn(C([H])([H])[H])c4C([H])([H])[H])c32)c([H])c1[H],[H]c1nc([H])c(C([H])([H])n2c(C(=O)[O-])c(C([H])([H])C([H])([H])C([H])([H])Oc3c([H])c([H])c([H])c4c([H])c([H])c([H])c([H])c34)c3c([H])c([H])c([H])c(-c4c(C([H])([H])Oc5c([H])c([H])c(N6C([H])([H])C([H])([H])N(C(=O)C([H])([H])[H])C([H])([H])C6([H])[H])c([H])c5[H])nn(C([H])([H])[H])c4C([H])([H])[H])c32)c([H])c1[H],CC(=O)N1CCN(c2ccc(OCc3nn(C)c(C)c3-c3cccc4c(CCCOc5cccc6ccccc56)c(C(=O)[O-])n(Cc5cccnc5)c34)cc2)CC1,CC(=O)N1CCN(c2ccc(OCc3nn(C)c(C)c3-c3cccc4c(CCCOc5cccc6ccccc56)c(C(=O)[O-])n(Cc5cccnc5)c34)cc2)CC1,102,CHEMBL3417706_0,CC(=O)N1CCN(c2ccc(OCc3nn(C)c(C)c3-c3cccc4c(CCCOc5cccc6ccccc56)c(C(=O)[O-])n(Cc5cccnc5)c34)cc2)CC1,36
5vl2_5vl2_conf0,5vl2_5vl2_conf0.mol2,[H]c1c([H])c(N([H])C(=O)N([H])c2c([H])c([H])c(Cl)c(Cl)c2[H])c([H])c([H])c1Cl,[H]c1c([H])c(N([H])C(=O)N([H])c2c([H])c([H])c(Cl)c(Cl)c2[H])c([H])c([H])c1Cl,O=C(Nc1ccc(Cl)cc1)Nc1ccc(Cl)c(Cl)c1,O=C(Nc1ccc(Cl)cc1)Nc1ccc(Cl)c(Cl)c1,028,CHEMBL1076347_0,O=C(Nc1ccc(Cl)cc1)Nc1ccc(Cl)c(Cl)c1,4
5vm0_5vm0_conf0,5vm0_5vm0_conf0.mol2,[H]c1c([H])c(N([H])C(=O)N([H])c2c([H])c([H])c(Cl)c(Cl)c2[H])c([H])c([H])c1Cl,[H]c1c([H])c(N([H])C(=O)N([H])c2c([H])c([H])c(Cl)c(Cl)c2[H])c([H])c([H])c1Cl,O=C(Nc1ccc(Cl)cc1)Nc1ccc(Cl)c(Cl)c1,O=C(Nc1ccc(Cl)cc1)Nc1ccc(Cl)c(Cl)c1,028,CHEMBL1076347_0,O=C(Nc1ccc(Cl)cc1)Nc1ccc(Cl)c(Cl)c1,4
5vyy_5vyy_conf0,5vyy_5vyy_conf0.mol2,[H]Oc1c([H])c(O[H])c(C(=O)OC([H])([H])[H])c(C([H])([H])C([H])([H])c2nc([H])c([H])n2C([H])([H])c2c([H])c([H])c([H])c([H])c2[H])c1Cl,[H]Oc1c([H])c(O[H])c(C(=O)OC([H])([H])[H])c(C([H])([H])C([H])([H])c2nc([H])c([H])n2C([H])([H])c2c([H])c([H])c([H])c([H])c2[H])c1Cl,COC(=O)c1c(O)cc(O)c(Cl)c1CCc1nccn1Cc1ccccc1,COC(=O)c1c(O)cc(O)c(Cl)c1CCc1nccn1Cc1ccccc1,046,CHEMBL3426787_1,COC(=O)c1c(O)cc(O)c(Cl)c1CCc1nccn1Cc1ccccc1,74
5w1e_5w1e_conf0,5w1e_5w1e_conf0.mol2,[H]Oc1c([H])c([H])c(C(=O)[O-])c([H])c1[H],[H]Oc1c([H])c([H])c(C(=O)[O-])c([H])c1[H],O=C([O-])c1ccc(O)cc1,O=C([O-])c1ccc(O)cc1,015,CHEMBL441343_0,O=C([O-])c1ccc(O)cc1,1
5wbo_5wbo_conf0,5wbo_5wbo_conf0.mol2,[H]c1c(C([H])([H])[H])nc(N2C([H])([H])C([H])([H])OC([H])([H])C2([H])[H])c(C#N)c1C([H])([H])[H],[H]c1c(C([H])([H])[H])nc(N2C([H])([H])C([H])([H])OC([H])([H])C2([H])[H])c(C#N)c1C([H])([H])[H],Cc1cc(C)c(C#N)c(N2CCOCC2)n1,Cc1cc(C)c(C#N)c(N2CCOCC2)n1,031,CHEMBL1500542_0,Cc1cc(C)c(C#N)c(N2CCOCC2)n1,4
5wcm_5wcm_conf0,5wcm_5wcm_conf0.mol2,[H]c1c([H])c(S(=O)(=O)N([H])[H])c([H])c([H])c1[N+](=O)[O-],[H]c1c([H])c(S(=O)(=O)N([H])[H])c([H])c([H])c1[N+](=O)[O-],NS(=O)(=O)c1ccc([N+](=O)[O-])cc1,NS(=O)(=O)c1ccc([N+](=O)[O-])cc1,019,CHEMBL282157_0,NS(=O)(=O)c1ccc([N+](=O)[O-])cc1,2
5wgp_5wgp_conf0,5wgp_5wgp_conf0.mol2,[H]C1=C(C([H])([H])[H])OS(=O)(=O)N([H])C1=O,[H]C1=C(C([H])([H])[H])OS(=O)(=O)N([H])C1=O,CC1=CC(=O)NS(=O)(=O)O1,CC1=CC(=O)NS(=O)(=O)O1,015,CHEMBL176687_1,CC1=CC(=O)NS(=O)(=O)O1,1
5wij_5wij_conf0,5wij_5wij_conf0.mol2,[H]c1c([H])c(N([H])c2nc(OC([H])([H])C3([H])C([H])([H])C([H])([H])C([H])([H])C([H])([H])C3([H])[H])c3nc([H])n([H])c3n2)c([H])c([H])c1C(=O)N(C([H])([H])C([H])([H])[H])C([H])([H])C([H])([H])[H],[H]c1c([H])c(N([H])c2nc(OC([H])([H])C3([H])C([H])([H])C([H])([H])C([H])([H])C([H])([H])C3([H])[H])c3nc([H])n([H])c3n2)c([H])c([H])c1C(=O)N(C([H])([H])C([H])([H])[H])C([H])([H])C([H])([H])[H],CCN(CC)C(=O)c1ccc(Nc2nc(OCC3CCCCC3)c3nc[nH]c3n2)cc1,CCN(CC)C(=O)c1ccc(Nc2nc(OCC3CCCCC3)c3nc[nH]c3n2)cc1,061,CHEMBL1802728_0,CCN(CC)C(=O)c1ccc(Nc2nc(OCC3CCCCC3)c3nc[nH]c3n2)cc1,100
5win_5win_conf0,5win_5win_conf0.mol2,[H]c1c([H])c(F)c(C(=O)n2nc(N([H])c3c([H])c([H])c(S(=O)(=O)N([H])[H])c([H])c3[H])nc2N([H])[H])c(F)c1[H],[H]c1c([H])c(F)c(C(=O)n2nc(N([H])c3c([H])c([H])c(S(=O)(=O)N([H])[H])c([H])c3[H])nc2N([H])[H])c(F)c1[H],Nc1nc(Nc2ccc(S(N)(=O)=O)cc2)nn1C(=O)c1c(F)cccc1F,Nc1nc(Nc2ccc(S(N)(=O)=O)cc2)nn1C(=O)c1c(F)cccc1F,039,CHEMBL191003_0,Nc1nc(Nc2ccc(S(N)(=O)=O)cc2)nn1C(=O)c1c(F)cccc1F,198
5wqc_5wqc_conf0,5wqc_5wqc_conf0.mol2,[H]c1nc([H])c(C([H])([H])N(C(=O)C([H])([H])N(c2c([H])nc(OC([H])([H])[H])c([H])c2[H])S(=O)(=O)c2c([H])c([H])c([H])c([H])c2C([H])([H])[H])C([H])([H])C([H])([H])[H])c([H])c1[H],[H]c1nc([H])c(C([H])([H])N(C(=O)C([H])([H])N(c2c([H])nc(OC([H])([H])[H])c([H])c2[H])S(=O)(=O)c2c([H])c([H])c([H])c([H])c2C([H])([H])[H])C([H])([H])C([H])([H])[H])c([H])c1[H],CCN(Cc1cccnc1)C(=O)CN(c1ccc(OC)nc1)S(=O)(=O)c1ccccc1C,CCN(Cc1cccnc1)C(=O)CN(c1ccc(OC)nc1)S(=O)(=O)c1ccccc1C,058,CHEMBL2385132_0,CCN(Cc1cccnc1)C(=O)CN(c1ccc(OC)nc1)S(=O)(=O)c1ccccc1C,86
5wuk_5wuk_conf0,5wuk_5wuk_conf0.mol2,[H]c1nc(N([H])C([H])([H])c2oc([H])c([H])c2[H])n2c([H])nnc2c1-c1c([H])c([H])c(S(=O)(=O)C([H])([H])[H])c([H])c1[H],[H]c1nc(N([H])C([H])([H])c2oc([H])c([H])c2[H])n2c([H])nnc2c1-c1c([H])c([H])c(S(=O)(=O)C([H])([H])[H])c([H])c1[H],CS(=O)(=O)c1ccc(-c2cnc(NCc3ccco3)n3cnnc23)cc1,CS(=O)(=O)c1ccc(-c2cnc(NCc3ccco3)n3cnnc23)cc1,041,CHEMBL4065484_0,CS(=O)(=O)c1ccc(-c2cnc(NCc3ccco3)n3cnnc23)cc1,63
5wyx_5wyx_conf0,5wyx_5wyx_conf0.mol2,[H]c1nc2c(C(=O)N([H])[H])c([H])nn2c(-c2c([H])c([H])c([H])c(C([H])([H])[H])c2[H])c1[H],[H]c1nc2c(C(=O)N([H])[H])c([H])nn2c(-c2c([H])c([H])c([H])c(C([H])([H])[H])c2[H])c1[H],Cc1cccc(-c2ccnc3c(C(N)=O)cnn23)c1,Cc1cccc(-c2ccnc3c(C(N)=O)cnn23)c1,031,CHEMBL4553089_0,Cc1cccc(-c2ccnc3c(C(N)=O)cnn23)c1,16
5wyz_5wyz_conf0,5wyz_5wyz_conf0.mol2,[H]Oc1c([H])c([H])c(-c2c([H])c([H])nc3c([H])c(O[H])c([H])c([H])c23)c([H])c1C([H])([H])[H],[H]Oc1c([H])c([H])c(-c2c([H])c([H])nc3c([H])c(O[H])c([H])c([H])c23)c([H])c1C([H])([H])[H],Cc1cc(-c2ccnc3cc(O)ccc23)ccc1O,Cc1cc(-c2ccnc3cc(O)ccc23)ccc1O,032,CHEMBL5176610_0,Cc1cc(-c2ccnc3cc(O)ccc23)ccc1O,10
5xmx_5xmx_conf0,5xmx_5xmx_conf0.mol2,[H]/C(=C(/C([H])([H])[H])C([H])([H])C([H])([H])C(=O)[O-])C([H])([H])Oc1c([H])c([H])c([H])c([H])c1C([H])([H])N(C(=O)c1c([H])c([H])c(-c2oc([H])c([H])c2[H])c([H])c1[H])C([H])([H])[H],[H]C(=C(C([H])([H])[H])C([H])([H])C([H])([H])C(=O)[O-])C([H])([H])Oc1c([H])c([H])c([H])c([H])c1C([H])([H])N(C(=O)c1c([H])c([H])c(-c2oc([H])c([H])c2[H])c([H])c1[H])C([H])([H])[H],C/C(=C\COc1ccccc1CN(C)C(=O)c1ccc(-c2ccco2)cc1)CCC(=O)[O-],CC(=CCOc1ccccc1CN(C)C(=O)c1ccc(-c2ccco2)cc1)CCC(=O)[O-],058,CHEMBL3958704_0,C/C(=C\COc1ccccc1CN(C)C(=O)c1ccc(-c2ccco2)cc1)CCC(=O)[O-],49
5xpi_5xpi_conf0,5xpi_5xpi_conf0.mol2,[H]c1sc2c([H])c3c(=O)n(C([H])([H])C(=O)N([H])C([H])([H])C([H])([H])C([H])([H])[N+]([H])(C([H])([H])C([H])([H])[H])C([H])([H])C([H])([H])[H])nc(C([H])([H])[H])n3c2c1[H],[H]c1sc2c([H])c3c(=O)n(C([H])([H])C(=O)N([H])C([H])([H])C([H])([H])C([H])([H])[N+]([H])(C([H])([H])C([H])([H])[H])C([H])([H])C([H])([H])[H])nc(C([H])([H])[H])n3c2c1[H],CC[NH+](CC)CCCNC(=O)Cn1nc(C)n2c(cc3sccc32)c1=O,CC[NH+](CC)CCCNC(=O)Cn1nc(C)n2c(cc3sccc32)c1=O,052,CHEMBL2141272_0,CC[NH+](CC)CCCNC(=O)Cn1nc(C)n2c(cc3sccc32)c1=O,38
5y12_5y12_conf0,5y12_5y12_conf0.mol2,[H]c1c([H])c([H])c2c(S(=O)(=O)N([H])C([H])([H])C([H])([H])C([H])([H])C([H])([H])C(=O)[O-])c([H])c([H])c(OC([H])([H])[H])c2c1[H],[H]c1c([H])c([H])c2c(S(=O)(=O)N([H])C([H])([H])C([H])([H])C([H])([H])C([H])([H])C(=O)[O-])c([H])c([H])c(OC([H])([H])[H])c2c1[H],COc1ccc(S(=O)(=O)NCCCCC(=O)[O-])c2ccccc12,COc1ccc(S(=O)(=O)NCCCCC(=O)[O-])c2ccccc12,041,CHEMBL4292481_0,COc1ccc(S(=O)(=O)NCCCCC(=O)[O-])c2ccccc12,86
5y13_5y13_conf0,5y13_5y13_conf0.mol2,[H]c1c([H])c([H])c2c(S(=O)(=O)N([H])C([H])([H])C([H])([H])C([H])([H])C([H])([H])C(=O)[O-])c([H])c([H])c(Br)c2c1[H],[H]c1c([H])c([H])c2c(S(=O)(=O)N([H])C([H])([H])C([H])([H])C([H])([H])C([H])([H])C(=O)[O-])c([H])c([H])c(Br)c2c1[H],O=C([O-])CCCCNS(=O)(=O)c1ccc(Br)c2ccccc12,O=C([O-])CCCCNS(=O)(=O)c1ccc(Br)c2ccccc12,037,CHEMBL4285291_0,O=C([O-])CCCCNS(=O)(=O)c1ccc(Br)c2ccccc12,111
5y8y_5y8y_conf0,5y8y_5y8y_conf0.mol2,[H]c1c([H])c(OC([H])([H])[H])c(S(=O)(=O)N([H])c2c(OC([H])([H])[H])c([H])c3onc(C([H])([H])[H])c3c2[H])c([H])c1Br,[H]c1c([H])c(OC([H])([H])[H])c(S(=O)(=O)N([H])c2c(OC([H])([H])[H])c([H])c3onc(C([H])([H])[H])c3c2[H])c([H])c1Br,COc1cc2onc(C)c2cc1NS(=O)(=O)c1cc(Br)ccc1OC,COc1cc2onc(C)c2cc1NS(=O)(=O)c1cc(Br)ccc1OC,040,CHEMBL4798044_0,COc1cc2onc(C)c2cc1NS(=O)(=O)c1cc(Br)ccc1OC,41
5y94_5y94_conf0,5y94_5y94_conf0.mol2,[H]c1c([H])c(OC([H])([H])[H])c(S(=O)(=O)N([H])c2c(N([H])C([H])([H])[H])c([H])c3onc(C([H])([H])[H])c3c2[H])c([H])c1Br,[H]c1c([H])c(OC([H])([H])[H])c(S(=O)(=O)N([H])c2c(N([H])C([H])([H])[H])c([H])c3onc(C([H])([H])[H])c3c2[H])c([H])c1Br,CNc1cc2onc(C)c2cc1NS(=O)(=O)c1cc(Br)ccc1OC,CNc1cc2onc(C)c2cc1NS(=O)(=O)c1cc(Br)ccc1OC,041,CHEMBL4781472_0,CNc1cc2onc(C)c2cc1NS(=O)(=O)c1cc(Br)ccc1OC,36
5ya5_5ya5_conf0,5ya5_5ya5_conf0.mol2,[H]c1c([H])c(C([H])([H])c2nnc3sc(-c4c([H])c5c([H])c([H])c([H])c([H])c5n4[H])nn23)c([H])c([H])c1OC([H])([H])[H],[H]c1c([H])c(C([H])([H])c2nnc3sc(-c4c([H])c5c([H])c([H])c([H])c([H])c5n4[H])nn23)c([H])c([H])c1OC([H])([H])[H],COc1ccc(Cc2nnc3sc(-c4cc5ccccc5[nH]4)nn23)cc1,COc1ccc(Cc2nnc3sc(-c4cc5ccccc5[nH]4)nn23)cc1,041,CHEMBL4165354_0,COc1ccc(Cc2nnc3sc(-c4cc5ccccc5[nH]4)nn23)cc1,65
5yas_5yas_conf0,5yas_5yas_conf0.mol2,[H]OC(O[H])(C(F)(F)F)C(F)(F)F,[H]OC(O[H])(C(F)(F)F)C(F)(F)F,OC(O)(C(F)(F)F)C(F)(F)F,OC(O)(C(F)(F)F)C(F)(F)F,013,CHEMBL84242_0,OC(O)(C(F)(F)F)C(F)(F)F,6
5yl2_5yl2_conf0,5yl2_5yl2_conf0.mol2,[H]Oc1c([H])c(/C([H])=C(\[H])C(=O)c2c([H])c([H])c(OC([H])([H])[H])c3c2OC(C([H])([H])[H])(C([H])([H])[H])C([H])=C3[H])c([H])c([H])c1OC([H])([H])[H],[H]Oc1c([H])c(C([H])=C([H])C(=O)c2c([H])c([H])c(OC([H])([H])[H])c3c2OC(C([H])([H])[H])(C([H])([H])[H])C([H])=C3[H])c([H])c([H])c1OC([H])([H])[H],COc1ccc(/C=C/C(=O)c2ccc(OC)c3c2OC(C)(C)C=C3)cc1O,COc1ccc(C=CC(=O)c2ccc(OC)c3c2OC(C)(C)C=C3)cc1O,049,CHEMBL2336890_0,COc1ccc(/C=C/C(=O)c2ccc(OC)c3c2OC(C)(C)C=C3)cc1O,44
5z7b_5z7b_conf0,5z7b_5z7b_conf0.mol2,[H]Oc1c([H])c([H])c(C(=O)[O-])c([H])c1OC([H])([H])[H],[H]Oc1c([H])c([H])c(C(=O)[O-])c([H])c1OC([H])([H])[H],COc1cc(C(=O)[O-])ccc1O,COc1cc(C(=O)[O-])ccc1O,019,CHEMBL120568_0,COc1cc(C(=O)[O-])ccc1O,6
5za7_5za7_conf0,5za7_5za7_conf0.mol2,[H]N([H])C(N([H])C(=O)c1nc(Cl)c(N2C([H])([H])C([H])([H])C([H])([H])C([H])([H])C([H])([H])C2([H])[H])nc1N([H])[H])=[N+]([H])[H],[H]N([H])C(N([H])C(=O)c1nc(Cl)c(N2C([H])([H])C([H])([H])C([H])([H])C([H])([H])C([H])([H])C2([H])[H])nc1N([H])[H])=[N+]([H])[H],NC(=[NH2+])NC(=O)c1nc(Cl)c(N2CCCCCC2)nc1N,NC(=[NH2+])NC(=O)c1nc(Cl)c(N2CCCCCC2)nc1N,040,CHEMBL501701_0,NC(=[NH2+])NC(=O)c1nc(Cl)c(N2CCCCCC2)nc1N,119
5za8_5za8_conf0,5za8_5za8_conf0.mol2,[H]c1nn(C([H])([H])[H])c([H])c1-c1nc(C(=O)N([H])C(N([H])[H])=[N+]([H])[H])c(N([H])[H])nc1N1C([H])([H])C([H])([H])C([H])([H])C([H])([H])C([H])([H])C1([H])[H],[H]c1nn(C([H])([H])[H])c([H])c1-c1nc(C(=O)N([H])C(N([H])[H])=[N+]([H])[H])c(N([H])[H])nc1N1C([H])([H])C([H])([H])C([H])([H])C([H])([H])C([H])([H])C1([H])[H],Cn1cc(-c2nc(C(=O)NC(N)=[NH2+])c(N)nc2N2CCCCCC2)cn1,Cn1cc(-c2nc(C(=O)NC(N)=[NH2+])c(N)nc2N2CCCCCC2)cn1,050,CHEMBL4203547_0,Cn1cc(-c2nc(C(=O)NC(N)=[NH2+])c(N)nc2N2CCCCCC2)cn1,18
5za9_5za9_conf0,5za9_5za9_conf0.mol2,[H]c1c([H])c([H])c2c([H])c(-c3nc(C(=O)N([H])C(N([H])[H])=[N+]([H])[H])c(N([H])[H])nc3N3C([H])([H])C([H])([H])C([H])([H])C([H])([H])C([H])([H])C3([H])[H])oc2c1[H],[H]c1c([H])c([H])c2c([H])c(-c3nc(C(=O)N([H])C(N([H])[H])=[N+]([H])[H])c(N([H])[H])nc3N3C([H])([H])C([H])([H])C([H])([H])C([H])([H])C([H])([H])C3([H])[H])oc2c1[H],NC(=[NH2+])NC(=O)c1nc(-c2cc3ccccc3o2)c(N2CCCCCC2)nc1N,NC(=[NH2+])NC(=O)c1nc(-c2cc3ccccc3o2)c(N2CCCCCC2)nc1N,053,CHEMBL4213248_0,NC(=[NH2+])NC(=O)c1nc(-c2cc3ccccc3o2)c(N2CCCCCC2)nc1N,27
5zae_5zae_conf0,5zae_5zae_conf0.mol2,[H]c1oc(-c2nc(C(=O)N([H])C(N([H])[H])=[N+]([H])[H])c(N([H])[H])nc2N2C([H])([H])C([H])([H])C([H])([H])C([H])([H])C([H])([H])C2([H])[H])c([H])c1[H],[H]c1oc(-c2nc(C(=O)N([H])C(N([H])[H])=[N+]([H])[H])c(N([H])[H])nc2N2C([H])([H])C([H])([H])C([H])([H])C([H])([H])C([H])([H])C2([H])[H])c([H])c1[H],NC(=[NH2+])NC(=O)c1nc(-c2ccco2)c(N2CCCCCC2)nc1N,NC(=[NH2+])NC(=O)c1nc(-c2ccco2)c(N2CCCCCC2)nc1N,047,CHEMBL4208241_0,NC(=[NH2+])NC(=O)c1nc(-c2ccco2)c(N2CCCCCC2)nc1N,17
5zag_5zag_conf0,5zag_5zag_conf0.mol2,[H]c1nc([H])c(-c2nc(C(=O)N([H])C(N([H])[H])=[N+]([H])[H])c(N([H])[H])nc2N2C([H])([H])C([H])([H])C([H])([H])C([H])([H])C([H])([H])C2([H])[H])c([H])n1,[H]c1nc([H])c(-c2nc(C(=O)N([H])C(N([H])[H])=[N+]([H])[H])c(N([H])[H])nc2N2C([H])([H])C([H])([H])C([H])([H])C([H])([H])C([H])([H])C2([H])[H])c([H])n1,NC(=[NH2+])NC(=O)c1nc(-c2cncnc2)c(N2CCCCCC2)nc1N,NC(=[NH2+])NC(=O)c1nc(-c2cncnc2)c(N2CCCCCC2)nc1N,048,CHEMBL4212068_0,NC(=[NH2+])NC(=O)c1nc(-c2cncnc2)c(N2CCCCCC2)nc1N,18
5zaj_5zaj_conf0,5zaj_5zaj_conf0.mol2,[H]c1nc(OC([H])([H])[H])nc(OC([H])([H])[H])c1-c1nc(C(=O)N([H])C(N([H])[H])=[N+]([H])[H])c(N([H])[H])nc1N1C([H])([H])C([H])([H])C([H])([H])C([H])([H])C([H])([H])C1([H])[H],[H]c1nc(OC([H])([H])[H])nc(OC([H])([H])[H])c1-c1nc(C(=O)N([H])C(N([H])[H])=[N+]([H])[H])c(N([H])[H])nc1N1C([H])([H])C([H])([H])C([H])([H])C([H])([H])C([H])([H])C1([H])[H],COc1ncc(-c2nc(C(=O)NC(N)=[NH2+])c(N)nc2N2CCCCCC2)c(OC)n1,COc1ncc(-c2nc(C(=O)NC(N)=[NH2+])c(N)nc2N2CCCCCC2)c(OC)n1,056,CHEMBL4206764_0,COc1ncc(-c2nc(C(=O)NC(N)=[NH2+])c(N)nc2N2CCCCCC2)c(OC)n1,36
5zc5_5zc5_conf0,5zc5_5zc5_conf0.mol2,[H]c1c([H])c(F)c2c([H])c(-c3nc(C(=O)N([H])C(N([H])[H])=[N+]([H])[H])c(N([H])[H])nc3N3C([H])([H])C([H])([H])C([H])([H])C([H])([H])C([H])([H])C3([H])[H])oc2c1[H],[H]c1c([H])c(F)c2c([H])c(-c3nc(C(=O)N([H])C(N([H])[H])=[N+]([H])[H])c(N([H])[H])nc3N3C([H])([H])C([H])([H])C([H])([H])C([H])([H])C([H])([H])C3([H])[H])oc2c1[H],NC(=[NH2+])NC(=O)c1nc(-c2cc3c(F)cccc3o2)c(N2CCCCCC2)nc1N,NC(=[NH2+])NC(=O)c1nc(-c2cc3c(F)cccc3o2)c(N2CCCCCC2)nc1N,053,CHEMBL4207715_0,NC(=[NH2+])NC(=O)c1nc(-c2cc3c(F)cccc3o2)c(N2CCCCCC2)nc1N,30
5zni_5zni_conf0,5zni_5zni_conf0.mol2,[H]O[C@]([H])(c1c([H])c(C(F)(F)F)nc2c(C(F)(F)F)c([H])c([H])c([H])c12)[C@]1([H])C([H])([H])C([H])([H])C([H])([H])C([H])([H])[N+]1([H])[H],[H]OC([H])(c1c([H])c(C(F)(F)F)nc2c(C(F)(F)F)c([H])c([H])c([H])c12)C1([H])C([H])([H])C([H])([H])C([H])([H])C([H])([H])[N+]1([H])[H],O[C@H](c1cc(C(F)(F)F)nc2c(C(F)(F)F)cccc12)[C@@H]1CCCC[NH2+]1,OC(c1cc(C(F)(F)F)nc2c(C(F)(F)F)cccc12)C1CCCC[NH2+]1,043,CHEMBL172_0,O[C@H](c1cc(C(F)(F)F)nc2c(C(F)(F)F)cccc12)[C@@H]1CCCC[NH2+]1,24
6abx_6abx_conf0,6abx_6abx_conf0.mol2,[H]OC(C(=O)[O-])(C([H])([H])C(=O)[O-])C([H])([H])C(=O)[O-],[H]OC(C(=O)[O-])(C([H])([H])C(=O)[O-])C([H])([H])C(=O)[O-],O=C([O-])CC(O)(CC(=O)[O-])C(=O)[O-],O=C([O-])CC(O)(CC(=O)[O-])C(=O)[O-],018,CHEMBL4303212_0,O=C([O-])CC(O)(CC(=O)[O-])C(=O)[O-],23
6ajv_6ajv_conf0,6ajv_6ajv_conf0.mol2,[H]Oc1c([H])c([H])c(C([H])([H])C([H])([H])C(=O)c2c([H])c([H])c(O[H])c([H])c2O[H])c([H])c1[H],[H]Oc1c([H])c([H])c(C([H])([H])C([H])([H])C(=O)c2c([H])c([H])c(O[H])c([H])c2O[H])c([H])c1[H],O=C(CCc1ccc(O)cc1)c1ccc(O)cc1O,O=C(CCc1ccc(O)cc1)c1ccc(O)cc1O,033,CHEMBL192877_0,O=C(CCc1ccc(O)cc1)c1ccc(O)cc1O,49
6ajz_6ajz_conf0,6ajz_6ajz_conf0.mol2,[H]c1c([H])c(OC([H])([H])[H])c(=O)c([H])c2c1-c1c(OC([H])([H])[H])c(OC([H])([H])[H])c(OC([H])([H])[H])c([H])c1C([H])([H])C([H])([H])[C@]2([H])N([H])C(=O)C([H])([H])[H],[H]c1c([H])c(OC([H])([H])[H])c(=O)c([H])c2c1-c1c(OC([H])([H])[H])c(OC([H])([H])[H])c(OC([H])([H])[H])c([H])c1C([H])([H])C([H])([H])C2([H])N([H])C(=O)C([H])([H])[H],COc1cc2c(c(OC)c1OC)-c1ccc(OC)c(=O)cc1[C@@H](NC(C)=O)CC2,COc1cc2c(c(OC)c1OC)-c1ccc(OC)c(=O)cc1C(NC(C)=O)CC2,054,CHEMBL87_0,COc1cc2c(c(OC)c1OC)-c1ccc(OC)c(=O)cc1[C@@H](NC(C)=O)CC2,128
6ayq_6ayq_conf0,6ayq_6ayq_conf0.mol2,[H]O[C@@]1([H])C([H])([H])[N@+]([H])(C([H])([H])c2c([H])n([H])c3c(N([H])[H])nc([H])nc23)C([H])([H])[C@]1([H])C([H])([H])SC([H])([H])[H],[H]OC1([H])C([H])(C([H])([H])SC([H])([H])[H])C([H])([H])[N+]([H])(C([H])([H])c2c([H])n([H])c3c(N([H])[H])nc([H])nc23)C1([H])[H],CSC[C@H]1C[N@@H+](Cc2c[nH]c3c(N)ncnc23)C[C@@H]1O,CSCC1C[NH+](Cc2c[nH]c3c(N)ncnc23)CC1O,040,CHEMBL188375_0,CSC[C@H]1C[N@@H+](Cc2c[nH]c3c(N)ncnc23)C[C@@H]1O,800
6b1k_6b1k_conf0,6b1k_6b1k_conf0.mol2,[H]Oc1c([H])c([H])c(-n2nnc(-c3nc4c(=O)n(C([H])([H])[H])c([H])c([H])c4c([H])c3[H])c2[H])c([H])c1[H],[H]Oc1c([H])c([H])c(-n2nnc(-c3nc4c(=O)n(C([H])([H])[H])c([H])c([H])c4c([H])c3[H])c2[H])c([H])c1[H],Cn1ccc2ccc(-c3cn(-c4ccc(O)cc4)nn3)nc2c1=O,Cn1ccc2ccc(-c3cn(-c4ccc(O)cc4)nn3)nc2c1=O,037,CHEMBL4169208_0,Cn1ccc2ccc(-c3cn(-c4ccc(O)cc4)nn3)nc2c1=O,4
6b4d_6b4d_conf0,6b4d_6b4d_conf0.mol2,[H]c1c([H])c([H])c2c(c1[H])c(-c1nn(C([H])([H])[H])c(C(=O)[O-])c1[H])c([H])n2C([H])([H])C([H])([H])[H],[H]c1c([H])c([H])c2c(c1[H])c(-c1nn(C([H])([H])[H])c(C(=O)[O-])c1[H])c([H])n2C([H])([H])C([H])([H])[H],CCn1cc(-c2cc(C(=O)[O-])n(C)n2)c2ccccc21,CCn1cc(-c2cc(C(=O)[O-])n(C)n2)c2ccccc21,034,CHEMBL4203483_0,CCn1cc(-c2cc(C(=O)[O-])n(C)n2)c2ccccc21,9
6b4l_6b4l_conf0,6b4l_6b4l_conf0.mol2,[H]c1c([H])c([H])c2c(OC([H])([H])C([H])([H])C([H])([H])c3c(C(=O)[O-])n([H])c4c([H])c([H])c([H])c([H])c34)c([H])c([H])c([H])c2c1[H],[H]c1c([H])c([H])c2c(OC([H])([H])C([H])([H])C([H])([H])c3c(C(=O)[O-])n([H])c4c([H])c([H])c([H])c([H])c34)c([H])c([H])c([H])c2c1[H],O=C([O-])c1[nH]c2ccccc2c1CCCOc1cccc2ccccc12,O=C([O-])c1[nH]c2ccccc2c1CCCOc1cccc2ccccc12,044,CHEMBL2314198_0,O=C([O-])c1[nH]c2ccccc2c1CCCOc1cccc2ccccc12,48
6b4u_6b4u_conf0,6b4u_6b4u_conf0.mol2,[H]c1c([H])c([H])c(C([H])([H])[H])c(-c2c([H])c([H])c([H])c3c(C([H])([H])C([H])([H])C([H])([H])Oc4c([H])c([H])c([H])c5c([H])c([H])c([H])c([H])c45)c(C(=O)[O-])n(C([H])([H])C([H])([H])[N+]4([H])C([H])([H])C([H])([H])OC([H])([H])C4([H])[H])c23)c1[H],[H]c1c([H])c([H])c(C([H])([H])[H])c(-c2c([H])c([H])c([H])c3c(C([H])([H])C([H])([H])C([H])([H])Oc4c([H])c([H])c([H])c5c([H])c([H])c([H])c([H])c45)c(C(=O)[O-])n(C([H])([H])C([H])([H])[N+]4([H])C([H])([H])C([H])([H])OC([H])([H])C4([H])[H])c23)c1[H],Cc1ccccc1-c1cccc2c(CCCOc3cccc4ccccc34)c(C(=O)[O-])n(CC[NH+]3CCOCC3)c12,Cc1ccccc1-c1cccc2c(CCCOc3cccc4ccccc34)c(C(=O)[O-])n(CC[NH+]3CCOCC3)c12,077,CHEMBL3417694_0,Cc1ccccc1-c1cccc2c(CCCOc3cccc4ccccc34)c(C(=O)[O-])n(CC[NH+]3CCOCC3)c12,96
6b59_6b59_conf0,6b59_6b59_conf0.mol2,[H]c1nc(N([H])[H])c2nc([H])n(C([H])([H])C(=O)N([H])C([H])([H])C([H])([H])c3c([H])c([H])c(S(=O)(=O)N([H])[H])c([H])c3[H])c2n1,[H]c1nc(N([H])[H])c2nc([H])n(C([H])([H])C(=O)N([H])C([H])([H])C([H])([H])c3c([H])c([H])c(S(=O)(=O)N([H])[H])c([H])c3[H])c2n1,Nc1ncnc2c1ncn2CC(=O)NCCc1ccc(S(N)(=O)=O)cc1,Nc1ncnc2c1ncn2CC(=O)NCCc1ccc(S(N)(=O)=O)cc1,043,CHEMBL4174004_0,Nc1ncnc2c1ncn2CC(=O)NCCc1ccc(S(N)(=O)=O)cc1,45
6b7b_6b7b_conf0,6b7b_6b7b_conf0.mol2,[H]c1c(OC([H])([H])[H])c([H])c2c([H])c(C([H])([H])[H])n([H])c2c1[H],[H]c1c(OC([H])([H])[H])c([H])c2c([H])c(C([H])([H])[H])n([H])c2c1[H],COc1ccc2[nH]c(C)cc2c1,COc1ccc2[nH]c(C)cc2c1,023,CHEMBL4850447_0,COc1ccc2[nH]c(C)cc2c1,2
6b98_6b98_conf0,6b98_6b98_conf0.mol2,[H]c1nn(C([H])([H])[H])c2nc(Cl)nc(N([H])C([H])([H])[H])c12,[H]c1nn(C([H])([H])[H])c2nc(Cl)nc(N([H])C([H])([H])[H])c12,CNc1nc(Cl)nc2c1cnn2C,CNc1nc(Cl)nc2c1cnn2C,021,CHEMBL4217231_0,CNc1nc(Cl)nc2c1cnn2C,2
6c7q_6c7q_conf0,6c7q_6c7q_conf0.mol2,[H]c1c([H])c([H])c2c(c(N([H])c3nc(C([H])([H])[H])nc4c3c3c([H])c(OC([H])([H])[H])c(-c5c(C([H])([H])[H])noc5C([H])([H])[H])c([H])c3n4[H])nn2C([H])([H])[H])c1[H],[H]c1c([H])c([H])c2c(c(N([H])c3nc(C([H])([H])[H])nc4c3c3c([H])c(OC([H])([H])[H])c(-c5c(C([H])([H])[H])noc5C([H])([H])[H])c([H])c3n4[H])nn2C([H])([H])[H])c1[H],COc1cc2c(cc1-c1c(C)noc1C)[nH]c1nc(C)nc(Nc3nn(C)c4ccccc34)c12,COc1cc2c(cc1-c1c(C)noc1C)[nH]c1nc(C)nc(Nc3nn(C)c4ccccc34)c12,057,CHEMBL4174669_0,COc1cc2c(cc1-c1c(C)noc1C)[nH]c1nc(C)nc(Nc3nn(C)c4ccccc34)c12,67
6c7w_6c7w_conf0,6c7w_6c7w_conf0.mol2,[H]O[C@@]1([H])[C@@]([H])(O[H])[C@]([H])(n2c([H])nc3c(N([H])[H])nc([H])nc32)O[C@]1([H])C([H])([H])OS(=O)(=O)N([H])[H],[H]OC1([H])C([H])(n2c([H])nc3c(N([H])[H])nc([H])nc32)OC([H])(C([H])([H])OS(=O)(=O)N([H])[H])C1([H])O[H],Nc1ncnc2c1ncn2[C@@H]1O[C@H](COS(N)(=O)=O)[C@@H](O)[C@H]1O,Nc1ncnc2c1ncn2C1OC(COS(N)(=O)=O)C(O)C1O,037,CHEMBL18001_0,Nc1ncnc2c1ncn2[C@@H]1O[C@H](COS(N)(=O)=O)[C@@H](O)[C@H]1O,1598
6cbg_6cbg_conf0,6cbg_6cbg_conf0.mol2,[H]c1nn([H])c([H])c1-c1c([H])c([H])c([H])c(C(=O)[O-])c1[H],[H]c1nn([H])c([H])c1-c1c([H])c([H])c([H])c(C(=O)[O-])c1[H],O=C([O-])c1cccc(-c2cn[nH]c2)c1,O=C([O-])c1cccc(-c2cn[nH]c2)c1,021,CHEMBL4214963_0,O=C([O-])c1cccc(-c2cn[nH]c2)c1,1
6ce6_6ce6_conf0,6ce6_6ce6_conf0.mol2,[H]c1c2nc(C([H])([H])C([H])([H])C(=O)[O-])sc2c([H])c2sc(C([H])([H])C([H])([H])C(=O)[O-])nc12,[H]c1c2nc(C([H])([H])C([H])([H])C(=O)[O-])sc2c([H])c2sc(C([H])([H])C([H])([H])C(=O)[O-])nc12,O=C([O-])CCc1nc2cc3nc(CCC(=O)[O-])sc3cc2s1,O=C([O-])CCc1nc2cc3nc(CCC(=O)[O-])sc3cc2s1,032,CHEMBL4215676_0,O=C([O-])CCc1nc2cc3nc(CCC(=O)[O-])sc3cc2s1,60
6ced_6ced_conf0,6ced_6ced_conf0.mol2,[H]c1c([H])c([H])c2c(=O)n(C([H])([H])[H])c(C([H])([H])C([H])([H])C(=O)[O-])nc2c1[H],[H]c1c([H])c([H])c2c(=O)n(C([H])([H])[H])c(C([H])([H])C([H])([H])C(=O)[O-])nc2c1[H],Cn1c(CCC(=O)[O-])nc2ccccc2c1=O,Cn1c(CCC(=O)[O-])nc2ccccc2c1=O,028,CHEMBL4204982_0,Cn1c(CCC(=O)[O-])nc2ccccc2c1=O,10
6cjs_6cjs_conf0,6cjs_6cjs_conf0.mol2,[H]Oc1c([H])c(O[H])c(C([H])(C([H])([H])[H])C([H])([H])[H])c([H])c1-c1onc(C(=O)N([H])C([H])([H])C([H])([H])[H])c1-c1c([H])c([H])c(C([H])([H])[N+]2([H])C([H])([H])C([H])([H])OC([H])([H])C2([H])[H])c([H])c1[H],[H]Oc1c([H])c(O[H])c(C([H])(C([H])([H])[H])C([H])([H])[H])c([H])c1-c1onc(C(=O)N([H])C([H])([H])C([H])([H])[H])c1-c1c([H])c([H])c(C([H])([H])[N+]2([H])C([H])([H])C([H])([H])OC([H])([H])C2([H])[H])c([H])c1[H],CCNC(=O)c1noc(-c2cc(C(C)C)c(O)cc2O)c1-c1ccc(C[NH+]2CCOCC2)cc1,CCNC(=O)c1noc(-c2cc(C(C)C)c(O)cc2O)c1-c1ccc(C[NH+]2CCOCC2)cc1,066,CHEMBL252164_0,CCNC(=O)c1noc(-c2cc(C(C)C)c(O)cc2O)c1-c1ccc(C[NH+]2CCOCC2)cc1,200
6ckr_6ckr_conf0,6ckr_6ckr_conf0.mol2,[H]c1nn(C([H])([H])[H])c([H])c1-c1c([H])c([H])c2c(=O)n(C([H])([H])[H])c([H])c(-c3c([H])c([H])c([H])c(N([H])S(=O)(=O)C([H])([H])[H])c3[H])c2c1[H],[H]c1nn(C([H])([H])[H])c([H])c1-c1c([H])c([H])c2c(=O)n(C([H])([H])[H])c([H])c(-c3c([H])c([H])c([H])c(N([H])S(=O)(=O)C([H])([H])[H])c3[H])c2c1[H],Cn1cc(-c2ccc3c(=O)n(C)cc(-c4cccc(NS(C)(=O)=O)c4)c3c2)cn1,Cn1cc(-c2ccc3c(=O)n(C)cc(-c4cccc(NS(C)(=O)=O)c4)c3c2)cn1,049,CHEMBL4227902_0,Cn1cc(-c2ccc3c(=O)n(C)cc(-c4cccc(NS(C)(=O)=O)c4)c3c2)cn1,131
6cks_6cks_conf0,6cks_6cks_conf0.mol2,[H]c1nn(C([H])([H])[H])c([H])c1-c1c([H])c([H])c2c(=O)n(C([H])([H])[H])c([H])c(-c3c([H])c(S(=O)(=O)C([H])([H])C([H])([H])[H])c([H])c([H])c3OC([H])([H])[H])c2c1[H],[H]c1nn(C([H])([H])[H])c([H])c1-c1c([H])c([H])c2c(=O)n(C([H])([H])[H])c([H])c(-c3c([H])c(S(=O)(=O)C([H])([H])C([H])([H])[H])c([H])c([H])c3OC([H])([H])[H])c2c1[H],CCS(=O)(=O)c1ccc(OC)c(-c2cn(C)c(=O)c3ccc(-c4cnn(C)c4)cc23)c1,CCS(=O)(=O)c1ccc(OC)c(-c2cn(C)c(=O)c3ccc(-c4cnn(C)c4)cc23)c1,054,CHEMBL4225212_0,CCS(=O)(=O)c1ccc(OC)c(-c2cn(C)c(=O)c3ccc(-c4cnn(C)c4)cc23)c1,74
6cn5_6cn5_conf0,6cn5_6cn5_conf0.mol2,[H]c1nc(C(=O)N([H])c2c([H])c([H])c3c(c2[H])c(C2([H])C([H])([H])C([H])([H])N(C(=O)C4([H])C([H])([H])C([H])([H])C([H])([H])C([H])([H])C4([H])[H])C([H])([H])C2([H])[H])c([H])n3C([H])([H])[H])c([H])c(C#N)c1[H],[H]c1nc(C(=O)N([H])c2c([H])c([H])c3c(c2[H])c(C2([H])C([H])([H])C([H])([H])N(C(=O)C4([H])C([H])([H])C([H])([H])C([H])([H])C([H])([H])C4([H])[H])C([H])([H])C2([H])[H])c([H])n3C([H])([H])[H])c([H])c(C#N)c1[H],Cn1cc(C2CCN(C(=O)C3CCCCC3)CC2)c2cc(NC(=O)c3cc(C#N)ccn3)ccc21,Cn1cc(C2CCN(C(=O)C3CCCCC3)CC2)c2cc(NC(=O)c3cc(C#N)ccn3)ccc21,066,CHEMBL4281109_0,Cn1cc(C2CCN(C(=O)C3CCCCC3)CC2)c2cc(NC(=O)c3cc(C#N)ccn3)ccc21,173
6csp_6csp_conf0,6csp_6csp_conf0.mol2,[H]ON([H])C(=O)C1=C([H])C([H])([H])C([H])([H])C([H])([H])C1([H])[H],[H]ON([H])C(=O)C1=C([H])C([H])([H])C([H])([H])C([H])([H])C1([H])[H],O=C(NO)C1=CCCCC1,O=C(NO)C1=CCCCC1,021,CHEMBL2333344_0,O=C(NO)C1=CCCCC1,8
6csq_6csq_conf0,6csq_6csq_conf0.mol2,[H]ON([H])C(=O)C1([H])C([H])([H])C([H])([H])C([H])([H])C([H])([H])C1([H])[H],[H]ON([H])C(=O)C1([H])C([H])([H])C([H])([H])C([H])([H])C([H])([H])C1([H])[H],O=C(NO)C1CCCCC1,O=C(NO)C1CCCCC1,023,CHEMBL2333345_0,O=C(NO)C1CCCCC1,7
6csr_6csr_conf0,6csr_6csr_conf0.mol2,[H]ON([H])C(=O)c1c([H])c([H])c([H])c([H])c1[H],[H]ON([H])C(=O)c1c([H])c([H])c([H])c([H])c1[H],O=C(NO)c1ccccc1,O=C(NO)c1ccccc1,017,CHEMBL16300_0,O=C(NO)c1ccccc1,6
6css_6css_conf0,6css_6css_conf0.mol2,[H]ON([H])C(=O)C1=C([H])C([H])([H])C([H])([H])C1([H])[H],[H]ON([H])C(=O)C1=C([H])C([H])([H])C([H])([H])C1([H])[H],O=C(NO)C1=CCCC1,O=C(NO)C1=CCCC1,018,CHEMBL2333346_0,O=C(NO)C1=CCCC1,8
6d15_6d15_conf0,6d15_6d15_conf0.mol2,[H]c1c(C([H])([H])P(=O)([O-])[O-])c2c([H])c(C([H])([H])[H])c(C([H])([H])[H])c([H])c2oc1=O,[H]c1c(C([H])([H])P(=O)([O-])[O-])c2c([H])c(C([H])([H])[H])c(C([H])([H])[H])c([H])c2oc1=O,Cc1cc2oc(=O)cc(CP(=O)([O-])[O-])c2cc1C,Cc1cc2oc(=O)cc(CP(=O)([O-])[O-])c2cc1C,029,CHEMBL4560587_0,Cc1cc2oc(=O)cc(CP(=O)([O-])[O-])c2cc1C,2
6d16_6d16_conf0,6d16_6d16_conf0.mol2,[H]c1c(OC([H])([H])[H])c([H])c2oc(=O)c([H])c(C([H])([H])P(=O)([O-])[O-])c2c1[H],[H]c1c(OC([H])([H])[H])c([H])c2oc(=O)c([H])c(C([H])([H])P(=O)([O-])[O-])c2c1[H],COc1ccc2c(CP(=O)([O-])[O-])cc(=O)oc2c1,COc1ccc2c(CP(=O)([O-])[O-])cc(=O)oc2c1,027,CHEMBL4460704_0,COc1ccc2c(CP(=O)([O-])[O-])cc(=O)oc2c1,4
6d17_6d17_conf0,6d17_6d17_conf0.mol2,[H]c1c(C([H])([H])P(=O)([O-])[O-])c2c([H])c3c(c([H])c2oc1=O)OC([H])([H])O3,[H]c1c(C([H])([H])P(=O)([O-])[O-])c2c([H])c3c(c([H])c2oc1=O)OC([H])([H])O3,O=c1cc(CP(=O)([O-])[O-])c2cc3c(cc2o1)OCO3,O=c1cc(CP(=O)([O-])[O-])c2cc3c(cc2o1)OCO3,026,CHEMBL4539856_0,O=c1cc(CP(=O)([O-])[O-])c2cc3c(cc2o1)OCO3,2
6d18_6d18_conf0,6d18_6d18_conf0.mol2,[H]c1c(C([H])([H])[H])c([H])c2oc(=O)c([H])c(C([H])([H])P(=O)([O-])[O-])c2c1C([H])([H])[H],[H]c1c(C([H])([H])[H])c([H])c2oc(=O)c([H])c(C([H])([H])P(=O)([O-])[O-])c2c1C([H])([H])[H],Cc1cc(C)c2c(CP(=O)([O-])[O-])cc(=O)oc2c1,Cc1cc(C)c2c(CP(=O)([O-])[O-])cc(=O)oc2c1,029,CHEMBL4545793_0,Cc1cc(C)c2c(CP(=O)([O-])[O-])cc(=O)oc2c1,1
6d19_6d19_conf0,6d19_6d19_conf0.mol2,[H]c1c(C([H])([H])[H])c([H])c2oc(=O)c([H])c(C([H])([H])P(=O)([O-])[O-])c2c1Br,[H]c1c(C([H])([H])[H])c([H])c2oc(=O)c([H])c(C([H])([H])P(=O)([O-])[O-])c2c1Br,Cc1cc(Br)c2c(CP(=O)([O-])[O-])cc(=O)oc2c1,Cc1cc(Br)c2c(CP(=O)([O-])[O-])cc(=O)oc2c1,026,CHEMBL4519591_0,Cc1cc(Br)c2c(CP(=O)([O-])[O-])cc(=O)oc2c1,4
6d1a_6d1a_conf0,6d1a_6d1a_conf0.mol2,[H]c1c(C([H])([H])P(=O)([O-])[O-])c2c([H])c(C([H])([H])[H])c(C([H])([H])[H])c([H])c2oc1=O,[H]c1c(C([H])([H])P(=O)([O-])[O-])c2c([H])c(C([H])([H])[H])c(C([H])([H])[H])c([H])c2oc1=O,Cc1cc2oc(=O)cc(CP(=O)([O-])[O-])c2cc1C,Cc1cc2oc(=O)cc(CP(=O)([O-])[O-])c2cc1C,029,CHEMBL4560587_0,Cc1cc2oc(=O)cc(CP(=O)([O-])[O-])c2cc1C,2
6d1b_6d1b_conf0,6d1b_6d1b_conf0.mol2,[H]c1c(OC([H])([H])[H])c([H])c2oc(=O)c([H])c(C([H])([H])P(=O)([O-])[O-])c2c1[H],[H]c1c(OC([H])([H])[H])c([H])c2oc(=O)c([H])c(C([H])([H])P(=O)([O-])[O-])c2c1[H],COc1ccc2c(CP(=O)([O-])[O-])cc(=O)oc2c1,COc1ccc2c(CP(=O)([O-])[O-])cc(=O)oc2c1,027,CHEMBL4460704_0,COc1ccc2c(CP(=O)([O-])[O-])cc(=O)oc2c1,4
6d1d_6d1d_conf0,6d1d_6d1d_conf0.mol2,[H]c1c(C([H])([H])[H])c([H])c2oc(=O)c([H])c(C([H])([H])P(=O)([O-])[O-])c2c1C([H])([H])[H],[H]c1c(C([H])([H])[H])c([H])c2oc(=O)c([H])c(C([H])([H])P(=O)([O-])[O-])c2c1C([H])([H])[H],Cc1cc(C)c2c(CP(=O)([O-])[O-])cc(=O)oc2c1,Cc1cc(C)c2c(CP(=O)([O-])[O-])cc(=O)oc2c1,029,CHEMBL4545793_0,Cc1cc(C)c2c(CP(=O)([O-])[O-])cc(=O)oc2c1,1
6d1g_6d1g_conf0,6d1g_6d1g_conf0.mol2,[H]c1c(C([H])([H])[H])c([H])c2oc(=O)c([H])c(C([H])([H])P(=O)([O-])[O-])c2c1Br,[H]c1c(C([H])([H])[H])c([H])c2oc(=O)c([H])c(C([H])([H])P(=O)([O-])[O-])c2c1Br,Cc1cc(Br)c2c(CP(=O)([O-])[O-])cc(=O)oc2c1,Cc1cc(Br)c2c(CP(=O)([O-])[O-])cc(=O)oc2c1,026,CHEMBL4519591_0,Cc1cc(Br)c2c(CP(=O)([O-])[O-])cc(=O)oc2c1,4
6d1h_6d1h_conf0,6d1h_6d1h_conf0.mol2,[H]c1c([H])c([H])c2c(c1[H])c(C([H])([H])P(=O)([O-])[O-])c([H])c(=O)n2[H],[H]c1c([H])c([H])c2c(c1[H])c(C([H])([H])P(=O)([O-])[O-])c([H])c(=O)n2[H],O=c1cc(CP(=O)([O-])[O-])c2ccccc2[nH]1,O=c1cc(CP(=O)([O-])[O-])c2ccccc2[nH]1,024,CHEMBL4553552_0,O=c1cc(CP(=O)([O-])[O-])c2ccccc2[nH]1,2
6d1i_6d1i_conf0,6d1i_6d1i_conf0.mol2,[H]c1c([H])c([H])c2c(c1[H])c(C([H])([H])P(=O)([O-])[O-])c([H])c(=O)n2C([H])([H])[H],[H]c1c([H])c([H])c2c(c1[H])c(C([H])([H])P(=O)([O-])[O-])c([H])c(=O)n2C([H])([H])[H],Cn1c(=O)cc(CP(=O)([O-])[O-])c2ccccc21,Cn1c(=O)cc(CP(=O)([O-])[O-])c2ccccc21,027,CHEMBL4446363_0,Cn1c(=O)cc(CP(=O)([O-])[O-])c2ccccc21,2
6d1j_6d1j_conf0,6d1j_6d1j_conf0.mol2,[H]c1c(C([H])([H])[H])c([H])c2c(c1C([H])([H])[H])c(C([H])([H])P(=O)([O-])[O-])c([H])c(=O)n2[H],[H]c1c(C([H])([H])[H])c([H])c2c(c1C([H])([H])[H])c(C([H])([H])P(=O)([O-])[O-])c([H])c(=O)n2[H],Cc1cc(C)c2c(CP(=O)([O-])[O-])cc(=O)[nH]c2c1,Cc1cc(C)c2c(CP(=O)([O-])[O-])cc(=O)[nH]c2c1,030,CHEMBL4576418_0,Cc1cc(C)c2c(CP(=O)([O-])[O-])cc(=O)[nH]c2c1,1
6d1k_6d1k_conf0,6d1k_6d1k_conf0.mol2,[H]c1nc2c(C([H])([H])P(=O)([O-])[O-])c([H])c([H])c([H])c2c([H])c1[H],[H]c1nc2c(C([H])([H])P(=O)([O-])[O-])c([H])c([H])c([H])c2c([H])c1[H],O=P([O-])([O-])Cc1cccc2cccnc12,O=P([O-])([O-])Cc1cccc2cccnc12,023,CHEMBL4472640_0,O=P([O-])([O-])Cc1cccc2cccnc12,1
6d55_6d55_conf0,6d55_6d55_conf0.mol2,[H]c1c(C([H])([H])[H])c(F)c(C([H])([H])[H])c([H])c1C([H])([H])n1c(N2C([H])([H])C3(C2([H])[H])C([H])([H])[N+]([H])([H])C3([H])[H])nc2c(N3C([H])([H])C([H])([H])[N+]([H])(C([H])([H])[H])C([H])([H])C3([H])[H])c([H])c(Cl)c([H])c21,[H]c1c(C([H])([H])[H])c(F)c(C([H])([H])[H])c([H])c1C([H])([H])n1c(N2C([H])([H])C3(C2([H])[H])C([H])([H])[N+]([H])([H])C3([H])[H])nc2c(N3C([H])([H])C([H])([H])[N+]([H])(C([H])([H])[H])C([H])([H])C3([H])[H])c([H])c(Cl)c([H])c21,Cc1cc(Cn2c(N3CC4(C[NH2+]C4)C3)nc3c(N4CC[NH+](C)CC4)cc(Cl)cc32)cc(C)c1F,Cc1cc(Cn2c(N3CC4(C[NH2+]C4)C3)nc3c(N4CC[NH+](C)CC4)cc(Cl)cc32)cc(C)c1F,068,CHEMBL4213025_0,Cc1cc(Cn2c(N3CC4(C[NH2+]C4)C3)nc3c(N4CC[NH+](C)CC4)cc(Cl)cc32)cc(C)c1F,165
6d56_6d56_conf0,6d56_6d56_conf0.mol2,[H]c1c(C([H])([H])[H])c(F)c(C([H])([H])[H])c([H])c1C([H])([H])n1c(N2C([H])([H])C3(C2([H])[H])C([H])([H])[N+]([H])([H])C3([H])[H])nc2c(-c3c(C([H])([H])[H])nn([H])c3C([H])([H])[H])c([H])c(Cl)c([H])c21,[H]c1c(C([H])([H])[H])c(F)c(C([H])([H])[H])c([H])c1C([H])([H])n1c(N2C([H])([H])C3(C2([H])[H])C([H])([H])[N+]([H])([H])C3([H])[H])nc2c(-c3c(C([H])([H])[H])nn([H])c3C([H])([H])[H])c([H])c(Cl)c([H])c21,Cc1cc(Cn2c(N3CC4(C[NH2+]C4)C3)nc3c(-c4c(C)n[nH]c4C)cc(Cl)cc32)cc(C)c1F,Cc1cc(Cn2c(N3CC4(C[NH2+]C4)C3)nc3c(-c4c(C)n[nH]c4C)cc(Cl)cc32)cc(C)c1F,063,CHEMBL4214703_0,Cc1cc(Cn2c(N3CC4(C[NH2+]C4)C3)nc3c(-c4c(C)n[nH]c4C)cc(Cl)cc32)cc(C)c1F,53
6d5e_6d5e_conf0,6d5e_6d5e_conf0.mol2,[H]c1c(C([H])([H])[H])c(F)c(C([H])([H])[H])c([H])c1C([H])([H])n1c(N2C([H])([H])C([H])([H])[N+]([H])([H])C([H])([H])C2([H])[H])nc2c(N3C([H])([H])C([H])([H])C([H])([H])[C@@]3([H])C([H])([H])[N+]([H])([H])[H])c([H])c(Cl)c([H])c21,[H]c1c(C([H])([H])[H])c(F)c(C([H])([H])[H])c([H])c1C([H])([H])n1c(N2C([H])([H])C([H])([H])[N+]([H])([H])C([H])([H])C2([H])[H])nc2c(N3C([H])([H])C([H])([H])C([H])([H])C3([H])C([H])([H])[N+]([H])([H])[H])c([H])c(Cl)c([H])c21,Cc1cc(Cn2c(N3CC[NH2+]CC3)nc3c(N4CCC[C@H]4C[NH3+])cc(Cl)cc32)cc(C)c1F,Cc1cc(Cn2c(N3CC[NH2+]CC3)nc3c(N4CCCC4C[NH3+])cc(Cl)cc32)cc(C)c1F,067,CHEMBL4203578_0,Cc1cc(Cn2c(N3CC[NH2+]CC3)nc3c(N4CCC[C@H]4C[NH3+])cc(Cl)cc32)cc(C)c1F,166
6d5g_6d5g_conf0,6d5g_6d5g_conf0.mol2,[H]C1=C(c2c([H])c(Cl)c([H])c3c2nc(N2C([H])([H])C([H])([H])[N+]([H])([H])C([H])([H])C2([H])[H])n3C([H])([H])c2c([H])c(C([H])([H])[H])c(F)c(C([H])([H])[H])c2[H])C([H])([H])C([H])([H])[N+]([H])([H])C1([H])[H],[H]C1=C(c2c([H])c(Cl)c([H])c3c2nc(N2C([H])([H])C([H])([H])[N+]([H])([H])C([H])([H])C2([H])[H])n3C([H])([H])c2c([H])c(C([H])([H])[H])c(F)c(C([H])([H])[H])c2[H])C([H])([H])C([H])([H])[N+]([H])([H])C1([H])[H],Cc1cc(Cn2c(N3CC[NH2+]CC3)nc3c(C4=CC[NH2+]CC4)cc(Cl)cc32)cc(C)c1F,Cc1cc(Cn2c(N3CC[NH2+]CC3)nc3c(C4=CC[NH2+]CC4)cc(Cl)cc32)cc(C)c1F,063,CHEMBL4205543_0,Cc1cc(Cn2c(N3CC[NH2+]CC3)nc3c(C4=CC[NH2+]CC4)cc(Cl)cc32)cc(C)c1F,103
6d5h_6d5h_conf0,6d5h_6d5h_conf0.mol2,[H]c1c([H])c([H])c(-c2c([H])c(Cl)c([H])c3c2nc(N2C([H])([H])C([H])([H])[N+]([H])([H])C([H])([H])C2([H])[H])n3C([H])([H])c2c([H])c(C([H])([H])[H])c(F)c(C([H])([H])[H])c2[H])c(Cl)c1[H],[H]c1c([H])c([H])c(-c2c([H])c(Cl)c([H])c3c2nc(N2C([H])([H])C([H])([H])[N+]([H])([H])C([H])([H])C2([H])[H])n3C([H])([H])c2c([H])c(C([H])([H])[H])c(F)c(C([H])([H])[H])c2[H])c(Cl)c1[H],Cc1cc(Cn2c(N3CC[NH2+]CC3)nc3c(-c4ccccc4Cl)cc(Cl)cc32)cc(C)c1F,Cc1cc(Cn2c(N3CC[NH2+]CC3)nc3c(-c4ccccc4Cl)cc(Cl)cc32)cc(C)c1F,059,CHEMBL4214176_0,Cc1cc(Cn2c(N3CC[NH2+]CC3)nc3c(-c4ccccc4Cl)cc(Cl)cc32)cc(C)c1F,53
6d5j_6d5j_conf0,6d5j_6d5j_conf0.mol2,[H]c1c(C([H])([H])[H])c(F)c(C([H])([H])[H])c([H])c1C([H])([H])n1c(N2C([H])([H])C([H])([H])[N+]([H])([H])C([H])([H])C2([H])[H])nc2c([H])c([H])c(Cl)c([H])c21,[H]c1c(C([H])([H])[H])c(F)c(C([H])([H])[H])c([H])c1C([H])([H])n1c(N2C([H])([H])C([H])([H])[N+]([H])([H])C([H])([H])C2([H])[H])nc2c([H])c([H])c(Cl)c([H])c21,Cc1cc(Cn2c(N3CC[NH2+]CC3)nc3ccc(Cl)cc32)cc(C)c1F,Cc1cc(Cn2c(N3CC[NH2+]CC3)nc3ccc(Cl)cc32)cc(C)c1F,049,CHEMBL4218552_0,Cc1cc(Cn2c(N3CC[NH2+]CC3)nc3ccc(Cl)cc32)cc(C)c1F,13
6dar_6dar_conf0,6dar_6dar_conf0.mol2,[H]c1c([H])c(OC([H])([H])[H])c([H])c(C(=O)N(C([H])([H])c2c([H])c([H])c([H])c(-c3nc4n(c3[H])C([H])([H])C([H])([H])C4([H])[H])c2[H])C([H])([H])C2([H])C([H])([H])C2([H])[H])c1[H],[H]c1c([H])c(OC([H])([H])[H])c([H])c(C(=O)N(C([H])([H])c2c([H])c([H])c([H])c(-c3nc4n(c3[H])C([H])([H])C([H])([H])C4([H])[H])c2[H])C([H])([H])C2([H])C([H])([H])C2([H])[H])c1[H],COc1cccc(C(=O)N(Cc2cccc(-c3cn4c(n3)CCC4)c2)CC2CC2)c1,COc1cccc(C(=O)N(Cc2cccc(-c3cn4c(n3)CCC4)c2)CC2CC2)c1,057,CHEMBL4294825_1,COc1cccc(C(=O)N(Cc2cccc(-c3cn4c(n3)CCC4)c2)CC2CC2)c1,142
6dd0_6dd0_conf0,6dd0_6dd0_conf0.mol2,[H]c1c(F)c([H])c2oc(=O)c([H])c(C([H])([H])P(=O)([O-])[O-])c2c1F,[H]c1c(F)c([H])c2oc(=O)c([H])c(C([H])([H])P(=O)([O-])[O-])c2c1F,O=c1cc(CP(=O)([O-])[O-])c2c(F)cc(F)cc2o1,O=c1cc(CP(=O)([O-])[O-])c2c(F)cc(F)cc2o1,023,CHEMBL4533674_0,O=c1cc(CP(=O)([O-])[O-])c2c(F)cc(F)cc2o1,1
6dl2_6dl2_conf0,6dl2_6dl2_conf0.mol2,[H]c1c([H])c([H])c(C([H])([H])c2c(C([H])([H])[H])sc3c2C([H])([H])OC([H])([H])c2nnc(C([H])([H])[H])n2-3)c([H])c1[H],[H]c1c([H])c([H])c(C([H])([H])c2c(C([H])([H])[H])sc3c2C([H])([H])OC([H])([H])c2nnc(C([H])([H])[H])n2-3)c([H])c1[H],Cc1sc2c(c1Cc1ccccc1)COCc1nnc(C)n1-2,Cc1sc2c(c1Cc1ccccc1)COCc1nnc(C)n1-2,039,CHEMBL4562288_0,Cc1sc2c(c1Cc1ccccc1)COCc1nnc(C)n1-2,13
6dq4_6dq4_conf0,6dq4_6dq4_conf0.mol2,[H]c1nc(-c2nc(N([H])C([H])([H])C([H])([H])C(=O)[O-])c([H])c(N3C([H])([H])C([H])([H])c4c([H])c([H])c([H])c([H])c4C([H])([H])C3([H])[H])n2)c([H])c([H])c1[H],[H]c1nc(-c2nc(N([H])C([H])([H])C([H])([H])C(=O)[O-])c([H])c(N3C([H])([H])C([H])([H])c4c([H])c([H])c([H])c([H])c4C([H])([H])C3([H])[H])n2)c([H])c([H])c1[H],O=C([O-])CCNc1cc(N2CCc3ccccc3CC2)nc(-c2ccccn2)n1,O=C([O-])CCNc1cc(N2CCc3ccccc3CC2)nc(-c2ccccn2)n1,051,CHEMBL3188597_0,O=C([O-])CCNc1cc(N2CCc3ccccc3CC2)nc(-c2ccccn2)n1,59
6dyn_6dyn_conf0,6dyn_6dyn_conf0.mol2,[H]c1nc(C([H])([H])C([H])([H])[N+]([H])([H])[H])c([H])n1[H],[H]c1nc(C([H])([H])C([H])([H])[N+]([H])([H])[H])c([H])n1[H],[NH3+]CCc1c[nH]cn1,[NH3+]CCc1c[nH]cn1,018,CHEMBL90_0,[NH3+]CCc1c[nH]cn1,17
6dyr_6dyr_conf0,6dyr_6dyr_conf0.mol2,[H]c1nc(C([H])([H])C([H])([H])N([H])C(=O)C([H])([H])C([H])([H])[N+]([H])([H])[H])c([H])n1[H],[H]c1nc(C([H])([H])C([H])([H])N([H])C(=O)C([H])([H])C([H])([H])[N+]([H])([H])[H])c([H])n1[H],[NH3+]CCC(=O)NCCc1c[nH]cn1,[NH3+]CCC(=O)NCCc1c[nH]cn1,028,CHEMBL461024_0,[NH3+]CCC(=O)NCCc1c[nH]cn1,136
6dzx_6dzx_conf0,6dzx_6dzx_conf0.mol2,[H]C([H])([H])SC([H])([H])C([H])([H])[C@]([H])(C(=O)[O-])[N+]([H])([H])[H],[H]C([H])([H])SC([H])([H])C([H])([H])C([H])(C(=O)[O-])[N+]([H])([H])[H],CSCC[C@@H]([NH3+])C(=O)[O-],CSCCC([NH3+])C(=O)[O-],020,CHEMBL42336_0,CSCC[C@@H]([NH3+])C(=O)[O-],68
6e1z_6e1z_conf0,6e1z_6e1z_conf0.mol2,[H]c1nc([H])n(C([H])([H])c2oc(C(=O)[O-])c([H])c2[H])c1[H],[H]c1nc([H])n(C([H])([H])c2oc(C(=O)[O-])c([H])c2[H])c1[H],O=C([O-])c1ccc(Cn2ccnc2)o1,O=C([O-])c1ccc(Cn2ccnc2)o1,021,CHEMBL5198324_0,O=C([O-])c1ccc(Cn2ccnc2)o1,10
6ebe_6ebe_conf0,6ebe_6ebe_conf0.mol2,[H]Oc1c(N([H])C(=O)N([H])c2c([H])c([H])c(C(F)(F)F)c([H])c2[H])c([H])c(S(=O)(=O)N([H])[H])c([H])c1[N+](=O)[O-],[H]Oc1c(N([H])C(=O)N([H])c2c([H])c([H])c(C(F)(F)F)c([H])c2[H])c([H])c(S(=O)(=O)N([H])[H])c([H])c1[N+](=O)[O-],NS(=O)(=O)c1cc(NC(=O)Nc2ccc(C(F)(F)F)cc2)c(O)c([N+](=O)[O-])c1,NS(=O)(=O)c1cc(NC(=O)Nc2ccc(C(F)(F)F)cc2)c(O)c([N+](=O)[O-])c1,039,CHEMBL4290468_1,NS(=O)(=O)c1cc(NC(=O)Nc2ccc(C(F)(F)F)cc2)c(O)c([N+](=O)[O-])c1,59
6ecz_6ecz_conf0,6ecz_6ecz_conf0.mol2,[H]Oc1c(N([H])C(=O)N([H])c2c(F)c(F)c(F)c(F)c2F)c([H])c(S(=O)(=O)N([H])[H])c([H])c1[N+](=O)[O-],[H]Oc1c(N([H])C(=O)N([H])c2c(F)c(F)c(F)c(F)c2F)c([H])c(S(=O)(=O)N([H])[H])c([H])c1[N+](=O)[O-],NS(=O)(=O)c1cc(NC(=O)Nc2c(F)c(F)c(F)c(F)c2F)c(O)c([N+](=O)[O-])c1,NS(=O)(=O)c1cc(NC(=O)Nc2c(F)c(F)c(F)c(F)c2F)c(O)c([N+](=O)[O-])c1,036,CHEMBL4280245_1,NS(=O)(=O)c1cc(NC(=O)Nc2c(F)c(F)c(F)c(F)c2F)c(O)c([N+](=O)[O-])c1,43
6eed_6eed_conf0,6eed_6eed_conf0.mol2,[H]ON([H])C(=O)[C@@]([H])(c1c([H])c([H])c(-c2c([H])c(F)c(F)c(F)c2[H])c([H])c1[H])N([H])C(=O)C([H])([H])C1([H])C([H])([H])C([H])([H])C([H])([H])C([H])([H])C1([H])[H],[H]ON([H])C(=O)C([H])(c1c([H])c([H])c(-c2c([H])c(F)c(F)c(F)c2[H])c([H])c1[H])N([H])C(=O)C([H])([H])C1([H])C([H])([H])C([H])([H])C([H])([H])C([H])([H])C1([H])[H],O=C(CC1CCCCC1)N[C@@H](C(=O)NO)c1ccc(-c2cc(F)c(F)c(F)c2)cc1,O=C(CC1CCCCC1)NC(C(=O)NO)c1ccc(-c2cc(F)c(F)c(F)c2)cc1,053,CHEMBL4440050_0,O=C(CC1CCCCC1)N[C@@H](C(=O)NO)c1ccc(-c2cc(F)c(F)c(F)c2)cc1,171
6eeo_6eeo_conf0,6eeo_6eeo_conf0.mol2,[H]Oc1c(N([H])C(=O)N([H])c2c([H])c([H])c(F)c(C([H])([H])[H])c2[H])c([H])c(S(=O)(=O)N([H])[H])c([H])c1[N+](=O)[O-],[H]Oc1c(N([H])C(=O)N([H])c2c([H])c([H])c(F)c(C([H])([H])[H])c2[H])c([H])c(S(=O)(=O)N([H])[H])c([H])c1[N+](=O)[O-],Cc1cc(NC(=O)Nc2cc(S(N)(=O)=O)cc([N+](=O)[O-])c2O)ccc1F,Cc1cc(NC(=O)Nc2cc(S(N)(=O)=O)cc([N+](=O)[O-])c2O)ccc1F,039,CHEMBL4290883_1,Cc1cc(NC(=O)Nc2cc(S(N)(=O)=O)cc([N+](=O)[O-])c2O)ccc1F,82
6eif_6eif_conf0,6eif_6eif_conf0.mol2,[H]c1nc([H])c(-c2c([H])n([H])c3nc([H])c(-c4c([H])c([H])c(S(=O)(=O)N([H])[H])c([H])c4[H])c([H])c23)c([H])c1[H],[H]c1nc([H])c(-c2c([H])n([H])c3nc([H])c(-c4c([H])c([H])c(S(=O)(=O)N([H])[H])c([H])c4[H])c([H])c23)c([H])c1[H],NS(=O)(=O)c1ccc(-c2cnc3[nH]cc(-c4cccnc4)c3c2)cc1,NS(=O)(=O)c1ccc(-c2cnc3[nH]cc(-c4cccnc4)c3c2)cc1,039,CHEMBL4164814_0,NS(=O)(=O)c1ccc(-c2cnc3[nH]cc(-c4cccnc4)c3c2)cc1,17
6eiq_6eiq_conf0,6eiq_6eiq_conf0.mol2,[H]c1c([H])c([H])c(C(=O)c2sc(N([H])c3c([H])c([H])c(N4C([H])([H])C([H])([H])[N+]([H])(C([H])([H])[H])C([H])([H])C4([H])[H])c([H])c3OC([H])([H])[H])nc2N([H])[H])c([H])c1[H],[H]c1c([H])c([H])c(C(=O)c2sc(N([H])c3c([H])c([H])c(N4C([H])([H])C([H])([H])[N+]([H])(C([H])([H])[H])C([H])([H])C4([H])[H])c([H])c3OC([H])([H])[H])nc2N([H])[H])c([H])c1[H],COc1cc(N2CC[NH+](C)CC2)ccc1Nc1nc(N)c(C(=O)c2ccccc2)s1,COc1cc(N2CC[NH+](C)CC2)ccc1Nc1nc(N)c(C(=O)c2ccccc2)s1,056,CHEMBL4171089_0,COc1cc(N2CC[NH+](C)CC2)ccc1Nc1nc(N)c(C(=O)c2ccccc2)s1,99
6eis_6eis_conf0,6eis_6eis_conf0.mol2,[H]c1nn([H])c([H])c1-c1c([H])c([H])c2nc([H])c3c([H])c([H])c(=O)n(-c4c([H])c([H])c(F)c([H])c4C(F)(F)F)c3c2c1[H],[H]c1nn([H])c([H])c1-c1c([H])c([H])c2nc([H])c3c([H])c([H])c(=O)n(-c4c([H])c([H])c(F)c([H])c4C(F)(F)F)c3c2c1[H],O=c1ccc2cnc3ccc(-c4cn[nH]c4)cc3c2n1-c1ccc(F)cc1C(F)(F)F,O=c1ccc2cnc3ccc(-c4cn[nH]c4)cc3c2n1-c1ccc(F)cc1C(F)(F)F,043,CHEMBL1765714_0,O=c1ccc2cnc3ccc(-c4cn[nH]c4)cc3c2n1-c1ccc(F)cc1C(F)(F)F,6
6eiz_6eiz_conf0,6eiz_6eiz_conf0.mol2,[H]OC([H])([H])/C([H])=C(\C([H])([H])[H])C([H])([H])C([H])([H])/C([H])=C(\C([H])([H])[H])C([H])([H])C([H])([H])C([H])=C(C([H])([H])[H])C([H])([H])[H],[H]OC([H])([H])C([H])=C(C([H])([H])[H])C([H])([H])C([H])([H])C([H])=C(C([H])([H])[H])C([H])([H])C([H])([H])C([H])=C(C([H])([H])[H])C([H])([H])[H],CC(C)=CCC/C(C)=C/CC/C(C)=C/CO,CC(C)=CCCC(C)=CCCC(C)=CCO,042,CHEMBL25308_0,CC(C)=CCC/C(C)=C/CC/C(C)=C/CO,198
6el5_6el5_conf0,6el5_6el5_conf0.mol2,[H]C#CC([H])([H])C([H])([H])C([H])([H])n1c(C([H])([H])c2c([H])c(OC([H])([H])[H])c(OC([H])([H])[H])c(OC([H])([H])[H])c2Cl)nc2c(N([H])[H])nc(F)nc21,[H]C#CC([H])([H])C([H])([H])C([H])([H])n1c(C([H])([H])c2c([H])c(OC([H])([H])[H])c(OC([H])([H])[H])c(OC([H])([H])[H])c2Cl)nc2c(N([H])[H])nc(F)nc21,C#CCCCn1c(Cc2cc(OC)c(OC)c(OC)c2Cl)nc2c(N)nc(F)nc21,C#CCCCn1c(Cc2cc(OC)c(OC)c(OC)c2Cl)nc2c(N)nc(F)nc21,051,CHEMBL112953_0,C#CCCCn1c(Cc2cc(OC)c(OC)c(OC)c2Cl)nc2c(N)nc(F)nc21,200
6elp_6elp_conf0,6elp_6elp_conf0.mol2,[H]Oc1c([H])c(O[H])c(C([H])([H])C([H])([H])c2nc([H])c([H])c([H])c2[H])c([H])c1-c1c([H])c([H])nn1-c1c([H])c([H])c([H])c([H])c1Cl,[H]Oc1c([H])c(O[H])c(C([H])([H])C([H])([H])c2nc([H])c([H])c([H])c2[H])c([H])c1-c1c([H])c([H])nn1-c1c([H])c([H])c([H])c([H])c1Cl,Oc1cc(O)c(-c2ccnn2-c2ccccc2Cl)cc1CCc1ccccn1,Oc1cc(O)c(-c2ccnn2-c2ccccc2Cl)cc1CCc1ccccn1,046,CHEMBL3982842_0,Oc1cc(O)c(-c2ccnn2-c2ccccc2Cl)cc1CCc1ccccn1,83
6ep4_6ep4_conf0,6ep4_6ep4_conf0.mol2,[H]C([H])(C([H])([H])C([H])([H])C([H])([H])C([H])([H])C([H])([H])[N+](C([H])([H])[H])(C([H])([H])[H])C([H])([H])[H])C([H])([H])C([H])([H])C([H])([H])C([H])([H])[N+](C([H])([H])[H])(C([H])([H])[H])C([H])([H])[H],[H]C([H])(C([H])([H])C([H])([H])C([H])([H])C([H])([H])C([H])([H])[N+](C([H])([H])[H])(C([H])([H])[H])C([H])([H])[H])C([H])([H])C([H])([H])C([H])([H])C([H])([H])[N+](C([H])([H])[H])(C([H])([H])[H])C([H])([H])[H],C[N+](C)(C)CCCCCCCCCC[N+](C)(C)C,C[N+](C)(C)CCCCCCCCCC[N+](C)(C)C,056,CHEMBL1134_0,C[N+](C)(C)CCCCCCCCCC[N+](C)(C)C,200
6epa_6epa_conf0,6epa_6epa_conf0.mol2,[H]c1c([H])c([H])c(C([H])(c2c([H])c([H])c([H])c([H])c2[H])C([H])([H])C(=O)N([H])c2nc3c([H])c([H])c([H])c([H])c3s2)c([H])c1[H],[H]c1c([H])c([H])c(C([H])(c2c([H])c([H])c([H])c([H])c2[H])C([H])([H])C(=O)N([H])c2nc3c([H])c([H])c([H])c([H])c3s2)c([H])c1[H],O=C(CC(c1ccccc1)c1ccccc1)Nc1nc2ccccc2s1,O=C(CC(c1ccccc1)c1ccccc1)Nc1nc2ccccc2s1,044,CHEMBL3235533_0,O=C(CC(c1ccccc1)c1ccccc1)Nc1nc2ccccc2s1,49
6eq2_6eq2_conf0,6eq2_6eq2_conf0.mol2,[H]c1nc2nc(N([H])[H])n([H])c2c([H])c1[H],[H]c1nc2nc(N([H])[H])n([H])c2c([H])c1[H],Nc1nc2ncccc2[nH]1,Nc1nc2ncccc2[nH]1,016,CHEMBL4589188_0,Nc1nc2ncccc2[nH]1,1
6eq3_6eq3_conf0,6eq3_6eq3_conf0.mol2,[H]OC([H])([H])c1nc(-c2c([H])c([H])nc3c2c([H])c([H])n3[H])sc1[H],[H]OC([H])([H])c1nc(-c2c([H])c([H])nc3c2c([H])c([H])n3[H])sc1[H],OCc1csc(-c2ccnc3[nH]ccc23)n1,OCc1csc(-c2ccnc3[nH]ccc23)n1,025,CHEMBL4446950_0,OCc1csc(-c2ccnc3[nH]ccc23)n1,22
6eq5_6eq5_conf0,6eq5_6eq5_conf0.mol2,[H]c1c([H])c([H])c2c(nc(N([H])[H])n2[H])c1[H],[H]c1c([H])c([H])c2c(nc(N([H])[H])n2[H])c1[H],Nc1nc2ccccc2[nH]1,Nc1nc2ccccc2[nH]1,017,CHEMBL305513_0,Nc1nc2ccccc2[nH]1,1
6eq7_6eq7_conf0,6eq7_6eq7_conf0.mol2,[H]c1nc([H])c(F)c(-c2c([H])c([H])nc3c2nc(N([H])[H])n3[H])c1[H],[H]c1nc([H])c(F)c(-c2c([H])c([H])nc3c2nc(N([H])[H])n3[H])c1[H],Nc1nc2c(-c3ccncc3F)ccnc2[nH]1,Nc1nc2c(-c3ccncc3F)ccnc2[nH]1,025,CHEMBL4561244_0,Nc1nc2c(-c3ccncc3F)ccnc2[nH]1,2
6eqp_6eqp_conf0,6eqp_6eqp_conf0.mol2,[H]c1c([H])c([H])c2c(c1[H])Sc1c([H])c([H])c([H])c([H])c1N2C([H])([H])[C@@]([H])(C([H])([H])[H])[N+]([H])(C([H])([H])C([H])([H])[H])C([H])([H])C([H])([H])[H],[H]c1c([H])c([H])c2c(c1[H])Sc1c([H])c([H])c([H])c([H])c1N2C([H])([H])C([H])(C([H])([H])[H])[N+]([H])(C([H])([H])C([H])([H])[H])C([H])([H])C([H])([H])[H],CC[NH+](CC)[C@H](C)CN1c2ccccc2Sc2ccccc21,CC[NH+](CC)C(C)CN1c2ccccc2Sc2ccccc21,047,CHEMBL1206_0,CC[NH+](CC)[C@H](C)CN1c2ccccc2Sc2ccccc21,16
6ey8_6ey8_conf0,6ey8_6ey8_conf0.mol2,[H]Oc1c(C(=O)N(C([H])([H])[H])C([H])([H])c2c([H])c([H])c(Cl)c([H])c2[H])c([H])c2c(C([H])([H])c3c([H])c([H])c([H])c([H])c3[H])nn([H])c2c1[H],[H]Oc1c(C(=O)N(C([H])([H])[H])C([H])([H])c2c([H])c([H])c(Cl)c([H])c2[H])c([H])c2c(C([H])([H])c3c([H])c([H])c([H])c([H])c3[H])nn([H])c2c1[H],CN(Cc1ccc(Cl)cc1)C(=O)c1cc2c(Cc3ccccc3)n[nH]c2cc1O,CN(Cc1ccc(Cl)cc1)C(=O)c1cc2c(Cc3ccccc3)n[nH]c2cc1O,049,CHEMBL2042857_0,CN(Cc1ccc(Cl)cc1)C(=O)c1cc2c(Cc3ccccc3)n[nH]c2cc1O,143
6ey9_6ey9_conf0,6ey9_6ey9_conf0.mol2,[H]Oc1c(C(=O)N(C([H])([H])[H])C([H])([H])c2c([H])c([H])c(Cl)c([H])c2[H])c([H])c2c(C([H])([H])c3c([H])c([H])c([H])c(C([H])([H])[H])c3[H])nn([H])c2c1[H],[H]Oc1c(C(=O)N(C([H])([H])[H])C([H])([H])c2c([H])c([H])c(Cl)c([H])c2[H])c([H])c2c(C([H])([H])c3c([H])c([H])c([H])c(C([H])([H])[H])c3[H])nn([H])c2c1[H],Cc1cccc(Cc2n[nH]c3cc(O)c(C(=O)N(C)Cc4ccc(Cl)cc4)cc23)c1,Cc1cccc(Cc2n[nH]c3cc(O)c(C(=O)N(C)Cc4ccc(Cl)cc4)cc23)c1,052,CHEMBL3969362_0,Cc1cccc(Cc2n[nH]c3cc(O)c(C(=O)N(C)Cc4ccc(Cl)cc4)cc23)c1,58
6eya_6eya_conf0,6eya_6eya_conf0.mol2,[H]Oc1c(C(=O)N(c2c([H])c([H])c3c(c2[H])OC([H])([H])O3)C([H])([H])[H])c([H])c2c(C([H])([H])c3c([H])c([H])c([H])c(C([H])([H])[H])c3[H])nn([H])c2c1[H],[H]Oc1c(C(=O)N(c2c([H])c([H])c3c(c2[H])OC([H])([H])O3)C([H])([H])[H])c([H])c2c(C([H])([H])c3c([H])c([H])c([H])c(C([H])([H])[H])c3[H])nn([H])c2c1[H],Cc1cccc(Cc2n[nH]c3cc(O)c(C(=O)N(C)c4ccc5c(c4)OCO5)cc23)c1,Cc1cccc(Cc2n[nH]c3cc(O)c(C(=O)N(C)c4ccc5c(c4)OCO5)cc23)c1,052,CHEMBL3966607_0,Cc1cccc(Cc2n[nH]c3cc(O)c(C(=O)N(C)c4ccc5c(c4)OCO5)cc23)c1,130
6f20_6f20_conf0,6f20_6f20_conf0.mol2,[H]c1nc2c(c([H])c([H])n2[H])c(C(=O)OC([H])([H])C([H])([H])[H])c1[H],[H]c1nc2c(c([H])c([H])n2[H])c(C(=O)OC([H])([H])C([H])([H])[H])c1[H],CCOC(=O)c1ccnc2[nH]ccc12,CCOC(=O)c1ccnc2[nH]ccc12,024,CHEMBL4087054_0,CCOC(=O)c1ccnc2[nH]ccc12,5
6f3b_6f3b_conf0,6f3b_6f3b_conf0.mol2,[H]Oc1c([H])c([H])c(S(=O)(=O)N([H])[H])c([H])c1N([H])C(=O)N([H])C([H])([H])c1c([H])c([H])c(C([H])([H])[H])c([H])c1[H],[H]Oc1c([H])c([H])c(S(=O)(=O)N([H])[H])c([H])c1N([H])C(=O)N([H])C([H])([H])c1c([H])c([H])c(C([H])([H])[H])c([H])c1[H],Cc1ccc(CNC(=O)Nc2cc(S(N)(=O)=O)ccc2O)cc1,Cc1ccc(CNC(=O)Nc2cc(S(N)(=O)=O)ccc2O)cc1,040,CHEMBL4294703_1,Cc1ccc(CNC(=O)Nc2cc(S(N)(=O)=O)ccc2O)cc1,116
6faf_6faf_conf0,6faf_6faf_conf0.mol2,[H]Oc1c([H])c([H])c(S(=O)(=O)N([H])[H])c([H])c1N([H])C(=O)N([H])c1c([H])c(C([H])([H])[H])c([H])c([H])c1C([H])([H])[H],[H]Oc1c([H])c([H])c(S(=O)(=O)N([H])[H])c([H])c1N([H])C(=O)N([H])c1c([H])c(C([H])([H])[H])c([H])c([H])c1C([H])([H])[H],Cc1ccc(C)c(NC(=O)Nc2cc(S(N)(=O)=O)ccc2O)c1,Cc1ccc(C)c(NC(=O)Nc2cc(S(N)(=O)=O)ccc2O)c1,040,CHEMBL4286620_1,Cc1ccc(C)c(NC(=O)Nc2cc(S(N)(=O)=O)ccc2O)c1,42
6fag_6fag_conf0,6fag_6fag_conf0.mol2,[H]Oc1c([H])c([H])c(S(=O)(=O)N([H])[H])c([H])c1N([H])C(=O)N([H])c1c([H])c([H])c([H])c([H])c1OC([H])([H])[H],[H]Oc1c([H])c([H])c(S(=O)(=O)N([H])[H])c([H])c1N([H])C(=O)N([H])c1c([H])c([H])c([H])c([H])c1OC([H])([H])[H],COc1ccccc1NC(=O)Nc1cc(S(N)(=O)=O)ccc1O,COc1ccccc1NC(=O)Nc1cc(S(N)(=O)=O)ccc1O,038,CHEMBL4282828_1,COc1ccccc1NC(=O)Nc1cc(S(N)(=O)=O)ccc1O,92
6fba_6fba_conf0,6fba_6fba_conf0.mol2,[H]Oc1c(O[H])c([H])c2c([H])c([H])c([H])c([H])c2c1[H],[H]Oc1c(O[H])c([H])c2c([H])c([H])c([H])c([H])c2c1[H],Oc1cc2ccccc2cc1O,Oc1cc2ccccc2cc1O,020,CHEMBL205007_0,Oc1cc2ccccc2cc1O,3
6fe0_6fe0_conf0,6fe0_6fe0_conf0.mol2,[H]OC([H])([H])C([H])([H])Sc1c(F)c(F)c(S(=O)(=O)N([H])[H])c(N([H])C2([H])C([H])([H])C([H])([H])C([H])([H])C([H])([H])C([H])([H])C([H])([H])C2([H])[H])c1F,[H]OC([H])([H])C([H])([H])Sc1c(F)c(F)c(S(=O)(=O)N([H])[H])c(N([H])C2([H])C([H])([H])C([H])([H])C([H])([H])C([H])([H])C([H])([H])C([H])([H])C2([H])[H])c1F,NS(=O)(=O)c1c(F)c(F)c(SCCO)c(F)c1NC1CCCCCCC1,NS(=O)(=O)c1c(F)c(F)c(SCCO)c(F)c1NC1CCCCCCC1,049,CHEMBL3359179_0,NS(=O)(=O)c1c(F)c(F)c(SCCO)c(F)c1NC1CCCCCCC1,143
6fe1_6fe1_conf0,6fe1_6fe1_conf0.mol2,[H]OC([H])([H])C([H])([H])S(=O)(=O)c1c(F)c(F)c(S(=O)(=O)N([H])[H])c(F)c1N([H])C1([H])C([H])([H])C([H])([H])C([H])([H])C([H])([H])C([H])([H])C([H])([H])C1([H])[H],[H]OC([H])([H])C([H])([H])S(=O)(=O)c1c(F)c(F)c(S(=O)(=O)N([H])[H])c(F)c1N([H])C1([H])C([H])([H])C([H])([H])C([H])([H])C([H])([H])C([H])([H])C([H])([H])C1([H])[H],NS(=O)(=O)c1c(F)c(F)c(S(=O)(=O)CCO)c(NC2CCCCCCC2)c1F,NS(=O)(=O)c1c(F)c(F)c(S(=O)(=O)CCO)c(NC2CCCCCCC2)c1F,051,CHEMBL3359181_0,NS(=O)(=O)c1c(F)c(F)c(S(=O)(=O)CCO)c(NC2CCCCCCC2)c1F,174
6fnf_6fnf_conf0,6fnf_6fnf_conf0.mol2,[H]c1nc([H])c(-c2nc(N([H])c3c([H])c(C(=O)N([H])c4c([H])c([H])c([H])c(C(F)(F)F)c4[H])c([H])c([H])c3C([H])([H])[H])c3c([H])nn(C([H])([H])[H])c3n2)c([H])c1[H],[H]c1nc([H])c(-c2nc(N([H])c3c([H])c(C(=O)N([H])c4c([H])c([H])c([H])c(C(F)(F)F)c4[H])c([H])c([H])c3C([H])([H])[H])c3c([H])nn(C([H])([H])[H])c3n2)c([H])c1[H],Cc1ccc(C(=O)Nc2cccc(C(F)(F)F)c2)cc1Nc1nc(-c2cccnc2)nc2c1cnn2C,Cc1ccc(C(=O)Nc2cccc(C(F)(F)F)c2)cc1Nc1nc(-c2cccnc2)nc2c1cnn2C,057,CHEMBL3752910_0,Cc1ccc(C(=O)Nc2cccc(C(F)(F)F)c2)cc1Nc1nc(-c2cccnc2)nc2c1cnn2C,122
6fni_6fni_conf0,6fni_6fni_conf0.mol2,[H]c1nc([H])c(-c2nc(N([H])c3c([H])c(C(=O)N([H])c4c([H])c([H])c([H])c(C(F)(F)F)c4[H])c([H])c([H])c3C([H])([H])[H])c3c([H])nn(C([H])([H])[H])c3n2)c([H])c1[H],[H]c1nc([H])c(-c2nc(N([H])c3c([H])c(C(=O)N([H])c4c([H])c([H])c([H])c(C(F)(F)F)c4[H])c([H])c([H])c3C([H])([H])[H])c3c([H])nn(C([H])([H])[H])c3n2)c([H])c1[H],Cc1ccc(C(=O)Nc2cccc(C(F)(F)F)c2)cc1Nc1nc(-c2cccnc2)nc2c1cnn2C,Cc1ccc(C(=O)Nc2cccc(C(F)(F)F)c2)cc1Nc1nc(-c2cccnc2)nc2c1cnn2C,057,CHEMBL3752910_0,Cc1ccc(C(=O)Nc2cccc(C(F)(F)F)c2)cc1Nc1nc(-c2cccnc2)nc2c1cnn2C,122
6fo5_6fo5_conf0,6fo5_6fo5_conf0.mol2,[H]c1c([H])c(S(=O)(=O)N([H])C([H])([H])c2c([H])c([H])c(C([H])([H])n3c(=O)n([H])c(=O)c4c3nc([H])n4C([H])([H])C([H])([H])[H])c([H])c2[H])c([H])c2c1N([H])C(=O)C([H])([H])C([H])([H])C2([H])[H],[H]c1c([H])c(S(=O)(=O)N([H])C([H])([H])c2c([H])c([H])c(C([H])([H])n3c(=O)n([H])c(=O)c4c3nc([H])n4C([H])([H])C([H])([H])[H])c([H])c2[H])c([H])c2c1N([H])C(=O)C([H])([H])C([H])([H])C2([H])[H],CCn1cnc2c1c(=O)[nH]c(=O)n2Cc1ccc(CNS(=O)(=O)c2ccc3c(c2)CCCC(=O)N3)cc1,CCn1cnc2c1c(=O)[nH]c(=O)n2Cc1ccc(CNS(=O)(=O)c2ccc3c(c2)CCCC(=O)N3)cc1,063,CHEMBL4278778_0,CCn1cnc2c1c(=O)[nH]c(=O)n2Cc1ccc(CNS(=O)(=O)c2ccc3c(c2)CCCC(=O)N3)cc1,13
6fs1_6fs1_conf0,6fs1_6fs1_conf0.mol2,[H]c1c([H])c([H])c2c(OC([H])([H])C([H])([H])C([H])([H])c3c(C(=O)[O-])n([H])c4c(-c5c(C([H])([H])SC([H])([H])c6nn(C([H])([H])[H])c(C([H])([H])[H])c6[H])nn(C([H])([H])[H])c5C([H])([H])[H])c([H])c([H])c([H])c34)c([H])c([H])c([H])c2c1[H],[H]c1c([H])c([H])c2c(OC([H])([H])C([H])([H])C([H])([H])c3c(C(=O)[O-])n([H])c4c(-c5c(C([H])([H])SC([H])([H])c6nn(C([H])([H])[H])c(C([H])([H])[H])c6[H])nn(C([H])([H])[H])c5C([H])([H])[H])c([H])c([H])c([H])c34)c([H])c([H])c([H])c2c1[H],Cc1cc(CSCc2nn(C)c(C)c2-c2cccc3c(CCCOc4cccc5ccccc45)c(C(=O)[O-])[nH]c23)nn1C,Cc1cc(CSCc2nn(C)c(C)c2-c2cccc3c(CCCOc4cccc5ccccc45)c(C(=O)[O-])[nH]c23)nn1C,077,CHEMBL4443085_0,Cc1cc(CSCc2nn(C)c(C)c2-c2cccc3c(CCCOc4cccc5ccccc45)c(C(=O)[O-])[nH]c23)nn1C,148
6fsy_6fsy_conf0,6fsy_6fsy_conf0.mol2,[H]Oc1c([H])c(-c2c(C([H])([H])[H])noc2C([H])([H])[H])c([H])c([C@@]([H])(O[H])c2c([H])nc([H])c([H])c2[H])c1[H],[H]Oc1c([H])c(-c2c(C([H])([H])[H])noc2C([H])([H])[H])c([H])c(C([H])(O[H])c2c([H])nc([H])c([H])c2[H])c1[H],Cc1noc(C)c1-c1cc(O)cc([C@@H](O)c2cccnc2)c1,Cc1noc(C)c1-c1cc(O)cc(C(O)c2cccnc2)c1,038,CHEMBL4129171_0,Cc1noc(C)c1-c1cc(O)cc([C@@H](O)c2cccnc2)c1,162
6ftz_6ftz_conf0,6ftz_6ftz_conf0.mol2,[H]c1c([H])c(N([H])C(=O)c2c([H])c([H])c([H])c3c2c([H])c(C(=O)N([H])[H])n3[H])c([H])c(C([H])([H])[N+]([H])([H])[H])c1[H],[H]c1c([H])c(N([H])C(=O)c2c([H])c([H])c([H])c3c2c([H])c(C(=O)N([H])[H])n3[H])c([H])c(C([H])([H])[N+]([H])([H])[H])c1[H],NC(=O)c1cc2c(C(=O)Nc3cccc(C[NH3+])c3)cccc2[nH]1,NC(=O)c1cc2c(C(=O)Nc3cccc(C[NH3+])c3)cccc2[nH]1,040,CHEMBL4170489_0,NC(=O)c1cc2c(C(=O)Nc3cccc(C[NH3+])c3)cccc2[nH]1,70
6fuj_6fuj_conf0,6fuj_6fuj_conf0.mol2,[H]c1c([H])c(-c2c([H])c([H])c([H])c(C([H])([H])[N+]([H])([H])[H])c2[H])c([H])c(N([H])C(=O)C([H])([H])C([H])(C([H])([H])[H])C([H])([H])[H])c1[H],[H]c1c([H])c(-c2c([H])c([H])c([H])c(C([H])([H])[N+]([H])([H])[H])c2[H])c([H])c(N([H])C(=O)C([H])([H])C([H])(C([H])([H])[H])C([H])([H])[H])c1[H],CC(C)CC(=O)Nc1cccc(-c2cccc(C[NH3+])c2)c1,CC(C)CC(=O)Nc1cccc(-c2cccc(C[NH3+])c2)c1,044,CHEMBL4170258_0,CC(C)CC(=O)Nc1cccc(-c2cccc(C[NH3+])c2)c1,131
6fz4_6fz4_conf0,6fz4_6fz4_conf0.mol2,[H]Oc1c([H])c([H])c([H])c([H])c1C(=O)N([H])n1c(=O)c(=O)n([H])c2c([H])c(C(F)(F)F)c(F)c([H])c21,[H]Oc1c([H])c([H])c([H])c([H])c1C(=O)N([H])n1c(=O)c(=O)n([H])c2c([H])c(C(F)(F)F)c(F)c([H])c21,O=C(Nn1c(=O)c(=O)[nH]c2cc(C(F)(F)F)c(F)cc21)c1ccccc1O,O=C(Nn1c(=O)c(=O)[nH]c2cc(C(F)(F)F)c(F)cc21)c1ccccc1O,036,CHEMBL5193862_0,O=C(Nn1c(=O)c(=O)[nH]c2cc(C(F)(F)F)c(F)cc21)c1ccccc1O,23
6g27_6g27_conf0,6g27_6g27_conf0.mol2,[H]c1c([H])c([H])c(-c2nn(C3([H])C([H])([H])C([H])([H])[N+]([H])([H])C([H])([H])C3([H])[H])c(=O)c([H])c2C([H])([H])[H])c([H])c1[H],[H]c1c([H])c([H])c(-c2nn(C3([H])C([H])([H])C([H])([H])[N+]([H])([H])C([H])([H])C3([H])[H])c(=O)c([H])c2C([H])([H])[H])c([H])c1[H],Cc1cc(=O)n(C2CC[NH2+]CC2)nc1-c1ccccc1,Cc1cc(=O)n(C2CC[NH2+]CC2)nc1-c1ccccc1,040,CHEMBL5270364_0,Cc1cc(=O)n(C2CC[NH2+]CC2)nc1-c1ccccc1,8
6g2b_6g2b_conf0,6g2b_6g2b_conf0.mol2,[H]c1nc([H])c([H])c(-c2c(-c3c([H])c([H])c([H])c([H])c3[H])nc([H])n2C([H])([H])[H])c1[H],[H]c1nc([H])c([H])c(-c2c(-c3c([H])c([H])c([H])c([H])c3[H])nc([H])n2C([H])([H])[H])c1[H],Cn1cnc(-c2ccccc2)c1-c1ccncc1,Cn1cnc(-c2ccccc2)c1-c1ccncc1,031,CHEMBL5265919_0,Cn1cnc(-c2ccccc2)c1-c1ccncc1,1
6g2o_6g2o_conf0,6g2o_6g2o_conf0.mol2,[H]c1nc2c([H])c(F)c([H])c([H])c2c(-c2c(-c3c(C([H])([H])[H])c([H])c(C([H])([H])[N+]([H])([H])[H])c([H])c3C([H])([H])[H])nc([H])n2C([H])([H])[H])c1[H],[H]c1nc2c([H])c(F)c([H])c([H])c2c(-c2c(-c3c(C([H])([H])[H])c([H])c(C([H])([H])[N+]([H])([H])[H])c([H])c3C([H])([H])[H])nc([H])n2C([H])([H])[H])c1[H],Cc1cc(C[NH3+])cc(C)c1-c1ncn(C)c1-c1ccnc2cc(F)ccc12,Cc1cc(C[NH3+])cc(C)c1-c1ncn(C)c1-c1ccnc2cc(F)ccc12,049,CHEMBL4778517_0,Cc1cc(C[NH3+])cc(C)c1-c1ncn(C)c1-c1ccnc2cc(F)ccc12,4
6g34_6g34_conf0,6g34_6g34_conf0.mol2,[H]OC([H])([H])[C@@]1([H])O[C@@]([H])(n2c([H])c(I)c3c(N([H])[H])nc([H])nc32)[C@]([H])(O[H])[C@]1([H])O[H],[H]OC([H])([H])C1([H])OC([H])(n2c([H])c(I)c3c(N([H])[H])nc([H])nc32)C([H])(O[H])C1([H])O[H],Nc1ncnc2c1c(I)cn2[C@@H]1O[C@H](CO)[C@@H](O)[C@H]1O,Nc1ncnc2c1c(I)cn2C1OC(CO)C(O)C1O,033,CHEMBL63388_0,Nc1ncnc2c1c(I)cn2[C@@H]1O[C@H](CO)[C@@H](O)[C@H]1O,1508
6g39_6g39_conf0,6g39_6g39_conf0.mol2,[H]OC([H])([H])[C@@]1([H])O[C@@]([H])(n2c([H])c(I)c3c(N([H])[H])nc([H])nc32)[C@]([H])(O[H])[C@]1([H])O[H],[H]OC([H])([H])C1([H])OC([H])(n2c([H])c(I)c3c(N([H])[H])nc([H])nc32)C([H])(O[H])C1([H])O[H],Nc1ncnc2c1c(I)cn2[C@@H]1O[C@H](CO)[C@@H](O)[C@H]1O,Nc1ncnc2c1c(I)cn2C1OC(CO)C(O)C1O,033,CHEMBL63388_0,Nc1ncnc2c1c(I)cn2[C@@H]1O[C@H](CO)[C@@H](O)[C@H]1O,1508
6g3a_6g3a_conf0,6g3a_6g3a_conf0.mol2,[H]OC([H])([H])[C@@]1([H])O[C@@]([H])(n2c([H])c(I)c3c(N([H])[H])nc([H])nc32)[C@]([H])(O[H])[C@]1([H])O[H],[H]OC([H])([H])C1([H])OC([H])(n2c([H])c(I)c3c(N([H])[H])nc([H])nc32)C([H])(O[H])C1([H])O[H],Nc1ncnc2c1c(I)cn2[C@@H]1O[C@H](CO)[C@@H](O)[C@H]1O,Nc1ncnc2c1c(I)cn2C1OC(CO)C(O)C1O,033,CHEMBL63388_0,Nc1ncnc2c1c(I)cn2[C@@H]1O[C@H](CO)[C@@H](O)[C@H]1O,1508
6g5l_6g5l_conf0,6g5l_6g5l_conf0.mol2,[H]OC([H])([H])C([H])([H])N([H])C(=O)c1c([H])c(S(=O)(=O)N([H])[H])c(Cl)c([H])c1N([H])C1([H])C([H])([H])C([H])([H])C([H])([H])C([H])([H])C1([H])[H],[H]OC([H])([H])C([H])([H])N([H])C(=O)c1c([H])c(S(=O)(=O)N([H])[H])c(Cl)c([H])c1N([H])C1([H])C([H])([H])C([H])([H])C([H])([H])C([H])([H])C1([H])[H],NS(=O)(=O)c1cc(C(=O)NCCO)c(NC2CCCCC2)cc1Cl,NS(=O)(=O)c1cc(C(=O)NCCO)c(NC2CCCCC2)cc1Cl,046,CHEMBL4176828_0,NS(=O)(=O)c1cc(C(=O)NCCO)c(NC2CCCCC2)cc1Cl,90
6g5u_6g5u_conf0,6g5u_6g5u_conf0.mol2,[H]c1c(Cl)c(C(=O)N([H])C([H])([H])C([H])([H])C([H])([H])C([H])([H])[H])c([H])c(S(=O)(=O)N([H])[H])c1Cl,[H]c1c(Cl)c(C(=O)N([H])C([H])([H])C([H])([H])C([H])([H])C([H])([H])[H])c([H])c(S(=O)(=O)N([H])[H])c1Cl,CCCCNC(=O)c1cc(S(N)(=O)=O)c(Cl)cc1Cl,CCCCNC(=O)c1cc(S(N)(=O)=O)c(Cl)cc1Cl,033,CHEMBL4160149_0,CCCCNC(=O)c1cc(S(N)(=O)=O)c(Cl)cc1Cl,92
6g6t_6g6t_conf0,6g6t_6g6t_conf0.mol2,[H]c1c(Cl)c(C(=O)N([H])C([H])([H])C([H])([H])C([H])([H])C([H])([H])[H])c([H])c(S(=O)(=O)N([H])[H])c1Cl,[H]c1c(Cl)c(C(=O)N([H])C([H])([H])C([H])([H])C([H])([H])C([H])([H])[H])c([H])c(S(=O)(=O)N([H])[H])c1Cl,CCCCNC(=O)c1cc(S(N)(=O)=O)c(Cl)cc1Cl,CCCCNC(=O)c1cc(S(N)(=O)=O)c(Cl)cc1Cl,033,CHEMBL4160149_0,CCCCNC(=O)c1cc(S(N)(=O)=O)c(Cl)cc1Cl,92
6g7a_6g7a_conf0,6g7a_6g7a_conf0.mol2,[H]OC([H])([H])C([H])([H])N([H])C(=O)c1c([H])c(S(=O)(=O)N([H])[H])c(Cl)c([H])c1N([H])C([H])([H])c1c([H])c([H])c([H])c([H])c1[H],[H]OC([H])([H])C([H])([H])N([H])C(=O)c1c([H])c(S(=O)(=O)N([H])[H])c(Cl)c([H])c1N([H])C([H])([H])c1c([H])c([H])c([H])c([H])c1[H],NS(=O)(=O)c1cc(C(=O)NCCO)c(NCc2ccccc2)cc1Cl,NS(=O)(=O)c1cc(C(=O)NCCO)c(NCc2ccccc2)cc1Cl,043,CHEMBL4168966_0,NS(=O)(=O)c1cc(C(=O)NCCO)c(NCc2ccccc2)cc1Cl,82
6g9i_6g9i_conf0,6g9i_6g9i_conf0.mol2,[H]c1c([H])c([H])c2c(c1[H])N(C([H])([H])C([H])([H])C([H])([H])[N+]([H])(C([H])([H])[H])C([H])([H])[H])c1c([H])c(Cl)c([H])c([H])c1C([H])([H])C2([H])[H],[H]c1c([H])c([H])c2c(c1[H])N(C([H])([H])C([H])([H])C([H])([H])[N+]([H])(C([H])([H])[H])C([H])([H])[H])c1c([H])c(Cl)c([H])c([H])c1C([H])([H])C2([H])[H],C[NH+](C)CCCN1c2ccccc2CCc2ccc(Cl)cc21,C[NH+](C)CCCN1c2ccccc2CCc2ccc(Cl)cc21,046,CHEMBL415_0,C[NH+](C)CCCN1c2ccccc2CCc2ccc(Cl)cc21,100
6gdy_6gdy_conf0,6gdy_6gdy_conf0.mol2,[H]C([H])(C(=O)[O-])C([H])([H])C(=O)C(=O)[O-],[H]C([H])(C(=O)[O-])C([H])([H])C(=O)C(=O)[O-],O=C([O-])CCC(=O)C(=O)[O-],O=C([O-])CCC(=O)C(=O)[O-],014,CHEMBL1686_0,O=C([O-])CCC(=O)C(=O)[O-],34
6gl9_6gl9_conf0,6gl9_6gl9_conf0.mol2,[H]/C(C#N)=C(/[H])c1c([H])c([H])c([H])c(-c2nc3c([H])nc4c(c([H])c([H])n4[H])c3n2C2([H])C([H])([H])C([H])([H])C([H])([H])C([H])([H])C2([H])[H])c1[H],[H]C(C#N)=C([H])c1c([H])c([H])c([H])c(-c2nc3c([H])nc4c(c([H])c([H])n4[H])c3n2C2([H])C([H])([H])C([H])([H])C([H])([H])C([H])([H])C2([H])[H])c1[H],N#C/C=C/c1cccc(-c2nc3cnc4[nH]ccc4c3n2C2CCCCC2)c1,N#CC=Cc1cccc(-c2nc3cnc4[nH]ccc4c3n2C2CCCCC2)c1,049,CHEMBL4129641_0,N#C/C=C/c1cccc(-c2nc3cnc4[nH]ccc4c3n2C2CCCCC2)c1,13
6gla_6gla_conf0,6gla_6gla_conf0.mol2,[H]/C(C#N)=C(/[H])c1oc(-c2nc3c([H])nc4c(c([H])c([H])n4[H])c3n2C2([H])C([H])([H])C([H])([H])C([H])([H])C([H])([H])C2([H])[H])c([H])c1[H],[H]C(C#N)=C([H])c1oc(-c2nc3c([H])nc4c(c([H])c([H])n4[H])c3n2C2([H])C([H])([H])C([H])([H])C([H])([H])C([H])([H])C2([H])[H])c([H])c1[H],N#C/C=C/c1ccc(-c2nc3cnc4[nH]ccc4c3n2C2CCCCC2)o1,N#CC=Cc1ccc(-c2nc3cnc4[nH]ccc4c3n2C2CCCCC2)o1,046,CHEMBL4128266_0,N#C/C=C/c1ccc(-c2nc3cnc4[nH]ccc4c3n2C2CCCCC2)o1,9
6glb_6glb_conf0,6glb_6glb_conf0.mol2,[H]c1c(-c2nc3c([H])nc4c(c([H])c([H])n4[H])c3n2C2([H])C([H])([H])C([H])([H])C([H])([H])C([H])([H])C2([H])[H])oc(C([H])([H])C([H])([H])C#N)c1[H],[H]c1c(-c2nc3c([H])nc4c(c([H])c([H])n4[H])c3n2C2([H])C([H])([H])C([H])([H])C([H])([H])C([H])([H])C2([H])[H])oc(C([H])([H])C([H])([H])C#N)c1[H],N#CCCc1ccc(-c2nc3cnc4[nH]ccc4c3n2C2CCCCC2)o1,N#CCCc1ccc(-c2nc3cnc4[nH]ccc4c3n2C2CCCCC2)o1,048,CHEMBL4127590_0,N#CCCc1ccc(-c2nc3cnc4[nH]ccc4c3n2C2CCCCC2)o1,66
6gnm_6gnm_conf0,6gnm_6gnm_conf0.mol2,[H]Oc1c([H])c([H])c(C(=O)c2c([H])c([H])c(O[H])c([H])c2O[H])c(O[H])c1[H],[H]Oc1c([H])c([H])c(C(=O)c2c([H])c([H])c(O[H])c([H])c2O[H])c(O[H])c1[H],O=C(c1ccc(O)cc1O)c1ccc(O)cc1O,O=C(c1ccc(O)cc1O)c1ccc(O)cc1O,028,CHEMBL3185091_0,O=C(c1ccc(O)cc1O)c1ccc(O)cc1O,15
6gnr_6gnr_conf0,6gnr_6gnr_conf0.mol2,[H]c1nc(N([H])c2c([H])c([H])c([H])c(Cl)c2C([H])([H])[H])c(C(=O)[O-])c([H])c1[H],[H]c1nc(N([H])c2c([H])c([H])c([H])c(Cl)c2C([H])([H])[H])c(C(=O)[O-])c([H])c1[H],Cc1c(Cl)cccc1Nc1ncccc1C(=O)[O-],Cc1c(Cl)cccc1Nc1ncccc1C(=O)[O-],028,CHEMBL4303711_0,Cc1c(Cl)cccc1Nc1ncccc1C(=O)[O-],9
6gnw_6gnw_conf0,6gnw_6gnw_conf0.mol2,[H]c1c(Cl)c(Cl)c([H])c(OC([H])([H])C(=O)[O-])c1Cl,[H]c1c(Cl)c(Cl)c([H])c(OC([H])([H])C(=O)[O-])c1Cl,O=C([O-])COc1cc(Cl)c(Cl)cc1Cl,O=C([O-])COc1cc(Cl)c(Cl)cc1Cl,018,CHEMBL194458_0,O=C([O-])COc1cc(Cl)c(Cl)cc1Cl,71
6got_6got_conf0,6got_6got_conf0.mol2,[H]c1c([H])c([H])c(C([H])([H])C([H])([H])Sc2c([H])c([H])c(S(=O)(=O)N([H])[H])c([H])c2[H])c([H])c1[H],[H]c1c([H])c([H])c(C([H])([H])C([H])([H])Sc2c([H])c([H])c(S(=O)(=O)N([H])[H])c([H])c2[H])c([H])c1[H],NS(=O)(=O)c1ccc(SCCc2ccccc2)cc1,NS(=O)(=O)c1ccc(SCCc2ccccc2)cc1,034,CHEMBL2333401_0,NS(=O)(=O)c1ccc(SCCc2ccccc2)cc1,92
6gue_6gue_conf0,6gue_6gue_conf0.mol2,[H]c1nc(N([H])c2c([H])c([H])c(S(=O)(=O)C([H])([H])[H])c([H])c2[H])nc(-c2c([H])nc(C([H])([H])[H])n2C([H])(C([H])([H])[H])C([H])([H])[H])c1[H],[H]c1nc(N([H])c2c([H])c([H])c(S(=O)(=O)C([H])([H])[H])c([H])c2[H])nc(-c2c([H])nc(C([H])([H])[H])n2C([H])(C([H])([H])[H])C([H])([H])[H])c1[H],Cc1ncc(-c2ccnc(Nc3ccc(S(C)(=O)=O)cc3)n2)n1C(C)C,Cc1ncc(-c2ccnc(Nc3ccc(S(C)(=O)=O)cc3)n2)n1C(C)C,047,CHEMBL454649_1,Cc1ncc(-c2ccnc(Nc3ccc(S(C)(=O)=O)cc3)n2)n1C(C)C,193
6guh_6guh_conf0,6guh_6guh_conf0.mol2,[H]c1nc(N([H])c2c([H])c([H])c(S(=O)(=O)C([H])([H])[H])c([H])c2[H])nc(-c2c([H])nc(C([H])([H])[H])n2C([H])(C([H])([H])[H])C([H])([H])[H])c1[H],[H]c1nc(N([H])c2c([H])c([H])c(S(=O)(=O)C([H])([H])[H])c([H])c2[H])nc(-c2c([H])nc(C([H])([H])[H])n2C([H])(C([H])([H])[H])C([H])([H])[H])c1[H],Cc1ncc(-c2ccnc(Nc3ccc(S(C)(=O)=O)cc3)n2)n1C(C)C,Cc1ncc(-c2ccnc(Nc3ccc(S(C)(=O)=O)cc3)n2)n1C(C)C,047,CHEMBL454649_1,Cc1ncc(-c2ccnc(Nc3ccc(S(C)(=O)=O)cc3)n2)n1C(C)C,193
6gvf_6gvf_conf0,6gvf_6gvf_conf0.mol2,[H]c1nc(N([H])[H])c2c(-c3c([H])c([H])c4oc(N([H])[H])nc4c3[H])nn(C([H])(C([H])([H])[H])C([H])([H])[H])c2n1,[H]c1nc(N([H])[H])c2c(-c3c([H])c([H])c4oc(N([H])[H])nc4c3[H])nn(C([H])(C([H])([H])[H])C([H])([H])[H])c2n1,CC(C)n1nc(-c2ccc3oc(N)nc3c2)c2c(N)ncnc21,CC(C)n1nc(-c2ccc3oc(N)nc3c2)c2c(N)ncnc21,038,CHEMBL3545097_0,CC(C)n1nc(-c2ccc3oc(N)nc3c2)c2c(N)ncnc21,7
6h29_6h29_conf0,6h29_6h29_conf0.mol2,[H]c1c([H])c([H])c(C([H])([H])OC(=O)N([H])[H])c([H])c1[H],[H]c1c([H])c([H])c(C([H])([H])OC(=O)N([H])[H])c([H])c1[H],NC(=O)OCc1ccccc1,NC(=O)OCc1ccccc1,020,CHEMBL2259788_0,NC(=O)OCc1ccccc1,6
6h33_6h33_conf0,6h33_6h33_conf0.mol2,[H]OC1(c2c([H])c([H])c([H])c([H])c2[H])C([H])([H])C([H])([H])N(C(=O)c2c([H])c([H])c(S(=O)(=O)N([H])[H])c([H])c2[H])C([H])([H])C1([H])[H],[H]OC1(c2c([H])c([H])c([H])c([H])c2[H])C([H])([H])C([H])([H])N(C(=O)c2c([H])c([H])c(S(=O)(=O)N([H])[H])c([H])c2[H])C([H])([H])C1([H])[H],NS(=O)(=O)c1ccc(C(=O)N2CCC(O)(c3ccccc3)CC2)cc1,NS(=O)(=O)c1ccc(C(=O)N2CCC(O)(c3ccccc3)CC2)cc1,045,CHEMBL4547604_0,NS(=O)(=O)c1ccc(C(=O)N2CCC(O)(c3ccccc3)CC2)cc1,129
6h34_6h34_conf0,6h34_6h34_conf0.mol2,[H]c1c([H])c(C([H])([H])[N+]2([H])C([H])([H])C([H])([H])N(C(=O)c3c([H])c([H])c(S(=O)(=O)N([H])[H])c([H])c3[H])C([H])([H])C2([H])[H])c([H])c([H])c1F,[H]c1c([H])c(C([H])([H])[N+]2([H])C([H])([H])C([H])([H])N(C(=O)c3c([H])c([H])c(S(=O)(=O)N([H])[H])c([H])c3[H])C([H])([H])C2([H])[H])c([H])c([H])c1F,NS(=O)(=O)c1ccc(C(=O)N2CC[NH+](Cc3ccc(F)cc3)CC2)cc1,NS(=O)(=O)c1ccc(C(=O)N2CC[NH+](Cc3ccc(F)cc3)CC2)cc1,047,CHEMBL4453778_0,NS(=O)(=O)c1ccc(C(=O)N2CC[NH+](Cc3ccc(F)cc3)CC2)cc1,67
6h36_6h36_conf0,6h36_6h36_conf0.mol2,[H]c1c([H])c([H])c(C2([H])C([H])([H])C([H])([H])N(C(=O)c3c([H])c([H])c(S(=O)(=O)N([H])[H])c([H])c3[H])C([H])([H])C2([H])[H])c([H])c1[H],[H]c1c([H])c([H])c(C2([H])C([H])([H])C([H])([H])N(C(=O)c3c([H])c([H])c(S(=O)(=O)N([H])[H])c([H])c3[H])C([H])([H])C2([H])[H])c([H])c1[H],NS(=O)(=O)c1ccc(C(=O)N2CCC(c3ccccc3)CC2)cc1,NS(=O)(=O)c1ccc(C(=O)N2CCC(c3ccccc3)CC2)cc1,044,CHEMBL4437968_0,NS(=O)(=O)c1ccc(C(=O)N2CCC(c3ccccc3)CC2)cc1,88
6h38_6h38_conf0,6h38_6h38_conf0.mol2,[H]c1c([H])c(C([H])([H])[N+]2([H])C([H])([H])C([H])([H])N(C(=O)c3c([H])c([H])c(S(=O)(=O)N([H])[H])c([H])c3[H])C([H])([H])C2([H])[H])c([H])c([H])c1F,[H]c1c([H])c(C([H])([H])[N+]2([H])C([H])([H])C([H])([H])N(C(=O)c3c([H])c([H])c(S(=O)(=O)N([H])[H])c([H])c3[H])C([H])([H])C2([H])[H])c([H])c([H])c1F,NS(=O)(=O)c1ccc(C(=O)N2CC[NH+](Cc3ccc(F)cc3)CC2)cc1,NS(=O)(=O)c1ccc(C(=O)N2CC[NH+](Cc3ccc(F)cc3)CC2)cc1,047,CHEMBL4453778_0,NS(=O)(=O)c1ccc(C(=O)N2CC[NH+](Cc3ccc(F)cc3)CC2)cc1,67
6h8s_6h8s_conf0,6h8s_6h8s_conf0.mol2,[H]c1c(N([H])C(N([H])[H])=[N+]([H])[H])c([H])c(C2([H])C([H])([H])C([H])([H])[N+]([H])([H])C([H])([H])C2([H])[H])c([H])c1C(F)(F)F,[H]c1c(N([H])C(N([H])[H])=[N+]([H])[H])c([H])c(C2([H])C([H])([H])C([H])([H])[N+]([H])([H])C([H])([H])C2([H])[H])c([H])c1C(F)(F)F,NC(=[NH2+])Nc1cc(C2CC[NH2+]CC2)cc(C(F)(F)F)c1,NC(=[NH2+])Nc1cc(C2CC[NH2+]CC2)cc(C(F)(F)F)c1,039,CHEMBL4476817_0,NC(=[NH2+])Nc1cc(C2CC[NH2+]CC2)cc(C(F)(F)F)c1,42
6haz_6haz_conf0,6haz_6haz_conf0.mol2,[H]Oc1c([H])c([H])c([H])c([H])c1-c1nnc(N([H])[H])c(N2C([H])([H])C([H])([H])[N+]([H])([H])C([H])([H])C2([H])[H])c1[H],[H]Oc1c([H])c([H])c([H])c([H])c1-c1nnc(N([H])[H])c(N2C([H])([H])C([H])([H])[N+]([H])([H])C([H])([H])C2([H])[H])c1[H],Nc1nnc(-c2ccccc2O)cc1N1CC[NH2+]CC1,Nc1nnc(-c2ccccc2O)cc1N1CC[NH2+]CC1,038,CHEMBL4746865_0,Nc1nnc(-c2ccccc2O)cc1N1CC[NH2+]CC1,27
6hd6_6hd6_conf0,6hd6_6hd6_conf0.mol2,[H]c1c([H])c(C(=O)N([H])c2c([H])c([H])c(OC(F)(F)F)c([H])c2[H])c([H])c(C([H])([H])[N+]2([H])C([H])([H])C([H])([H])OC([H])([H])C2([H])[H])c1[H],[H]c1c([H])c(C(=O)N([H])c2c([H])c([H])c(OC(F)(F)F)c([H])c2[H])c([H])c(C([H])([H])[N+]2([H])C([H])([H])C([H])([H])OC([H])([H])C2([H])[H])c1[H],O=C(Nc1ccc(OC(F)(F)F)cc1)c1cccc(C[NH+]2CCOCC2)c1,O=C(Nc1ccc(OC(F)(F)F)cc1)c1cccc(C[NH+]2CCOCC2)c1,047,CHEMBL4217428_0,O=C(Nc1ccc(OC(F)(F)F)cc1)c1cccc(C[NH+]2CCOCC2)c1,71
6hk3_6hk3_conf0,6hk3_6hk3_conf0.mol2,[H]c1nc(N([H])[H])c(C(=O)N([H])c2c([H])c([H])c([H])c([H])c2OC([H])([H])[H])nc1-c1c([H])c([H])c(S(=O)(=O)N2C([H])([H])C([H])([H])[N+]([H])(C([H])([H])[H])C([H])([H])C2([H])[H])c([H])c1[H],[H]c1nc(N([H])[H])c(C(=O)N([H])c2c([H])c([H])c([H])c([H])c2OC([H])([H])[H])nc1-c1c([H])c([H])c(S(=O)(=O)N2C([H])([H])C([H])([H])[N+]([H])(C([H])([H])[H])C([H])([H])C2([H])[H])c([H])c1[H],COc1ccccc1NC(=O)c1nc(-c2ccc(S(=O)(=O)N3CC[NH+](C)CC3)cc2)cnc1N,COc1ccccc1NC(=O)c1nc(-c2ccc(S(=O)(=O)N3CC[NH+](C)CC3)cc2)cnc1N,061,CHEMBL2177175_0,COc1ccccc1NC(=O)c1nc(-c2ccc(S(=O)(=O)N3CC[NH+](C)CC3)cc2)cnc1N,101
6hk4_6hk4_conf0,6hk4_6hk4_conf0.mol2,[H]c1nc(N([H])[H])c(C(=O)N([H])c2c([H])nc([H])c([H])c2[H])nc1-c1c([H])c([H])c(S(=O)(=O)N2C([H])([H])C([H])([H])OC([H])([H])C2([H])[H])c([H])c1[H],[H]c1nc(N([H])[H])c(C(=O)N([H])c2c([H])nc([H])c([H])c2[H])nc1-c1c([H])c([H])c(S(=O)(=O)N2C([H])([H])C([H])([H])OC([H])([H])C2([H])[H])c([H])c1[H],Nc1ncc(-c2ccc(S(=O)(=O)N3CCOCC3)cc2)nc1C(=O)Nc1cccnc1,Nc1ncc(-c2ccc(S(=O)(=O)N3CCOCC3)cc2)nc1C(=O)Nc1cccnc1,051,CHEMBL2177165_0,Nc1ncc(-c2ccc(S(=O)(=O)N3CCOCC3)cc2)nc1C(=O)Nc1cccnc1,61
6hke_6hke_conf0,6hke_6hke_conf0.mol2,[H]O[C@@]([H])(C(=O)[O-])C([H])([H])C(=O)[O-],[H]OC([H])(C(=O)[O-])C([H])([H])C(=O)[O-],O=C([O-])C[C@@H](O)C(=O)[O-],O=C([O-])CC(O)C(=O)[O-],013,CHEMBL182856_0,O=C([O-])C[C@@H](O)C(=O)[O-],51
6hoq_6hoq_conf0,6hoq_6hoq_conf0.mol2,[H]Oc1c([H])c([H])c(/C([H])=C(\[H])C(=O)[O-])c([H])c1OC([H])([H])[H],[H]Oc1c([H])c([H])c(C([H])=C([H])C(=O)[O-])c([H])c1OC([H])([H])[H],COc1cc(/C=C/C(=O)[O-])ccc1O,COc1cc(C=CC(=O)[O-])ccc1O,023,CHEMBL32749_0,COc1cc(/C=C/C(=O)[O-])ccc1O,36
6hrq_6hrq_conf0,6hrq_6hrq_conf0.mol2,[H]ON([H])C(=O)c1c([H])c([H])c([H])c(-c2nnn(C([H])([H])Sc3c([H])c([H])c([H])c([H])c3[H])c2[H])c1[H],[H]ON([H])C(=O)c1c([H])c([H])c([H])c(-c2nnn(C([H])([H])Sc3c([H])c([H])c([H])c([H])c3[H])c2[H])c1[H],O=C(NO)c1cccc(-c2cn(CSc3ccccc3)nn2)c1,O=C(NO)c1cccc(-c2cn(CSc3ccccc3)nn2)c1,037,CHEMBL2178342_0,O=C(NO)c1cccc(-c2cn(CSc3ccccc3)nn2)c1,92
6hsh_6hsh_conf0,6hsh_6hsh_conf0.mol2,[H]ON([H])C(=O)c1c([H])nc(N2C([H])([H])C([H])([H])C([H])(C([H])([H])[N+]([H])([H])C([H])([H])c3c([H])n(C([H])([H])[H])c4c([H])c([H])c([H])c([H])c34)C([H])([H])C2([H])[H])nc1[H],[H]ON([H])C(=O)c1c([H])nc(N2C([H])([H])C([H])([H])C([H])(C([H])([H])[N+]([H])([H])C([H])([H])c3c([H])n(C([H])([H])[H])c4c([H])c([H])c([H])c([H])c34)C([H])([H])C2([H])[H])nc1[H],Cn1cc(C[NH2+]CC2CCN(c3ncc(C(=O)NO)cn3)CC2)c2ccccc21,Cn1cc(C[NH2+]CC2CCN(c3ncc(C(=O)NO)cn3)CC2)c2ccccc21,056,CHEMBL2105763_0,Cn1cc(C[NH2+]CC2CCN(c3ncc(C(=O)NO)cn3)CC2)c2ccccc21,66
6htg_6htg_conf0,6htg_6htg_conf0.mol2,[H]ON([H])C(=O)c1c([H])c([H])c(Cl)c(N([H])C(=O)c2c([H])c([H])c([H])c([H])c2[H])c1[H],[H]ON([H])C(=O)c1c([H])c([H])c(Cl)c(N([H])C(=O)c2c([H])c([H])c([H])c([H])c2[H])c1[H],O=C(NO)c1ccc(Cl)c(NC(=O)c2ccccc2)c1,O=C(NO)c1ccc(Cl)c(NC(=O)c2ccccc2)c1,031,CHEMBL3797843_0,O=C(NO)c1ccc(Cl)c(NC(=O)c2ccccc2)c1,22
6i0z_6i0z_conf0,6i0z_6i0z_conf0.mol2,[H]c1c([H])c(N(C(=O)C([H])([H])[H])C([H])([H])[H])c(Cl)c([H])c1Cl,[H]c1c([H])c(N(C(=O)C([H])([H])[H])C([H])([H])[H])c(Cl)c([H])c1Cl,CC(=O)N(C)c1ccc(Cl)cc1Cl,CC(=O)N(C)c1ccc(Cl)cc1Cl,022,CHEMBL4592515_0,CC(=O)N(C)c1ccc(Cl)cc1Cl,4
6i11_6i11_conf0,6i11_6i11_conf0.mol2,[H]c1nn(C([H])([H])[H])c([H])c1N([H])C(=O)c1c([H])n(C([H])([H])c2c([H])c([H])c([H])c([H])c2[H])c(=O)c2c([H])c([H])c([H])c([H])c12,[H]c1nn(C([H])([H])[H])c([H])c1N([H])C(=O)c1c([H])n(C([H])([H])c2c([H])c([H])c([H])c([H])c2[H])c(=O)c2c([H])c([H])c([H])c([H])c12,Cn1cc(NC(=O)c2cn(Cc3ccccc3)c(=O)c3ccccc23)cn1,Cn1cc(NC(=O)c2cn(Cc3ccccc3)c(=O)c3ccccc23)cn1,045,CHEMBL4469510_0,Cn1cc(NC(=O)c2cn(Cc3ccccc3)c(=O)c3ccccc23)cn1,47
6i12_6i12_conf0,6i12_6i12_conf0.mol2,[H]c1nn(C([H])([H])[H])c([H])c1N([H])C(=O)c1c([H])n(C([H])([H])c2c([H])c([H])c(Cl)c([H])c2[H])c(=O)c2c([H])c([H])c([H])c([H])c12,[H]c1nn(C([H])([H])[H])c([H])c1N([H])C(=O)c1c([H])n(C([H])([H])c2c([H])c([H])c(Cl)c([H])c2[H])c(=O)c2c([H])c([H])c([H])c([H])c12,Cn1cc(NC(=O)c2cn(Cc3ccc(Cl)cc3)c(=O)c3ccccc23)cn1,Cn1cc(NC(=O)c2cn(Cc3ccc(Cl)cc3)c(=O)c3ccccc23)cn1,045,CHEMBL4544795_0,Cn1cc(NC(=O)c2cn(Cc3ccc(Cl)cc3)c(=O)c3ccccc23)cn1,47
6i13_6i13_conf0,6i13_6i13_conf0.mol2,[H]c1nn(C([H])([H])[H])c([H])c1N([H])C(=O)c1c([H])n(C([H])([H])c2c([H])c([H])c([H])c(Cl)c2[H])c(=O)c2c([H])c([H])c([H])c([H])c12,[H]c1nn(C([H])([H])[H])c([H])c1N([H])C(=O)c1c([H])n(C([H])([H])c2c([H])c([H])c([H])c(Cl)c2[H])c(=O)c2c([H])c([H])c([H])c([H])c12,Cn1cc(NC(=O)c2cn(Cc3cccc(Cl)c3)c(=O)c3ccccc23)cn1,Cn1cc(NC(=O)c2cn(Cc3cccc(Cl)c3)c(=O)c3ccccc23)cn1,045,CHEMBL4543704_0,Cn1cc(NC(=O)c2cn(Cc3cccc(Cl)c3)c(=O)c3ccccc23)cn1,79
6i14_6i14_conf0,6i14_6i14_conf0.mol2,[H]c1nn(C([H])([H])[H])c([H])c1N([H])C(=O)c1c([H])n(C([H])([H])c2c([H])c([H])c(Cl)c(Cl)c2[H])c(=O)c2c([H])c([H])c([H])c([H])c12,[H]c1nn(C([H])([H])[H])c([H])c1N([H])C(=O)c1c([H])n(C([H])([H])c2c([H])c([H])c(Cl)c(Cl)c2[H])c(=O)c2c([H])c([H])c([H])c([H])c12,Cn1cc(NC(=O)c2cn(Cc3ccc(Cl)c(Cl)c3)c(=O)c3ccccc23)cn1,Cn1cc(NC(=O)c2cn(Cc3ccc(Cl)c(Cl)c3)c(=O)c3ccccc23)cn1,045,CHEMBL4451624_0,Cn1cc(NC(=O)c2cn(Cc3ccc(Cl)c(Cl)c3)c(=O)c3ccccc23)cn1,75
6i18_6i18_conf0,6i18_6i18_conf0.mol2,[H]c1nc([H])c([H])c(N([H])C(=O)c2c([H])n(C([H])([H])c3c([H])c([H])c(Cl)c(Cl)c3[H])c(=O)c3c([H])nn(C4([H])C([H])([H])C([H])([H])[N+]([H])([H])C([H])([H])C4([H])[H])c23)c1[H],[H]c1nc([H])c([H])c(N([H])C(=O)c2c([H])n(C([H])([H])c3c([H])c([H])c(Cl)c(Cl)c3[H])c(=O)c3c([H])nn(C4([H])C([H])([H])C([H])([H])[N+]([H])([H])C([H])([H])C4([H])[H])c23)c1[H],O=C(Nc1ccncc1)c1cn(Cc2ccc(Cl)c(Cl)c2)c(=O)c2cnn(C3CC[NH2+]CC3)c12,O=C(Nc1ccncc1)c1cn(Cc2ccc(Cl)c(Cl)c2)c(=O)c2cnn(C3CC[NH2+]CC3)c12,057,CHEMBL4452711_0,O=C(Nc1ccncc1)c1cn(Cc2ccc(Cl)c(Cl)c2)c(=O)c2cnn(C3CC[NH2+]CC3)c12,96
6i61_6i61_conf0,6i61_6i61_conf0.mol2,[H]Oc1c([H])c([H])c(C(c2c([H])c([H])c(O[H])c([H])c2[H])(C([H])([H])[H])C([H])([H])C([H])([H])[H])c([H])c1[H],[H]Oc1c([H])c([H])c(C(c2c([H])c([H])c(O[H])c([H])c2[H])(C([H])([H])[H])C([H])([H])C([H])([H])[H])c([H])c1[H],CCC(C)(c1ccc(O)cc1)c1ccc(O)cc1,CCC(C)(c1ccc(O)cc1)c1ccc(O)cc1,036,CHEMBL371077_0,CCC(C)(c1ccc(O)cc1)c1ccc(O)cc1,28
6i62_6i62_conf0,6i62_6i62_conf0.mol2,[H]Oc1c([H])c([H])c(C([H])(c2c([H])c([H])c(O[H])c([H])c2[H])C(Cl)(Cl)Cl)c([H])c1[H],[H]Oc1c([H])c([H])c(C([H])(c2c([H])c([H])c(O[H])c([H])c2[H])C(Cl)(Cl)Cl)c([H])c1[H],Oc1ccc(C(c2ccc(O)cc2)C(Cl)(Cl)Cl)cc1,Oc1ccc(C(c2ccc(O)cc2)C(Cl)(Cl)Cl)cc1,030,CHEMBL196585_0,Oc1ccc(C(c2ccc(O)cc2)C(Cl)(Cl)Cl)cc1,24
6i63_6i63_conf0,6i63_6i63_conf0.mol2,[H]Oc1c([H])c([H])c(C(c2c([H])c([H])c(O[H])c([H])c2[H])(C([H])([H])[H])C([H])([H])[H])c([H])c1[H],[H]Oc1c([H])c([H])c(C(c2c([H])c([H])c(O[H])c([H])c2[H])(C([H])([H])[H])C([H])([H])[H])c([H])c1[H],CC(C)(c1ccc(O)cc1)c1ccc(O)cc1,CC(C)(c1ccc(O)cc1)c1ccc(O)cc1,033,CHEMBL418971_0,CC(C)(c1ccc(O)cc1)c1ccc(O)cc1,21
6i64_6i64_conf0,6i64_6i64_conf0.mol2,[H]Oc1c([H])c([H])c(C([H])(c2c([H])c([H])c(O[H])c([H])c2[H])C([H])([H])[H])c([H])c1[H],[H]Oc1c([H])c([H])c(C([H])(c2c([H])c([H])c(O[H])c([H])c2[H])C([H])([H])[H])c([H])c1[H],CC(c1ccc(O)cc1)c1ccc(O)cc1,CC(c1ccc(O)cc1)c1ccc(O)cc1,030,CHEMBL2392656_0,CC(c1ccc(O)cc1)c1ccc(O)cc1,4
6i65_6i65_conf0,6i65_6i65_conf0.mol2,[H]Oc1c([H])c([H])c(C([H])(C([H])([H])[H])C([H])([H])[H])c([H])c1[H],[H]Oc1c([H])c([H])c(C([H])(C([H])([H])[H])C([H])([H])[H])c([H])c1[H],CC(C)c1ccc(O)cc1,CC(C)c1ccc(O)cc1,022,CHEMBL29966_0,CC(C)c1ccc(O)cc1,4
6iiu_6iiu_conf0,6iiu_6iiu_conf0.mol2,[H]c1c([H])c(S(=O)(=O)N([H])[C@@]2([H])C([H])([H])c3c(n(C([H])([H])C([H])([H])C(=O)[O-])c4c([H])c([H])c([H])c([H])c34)C([H])([H])C2([H])[H])c([H])c([H])c1F,[H]c1c([H])c(S(=O)(=O)N([H])C2([H])C([H])([H])c3c(n(C([H])([H])C([H])([H])C(=O)[O-])c4c([H])c([H])c([H])c([H])c34)C([H])([H])C2([H])[H])c([H])c([H])c1F,O=C([O-])CCn1c2c(c3ccccc31)C[C@H](NS(=O)(=O)c1ccc(F)cc1)CC2,O=C([O-])CCn1c2c(c3ccccc31)CC(NS(=O)(=O)c1ccc(F)cc1)CC2,049,CHEMBL298483_0,O=C([O-])CCn1c2c(c3ccccc31)C[C@H](NS(=O)(=O)c1ccc(F)cc1)CC2,107
6j1l_6j1l_conf0,6j1l_6j1l_conf0.mol2,[H]OC(c1c([H])c([H])c(-c2c([H])c([H])c(N([H])C(=O)C([H])([H])c3c([H])c([H])c(S(=O)(=O)C([H])([H])C([H])([H])[H])c([H])c3[H])c([H])c2[H])c(F)c1[H])(C(F)(F)F)C(F)(F)F,[H]OC(c1c([H])c([H])c(-c2c([H])c([H])c(N([H])C(=O)C([H])([H])c3c([H])c([H])c(S(=O)(=O)C([H])([H])C([H])([H])[H])c([H])c3[H])c([H])c2[H])c(F)c1[H])(C(F)(F)F)C(F)(F)F,CCS(=O)(=O)c1ccc(CC(=O)Nc2ccc(-c3ccc(C(O)(C(F)(F)F)C(F)(F)F)cc3F)cc2)cc1,CCS(=O)(=O)c1ccc(CC(=O)Nc2ccc(-c3ccc(C(O)(C(F)(F)F)C(F)(F)F)cc3F)cc2)cc1,058,CHEMBL4439690_0,CCS(=O)(=O)c1ccc(CC(=O)Nc2ccc(-c3ccc(C(O)(C(F)(F)F)C(F)(F)F)cc3F)cc2)cc1,107
6k3l_6k3l_conf0,6k3l_6k3l_conf0.mol2,[H]c1nc([H])c2c(c(N([H])c3c([H])c([H])c([H])c(Cl)c3[H])nc3c([H])c(C(=O)[O-])c([H])c([H])c32)c1[H],[H]c1nc([H])c2c(c(N([H])c3c([H])c([H])c([H])c(Cl)c3[H])nc3c([H])c(C(=O)[O-])c([H])c([H])c32)c1[H],O=C([O-])c1ccc2c(c1)nc(Nc1cccc(Cl)c1)c1ccncc12,O=C([O-])c1ccc2c(c1)nc(Nc1cccc(Cl)c1)c1ccncc12,036,CHEMBL1230165_0,O=C([O-])c1ccc2c(c1)nc(Nc1cccc(Cl)c1)c1ccncc12,5
6mdu_6mdu_conf0,6mdu_6mdu_conf0.mol2,[H]c1c([H])c([H])c(-c2c([H])c(C(=O)N([H])c3nnnn3[H])nn2-c2c([H])c([H])c([H])c([H])c2[H])c([H])c1[H],[H]c1c([H])c([H])c(-c2c([H])c(C(=O)N([H])c3nnnn3[H])nn2-c2c([H])c([H])c([H])c([H])c2[H])c([H])c1[H],O=C(Nc1nnn[nH]1)c1cc(-c2ccccc2)n(-c2ccccc2)n1,O=C(Nc1nnn[nH]1)c1cc(-c2ccccc2)n(-c2ccccc2)n1,038,CHEMBL5171499_1,O=C(Nc1nnn[nH]1)c1cc(-c2ccccc2)n(-c2ccccc2)n1,4
6mg5_6mg5_conf0,6mg5_6mg5_conf0.mol2,[H]c1c(N(C([H])([H])C([H])([H])[H])C([H])([H])C([H])([H])[H])c([H])c2oc(=O)c([H])c(C([H])([H])[H])c2c1[H],[H]c1c(N(C([H])([H])C([H])([H])[H])C([H])([H])C([H])([H])[H])c([H])c2oc(=O)c([H])c(C([H])([H])[H])c2c1[H],CCN(CC)c1ccc2c(C)cc(=O)oc2c1,CCN(CC)c1ccc2c(C)cc(=O)oc2c1,034,CHEMBL315348_0,CCN(CC)c1ccc2c(C)cc(=O)oc2c1,51
6mh1_6mh1_conf0,6mh1_6mh1_conf0.mol2,[H]c1nc(N([H])c2c([H])c(C([H])([H])[H])c([H])c(C([H])([H])[H])c2[H])nc(-c2c(-c3c([H])c([H])c(F)c([H])c3[H])nc([H])n2C2([H])C([H])([H])C([H])([H])[N+]([H])([H])C([H])([H])C2([H])[H])c1[H],[H]c1nc(N([H])c2c([H])c(C([H])([H])[H])c([H])c(C([H])([H])[H])c2[H])nc(-c2c(-c3c([H])c([H])c(F)c([H])c3[H])nc([H])n2C2([H])C([H])([H])C([H])([H])[N+]([H])([H])C([H])([H])C2([H])[H])c1[H],Cc1cc(C)cc(Nc2nccc(-c3c(-c4ccc(F)cc4)ncn3C3CC[NH2+]CC3)n2)c1,Cc1cc(C)cc(Nc2nccc(-c3c(-c4ccc(F)cc4)ncn3C3CC[NH2+]CC3)n2)c1,061,CHEMBL4521096_0,Cc1cc(C)cc(Nc2nccc(-c3c(-c4ccc(F)cc4)ncn3C3CC[NH2+]CC3)n2)c1,75
6mh7_6mh7_conf0,6mh7_6mh7_conf0.mol2,[H]c1nc(N([H])c2c([H])c([H])c(C([H])([H])[H])c(C([H])([H])[H])c2[H])nc(-c2c(-c3c([H])c([H])c(F)c([H])c3[H])nc([H])n2C2([H])C([H])([H])C([H])([H])[N+]([H])([H])C([H])([H])C2([H])[H])c1[H],[H]c1nc(N([H])c2c([H])c([H])c(C([H])([H])[H])c(C([H])([H])[H])c2[H])nc(-c2c(-c3c([H])c([H])c(F)c([H])c3[H])nc([H])n2C2([H])C([H])([H])C([H])([H])[N+]([H])([H])C([H])([H])C2([H])[H])c1[H],Cc1ccc(Nc2nccc(-c3c(-c4ccc(F)cc4)ncn3C3CC[NH2+]CC3)n2)cc1C,Cc1ccc(Nc2nccc(-c3c(-c4ccc(F)cc4)ncn3C3CC[NH2+]CC3)n2)cc1C,061,CHEMBL4452281_0,Cc1ccc(Nc2nccc(-c3c(-c4ccc(F)cc4)ncn3C3CC[NH2+]CC3)n2)cc1C,48
6mnc_6mnc_conf0,6mnc_6mnc_conf0.mol2,[H]Oc1c([H])c([H])c2c(c1[H])C([H])([H])C([H])([H])[C@@]1([H])[C@]3([H])C([H])([H])C([H])([H])C(=O)[C@@]3(C([H])([H])[H])C([H])([H])C([H])([H])[C@]21[H],[H]Oc1c([H])c([H])c2c(c1[H])C([H])([H])C([H])([H])C1([H])C2([H])C([H])([H])C([H])([H])C2(C([H])([H])[H])C(=O)C([H])([H])C([H])([H])C12[H],C[C@]12CC[C@@H]3c4ccc(O)cc4CC[C@H]3[C@@H]1CCC2=O,CC12CCC3c4ccc(O)cc4CCC3C1CCC2=O,042,CHEMBL756_0,C[C@]12CC[C@@H]3c4ccc(O)cc4CC[C@H]3[C@@H]1CCC2=O,46
6n0j_6n0j_conf0,6n0j_6n0j_conf0.mol2,[H]c1oc(-c2c([H])c([H])c([H])c(C(=O)N3C([H])([H])C(F)(F)C([H])([H])[C@]([H])(C(=O)N([H])c4c([H])c([H])c(Cl)c([H])c4[H])C3([H])[H])c2[H])c([H])c1[H],[H]c1oc(-c2c([H])c([H])c([H])c(C(=O)N3C([H])([H])C(F)(F)C([H])([H])C([H])(C(=O)N([H])c4c([H])c([H])c(Cl)c([H])c4[H])C3([H])[H])c2[H])c([H])c1[H],O=C(Nc1ccc(Cl)cc1)[C@@H]1CN(C(=O)c2cccc(-c3ccco3)c2)CC(F)(F)C1,O=C(Nc1ccc(Cl)cc1)C1CN(C(=O)c2cccc(-c3ccco3)c2)CC(F)(F)C1,050,CHEMBL4105348_0,O=C(Nc1ccc(Cl)cc1)[C@@H]1CN(C(=O)c2cccc(-c3ccco3)c2)CC(F)(F)C1,137
6n78_6n78_conf0,6n78_6n78_conf0.mol2,[H]c1nc2c(C(=O)N([H])c3c(-c4c([H])c(Cl)c([H])c([H])c4OC([H])(F)F)nn(C([H])([H])[H])c3[H])c([H])nn2c([H])c1[H],[H]c1nc2c(C(=O)N([H])c3c(-c4c([H])c(Cl)c([H])c([H])c4OC([H])(F)F)nn(C([H])([H])[H])c3[H])c([H])nn2c([H])c1[H],Cn1cc(NC(=O)c2cnn3cccnc23)c(-c2cc(Cl)ccc2OC(F)F)n1,Cn1cc(NC(=O)c2cnn3cccnc23)c(-c2cc(Cl)ccc2OC(F)F)n1,042,CHEMBL4777342_0,Cn1cc(NC(=O)c2cnn3cccnc23)c(-c2cc(Cl)ccc2OC(F)F)n1,110
6n7a_6n7a_conf0,6n7a_6n7a_conf0.mol2,[H]c1nc([H])c2c([H])n(C([H])([H])[H])nc2c1C(=O)N([H])c1c(-c2c([H])c(Cl)c([H])c([H])c2OC([H])([H])[H])nn(C([H])([H])[H])c1[H],[H]c1nc([H])c2c([H])n(C([H])([H])[H])nc2c1C(=O)N([H])c1c(-c2c([H])c(Cl)c([H])c([H])c2OC([H])([H])[H])nn(C([H])([H])[H])c1[H],COc1ccc(Cl)cc1-c1nn(C)cc1NC(=O)c1cncc2cn(C)nc12,COc1ccc(Cl)cc1-c1nn(C)cc1NC(=O)c1cncc2cn(C)nc12,045,CHEMBL4781423_0,COc1ccc(Cl)cc1-c1nn(C)cc1NC(=O)c1cncc2cn(C)nc12,36
6n7b_6n7b_conf0,6n7b_6n7b_conf0.mol2,[H]c1nc([H])c2c([H])n([H])nc2c1C(=O)N([H])c1c(-c2c([H])c(Cl)c([H])c([H])c2OC([H])([H])[H])nn(C([H])([H])[H])c1[H],[H]c1nc([H])c2c([H])n([H])nc2c1C(=O)N([H])c1c(-c2c([H])c(Cl)c([H])c([H])c2OC([H])([H])[H])nn(C([H])([H])[H])c1[H],COc1ccc(Cl)cc1-c1nn(C)cc1NC(=O)c1cncc2c[nH]nc12,COc1ccc(Cl)cc1-c1nn(C)cc1NC(=O)c1cncc2c[nH]nc12,042,CHEMBL4788474_0,COc1ccc(Cl)cc1-c1nn(C)cc1NC(=O)c1cncc2c[nH]nc12,49
6n8x_6n8x_conf0,6n8x_6n8x_conf0.mol2,[H]c1nc(N([H])[H])c2nc(C([H])([H])c3c([H])c(OC([H])([H])[H])c(OC([H])([H])[H])c(OC([H])([H])[H])c3[H])n(C([H])([H])C([H])([H])C([H])([H])C([H])([H])[H])c2n1,[H]c1nc(N([H])[H])c2nc(C([H])([H])c3c([H])c(OC([H])([H])[H])c(OC([H])([H])[H])c(OC([H])([H])[H])c3[H])n(C([H])([H])C([H])([H])C([H])([H])C([H])([H])[H])c2n1,CCCCn1c(Cc2cc(OC)c(OC)c(OC)c2)nc2c(N)ncnc21,CCCCn1c(Cc2cc(OC)c(OC)c(OC)c2)nc2c(N)ncnc21,052,CHEMBL113690_0,CCCCn1c(Cc2cc(OC)c(OC)c(OC)c2)nc2c(N)ncnc21,134
6ncn_6ncn_conf0,6ncn_6ncn_conf0.mol2,[H]c1c([H])c(Cl)c([H])c(C2(C(N([H])[H])=[N+]([H])[H])C([H])([H])C([H])([H])C2([H])[H])c1[H],[H]c1c([H])c(Cl)c([H])c(C2(C(N([H])[H])=[N+]([H])[H])C([H])([H])C([H])([H])C2([H])[H])c1[H],NC(=[NH2+])C1(c2cccc(Cl)c2)CCC1,NC(=[NH2+])C1(c2cccc(Cl)c2)CCC1,028,CHEMBL4560149_0,NC(=[NH2+])C1(c2cccc(Cl)c2)CCC1,10
6nco_6nco_conf0,6nco_6nco_conf0.mol2,[H]OC(c1c([H])c([H])c(-c2c([H])c(Cl)c([H])c(C3(C(N([H])[H])=[N+]([H])[H])C([H])([H])C([H])([H])C3([H])[H])c2[H])c([H])c1[H])(C([H])([H])[H])C([H])([H])[H],[H]OC(c1c([H])c([H])c(-c2c([H])c(Cl)c([H])c(C3(C(N([H])[H])=[N+]([H])[H])C([H])([H])C([H])([H])C3([H])[H])c2[H])c([H])c1[H])(C([H])([H])[H])C([H])([H])[H],CC(C)(O)c1ccc(-c2cc(Cl)cc(C3(C(N)=[NH2+])CCC3)c2)cc1,CC(C)(O)c1ccc(-c2cc(Cl)cc(C3(C(N)=[NH2+])CCC3)c2)cc1,048,CHEMBL4459279_0,CC(C)(O)c1ccc(-c2cc(Cl)cc(C3(C(N)=[NH2+])CCC3)c2)cc1,90
6o0k_6o0k_conf0,6o0k_6o0k_conf0.mol2,[H]c1nc2c(c([H])c1Oc1c([H])c(N3C([H])([H])C([H])([H])[N+]([H])(C([H])([H])C4=C(c5c([H])c([H])c(Cl)c([H])c5[H])C([H])([H])C(C([H])([H])[H])(C([H])([H])[H])C([H])([H])C4([H])[H])C([H])([H])C3([H])[H])c([H])c([H])c1C(=O)N([H])S(=O)(=O)c1c([H])c([H])c(N([H])C([H])([H])C3([H])C([H])([H])C([H])([H])OC([H])([H])C3([H])[H])c([N+](=O)[O-])c1[H])c([H])c([H])n2[H],[H]c1nc2c(c([H])c1Oc1c([H])c(N3C([H])([H])C([H])([H])[N+]([H])(C([H])([H])C4=C(c5c([H])c([H])c(Cl)c([H])c5[H])C([H])([H])C(C([H])([H])[H])(C([H])([H])[H])C([H])([H])C4([H])[H])C([H])([H])C3([H])[H])c([H])c([H])c1C(=O)N([H])S(=O)(=O)c1c([H])c([H])c(N([H])C([H])([H])C3([H])C([H])([H])C([H])([H])OC([H])([H])C3([H])[H])c([N+](=O)[O-])c1[H])c([H])c([H])n2[H],CC1(C)CCC(C[NH+]2CCN(c3ccc(C(=O)NS(=O)(=O)c4ccc(NCC5CCOCC5)c([N+](=O)[O-])c4)c(Oc4cnc5[nH]ccc5c4)c3)CC2)=C(c2ccc(Cl)cc2)C1,CC1(C)CCC(C[NH+]2CCN(c3ccc(C(=O)NS(=O)(=O)c4ccc(NCC5CCOCC5)c([N+](=O)[O-])c4)c(Oc4cnc5[nH]ccc5c4)c3)CC2)=C(c2ccc(Cl)cc2)C1,112,CHEMBL3137309_0,CC1(C)CCC(C[NH+]2CCN(c3ccc(C(=O)NS(=O)(=O)c4ccc(NCC5CCOCC5)c([N+](=O)[O-])c4)c(Oc4cnc5[nH]ccc5c4)c3)CC2)=C(c2ccc(Cl)cc2)C1,179
6o0m_6o0m_conf0,6o0m_6o0m_conf0.mol2,[H]c1nc2c(c([H])c1Oc1c([H])c(N3C([H])([H])C([H])([H])[N+]([H])(C([H])([H])C4=C(c5c([H])c([H])c(Cl)c([H])c5[H])C([H])([H])C(C([H])([H])[H])(C([H])([H])[H])C([H])([H])C4([H])[H])C([H])([H])C3([H])[H])c([H])c([H])c1C(=O)N([H])S(=O)(=O)c1c([H])c([H])c(N([H])C([H])([H])C3([H])C([H])([H])C([H])([H])OC([H])([H])C3([H])[H])c([N+](=O)[O-])c1[H])c([H])c([H])n2[H],[H]c1nc2c(c([H])c1Oc1c([H])c(N3C([H])([H])C([H])([H])[N+]([H])(C([H])([H])C4=C(c5c([H])c([H])c(Cl)c([H])c5[H])C([H])([H])C(C([H])([H])[H])(C([H])([H])[H])C([H])([H])C4([H])[H])C([H])([H])C3([H])[H])c([H])c([H])c1C(=O)N([H])S(=O)(=O)c1c([H])c([H])c(N([H])C([H])([H])C3([H])C([H])([H])C([H])([H])OC([H])([H])C3([H])[H])c([N+](=O)[O-])c1[H])c([H])c([H])n2[H],CC1(C)CCC(C[NH+]2CCN(c3ccc(C(=O)NS(=O)(=O)c4ccc(NCC5CCOCC5)c([N+](=O)[O-])c4)c(Oc4cnc5[nH]ccc5c4)c3)CC2)=C(c2ccc(Cl)cc2)C1,CC1(C)CCC(C[NH+]2CCN(c3ccc(C(=O)NS(=O)(=O)c4ccc(NCC5CCOCC5)c([N+](=O)[O-])c4)c(Oc4cnc5[nH]ccc5c4)c3)CC2)=C(c2ccc(Cl)cc2)C1,112,CHEMBL3137309_0,CC1(C)CCC(C[NH+]2CCN(c3ccc(C(=O)NS(=O)(=O)c4ccc(NCC5CCOCC5)c([N+](=O)[O-])c4)c(Oc4cnc5[nH]ccc5c4)c3)CC2)=C(c2ccc(Cl)cc2)C1,179
6o0p_6o0p_conf0,6o0p_6o0p_conf0.mol2,[H]c1nc2c(c([H])c1Oc1c([H])c(N3C([H])([H])C([H])([H])[N+]([H])(C([H])([H])C4=C(c5c([H])c([H])c(Cl)c([H])c5[H])C([H])([H])C(C([H])([H])[H])(C([H])([H])[H])C([H])([H])C4([H])[H])C([H])([H])C3([H])[H])c([H])c([H])c1C(=O)N([H])S(=O)(=O)c1c([H])c([H])c(N([H])C([H])([H])C3([H])C([H])([H])C([H])([H])OC([H])([H])C3([H])[H])c([N+](=O)[O-])c1[H])c([H])c([H])n2[H],[H]c1nc2c(c([H])c1Oc1c([H])c(N3C([H])([H])C([H])([H])[N+]([H])(C([H])([H])C4=C(c5c([H])c([H])c(Cl)c([H])c5[H])C([H])([H])C(C([H])([H])[H])(C([H])([H])[H])C([H])([H])C4([H])[H])C([H])([H])C3([H])[H])c([H])c([H])c1C(=O)N([H])S(=O)(=O)c1c([H])c([H])c(N([H])C([H])([H])C3([H])C([H])([H])C([H])([H])OC([H])([H])C3([H])[H])c([N+](=O)[O-])c1[H])c([H])c([H])n2[H],CC1(C)CCC(C[NH+]2CCN(c3ccc(C(=O)NS(=O)(=O)c4ccc(NCC5CCOCC5)c([N+](=O)[O-])c4)c(Oc4cnc5[nH]ccc5c4)c3)CC2)=C(c2ccc(Cl)cc2)C1,CC1(C)CCC(C[NH+]2CCN(c3ccc(C(=O)NS(=O)(=O)c4ccc(NCC5CCOCC5)c([N+](=O)[O-])c4)c(Oc4cnc5[nH]ccc5c4)c3)CC2)=C(c2ccc(Cl)cc2)C1,112,CHEMBL3137309_0,CC1(C)CCC(C[NH+]2CCN(c3ccc(C(=O)NS(=O)(=O)c4ccc(NCC5CCOCC5)c([N+](=O)[O-])c4)c(Oc4cnc5[nH]ccc5c4)c3)CC2)=C(c2ccc(Cl)cc2)C1,179
6o5t_6o5t_conf0,6o5t_6o5t_conf0.mol2,[H]c1c(Br)c([H])c2c(c1Br)c(C([H])([H])P(=O)([O-])[O-])c([H])c(=O)n2[H],[H]c1c(Br)c([H])c2c(c1Br)c(C([H])([H])P(=O)([O-])[O-])c([H])c(=O)n2[H],O=c1cc(CP(=O)([O-])[O-])c2c(Br)cc(Br)cc2[nH]1,O=c1cc(CP(=O)([O-])[O-])c2c(Br)cc(Br)cc2[nH]1,024,CHEMBL4550875_0,O=c1cc(CP(=O)([O-])[O-])c2c(Br)cc(Br)cc2[nH]1,1
6o94_6o94_conf0,6o94_6o94_conf0.mol2,[H]OC([H])([H])C1([H])C([H])([H])C([H])([H])N(c2c(N([H])C(=O)c3c([H])nn4c([H])c([H])c([H])nc34)c([H])c3c(nc(N4C([H])([H])C([H])([H])OC([H])([H])C4([H])[H])n3C([H])([H])[H])c2[H])C([H])([H])C1([H])[H],[H]OC([H])([H])C1([H])C([H])([H])C([H])([H])N(c2c(N([H])C(=O)c3c([H])nn4c([H])c([H])c([H])nc34)c([H])c3c(nc(N4C([H])([H])C([H])([H])OC([H])([H])C4([H])[H])n3C([H])([H])[H])c2[H])C([H])([H])C1([H])[H],Cn1c(N2CCOCC2)nc2cc(N3CCC(CO)CC3)c(NC(=O)c3cnn4cccnc34)cc21,Cn1c(N2CCOCC2)nc2cc(N3CCC(CO)CC3)c(NC(=O)c3cnn4cccnc34)cc21,066,CHEMBL4483477_0,Cn1c(N2CCOCC2)nc2cc(N3CCC(CO)CC3)c(NC(=O)c3cnn4cccnc34)cc21,148
6odz_6odz_conf0,6odz_6odz_conf0.mol2,[H]c1c([H])c(S(=O)(=O)N([H])[H])c([H])c([H])c1N([H])C(=O)C([H])([H])N1C(=O)N([H])C2(C1=O)C([H])([H])C([H])([H])C([H])([H])C2([H])[H],[H]c1c([H])c(S(=O)(=O)N([H])[H])c([H])c([H])c1N([H])C(=O)C([H])([H])N1C(=O)N([H])C2(C1=O)C([H])([H])C([H])([H])C([H])([H])C2([H])[H],NS(=O)(=O)c1ccc(NC(=O)CN2C(=O)NC3(CCCC3)C2=O)cc1,NS(=O)(=O)c1ccc(NC(=O)CN2C(=O)NC3(CCCC3)C2=O)cc1,043,CHEMBL4435918_0,NS(=O)(=O)c1ccc(NC(=O)CN2C(=O)NC3(CCCC3)C2=O)cc1,131
6oe0_6oe0_conf0,6oe0_6oe0_conf0.mol2,[H]c1c([H])c(S(=O)(=O)N([H])[H])c([H])c([H])c1N([H])C(=O)C([H])([H])N1C(=O)N([H])C2(C1=O)C([H])([H])C([H])([H])C([H])([H])C([H])([H])C([H])([H])C2([H])[H],[H]c1c([H])c(S(=O)(=O)N([H])[H])c([H])c([H])c1N([H])C(=O)C([H])([H])N1C(=O)N([H])C2(C1=O)C([H])([H])C([H])([H])C([H])([H])C([H])([H])C([H])([H])C2([H])[H],NS(=O)(=O)c1ccc(NC(=O)CN2C(=O)NC3(CCCCCC3)C2=O)cc1,NS(=O)(=O)c1ccc(NC(=O)CN2C(=O)NC3(CCCCCC3)C2=O)cc1,049,CHEMBL4473062_0,NS(=O)(=O)c1ccc(NC(=O)CN2C(=O)NC3(CCCCCC3)C2=O)cc1,142
6oe1_6oe1_conf0,6oe1_6oe1_conf0.mol2,[H]c1c([H])c(S(=O)(=O)N([H])[H])c([H])c([H])c1N([H])C(=O)C([H])([H])N1C(=O)N([H])C2(C1=O)C([H])([H])C([H])([H])C([H])([H])C([H])([H])C2([H])[H],[H]c1c([H])c(S(=O)(=O)N([H])[H])c([H])c([H])c1N([H])C(=O)C([H])([H])N1C(=O)N([H])C2(C1=O)C([H])([H])C([H])([H])C([H])([H])C([H])([H])C2([H])[H],NS(=O)(=O)c1ccc(NC(=O)CN2C(=O)NC3(CCCCC3)C2=O)cc1,NS(=O)(=O)c1ccc(NC(=O)CN2C(=O)NC3(CCCCC3)C2=O)cc1,046,CHEMBL4541654_0,NS(=O)(=O)c1ccc(NC(=O)CN2C(=O)NC3(CCCCC3)C2=O)cc1,74
6olx_6olx_conf0,6olx_6olx_conf0.mol2,[H]c1nc(N([H])[H])c2nc(C([H])([H])c3c([H])c(OC([H])([H])[H])c(OC([H])([H])[H])c(OC([H])([H])[H])c3[H])n(C([H])([H])C([H])([H])C([H])([H])C([H])([H])[H])c2n1,[H]c1nc(N([H])[H])c2nc(C([H])([H])c3c([H])c(OC([H])([H])[H])c(OC([H])([H])[H])c(OC([H])([H])[H])c3[H])n(C([H])([H])C([H])([H])C([H])([H])C([H])([H])[H])c2n1,CCCCn1c(Cc2cc(OC)c(OC)c(OC)c2)nc2c(N)ncnc21,CCCCn1c(Cc2cc(OC)c(OC)c(OC)c2)nc2c(N)ncnc21,052,CHEMBL113690_0,CCCCn1c(Cc2cc(OC)c(OC)c(OC)c2)nc2c(N)ncnc21,134
6ooy_6ooy_conf0,6ooy_6ooy_conf0.mol2,[H]OC([H])([H])c1nc2c([H])c([H])c([H])c([H])c2n1C([H])([H])c1c([H])c(C([H])([H])[H])c([H])c([H])c1C([H])([H])[H],[H]OC([H])([H])c1nc2c([H])c([H])c([H])c([H])c2n1C([H])([H])c1c([H])c(C([H])([H])[H])c([H])c([H])c1C([H])([H])[H],Cc1ccc(C)c(Cn2c(CO)nc3ccccc32)c1,Cc1ccc(C)c(Cn2c(CO)nc3ccccc32)c1,038,CHEMBL1477600_0,Cc1ccc(C)c(Cn2c(CO)nc3ccccc32)c1,73
6p3t_6p3t_conf0,6p3t_6p3t_conf0.mol2,[H]c1c([H])c([H])c2c([H])c(N(C([H])([H])[H])S(=O)(=O)c3c([H])c([H])c4c(c3[H])n([H])c(=O)c(=O)n4[H])c([H])c([H])c2c1[H],[H]c1c([H])c([H])c2c([H])c(N(C([H])([H])[H])S(=O)(=O)c3c([H])c([H])c4c(c3[H])n([H])c(=O)c(=O)n4[H])c([H])c([H])c2c1[H],CN(c1ccc2ccccc2c1)S(=O)(=O)c1ccc2[nH]c(=O)c(=O)[nH]c2c1,CN(c1ccc2ccccc2c1)S(=O)(=O)c1ccc2[nH]c(=O)c(=O)[nH]c2c1,042,CHEMBL3931964_0,CN(c1ccc2ccccc2c1)S(=O)(=O)c1ccc2[nH]c(=O)c(=O)[nH]c2c1,35
6p3v_6p3v_conf0,6p3v_6p3v_conf0.mol2,[H]c1c(F)c([H])c2c3nnc(SC([H])([H])C([H])([H])[N+]([H])(C([H])([H])C([H])([H])[H])C([H])([H])C([H])([H])[H])nc3n(C([H])([H])[H])c2c1[H],[H]c1c(F)c([H])c2c3nnc(SC([H])([H])C([H])([H])[N+]([H])(C([H])([H])C([H])([H])[H])C([H])([H])C([H])([H])[H])nc3n(C([H])([H])[H])c2c1[H],CC[NH+](CC)CCSc1nnc2c3cc(F)ccc3n(C)c2n1,CC[NH+](CC)CCSc1nnc2c3cc(F)ccc3n(C)c2n1,044,CHEMBL1524317_0,CC[NH+](CC)CCSc1nnc2c3cc(F)ccc3n(C)c2n1,90
6p85_6p85_conf0,6p85_6p85_conf0.mol2,[H]c1c([H])c([H])c(-n2nnc(S(=O)(=O)c3c([H])c([H])c(C([H])([H])[H])c([H])c3[H])c2N([H])[H])c(OC([H])([H])C([H])([H])[H])c1[H],[H]c1c([H])c([H])c(-n2nnc(S(=O)(=O)c3c([H])c([H])c(C([H])([H])[H])c([H])c3[H])c2N([H])[H])c(OC([H])([H])C([H])([H])[H])c1[H],CCOc1ccccc1-n1nnc(S(=O)(=O)c2ccc(C)cc2)c1N,CCOc1ccccc1-n1nnc(S(=O)(=O)c2ccc(C)cc2)c1N,043,CHEMBL1530729_0,CCOc1ccccc1-n1nnc(S(=O)(=O)c2ccc(C)cc2)c1N,60
6p88_6p88_conf0,6p88_6p88_conf0.mol2,[H]c1oc(C(=O)N([H])c2c([H])c([H])c([H])c(N([H])C(=O)c3c([H])c([H])c4c(c3[H])OC([H])([H])C([H])([H])O4)c2[H])c([H])c1[H],[H]c1oc(C(=O)N([H])c2c([H])c([H])c([H])c(N([H])C(=O)c3c([H])c([H])c4c(c3[H])OC([H])([H])C([H])([H])O4)c2[H])c([H])c1[H],O=C(Nc1cccc(NC(=O)c2ccco2)c1)c1ccc2c(c1)OCCO2,O=C(Nc1cccc(NC(=O)c2ccco2)c1)c1ccc2c(c1)OCCO2,043,CHEMBL1393363_0,O=C(Nc1cccc(NC(=O)c2ccco2)c1)c1ccc2c(c1)OCCO2,196
6pia_6pia_conf0,6pia_6pia_conf0.mol2,[H]ON([H])C(=O)C([H])([H])C([H])([H])C([H])([H])C([H])([H])C([H])([H])[N+]([H])([H])C([H])([H])C([H])([H])C([H])([H])[N+]([H])([H])[H],[H]ON([H])C(=O)C([H])([H])C([H])([H])C([H])([H])C([H])([H])C([H])([H])[N+]([H])([H])C([H])([H])C([H])([H])C([H])([H])[N+]([H])([H])[H],[NH3+]CCC[NH2+]CCCCCC(=O)NO,[NH3+]CCC[NH2+]CCCCCC(=O)NO,037,CHEMBL77840_0,[NH3+]CCC[NH2+]CCCCCC(=O)NO,1
6pl1_6pl1_conf0,6pl1_6pl1_conf0.mol2,[H]c1c([H])c(N([H])C(=O)N([H])c2nnc(SC([H])([H])c3nc4c([H])c([H])c(C([H])([H])[H])c([H])n4c(=O)c3[H])s2)c([H])c(C(F)(F)F)c1[H],[H]c1c([H])c(N([H])C(=O)N([H])c2nnc(SC([H])([H])c3nc4c([H])c([H])c(C([H])([H])[H])c([H])n4c(=O)c3[H])s2)c([H])c(C(F)(F)F)c1[H],Cc1ccc2nc(CSc3nnc(NC(=O)Nc4cccc(C(F)(F)F)c4)s3)cc(=O)n2c1,Cc1ccc2nc(CSc3nnc(NC(=O)Nc4cccc(C(F)(F)F)c4)s3)cc(=O)n2c1,048,CHEMBL4458913_0,Cc1ccc2nc(CSc3nnc(NC(=O)Nc4cccc(C(F)(F)F)c4)s3)cc(=O)n2c1,108
6qas_6qas_conf0,6qas_6qas_conf0.mol2,[H]c1nc(N([H])c2c([H])c([H])c3c(c2[H])[C@]2([H])N(C(=O)C([H])([H])N([H])C(=O)C([H])([H])[H])[C@@]3([H])C([H])([H])C2([H])[H])nc(N([H])C2([H])C([H])([H])C([H])([H])C2([H])[H])c1C(F)(F)F,[H]c1nc(N([H])c2c([H])c([H])c3c(c2[H])C2([H])N(C(=O)C([H])([H])N([H])C(=O)C([H])([H])[H])C3([H])C([H])([H])C2([H])[H])nc(N([H])C2([H])C([H])([H])C([H])([H])C2([H])[H])c1C(F)(F)F,CC(=O)NCC(=O)N1[C@@H]2CC[C@H]1c1ccc(Nc3ncc(C(F)(F)F)c(NC4CCC4)n3)cc12,CC(=O)NCC(=O)N1C2CCC1c1cc(Nc3ncc(C(F)(F)F)c(NC4CCC4)n3)ccc12,059,CHEMBL1983111_0,CC(=O)NCC(=O)N1[C@@H]2CC[C@H]1c1ccc(Nc3ncc(C(F)(F)F)c(NC4CCC4)n3)cc12,149
6ql1_6ql1_conf0,6ql1_6ql1_conf0.mol2,[H]c1c(C([H])([H])[H])nc(Sc2c(F)c(F)c(S(=O)(=O)N([H])[H])c(F)c2F)nc1C([H])([H])[H],[H]c1c(C([H])([H])[H])nc(Sc2c(F)c(F)c(S(=O)(=O)N([H])[H])c(F)c2F)nc1C([H])([H])[H],Cc1cc(C)nc(Sc2c(F)c(F)c(S(N)(=O)=O)c(F)c2F)n1,Cc1cc(C)nc(Sc2c(F)c(F)c(S(N)(=O)=O)c(F)c2F)n1,032,CHEMBL2333410_0,Cc1cc(C)nc(Sc2c(F)c(F)c(S(N)(=O)=O)c(F)c2F)n1,22
6ql2_6ql2_conf0,6ql2_6ql2_conf0.mol2,[H]c1c(OC([H])([H])C([H])([H])[H])c([H])c2sc(S(=O)(=O)N([H])[H])nc2c1[H],[H]c1c(OC([H])([H])C([H])([H])[H])c([H])c2sc(S(=O)(=O)N([H])[H])nc2c1[H],CCOc1ccc2nc(S(N)(=O)=O)sc2c1,CCOc1ccc2nc(S(N)(=O)=O)sc2c1,026,CHEMBL18_0,CCOc1ccc2nc(S(N)(=O)=O)sc2c1,51
6qmj_6qmj_conf0,6qmj_6qmj_conf0.mol2,[H]c1c([H])c([H])c(S(=O)(=O)N(C([H])([H])[H])C([H])([H])c2c([H])c([C@@]([H])(c3c([H])c(OC([H])([H])[H])c4c(nnn4C([H])([H])[H])c3[H])C([H])([H])C(=O)[O-])c([H])c([H])c2C([H])([H])[H])c([H])c1[H],[H]c1c([H])c([H])c(S(=O)(=O)N(C([H])([H])[H])C([H])([H])c2c([H])c(C([H])(c3c([H])c(OC([H])([H])[H])c4c(nnn4C([H])([H])[H])c3[H])C([H])([H])C(=O)[O-])c([H])c([H])c2C([H])([H])[H])c([H])c1[H],COc1cc([C@@H](CC(=O)[O-])c2ccc(C)c(CN(C)S(=O)(=O)c3ccccc3)c2)cc2nnn(C)c12,COc1cc(C(CC(=O)[O-])c2ccc(C)c(CN(C)S(=O)(=O)c3ccccc3)c2)cc2nnn(C)c12,063,CHEMBL4554007_0,COc1cc([C@@H](CC(=O)[O-])c2ccc(C)c(CN(C)S(=O)(=O)c3ccccc3)c2)cc2nnn(C)c12,280
6qmk_6qmk_conf0,6qmk_6qmk_conf0.mol2,[H]c1c([H])c([H])c2c(c1[H])OC([H])([H])C([H])([H])N(C([H])([H])c1c([H])c([C@@]([H])(c3c([H])c(OC([H])([H])[H])c4c(nnn4C([H])([H])[H])c3[H])C([H])([H])C(=O)[O-])c([H])c([H])c1C([H])([H])[H])S2(=O)=O,[H]c1c([H])c([H])c2c(c1[H])OC([H])([H])C([H])([H])N(C([H])([H])c1c([H])c(C([H])(c3c([H])c(OC([H])([H])[H])c4c(nnn4C([H])([H])[H])c3[H])C([H])([H])C(=O)[O-])c([H])c([H])c1C([H])([H])[H])S2(=O)=O,COc1cc([C@@H](CC(=O)[O-])c2ccc(C)c(CN3CCOc4ccccc4S3(=O)=O)c2)cc2nnn(C)c12,COc1cc(C(CC(=O)[O-])c2ccc(C)c(CN3CCOc4ccccc4S3(=O)=O)c2)cc2nnn(C)c12,065,CHEMBL4464511_0,COc1cc([C@@H](CC(=O)[O-])c2ccc(C)c(CN3CCOc4ccccc4S3(=O)=O)c2)cc2nnn(C)c12,251
6qpl_6qpl_conf0,6qpl_6qpl_conf0.mol2,[H]c1c([H])c([H])c2c(c1[H])C([H])([H])[N+]([H])(C([H])([H])C([H])([H])C([H])([H])Oc1c([H])c(C([H])([H])[N+]([H])([H])[H])c([H])c(C([H])([H])[N+]([H])([H])[H])c1OC([H])([H])[H])C2([H])[H],[H]c1c([H])c([H])c2c(c1[H])C([H])([H])[N+]([H])(C([H])([H])C([H])([H])C([H])([H])Oc1c([H])c(C([H])([H])[N+]([H])([H])[H])c([H])c(C([H])([H])[N+]([H])([H])[H])c1OC([H])([H])[H])C2([H])[H],COc1c(C[NH3+])cc(C[NH3+])cc1OCCC[NH+]1Cc2ccccc2C1,COc1c(C[NH3+])cc(C[NH3+])cc1OCCC[NH+]1Cc2ccccc2C1,055,CHEMBL4552020_0,COc1c(C[NH3+])cc(C[NH3+])cc1OCCC[NH+]1Cc2ccccc2C1,121
6qqq_6qqq_conf0,6qqq_6qqq_conf0.mol2,[H]c1nc([H])c(-c2c([H])c(OC([H])([H])[H])c([H])c(C([H])([H])OC(=O)c3c([H])nn([H])c3[H])c2[H])c([H])c1[H],[H]c1nc([H])c(-c2c([H])c(OC([H])([H])[H])c([H])c(C([H])([H])OC(=O)c3c([H])nn([H])c3[H])c2[H])c([H])c1[H],COc1cc(COC(=O)c2cn[nH]c2)cc(-c2cccnc2)c1,COc1cc(COC(=O)c2cn[nH]c2)cc(-c2cccnc2)c1,038,CHEMBL4447182_0,COc1cc(COC(=O)c2cn[nH]c2)cc(-c2cccnc2)c1,78
6qqv_6qqv_conf0,6qqv_6qqv_conf0.mol2,[H]c1c([H])c([H])c(C([H])([H])n2c([H])c([H])c3c([H])c([H])c(-c4c([H])c(N([H])[H])nn4[H])c([H])c32)c(C#N)c1[H],[H]c1c([H])c([H])c(C([H])([H])n2c([H])c([H])c3c([H])c([H])c(-c4c([H])c(N([H])[H])nn4[H])c([H])c32)c(C#N)c1[H],N#Cc1ccccc1Cn1ccc2ccc(-c3cc(N)n[nH]3)cc21,N#Cc1ccccc1Cn1ccc2ccc(-c3cc(N)n[nH]3)cc21,039,CHEMBL4531919_0,N#Cc1ccccc1Cn1ccc2ccc(-c3cc(N)n[nH]3)cc21,93
6qr1_6qr1_conf0,6qr1_6qr1_conf0.mol2,[H]c1nc([H])c(C([H])([H])n2c([H])c(Cl)c3c([H])c([H])c(-c4c(C#N)c(N([H])[H])nn4[H])c([H])c32)c([H])c1[H],[H]c1nc([H])c(C([H])([H])n2c([H])c(Cl)c3c([H])c([H])c(-c4c(C#N)c(N([H])[H])nn4[H])c([H])c32)c([H])c1[H],N#Cc1c(N)n[nH]c1-c1ccc2c(Cl)cn(Cc3cccnc3)c2c1,N#Cc1c(N)n[nH]c1-c1ccc2c(Cl)cn(Cc3cccnc3)c2c1,038,CHEMBL4434680_0,N#Cc1c(N)n[nH]c1-c1ccc2c(Cl)cn(Cc3cccnc3)c2c1,75
6qrc_6qrc_conf0,6qrc_6qrc_conf0.mol2,[H]c1c([H])c(OC([H])([H])[H])c([H])c(C([H])([H])n2c([H])c([H])c3c([H])c([H])c(-c4c([H])c(N([H])[H])nn4[H])c([H])c32)c1[H],[H]c1c([H])c(OC([H])([H])[H])c([H])c(C([H])([H])n2c([H])c([H])c3c([H])c([H])c(-c4c([H])c(N([H])[H])nn4[H])c([H])c32)c1[H],COc1cccc(Cn2ccc3ccc(-c4cc(N)n[nH]4)cc32)c1,COc1cccc(Cn2ccc3ccc(-c4cc(N)n[nH]4)cc32)c1,042,CHEMBL4571359_0,COc1cccc(Cn2ccc3ccc(-c4cc(N)n[nH]4)cc32)c1,167
6r11_6r11_conf0,6r11_6r11_conf0.mol2,[H]c1c([H])c(N([H])[H])c([H])c2c1C(=O)N([C@]1([H])C(=O)N([H])C(=O)C1([H])[H])C2=O,[H]c1c([H])c(N([H])[H])c([H])c2c1C(=O)N(C1([H])C(=O)N([H])C(=O)C1([H])[H])C2=O,Nc1ccc2c(c1)C(=O)N([C@H]1CC(=O)NC1=O)C2=O,Nc1ccc2c(c1)C(=O)N(C1CC(=O)NC1=O)C2=O,028,CHEMBL4455877_0,Nc1ccc2c(c1)C(=O)N([C@H]1CC(=O)NC1=O)C2=O,2
6r18_6r18_conf0,6r18_6r18_conf0.mol2,[H]c1c([H])c(C([H])([H])[N+]([H])([H])[H])c([H])c([H])c1C([H])([H])OC(=O)N([H])[C@]1([H])C(=O)N([H])C(=O)C1([H])[H],[H]c1c([H])c(C([H])([H])[N+]([H])([H])[H])c([H])c([H])c1C([H])([H])OC(=O)N([H])C1([H])C(=O)N([H])C(=O)C1([H])[H],[NH3+]Cc1ccc(COC(=O)N[C@H]2CC(=O)NC2=O)cc1,[NH3+]Cc1ccc(COC(=O)NC2CC(=O)NC2=O)cc1,036,CHEMBL4556836_0,[NH3+]Cc1ccc(COC(=O)N[C@H]2CC(=O)NC2=O)cc1,83
6r9u_6r9u_conf0,6r9u_6r9u_conf0.mol2,[H]c1c2c(c([H])c3c1N([H])C([H])([H])C([H])([H])C(=O)N(C([H])([H])C([H])([H])[H])C3([H])[H])OC([H])([H])O2,[H]c1c2c(c([H])c3c1N([H])C([H])([H])C([H])([H])C(=O)N(C([H])([H])C([H])([H])[H])C3([H])[H])OC([H])([H])O2,CCN1Cc2cc3c(cc2NCCC1=O)OCO3,CCN1Cc2cc3c(cc2NCCC1=O)OCO3,034,CHEMBL3438117_0,CCN1Cc2cc3c(cc2NCCC1=O)OCO3,5
6r9x_6r9x_conf0,6r9x_6r9x_conf0.mol2,[H]c1nc(C([H])([H])N([H])C(=O)C(=O)N([H])C2([H])C([H])([H])C([H])([H])C([H])([H])C2([H])[H])c([H])c([H])c1[H],[H]c1nc(C([H])([H])N([H])C(=O)C(=O)N([H])C2([H])C([H])([H])C([H])([H])C([H])([H])C2([H])[H])c([H])c([H])c1[H],O=C(NCc1ccccn1)C(=O)NC1CCCC1,O=C(NCc1ccccn1)C(=O)NC1CCCC1,035,CHEMBL4466526_0,O=C(NCc1ccccn1)C(=O)NC1CCCC1,61
6rih_6rih_conf0,6rih_6rih_conf0.mol2,[H]c1c([H])c([H])c(-c2nn(C([H])([H])[H])c(C(=O)N([H])C3([H])C([H])([H])C3([H])[H])c2[H])c([H])c1[H],[H]c1c([H])c([H])c(-c2nn(C([H])([H])[H])c(C(=O)N([H])C3([H])C([H])([H])C3([H])[H])c2[H])c([H])c1[H],Cn1nc(-c2ccccc2)cc1C(=O)NC1CC1,Cn1nc(-c2ccccc2)cc1C(=O)NC1CC1,033,CHEMBL4574949_0,Cn1nc(-c2ccccc2)cc1C(=O)NC1CC1,22
6s57_6s57_conf0,6s57_6s57_conf0.mol2,[H]c1c([H])c(C([H])([H])[H])c(S(=O)(=O)N2C([H])([H])C([H])([H])C([H])([H])C([H])([H])C([H])([H])C2([H])[H])c([H])c1N([H])C(=O)C([H])([H])N1C(=O)N([H])C(C([H])([H])[H])(C([H])([H])[H])C1=O,[H]c1c([H])c(C([H])([H])[H])c(S(=O)(=O)N2C([H])([H])C([H])([H])C([H])([H])C([H])([H])C([H])([H])C2([H])[H])c([H])c1N([H])C(=O)C([H])([H])N1C(=O)N([H])C(C([H])([H])[H])(C([H])([H])[H])C1=O,Cc1ccc(NC(=O)CN2C(=O)NC(C)(C)C2=O)cc1S(=O)(=O)N1CCCCCC1,Cc1ccc(NC(=O)CN2C(=O)NC(C)(C)C2=O)cc1S(=O)(=O)N1CCCCCC1,058,CHEMBL2138220_0,Cc1ccc(NC(=O)CN2C(=O)NC(C)(C)C2=O)cc1S(=O)(=O)N1CCCCCC1,187
6t1i_6t1i_conf0,6t1i_6t1i_conf0.mol2,[H]c1nc(OC([H])([H])[H])c([H])c([H])c1C([H])([H])N([H])C(=O)N1C([H])([H])C([H])([H])N(c2c([H])c([H])c(C(=O)C([H])([H])[H])c([H])c2[H])C([H])([H])C1([H])[H],[H]c1nc(OC([H])([H])[H])c([H])c([H])c1C([H])([H])N([H])C(=O)N1C([H])([H])C([H])([H])N(c2c([H])c([H])c(C(=O)C([H])([H])[H])c([H])c2[H])C([H])([H])C1([H])[H],COc1ccc(CNC(=O)N2CCN(c3ccc(C(C)=O)cc3)CC2)cn1,COc1ccc(CNC(=O)N2CCN(c3ccc(C(C)=O)cc3)CC2)cn1,051,CHEMBL4456056_0,COc1ccc(CNC(=O)N2CCN(c3ccc(C(C)=O)cc3)CC2)cn1,172
6t1j_6t1j_conf0,6t1j_6t1j_conf0.mol2,[H]c1sc(C(=O)N2C([H])([H])C([H])([H])N(C(=O)N([H])C([H])([H])c3c([H])c([H])c(C([H])([H])[N+]4([H])C([H])([H])C([H])([H])C([H])([H])C4([H])[H])c([H])c3[H])C([H])([H])C2([H])[H])c([H])c1[H],[H]c1sc(C(=O)N2C([H])([H])C([H])([H])N(C(=O)N([H])C([H])([H])c3c([H])c([H])c(C([H])([H])[N+]4([H])C([H])([H])C([H])([H])C([H])([H])C4([H])[H])c([H])c3[H])C([H])([H])C2([H])[H])c([H])c1[H],O=C(NCc1ccc(C[NH+]2CCCC2)cc1)N1CCN(C(=O)c2cccs2)CC1,O=C(NCc1ccc(C[NH+]2CCCC2)cc1)N1CCN(C(=O)c2cccs2)CC1,058,CHEMBL4588022_0,O=C(NCc1ccc(C[NH+]2CCCC2)cc1)N1CCN(C(=O)c2cccs2)CC1,175
6t1l_6t1l_conf0,6t1l_6t1l_conf0.mol2,[H]c1nc(N2C([H])([H])C([H])([H])N(C(=O)N([H])C([H])([H])c3c([H])c([H])c(C([H])([H])[N+]([H])(C([H])([H])C([H])([H])[H])C([H])([H])C([H])([H])[H])c([H])c3[H])C([H])([H])C2([H])[H])nc([H])c1[H],[H]c1nc(N2C([H])([H])C([H])([H])N(C(=O)N([H])C([H])([H])c3c([H])c([H])c(C([H])([H])[N+]([H])(C([H])([H])C([H])([H])[H])C([H])([H])C([H])([H])[H])c([H])c3[H])C([H])([H])C2([H])[H])nc([H])c1[H],CC[NH+](CC)Cc1ccc(CNC(=O)N2CCN(c3ncccn3)CC2)cc1,CC[NH+](CC)Cc1ccc(CNC(=O)N2CCN(c3ncccn3)CC2)cc1,059,CHEMBL4524997_0,CC[NH+](CC)Cc1ccc(CNC(=O)N2CCN(c3ncccn3)CC2)cc1,136
6u5y_6u5y_conf0,6u5y_6u5y_conf0.mol2,[H]Oc1c(C(=O)N([H])C([H])([H])[H])c([H])c(C2(C#N)C([H])([H])C([H])([H])C2([H])[H])c([H])c1N([H])S(=O)(=O)c1c([H])c(Br)c([H])c(Cl)c1O[H],[H]Oc1c(C(=O)N([H])C([H])([H])[H])c([H])c(C2(C#N)C([H])([H])C([H])([H])C2([H])[H])c([H])c1N([H])S(=O)(=O)c1c([H])c(Br)c([H])c(Cl)c1O[H],CNC(=O)c1cc(C2(C#N)CCC2)cc(NS(=O)(=O)c2cc(Br)cc(Cl)c2O)c1O,CNC(=O)c1cc(C2(C#N)CCC2)cc(NS(=O)(=O)c2cc(Br)cc(Cl)c2O)c1O,047,CHEMBL4472649_1,CNC(=O)c1cc(C2(C#N)CCC2)cc(NS(=O)(=O)c2cc(Br)cc(Cl)c2O)c1O,17
6u6w_6u6w_conf0,6u6w_6u6w_conf0.mol2,[H]Oc1c([H])c([H])c(Cl)c([H])c1N([H])S(=O)(=O)c1c([H])c(Br)c([H])c([H])c1OC([H])([H])[H],[H]Oc1c([H])c([H])c(Cl)c([H])c1N([H])S(=O)(=O)c1c([H])c(Br)c([H])c([H])c1OC([H])([H])[H],COc1ccc(Br)cc1S(=O)(=O)Nc1cc(Cl)ccc1O,COc1ccc(Br)cc1S(=O)(=O)Nc1cc(Cl)ccc1O,032,CHEMBL4514537_0,COc1ccc(Br)cc1S(=O)(=O)Nc1cc(Cl)ccc1O,47
6u8b_6u8b_conf0,6u8b_6u8b_conf0.mol2,[H]Oc1c(C(=O)[O-])c([H])c(Cl)c([H])c1N([H])S(=O)(=O)c1c([H])c(Br)c([H])c([H])c1OC([H])([H])[H],[H]Oc1c(C(=O)[O-])c([H])c(Cl)c([H])c1N([H])S(=O)(=O)c1c([H])c(Br)c([H])c([H])c1OC([H])([H])[H],COc1ccc(Br)cc1S(=O)(=O)Nc1cc(Cl)cc(C(=O)[O-])c1O,COc1ccc(Br)cc1S(=O)(=O)Nc1cc(Cl)cc(C(=O)[O-])c1O,034,CHEMBL4515727_0,COc1ccc(Br)cc1S(=O)(=O)Nc1cc(Cl)cc(C(=O)[O-])c1O,16
6u8o_6u8o_conf0,6u8o_6u8o_conf0.mol2,[H]Oc1c([H])c([H])c(C2(C#N)C([H])([H])C([H])([H])C2([H])[H])c([H])c1N([H])S(=O)(=O)c1c([H])c(Br)c([H])c([H])c1O[H],[H]Oc1c([H])c([H])c(C2(C#N)C([H])([H])C([H])([H])C2([H])[H])c([H])c1N([H])S(=O)(=O)c1c([H])c(Br)c([H])c([H])c1O[H],N#CC1(c2ccc(O)c(NS(=O)(=O)c3cc(Br)ccc3O)c2)CCC1,N#CC1(c2ccc(O)c(NS(=O)(=O)c3cc(Br)ccc3O)c2)CCC1,040,CHEMBL4470498_1,N#CC1(c2ccc(O)c(NS(=O)(=O)c3cc(Br)ccc3O)c2)CCC1,91
6ugn_6ugn_conf0,6ugn_6ugn_conf0.mol2,[H]c1c(C([H])([H])[H])c([H])c2c(c1C([H])([H])[H])N([H])C(=O)N([H])S2(=O)=O,[H]c1c(C([H])([H])[H])c([H])c2c(c1C([H])([H])[H])N([H])C(=O)N([H])S2(=O)=O,Cc1cc(C)c2c(c1)S(=O)(=O)NC(=O)N2,Cc1cc(C)c2c(c1)S(=O)(=O)NC(=O)N2,025,CHEMBL4587101_0,Cc1cc(C)c2c(c1)S(=O)(=O)NC(=O)N2,1
6uh0_6uh0_conf0,6uh0_6uh0_conf0.mol2,[H]c1c([H])c([H])c2c(c1[H])N(C([H])([H])[H])C(=O)N([H])S2(=O)=O,[H]c1c([H])c([H])c2c(c1[H])N(C([H])([H])[H])C(=O)N([H])S2(=O)=O,CN1C(=O)NS(=O)(=O)c2ccccc21,CN1C(=O)NS(=O)(=O)c2ccccc21,022,CHEMBL4521083_0,CN1C(=O)NS(=O)(=O)c2ccccc21,1
966c_966c_conf0,966c_966c_conf0.mol2,[H]ON([H])C(=O)C([H])([H])C1(S(=O)(=O)c2c([H])c([H])c(Oc3c([H])c([H])c([H])c([H])c3[H])c([H])c2[H])C([H])([H])C([H])([H])OC([H])([H])C1([H])[H],[H]ON([H])C(=O)C([H])([H])C1(S(=O)(=O)c2c([H])c([H])c(Oc3c([H])c([H])c([H])c([H])c3[H])c([H])c2[H])C([H])([H])C([H])([H])OC([H])([H])C1([H])[H],O=C(CC1(S(=O)(=O)c2ccc(Oc3ccccc3)cc2)CCOCC1)NO,O=C(CC1(S(=O)(=O)c2ccc(Oc3ccccc3)cc2)CCOCC1)NO,048,CHEMBL1235735_0,O=C(CC1(S(=O)(=O)c2ccc(Oc3ccccc3)cc2)CCOCC1)NO,82
