mol_id,row_type,family,tier,variant,method,display_label,source,rotatable_bonds,heavy_atoms,conformer_count,clash_cutoff,clash_input_confs,clash_pass_confs,clash_fail_confs,clash_pass_rate,pb_input_confs,pb_pass_confs,pb_fail_confs,pb_pass_rate,pb_check_fail_counts_json,pb_check_fail_rates_json,post_pb_confs,mean_torsion_std_deg,pairwise_mean,pairwise_p90,greedy_clusters_0p5,clusters_per_100_0p5,cluster_entropy_0p5,largest_cluster_fraction_0p5,effective_clusters_0p5,simpson_concentration_0p5,singleton_fraction_0p5,greedy_clusters_1p0,clusters_per_100_1p0,cluster_entropy_1p0,largest_cluster_fraction_1p0,effective_clusters_1p0,simpson_concentration_1p0,singleton_fraction_1p0,greedy_clusters_2p0,clusters_per_100_2p0,cluster_entropy_2p0,largest_cluster_fraction_2p0,effective_clusters_2p0,simpson_concentration_2p0,singleton_fraction_2p0,greedy_clusters_3p0,clusters_per_100_3p0,cluster_entropy_3p0,largest_cluster_fraction_3p0,effective_clusters_3p0,simpson_concentration_3p0,singleton_fraction_3p0,energy_count,energy_min,energy_max,energy_median,energy_std,casf_best_rmsd,casf_median_rmsd,casf_hit_0p25,casf_hit_0p5,casf_hit_0p75,casf_hit_2p0,casf_opt_best_rmsd,casf_opt_median_rmsd,casf_opt_hit_0p25,casf_opt_hit_0p5,casf_opt_hit_0p75,casf_opt_hit_2p0,generated_candidates,finite_rejected,clash_rejected,bond_rejected,stereo_rejected,rmsd_rejected,pre_clash_passed,minimization_input_confs,minimization_failed,minimization_invalid,post_min_clash_rejected,kept_confs,num_target_confs,target_confs,ligand_set
1bcu_1bcu_conf0,generation,torsional_diffusion_raw,fixed,,torsional_diffusion_raw_fixed,Torsional Diffusion,torsional_diffusion_raw_fixed,2,16,1000,0.7,1000,1000,0,1.0,1000,1000,0,1.0,"{""all_atoms_connected"":0,""bond_angles"":0,""bond_lengths"":0,""bonds"":0,""double_bond_stereochemistry"":0,""energy_ratio"":0,""file_loads"":0,""inchi_convertible"":0,""internal_steric_clash"":0,""molecular_formula"":0,""no_radicals"":0,""planar_aromatic_rings"":0,""planar_double_bonds"":0,""reference_file_loads"":0,""sanitisation"":0,""tetrahedral_chirality"":0}","{""all_atoms_connected"":0.0,""bond_angles"":0.0,""bond_lengths"":0.0,""bonds"":0.0,""double_bond_stereochemistry"":0.0,""energy_ratio"":0.0,""file_loads"":0.0,""inchi_convertible"":0.0,""internal_steric_clash"":0.0,""molecular_formula"":0.0,""no_radicals"":0.0,""planar_aromatic_rings"":0.0,""planar_double_bonds"":0.0,""reference_file_loads"":0.0,""sanitisation"":0.0,""tetrahedral_chirality"":0.0}",1000,125.41945555160433,0.04491230875852139,0.06958921435297145,1.0,0.1,0.0,1.0,1.0,1.0,0.0,1.0,0.1,0.0,1.0,1.0,1.0,0.0,1.0,0.1,0.0,1.0,1.0,1.0,0.0,1.0,0.1,0.0,1.0,1.0,1.0,0.0,1000,38.45657501895581,50.56436914385978,42.37587175454916,1.3761304209545882,0.07000268919801268,0.08571625709639363,1.0,1.0,1.0,1.0,0.04624707894460854,0.05849780504694098,1.0,1.0,1.0,1.0,1000,0,0,0,0,0,1000,0,0,0,0,1000,1000,1000,core
1bcu_1bcu_conf0,generation,torsional_diffusion_raw,dynamic,,torsional_diffusion_raw_dynamic,Torsional Diffusion,torsional_diffusion_raw_dynamic,2,16,24,0.7,24,24,0,1.0,24,24,0,1.0,"{""all_atoms_connected"":0,""bond_angles"":0,""bond_lengths"":0,""bonds"":0,""double_bond_stereochemistry"":0,""energy_ratio"":0,""file_loads"":0,""inchi_convertible"":0,""internal_steric_clash"":0,""molecular_formula"":0,""no_radicals"":0,""planar_aromatic_rings"":0,""planar_double_bonds"":0,""reference_file_loads"":0,""sanitisation"":0,""tetrahedral_chirality"":0}","{""all_atoms_connected"":0.0,""bond_angles"":0.0,""bond_lengths"":0.0,""bonds"":0.0,""double_bond_stereochemistry"":0.0,""energy_ratio"":0.0,""file_loads"":0.0,""inchi_convertible"":0.0,""internal_steric_clash"":0.0,""molecular_formula"":0.0,""no_radicals"":0.0,""planar_aromatic_rings"":0.0,""planar_double_bonds"":0.0,""reference_file_loads"":0.0,""sanitisation"":0.0,""tetrahedral_chirality"":0.0}",24,133.4225656083304,0.04748544989050485,0.07567479936121982,1.0,4.166666666666667,0.0,1.0,1.0,1.0,0.0,1.0,4.166666666666667,0.0,1.0,1.0,1.0,0.0,1.0,4.166666666666667,0.0,1.0,1.0,1.0,0.0,1.0,4.166666666666667,0.0,1.0,1.0,1.0,0.0,24,39.46409202483065,44.528587715830554,42.341548300291635,1.1159625619910312,0.07368706434435263,0.08554010264192564,1.0,1.0,1.0,1.0,0.051849273057699874,0.059510659878372126,1.0,1.0,1.0,1.0,1000,0,0,0,0,0,24,0,0,0,0,24,24,24,core
1bcu_1bcu_conf0,generation,torsional_diffusion_raw,chembl_count,,torsional_diffusion_raw_chembl_count,Torsional Diffusion,torsional_diffusion_raw_chembl_count,2,16,1,0.7,1,1,0,1.0,1,1,0,1.0,"{""all_atoms_connected"":0,""bond_angles"":0,""bond_lengths"":0,""bonds"":0,""double_bond_stereochemistry"":0,""energy_ratio"":0,""file_loads"":0,""inchi_convertible"":0,""internal_steric_clash"":0,""molecular_formula"":0,""no_radicals"":0,""planar_aromatic_rings"":0,""planar_double_bonds"":0,""reference_file_loads"":0,""sanitisation"":0,""tetrahedral_chirality"":0}","{""all_atoms_connected"":0.0,""bond_angles"":0.0,""bond_lengths"":0.0,""bonds"":0.0,""double_bond_stereochemistry"":0.0,""energy_ratio"":0.0,""file_loads"":0.0,""inchi_convertible"":0.0,""internal_steric_clash"":0.0,""molecular_formula"":0.0,""no_radicals"":0.0,""planar_aromatic_rings"":0.0,""planar_double_bonds"":0.0,""reference_file_loads"":0.0,""sanitisation"":0.0,""tetrahedral_chirality"":0.0}",1,0.0,,,1.0,100.0,0.0,1.0,1.0,1.0,1.0,1.0,100.0,0.0,1.0,1.0,1.0,1.0,1.0,100.0,0.0,1.0,1.0,1.0,1.0,1.0,100.0,0.0,1.0,1.0,1.0,1.0,1,43.53206481614044,43.53206481614044,43.53206481614044,0.0,0.0957507718913101,0.0957507718913101,1.0,1.0,1.0,1.0,0.07686345257946825,0.07686345257946825,1.0,1.0,1.0,1.0,1000,0,0,0,0,0,1,0,0,0,0,1,1,1,core
1c5z_1c5z_conf0,generation,torsional_diffusion_raw,fixed,,torsional_diffusion_raw_fixed,Torsional Diffusion,torsional_diffusion_raw_fixed,1,9,1000,0.7,1000,1000,0,1.0,1000,1000,0,1.0,"{""all_atoms_connected"":0,""bond_angles"":0,""bond_lengths"":0,""bonds"":0,""double_bond_stereochemistry"":0,""energy_ratio"":0,""file_loads"":0,""inchi_convertible"":0,""internal_steric_clash"":0,""molecular_formula"":0,""no_radicals"":0,""planar_aromatic_rings"":0,""planar_double_bonds"":0,""reference_file_loads"":0,""sanitisation"":0,""tetrahedral_chirality"":0}","{""all_atoms_connected"":0.0,""bond_angles"":0.0,""bond_lengths"":0.0,""bonds"":0.0,""double_bond_stereochemistry"":0.0,""energy_ratio"":0.0,""file_loads"":0.0,""inchi_convertible"":0.0,""internal_steric_clash"":0.0,""molecular_formula"":0.0,""no_radicals"":0.0,""planar_aromatic_rings"":0.0,""planar_double_bonds"":0.0,""reference_file_loads"":0.0,""sanitisation"":0.0,""tetrahedral_chirality"":0.0}",1000,114.8649844698704,0.29789751593592634,0.5662571609088511,2.0,0.2,0.24229218908241482,0.96,1.182870542802813,0.9232,0.0,1.0,0.1,0.0,1.0,1.0,1.0,0.0,1.0,0.1,0.0,1.0,1.0,1.0,0.0,1.0,0.1,0.0,1.0,1.0,1.0,0.0,1000,2.972656926639136,42.020896251096865,7.424279375974098,4.210307640190539,0.04450831173604442,0.2413738055875656,1.0,1.0,1.0,1.0,0.07352516543509673,0.2840273122640667,1.0,1.0,1.0,1.0,1000,0,0,0,0,0,1000,0,0,0,0,1000,1000,1000,core
1c5z_1c5z_conf0,generation,torsional_diffusion_raw,dynamic,,torsional_diffusion_raw_dynamic,Torsional Diffusion,torsional_diffusion_raw_dynamic,1,9,2,0.7,2,2,0,1.0,2,2,0,1.0,"{""all_atoms_connected"":0,""bond_angles"":0,""bond_lengths"":0,""bonds"":0,""double_bond_stereochemistry"":0,""energy_ratio"":0,""file_loads"":0,""inchi_convertible"":0,""internal_steric_clash"":0,""molecular_formula"":0,""no_radicals"":0,""planar_aromatic_rings"":0,""planar_double_bonds"":0,""reference_file_loads"":0,""sanitisation"":0,""tetrahedral_chirality"":0}","{""all_atoms_connected"":0.0,""bond_angles"":0.0,""bond_lengths"":0.0,""bonds"":0.0,""double_bond_stereochemistry"":0.0,""energy_ratio"":0.0,""file_loads"":0.0,""inchi_convertible"":0.0,""internal_steric_clash"":0.0,""molecular_formula"":0.0,""no_radicals"":0.0,""planar_aromatic_rings"":0.0,""planar_double_bonds"":0.0,""reference_file_loads"":0.0,""sanitisation"":0.0,""tetrahedral_chirality"":0.0}",2,28.942941499273264,0.5628512643510608,0.5628512643510608,2.0,100.0,1.0,0.5,2.0,0.5,1.0,1.0,50.0,0.0,1.0,1.0,1.0,0.0,1.0,50.0,0.0,1.0,1.0,1.0,0.0,1.0,50.0,0.0,1.0,1.0,1.0,0.0,2,7.604399425092923,8.207452510657431,7.905925967875177,0.30152654278225377,0.20131362634971078,0.28467982823150306,1.0,1.0,1.0,1.0,0.2559631841865998,0.29345395351281034,0.0,1.0,1.0,1.0,1000,0,0,0,0,0,2,0,0,0,0,2,2,2,core
1c5z_1c5z_conf0,generation,torsional_diffusion_raw,chembl_count,,torsional_diffusion_raw_chembl_count,Torsional Diffusion,torsional_diffusion_raw_chembl_count,1,9,1,0.7,1,1,0,1.0,1,1,0,1.0,"{""all_atoms_connected"":0,""bond_angles"":0,""bond_lengths"":0,""bonds"":0,""double_bond_stereochemistry"":0,""energy_ratio"":0,""file_loads"":0,""inchi_convertible"":0,""internal_steric_clash"":0,""molecular_formula"":0,""no_radicals"":0,""planar_aromatic_rings"":0,""planar_double_bonds"":0,""reference_file_loads"":0,""sanitisation"":0,""tetrahedral_chirality"":0}","{""all_atoms_connected"":0.0,""bond_angles"":0.0,""bond_lengths"":0.0,""bonds"":0.0,""double_bond_stereochemistry"":0.0,""energy_ratio"":0.0,""file_loads"":0.0,""inchi_convertible"":0.0,""internal_steric_clash"":0.0,""molecular_formula"":0.0,""no_radicals"":0.0,""planar_aromatic_rings"":0.0,""planar_double_bonds"":0.0,""reference_file_loads"":0.0,""sanitisation"":0.0,""tetrahedral_chirality"":0.0}",1,0.0,,,1.0,100.0,0.0,1.0,1.0,1.0,1.0,1.0,100.0,0.0,1.0,1.0,1.0,1.0,1.0,100.0,0.0,1.0,1.0,1.0,1.0,1.0,100.0,0.0,1.0,1.0,1.0,1.0,1,8.882587014362251,8.882587014362251,8.882587014362251,0.0,0.3651336291429994,0.3651336291429994,0.0,1.0,1.0,1.0,0.3241577174754635,0.3241577174754635,0.0,1.0,1.0,1.0,1000,0,0,0,0,0,1,0,0,0,0,1,1,1,core
1lpg_1lpg_conf0,generation,torsional_diffusion_raw,fixed,,torsional_diffusion_raw_fixed,Torsional Diffusion,torsional_diffusion_raw_fixed,10,41,790,0.7,790,779,11,0.9860759493670886,1000,790,210,0.79,"{""all_atoms_connected"":0,""bond_angles"":0,""bond_lengths"":0,""bonds"":0,""double_bond_stereochemistry"":0,""energy_ratio"":130,""file_loads"":0,""inchi_convertible"":0,""internal_steric_clash"":184,""molecular_formula"":0,""no_radicals"":0,""planar_aromatic_rings"":0,""planar_double_bonds"":0,""reference_file_loads"":0,""sanitisation"":0,""tetrahedral_chirality"":0}","{""all_atoms_connected"":0.0,""bond_angles"":0.0,""bond_lengths"":0.0,""bonds"":0.0,""double_bond_stereochemistry"":0.0,""energy_ratio"":0.13,""file_loads"":0.0,""inchi_convertible"":0.0,""internal_steric_clash"":0.184,""molecular_formula"":0.0,""no_radicals"":0.0,""planar_aromatic_rings"":0.0,""planar_double_bonds"":0.0,""reference_file_loads"":0.0,""sanitisation"":0.0,""tetrahedral_chirality"":0.0}",790,101.24015649269815,3.0209303005417656,3.993362866713072,788.0,99.74683544303798,0.9998538495159307,0.002531645569620253,787.2322709379093,0.0012722320141003041,0.9974619289340102,498.0,63.037974683544306,0.9714106910119259,0.013924050632911392,416.982107173444,0.00298990546386797,0.678714859437751,51.0,6.455696202531645,0.8724227904591298,0.07721518987341772,30.88326001752449,0.041986861079955126,0.0784313725490196,7.0,0.8860759493670886,0.8277733124169342,0.4177215189873418,5.0066773412987615,0.24769427976285854,0.0,790,125.52302242785065,16945.294443662682,208.3812790409396,604.7003429329391,1.5575089887842193,2.8816333717231752,0.0,0.0,0.0,1.0,1.6023534961631172,2.922560802571475,0.0,0.0,0.0,1.0,1000,0,0,0,0,0,1000,0,0,0,0,790,1000,1000,core
1lpg_1lpg_conf0,generation,torsional_diffusion_raw,dynamic,,torsional_diffusion_raw_dynamic,Torsional Diffusion,torsional_diffusion_raw_dynamic,10,41,150,0.7,150,149,1,0.9933333333333333,200,150,50,0.75,"{""all_atoms_connected"":0,""bond_angles"":0,""bond_lengths"":0,""bonds"":0,""double_bond_stereochemistry"":0,""energy_ratio"":35,""file_loads"":0,""inchi_convertible"":0,""internal_steric_clash"":46,""molecular_formula"":0,""no_radicals"":0,""planar_aromatic_rings"":0,""planar_double_bonds"":0,""reference_file_loads"":0,""sanitisation"":0,""tetrahedral_chirality"":0}","{""all_atoms_connected"":0.0,""bond_angles"":0.0,""bond_lengths"":0.0,""bonds"":0.0,""double_bond_stereochemistry"":0.0,""energy_ratio"":0.175,""file_loads"":0.0,""inchi_convertible"":0.0,""internal_steric_clash"":0.23,""molecular_formula"":0.0,""no_radicals"":0.0,""planar_aromatic_rings"":0.0,""planar_double_bonds"":0.0,""reference_file_loads"":0.0,""sanitisation"":0.0,""tetrahedral_chirality"":0.0}",150,101.50752600901274,2.9079466279453117,3.8134915516286507,150.0,100.0,0.9999999999999998,0.006666666666666667,149.99999999999983,0.006666666666666669,1.0,118.0,78.66666666666667,0.9806780073025672,0.03333333333333333,107.60912952230724,0.01057777777777778,0.7966101694915254,26.0,17.333333333333332,0.9057530850406923,0.1,19.125661946079706,0.06257777777777779,0.15384615384615385,6.0,4.0,0.8090722826564518,0.38666666666666666,4.261677762631812,0.2799111111111111,0.0,150,137.180560229867,375.5923605007579,206.9884479120151,49.29780795060643,1.7795647103330823,2.8991420203456832,0.0,0.0,0.0,1.0,1.7933308821513072,2.940672696777211,0.0,0.0,0.0,1.0,1000,0,0,0,0,0,200,0,0,0,0,150,200,200,core
1lpg_1lpg_conf0,generation,torsional_diffusion_raw,chembl_count,,torsional_diffusion_raw_chembl_count,Torsional Diffusion,torsional_diffusion_raw_chembl_count,10,41,147,0.7,147,145,2,0.9863945578231292,193,147,46,0.7616580310880829,"{""all_atoms_connected"":0,""bond_angles"":0,""bond_lengths"":0,""bonds"":0,""double_bond_stereochemistry"":0,""energy_ratio"":25,""file_loads"":0,""inchi_convertible"":0,""internal_steric_clash"":42,""molecular_formula"":0,""no_radicals"":0,""planar_aromatic_rings"":0,""planar_double_bonds"":0,""reference_file_loads"":0,""sanitisation"":0,""tetrahedral_chirality"":0}","{""all_atoms_connected"":0.0,""bond_angles"":0.0,""bond_lengths"":0.0,""bonds"":0.0,""double_bond_stereochemistry"":0.0,""energy_ratio"":0.12953367875647667,""file_loads"":0.0,""inchi_convertible"":0.0,""internal_steric_clash"":0.21761658031088082,""molecular_formula"":0.0,""no_radicals"":0.0,""planar_aromatic_rings"":0.0,""planar_double_bonds"":0.0,""reference_file_loads"":0.0,""sanitisation"":0.0,""tetrahedral_chirality"":0.0}",147,102.33608550631558,2.9476362439463206,3.867409810297554,147.0,100.0,1.0,0.006802721088435374,146.99999999999997,0.006802721088435375,1.0,129.0,87.75510204081633,0.9904833425589393,0.02040816326530612,123.16971911460273,0.00865380165671711,0.875968992248062,31.0,21.08843537414966,0.9061967462614613,0.09523809523809523,22.46296675983647,0.05409782960803368,0.25806451612903225,6.0,4.081632653061225,0.8489437585053948,0.3945578231292517,4.577271224910887,0.25697625989171174,0.0,147,147.7255953051594,508.93387279871774,207.47436118488292,51.34346589086044,1.6790507237116723,2.8362764014880124,0.0,0.0,0.0,1.0,1.729595114251762,2.8749905619670244,0.0,0.0,0.0,1.0,1000,0,0,0,0,0,193,0,0,0,0,147,193,193,core
1mq6_1mq6_conf0,generation,torsional_diffusion_raw,fixed,,torsional_diffusion_raw_fixed,Torsional Diffusion,torsional_diffusion_raw_fixed,7,36,402,0.7,402,331,71,0.8233830845771144,1000,402,598,0.402,"{""all_atoms_connected"":0,""bond_angles"":0,""bond_lengths"":0,""bonds"":0,""double_bond_stereochemistry"":0,""energy_ratio"":190,""file_loads"":0,""inchi_convertible"":0,""internal_steric_clash"":591,""molecular_formula"":0,""no_radicals"":0,""planar_aromatic_rings"":0,""planar_double_bonds"":0,""reference_file_loads"":0,""sanitisation"":0,""tetrahedral_chirality"":0}","{""all_atoms_connected"":0.0,""bond_angles"":0.0,""bond_lengths"":0.0,""bonds"":0.0,""double_bond_stereochemistry"":0.0,""energy_ratio"":0.19,""file_loads"":0.0,""inchi_convertible"":0.0,""internal_steric_clash"":0.591,""molecular_formula"":0.0,""no_radicals"":0.0,""planar_aromatic_rings"":0.0,""planar_double_bonds"":0.0,""reference_file_loads"":0.0,""sanitisation"":0.0,""tetrahedral_chirality"":0.0}",402,93.88133518262698,2.474819500479978,3.2905956627449795,385.0,95.77114427860697,0.996754631066931,0.007462686567164179,377.63301465185236,0.0027350808148313165,0.9636363636363636,259.0,64.42786069651741,0.9698266111089076,0.017412935323383085,219.01927236099058,0.005569169079973268,0.6911196911196911,28.0,6.965174129353234,0.7987485805088395,0.1417910447761194,14.319090149496425,0.09024529095814461,0.21428571428571427,4.0,0.9950248756218906,0.578032001504346,0.7313432835820896,2.228486162902812,0.5714338753991238,0.0,402,11.411951599767505,27045.78581644701,52.789282160432855,2420.041134154987,1.1491514325477727,2.3725037375630365,0.0,0.0,0.0,1.0,1.0541459910958932,2.3437360495231943,0.0,0.0,0.0,1.0,1000,0,0,0,0,0,1000,0,0,0,0,402,1000,1000,core
1mq6_1mq6_conf0,generation,torsional_diffusion_raw,dynamic,,torsional_diffusion_raw_dynamic,Torsional Diffusion,torsional_diffusion_raw_dynamic,7,36,51,0.7,51,40,11,0.7843137254901961,134,51,83,0.3805970149253731,"{""all_atoms_connected"":0,""bond_angles"":0,""bond_lengths"":0,""bonds"":0,""double_bond_stereochemistry"":0,""energy_ratio"":24,""file_loads"":0,""inchi_convertible"":0,""internal_steric_clash"":83,""molecular_formula"":0,""no_radicals"":0,""planar_aromatic_rings"":0,""planar_double_bonds"":0,""reference_file_loads"":0,""sanitisation"":0,""tetrahedral_chirality"":0}","{""all_atoms_connected"":0.0,""bond_angles"":0.0,""bond_lengths"":0.0,""bonds"":0.0,""double_bond_stereochemistry"":0.0,""energy_ratio"":0.1791044776119403,""file_loads"":0.0,""inchi_convertible"":0.0,""internal_steric_clash"":0.6194029850746269,""molecular_formula"":0.0,""no_radicals"":0.0,""planar_aromatic_rings"":0.0,""planar_double_bonds"":0.0,""reference_file_loads"":0.0,""sanitisation"":0.0,""tetrahedral_chirality"":0.0}",51,93.3079580647796,2.5434575564441597,3.3721837149594487,51.0,100.0,0.9999999999999999,0.0196078431372549,50.99999999999997,0.019607843137254905,1.0,46.0,90.19607843137256,0.9914520655631838,0.0392156862745098,44.51892683351398,0.02345251826220685,0.8913043478260869,14.0,27.45098039215686,0.9186750828421193,0.17647058823529413,11.295859141548812,0.10265282583621688,0.21428571428571427,3.0,5.882352941176471,0.5992373055699698,0.7254901960784313,1.9315628995554894,0.5916955017301038,0.3333333333333333,51,11.592183894734049,998.1281237151201,49.39064866214643,181.70477830649853,1.5150114614104595,2.4865866777211894,0.0,0.0,0.0,1.0,1.4628225107150263,2.508740261319893,0.0,0.0,0.0,1.0,1000,0,0,0,0,0,134,0,0,0,0,51,134,134,core
1mq6_1mq6_conf0,generation,torsional_diffusion_raw,chembl_count,,torsional_diffusion_raw_chembl_count,Torsional Diffusion,torsional_diffusion_raw_chembl_count,7,36,7,0.7,7,3,4,0.42857142857142855,12,7,5,0.5833333333333334,"{""all_atoms_connected"":0,""bond_angles"":0,""bond_lengths"":0,""bonds"":0,""double_bond_stereochemistry"":0,""energy_ratio"":2,""file_loads"":0,""inchi_convertible"":0,""internal_steric_clash"":5,""molecular_formula"":0,""no_radicals"":0,""planar_aromatic_rings"":0,""planar_double_bonds"":0,""reference_file_loads"":0,""sanitisation"":0,""tetrahedral_chirality"":0}","{""all_atoms_connected"":0.0,""bond_angles"":0.0,""bond_lengths"":0.0,""bonds"":0.0,""double_bond_stereochemistry"":0.0,""energy_ratio"":0.16666666666666666,""file_loads"":0.0,""inchi_convertible"":0.0,""internal_steric_clash"":0.4166666666666667,""molecular_formula"":0.0,""no_radicals"":0.0,""planar_aromatic_rings"":0.0,""planar_double_bonds"":0.0,""reference_file_loads"":0.0,""sanitisation"":0.0,""tetrahedral_chirality"":0.0}",7,74.19435569782362,2.7008073066437834,3.4314534484861356,7.0,100.0,0.9999999999999999,0.14285714285714285,6.999999999999998,0.14285714285714285,1.0,7.0,100.0,0.9999999999999999,0.14285714285714285,6.999999999999998,0.14285714285714285,1.0,5.0,71.42857142857143,0.9629610647945144,0.2857142857142857,4.710650674213246,0.22448979591836732,0.6,2.0,28.571428571428573,0.8631205685666311,0.7142857142857143,1.8189685116531733,0.5918367346938775,0.0,7,36.4788717178772,4471.754808210835,113.5417223115651,1521.6189141402854,2.3528404446272515,2.8494762997424656,0.0,0.0,0.0,0.0,2.322549503626781,2.8153345304000212,0.0,0.0,0.0,0.0,1000,0,0,0,0,0,12,0,0,0,0,7,12,12,core
1nc3_1nc3_conf0,generation,torsional_diffusion_raw,fixed,,torsional_diffusion_raw_fixed,Torsional Diffusion,torsional_diffusion_raw_fixed,6,19,0,0.7,0,0,0,,1000,0,1000,0.0,"{""all_atoms_connected"":0,""bond_angles"":0,""bond_lengths"":0,""bonds"":0,""double_bond_stereochemistry"":0,""energy_ratio"":1,""file_loads"":0,""inchi_convertible"":0,""internal_steric_clash"":7,""molecular_formula"":0,""no_radicals"":0,""planar_aromatic_rings"":0,""planar_double_bonds"":0,""reference_file_loads"":0,""sanitisation"":0,""tetrahedral_chirality"":1000}","{""all_atoms_connected"":0.0,""bond_angles"":0.0,""bond_lengths"":0.0,""bonds"":0.0,""double_bond_stereochemistry"":0.0,""energy_ratio"":0.001,""file_loads"":0.0,""inchi_convertible"":0.0,""internal_steric_clash"":0.007,""molecular_formula"":0.0,""no_radicals"":0.0,""planar_aromatic_rings"":0.0,""planar_double_bonds"":0.0,""reference_file_loads"":0.0,""sanitisation"":0.0,""tetrahedral_chirality"":1.0}",0,,,,,,,,,,,,,,,,,,,,,,,,,,,,,,,,0,,,,,,,,,,,,,,,,,1000,0,0,0,0,0,1000,0,0,0,0,0,1000,1000,core
1nc3_1nc3_conf0,generation,torsional_diffusion_raw,dynamic,,torsional_diffusion_raw_dynamic,Torsional Diffusion,torsional_diffusion_raw_dynamic,6,19,0,0.7,0,0,0,,112,0,112,0.0,"{""all_atoms_connected"":0,""bond_angles"":0,""bond_lengths"":0,""bonds"":0,""double_bond_stereochemistry"":0,""energy_ratio"":0,""file_loads"":0,""inchi_convertible"":0,""internal_steric_clash"":1,""molecular_formula"":0,""no_radicals"":0,""planar_aromatic_rings"":0,""planar_double_bonds"":0,""reference_file_loads"":0,""sanitisation"":0,""tetrahedral_chirality"":112}","{""all_atoms_connected"":0.0,""bond_angles"":0.0,""bond_lengths"":0.0,""bonds"":0.0,""double_bond_stereochemistry"":0.0,""energy_ratio"":0.0,""file_loads"":0.0,""inchi_convertible"":0.0,""internal_steric_clash"":0.008928571428571428,""molecular_formula"":0.0,""no_radicals"":0.0,""planar_aromatic_rings"":0.0,""planar_double_bonds"":0.0,""reference_file_loads"":0.0,""sanitisation"":0.0,""tetrahedral_chirality"":1.0}",0,,,,,,,,,,,,,,,,,,,,,,,,,,,,,,,,0,,,,,,,,,,,,,,,,,1000,0,0,0,0,0,112,0,0,0,0,0,112,112,core
1nc3_1nc3_conf0,generation,torsional_diffusion_raw,chembl_count,,torsional_diffusion_raw_chembl_count,Torsional Diffusion,torsional_diffusion_raw_chembl_count,6,19,0,0.7,0,0,0,,1000,0,1000,0.0,"{""all_atoms_connected"":0,""bond_angles"":0,""bond_lengths"":0,""bonds"":0,""double_bond_stereochemistry"":0,""energy_ratio"":1,""file_loads"":0,""inchi_convertible"":0,""internal_steric_clash"":7,""molecular_formula"":0,""no_radicals"":0,""planar_aromatic_rings"":0,""planar_double_bonds"":0,""reference_file_loads"":0,""sanitisation"":0,""tetrahedral_chirality"":1000}","{""all_atoms_connected"":0.0,""bond_angles"":0.0,""bond_lengths"":0.0,""bonds"":0.0,""double_bond_stereochemistry"":0.0,""energy_ratio"":0.001,""file_loads"":0.0,""inchi_convertible"":0.0,""internal_steric_clash"":0.007,""molecular_formula"":0.0,""no_radicals"":0.0,""planar_aromatic_rings"":0.0,""planar_double_bonds"":0.0,""reference_file_loads"":0.0,""sanitisation"":0.0,""tetrahedral_chirality"":1.0}",0,,,,,,,,,,,,,,,,,,,,,,,,,,,,,,,,0,,,,,,,,,,,,,,,,,1000,0,0,0,0,0,1000,0,0,0,0,0,1567,1567,core
1o3f_1o3f_conf0,generation,torsional_diffusion_raw,fixed,,torsional_diffusion_raw_fixed,Torsional Diffusion,torsional_diffusion_raw_fixed,4,25,994,0.7,994,994,0,1.0,1000,994,6,0.994,"{""all_atoms_connected"":0,""bond_angles"":0,""bond_lengths"":0,""bonds"":0,""double_bond_stereochemistry"":0,""energy_ratio"":6,""file_loads"":0,""inchi_convertible"":0,""internal_steric_clash"":0,""molecular_formula"":0,""no_radicals"":0,""planar_aromatic_rings"":0,""planar_double_bonds"":0,""reference_file_loads"":0,""sanitisation"":0,""tetrahedral_chirality"":0}","{""all_atoms_connected"":0.0,""bond_angles"":0.0,""bond_lengths"":0.0,""bonds"":0.0,""double_bond_stereochemistry"":0.0,""energy_ratio"":0.006,""file_loads"":0.0,""inchi_convertible"":0.0,""internal_steric_clash"":0.0,""molecular_formula"":0.0,""no_radicals"":0.0,""planar_aromatic_rings"":0.0,""planar_double_bonds"":0.0,""reference_file_loads"":0.0,""sanitisation"":0.0,""tetrahedral_chirality"":0.0}",994,109.64757046676377,1.0059417592348787,1.4928708177101107,21.0,2.112676056338028,0.8659077240772298,0.15090543259557343,13.961108434735193,0.08356780522167208,0.047619047619047616,3.0,0.30181086519114686,0.9261126303967353,0.528169014084507,2.766100914377655,0.39082584035399515,0.0,1.0,0.1006036217303823,0.0,1.0,1.0,1.0,0.0,1.0,0.1006036217303823,0.0,1.0,1.0,1.0,0.0,994,54.146637610626485,149.49342413153596,68.04678201047042,7.828503080373332,0.1467320646798439,0.8262471419708187,1.0,1.0,1.0,1.0,0.15373169267519152,0.854887526653028,1.0,1.0,1.0,1.0,1000,0,0,0,0,0,1000,0,0,0,0,994,1000,1000,core
1o3f_1o3f_conf0,generation,torsional_diffusion_raw,dynamic,,torsional_diffusion_raw_dynamic,Torsional Diffusion,torsional_diffusion_raw_dynamic,4,25,68,0.7,68,68,0,1.0,68,68,0,1.0,"{""all_atoms_connected"":0,""bond_angles"":0,""bond_lengths"":0,""bonds"":0,""double_bond_stereochemistry"":0,""energy_ratio"":0,""file_loads"":0,""inchi_convertible"":0,""internal_steric_clash"":0,""molecular_formula"":0,""no_radicals"":0,""planar_aromatic_rings"":0,""planar_double_bonds"":0,""reference_file_loads"":0,""sanitisation"":0,""tetrahedral_chirality"":0}","{""all_atoms_connected"":0.0,""bond_angles"":0.0,""bond_lengths"":0.0,""bonds"":0.0,""double_bond_stereochemistry"":0.0,""energy_ratio"":0.0,""file_loads"":0.0,""inchi_convertible"":0.0,""internal_steric_clash"":0.0,""molecular_formula"":0.0,""no_radicals"":0.0,""planar_aromatic_rings"":0.0,""planar_double_bonds"":0.0,""reference_file_loads"":0.0,""sanitisation"":0.0,""tetrahedral_chirality"":0.0}",68,108.55590347053715,0.9966405674113643,1.4916001685989475,10.0,14.705882352941176,0.8364533698147444,0.25,6.862041967323026,0.16955017301038058,0.4,3.0,4.411764705882353,0.8823784999970758,0.4852941176470588,2.6363407163533874,0.4070069204152249,0.0,1.0,1.4705882352941178,0.0,1.0,1.0,1.0,0.0,1.0,1.4705882352941178,0.0,1.0,1.0,1.0,0.0,68,58.88681106214548,78.68437648355177,69.4208432410654,4.552970546128961,0.1959364456614712,1.3418351590999236,1.0,1.0,1.0,1.0,0.23434182844854343,1.3359285236145797,1.0,1.0,1.0,1.0,1000,0,0,0,0,0,68,0,0,0,0,68,68,68,core
1o3f_1o3f_conf0,generation,torsional_diffusion_raw,chembl_count,,torsional_diffusion_raw_chembl_count,Torsional Diffusion,torsional_diffusion_raw_chembl_count,4,25,30,0.7,30,30,0,1.0,31,30,1,0.967741935483871,"{""all_atoms_connected"":0,""bond_angles"":0,""bond_lengths"":0,""bonds"":0,""double_bond_stereochemistry"":0,""energy_ratio"":1,""file_loads"":0,""inchi_convertible"":0,""internal_steric_clash"":0,""molecular_formula"":0,""no_radicals"":0,""planar_aromatic_rings"":0,""planar_double_bonds"":0,""reference_file_loads"":0,""sanitisation"":0,""tetrahedral_chirality"":0}","{""all_atoms_connected"":0.0,""bond_angles"":0.0,""bond_lengths"":0.0,""bonds"":0.0,""double_bond_stereochemistry"":0.0,""energy_ratio"":0.03225806451612903,""file_loads"":0.0,""inchi_convertible"":0.0,""internal_steric_clash"":0.0,""molecular_formula"":0.0,""no_radicals"":0.0,""planar_aromatic_rings"":0.0,""planar_double_bonds"":0.0,""reference_file_loads"":0.0,""sanitisation"":0.0,""tetrahedral_chirality"":0.0}",30,110.04343246025164,1.024462838726189,1.5163082829893268,10.0,33.333333333333336,0.8716626705869306,0.3333333333333333,7.441537430733243,0.17555555555555558,0.3,2.0,6.666666666666667,1.0,0.5,2.0,0.5,0.0,1.0,3.3333333333333335,0.0,1.0,1.0,1.0,0.0,1.0,3.3333333333333335,0.0,1.0,1.0,1.0,0.0,30,60.55927587874402,88.3007236128792,68.489005843669,5.944592974287792,0.22597566808215983,1.0739627627699395,1.0,1.0,1.0,1.0,0.24552644312752236,1.0760999368434947,1.0,1.0,1.0,1.0,1000,0,0,0,0,0,31,0,0,0,0,30,31,31,core
1o5b_1o5b_conf0,generation,torsional_diffusion_raw,fixed,,torsional_diffusion_raw_fixed,Torsional Diffusion,torsional_diffusion_raw_fixed,1,13,1000,0.7,1000,1000,0,1.0,1000,1000,0,1.0,"{""all_atoms_connected"":0,""bond_angles"":0,""bond_lengths"":0,""bonds"":0,""double_bond_stereochemistry"":0,""energy_ratio"":0,""file_loads"":0,""inchi_convertible"":0,""internal_steric_clash"":0,""molecular_formula"":0,""no_radicals"":0,""planar_aromatic_rings"":0,""planar_double_bonds"":0,""reference_file_loads"":0,""sanitisation"":0,""tetrahedral_chirality"":0}","{""all_atoms_connected"":0.0,""bond_angles"":0.0,""bond_lengths"":0.0,""bonds"":0.0,""double_bond_stereochemistry"":0.0,""energy_ratio"":0.0,""file_loads"":0.0,""inchi_convertible"":0.0,""internal_steric_clash"":0.0,""molecular_formula"":0.0,""no_radicals"":0.0,""planar_aromatic_rings"":0.0,""planar_double_bonds"":0.0,""reference_file_loads"":0.0,""sanitisation"":0.0,""tetrahedral_chirality"":0.0}",1000,125.20346720280179,0.09626575331648751,0.13330876571818887,2.0,0.2,0.16334554318340233,0.976,1.1198810818101501,0.953152,0.0,1.0,0.1,0.0,1.0,1.0,1.0,0.0,1.0,0.1,0.0,1.0,1.0,1.0,0.0,1.0,0.1,0.0,1.0,1.0,1.0,0.0,1000,11.624177493684169,53.60254748121575,17.06705357666343,4.659414426013682,0.07537652931147924,0.10602553087993985,1.0,1.0,1.0,1.0,0.15426845562887653,0.17583772602336356,1.0,1.0,1.0,1.0,1000,0,0,0,0,0,1000,0,0,0,0,1000,1000,1000,core
1o5b_1o5b_conf0,generation,torsional_diffusion_raw,dynamic,,torsional_diffusion_raw_dynamic,Torsional Diffusion,torsional_diffusion_raw_dynamic,1,13,2,0.7,2,2,0,1.0,2,2,0,1.0,"{""all_atoms_connected"":0,""bond_angles"":0,""bond_lengths"":0,""bonds"":0,""double_bond_stereochemistry"":0,""energy_ratio"":0,""file_loads"":0,""inchi_convertible"":0,""internal_steric_clash"":0,""molecular_formula"":0,""no_radicals"":0,""planar_aromatic_rings"":0,""planar_double_bonds"":0,""reference_file_loads"":0,""sanitisation"":0,""tetrahedral_chirality"":0}","{""all_atoms_connected"":0.0,""bond_angles"":0.0,""bond_lengths"":0.0,""bonds"":0.0,""double_bond_stereochemistry"":0.0,""energy_ratio"":0.0,""file_loads"":0.0,""inchi_convertible"":0.0,""internal_steric_clash"":0.0,""molecular_formula"":0.0,""no_radicals"":0.0,""planar_aromatic_rings"":0.0,""planar_double_bonds"":0.0,""reference_file_loads"":0.0,""sanitisation"":0.0,""tetrahedral_chirality"":0.0}",2,173.143388301057,0.12037673734459033,0.12037673734459033,1.0,50.0,0.0,1.0,1.0,1.0,0.0,1.0,50.0,0.0,1.0,1.0,1.0,0.0,1.0,50.0,0.0,1.0,1.0,1.0,0.0,1.0,50.0,0.0,1.0,1.0,1.0,0.0,2,15.774593375416549,16.40842052771788,16.091506951567215,0.3169135761506654,0.09952005985521567,0.1082783192359943,1.0,1.0,1.0,1.0,0.1726177971259738,0.17484986032184244,1.0,1.0,1.0,1.0,1000,0,0,0,0,0,2,0,0,0,0,2,2,2,core
1o5b_1o5b_conf0,generation,torsional_diffusion_raw,chembl_count,,torsional_diffusion_raw_chembl_count,Torsional Diffusion,torsional_diffusion_raw_chembl_count,1,13,1,0.7,1,1,0,1.0,1,1,0,1.0,"{""all_atoms_connected"":0,""bond_angles"":0,""bond_lengths"":0,""bonds"":0,""double_bond_stereochemistry"":0,""energy_ratio"":0,""file_loads"":0,""inchi_convertible"":0,""internal_steric_clash"":0,""molecular_formula"":0,""no_radicals"":0,""planar_aromatic_rings"":0,""planar_double_bonds"":0,""reference_file_loads"":0,""sanitisation"":0,""tetrahedral_chirality"":0}","{""all_atoms_connected"":0.0,""bond_angles"":0.0,""bond_lengths"":0.0,""bonds"":0.0,""double_bond_stereochemistry"":0.0,""energy_ratio"":0.0,""file_loads"":0.0,""inchi_convertible"":0.0,""internal_steric_clash"":0.0,""molecular_formula"":0.0,""no_radicals"":0.0,""planar_aromatic_rings"":0.0,""planar_double_bonds"":0.0,""reference_file_loads"":0.0,""sanitisation"":0.0,""tetrahedral_chirality"":0.0}",1,0.0,,,1.0,100.0,0.0,1.0,1.0,1.0,1.0,1.0,100.0,0.0,1.0,1.0,1.0,1.0,1.0,100.0,0.0,1.0,1.0,1.0,1.0,1.0,100.0,0.0,1.0,1.0,1.0,1.0,1,13.635121906667727,13.635121906667727,13.635121906667727,0.0,0.08688858049614402,0.08688858049614402,1.0,1.0,1.0,1.0,0.1621753215767028,0.1621753215767028,1.0,1.0,1.0,1.0,1000,0,0,0,0,0,1,0,0,0,0,1,1,1,core
1owh_1owh_conf0,generation,torsional_diffusion_raw,fixed,,torsional_diffusion_raw_fixed,Torsional Diffusion,torsional_diffusion_raw_fixed,5,24,645,0.7,645,619,26,0.9596899224806201,1000,645,355,0.645,"{""all_atoms_connected"":0,""bond_angles"":0,""bond_lengths"":0,""bonds"":0,""double_bond_stereochemistry"":0,""energy_ratio"":4,""file_loads"":0,""inchi_convertible"":0,""internal_steric_clash"":355,""molecular_formula"":0,""no_radicals"":0,""planar_aromatic_rings"":0,""planar_double_bonds"":0,""reference_file_loads"":0,""sanitisation"":0,""tetrahedral_chirality"":0}","{""all_atoms_connected"":0.0,""bond_angles"":0.0,""bond_lengths"":0.0,""bonds"":0.0,""double_bond_stereochemistry"":0.0,""energy_ratio"":0.004,""file_loads"":0.0,""inchi_convertible"":0.0,""internal_steric_clash"":0.355,""molecular_formula"":0.0,""no_radicals"":0.0,""planar_aromatic_rings"":0.0,""planar_double_bonds"":0.0,""reference_file_loads"":0.0,""sanitisation"":0.0,""tetrahedral_chirality"":0.0}",645,111.53908102651266,1.791652199416335,2.7958076565005747,58.0,8.992248062015504,0.8821478901875182,0.05116279069767442,35.942169174732186,0.03272639865392705,0.3275862068965517,11.0,1.7054263565891472,0.8498562748629346,0.20465116279069767,7.674217578075186,0.14210924824229315,0.09090909090909091,2.0,0.31007751937984496,0.9961664086865234,0.5364341085271318,1.9946925686696462,0.5026548885283336,0.0,1.0,0.15503875968992248,0.0,1.0,1.0,1.0,0.0,645,60.13790898220018,141.22146552517222,88.58581812849206,15.578968290857562,0.2173014995440551,1.238022769726232,1.0,1.0,1.0,1.0,0.2568492693253931,1.111756700072924,0.0,1.0,1.0,1.0,1000,0,0,0,0,0,1000,0,0,0,0,645,1000,1000,core
1owh_1owh_conf0,generation,torsional_diffusion_raw,dynamic,,torsional_diffusion_raw_dynamic,Torsional Diffusion,torsional_diffusion_raw_dynamic,5,24,65,0.7,65,60,5,0.9230769230769231,90,65,25,0.7222222222222222,"{""all_atoms_connected"":0,""bond_angles"":0,""bond_lengths"":0,""bonds"":0,""double_bond_stereochemistry"":0,""energy_ratio"":0,""file_loads"":0,""inchi_convertible"":0,""internal_steric_clash"":25,""molecular_formula"":0,""no_radicals"":0,""planar_aromatic_rings"":0,""planar_double_bonds"":0,""reference_file_loads"":0,""sanitisation"":0,""tetrahedral_chirality"":0}","{""all_atoms_connected"":0.0,""bond_angles"":0.0,""bond_lengths"":0.0,""bonds"":0.0,""double_bond_stereochemistry"":0.0,""energy_ratio"":0.0,""file_loads"":0.0,""inchi_convertible"":0.0,""internal_steric_clash"":0.2777777777777778,""molecular_formula"":0.0,""no_radicals"":0.0,""planar_aromatic_rings"":0.0,""planar_double_bonds"":0.0,""reference_file_loads"":0.0,""sanitisation"":0.0,""tetrahedral_chirality"":0.0}",65,109.58312669421991,1.8140327632101425,2.8260776840258393,23.0,35.38461538461539,0.9421045374416233,0.1076923076923077,19.181827144929958,0.05988165680473372,0.30434782608695654,7.0,10.76923076923077,0.9094694266871235,0.24615384615384617,5.869361107612269,0.1843786982248521,0.14285714285714285,2.0,3.076923076923077,0.9861260846302382,0.5692307692307692,1.9808588538689615,0.5095857988165681,0.0,1.0,1.5384615384615385,0.0,1.0,1.0,1.0,0.0,65,61.68597964648917,141.22146552517222,91.01703697483975,15.959903014550918,0.47553989490310067,2.123487513577528,0.0,1.0,1.0,1.0,0.4409656358014303,2.3033953445298825,0.0,1.0,1.0,1.0,1000,0,0,0,0,0,90,0,0,0,0,65,90,90,core
1owh_1owh_conf0,generation,torsional_diffusion_raw,chembl_count,,torsional_diffusion_raw_chembl_count,Torsional Diffusion,torsional_diffusion_raw_chembl_count,5,24,6,0.7,6,6,0,1.0,12,6,6,0.5,"{""all_atoms_connected"":0,""bond_angles"":0,""bond_lengths"":0,""bonds"":0,""double_bond_stereochemistry"":0,""energy_ratio"":1,""file_loads"":0,""inchi_convertible"":0,""internal_steric_clash"":6,""molecular_formula"":0,""no_radicals"":0,""planar_aromatic_rings"":0,""planar_double_bonds"":0,""reference_file_loads"":0,""sanitisation"":0,""tetrahedral_chirality"":0}","{""all_atoms_connected"":0.0,""bond_angles"":0.0,""bond_lengths"":0.0,""bonds"":0.0,""double_bond_stereochemistry"":0.0,""energy_ratio"":0.08333333333333333,""file_loads"":0.0,""inchi_convertible"":0.0,""internal_steric_clash"":0.5,""molecular_formula"":0.0,""no_radicals"":0.0,""planar_aromatic_rings"":0.0,""planar_double_bonds"":0.0,""reference_file_loads"":0.0,""sanitisation"":0.0,""tetrahedral_chirality"":0.0}",6,98.75307949735056,1.837879030411727,2.4133598056090357,6.0,100.0,0.9999999999999999,0.16666666666666666,5.999999999999998,0.16666666666666669,1.0,3.0,50.0,0.920619835714305,0.5,2.7494592739972052,0.3888888888888889,0.3333333333333333,2.0,33.333333333333336,1.0,0.5,2.0,0.5,0.0,1.0,16.666666666666668,0.0,1.0,1.0,1.0,0.0,6,72.6955184361941,106.47554547860568,87.43139192870635,10.094456384768089,0.7057016918546053,1.687074812182829,0.0,0.0,1.0,1.0,0.54755443523332,1.6542054690866566,0.0,0.0,1.0,1.0,1000,0,0,0,0,0,12,0,0,0,0,6,12,12,core
1p1n_1p1n_conf0,generation,torsional_diffusion_raw,fixed,,torsional_diffusion_raw_fixed,Torsional Diffusion,torsional_diffusion_raw_fixed,4,15,587,0.7,587,580,7,0.9880749574105622,1000,587,413,0.587,"{""all_atoms_connected"":0,""bond_angles"":0,""bond_lengths"":0,""bonds"":0,""double_bond_stereochemistry"":0,""energy_ratio"":227,""file_loads"":0,""inchi_convertible"":0,""internal_steric_clash"":253,""molecular_formula"":0,""no_radicals"":0,""planar_aromatic_rings"":0,""planar_double_bonds"":135,""reference_file_loads"":0,""sanitisation"":0,""tetrahedral_chirality"":0}","{""all_atoms_connected"":0.0,""bond_angles"":0.0,""bond_lengths"":0.0,""bonds"":0.0,""double_bond_stereochemistry"":0.0,""energy_ratio"":0.227,""file_loads"":0.0,""inchi_convertible"":0.0,""internal_steric_clash"":0.253,""molecular_formula"":0.0,""no_radicals"":0.0,""planar_aromatic_rings"":0.0,""planar_double_bonds"":0.135,""reference_file_loads"":0.0,""sanitisation"":0.0,""tetrahedral_chirality"":0.0}",587,97.00210107459586,1.2330305804461392,1.6737299685926534,190.0,32.3679727427598,0.940663890190187,0.02555366269165247,139.16858996568908,0.009347909997707281,0.3736842105263158,15.0,2.5553662691652472,0.8208923744544105,0.21805792163543442,9.235158345344734,0.13919708389321148,0.0,1.0,0.17035775127768313,0.0,1.0,1.0,1.0,0.0,1.0,0.17035775127768313,0.0,1.0,1.0,1.0,0.0,587,50.20314880439453,42861.13588420711,120.5957222334191,1764.3098498638615,0.35771810528519854,1.2547641404884606,0.0,1.0,1.0,1.0,0.41065546337386294,1.2169495330687754,0.0,1.0,1.0,1.0,1000,0,0,0,0,0,1000,0,0,0,0,587,1000,1000,core
1p1n_1p1n_conf0,generation,torsional_diffusion_raw,dynamic,,torsional_diffusion_raw_dynamic,Torsional Diffusion,torsional_diffusion_raw_dynamic,4,15,33,0.7,33,32,1,0.9696969696969697,68,33,35,0.4852941176470588,"{""all_atoms_connected"":0,""bond_angles"":0,""bond_lengths"":0,""bonds"":0,""double_bond_stereochemistry"":0,""energy_ratio"":15,""file_loads"":0,""inchi_convertible"":0,""internal_steric_clash"":25,""molecular_formula"":0,""no_radicals"":0,""planar_aromatic_rings"":0,""planar_double_bonds"":8,""reference_file_loads"":0,""sanitisation"":0,""tetrahedral_chirality"":0}","{""all_atoms_connected"":0.0,""bond_angles"":0.0,""bond_lengths"":0.0,""bonds"":0.0,""double_bond_stereochemistry"":0.0,""energy_ratio"":0.22058823529411764,""file_loads"":0.0,""inchi_convertible"":0.0,""internal_steric_clash"":0.36764705882352944,""molecular_formula"":0.0,""no_radicals"":0.0,""planar_aromatic_rings"":0.0,""planar_double_bonds"":0.11764705882352941,""reference_file_loads"":0.0,""sanitisation"":0.0,""tetrahedral_chirality"":0.0}",33,96.95607024616747,1.282622375474254,1.6686694419467272,28.0,84.84848484848484,0.9862728866914597,0.06060606060606061,26.74808712118823,0.03948576675849402,0.8214285714285714,8.0,24.242424242424242,0.8650541232389063,0.3333333333333333,6.042570371781159,0.20110192837465565,0.25,1.0,3.0303030303030303,0.0,1.0,1.0,1.0,0.0,1.0,3.0303030303030303,0.0,1.0,1.0,1.0,0.0,33,78.74673261928382,42861.13588420711,115.18364856936319,7327.169078511103,0.675915514276994,1.2013522181094216,0.0,0.0,1.0,1.0,0.7067430143251456,1.1582715487130737,0.0,0.0,1.0,1.0,1000,0,0,0,0,0,68,0,0,0,0,33,68,68,core
1p1n_1p1n_conf0,generation,torsional_diffusion_raw,chembl_count,,torsional_diffusion_raw_chembl_count,Torsional Diffusion,torsional_diffusion_raw_chembl_count,4,15,16,0.7,16,15,1,0.9375,23,16,7,0.6956521739130435,"{""all_atoms_connected"":0,""bond_angles"":0,""bond_lengths"":0,""bonds"":0,""double_bond_stereochemistry"":0,""energy_ratio"":6,""file_loads"":0,""inchi_convertible"":0,""internal_steric_clash"":6,""molecular_formula"":0,""no_radicals"":0,""planar_aromatic_rings"":0,""planar_double_bonds"":0,""reference_file_loads"":0,""sanitisation"":0,""tetrahedral_chirality"":0}","{""all_atoms_connected"":0.0,""bond_angles"":0.0,""bond_lengths"":0.0,""bonds"":0.0,""double_bond_stereochemistry"":0.0,""energy_ratio"":0.2608695652173913,""file_loads"":0.0,""inchi_convertible"":0.0,""internal_steric_clash"":0.2608695652173913,""molecular_formula"":0.0,""no_radicals"":0.0,""planar_aromatic_rings"":0.0,""planar_double_bonds"":0.0,""reference_file_loads"":0.0,""sanitisation"":0.0,""tetrahedral_chirality"":0.0}",16,100.51632313084691,1.2411261376502687,1.6491132296934266,15.0,93.75,0.9918373461380351,0.125,14.672064691274741,0.0703125,0.9333333333333333,7.0,43.75,0.8846257998344363,0.375,5.592365265054204,0.21875,0.42857142857142855,1.0,6.25,0.0,1.0,1.0,1.0,0.0,1.0,6.25,0.0,1.0,1.0,1.0,0.0,16,83.79955247584716,42861.13588420711,140.27032156058286,10342.19365052119,0.9071872191734835,1.4349103961790806,0.0,0.0,0.0,1.0,0.8870082133067381,1.4127806175313138,0.0,0.0,0.0,1.0,1000,0,0,0,0,0,23,0,0,0,0,16,23,23,core
1pxn_1pxn_conf0,generation,torsional_diffusion_raw,fixed,,torsional_diffusion_raw_fixed,Torsional Diffusion,torsional_diffusion_raw_fixed,5,22,989,0.7,989,989,0,1.0,1000,989,11,0.989,"{""all_atoms_connected"":0,""bond_angles"":0,""bond_lengths"":0,""bonds"":0,""double_bond_stereochemistry"":0,""energy_ratio"":11,""file_loads"":0,""inchi_convertible"":0,""internal_steric_clash"":0,""molecular_formula"":0,""no_radicals"":0,""planar_aromatic_rings"":0,""planar_double_bonds"":0,""reference_file_loads"":0,""sanitisation"":0,""tetrahedral_chirality"":0}","{""all_atoms_connected"":0.0,""bond_angles"":0.0,""bond_lengths"":0.0,""bonds"":0.0,""double_bond_stereochemistry"":0.0,""energy_ratio"":0.011,""file_loads"":0.0,""inchi_convertible"":0.0,""internal_steric_clash"":0.0,""molecular_formula"":0.0,""no_radicals"":0.0,""planar_aromatic_rings"":0.0,""planar_double_bonds"":0.0,""reference_file_loads"":0.0,""sanitisation"":0.0,""tetrahedral_chirality"":0.0}",989,117.04940923808363,1.5926668257044223,2.5037302564062576,37.0,3.7411526794742165,0.7268050040339702,0.12841253791708795,13.796752081724506,0.08773658882694474,0.40540540540540543,8.0,0.8088978766430738,0.6850108367847109,0.29221435793731043,4.155530054762641,0.2513114430627703,0.25,2.0,0.20222446916076844,0.9876925088958033,0.5652173913043478,1.9830107642760253,0.5085066162570888,0.0,1.0,0.10111223458038422,0.0,1.0,1.0,1.0,0.0,989,-53.98384340335478,122.15997929303711,-6.586173057934531,27.443939169387757,0.11219069191943364,1.8056295121024977,1.0,1.0,1.0,1.0,0.18576240912879233,1.777573320927243,1.0,1.0,1.0,1.0,1000,0,0,0,0,0,1000,0,0,0,0,989,1000,1000,core
1pxn_1pxn_conf0,generation,torsional_diffusion_raw,dynamic,,torsional_diffusion_raw_dynamic,Torsional Diffusion,torsional_diffusion_raw_dynamic,5,22,90,0.7,90,90,0,1.0,90,90,0,1.0,"{""all_atoms_connected"":0,""bond_angles"":0,""bond_lengths"":0,""bonds"":0,""double_bond_stereochemistry"":0,""energy_ratio"":0,""file_loads"":0,""inchi_convertible"":0,""internal_steric_clash"":0,""molecular_formula"":0,""no_radicals"":0,""planar_aromatic_rings"":0,""planar_double_bonds"":0,""reference_file_loads"":0,""sanitisation"":0,""tetrahedral_chirality"":0}","{""all_atoms_connected"":0.0,""bond_angles"":0.0,""bond_lengths"":0.0,""bonds"":0.0,""double_bond_stereochemistry"":0.0,""energy_ratio"":0.0,""file_loads"":0.0,""inchi_convertible"":0.0,""internal_steric_clash"":0.0,""molecular_formula"":0.0,""no_radicals"":0.0,""planar_aromatic_rings"":0.0,""planar_double_bonds"":0.0,""reference_file_loads"":0.0,""sanitisation"":0.0,""tetrahedral_chirality"":0.0}",90,115.98692864508749,1.6089976445018137,2.3618253612415603,15.0,16.666666666666668,0.9010281390736576,0.16666666666666666,11.47337843626428,0.10074074074074073,0.26666666666666666,5.0,5.555555555555555,0.8717664494279295,0.3333333333333333,4.067603374329943,0.2587654320987654,0.2,2.0,2.2222222222222223,0.9824740868386409,0.5777777777777777,1.9758509044500678,0.5120987654320988,0.0,1.0,1.1111111111111112,0.0,1.0,1.0,1.0,0.0,90,-45.75284897066815,101.7547841806959,-3.8958622095774587,27.31780816127532,0.16967134651938598,1.8388584889974209,1.0,1.0,1.0,1.0,0.2537750081363662,1.8041929435361022,0.0,1.0,1.0,1.0,1000,0,0,0,0,0,90,0,0,0,0,90,90,90,core
1pxn_1pxn_conf0,generation,torsional_diffusion_raw,chembl_count,,torsional_diffusion_raw_chembl_count,Torsional Diffusion,torsional_diffusion_raw_chembl_count,5,22,197,0.7,197,197,0,1.0,200,197,3,0.985,"{""all_atoms_connected"":0,""bond_angles"":0,""bond_lengths"":0,""bonds"":0,""double_bond_stereochemistry"":0,""energy_ratio"":3,""file_loads"":0,""inchi_convertible"":0,""internal_steric_clash"":0,""molecular_formula"":0,""no_radicals"":0,""planar_aromatic_rings"":0,""planar_double_bonds"":0,""reference_file_loads"":0,""sanitisation"":0,""tetrahedral_chirality"":0}","{""all_atoms_connected"":0.0,""bond_angles"":0.0,""bond_lengths"":0.0,""bonds"":0.0,""double_bond_stereochemistry"":0.0,""energy_ratio"":0.015,""file_loads"":0.0,""inchi_convertible"":0.0,""internal_steric_clash"":0.0,""molecular_formula"":0.0,""no_radicals"":0.0,""planar_aromatic_rings"":0.0,""planar_double_bonds"":0.0,""reference_file_loads"":0.0,""sanitisation"":0.0,""tetrahedral_chirality"":0.0}",197,117.25133219816648,1.6367769268357952,2.4926149983833605,17.0,8.629441624365482,0.8618125794433461,0.14720812182741116,11.492548859963668,0.10093019660388054,0.23529411764705882,4.0,2.030456852791878,0.9947850707143019,0.2893401015228426,3.971186569540815,0.2536267360663763,0.0,2.0,1.015228426395939,0.999535272110375,0.5126903553299492,1.9993558541004206,0.5003220902368007,0.0,1.0,0.5076142131979695,0.0,1.0,1.0,1.0,0.0,197,-46.48227722051287,109.38026218447325,-11.020865479064753,27.44299056351124,0.1698857072336207,1.9305547800636196,1.0,1.0,1.0,1.0,0.18576240912879233,1.8487958105717948,1.0,1.0,1.0,1.0,1000,0,0,0,0,0,200,0,0,0,0,197,200,200,core
1sqa_1sqa_conf0,generation,torsional_diffusion_raw,fixed,,torsional_diffusion_raw_fixed,Torsional Diffusion,torsional_diffusion_raw_fixed,7,31,525,0.7,525,518,7,0.9866666666666667,1000,525,475,0.525,"{""all_atoms_connected"":0,""bond_angles"":0,""bond_lengths"":0,""bonds"":0,""double_bond_stereochemistry"":0,""energy_ratio"":45,""file_loads"":0,""inchi_convertible"":0,""internal_steric_clash"":469,""molecular_formula"":0,""no_radicals"":0,""planar_aromatic_rings"":0,""planar_double_bonds"":0,""reference_file_loads"":0,""sanitisation"":0,""tetrahedral_chirality"":0}","{""all_atoms_connected"":0.0,""bond_angles"":0.0,""bond_lengths"":0.0,""bonds"":0.0,""double_bond_stereochemistry"":0.0,""energy_ratio"":0.045,""file_loads"":0.0,""inchi_convertible"":0.0,""internal_steric_clash"":0.469,""molecular_formula"":0.0,""no_radicals"":0.0,""planar_aromatic_rings"":0.0,""planar_double_bonds"":0.0,""reference_file_loads"":0.0,""sanitisation"":0.0,""tetrahedral_chirality"":0.0}",525,105.5640947522308,2.3215614474874893,3.290481406090331,212.0,40.38095238095238,0.9250492103406982,0.03238095238095238,141.8976330342534,0.010271201814058958,0.5707547169811321,44.0,8.380952380952381,0.8338689070361556,0.14857142857142858,23.4651906493611,0.06065850340136054,0.22727272727272727,6.0,1.1428571428571428,0.9408239206990213,0.28,5.396389769548095,0.2002249433106576,0.0,2.0,0.38095238095238093,0.9827602043210514,0.5771428571428572,1.976242797076152,0.5119020408163266,0.0,525,18.009198230693904,1641.3119565688266,57.92612254010626,79.65548384217625,0.490280149449895,2.284734302738055,0.0,1.0,1.0,1.0,0.44058390014959004,2.3443688340049147,0.0,1.0,1.0,1.0,1000,0,0,0,0,0,1000,0,0,0,0,525,1000,1000,core
1sqa_1sqa_conf0,generation,torsional_diffusion_raw,dynamic,,torsional_diffusion_raw_dynamic,Torsional Diffusion,torsional_diffusion_raw_dynamic,7,31,69,0.7,69,68,1,0.9855072463768116,134,69,65,0.5149253731343284,"{""all_atoms_connected"":0,""bond_angles"":0,""bond_lengths"":0,""bonds"":0,""double_bond_stereochemistry"":0,""energy_ratio"":3,""file_loads"":0,""inchi_convertible"":0,""internal_steric_clash"":65,""molecular_formula"":0,""no_radicals"":0,""planar_aromatic_rings"":0,""planar_double_bonds"":0,""reference_file_loads"":0,""sanitisation"":0,""tetrahedral_chirality"":0}","{""all_atoms_connected"":0.0,""bond_angles"":0.0,""bond_lengths"":0.0,""bonds"":0.0,""double_bond_stereochemistry"":0.0,""energy_ratio"":0.022388059701492536,""file_loads"":0.0,""inchi_convertible"":0.0,""internal_steric_clash"":0.48507462686567165,""molecular_formula"":0.0,""no_radicals"":0.0,""planar_aromatic_rings"":0.0,""planar_double_bonds"":0.0,""reference_file_loads"":0.0,""sanitisation"":0.0,""tetrahedral_chirality"":0.0}",69,105.04964866018237,2.2332500166678892,3.197197455751173,49.0,71.01449275362319,0.9598971825224408,0.07246376811594203,41.919341820389334,0.02919554715395925,0.7755102040816326,19.0,27.536231884057973,0.8974954201427454,0.21739130434782608,14.049973345937563,0.0930476790590212,0.3157894736842105,4.0,5.797101449275362,0.8211089206869601,0.5217391304347826,3.121453212480289,0.36904011762234823,0.0,2.0,2.898550724637681,0.9815886212101388,0.5797101449275363,1.9746385822172836,0.5127074144087377,0.0,69,18.009198230693904,228.9192596784782,54.96688967254974,30.935875837939793,1.0204973090971723,1.5099829408066265,0.0,0.0,0.0,1.0,0.9872481005444608,1.4644744474377596,0.0,0.0,0.0,1.0,1000,0,0,0,0,0,134,0,0,0,0,69,134,134,core
1sqa_1sqa_conf0,generation,torsional_diffusion_raw,chembl_count,,torsional_diffusion_raw_chembl_count,Torsional Diffusion,torsional_diffusion_raw_chembl_count,7,31,111,0.7,111,110,1,0.990990990990991,200,111,89,0.555,"{""all_atoms_connected"":0,""bond_angles"":0,""bond_lengths"":0,""bonds"":0,""double_bond_stereochemistry"":0,""energy_ratio"":4,""file_loads"":0,""inchi_convertible"":0,""internal_steric_clash"":89,""molecular_formula"":0,""no_radicals"":0,""planar_aromatic_rings"":0,""planar_double_bonds"":0,""reference_file_loads"":0,""sanitisation"":0,""tetrahedral_chirality"":0}","{""all_atoms_connected"":0.0,""bond_angles"":0.0,""bond_lengths"":0.0,""bonds"":0.0,""double_bond_stereochemistry"":0.0,""energy_ratio"":0.02,""file_loads"":0.0,""inchi_convertible"":0.0,""internal_steric_clash"":0.445,""molecular_formula"":0.0,""no_radicals"":0.0,""planar_aromatic_rings"":0.0,""planar_double_bonds"":0.0,""reference_file_loads"":0.0,""sanitisation"":0.0,""tetrahedral_chirality"":0.0}",111,109.75331802433118,2.287863355026257,3.3260836848175446,73.0,65.76576576576576,0.9595613305948184,0.05405405405405406,61.37232313231647,0.020047074101128153,0.726027397260274,23.0,20.72072072072072,0.864677633636951,0.15315315315315314,15.0471968632235,0.0867624381137895,0.30434782608695654,5.0,4.504504504504505,0.9060355255581883,0.40540540540540543,4.298249835496021,0.2651570489408327,0.0,2.0,1.8018018018018018,0.9630928243932296,0.6126126126126126,1.9494846894769937,0.5253632010388767,0.0,111,23.810315901412793,1641.3119565688266,56.081852350286546,151.66114832185076,0.490280149449895,1.5590344621801902,0.0,1.0,1.0,1.0,0.5604591647320945,1.4787755104886078,0.0,0.0,1.0,1.0,1000,0,0,0,0,0,200,0,0,0,0,111,200,200,core
1uto_1uto_conf0,generation,torsional_diffusion_raw,fixed,,torsional_diffusion_raw_fixed,Torsional Diffusion,torsional_diffusion_raw_fixed,3,9,991,0.7,991,991,0,1.0,1000,991,9,0.991,"{""all_atoms_connected"":0,""bond_angles"":0,""bond_lengths"":0,""bonds"":0,""double_bond_stereochemistry"":0,""energy_ratio"":9,""file_loads"":0,""inchi_convertible"":0,""internal_steric_clash"":0,""molecular_formula"":0,""no_radicals"":0,""planar_aromatic_rings"":0,""planar_double_bonds"":0,""reference_file_loads"":0,""sanitisation"":0,""tetrahedral_chirality"":0}","{""all_atoms_connected"":0.0,""bond_angles"":0.0,""bond_lengths"":0.0,""bonds"":0.0,""double_bond_stereochemistry"":0.0,""energy_ratio"":0.009,""file_loads"":0.0,""inchi_convertible"":0.0,""internal_steric_clash"":0.0,""molecular_formula"":0.0,""no_radicals"":0.0,""planar_aromatic_rings"":0.0,""planar_double_bonds"":0.0,""reference_file_loads"":0.0,""sanitisation"":0.0,""tetrahedral_chirality"":0.0}",991,99.3343752540821,0.5042662499004809,0.7785406179892114,5.0,0.5045408678102926,0.8420134912166185,0.3521695257315843,3.8774139959738085,0.2908018788674254,0.0,1.0,0.10090817356205853,0.0,1.0,1.0,1.0,0.0,1.0,0.10090817356205853,0.0,1.0,1.0,1.0,0.0,1.0,0.10090817356205853,0.0,1.0,1.0,1.0,0.0,991,30.945568373354483,86.84748613406636,39.265750788053765,6.347317906711748,0.0742396000364341,0.6857954832648474,1.0,1.0,1.0,1.0,0.12110831884356749,0.7189235479419684,1.0,1.0,1.0,1.0,1000,0,0,0,0,0,1000,0,0,0,0,991,1000,1000,core
1uto_1uto_conf0,generation,torsional_diffusion_raw,dynamic,,torsional_diffusion_raw_dynamic,Torsional Diffusion,torsional_diffusion_raw_dynamic,3,9,46,0.7,46,46,0,1.0,46,46,0,1.0,"{""all_atoms_connected"":0,""bond_angles"":0,""bond_lengths"":0,""bonds"":0,""double_bond_stereochemistry"":0,""energy_ratio"":0,""file_loads"":0,""inchi_convertible"":0,""internal_steric_clash"":0,""molecular_formula"":0,""no_radicals"":0,""planar_aromatic_rings"":0,""planar_double_bonds"":0,""reference_file_loads"":0,""sanitisation"":0,""tetrahedral_chirality"":0}","{""all_atoms_connected"":0.0,""bond_angles"":0.0,""bond_lengths"":0.0,""bonds"":0.0,""double_bond_stereochemistry"":0.0,""energy_ratio"":0.0,""file_loads"":0.0,""inchi_convertible"":0.0,""internal_steric_clash"":0.0,""molecular_formula"":0.0,""no_radicals"":0.0,""planar_aromatic_rings"":0.0,""planar_double_bonds"":0.0,""reference_file_loads"":0.0,""sanitisation"":0.0,""tetrahedral_chirality"":0.0}",46,96.33866323546253,0.4816210423246027,0.7424176979191378,4.0,8.695652173913043,0.856216155289179,0.45652173913043476,3.2771286518448477,0.33553875236294894,0.0,1.0,2.1739130434782608,0.0,1.0,1.0,1.0,0.0,1.0,2.1739130434782608,0.0,1.0,1.0,1.0,0.0,1.0,2.1739130434782608,0.0,1.0,1.0,1.0,0.0,46,33.537383492257234,53.10769920714755,39.02036999292867,4.056880799907716,0.13646671230798688,0.713898764182122,1.0,1.0,1.0,1.0,0.17985867981686388,0.759414770806156,1.0,1.0,1.0,1.0,1000,0,0,0,0,0,46,0,0,0,0,46,46,46,core
1uto_1uto_conf0,generation,torsional_diffusion_raw,chembl_count,,torsional_diffusion_raw_chembl_count,Torsional Diffusion,torsional_diffusion_raw_chembl_count,3,9,7,0.7,7,7,0,1.0,7,7,0,1.0,"{""all_atoms_connected"":0,""bond_angles"":0,""bond_lengths"":0,""bonds"":0,""double_bond_stereochemistry"":0,""energy_ratio"":0,""file_loads"":0,""inchi_convertible"":0,""internal_steric_clash"":0,""molecular_formula"":0,""no_radicals"":0,""planar_aromatic_rings"":0,""planar_double_bonds"":0,""reference_file_loads"":0,""sanitisation"":0,""tetrahedral_chirality"":0}","{""all_atoms_connected"":0.0,""bond_angles"":0.0,""bond_lengths"":0.0,""bonds"":0.0,""double_bond_stereochemistry"":0.0,""energy_ratio"":0.0,""file_loads"":0.0,""inchi_convertible"":0.0,""internal_steric_clash"":0.0,""molecular_formula"":0.0,""no_radicals"":0.0,""planar_aromatic_rings"":0.0,""planar_double_bonds"":0.0,""reference_file_loads"":0.0,""sanitisation"":0.0,""tetrahedral_chirality"":0.0}",7,88.17472205352333,0.39892604422400507,0.7048576109078097,2.0,28.571428571428573,0.5916727785823274,0.8571428571428571,1.5069930657725377,0.7551020408163265,0.5,1.0,14.285714285714286,0.0,1.0,1.0,1.0,0.0,1.0,14.285714285714286,0.0,1.0,1.0,1.0,0.0,1.0,14.285714285714286,0.0,1.0,1.0,1.0,0.0,7,35.58743630107375,44.68876345192942,40.55383886752473,2.61547508686282,0.29260491467784455,0.723174598179305,0.0,1.0,1.0,1.0,0.2947951403041284,0.7982120543436247,0.0,1.0,1.0,1.0,1000,0,0,0,0,0,7,0,0,0,0,7,7,7,core
1yc1_1yc1_conf0,generation,torsional_diffusion_raw,fixed,,torsional_diffusion_raw_fixed,Torsional Diffusion,torsional_diffusion_raw_fixed,6,27,988,0.7,988,988,0,1.0,1000,988,12,0.988,"{""all_atoms_connected"":0,""bond_angles"":0,""bond_lengths"":0,""bonds"":0,""double_bond_stereochemistry"":0,""energy_ratio"":11,""file_loads"":0,""inchi_convertible"":0,""internal_steric_clash"":6,""molecular_formula"":0,""no_radicals"":0,""planar_aromatic_rings"":0,""planar_double_bonds"":0,""reference_file_loads"":0,""sanitisation"":0,""tetrahedral_chirality"":0}","{""all_atoms_connected"":0.0,""bond_angles"":0.0,""bond_lengths"":0.0,""bonds"":0.0,""double_bond_stereochemistry"":0.0,""energy_ratio"":0.011,""file_loads"":0.0,""inchi_convertible"":0.0,""internal_steric_clash"":0.006,""molecular_formula"":0.0,""no_radicals"":0.0,""planar_aromatic_rings"":0.0,""planar_double_bonds"":0.0,""reference_file_loads"":0.0,""sanitisation"":0.0,""tetrahedral_chirality"":0.0}",988,98.64338675641507,1.4171601862042893,2.1042815649956057,62.0,6.275303643724697,0.819620777838668,0.09817813765182186,29.44974039402772,0.04698896884066286,0.24193548387096775,12.0,1.214574898785425,0.8168218242450257,0.21761133603238866,7.612000253666301,0.1523094953203626,0.08333333333333333,2.0,0.20242914979757085,0.8096699666392434,0.7510121457489879,1.7528104208843476,0.6260141946270223,0.0,1.0,0.10121457489878542,0.0,1.0,1.0,1.0,0.0,988,56.622880996638216,722.6451549222361,84.29608643410661,36.42504615263958,0.3404766496546452,1.4268472692224754,0.0,1.0,1.0,1.0,0.26265660106188643,1.3955678900922472,0.0,1.0,1.0,1.0,1000,0,0,0,0,0,1000,0,0,0,0,988,1000,1000,core
1yc1_1yc1_conf0,generation,torsional_diffusion_raw,dynamic,,torsional_diffusion_raw_dynamic,Torsional Diffusion,torsional_diffusion_raw_dynamic,6,27,111,0.7,111,111,0,1.0,112,111,1,0.9910714285714286,"{""all_atoms_connected"":0,""bond_angles"":0,""bond_lengths"":0,""bonds"":0,""double_bond_stereochemistry"":0,""energy_ratio"":1,""file_loads"":0,""inchi_convertible"":0,""internal_steric_clash"":1,""molecular_formula"":0,""no_radicals"":0,""planar_aromatic_rings"":0,""planar_double_bonds"":0,""reference_file_loads"":0,""sanitisation"":0,""tetrahedral_chirality"":0}","{""all_atoms_connected"":0.0,""bond_angles"":0.0,""bond_lengths"":0.0,""bonds"":0.0,""double_bond_stereochemistry"":0.0,""energy_ratio"":0.008928571428571428,""file_loads"":0.0,""inchi_convertible"":0.0,""internal_steric_clash"":0.008928571428571428,""molecular_formula"":0.0,""no_radicals"":0.0,""planar_aromatic_rings"":0.0,""planar_double_bonds"":0.0,""reference_file_loads"":0.0,""sanitisation"":0.0,""tetrahedral_chirality"":0.0}",111,97.05968383318782,1.3739128621906567,2.080406902961914,26.0,23.423423423423422,0.8950735310389498,0.13513513513513514,18.471628729470265,0.06712117522928333,0.34615384615384615,8.0,7.207207207207207,0.8818788286799351,0.35135135135135137,6.257717306481485,0.19941563184806427,0.0,2.0,1.8018018018018018,0.7183098216110975,0.8018018018018018,1.6452534209129124,0.6821686551416282,0.0,1.0,0.9009009009009009,0.0,1.0,1.0,1.0,0.0,111,60.83193626356769,274.47377602981607,82.53715902754927,23.867478285457665,0.4345687230445912,1.3893369850269275,0.0,1.0,1.0,1.0,0.3572149720554278,1.36078535869371,0.0,1.0,1.0,1.0,1000,0,0,0,0,0,112,0,0,0,0,111,112,112,core
1yc1_1yc1_conf0,generation,torsional_diffusion_raw,chembl_count,,torsional_diffusion_raw_chembl_count,Torsional Diffusion,torsional_diffusion_raw_chembl_count,6,27,166,0.7,166,166,0,1.0,168,166,2,0.988095238095238,"{""all_atoms_connected"":0,""bond_angles"":0,""bond_lengths"":0,""bonds"":0,""double_bond_stereochemistry"":0,""energy_ratio"":2,""file_loads"":0,""inchi_convertible"":0,""internal_steric_clash"":1,""molecular_formula"":0,""no_radicals"":0,""planar_aromatic_rings"":0,""planar_double_bonds"":0,""reference_file_loads"":0,""sanitisation"":0,""tetrahedral_chirality"":0}","{""all_atoms_connected"":0.0,""bond_angles"":0.0,""bond_lengths"":0.0,""bonds"":0.0,""double_bond_stereochemistry"":0.0,""energy_ratio"":0.011904761904761904,""file_loads"":0.0,""inchi_convertible"":0.0,""internal_steric_clash"":0.005952380952380952,""molecular_formula"":0.0,""no_radicals"":0.0,""planar_aromatic_rings"":0.0,""planar_double_bonds"":0.0,""reference_file_loads"":0.0,""sanitisation"":0.0,""tetrahedral_chirality"":0.0}",166,101.02087599056394,1.3780452651984394,2.064988019356457,31.0,18.674698795180724,0.8568164018182339,0.14457831325301204,18.959337617615216,0.06880534184932499,0.41935483870967744,11.0,6.626506024096385,0.8392956355149094,0.23493975903614459,7.482320991834811,0.1598925823777036,0.09090909090909091,2.0,1.2048192771084338,0.6261776539736494,0.8433734939759037,1.5434702268225866,0.7358107127304399,0.0,1.0,0.6024096385542169,0.0,1.0,1.0,1.0,0.0,166,59.72611792976218,260.90387270199426,85.06388020389619,22.36458150965512,0.4054185596613645,1.4155423445743558,0.0,1.0,1.0,1.0,0.3250163248454696,1.3771954141975629,0.0,1.0,1.0,1.0,1000,0,0,0,0,0,168,0,0,0,0,166,168,168,core
1ydr_1ydr_conf0,generation,torsional_diffusion_raw,fixed,,torsional_diffusion_raw_fixed,Torsional Diffusion,torsional_diffusion_raw_fixed,2,20,936,0.7,936,935,1,0.9989316239316239,1000,936,64,0.936,"{""all_atoms_connected"":0,""bond_angles"":0,""bond_lengths"":0,""bonds"":0,""double_bond_stereochemistry"":0,""energy_ratio"":62,""file_loads"":0,""inchi_convertible"":0,""internal_steric_clash"":22,""molecular_formula"":0,""no_radicals"":0,""planar_aromatic_rings"":0,""planar_double_bonds"":0,""reference_file_loads"":0,""sanitisation"":0,""tetrahedral_chirality"":0}","{""all_atoms_connected"":0.0,""bond_angles"":0.0,""bond_lengths"":0.0,""bonds"":0.0,""double_bond_stereochemistry"":0.0,""energy_ratio"":0.062,""file_loads"":0.0,""inchi_convertible"":0.0,""internal_steric_clash"":0.022,""molecular_formula"":0.0,""no_radicals"":0.0,""planar_aromatic_rings"":0.0,""planar_double_bonds"":0.0,""reference_file_loads"":0.0,""sanitisation"":0.0,""tetrahedral_chirality"":0.0}",936,98.4858307308284,1.5568309311043924,2.0724636610065303,191.0,20.405982905982906,0.9394701833226781,0.023504273504273504,138.98336925259557,0.009042388048798304,0.225130890052356,23.0,2.4572649572649574,0.9221469277879422,0.12072649572649573,18.018272075415968,0.06475774344364088,0.043478260869565216,2.0,0.21367521367521367,0.9979406053054308,0.5267094017094017,1.9971471094307902,0.5014267842793484,0.0,1.0,0.10683760683760683,0.0,1.0,1.0,1.0,0.0,936,106.66513518684013,14320.233760832976,150.36882368059617,477.1394594317746,0.3251126624762785,1.5786522249015582,0.0,1.0,1.0,1.0,0.37887357181425735,1.629274878360541,0.0,1.0,1.0,1.0,1000,0,0,0,0,0,1000,0,0,0,0,936,1000,1000,core
1ydr_1ydr_conf0,generation,torsional_diffusion_raw,dynamic,,torsional_diffusion_raw_dynamic,Torsional Diffusion,torsional_diffusion_raw_dynamic,2,20,23,0.7,23,23,0,1.0,24,23,1,0.9583333333333334,"{""all_atoms_connected"":0,""bond_angles"":0,""bond_lengths"":0,""bonds"":0,""double_bond_stereochemistry"":0,""energy_ratio"":1,""file_loads"":0,""inchi_convertible"":0,""internal_steric_clash"":1,""molecular_formula"":0,""no_radicals"":0,""planar_aromatic_rings"":0,""planar_double_bonds"":0,""reference_file_loads"":0,""sanitisation"":0,""tetrahedral_chirality"":0}","{""all_atoms_connected"":0.0,""bond_angles"":0.0,""bond_lengths"":0.0,""bonds"":0.0,""double_bond_stereochemistry"":0.0,""energy_ratio"":0.041666666666666664,""file_loads"":0.0,""inchi_convertible"":0.0,""internal_steric_clash"":0.041666666666666664,""molecular_formula"":0.0,""no_radicals"":0.0,""planar_aromatic_rings"":0.0,""planar_double_bonds"":0.0,""reference_file_loads"":0.0,""sanitisation"":0.0,""tetrahedral_chirality"":0.0}",23,93.37044730157703,1.4968035201752101,2.143384681122956,19.0,82.6086956521739,0.9752790414250259,0.13043478260869565,17.66613667906696,0.06238185255198487,0.8421052631578947,8.0,34.78260869565217,0.9285182106996263,0.21739130434782608,6.895019501085529,0.1606805293005671,0.25,2.0,8.695652173913043,0.9321115676166747,0.6521739130434783,1.9080666514863638,0.5463137996219282,0.0,1.0,4.3478260869565215,0.0,1.0,1.0,1.0,0.0,23,125.62629824617127,243.7501739871278,157.22368603262123,29.56192649110904,0.429761350527865,1.3446868094490172,0.0,1.0,1.0,1.0,0.42326520271011814,1.3457791475088277,0.0,1.0,1.0,1.0,1000,0,0,0,0,0,24,0,0,0,0,23,24,24,core
1ydr_1ydr_conf0,generation,torsional_diffusion_raw,chembl_count,,torsional_diffusion_raw_chembl_count,Torsional Diffusion,torsional_diffusion_raw_chembl_count,2,20,15,0.7,15,15,0,1.0,16,15,1,0.9375,"{""all_atoms_connected"":0,""bond_angles"":0,""bond_lengths"":0,""bonds"":0,""double_bond_stereochemistry"":0,""energy_ratio"":1,""file_loads"":0,""inchi_convertible"":0,""internal_steric_clash"":0,""molecular_formula"":0,""no_radicals"":0,""planar_aromatic_rings"":0,""planar_double_bonds"":0,""reference_file_loads"":0,""sanitisation"":0,""tetrahedral_chirality"":0}","{""all_atoms_connected"":0.0,""bond_angles"":0.0,""bond_lengths"":0.0,""bonds"":0.0,""double_bond_stereochemistry"":0.0,""energy_ratio"":0.0625,""file_loads"":0.0,""inchi_convertible"":0.0,""internal_steric_clash"":0.0,""molecular_formula"":0.0,""no_radicals"":0.0,""planar_aromatic_rings"":0.0,""planar_double_bonds"":0.0,""reference_file_loads"":0.0,""sanitisation"":0.0,""tetrahedral_chirality"":0.0}",15,99.36902748006442,1.5231487991248207,2.043194736069744,12.0,80.0,0.9641843565827053,0.2,10.978163015357207,0.10222222222222224,0.8333333333333334,8.0,53.333333333333336,0.9576351984400188,0.2,7.325390128958805,0.1466666666666667,0.375,2.0,13.333333333333334,0.9182958340544894,0.6666666666666666,1.8898815748423097,0.5555555555555556,0.0,1.0,6.666666666666667,0.0,1.0,1.0,1.0,0.0,15,123.19558257228024,204.75111201916752,141.0026512029483,28.41486375837736,0.7542979430101188,1.6362348202983075,0.0,0.0,0.0,1.0,0.7595920790703784,1.6633575037016686,0.0,0.0,0.0,1.0,1000,0,0,0,0,0,16,0,0,0,0,15,16,16,core
1ydt_1ydt_conf0,generation,torsional_diffusion_raw,fixed,,torsional_diffusion_raw_fixed,Torsional Diffusion,torsional_diffusion_raw_fixed,8,27,566,0.7,566,487,79,0.8604240282685512,1000,566,434,0.566,"{""all_atoms_connected"":0,""bond_angles"":0,""bond_lengths"":0,""bonds"":0,""double_bond_stereochemistry"":104,""energy_ratio"":240,""file_loads"":0,""inchi_convertible"":0,""internal_steric_clash"":191,""molecular_formula"":0,""no_radicals"":0,""planar_aromatic_rings"":0,""planar_double_bonds"":216,""reference_file_loads"":0,""sanitisation"":0,""tetrahedral_chirality"":0}","{""all_atoms_connected"":0.0,""bond_angles"":0.0,""bond_lengths"":0.0,""bonds"":0.0,""double_bond_stereochemistry"":0.104,""energy_ratio"":0.24,""file_loads"":0.0,""inchi_convertible"":0.0,""internal_steric_clash"":0.191,""molecular_formula"":0.0,""no_radicals"":0.0,""planar_aromatic_rings"":0.0,""planar_double_bonds"":0.216,""reference_file_loads"":0.0,""sanitisation"":0.0,""tetrahedral_chirality"":0.0}",566,101.92887087887314,2.2699390624389655,3.096915314921611,531.0,93.81625441696113,0.9953644814849965,0.0088339222614841,515.7773838356648,0.002041478854774064,0.9453860640301318,175.0,30.918727915194346,0.9266387119825511,0.04063604240282685,119.80801930430029,0.011768157924309207,0.38857142857142857,13.0,2.2968197879858656,0.8642960707781676,0.2226148409893993,9.178608846736873,0.13366379902358627,0.0,2.0,0.35335689045936397,0.7031685163618207,0.8091872791519434,1.628076529185519,0.6911935471787636,0.0,566,32.417861399454246,1279886.1510301605,84.8158483362093,53833.47514886784,0.6242877259434314,2.184375875076418,0.0,0.0,1.0,1.0,0.7889936910699001,2.1846974605100042,0.0,0.0,0.0,1.0,1000,0,0,0,0,0,1000,0,0,0,0,566,1000,1000,core
1ydt_1ydt_conf0,generation,torsional_diffusion_raw,dynamic,,torsional_diffusion_raw_dynamic,Torsional Diffusion,torsional_diffusion_raw_dynamic,8,27,84,0.7,84,72,12,0.8571428571428571,156,84,72,0.5384615384615384,"{""all_atoms_connected"":0,""bond_angles"":0,""bond_lengths"":0,""bonds"":0,""double_bond_stereochemistry"":13,""energy_ratio"":46,""file_loads"":0,""inchi_convertible"":0,""internal_steric_clash"":31,""molecular_formula"":0,""no_radicals"":0,""planar_aromatic_rings"":0,""planar_double_bonds"":36,""reference_file_loads"":0,""sanitisation"":0,""tetrahedral_chirality"":0}","{""all_atoms_connected"":0.0,""bond_angles"":0.0,""bond_lengths"":0.0,""bonds"":0.0,""double_bond_stereochemistry"":0.08333333333333333,""energy_ratio"":0.2948717948717949,""file_loads"":0.0,""inchi_convertible"":0.0,""internal_steric_clash"":0.1987179487179487,""molecular_formula"":0.0,""no_radicals"":0.0,""planar_aromatic_rings"":0.0,""planar_double_bonds"":0.23076923076923078,""reference_file_loads"":0.0,""sanitisation"":0.0,""tetrahedral_chirality"":0.0}",84,101.4918950294074,2.263070543573546,3.1160186260891245,84.0,100.0,0.9999999999999998,0.011904761904761904,83.9999999999999,0.011904761904761904,1.0,58.0,69.04761904761905,0.9616108234710461,0.07142857142857142,49.62853382388083,0.024659863945578224,0.7413793103448276,10.0,11.904761904761905,0.8616504964749077,0.27380952380952384,7.271943508988115,0.16808390022675734,0.0,3.0,3.5714285714285716,0.9022274047232064,0.5595238095238095,2.6944608104278545,0.4101473922902495,0.0,84,37.04708928839784,3267.300436053979,95.79871694767746,539.0281518852588,0.9299378561723987,2.2401891927882405,0.0,0.0,0.0,1.0,1.1077902277637104,2.25057330618531,0.0,0.0,0.0,1.0,1000,0,0,0,0,0,156,0,0,0,0,84,156,156,core
1ydt_1ydt_conf0,generation,torsional_diffusion_raw,chembl_count,,torsional_diffusion_raw_chembl_count,Torsional Diffusion,torsional_diffusion_raw_chembl_count,8,27,87,0.7,87,81,6,0.9310344827586207,140,87,53,0.6214285714285714,"{""all_atoms_connected"":0,""bond_angles"":0,""bond_lengths"":0,""bonds"":0,""double_bond_stereochemistry"":5,""energy_ratio"":28,""file_loads"":0,""inchi_convertible"":0,""internal_steric_clash"":25,""molecular_formula"":0,""no_radicals"":0,""planar_aromatic_rings"":0,""planar_double_bonds"":25,""reference_file_loads"":0,""sanitisation"":0,""tetrahedral_chirality"":0}","{""all_atoms_connected"":0.0,""bond_angles"":0.0,""bond_lengths"":0.0,""bonds"":0.0,""double_bond_stereochemistry"":0.03571428571428571,""energy_ratio"":0.2,""file_loads"":0.0,""inchi_convertible"":0.0,""internal_steric_clash"":0.17857142857142858,""molecular_formula"":0.0,""no_radicals"":0.0,""planar_aromatic_rings"":0.0,""planar_double_bonds"":0.17857142857142858,""reference_file_loads"":0.0,""sanitisation"":0.0,""tetrahedral_chirality"":0.0}",87,99.0183251658145,2.217072657771737,3.0241470765532474,85.0,97.70114942528735,0.99670774963886,0.034482758620689655,83.76581060965661,0.012286959968291721,0.9882352941176471,58.0,66.66666666666667,0.9599868514398233,0.06896551724137931,49.302357587134395,0.02470603778570485,0.7241379310344828,8.0,9.195402298850574,0.8780113445750242,0.3333333333333333,6.207593271959338,0.19883736292773152,0.0,2.0,2.2988505747126435,0.9063701886077911,0.6781609195402298,1.87432377451097,0.5634826265028405,0.0,87,32.417861399454246,1279886.1510301605,79.33583150694179,136427.21973864545,0.8463664657804901,2.125590951155914,0.0,0.0,0.0,1.0,0.9241903783438578,2.133585232465445,0.0,0.0,0.0,1.0,1000,0,0,0,0,0,140,0,0,0,0,87,140,140,core
1z6e_1z6e_conf0,generation,torsional_diffusion_raw,fixed,,torsional_diffusion_raw_fixed,Torsional Diffusion,torsional_diffusion_raw_fixed,7,38,685,0.7,685,639,46,0.9328467153284672,1000,685,315,0.685,"{""all_atoms_connected"":0,""bond_angles"":0,""bond_lengths"":0,""bonds"":0,""double_bond_stereochemistry"":0,""energy_ratio"":57,""file_loads"":0,""inchi_convertible"":0,""internal_steric_clash"":304,""molecular_formula"":0,""no_radicals"":0,""planar_aromatic_rings"":0,""planar_double_bonds"":0,""reference_file_loads"":0,""sanitisation"":0,""tetrahedral_chirality"":0}","{""all_atoms_connected"":0.0,""bond_angles"":0.0,""bond_lengths"":0.0,""bonds"":0.0,""double_bond_stereochemistry"":0.0,""energy_ratio"":0.057,""file_loads"":0.0,""inchi_convertible"":0.0,""internal_steric_clash"":0.304,""molecular_formula"":0.0,""no_radicals"":0.0,""planar_aromatic_rings"":0.0,""planar_double_bonds"":0.0,""reference_file_loads"":0.0,""sanitisation"":0.0,""tetrahedral_chirality"":0.0}",685,97.91446510139868,2.7438824840421505,3.5771646705519267,555.0,81.02189781021897,0.9866310265848748,0.008759124087591242,510.04042996767214,0.002214289519953114,0.827027027027027,217.0,31.67883211678832,0.9452094809335312,0.020437956204379562,161.60094357362632,0.007763865949171505,0.3824884792626728,25.0,3.6496350364963503,0.9312419403765558,0.10218978102189781,20.036431048843756,0.059103841440673446,0.04,5.0,0.7299270072992701,0.9311102505171368,0.3167883211678832,4.475258600320528,0.24366775001331983,0.0,685,145.17003120674957,62992.60290982329,182.745862716594,2455.3618263570993,1.0560686849198693,2.7742242215211377,0.0,0.0,0.0,1.0,1.0328426785554226,2.7213244434658495,0.0,0.0,0.0,1.0,1000,0,0,0,0,0,1000,0,0,0,0,685,1000,1000,core
1z6e_1z6e_conf0,generation,torsional_diffusion_raw,dynamic,,torsional_diffusion_raw_dynamic,Torsional Diffusion,torsional_diffusion_raw_dynamic,7,38,96,0.7,96,90,6,0.9375,134,96,38,0.7164179104477612,"{""all_atoms_connected"":0,""bond_angles"":0,""bond_lengths"":0,""bonds"":0,""double_bond_stereochemistry"":0,""energy_ratio"":5,""file_loads"":0,""inchi_convertible"":0,""internal_steric_clash"":38,""molecular_formula"":0,""no_radicals"":0,""planar_aromatic_rings"":0,""planar_double_bonds"":0,""reference_file_loads"":0,""sanitisation"":0,""tetrahedral_chirality"":0}","{""all_atoms_connected"":0.0,""bond_angles"":0.0,""bond_lengths"":0.0,""bonds"":0.0,""double_bond_stereochemistry"":0.0,""energy_ratio"":0.03731343283582089,""file_loads"":0.0,""inchi_convertible"":0.0,""internal_steric_clash"":0.2835820895522388,""molecular_formula"":0.0,""no_radicals"":0.0,""planar_aromatic_rings"":0.0,""planar_double_bonds"":0.0,""reference_file_loads"":0.0,""sanitisation"":0.0,""tetrahedral_chirality"":0.0}",96,97.00682481625402,2.7644402098441123,3.588321167856455,93.0,96.875,0.9974467189329438,0.020833333333333332,91.92991494706305,0.011067708333333334,0.967741935483871,64.0,66.66666666666667,0.9696313534331362,0.052083333333333336,56.406445443536406,0.020399305555555556,0.671875,14.0,14.583333333333334,0.9250378202928344,0.1875,11.487136450884337,0.103515625,0.0,3.0,3.125,0.895754137500101,0.5625,2.675366828465664,0.4140625,0.0,96,149.25864423369705,450.9719460218065,182.42824883381633,47.74572089505309,1.2794956840418599,2.688790690480052,0.0,0.0,0.0,1.0,1.2594185538619134,2.63571580036646,0.0,0.0,0.0,1.0,1000,0,0,0,0,0,134,0,0,0,0,96,134,134,core
1z6e_1z6e_conf0,generation,torsional_diffusion_raw,chembl_count,,torsional_diffusion_raw_chembl_count,Torsional Diffusion,torsional_diffusion_raw_chembl_count,7,38,137,0.7,137,130,7,0.948905109489051,200,137,63,0.685,"{""all_atoms_connected"":0,""bond_angles"":0,""bond_lengths"":0,""bonds"":0,""double_bond_stereochemistry"":0,""energy_ratio"":11,""file_loads"":0,""inchi_convertible"":0,""internal_steric_clash"":61,""molecular_formula"":0,""no_radicals"":0,""planar_aromatic_rings"":0,""planar_double_bonds"":0,""reference_file_loads"":0,""sanitisation"":0,""tetrahedral_chirality"":0}","{""all_atoms_connected"":0.0,""bond_angles"":0.0,""bond_lengths"":0.0,""bonds"":0.0,""double_bond_stereochemistry"":0.0,""energy_ratio"":0.055,""file_loads"":0.0,""inchi_convertible"":0.0,""internal_steric_clash"":0.305,""molecular_formula"":0.0,""no_radicals"":0.0,""planar_aromatic_rings"":0.0,""planar_double_bonds"":0.0,""reference_file_loads"":0.0,""sanitisation"":0.0,""tetrahedral_chirality"":0.0}",137,96.47282732970615,2.734420657412696,3.6018610415984096,130.0,94.8905109489051,0.9962227112284532,0.014598540145985401,127.63164825460402,0.008045180883371514,0.9461538461538461,92.0,67.15328467153284,0.9765629661511324,0.0364963503649635,82.74894501490576,0.01358623261761415,0.6304347826086957,19.0,13.86861313868613,0.9222856158596816,0.12408759124087591,15.113882876978089,0.07549682987905587,0.10526315789473684,4.0,2.9197080291970803,0.8923581202471701,0.44525547445255476,3.4455068854357527,0.3196227822473227,0.0,137,152.97722440462292,6011.396726372791,182.83938417861089,496.8897648494778,1.3373691107413392,2.577152982916629,0.0,0.0,0.0,1.0,1.3246836362731782,2.5686204488025415,0.0,0.0,0.0,1.0,1000,0,0,0,0,0,200,0,0,0,0,137,200,200,core
1z95_1z95_conf0,generation,torsional_diffusion_raw,fixed,,torsional_diffusion_raw_fixed,Torsional Diffusion,torsional_diffusion_raw_fixed,6,29,898,0.7,898,895,3,0.9966592427616926,1000,898,102,0.898,"{""all_atoms_connected"":0,""bond_angles"":0,""bond_lengths"":0,""bonds"":0,""double_bond_stereochemistry"":0,""energy_ratio"":50,""file_loads"":0,""inchi_convertible"":0,""internal_steric_clash"":81,""molecular_formula"":0,""no_radicals"":0,""planar_aromatic_rings"":0,""planar_double_bonds"":0,""reference_file_loads"":0,""sanitisation"":0,""tetrahedral_chirality"":0}","{""all_atoms_connected"":0.0,""bond_angles"":0.0,""bond_lengths"":0.0,""bonds"":0.0,""double_bond_stereochemistry"":0.0,""energy_ratio"":0.05,""file_loads"":0.0,""inchi_convertible"":0.0,""internal_steric_clash"":0.081,""molecular_formula"":0.0,""no_radicals"":0.0,""planar_aromatic_rings"":0.0,""planar_double_bonds"":0.0,""reference_file_loads"":0.0,""sanitisation"":0.0,""tetrahedral_chirality"":0.0}",898,114.979855073804,2.304831610580104,3.203716756384844,331.0,36.85968819599109,0.9188187029973709,0.034521158129175944,206.6641228078848,0.007963750179810616,0.525679758308157,81.0,9.020044543429844,0.8703244235631208,0.07238307349665925,45.8143072366482,0.031170480305157216,0.1728395061728395,8.0,0.89086859688196,0.938003733269544,0.23273942093541203,7.032371080193265,0.15572095376511028,0.0,2.0,0.22271714922049,0.9727453349533002,0.5968819599109132,1.9625716632740704,0.5187722283123597,0.0,898,86.22972381474347,584.6000048222598,123.40199217101184,30.78574575738406,0.2986447420847199,2.1231361318782715,0.0,1.0,1.0,1.0,0.3580517770403315,2.1199065090523455,0.0,1.0,1.0,1.0,1000,0,0,0,0,0,1000,0,0,0,0,898,1000,1000,core
1z95_1z95_conf0,generation,torsional_diffusion_raw,dynamic,,torsional_diffusion_raw_dynamic,Torsional Diffusion,torsional_diffusion_raw_dynamic,6,29,96,0.7,96,96,0,1.0,112,96,16,0.8571428571428571,"{""all_atoms_connected"":0,""bond_angles"":0,""bond_lengths"":0,""bonds"":0,""double_bond_stereochemistry"":0,""energy_ratio"":6,""file_loads"":0,""inchi_convertible"":0,""internal_steric_clash"":12,""molecular_formula"":0,""no_radicals"":0,""planar_aromatic_rings"":0,""planar_double_bonds"":0,""reference_file_loads"":0,""sanitisation"":0,""tetrahedral_chirality"":0}","{""all_atoms_connected"":0.0,""bond_angles"":0.0,""bond_lengths"":0.0,""bonds"":0.0,""double_bond_stereochemistry"":0.0,""energy_ratio"":0.05357142857142857,""file_loads"":0.0,""inchi_convertible"":0.0,""internal_steric_clash"":0.10714285714285714,""molecular_formula"":0.0,""no_radicals"":0.0,""planar_aromatic_rings"":0.0,""planar_double_bonds"":0.0,""reference_file_loads"":0.0,""sanitisation"":0.0,""tetrahedral_chirality"":0.0}",96,113.7626322027458,2.1867146549641094,3.049195318135417,67.0,69.79166666666667,0.9592388445368951,0.0625,56.44713237116411,0.02235243055555555,0.7761194029850746,33.0,34.375,0.932629542748669,0.08333333333333333,26.074198137787004,0.045355902777777776,0.36363636363636365,7.0,7.291666666666667,0.9070873039828831,0.28125,5.842217250107631,0.1935763888888889,0.0,2.0,2.0833333333333335,0.9684610087601623,0.6041666666666666,1.956752121121156,0.5217013888888888,0.0,96,92.5716237235024,584.6000048222598,122.79725820356676,50.92002241369803,0.5942362622652524,2.088377680343177,0.0,0.0,1.0,1.0,0.6395536169295042,2.1109031305534223,0.0,0.0,1.0,1.0,1000,0,0,0,0,0,112,0,0,0,0,96,112,112,core
1z95_1z95_conf0,generation,torsional_diffusion_raw,chembl_count,,torsional_diffusion_raw_chembl_count,Torsional Diffusion,torsional_diffusion_raw_chembl_count,6,29,179,0.7,179,177,2,0.9888268156424581,198,179,19,0.904040404040404,"{""all_atoms_connected"":0,""bond_angles"":0,""bond_lengths"":0,""bonds"":0,""double_bond_stereochemistry"":0,""energy_ratio"":12,""file_loads"":0,""inchi_convertible"":0,""internal_steric_clash"":14,""molecular_formula"":0,""no_radicals"":0,""planar_aromatic_rings"":0,""planar_double_bonds"":0,""reference_file_loads"":0,""sanitisation"":0,""tetrahedral_chirality"":0}","{""all_atoms_connected"":0.0,""bond_angles"":0.0,""bond_lengths"":0.0,""bonds"":0.0,""double_bond_stereochemistry"":0.0,""energy_ratio"":0.06060606060606061,""file_loads"":0.0,""inchi_convertible"":0.0,""internal_steric_clash"":0.0707070707070707,""molecular_formula"":0.0,""no_radicals"":0.0,""planar_aromatic_rings"":0.0,""planar_double_bonds"":0.0,""reference_file_loads"":0.0,""sanitisation"":0.0,""tetrahedral_chirality"":0.0}",179,112.72331466407485,2.2535639511344416,3.1408386845605754,112.0,62.56983240223464,0.9567153538477134,0.03910614525139665,91.3100006074739,0.013888455416497615,0.7232142857142857,44.0,24.58100558659218,0.8869232555256773,0.10614525139664804,28.682460101240256,0.04659654817265379,0.4090909090909091,6.0,3.35195530726257,0.8881346471637197,0.35195530726256985,4.910244142065124,0.22917511937829654,0.0,2.0,1.1173184357541899,0.9858831039983351,0.5698324022346368,1.9805252630592662,0.5097531288037203,0.0,179,89.28990854062233,432.2476495829029,127.84344536582236,36.06139186681966,0.2986447420847199,2.161034216819792,0.0,1.0,1.0,1.0,0.3580517770403315,2.172623698160407,0.0,1.0,1.0,1.0,1000,0,0,0,0,0,198,0,0,0,0,179,198,198,core
1z9g_1z9g_conf0,generation,torsional_diffusion_raw,fixed,,torsional_diffusion_raw_fixed,Torsional Diffusion,torsional_diffusion_raw_fixed,7,17,930,0.7,930,927,3,0.9967741935483871,1000,930,70,0.93,"{""all_atoms_connected"":0,""bond_angles"":1,""bond_lengths"":1,""bonds"":0,""double_bond_stereochemistry"":0,""energy_ratio"":29,""file_loads"":0,""inchi_convertible"":0,""internal_steric_clash"":62,""molecular_formula"":0,""no_radicals"":0,""planar_aromatic_rings"":0,""planar_double_bonds"":0,""reference_file_loads"":0,""sanitisation"":0,""tetrahedral_chirality"":0}","{""all_atoms_connected"":0.0,""bond_angles"":0.001,""bond_lengths"":0.001,""bonds"":0.0,""double_bond_stereochemistry"":0.0,""energy_ratio"":0.029,""file_loads"":0.0,""inchi_convertible"":0.0,""internal_steric_clash"":0.062,""molecular_formula"":0.0,""no_radicals"":0.0,""planar_aromatic_rings"":0.0,""planar_double_bonds"":0.0,""reference_file_loads"":0.0,""sanitisation"":0.0,""tetrahedral_chirality"":0.0}",930,109.62134936814502,1.4852609110544572,2.1516221447331794,260.0,27.956989247311828,0.8925165553186297,0.035483870967741936,143.02227888700918,0.011185108104983237,0.4846153846153846,37.0,3.978494623655914,0.831302633912095,0.15913978494623657,20.12103070136552,0.0712891663776159,0.05405405405405406,2.0,0.21505376344086022,0.8121291433343849,0.7494623655913979,1.7558007592832698,0.6244629436929126,0.0,1.0,0.10752688172043011,0.0,1.0,1.0,1.0,0.0,930,27.34674945391363,210.1958491146268,47.610412529219225,19.531787076056936,0.46525908859788295,1.502701655869691,0.0,1.0,1.0,1.0,0.4114435685030924,1.4496951521648365,0.0,1.0,1.0,1.0,1000,0,0,0,0,0,1000,0,0,0,0,930,1000,1000,core
1z9g_1z9g_conf0,generation,torsional_diffusion_raw,dynamic,,torsional_diffusion_raw_dynamic,Torsional Diffusion,torsional_diffusion_raw_dynamic,7,17,125,0.7,125,125,0,1.0,134,125,9,0.9328358208955224,"{""all_atoms_connected"":0,""bond_angles"":1,""bond_lengths"":1,""bonds"":0,""double_bond_stereochemistry"":0,""energy_ratio"":4,""file_loads"":0,""inchi_convertible"":0,""internal_steric_clash"":8,""molecular_formula"":0,""no_radicals"":0,""planar_aromatic_rings"":0,""planar_double_bonds"":0,""reference_file_loads"":0,""sanitisation"":0,""tetrahedral_chirality"":0}","{""all_atoms_connected"":0.0,""bond_angles"":0.007462686567164179,""bond_lengths"":0.007462686567164179,""bonds"":0.0,""double_bond_stereochemistry"":0.0,""energy_ratio"":0.029850746268656716,""file_loads"":0.0,""inchi_convertible"":0.0,""internal_steric_clash"":0.05970149253731343,""molecular_formula"":0.0,""no_radicals"":0.0,""planar_aromatic_rings"":0.0,""planar_double_bonds"":0.0,""reference_file_loads"":0.0,""sanitisation"":0.0,""tetrahedral_chirality"":0.0}",125,109.79300679243676,1.5192736815579602,2.198130032667888,76.0,60.8,0.955894534271346,0.072,62.78551094172937,0.020416000000000004,0.6447368421052632,19.0,15.2,0.8587087478670113,0.16,12.533630968980802,0.098624,0.3157894736842105,2.0,1.6,0.7527960664084546,0.784,1.6850554494825194,0.6613120000000001,0.0,1.0,0.8,0.0,1.0,1.0,1.0,0.0,125,30.640949509683328,206.0018629847918,49.89713470155815,24.128381447259777,0.5072366119320526,1.5651623770434318,0.0,0.0,1.0,1.0,0.4764064364939853,1.4947058171274308,0.0,1.0,1.0,1.0,1000,0,0,0,0,0,134,0,0,0,0,125,134,134,core
1z9g_1z9g_conf0,generation,torsional_diffusion_raw,chembl_count,,torsional_diffusion_raw_chembl_count,Torsional Diffusion,torsional_diffusion_raw_chembl_count,7,17,192,0.7,192,191,1,0.9947916666666666,199,192,7,0.964824120603015,"{""all_atoms_connected"":0,""bond_angles"":0,""bond_lengths"":0,""bonds"":0,""double_bond_stereochemistry"":0,""energy_ratio"":2,""file_loads"":0,""inchi_convertible"":0,""internal_steric_clash"":6,""molecular_formula"":0,""no_radicals"":0,""planar_aromatic_rings"":0,""planar_double_bonds"":0,""reference_file_loads"":0,""sanitisation"":0,""tetrahedral_chirality"":0}","{""all_atoms_connected"":0.0,""bond_angles"":0.0,""bond_lengths"":0.0,""bonds"":0.0,""double_bond_stereochemistry"":0.0,""energy_ratio"":0.010050251256281407,""file_loads"":0.0,""inchi_convertible"":0.0,""internal_steric_clash"":0.03015075376884422,""molecular_formula"":0.0,""no_radicals"":0.0,""planar_aromatic_rings"":0.0,""planar_double_bonds"":0.0,""reference_file_loads"":0.0,""sanitisation"":0.0,""tetrahedral_chirality"":0.0}",192,109.74853471230698,1.486799213986199,2.087208166004841,96.0,50.0,0.9369460901113011,0.046875,71.99150974844048,0.018446180555555552,0.625,20.0,10.416666666666666,0.8580899167180018,0.15104166666666666,13.073766394976944,0.09342447916666666,0.2,3.0,1.5625,0.9597628900212554,0.46875,2.8702734534630645,0.36349826388888884,0.0,1.0,0.5208333333333334,0.0,1.0,1.0,1.0,0.0,192,28.710019724297652,182.10904079270924,47.52940705058285,19.109904950908305,0.4824510007951441,1.5506140359331864,0.0,1.0,1.0,1.0,0.4463064943135757,1.4773458093911847,0.0,1.0,1.0,1.0,1000,0,0,0,0,0,199,0,0,0,0,192,199,199,core
2br1_2br1_conf0,generation,torsional_diffusion_raw,fixed,,torsional_diffusion_raw_fixed,Torsional Diffusion,torsional_diffusion_raw_fixed,8,29,987,0.7,987,984,3,0.9969604863221885,1000,987,13,0.987,"{""all_atoms_connected"":0,""bond_angles"":0,""bond_lengths"":0,""bonds"":0,""double_bond_stereochemistry"":0,""energy_ratio"":8,""file_loads"":0,""inchi_convertible"":0,""internal_steric_clash"":7,""molecular_formula"":0,""no_radicals"":0,""planar_aromatic_rings"":0,""planar_double_bonds"":0,""reference_file_loads"":0,""sanitisation"":0,""tetrahedral_chirality"":0}","{""all_atoms_connected"":0.0,""bond_angles"":0.0,""bond_lengths"":0.0,""bonds"":0.0,""double_bond_stereochemistry"":0.0,""energy_ratio"":0.008,""file_loads"":0.0,""inchi_convertible"":0.0,""internal_steric_clash"":0.007,""molecular_formula"":0.0,""no_radicals"":0.0,""planar_aromatic_rings"":0.0,""planar_double_bonds"":0.0,""reference_file_loads"":0.0,""sanitisation"":0.0,""tetrahedral_chirality"":0.0}",987,96.87775274675363,0.8489293468035711,1.1192647584530904,68.0,6.889564336372847,0.8607197527433824,0.05065856129685917,37.78127572461618,0.03126870183715557,0.3088235294117647,5.0,0.5065856129685917,0.7113662267403025,0.4690982776089159,3.142126421251367,0.3758721535996321,0.0,1.0,0.10131712259371833,0.0,1.0,1.0,1.0,0.0,1.0,0.10131712259371833,0.0,1.0,1.0,1.0,0.0,987,59.682905963517506,1161.9734471263096,82.42305492052458,44.048983830699314,0.2573242605976942,0.9134576480820298,0.0,1.0,1.0,1.0,0.23574019236027904,0.9261264468374899,1.0,1.0,1.0,1.0,1000,0,0,0,0,0,1000,0,0,0,0,987,1000,1000,core
2br1_2br1_conf0,generation,torsional_diffusion_raw,dynamic,,torsional_diffusion_raw_dynamic,Torsional Diffusion,torsional_diffusion_raw_dynamic,8,29,154,0.7,154,154,0,1.0,156,154,2,0.9871794871794872,"{""all_atoms_connected"":0,""bond_angles"":0,""bond_lengths"":0,""bonds"":0,""double_bond_stereochemistry"":0,""energy_ratio"":2,""file_loads"":0,""inchi_convertible"":0,""internal_steric_clash"":0,""molecular_formula"":0,""no_radicals"":0,""planar_aromatic_rings"":0,""planar_double_bonds"":0,""reference_file_loads"":0,""sanitisation"":0,""tetrahedral_chirality"":0}","{""all_atoms_connected"":0.0,""bond_angles"":0.0,""bond_lengths"":0.0,""bonds"":0.0,""double_bond_stereochemistry"":0.0,""energy_ratio"":0.01282051282051282,""file_loads"":0.0,""inchi_convertible"":0.0,""internal_steric_clash"":0.0,""molecular_formula"":0.0,""no_radicals"":0.0,""planar_aromatic_rings"":0.0,""planar_double_bonds"":0.0,""reference_file_loads"":0.0,""sanitisation"":0.0,""tetrahedral_chirality"":0.0}",154,96.99744176599653,0.8631854088754642,1.1267555058845806,35.0,22.727272727272727,0.9211718678445442,0.07792207792207792,26.445515950202495,0.044358239163433975,0.3142857142857143,3.0,1.948051948051948,0.8505264318285254,0.4675324675324675,2.545682507395913,0.42182492831843477,0.0,1.0,0.6493506493506493,0.0,1.0,1.0,1.0,0.0,1.0,0.6493506493506493,0.0,1.0,1.0,1.0,0.0,154,61.85775222390633,273.063746407218,81.49072319110309,19.309522759434703,0.3396901257144197,0.9432799500906521,0.0,1.0,1.0,1.0,0.32811749501913673,0.9430562530343363,0.0,1.0,1.0,1.0,1000,0,0,0,0,0,156,0,0,0,0,154,156,156,core
2br1_2br1_conf0,generation,torsional_diffusion_raw,chembl_count,,torsional_diffusion_raw_chembl_count,Torsional Diffusion,torsional_diffusion_raw_chembl_count,8,29,198,0.7,198,198,0,1.0,200,198,2,0.99,"{""all_atoms_connected"":0,""bond_angles"":0,""bond_lengths"":0,""bonds"":0,""double_bond_stereochemistry"":0,""energy_ratio"":1,""file_loads"":0,""inchi_convertible"":0,""internal_steric_clash"":1,""molecular_formula"":0,""no_radicals"":0,""planar_aromatic_rings"":0,""planar_double_bonds"":0,""reference_file_loads"":0,""sanitisation"":0,""tetrahedral_chirality"":0}","{""all_atoms_connected"":0.0,""bond_angles"":0.0,""bond_lengths"":0.0,""bonds"":0.0,""double_bond_stereochemistry"":0.0,""energy_ratio"":0.005,""file_loads"":0.0,""inchi_convertible"":0.0,""internal_steric_clash"":0.005,""molecular_formula"":0.0,""no_radicals"":0.0,""planar_aromatic_rings"":0.0,""planar_double_bonds"":0.0,""reference_file_loads"":0.0,""sanitisation"":0.0,""tetrahedral_chirality"":0.0}",198,97.51238299520227,0.8490988120653273,1.1061176854137598,38.0,19.19191919191919,0.915435986730877,0.07575757575757576,27.93770682414315,0.042495663707784924,0.2631578947368421,3.0,1.5151515151515151,0.7811121478432809,0.47474747474747475,2.358767895309603,0.45332108968472606,0.0,1.0,0.5050505050505051,0.0,1.0,1.0,1.0,0.0,1.0,0.5050505050505051,0.0,1.0,1.0,1.0,0.0,198,66.02731105201451,273.94773171300824,82.37489822672327,22.323031056967466,0.3541802964806584,0.8778587814592986,0.0,1.0,1.0,1.0,0.3656006409492824,0.8939474577832767,0.0,1.0,1.0,1.0,1000,0,0,0,0,0,200,0,0,0,0,198,200,200,core
2brb_2brb_conf0,generation,torsional_diffusion_raw,fixed,,torsional_diffusion_raw_fixed,Torsional Diffusion,torsional_diffusion_raw_fixed,6,25,983,0.7,983,974,9,0.9908443540183113,1000,983,17,0.983,"{""all_atoms_connected"":0,""bond_angles"":0,""bond_lengths"":0,""bonds"":0,""double_bond_stereochemistry"":0,""energy_ratio"":12,""file_loads"":0,""inchi_convertible"":0,""internal_steric_clash"":15,""molecular_formula"":0,""no_radicals"":0,""planar_aromatic_rings"":0,""planar_double_bonds"":0,""reference_file_loads"":0,""sanitisation"":0,""tetrahedral_chirality"":0}","{""all_atoms_connected"":0.0,""bond_angles"":0.0,""bond_lengths"":0.0,""bonds"":0.0,""double_bond_stereochemistry"":0.0,""energy_ratio"":0.012,""file_loads"":0.0,""inchi_convertible"":0.0,""internal_steric_clash"":0.015,""molecular_formula"":0.0,""no_radicals"":0.0,""planar_aromatic_rings"":0.0,""planar_double_bonds"":0.0,""reference_file_loads"":0.0,""sanitisation"":0.0,""tetrahedral_chirality"":0.0}",983,87.8101233082141,0.7737297922710892,1.0678413889418517,29.0,2.950152594099695,0.8284094043493672,0.10783316378433368,16.272873723779238,0.07121989384128351,0.20689655172413793,4.0,0.4069175991861648,0.7408110871904064,0.4537131230925738,2.7926256118931745,0.4036463211316697,0.0,1.0,0.1017293997965412,0.0,1.0,1.0,1.0,0.0,1.0,0.1017293997965412,0.0,1.0,1.0,1.0,0.0,983,44.01233504002598,10761.776312796908,62.956160138285576,367.7866458757342,0.24221480281660857,0.7897457533999214,1.0,1.0,1.0,1.0,0.17566829909980988,0.7863691194123648,1.0,1.0,1.0,1.0,1000,0,0,0,0,0,1000,0,0,0,0,983,1000,1000,core
2brb_2brb_conf0,generation,torsional_diffusion_raw,dynamic,,torsional_diffusion_raw_dynamic,Torsional Diffusion,torsional_diffusion_raw_dynamic,6,25,108,0.7,108,105,3,0.9722222222222222,112,108,4,0.9642857142857144,"{""all_atoms_connected"":0,""bond_angles"":0,""bond_lengths"":0,""bonds"":0,""double_bond_stereochemistry"":0,""energy_ratio"":3,""file_loads"":0,""inchi_convertible"":0,""internal_steric_clash"":4,""molecular_formula"":0,""no_radicals"":0,""planar_aromatic_rings"":0,""planar_double_bonds"":0,""reference_file_loads"":0,""sanitisation"":0,""tetrahedral_chirality"":0}","{""all_atoms_connected"":0.0,""bond_angles"":0.0,""bond_lengths"":0.0,""bonds"":0.0,""double_bond_stereochemistry"":0.0,""energy_ratio"":0.026785714285714284,""file_loads"":0.0,""inchi_convertible"":0.0,""internal_steric_clash"":0.03571428571428571,""molecular_formula"":0.0,""no_radicals"":0.0,""planar_aromatic_rings"":0.0,""planar_double_bonds"":0.0,""reference_file_loads"":0.0,""sanitisation"":0.0,""tetrahedral_chirality"":0.0}",108,86.08491952735363,0.7858836606213682,1.0989942534758512,18.0,16.666666666666668,0.8529229386043604,0.2037037037037037,11.766592514928492,0.10802469135802467,0.2777777777777778,2.0,1.8518518518518519,0.8256265261578954,0.7407407407407407,1.7723045383749891,0.615912208504801,0.0,1.0,0.9259259259259259,0.0,1.0,1.0,1.0,0.0,1.0,0.9259259259259259,0.0,1.0,1.0,1.0,0.0,108,44.6176775353646,589.4014087398589,63.29690380008299,67.41162974492231,0.29046971760910906,0.756207889617762,0.0,1.0,1.0,1.0,0.19134074559655243,0.7651885778852778,1.0,1.0,1.0,1.0,1000,0,0,0,0,0,112,0,0,0,0,108,112,112,core
2brb_2brb_conf0,generation,torsional_diffusion_raw,chembl_count,,torsional_diffusion_raw_chembl_count,Torsional Diffusion,torsional_diffusion_raw_chembl_count,6,25,195,0.7,195,195,0,1.0,200,195,5,0.975,"{""all_atoms_connected"":0,""bond_angles"":0,""bond_lengths"":0,""bonds"":0,""double_bond_stereochemistry"":0,""energy_ratio"":2,""file_loads"":0,""inchi_convertible"":0,""internal_steric_clash"":4,""molecular_formula"":0,""no_radicals"":0,""planar_aromatic_rings"":0,""planar_double_bonds"":0,""reference_file_loads"":0,""sanitisation"":0,""tetrahedral_chirality"":0}","{""all_atoms_connected"":0.0,""bond_angles"":0.0,""bond_lengths"":0.0,""bonds"":0.0,""double_bond_stereochemistry"":0.0,""energy_ratio"":0.01,""file_loads"":0.0,""inchi_convertible"":0.0,""internal_steric_clash"":0.02,""molecular_formula"":0.0,""no_radicals"":0.0,""planar_aromatic_rings"":0.0,""planar_double_bonds"":0.0,""reference_file_loads"":0.0,""sanitisation"":0.0,""tetrahedral_chirality"":0.0}",195,89.23631702408954,0.7881793833134854,1.0833357312171377,20.0,10.256410256410257,0.8368849800629203,0.1282051282051282,12.269093100200276,0.09406969099276788,0.4,4.0,2.051282051282051,0.7019290207225021,0.49743589743589745,2.64608249732477,0.4192767915844839,0.0,1.0,0.5128205128205128,0.0,1.0,1.0,1.0,0.0,1.0,0.5128205128205128,0.0,1.0,1.0,1.0,0.0,195,49.72853279158201,2132.539681350479,62.7244611477763,149.30572314203906,0.2637838622586337,0.8001284933568137,0.0,1.0,1.0,1.0,0.24588176364310935,0.8031779012047096,1.0,1.0,1.0,1.0,1000,0,0,0,0,0,200,0,0,0,0,195,200,200,core
2c3i_2c3i_conf0,generation,torsional_diffusion_raw,fixed,,torsional_diffusion_raw_fixed,Torsional Diffusion,torsional_diffusion_raw_fixed,5,23,998,0.7,998,998,0,1.0,1000,998,2,0.998,"{""all_atoms_connected"":0,""bond_angles"":0,""bond_lengths"":0,""bonds"":0,""double_bond_stereochemistry"":0,""energy_ratio"":1,""file_loads"":0,""inchi_convertible"":0,""internal_steric_clash"":1,""molecular_formula"":0,""no_radicals"":0,""planar_aromatic_rings"":0,""planar_double_bonds"":0,""reference_file_loads"":0,""sanitisation"":0,""tetrahedral_chirality"":0}","{""all_atoms_connected"":0.0,""bond_angles"":0.0,""bond_lengths"":0.0,""bonds"":0.0,""double_bond_stereochemistry"":0.0,""energy_ratio"":0.001,""file_loads"":0.0,""inchi_convertible"":0.0,""internal_steric_clash"":0.001,""molecular_formula"":0.0,""no_radicals"":0.0,""planar_aromatic_rings"":0.0,""planar_double_bonds"":0.0,""reference_file_loads"":0.0,""sanitisation"":0.0,""tetrahedral_chirality"":0.0}",998,114.99004461434843,1.6432615754059587,2.286372930793834,148.0,14.829659318637274,0.9243539283286933,0.027054108216432865,101.41213879213988,0.012248946791378348,0.22297297297297297,19.0,1.9038076152304608,0.8713929127073967,0.13827655310621242,13.010585018479143,0.08803980706904792,0.15789473684210525,2.0,0.20040080160320642,0.9905671800013058,0.5571142284569138,1.9869659916006754,0.5065240701844571,0.0,1.0,0.10020040080160321,0.0,1.0,1.0,1.0,0.0,998,52.39951122061295,162.77924158367085,65.7146799341638,8.046394143937666,0.3182158406329927,1.420958015890986,0.0,1.0,1.0,1.0,0.27525999964907527,1.4034905548530041,0.0,1.0,1.0,1.0,1000,0,0,0,0,0,1000,0,0,0,0,998,1000,1000,core
2c3i_2c3i_conf0,generation,torsional_diffusion_raw,dynamic,,torsional_diffusion_raw_dynamic,Torsional Diffusion,torsional_diffusion_raw_dynamic,5,23,90,0.7,90,90,0,1.0,90,90,0,1.0,"{""all_atoms_connected"":0,""bond_angles"":0,""bond_lengths"":0,""bonds"":0,""double_bond_stereochemistry"":0,""energy_ratio"":0,""file_loads"":0,""inchi_convertible"":0,""internal_steric_clash"":0,""molecular_formula"":0,""no_radicals"":0,""planar_aromatic_rings"":0,""planar_double_bonds"":0,""reference_file_loads"":0,""sanitisation"":0,""tetrahedral_chirality"":0}","{""all_atoms_connected"":0.0,""bond_angles"":0.0,""bond_lengths"":0.0,""bonds"":0.0,""double_bond_stereochemistry"":0.0,""energy_ratio"":0.0,""file_loads"":0.0,""inchi_convertible"":0.0,""internal_steric_clash"":0.0,""molecular_formula"":0.0,""no_radicals"":0.0,""planar_aromatic_rings"":0.0,""planar_double_bonds"":0.0,""reference_file_loads"":0.0,""sanitisation"":0.0,""tetrahedral_chirality"":0.0}",90,116.49079499401279,1.6569195111818131,2.2877904874891826,50.0,55.55555555555556,0.958251424927428,0.07777777777777778,42.46590927322046,0.028395061728395062,0.5,11.0,12.222222222222221,0.9476653582147749,0.17777777777777778,9.702681422893617,0.11111111111111112,0.09090909090909091,2.0,2.2222222222222223,0.9985746465403506,0.5222222222222223,1.9980250163188582,0.5009876543209877,0.0,1.0,1.1111111111111112,0.0,1.0,1.0,1.0,0.0,90,54.96773116860011,85.85240703299623,66.6095527925943,6.090805896480384,0.4429298466966249,1.585792340519146,0.0,1.0,1.0,1.0,0.4530650955932071,1.5763984000857127,0.0,1.0,1.0,1.0,1000,0,0,0,0,0,90,0,0,0,0,90,90,90,core
2c3i_2c3i_conf0,generation,torsional_diffusion_raw,chembl_count,,torsional_diffusion_raw_chembl_count,Torsional Diffusion,torsional_diffusion_raw_chembl_count,5,23,200,0.7,200,200,0,1.0,200,200,0,1.0,"{""all_atoms_connected"":0,""bond_angles"":0,""bond_lengths"":0,""bonds"":0,""double_bond_stereochemistry"":0,""energy_ratio"":0,""file_loads"":0,""inchi_convertible"":0,""internal_steric_clash"":0,""molecular_formula"":0,""no_radicals"":0,""planar_aromatic_rings"":0,""planar_double_bonds"":0,""reference_file_loads"":0,""sanitisation"":0,""tetrahedral_chirality"":0}","{""all_atoms_connected"":0.0,""bond_angles"":0.0,""bond_lengths"":0.0,""bonds"":0.0,""double_bond_stereochemistry"":0.0,""energy_ratio"":0.0,""file_loads"":0.0,""inchi_convertible"":0.0,""internal_steric_clash"":0.0,""molecular_formula"":0.0,""no_radicals"":0.0,""planar_aromatic_rings"":0.0,""planar_double_bonds"":0.0,""reference_file_loads"":0.0,""sanitisation"":0.0,""tetrahedral_chirality"":0.0}",200,114.94369414088071,1.6538308534741566,2.3623260078886923,79.0,39.5,0.9449849261344963,0.06,62.11964950948745,0.020350000000000004,0.3924050632911392,18.0,9.0,0.8711051510996022,0.17,12.401503644295921,0.0966,0.16666666666666666,2.0,1.0,0.9895875212220555,0.56,1.9856172048699803,0.5072000000000001,0.0,1.0,0.5,0.0,1.0,1.0,1.0,0.0,200,54.343643004024905,96.2166578106145,65.71873111501816,6.621791233648387,0.3814478166972561,1.4251729862371239,0.0,1.0,1.0,1.0,0.2863513391540856,1.4086572993396975,0.0,1.0,1.0,1.0,1000,0,0,0,0,0,200,0,0,0,0,200,200,200,core
2fvd_2fvd_conf0,generation,torsional_diffusion_raw,fixed,,torsional_diffusion_raw_fixed,Torsional Diffusion,torsional_diffusion_raw_fixed,7,30,930,0.7,930,924,6,0.9935483870967742,1000,930,70,0.93,"{""all_atoms_connected"":0,""bond_angles"":0,""bond_lengths"":0,""bonds"":0,""double_bond_stereochemistry"":0,""energy_ratio"":55,""file_loads"":0,""inchi_convertible"":0,""internal_steric_clash"":50,""molecular_formula"":0,""no_radicals"":0,""planar_aromatic_rings"":0,""planar_double_bonds"":0,""reference_file_loads"":0,""sanitisation"":0,""tetrahedral_chirality"":0}","{""all_atoms_connected"":0.0,""bond_angles"":0.0,""bond_lengths"":0.0,""bonds"":0.0,""double_bond_stereochemistry"":0.0,""energy_ratio"":0.055,""file_loads"":0.0,""inchi_convertible"":0.0,""internal_steric_clash"":0.05,""molecular_formula"":0.0,""no_radicals"":0.0,""planar_aromatic_rings"":0.0,""planar_double_bonds"":0.0,""reference_file_loads"":0.0,""sanitisation"":0.0,""tetrahedral_chirality"":0.0}",930,95.4776490331829,2.089461893714775,2.746553941768338,797.0,85.6989247311828,0.9901384018052115,0.0064516129032258064,746.1829223362514,0.0014845646895594866,0.8732747804265998,178.0,19.13978494623656,0.8972042927081959,0.04838709677419355,104.49282880836806,0.014346167186958029,0.3089887640449438,9.0,0.967741935483871,0.852311482997722,0.26666666666666666,6.505966884136462,0.18726326742976065,0.0,1.0,0.10752688172043011,0.0,1.0,1.0,1.0,0.0,930,-57.75611351493684,9973.772288389682,-27.666517748986692,331.9429588100381,0.6505197441025167,2.1487408737357887,0.0,0.0,1.0,1.0,0.6539885220350437,2.145975560140597,0.0,0.0,1.0,1.0,1000,0,0,0,0,0,1000,0,0,0,0,930,1000,1000,core
2fvd_2fvd_conf0,generation,torsional_diffusion_raw,dynamic,,torsional_diffusion_raw_dynamic,Torsional Diffusion,torsional_diffusion_raw_dynamic,7,30,124,0.7,124,123,1,0.9919354838709677,134,124,10,0.9253731343283582,"{""all_atoms_connected"":0,""bond_angles"":0,""bond_lengths"":0,""bonds"":0,""double_bond_stereochemistry"":0,""energy_ratio"":10,""file_loads"":0,""inchi_convertible"":0,""internal_steric_clash"":6,""molecular_formula"":0,""no_radicals"":0,""planar_aromatic_rings"":0,""planar_double_bonds"":0,""reference_file_loads"":0,""sanitisation"":0,""tetrahedral_chirality"":0}","{""all_atoms_connected"":0.0,""bond_angles"":0.0,""bond_lengths"":0.0,""bonds"":0.0,""double_bond_stereochemistry"":0.0,""energy_ratio"":0.07462686567164178,""file_loads"":0.0,""inchi_convertible"":0.0,""internal_steric_clash"":0.04477611940298507,""molecular_formula"":0.0,""no_radicals"":0.0,""planar_aromatic_rings"":0.0,""planar_double_bonds"":0.0,""reference_file_loads"":0.0,""sanitisation"":0.0,""tetrahedral_chirality"":0.0}",124,93.7848791143239,2.0417151064935455,2.653927987143083,123.0,99.19354838709677,0.9993594212576712,0.016129032258064516,122.62142608326485,0.008194588969823101,0.991869918699187,61.0,49.193548387096776,0.9456111134477666,0.07258064516129033,48.77842048802588,0.02575442247658689,0.5245901639344263,7.0,5.645161290322581,0.8563794601916352,0.3064516129032258,5.293276779019155,0.22021331945889697,0.0,2.0,1.6129032258064515,0.6178543578838832,0.8467741935483871,1.5345911690200265,0.7405046826222685,0.0,124,-52.393629370890594,311.8017816292677,-29.253597267179686,43.97539109776444,0.9424092837997371,2.128973924170664,0.0,0.0,0.0,1.0,1.0246253036308886,2.123891870457001,0.0,0.0,0.0,1.0,1000,0,0,0,0,0,134,0,0,0,0,124,134,134,core
2fvd_2fvd_conf0,generation,torsional_diffusion_raw,chembl_count,,torsional_diffusion_raw_chembl_count,Torsional Diffusion,torsional_diffusion_raw_chembl_count,7,30,186,0.7,186,184,2,0.989247311827957,200,186,14,0.93,"{""all_atoms_connected"":0,""bond_angles"":0,""bond_lengths"":0,""bonds"":0,""double_bond_stereochemistry"":0,""energy_ratio"":10,""file_loads"":0,""inchi_convertible"":0,""internal_steric_clash"":11,""molecular_formula"":0,""no_radicals"":0,""planar_aromatic_rings"":0,""planar_double_bonds"":0,""reference_file_loads"":0,""sanitisation"":0,""tetrahedral_chirality"":0}","{""all_atoms_connected"":0.0,""bond_angles"":0.0,""bond_lengths"":0.0,""bonds"":0.0,""double_bond_stereochemistry"":0.0,""energy_ratio"":0.05,""file_loads"":0.0,""inchi_convertible"":0.0,""internal_steric_clash"":0.055,""molecular_formula"":0.0,""no_radicals"":0.0,""planar_aromatic_rings"":0.0,""planar_double_bonds"":0.0,""reference_file_loads"":0.0,""sanitisation"":0.0,""tetrahedral_chirality"":0.0}",186,94.57977082556306,2.072083862722714,2.659243093576122,181.0,97.31182795698925,0.997532075715698,0.016129032258064516,178.6926934700499,0.0057232049947970876,0.9779005524861878,77.0,41.39784946236559,0.9252395253850171,0.08602150537634409,55.648797369705164,0.0255520869464678,0.4675324675324675,8.0,4.301075268817204,0.8897168984916384,0.23655913978494625,6.3605463583165305,0.1753959995375188,0.0,1.0,0.5376344086021505,0.0,1.0,1.0,1.0,0.0,186,-57.75611351493684,9973.772288389682,-25.16198622101416,732.6232404238622,0.8925751878181949,2.164852680644124,0.0,0.0,0.0,1.0,0.832012281686384,2.158243182718089,0.0,0.0,0.0,1.0,1000,0,0,0,0,0,200,0,0,0,0,186,200,200,core
2hb1_2hb1_conf0,generation,torsional_diffusion_raw,fixed,,torsional_diffusion_raw_fixed,Torsional Diffusion,torsional_diffusion_raw_fixed,4,14,820,0.7,820,811,9,0.9890243902439024,1000,820,180,0.82,"{""all_atoms_connected"":0,""bond_angles"":0,""bond_lengths"":0,""bonds"":0,""double_bond_stereochemistry"":0,""energy_ratio"":104,""file_loads"":0,""inchi_convertible"":0,""internal_steric_clash"":99,""molecular_formula"":0,""no_radicals"":0,""planar_aromatic_rings"":0,""planar_double_bonds"":0,""reference_file_loads"":0,""sanitisation"":0,""tetrahedral_chirality"":0}","{""all_atoms_connected"":0.0,""bond_angles"":0.0,""bond_lengths"":0.0,""bonds"":0.0,""double_bond_stereochemistry"":0.0,""energy_ratio"":0.104,""file_loads"":0.0,""inchi_convertible"":0.0,""internal_steric_clash"":0.099,""molecular_formula"":0.0,""no_radicals"":0.0,""planar_aromatic_rings"":0.0,""planar_double_bonds"":0.0,""reference_file_loads"":0.0,""sanitisation"":0.0,""tetrahedral_chirality"":0.0}",820,109.33447989925055,1.1144878315787246,1.6092960243802397,76.0,9.268292682926829,0.8496271753128085,0.09146341463414634,39.62692196780273,0.03892028554431886,0.13157894736842105,5.0,0.6097560975609756,0.9050790193621846,0.35853658536585364,4.291638039751065,0.2592653182629387,0.0,1.0,0.12195121951219512,0.0,1.0,1.0,1.0,0.0,1.0,0.12195121951219512,0.0,1.0,1.0,1.0,0.0,820,168.02290107053443,78227.7388597023,215.17508280912347,2722.5828787407972,0.30432745166211733,1.1057934959206173,0.0,1.0,1.0,1.0,0.27772708587186895,1.0760605632298998,0.0,1.0,1.0,1.0,1000,0,0,0,0,0,1000,0,0,0,0,820,1000,1000,core
2hb1_2hb1_conf0,generation,torsional_diffusion_raw,dynamic,,torsional_diffusion_raw_dynamic,Torsional Diffusion,torsional_diffusion_raw_dynamic,4,14,56,0.7,56,54,2,0.9642857142857143,68,56,12,0.8235294117647058,"{""all_atoms_connected"":0,""bond_angles"":0,""bond_lengths"":0,""bonds"":0,""double_bond_stereochemistry"":0,""energy_ratio"":9,""file_loads"":0,""inchi_convertible"":0,""internal_steric_clash"":6,""molecular_formula"":0,""no_radicals"":0,""planar_aromatic_rings"":0,""planar_double_bonds"":0,""reference_file_loads"":0,""sanitisation"":0,""tetrahedral_chirality"":0}","{""all_atoms_connected"":0.0,""bond_angles"":0.0,""bond_lengths"":0.0,""bonds"":0.0,""double_bond_stereochemistry"":0.0,""energy_ratio"":0.1323529411764706,""file_loads"":0.0,""inchi_convertible"":0.0,""internal_steric_clash"":0.08823529411764706,""molecular_formula"":0.0,""no_radicals"":0.0,""planar_aromatic_rings"":0.0,""planar_double_bonds"":0.0,""reference_file_loads"":0.0,""sanitisation"":0.0,""tetrahedral_chirality"":0.0}",56,104.41335634324363,1.1167561712519123,1.6053219573025228,21.0,37.5,0.9138907031574158,0.14285714285714285,16.157118901333728,0.07780612244897958,0.3333333333333333,5.0,8.928571428571429,0.9398539895652607,0.3392857142857143,4.538681915685784,0.23979591836734698,0.0,1.0,1.7857142857142858,0.0,1.0,1.0,1.0,0.0,1.0,1.7857142857142858,0.0,1.0,1.0,1.0,0.0,56,172.02441609863922,299.1391012402809,214.82439511548188,24.83870435511747,0.5370756715326708,1.0865988546641026,0.0,0.0,1.0,1.0,0.5755507209674136,1.0323113761576217,0.0,0.0,1.0,1.0,1000,0,0,0,0,0,68,0,0,0,0,56,68,68,core
2hb1_2hb1_conf0,generation,torsional_diffusion_raw,chembl_count,,torsional_diffusion_raw_chembl_count,Torsional Diffusion,torsional_diffusion_raw_chembl_count,4,14,30,0.7,30,30,0,1.0,38,30,8,0.7894736842105263,"{""all_atoms_connected"":0,""bond_angles"":0,""bond_lengths"":0,""bonds"":0,""double_bond_stereochemistry"":0,""energy_ratio"":4,""file_loads"":0,""inchi_convertible"":0,""internal_steric_clash"":6,""molecular_formula"":0,""no_radicals"":0,""planar_aromatic_rings"":0,""planar_double_bonds"":0,""reference_file_loads"":0,""sanitisation"":0,""tetrahedral_chirality"":0}","{""all_atoms_connected"":0.0,""bond_angles"":0.0,""bond_lengths"":0.0,""bonds"":0.0,""double_bond_stereochemistry"":0.0,""energy_ratio"":0.10526315789473684,""file_loads"":0.0,""inchi_convertible"":0.0,""internal_steric_clash"":0.15789473684210525,""molecular_formula"":0.0,""no_radicals"":0.0,""planar_aromatic_rings"":0.0,""planar_double_bonds"":0.0,""reference_file_loads"":0.0,""sanitisation"":0.0,""tetrahedral_chirality"":0.0}",30,101.8373488166995,1.0737237012637466,1.5884110717108957,15.0,50.0,0.8953587069959903,0.26666666666666666,11.298571779540017,0.11999999999999995,0.6,5.0,16.666666666666668,0.8445412464587144,0.5,3.8932204747617334,0.32000000000000006,0.0,1.0,3.3333333333333335,0.0,1.0,1.0,1.0,0.0,1.0,3.3333333333333335,0.0,1.0,1.0,1.0,0.0,30,186.30440970151824,289.50431424225985,219.66782763490676,26.120943691158608,0.5019132909963128,1.1719887630312575,0.0,0.0,1.0,1.0,0.5602149361682953,1.1672899312627631,0.0,0.0,1.0,1.0,1000,0,0,0,0,0,38,0,0,0,0,30,38,38,core
2p4y_2p4y_conf0,generation,torsional_diffusion_raw,fixed,,torsional_diffusion_raw_fixed,Torsional Diffusion,torsional_diffusion_raw_fixed,8,40,868,0.7,868,846,22,0.9746543778801844,1000,868,132,0.868,"{""all_atoms_connected"":0,""bond_angles"":0,""bond_lengths"":0,""bonds"":0,""double_bond_stereochemistry"":0,""energy_ratio"":74,""file_loads"":0,""inchi_convertible"":0,""internal_steric_clash"":88,""molecular_formula"":0,""no_radicals"":0,""planar_aromatic_rings"":0,""planar_double_bonds"":0,""reference_file_loads"":0,""sanitisation"":0,""tetrahedral_chirality"":0}","{""all_atoms_connected"":0.0,""bond_angles"":0.0,""bond_lengths"":0.0,""bonds"":0.0,""double_bond_stereochemistry"":0.0,""energy_ratio"":0.074,""file_loads"":0.0,""inchi_convertible"":0.0,""internal_steric_clash"":0.088,""molecular_formula"":0.0,""no_radicals"":0.0,""planar_aromatic_rings"":0.0,""planar_double_bonds"":0.0,""reference_file_loads"":0.0,""sanitisation"":0.0,""tetrahedral_chirality"":0.0}",868,101.15295485296225,2.572170416541303,3.5259926690367847,689.0,79.3778801843318,0.9833493695184036,0.009216589861751152,617.9610215246171,0.0019165834908365011,0.8345428156748912,182.0,20.967741935483872,0.8891296281633467,0.044930875576036866,102.21071652519028,0.01487874025780968,0.3626373626373626,14.0,1.6129032258064515,0.8353934708429568,0.20506912442396313,9.06708898104522,0.1360323005372805,0.0,4.0,0.4608294930875576,0.7094737430368281,0.4700460829493088,2.6739036592665606,0.4073377009492663,0.0,868,198.05218618457772,45118.63784570668,239.20278427304493,2180.746443930677,1.188215949872941,2.905129022232969,0.0,0.0,0.0,1.0,1.1198167441348368,2.868334821745675,0.0,0.0,0.0,1.0,1000,0,0,0,0,0,1000,0,0,0,0,868,1000,1000,core
2p4y_2p4y_conf0,generation,torsional_diffusion_raw,dynamic,,torsional_diffusion_raw_dynamic,Torsional Diffusion,torsional_diffusion_raw_dynamic,8,40,137,0.7,137,131,6,0.9562043795620438,156,137,19,0.8782051282051282,"{""all_atoms_connected"":0,""bond_angles"":0,""bond_lengths"":0,""bonds"":0,""double_bond_stereochemistry"":0,""energy_ratio"":13,""file_loads"":0,""inchi_convertible"":0,""internal_steric_clash"":12,""molecular_formula"":0,""no_radicals"":0,""planar_aromatic_rings"":0,""planar_double_bonds"":0,""reference_file_loads"":0,""sanitisation"":0,""tetrahedral_chirality"":0}","{""all_atoms_connected"":0.0,""bond_angles"":0.0,""bond_lengths"":0.0,""bonds"":0.0,""double_bond_stereochemistry"":0.0,""energy_ratio"":0.08333333333333333,""file_loads"":0.0,""inchi_convertible"":0.0,""internal_steric_clash"":0.07692307692307693,""molecular_formula"":0.0,""no_radicals"":0.0,""planar_aromatic_rings"":0.0,""planar_double_bonds"":0.0,""reference_file_loads"":0.0,""sanitisation"":0.0,""tetrahedral_chirality"":0.0}",137,100.36933104778547,2.6064905758143397,3.575893724380872,131.0,95.62043795620438,0.9967324360488753,0.014598540145985401,128.92970123736725,0.007938622196174541,0.9541984732824428,65.0,47.44525547445255,0.9497493675839739,0.051094890510948905,52.700327483384264,0.02306995577814481,0.49230769230769234,11.0,8.02919708029197,0.8438179338214331,0.291970802919708,7.563900789840087,0.16873568117640791,0.09090909090909091,4.0,2.9197080291970803,0.8395221296729264,0.4233576642335766,3.2021574776765163,0.34956577334967237,0.0,137,205.77456038337198,37340.28426066977,240.47125071876587,3784.5765357642817,1.1929809480262525,2.860068505676773,0.0,0.0,0.0,1.0,1.1198167441348368,2.8413048244372985,0.0,0.0,0.0,1.0,1000,0,0,0,0,0,156,0,0,0,0,137,156,156,core
2p4y_2p4y_conf0,generation,torsional_diffusion_raw,chembl_count,,torsional_diffusion_raw_chembl_count,Torsional Diffusion,torsional_diffusion_raw_chembl_count,8,40,146,0.7,146,140,6,0.958904109589041,174,146,28,0.8390804597701149,"{""all_atoms_connected"":0,""bond_angles"":0,""bond_lengths"":0,""bonds"":0,""double_bond_stereochemistry"":0,""energy_ratio"":18,""file_loads"":0,""inchi_convertible"":0,""internal_steric_clash"":19,""molecular_formula"":0,""no_radicals"":0,""planar_aromatic_rings"":0,""planar_double_bonds"":0,""reference_file_loads"":0,""sanitisation"":0,""tetrahedral_chirality"":0}","{""all_atoms_connected"":0.0,""bond_angles"":0.0,""bond_lengths"":0.0,""bonds"":0.0,""double_bond_stereochemistry"":0.0,""energy_ratio"":0.10344827586206896,""file_loads"":0.0,""inchi_convertible"":0.0,""internal_steric_clash"":0.10919540229885058,""molecular_formula"":0.0,""no_radicals"":0.0,""planar_aromatic_rings"":0.0,""planar_double_bonds"":0.0,""reference_file_loads"":0.0,""sanitisation"":0.0,""tetrahedral_chirality"":0.0}",146,101.77766114050074,2.5983406548173154,3.5616448190797634,139.0,95.20547945205479,0.9957609724764258,0.02054794520547945,136.122683316597,0.007599924939012946,0.9568345323741008,70.0,47.945205479452056,0.938038515691043,0.04794520547945205,53.798854266132956,0.02373803715518858,0.5571428571428572,10.0,6.8493150684931505,0.7695176644445421,0.3356164383561644,5.881900376314409,0.21110902608369303,0.2,3.0,2.0547945205479454,0.7312457460624843,0.5684931506849316,2.2330214141316707,0.48217301557515485,0.0,146,198.05218618457772,37340.28426066977,241.68768018878342,3690.780250817766,1.2286700796067545,3.0133175303420447,0.0,0.0,0.0,1.0,1.2493594323447432,2.9853538422996833,0.0,0.0,0.0,1.0,1000,0,0,0,0,0,174,0,0,0,0,146,174,174,core
2pog_2pog_conf0,generation,torsional_diffusion_raw,fixed,,torsional_diffusion_raw_fixed,Torsional Diffusion,torsional_diffusion_raw_fixed,3,21,951,0.7,951,951,0,1.0,1000,951,49,0.951,"{""all_atoms_connected"":0,""bond_angles"":0,""bond_lengths"":0,""bonds"":0,""double_bond_stereochemistry"":0,""energy_ratio"":49,""file_loads"":0,""inchi_convertible"":0,""internal_steric_clash"":0,""molecular_formula"":0,""no_radicals"":0,""planar_aromatic_rings"":0,""planar_double_bonds"":0,""reference_file_loads"":0,""sanitisation"":0,""tetrahedral_chirality"":0}","{""all_atoms_connected"":0.0,""bond_angles"":0.0,""bond_lengths"":0.0,""bonds"":0.0,""double_bond_stereochemistry"":0.0,""energy_ratio"":0.049,""file_loads"":0.0,""inchi_convertible"":0.0,""internal_steric_clash"":0.0,""molecular_formula"":0.0,""no_radicals"":0.0,""planar_aromatic_rings"":0.0,""planar_double_bonds"":0.0,""reference_file_loads"":0.0,""sanitisation"":0.0,""tetrahedral_chirality"":0.0}",951,101.09788944317194,0.7146626845456723,1.2870204690187141,15.0,1.5772870662460567,0.8341758715146956,0.24605678233438485,9.573416440739578,0.13152462237436713,0.0,3.0,0.31545741324921134,0.7519508775273077,0.6950578338590957,2.2843978680109047,0.5296798654579108,0.0,1.0,0.10515247108307045,0.0,1.0,1.0,1.0,0.0,1.0,0.10515247108307045,0.0,1.0,1.0,1.0,0.0,951,57.00962498014225,8569.625639725815,75.63257529365677,277.62632668418286,0.15164572677673724,0.5041293154136924,1.0,1.0,1.0,1.0,0.10756256415801294,0.4974733752397001,1.0,1.0,1.0,1.0,1000,0,0,0,0,0,1000,0,0,0,0,951,1000,1000,core
2pog_2pog_conf0,generation,torsional_diffusion_raw,dynamic,,torsional_diffusion_raw_dynamic,Torsional Diffusion,torsional_diffusion_raw_dynamic,3,21,43,0.7,43,43,0,1.0,46,43,3,0.9347826086956522,"{""all_atoms_connected"":0,""bond_angles"":0,""bond_lengths"":0,""bonds"":0,""double_bond_stereochemistry"":0,""energy_ratio"":3,""file_loads"":0,""inchi_convertible"":0,""internal_steric_clash"":0,""molecular_formula"":0,""no_radicals"":0,""planar_aromatic_rings"":0,""planar_double_bonds"":0,""reference_file_loads"":0,""sanitisation"":0,""tetrahedral_chirality"":0}","{""all_atoms_connected"":0.0,""bond_angles"":0.0,""bond_lengths"":0.0,""bonds"":0.0,""double_bond_stereochemistry"":0.0,""energy_ratio"":0.06521739130434782,""file_loads"":0.0,""inchi_convertible"":0.0,""internal_steric_clash"":0.0,""molecular_formula"":0.0,""no_radicals"":0.0,""planar_aromatic_rings"":0.0,""planar_double_bonds"":0.0,""reference_file_loads"":0.0,""sanitisation"":0.0,""tetrahedral_chirality"":0.0}",43,92.86123352616552,0.7422713461831286,1.2613558714751627,6.0,13.953488372093023,0.8786210555778573,0.3953488372093023,4.827253132182762,0.24607896160086531,0.0,2.0,4.651162790697675,0.8541802051521676,0.7209302325581395,1.8077312407473265,0.5976203353163871,0.0,1.0,2.3255813953488373,0.0,1.0,1.0,1.0,0.0,1.0,2.3255813953488373,0.0,1.0,1.0,1.0,0.0,43,62.610461221426135,238.25695652182017,74.65429913825139,32.65888661030474,0.23378274152596726,0.46696911873338753,1.0,1.0,1.0,1.0,0.2261197539153695,0.4763768455466585,1.0,1.0,1.0,1.0,1000,0,0,0,0,0,46,0,0,0,0,43,46,46,core
2pog_2pog_conf0,generation,torsional_diffusion_raw,chembl_count,,torsional_diffusion_raw_chembl_count,Torsional Diffusion,torsional_diffusion_raw_chembl_count,3,21,10,0.7,10,10,0,1.0,10,10,0,1.0,"{""all_atoms_connected"":0,""bond_angles"":0,""bond_lengths"":0,""bonds"":0,""double_bond_stereochemistry"":0,""energy_ratio"":0,""file_loads"":0,""inchi_convertible"":0,""internal_steric_clash"":0,""molecular_formula"":0,""no_radicals"":0,""planar_aromatic_rings"":0,""planar_double_bonds"":0,""reference_file_loads"":0,""sanitisation"":0,""tetrahedral_chirality"":0}","{""all_atoms_connected"":0.0,""bond_angles"":0.0,""bond_lengths"":0.0,""bonds"":0.0,""double_bond_stereochemistry"":0.0,""energy_ratio"":0.0,""file_loads"":0.0,""inchi_convertible"":0.0,""internal_steric_clash"":0.0,""molecular_formula"":0.0,""no_radicals"":0.0,""planar_aromatic_rings"":0.0,""planar_double_bonds"":0.0,""reference_file_loads"":0.0,""sanitisation"":0.0,""tetrahedral_chirality"":0.0}",10,101.62959150656214,0.5794033527062294,0.9359835869375701,4.0,40.0,0.7854752972273343,0.6,2.9710040966100055,0.42000000000000004,0.5,1.0,10.0,0.0,1.0,1.0,1.0,0.0,1.0,10.0,0.0,1.0,1.0,1.0,0.0,1.0,10.0,0.0,1.0,1.0,1.0,0.0,10,63.939116324948635,126.98432525832038,70.43439446492422,17.836562895531763,0.28377070731239057,0.4560730916632353,0.0,1.0,1.0,1.0,0.2859435264676297,0.4263171737455035,0.0,1.0,1.0,1.0,1000,0,0,0,0,0,10,0,0,0,0,10,10,10,core
2qbp_2qbp_conf0,generation,torsional_diffusion_raw,fixed,,torsional_diffusion_raw_fixed,Torsional Diffusion,torsional_diffusion_raw_fixed,10,37,558,0.7,558,473,85,0.8476702508960573,1000,558,442,0.558,"{""all_atoms_connected"":0,""bond_angles"":0,""bond_lengths"":0,""bonds"":0,""double_bond_stereochemistry"":0,""energy_ratio"":269,""file_loads"":0,""inchi_convertible"":0,""internal_steric_clash"":351,""molecular_formula"":0,""no_radicals"":0,""planar_aromatic_rings"":0,""planar_double_bonds"":0,""reference_file_loads"":0,""sanitisation"":0,""tetrahedral_chirality"":0}","{""all_atoms_connected"":0.0,""bond_angles"":0.0,""bond_lengths"":0.0,""bonds"":0.0,""double_bond_stereochemistry"":0.0,""energy_ratio"":0.269,""file_loads"":0.0,""inchi_convertible"":0.0,""internal_steric_clash"":0.351,""molecular_formula"":0.0,""no_radicals"":0.0,""planar_aromatic_rings"":0.0,""planar_double_bonds"":0.0,""reference_file_loads"":0.0,""sanitisation"":0.0,""tetrahedral_chirality"":0.0}",558,97.80512783683534,2.8519910270567825,3.890499240163234,558.0,100.0,1.0000000000000002,0.0017921146953405018,558.0000000000005,0.0017921146953405018,1.0,476.0,85.30465949820788,0.991117271551211,0.007168458781362007,450.6324865745909,0.002389486260454002,0.8487394957983193,36.0,6.451612903225806,0.9555711768734976,0.07168458781362007,30.70137400236404,0.036696599478423964,0.0,4.0,0.7168458781362007,0.9084778661522298,0.3763440860215054,3.523369383683187,0.3022378951966187,0.0,558,230.17502988998382,444883.7208211344,333.77678019860866,19939.38458733622,1.096442552785442,3.200832487168647,0.0,0.0,0.0,1.0,1.1433384227383006,3.2440852548107966,0.0,0.0,0.0,1.0,1000,0,0,0,0,0,1000,0,0,0,0,558,1000,1000,core
2qbp_2qbp_conf0,generation,torsional_diffusion_raw,dynamic,,torsional_diffusion_raw_dynamic,Torsional Diffusion,torsional_diffusion_raw_dynamic,10,37,116,0.7,116,96,20,0.8275862068965517,200,116,84,0.58,"{""all_atoms_connected"":0,""bond_angles"":0,""bond_lengths"":0,""bonds"":0,""double_bond_stereochemistry"":0,""energy_ratio"":59,""file_loads"":0,""inchi_convertible"":0,""internal_steric_clash"":65,""molecular_formula"":0,""no_radicals"":0,""planar_aromatic_rings"":0,""planar_double_bonds"":0,""reference_file_loads"":0,""sanitisation"":0,""tetrahedral_chirality"":0}","{""all_atoms_connected"":0.0,""bond_angles"":0.0,""bond_lengths"":0.0,""bonds"":0.0,""double_bond_stereochemistry"":0.0,""energy_ratio"":0.295,""file_loads"":0.0,""inchi_convertible"":0.0,""internal_steric_clash"":0.325,""molecular_formula"":0.0,""no_radicals"":0.0,""planar_aromatic_rings"":0.0,""planar_double_bonds"":0.0,""reference_file_loads"":0.0,""sanitisation"":0.0,""tetrahedral_chirality"":0.0}",116,97.25438297509176,2.8188229558944595,3.6648230822918872,116.0,100.0,0.9999999999999997,0.008620689655172414,115.99999999999977,0.008620689655172414,1.0,114.0,98.27586206896552,0.9986255043417366,0.017241379310344827,113.26028354731363,0.008917954815695598,0.9824561403508771,23.0,19.82758620689655,0.937422494815951,0.12931034482758622,18.902284927198668,0.06168252080856125,0.13043478260869565,4.0,3.4482758620689653,0.8715438373946227,0.5258620689655172,3.347508397769184,0.35285374554102256,0.0,116,251.39788695827463,22582.3710699943,349.6026328883587,2683.598249408563,1.4732008422599878,3.173341022002203,0.0,0.0,0.0,1.0,1.5125132451831782,3.206761127782275,0.0,0.0,0.0,1.0,1000,0,0,0,0,0,200,0,0,0,0,116,200,200,core
2qbp_2qbp_conf0,generation,torsional_diffusion_raw,chembl_count,,torsional_diffusion_raw_chembl_count,Torsional Diffusion,torsional_diffusion_raw_chembl_count,10,37,109,0.7,109,89,20,0.8165137614678899,200,109,91,0.545,"{""all_atoms_connected"":0,""bond_angles"":0,""bond_lengths"":0,""bonds"":0,""double_bond_stereochemistry"":0,""energy_ratio"":60,""file_loads"":0,""inchi_convertible"":0,""internal_steric_clash"":72,""molecular_formula"":0,""no_radicals"":0,""planar_aromatic_rings"":0,""planar_double_bonds"":0,""reference_file_loads"":0,""sanitisation"":0,""tetrahedral_chirality"":0}","{""all_atoms_connected"":0.0,""bond_angles"":0.0,""bond_lengths"":0.0,""bonds"":0.0,""double_bond_stereochemistry"":0.0,""energy_ratio"":0.3,""file_loads"":0.0,""inchi_convertible"":0.0,""internal_steric_clash"":0.36,""molecular_formula"":0.0,""no_radicals"":0.0,""planar_aromatic_rings"":0.0,""planar_double_bonds"":0.0,""reference_file_loads"":0.0,""sanitisation"":0.0,""tetrahedral_chirality"":0.0}",109,97.29070765150709,2.8557654851720464,3.7559062649327926,109.0,100.0,1.0,0.009174311926605505,108.99999999999997,0.009174311926605505,1.0,102.0,93.57798165137615,0.995102023253603,0.01834862385321101,99.71536764857659,0.010352663917178689,0.9313725490196079,25.0,22.93577981651376,0.9008994160500887,0.11926605504587157,18.172025496503306,0.06674522346603821,0.32,5.0,4.587155963302752,0.9413806203233045,0.3302752293577982,4.549847247307868,0.2354178941166569,0.0,109,246.87704639021868,133437.2442119142,335.018940384524,13657.28430441398,1.4142111414633851,3.270829138312306,0.0,0.0,0.0,1.0,1.4377724245766894,3.3705216677384215,0.0,0.0,0.0,1.0,1000,0,0,0,0,0,200,0,0,0,0,109,200,200,core
2qbq_2qbq_conf0,generation,torsional_diffusion_raw,fixed,,torsional_diffusion_raw_fixed,Torsional Diffusion,torsional_diffusion_raw_fixed,7,31,698,0.7,698,624,74,0.8939828080229226,1000,698,302,0.698,"{""all_atoms_connected"":0,""bond_angles"":0,""bond_lengths"":0,""bonds"":0,""double_bond_stereochemistry"":0,""energy_ratio"":138,""file_loads"":0,""inchi_convertible"":0,""internal_steric_clash"":250,""molecular_formula"":0,""no_radicals"":0,""planar_aromatic_rings"":0,""planar_double_bonds"":0,""reference_file_loads"":0,""sanitisation"":0,""tetrahedral_chirality"":0}","{""all_atoms_connected"":0.0,""bond_angles"":0.0,""bond_lengths"":0.0,""bonds"":0.0,""double_bond_stereochemistry"":0.0,""energy_ratio"":0.138,""file_loads"":0.0,""inchi_convertible"":0.0,""internal_steric_clash"":0.25,""molecular_formula"":0.0,""no_radicals"":0.0,""planar_aromatic_rings"":0.0,""planar_double_bonds"":0.0,""reference_file_loads"":0.0,""sanitisation"":0.0,""tetrahedral_chirality"":0.0}",698,102.64377008093875,2.064917110326778,2.667190085419065,619.0,88.68194842406876,0.9923354204491847,0.0057306590257879654,589.2417544731687,0.0018267501908851322,0.8982229402261712,130.0,18.624641833810887,0.935032704342459,0.03008595988538682,94.75588005733299,0.013127971034720569,0.17692307692307693,6.0,0.8595988538681948,0.9509785361691883,0.24068767908309455,5.495473740843423,0.18993275917274896,0.0,1.0,0.14326647564469913,0.0,1.0,1.0,1.0,0.0,698,260.2964349277747,324942.7570434123,334.5088113395094,12311.122179982709,0.6104411043186412,2.0509030757743103,0.0,0.0,1.0,1.0,0.6609244187427117,2.065257647864004,0.0,0.0,1.0,1.0,1000,0,0,0,0,0,1000,0,0,0,0,698,1000,1000,core
2qbq_2qbq_conf0,generation,torsional_diffusion_raw,dynamic,,torsional_diffusion_raw_dynamic,Torsional Diffusion,torsional_diffusion_raw_dynamic,7,31,95,0.7,95,80,15,0.8421052631578947,134,95,39,0.7089552238805971,"{""all_atoms_connected"":0,""bond_angles"":0,""bond_lengths"":0,""bonds"":0,""double_bond_stereochemistry"":0,""energy_ratio"":15,""file_loads"":0,""inchi_convertible"":0,""internal_steric_clash"":36,""molecular_formula"":0,""no_radicals"":0,""planar_aromatic_rings"":0,""planar_double_bonds"":0,""reference_file_loads"":0,""sanitisation"":0,""tetrahedral_chirality"":0}","{""all_atoms_connected"":0.0,""bond_angles"":0.0,""bond_lengths"":0.0,""bonds"":0.0,""double_bond_stereochemistry"":0.0,""energy_ratio"":0.11194029850746269,""file_loads"":0.0,""inchi_convertible"":0.0,""internal_steric_clash"":0.26865671641791045,""molecular_formula"":0.0,""no_radicals"":0.0,""planar_aromatic_rings"":0.0,""planar_double_bonds"":0.0,""reference_file_loads"":0.0,""sanitisation"":0.0,""tetrahedral_chirality"":0.0}",95,102.70377554637679,2.038382562040044,2.653185513712692,91.0,95.78947368421052,0.9965964571090308,0.021052631578947368,89.61355595800903,0.011412742382271465,0.9560439560439561,56.0,58.94736842105263,0.9651781403815708,0.05263157894736842,48.67577432744081,0.023601108033240996,0.5714285714285714,4.0,4.2105263157894735,0.9522021459170732,0.37894736842105264,3.7435429113968226,0.28199445983379506,0.0,1.0,1.0526315789473684,0.0,1.0,1.0,1.0,0.0,95,280.43274091904016,2222.3386706481483,337.8229048048595,225.90573158431292,0.8531279861977381,2.074120009603762,0.0,0.0,0.0,1.0,0.8060008913165531,2.0858589132670766,0.0,0.0,0.0,1.0,1000,0,0,0,0,0,134,0,0,0,0,95,134,134,core
2qbq_2qbq_conf0,generation,torsional_diffusion_raw,chembl_count,,torsional_diffusion_raw_chembl_count,Torsional Diffusion,torsional_diffusion_raw_chembl_count,7,31,135,0.7,135,122,13,0.9037037037037037,200,135,65,0.675,"{""all_atoms_connected"":0,""bond_angles"":0,""bond_lengths"":0,""bonds"":0,""double_bond_stereochemistry"":0,""energy_ratio"":36,""file_loads"":0,""inchi_convertible"":0,""internal_steric_clash"":54,""molecular_formula"":0,""no_radicals"":0,""planar_aromatic_rings"":0,""planar_double_bonds"":0,""reference_file_loads"":0,""sanitisation"":0,""tetrahedral_chirality"":0}","{""all_atoms_connected"":0.0,""bond_angles"":0.0,""bond_lengths"":0.0,""bonds"":0.0,""double_bond_stereochemistry"":0.0,""energy_ratio"":0.18,""file_loads"":0.0,""inchi_convertible"":0.0,""internal_steric_clash"":0.27,""molecular_formula"":0.0,""no_radicals"":0.0,""planar_aromatic_rings"":0.0,""planar_double_bonds"":0.0,""reference_file_loads"":0.0,""sanitisation"":0.0,""tetrahedral_chirality"":0.0}",135,103.67579145257272,2.0113976147082457,2.592677211684383,132.0,97.77777777777777,0.9982932575111,0.014814814814814815,130.90452452730696,0.007736625514403292,0.9772727272727273,64.0,47.407407407407405,0.9502854126272555,0.05185185185185185,52.04589507612482,0.023319615912208498,0.46875,4.0,2.962962962962963,0.9507127348793573,0.35555555555555557,3.7358213601141843,0.28274348422496576,0.0,1.0,0.7407407407407407,0.0,1.0,1.0,1.0,0.0,135,272.11388726979243,1646.3021830780253,334.2456492106365,185.05371196244084,0.7566368301520829,2.007200191767954,0.0,0.0,0.0,1.0,0.7325314279591022,2.0328641774854126,0.0,0.0,1.0,1.0,1000,0,0,0,0,0,200,0,0,0,0,135,200,200,core
2qbr_2qbr_conf0,generation,torsional_diffusion_raw,fixed,,torsional_diffusion_raw_fixed,Torsional Diffusion,torsional_diffusion_raw_fixed,8,28,761,0.7,761,750,11,0.985545335085414,1000,761,239,0.761,"{""all_atoms_connected"":0,""bond_angles"":0,""bond_lengths"":0,""bonds"":0,""double_bond_stereochemistry"":0,""energy_ratio"":99,""file_loads"":0,""inchi_convertible"":0,""internal_steric_clash"":195,""molecular_formula"":0,""no_radicals"":0,""planar_aromatic_rings"":0,""planar_double_bonds"":0,""reference_file_loads"":0,""sanitisation"":0,""tetrahedral_chirality"":0}","{""all_atoms_connected"":0.0,""bond_angles"":0.0,""bond_lengths"":0.0,""bonds"":0.0,""double_bond_stereochemistry"":0.0,""energy_ratio"":0.099,""file_loads"":0.0,""inchi_convertible"":0.0,""internal_steric_clash"":0.195,""molecular_formula"":0.0,""no_radicals"":0.0,""planar_aromatic_rings"":0.0,""planar_double_bonds"":0.0,""reference_file_loads"":0.0,""sanitisation"":0.0,""tetrahedral_chirality"":0.0}",761,98.06941157259854,2.152531406889347,2.8108938906453713,488.0,64.12614980289094,0.9672940200374086,0.011826544021024968,398.5588133743887,0.003272200455517931,0.7151639344262295,103.0,13.534822601839684,0.9451492694153031,0.03942181340341656,79.87881847294858,0.014841458002731725,0.1262135922330097,7.0,0.9198423127463863,0.9860773304828375,0.20893561103810776,6.81290007683537,0.15089938026768152,0.0,2.0,0.2628120893561104,0.9862234588893493,0.568988173455979,1.9809925558415367,0.5095187361535845,0.0,761,226.46617699962087,41110.44363646734,279.360736640029,1479.685327351698,0.7280762382960273,2.1354117569041433,0.0,0.0,1.0,1.0,0.7072733045543677,2.1290785239610655,0.0,0.0,1.0,1.0,1000,0,0,0,0,0,1000,0,0,0,0,761,1000,1000,core
2qbr_2qbr_conf0,generation,torsional_diffusion_raw,dynamic,,torsional_diffusion_raw_dynamic,Torsional Diffusion,torsional_diffusion_raw_dynamic,8,28,123,0.7,123,122,1,0.991869918699187,156,123,33,0.7884615384615384,"{""all_atoms_connected"":0,""bond_angles"":0,""bond_lengths"":0,""bonds"":0,""double_bond_stereochemistry"":0,""energy_ratio"":11,""file_loads"":0,""inchi_convertible"":0,""internal_steric_clash"":30,""molecular_formula"":0,""no_radicals"":0,""planar_aromatic_rings"":0,""planar_double_bonds"":0,""reference_file_loads"":0,""sanitisation"":0,""tetrahedral_chirality"":0}","{""all_atoms_connected"":0.0,""bond_angles"":0.0,""bond_lengths"":0.0,""bonds"":0.0,""double_bond_stereochemistry"":0.0,""energy_ratio"":0.07051282051282051,""file_loads"":0.0,""inchi_convertible"":0.0,""internal_steric_clash"":0.19230769230769232,""molecular_formula"":0.0,""no_radicals"":0.0,""planar_aromatic_rings"":0.0,""planar_double_bonds"":0.0,""reference_file_loads"":0.0,""sanitisation"":0.0,""tetrahedral_chirality"":0.0}",123,95.86779976583583,2.136245039065377,2.784211467900577,106.0,86.17886178861788,0.9865688855576387,0.032520325203252036,99.56432422809702,0.011038403066957502,0.8773584905660378,46.0,37.39837398373984,0.954117198100223,0.056910569105691054,38.58920606519324,0.029678101659065363,0.32608695652173914,5.0,4.065040650406504,0.8834026104572954,0.3252032520325203,4.144497924284807,0.2586423425209862,0.0,1.0,0.8130081300813008,0.0,1.0,1.0,1.0,0.0,123,237.11325491760866,1094.8585021093536,276.9111429560602,80.85384690165083,0.9688809054570049,2.005962197000365,0.0,0.0,0.0,1.0,0.8938376535971019,1.9735454195932394,0.0,0.0,0.0,1.0,1000,0,0,0,0,0,156,0,0,0,0,123,156,156,core
2qbr_2qbr_conf0,generation,torsional_diffusion_raw,chembl_count,,torsional_diffusion_raw_chembl_count,Torsional Diffusion,torsional_diffusion_raw_chembl_count,8,28,158,0.7,158,154,4,0.9746835443037974,200,158,42,0.79,"{""all_atoms_connected"":0,""bond_angles"":0,""bond_lengths"":0,""bonds"":0,""double_bond_stereochemistry"":0,""energy_ratio"":22,""file_loads"":0,""inchi_convertible"":0,""internal_steric_clash"":33,""molecular_formula"":0,""no_radicals"":0,""planar_aromatic_rings"":0,""planar_double_bonds"":0,""reference_file_loads"":0,""sanitisation"":0,""tetrahedral_chirality"":0}","{""all_atoms_connected"":0.0,""bond_angles"":0.0,""bond_lengths"":0.0,""bonds"":0.0,""double_bond_stereochemistry"":0.0,""energy_ratio"":0.11,""file_loads"":0.0,""inchi_convertible"":0.0,""internal_steric_clash"":0.165,""molecular_formula"":0.0,""no_radicals"":0.0,""planar_aromatic_rings"":0.0,""planar_double_bonds"":0.0,""reference_file_loads"":0.0,""sanitisation"":0.0,""tetrahedral_chirality"":0.0}",158,95.32754075079873,2.16803886854433,2.830089418624983,135.0,85.44303797468355,0.9877928350618277,0.02531645569620253,127.15353332925629,0.008572344175612884,0.8592592592592593,56.0,35.44303797468354,0.9447508832249346,0.056962025316455694,44.83345235430024,0.026678416920365322,0.3392857142857143,6.0,3.7974683544303796,0.9824785245543304,0.2088607594936709,5.814560482350905,0.17641403621214546,0.0,2.0,1.2658227848101267,0.9772258286840874,0.5886075949367089,1.9686761817854492,0.5157026117609358,0.0,158,226.54558421935167,462.2228486283299,276.82276961769236,40.298860681397585,1.0326847662665373,2.0604672988947623,0.0,0.0,0.0,1.0,1.0284818030100822,2.0606377631075947,0.0,0.0,0.0,1.0,1000,0,0,0,0,0,200,0,0,0,0,158,200,200,core
2v00_2v00_conf0,generation,torsional_diffusion_raw,fixed,,torsional_diffusion_raw_fixed,Torsional Diffusion,torsional_diffusion_raw_fixed,4,16,998,0.7,998,998,0,1.0,1000,998,2,0.998,"{""all_atoms_connected"":0,""bond_angles"":0,""bond_lengths"":0,""bonds"":0,""double_bond_stereochemistry"":0,""energy_ratio"":2,""file_loads"":0,""inchi_convertible"":0,""internal_steric_clash"":1,""molecular_formula"":0,""no_radicals"":0,""planar_aromatic_rings"":0,""planar_double_bonds"":0,""reference_file_loads"":0,""sanitisation"":0,""tetrahedral_chirality"":0}","{""all_atoms_connected"":0.0,""bond_angles"":0.0,""bond_lengths"":0.0,""bonds"":0.0,""double_bond_stereochemistry"":0.0,""energy_ratio"":0.002,""file_loads"":0.0,""inchi_convertible"":0.0,""internal_steric_clash"":0.001,""molecular_formula"":0.0,""no_radicals"":0.0,""planar_aromatic_rings"":0.0,""planar_double_bonds"":0.0,""reference_file_loads"":0.0,""sanitisation"":0.0,""tetrahedral_chirality"":0.0}",998,106.70373454223945,1.4062010767309925,1.9618110551851906,63.0,6.312625250501002,0.7909102211641263,0.11122244488977956,26.492127218608037,0.06069855141144014,0.19047619047619047,10.0,1.002004008016032,0.8282236250770767,0.33867735470941884,6.733232718079789,0.18741691800434535,0.0,2.0,0.20040080160320642,0.9665736677843849,0.6072144288577155,1.9541939617269948,0.5229898675105723,0.0,1.0,0.10020040080160321,0.0,1.0,1.0,1.0,0.0,998,-87.94478820968055,80.0611048132827,-75.83792518924723,10.055251786499287,0.0862491486479573,1.3536305535803281,1.0,1.0,1.0,1.0,0.19308176437705096,1.342002527242406,1.0,1.0,1.0,1.0,1000,0,0,0,0,0,1000,0,0,0,0,998,1000,1000,core
2v00_2v00_conf0,generation,torsional_diffusion_raw,dynamic,,torsional_diffusion_raw_dynamic,Torsional Diffusion,torsional_diffusion_raw_dynamic,4,16,68,0.7,68,68,0,1.0,68,68,0,1.0,"{""all_atoms_connected"":0,""bond_angles"":0,""bond_lengths"":0,""bonds"":0,""double_bond_stereochemistry"":0,""energy_ratio"":0,""file_loads"":0,""inchi_convertible"":0,""internal_steric_clash"":0,""molecular_formula"":0,""no_radicals"":0,""planar_aromatic_rings"":0,""planar_double_bonds"":0,""reference_file_loads"":0,""sanitisation"":0,""tetrahedral_chirality"":0}","{""all_atoms_connected"":0.0,""bond_angles"":0.0,""bond_lengths"":0.0,""bonds"":0.0,""double_bond_stereochemistry"":0.0,""energy_ratio"":0.0,""file_loads"":0.0,""inchi_convertible"":0.0,""internal_steric_clash"":0.0,""molecular_formula"":0.0,""no_radicals"":0.0,""planar_aromatic_rings"":0.0,""planar_double_bonds"":0.0,""reference_file_loads"":0.0,""sanitisation"":0.0,""tetrahedral_chirality"":0.0}",68,102.57149383237157,1.4075423338802915,1.9519390955470413,22.0,32.35294117647059,0.8916415445728132,0.1323529411764706,15.738372953152048,0.07958477508650522,0.45454545454545453,6.0,8.823529411764707,0.9297103604511593,0.35294117647058826,5.289995218411285,0.21496539792387545,0.0,1.0,1.4705882352941178,0.0,1.0,1.0,1.0,0.0,1.0,1.4705882352941178,0.0,1.0,1.0,1.0,0.0,68,-86.39604934971177,-36.971893298671695,-76.5938367795016,9.386608638026805,0.7327585131393222,1.3999367596521588,0.0,0.0,1.0,1.0,0.8172244472789515,1.3742872124911574,0.0,0.0,0.0,1.0,1000,0,0,0,0,0,68,0,0,0,0,68,68,68,core
2v00_2v00_conf0,generation,torsional_diffusion_raw,chembl_count,,torsional_diffusion_raw_chembl_count,Torsional Diffusion,torsional_diffusion_raw_chembl_count,4,16,30,0.7,30,30,0,1.0,30,30,0,1.0,"{""all_atoms_connected"":0,""bond_angles"":0,""bond_lengths"":0,""bonds"":0,""double_bond_stereochemistry"":0,""energy_ratio"":0,""file_loads"":0,""inchi_convertible"":0,""internal_steric_clash"":0,""molecular_formula"":0,""no_radicals"":0,""planar_aromatic_rings"":0,""planar_double_bonds"":0,""reference_file_loads"":0,""sanitisation"":0,""tetrahedral_chirality"":0}","{""all_atoms_connected"":0.0,""bond_angles"":0.0,""bond_lengths"":0.0,""bonds"":0.0,""double_bond_stereochemistry"":0.0,""energy_ratio"":0.0,""file_loads"":0.0,""inchi_convertible"":0.0,""internal_steric_clash"":0.0,""molecular_formula"":0.0,""no_radicals"":0.0,""planar_aromatic_rings"":0.0,""planar_double_bonds"":0.0,""reference_file_loads"":0.0,""sanitisation"":0.0,""tetrahedral_chirality"":0.0}",30,105.88643680622405,1.4849228878187497,2.019528833790679,14.0,46.666666666666664,0.9245007759591012,0.16666666666666666,11.470867369975949,0.10222222222222221,0.5,6.0,20.0,0.9369752998222097,0.3,5.359305339741149,0.20444444444444443,0.0,2.0,6.666666666666667,0.9871377743721862,0.5666666666666667,1.9822484180857005,0.5088888888888888,0.0,1.0,3.3333333333333335,0.0,1.0,1.0,1.0,0.0,30,-85.20214210518449,-41.50415239207541,-77.08380616490476,9.659188825024545,0.6222952974301926,1.3904492830587243,0.0,0.0,1.0,1.0,0.5396723327388062,1.378875970587361,0.0,0.0,1.0,1.0,1000,0,0,0,0,0,30,0,0,0,0,30,30,30,core
2wn9_2wn9_conf0,generation,torsional_diffusion_raw,fixed,,torsional_diffusion_raw_fixed,Torsional Diffusion,torsional_diffusion_raw_fixed,4,22,781,0.7,781,746,35,0.9551856594110115,1000,781,219,0.781,"{""all_atoms_connected"":0,""bond_angles"":0,""bond_lengths"":0,""bonds"":0,""double_bond_stereochemistry"":111,""energy_ratio"":55,""file_loads"":0,""inchi_convertible"":0,""internal_steric_clash"":114,""molecular_formula"":0,""no_radicals"":0,""planar_aromatic_rings"":0,""planar_double_bonds"":95,""reference_file_loads"":0,""sanitisation"":0,""tetrahedral_chirality"":0}","{""all_atoms_connected"":0.0,""bond_angles"":0.0,""bond_lengths"":0.0,""bonds"":0.0,""double_bond_stereochemistry"":0.111,""energy_ratio"":0.055,""file_loads"":0.0,""inchi_convertible"":0.0,""internal_steric_clash"":0.114,""molecular_formula"":0.0,""no_radicals"":0.0,""planar_aromatic_rings"":0.0,""planar_double_bonds"":0.095,""reference_file_loads"":0.0,""sanitisation"":0.0,""tetrahedral_chirality"":0.0}",781,98.99038077953564,1.6105544075729168,2.2279242331626388,119.0,15.236875800256081,0.8710643017112869,0.05761843790012804,64.25913343606241,0.02280965504351918,0.31932773109243695,23.0,2.9449423815621,0.8316469844966605,0.1613316261203585,13.566782062561758,0.08765314503714174,0.043478260869565216,4.0,0.5121638924455826,0.6302453580946565,0.5313700384122919,2.395772165118852,0.4619557643849361,0.0,1.0,0.12804097311139565,0.0,1.0,1.0,1.0,0.0,781,90.71638195360947,5683.675410782734,111.50289831528866,243.5964390572123,0.33653785047798196,1.4606971139646858,0.0,1.0,1.0,1.0,0.3247657563038498,1.5109279153458322,0.0,1.0,1.0,1.0,1000,0,0,0,0,0,1000,0,0,0,0,781,1000,1000,core
2wn9_2wn9_conf0,generation,torsional_diffusion_raw,dynamic,,torsional_diffusion_raw_dynamic,Torsional Diffusion,torsional_diffusion_raw_dynamic,4,22,55,0.7,55,53,2,0.9636363636363636,68,55,13,0.8088235294117647,"{""all_atoms_connected"":0,""bond_angles"":0,""bond_lengths"":0,""bonds"":0,""double_bond_stereochemistry"":5,""energy_ratio"":4,""file_loads"":0,""inchi_convertible"":0,""internal_steric_clash"":6,""molecular_formula"":0,""no_radicals"":0,""planar_aromatic_rings"":0,""planar_double_bonds"":7,""reference_file_loads"":0,""sanitisation"":0,""tetrahedral_chirality"":0}","{""all_atoms_connected"":0.0,""bond_angles"":0.0,""bond_lengths"":0.0,""bonds"":0.0,""double_bond_stereochemistry"":0.07352941176470588,""energy_ratio"":0.058823529411764705,""file_loads"":0.0,""inchi_convertible"":0.0,""internal_steric_clash"":0.08823529411764706,""molecular_formula"":0.0,""no_radicals"":0.0,""planar_aromatic_rings"":0.0,""planar_double_bonds"":0.10294117647058823,""reference_file_loads"":0.0,""sanitisation"":0.0,""tetrahedral_chirality"":0.0}",55,101.97746103029817,1.5520820502241794,2.1484754762740224,30.0,54.54545454545455,0.9535592254365363,0.09090909090909091,25.616665629141607,0.0452892561983471,0.5333333333333333,12.0,21.818181818181817,0.938804103205095,0.16363636363636364,10.307178135853112,0.108099173553719,0.08333333333333333,3.0,5.454545454545454,0.7500193392476394,0.4909090909090909,2.279555488640092,0.46578512396694216,0.0,1.0,1.8181818181818181,0.0,1.0,1.0,1.0,0.0,55,94.23429066402666,350.1761149400984,115.81513289018115,45.18917853420422,0.7946231646532979,1.4749292861948293,0.0,0.0,0.0,1.0,0.7889687336654944,1.5278187257432025,0.0,0.0,0.0,1.0,1000,0,0,0,0,0,68,0,0,0,0,55,68,68,core
2wn9_2wn9_conf0,generation,torsional_diffusion_raw,chembl_count,,torsional_diffusion_raw_chembl_count,Torsional Diffusion,torsional_diffusion_raw_chembl_count,4,22,56,0.7,56,54,2,0.9642857142857143,71,56,15,0.7887323943661971,"{""all_atoms_connected"":0,""bond_angles"":0,""bond_lengths"":0,""bonds"":0,""double_bond_stereochemistry"":8,""energy_ratio"":2,""file_loads"":0,""inchi_convertible"":0,""internal_steric_clash"":7,""molecular_formula"":0,""no_radicals"":0,""planar_aromatic_rings"":0,""planar_double_bonds"":8,""reference_file_loads"":0,""sanitisation"":0,""tetrahedral_chirality"":0}","{""all_atoms_connected"":0.0,""bond_angles"":0.0,""bond_lengths"":0.0,""bonds"":0.0,""double_bond_stereochemistry"":0.11267605633802817,""energy_ratio"":0.028169014084507043,""file_loads"":0.0,""inchi_convertible"":0.0,""internal_steric_clash"":0.09859154929577464,""molecular_formula"":0.0,""no_radicals"":0.0,""planar_aromatic_rings"":0.0,""planar_double_bonds"":0.11267605633802817,""reference_file_loads"":0.0,""sanitisation"":0.0,""tetrahedral_chirality"":0.0}",56,97.10111645881902,1.5588657504846606,2.167514215247493,30.0,53.57142857142857,0.9261131825146988,0.14285714285714285,23.333584823934792,0.05676020408163264,0.6,13.0,23.214285714285715,0.916577761724643,0.17857142857142858,10.495803818971192,0.11033163265306124,0.15384615384615385,3.0,5.357142857142857,0.730670957180999,0.6428571428571429,2.2316117729321423,0.5082908163265307,0.0,1.0,1.7857142857142858,0.0,1.0,1.0,1.0,0.0,56,94.36061078396213,204.59640189127543,113.65725299635483,27.36427984962913,0.4566045079723556,1.2904900060190352,0.0,1.0,1.0,1.0,0.4191670701849153,1.329534501480591,0.0,1.0,1.0,1.0,1000,0,0,0,0,0,71,0,0,0,0,56,71,71,core
2wtv_2wtv_conf0,generation,torsional_diffusion_raw,fixed,,torsional_diffusion_raw_fixed,Torsional Diffusion,torsional_diffusion_raw_fixed,4,34,887,0.7,887,831,56,0.9368658399098083,1000,887,113,0.887,"{""all_atoms_connected"":0,""bond_angles"":0,""bond_lengths"":0,""bonds"":0,""double_bond_stereochemistry"":0,""energy_ratio"":79,""file_loads"":0,""inchi_convertible"":0,""internal_steric_clash"":108,""molecular_formula"":0,""no_radicals"":0,""planar_aromatic_rings"":0,""planar_double_bonds"":0,""reference_file_loads"":0,""sanitisation"":0,""tetrahedral_chirality"":0}","{""all_atoms_connected"":0.0,""bond_angles"":0.0,""bond_lengths"":0.0,""bonds"":0.0,""double_bond_stereochemistry"":0.0,""energy_ratio"":0.079,""file_loads"":0.0,""inchi_convertible"":0.0,""internal_steric_clash"":0.108,""molecular_formula"":0.0,""no_radicals"":0.0,""planar_aromatic_rings"":0.0,""planar_double_bonds"":0.0,""reference_file_loads"":0.0,""sanitisation"":0.0,""tetrahedral_chirality"":0.0}",887,112.28502498184525,1.6247896645874729,2.430115595519306,157.0,17.70011273957159,0.9113762851996077,0.03720405862457723,100.29767549084124,0.013829980591507798,0.22929936305732485,17.0,1.9165727170236753,0.8750244127164986,0.17700112739571588,11.930890087238684,0.10365304174414598,0.0,3.0,0.3382187147688839,0.8179377206378605,0.6133032694475761,2.4561533106946403,0.4646408285023939,0.0,1.0,0.11273957158962795,0.0,1.0,1.0,1.0,0.0,887,85.93658005145222,159168.55936288816,115.42340439576905,8041.594253937987,0.46267857957603936,1.8361997009488795,0.0,1.0,1.0,1.0,0.4217172051821051,1.7680895583640912,0.0,1.0,1.0,1.0,1000,0,0,0,0,0,1000,0,0,0,0,887,1000,1000,core
2wtv_2wtv_conf0,generation,torsional_diffusion_raw,dynamic,,torsional_diffusion_raw_dynamic,Torsional Diffusion,torsional_diffusion_raw_dynamic,4,34,59,0.7,59,58,1,0.9830508474576272,68,59,9,0.8676470588235294,"{""all_atoms_connected"":0,""bond_angles"":0,""bond_lengths"":0,""bonds"":0,""double_bond_stereochemistry"":0,""energy_ratio"":6,""file_loads"":0,""inchi_convertible"":0,""internal_steric_clash"":9,""molecular_formula"":0,""no_radicals"":0,""planar_aromatic_rings"":0,""planar_double_bonds"":0,""reference_file_loads"":0,""sanitisation"":0,""tetrahedral_chirality"":0}","{""all_atoms_connected"":0.0,""bond_angles"":0.0,""bond_lengths"":0.0,""bonds"":0.0,""double_bond_stereochemistry"":0.0,""energy_ratio"":0.08823529411764706,""file_loads"":0.0,""inchi_convertible"":0.0,""internal_steric_clash"":0.1323529411764706,""molecular_formula"":0.0,""no_radicals"":0.0,""planar_aromatic_rings"":0.0,""planar_double_bonds"":0.0,""reference_file_loads"":0.0,""sanitisation"":0.0,""tetrahedral_chirality"":0.0}",59,106.60443022169798,1.6046267764567919,2.4004488528486707,37.0,62.71186440677966,0.9449794279746857,0.1016949152542373,30.333209746647224,0.04165469692617066,0.7027027027027027,9.0,15.254237288135593,0.8821724115910919,0.2542372881355932,6.947145836325181,0.17092789428325195,0.0,2.0,3.389830508474576,0.9948131754904235,0.5423728813559322,1.9928224446526472,0.5035909221488079,0.0,1.0,1.694915254237288,0.0,1.0,1.0,1.0,0.0,59,90.68045530221612,814.4130055244559,117.24981831507026,91.74761759543877,0.7386388434830587,2.054228519770882,0.0,0.0,1.0,1.0,0.7042709035873344,1.9540368698336759,0.0,0.0,1.0,1.0,1000,0,0,0,0,0,68,0,0,0,0,59,68,68,core
2wtv_2wtv_conf0,generation,torsional_diffusion_raw,chembl_count,,torsional_diffusion_raw_chembl_count,Torsional Diffusion,torsional_diffusion_raw_chembl_count,4,34,97,0.7,97,90,7,0.9278350515463918,110,97,13,0.8818181818181818,"{""all_atoms_connected"":0,""bond_angles"":0,""bond_lengths"":0,""bonds"":0,""double_bond_stereochemistry"":0,""energy_ratio"":11,""file_loads"":0,""inchi_convertible"":0,""internal_steric_clash"":11,""molecular_formula"":0,""no_radicals"":0,""planar_aromatic_rings"":0,""planar_double_bonds"":0,""reference_file_loads"":0,""sanitisation"":0,""tetrahedral_chirality"":0}","{""all_atoms_connected"":0.0,""bond_angles"":0.0,""bond_lengths"":0.0,""bonds"":0.0,""double_bond_stereochemistry"":0.0,""energy_ratio"":0.1,""file_loads"":0.0,""inchi_convertible"":0.0,""internal_steric_clash"":0.1,""molecular_formula"":0.0,""no_radicals"":0.0,""planar_aromatic_rings"":0.0,""planar_double_bonds"":0.0,""reference_file_loads"":0.0,""sanitisation"":0.0,""tetrahedral_chirality"":0.0}",97,112.21491937442981,1.6180418367944456,2.4284814668682104,51.0,52.577319587628864,0.9511077808221415,0.061855670103092786,42.080731512058264,0.02858964820916144,0.5490196078431373,11.0,11.34020618556701,0.8991034062399468,0.26804123711340205,8.636140724137155,0.1399723668827718,0.0,2.0,2.0618556701030926,0.9515388458648668,0.6288659793814433,1.9339343827625086,0.5332128812838771,0.0,1.0,1.0309278350515463,0.0,1.0,1.0,1.0,0.0,97,85.93658005145222,2368.581619511579,112.80035401799799,235.90407530457895,0.5998634066196169,1.8417483132869625,0.0,0.0,1.0,1.0,0.6332744205707822,1.7994218267405468,0.0,0.0,1.0,1.0,1000,0,0,0,0,0,110,0,0,0,0,97,110,110,core
2xdl_2xdl_conf0,generation,torsional_diffusion_raw,fixed,,torsional_diffusion_raw_fixed,Torsional Diffusion,torsional_diffusion_raw_fixed,5,16,991,0.7,991,991,0,1.0,1000,991,9,0.991,"{""all_atoms_connected"":0,""bond_angles"":0,""bond_lengths"":0,""bonds"":0,""double_bond_stereochemistry"":0,""energy_ratio"":9,""file_loads"":0,""inchi_convertible"":0,""internal_steric_clash"":0,""molecular_formula"":0,""no_radicals"":0,""planar_aromatic_rings"":0,""planar_double_bonds"":0,""reference_file_loads"":0,""sanitisation"":0,""tetrahedral_chirality"":0}","{""all_atoms_connected"":0.0,""bond_angles"":0.0,""bond_lengths"":0.0,""bonds"":0.0,""double_bond_stereochemistry"":0.0,""energy_ratio"":0.009,""file_loads"":0.0,""inchi_convertible"":0.0,""internal_steric_clash"":0.0,""molecular_formula"":0.0,""no_radicals"":0.0,""planar_aromatic_rings"":0.0,""planar_double_bonds"":0.0,""reference_file_loads"":0.0,""sanitisation"":0.0,""tetrahedral_chirality"":0.0}",991,115.60233800417808,1.1863053165207855,1.7797001778232995,47.0,4.74268415741675,0.7446592650737925,0.12008072653884964,17.58503196233322,0.07674214245057182,0.2765957446808511,6.0,0.6054490413723511,0.7829880674694337,0.3158425832492432,4.0670840139272695,0.2603441060360602,0.16666666666666666,1.0,0.10090817356205853,0.0,1.0,1.0,1.0,0.0,1.0,0.10090817356205853,0.0,1.0,1.0,1.0,0.0,991,32.99779329520156,5535.195328849017,48.16325342594898,176.26090070865297,0.28397658367108475,1.1664708480778248,0.0,1.0,1.0,1.0,0.3365555556484659,1.207507693936851,0.0,1.0,1.0,1.0,1000,0,0,0,0,0,1000,0,0,0,0,991,1000,1000,core
2xdl_2xdl_conf0,generation,torsional_diffusion_raw,dynamic,,torsional_diffusion_raw_dynamic,Torsional Diffusion,torsional_diffusion_raw_dynamic,5,16,90,0.7,90,90,0,1.0,90,90,0,1.0,"{""all_atoms_connected"":0,""bond_angles"":0,""bond_lengths"":0,""bonds"":0,""double_bond_stereochemistry"":0,""energy_ratio"":0,""file_loads"":0,""inchi_convertible"":0,""internal_steric_clash"":0,""molecular_formula"":0,""no_radicals"":0,""planar_aromatic_rings"":0,""planar_double_bonds"":0,""reference_file_loads"":0,""sanitisation"":0,""tetrahedral_chirality"":0}","{""all_atoms_connected"":0.0,""bond_angles"":0.0,""bond_lengths"":0.0,""bonds"":0.0,""double_bond_stereochemistry"":0.0,""energy_ratio"":0.0,""file_loads"":0.0,""inchi_convertible"":0.0,""internal_steric_clash"":0.0,""molecular_formula"":0.0,""no_radicals"":0.0,""planar_aromatic_rings"":0.0,""planar_double_bonds"":0.0,""reference_file_loads"":0.0,""sanitisation"":0.0,""tetrahedral_chirality"":0.0}",90,115.16767331470032,1.1778270617676545,1.7880932965810956,17.0,18.88888888888889,0.9062315314470397,0.14444444444444443,13.033816740512039,0.08913580246913581,0.23529411764705882,4.0,4.444444444444445,0.9674101111634449,0.3333333333333333,3.823304809549645,0.27135802469135806,0.0,1.0,1.1111111111111112,0.0,1.0,1.0,1.0,0.0,1.0,1.1111111111111112,0.0,1.0,1.0,1.0,0.0,90,35.372296851379865,278.55975007994357,49.06479283581301,31.158502077775125,0.367401720997301,1.077506151056153,0.0,1.0,1.0,1.0,0.46318268618716324,1.1388461890718846,0.0,1.0,1.0,1.0,1000,0,0,0,0,0,90,0,0,0,0,90,90,90,core
2xdl_2xdl_conf0,generation,torsional_diffusion_raw,chembl_count,,torsional_diffusion_raw_chembl_count,Torsional Diffusion,torsional_diffusion_raw_chembl_count,5,16,57,0.7,57,57,0,1.0,58,57,1,0.9827586206896552,"{""all_atoms_connected"":0,""bond_angles"":0,""bond_lengths"":0,""bonds"":0,""double_bond_stereochemistry"":0,""energy_ratio"":1,""file_loads"":0,""inchi_convertible"":0,""internal_steric_clash"":0,""molecular_formula"":0,""no_radicals"":0,""planar_aromatic_rings"":0,""planar_double_bonds"":0,""reference_file_loads"":0,""sanitisation"":0,""tetrahedral_chirality"":0}","{""all_atoms_connected"":0.0,""bond_angles"":0.0,""bond_lengths"":0.0,""bonds"":0.0,""double_bond_stereochemistry"":0.0,""energy_ratio"":0.017241379310344827,""file_loads"":0.0,""inchi_convertible"":0.0,""internal_steric_clash"":0.0,""molecular_formula"":0.0,""no_radicals"":0.0,""planar_aromatic_rings"":0.0,""planar_double_bonds"":0.0,""reference_file_loads"":0.0,""sanitisation"":0.0,""tetrahedral_chirality"":0.0}",57,115.41844444986603,1.2045240002791213,1.8023497003587559,15.0,26.31578947368421,0.9352702136117018,0.14035087719298245,12.588185181591177,0.08956602031394273,0.2,4.0,7.017543859649122,0.8399726300509847,0.45614035087719296,3.2041579333092094,0.34256694367497686,0.0,1.0,1.7543859649122806,0.0,1.0,1.0,1.0,0.0,1.0,1.7543859649122806,0.0,1.0,1.0,1.0,0.0,57,35.2382577746668,402.78466952463987,47.551668518217184,50.80567781990736,0.38427811902764863,1.4293571484560437,0.0,1.0,1.0,1.0,0.482982663455436,1.3637568527105643,0.0,1.0,1.0,1.0,1000,0,0,0,0,0,58,0,0,0,0,57,58,58,core
2xnb_2xnb_conf0,generation,torsional_diffusion_raw,fixed,,torsional_diffusion_raw_fixed,Torsional Diffusion,torsional_diffusion_raw_fixed,4,27,987,0.7,987,987,0,1.0,1000,987,13,0.987,"{""all_atoms_connected"":0,""bond_angles"":0,""bond_lengths"":0,""bonds"":0,""double_bond_stereochemistry"":0,""energy_ratio"":13,""file_loads"":0,""inchi_convertible"":0,""internal_steric_clash"":0,""molecular_formula"":0,""no_radicals"":0,""planar_aromatic_rings"":0,""planar_double_bonds"":0,""reference_file_loads"":0,""sanitisation"":0,""tetrahedral_chirality"":0}","{""all_atoms_connected"":0.0,""bond_angles"":0.0,""bond_lengths"":0.0,""bonds"":0.0,""double_bond_stereochemistry"":0.0,""energy_ratio"":0.013,""file_loads"":0.0,""inchi_convertible"":0.0,""internal_steric_clash"":0.0,""molecular_formula"":0.0,""no_radicals"":0.0,""planar_aromatic_rings"":0.0,""planar_double_bonds"":0.0,""reference_file_loads"":0.0,""sanitisation"":0.0,""tetrahedral_chirality"":0.0}",987,113.34251922642841,1.8795477284887072,2.8920977636543137,158.0,16.0081053698075,0.8860788397470991,0.040526849037487336,88.75309783895037,0.016041364486038868,0.3037974683544304,17.0,1.7223910840932117,0.7842438553578105,0.21580547112462006,9.225119612745841,0.1336143933958071,0.0,2.0,0.20263424518743667,0.9489531564599434,0.6322188449848024,1.9304713673481453,0.5349636459382304,0.0,1.0,0.10131712259371833,0.0,1.0,1.0,1.0,0.0,987,79.30745195269223,255.29950645381962,101.03974253111168,18.994748122300226,0.27325290629887083,1.4822229150724595,0.0,1.0,1.0,1.0,0.35410066530633927,1.5067011998237316,0.0,1.0,1.0,1.0,1000,0,0,0,0,0,1000,0,0,0,0,987,1000,1000,core
2xnb_2xnb_conf0,generation,torsional_diffusion_raw,dynamic,,torsional_diffusion_raw_dynamic,Torsional Diffusion,torsional_diffusion_raw_dynamic,4,27,68,0.7,68,68,0,1.0,68,68,0,1.0,"{""all_atoms_connected"":0,""bond_angles"":0,""bond_lengths"":0,""bonds"":0,""double_bond_stereochemistry"":0,""energy_ratio"":0,""file_loads"":0,""inchi_convertible"":0,""internal_steric_clash"":0,""molecular_formula"":0,""no_radicals"":0,""planar_aromatic_rings"":0,""planar_double_bonds"":0,""reference_file_loads"":0,""sanitisation"":0,""tetrahedral_chirality"":0}","{""all_atoms_connected"":0.0,""bond_angles"":0.0,""bond_lengths"":0.0,""bonds"":0.0,""double_bond_stereochemistry"":0.0,""energy_ratio"":0.0,""file_loads"":0.0,""inchi_convertible"":0.0,""internal_steric_clash"":0.0,""molecular_formula"":0.0,""no_radicals"":0.0,""planar_aromatic_rings"":0.0,""planar_double_bonds"":0.0,""reference_file_loads"":0.0,""sanitisation"":0.0,""tetrahedral_chirality"":0.0}",68,111.83215125436357,1.8614495799238475,2.8913321037625375,34.0,50.0,0.943558519868828,0.10294117647058823,27.86377664493779,0.043685121107266446,0.5,7.0,10.294117647058824,0.914988245168581,0.25,5.932732577614479,0.18166089965397922,0.14285714285714285,2.0,2.9411764705882355,0.9231199835423004,0.6617647058823529,1.8962116245174938,0.5523356401384083,0.0,2.0,2.9411764705882355,1.0,0.5,2.0,0.5,0.0,68,83.4292646623432,220.7894693442423,101.03721239707221,21.94705770083588,0.37807478451599813,1.4914946088886945,0.0,1.0,1.0,1.0,0.4651259320000201,1.5265993888879579,0.0,1.0,1.0,1.0,1000,0,0,0,0,0,68,0,0,0,0,68,68,68,core
2xnb_2xnb_conf0,generation,torsional_diffusion_raw,chembl_count,,torsional_diffusion_raw_chembl_count,Torsional Diffusion,torsional_diffusion_raw_chembl_count,4,27,75,0.7,75,75,0,1.0,79,75,4,0.9493670886075948,"{""all_atoms_connected"":0,""bond_angles"":0,""bond_lengths"":0,""bonds"":0,""double_bond_stereochemistry"":0,""energy_ratio"":4,""file_loads"":0,""inchi_convertible"":0,""internal_steric_clash"":0,""molecular_formula"":0,""no_radicals"":0,""planar_aromatic_rings"":0,""planar_double_bonds"":0,""reference_file_loads"":0,""sanitisation"":0,""tetrahedral_chirality"":0}","{""all_atoms_connected"":0.0,""bond_angles"":0.0,""bond_lengths"":0.0,""bonds"":0.0,""double_bond_stereochemistry"":0.0,""energy_ratio"":0.05063291139240506,""file_loads"":0.0,""inchi_convertible"":0.0,""internal_steric_clash"":0.0,""molecular_formula"":0.0,""no_radicals"":0.0,""planar_aromatic_rings"":0.0,""planar_double_bonds"":0.0,""reference_file_loads"":0.0,""sanitisation"":0.0,""tetrahedral_chirality"":0.0}",75,113.17710568849766,1.838471752228518,2.864427382061431,34.0,45.333333333333336,0.9495063758409222,0.08,28.45437142408998,0.04106666666666667,0.4117647058823529,6.0,8.0,0.9192112431066964,0.28,5.1914105839104305,0.20675555555555558,0.0,2.0,2.6666666666666665,0.9426831892554923,0.64,1.9220997241070779,0.5392,0.0,1.0,1.3333333333333333,0.0,1.0,1.0,1.0,0.0,75,80.1002273837193,177.1132877774174,98.43984113543502,17.377257279436932,0.42886978584713364,1.47575328379905,0.0,1.0,1.0,1.0,0.5344413676151895,1.500487202899048,0.0,0.0,1.0,1.0,1000,0,0,0,0,0,79,0,0,0,0,75,79,79,core
2yfe_2yfe_conf0,generation,torsional_diffusion_raw,fixed,,torsional_diffusion_raw_fixed,Torsional Diffusion,torsional_diffusion_raw_fixed,8,25,830,0.7,830,827,3,0.9963855421686747,1000,830,170,0.83,"{""all_atoms_connected"":0,""bond_angles"":0,""bond_lengths"":0,""bonds"":0,""double_bond_stereochemistry"":0,""energy_ratio"":45,""file_loads"":0,""inchi_convertible"":0,""internal_steric_clash"":59,""molecular_formula"":0,""no_radicals"":0,""planar_aromatic_rings"":0,""planar_double_bonds"":109,""reference_file_loads"":0,""sanitisation"":0,""tetrahedral_chirality"":0}","{""all_atoms_connected"":0.0,""bond_angles"":0.0,""bond_lengths"":0.0,""bonds"":0.0,""double_bond_stereochemistry"":0.0,""energy_ratio"":0.045,""file_loads"":0.0,""inchi_convertible"":0.0,""internal_steric_clash"":0.059,""molecular_formula"":0.0,""no_radicals"":0.0,""planar_aromatic_rings"":0.0,""planar_double_bonds"":0.109,""reference_file_loads"":0.0,""sanitisation"":0.0,""tetrahedral_chirality"":0.0}",830,84.28483304867899,1.9734602176271683,2.7825231291858334,196.0,23.6144578313253,0.8881533028770305,0.03855421686746988,108.61124720482366,0.014155900711278847,0.413265306122449,28.0,3.3734939759036147,0.8718720818537736,0.09879518072289156,18.26992167775716,0.06628247931484978,0.10714285714285714,4.0,0.4819277108433735,0.9826198382848124,0.3325301204819277,3.904775694054415,0.26211351429815644,0.0,1.0,0.12048192771084337,0.0,1.0,1.0,1.0,0.0,830,103.48231008945288,3467.5242206477683,137.07715349865472,118.34031172353755,0.5056326808600448,2.0824279956407032,0.0,0.0,1.0,1.0,0.5437845362750859,2.1085623459219938,0.0,0.0,1.0,1.0,1000,0,0,0,0,0,1000,0,0,0,0,830,1000,1000,core
2yfe_2yfe_conf0,generation,torsional_diffusion_raw,dynamic,,torsional_diffusion_raw_dynamic,Torsional Diffusion,torsional_diffusion_raw_dynamic,8,25,126,0.7,126,126,0,1.0,156,126,30,0.8076923076923077,"{""all_atoms_connected"":0,""bond_angles"":0,""bond_lengths"":0,""bonds"":0,""double_bond_stereochemistry"":0,""energy_ratio"":8,""file_loads"":0,""inchi_convertible"":0,""internal_steric_clash"":12,""molecular_formula"":0,""no_radicals"":0,""planar_aromatic_rings"":0,""planar_double_bonds"":20,""reference_file_loads"":0,""sanitisation"":0,""tetrahedral_chirality"":0}","{""all_atoms_connected"":0.0,""bond_angles"":0.0,""bond_lengths"":0.0,""bonds"":0.0,""double_bond_stereochemistry"":0.0,""energy_ratio"":0.05128205128205128,""file_loads"":0.0,""inchi_convertible"":0.0,""internal_steric_clash"":0.07692307692307693,""molecular_formula"":0.0,""no_radicals"":0.0,""planar_aromatic_rings"":0.0,""planar_double_bonds"":0.1282051282051282,""reference_file_loads"":0.0,""sanitisation"":0.0,""tetrahedral_chirality"":0.0}",126,85.00559758225607,1.9934096678339306,2.823200203151002,67.0,53.17460317460318,0.9470041063563875,0.05555555555555555,53.61673162397936,0.02330561854371378,0.6119402985074627,19.0,15.079365079365079,0.8967235880067331,0.15873015873015872,14.018079454065251,0.08679768203577726,0.15789473684210525,4.0,3.1746031746031744,0.7739091365786872,0.47619047619047616,2.923746588400754,0.3689846308893928,0.25,1.0,0.7936507936507936,0.0,1.0,1.0,1.0,0.0,126,108.29190078156009,385.50121705516864,135.62191117821394,32.42706241211713,0.5056326808600448,2.153084983258494,0.0,0.0,1.0,1.0,0.5437845362750859,2.1685291872802948,0.0,0.0,1.0,1.0,1000,0,0,0,0,0,156,0,0,0,0,126,156,156,core
2yfe_2yfe_conf0,generation,torsional_diffusion_raw,chembl_count,,torsional_diffusion_raw_chembl_count,Torsional Diffusion,torsional_diffusion_raw_chembl_count,8,25,132,0.7,132,132,0,1.0,155,132,23,0.8516129032258064,"{""all_atoms_connected"":0,""bond_angles"":0,""bond_lengths"":0,""bonds"":0,""double_bond_stereochemistry"":0,""energy_ratio"":7,""file_loads"":0,""inchi_convertible"":0,""internal_steric_clash"":7,""molecular_formula"":0,""no_radicals"":0,""planar_aromatic_rings"":0,""planar_double_bonds"":13,""reference_file_loads"":0,""sanitisation"":0,""tetrahedral_chirality"":0}","{""all_atoms_connected"":0.0,""bond_angles"":0.0,""bond_lengths"":0.0,""bonds"":0.0,""double_bond_stereochemistry"":0.0,""energy_ratio"":0.04516129032258064,""file_loads"":0.0,""inchi_convertible"":0.0,""internal_steric_clash"":0.04516129032258064,""molecular_formula"":0.0,""no_radicals"":0.0,""planar_aromatic_rings"":0.0,""planar_double_bonds"":0.08387096774193549,""reference_file_loads"":0.0,""sanitisation"":0.0,""tetrahedral_chirality"":0.0}",132,83.1555529133619,1.947396206470699,2.7687816262420433,73.0,55.303030303030305,0.9645735492332217,0.03787878787878788,62.70641098583075,0.018480257116620755,0.5205479452054794,21.0,15.909090909090908,0.8794558788399328,0.14393939393939395,14.54901299783065,0.08436639118457302,0.23809523809523808,4.0,3.0303030303030303,0.8626705713642123,0.45454545454545453,3.3065830618234355,0.3371212121212121,0.0,1.0,0.7575757575757576,0.0,1.0,1.0,1.0,0.0,132,108.68663473626117,307.46138645512855,137.6036248369581,32.733468252662654,0.5056326808600448,2.1151278850086914,0.0,0.0,1.0,1.0,0.5437845362750859,2.133151369928722,0.0,0.0,1.0,1.0,1000,0,0,0,0,0,155,0,0,0,0,132,155,155,core
2ymd_2ymd_conf0,generation,torsional_diffusion_raw,fixed,,torsional_diffusion_raw_fixed,Torsional Diffusion,torsional_diffusion_raw_fixed,4,13,986,0.7,986,986,0,1.0,1000,986,14,0.986,"{""all_atoms_connected"":0,""bond_angles"":0,""bond_lengths"":0,""bonds"":0,""double_bond_stereochemistry"":0,""energy_ratio"":14,""file_loads"":0,""inchi_convertible"":0,""internal_steric_clash"":1,""molecular_formula"":0,""no_radicals"":0,""planar_aromatic_rings"":0,""planar_double_bonds"":0,""reference_file_loads"":0,""sanitisation"":0,""tetrahedral_chirality"":0}","{""all_atoms_connected"":0.0,""bond_angles"":0.0,""bond_lengths"":0.0,""bonds"":0.0,""double_bond_stereochemistry"":0.0,""energy_ratio"":0.014,""file_loads"":0.0,""inchi_convertible"":0.0,""internal_steric_clash"":0.001,""molecular_formula"":0.0,""no_radicals"":0.0,""planar_aromatic_rings"":0.0,""planar_double_bonds"":0.0,""reference_file_loads"":0.0,""sanitisation"":0.0,""tetrahedral_chirality"":0.0}",986,90.7973553432303,0.6822852516047393,1.0824615648346434,9.0,0.9127789046653144,0.7806761144216242,0.34279918864097364,5.558458077145127,0.22994128755929874,0.0,2.0,0.2028397565922921,0.9986907556634671,0.5212981744421906,1.99818582526434,0.5009072244691399,0.0,1.0,0.10141987829614604,0.0,1.0,1.0,1.0,0.0,1.0,0.10141987829614604,0.0,1.0,1.0,1.0,0.0,986,20.10084032836474,478.2420945795346,32.96019920834103,25.329397658122026,0.11672194117129568,0.8182979447672432,1.0,1.0,1.0,1.0,0.1043135588770187,0.8388573131901684,1.0,1.0,1.0,1.0,1000,0,0,0,0,0,1000,0,0,0,0,986,1000,1000,core
2ymd_2ymd_conf0,generation,torsional_diffusion_raw,dynamic,,torsional_diffusion_raw_dynamic,Torsional Diffusion,torsional_diffusion_raw_dynamic,4,13,67,0.7,67,67,0,1.0,68,67,1,0.9852941176470588,"{""all_atoms_connected"":0,""bond_angles"":0,""bond_lengths"":0,""bonds"":0,""double_bond_stereochemistry"":0,""energy_ratio"":1,""file_loads"":0,""inchi_convertible"":0,""internal_steric_clash"":0,""molecular_formula"":0,""no_radicals"":0,""planar_aromatic_rings"":0,""planar_double_bonds"":0,""reference_file_loads"":0,""sanitisation"":0,""tetrahedral_chirality"":0}","{""all_atoms_connected"":0.0,""bond_angles"":0.0,""bond_lengths"":0.0,""bonds"":0.0,""double_bond_stereochemistry"":0.0,""energy_ratio"":0.014705882352941176,""file_loads"":0.0,""inchi_convertible"":0.0,""internal_steric_clash"":0.0,""molecular_formula"":0.0,""no_radicals"":0.0,""planar_aromatic_rings"":0.0,""planar_double_bonds"":0.0,""reference_file_loads"":0.0,""sanitisation"":0.0,""tetrahedral_chirality"":0.0}",67,85.46702435701101,0.724378829965964,1.0971421077271506,6.0,8.955223880597014,0.90760137914786,0.31343283582089554,5.08453390927184,0.21853419469815105,0.0,2.0,2.985074626865672,0.9998393017810485,0.5074626865671642,1.9997772373719438,0.5001113833815994,0.0,1.0,1.492537313432836,0.0,1.0,1.0,1.0,0.0,1.0,1.492537313432836,0.0,1.0,1.0,1.0,0.0,67,21.767037870378616,100.97311869800289,30.858802907704003,16.922340907679825,0.17012190607427619,0.7602752292396739,1.0,1.0,1.0,1.0,0.1572384457630753,0.7745097667376216,1.0,1.0,1.0,1.0,1000,0,0,0,0,0,68,0,0,0,0,67,68,68,core
2ymd_2ymd_conf0,generation,torsional_diffusion_raw,chembl_count,,torsional_diffusion_raw_chembl_count,Torsional Diffusion,torsional_diffusion_raw_chembl_count,4,13,29,0.7,29,29,0,1.0,30,29,1,0.9666666666666668,"{""all_atoms_connected"":0,""bond_angles"":0,""bond_lengths"":0,""bonds"":0,""double_bond_stereochemistry"":0,""energy_ratio"":1,""file_loads"":0,""inchi_convertible"":0,""internal_steric_clash"":0,""molecular_formula"":0,""no_radicals"":0,""planar_aromatic_rings"":0,""planar_double_bonds"":0,""reference_file_loads"":0,""sanitisation"":0,""tetrahedral_chirality"":0}","{""all_atoms_connected"":0.0,""bond_angles"":0.0,""bond_lengths"":0.0,""bonds"":0.0,""double_bond_stereochemistry"":0.0,""energy_ratio"":0.03333333333333333,""file_loads"":0.0,""inchi_convertible"":0.0,""internal_steric_clash"":0.0,""molecular_formula"":0.0,""no_radicals"":0.0,""planar_aromatic_rings"":0.0,""planar_double_bonds"":0.0,""reference_file_loads"":0.0,""sanitisation"":0.0,""tetrahedral_chirality"":0.0}",29,84.08043215919753,0.6913261205178949,1.0940668883080447,6.0,20.689655172413794,0.8220364415388076,0.3448275862068966,4.361829494489709,0.26516052318668254,0.3333333333333333,2.0,6.896551724137931,0.36205125173399794,0.9310344827586207,1.2852519952289732,0.8715814506539834,0.0,1.0,3.4482758620689653,0.0,1.0,1.0,1.0,0.0,1.0,3.4482758620689653,0.0,1.0,1.0,1.0,0.0,29,22.546312986680054,91.62162653616095,32.910458415436395,16.27592733450404,0.40598818570166495,1.0342869277189977,0.0,1.0,1.0,1.0,0.40544769804624625,1.0357777525510357,0.0,1.0,1.0,1.0,1000,0,0,0,0,0,30,0,0,0,0,29,30,30,core
2zb1_2zb1_conf0,generation,torsional_diffusion_raw,fixed,,torsional_diffusion_raw_fixed,Torsional Diffusion,torsional_diffusion_raw_fixed,5,26,996,0.7,996,994,2,0.9979919678714859,1000,996,4,0.996,"{""all_atoms_connected"":0,""bond_angles"":0,""bond_lengths"":0,""bonds"":0,""double_bond_stereochemistry"":0,""energy_ratio"":3,""file_loads"":0,""inchi_convertible"":0,""internal_steric_clash"":2,""molecular_formula"":0,""no_radicals"":0,""planar_aromatic_rings"":0,""planar_double_bonds"":0,""reference_file_loads"":0,""sanitisation"":0,""tetrahedral_chirality"":0}","{""all_atoms_connected"":0.0,""bond_angles"":0.0,""bond_lengths"":0.0,""bonds"":0.0,""double_bond_stereochemistry"":0.0,""energy_ratio"":0.003,""file_loads"":0.0,""inchi_convertible"":0.0,""internal_steric_clash"":0.002,""molecular_formula"":0.0,""no_radicals"":0.0,""planar_aromatic_rings"":0.0,""planar_double_bonds"":0.0,""reference_file_loads"":0.0,""sanitisation"":0.0,""tetrahedral_chirality"":0.0}",996,114.26807850428087,1.2917461455986754,1.7498822782400547,135.0,13.55421686746988,0.9318210940430075,0.024096385542168676,96.62509698434707,0.012179239044531536,0.2518518518518518,15.0,1.5060240963855422,0.8855580615093425,0.14558232931726908,11.00264486927531,0.10159916775535882,0.0,2.0,0.20080321285140562,0.8663228794789852,0.7118473895582329,1.8230105108447165,0.5897586329252753,0.0,1.0,0.10040160642570281,0.0,1.0,1.0,1.0,0.0,996,84.80899046825748,3772.7131413935826,99.19621702768286,133.96037238362646,0.2431594912770471,1.2974679841134753,1.0,1.0,1.0,1.0,0.35113496435137465,1.3351388642068853,0.0,1.0,1.0,1.0,1000,0,0,0,0,0,1000,0,0,0,0,996,1000,1000,core
2zb1_2zb1_conf0,generation,torsional_diffusion_raw,dynamic,,torsional_diffusion_raw_dynamic,Torsional Diffusion,torsional_diffusion_raw_dynamic,5,26,90,0.7,90,90,0,1.0,90,90,0,1.0,"{""all_atoms_connected"":0,""bond_angles"":0,""bond_lengths"":0,""bonds"":0,""double_bond_stereochemistry"":0,""energy_ratio"":0,""file_loads"":0,""inchi_convertible"":0,""internal_steric_clash"":0,""molecular_formula"":0,""no_radicals"":0,""planar_aromatic_rings"":0,""planar_double_bonds"":0,""reference_file_loads"":0,""sanitisation"":0,""tetrahedral_chirality"":0}","{""all_atoms_connected"":0.0,""bond_angles"":0.0,""bond_lengths"":0.0,""bonds"":0.0,""double_bond_stereochemistry"":0.0,""energy_ratio"":0.0,""file_loads"":0.0,""inchi_convertible"":0.0,""internal_steric_clash"":0.0,""molecular_formula"":0.0,""no_radicals"":0.0,""planar_aromatic_rings"":0.0,""planar_double_bonds"":0.0,""reference_file_loads"":0.0,""sanitisation"":0.0,""tetrahedral_chirality"":0.0}",90,113.48535725886414,1.2825160921085035,1.7059494751505346,54.0,60.0,0.9646632980300048,0.05555555555555555,46.900414161449206,0.024691358024691364,0.5740740740740741,11.0,12.222222222222221,0.9355828517837165,0.16666666666666666,9.425602882519584,0.11555555555555556,0.0,1.0,1.1111111111111112,0.0,1.0,1.0,1.0,0.0,1.0,1.1111111111111112,0.0,1.0,1.0,1.0,0.0,90,84.80899046825748,1862.6920116559882,98.91157595569895,185.07065294696065,0.41650248345551555,1.271411920495216,0.0,1.0,1.0,1.0,0.4278890536298686,1.2727142966202325,0.0,1.0,1.0,1.0,1000,0,0,0,0,0,90,0,0,0,0,90,90,90,core
2zb1_2zb1_conf0,generation,torsional_diffusion_raw,chembl_count,,torsional_diffusion_raw_chembl_count,Torsional Diffusion,torsional_diffusion_raw_chembl_count,5,26,199,0.7,199,199,0,1.0,200,199,1,0.995,"{""all_atoms_connected"":0,""bond_angles"":0,""bond_lengths"":0,""bonds"":0,""double_bond_stereochemistry"":0,""energy_ratio"":1,""file_loads"":0,""inchi_convertible"":0,""internal_steric_clash"":1,""molecular_formula"":0,""no_radicals"":0,""planar_aromatic_rings"":0,""planar_double_bonds"":0,""reference_file_loads"":0,""sanitisation"":0,""tetrahedral_chirality"":0}","{""all_atoms_connected"":0.0,""bond_angles"":0.0,""bond_lengths"":0.0,""bonds"":0.0,""double_bond_stereochemistry"":0.0,""energy_ratio"":0.005,""file_loads"":0.0,""inchi_convertible"":0.0,""internal_steric_clash"":0.005,""molecular_formula"":0.0,""no_radicals"":0.0,""planar_aromatic_rings"":0.0,""planar_double_bonds"":0.0,""reference_file_loads"":0.0,""sanitisation"":0.0,""tetrahedral_chirality"":0.0}",199,115.15808194806255,1.2934775250693693,1.7220973007704181,79.0,39.698492462311556,0.9597433003175004,0.05025125628140704,66.25747591446913,0.01770157319259615,0.31645569620253167,12.0,6.030150753768845,0.9123188722913563,0.18090452261306533,9.650668933517325,0.11517385924597863,0.0,2.0,1.0050251256281406,0.9660526367171096,0.6080402010050251,1.953488329630466,0.5233453700664124,0.0,1.0,0.5025125628140703,0.0,1.0,1.0,1.0,0.0,199,86.17255349674659,156.0210564148597,98.68885697224576,8.597681514817989,0.2431594912770471,1.3078063221900782,1.0,1.0,1.0,1.0,0.35113496435137465,1.321659467260195,0.0,1.0,1.0,1.0,1000,0,0,0,0,0,200,0,0,0,0,199,200,200,core
2zcq_2zcq_conf0,generation,torsional_diffusion_raw,fixed,,torsional_diffusion_raw_fixed,Torsional Diffusion,torsional_diffusion_raw_fixed,8,25,562,0.7,562,550,12,0.9786476868327402,1000,562,438,0.562,"{""all_atoms_connected"":0,""bond_angles"":0,""bond_lengths"":0,""bonds"":0,""double_bond_stereochemistry"":0,""energy_ratio"":284,""file_loads"":0,""inchi_convertible"":0,""internal_steric_clash"":377,""molecular_formula"":0,""no_radicals"":0,""planar_aromatic_rings"":0,""planar_double_bonds"":0,""reference_file_loads"":0,""sanitisation"":0,""tetrahedral_chirality"":0}","{""all_atoms_connected"":0.0,""bond_angles"":0.0,""bond_lengths"":0.0,""bonds"":0.0,""double_bond_stereochemistry"":0.0,""energy_ratio"":0.284,""file_loads"":0.0,""inchi_convertible"":0.0,""internal_steric_clash"":0.377,""molecular_formula"":0.0,""no_radicals"":0.0,""planar_aromatic_rings"":0.0,""planar_double_bonds"":0.0,""reference_file_loads"":0.0,""sanitisation"":0.0,""tetrahedral_chirality"":0.0}",562,104.3962151705672,2.2146307696312832,2.807710906079297,533.0,94.83985765124555,0.9968965012808827,0.005338078291814947,522.7148214988472,0.0019693266296019556,0.9474671669793621,182.0,32.38434163701068,0.9419906252964789,0.026690391459074734,134.57551794780736,0.00959967578931371,0.3516483516483517,9.0,1.601423487544484,0.9550584042837632,0.1619217081850534,8.153748814083032,0.12789225060472895,0.0,2.0,0.35587188612099646,0.9997716006668441,0.5088967971530249,1.9996833963544745,0.5001583059991641,0.0,562,285.68592274003583,9137.47537378909,351.66686487872676,439.51931017627277,0.9605034768933807,2.509845622630367,0.0,0.0,0.0,1.0,1.0262091687206296,2.2706318098470986,0.0,0.0,0.0,1.0,1000,0,0,0,0,0,1000,0,0,0,0,562,1000,1000,core
2zcq_2zcq_conf0,generation,torsional_diffusion_raw,dynamic,,torsional_diffusion_raw_dynamic,Torsional Diffusion,torsional_diffusion_raw_dynamic,8,25,75,0.7,75,73,2,0.9733333333333334,156,75,81,0.4807692307692308,"{""all_atoms_connected"":0,""bond_angles"":0,""bond_lengths"":0,""bonds"":0,""double_bond_stereochemistry"":0,""energy_ratio"":51,""file_loads"":0,""inchi_convertible"":0,""internal_steric_clash"":68,""molecular_formula"":0,""no_radicals"":0,""planar_aromatic_rings"":0,""planar_double_bonds"":0,""reference_file_loads"":0,""sanitisation"":0,""tetrahedral_chirality"":0}","{""all_atoms_connected"":0.0,""bond_angles"":0.0,""bond_lengths"":0.0,""bonds"":0.0,""double_bond_stereochemistry"":0.0,""energy_ratio"":0.3269230769230769,""file_loads"":0.0,""inchi_convertible"":0.0,""internal_steric_clash"":0.4358974358974359,""molecular_formula"":0.0,""no_radicals"":0.0,""planar_aromatic_rings"":0.0,""planar_double_bonds"":0.0,""reference_file_loads"":0.0,""sanitisation"":0.0,""tetrahedral_chirality"":0.0}",75,103.5029763682657,2.2662129311188575,2.904976309185324,75.0,100.0,0.9999999999999998,0.013333333333333334,74.99999999999991,0.013333333333333338,1.0,61.0,81.33333333333333,0.9777238242677199,0.05333333333333334,55.66209059902714,0.020444444444444442,0.8524590163934426,6.0,8.0,0.9449497399918338,0.26666666666666666,5.4364302671102465,0.19928888888888893,0.0,1.0,1.3333333333333333,0.0,1.0,1.0,1.0,0.0,75,294.79109533075905,2475.6762047202765,344.9385064614786,247.40816938052063,1.048964724212488,2.4914427839389517,0.0,0.0,0.0,1.0,1.085417900257401,2.275002211248807,0.0,0.0,0.0,1.0,1000,0,0,0,0,0,156,0,0,0,0,75,156,156,core
2zcq_2zcq_conf0,generation,torsional_diffusion_raw,chembl_count,,torsional_diffusion_raw_chembl_count,Torsional Diffusion,torsional_diffusion_raw_chembl_count,8,25,37,0.7,37,37,0,1.0,67,37,30,0.5522388059701493,"{""all_atoms_connected"":0,""bond_angles"":0,""bond_lengths"":0,""bonds"":0,""double_bond_stereochemistry"":0,""energy_ratio"":18,""file_loads"":0,""inchi_convertible"":0,""internal_steric_clash"":23,""molecular_formula"":0,""no_radicals"":0,""planar_aromatic_rings"":0,""planar_double_bonds"":0,""reference_file_loads"":0,""sanitisation"":0,""tetrahedral_chirality"":0}","{""all_atoms_connected"":0.0,""bond_angles"":0.0,""bond_lengths"":0.0,""bonds"":0.0,""double_bond_stereochemistry"":0.0,""energy_ratio"":0.26865671641791045,""file_loads"":0.0,""inchi_convertible"":0.0,""internal_steric_clash"":0.34328358208955223,""molecular_formula"":0.0,""no_radicals"":0.0,""planar_aromatic_rings"":0.0,""planar_double_bonds"":0.0,""reference_file_loads"":0.0,""sanitisation"":0.0,""tetrahedral_chirality"":0.0}",37,102.38362615828594,2.255824839631595,2.876964927545404,37.0,100.0,1.0000000000000002,0.02702702702702703,37.000000000000014,0.027027027027027025,1.0,32.0,86.48648648648648,0.9878366190717359,0.05405405405405406,30.679075328495774,0.034331628926223524,0.84375,6.0,16.216216216216218,0.9428102356592187,0.2972972972972973,5.415629730581402,0.1994156318480643,0.0,2.0,5.405405405405405,0.9867867202680318,0.5675675675675675,1.98176613197172,0.5091307523739956,0.0,37,302.0442914960086,451.2077731066887,343.3891762655407,41.000346326779855,1.2213592938857376,2.5196851618235034,0.0,0.0,0.0,1.0,1.4571292760778713,2.2449635073943037,0.0,0.0,0.0,1.0,1000,0,0,0,0,0,67,0,0,0,0,37,67,67,core
2zcr_2zcr_conf0,generation,torsional_diffusion_raw,fixed,,torsional_diffusion_raw_fixed,Torsional Diffusion,torsional_diffusion_raw_fixed,10,28,517,0.7,517,350,167,0.6769825918762089,1000,517,483,0.517,"{""all_atoms_connected"":0,""bond_angles"":0,""bond_lengths"":0,""bonds"":0,""double_bond_stereochemistry"":0,""energy_ratio"":311,""file_loads"":0,""inchi_convertible"":0,""internal_steric_clash"":409,""molecular_formula"":0,""no_radicals"":0,""planar_aromatic_rings"":0,""planar_double_bonds"":0,""reference_file_loads"":0,""sanitisation"":0,""tetrahedral_chirality"":0}","{""all_atoms_connected"":0.0,""bond_angles"":0.0,""bond_lengths"":0.0,""bonds"":0.0,""double_bond_stereochemistry"":0.0,""energy_ratio"":0.311,""file_loads"":0.0,""inchi_convertible"":0.0,""internal_steric_clash"":0.409,""molecular_formula"":0.0,""no_radicals"":0.0,""planar_aromatic_rings"":0.0,""planar_double_bonds"":0.0,""reference_file_loads"":0.0,""sanitisation"":0.0,""tetrahedral_chirality"":0.0}",517,104.41195417662692,1.9441070903091706,2.450815200783998,502.0,97.09864603481624,0.99826672379775,0.0038684719535783366,496.618223080728,0.0020464740412063347,0.9701195219123506,149.0,28.820116054158607,0.9457102675975463,0.03481624758220503,113.5545570218866,0.011107827108485572,0.2684563758389262,5.0,0.9671179883945842,0.9020534999864646,0.4081237911025145,4.270791196182292,0.26821530253770265,0.0,1.0,0.19342359767891681,0.0,1.0,1.0,1.0,0.0,517,289.79892604865813,2905709.098010163,400.28151640425665,135272.75188721015,0.9043009895717041,2.8108414793592815,0.0,0.0,0.0,1.0,3.9843622563702006,4.446855129090549,0.0,0.0,0.0,0.0,1000,0,0,0,0,0,1000,0,0,0,0,517,1000,1000,core
2zcr_2zcr_conf0,generation,torsional_diffusion_raw,dynamic,,torsional_diffusion_raw_dynamic,Torsional Diffusion,torsional_diffusion_raw_dynamic,10,28,99,0.7,99,66,33,0.6666666666666666,200,99,101,0.495,"{""all_atoms_connected"":0,""bond_angles"":0,""bond_lengths"":0,""bonds"":0,""double_bond_stereochemistry"":0,""energy_ratio"":64,""file_loads"":0,""inchi_convertible"":0,""internal_steric_clash"":88,""molecular_formula"":0,""no_radicals"":0,""planar_aromatic_rings"":0,""planar_double_bonds"":0,""reference_file_loads"":0,""sanitisation"":0,""tetrahedral_chirality"":0}","{""all_atoms_connected"":0.0,""bond_angles"":0.0,""bond_lengths"":0.0,""bonds"":0.0,""double_bond_stereochemistry"":0.0,""energy_ratio"":0.32,""file_loads"":0.0,""inchi_convertible"":0.0,""internal_steric_clash"":0.44,""molecular_formula"":0.0,""no_radicals"":0.0,""planar_aromatic_rings"":0.0,""planar_double_bonds"":0.0,""reference_file_loads"":0.0,""sanitisation"":0.0,""tetrahedral_chirality"":0.0}",99,102.6358232495371,1.9738453325460492,2.4718821102677513,98.0,98.98989898989899,0.9991601681149234,0.020202020202020204,97.62336661367748,0.01030507091113152,0.9897959183673469,57.0,57.57575757575758,0.9625022593909993,0.050505050505050504,48.98166185103846,0.02377308437914499,0.5614035087719298,4.0,4.040404040404041,0.978623739643932,0.3434343434343434,3.8832039450856226,0.26497296194265896,0.0,1.0,1.0101010101010102,0.0,1.0,1.0,1.0,0.0,99,305.19910228377984,889314.3440554193,391.96059485948086,98410.76710741255,1.2262309907629796,2.761386669194436,0.0,0.0,0.0,1.0,4.012341068317968,4.43743909087327,0.0,0.0,0.0,0.0,1000,0,0,0,0,0,200,0,0,0,0,99,200,200,core
2zcr_2zcr_conf0,generation,torsional_diffusion_raw,chembl_count,,torsional_diffusion_raw_chembl_count,Torsional Diffusion,torsional_diffusion_raw_chembl_count,10,28,28,0.7,28,20,8,0.7142857142857143,60,28,32,0.4666666666666667,"{""all_atoms_connected"":0,""bond_angles"":0,""bond_lengths"":0,""bonds"":0,""double_bond_stereochemistry"":0,""energy_ratio"":26,""file_loads"":0,""inchi_convertible"":0,""internal_steric_clash"":24,""molecular_formula"":0,""no_radicals"":0,""planar_aromatic_rings"":0,""planar_double_bonds"":0,""reference_file_loads"":0,""sanitisation"":0,""tetrahedral_chirality"":0}","{""all_atoms_connected"":0.0,""bond_angles"":0.0,""bond_lengths"":0.0,""bonds"":0.0,""double_bond_stereochemistry"":0.0,""energy_ratio"":0.43333333333333335,""file_loads"":0.0,""inchi_convertible"":0.0,""internal_steric_clash"":0.4,""molecular_formula"":0.0,""no_radicals"":0.0,""planar_aromatic_rings"":0.0,""planar_double_bonds"":0.0,""reference_file_loads"":0.0,""sanitisation"":0.0,""tetrahedral_chirality"":0.0}",28,105.35134234105566,1.9239202723521545,2.4202657166806327,28.0,100.0,0.9999999999999999,0.03571428571428571,27.999999999999986,0.03571428571428572,1.0,23.0,82.14285714285714,0.9718649974848534,0.10714285714285714,21.057927199317696,0.053571428571428575,0.8695652173913043,3.0,10.714285714285714,0.8100423976258606,0.5357142857142857,2.434941014883366,0.4464285714285714,0.0,1.0,3.5714285714285716,0.0,1.0,1.0,1.0,0.0,28,313.42771648223027,4830.3013425917015,375.76501563290765,835.3866648744793,1.5394194775996444,2.763759271720418,0.0,0.0,0.0,1.0,4.153197591441148,4.419896553034631,0.0,0.0,0.0,0.0,1000,0,0,0,0,0,60,0,0,0,0,28,60,60,core
2zy1_2zy1_conf0,generation,torsional_diffusion_raw,fixed,,torsional_diffusion_raw_fixed,Torsional Diffusion,torsional_diffusion_raw_fixed,8,24,656,0.7,656,585,71,0.8917682926829268,1000,656,344,0.656,"{""all_atoms_connected"":0,""bond_angles"":0,""bond_lengths"":0,""bonds"":0,""double_bond_stereochemistry"":0,""energy_ratio"":170,""file_loads"":0,""inchi_convertible"":0,""internal_steric_clash"":287,""molecular_formula"":0,""no_radicals"":0,""planar_aromatic_rings"":0,""planar_double_bonds"":0,""reference_file_loads"":0,""sanitisation"":0,""tetrahedral_chirality"":0}","{""all_atoms_connected"":0.0,""bond_angles"":0.0,""bond_lengths"":0.0,""bonds"":0.0,""double_bond_stereochemistry"":0.0,""energy_ratio"":0.17,""file_loads"":0.0,""inchi_convertible"":0.0,""internal_steric_clash"":0.287,""molecular_formula"":0.0,""no_radicals"":0.0,""planar_aromatic_rings"":0.0,""planar_double_bonds"":0.0,""reference_file_loads"":0.0,""sanitisation"":0.0,""tetrahedral_chirality"":0.0}",656,102.30860386906733,2.2198489774963304,2.9063029789722443,589.0,89.78658536585365,0.9932357375463924,0.006097560975609756,564.1278075201636,0.0018915452111838192,0.9049235993208828,185.0,28.201219512195124,0.9190907753256978,0.051829268292682924,121.26532126064488,0.012339195419393217,0.34594594594594597,9.0,1.3719512195121952,0.8773410634962232,0.24542682926829268,6.873788070921842,0.16909112879238547,0.0,2.0,0.3048780487804878,0.9399160259337106,0.6432926829268293,1.9184165713027537,0.5410655859607376,0.0,656,58.373044242686866,6632.9379645694935,118.89415325431624,378.15591761633476,1.2081901987636188,3.1582000605991176,0.0,0.0,0.0,1.0,1.2187347127824801,3.1901690792786637,0.0,0.0,0.0,1.0,1000,0,0,0,0,0,1000,0,0,0,0,656,1000,1000,core
2zy1_2zy1_conf0,generation,torsional_diffusion_raw,dynamic,,torsional_diffusion_raw_dynamic,Torsional Diffusion,torsional_diffusion_raw_dynamic,8,24,98,0.7,98,90,8,0.9183673469387755,156,98,58,0.6282051282051282,"{""all_atoms_connected"":0,""bond_angles"":0,""bond_lengths"":0,""bonds"":0,""double_bond_stereochemistry"":0,""energy_ratio"":26,""file_loads"":0,""inchi_convertible"":0,""internal_steric_clash"":46,""molecular_formula"":0,""no_radicals"":0,""planar_aromatic_rings"":0,""planar_double_bonds"":0,""reference_file_loads"":0,""sanitisation"":0,""tetrahedral_chirality"":0}","{""all_atoms_connected"":0.0,""bond_angles"":0.0,""bond_lengths"":0.0,""bonds"":0.0,""double_bond_stereochemistry"":0.0,""energy_ratio"":0.16666666666666666,""file_loads"":0.0,""inchi_convertible"":0.0,""internal_steric_clash"":0.2948717948717949,""molecular_formula"":0.0,""no_radicals"":0.0,""planar_aromatic_rings"":0.0,""planar_double_bonds"":0.0,""reference_file_loads"":0.0,""sanitisation"":0.0,""tetrahedral_chirality"":0.0}",98,103.12505893527687,2.210109648138509,2.901182049197256,95.0,96.93877551020408,0.9975082779611013,0.02040816326530612,93.92812819860099,0.010828821324448144,0.968421052631579,63.0,64.28571428571429,0.9664190416027127,0.05102040816326531,54.817215249575014,0.0212411495210329,0.6507936507936508,7.0,7.142857142857143,0.953073769853483,0.2653061224489796,6.389116024885205,0.17097042898792172,0.0,2.0,2.0408163265306123,0.9987979209581141,0.5204081632653061,1.9983342586615658,0.5008329862557268,0.0,98,68.78460893432029,1046.819469179851,118.7070189920584,147.88009669412014,1.3609234239225536,3.0366477102060108,0.0,0.0,0.0,1.0,1.3209627012730505,3.0515553340766557,0.0,0.0,0.0,1.0,1000,0,0,0,0,0,156,0,0,0,0,98,156,156,core
2zy1_2zy1_conf0,generation,torsional_diffusion_raw,chembl_count,,torsional_diffusion_raw_chembl_count,Torsional Diffusion,torsional_diffusion_raw_chembl_count,8,24,63,0.7,63,54,9,0.8571428571428571,94,63,31,0.6702127659574468,"{""all_atoms_connected"":0,""bond_angles"":0,""bond_lengths"":0,""bonds"":0,""double_bond_stereochemistry"":0,""energy_ratio"":18,""file_loads"":0,""inchi_convertible"":0,""internal_steric_clash"":25,""molecular_formula"":0,""no_radicals"":0,""planar_aromatic_rings"":0,""planar_double_bonds"":0,""reference_file_loads"":0,""sanitisation"":0,""tetrahedral_chirality"":0}","{""all_atoms_connected"":0.0,""bond_angles"":0.0,""bond_lengths"":0.0,""bonds"":0.0,""double_bond_stereochemistry"":0.0,""energy_ratio"":0.19148936170212766,""file_loads"":0.0,""inchi_convertible"":0.0,""internal_steric_clash"":0.26595744680851063,""molecular_formula"":0.0,""no_radicals"":0.0,""planar_aromatic_rings"":0.0,""planar_double_bonds"":0.0,""reference_file_loads"":0.0,""sanitisation"":0.0,""tetrahedral_chirality"":0.0}",63,99.76067695931916,2.203336235099886,2.9338252774974065,62.0,98.41269841269842,0.9985451573677746,0.031746031746031744,61.62884685300788,0.016376921138825898,0.9838709677419355,44.0,69.84126984126983,0.9650968164112862,0.07936507936507936,38.555908948933016,0.03048626858150667,0.7272727272727273,6.0,9.523809523809524,0.7961636333518288,0.42857142857142855,4.164239763195351,0.2859662383471907,0.16666666666666666,2.0,3.1746031746031744,0.6681273338436139,0.8253968253968254,1.5890090416806772,0.7117661879566641,0.0,63,65.48973300847152,4720.487898507978,114.26875608995272,584.2343051493569,1.3057743605709793,3.245883621126459,0.0,0.0,0.0,1.0,1.278838275858693,3.2622847124027374,0.0,0.0,0.0,1.0,1000,0,0,0,0,0,94,0,0,0,0,63,94,94,core
3aru_3aru_conf0,generation,torsional_diffusion_raw,fixed,,torsional_diffusion_raw_fixed,Torsional Diffusion,torsional_diffusion_raw_fixed,5,20,942,0.7,942,933,9,0.9904458598726115,1000,942,58,0.942,"{""all_atoms_connected"":0,""bond_angles"":0,""bond_lengths"":0,""bonds"":0,""double_bond_stereochemistry"":0,""energy_ratio"":12,""file_loads"":0,""inchi_convertible"":0,""internal_steric_clash"":52,""molecular_formula"":0,""no_radicals"":0,""planar_aromatic_rings"":0,""planar_double_bonds"":0,""reference_file_loads"":0,""sanitisation"":0,""tetrahedral_chirality"":0}","{""all_atoms_connected"":0.0,""bond_angles"":0.0,""bond_lengths"":0.0,""bonds"":0.0,""double_bond_stereochemistry"":0.0,""energy_ratio"":0.012,""file_loads"":0.0,""inchi_convertible"":0.0,""internal_steric_clash"":0.052,""molecular_formula"":0.0,""no_radicals"":0.0,""planar_aromatic_rings"":0.0,""planar_double_bonds"":0.0,""reference_file_loads"":0.0,""sanitisation"":0.0,""tetrahedral_chirality"":0.0}",942,103.53401101665102,1.7142744411366266,2.4450738878076796,228.0,24.203821656050955,0.9016103194791044,0.03821656050955414,133.64059197245868,0.011345964001244135,0.38596491228070173,22.0,2.335456475583864,0.8391290918524973,0.15817409766454352,13.380302285230885,0.09603499803913612,0.09090909090909091,3.0,0.3184713375796178,0.9431687873838289,0.48089171974522293,2.818421059341554,0.37424326431994087,0.0,1.0,0.10615711252653928,0.0,1.0,1.0,1.0,0.0,942,-97.5229531307756,340.23489689931387,-78.60411621881246,32.65243148678663,0.3691875716842065,2.1606879322863843,0.0,1.0,1.0,1.0,0.28098963232319585,2.138741722376584,0.0,1.0,1.0,1.0,1000,0,0,0,0,0,1000,0,0,0,0,942,1000,1000,core
3aru_3aru_conf0,generation,torsional_diffusion_raw,dynamic,,torsional_diffusion_raw_dynamic,Torsional Diffusion,torsional_diffusion_raw_dynamic,5,20,84,0.7,84,84,0,1.0,90,84,6,0.9333333333333332,"{""all_atoms_connected"":0,""bond_angles"":0,""bond_lengths"":0,""bonds"":0,""double_bond_stereochemistry"":0,""energy_ratio"":1,""file_loads"":0,""inchi_convertible"":0,""internal_steric_clash"":5,""molecular_formula"":0,""no_radicals"":0,""planar_aromatic_rings"":0,""planar_double_bonds"":0,""reference_file_loads"":0,""sanitisation"":0,""tetrahedral_chirality"":0}","{""all_atoms_connected"":0.0,""bond_angles"":0.0,""bond_lengths"":0.0,""bonds"":0.0,""double_bond_stereochemistry"":0.0,""energy_ratio"":0.011111111111111112,""file_loads"":0.0,""inchi_convertible"":0.0,""internal_steric_clash"":0.05555555555555555,""molecular_formula"":0.0,""no_radicals"":0.0,""planar_aromatic_rings"":0.0,""planar_double_bonds"":0.0,""reference_file_loads"":0.0,""sanitisation"":0.0,""tetrahedral_chirality"":0.0}",84,103.3747885171872,1.7167659169879128,2.4952870945100423,46.0,54.76190476190476,0.9456756897104754,0.08333333333333333,37.3619607011945,0.033446712018140604,0.5869565217391305,13.0,15.476190476190476,0.8514150222275063,0.2261904761904762,8.880309537254965,0.13775510204081634,0.23076923076923078,3.0,3.5714285714285716,0.8274928366868386,0.5357142857142857,2.4820722579952843,0.4390589569160997,0.0,1.0,1.1904761904761905,0.0,1.0,1.0,1.0,0.0,84,-97.15092376046988,65.17098304629138,-79.2095006535809,26.597367990554964,0.3705668114962862,2.199885352519706,0.0,1.0,1.0,1.0,0.4214149593248519,2.1919700163705547,0.0,1.0,1.0,1.0,1000,0,0,0,0,0,90,0,0,0,0,84,90,90,core
3aru_3aru_conf0,generation,torsional_diffusion_raw,chembl_count,,torsional_diffusion_raw_chembl_count,Torsional Diffusion,torsional_diffusion_raw_chembl_count,5,20,113,0.7,113,112,1,0.9911504424778761,124,113,11,0.9112903225806452,"{""all_atoms_connected"":0,""bond_angles"":0,""bond_lengths"":0,""bonds"":0,""double_bond_stereochemistry"":0,""energy_ratio"":3,""file_loads"":0,""inchi_convertible"":0,""internal_steric_clash"":10,""molecular_formula"":0,""no_radicals"":0,""planar_aromatic_rings"":0,""planar_double_bonds"":0,""reference_file_loads"":0,""sanitisation"":0,""tetrahedral_chirality"":0}","{""all_atoms_connected"":0.0,""bond_angles"":0.0,""bond_lengths"":0.0,""bonds"":0.0,""double_bond_stereochemistry"":0.0,""energy_ratio"":0.024193548387096774,""file_loads"":0.0,""inchi_convertible"":0.0,""internal_steric_clash"":0.08064516129032258,""molecular_formula"":0.0,""no_radicals"":0.0,""planar_aromatic_rings"":0.0,""planar_double_bonds"":0.0,""reference_file_loads"":0.0,""sanitisation"":0.0,""tetrahedral_chirality"":0.0}",113,101.16529624466713,1.7191800002118032,2.4768638466607444,64.0,56.63716814159292,0.9491851604805421,0.07964601769911504,51.80828646812009,0.02498237919962409,0.59375,15.0,13.274336283185841,0.8353304423045476,0.23008849557522124,9.603395868919568,0.13979168298222255,0.06666666666666667,3.0,2.6548672566371683,0.9595597513685801,0.4336283185840708,2.8696329642283533,0.3611089357036573,0.0,1.0,0.8849557522123894,0.0,1.0,1.0,1.0,0.0,113,-96.90578228810583,47.5606842113346,-78.05611807886802,22.51547480866806,0.3691875716842065,2.211840825916051,0.0,1.0,1.0,1.0,0.28098963232319585,2.1831935867646863,0.0,1.0,1.0,1.0,1000,0,0,0,0,0,124,0,0,0,0,113,124,124,core
3ary_3ary_conf0,generation,torsional_diffusion_raw,fixed,,torsional_diffusion_raw_fixed,Torsional Diffusion,torsional_diffusion_raw_fixed,2,17,1000,0.7,1000,1000,0,1.0,1000,1000,0,1.0,"{""all_atoms_connected"":0,""bond_angles"":0,""bond_lengths"":0,""bonds"":0,""double_bond_stereochemistry"":0,""energy_ratio"":0,""file_loads"":0,""inchi_convertible"":0,""internal_steric_clash"":0,""molecular_formula"":0,""no_radicals"":0,""planar_aromatic_rings"":0,""planar_double_bonds"":0,""reference_file_loads"":0,""sanitisation"":0,""tetrahedral_chirality"":0}","{""all_atoms_connected"":0.0,""bond_angles"":0.0,""bond_lengths"":0.0,""bonds"":0.0,""double_bond_stereochemistry"":0.0,""energy_ratio"":0.0,""file_loads"":0.0,""inchi_convertible"":0.0,""internal_steric_clash"":0.0,""molecular_formula"":0.0,""no_radicals"":0.0,""planar_aromatic_rings"":0.0,""planar_double_bonds"":0.0,""reference_file_loads"":0.0,""sanitisation"":0.0,""tetrahedral_chirality"":0.0}",1000,120.01917175487279,0.8616255639373646,1.3671536613296815,14.0,1.4,0.7570038929389742,0.323,7.3726460543623,0.17463199999999998,0.0,3.0,0.3,0.9976279154148179,0.367,2.9921921741956132,0.335094,0.0,1.0,0.1,0.0,1.0,1.0,1.0,0.0,1.0,0.1,0.0,1.0,1.0,1.0,0.0,1000,51.09879857210201,80.34613774980903,65.11544002733277,4.682488272898883,0.18667769776341758,1.0651355683199109,1.0,1.0,1.0,1.0,0.2709121703784268,1.0034972731562384,0.0,1.0,1.0,1.0,1000,0,0,0,0,0,1000,0,0,0,0,1000,1000,1000,core
3ary_3ary_conf0,generation,torsional_diffusion_raw,dynamic,,torsional_diffusion_raw_dynamic,Torsional Diffusion,torsional_diffusion_raw_dynamic,2,17,24,0.7,24,24,0,1.0,24,24,0,1.0,"{""all_atoms_connected"":0,""bond_angles"":0,""bond_lengths"":0,""bonds"":0,""double_bond_stereochemistry"":0,""energy_ratio"":0,""file_loads"":0,""inchi_convertible"":0,""internal_steric_clash"":0,""molecular_formula"":0,""no_radicals"":0,""planar_aromatic_rings"":0,""planar_double_bonds"":0,""reference_file_loads"":0,""sanitisation"":0,""tetrahedral_chirality"":0}","{""all_atoms_connected"":0.0,""bond_angles"":0.0,""bond_lengths"":0.0,""bonds"":0.0,""double_bond_stereochemistry"":0.0,""energy_ratio"":0.0,""file_loads"":0.0,""inchi_convertible"":0.0,""internal_steric_clash"":0.0,""molecular_formula"":0.0,""no_radicals"":0.0,""planar_aromatic_rings"":0.0,""planar_double_bonds"":0.0,""reference_file_loads"":0.0,""sanitisation"":0.0,""tetrahedral_chirality"":0.0}",24,123.71563381933336,0.8592679450862662,1.330470182115988,6.0,25.0,0.812865749645015,0.3333333333333333,4.290742968766636,0.2708333333333333,0.5,2.0,8.333333333333334,0.99498482818597,0.5416666666666666,1.9930595659329764,0.5034722222222221,0.0,1.0,4.166666666666667,0.0,1.0,1.0,1.0,0.0,1.0,4.166666666666667,0.0,1.0,1.0,1.0,0.0,24,54.93460315462077,77.58403010921629,65.75811450326104,5.864205637337632,0.378179432580671,1.024706841610275,0.0,1.0,1.0,1.0,0.3627681103112199,1.0063870828201154,0.0,1.0,1.0,1.0,1000,0,0,0,0,0,24,0,0,0,0,24,24,24,core
3ary_3ary_conf0,generation,torsional_diffusion_raw,chembl_count,,torsional_diffusion_raw_chembl_count,Torsional Diffusion,torsional_diffusion_raw_chembl_count,2,17,3,0.7,3,3,0,1.0,3,3,0,1.0,"{""all_atoms_connected"":0,""bond_angles"":0,""bond_lengths"":0,""bonds"":0,""double_bond_stereochemistry"":0,""energy_ratio"":0,""file_loads"":0,""inchi_convertible"":0,""internal_steric_clash"":0,""molecular_formula"":0,""no_radicals"":0,""planar_aromatic_rings"":0,""planar_double_bonds"":0,""reference_file_loads"":0,""sanitisation"":0,""tetrahedral_chirality"":0}","{""all_atoms_connected"":0.0,""bond_angles"":0.0,""bond_lengths"":0.0,""bonds"":0.0,""double_bond_stereochemistry"":0.0,""energy_ratio"":0.0,""file_loads"":0.0,""inchi_convertible"":0.0,""internal_steric_clash"":0.0,""molecular_formula"":0.0,""no_radicals"":0.0,""planar_aromatic_rings"":0.0,""planar_double_bonds"":0.0,""reference_file_loads"":0.0,""sanitisation"":0.0,""tetrahedral_chirality"":0.0}",3,136.38671367533274,0.843122059455412,1.0429201851939371,3.0,100.0,0.9999999999999998,0.3333333333333333,2.9999999999999996,0.3333333333333333,1.0,1.0,33.333333333333336,0.0,1.0,1.0,1.0,0.0,1.0,33.333333333333336,0.0,1.0,1.0,1.0,0.0,1.0,33.333333333333336,0.0,1.0,1.0,1.0,0.0,3,58.75306210821826,69.39184402872712,62.824749685102006,4.382909340634225,0.9550180407753769,1.141195348674972,0.0,0.0,0.0,1.0,0.9887111107629571,1.0465230813622846,0.0,0.0,0.0,1.0,1000,0,0,0,0,0,3,0,0,0,0,3,3,3,core
3b27_3b27_conf0,generation,torsional_diffusion_raw,fixed,,torsional_diffusion_raw_fixed,Torsional Diffusion,torsional_diffusion_raw_fixed,3,16,1000,0.7,1000,1000,0,1.0,1000,1000,0,1.0,"{""all_atoms_connected"":0,""bond_angles"":0,""bond_lengths"":0,""bonds"":0,""double_bond_stereochemistry"":0,""energy_ratio"":0,""file_loads"":0,""inchi_convertible"":0,""internal_steric_clash"":0,""molecular_formula"":0,""no_radicals"":0,""planar_aromatic_rings"":0,""planar_double_bonds"":0,""reference_file_loads"":0,""sanitisation"":0,""tetrahedral_chirality"":0}","{""all_atoms_connected"":0.0,""bond_angles"":0.0,""bond_lengths"":0.0,""bonds"":0.0,""double_bond_stereochemistry"":0.0,""energy_ratio"":0.0,""file_loads"":0.0,""inchi_convertible"":0.0,""internal_steric_clash"":0.0,""molecular_formula"":0.0,""no_radicals"":0.0,""planar_aromatic_rings"":0.0,""planar_double_bonds"":0.0,""reference_file_loads"":0.0,""sanitisation"":0.0,""tetrahedral_chirality"":0.0}",1000,119.40923599015387,1.1690985713520723,1.8876790849948362,15.0,1.5,0.8164686895847411,0.155,9.125185235320021,0.119344,0.2,4.0,0.4,0.9238754078965824,0.416,3.599385974747122,0.300554,0.0,1.0,0.1,0.0,1.0,1.0,1.0,0.0,1.0,0.1,0.0,1.0,1.0,1.0,0.0,1000,-140.28303968362144,-87.29240123329033,-130.60426654838722,4.879464212673379,0.2977725010052605,1.208626018146031,0.0,1.0,1.0,1.0,0.3176769261777527,1.223111447770549,0.0,1.0,1.0,1.0,1000,0,0,0,0,0,1000,0,0,0,0,1000,1000,1000,core
3b27_3b27_conf0,generation,torsional_diffusion_raw,dynamic,,torsional_diffusion_raw_dynamic,Torsional Diffusion,torsional_diffusion_raw_dynamic,3,16,46,0.7,46,46,0,1.0,46,46,0,1.0,"{""all_atoms_connected"":0,""bond_angles"":0,""bond_lengths"":0,""bonds"":0,""double_bond_stereochemistry"":0,""energy_ratio"":0,""file_loads"":0,""inchi_convertible"":0,""internal_steric_clash"":0,""molecular_formula"":0,""no_radicals"":0,""planar_aromatic_rings"":0,""planar_double_bonds"":0,""reference_file_loads"":0,""sanitisation"":0,""tetrahedral_chirality"":0}","{""all_atoms_connected"":0.0,""bond_angles"":0.0,""bond_lengths"":0.0,""bonds"":0.0,""double_bond_stereochemistry"":0.0,""energy_ratio"":0.0,""file_loads"":0.0,""inchi_convertible"":0.0,""internal_steric_clash"":0.0,""molecular_formula"":0.0,""no_radicals"":0.0,""planar_aromatic_rings"":0.0,""planar_double_bonds"":0.0,""reference_file_loads"":0.0,""sanitisation"":0.0,""tetrahedral_chirality"":0.0}",46,118.85389610604932,1.1884116311801212,1.8841622113859653,11.0,23.91304347826087,0.8927568431752264,0.17391304347826086,8.505707544733864,0.13516068052930055,0.2727272727272727,4.0,8.695652173913043,0.7761731449816685,0.4782608695652174,2.93293742260622,0.390359168241966,0.0,1.0,2.1739130434782608,0.0,1.0,1.0,1.0,0.0,1.0,2.1739130434782608,0.0,1.0,1.0,1.0,0.0,46,-140.166875412811,-112.26740429616856,-128.53078068952402,5.6736088712594315,0.38290449188519826,1.2091376683890211,0.0,1.0,1.0,1.0,0.4002180319312506,1.2397204113206575,0.0,1.0,1.0,1.0,1000,0,0,0,0,0,46,0,0,0,0,46,46,46,core
3b27_3b27_conf0,generation,torsional_diffusion_raw,chembl_count,,torsional_diffusion_raw_chembl_count,Torsional Diffusion,torsional_diffusion_raw_chembl_count,3,16,9,0.7,9,9,0,1.0,9,9,0,1.0,"{""all_atoms_connected"":0,""bond_angles"":0,""bond_lengths"":0,""bonds"":0,""double_bond_stereochemistry"":0,""energy_ratio"":0,""file_loads"":0,""inchi_convertible"":0,""internal_steric_clash"":0,""molecular_formula"":0,""no_radicals"":0,""planar_aromatic_rings"":0,""planar_double_bonds"":0,""reference_file_loads"":0,""sanitisation"":0,""tetrahedral_chirality"":0}","{""all_atoms_connected"":0.0,""bond_angles"":0.0,""bond_lengths"":0.0,""bonds"":0.0,""double_bond_stereochemistry"":0.0,""energy_ratio"":0.0,""file_loads"":0.0,""inchi_convertible"":0.0,""internal_steric_clash"":0.0,""molecular_formula"":0.0,""no_radicals"":0.0,""planar_aromatic_rings"":0.0,""planar_double_bonds"":0.0,""reference_file_loads"":0.0,""sanitisation"":0.0,""tetrahedral_chirality"":0.0}",9,107.50948318350285,1.1443287649350138,1.8122651390353968,5.0,55.55555555555556,0.946265187221801,0.3333333333333333,4.585756412345816,0.2345679012345679,0.4,2.0,22.22222222222222,0.9182958340544894,0.6666666666666666,1.8898815748423097,0.5555555555555556,0.0,1.0,11.11111111111111,0.0,1.0,1.0,1.0,0.0,1.0,11.11111111111111,0.0,1.0,1.0,1.0,0.0,9,-137.76785331536243,-124.18773344205205,-131.6425917587042,3.9165926171252607,0.4616008563408419,1.1575681373712423,0.0,1.0,1.0,1.0,0.4836927906322115,1.1861626725484076,0.0,1.0,1.0,1.0,1000,0,0,0,0,0,9,0,0,0,0,9,9,9,core
3b5r_3b5r_conf0,generation,torsional_diffusion_raw,fixed,,torsional_diffusion_raw_fixed,Torsional Diffusion,torsional_diffusion_raw_fixed,6,28,948,0.7,948,916,32,0.9662447257383966,1000,948,52,0.948,"{""all_atoms_connected"":0,""bond_angles"":0,""bond_lengths"":0,""bonds"":0,""double_bond_stereochemistry"":0,""energy_ratio"":17,""file_loads"":0,""inchi_convertible"":0,""internal_steric_clash"":48,""molecular_formula"":0,""no_radicals"":0,""planar_aromatic_rings"":0,""planar_double_bonds"":0,""reference_file_loads"":0,""sanitisation"":0,""tetrahedral_chirality"":0}","{""all_atoms_connected"":0.0,""bond_angles"":0.0,""bond_lengths"":0.0,""bonds"":0.0,""double_bond_stereochemistry"":0.0,""energy_ratio"":0.017,""file_loads"":0.0,""inchi_convertible"":0.0,""internal_steric_clash"":0.048,""molecular_formula"":0.0,""no_radicals"":0.0,""planar_aromatic_rings"":0.0,""planar_double_bonds"":0.0,""reference_file_loads"":0.0,""sanitisation"":0.0,""tetrahedral_chirality"":0.0}",948,114.16098259679744,2.2842880519862456,3.2487834849187385,451.0,47.573839662447256,0.9336704017480275,0.027426160337552744,300.6949110410463,0.005559116238494542,0.6208425720620843,124.0,13.080168776371307,0.8859425198699602,0.06329113924050633,71.55686130943369,0.02054291513112215,0.22580645161290322,8.0,0.8438818565400844,0.9044109675587345,0.22573839662447256,6.5578954549681745,0.166426320568285,0.0,2.0,0.2109704641350211,0.986392326011365,0.5685654008438819,1.9812244441345785,0.5094024283857644,0.0,948,102.85041278301816,7865.098291352591,148.51736817455776,364.07694076606555,0.4259962670182683,2.255618582102723,0.0,1.0,1.0,1.0,0.39672601341440294,2.2277393471189475,0.0,1.0,1.0,1.0,1000,0,0,0,0,0,1000,0,0,0,0,948,1000,1000,core
3b5r_3b5r_conf0,generation,torsional_diffusion_raw,dynamic,,torsional_diffusion_raw_dynamic,Torsional Diffusion,torsional_diffusion_raw_dynamic,6,28,105,0.7,105,102,3,0.9714285714285714,112,105,7,0.9375,"{""all_atoms_connected"":0,""bond_angles"":0,""bond_lengths"":0,""bonds"":0,""double_bond_stereochemistry"":0,""energy_ratio"":1,""file_loads"":0,""inchi_convertible"":0,""internal_steric_clash"":7,""molecular_formula"":0,""no_radicals"":0,""planar_aromatic_rings"":0,""planar_double_bonds"":0,""reference_file_loads"":0,""sanitisation"":0,""tetrahedral_chirality"":0}","{""all_atoms_connected"":0.0,""bond_angles"":0.0,""bond_lengths"":0.0,""bonds"":0.0,""double_bond_stereochemistry"":0.0,""energy_ratio"":0.008928571428571428,""file_loads"":0.0,""inchi_convertible"":0.0,""internal_steric_clash"":0.0625,""molecular_formula"":0.0,""no_radicals"":0.0,""planar_aromatic_rings"":0.0,""planar_double_bonds"":0.0,""reference_file_loads"":0.0,""sanitisation"":0.0,""tetrahedral_chirality"":0.0}",105,112.4436186508118,2.233147572372324,3.0895952700604656,82.0,78.0952380952381,0.9795270156114113,0.047619047619047616,74.92596951384895,0.015147392290249438,0.7804878048780488,41.0,39.04761904761905,0.9325545021962407,0.08571428571428572,31.91602867938791,0.03909297052154195,0.3902439024390244,5.0,4.761904761904762,0.927073577865241,0.3238095238095238,4.446278098395611,0.2413605442176871,0.0,2.0,1.9047619047619047,0.9361764916347491,0.6476190476190476,1.9134503832046474,0.5435827664399093,0.0,105,116.04756671369702,575.2389232487882,149.34290083796273,48.134960923980636,0.5394218801842665,2.2343512676331767,0.0,0.0,1.0,1.0,0.5170990420131378,2.184986735237958,0.0,0.0,1.0,1.0,1000,0,0,0,0,0,112,0,0,0,0,105,112,112,core
3b5r_3b5r_conf0,generation,torsional_diffusion_raw,chembl_count,,torsional_diffusion_raw_chembl_count,Torsional Diffusion,torsional_diffusion_raw_chembl_count,6,28,190,0.7,190,184,6,0.968421052631579,200,190,10,0.95,"{""all_atoms_connected"":0,""bond_angles"":0,""bond_lengths"":0,""bonds"":0,""double_bond_stereochemistry"":0,""energy_ratio"":4,""file_loads"":0,""inchi_convertible"":0,""internal_steric_clash"":9,""molecular_formula"":0,""no_radicals"":0,""planar_aromatic_rings"":0,""planar_double_bonds"":0,""reference_file_loads"":0,""sanitisation"":0,""tetrahedral_chirality"":0}","{""all_atoms_connected"":0.0,""bond_angles"":0.0,""bond_lengths"":0.0,""bonds"":0.0,""double_bond_stereochemistry"":0.0,""energy_ratio"":0.02,""file_loads"":0.0,""inchi_convertible"":0.0,""internal_steric_clash"":0.045,""molecular_formula"":0.0,""no_radicals"":0.0,""planar_aromatic_rings"":0.0,""planar_double_bonds"":0.0,""reference_file_loads"":0.0,""sanitisation"":0.0,""tetrahedral_chirality"":0.0}",190,113.43813333097229,2.2500397924619286,3.1773520057594427,145.0,76.3157894736842,0.9764028411898926,0.03684210526315789,128.9335255774638,0.00930747922437673,0.7862068965517242,63.0,33.1578947368421,0.9136958458733057,0.06842105263157895,44.06055723136501,0.029972299168975074,0.4444444444444444,7.0,3.6842105263157894,0.9130163121783101,0.2578947368421053,5.91001109132408,0.1830470914127424,0.0,2.0,1.0526315789473684,0.9919924034538556,0.5526315789473685,1.9889298645598423,0.5055401662049862,0.0,190,104.0922322762029,1407.984841407187,150.09055492101368,105.46966223463548,0.5394218801842665,2.2180283053864374,0.0,0.0,1.0,1.0,0.5170990420131378,2.1741893472888862,0.0,0.0,1.0,1.0,1000,0,0,0,0,0,200,0,0,0,0,190,200,200,core
3b65_3b65_conf0,generation,torsional_diffusion_raw,fixed,,torsional_diffusion_raw_fixed,Torsional Diffusion,torsional_diffusion_raw_fixed,6,25,952,0.7,952,949,3,0.9968487394957983,1000,952,48,0.952,"{""all_atoms_connected"":0,""bond_angles"":0,""bond_lengths"":0,""bonds"":0,""double_bond_stereochemistry"":0,""energy_ratio"":16,""file_loads"":0,""inchi_convertible"":0,""internal_steric_clash"":43,""molecular_formula"":0,""no_radicals"":0,""planar_aromatic_rings"":0,""planar_double_bonds"":0,""reference_file_loads"":0,""sanitisation"":0,""tetrahedral_chirality"":0}","{""all_atoms_connected"":0.0,""bond_angles"":0.0,""bond_lengths"":0.0,""bonds"":0.0,""double_bond_stereochemistry"":0.0,""energy_ratio"":0.016,""file_loads"":0.0,""inchi_convertible"":0.0,""internal_steric_clash"":0.043,""molecular_formula"":0.0,""no_radicals"":0.0,""planar_aromatic_rings"":0.0,""planar_double_bonds"":0.0,""reference_file_loads"":0.0,""sanitisation"":0.0,""tetrahedral_chirality"":0.0}",952,114.78728907573486,2.0674252186800848,3.1451586697230027,310.0,32.563025210084035,0.901684700921206,0.05357142857142857,176.36919139533887,0.010808735258809404,0.4967741935483871,59.0,6.197478991596639,0.8577264444232267,0.12605042016806722,33.02984985788927,0.0481714744721418,0.05084745762711865,3.0,0.31512605042016806,0.9044743442076347,0.5304621848739496,2.7011203444423044,0.40228223642398137,0.0,2.0,0.21008403361344538,0.9639263872956991,0.6113445378151261,1.950611391665165,0.5247952122025281,0.0,952,105.44960007558154,1202.36959903358,150.4454732061316,41.738726082507426,0.30355691231447685,1.9857609179547613,0.0,1.0,1.0,1.0,0.48952966182973934,1.9957065136618812,0.0,1.0,1.0,1.0,1000,0,0,0,0,0,1000,0,0,0,0,952,1000,1000,core
3b65_3b65_conf0,generation,torsional_diffusion_raw,dynamic,,torsional_diffusion_raw_dynamic,Torsional Diffusion,torsional_diffusion_raw_dynamic,6,25,105,0.7,105,105,0,1.0,112,105,7,0.9375,"{""all_atoms_connected"":0,""bond_angles"":0,""bond_lengths"":0,""bonds"":0,""double_bond_stereochemistry"":0,""energy_ratio"":4,""file_loads"":0,""inchi_convertible"":0,""internal_steric_clash"":6,""molecular_formula"":0,""no_radicals"":0,""planar_aromatic_rings"":0,""planar_double_bonds"":0,""reference_file_loads"":0,""sanitisation"":0,""tetrahedral_chirality"":0}","{""all_atoms_connected"":0.0,""bond_angles"":0.0,""bond_lengths"":0.0,""bonds"":0.0,""double_bond_stereochemistry"":0.0,""energy_ratio"":0.03571428571428571,""file_loads"":0.0,""inchi_convertible"":0.0,""internal_steric_clash"":0.05357142857142857,""molecular_formula"":0.0,""no_radicals"":0.0,""planar_aromatic_rings"":0.0,""planar_double_bonds"":0.0,""reference_file_loads"":0.0,""sanitisation"":0.0,""tetrahedral_chirality"":0.0}",105,111.6754269239319,2.1430463472659347,3.4864073845640307,80.0,76.19047619047619,0.9620802867084526,0.0761904761904762,67.75250552881499,0.01968253968253969,0.8375,29.0,27.61904761904762,0.8798021619346577,0.17142857142857143,19.347324691803944,0.07265306122448978,0.3448275862068966,3.0,2.857142857142857,0.9077524114609326,0.5238095238095238,2.710865493771399,0.39936507936507937,0.0,2.0,1.9047619047619047,0.8502079949955315,0.7238095238095238,1.8027608125770929,0.6001814058956916,0.0,105,115.12672630097154,213.61944324007004,153.44085901675118,19.55890432861925,0.9096497519571967,2.0015632864624866,0.0,0.0,0.0,1.0,0.8994171115515788,1.9885982048997253,0.0,0.0,0.0,1.0,1000,0,0,0,0,0,112,0,0,0,0,105,112,112,core
3b65_3b65_conf0,generation,torsional_diffusion_raw,chembl_count,,torsional_diffusion_raw_chembl_count,Torsional Diffusion,torsional_diffusion_raw_chembl_count,6,25,191,0.7,191,191,0,1.0,200,191,9,0.955,"{""all_atoms_connected"":0,""bond_angles"":0,""bond_lengths"":0,""bonds"":0,""double_bond_stereochemistry"":0,""energy_ratio"":4,""file_loads"":0,""inchi_convertible"":0,""internal_steric_clash"":8,""molecular_formula"":0,""no_radicals"":0,""planar_aromatic_rings"":0,""planar_double_bonds"":0,""reference_file_loads"":0,""sanitisation"":0,""tetrahedral_chirality"":0}","{""all_atoms_connected"":0.0,""bond_angles"":0.0,""bond_lengths"":0.0,""bonds"":0.0,""double_bond_stereochemistry"":0.0,""energy_ratio"":0.02,""file_loads"":0.0,""inchi_convertible"":0.0,""internal_steric_clash"":0.04,""molecular_formula"":0.0,""no_radicals"":0.0,""planar_aromatic_rings"":0.0,""planar_double_bonds"":0.0,""reference_file_loads"":0.0,""sanitisation"":0.0,""tetrahedral_chirality"":0.0}",191,117.25854156675148,2.1656384493699847,3.3879214321958253,109.0,57.068062827225134,0.942962194996536,0.06806282722513089,83.40962384390383,0.01702255968860502,0.6788990825688074,36.0,18.848167539267017,0.8599233842587257,0.16230366492146597,21.792191838987044,0.06729530440503273,0.2777777777777778,3.0,1.5706806282722514,0.9054500225300641,0.4607329842931937,2.7040172065413226,0.39332803377100406,0.0,2.0,1.0471204188481675,0.9966557377891417,0.5340314136125655,1.995369237435019,0.502316274224939,0.0,191,105.6805199238444,238.8110179287086,150.9233009963585,20.39526643918308,0.30355691231447685,1.9041159082857788,0.0,1.0,1.0,1.0,0.490931304218765,1.933236163055823,0.0,1.0,1.0,1.0,1000,0,0,0,0,0,200,0,0,0,0,191,200,200,core
3bgz_3bgz_conf0,generation,torsional_diffusion_raw,fixed,,torsional_diffusion_raw_fixed,Torsional Diffusion,torsional_diffusion_raw_fixed,3,24,998,0.7,998,998,0,1.0,1000,998,2,0.998,"{""all_atoms_connected"":0,""bond_angles"":0,""bond_lengths"":0,""bonds"":0,""double_bond_stereochemistry"":0,""energy_ratio"":2,""file_loads"":0,""inchi_convertible"":0,""internal_steric_clash"":0,""molecular_formula"":0,""no_radicals"":0,""planar_aromatic_rings"":0,""planar_double_bonds"":0,""reference_file_loads"":0,""sanitisation"":0,""tetrahedral_chirality"":0}","{""all_atoms_connected"":0.0,""bond_angles"":0.0,""bond_lengths"":0.0,""bonds"":0.0,""double_bond_stereochemistry"":0.0,""energy_ratio"":0.002,""file_loads"":0.0,""inchi_convertible"":0.0,""internal_steric_clash"":0.0,""molecular_formula"":0.0,""no_radicals"":0.0,""planar_aromatic_rings"":0.0,""planar_double_bonds"":0.0,""reference_file_loads"":0.0,""sanitisation"":0.0,""tetrahedral_chirality"":0.0}",998,102.47008189038264,0.5063341565915971,0.8578000336903787,6.0,0.6012024048096193,0.7132670923327228,0.4168336673346693,3.5894646426713144,0.33617535672547505,0.0,1.0,0.10020040080160321,0.0,1.0,1.0,1.0,0.0,1.0,0.10020040080160321,0.0,1.0,1.0,1.0,0.0,1.0,0.10020040080160321,0.0,1.0,1.0,1.0,0.0,998,87.72251787473415,247.2220502538082,98.18937499243604,11.626565841826094,0.11257036185054724,0.5894191410586531,1.0,1.0,1.0,1.0,0.15160548730980763,0.607144765666922,1.0,1.0,1.0,1.0,1000,0,0,0,0,0,1000,0,0,0,0,998,1000,1000,core
3bgz_3bgz_conf0,generation,torsional_diffusion_raw,dynamic,,torsional_diffusion_raw_dynamic,Torsional Diffusion,torsional_diffusion_raw_dynamic,3,24,46,0.7,46,46,0,1.0,46,46,0,1.0,"{""all_atoms_connected"":0,""bond_angles"":0,""bond_lengths"":0,""bonds"":0,""double_bond_stereochemistry"":0,""energy_ratio"":0,""file_loads"":0,""inchi_convertible"":0,""internal_steric_clash"":0,""molecular_formula"":0,""no_radicals"":0,""planar_aromatic_rings"":0,""planar_double_bonds"":0,""reference_file_loads"":0,""sanitisation"":0,""tetrahedral_chirality"":0}","{""all_atoms_connected"":0.0,""bond_angles"":0.0,""bond_lengths"":0.0,""bonds"":0.0,""double_bond_stereochemistry"":0.0,""energy_ratio"":0.0,""file_loads"":0.0,""inchi_convertible"":0.0,""internal_steric_clash"":0.0,""molecular_formula"":0.0,""no_radicals"":0.0,""planar_aromatic_rings"":0.0,""planar_double_bonds"":0.0,""reference_file_loads"":0.0,""sanitisation"":0.0,""tetrahedral_chirality"":0.0}",46,100.4313134177866,0.5196600455569255,0.8620613070597853,4.0,8.695652173913043,0.6981653525346713,0.5217391304347826,2.632312378729241,0.43005671077504726,0.25,1.0,2.1739130434782608,0.0,1.0,1.0,1.0,0.0,1.0,2.1739130434782608,0.0,1.0,1.0,1.0,0.0,1.0,2.1739130434782608,0.0,1.0,1.0,1.0,0.0,46,89.5958574867656,189.3060147887133,98.35881510127015,16.629378266036493,0.12766322983045533,0.6372309790094419,1.0,1.0,1.0,1.0,0.16227481019061363,0.653831524407415,1.0,1.0,1.0,1.0,1000,0,0,0,0,0,46,0,0,0,0,46,46,46,core
3bgz_3bgz_conf0,generation,torsional_diffusion_raw,chembl_count,,torsional_diffusion_raw_chembl_count,Torsional Diffusion,torsional_diffusion_raw_chembl_count,3,24,10,0.7,10,10,0,1.0,10,10,0,1.0,"{""all_atoms_connected"":0,""bond_angles"":0,""bond_lengths"":0,""bonds"":0,""double_bond_stereochemistry"":0,""energy_ratio"":0,""file_loads"":0,""inchi_convertible"":0,""internal_steric_clash"":0,""molecular_formula"":0,""no_radicals"":0,""planar_aromatic_rings"":0,""planar_double_bonds"":0,""reference_file_loads"":0,""sanitisation"":0,""tetrahedral_chirality"":0}","{""all_atoms_connected"":0.0,""bond_angles"":0.0,""bond_lengths"":0.0,""bonds"":0.0,""double_bond_stereochemistry"":0.0,""energy_ratio"":0.0,""file_loads"":0.0,""inchi_convertible"":0.0,""internal_steric_clash"":0.0,""molecular_formula"":0.0,""no_radicals"":0.0,""planar_aromatic_rings"":0.0,""planar_double_bonds"":0.0,""reference_file_loads"":0.0,""sanitisation"":0.0,""tetrahedral_chirality"":0.0}",10,81.0154202194274,0.47795338893414197,0.8695282808794802,3.0,30.0,0.7298466991620974,0.7,2.229591873920416,0.5399999999999999,0.3333333333333333,1.0,10.0,0.0,1.0,1.0,1.0,0.0,1.0,10.0,0.0,1.0,1.0,1.0,0.0,1.0,10.0,0.0,1.0,1.0,1.0,0.0,10,92.1253224702234,101.50137416710896,96.68804916265209,2.8176618543537773,0.15115917261085043,0.8764313809384332,1.0,1.0,1.0,1.0,0.1799702230384291,0.8836297712623029,1.0,1.0,1.0,1.0,1000,0,0,0,0,0,10,0,0,0,0,10,10,10,core
3cj4_3cj4_conf0,generation,torsional_diffusion_raw,fixed,,torsional_diffusion_raw_fixed,Torsional Diffusion,torsional_diffusion_raw_fixed,5,25,695,0.7,695,551,144,0.7928057553956834,1000,695,305,0.695,"{""all_atoms_connected"":0,""bond_angles"":0,""bond_lengths"":0,""bonds"":0,""double_bond_stereochemistry"":0,""energy_ratio"":147,""file_loads"":0,""inchi_convertible"":0,""internal_steric_clash"":278,""molecular_formula"":0,""no_radicals"":0,""planar_aromatic_rings"":0,""planar_double_bonds"":0,""reference_file_loads"":0,""sanitisation"":0,""tetrahedral_chirality"":0}","{""all_atoms_connected"":0.0,""bond_angles"":0.0,""bond_lengths"":0.0,""bonds"":0.0,""double_bond_stereochemistry"":0.0,""energy_ratio"":0.147,""file_loads"":0.0,""inchi_convertible"":0.0,""internal_steric_clash"":0.278,""molecular_formula"":0.0,""no_radicals"":0.0,""planar_aromatic_rings"":0.0,""planar_double_bonds"":0.0,""reference_file_loads"":0.0,""sanitisation"":0.0,""tetrahedral_chirality"":0.0}",695,88.03922202161695,1.7180249217599892,2.2334649379796767,600.0,86.33093525179856,0.9906380067033919,0.007194244604316547,565.1220031785363,0.0019357176129599918,0.875,108.0,15.53956834532374,0.8620163689965592,0.07194244604316546,56.60366634762416,0.02662181046529683,0.3333333333333333,5.0,0.7194244604316546,0.7197970886446297,0.5899280575539568,3.1850523449503654,0.40977382123078515,0.0,1.0,0.14388489208633093,0.0,1.0,1.0,1.0,0.0,695,41.3648156730252,16932.509799347812,103.43428832896177,875.2061071466234,0.7249992260750514,1.8600060739159137,0.0,0.0,1.0,1.0,0.7354023349555278,1.8481112900875623,0.0,0.0,1.0,1.0,1000,0,0,0,0,0,1000,0,0,0,0,695,1000,1000,core
3cj4_3cj4_conf0,generation,torsional_diffusion_raw,dynamic,,torsional_diffusion_raw_dynamic,Torsional Diffusion,torsional_diffusion_raw_dynamic,5,25,66,0.7,66,56,10,0.8484848484848485,90,66,24,0.7333333333333333,"{""all_atoms_connected"":0,""bond_angles"":0,""bond_lengths"":0,""bonds"":0,""double_bond_stereochemistry"":0,""energy_ratio"":13,""file_loads"":0,""inchi_convertible"":0,""internal_steric_clash"":24,""molecular_formula"":0,""no_radicals"":0,""planar_aromatic_rings"":0,""planar_double_bonds"":0,""reference_file_loads"":0,""sanitisation"":0,""tetrahedral_chirality"":0}","{""all_atoms_connected"":0.0,""bond_angles"":0.0,""bond_lengths"":0.0,""bonds"":0.0,""double_bond_stereochemistry"":0.0,""energy_ratio"":0.14444444444444443,""file_loads"":0.0,""inchi_convertible"":0.0,""internal_steric_clash"":0.26666666666666666,""molecular_formula"":0.0,""no_radicals"":0.0,""planar_aromatic_rings"":0.0,""planar_double_bonds"":0.0,""reference_file_loads"":0.0,""sanitisation"":0.0,""tetrahedral_chirality"":0.0}",66,88.2361452897501,1.6793103925712978,2.2410331504784997,61.0,92.42424242424242,0.9916880387141606,0.045454545454545456,58.95087321984566,0.017906336088154277,0.9344262295081968,29.0,43.93939393939394,0.9094311278822595,0.13636363636363635,21.377172446403954,0.062442607897153335,0.5172413793103449,3.0,4.545454545454546,0.9253803424410587,0.5303030303030303,2.763876479578601,0.391643709825528,0.0,1.0,1.5151515151515151,0.0,1.0,1.0,1.0,0.0,66,53.975358844135805,1448.7110656173638,97.69457642962884,184.92517846118508,1.206059130360915,1.8934517605080274,0.0,0.0,0.0,1.0,0.7354023349555278,1.977310576174344,0.0,0.0,1.0,1.0,1000,0,0,0,0,0,90,0,0,0,0,66,90,90,core
3cj4_3cj4_conf0,generation,torsional_diffusion_raw,chembl_count,,torsional_diffusion_raw_chembl_count,Torsional Diffusion,torsional_diffusion_raw_chembl_count,5,25,135,0.7,135,107,28,0.7925925925925926,199,135,64,0.678391959798995,"{""all_atoms_connected"":0,""bond_angles"":0,""bond_lengths"":0,""bonds"":0,""double_bond_stereochemistry"":0,""energy_ratio"":29,""file_loads"":0,""inchi_convertible"":0,""internal_steric_clash"":60,""molecular_formula"":0,""no_radicals"":0,""planar_aromatic_rings"":0,""planar_double_bonds"":0,""reference_file_loads"":0,""sanitisation"":0,""tetrahedral_chirality"":0}","{""all_atoms_connected"":0.0,""bond_angles"":0.0,""bond_lengths"":0.0,""bonds"":0.0,""double_bond_stereochemistry"":0.0,""energy_ratio"":0.1457286432160804,""file_loads"":0.0,""inchi_convertible"":0.0,""internal_steric_clash"":0.3015075376884422,""molecular_formula"":0.0,""no_radicals"":0.0,""planar_aromatic_rings"":0.0,""planar_double_bonds"":0.0,""reference_file_loads"":0.0,""sanitisation"":0.0,""tetrahedral_chirality"":0.0}",135,88.77024695958136,1.7213388603732247,2.256292367737394,127.0,94.07407407407408,0.9948517683759237,0.022222222222222223,123.87191513679662,0.008395061728395062,0.9448818897637795,47.0,34.81481481481482,0.8375200002618582,0.17777777777777778,25.142901756622873,0.07599451303155011,0.5106382978723404,3.0,2.2222222222222223,0.9086574034278312,0.4962962962962963,2.713562072222569,0.39467764060356647,0.0,1.0,0.7407407407407407,0.0,1.0,1.0,1.0,0.0,135,41.3648156730252,4975.830628037083,97.35972452988648,728.2724580753118,0.939657367070987,1.851021755823058,0.0,0.0,0.0,1.0,0.8936458323417849,1.8429173256198075,0.0,0.0,0.0,1.0,1000,0,0,0,0,0,199,0,0,0,0,135,199,199,core
3dd0_3dd0_conf0,generation,torsional_diffusion_raw,fixed,,torsional_diffusion_raw_fixed,Torsional Diffusion,torsional_diffusion_raw_fixed,4,16,1000,0.7,1000,1000,0,1.0,1000,1000,0,1.0,"{""all_atoms_connected"":0,""bond_angles"":0,""bond_lengths"":0,""bonds"":0,""double_bond_stereochemistry"":0,""energy_ratio"":0,""file_loads"":0,""inchi_convertible"":0,""internal_steric_clash"":0,""molecular_formula"":0,""no_radicals"":0,""planar_aromatic_rings"":0,""planar_double_bonds"":0,""reference_file_loads"":0,""sanitisation"":0,""tetrahedral_chirality"":0}","{""all_atoms_connected"":0.0,""bond_angles"":0.0,""bond_lengths"":0.0,""bonds"":0.0,""double_bond_stereochemistry"":0.0,""energy_ratio"":0.0,""file_loads"":0.0,""inchi_convertible"":0.0,""internal_steric_clash"":0.0,""molecular_formula"":0.0,""no_radicals"":0.0,""planar_aromatic_rings"":0.0,""planar_double_bonds"":0.0,""reference_file_loads"":0.0,""sanitisation"":0.0,""tetrahedral_chirality"":0.0}",1000,107.03934435125271,0.9123429304205308,1.228626520784246,32.0,3.2,0.9577797624090914,0.056,27.644083024097142,0.039167999999999994,0.0,5.0,0.5,0.9805915721835339,0.268,4.846230822857439,0.211998,0.0,1.0,0.1,0.0,1.0,1.0,1.0,0.0,1.0,0.1,0.0,1.0,1.0,1.0,0.0,1000,37.419791127885915,104.15623801037735,73.26562370536061,13.114164044573537,0.18929031120540918,0.9668491159282995,1.0,1.0,1.0,1.0,0.1830977410896859,0.9920097831500373,1.0,1.0,1.0,1.0,1000,0,0,0,0,0,1000,0,0,0,0,1000,1000,1000,core
3dd0_3dd0_conf0,generation,torsional_diffusion_raw,dynamic,,torsional_diffusion_raw_dynamic,Torsional Diffusion,torsional_diffusion_raw_dynamic,4,16,68,0.7,68,68,0,1.0,68,68,0,1.0,"{""all_atoms_connected"":0,""bond_angles"":0,""bond_lengths"":0,""bonds"":0,""double_bond_stereochemistry"":0,""energy_ratio"":0,""file_loads"":0,""inchi_convertible"":0,""internal_steric_clash"":0,""molecular_formula"":0,""no_radicals"":0,""planar_aromatic_rings"":0,""planar_double_bonds"":0,""reference_file_loads"":0,""sanitisation"":0,""tetrahedral_chirality"":0}","{""all_atoms_connected"":0.0,""bond_angles"":0.0,""bond_lengths"":0.0,""bonds"":0.0,""double_bond_stereochemistry"":0.0,""energy_ratio"":0.0,""file_loads"":0.0,""inchi_convertible"":0.0,""internal_steric_clash"":0.0,""molecular_formula"":0.0,""no_radicals"":0.0,""planar_aromatic_rings"":0.0,""planar_double_bonds"":0.0,""reference_file_loads"":0.0,""sanitisation"":0.0,""tetrahedral_chirality"":0.0}",68,103.09512499052866,0.9313060099229312,1.2324610689859579,18.0,26.470588235294116,0.9628526795304932,0.10294117647058823,16.16748605700807,0.06704152249134948,0.1111111111111111,4.0,5.882352941176471,0.861096850706045,0.45588235294117646,3.299377150916525,0.33780276816608995,0.0,1.0,1.4705882352941178,0.0,1.0,1.0,1.0,0.0,1.0,1.4705882352941178,0.0,1.0,1.0,1.0,0.0,68,42.70660707871156,96.30302817385547,73.02885575054056,13.066790777834797,0.333717212326875,0.9395577879065474,0.0,1.0,1.0,1.0,0.22611246121207107,0.9288726171973412,1.0,1.0,1.0,1.0,1000,0,0,0,0,0,68,0,0,0,0,68,68,68,core
3dd0_3dd0_conf0,generation,torsional_diffusion_raw,chembl_count,,torsional_diffusion_raw_chembl_count,Torsional Diffusion,torsional_diffusion_raw_chembl_count,4,16,51,0.7,51,51,0,1.0,51,51,0,1.0,"{""all_atoms_connected"":0,""bond_angles"":0,""bond_lengths"":0,""bonds"":0,""double_bond_stereochemistry"":0,""energy_ratio"":0,""file_loads"":0,""inchi_convertible"":0,""internal_steric_clash"":0,""molecular_formula"":0,""no_radicals"":0,""planar_aromatic_rings"":0,""planar_double_bonds"":0,""reference_file_loads"":0,""sanitisation"":0,""tetrahedral_chirality"":0}","{""all_atoms_connected"":0.0,""bond_angles"":0.0,""bond_lengths"":0.0,""bonds"":0.0,""double_bond_stereochemistry"":0.0,""energy_ratio"":0.0,""file_loads"":0.0,""inchi_convertible"":0.0,""internal_steric_clash"":0.0,""molecular_formula"":0.0,""no_radicals"":0.0,""planar_aromatic_rings"":0.0,""planar_double_bonds"":0.0,""reference_file_loads"":0.0,""sanitisation"":0.0,""tetrahedral_chirality"":0.0}",51,99.74982420029473,0.9306927339871521,1.2324212048358485,19.0,37.254901960784316,0.9315257591254072,0.1568627450980392,15.530731761423503,0.07650903498654364,0.3157894736842105,3.0,5.882352941176471,0.7882119656701659,0.6078431372549019,2.377238099808863,0.47404844290657433,0.0,1.0,1.9607843137254901,0.0,1.0,1.0,1.0,0.0,1.0,1.9607843137254901,0.0,1.0,1.0,1.0,0.0,51,37.873444055153485,90.81650624170268,72.58011651892878,13.66473524183368,0.2872422686137362,0.9758267475343818,0.0,1.0,1.0,1.0,0.19583088371446747,0.9927812533342625,1.0,1.0,1.0,1.0,1000,0,0,0,0,0,51,0,0,0,0,51,51,51,core
3e92_3e92_conf0,generation,torsional_diffusion_raw,fixed,,torsional_diffusion_raw_fixed,Torsional Diffusion,torsional_diffusion_raw_fixed,4,26,958,0.7,958,954,4,0.9958246346555324,1000,958,42,0.958,"{""all_atoms_connected"":0,""bond_angles"":0,""bond_lengths"":0,""bonds"":0,""double_bond_stereochemistry"":0,""energy_ratio"":0,""file_loads"":0,""inchi_convertible"":0,""internal_steric_clash"":42,""molecular_formula"":0,""no_radicals"":0,""planar_aromatic_rings"":0,""planar_double_bonds"":0,""reference_file_loads"":0,""sanitisation"":0,""tetrahedral_chirality"":0}","{""all_atoms_connected"":0.0,""bond_angles"":0.0,""bond_lengths"":0.0,""bonds"":0.0,""double_bond_stereochemistry"":0.0,""energy_ratio"":0.0,""file_loads"":0.0,""inchi_convertible"":0.0,""internal_steric_clash"":0.042,""molecular_formula"":0.0,""no_radicals"":0.0,""planar_aromatic_rings"":0.0,""planar_double_bonds"":0.0,""reference_file_loads"":0.0,""sanitisation"":0.0,""tetrahedral_chirality"":0.0}",958,114.22078145471238,1.4538747870330808,1.9264468910235113,98.0,10.22964509394572,0.9321005337688718,0.03653444676409186,71.78321211649181,0.01709589829193562,0.11224489795918367,18.0,1.8789144050104385,0.9293572147253271,0.11064718162839249,14.675623417880411,0.07767574234770595,0.0,2.0,0.20876826722338204,0.9812784884416088,0.5803757828810021,1.9742141444153916,0.512920532947468,0.0,1.0,0.10438413361169102,0.0,1.0,1.0,1.0,0.0,958,92.07959096043788,164.020926277381,106.27509906322703,8.324303193188303,0.27860404791480375,1.4581520914161628,0.0,1.0,1.0,1.0,0.24769387118584774,1.4462589884005885,1.0,1.0,1.0,1.0,1000,0,0,0,0,0,1000,0,0,0,0,958,1000,1000,core
3e92_3e92_conf0,generation,torsional_diffusion_raw,dynamic,,torsional_diffusion_raw_dynamic,Torsional Diffusion,torsional_diffusion_raw_dynamic,4,26,66,0.7,66,66,0,1.0,68,66,2,0.9705882352941176,"{""all_atoms_connected"":0,""bond_angles"":0,""bond_lengths"":0,""bonds"":0,""double_bond_stereochemistry"":0,""energy_ratio"":0,""file_loads"":0,""inchi_convertible"":0,""internal_steric_clash"":2,""molecular_formula"":0,""no_radicals"":0,""planar_aromatic_rings"":0,""planar_double_bonds"":0,""reference_file_loads"":0,""sanitisation"":0,""tetrahedral_chirality"":0}","{""all_atoms_connected"":0.0,""bond_angles"":0.0,""bond_lengths"":0.0,""bonds"":0.0,""double_bond_stereochemistry"":0.0,""energy_ratio"":0.0,""file_loads"":0.0,""inchi_convertible"":0.0,""internal_steric_clash"":0.029411764705882353,""molecular_formula"":0.0,""no_radicals"":0.0,""planar_aromatic_rings"":0.0,""planar_double_bonds"":0.0,""reference_file_loads"":0.0,""sanitisation"":0.0,""tetrahedral_chirality"":0.0}",66,117.80657625009246,1.401326080666185,1.8947456052841904,29.0,43.93939393939394,0.9346432727481796,0.09090909090909091,23.27128960178765,0.051423324150596875,0.4827586206896552,13.0,19.696969696969695,0.8891994132562261,0.15151515151515152,9.784029990959377,0.1152433425160698,0.3076923076923077,1.0,1.5151515151515151,0.0,1.0,1.0,1.0,0.0,1.0,1.5151515151515151,0.0,1.0,1.0,1.0,0.0,66,94.1369124421806,138.11066141144838,105.39788394074645,7.573495679578376,0.48788810027237245,1.4369763520729664,0.0,1.0,1.0,1.0,0.484618510623734,1.4411311730493241,0.0,1.0,1.0,1.0,1000,0,0,0,0,0,68,0,0,0,0,66,68,68,core
3e92_3e92_conf0,generation,torsional_diffusion_raw,chembl_count,,torsional_diffusion_raw_chembl_count,Torsional Diffusion,torsional_diffusion_raw_chembl_count,4,26,129,0.7,129,128,1,0.9922480620155039,134,129,5,0.9626865671641792,"{""all_atoms_connected"":0,""bond_angles"":0,""bond_lengths"":0,""bonds"":0,""double_bond_stereochemistry"":0,""energy_ratio"":0,""file_loads"":0,""inchi_convertible"":0,""internal_steric_clash"":5,""molecular_formula"":0,""no_radicals"":0,""planar_aromatic_rings"":0,""planar_double_bonds"":0,""reference_file_loads"":0,""sanitisation"":0,""tetrahedral_chirality"":0}","{""all_atoms_connected"":0.0,""bond_angles"":0.0,""bond_lengths"":0.0,""bonds"":0.0,""double_bond_stereochemistry"":0.0,""energy_ratio"":0.0,""file_loads"":0.0,""inchi_convertible"":0.0,""internal_steric_clash"":0.03731343283582089,""molecular_formula"":0.0,""no_radicals"":0.0,""planar_aromatic_rings"":0.0,""planar_double_bonds"":0.0,""reference_file_loads"":0.0,""sanitisation"":0.0,""tetrahedral_chirality"":0.0}",129,112.06296677705919,1.4650349433594891,1.9482435728558765,54.0,41.86046511627907,0.9426729905064388,0.06201550387596899,42.961635520764005,0.02866414277988102,0.4074074074074074,17.0,13.178294573643411,0.9109864597321389,0.14728682170542637,13.210592817776496,0.08959798089057149,0.058823529411764705,2.0,1.550387596899225,0.7824441294066888,0.7674418604651163,1.7200424009625528,0.6430502974580854,0.0,1.0,0.7751937984496124,0.0,1.0,1.0,1.0,0.0,129,95.9877847058857,164.020926277381,106.33544205751222,9.875571877064296,0.3008301813886713,1.4737956136949784,0.0,1.0,1.0,1.0,0.2963612947858872,1.4865041083320425,0.0,1.0,1.0,1.0,1000,0,0,0,0,0,134,0,0,0,0,129,134,134,core
3e93_3e93_conf0,generation,torsional_diffusion_raw,fixed,,torsional_diffusion_raw_fixed,Torsional Diffusion,torsional_diffusion_raw_fixed,5,37,474,0.7,474,274,200,0.5780590717299579,1000,474,526,0.474,"{""all_atoms_connected"":0,""bond_angles"":0,""bond_lengths"":0,""bonds"":0,""double_bond_stereochemistry"":0,""energy_ratio"":61,""file_loads"":0,""inchi_convertible"":0,""internal_steric_clash"":497,""molecular_formula"":0,""no_radicals"":0,""planar_aromatic_rings"":0,""planar_double_bonds"":0,""reference_file_loads"":0,""sanitisation"":0,""tetrahedral_chirality"":0}","{""all_atoms_connected"":0.0,""bond_angles"":0.0,""bond_lengths"":0.0,""bonds"":0.0,""double_bond_stereochemistry"":0.0,""energy_ratio"":0.061,""file_loads"":0.0,""inchi_convertible"":0.0,""internal_steric_clash"":0.497,""molecular_formula"":0.0,""no_radicals"":0.0,""planar_aromatic_rings"":0.0,""planar_double_bonds"":0.0,""reference_file_loads"":0.0,""sanitisation"":0.0,""tetrahedral_chirality"":0.0}",474,106.31725667398452,2.808108416941219,3.918096773422138,437.0,92.19409282700423,0.9936993447743537,0.008438818565400843,420.57618166310385,0.002536986594028734,0.9359267734553776,136.0,28.69198312236287,0.9175085898793447,0.06329113924050633,90.68600603832454,0.016672897861809897,0.3382352941176471,12.0,2.5316455696202533,0.8655779818055075,0.21518987341772153,8.592420546866553,0.13338318289447917,0.0,4.0,0.8438818565400844,0.7915519603523146,0.5189873417721519,2.9961376798938613,0.37577667396606673,0.0,474,175.71463500453538,43664.00484700581,218.56716949164326,2005.9903232828365,0.7207244828213711,3.2414591462144893,0.0,0.0,1.0,1.0,0.7168001511497822,3.2330306633498083,0.0,0.0,1.0,1.0,1000,0,0,0,0,0,1000,0,0,0,0,474,1000,1000,core
3e93_3e93_conf0,generation,torsional_diffusion_raw,dynamic,,torsional_diffusion_raw_dynamic,Torsional Diffusion,torsional_diffusion_raw_dynamic,5,37,41,0.7,41,28,13,0.6829268292682927,90,41,49,0.4555555555555555,"{""all_atoms_connected"":0,""bond_angles"":0,""bond_lengths"":0,""bonds"":0,""double_bond_stereochemistry"":0,""energy_ratio"":6,""file_loads"":0,""inchi_convertible"":0,""internal_steric_clash"":47,""molecular_formula"":0,""no_radicals"":0,""planar_aromatic_rings"":0,""planar_double_bonds"":0,""reference_file_loads"":0,""sanitisation"":0,""tetrahedral_chirality"":0}","{""all_atoms_connected"":0.0,""bond_angles"":0.0,""bond_lengths"":0.0,""bonds"":0.0,""double_bond_stereochemistry"":0.0,""energy_ratio"":0.06666666666666667,""file_loads"":0.0,""inchi_convertible"":0.0,""internal_steric_clash"":0.5222222222222223,""molecular_formula"":0.0,""no_radicals"":0.0,""planar_aromatic_rings"":0.0,""planar_double_bonds"":0.0,""reference_file_loads"":0.0,""sanitisation"":0.0,""tetrahedral_chirality"":0.0}",41,102.84519348030369,2.730602084411475,3.8747443221424334,41.0,100.0,1.0,0.024390243902439025,41.00000000000001,0.024390243902439025,1.0,28.0,68.29268292682927,0.9565638371925057,0.12195121951219512,24.226966539019468,0.049375371802498506,0.7142857142857143,7.0,17.073170731707318,0.9259842643205676,0.34146341463414637,6.0610446990565015,0.19333729922665083,0.0,3.0,7.317073170731708,0.9700941976167228,0.4146341463414634,2.9030369311119046,0.35395597858417605,0.0,41,186.5046177937237,534.677757079353,212.885363896061,72.9991258830707,0.7207244828213711,3.323765059708915,0.0,0.0,1.0,1.0,0.7168001511497822,3.305110863297857,0.0,0.0,1.0,1.0,1000,0,0,0,0,0,90,0,0,0,0,41,90,90,core
3e93_3e93_conf0,generation,torsional_diffusion_raw,chembl_count,,torsional_diffusion_raw_chembl_count,Torsional Diffusion,torsional_diffusion_raw_chembl_count,5,37,97,0.7,97,65,32,0.6701030927835051,200,97,103,0.485,"{""all_atoms_connected"":0,""bond_angles"":0,""bond_lengths"":0,""bonds"":0,""double_bond_stereochemistry"":0,""energy_ratio"":15,""file_loads"":0,""inchi_convertible"":0,""internal_steric_clash"":97,""molecular_formula"":0,""no_radicals"":0,""planar_aromatic_rings"":0,""planar_double_bonds"":0,""reference_file_loads"":0,""sanitisation"":0,""tetrahedral_chirality"":0}","{""all_atoms_connected"":0.0,""bond_angles"":0.0,""bond_lengths"":0.0,""bonds"":0.0,""double_bond_stereochemistry"":0.0,""energy_ratio"":0.075,""file_loads"":0.0,""inchi_convertible"":0.0,""internal_steric_clash"":0.485,""molecular_formula"":0.0,""no_radicals"":0.0,""planar_aromatic_rings"":0.0,""planar_double_bonds"":0.0,""reference_file_loads"":0.0,""sanitisation"":0.0,""tetrahedral_chirality"":0.0}",97,106.09841976382768,2.7719610950649045,3.8511334000822455,95.0,97.9381443298969,0.9982983066581085,0.020618556701030927,94.26666141224305,0.010734403230949093,0.9789473684210527,53.0,54.63917525773196,0.9586658189238145,0.08247422680412371,44.97843481952913,0.026889148687426933,0.5094339622641509,11.0,11.34020618556701,0.9325823822595128,0.1958762886597938,9.358030820353347,0.11765331066000637,0.09090909090909091,4.0,4.123711340206185,0.7294571845595815,0.5876288659793815,2.7490142191024574,0.4301200977787225,0.0,97,175.71463500453538,43664.00484700581,213.34740877906185,4387.23623022278,0.8051413293140858,3.2017972805212476,0.0,0.0,0.0,1.0,0.8083595078342445,3.1903794074161977,0.0,0.0,0.0,1.0,1000,0,0,0,0,0,200,0,0,0,0,97,200,200,core
3ehy_3ehy_conf0,generation,torsional_diffusion_raw,fixed,,torsional_diffusion_raw_fixed,Torsional Diffusion,torsional_diffusion_raw_fixed,5,17,914,0.7,914,909,5,0.9945295404814004,1000,914,86,0.914,"{""all_atoms_connected"":0,""bond_angles"":0,""bond_lengths"":0,""bonds"":0,""double_bond_stereochemistry"":0,""energy_ratio"":25,""file_loads"":0,""inchi_convertible"":0,""internal_steric_clash"":84,""molecular_formula"":0,""no_radicals"":0,""planar_aromatic_rings"":0,""planar_double_bonds"":0,""reference_file_loads"":0,""sanitisation"":0,""tetrahedral_chirality"":0}","{""all_atoms_connected"":0.0,""bond_angles"":0.0,""bond_lengths"":0.0,""bonds"":0.0,""double_bond_stereochemistry"":0.0,""energy_ratio"":0.025,""file_loads"":0.0,""inchi_convertible"":0.0,""internal_steric_clash"":0.084,""molecular_formula"":0.0,""no_radicals"":0.0,""planar_aromatic_rings"":0.0,""planar_double_bonds"":0.0,""reference_file_loads"":0.0,""sanitisation"":0.0,""tetrahedral_chirality"":0.0}",914,107.85730163866398,1.2071633572460818,1.6827584470396206,132.0,14.442013129102845,0.8373706378434862,0.09737417943107221,59.66317288030542,0.030531628114091998,0.3484848484848485,15.0,1.6411378555798688,0.8527584743193624,0.25054704595185995,10.067503464516191,0.13079066694118718,0.0,2.0,0.2188183807439825,0.9991156160204324,0.5175054704595186,1.9987743591784164,0.5006128829920181,0.0,1.0,0.10940919037199125,0.0,1.0,1.0,1.0,0.0,914,50.23132777891183,913.7320540625564,78.49897099070179,42.760343936334294,0.3893445166604543,0.9400731538109217,0.0,1.0,1.0,1.0,0.34028755315803183,0.9593527731310321,0.0,1.0,1.0,1.0,1000,0,0,0,0,0,1000,0,0,0,0,914,1000,1000,core
3ehy_3ehy_conf0,generation,torsional_diffusion_raw,dynamic,,torsional_diffusion_raw_dynamic,Torsional Diffusion,torsional_diffusion_raw_dynamic,5,17,81,0.7,81,81,0,1.0,90,81,9,0.9,"{""all_atoms_connected"":0,""bond_angles"":0,""bond_lengths"":0,""bonds"":0,""double_bond_stereochemistry"":0,""energy_ratio"":2,""file_loads"":0,""inchi_convertible"":0,""internal_steric_clash"":8,""molecular_formula"":0,""no_radicals"":0,""planar_aromatic_rings"":0,""planar_double_bonds"":0,""reference_file_loads"":0,""sanitisation"":0,""tetrahedral_chirality"":0}","{""all_atoms_connected"":0.0,""bond_angles"":0.0,""bond_lengths"":0.0,""bonds"":0.0,""double_bond_stereochemistry"":0.0,""energy_ratio"":0.022222222222222223,""file_loads"":0.0,""inchi_convertible"":0.0,""internal_steric_clash"":0.08888888888888889,""molecular_formula"":0.0,""no_radicals"":0.0,""planar_aromatic_rings"":0.0,""planar_double_bonds"":0.0,""reference_file_loads"":0.0,""sanitisation"":0.0,""tetrahedral_chirality"":0.0}",81,110.18308365080824,1.1704161182918857,1.7036169323533699,36.0,44.44444444444444,0.9125135593062137,0.12345679012345678,26.311592495662353,0.05105928974241733,0.5555555555555556,10.0,12.345679012345679,0.7354497382625852,0.5185185185185185,5.438131915296262,0.30071635421429654,0.1,2.0,2.4691358024691357,0.33426813256179383,0.9382716049382716,1.260737684627447,0.8841639993903367,0.0,1.0,1.2345679012345678,0.0,1.0,1.0,1.0,0.0,81,53.766519529790024,146.83285898087553,81.59227224491406,21.30908542208531,0.3981062311010361,0.8497673370324178,0.0,1.0,1.0,1.0,0.446443174087181,0.8817660964713926,0.0,1.0,1.0,1.0,1000,0,0,0,0,0,90,0,0,0,0,81,90,90,core
3ehy_3ehy_conf0,generation,torsional_diffusion_raw,chembl_count,,torsional_diffusion_raw_chembl_count,Torsional Diffusion,torsional_diffusion_raw_chembl_count,5,17,24,0.7,24,24,0,1.0,25,24,1,0.96,"{""all_atoms_connected"":0,""bond_angles"":0,""bond_lengths"":0,""bonds"":0,""double_bond_stereochemistry"":0,""energy_ratio"":0,""file_loads"":0,""inchi_convertible"":0,""internal_steric_clash"":1,""molecular_formula"":0,""no_radicals"":0,""planar_aromatic_rings"":0,""planar_double_bonds"":0,""reference_file_loads"":0,""sanitisation"":0,""tetrahedral_chirality"":0}","{""all_atoms_connected"":0.0,""bond_angles"":0.0,""bond_lengths"":0.0,""bonds"":0.0,""double_bond_stereochemistry"":0.0,""energy_ratio"":0.0,""file_loads"":0.0,""inchi_convertible"":0.0,""internal_steric_clash"":0.04,""molecular_formula"":0.0,""no_radicals"":0.0,""planar_aromatic_rings"":0.0,""planar_double_bonds"":0.0,""reference_file_loads"":0.0,""sanitisation"":0.0,""tetrahedral_chirality"":0.0}",24,109.02925635979189,1.2299312901895558,1.806333472743411,18.0,75.0,0.9645389803133232,0.125,16.24647932026295,0.06944444444444443,0.7777777777777778,6.0,25.0,0.8704188162777186,0.375,4.756828460010884,0.2465277777777778,0.16666666666666666,1.0,4.166666666666667,0.0,1.0,1.0,1.0,0.0,1.0,4.166666666666667,0.0,1.0,1.0,1.0,0.0,24,61.00923154510241,145.75894815606034,81.57507577616025,23.253020448159628,0.5297374280345514,0.8137837437251567,0.0,0.0,1.0,1.0,0.5010627086594701,0.8546851996209134,0.0,0.0,1.0,1.0,1000,0,0,0,0,0,25,0,0,0,0,24,25,25,core
3fcq_3fcq_conf0,generation,torsional_diffusion_raw,fixed,,torsional_diffusion_raw_fixed,Torsional Diffusion,torsional_diffusion_raw_fixed,2,14,946,0.7,946,941,5,0.9947145877378436,1000,946,54,0.946,"{""all_atoms_connected"":0,""bond_angles"":0,""bond_lengths"":0,""bonds"":0,""double_bond_stereochemistry"":0,""energy_ratio"":24,""file_loads"":0,""inchi_convertible"":0,""internal_steric_clash"":53,""molecular_formula"":0,""no_radicals"":0,""planar_aromatic_rings"":0,""planar_double_bonds"":0,""reference_file_loads"":0,""sanitisation"":0,""tetrahedral_chirality"":0}","{""all_atoms_connected"":0.0,""bond_angles"":0.0,""bond_lengths"":0.0,""bonds"":0.0,""double_bond_stereochemistry"":0.0,""energy_ratio"":0.024,""file_loads"":0.0,""inchi_convertible"":0.0,""internal_steric_clash"":0.053,""molecular_formula"":0.0,""no_radicals"":0.0,""planar_aromatic_rings"":0.0,""planar_double_bonds"":0.0,""reference_file_loads"":0.0,""sanitisation"":0.0,""tetrahedral_chirality"":0.0}",946,114.14451099869389,0.8425149750825218,1.1338079962970078,17.0,1.7970401691331923,0.7815090374030044,0.273784355179704,9.153916616953245,0.1454862802765846,0.11764705882352941,4.0,0.42283298097251587,0.8531423380597655,0.427061310782241,3.2631938112285512,0.344832364154848,0.0,1.0,0.10570824524312897,0.0,1.0,1.0,1.0,0.0,1.0,0.10570824524312897,0.0,1.0,1.0,1.0,0.0,946,61.07115187576487,312.36346322650854,73.32748989929965,12.9598547665931,0.1323958169264267,0.9910557701138779,1.0,1.0,1.0,1.0,0.23922553445324368,0.964197943458827,1.0,1.0,1.0,1.0,1000,0,0,0,0,0,1000,0,0,0,0,946,1000,1000,core
3fcq_3fcq_conf0,generation,torsional_diffusion_raw,dynamic,,torsional_diffusion_raw_dynamic,Torsional Diffusion,torsional_diffusion_raw_dynamic,2,14,24,0.7,24,24,0,1.0,24,24,0,1.0,"{""all_atoms_connected"":0,""bond_angles"":0,""bond_lengths"":0,""bonds"":0,""double_bond_stereochemistry"":0,""energy_ratio"":0,""file_loads"":0,""inchi_convertible"":0,""internal_steric_clash"":0,""molecular_formula"":0,""no_radicals"":0,""planar_aromatic_rings"":0,""planar_double_bonds"":0,""reference_file_loads"":0,""sanitisation"":0,""tetrahedral_chirality"":0}","{""all_atoms_connected"":0.0,""bond_angles"":0.0,""bond_lengths"":0.0,""bonds"":0.0,""double_bond_stereochemistry"":0.0,""energy_ratio"":0.0,""file_loads"":0.0,""inchi_convertible"":0.0,""internal_steric_clash"":0.0,""molecular_formula"":0.0,""no_radicals"":0.0,""planar_aromatic_rings"":0.0,""planar_double_bonds"":0.0,""reference_file_loads"":0.0,""sanitisation"":0.0,""tetrahedral_chirality"":0.0}",24,114.42258195644006,0.8844420691242698,1.1455877805023473,8.0,33.333333333333336,0.9453462717537592,0.20833333333333334,7.140567883957052,0.1527777777777778,0.125,3.0,12.5,0.9206198357143047,0.5,2.749459273997205,0.3888888888888889,0.0,1.0,4.166666666666667,0.0,1.0,1.0,1.0,0.0,1.0,4.166666666666667,0.0,1.0,1.0,1.0,0.0,24,68.1021014638842,89.47513448899788,72.45143980865348,5.778350945419314,0.22571541333972625,1.0175768333918938,1.0,1.0,1.0,1.0,0.3215256794801406,0.9978613147500226,0.0,1.0,1.0,1.0,1000,0,0,0,0,0,24,0,0,0,0,24,24,24,core
3fcq_3fcq_conf0,generation,torsional_diffusion_raw,chembl_count,,torsional_diffusion_raw_chembl_count,Torsional Diffusion,torsional_diffusion_raw_chembl_count,2,14,1,0.7,1,1,0,1.0,2,1,1,0.5,"{""all_atoms_connected"":0,""bond_angles"":0,""bond_lengths"":0,""bonds"":0,""double_bond_stereochemistry"":0,""energy_ratio"":1,""file_loads"":0,""inchi_convertible"":0,""internal_steric_clash"":1,""molecular_formula"":0,""no_radicals"":0,""planar_aromatic_rings"":0,""planar_double_bonds"":0,""reference_file_loads"":0,""sanitisation"":0,""tetrahedral_chirality"":0}","{""all_atoms_connected"":0.0,""bond_angles"":0.0,""bond_lengths"":0.0,""bonds"":0.0,""double_bond_stereochemistry"":0.0,""energy_ratio"":0.5,""file_loads"":0.0,""inchi_convertible"":0.0,""internal_steric_clash"":0.5,""molecular_formula"":0.0,""no_radicals"":0.0,""planar_aromatic_rings"":0.0,""planar_double_bonds"":0.0,""reference_file_loads"":0.0,""sanitisation"":0.0,""tetrahedral_chirality"":0.0}",1,0.0,,,1.0,100.0,0.0,1.0,1.0,1.0,1.0,1.0,100.0,0.0,1.0,1.0,1.0,1.0,1.0,100.0,0.0,1.0,1.0,1.0,1.0,1.0,100.0,0.0,1.0,1.0,1.0,1.0,1,71.32143746050194,71.32143746050194,71.32143746050194,0.0,0.5981512430433973,0.5981512430433973,0.0,0.0,1.0,1.0,0.48293867935178947,0.48293867935178947,0.0,1.0,1.0,1.0,1000,0,0,0,0,0,2,0,0,0,0,1,2,2,core
3fur_3fur_conf0,generation,torsional_diffusion_raw,fixed,,torsional_diffusion_raw_fixed,Torsional Diffusion,torsional_diffusion_raw_fixed,5,31,987,0.7,987,980,7,0.9929078014184397,1000,987,13,0.987,"{""all_atoms_connected"":0,""bond_angles"":0,""bond_lengths"":0,""bonds"":0,""double_bond_stereochemistry"":0,""energy_ratio"":7,""file_loads"":0,""inchi_convertible"":0,""internal_steric_clash"":13,""molecular_formula"":0,""no_radicals"":0,""planar_aromatic_rings"":0,""planar_double_bonds"":0,""reference_file_loads"":0,""sanitisation"":0,""tetrahedral_chirality"":0}","{""all_atoms_connected"":0.0,""bond_angles"":0.0,""bond_lengths"":0.0,""bonds"":0.0,""double_bond_stereochemistry"":0.0,""energy_ratio"":0.007,""file_loads"":0.0,""inchi_convertible"":0.0,""internal_steric_clash"":0.013,""molecular_formula"":0.0,""no_radicals"":0.0,""planar_aromatic_rings"":0.0,""planar_double_bonds"":0.0,""reference_file_loads"":0.0,""sanitisation"":0.0,""tetrahedral_chirality"":0.0}",987,107.10925907206077,2.0346308675564044,2.739609153155329,357.0,36.170212765957444,0.9188046724663829,0.022289766970618033,221.51517555943425,0.007256441130851013,0.5238095238095238,93.0,9.422492401215806,0.8475342857036464,0.07193515704154002,46.596874767631626,0.03341617316913185,0.17204301075268819,7.0,0.7092198581560284,0.8750359143197294,0.3140830800405269,5.488973526039976,0.21099316443040173,0.0,2.0,0.20263424518743667,0.8084557936982765,0.75177304964539,1.7513358752450274,0.6267793370554802,0.0,987,52.60489343077603,1491.5164515547915,75.51066558480815,58.9239813232061,0.5326862237788091,1.81445742726198,0.0,0.0,1.0,1.0,0.519947688992023,1.810820803437229,0.0,0.0,1.0,1.0,1000,0,0,0,0,0,1000,0,0,0,0,987,1000,1000,core
3fur_3fur_conf0,generation,torsional_diffusion_raw,dynamic,,torsional_diffusion_raw_dynamic,Torsional Diffusion,torsional_diffusion_raw_dynamic,5,31,90,0.7,90,89,1,0.9888888888888889,90,90,0,1.0,"{""all_atoms_connected"":0,""bond_angles"":0,""bond_lengths"":0,""bonds"":0,""double_bond_stereochemistry"":0,""energy_ratio"":0,""file_loads"":0,""inchi_convertible"":0,""internal_steric_clash"":0,""molecular_formula"":0,""no_radicals"":0,""planar_aromatic_rings"":0,""planar_double_bonds"":0,""reference_file_loads"":0,""sanitisation"":0,""tetrahedral_chirality"":0}","{""all_atoms_connected"":0.0,""bond_angles"":0.0,""bond_lengths"":0.0,""bonds"":0.0,""double_bond_stereochemistry"":0.0,""energy_ratio"":0.0,""file_loads"":0.0,""inchi_convertible"":0.0,""internal_steric_clash"":0.0,""molecular_formula"":0.0,""no_radicals"":0.0,""planar_aromatic_rings"":0.0,""planar_double_bonds"":0.0,""reference_file_loads"":0.0,""sanitisation"":0.0,""tetrahedral_chirality"":0.0}",90,105.75112393367435,2.0409595566290943,2.7312051849595815,66.0,73.33333333333333,0.9706002063633763,0.044444444444444446,58.35119026283981,0.02,0.7727272727272727,31.0,34.44444444444444,0.9328724751823071,0.08888888888888889,24.617858705500964,0.04790123456790121,0.3870967741935484,4.0,4.444444444444445,0.9336997357571545,0.3888888888888889,3.6487428319394697,0.2920987654320988,0.0,2.0,2.2222222222222223,0.9480782435939054,0.6333333333333333,1.9293010006713525,0.5355555555555556,0.0,90,59.922593743809855,185.96161585031086,75.66021745945555,22.954416839981654,0.8303614482636463,1.9402035710154149,0.0,0.0,0.0,1.0,0.8286777330634203,1.9220875698891309,0.0,0.0,0.0,1.0,1000,0,0,0,0,0,90,0,0,0,0,90,90,90,core
3fur_3fur_conf0,generation,torsional_diffusion_raw,chembl_count,,torsional_diffusion_raw_chembl_count,Torsional Diffusion,torsional_diffusion_raw_chembl_count,5,31,84,0.7,84,84,0,1.0,86,84,2,0.9767441860465116,"{""all_atoms_connected"":0,""bond_angles"":0,""bond_lengths"":0,""bonds"":0,""double_bond_stereochemistry"":0,""energy_ratio"":1,""file_loads"":0,""inchi_convertible"":0,""internal_steric_clash"":2,""molecular_formula"":0,""no_radicals"":0,""planar_aromatic_rings"":0,""planar_double_bonds"":0,""reference_file_loads"":0,""sanitisation"":0,""tetrahedral_chirality"":0}","{""all_atoms_connected"":0.0,""bond_angles"":0.0,""bond_lengths"":0.0,""bonds"":0.0,""double_bond_stereochemistry"":0.0,""energy_ratio"":0.011627906976744186,""file_loads"":0.0,""inchi_convertible"":0.0,""internal_steric_clash"":0.023255813953488372,""molecular_formula"":0.0,""no_radicals"":0.0,""planar_aromatic_rings"":0.0,""planar_double_bonds"":0.0,""reference_file_loads"":0.0,""sanitisation"":0.0,""tetrahedral_chirality"":0.0}",84,110.70698098700397,2.001270732077299,2.734317047826858,64.0,76.19047619047619,0.9750890645021605,0.047619047619047616,57.70139875802347,0.019841269841269833,0.78125,36.0,42.857142857142854,0.8813746757131412,0.16666666666666666,23.533450681711656,0.06746031746031743,0.5555555555555556,5.0,5.9523809523809526,0.8467071086248562,0.44047619047619047,3.9068152238803653,0.3007369614512472,0.0,1.0,1.1904761904761905,0.0,1.0,1.0,1.0,0.0,84,52.60489343077603,139.50570082980667,77.02740539288726,14.861685270087714,0.5781110369764058,1.669173581753224,0.0,0.0,1.0,1.0,0.5593334529098255,1.6590233281710378,0.0,0.0,1.0,1.0,1000,0,0,0,0,0,86,0,0,0,0,84,86,86,core
3g2z_3g2z_conf0,generation,torsional_diffusion_raw,fixed,,torsional_diffusion_raw_fixed,Torsional Diffusion,torsional_diffusion_raw_fixed,2,13,980,0.7,980,980,0,1.0,1000,980,20,0.98,"{""all_atoms_connected"":0,""bond_angles"":0,""bond_lengths"":0,""bonds"":0,""double_bond_stereochemistry"":0,""energy_ratio"":20,""file_loads"":0,""inchi_convertible"":0,""internal_steric_clash"":0,""molecular_formula"":0,""no_radicals"":0,""planar_aromatic_rings"":0,""planar_double_bonds"":0,""reference_file_loads"":0,""sanitisation"":0,""tetrahedral_chirality"":0}","{""all_atoms_connected"":0.0,""bond_angles"":0.0,""bond_lengths"":0.0,""bonds"":0.0,""double_bond_stereochemistry"":0.0,""energy_ratio"":0.02,""file_loads"":0.0,""inchi_convertible"":0.0,""internal_steric_clash"":0.0,""molecular_formula"":0.0,""no_radicals"":0.0,""planar_aromatic_rings"":0.0,""planar_double_bonds"":0.0,""reference_file_loads"":0.0,""sanitisation"":0.0,""tetrahedral_chirality"":0.0}",980,121.77888610160879,0.8576976340694943,1.459012561262701,11.0,1.1224489795918366,0.6781905838089075,0.35,5.084669310174415,0.23983132028321533,0.09090909090909091,2.0,0.20408163265306123,0.9981214577227674,0.5255102040816326,1.99739748217906,0.5013015410245731,0.0,1.0,0.10204081632653061,0.0,1.0,1.0,1.0,0.0,1.0,0.10204081632653061,0.0,1.0,1.0,1.0,0.0,980,20.171831569672726,119.41775770683255,39.35677376369982,14.745551066198068,0.22352250587217962,1.1472094460323605,1.0,1.0,1.0,1.0,0.1865428492618891,1.1359279472003223,1.0,1.0,1.0,1.0,1000,0,0,0,0,0,1000,0,0,0,0,980,1000,1000,core
3g2z_3g2z_conf0,generation,torsional_diffusion_raw,dynamic,,torsional_diffusion_raw_dynamic,Torsional Diffusion,torsional_diffusion_raw_dynamic,2,13,24,0.7,24,24,0,1.0,24,24,0,1.0,"{""all_atoms_connected"":0,""bond_angles"":0,""bond_lengths"":0,""bonds"":0,""double_bond_stereochemistry"":0,""energy_ratio"":0,""file_loads"":0,""inchi_convertible"":0,""internal_steric_clash"":0,""molecular_formula"":0,""no_radicals"":0,""planar_aromatic_rings"":0,""planar_double_bonds"":0,""reference_file_loads"":0,""sanitisation"":0,""tetrahedral_chirality"":0}","{""all_atoms_connected"":0.0,""bond_angles"":0.0,""bond_lengths"":0.0,""bonds"":0.0,""double_bond_stereochemistry"":0.0,""energy_ratio"":0.0,""file_loads"":0.0,""inchi_convertible"":0.0,""internal_steric_clash"":0.0,""molecular_formula"":0.0,""no_radicals"":0.0,""planar_aromatic_rings"":0.0,""planar_double_bonds"":0.0,""reference_file_loads"":0.0,""sanitisation"":0.0,""tetrahedral_chirality"":0.0}",24,118.67572816819795,0.8958704103881299,1.4146531777895275,4.0,16.666666666666668,0.8330281710895306,0.4583333333333333,3.1734593047917867,0.3506944444444444,0.25,3.0,12.5,0.8394416374929575,0.4583333333333333,2.5148694623574257,0.42708333333333326,0.0,1.0,4.166666666666667,0.0,1.0,1.0,1.0,0.0,1.0,4.166666666666667,0.0,1.0,1.0,1.0,0.0,24,27.89741866598827,84.00066262345749,39.0455901338713,12.13463560267923,0.3509503802886797,0.6160500446679462,0.0,1.0,1.0,1.0,0.30293834843092166,0.7344655848832677,0.0,1.0,1.0,1.0,1000,0,0,0,0,0,24,0,0,0,0,24,24,24,core
3g2z_3g2z_conf0,generation,torsional_diffusion_raw,chembl_count,,torsional_diffusion_raw_chembl_count,Torsional Diffusion,torsional_diffusion_raw_chembl_count,2,13,6,0.7,6,6,0,1.0,6,6,0,1.0,"{""all_atoms_connected"":0,""bond_angles"":0,""bond_lengths"":0,""bonds"":0,""double_bond_stereochemistry"":0,""energy_ratio"":0,""file_loads"":0,""inchi_convertible"":0,""internal_steric_clash"":0,""molecular_formula"":0,""no_radicals"":0,""planar_aromatic_rings"":0,""planar_double_bonds"":0,""reference_file_loads"":0,""sanitisation"":0,""tetrahedral_chirality"":0}","{""all_atoms_connected"":0.0,""bond_angles"":0.0,""bond_lengths"":0.0,""bonds"":0.0,""double_bond_stereochemistry"":0.0,""energy_ratio"":0.0,""file_loads"":0.0,""inchi_convertible"":0.0,""internal_steric_clash"":0.0,""molecular_formula"":0.0,""no_radicals"":0.0,""planar_aromatic_rings"":0.0,""planar_double_bonds"":0.0,""reference_file_loads"":0.0,""sanitisation"":0.0,""tetrahedral_chirality"":0.0}",6,116.42679083854725,0.899143625496249,1.397672805921274,2.0,33.333333333333336,0.9182958340544894,0.6666666666666666,1.8898815748423097,0.5555555555555556,0.0,2.0,33.333333333333336,0.9182958340544894,0.6666666666666666,1.8898815748423097,0.5555555555555556,0.0,1.0,16.666666666666668,0.0,1.0,1.0,1.0,0.0,1.0,16.666666666666668,0.0,1.0,1.0,1.0,0.0,6,24.54710793594041,50.18292736316299,32.765072787012265,9.234359747043944,0.3058069028151277,1.1710605972755803,0.0,1.0,1.0,1.0,0.3756445195912413,1.2280343178637163,0.0,1.0,1.0,1.0,1000,0,0,0,0,0,6,0,0,0,0,6,6,6,core
3g31_3g31_conf0,generation,torsional_diffusion_raw,fixed,,torsional_diffusion_raw_fixed,Torsional Diffusion,torsional_diffusion_raw_fixed,2,17,0,0.7,0,0,0,,1000,0,1000,0.0,"{""all_atoms_connected"":0,""bond_angles"":0,""bond_lengths"":0,""bonds"":0,""double_bond_stereochemistry"":0,""energy_ratio"":0,""file_loads"":0,""inchi_convertible"":0,""internal_steric_clash"":4,""molecular_formula"":0,""no_radicals"":0,""planar_aromatic_rings"":0,""planar_double_bonds"":0,""reference_file_loads"":0,""sanitisation"":0,""tetrahedral_chirality"":1000}","{""all_atoms_connected"":0.0,""bond_angles"":0.0,""bond_lengths"":0.0,""bonds"":0.0,""double_bond_stereochemistry"":0.0,""energy_ratio"":0.0,""file_loads"":0.0,""inchi_convertible"":0.0,""internal_steric_clash"":0.004,""molecular_formula"":0.0,""no_radicals"":0.0,""planar_aromatic_rings"":0.0,""planar_double_bonds"":0.0,""reference_file_loads"":0.0,""sanitisation"":0.0,""tetrahedral_chirality"":1.0}",0,,,,,,,,,,,,,,,,,,,,,,,,,,,,,,,,0,,,,,,,,,,,,,,,,,1000,0,0,0,0,0,1000,0,0,0,0,0,1000,1000,core
3g31_3g31_conf0,generation,torsional_diffusion_raw,dynamic,,torsional_diffusion_raw_dynamic,Torsional Diffusion,torsional_diffusion_raw_dynamic,2,17,0,0.7,0,0,0,,24,0,24,0.0,"{""all_atoms_connected"":0,""bond_angles"":0,""bond_lengths"":0,""bonds"":0,""double_bond_stereochemistry"":0,""energy_ratio"":0,""file_loads"":0,""inchi_convertible"":0,""internal_steric_clash"":0,""molecular_formula"":0,""no_radicals"":0,""planar_aromatic_rings"":0,""planar_double_bonds"":0,""reference_file_loads"":0,""sanitisation"":0,""tetrahedral_chirality"":24}","{""all_atoms_connected"":0.0,""bond_angles"":0.0,""bond_lengths"":0.0,""bonds"":0.0,""double_bond_stereochemistry"":0.0,""energy_ratio"":0.0,""file_loads"":0.0,""inchi_convertible"":0.0,""internal_steric_clash"":0.0,""molecular_formula"":0.0,""no_radicals"":0.0,""planar_aromatic_rings"":0.0,""planar_double_bonds"":0.0,""reference_file_loads"":0.0,""sanitisation"":0.0,""tetrahedral_chirality"":1.0}",0,,,,,,,,,,,,,,,,,,,,,,,,,,,,,,,,0,,,,,,,,,,,,,,,,,1000,0,0,0,0,0,24,0,0,0,0,0,24,24,core
3g31_3g31_conf0,generation,torsional_diffusion_raw,chembl_count,,torsional_diffusion_raw_chembl_count,Torsional Diffusion,torsional_diffusion_raw_chembl_count,2,17,0,0.7,0,0,0,,8,0,8,0.0,"{""all_atoms_connected"":0,""bond_angles"":0,""bond_lengths"":0,""bonds"":0,""double_bond_stereochemistry"":0,""energy_ratio"":0,""file_loads"":0,""inchi_convertible"":0,""internal_steric_clash"":0,""molecular_formula"":0,""no_radicals"":0,""planar_aromatic_rings"":0,""planar_double_bonds"":0,""reference_file_loads"":0,""sanitisation"":0,""tetrahedral_chirality"":8}","{""all_atoms_connected"":0.0,""bond_angles"":0.0,""bond_lengths"":0.0,""bonds"":0.0,""double_bond_stereochemistry"":0.0,""energy_ratio"":0.0,""file_loads"":0.0,""inchi_convertible"":0.0,""internal_steric_clash"":0.0,""molecular_formula"":0.0,""no_radicals"":0.0,""planar_aromatic_rings"":0.0,""planar_double_bonds"":0.0,""reference_file_loads"":0.0,""sanitisation"":0.0,""tetrahedral_chirality"":1.0}",0,,,,,,,,,,,,,,,,,,,,,,,,,,,,,,,,0,,,,,,,,,,,,,,,,,1000,0,0,0,0,0,8,0,0,0,0,0,8,8,core
3gy4_3gy4_conf0,generation,torsional_diffusion_raw,fixed,,torsional_diffusion_raw_fixed,Torsional Diffusion,torsional_diffusion_raw_fixed,2,10,1000,0.7,1000,1000,0,1.0,1000,1000,0,1.0,"{""all_atoms_connected"":0,""bond_angles"":0,""bond_lengths"":0,""bonds"":0,""double_bond_stereochemistry"":0,""energy_ratio"":0,""file_loads"":0,""inchi_convertible"":0,""internal_steric_clash"":0,""molecular_formula"":0,""no_radicals"":0,""planar_aromatic_rings"":0,""planar_double_bonds"":0,""reference_file_loads"":0,""sanitisation"":0,""tetrahedral_chirality"":0}","{""all_atoms_connected"":0.0,""bond_angles"":0.0,""bond_lengths"":0.0,""bonds"":0.0,""double_bond_stereochemistry"":0.0,""energy_ratio"":0.0,""file_loads"":0.0,""inchi_convertible"":0.0,""internal_steric_clash"":0.0,""molecular_formula"":0.0,""no_radicals"":0.0,""planar_aromatic_rings"":0.0,""planar_double_bonds"":0.0,""reference_file_loads"":0.0,""sanitisation"":0.0,""tetrahedral_chirality"":0.0}",1000,121.04050064630746,0.2811985830310894,0.5191641291880947,2.0,0.2,0.9956068607005617,0.539,1.99391907894279,0.503042,0.0,1.0,0.1,0.0,1.0,1.0,1.0,0.0,1.0,0.1,0.0,1.0,1.0,1.0,0.0,1.0,0.1,0.0,1.0,1.0,1.0,0.0,1000,-3.636657950389111,121.46801401897375,1.0065179961395394,5.41568879324255,0.049581117316582976,0.32753528065974924,1.0,1.0,1.0,1.0,0.07110292992217689,0.28659745339109566,1.0,1.0,1.0,1.0,1000,0,0,0,0,0,1000,0,0,0,0,1000,1000,1000,core
3gy4_3gy4_conf0,generation,torsional_diffusion_raw,dynamic,,torsional_diffusion_raw_dynamic,Torsional Diffusion,torsional_diffusion_raw_dynamic,2,10,24,0.7,24,24,0,1.0,24,24,0,1.0,"{""all_atoms_connected"":0,""bond_angles"":0,""bond_lengths"":0,""bonds"":0,""double_bond_stereochemistry"":0,""energy_ratio"":0,""file_loads"":0,""inchi_convertible"":0,""internal_steric_clash"":0,""molecular_formula"":0,""no_radicals"":0,""planar_aromatic_rings"":0,""planar_double_bonds"":0,""reference_file_loads"":0,""sanitisation"":0,""tetrahedral_chirality"":0}","{""all_atoms_connected"":0.0,""bond_angles"":0.0,""bond_lengths"":0.0,""bonds"":0.0,""double_bond_stereochemistry"":0.0,""energy_ratio"":0.0,""file_loads"":0.0,""inchi_convertible"":0.0,""internal_steric_clash"":0.0,""molecular_formula"":0.0,""no_radicals"":0.0,""planar_aromatic_rings"":0.0,""planar_double_bonds"":0.0,""reference_file_loads"":0.0,""sanitisation"":0.0,""tetrahedral_chirality"":0.0}",24,118.21514285411848,0.2799270540927282,0.5188686459946418,2.0,8.333333333333334,0.99498482818597,0.5416666666666666,1.9930595659329764,0.5034722222222221,0.0,1.0,4.166666666666667,0.0,1.0,1.0,1.0,0.0,1.0,4.166666666666667,0.0,1.0,1.0,1.0,0.0,1.0,4.166666666666667,0.0,1.0,1.0,1.0,0.0,24,-2.7422370017541873,35.26585454937839,0.6104222856311559,7.276138147140173,0.05888877733778973,0.15750992323141869,1.0,1.0,1.0,1.0,0.10445652084107925,0.21186633319458548,1.0,1.0,1.0,1.0,1000,0,0,0,0,0,24,0,0,0,0,24,24,24,core
3gy4_3gy4_conf0,generation,torsional_diffusion_raw,chembl_count,,torsional_diffusion_raw_chembl_count,Torsional Diffusion,torsional_diffusion_raw_chembl_count,2,10,1,0.7,1,1,0,1.0,1,1,0,1.0,"{""all_atoms_connected"":0,""bond_angles"":0,""bond_lengths"":0,""bonds"":0,""double_bond_stereochemistry"":0,""energy_ratio"":0,""file_loads"":0,""inchi_convertible"":0,""internal_steric_clash"":0,""molecular_formula"":0,""no_radicals"":0,""planar_aromatic_rings"":0,""planar_double_bonds"":0,""reference_file_loads"":0,""sanitisation"":0,""tetrahedral_chirality"":0}","{""all_atoms_connected"":0.0,""bond_angles"":0.0,""bond_lengths"":0.0,""bonds"":0.0,""double_bond_stereochemistry"":0.0,""energy_ratio"":0.0,""file_loads"":0.0,""inchi_convertible"":0.0,""internal_steric_clash"":0.0,""molecular_formula"":0.0,""no_radicals"":0.0,""planar_aromatic_rings"":0.0,""planar_double_bonds"":0.0,""reference_file_loads"":0.0,""sanitisation"":0.0,""tetrahedral_chirality"":0.0}",1,0.0,,,1.0,100.0,0.0,1.0,1.0,1.0,1.0,1.0,100.0,0.0,1.0,1.0,1.0,1.0,1.0,100.0,0.0,1.0,1.0,1.0,1.0,1.0,100.0,0.0,1.0,1.0,1.0,1.0,1,0.6404537438915021,0.6404537438915021,0.6404537438915021,0.0,0.1285171145641377,0.1285171145641377,1.0,1.0,1.0,1.0,0.18236586390508336,0.18236586390508336,1.0,1.0,1.0,1.0,1000,0,0,0,0,0,1,0,0,0,0,1,1,1,core
3jvs_3jvs_conf0,generation,torsional_diffusion_raw,fixed,,torsional_diffusion_raw_fixed,Torsional Diffusion,torsional_diffusion_raw_fixed,3,30,504,0.7,504,383,121,0.7599206349206349,1000,504,496,0.504,"{""all_atoms_connected"":0,""bond_angles"":0,""bond_lengths"":0,""bonds"":0,""double_bond_stereochemistry"":0,""energy_ratio"":85,""file_loads"":0,""inchi_convertible"":0,""internal_steric_clash"":484,""molecular_formula"":0,""no_radicals"":0,""planar_aromatic_rings"":0,""planar_double_bonds"":0,""reference_file_loads"":0,""sanitisation"":0,""tetrahedral_chirality"":0}","{""all_atoms_connected"":0.0,""bond_angles"":0.0,""bond_lengths"":0.0,""bonds"":0.0,""double_bond_stereochemistry"":0.0,""energy_ratio"":0.085,""file_loads"":0.0,""inchi_convertible"":0.0,""internal_steric_clash"":0.484,""molecular_formula"":0.0,""no_radicals"":0.0,""planar_aromatic_rings"":0.0,""planar_double_bonds"":0.0,""reference_file_loads"":0.0,""sanitisation"":0.0,""tetrahedral_chirality"":0.0}",504,107.33404528306318,2.5334400730374234,3.5592636574443692,390.0,77.38095238095238,0.9797516304602123,0.013888888888888888,345.62072220674116,0.003472222222222221,0.8179487179487179,163.0,32.34126984126984,0.917651548026401,0.03968253968253968,107.15621864254139,0.013353489543965733,0.4723926380368098,16.0,3.1746031746031744,0.8541420241728093,0.21031746031746032,10.677989250832216,0.11744929453262787,0.0,3.0,0.5952380952380952,0.7958071734139798,0.6448412698412699,2.39715721161067,0.4867016250944823,0.0,504,160.9478212775757,18550.997651988215,216.78333005981574,880.0702683657811,0.758540678244328,2.2988600285906777,0.0,0.0,0.0,1.0,0.7094479396986707,2.260703271771292,0.0,0.0,1.0,1.0,1000,0,0,0,0,0,1000,0,0,0,0,504,1000,1000,core
3jvs_3jvs_conf0,generation,torsional_diffusion_raw,dynamic,,torsional_diffusion_raw_dynamic,Torsional Diffusion,torsional_diffusion_raw_dynamic,3,30,18,0.7,18,13,5,0.7222222222222222,46,18,28,0.391304347826087,"{""all_atoms_connected"":0,""bond_angles"":0,""bond_lengths"":0,""bonds"":0,""double_bond_stereochemistry"":0,""energy_ratio"":3,""file_loads"":0,""inchi_convertible"":0,""internal_steric_clash"":28,""molecular_formula"":0,""no_radicals"":0,""planar_aromatic_rings"":0,""planar_double_bonds"":0,""reference_file_loads"":0,""sanitisation"":0,""tetrahedral_chirality"":0}","{""all_atoms_connected"":0.0,""bond_angles"":0.0,""bond_lengths"":0.0,""bonds"":0.0,""double_bond_stereochemistry"":0.0,""energy_ratio"":0.06521739130434782,""file_loads"":0.0,""inchi_convertible"":0.0,""internal_steric_clash"":0.6086956521739131,""molecular_formula"":0.0,""no_radicals"":0.0,""planar_aromatic_rings"":0.0,""planar_double_bonds"":0.0,""reference_file_loads"":0.0,""sanitisation"":0.0,""tetrahedral_chirality"":0.0}",18,102.73062211671126,2.4978613740731177,3.402093173180122,18.0,100.0,1.0000000000000002,0.05555555555555555,18.000000000000004,0.05555555555555555,1.0,15.0,83.33333333333333,0.9712720079261152,0.16666666666666666,13.877285355690288,0.08024691358024691,0.8666666666666667,8.0,44.44444444444444,0.9035923614716893,0.3333333333333333,6.5467418158303285,0.18518518518518517,0.375,2.0,11.11111111111111,0.9910760598382222,0.5555555555555556,1.9876669750024174,0.5061728395061729,0.0,18,178.99115182197858,1387.1268881898343,218.68584295517553,268.37416044420473,1.915205367455466,2.4031240693316867,0.0,0.0,0.0,1.0,1.8623490268028757,2.3671104800170273,0.0,0.0,0.0,1.0,1000,0,0,0,0,0,46,0,0,0,0,18,46,46,core
3jvs_3jvs_conf0,generation,torsional_diffusion_raw,chembl_count,,torsional_diffusion_raw_chembl_count,Torsional Diffusion,torsional_diffusion_raw_chembl_count,3,30,18,0.7,18,17,1,0.9444444444444444,40,18,22,0.45,"{""all_atoms_connected"":0,""bond_angles"":0,""bond_lengths"":0,""bonds"":0,""double_bond_stereochemistry"":0,""energy_ratio"":3,""file_loads"":0,""inchi_convertible"":0,""internal_steric_clash"":22,""molecular_formula"":0,""no_radicals"":0,""planar_aromatic_rings"":0,""planar_double_bonds"":0,""reference_file_loads"":0,""sanitisation"":0,""tetrahedral_chirality"":0}","{""all_atoms_connected"":0.0,""bond_angles"":0.0,""bond_lengths"":0.0,""bonds"":0.0,""double_bond_stereochemistry"":0.0,""energy_ratio"":0.075,""file_loads"":0.0,""inchi_convertible"":0.0,""internal_steric_clash"":0.55,""molecular_formula"":0.0,""no_radicals"":0.0,""planar_aromatic_rings"":0.0,""planar_double_bonds"":0.0,""reference_file_loads"":0.0,""sanitisation"":0.0,""tetrahedral_chirality"":0.0}",18,103.1934210059653,2.6408128445072645,3.920919013317412,18.0,100.0,1.0000000000000002,0.05555555555555555,18.000000000000004,0.05555555555555555,1.0,16.0,88.88888888888889,0.9869256948050227,0.1111111111111111,15.430391691355316,0.06790123456790123,0.875,6.0,33.333333333333336,0.8232176699986968,0.4444444444444444,4.371070983758013,0.28395061728395066,0.5,2.0,11.11111111111111,0.9182958340544894,0.6666666666666666,1.8898815748423097,0.5555555555555556,0.0,18,188.90493149074143,350.27144431000215,209.55573721877954,38.476510647362346,1.4345527382234846,2.3253617760565506,0.0,0.0,0.0,1.0,1.3213764807598376,2.315936497775832,0.0,0.0,0.0,1.0,1000,0,0,0,0,0,40,0,0,0,0,18,40,40,core
3k5v_3k5v_conf0,generation,torsional_diffusion_raw,fixed,,torsional_diffusion_raw_fixed,Torsional Diffusion,torsional_diffusion_raw_fixed,5,27,999,0.7,999,999,0,1.0,1000,999,1,0.999,"{""all_atoms_connected"":0,""bond_angles"":0,""bond_lengths"":0,""bonds"":0,""double_bond_stereochemistry"":0,""energy_ratio"":1,""file_loads"":0,""inchi_convertible"":0,""internal_steric_clash"":0,""molecular_formula"":0,""no_radicals"":0,""planar_aromatic_rings"":0,""planar_double_bonds"":0,""reference_file_loads"":0,""sanitisation"":0,""tetrahedral_chirality"":0}","{""all_atoms_connected"":0.0,""bond_angles"":0.0,""bond_lengths"":0.0,""bonds"":0.0,""double_bond_stereochemistry"":0.0,""energy_ratio"":0.001,""file_loads"":0.0,""inchi_convertible"":0.0,""internal_steric_clash"":0.0,""molecular_formula"":0.0,""no_radicals"":0.0,""planar_aromatic_rings"":0.0,""planar_double_bonds"":0.0,""reference_file_loads"":0.0,""sanitisation"":0.0,""tetrahedral_chirality"":0.0}",999,115.39036816940809,2.0223451493306572,3.079150437838872,178.0,17.81781781781782,0.9215110875675121,0.03003003003003003,118.51872855551817,0.01112123134145156,0.24157303370786518,22.0,2.2022022022022023,0.8817817526870874,0.11211211211211211,15.265949603600832,0.07467026586145703,0.09090909090909091,3.0,0.3003003003003003,0.9926620577273186,0.3833833833833834,2.9759125608780153,0.338661985308632,0.0,1.0,0.1001001001001001,0.0,1.0,1.0,1.0,0.0,999,-1.2560482367602077,152.18037790369692,11.23318387072164,12.861928144555723,0.26611924475100607,2.20193511275793,0.0,1.0,1.0,1.0,0.31357564549215977,2.205266887054906,0.0,1.0,1.0,1.0,1000,0,0,0,0,0,1000,0,0,0,0,999,1000,1000,core
3k5v_3k5v_conf0,generation,torsional_diffusion_raw,dynamic,,torsional_diffusion_raw_dynamic,Torsional Diffusion,torsional_diffusion_raw_dynamic,5,27,90,0.7,90,90,0,1.0,90,90,0,1.0,"{""all_atoms_connected"":0,""bond_angles"":0,""bond_lengths"":0,""bonds"":0,""double_bond_stereochemistry"":0,""energy_ratio"":0,""file_loads"":0,""inchi_convertible"":0,""internal_steric_clash"":0,""molecular_formula"":0,""no_radicals"":0,""planar_aromatic_rings"":0,""planar_double_bonds"":0,""reference_file_loads"":0,""sanitisation"":0,""tetrahedral_chirality"":0}","{""all_atoms_connected"":0.0,""bond_angles"":0.0,""bond_lengths"":0.0,""bonds"":0.0,""double_bond_stereochemistry"":0.0,""energy_ratio"":0.0,""file_loads"":0.0,""inchi_convertible"":0.0,""internal_steric_clash"":0.0,""molecular_formula"":0.0,""no_radicals"":0.0,""planar_aromatic_rings"":0.0,""planar_double_bonds"":0.0,""reference_file_loads"":0.0,""sanitisation"":0.0,""tetrahedral_chirality"":0.0}",90,117.80861390057487,2.0374621423893053,3.067608805443281,60.0,66.66666666666667,0.9713560936078731,0.05555555555555555,53.36027417704824,0.021481481481481483,0.6333333333333333,11.0,12.222222222222221,0.9387264807153124,0.16666666666666666,9.496922422145252,0.11382716049382716,0.09090909090909091,3.0,3.3333333333333335,0.9594083922321467,0.4777777777777778,2.8691558269614696,0.3646913580246913,0.0,2.0,2.2222222222222223,0.9871377743721862,0.5666666666666667,1.9822484180857005,0.5088888888888888,0.0,90,1.024200195084319,65.06279557828553,11.305212798007844,10.89506464631022,0.2912227159617398,2.019105277793497,0.0,1.0,1.0,1.0,0.31357564549215977,2.0242460628749024,0.0,1.0,1.0,1.0,1000,0,0,0,0,0,90,0,0,0,0,90,90,90,core
3k5v_3k5v_conf0,generation,torsional_diffusion_raw,chembl_count,,torsional_diffusion_raw_chembl_count,Torsional Diffusion,torsional_diffusion_raw_chembl_count,5,27,199,0.7,199,199,0,1.0,200,199,1,0.995,"{""all_atoms_connected"":0,""bond_angles"":0,""bond_lengths"":0,""bonds"":0,""double_bond_stereochemistry"":0,""energy_ratio"":1,""file_loads"":0,""inchi_convertible"":0,""internal_steric_clash"":0,""molecular_formula"":0,""no_radicals"":0,""planar_aromatic_rings"":0,""planar_double_bonds"":0,""reference_file_loads"":0,""sanitisation"":0,""tetrahedral_chirality"":0}","{""all_atoms_connected"":0.0,""bond_angles"":0.0,""bond_lengths"":0.0,""bonds"":0.0,""double_bond_stereochemistry"":0.0,""energy_ratio"":0.005,""file_loads"":0.0,""inchi_convertible"":0.0,""internal_steric_clash"":0.0,""molecular_formula"":0.0,""no_radicals"":0.0,""planar_aromatic_rings"":0.0,""planar_double_bonds"":0.0,""reference_file_loads"":0.0,""sanitisation"":0.0,""tetrahedral_chirality"":0.0}",199,115.21701133177714,2.000418991582307,2.975807890326935,87.0,43.71859296482412,0.9537644418801884,0.04020100502512563,70.76923442766336,0.016944016565238258,0.4367816091954023,14.0,7.035175879396985,0.9458929851914393,0.18090452261306533,12.13708711334977,0.09355824347870005,0.0,3.0,1.5075376884422111,0.9822606926698169,0.41708542713567837,2.9421001634585586,0.34632963814045103,0.0,1.0,0.5025125628140703,0.0,1.0,1.0,1.0,0.0,199,-1.2560482367602077,108.0380146417893,10.9235978968753,13.327954847858258,0.4486327320261218,2.1056657240123715,0.0,1.0,1.0,1.0,0.5473544406385144,2.121086840034305,0.0,0.0,1.0,1.0,1000,0,0,0,0,0,200,0,0,0,0,199,200,200,core
3kgp_3kgp_conf0,generation,torsional_diffusion_raw,fixed,,torsional_diffusion_raw_fixed,Torsional Diffusion,torsional_diffusion_raw_fixed,3,11,996,0.7,996,996,0,1.0,1000,996,4,0.996,"{""all_atoms_connected"":0,""bond_angles"":0,""bond_lengths"":0,""bonds"":0,""double_bond_stereochemistry"":0,""energy_ratio"":4,""file_loads"":0,""inchi_convertible"":0,""internal_steric_clash"":0,""molecular_formula"":0,""no_radicals"":0,""planar_aromatic_rings"":0,""planar_double_bonds"":0,""reference_file_loads"":0,""sanitisation"":0,""tetrahedral_chirality"":0}","{""all_atoms_connected"":0.0,""bond_angles"":0.0,""bond_lengths"":0.0,""bonds"":0.0,""double_bond_stereochemistry"":0.0,""energy_ratio"":0.004,""file_loads"":0.0,""inchi_convertible"":0.0,""internal_steric_clash"":0.0,""molecular_formula"":0.0,""no_radicals"":0.0,""planar_aromatic_rings"":0.0,""planar_double_bonds"":0.0,""reference_file_loads"":0.0,""sanitisation"":0.0,""tetrahedral_chirality"":0.0}",996,104.29039423150626,0.4061988782898589,0.6140798613093204,3.0,0.30120481927710846,0.889136337314151,0.46887550200803213,2.6559863876643504,0.4024068160190965,0.0,1.0,0.10040160642570281,0.0,1.0,1.0,1.0,0.0,1.0,0.10040160642570281,0.0,1.0,1.0,1.0,0.0,1.0,0.10040160642570281,0.0,1.0,1.0,1.0,0.0,996,-2.58585044865103,43.21000426091888,5.744542370049027,5.529216794101576,0.11170275089375692,0.4135679331352955,1.0,1.0,1.0,1.0,0.06918522964682548,0.38946665878933007,1.0,1.0,1.0,1.0,1000,0,0,0,0,0,1000,0,0,0,0,996,1000,1000,core
3kgp_3kgp_conf0,generation,torsional_diffusion_raw,dynamic,,torsional_diffusion_raw_dynamic,Torsional Diffusion,torsional_diffusion_raw_dynamic,3,11,46,0.7,46,46,0,1.0,46,46,0,1.0,"{""all_atoms_connected"":0,""bond_angles"":0,""bond_lengths"":0,""bonds"":0,""double_bond_stereochemistry"":0,""energy_ratio"":0,""file_loads"":0,""inchi_convertible"":0,""internal_steric_clash"":0,""molecular_formula"":0,""no_radicals"":0,""planar_aromatic_rings"":0,""planar_double_bonds"":0,""reference_file_loads"":0,""sanitisation"":0,""tetrahedral_chirality"":0}","{""all_atoms_connected"":0.0,""bond_angles"":0.0,""bond_lengths"":0.0,""bonds"":0.0,""double_bond_stereochemistry"":0.0,""energy_ratio"":0.0,""file_loads"":0.0,""inchi_convertible"":0.0,""internal_steric_clash"":0.0,""molecular_formula"":0.0,""no_radicals"":0.0,""planar_aromatic_rings"":0.0,""planar_double_bonds"":0.0,""reference_file_loads"":0.0,""sanitisation"":0.0,""tetrahedral_chirality"":0.0}",46,103.8980325368962,0.3926254039258662,0.6032914117311446,2.0,4.3478260869565215,0.9503376699710266,0.6304347826086957,1.9323248752019688,0.5340264650283554,0.0,1.0,2.1739130434782608,0.0,1.0,1.0,1.0,0.0,1.0,2.1739130434782608,0.0,1.0,1.0,1.0,0.0,1.0,2.1739130434782608,0.0,1.0,1.0,1.0,0.0,46,-1.8348797000807409,32.56562744477807,6.214077515868911,7.010942171929305,0.21701925031305763,0.42793921208186037,1.0,1.0,1.0,1.0,0.1788523144314076,0.39164173957467474,1.0,1.0,1.0,1.0,1000,0,0,0,0,0,46,0,0,0,0,46,46,46,core
3kgp_3kgp_conf0,generation,torsional_diffusion_raw,chembl_count,,torsional_diffusion_raw_chembl_count,Torsional Diffusion,torsional_diffusion_raw_chembl_count,3,11,1,0.7,1,1,0,1.0,1,1,0,1.0,"{""all_atoms_connected"":0,""bond_angles"":0,""bond_lengths"":0,""bonds"":0,""double_bond_stereochemistry"":0,""energy_ratio"":0,""file_loads"":0,""inchi_convertible"":0,""internal_steric_clash"":0,""molecular_formula"":0,""no_radicals"":0,""planar_aromatic_rings"":0,""planar_double_bonds"":0,""reference_file_loads"":0,""sanitisation"":0,""tetrahedral_chirality"":0}","{""all_atoms_connected"":0.0,""bond_angles"":0.0,""bond_lengths"":0.0,""bonds"":0.0,""double_bond_stereochemistry"":0.0,""energy_ratio"":0.0,""file_loads"":0.0,""inchi_convertible"":0.0,""internal_steric_clash"":0.0,""molecular_formula"":0.0,""no_radicals"":0.0,""planar_aromatic_rings"":0.0,""planar_double_bonds"":0.0,""reference_file_loads"":0.0,""sanitisation"":0.0,""tetrahedral_chirality"":0.0}",1,0.0,,,1.0,100.0,0.0,1.0,1.0,1.0,1.0,1.0,100.0,0.0,1.0,1.0,1.0,1.0,1.0,100.0,0.0,1.0,1.0,1.0,1.0,1.0,100.0,0.0,1.0,1.0,1.0,1.0,1,4.733585331752234,4.733585331752234,4.733585331752234,0.0,0.22801328626008624,0.22801328626008624,1.0,1.0,1.0,1.0,0.17102118876501377,0.17102118876501377,1.0,1.0,1.0,1.0,1000,0,0,0,0,0,1,0,0,0,0,1,1,1,core
3lka_3lka_conf0,generation,torsional_diffusion_raw,fixed,,torsional_diffusion_raw_fixed,Torsional Diffusion,torsional_diffusion_raw_fixed,3,12,1000,0.7,1000,1000,0,1.0,1000,1000,0,1.0,"{""all_atoms_connected"":0,""bond_angles"":0,""bond_lengths"":0,""bonds"":0,""double_bond_stereochemistry"":0,""energy_ratio"":0,""file_loads"":0,""inchi_convertible"":0,""internal_steric_clash"":0,""molecular_formula"":0,""no_radicals"":0,""planar_aromatic_rings"":0,""planar_double_bonds"":0,""reference_file_loads"":0,""sanitisation"":0,""tetrahedral_chirality"":0}","{""all_atoms_connected"":0.0,""bond_angles"":0.0,""bond_lengths"":0.0,""bonds"":0.0,""double_bond_stereochemistry"":0.0,""energy_ratio"":0.0,""file_loads"":0.0,""inchi_convertible"":0.0,""internal_steric_clash"":0.0,""molecular_formula"":0.0,""no_radicals"":0.0,""planar_aromatic_rings"":0.0,""planar_double_bonds"":0.0,""reference_file_loads"":0.0,""sanitisation"":0.0,""tetrahedral_chirality"":0.0}",1000,107.64803447866626,0.5207383048359732,0.8332425793947172,5.0,0.5,0.7951577132108628,0.417,3.5957657404448287,0.32532399999999995,0.0,1.0,0.1,0.0,1.0,1.0,1.0,0.0,1.0,0.1,0.0,1.0,1.0,1.0,0.0,1.0,0.1,0.0,1.0,1.0,1.0,0.0,1000,-40.79209073998145,27.09983419384716,-27.91158826547513,6.8998597698769855,0.13636980954305025,0.5921461320070928,1.0,1.0,1.0,1.0,0.5035771451163363,0.7229835283725865,0.0,0.0,1.0,1.0,1000,0,0,0,0,0,1000,0,0,0,0,1000,1000,1000,core
3lka_3lka_conf0,generation,torsional_diffusion_raw,dynamic,,torsional_diffusion_raw_dynamic,Torsional Diffusion,torsional_diffusion_raw_dynamic,3,12,46,0.7,46,46,0,1.0,46,46,0,1.0,"{""all_atoms_connected"":0,""bond_angles"":0,""bond_lengths"":0,""bonds"":0,""double_bond_stereochemistry"":0,""energy_ratio"":0,""file_loads"":0,""inchi_convertible"":0,""internal_steric_clash"":0,""molecular_formula"":0,""no_radicals"":0,""planar_aromatic_rings"":0,""planar_double_bonds"":0,""reference_file_loads"":0,""sanitisation"":0,""tetrahedral_chirality"":0}","{""all_atoms_connected"":0.0,""bond_angles"":0.0,""bond_lengths"":0.0,""bonds"":0.0,""double_bond_stereochemistry"":0.0,""energy_ratio"":0.0,""file_loads"":0.0,""inchi_convertible"":0.0,""internal_steric_clash"":0.0,""molecular_formula"":0.0,""no_radicals"":0.0,""planar_aromatic_rings"":0.0,""planar_double_bonds"":0.0,""reference_file_loads"":0.0,""sanitisation"":0.0,""tetrahedral_chirality"":0.0}",46,105.21748927717584,0.497431114885619,0.8266540740106031,4.0,8.695652173913043,0.8639129017975219,0.41304347826086957,3.3122826837700132,0.3345935727788279,0.0,1.0,2.1739130434782608,0.0,1.0,1.0,1.0,0.0,1.0,2.1739130434782608,0.0,1.0,1.0,1.0,0.0,1.0,2.1739130434782608,0.0,1.0,1.0,1.0,0.0,46,-36.846435270236896,2.0155971503132903,-26.03697869847482,7.094970617398878,0.20994239123999067,0.5851196626517301,1.0,1.0,1.0,1.0,0.5771269270269205,0.7232759459878777,0.0,0.0,1.0,1.0,1000,0,0,0,0,0,46,0,0,0,0,46,46,46,core
3lka_3lka_conf0,generation,torsional_diffusion_raw,chembl_count,,torsional_diffusion_raw_chembl_count,Torsional Diffusion,torsional_diffusion_raw_chembl_count,3,12,4,0.7,4,4,0,1.0,4,4,0,1.0,"{""all_atoms_connected"":0,""bond_angles"":0,""bond_lengths"":0,""bonds"":0,""double_bond_stereochemistry"":0,""energy_ratio"":0,""file_loads"":0,""inchi_convertible"":0,""internal_steric_clash"":0,""molecular_formula"":0,""no_radicals"":0,""planar_aromatic_rings"":0,""planar_double_bonds"":0,""reference_file_loads"":0,""sanitisation"":0,""tetrahedral_chirality"":0}","{""all_atoms_connected"":0.0,""bond_angles"":0.0,""bond_lengths"":0.0,""bonds"":0.0,""double_bond_stereochemistry"":0.0,""energy_ratio"":0.0,""file_loads"":0.0,""inchi_convertible"":0.0,""internal_steric_clash"":0.0,""molecular_formula"":0.0,""no_radicals"":0.0,""planar_aromatic_rings"":0.0,""planar_double_bonds"":0.0,""reference_file_loads"":0.0,""sanitisation"":0.0,""tetrahedral_chirality"":0.0}",4,92.96454709967013,0.32864168480747713,0.5874261251615948,2.0,50.0,0.8112781244591328,0.75,1.7547653506033232,0.625,0.5,1.0,25.0,0.0,1.0,1.0,1.0,0.0,1.0,25.0,0.0,1.0,1.0,1.0,0.0,1.0,25.0,0.0,1.0,1.0,1.0,0.0,4,-39.03516934430901,-20.429587933034515,-27.025379030160856,7.38795464214376,0.23698995239366397,0.5918013319295796,1.0,1.0,1.0,1.0,0.6175084141681141,0.7251232712991251,0.0,0.0,1.0,1.0,1000,0,0,0,0,0,4,0,0,0,0,4,4,4,core
3nx7_3nx7_conf0,generation,torsional_diffusion_raw,fixed,,torsional_diffusion_raw_fixed,Torsional Diffusion,torsional_diffusion_raw_fixed,9,20,747,0.7,747,729,18,0.9759036144578314,1000,747,253,0.747,"{""all_atoms_connected"":0,""bond_angles"":0,""bond_lengths"":0,""bonds"":0,""double_bond_stereochemistry"":0,""energy_ratio"":148,""file_loads"":0,""inchi_convertible"":0,""internal_steric_clash"":201,""molecular_formula"":0,""no_radicals"":0,""planar_aromatic_rings"":0,""planar_double_bonds"":0,""reference_file_loads"":0,""sanitisation"":0,""tetrahedral_chirality"":0}","{""all_atoms_connected"":0.0,""bond_angles"":0.0,""bond_lengths"":0.0,""bonds"":0.0,""double_bond_stereochemistry"":0.0,""energy_ratio"":0.148,""file_loads"":0.0,""inchi_convertible"":0.0,""internal_steric_clash"":0.201,""molecular_formula"":0.0,""no_radicals"":0.0,""planar_aromatic_rings"":0.0,""planar_double_bonds"":0.0,""reference_file_loads"":0.0,""sanitisation"":0.0,""tetrahedral_chirality"":0.0}",747,102.61289380046541,1.8376019514914341,2.4345761118921225,516.0,69.07630522088354,0.9785186523964112,0.009370816599732263,451.2095992464237,0.002625405683420876,0.7054263565891473,66.0,8.835341365461847,0.9054220392256835,0.06693440428380187,44.40738303458331,0.028381262667806433,0.13636363636363635,4.0,0.535475234270415,0.8971325135739192,0.4350736278447122,3.4683873480766914,0.3200037992218764,0.0,1.0,0.13386880856760375,0.0,1.0,1.0,1.0,0.0,747,73.40221305170975,10594.956717173602,104.41376228951506,388.7002403064585,0.4440173338326581,1.8957569550594182,0.0,1.0,1.0,1.0,0.43578508117680625,1.913768803527925,0.0,1.0,1.0,1.0,1000,0,0,0,0,0,1000,0,0,0,0,747,1000,1000,core
3nx7_3nx7_conf0,generation,torsional_diffusion_raw,dynamic,,torsional_diffusion_raw_dynamic,Torsional Diffusion,torsional_diffusion_raw_dynamic,9,20,134,0.7,134,133,1,0.9925373134328358,178,134,44,0.7528089887640449,"{""all_atoms_connected"":0,""bond_angles"":0,""bond_lengths"":0,""bonds"":0,""double_bond_stereochemistry"":0,""energy_ratio"":22,""file_loads"":0,""inchi_convertible"":0,""internal_steric_clash"":33,""molecular_formula"":0,""no_radicals"":0,""planar_aromatic_rings"":0,""planar_double_bonds"":0,""reference_file_loads"":0,""sanitisation"":0,""tetrahedral_chirality"":0}","{""all_atoms_connected"":0.0,""bond_angles"":0.0,""bond_lengths"":0.0,""bonds"":0.0,""double_bond_stereochemistry"":0.0,""energy_ratio"":0.12359550561797752,""file_loads"":0.0,""inchi_convertible"":0.0,""internal_steric_clash"":0.1853932584269663,""molecular_formula"":0.0,""no_radicals"":0.0,""planar_aromatic_rings"":0.0,""planar_double_bonds"":0.0,""reference_file_loads"":0.0,""sanitisation"":0.0,""tetrahedral_chirality"":0.0}",134,101.37784238255155,1.8451547284604088,2.45410794840812,118.0,88.05970149253731,0.9911380965948688,0.022388059701492536,113.11525765642148,0.009356204054355093,0.8728813559322034,34.0,25.37313432835821,0.9431663706071957,0.08208955223880597,27.82527158148094,0.042214301626197374,0.14705882352941177,3.0,2.2388059701492535,0.9203472511173448,0.4253731343283582,2.74863603103111,0.384161283136556,0.0,1.0,0.746268656716418,0.0,1.0,1.0,1.0,0.0,134,80.29218013345846,622.0718722655766,103.4582356045737,56.65847310258664,0.5119064426369312,1.9101253487760368,0.0,0.0,1.0,1.0,0.5326267740876784,1.918503390812897,0.0,0.0,1.0,1.0,1000,0,0,0,0,0,178,0,0,0,0,134,178,178,core
3nx7_3nx7_conf0,generation,torsional_diffusion_raw,chembl_count,,torsional_diffusion_raw_chembl_count,Torsional Diffusion,torsional_diffusion_raw_chembl_count,9,20,78,0.7,78,77,1,0.9871794871794872,111,78,33,0.7027027027027027,"{""all_atoms_connected"":0,""bond_angles"":0,""bond_lengths"":0,""bonds"":0,""double_bond_stereochemistry"":0,""energy_ratio"":20,""file_loads"":0,""inchi_convertible"":0,""internal_steric_clash"":27,""molecular_formula"":0,""no_radicals"":0,""planar_aromatic_rings"":0,""planar_double_bonds"":0,""reference_file_loads"":0,""sanitisation"":0,""tetrahedral_chirality"":0}","{""all_atoms_connected"":0.0,""bond_angles"":0.0,""bond_lengths"":0.0,""bonds"":0.0,""double_bond_stereochemistry"":0.0,""energy_ratio"":0.18018018018018017,""file_loads"":0.0,""inchi_convertible"":0.0,""internal_steric_clash"":0.24324324324324326,""molecular_formula"":0.0,""no_radicals"":0.0,""planar_aromatic_rings"":0.0,""planar_double_bonds"":0.0,""reference_file_loads"":0.0,""sanitisation"":0.0,""tetrahedral_chirality"":0.0}",78,104.52597529855302,1.7698469706142645,2.3482228174266275,78.0,100.0,1.0000000000000007,0.01282051282051282,78.0000000000002,0.012820512820512815,1.0,31.0,39.743589743589745,0.9419793016202298,0.08974358974358974,25.399890643817912,0.04635108481262329,0.3548387096774194,3.0,3.8461538461538463,0.9986351928244434,0.34615384615384615,2.995505188784247,0.3343195266272189,0.0,1.0,1.2820512820512822,0.0,1.0,1.0,1.0,0.0,78,74.38648158987463,225.51213795119776,102.02591889772773,26.6061818067785,0.557130981607051,1.9045851585778601,0.0,0.0,1.0,1.0,0.4882633617333151,1.9545436024561074,0.0,1.0,1.0,1.0,1000,0,0,0,0,0,111,0,0,0,0,78,111,111,core
3pxf_3pxf_conf0,generation,torsional_diffusion_raw,fixed,,torsional_diffusion_raw_fixed,Torsional Diffusion,torsional_diffusion_raw_fixed,3,21,495,0.7,495,337,158,0.6808080808080809,1000,495,505,0.495,"{""all_atoms_connected"":0,""bond_angles"":0,""bond_lengths"":0,""bonds"":0,""double_bond_stereochemistry"":0,""energy_ratio"":171,""file_loads"":0,""inchi_convertible"":0,""internal_steric_clash"":463,""molecular_formula"":0,""no_radicals"":0,""planar_aromatic_rings"":0,""planar_double_bonds"":0,""reference_file_loads"":0,""sanitisation"":0,""tetrahedral_chirality"":0}","{""all_atoms_connected"":0.0,""bond_angles"":0.0,""bond_lengths"":0.0,""bonds"":0.0,""double_bond_stereochemistry"":0.0,""energy_ratio"":0.171,""file_loads"":0.0,""inchi_convertible"":0.0,""internal_steric_clash"":0.463,""molecular_formula"":0.0,""no_radicals"":0.0,""planar_aromatic_rings"":0.0,""planar_double_bonds"":0.0,""reference_file_loads"":0.0,""sanitisation"":0.0,""tetrahedral_chirality"":0.0}",495,97.41641427134687,1.0671971921058534,1.6870026165628524,16.0,3.2323232323232323,0.815993083658871,0.1919191919191919,9.606243207168262,0.12439955106621772,0.125,3.0,0.6060606060606061,0.9425271601601957,0.5050505050505051,2.8164350556465005,0.3779083766962555,0.0,1.0,0.20202020202020202,0.0,1.0,1.0,1.0,0.0,1.0,0.20202020202020202,0.0,1.0,1.0,1.0,0.0,495,151.58021458715737,108783.09310828877,204.56032431929805,4937.838977976114,0.2386945035036253,0.9675202284438305,1.0,1.0,1.0,1.0,0.24792153584030896,0.9705486360731204,1.0,1.0,1.0,1.0,1000,0,0,0,0,0,1000,0,0,0,0,495,1000,1000,core
3pxf_3pxf_conf0,generation,torsional_diffusion_raw,dynamic,,torsional_diffusion_raw_dynamic,Torsional Diffusion,torsional_diffusion_raw_dynamic,3,21,20,0.7,20,10,10,0.5,46,20,26,0.4347826086956521,"{""all_atoms_connected"":0,""bond_angles"":0,""bond_lengths"":0,""bonds"":0,""double_bond_stereochemistry"":0,""energy_ratio"":10,""file_loads"":0,""inchi_convertible"":0,""internal_steric_clash"":25,""molecular_formula"":0,""no_radicals"":0,""planar_aromatic_rings"":0,""planar_double_bonds"":0,""reference_file_loads"":0,""sanitisation"":0,""tetrahedral_chirality"":0}","{""all_atoms_connected"":0.0,""bond_angles"":0.0,""bond_lengths"":0.0,""bonds"":0.0,""double_bond_stereochemistry"":0.0,""energy_ratio"":0.21739130434782608,""file_loads"":0.0,""inchi_convertible"":0.0,""internal_steric_clash"":0.5434782608695652,""molecular_formula"":0.0,""no_radicals"":0.0,""planar_aromatic_rings"":0.0,""planar_double_bonds"":0.0,""reference_file_loads"":0.0,""sanitisation"":0.0,""tetrahedral_chirality"":0.0}",20,87.38857339589374,1.0685286344060796,1.6901256371853264,6.0,30.0,0.9780462753853014,0.25,5.768566879682379,0.18,0.0,4.0,20.0,0.9197455351500672,0.45,3.578837578858573,0.31,0.0,1.0,5.0,0.0,1.0,1.0,1.0,0.0,1.0,5.0,0.0,1.0,1.0,1.0,0.0,20,158.12720396172472,2363.8848601036207,234.5412397349591,581.700194697653,0.3413010291016036,1.0992216421332923,0.0,1.0,1.0,1.0,0.3541966843415063,1.0545219009276892,0.0,1.0,1.0,1.0,1000,0,0,0,0,0,46,0,0,0,0,20,46,46,core
3pxf_3pxf_conf0,generation,torsional_diffusion_raw,chembl_count,,torsional_diffusion_raw_chembl_count,Torsional Diffusion,torsional_diffusion_raw_chembl_count,3,21,3,0.7,3,2,1,0.6666666666666666,7,3,4,0.4285714285714285,"{""all_atoms_connected"":0,""bond_angles"":0,""bond_lengths"":0,""bonds"":0,""double_bond_stereochemistry"":0,""energy_ratio"":2,""file_loads"":0,""inchi_convertible"":0,""internal_steric_clash"":4,""molecular_formula"":0,""no_radicals"":0,""planar_aromatic_rings"":0,""planar_double_bonds"":0,""reference_file_loads"":0,""sanitisation"":0,""tetrahedral_chirality"":0}","{""all_atoms_connected"":0.0,""bond_angles"":0.0,""bond_lengths"":0.0,""bonds"":0.0,""double_bond_stereochemistry"":0.0,""energy_ratio"":0.2857142857142857,""file_loads"":0.0,""inchi_convertible"":0.0,""internal_steric_clash"":0.5714285714285714,""molecular_formula"":0.0,""no_radicals"":0.0,""planar_aromatic_rings"":0.0,""planar_double_bonds"":0.0,""reference_file_loads"":0.0,""sanitisation"":0.0,""tetrahedral_chirality"":0.0}",3,62.923124309865464,1.1068436302765867,1.390509335069486,3.0,100.0,0.9999999999999998,0.3333333333333333,2.9999999999999996,0.3333333333333333,1.0,2.0,66.66666666666667,0.9182958340544894,0.6666666666666666,1.8898815748423097,0.5555555555555556,0.5,1.0,33.333333333333336,0.0,1.0,1.0,1.0,0.0,1.0,33.333333333333336,0.0,1.0,1.0,1.0,0.0,3,170.76944748931385,338.9440193836741,180.80211156441885,77.02251041020344,0.2765694642427072,0.6261804420846303,0.0,1.0,1.0,1.0,0.27321505346668307,0.6303942767851914,0.0,1.0,1.0,1.0,1000,0,0,0,0,0,7,0,0,0,0,3,7,7,core
3qqs_3qqs_conf0,generation,torsional_diffusion_raw,fixed,,torsional_diffusion_raw_fixed,Torsional Diffusion,torsional_diffusion_raw_fixed,4,19,853,0.7,853,839,14,0.9835873388042204,1000,853,147,0.853,"{""all_atoms_connected"":0,""bond_angles"":0,""bond_lengths"":0,""bonds"":0,""double_bond_stereochemistry"":0,""energy_ratio"":29,""file_loads"":0,""inchi_convertible"":0,""internal_steric_clash"":145,""molecular_formula"":0,""no_radicals"":0,""planar_aromatic_rings"":0,""planar_double_bonds"":0,""reference_file_loads"":0,""sanitisation"":0,""tetrahedral_chirality"":0}","{""all_atoms_connected"":0.0,""bond_angles"":0.0,""bond_lengths"":0.0,""bonds"":0.0,""double_bond_stereochemistry"":0.0,""energy_ratio"":0.029,""file_loads"":0.0,""inchi_convertible"":0.0,""internal_steric_clash"":0.145,""molecular_formula"":0.0,""no_radicals"":0.0,""planar_aromatic_rings"":0.0,""planar_double_bonds"":0.0,""reference_file_loads"":0.0,""sanitisation"":0.0,""tetrahedral_chirality"":0.0}",853,97.48990690535874,1.4095803315641973,2.3899630878234994,32.0,3.7514654161781946,0.6731939123151041,0.2485345838218054,10.309979518460946,0.1442381828701954,0.21875,6.0,0.7033997655334114,0.8972893867547905,0.2696365767878077,4.991451530580996,0.21873148902776077,0.0,2.0,0.23446658851113716,0.9995627508746141,0.5123094958968347,1.999393935850067,0.5003030473784684,0.0,1.0,0.11723329425556858,0.0,1.0,1.0,1.0,0.0,853,158.74195488786359,1624.154412029258,183.6390130275513,61.64583507879753,0.29254770867496727,1.4360110984538885,0.0,1.0,1.0,1.0,0.18023869708218382,1.4015039076427982,1.0,1.0,1.0,1.0,1000,0,0,0,0,0,1000,0,0,0,0,853,1000,1000,core
3qqs_3qqs_conf0,generation,torsional_diffusion_raw,dynamic,,torsional_diffusion_raw_dynamic,Torsional Diffusion,torsional_diffusion_raw_dynamic,4,19,60,0.7,60,60,0,1.0,68,60,8,0.8823529411764706,"{""all_atoms_connected"":0,""bond_angles"":0,""bond_lengths"":0,""bonds"":0,""double_bond_stereochemistry"":0,""energy_ratio"":1,""file_loads"":0,""inchi_convertible"":0,""internal_steric_clash"":8,""molecular_formula"":0,""no_radicals"":0,""planar_aromatic_rings"":0,""planar_double_bonds"":0,""reference_file_loads"":0,""sanitisation"":0,""tetrahedral_chirality"":0}","{""all_atoms_connected"":0.0,""bond_angles"":0.0,""bond_lengths"":0.0,""bonds"":0.0,""double_bond_stereochemistry"":0.0,""energy_ratio"":0.014705882352941176,""file_loads"":0.0,""inchi_convertible"":0.0,""internal_steric_clash"":0.11764705882352941,""molecular_formula"":0.0,""no_radicals"":0.0,""planar_aromatic_rings"":0.0,""planar_double_bonds"":0.0,""reference_file_loads"":0.0,""sanitisation"":0.0,""tetrahedral_chirality"":0.0}",60,94.18707257686481,1.4709043831176976,2.3883700818247835,13.0,21.666666666666668,0.8146060852264732,0.21666666666666667,8.080254381415644,0.1572222222222222,0.38461538461538464,6.0,10.0,0.9119489331281324,0.26666666666666666,5.124295931588051,0.21111111111111114,0.0,2.0,3.3333333333333335,0.9991983542636397,0.5166666666666667,1.9988889917352368,0.5005555555555556,0.0,1.0,1.6666666666666667,0.0,1.0,1.0,1.0,0.0,60,164.4496187157735,320.56557892151193,180.7501524139784,39.39275414218453,0.36793991173581403,1.3847120648005546,0.0,1.0,1.0,1.0,0.27223541496296677,1.347128105511659,0.0,1.0,1.0,1.0,1000,0,0,0,0,0,68,0,0,0,0,60,68,68,core
3qqs_3qqs_conf0,generation,torsional_diffusion_raw,chembl_count,,torsional_diffusion_raw_chembl_count,Torsional Diffusion,torsional_diffusion_raw_chembl_count,4,19,5,0.7,5,5,0,1.0,7,5,2,0.7142857142857143,"{""all_atoms_connected"":0,""bond_angles"":0,""bond_lengths"":0,""bonds"":0,""double_bond_stereochemistry"":0,""energy_ratio"":1,""file_loads"":0,""inchi_convertible"":0,""internal_steric_clash"":2,""molecular_formula"":0,""no_radicals"":0,""planar_aromatic_rings"":0,""planar_double_bonds"":0,""reference_file_loads"":0,""sanitisation"":0,""tetrahedral_chirality"":0}","{""all_atoms_connected"":0.0,""bond_angles"":0.0,""bond_lengths"":0.0,""bonds"":0.0,""double_bond_stereochemistry"":0.0,""energy_ratio"":0.14285714285714285,""file_loads"":0.0,""inchi_convertible"":0.0,""internal_steric_clash"":0.2857142857142857,""molecular_formula"":0.0,""no_radicals"":0.0,""planar_aromatic_rings"":0.0,""planar_double_bonds"":0.0,""reference_file_loads"":0.0,""sanitisation"":0.0,""tetrahedral_chirality"":0.0}",5,89.63498564987025,1.191981001554094,1.7435280040558387,4.0,80.0,0.9609640474436812,0.4,3.7892914162759954,0.28,0.75,3.0,60.0,0.8649735207179272,0.6,2.586409289858933,0.44000000000000006,0.6666666666666666,2.0,40.0,0.7219280948873623,0.8,1.6493848884661177,0.6800000000000002,0.5,1.0,20.0,0.0,1.0,1.0,1.0,0.0,5,175.12835500238887,230.66905329132453,195.12076526835585,19.906480288238363,0.7035190788765384,1.3759680970867092,0.0,0.0,1.0,1.0,0.680414989863041,1.3379357777074592,0.0,0.0,1.0,1.0,1000,0,0,0,0,0,7,0,0,0,0,5,7,7,core
3rlr_3rlr_conf0,generation,torsional_diffusion_raw,fixed,,torsional_diffusion_raw_fixed,Torsional Diffusion,torsional_diffusion_raw_fixed,2,23,967,0.7,967,967,0,1.0,1000,967,33,0.967,"{""all_atoms_connected"":0,""bond_angles"":0,""bond_lengths"":0,""bonds"":0,""double_bond_stereochemistry"":0,""energy_ratio"":5,""file_loads"":0,""inchi_convertible"":0,""internal_steric_clash"":31,""molecular_formula"":0,""no_radicals"":0,""planar_aromatic_rings"":0,""planar_double_bonds"":0,""reference_file_loads"":0,""sanitisation"":0,""tetrahedral_chirality"":0}","{""all_atoms_connected"":0.0,""bond_angles"":0.0,""bond_lengths"":0.0,""bonds"":0.0,""double_bond_stereochemistry"":0.0,""energy_ratio"":0.005,""file_loads"":0.0,""inchi_convertible"":0.0,""internal_steric_clash"":0.031,""molecular_formula"":0.0,""no_radicals"":0.0,""planar_aromatic_rings"":0.0,""planar_double_bonds"":0.0,""reference_file_loads"":0.0,""sanitisation"":0.0,""tetrahedral_chirality"":0.0}",967,101.34690437648752,1.244421414929584,2.1448732725955075,13.0,1.344364012409514,0.8085141632605398,0.23061013443640124,7.954977899162712,0.14651546537281476,0.07692307692307693,4.0,0.4136504653567735,0.9992930718412267,0.2688728024819028,3.9960818781330145,0.250497011514412,0.0,2.0,0.20682523267838676,0.9990548025381712,0.5180972078593589,1.9986901072306755,0.5006550178646096,0.0,1.0,0.10341261633919338,0.0,1.0,1.0,1.0,0.0,967,65.11718796535449,376.1217502915032,94.11865966227475,35.52614294945511,0.21308050187688385,1.7559328484447998,1.0,1.0,1.0,1.0,0.20313591300587908,1.7654762019855452,1.0,1.0,1.0,1.0,1000,0,0,0,0,0,1000,0,0,0,0,967,1000,1000,core
3rlr_3rlr_conf0,generation,torsional_diffusion_raw,dynamic,,torsional_diffusion_raw_dynamic,Torsional Diffusion,torsional_diffusion_raw_dynamic,2,23,23,0.7,23,23,0,1.0,24,23,1,0.9583333333333334,"{""all_atoms_connected"":0,""bond_angles"":0,""bond_lengths"":0,""bonds"":0,""double_bond_stereochemistry"":0,""energy_ratio"":0,""file_loads"":0,""inchi_convertible"":0,""internal_steric_clash"":1,""molecular_formula"":0,""no_radicals"":0,""planar_aromatic_rings"":0,""planar_double_bonds"":0,""reference_file_loads"":0,""sanitisation"":0,""tetrahedral_chirality"":0}","{""all_atoms_connected"":0.0,""bond_angles"":0.0,""bond_lengths"":0.0,""bonds"":0.0,""double_bond_stereochemistry"":0.0,""energy_ratio"":0.0,""file_loads"":0.0,""inchi_convertible"":0.0,""internal_steric_clash"":0.041666666666666664,""molecular_formula"":0.0,""no_radicals"":0.0,""planar_aromatic_rings"":0.0,""planar_double_bonds"":0.0,""reference_file_loads"":0.0,""sanitisation"":0.0,""tetrahedral_chirality"":0.0}",23,99.75003004564942,1.3355050740022285,2.18757426447768,6.0,26.08695652173913,0.8743557765654036,0.30434782608695654,4.790502165433535,0.23629489603024573,0.3333333333333333,4.0,17.391304347826086,0.9410225540684312,0.34782608695652173,3.685971990723468,0.2892249527410208,0.0,2.0,8.695652173913043,0.9986359641585719,0.5217391304347826,1.9981099384508874,0.500945179584121,0.0,1.0,4.3478260869565215,0.0,1.0,1.0,1.0,0.0,23,74.09554682067176,159.700411482702,97.85129031849698,24.489696616195786,0.2895741869173284,1.1914422548559729,0.0,1.0,1.0,1.0,0.2856192221090921,1.1330206946790096,0.0,1.0,1.0,1.0,1000,0,0,0,0,0,24,0,0,0,0,23,24,24,core
3rlr_3rlr_conf0,generation,torsional_diffusion_raw,chembl_count,,torsional_diffusion_raw_chembl_count,Torsional Diffusion,torsional_diffusion_raw_chembl_count,2,23,9,0.7,9,9,0,1.0,9,9,0,1.0,"{""all_atoms_connected"":0,""bond_angles"":0,""bond_lengths"":0,""bonds"":0,""double_bond_stereochemistry"":0,""energy_ratio"":0,""file_loads"":0,""inchi_convertible"":0,""internal_steric_clash"":0,""molecular_formula"":0,""no_radicals"":0,""planar_aromatic_rings"":0,""planar_double_bonds"":0,""reference_file_loads"":0,""sanitisation"":0,""tetrahedral_chirality"":0}","{""all_atoms_connected"":0.0,""bond_angles"":0.0,""bond_lengths"":0.0,""bonds"":0.0,""double_bond_stereochemistry"":0.0,""energy_ratio"":0.0,""file_loads"":0.0,""inchi_convertible"":0.0,""internal_steric_clash"":0.0,""molecular_formula"":0.0,""no_radicals"":0.0,""planar_aromatic_rings"":0.0,""planar_double_bonds"":0.0,""reference_file_loads"":0.0,""sanitisation"":0.0,""tetrahedral_chirality"":0.0}",9,85.86574989638929,1.3586600167130436,2.211225376641908,5.0,55.55555555555556,0.9462651872218008,0.3333333333333333,4.585756412345815,0.2345679012345679,0.4,4.0,44.44444444444444,0.9182958340544894,0.4444444444444444,3.5716523669284483,0.30864197530864196,0.25,2.0,22.22222222222222,0.9182958340544894,0.6666666666666666,1.8898815748423097,0.5555555555555556,0.0,1.0,11.11111111111111,0.0,1.0,1.0,1.0,0.0,9,82.19931429239848,249.53719317846495,98.56112324895608,50.50550937156246,0.29835352279915384,1.8364603531636357,0.0,1.0,1.0,1.0,0.2910931690838144,1.850887180438209,0.0,1.0,1.0,1.0,1000,0,0,0,0,0,9,0,0,0,0,9,9,9,core
3rsx_3rsx_conf0,generation,torsional_diffusion_raw,fixed,,torsional_diffusion_raw_fixed,Torsional Diffusion,torsional_diffusion_raw_fixed,2,16,1000,0.7,1000,1000,0,1.0,1000,1000,0,1.0,"{""all_atoms_connected"":0,""bond_angles"":0,""bond_lengths"":0,""bonds"":0,""double_bond_stereochemistry"":0,""energy_ratio"":0,""file_loads"":0,""inchi_convertible"":0,""internal_steric_clash"":0,""molecular_formula"":0,""no_radicals"":0,""planar_aromatic_rings"":0,""planar_double_bonds"":0,""reference_file_loads"":0,""sanitisation"":0,""tetrahedral_chirality"":0}","{""all_atoms_connected"":0.0,""bond_angles"":0.0,""bond_lengths"":0.0,""bonds"":0.0,""double_bond_stereochemistry"":0.0,""energy_ratio"":0.0,""file_loads"":0.0,""inchi_convertible"":0.0,""internal_steric_clash"":0.0,""molecular_formula"":0.0,""no_radicals"":0.0,""planar_aromatic_rings"":0.0,""planar_double_bonds"":0.0,""reference_file_loads"":0.0,""sanitisation"":0.0,""tetrahedral_chirality"":0.0}",1000,116.33108259949617,0.6142844879418446,1.0427755421783802,4.0,0.4,0.9980064321252389,0.275,3.9889605740889302,0.25137400000000004,0.0,2.0,0.2,0.998727168607354,0.521,1.998236259170667,0.500882,0.0,1.0,0.1,0.0,1.0,1.0,1.0,0.0,1.0,0.1,0.0,1.0,1.0,1.0,0.0,1000,10.295381181490669,41.5919578354717,17.88516031022721,4.511874911225173,0.05724926581674905,0.7324265599997715,1.0,1.0,1.0,1.0,0.10382083423742373,0.8327844772926583,1.0,1.0,1.0,1.0,1000,0,0,0,0,0,1000,0,0,0,0,1000,1000,1000,core
3rsx_3rsx_conf0,generation,torsional_diffusion_raw,dynamic,,torsional_diffusion_raw_dynamic,Torsional Diffusion,torsional_diffusion_raw_dynamic,2,16,24,0.7,24,24,0,1.0,24,24,0,1.0,"{""all_atoms_connected"":0,""bond_angles"":0,""bond_lengths"":0,""bonds"":0,""double_bond_stereochemistry"":0,""energy_ratio"":0,""file_loads"":0,""inchi_convertible"":0,""internal_steric_clash"":0,""molecular_formula"":0,""no_radicals"":0,""planar_aromatic_rings"":0,""planar_double_bonds"":0,""reference_file_loads"":0,""sanitisation"":0,""tetrahedral_chirality"":0}","{""all_atoms_connected"":0.0,""bond_angles"":0.0,""bond_lengths"":0.0,""bonds"":0.0,""double_bond_stereochemistry"":0.0,""energy_ratio"":0.0,""file_loads"":0.0,""inchi_convertible"":0.0,""internal_steric_clash"":0.0,""molecular_formula"":0.0,""no_radicals"":0.0,""planar_aromatic_rings"":0.0,""planar_double_bonds"":0.0,""reference_file_loads"":0.0,""sanitisation"":0.0,""tetrahedral_chirality"":0.0}",24,105.84652303568654,0.6322310160965706,1.047299755142813,4.0,16.666666666666668,0.9856259180022331,0.3333333333333333,3.921082063428213,0.2604166666666667,0.0,2.0,8.333333333333334,0.954434002924965,0.625,1.9378192408783848,0.53125,0.0,1.0,4.166666666666667,0.0,1.0,1.0,1.0,0.0,1.0,4.166666666666667,0.0,1.0,1.0,1.0,0.0,24,12.989006904038856,28.823561547982344,19.08580250919875,4.18385931129964,0.07856494738301423,0.7501210264386167,1.0,1.0,1.0,1.0,0.13580241513957755,0.861169851243974,1.0,1.0,1.0,1.0,1000,0,0,0,0,0,24,0,0,0,0,24,24,24,core
3rsx_3rsx_conf0,generation,torsional_diffusion_raw,chembl_count,,torsional_diffusion_raw_chembl_count,Torsional Diffusion,torsional_diffusion_raw_chembl_count,2,16,4,0.7,4,4,0,1.0,4,4,0,1.0,"{""all_atoms_connected"":0,""bond_angles"":0,""bond_lengths"":0,""bonds"":0,""double_bond_stereochemistry"":0,""energy_ratio"":0,""file_loads"":0,""inchi_convertible"":0,""internal_steric_clash"":0,""molecular_formula"":0,""no_radicals"":0,""planar_aromatic_rings"":0,""planar_double_bonds"":0,""reference_file_loads"":0,""sanitisation"":0,""tetrahedral_chirality"":0}","{""all_atoms_connected"":0.0,""bond_angles"":0.0,""bond_lengths"":0.0,""bonds"":0.0,""double_bond_stereochemistry"":0.0,""energy_ratio"":0.0,""file_loads"":0.0,""inchi_convertible"":0.0,""internal_steric_clash"":0.0,""molecular_formula"":0.0,""no_radicals"":0.0,""planar_aromatic_rings"":0.0,""planar_double_bonds"":0.0,""reference_file_loads"":0.0,""sanitisation"":0.0,""tetrahedral_chirality"":0.0}",4,58.555238988458115,0.7211349957058767,1.039969103513399,2.0,50.0,1.0,0.5,2.0,0.5,0.0,2.0,50.0,0.8112781244591328,0.75,1.7547653506033232,0.625,0.5,1.0,25.0,0.0,1.0,1.0,1.0,0.0,1.0,25.0,0.0,1.0,1.0,1.0,0.0,4,13.163642305327162,23.813086535852932,14.912286194148127,4.172337095004364,0.3271711965906171,0.6583860638223746,0.0,1.0,1.0,1.0,0.22382187978243231,0.6600439763838815,1.0,1.0,1.0,1.0,1000,0,0,0,0,0,4,0,0,0,0,4,4,4,core
3ryj_3ryj_conf0,generation,torsional_diffusion_raw,fixed,,torsional_diffusion_raw_fixed,Torsional Diffusion,torsional_diffusion_raw_fixed,4,18,998,0.7,998,998,0,1.0,1000,998,2,0.998,"{""all_atoms_connected"":0,""bond_angles"":0,""bond_lengths"":0,""bonds"":0,""double_bond_stereochemistry"":0,""energy_ratio"":1,""file_loads"":0,""inchi_convertible"":0,""internal_steric_clash"":2,""molecular_formula"":0,""no_radicals"":0,""planar_aromatic_rings"":0,""planar_double_bonds"":0,""reference_file_loads"":0,""sanitisation"":0,""tetrahedral_chirality"":0}","{""all_atoms_connected"":0.0,""bond_angles"":0.0,""bond_lengths"":0.0,""bonds"":0.0,""double_bond_stereochemistry"":0.0,""energy_ratio"":0.001,""file_loads"":0.0,""inchi_convertible"":0.0,""internal_steric_clash"":0.002,""molecular_formula"":0.0,""no_radicals"":0.0,""planar_aromatic_rings"":0.0,""planar_double_bonds"":0.0,""reference_file_loads"":0.0,""sanitisation"":0.0,""tetrahedral_chirality"":0.0}",998,115.87086944477512,0.9750513210950664,1.3202436925732366,58.0,5.811623246492986,0.7326128538856267,0.11923847695390781,19.584388465544333,0.07379890040602247,0.3620689655172414,10.0,1.002004008016032,0.6601162080568895,0.3096192384769539,4.5721051315277235,0.26400697185955074,0.0,1.0,0.10020040080160321,0.0,1.0,1.0,1.0,0.0,1.0,0.10020040080160321,0.0,1.0,1.0,1.0,0.0,998,0.3073895604726573,73.76637236697414,15.989401182786436,6.171653008479929,0.24276591445184595,0.9803492173212007,1.0,1.0,1.0,1.0,0.281375919678113,0.9697928230608825,0.0,1.0,1.0,1.0,1000,0,0,0,0,0,1000,0,0,0,0,998,1000,1000,core
3ryj_3ryj_conf0,generation,torsional_diffusion_raw,dynamic,,torsional_diffusion_raw_dynamic,Torsional Diffusion,torsional_diffusion_raw_dynamic,4,18,68,0.7,68,68,0,1.0,68,68,0,1.0,"{""all_atoms_connected"":0,""bond_angles"":0,""bond_lengths"":0,""bonds"":0,""double_bond_stereochemistry"":0,""energy_ratio"":0,""file_loads"":0,""inchi_convertible"":0,""internal_steric_clash"":0,""molecular_formula"":0,""no_radicals"":0,""planar_aromatic_rings"":0,""planar_double_bonds"":0,""reference_file_loads"":0,""sanitisation"":0,""tetrahedral_chirality"":0}","{""all_atoms_connected"":0.0,""bond_angles"":0.0,""bond_lengths"":0.0,""bonds"":0.0,""double_bond_stereochemistry"":0.0,""energy_ratio"":0.0,""file_loads"":0.0,""inchi_convertible"":0.0,""internal_steric_clash"":0.0,""molecular_formula"":0.0,""no_radicals"":0.0,""planar_aromatic_rings"":0.0,""planar_double_bonds"":0.0,""reference_file_loads"":0.0,""sanitisation"":0.0,""tetrahedral_chirality"":0.0}",68,116.31876553881689,0.9474810828534658,1.2352929312153345,20.0,29.41176470588235,0.9043910680983482,0.11764705882352941,15.018961617383656,0.078719723183391,0.4,5.0,7.352941176470588,0.7754630661489784,0.38235294117647056,3.483577065851018,0.31271626297577854,0.2,1.0,1.4705882352941178,0.0,1.0,1.0,1.0,0.0,1.0,1.4705882352941178,0.0,1.0,1.0,1.0,0.0,68,5.947595024488297,35.282440282126494,16.59499615362683,6.055774428912691,0.4646492497975445,0.9881396686130588,0.0,1.0,1.0,1.0,0.39646875942537874,0.9769861958654649,0.0,1.0,1.0,1.0,1000,0,0,0,0,0,68,0,0,0,0,68,68,68,core
3ryj_3ryj_conf0,generation,torsional_diffusion_raw,chembl_count,,torsional_diffusion_raw_chembl_count,Torsional Diffusion,torsional_diffusion_raw_chembl_count,4,18,81,0.7,81,81,0,1.0,81,81,0,1.0,"{""all_atoms_connected"":0,""bond_angles"":0,""bond_lengths"":0,""bonds"":0,""double_bond_stereochemistry"":0,""energy_ratio"":0,""file_loads"":0,""inchi_convertible"":0,""internal_steric_clash"":0,""molecular_formula"":0,""no_radicals"":0,""planar_aromatic_rings"":0,""planar_double_bonds"":0,""reference_file_loads"":0,""sanitisation"":0,""tetrahedral_chirality"":0}","{""all_atoms_connected"":0.0,""bond_angles"":0.0,""bond_lengths"":0.0,""bonds"":0.0,""double_bond_stereochemistry"":0.0,""energy_ratio"":0.0,""file_loads"":0.0,""inchi_convertible"":0.0,""internal_steric_clash"":0.0,""molecular_formula"":0.0,""no_radicals"":0.0,""planar_aromatic_rings"":0.0,""planar_double_bonds"":0.0,""reference_file_loads"":0.0,""sanitisation"":0.0,""tetrahedral_chirality"":0.0}",81,117.67105673608161,0.932882089166979,1.24493444958603,17.0,20.987654320987655,0.8733405140202012,0.13580246913580246,11.8741052323482,0.09983234263069653,0.35294117647058826,5.0,6.172839506172839,0.8024208794306799,0.37037037037037035,3.6380454934326747,0.30315500685871055,0.0,1.0,1.2345679012345678,0.0,1.0,1.0,1.0,0.0,1.0,1.2345679012345678,0.0,1.0,1.0,1.0,0.0,81,4.235324614614292,26.609007234196753,14.025267168823715,4.984654682358679,0.24276591445184595,0.997262085081282,1.0,1.0,1.0,1.0,0.281375919678113,0.9788698144745351,0.0,1.0,1.0,1.0,1000,0,0,0,0,0,81,0,0,0,0,81,81,81,core
3syr_3syr_conf0,generation,torsional_diffusion_raw,fixed,,torsional_diffusion_raw_fixed,Torsional Diffusion,torsional_diffusion_raw_fixed,6,20,0,0.7,0,0,0,,1000,0,1000,0.0,"{""all_atoms_connected"":0,""bond_angles"":0,""bond_lengths"":0,""bonds"":0,""double_bond_stereochemistry"":0,""energy_ratio"":20,""file_loads"":0,""inchi_convertible"":0,""internal_steric_clash"":24,""molecular_formula"":0,""no_radicals"":0,""planar_aromatic_rings"":0,""planar_double_bonds"":0,""reference_file_loads"":0,""sanitisation"":0,""tetrahedral_chirality"":1000}","{""all_atoms_connected"":0.0,""bond_angles"":0.0,""bond_lengths"":0.0,""bonds"":0.0,""double_bond_stereochemistry"":0.0,""energy_ratio"":0.02,""file_loads"":0.0,""inchi_convertible"":0.0,""internal_steric_clash"":0.024,""molecular_formula"":0.0,""no_radicals"":0.0,""planar_aromatic_rings"":0.0,""planar_double_bonds"":0.0,""reference_file_loads"":0.0,""sanitisation"":0.0,""tetrahedral_chirality"":1.0}",0,,,,,,,,,,,,,,,,,,,,,,,,,,,,,,,,0,,,,,,,,,,,,,,,,,1000,0,0,0,0,0,1000,0,0,0,0,0,1000,1000,core
3syr_3syr_conf0,generation,torsional_diffusion_raw,dynamic,,torsional_diffusion_raw_dynamic,Torsional Diffusion,torsional_diffusion_raw_dynamic,6,20,0,0.7,0,0,0,,112,0,112,0.0,"{""all_atoms_connected"":0,""bond_angles"":0,""bond_lengths"":0,""bonds"":0,""double_bond_stereochemistry"":0,""energy_ratio"":3,""file_loads"":0,""inchi_convertible"":0,""internal_steric_clash"":4,""molecular_formula"":0,""no_radicals"":0,""planar_aromatic_rings"":0,""planar_double_bonds"":0,""reference_file_loads"":0,""sanitisation"":0,""tetrahedral_chirality"":112}","{""all_atoms_connected"":0.0,""bond_angles"":0.0,""bond_lengths"":0.0,""bonds"":0.0,""double_bond_stereochemistry"":0.0,""energy_ratio"":0.026785714285714284,""file_loads"":0.0,""inchi_convertible"":0.0,""internal_steric_clash"":0.03571428571428571,""molecular_formula"":0.0,""no_radicals"":0.0,""planar_aromatic_rings"":0.0,""planar_double_bonds"":0.0,""reference_file_loads"":0.0,""sanitisation"":0.0,""tetrahedral_chirality"":1.0}",0,,,,,,,,,,,,,,,,,,,,,,,,,,,,,,,,0,,,,,,,,,,,,,,,,,1000,0,0,0,0,0,112,0,0,0,0,0,112,112,core
3syr_3syr_conf0,generation,torsional_diffusion_raw,chembl_count,,torsional_diffusion_raw_chembl_count,Torsional Diffusion,torsional_diffusion_raw_chembl_count,6,20,0,0.7,0,0,0,,1000,0,1000,0.0,"{""all_atoms_connected"":0,""bond_angles"":0,""bond_lengths"":0,""bonds"":0,""double_bond_stereochemistry"":0,""energy_ratio"":20,""file_loads"":0,""inchi_convertible"":0,""internal_steric_clash"":24,""molecular_formula"":0,""no_radicals"":0,""planar_aromatic_rings"":0,""planar_double_bonds"":0,""reference_file_loads"":0,""sanitisation"":0,""tetrahedral_chirality"":1000}","{""all_atoms_connected"":0.0,""bond_angles"":0.0,""bond_lengths"":0.0,""bonds"":0.0,""double_bond_stereochemistry"":0.0,""energy_ratio"":0.02,""file_loads"":0.0,""inchi_convertible"":0.0,""internal_steric_clash"":0.024,""molecular_formula"":0.0,""no_radicals"":0.0,""planar_aromatic_rings"":0.0,""planar_double_bonds"":0.0,""reference_file_loads"":0.0,""sanitisation"":0.0,""tetrahedral_chirality"":1.0}",0,,,,,,,,,,,,,,,,,,,,,,,,,,,,,,,,0,,,,,,,,,,,,,,,,,1000,0,0,0,0,0,1000,0,0,0,0,0,1344,1344,core
3twp_3twp_conf0,generation,torsional_diffusion_raw,fixed,,torsional_diffusion_raw_fixed,Torsional Diffusion,torsional_diffusion_raw_fixed,2,10,1000,0.7,1000,1000,0,1.0,1000,1000,0,1.0,"{""all_atoms_connected"":0,""bond_angles"":0,""bond_lengths"":0,""bonds"":0,""double_bond_stereochemistry"":0,""energy_ratio"":0,""file_loads"":0,""inchi_convertible"":0,""internal_steric_clash"":0,""molecular_formula"":0,""no_radicals"":0,""planar_aromatic_rings"":0,""planar_double_bonds"":0,""reference_file_loads"":0,""sanitisation"":0,""tetrahedral_chirality"":0}","{""all_atoms_connected"":0.0,""bond_angles"":0.0,""bond_lengths"":0.0,""bonds"":0.0,""double_bond_stereochemistry"":0.0,""energy_ratio"":0.0,""file_loads"":0.0,""inchi_convertible"":0.0,""internal_steric_clash"":0.0,""molecular_formula"":0.0,""no_radicals"":0.0,""planar_aromatic_rings"":0.0,""planar_double_bonds"":0.0,""reference_file_loads"":0.0,""sanitisation"":0.0,""tetrahedral_chirality"":0.0}",1000,148.1842969403976,0.08505177430036431,0.0848472679612812,2.0,0.2,0.2513881446901185,0.958,1.1903519071705018,0.9195279999999999,0.0,1.0,0.1,0.0,1.0,1.0,1.0,0.0,1.0,0.1,0.0,1.0,1.0,1.0,0.0,1.0,0.1,0.0,1.0,1.0,1.0,0.0,1000,23.610088573120173,62.1850938616202,30.678741227344926,6.372185532811744,0.049511127741601935,0.08252007951585386,1.0,1.0,1.0,1.0,0.07266444251533928,0.08351139350887776,1.0,1.0,1.0,1.0,1000,0,0,0,0,0,1000,0,0,0,0,1000,1000,1000,core
3twp_3twp_conf0,generation,torsional_diffusion_raw,dynamic,,torsional_diffusion_raw_dynamic,Torsional Diffusion,torsional_diffusion_raw_dynamic,2,10,24,0.7,24,24,0,1.0,24,24,0,1.0,"{""all_atoms_connected"":0,""bond_angles"":0,""bond_lengths"":0,""bonds"":0,""double_bond_stereochemistry"":0,""energy_ratio"":0,""file_loads"":0,""inchi_convertible"":0,""internal_steric_clash"":0,""molecular_formula"":0,""no_radicals"":0,""planar_aromatic_rings"":0,""planar_double_bonds"":0,""reference_file_loads"":0,""sanitisation"":0,""tetrahedral_chirality"":0}","{""all_atoms_connected"":0.0,""bond_angles"":0.0,""bond_lengths"":0.0,""bonds"":0.0,""double_bond_stereochemistry"":0.0,""energy_ratio"":0.0,""file_loads"":0.0,""inchi_convertible"":0.0,""internal_steric_clash"":0.0,""molecular_formula"":0.0,""no_radicals"":0.0,""planar_aromatic_rings"":0.0,""planar_double_bonds"":0.0,""reference_file_loads"":0.0,""sanitisation"":0.0,""tetrahedral_chirality"":0.0}",24,147.1003452135908,0.1116229999899823,0.13320860647288923,2.0,8.333333333333334,0.24988229283318544,0.9583333333333334,1.1891100934658385,0.9201388888888891,0.5,1.0,4.166666666666667,0.0,1.0,1.0,1.0,0.0,1.0,4.166666666666667,0.0,1.0,1.0,1.0,0.0,1.0,4.166666666666667,0.0,1.0,1.0,1.0,0.0,24,25.256152728531465,57.87881126921302,33.36545893128563,7.5631718245719775,0.05676609848045392,0.08621155459875646,1.0,1.0,1.0,1.0,0.07357611595594182,0.08477882601753181,1.0,1.0,1.0,1.0,1000,0,0,0,0,0,24,0,0,0,0,24,24,24,core
3twp_3twp_conf0,generation,torsional_diffusion_raw,chembl_count,,torsional_diffusion_raw_chembl_count,Torsional Diffusion,torsional_diffusion_raw_chembl_count,2,10,1,0.7,1,1,0,1.0,1,1,0,1.0,"{""all_atoms_connected"":0,""bond_angles"":0,""bond_lengths"":0,""bonds"":0,""double_bond_stereochemistry"":0,""energy_ratio"":0,""file_loads"":0,""inchi_convertible"":0,""internal_steric_clash"":0,""molecular_formula"":0,""no_radicals"":0,""planar_aromatic_rings"":0,""planar_double_bonds"":0,""reference_file_loads"":0,""sanitisation"":0,""tetrahedral_chirality"":0}","{""all_atoms_connected"":0.0,""bond_angles"":0.0,""bond_lengths"":0.0,""bonds"":0.0,""double_bond_stereochemistry"":0.0,""energy_ratio"":0.0,""file_loads"":0.0,""inchi_convertible"":0.0,""internal_steric_clash"":0.0,""molecular_formula"":0.0,""no_radicals"":0.0,""planar_aromatic_rings"":0.0,""planar_double_bonds"":0.0,""reference_file_loads"":0.0,""sanitisation"":0.0,""tetrahedral_chirality"":0.0}",1,0.0,,,1.0,100.0,0.0,1.0,1.0,1.0,1.0,1.0,100.0,0.0,1.0,1.0,1.0,1.0,1.0,100.0,0.0,1.0,1.0,1.0,1.0,1.0,100.0,0.0,1.0,1.0,1.0,1.0,1,28.38536990338915,28.38536990338915,28.38536990338915,0.0,0.0636748561318532,0.0636748561318532,1.0,1.0,1.0,1.0,0.08330688396762778,0.08330688396762778,1.0,1.0,1.0,1.0,1000,0,0,0,0,0,1,0,0,0,0,1,1,1,core
3u5j_3u5j_conf0,generation,torsional_diffusion_raw,fixed,,torsional_diffusion_raw_fixed,Torsional Diffusion,torsional_diffusion_raw_fixed,1,22,915,0.7,915,915,0,1.0,1000,915,85,0.915,"{""all_atoms_connected"":0,""bond_angles"":0,""bond_lengths"":0,""bonds"":0,""double_bond_stereochemistry"":0,""energy_ratio"":85,""file_loads"":0,""inchi_convertible"":0,""internal_steric_clash"":0,""molecular_formula"":0,""no_radicals"":0,""planar_aromatic_rings"":0,""planar_double_bonds"":0,""reference_file_loads"":0,""sanitisation"":0,""tetrahedral_chirality"":0}","{""all_atoms_connected"":0.0,""bond_angles"":0.0,""bond_lengths"":0.0,""bonds"":0.0,""double_bond_stereochemistry"":0.0,""energy_ratio"":0.085,""file_loads"":0.0,""inchi_convertible"":0.0,""internal_steric_clash"":0.0,""molecular_formula"":0.0,""no_radicals"":0.0,""planar_aromatic_rings"":0.0,""planar_double_bonds"":0.0,""reference_file_loads"":0.0,""sanitisation"":0.0,""tetrahedral_chirality"":0.0}",915,106.753200975686,0.882642270886446,1.5759582806282535,4.0,0.4371584699453552,0.9664427305032995,0.34207650273224044,3.818180910054247,0.2730006867926782,0.0,2.0,0.2185792349726776,0.9980959023798263,0.5256830601092897,1.9973621013646023,0.5013192391531549,0.0,1.0,0.1092896174863388,0.0,1.0,1.0,1.0,0.0,1.0,0.1092896174863388,0.0,1.0,1.0,1.0,0.0,915,131.65719333102408,2174.046596550889,157.64630656747113,220.83582343115117,0.2507259826270726,0.7356826213442837,0.0,1.0,1.0,1.0,0.23370877016178424,0.7028382958820538,1.0,1.0,1.0,1.0,1000,0,0,0,0,0,1000,0,0,0,0,915,1000,1000,core
3u5j_3u5j_conf0,generation,torsional_diffusion_raw,dynamic,,torsional_diffusion_raw_dynamic,Torsional Diffusion,torsional_diffusion_raw_dynamic,1,22,2,0.7,2,2,0,1.0,2,2,0,1.0,"{""all_atoms_connected"":0,""bond_angles"":0,""bond_lengths"":0,""bonds"":0,""double_bond_stereochemistry"":0,""energy_ratio"":0,""file_loads"":0,""inchi_convertible"":0,""internal_steric_clash"":0,""molecular_formula"":0,""no_radicals"":0,""planar_aromatic_rings"":0,""planar_double_bonds"":0,""reference_file_loads"":0,""sanitisation"":0,""tetrahedral_chirality"":0}","{""all_atoms_connected"":0.0,""bond_angles"":0.0,""bond_lengths"":0.0,""bonds"":0.0,""double_bond_stereochemistry"":0.0,""energy_ratio"":0.0,""file_loads"":0.0,""inchi_convertible"":0.0,""internal_steric_clash"":0.0,""molecular_formula"":0.0,""no_radicals"":0.0,""planar_aromatic_rings"":0.0,""planar_double_bonds"":0.0,""reference_file_loads"":0.0,""sanitisation"":0.0,""tetrahedral_chirality"":0.0}",2,58.36413997026491,0.07557654640546582,0.07557654640546582,1.0,50.0,0.0,1.0,1.0,1.0,0.0,1.0,50.0,0.0,1.0,1.0,1.0,0.0,1.0,50.0,0.0,1.0,1.0,1.0,0.0,1.0,50.0,0.0,1.0,1.0,1.0,0.0,2,220.89263248868008,231.5455575063089,226.2190949974945,5.326462508814416,0.5048394645362251,0.5079683202470591,0.0,0.0,1.0,1.0,0.4406273264261674,0.44957955242390124,0.0,1.0,1.0,1.0,1000,0,0,0,0,0,2,0,0,0,0,2,2,2,core
3u5j_3u5j_conf0,generation,torsional_diffusion_raw,chembl_count,,torsional_diffusion_raw_chembl_count,Torsional Diffusion,torsional_diffusion_raw_chembl_count,1,22,2,0.7,2,2,0,1.0,2,2,0,1.0,"{""all_atoms_connected"":0,""bond_angles"":0,""bond_lengths"":0,""bonds"":0,""double_bond_stereochemistry"":0,""energy_ratio"":0,""file_loads"":0,""inchi_convertible"":0,""internal_steric_clash"":0,""molecular_formula"":0,""no_radicals"":0,""planar_aromatic_rings"":0,""planar_double_bonds"":0,""reference_file_loads"":0,""sanitisation"":0,""tetrahedral_chirality"":0}","{""all_atoms_connected"":0.0,""bond_angles"":0.0,""bond_lengths"":0.0,""bonds"":0.0,""double_bond_stereochemistry"":0.0,""energy_ratio"":0.0,""file_loads"":0.0,""inchi_convertible"":0.0,""internal_steric_clash"":0.0,""molecular_formula"":0.0,""no_radicals"":0.0,""planar_aromatic_rings"":0.0,""planar_double_bonds"":0.0,""reference_file_loads"":0.0,""sanitisation"":0.0,""tetrahedral_chirality"":0.0}",2,112.3588534605134,1.580373976511903,1.580373976511903,2.0,100.0,1.0,0.5,2.0,0.5,1.0,2.0,100.0,1.0,0.5,2.0,0.5,1.0,1.0,50.0,0.0,1.0,1.0,1.0,0.0,1.0,50.0,0.0,1.0,1.0,1.0,0.0,2,133.5500790011513,144.40962974756917,138.97985437436023,5.42977537320894,0.28601517425244055,1.0033402803936975,0.0,1.0,1.0,1.0,0.28343494169103584,0.9817917359084583,0.0,1.0,1.0,1.0,1000,0,0,0,0,0,2,0,0,0,0,2,2,2,core
3u8n_3u8n_conf0,generation,torsional_diffusion_raw,fixed,,torsional_diffusion_raw_fixed,Torsional Diffusion,torsional_diffusion_raw_fixed,3,17,960,0.7,960,959,1,0.9989583333333333,1000,960,40,0.96,"{""all_atoms_connected"":0,""bond_angles"":0,""bond_lengths"":0,""bonds"":0,""double_bond_stereochemistry"":0,""energy_ratio"":38,""file_loads"":0,""inchi_convertible"":0,""internal_steric_clash"":11,""molecular_formula"":0,""no_radicals"":0,""planar_aromatic_rings"":0,""planar_double_bonds"":0,""reference_file_loads"":0,""sanitisation"":0,""tetrahedral_chirality"":0}","{""all_atoms_connected"":0.0,""bond_angles"":0.0,""bond_lengths"":0.0,""bonds"":0.0,""double_bond_stereochemistry"":0.0,""energy_ratio"":0.038,""file_loads"":0.0,""inchi_convertible"":0.0,""internal_steric_clash"":0.011,""molecular_formula"":0.0,""no_radicals"":0.0,""planar_aromatic_rings"":0.0,""planar_double_bonds"":0.0,""reference_file_loads"":0.0,""sanitisation"":0.0,""tetrahedral_chirality"":0.0}",960,101.01775712393913,1.2304790500354654,1.630834666037483,253.0,26.354166666666668,0.9503650553867606,0.017708333333333333,192.23911887052446,0.006419270833333334,0.25296442687747034,13.0,1.3541666666666667,0.8983214445459602,0.16354166666666667,10.015651425471008,0.11066840277777777,0.07692307692307693,2.0,0.20833333333333334,0.3651457103856824,0.9302083333333333,1.2880117105044548,0.8701584201388888,0.0,1.0,0.10416666666666667,0.0,1.0,1.0,1.0,0.0,960,120.74167606881096,616.6199562216852,142.68241190714554,55.56083670279472,0.40830613821748774,1.313980952477197,0.0,1.0,1.0,1.0,0.4025354213500179,1.3512751352724486,0.0,1.0,1.0,1.0,1000,0,0,0,0,0,1000,0,0,0,0,960,1000,1000,core
3u8n_3u8n_conf0,generation,torsional_diffusion_raw,dynamic,,torsional_diffusion_raw_dynamic,Torsional Diffusion,torsional_diffusion_raw_dynamic,3,17,44,0.7,44,43,1,0.9772727272727273,46,44,2,0.9565217391304348,"{""all_atoms_connected"":0,""bond_angles"":0,""bond_lengths"":0,""bonds"":0,""double_bond_stereochemistry"":0,""energy_ratio"":2,""file_loads"":0,""inchi_convertible"":0,""internal_steric_clash"":0,""molecular_formula"":0,""no_radicals"":0,""planar_aromatic_rings"":0,""planar_double_bonds"":0,""reference_file_loads"":0,""sanitisation"":0,""tetrahedral_chirality"":0}","{""all_atoms_connected"":0.0,""bond_angles"":0.0,""bond_lengths"":0.0,""bonds"":0.0,""double_bond_stereochemistry"":0.0,""energy_ratio"":0.043478260869565216,""file_loads"":0.0,""inchi_convertible"":0.0,""internal_steric_clash"":0.0,""molecular_formula"":0.0,""no_radicals"":0.0,""planar_aromatic_rings"":0.0,""planar_double_bonds"":0.0,""reference_file_loads"":0.0,""sanitisation"":0.0,""tetrahedral_chirality"":0.0}",44,102.70475508852098,1.2692460784008344,1.6748039325828166,40.0,90.9090909090909,0.9916731948876162,0.045454545454545456,38.79001521982493,0.026859504132231406,0.9,8.0,18.181818181818183,0.8786085253158115,0.3181818181818182,6.215306664696493,0.19214876033057854,0.125,1.0,2.272727272727273,0.0,1.0,1.0,1.0,0.0,1.0,2.272727272727273,0.0,1.0,1.0,1.0,0.0,44,127.83527599546905,469.92212242361444,141.64411754698787,58.38372120661223,0.44308624901922017,1.3678359160933304,0.0,1.0,1.0,1.0,0.4025354213500179,1.4203307478843286,0.0,1.0,1.0,1.0,1000,0,0,0,0,0,46,0,0,0,0,44,46,46,core
3u8n_3u8n_conf0,generation,torsional_diffusion_raw,chembl_count,,torsional_diffusion_raw_chembl_count,Torsional Diffusion,torsional_diffusion_raw_chembl_count,3,17,191,0.7,191,191,0,1.0,197,191,6,0.9695431472081218,"{""all_atoms_connected"":0,""bond_angles"":0,""bond_lengths"":0,""bonds"":0,""double_bond_stereochemistry"":0,""energy_ratio"":6,""file_loads"":0,""inchi_convertible"":0,""internal_steric_clash"":1,""molecular_formula"":0,""no_radicals"":0,""planar_aromatic_rings"":0,""planar_double_bonds"":0,""reference_file_loads"":0,""sanitisation"":0,""tetrahedral_chirality"":0}","{""all_atoms_connected"":0.0,""bond_angles"":0.0,""bond_lengths"":0.0,""bonds"":0.0,""double_bond_stereochemistry"":0.0,""energy_ratio"":0.030456852791878174,""file_loads"":0.0,""inchi_convertible"":0.0,""internal_steric_clash"":0.005076142131979695,""molecular_formula"":0.0,""no_radicals"":0.0,""planar_aromatic_rings"":0.0,""planar_double_bonds"":0.0,""reference_file_loads"":0.0,""sanitisation"":0.0,""tetrahedral_chirality"":0.0}",191,99.59434318256513,1.2188910390415475,1.6183258644901524,103.0,53.92670157068063,0.9607048699153179,0.05235602094240838,85.85043975800053,0.01444587593541844,0.5145631067961165,11.0,5.7591623036649215,0.8883690639090386,0.2513089005235602,8.41668444095613,0.14486993229352263,0.0,1.0,0.5235602094240838,0.0,1.0,1.0,1.0,0.0,1.0,0.5235602094240838,0.0,1.0,1.0,1.0,0.0,191,122.29440316986697,616.6199562216852,144.67585984328608,61.179487518805296,0.487560023617637,1.299536277338318,0.0,1.0,1.0,1.0,0.5473814855508031,1.3299753516612702,0.0,0.0,1.0,1.0,1000,0,0,0,0,0,197,0,0,0,0,191,197,197,core
3uo4_3uo4_conf0,generation,torsional_diffusion_raw,fixed,,torsional_diffusion_raw_fixed,Torsional Diffusion,torsional_diffusion_raw_fixed,6,29,971,0.7,971,970,1,0.9989701338825953,1000,971,29,0.971,"{""all_atoms_connected"":0,""bond_angles"":0,""bond_lengths"":0,""bonds"":0,""double_bond_stereochemistry"":0,""energy_ratio"":13,""file_loads"":0,""inchi_convertible"":0,""internal_steric_clash"":23,""molecular_formula"":0,""no_radicals"":0,""planar_aromatic_rings"":0,""planar_double_bonds"":0,""reference_file_loads"":0,""sanitisation"":0,""tetrahedral_chirality"":0}","{""all_atoms_connected"":0.0,""bond_angles"":0.0,""bond_lengths"":0.0,""bonds"":0.0,""double_bond_stereochemistry"":0.0,""energy_ratio"":0.013,""file_loads"":0.0,""inchi_convertible"":0.0,""internal_steric_clash"":0.023,""molecular_formula"":0.0,""no_radicals"":0.0,""planar_aromatic_rings"":0.0,""planar_double_bonds"":0.0,""reference_file_loads"":0.0,""sanitisation"":0.0,""tetrahedral_chirality"":0.0}",971,117.1628212243844,2.4784353556819942,3.380827133442444,148.0,15.242018537590113,0.8325890822685933,0.08032955715756952,64.11154012760854,0.026266358802809805,0.4391891891891892,34.0,3.501544799176107,0.8105444301088337,0.12049433573635428,17.431377412263686,0.0687761775315244,0.17647058823529413,9.0,0.9268795056642637,0.9666362653367189,0.19155509783728114,8.36383421023397,0.12684535356438678,0.0,3.0,0.30895983522142123,0.9356952012912658,0.47579814624098865,2.7953749463892397,0.3778675301561981,0.0,971,21.05506118406163,199.32806007194264,52.242212149614076,22.876566272277795,0.3852035829372241,2.6941716986195554,0.0,1.0,1.0,1.0,0.4537760594503488,2.6443861233145842,0.0,1.0,1.0,1.0,1000,0,0,0,0,0,1000,0,0,0,0,971,1000,1000,core
3uo4_3uo4_conf0,generation,torsional_diffusion_raw,dynamic,,torsional_diffusion_raw_dynamic,Torsional Diffusion,torsional_diffusion_raw_dynamic,6,29,107,0.7,107,107,0,1.0,112,107,5,0.9553571428571428,"{""all_atoms_connected"":0,""bond_angles"":0,""bond_lengths"":0,""bonds"":0,""double_bond_stereochemistry"":0,""energy_ratio"":2,""file_loads"":0,""inchi_convertible"":0,""internal_steric_clash"":4,""molecular_formula"":0,""no_radicals"":0,""planar_aromatic_rings"":0,""planar_double_bonds"":0,""reference_file_loads"":0,""sanitisation"":0,""tetrahedral_chirality"":0}","{""all_atoms_connected"":0.0,""bond_angles"":0.0,""bond_lengths"":0.0,""bonds"":0.0,""double_bond_stereochemistry"":0.0,""energy_ratio"":0.017857142857142856,""file_loads"":0.0,""inchi_convertible"":0.0,""internal_steric_clash"":0.03571428571428571,""molecular_formula"":0.0,""no_radicals"":0.0,""planar_aromatic_rings"":0.0,""planar_double_bonds"":0.0,""reference_file_loads"":0.0,""sanitisation"":0.0,""tetrahedral_chirality"":0.0}",107,117.24447006473952,2.474138556832121,3.3593337092270095,49.0,45.794392523364486,0.9287828427692778,0.09345794392523364,37.13856509046076,0.035374268495065066,0.5306122448979592,18.0,16.822429906542055,0.923454621588987,0.12149532710280374,14.427370879307837,0.07852214167176172,0.16666666666666666,7.0,6.542056074766355,0.9915167772887532,0.17757009345794392,6.885395401096682,0.14734911345969076,0.0,3.0,2.803738317757009,0.9489880049820715,0.4953271028037383,2.8364971246058155,0.372870993099834,0.0,107,24.43336955883294,134.6777140975421,55.09906385116633,19.518940547226087,0.5162467181066898,2.7224715032187556,0.0,0.0,1.0,1.0,0.6094365455431764,2.750699077454435,0.0,0.0,1.0,1.0,1000,0,0,0,0,0,112,0,0,0,0,107,112,112,core
3uo4_3uo4_conf0,generation,torsional_diffusion_raw,chembl_count,,torsional_diffusion_raw_chembl_count,Torsional Diffusion,torsional_diffusion_raw_chembl_count,6,29,26,0.7,26,26,0,1.0,26,26,0,1.0,"{""all_atoms_connected"":0,""bond_angles"":0,""bond_lengths"":0,""bonds"":0,""double_bond_stereochemistry"":0,""energy_ratio"":0,""file_loads"":0,""inchi_convertible"":0,""internal_steric_clash"":0,""molecular_formula"":0,""no_radicals"":0,""planar_aromatic_rings"":0,""planar_double_bonds"":0,""reference_file_loads"":0,""sanitisation"":0,""tetrahedral_chirality"":0}","{""all_atoms_connected"":0.0,""bond_angles"":0.0,""bond_lengths"":0.0,""bonds"":0.0,""double_bond_stereochemistry"":0.0,""energy_ratio"":0.0,""file_loads"":0.0,""inchi_convertible"":0.0,""internal_steric_clash"":0.0,""molecular_formula"":0.0,""no_radicals"":0.0,""planar_aromatic_rings"":0.0,""planar_double_bonds"":0.0,""reference_file_loads"":0.0,""sanitisation"":0.0,""tetrahedral_chirality"":0.0}",26,112.64279491346866,2.475137373340788,3.4929209342698884,18.0,69.23076923076923,0.9393906702789884,0.19230769230769232,15.107453978877823,0.08284023668639054,0.7777777777777778,11.0,42.30769230769231,0.9065561940793706,0.2692307692307692,8.791864562109163,0.13905325443786984,0.45454545454545453,6.0,23.076923076923077,0.8908436958775648,0.38461538461538464,4.934136227565966,0.23668639053254442,0.16666666666666666,2.0,7.6923076923076925,0.5159469300074474,0.8846153846153846,1.4299323848799934,0.7958579881656804,0.0,26,29.34224889527932,135.72274490129263,51.60233483274985,23.628965563852077,0.7571591811143477,2.1281925077875607,0.0,0.0,0.0,1.0,0.6954003489687536,2.0968058655839723,0.0,0.0,1.0,1.0,1000,0,0,0,0,0,26,0,0,0,0,26,26,26,core
3up2_3up2_conf0,generation,torsional_diffusion_raw,fixed,,torsional_diffusion_raw_fixed,Torsional Diffusion,torsional_diffusion_raw_fixed,6,28,974,0.7,974,956,18,0.9815195071868583,1000,974,26,0.974,"{""all_atoms_connected"":0,""bond_angles"":0,""bond_lengths"":0,""bonds"":0,""double_bond_stereochemistry"":0,""energy_ratio"":10,""file_loads"":0,""inchi_convertible"":0,""internal_steric_clash"":21,""molecular_formula"":0,""no_radicals"":0,""planar_aromatic_rings"":0,""planar_double_bonds"":0,""reference_file_loads"":0,""sanitisation"":0,""tetrahedral_chirality"":0}","{""all_atoms_connected"":0.0,""bond_angles"":0.0,""bond_lengths"":0.0,""bonds"":0.0,""double_bond_stereochemistry"":0.0,""energy_ratio"":0.01,""file_loads"":0.0,""inchi_convertible"":0.0,""internal_steric_clash"":0.021,""molecular_formula"":0.0,""no_radicals"":0.0,""planar_aromatic_rings"":0.0,""planar_double_bonds"":0.0,""reference_file_loads"":0.0,""sanitisation"":0.0,""tetrahedral_chirality"":0.0}",974,113.73635857495287,2.368464037870439,3.339953389754042,222.0,22.792607802874745,0.8880964872190991,0.04004106776180698,121.27962191319571,0.013167825474661528,0.4144144144144144,37.0,3.7987679671457903,0.8738715783242869,0.10164271047227925,23.464262888531596,0.05179007374488234,0.16216216216216217,8.0,0.8213552361396304,0.9642304177861,0.24435318275154005,7.426545316702676,0.14540264537102238,0.0,2.0,0.2053388090349076,0.9982473910262705,0.5246406570841889,1.9975718432428904,0.5012143239630813,0.0,974,5.28349771583774,511.97283692260567,29.99648362758128,36.218408071671014,0.4001964817298326,2.2839045027360134,0.0,1.0,1.0,1.0,0.4298327941088009,2.1282598248230973,0.0,1.0,1.0,1.0,1000,0,0,0,0,0,1000,0,0,0,0,974,1000,1000,core
3up2_3up2_conf0,generation,torsional_diffusion_raw,dynamic,,torsional_diffusion_raw_dynamic,Torsional Diffusion,torsional_diffusion_raw_dynamic,6,28,105,0.7,105,102,3,0.9714285714285714,112,105,7,0.9375,"{""all_atoms_connected"":0,""bond_angles"":0,""bond_lengths"":0,""bonds"":0,""double_bond_stereochemistry"":0,""energy_ratio"":4,""file_loads"":0,""inchi_convertible"":0,""internal_steric_clash"":4,""molecular_formula"":0,""no_radicals"":0,""planar_aromatic_rings"":0,""planar_double_bonds"":0,""reference_file_loads"":0,""sanitisation"":0,""tetrahedral_chirality"":0}","{""all_atoms_connected"":0.0,""bond_angles"":0.0,""bond_lengths"":0.0,""bonds"":0.0,""double_bond_stereochemistry"":0.0,""energy_ratio"":0.03571428571428571,""file_loads"":0.0,""inchi_convertible"":0.0,""internal_steric_clash"":0.03571428571428571,""molecular_formula"":0.0,""no_radicals"":0.0,""planar_aromatic_rings"":0.0,""planar_double_bonds"":0.0,""reference_file_loads"":0.0,""sanitisation"":0.0,""tetrahedral_chirality"":0.0}",105,113.06280132539385,2.344375780604871,3.2893104149387096,62.0,59.04761904761905,0.9578787681824327,0.05714285714285714,52.10674489154563,0.023129251700680267,0.6129032258064516,19.0,18.095238095238095,0.9262487630205891,0.14285714285714285,15.291283531661254,0.07555555555555553,0.15789473684210525,6.0,5.714285714285714,0.949132191460518,0.26666666666666666,5.477323622470678,0.19564625850340137,0.0,2.0,1.9047619047619047,0.9999345706643479,0.5047619047619047,1.9999092977377209,0.5000453514739229,0.0,105,6.478482856340619,190.41494053913777,32.30494979147063,25.234108741958536,0.44052334770548707,2.3702845430620103,0.0,1.0,1.0,1.0,0.6859489199904563,2.1061933966059407,0.0,0.0,1.0,1.0,1000,0,0,0,0,0,112,0,0,0,0,105,112,112,core
3up2_3up2_conf0,generation,torsional_diffusion_raw,chembl_count,,torsional_diffusion_raw_chembl_count,Torsional Diffusion,torsional_diffusion_raw_chembl_count,6,28,41,0.7,41,41,0,1.0,43,41,2,0.9534883720930232,"{""all_atoms_connected"":0,""bond_angles"":0,""bond_lengths"":0,""bonds"":0,""double_bond_stereochemistry"":0,""energy_ratio"":1,""file_loads"":0,""inchi_convertible"":0,""internal_steric_clash"":1,""molecular_formula"":0,""no_radicals"":0,""planar_aromatic_rings"":0,""planar_double_bonds"":0,""reference_file_loads"":0,""sanitisation"":0,""tetrahedral_chirality"":0}","{""all_atoms_connected"":0.0,""bond_angles"":0.0,""bond_lengths"":0.0,""bonds"":0.0,""double_bond_stereochemistry"":0.0,""energy_ratio"":0.023255813953488372,""file_loads"":0.0,""inchi_convertible"":0.0,""internal_steric_clash"":0.023255813953488372,""molecular_formula"":0.0,""no_radicals"":0.0,""planar_aromatic_rings"":0.0,""planar_double_bonds"":0.0,""reference_file_loads"":0.0,""sanitisation"":0.0,""tetrahedral_chirality"":0.0}",41,112.96998593755164,2.3462691952734294,3.275949253406,29.0,70.73170731707317,0.9609280062945311,0.0975609756097561,25.424896433460837,0.04580606781677572,0.7586206896551724,17.0,41.46341463414634,0.9393435210255802,0.12195121951219512,14.315753845921178,0.07911957168352171,0.4117647058823529,5.0,12.195121951219512,0.9001983225379226,0.36585365853658536,4.258058516098333,0.2587745389649019,0.0,2.0,4.878048780487805,0.9892452969285004,0.5609756097560976,1.9851462488907359,0.5074360499702559,0.0,41,13.55709744694692,324.1159009822014,28.060614068990162,47.62879276781387,0.685090338141358,2.413894035951137,0.0,0.0,1.0,1.0,0.7235687225496465,2.3489008009852657,0.0,0.0,1.0,1.0,1000,0,0,0,0,0,43,0,0,0,0,41,43,43,core
3wtj_3wtj_conf0,generation,torsional_diffusion_raw,fixed,,torsional_diffusion_raw_fixed,Torsional Diffusion,torsional_diffusion_raw_fixed,2,16,822,0.7,822,786,36,0.9562043795620438,1000,822,178,0.822,"{""all_atoms_connected"":0,""bond_angles"":0,""bond_lengths"":0,""bonds"":0,""double_bond_stereochemistry"":177,""energy_ratio"":2,""file_loads"":0,""inchi_convertible"":0,""internal_steric_clash"":101,""molecular_formula"":0,""no_radicals"":0,""planar_aromatic_rings"":0,""planar_double_bonds"":0,""reference_file_loads"":0,""sanitisation"":0,""tetrahedral_chirality"":0}","{""all_atoms_connected"":0.0,""bond_angles"":0.0,""bond_lengths"":0.0,""bonds"":0.0,""double_bond_stereochemistry"":0.177,""energy_ratio"":0.002,""file_loads"":0.0,""inchi_convertible"":0.0,""internal_steric_clash"":0.101,""molecular_formula"":0.0,""no_radicals"":0.0,""planar_aromatic_rings"":0.0,""planar_double_bonds"":0.0,""reference_file_loads"":0.0,""sanitisation"":0.0,""tetrahedral_chirality"":0.0}",822,100.90348819448333,1.3798854790908082,1.8413601880466721,77.0,9.367396593673966,0.8562522481678306,0.09367396593673966,41.239360740294586,0.036561469562694994,0.11688311688311688,17.0,2.068126520681265,0.8170965409866746,0.18126520681265207,10.12501225442675,0.12486310168658724,0.0,2.0,0.24330900243309003,0.9751920798803194,0.5924574209245742,1.965902919249662,0.5170967493680478,0.0,1.0,0.12165450121654502,0.0,1.0,1.0,1.0,0.0,822,-21.51456401361918,13500.879828808189,-5.041791539106086,470.8515595787017,0.2720493801104651,1.437097995804915,0.0,1.0,1.0,1.0,0.25768734857571773,1.4031820450467811,0.0,1.0,1.0,1.0,1000,0,0,0,0,0,1000,0,0,0,0,822,1000,1000,core
3wtj_3wtj_conf0,generation,torsional_diffusion_raw,dynamic,,torsional_diffusion_raw_dynamic,Torsional Diffusion,torsional_diffusion_raw_dynamic,2,16,22,0.7,22,22,0,1.0,24,22,2,0.9166666666666666,"{""all_atoms_connected"":0,""bond_angles"":0,""bond_lengths"":0,""bonds"":0,""double_bond_stereochemistry"":2,""energy_ratio"":0,""file_loads"":0,""inchi_convertible"":0,""internal_steric_clash"":1,""molecular_formula"":0,""no_radicals"":0,""planar_aromatic_rings"":0,""planar_double_bonds"":0,""reference_file_loads"":0,""sanitisation"":0,""tetrahedral_chirality"":0}","{""all_atoms_connected"":0.0,""bond_angles"":0.0,""bond_lengths"":0.0,""bonds"":0.0,""double_bond_stereochemistry"":0.08333333333333333,""energy_ratio"":0.0,""file_loads"":0.0,""inchi_convertible"":0.0,""internal_steric_clash"":0.041666666666666664,""molecular_formula"":0.0,""no_radicals"":0.0,""planar_aromatic_rings"":0.0,""planar_double_bonds"":0.0,""reference_file_loads"":0.0,""sanitisation"":0.0,""tetrahedral_chirality"":0.0}",22,101.76317099202367,1.3727051888021764,1.8548702473708738,13.0,59.09090909090909,0.9501648206912282,0.18181818181818182,11.44009907498025,0.09917355371900824,0.5384615384615384,6.0,27.272727272727273,0.9044699722233289,0.3181818181818182,5.056085854233134,0.22314049586776855,0.16666666666666666,1.0,4.545454545454546,0.0,1.0,1.0,1.0,0.0,1.0,4.545454545454546,0.0,1.0,1.0,1.0,0.0,22,-16.934259645589872,7.395374603537604,-6.2787084602837275,6.729585872474899,0.2720493801104651,1.3062401619213262,0.0,1.0,1.0,1.0,0.25768734857571773,1.2690302664844229,0.0,1.0,1.0,1.0,1000,0,0,0,0,0,24,0,0,0,0,22,24,24,core
3wtj_3wtj_conf0,generation,torsional_diffusion_raw,chembl_count,,torsional_diffusion_raw_chembl_count,Torsional Diffusion,torsional_diffusion_raw_chembl_count,2,16,40,0.7,40,38,2,0.95,52,40,12,0.7692307692307693,"{""all_atoms_connected"":0,""bond_angles"":0,""bond_lengths"":0,""bonds"":0,""double_bond_stereochemistry"":12,""energy_ratio"":0,""file_loads"":0,""inchi_convertible"":0,""internal_steric_clash"":4,""molecular_formula"":0,""no_radicals"":0,""planar_aromatic_rings"":0,""planar_double_bonds"":0,""reference_file_loads"":0,""sanitisation"":0,""tetrahedral_chirality"":0}","{""all_atoms_connected"":0.0,""bond_angles"":0.0,""bond_lengths"":0.0,""bonds"":0.0,""double_bond_stereochemistry"":0.23076923076923078,""energy_ratio"":0.0,""file_loads"":0.0,""inchi_convertible"":0.0,""internal_steric_clash"":0.07692307692307693,""molecular_formula"":0.0,""no_radicals"":0.0,""planar_aromatic_rings"":0.0,""planar_double_bonds"":0.0,""reference_file_loads"":0.0,""sanitisation"":0.0,""tetrahedral_chirality"":0.0}",40,100.62938960606587,1.348057241499834,1.8224773262754144,21.0,52.5,0.9434524668976775,0.125,17.67872968788672,0.06625000000000002,0.5238095238095238,10.0,25.0,0.8879658333273982,0.25,7.726197994140029,0.15374999999999997,0.2,1.0,2.5,0.0,1.0,1.0,1.0,0.0,1.0,2.5,0.0,1.0,1.0,1.0,0.0,40,-15.23000709807431,13500.879828808189,-7.2934586964563195,2108.6656380945824,0.28568876125762854,1.3355535573242623,0.0,1.0,1.0,1.0,0.2579742760112229,1.2984754481166731,0.0,1.0,1.0,1.0,1000,0,0,0,0,0,52,0,0,0,0,40,52,52,core
3zdg_3zdg_conf0,generation,torsional_diffusion_raw,fixed,,torsional_diffusion_raw_fixed,Torsional Diffusion,torsional_diffusion_raw_fixed,4,13,887,0.7,887,887,0,1.0,1000,887,113,0.887,"{""all_atoms_connected"":0,""bond_angles"":0,""bond_lengths"":0,""bonds"":0,""double_bond_stereochemistry"":0,""energy_ratio"":103,""file_loads"":0,""inchi_convertible"":0,""internal_steric_clash"":41,""molecular_formula"":0,""no_radicals"":0,""planar_aromatic_rings"":0,""planar_double_bonds"":0,""reference_file_loads"":0,""sanitisation"":0,""tetrahedral_chirality"":0}","{""all_atoms_connected"":0.0,""bond_angles"":0.0,""bond_lengths"":0.0,""bonds"":0.0,""double_bond_stereochemistry"":0.0,""energy_ratio"":0.103,""file_loads"":0.0,""inchi_convertible"":0.0,""internal_steric_clash"":0.041,""molecular_formula"":0.0,""no_radicals"":0.0,""planar_aromatic_rings"":0.0,""planar_double_bonds"":0.0,""reference_file_loads"":0.0,""sanitisation"":0.0,""tetrahedral_chirality"":0.0}",887,100.09769898664331,1.128685028234802,1.5507278166554923,162.0,18.26381059751973,0.7702612843855341,0.12514092446448705,50.3389175961275,0.048340745504716134,0.4691358024691358,20.0,2.254791431792559,0.7004471424605766,0.370913190529876,8.15272404932123,0.19066714626529513,0.05,1.0,0.11273957158962795,0.0,1.0,1.0,1.0,0.0,1.0,0.11273957158962795,0.0,1.0,1.0,1.0,0.0,887,-26.10250533854228,756.8758405524748,6.330556895007067,37.616930936547796,0.2938950041972711,1.3201991022645763,0.0,1.0,1.0,1.0,0.2398657632136434,1.2805511953945772,1.0,1.0,1.0,1.0,1000,0,0,0,0,0,1000,0,0,0,0,887,1000,1000,core
3zdg_3zdg_conf0,generation,torsional_diffusion_raw,dynamic,,torsional_diffusion_raw_dynamic,Torsional Diffusion,torsional_diffusion_raw_dynamic,4,13,60,0.7,60,60,0,1.0,68,60,8,0.8823529411764706,"{""all_atoms_connected"":0,""bond_angles"":0,""bond_lengths"":0,""bonds"":0,""double_bond_stereochemistry"":0,""energy_ratio"":5,""file_loads"":0,""inchi_convertible"":0,""internal_steric_clash"":6,""molecular_formula"":0,""no_radicals"":0,""planar_aromatic_rings"":0,""planar_double_bonds"":0,""reference_file_loads"":0,""sanitisation"":0,""tetrahedral_chirality"":0}","{""all_atoms_connected"":0.0,""bond_angles"":0.0,""bond_lengths"":0.0,""bonds"":0.0,""double_bond_stereochemistry"":0.0,""energy_ratio"":0.07352941176470588,""file_loads"":0.0,""inchi_convertible"":0.0,""internal_steric_clash"":0.08823529411764706,""molecular_formula"":0.0,""no_radicals"":0.0,""planar_aromatic_rings"":0.0,""planar_double_bonds"":0.0,""reference_file_loads"":0.0,""sanitisation"":0.0,""tetrahedral_chirality"":0.0}",60,99.14576552624631,1.1350240954962647,1.596818816175498,31.0,51.666666666666664,0.9032747725914158,0.15,22.238699928316606,0.06333333333333334,0.6774193548387096,8.0,13.333333333333334,0.870472086317049,0.35,6.111032946002948,0.20444444444444443,0.0,1.0,1.6666666666666667,0.0,1.0,1.0,1.0,0.0,1.0,1.6666666666666667,0.0,1.0,1.0,1.0,0.0,60,-18.87452693181304,98.73867874368347,6.713708470670413,27.503566032611282,0.7890325764003242,1.3430486679635432,0.0,0.0,0.0,1.0,0.718115318098473,1.3167915249899398,0.0,0.0,1.0,1.0,1000,0,0,0,0,0,68,0,0,0,0,60,68,68,core
3zdg_3zdg_conf0,generation,torsional_diffusion_raw,chembl_count,,torsional_diffusion_raw_chembl_count,Torsional Diffusion,torsional_diffusion_raw_chembl_count,4,13,176,0.7,176,176,0,1.0,199,176,23,0.8844221105527639,"{""all_atoms_connected"":0,""bond_angles"":0,""bond_lengths"":0,""bonds"":0,""double_bond_stereochemistry"":0,""energy_ratio"":21,""file_loads"":0,""inchi_convertible"":0,""internal_steric_clash"":9,""molecular_formula"":0,""no_radicals"":0,""planar_aromatic_rings"":0,""planar_double_bonds"":0,""reference_file_loads"":0,""sanitisation"":0,""tetrahedral_chirality"":0}","{""all_atoms_connected"":0.0,""bond_angles"":0.0,""bond_lengths"":0.0,""bonds"":0.0,""double_bond_stereochemistry"":0.0,""energy_ratio"":0.10552763819095477,""file_loads"":0.0,""inchi_convertible"":0.0,""internal_steric_clash"":0.04522613065326633,""molecular_formula"":0.0,""no_radicals"":0.0,""planar_aromatic_rings"":0.0,""planar_double_bonds"":0.0,""reference_file_loads"":0.0,""sanitisation"":0.0,""tetrahedral_chirality"":0.0}",176,98.41728829332246,0.977337571451561,1.3873298077724663,59.0,33.52272727272727,0.8423134921837233,0.13068181818181818,31.017910753552478,0.05572055785123966,0.6101694915254238,11.0,6.25,0.7525095856987536,0.22727272727272727,6.076562624450868,0.1909220041322314,0.36363636363636365,1.0,0.5681818181818182,0.0,1.0,1.0,1.0,0.0,1.0,0.5681818181818182,0.0,1.0,1.0,1.0,0.0,176,-21.953262703893117,141.47515109857915,6.233647102887506,27.457520934628207,0.3365447558730414,1.3074178552475169,0.0,1.0,1.0,1.0,0.27731467406780436,1.2754148527942275,0.0,1.0,1.0,1.0,1000,0,0,0,0,0,199,0,0,0,0,176,199,199,core
4ddh_4ddh_conf0,generation,torsional_diffusion_raw,fixed,,torsional_diffusion_raw_fixed,Torsional Diffusion,torsional_diffusion_raw_fixed,3,15,999,0.7,999,998,1,0.998998998998999,1000,999,1,0.999,"{""all_atoms_connected"":0,""bond_angles"":0,""bond_lengths"":0,""bonds"":0,""double_bond_stereochemistry"":0,""energy_ratio"":1,""file_loads"":0,""inchi_convertible"":0,""internal_steric_clash"":1,""molecular_formula"":0,""no_radicals"":0,""planar_aromatic_rings"":0,""planar_double_bonds"":0,""reference_file_loads"":0,""sanitisation"":0,""tetrahedral_chirality"":0}","{""all_atoms_connected"":0.0,""bond_angles"":0.0,""bond_lengths"":0.0,""bonds"":0.0,""double_bond_stereochemistry"":0.0,""energy_ratio"":0.001,""file_loads"":0.0,""inchi_convertible"":0.0,""internal_steric_clash"":0.001,""molecular_formula"":0.0,""no_radicals"":0.0,""planar_aromatic_rings"":0.0,""planar_double_bonds"":0.0,""reference_file_loads"":0.0,""sanitisation"":0.0,""tetrahedral_chirality"":0.0}",999,111.4493328395361,0.8407575551427029,1.1483474403428875,22.0,2.2022022022022023,0.9044701583180408,0.13813813813813813,16.374997963530877,0.07309311313315318,0.045454545454545456,3.0,0.3003003003003003,0.9846563701126824,0.4214214214214214,2.949853736635774,0.3449906362819276,0.0,1.0,0.1001001001001001,0.0,1.0,1.0,1.0,0.0,1.0,0.1001001001001001,0.0,1.0,1.0,1.0,0.0,999,64.01470319544359,392.136111934487,78.98284100496714,14.202760007553612,0.22274038847838293,0.8751104288652398,1.0,1.0,1.0,1.0,0.31192465844251266,0.8532068576143312,0.0,1.0,1.0,1.0,1000,0,0,0,0,0,1000,0,0,0,0,999,1000,1000,core
4ddh_4ddh_conf0,generation,torsional_diffusion_raw,dynamic,,torsional_diffusion_raw_dynamic,Torsional Diffusion,torsional_diffusion_raw_dynamic,3,15,46,0.7,46,46,0,1.0,46,46,0,1.0,"{""all_atoms_connected"":0,""bond_angles"":0,""bond_lengths"":0,""bonds"":0,""double_bond_stereochemistry"":0,""energy_ratio"":0,""file_loads"":0,""inchi_convertible"":0,""internal_steric_clash"":0,""molecular_formula"":0,""no_radicals"":0,""planar_aromatic_rings"":0,""planar_double_bonds"":0,""reference_file_loads"":0,""sanitisation"":0,""tetrahedral_chirality"":0}","{""all_atoms_connected"":0.0,""bond_angles"":0.0,""bond_lengths"":0.0,""bonds"":0.0,""double_bond_stereochemistry"":0.0,""energy_ratio"":0.0,""file_loads"":0.0,""inchi_convertible"":0.0,""internal_steric_clash"":0.0,""molecular_formula"":0.0,""no_radicals"":0.0,""planar_aromatic_rings"":0.0,""planar_double_bonds"":0.0,""reference_file_loads"":0.0,""sanitisation"":0.0,""tetrahedral_chirality"":0.0}",46,106.57771231431744,0.8296206632790621,1.1322112225637717,11.0,23.91304347826087,0.9215004317119215,0.1956521739130435,9.11263151026079,0.12381852551984879,0.18181818181818182,3.0,6.521739130434782,0.9736642556614835,0.43478260869565216,2.9144453180901904,0.35255198487712663,0.0,1.0,2.1739130434782608,0.0,1.0,1.0,1.0,0.0,1.0,2.1739130434782608,0.0,1.0,1.0,1.0,0.0,46,66.21262133397701,106.73744519123179,79.09758596190609,8.155149175327255,0.3535865484283301,0.897041490577162,0.0,1.0,1.0,1.0,0.4499974696636826,0.8617861445251959,0.0,1.0,1.0,1.0,1000,0,0,0,0,0,46,0,0,0,0,46,46,46,core
4ddh_4ddh_conf0,generation,torsional_diffusion_raw,chembl_count,,torsional_diffusion_raw_chembl_count,Torsional Diffusion,torsional_diffusion_raw_chembl_count,3,15,2,0.7,2,2,0,1.0,2,2,0,1.0,"{""all_atoms_connected"":0,""bond_angles"":0,""bond_lengths"":0,""bonds"":0,""double_bond_stereochemistry"":0,""energy_ratio"":0,""file_loads"":0,""inchi_convertible"":0,""internal_steric_clash"":0,""molecular_formula"":0,""no_radicals"":0,""planar_aromatic_rings"":0,""planar_double_bonds"":0,""reference_file_loads"":0,""sanitisation"":0,""tetrahedral_chirality"":0}","{""all_atoms_connected"":0.0,""bond_angles"":0.0,""bond_lengths"":0.0,""bonds"":0.0,""double_bond_stereochemistry"":0.0,""energy_ratio"":0.0,""file_loads"":0.0,""inchi_convertible"":0.0,""internal_steric_clash"":0.0,""molecular_formula"":0.0,""no_radicals"":0.0,""planar_aromatic_rings"":0.0,""planar_double_bonds"":0.0,""reference_file_loads"":0.0,""sanitisation"":0.0,""tetrahedral_chirality"":0.0}",2,99.22793352521319,0.5548655932058967,0.5548655932058967,2.0,100.0,1.0,0.5,2.0,0.5,1.0,1.0,50.0,0.0,1.0,1.0,1.0,0.0,1.0,50.0,0.0,1.0,1.0,1.0,0.0,1.0,50.0,0.0,1.0,1.0,1.0,0.0,2,75.78426407207033,82.77888220476763,79.28157313841898,3.497309066348649,0.8225401356448383,0.8522863895277932,0.0,0.0,0.0,1.0,0.8512517173249899,0.8643791745213367,0.0,0.0,0.0,1.0,1000,0,0,0,0,0,2,0,0,0,0,2,2,2,core
4ddk_4ddk_conf0,generation,torsional_diffusion_raw,fixed,,torsional_diffusion_raw_fixed,Torsional Diffusion,torsional_diffusion_raw_fixed,1,12,1000,0.7,1000,1000,0,1.0,1000,1000,0,1.0,"{""all_atoms_connected"":0,""bond_angles"":0,""bond_lengths"":0,""bonds"":0,""double_bond_stereochemistry"":0,""energy_ratio"":0,""file_loads"":0,""inchi_convertible"":0,""internal_steric_clash"":0,""molecular_formula"":0,""no_radicals"":0,""planar_aromatic_rings"":0,""planar_double_bonds"":0,""reference_file_loads"":0,""sanitisation"":0,""tetrahedral_chirality"":0}","{""all_atoms_connected"":0.0,""bond_angles"":0.0,""bond_lengths"":0.0,""bonds"":0.0,""double_bond_stereochemistry"":0.0,""energy_ratio"":0.0,""file_loads"":0.0,""inchi_convertible"":0.0,""internal_steric_clash"":0.0,""molecular_formula"":0.0,""no_radicals"":0.0,""planar_aromatic_rings"":0.0,""planar_double_bonds"":0.0,""reference_file_loads"":0.0,""sanitisation"":0.0,""tetrahedral_chirality"":0.0}",1000,121.09826113858227,0.24821117899011347,0.5393059882702871,2.0,0.2,0.47215752724666765,0.899,1.3871824267108095,0.8184020000000001,0.0,1.0,0.1,0.0,1.0,1.0,1.0,0.0,1.0,0.1,0.0,1.0,1.0,1.0,0.0,1.0,0.1,0.0,1.0,1.0,1.0,0.0,1000,51.012600738867775,74.39985748874284,62.04840702714412,4.471707213780504,0.054283443966178055,0.14170491454363082,1.0,1.0,1.0,1.0,0.06624654387246127,0.14141571325884805,1.0,1.0,1.0,1.0,1000,0,0,0,0,0,1000,0,0,0,0,1000,1000,1000,core
4ddk_4ddk_conf0,generation,torsional_diffusion_raw,dynamic,,torsional_diffusion_raw_dynamic,Torsional Diffusion,torsional_diffusion_raw_dynamic,1,12,2,0.7,2,2,0,1.0,2,2,0,1.0,"{""all_atoms_connected"":0,""bond_angles"":0,""bond_lengths"":0,""bonds"":0,""double_bond_stereochemistry"":0,""energy_ratio"":0,""file_loads"":0,""inchi_convertible"":0,""internal_steric_clash"":0,""molecular_formula"":0,""no_radicals"":0,""planar_aromatic_rings"":0,""planar_double_bonds"":0,""reference_file_loads"":0,""sanitisation"":0,""tetrahedral_chirality"":0}","{""all_atoms_connected"":0.0,""bond_angles"":0.0,""bond_lengths"":0.0,""bonds"":0.0,""double_bond_stereochemistry"":0.0,""energy_ratio"":0.0,""file_loads"":0.0,""inchi_convertible"":0.0,""internal_steric_clash"":0.0,""molecular_formula"":0.0,""no_radicals"":0.0,""planar_aromatic_rings"":0.0,""planar_double_bonds"":0.0,""reference_file_loads"":0.0,""sanitisation"":0.0,""tetrahedral_chirality"":0.0}",2,42.743968578796775,0.6118093583053879,0.6118093583053879,2.0,100.0,1.0,0.5,2.0,0.5,1.0,1.0,50.0,0.0,1.0,1.0,1.0,0.0,1.0,50.0,0.0,1.0,1.0,1.0,0.0,1.0,50.0,0.0,1.0,1.0,1.0,0.0,2,53.41013372255104,70.29406458234392,61.85209915244748,8.441965429896442,0.07088433113489781,0.33786690903902356,1.0,1.0,1.0,1.0,0.07163148444397292,0.32848427004871267,1.0,1.0,1.0,1.0,1000,0,0,0,0,0,2,0,0,0,0,2,2,2,core
4ddk_4ddk_conf0,generation,torsional_diffusion_raw,chembl_count,,torsional_diffusion_raw_chembl_count,Torsional Diffusion,torsional_diffusion_raw_chembl_count,1,12,1,0.7,1,1,0,1.0,1,1,0,1.0,"{""all_atoms_connected"":0,""bond_angles"":0,""bond_lengths"":0,""bonds"":0,""double_bond_stereochemistry"":0,""energy_ratio"":0,""file_loads"":0,""inchi_convertible"":0,""internal_steric_clash"":0,""molecular_formula"":0,""no_radicals"":0,""planar_aromatic_rings"":0,""planar_double_bonds"":0,""reference_file_loads"":0,""sanitisation"":0,""tetrahedral_chirality"":0}","{""all_atoms_connected"":0.0,""bond_angles"":0.0,""bond_lengths"":0.0,""bonds"":0.0,""double_bond_stereochemistry"":0.0,""energy_ratio"":0.0,""file_loads"":0.0,""inchi_convertible"":0.0,""internal_steric_clash"":0.0,""molecular_formula"":0.0,""no_radicals"":0.0,""planar_aromatic_rings"":0.0,""planar_double_bonds"":0.0,""reference_file_loads"":0.0,""sanitisation"":0.0,""tetrahedral_chirality"":0.0}",1,0.0,,,1.0,100.0,0.0,1.0,1.0,1.0,1.0,1.0,100.0,0.0,1.0,1.0,1.0,1.0,1.0,100.0,0.0,1.0,1.0,1.0,1.0,1.0,100.0,0.0,1.0,1.0,1.0,1.0,1,64.72894741271686,64.72894741271686,64.72894741271686,0.0,0.15234811450817667,0.15234811450817667,1.0,1.0,1.0,1.0,0.195830620379299,0.195830620379299,1.0,1.0,1.0,1.0,1000,0,0,0,0,0,1,0,0,0,0,1,1,1,core
4eor_4eor_conf0,generation,torsional_diffusion_raw,fixed,,torsional_diffusion_raw_fixed,Torsional Diffusion,torsional_diffusion_raw_fixed,7,28,989,0.7,989,984,5,0.9949443882709808,1000,989,11,0.989,"{""all_atoms_connected"":0,""bond_angles"":0,""bond_lengths"":0,""bonds"":0,""double_bond_stereochemistry"":0,""energy_ratio"":7,""file_loads"":0,""inchi_convertible"":0,""internal_steric_clash"":9,""molecular_formula"":0,""no_radicals"":0,""planar_aromatic_rings"":0,""planar_double_bonds"":0,""reference_file_loads"":0,""sanitisation"":0,""tetrahedral_chirality"":0}","{""all_atoms_connected"":0.0,""bond_angles"":0.0,""bond_lengths"":0.0,""bonds"":0.0,""double_bond_stereochemistry"":0.0,""energy_ratio"":0.007,""file_loads"":0.0,""inchi_convertible"":0.0,""internal_steric_clash"":0.009,""molecular_formula"":0.0,""no_radicals"":0.0,""planar_aromatic_rings"":0.0,""planar_double_bonds"":0.0,""reference_file_loads"":0.0,""sanitisation"":0.0,""tetrahedral_chirality"":0.0}",989,102.74572211460772,1.9880708924537667,3.0395421962171887,522.0,52.78058645096057,0.9496938161123816,0.019211324570273004,381.02622756055024,0.004004617015686198,0.6417624521072797,52.0,5.25783619817998,0.891346034933249,0.06471183013144591,33.84954039642412,0.03591477945980099,0.1346153846153846,4.0,0.4044489383215369,0.8283513905033654,0.36703741152679475,3.1529510693438216,0.33120544390724665,0.0,1.0,0.10111223458038422,0.0,1.0,1.0,1.0,0.0,989,-40.84404995595403,2329.174879379296,-3.9763037443068825,101.63505132345735,0.4994385041569467,1.4373917859685976,0.0,1.0,1.0,1.0,0.49469997311292524,1.4815336362595244,0.0,1.0,1.0,1.0,1000,0,0,0,0,0,1000,0,0,0,0,989,1000,1000,core
4eor_4eor_conf0,generation,torsional_diffusion_raw,dynamic,,torsional_diffusion_raw_dynamic,Torsional Diffusion,torsional_diffusion_raw_dynamic,7,28,132,0.7,132,130,2,0.9848484848484849,134,132,2,0.9850746268656716,"{""all_atoms_connected"":0,""bond_angles"":0,""bond_lengths"":0,""bonds"":0,""double_bond_stereochemistry"":0,""energy_ratio"":2,""file_loads"":0,""inchi_convertible"":0,""internal_steric_clash"":1,""molecular_formula"":0,""no_radicals"":0,""planar_aromatic_rings"":0,""planar_double_bonds"":0,""reference_file_loads"":0,""sanitisation"":0,""tetrahedral_chirality"":0}","{""all_atoms_connected"":0.0,""bond_angles"":0.0,""bond_lengths"":0.0,""bonds"":0.0,""double_bond_stereochemistry"":0.0,""energy_ratio"":0.014925373134328358,""file_loads"":0.0,""inchi_convertible"":0.0,""internal_steric_clash"":0.007462686567164179,""molecular_formula"":0.0,""no_radicals"":0.0,""planar_aromatic_rings"":0.0,""planar_double_bonds"":0.0,""reference_file_loads"":0.0,""sanitisation"":0.0,""tetrahedral_chirality"":0.0}",132,102.4958764349783,1.9859737832450448,2.9825389470918666,105.0,79.54545454545455,0.9789174544450667,0.030303030303030304,95.18696584818929,0.012052341597796145,0.8285714285714286,28.0,21.21212121212121,0.9013233089907713,0.13636363636363635,20.153814896172552,0.06416437098255279,0.17857142857142858,3.0,2.272727272727273,0.9477954545532472,0.4090909090909091,2.8327833196740517,0.36776859504132237,0.0,2.0,1.5151515151515151,1.0,0.5,2.0,0.5,0.0,132,-33.48756564229493,362.59071529162526,-4.250126618504964,62.149382486262354,0.8671303344468076,1.4989695723338015,0.0,0.0,0.0,1.0,0.8877266285107039,1.5513909396742602,0.0,0.0,0.0,1.0,1000,0,0,0,0,0,134,0,0,0,0,132,134,134,core
4eor_4eor_conf0,generation,torsional_diffusion_raw,chembl_count,,torsional_diffusion_raw_chembl_count,Torsional Diffusion,torsional_diffusion_raw_chembl_count,7,28,194,0.7,194,194,0,1.0,200,194,6,0.97,"{""all_atoms_connected"":0,""bond_angles"":0,""bond_lengths"":0,""bonds"":0,""double_bond_stereochemistry"":0,""energy_ratio"":3,""file_loads"":0,""inchi_convertible"":0,""internal_steric_clash"":5,""molecular_formula"":0,""no_radicals"":0,""planar_aromatic_rings"":0,""planar_double_bonds"":0,""reference_file_loads"":0,""sanitisation"":0,""tetrahedral_chirality"":0}","{""all_atoms_connected"":0.0,""bond_angles"":0.0,""bond_lengths"":0.0,""bonds"":0.0,""double_bond_stereochemistry"":0.0,""energy_ratio"":0.015,""file_loads"":0.0,""inchi_convertible"":0.0,""internal_steric_clash"":0.025,""molecular_formula"":0.0,""no_radicals"":0.0,""planar_aromatic_rings"":0.0,""planar_double_bonds"":0.0,""reference_file_loads"":0.0,""sanitisation"":0.0,""tetrahedral_chirality"":0.0}",194,101.45001722778247,1.9032781439174833,2.8786641894520124,157.0,80.9278350515464,0.9763260165058242,0.02577319587628866,139.28808267381785,0.008661919438835158,0.8789808917197452,30.0,15.463917525773196,0.9187186860331783,0.0979381443298969,22.754059963754766,0.05165267297268573,0.2,4.0,2.0618556701030926,0.9237003812754367,0.3917525773195876,3.5985127313741327,0.2970028695929429,0.0,1.0,0.5154639175257731,0.0,1.0,1.0,1.0,0.0,194,-32.4241074608879,306.2974214942043,-0.6348791137693937,48.36273499849303,0.7477068149469558,1.4135473727051417,0.0,0.0,1.0,1.0,0.8067696236977921,1.469011635379522,0.0,0.0,0.0,1.0,1000,0,0,0,0,0,200,0,0,0,0,194,200,200,core
4f09_4f09_conf0,generation,torsional_diffusion_raw,fixed,,torsional_diffusion_raw_fixed,Torsional Diffusion,torsional_diffusion_raw_fixed,1,19,857,0.7,857,856,1,0.9988331388564761,1000,857,143,0.857,"{""all_atoms_connected"":0,""bond_angles"":0,""bond_lengths"":0,""bonds"":0,""double_bond_stereochemistry"":0,""energy_ratio"":142,""file_loads"":0,""inchi_convertible"":0,""internal_steric_clash"":5,""molecular_formula"":0,""no_radicals"":0,""planar_aromatic_rings"":0,""planar_double_bonds"":0,""reference_file_loads"":0,""sanitisation"":0,""tetrahedral_chirality"":0}","{""all_atoms_connected"":0.0,""bond_angles"":0.0,""bond_lengths"":0.0,""bonds"":0.0,""double_bond_stereochemistry"":0.0,""energy_ratio"":0.142,""file_loads"":0.0,""inchi_convertible"":0.0,""internal_steric_clash"":0.005,""molecular_formula"":0.0,""no_radicals"":0.0,""planar_aromatic_rings"":0.0,""planar_double_bonds"":0.0,""reference_file_loads"":0.0,""sanitisation"":0.0,""tetrahedral_chirality"":0.0}",857,100.03925778105356,0.5390075699503435,0.7861006419581823,11.0,1.2835472578763127,0.7303549499737725,0.3885647607934656,5.7621731238767175,0.22685441739317502,0.09090909090909091,2.0,0.23337222870478413,0.1339051469659697,0.9813302217036173,1.0972597935438855,0.9633575646505068,0.0,1.0,0.11668611435239207,0.0,1.0,1.0,1.0,0.0,1.0,0.11668611435239207,0.0,1.0,1.0,1.0,0.0,857,81.3247532884466,1484.8003947959469,107.35028346182129,86.80419846421229,0.12799392794130388,0.37810044877610854,1.0,1.0,1.0,1.0,0.10647937352745722,0.4007036109088825,1.0,1.0,1.0,1.0,1000,0,0,0,0,0,1000,0,0,0,0,857,1000,1000,core
4f09_4f09_conf0,generation,torsional_diffusion_raw,dynamic,,torsional_diffusion_raw_dynamic,Torsional Diffusion,torsional_diffusion_raw_dynamic,1,19,2,0.7,2,2,0,1.0,2,2,0,1.0,"{""all_atoms_connected"":0,""bond_angles"":0,""bond_lengths"":0,""bonds"":0,""double_bond_stereochemistry"":0,""energy_ratio"":0,""file_loads"":0,""inchi_convertible"":0,""internal_steric_clash"":0,""molecular_formula"":0,""no_radicals"":0,""planar_aromatic_rings"":0,""planar_double_bonds"":0,""reference_file_loads"":0,""sanitisation"":0,""tetrahedral_chirality"":0}","{""all_atoms_connected"":0.0,""bond_angles"":0.0,""bond_lengths"":0.0,""bonds"":0.0,""double_bond_stereochemistry"":0.0,""energy_ratio"":0.0,""file_loads"":0.0,""inchi_convertible"":0.0,""internal_steric_clash"":0.0,""molecular_formula"":0.0,""no_radicals"":0.0,""planar_aromatic_rings"":0.0,""planar_double_bonds"":0.0,""reference_file_loads"":0.0,""sanitisation"":0.0,""tetrahedral_chirality"":0.0}",2,86.57390056627436,0.45546564982554144,0.45546564982554144,1.0,50.0,0.0,1.0,1.0,1.0,0.0,1.0,50.0,0.0,1.0,1.0,1.0,0.0,1.0,50.0,0.0,1.0,1.0,1.0,0.0,1.0,50.0,0.0,1.0,1.0,1.0,0.0,2,99.60175131102332,264.94607784255317,182.27391457678823,82.67216326576492,0.48271769424042815,0.5639538140245726,0.0,1.0,1.0,1.0,0.5557960771679666,0.6026135385173992,0.0,0.0,1.0,1.0,1000,0,0,0,0,0,2,0,0,0,0,2,2,2,core
4f09_4f09_conf0,generation,torsional_diffusion_raw,chembl_count,,torsional_diffusion_raw_chembl_count,Torsional Diffusion,torsional_diffusion_raw_chembl_count,1,19,2,0.7,2,2,0,1.0,2,2,0,1.0,"{""all_atoms_connected"":0,""bond_angles"":0,""bond_lengths"":0,""bonds"":0,""double_bond_stereochemistry"":0,""energy_ratio"":0,""file_loads"":0,""inchi_convertible"":0,""internal_steric_clash"":0,""molecular_formula"":0,""no_radicals"":0,""planar_aromatic_rings"":0,""planar_double_bonds"":0,""reference_file_loads"":0,""sanitisation"":0,""tetrahedral_chirality"":0}","{""all_atoms_connected"":0.0,""bond_angles"":0.0,""bond_lengths"":0.0,""bonds"":0.0,""double_bond_stereochemistry"":0.0,""energy_ratio"":0.0,""file_loads"":0.0,""inchi_convertible"":0.0,""internal_steric_clash"":0.0,""molecular_formula"":0.0,""no_radicals"":0.0,""planar_aromatic_rings"":0.0,""planar_double_bonds"":0.0,""reference_file_loads"":0.0,""sanitisation"":0.0,""tetrahedral_chirality"":0.0}",2,55.88395645080076,0.5495865089209852,0.5495865089209852,2.0,100.0,1.0,0.5,2.0,0.5,1.0,1.0,50.0,0.0,1.0,1.0,1.0,0.0,1.0,50.0,0.0,1.0,1.0,1.0,0.0,1.0,50.0,0.0,1.0,1.0,1.0,0.0,2,108.27072388245811,188.26726486693138,148.26899437469476,39.998270492236635,0.45123039197576614,0.6319898482956261,0.0,1.0,1.0,1.0,0.534994276963526,0.7425220619216051,0.0,0.0,1.0,1.0,1000,0,0,0,0,0,2,0,0,0,0,2,2,2,core
4f2w_4f2w_conf0,generation,torsional_diffusion_raw,fixed,,torsional_diffusion_raw_fixed,Torsional Diffusion,torsional_diffusion_raw_fixed,6,20,0,0.7,0,0,0,,1000,0,1000,0.0,"{""all_atoms_connected"":0,""bond_angles"":0,""bond_lengths"":0,""bonds"":0,""double_bond_stereochemistry"":0,""energy_ratio"":58,""file_loads"":0,""inchi_convertible"":0,""internal_steric_clash"":39,""molecular_formula"":0,""no_radicals"":0,""planar_aromatic_rings"":0,""planar_double_bonds"":0,""reference_file_loads"":0,""sanitisation"":0,""tetrahedral_chirality"":1000}","{""all_atoms_connected"":0.0,""bond_angles"":0.0,""bond_lengths"":0.0,""bonds"":0.0,""double_bond_stereochemistry"":0.0,""energy_ratio"":0.058,""file_loads"":0.0,""inchi_convertible"":0.0,""internal_steric_clash"":0.039,""molecular_formula"":0.0,""no_radicals"":0.0,""planar_aromatic_rings"":0.0,""planar_double_bonds"":0.0,""reference_file_loads"":0.0,""sanitisation"":0.0,""tetrahedral_chirality"":1.0}",0,,,,,,,,,,,,,,,,,,,,,,,,,,,,,,,,0,,,,,,,,,,,,,,,,,1000,0,0,0,0,0,1000,0,0,0,0,0,1000,1000,core
4f2w_4f2w_conf0,generation,torsional_diffusion_raw,dynamic,,torsional_diffusion_raw_dynamic,Torsional Diffusion,torsional_diffusion_raw_dynamic,6,20,0,0.7,0,0,0,,112,0,112,0.0,"{""all_atoms_connected"":0,""bond_angles"":0,""bond_lengths"":0,""bonds"":0,""double_bond_stereochemistry"":0,""energy_ratio"":6,""file_loads"":0,""inchi_convertible"":0,""internal_steric_clash"":6,""molecular_formula"":0,""no_radicals"":0,""planar_aromatic_rings"":0,""planar_double_bonds"":0,""reference_file_loads"":0,""sanitisation"":0,""tetrahedral_chirality"":112}","{""all_atoms_connected"":0.0,""bond_angles"":0.0,""bond_lengths"":0.0,""bonds"":0.0,""double_bond_stereochemistry"":0.0,""energy_ratio"":0.05357142857142857,""file_loads"":0.0,""inchi_convertible"":0.0,""internal_steric_clash"":0.05357142857142857,""molecular_formula"":0.0,""no_radicals"":0.0,""planar_aromatic_rings"":0.0,""planar_double_bonds"":0.0,""reference_file_loads"":0.0,""sanitisation"":0.0,""tetrahedral_chirality"":1.0}",0,,,,,,,,,,,,,,,,,,,,,,,,,,,,,,,,0,,,,,,,,,,,,,,,,,1000,0,0,0,0,0,112,0,0,0,0,0,112,112,core
4f2w_4f2w_conf0,generation,torsional_diffusion_raw,chembl_count,,torsional_diffusion_raw_chembl_count,Torsional Diffusion,torsional_diffusion_raw_chembl_count,6,20,0,0.7,0,0,0,,800,0,800,0.0,"{""all_atoms_connected"":0,""bond_angles"":0,""bond_lengths"":0,""bonds"":0,""double_bond_stereochemistry"":0,""energy_ratio"":47,""file_loads"":0,""inchi_convertible"":0,""internal_steric_clash"":34,""molecular_formula"":0,""no_radicals"":0,""planar_aromatic_rings"":0,""planar_double_bonds"":0,""reference_file_loads"":0,""sanitisation"":0,""tetrahedral_chirality"":800}","{""all_atoms_connected"":0.0,""bond_angles"":0.0,""bond_lengths"":0.0,""bonds"":0.0,""double_bond_stereochemistry"":0.0,""energy_ratio"":0.05875,""file_loads"":0.0,""inchi_convertible"":0.0,""internal_steric_clash"":0.0425,""molecular_formula"":0.0,""no_radicals"":0.0,""planar_aromatic_rings"":0.0,""planar_double_bonds"":0.0,""reference_file_loads"":0.0,""sanitisation"":0.0,""tetrahedral_chirality"":1.0}",0,,,,,,,,,,,,,,,,,,,,,,,,,,,,,,,,0,,,,,,,,,,,,,,,,,1000,0,0,0,0,0,800,0,0,0,0,0,800,800,core
4f9w_4f9w_conf0,generation,torsional_diffusion_raw,fixed,,torsional_diffusion_raw_fixed,Torsional Diffusion,torsional_diffusion_raw_fixed,3,25,993,0.7,993,993,0,1.0,1000,993,7,0.993,"{""all_atoms_connected"":0,""bond_angles"":0,""bond_lengths"":0,""bonds"":0,""double_bond_stereochemistry"":0,""energy_ratio"":7,""file_loads"":0,""inchi_convertible"":0,""internal_steric_clash"":2,""molecular_formula"":0,""no_radicals"":0,""planar_aromatic_rings"":0,""planar_double_bonds"":0,""reference_file_loads"":0,""sanitisation"":0,""tetrahedral_chirality"":0}","{""all_atoms_connected"":0.0,""bond_angles"":0.0,""bond_lengths"":0.0,""bonds"":0.0,""double_bond_stereochemistry"":0.0,""energy_ratio"":0.007,""file_loads"":0.0,""inchi_convertible"":0.0,""internal_steric_clash"":0.002,""molecular_formula"":0.0,""no_radicals"":0.0,""planar_aromatic_rings"":0.0,""planar_double_bonds"":0.0,""reference_file_loads"":0.0,""sanitisation"":0.0,""tetrahedral_chirality"":0.0}",993,106.26133187943228,1.037609333726308,1.5549110685904672,16.0,1.6112789526686808,0.6984380763326845,0.23564954682779457,6.934309862143611,0.18084192570551766,0.0625,4.0,0.4028197381671702,0.9981866194630541,0.2729103726082578,3.9899571117411945,0.2512522197172757,0.0,1.0,0.10070493454179255,0.0,1.0,1.0,1.0,0.0,1.0,0.10070493454179255,0.0,1.0,1.0,1.0,0.0,993,91.80473545363736,408.25688990397555,103.7325000722278,19.95513175553661,0.13764952539220673,1.199573321809428,1.0,1.0,1.0,1.0,0.17332942874480645,1.2040564024643297,1.0,1.0,1.0,1.0,1000,0,0,0,0,0,1000,0,0,0,0,993,1000,1000,core
4f9w_4f9w_conf0,generation,torsional_diffusion_raw,dynamic,,torsional_diffusion_raw_dynamic,Torsional Diffusion,torsional_diffusion_raw_dynamic,3,25,46,0.7,46,46,0,1.0,46,46,0,1.0,"{""all_atoms_connected"":0,""bond_angles"":0,""bond_lengths"":0,""bonds"":0,""double_bond_stereochemistry"":0,""energy_ratio"":0,""file_loads"":0,""inchi_convertible"":0,""internal_steric_clash"":0,""molecular_formula"":0,""no_radicals"":0,""planar_aromatic_rings"":0,""planar_double_bonds"":0,""reference_file_loads"":0,""sanitisation"":0,""tetrahedral_chirality"":0}","{""all_atoms_connected"":0.0,""bond_angles"":0.0,""bond_lengths"":0.0,""bonds"":0.0,""double_bond_stereochemistry"":0.0,""energy_ratio"":0.0,""file_loads"":0.0,""inchi_convertible"":0.0,""internal_steric_clash"":0.0,""molecular_formula"":0.0,""no_radicals"":0.0,""planar_aromatic_rings"":0.0,""planar_double_bonds"":0.0,""reference_file_loads"":0.0,""sanitisation"":0.0,""tetrahedral_chirality"":0.0}",46,110.19092228057063,1.0296958834737702,1.5431121423317393,8.0,17.391304347826086,0.8086980956365455,0.32608695652173914,5.374364931445606,0.22589792060491495,0.375,3.0,6.521739130434782,0.9249782144002041,0.5,2.762655716144423,0.38657844990548207,0.0,1.0,2.1739130434782608,0.0,1.0,1.0,1.0,0.0,1.0,2.1739130434782608,0.0,1.0,1.0,1.0,0.0,46,94.86831499760056,248.4492013940465,102.15042025669476,25.56541800086305,0.19959657972729244,1.1708205430815357,1.0,1.0,1.0,1.0,0.22590825901443476,1.1769872350086656,1.0,1.0,1.0,1.0,1000,0,0,0,0,0,46,0,0,0,0,46,46,46,core
4f9w_4f9w_conf0,generation,torsional_diffusion_raw,chembl_count,,torsional_diffusion_raw_chembl_count,Torsional Diffusion,torsional_diffusion_raw_chembl_count,3,25,3,0.7,3,3,0,1.0,4,3,1,0.75,"{""all_atoms_connected"":0,""bond_angles"":0,""bond_lengths"":0,""bonds"":0,""double_bond_stereochemistry"":0,""energy_ratio"":1,""file_loads"":0,""inchi_convertible"":0,""internal_steric_clash"":0,""molecular_formula"":0,""no_radicals"":0,""planar_aromatic_rings"":0,""planar_double_bonds"":0,""reference_file_loads"":0,""sanitisation"":0,""tetrahedral_chirality"":0}","{""all_atoms_connected"":0.0,""bond_angles"":0.0,""bond_lengths"":0.0,""bonds"":0.0,""double_bond_stereochemistry"":0.0,""energy_ratio"":0.25,""file_loads"":0.0,""inchi_convertible"":0.0,""internal_steric_clash"":0.0,""molecular_formula"":0.0,""no_radicals"":0.0,""planar_aromatic_rings"":0.0,""planar_double_bonds"":0.0,""reference_file_loads"":0.0,""sanitisation"":0.0,""tetrahedral_chirality"":0.0}",3,85.89788057240122,1.3412563196100524,1.461263983424268,3.0,100.0,0.9999999999999998,0.3333333333333333,2.9999999999999996,0.3333333333333333,1.0,3.0,100.0,0.9999999999999998,0.3333333333333333,2.9999999999999996,0.3333333333333333,1.0,1.0,33.333333333333336,0.0,1.0,1.0,1.0,0.0,1.0,33.333333333333336,0.0,1.0,1.0,1.0,0.0,3,100.70483093258741,114.67421473847168,102.12612914560717,6.277103229394631,0.25694774802475434,1.0891340273051777,0.0,1.0,1.0,1.0,0.2662401968741999,1.1066580927287037,0.0,1.0,1.0,1.0,1000,0,0,0,0,0,4,0,0,0,0,3,4,4,core
4hge_4hge_conf0,generation,torsional_diffusion_raw,fixed,,torsional_diffusion_raw_fixed,Torsional Diffusion,torsional_diffusion_raw_fixed,3,25,782,0.7,782,773,9,0.9884910485933504,1000,782,218,0.782,"{""all_atoms_connected"":0,""bond_angles"":0,""bond_lengths"":0,""bonds"":0,""double_bond_stereochemistry"":0,""energy_ratio"":3,""file_loads"":0,""inchi_convertible"":0,""internal_steric_clash"":218,""molecular_formula"":0,""no_radicals"":0,""planar_aromatic_rings"":0,""planar_double_bonds"":0,""reference_file_loads"":0,""sanitisation"":0,""tetrahedral_chirality"":0}","{""all_atoms_connected"":0.0,""bond_angles"":0.0,""bond_lengths"":0.0,""bonds"":0.0,""double_bond_stereochemistry"":0.0,""energy_ratio"":0.003,""file_loads"":0.0,""inchi_convertible"":0.0,""internal_steric_clash"":0.218,""molecular_formula"":0.0,""no_radicals"":0.0,""planar_aromatic_rings"":0.0,""planar_double_bonds"":0.0,""reference_file_loads"":0.0,""sanitisation"":0.0,""tetrahedral_chirality"":0.0}",782,114.01670953781695,2.118971727554879,2.7944544013755173,138.0,17.647058823529413,0.8330545541927943,0.08439897698209718,60.62280376734547,0.028816530504117584,0.463768115942029,48.0,6.138107416879795,0.8796122960647683,0.09335038363171355,30.11899421364694,0.04384128832228988,0.125,8.0,1.0230179028132993,0.8551317104516495,0.34782608695652173,5.919170982327771,0.21145858543573104,0.0,1.0,0.1278772378516624,0.0,1.0,1.0,1.0,0.0,782,120.79678262059092,236.23626871159738,148.4447428876946,12.714669761752415,0.29139806708415944,2.0696985677213635,0.0,1.0,1.0,1.0,0.2801490580841111,2.0644500848482883,0.0,1.0,1.0,1.0,1000,0,0,0,0,0,1000,0,0,0,0,782,1000,1000,core
4hge_4hge_conf0,generation,torsional_diffusion_raw,dynamic,,torsional_diffusion_raw_dynamic,Torsional Diffusion,torsional_diffusion_raw_dynamic,3,25,36,0.7,36,36,0,1.0,46,36,10,0.782608695652174,"{""all_atoms_connected"":0,""bond_angles"":0,""bond_lengths"":0,""bonds"":0,""double_bond_stereochemistry"":0,""energy_ratio"":0,""file_loads"":0,""inchi_convertible"":0,""internal_steric_clash"":10,""molecular_formula"":0,""no_radicals"":0,""planar_aromatic_rings"":0,""planar_double_bonds"":0,""reference_file_loads"":0,""sanitisation"":0,""tetrahedral_chirality"":0}","{""all_atoms_connected"":0.0,""bond_angles"":0.0,""bond_lengths"":0.0,""bonds"":0.0,""double_bond_stereochemistry"":0.0,""energy_ratio"":0.0,""file_loads"":0.0,""inchi_convertible"":0.0,""internal_steric_clash"":0.21739130434782608,""molecular_formula"":0.0,""no_radicals"":0.0,""planar_aromatic_rings"":0.0,""planar_double_bonds"":0.0,""reference_file_loads"":0.0,""sanitisation"":0.0,""tetrahedral_chirality"":0.0}",36,110.63577454798474,2.061198787912645,2.7656897160639424,22.0,61.111111111111114,0.9630495185968774,0.1111111111111111,19.625445158938767,0.05709876543209878,0.5454545454545454,16.0,44.44444444444444,0.9554720488815447,0.16666666666666666,14.141744512402095,0.08024691358024691,0.25,5.0,13.88888888888889,0.8736020503592912,0.3888888888888889,4.07963800505415,0.271604938271605,0.2,1.0,2.7777777777777777,0.0,1.0,1.0,1.0,0.0,36,125.6693031473536,169.59264571840222,143.56479928062,10.730324072526248,0.3705496043903316,2.0596108897474767,0.0,1.0,1.0,1.0,0.373746344382341,2.045570920745221,0.0,1.0,1.0,1.0,1000,0,0,0,0,0,46,0,0,0,0,36,46,46,core
4hge_4hge_conf0,generation,torsional_diffusion_raw,chembl_count,,torsional_diffusion_raw_chembl_count,Torsional Diffusion,torsional_diffusion_raw_chembl_count,3,25,29,0.7,29,29,0,1.0,36,29,7,0.8055555555555556,"{""all_atoms_connected"":0,""bond_angles"":0,""bond_lengths"":0,""bonds"":0,""double_bond_stereochemistry"":0,""energy_ratio"":1,""file_loads"":0,""inchi_convertible"":0,""internal_steric_clash"":7,""molecular_formula"":0,""no_radicals"":0,""planar_aromatic_rings"":0,""planar_double_bonds"":0,""reference_file_loads"":0,""sanitisation"":0,""tetrahedral_chirality"":0}","{""all_atoms_connected"":0.0,""bond_angles"":0.0,""bond_lengths"":0.0,""bonds"":0.0,""double_bond_stereochemistry"":0.0,""energy_ratio"":0.027777777777777776,""file_loads"":0.0,""inchi_convertible"":0.0,""internal_steric_clash"":0.19444444444444445,""molecular_formula"":0.0,""no_radicals"":0.0,""planar_aromatic_rings"":0.0,""planar_double_bonds"":0.0,""reference_file_loads"":0.0,""sanitisation"":0.0,""tetrahedral_chirality"":0.0}",29,113.18070532672573,2.0570695154500642,2.6959060614571744,19.0,65.51724137931035,0.9751332163935503,0.10344827586206896,17.658552946849966,0.060642092746730075,0.5263157894736842,16.0,55.172413793103445,0.9708343651052517,0.10344827586206896,14.757101312647197,0.07253269916765755,0.375,4.0,13.793103448275861,0.965701438886599,0.3448275862068966,3.814259178022193,0.272294887039239,0.0,2.0,6.896551724137931,0.8935711016541907,0.6896551724137931,1.8577689708565377,0.5719381688466112,0.0,29,123.80243452067805,171.66799101092772,148.8165228771594,11.248806600967399,0.29139806708415944,2.0901482269123712,0.0,1.0,1.0,1.0,0.2801490580841111,2.0683631857855267,0.0,1.0,1.0,1.0,1000,0,0,0,0,0,36,0,0,0,0,29,36,36,core
4j21_4j21_conf0,generation,torsional_diffusion_raw,fixed,,torsional_diffusion_raw_fixed,Torsional Diffusion,torsional_diffusion_raw_fixed,2,20,1000,0.7,1000,1000,0,1.0,1000,1000,0,1.0,"{""all_atoms_connected"":0,""bond_angles"":0,""bond_lengths"":0,""bonds"":0,""double_bond_stereochemistry"":0,""energy_ratio"":0,""file_loads"":0,""inchi_convertible"":0,""internal_steric_clash"":0,""molecular_formula"":0,""no_radicals"":0,""planar_aromatic_rings"":0,""planar_double_bonds"":0,""reference_file_loads"":0,""sanitisation"":0,""tetrahedral_chirality"":0}","{""all_atoms_connected"":0.0,""bond_angles"":0.0,""bond_lengths"":0.0,""bonds"":0.0,""double_bond_stereochemistry"":0.0,""energy_ratio"":0.0,""file_loads"":0.0,""inchi_convertible"":0.0,""internal_steric_clash"":0.0,""molecular_formula"":0.0,""no_radicals"":0.0,""planar_aromatic_rings"":0.0,""planar_double_bonds"":0.0,""reference_file_loads"":0.0,""sanitisation"":0.0,""tetrahedral_chirality"":0.0}",1000,110.70596545248763,0.9284653082084708,1.5956761592766002,6.0,0.6,0.8506178875701962,0.255,4.591021988562586,0.232308,0.0,3.0,0.3,0.9783796882146926,0.438,2.929582579237619,0.349838,0.0,1.0,0.1,0.0,1.0,1.0,1.0,0.0,1.0,0.1,0.0,1.0,1.0,1.0,0.0,1000,38.62342816368978,180.37444067205703,48.44814838370969,15.380762464043348,0.09280291516771015,0.8826484285804341,1.0,1.0,1.0,1.0,0.0963352204813486,0.8569099469535997,1.0,1.0,1.0,1.0,1000,0,0,0,0,0,1000,0,0,0,0,1000,1000,1000,core
4j21_4j21_conf0,generation,torsional_diffusion_raw,dynamic,,torsional_diffusion_raw_dynamic,Torsional Diffusion,torsional_diffusion_raw_dynamic,2,20,24,0.7,24,24,0,1.0,24,24,0,1.0,"{""all_atoms_connected"":0,""bond_angles"":0,""bond_lengths"":0,""bonds"":0,""double_bond_stereochemistry"":0,""energy_ratio"":0,""file_loads"":0,""inchi_convertible"":0,""internal_steric_clash"":0,""molecular_formula"":0,""no_radicals"":0,""planar_aromatic_rings"":0,""planar_double_bonds"":0,""reference_file_loads"":0,""sanitisation"":0,""tetrahedral_chirality"":0}","{""all_atoms_connected"":0.0,""bond_angles"":0.0,""bond_lengths"":0.0,""bonds"":0.0,""double_bond_stereochemistry"":0.0,""energy_ratio"":0.0,""file_loads"":0.0,""inchi_convertible"":0.0,""internal_steric_clash"":0.0,""molecular_formula"":0.0,""no_radicals"":0.0,""planar_aromatic_rings"":0.0,""planar_double_bonds"":0.0,""reference_file_loads"":0.0,""sanitisation"":0.0,""tetrahedral_chirality"":0.0}",24,110.26717776734093,0.953513823549639,1.5950470860501174,5.0,20.833333333333332,0.8979444735226818,0.3333333333333333,4.242640687119285,0.26388888888888884,0.0,3.0,12.5,0.9999999999999998,0.3333333333333333,2.9999999999999996,0.3333333333333333,0.0,1.0,4.166666666666667,0.0,1.0,1.0,1.0,0.0,1.0,4.166666666666667,0.0,1.0,1.0,1.0,0.0,24,41.618055221515974,98.40128514687093,47.79637859087657,13.669174463747947,0.11969091588430958,0.8410514955585762,1.0,1.0,1.0,1.0,0.13756656443988158,0.8165667349122581,1.0,1.0,1.0,1.0,1000,0,0,0,0,0,24,0,0,0,0,24,24,24,core
4j21_4j21_conf0,generation,torsional_diffusion_raw,chembl_count,,torsional_diffusion_raw_chembl_count,Torsional Diffusion,torsional_diffusion_raw_chembl_count,2,20,3,0.7,3,3,0,1.0,3,3,0,1.0,"{""all_atoms_connected"":0,""bond_angles"":0,""bond_lengths"":0,""bonds"":0,""double_bond_stereochemistry"":0,""energy_ratio"":0,""file_loads"":0,""inchi_convertible"":0,""internal_steric_clash"":0,""molecular_formula"":0,""no_radicals"":0,""planar_aromatic_rings"":0,""planar_double_bonds"":0,""reference_file_loads"":0,""sanitisation"":0,""tetrahedral_chirality"":0}","{""all_atoms_connected"":0.0,""bond_angles"":0.0,""bond_lengths"":0.0,""bonds"":0.0,""double_bond_stereochemistry"":0.0,""energy_ratio"":0.0,""file_loads"":0.0,""inchi_convertible"":0.0,""internal_steric_clash"":0.0,""molecular_formula"":0.0,""no_radicals"":0.0,""planar_aromatic_rings"":0.0,""planar_double_bonds"":0.0,""reference_file_loads"":0.0,""sanitisation"":0.0,""tetrahedral_chirality"":0.0}",3,124.54839641829619,1.1771529550490933,1.4885020185208397,3.0,100.0,0.9999999999999998,0.3333333333333333,2.9999999999999996,0.3333333333333333,1.0,2.0,66.66666666666667,0.9182958340544894,0.6666666666666666,1.8898815748423097,0.5555555555555556,0.5,1.0,33.333333333333336,0.0,1.0,1.0,1.0,0.0,1.0,33.333333333333336,0.0,1.0,1.0,1.0,0.0,3,45.55933878581287,48.023429300454865,45.68664124971148,1.1327707611457447,0.1559824367365113,0.8398107305892933,1.0,1.0,1.0,1.0,0.15519860107507127,0.8143735841275767,1.0,1.0,1.0,1.0,1000,0,0,0,0,0,3,0,0,0,0,3,3,3,core
4j3l_4j3l_conf0,generation,torsional_diffusion_raw,fixed,,torsional_diffusion_raw_fixed,Torsional Diffusion,torsional_diffusion_raw_fixed,5,26,989,0.7,989,989,0,1.0,1000,989,11,0.989,"{""all_atoms_connected"":0,""bond_angles"":0,""bond_lengths"":0,""bonds"":0,""double_bond_stereochemistry"":0,""energy_ratio"":8,""file_loads"":0,""inchi_convertible"":0,""internal_steric_clash"":4,""molecular_formula"":0,""no_radicals"":0,""planar_aromatic_rings"":0,""planar_double_bonds"":0,""reference_file_loads"":0,""sanitisation"":0,""tetrahedral_chirality"":0}","{""all_atoms_connected"":0.0,""bond_angles"":0.0,""bond_lengths"":0.0,""bonds"":0.0,""double_bond_stereochemistry"":0.0,""energy_ratio"":0.008,""file_loads"":0.0,""inchi_convertible"":0.0,""internal_steric_clash"":0.004,""molecular_formula"":0.0,""no_radicals"":0.0,""planar_aromatic_rings"":0.0,""planar_double_bonds"":0.0,""reference_file_loads"":0.0,""sanitisation"":0.0,""tetrahedral_chirality"":0.0}",989,96.40360951477658,1.4680887758372052,1.9226919890654444,185.0,18.705763397371083,0.9304582707833731,0.0262891809908999,128.6792988896327,0.009742148466294048,0.2648648648648649,27.0,2.730030333670374,0.8969207268014942,0.11526794742163801,19.222940764513616,0.05901826052195997,0.1111111111111111,2.0,0.20222446916076844,0.9992911628262008,0.5156723963599595,1.9990175843871623,0.5004912480153273,0.0,1.0,0.10111223458038422,0.0,1.0,1.0,1.0,0.0,989,62.053742886633515,219.57784451432084,79.38448431075727,16.700138303340328,0.3487234934323363,1.5597054366983611,0.0,1.0,1.0,1.0,0.3268485415081721,1.5697584809573162,0.0,1.0,1.0,1.0,1000,0,0,0,0,0,1000,0,0,0,0,989,1000,1000,core
4j3l_4j3l_conf0,generation,torsional_diffusion_raw,dynamic,,torsional_diffusion_raw_dynamic,Torsional Diffusion,torsional_diffusion_raw_dynamic,5,26,88,0.7,88,88,0,1.0,90,88,2,0.9777777777777776,"{""all_atoms_connected"":0,""bond_angles"":0,""bond_lengths"":0,""bonds"":0,""double_bond_stereochemistry"":0,""energy_ratio"":0,""file_loads"":0,""inchi_convertible"":0,""internal_steric_clash"":2,""molecular_formula"":0,""no_radicals"":0,""planar_aromatic_rings"":0,""planar_double_bonds"":0,""reference_file_loads"":0,""sanitisation"":0,""tetrahedral_chirality"":0}","{""all_atoms_connected"":0.0,""bond_angles"":0.0,""bond_lengths"":0.0,""bonds"":0.0,""double_bond_stereochemistry"":0.0,""energy_ratio"":0.0,""file_loads"":0.0,""inchi_convertible"":0.0,""internal_steric_clash"":0.022222222222222223,""molecular_formula"":0.0,""no_radicals"":0.0,""planar_aromatic_rings"":0.0,""planar_double_bonds"":0.0,""reference_file_loads"":0.0,""sanitisation"":0.0,""tetrahedral_chirality"":0.0}",88,96.03367039438211,1.4824493169621669,1.949000047127115,56.0,63.63636363636363,0.9631030549903995,0.056818181818181816,48.27088147064009,0.024535123966942147,0.6428571428571429,16.0,18.181818181818183,0.9428897956724883,0.13636363636363635,13.656909906436946,0.08135330578512395,0.125,3.0,3.409090909090909,0.6798215135961504,0.5113636363636364,2.1103636295885777,0.48941115702479343,0.3333333333333333,1.0,1.1363636363636365,0.0,1.0,1.0,1.0,0.0,88,66.2617044752071,164.40152124478152,78.8026667247012,13.562052044045025,0.41426891455182885,1.5466573244660364,0.0,1.0,1.0,1.0,0.3553612688471901,1.5641824213657514,0.0,1.0,1.0,1.0,1000,0,0,0,0,0,90,0,0,0,0,88,90,90,core
4j3l_4j3l_conf0,generation,torsional_diffusion_raw,chembl_count,,torsional_diffusion_raw_chembl_count,Torsional Diffusion,torsional_diffusion_raw_chembl_count,5,26,114,0.7,114,114,0,1.0,114,114,0,1.0,"{""all_atoms_connected"":0,""bond_angles"":0,""bond_lengths"":0,""bonds"":0,""double_bond_stereochemistry"":0,""energy_ratio"":0,""file_loads"":0,""inchi_convertible"":0,""internal_steric_clash"":0,""molecular_formula"":0,""no_radicals"":0,""planar_aromatic_rings"":0,""planar_double_bonds"":0,""reference_file_loads"":0,""sanitisation"":0,""tetrahedral_chirality"":0}","{""all_atoms_connected"":0.0,""bond_angles"":0.0,""bond_lengths"":0.0,""bonds"":0.0,""double_bond_stereochemistry"":0.0,""energy_ratio"":0.0,""file_loads"":0.0,""inchi_convertible"":0.0,""internal_steric_clash"":0.0,""molecular_formula"":0.0,""no_radicals"":0.0,""planar_aromatic_rings"":0.0,""planar_double_bonds"":0.0,""reference_file_loads"":0.0,""sanitisation"":0.0,""tetrahedral_chirality"":0.0}",114,98.02430811514542,1.463084044508636,1.9257399085876248,69.0,60.526315789473685,0.9709690795582727,0.03508771929824561,61.01907349350894,0.018467220683287162,0.5652173913043478,18.0,15.789473684210526,0.9045390776599194,0.13157894736842105,13.659758900928905,0.08541089566020313,0.16666666666666666,2.0,1.7543859649122806,0.9348490242345946,0.6491228070175439,1.9116905693100634,0.5444752231455833,0.0,1.0,0.8771929824561403,0.0,1.0,1.0,1.0,0.0,114,65.58786995969777,219.57784451432084,80.38925511994557,23.719115073488855,0.4666426935552024,1.526983303469246,0.0,1.0,1.0,1.0,0.4822891644986662,1.5221643716846534,0.0,1.0,1.0,1.0,1000,0,0,0,0,0,114,0,0,0,0,114,114,114,core
4jsz_4jsz_conf0,generation,torsional_diffusion_raw,fixed,,torsional_diffusion_raw_fixed,Torsional Diffusion,torsional_diffusion_raw_fixed,2,10,1000,0.7,1000,1000,0,1.0,1000,1000,0,1.0,"{""all_atoms_connected"":0,""bond_angles"":0,""bond_lengths"":0,""bonds"":0,""double_bond_stereochemistry"":0,""energy_ratio"":0,""file_loads"":0,""inchi_convertible"":0,""internal_steric_clash"":0,""molecular_formula"":0,""no_radicals"":0,""planar_aromatic_rings"":0,""planar_double_bonds"":0,""reference_file_loads"":0,""sanitisation"":0,""tetrahedral_chirality"":0}","{""all_atoms_connected"":0.0,""bond_angles"":0.0,""bond_lengths"":0.0,""bonds"":0.0,""double_bond_stereochemistry"":0.0,""energy_ratio"":0.0,""file_loads"":0.0,""inchi_convertible"":0.0,""internal_steric_clash"":0.0,""molecular_formula"":0.0,""no_radicals"":0.0,""planar_aromatic_rings"":0.0,""planar_double_bonds"":0.0,""reference_file_loads"":0.0,""sanitisation"":0.0,""tetrahedral_chirality"":0.0}",1000,102.11031137526362,0.31572353701772743,0.8294427668716118,2.0,0.2,0.7278876700230903,0.797,1.656212362955401,0.6764180000000001,0.0,1.0,0.1,0.0,1.0,1.0,1.0,0.0,1.0,0.1,0.0,1.0,1.0,1.0,0.0,1.0,0.1,0.0,1.0,1.0,1.0,0.0,1000,-48.20625509474078,-23.526364444747536,-38.45725665602684,4.853120527529437,0.08736157547585584,0.5371822796669614,1.0,1.0,1.0,1.0,0.3941141898066638,0.5281008865498074,0.0,1.0,1.0,1.0,1000,0,0,0,0,0,1000,0,0,0,0,1000,1000,1000,core
4jsz_4jsz_conf0,generation,torsional_diffusion_raw,dynamic,,torsional_diffusion_raw_dynamic,Torsional Diffusion,torsional_diffusion_raw_dynamic,2,10,24,0.7,24,24,0,1.0,24,24,0,1.0,"{""all_atoms_connected"":0,""bond_angles"":0,""bond_lengths"":0,""bonds"":0,""double_bond_stereochemistry"":0,""energy_ratio"":0,""file_loads"":0,""inchi_convertible"":0,""internal_steric_clash"":0,""molecular_formula"":0,""no_radicals"":0,""planar_aromatic_rings"":0,""planar_double_bonds"":0,""reference_file_loads"":0,""sanitisation"":0,""tetrahedral_chirality"":0}","{""all_atoms_connected"":0.0,""bond_angles"":0.0,""bond_lengths"":0.0,""bonds"":0.0,""double_bond_stereochemistry"":0.0,""energy_ratio"":0.0,""file_loads"":0.0,""inchi_convertible"":0.0,""internal_steric_clash"":0.0,""molecular_formula"":0.0,""no_radicals"":0.0,""planar_aromatic_rings"":0.0,""planar_double_bonds"":0.0,""reference_file_loads"":0.0,""sanitisation"":0.0,""tetrahedral_chirality"":0.0}",24,97.33673622304421,0.3748002031625145,0.8415433731538631,2.0,8.333333333333334,0.8708644692353646,0.7083333333333334,1.828758372307556,0.5868055555555556,0.0,1.0,4.166666666666667,0.0,1.0,1.0,1.0,0.0,1.0,4.166666666666667,0.0,1.0,1.0,1.0,0.0,1.0,4.166666666666667,0.0,1.0,1.0,1.0,0.0,24,-44.41723335147226,-24.261791369932197,-38.88484653925132,4.838498823019722,0.20126694493608757,0.5461996149870063,1.0,1.0,1.0,1.0,0.49667596337348435,0.5293095105894217,0.0,1.0,1.0,1.0,1000,0,0,0,0,0,24,0,0,0,0,24,24,24,core
4jsz_4jsz_conf0,generation,torsional_diffusion_raw,chembl_count,,torsional_diffusion_raw_chembl_count,Torsional Diffusion,torsional_diffusion_raw_chembl_count,2,10,2,0.7,2,2,0,1.0,2,2,0,1.0,"{""all_atoms_connected"":0,""bond_angles"":0,""bond_lengths"":0,""bonds"":0,""double_bond_stereochemistry"":0,""energy_ratio"":0,""file_loads"":0,""inchi_convertible"":0,""internal_steric_clash"":0,""molecular_formula"":0,""no_radicals"":0,""planar_aromatic_rings"":0,""planar_double_bonds"":0,""reference_file_loads"":0,""sanitisation"":0,""tetrahedral_chirality"":0}","{""all_atoms_connected"":0.0,""bond_angles"":0.0,""bond_lengths"":0.0,""bonds"":0.0,""double_bond_stereochemistry"":0.0,""energy_ratio"":0.0,""file_loads"":0.0,""inchi_convertible"":0.0,""internal_steric_clash"":0.0,""molecular_formula"":0.0,""no_radicals"":0.0,""planar_aromatic_rings"":0.0,""planar_double_bonds"":0.0,""reference_file_loads"":0.0,""sanitisation"":0.0,""tetrahedral_chirality"":0.0}",2,72.3797364356778,0.10472056940911485,0.10472056940911485,1.0,50.0,0.0,1.0,1.0,1.0,0.0,1.0,50.0,0.0,1.0,1.0,1.0,0.0,1.0,50.0,0.0,1.0,1.0,1.0,0.0,1.0,50.0,0.0,1.0,1.0,1.0,0.0,2,-36.87658519477699,-32.21503633031863,-34.545810762547816,2.3307744322291803,0.534205572700375,0.5618004744471435,0.0,0.0,1.0,1.0,0.5256561135733852,0.5333052893006667,0.0,0.0,1.0,1.0,1000,0,0,0,0,0,2,0,0,0,0,2,2,2,core
4jxs_4jxs_conf0,generation,torsional_diffusion_raw,fixed,,torsional_diffusion_raw_fixed,Torsional Diffusion,torsional_diffusion_raw_fixed,6,22,867,0.7,867,857,10,0.9884659746251442,1000,867,133,0.867,"{""all_atoms_connected"":0,""bond_angles"":0,""bond_lengths"":0,""bonds"":0,""double_bond_stereochemistry"":0,""energy_ratio"":40,""file_loads"":0,""inchi_convertible"":0,""internal_steric_clash"":123,""molecular_formula"":0,""no_radicals"":0,""planar_aromatic_rings"":0,""planar_double_bonds"":0,""reference_file_loads"":0,""sanitisation"":0,""tetrahedral_chirality"":0}","{""all_atoms_connected"":0.0,""bond_angles"":0.0,""bond_lengths"":0.0,""bonds"":0.0,""double_bond_stereochemistry"":0.0,""energy_ratio"":0.04,""file_loads"":0.0,""inchi_convertible"":0.0,""internal_steric_clash"":0.123,""molecular_formula"":0.0,""no_radicals"":0.0,""planar_aromatic_rings"":0.0,""planar_double_bonds"":0.0,""reference_file_loads"":0.0,""sanitisation"":0.0,""tetrahedral_chirality"":0.0}",867,104.93883091829571,1.9916206243875172,2.8208133418852315,280.0,32.29527104959631,0.8639861124411157,0.07612456747404844,130.1099631984479,0.01832007652100802,0.5571428571428572,42.0,4.844290657439446,0.7787439166930313,0.20530565167243367,18.369422798308563,0.08884392348431332,0.11904761904761904,5.0,0.5767012687427913,0.9705351737239656,0.30103806228373703,4.768425201444245,0.21884981687905503,0.0,1.0,0.11534025374855825,0.0,1.0,1.0,1.0,0.0,867,45.45806350395585,2398.9998829233464,85.26744284002935,91.86369581680779,0.39369042020351136,2.501064969858255,0.0,1.0,1.0,1.0,0.4791013921048872,2.4842524979843232,0.0,1.0,1.0,1.0,1000,0,0,0,0,0,1000,0,0,0,0,867,1000,1000,core
4jxs_4jxs_conf0,generation,torsional_diffusion_raw,dynamic,,torsional_diffusion_raw_dynamic,Torsional Diffusion,torsional_diffusion_raw_dynamic,6,22,97,0.7,97,95,2,0.979381443298969,112,97,15,0.8660714285714286,"{""all_atoms_connected"":0,""bond_angles"":0,""bond_lengths"":0,""bonds"":0,""double_bond_stereochemistry"":0,""energy_ratio"":6,""file_loads"":0,""inchi_convertible"":0,""internal_steric_clash"":13,""molecular_formula"":0,""no_radicals"":0,""planar_aromatic_rings"":0,""planar_double_bonds"":0,""reference_file_loads"":0,""sanitisation"":0,""tetrahedral_chirality"":0}","{""all_atoms_connected"":0.0,""bond_angles"":0.0,""bond_lengths"":0.0,""bonds"":0.0,""double_bond_stereochemistry"":0.0,""energy_ratio"":0.05357142857142857,""file_loads"":0.0,""inchi_convertible"":0.0,""internal_steric_clash"":0.11607142857142858,""molecular_formula"":0.0,""no_radicals"":0.0,""planar_aromatic_rings"":0.0,""planar_double_bonds"":0.0,""reference_file_loads"":0.0,""sanitisation"":0.0,""tetrahedral_chirality"":0.0}",97,102.27475763234857,2.0063096367721345,2.8582316394743543,56.0,57.7319587628866,0.9157370892851858,0.13402061855670103,39.89152281807644,0.039430332660218934,0.75,17.0,17.52577319587629,0.8351515084048953,0.28865979381443296,10.656418619841382,0.13742161760017002,0.11764705882352941,4.0,4.123711340206185,0.9262239161650241,0.3402061855670103,3.6111236782130547,0.29259219895844407,0.0,2.0,2.0618556701030926,0.8669837150190186,0.711340206185567,1.8238457435556705,0.589329365501116,0.0,97,51.25676791462671,258.8943475543214,87.66639903288552,37.290766803830984,0.5956919877796008,2.520255261422842,0.0,0.0,1.0,1.0,0.6675225221949093,2.4931460692916594,0.0,0.0,1.0,1.0,1000,0,0,0,0,0,112,0,0,0,0,97,112,112,core
4jxs_4jxs_conf0,generation,torsional_diffusion_raw,chembl_count,,torsional_diffusion_raw_chembl_count,Torsional Diffusion,torsional_diffusion_raw_chembl_count,6,22,28,0.7,28,27,1,0.9642857142857143,32,28,4,0.875,"{""all_atoms_connected"":0,""bond_angles"":0,""bond_lengths"":0,""bonds"":0,""double_bond_stereochemistry"":0,""energy_ratio"":2,""file_loads"":0,""inchi_convertible"":0,""internal_steric_clash"":4,""molecular_formula"":0,""no_radicals"":0,""planar_aromatic_rings"":0,""planar_double_bonds"":0,""reference_file_loads"":0,""sanitisation"":0,""tetrahedral_chirality"":0}","{""all_atoms_connected"":0.0,""bond_angles"":0.0,""bond_lengths"":0.0,""bonds"":0.0,""double_bond_stereochemistry"":0.0,""energy_ratio"":0.0625,""file_loads"":0.0,""inchi_convertible"":0.0,""internal_steric_clash"":0.125,""molecular_formula"":0.0,""no_radicals"":0.0,""planar_aromatic_rings"":0.0,""planar_double_bonds"":0.0,""reference_file_loads"":0.0,""sanitisation"":0.0,""tetrahedral_chirality"":0.0}",28,105.09681917945728,1.9294183072982387,2.8515628144170795,19.0,67.85714285714286,0.9403833647741833,0.14285714285714285,15.941112032933296,0.07653061224489796,0.7894736842105263,11.0,39.285714285714285,0.8364517005754174,0.35714285714285715,7.431469204872639,0.1887755102040816,0.5454545454545454,4.0,14.285714285714286,0.856623151228534,0.4642857142857143,3.2789781825586632,0.34438775510204084,0.0,1.0,3.5714285714285716,0.0,1.0,1.0,1.0,0.0,28,51.0751746477638,460.1684233570394,80.31327843968432,79.81380421288857,0.8137745657709392,2.502998635360843,0.0,0.0,0.0,1.0,0.8411099064372926,2.489218248644894,0.0,0.0,0.0,1.0,1000,0,0,0,0,0,32,0,0,0,0,28,32,32,core
4k18_4k18_conf0,generation,torsional_diffusion_raw,fixed,,torsional_diffusion_raw_fixed,Torsional Diffusion,torsional_diffusion_raw_fixed,5,29,804,0.7,804,681,123,0.8470149253731343,1000,804,196,0.804,"{""all_atoms_connected"":0,""bond_angles"":0,""bond_lengths"":0,""bonds"":0,""double_bond_stereochemistry"":0,""energy_ratio"":3,""file_loads"":0,""inchi_convertible"":0,""internal_steric_clash"":194,""molecular_formula"":0,""no_radicals"":0,""planar_aromatic_rings"":0,""planar_double_bonds"":0,""reference_file_loads"":0,""sanitisation"":0,""tetrahedral_chirality"":0}","{""all_atoms_connected"":0.0,""bond_angles"":0.0,""bond_lengths"":0.0,""bonds"":0.0,""double_bond_stereochemistry"":0.0,""energy_ratio"":0.003,""file_loads"":0.0,""inchi_convertible"":0.0,""internal_steric_clash"":0.194,""molecular_formula"":0.0,""no_radicals"":0.0,""planar_aromatic_rings"":0.0,""planar_double_bonds"":0.0,""reference_file_loads"":0.0,""sanitisation"":0.0,""tetrahedral_chirality"":0.0}",804,117.09082042775428,2.087879243121468,2.981988135939198,142.0,17.66169154228856,0.8596114266280765,0.07338308457711443,70.81604271891534,0.02424444939481696,0.3732394366197183,37.0,4.601990049751244,0.7973836737806254,0.15920398009950248,17.80157596795737,0.08366129551248729,0.1891891891891892,10.0,1.243781094527363,0.833719883503922,0.2922885572139303,6.818987329971192,0.17821031657632236,0.0,2.0,0.24875621890547264,0.8794587736429037,0.7014925373134329,1.8396850148208956,0.5811984851860102,0.0,804,118.84523443377975,12067.86220253652,147.8886704341597,421.74989465733825,0.18528041160719863,1.9115848976149652,1.0,1.0,1.0,1.0,0.18437114127118223,1.8983578044719474,1.0,1.0,1.0,1.0,1000,0,0,0,0,0,1000,0,0,0,0,804,1000,1000,core
4k18_4k18_conf0,generation,torsional_diffusion_raw,dynamic,,torsional_diffusion_raw_dynamic,Torsional Diffusion,torsional_diffusion_raw_dynamic,5,29,78,0.7,78,69,9,0.8846153846153846,90,78,12,0.8666666666666667,"{""all_atoms_connected"":0,""bond_angles"":0,""bond_lengths"":0,""bonds"":0,""double_bond_stereochemistry"":0,""energy_ratio"":0,""file_loads"":0,""inchi_convertible"":0,""internal_steric_clash"":12,""molecular_formula"":0,""no_radicals"":0,""planar_aromatic_rings"":0,""planar_double_bonds"":0,""reference_file_loads"":0,""sanitisation"":0,""tetrahedral_chirality"":0}","{""all_atoms_connected"":0.0,""bond_angles"":0.0,""bond_lengths"":0.0,""bonds"":0.0,""double_bond_stereochemistry"":0.0,""energy_ratio"":0.0,""file_loads"":0.0,""inchi_convertible"":0.0,""internal_steric_clash"":0.13333333333333333,""molecular_formula"":0.0,""no_radicals"":0.0,""planar_aromatic_rings"":0.0,""planar_double_bonds"":0.0,""reference_file_loads"":0.0,""sanitisation"":0.0,""tetrahedral_chirality"":0.0}",78,116.5267976825722,1.8773228049889465,2.758590034477914,35.0,44.87179487179487,0.9103922882267387,0.14102564102564102,25.451163451591157,0.054898093359631826,0.5142857142857142,18.0,23.076923076923077,0.8689724231039723,0.16666666666666666,12.325291245675363,0.10322156476002631,0.2777777777777778,4.0,5.128205128205129,0.7902693031459994,0.5641025641025641,2.9908148600475,0.4000657462195924,0.0,2.0,2.5641025641025643,0.9828586897127057,0.5769230769230769,1.9763777096416912,0.5118343195266272,0.0,78,126.21281780182744,385.35761066912136,141.3701888464897,35.11311586728316,0.36915881070366147,1.941526095303689,0.0,1.0,1.0,1.0,0.3351855421629208,1.9217864064905705,0.0,1.0,1.0,1.0,1000,0,0,0,0,0,90,0,0,0,0,78,90,90,core
4k18_4k18_conf0,generation,torsional_diffusion_raw,chembl_count,,torsional_diffusion_raw_chembl_count,Torsional Diffusion,torsional_diffusion_raw_chembl_count,5,29,88,0.7,88,68,20,0.7727272727272727,109,88,21,0.8073394495412844,"{""all_atoms_connected"":0,""bond_angles"":0,""bond_lengths"":0,""bonds"":0,""double_bond_stereochemistry"":0,""energy_ratio"":0,""file_loads"":0,""inchi_convertible"":0,""internal_steric_clash"":21,""molecular_formula"":0,""no_radicals"":0,""planar_aromatic_rings"":0,""planar_double_bonds"":0,""reference_file_loads"":0,""sanitisation"":0,""tetrahedral_chirality"":0}","{""all_atoms_connected"":0.0,""bond_angles"":0.0,""bond_lengths"":0.0,""bonds"":0.0,""double_bond_stereochemistry"":0.0,""energy_ratio"":0.0,""file_loads"":0.0,""inchi_convertible"":0.0,""internal_steric_clash"":0.1926605504587156,""molecular_formula"":0.0,""no_radicals"":0.0,""planar_aromatic_rings"":0.0,""planar_double_bonds"":0.0,""reference_file_loads"":0.0,""sanitisation"":0.0,""tetrahedral_chirality"":0.0}",88,116.66244707601363,2.133875181422227,3.0310462524711137,46.0,52.27272727272727,0.9461217085154602,0.07954545454545454,37.425816211982394,0.033057851239669436,0.5434782608695652,21.0,23.863636363636363,0.8984242431814529,0.13636363636363635,15.41394727811881,0.0792871900826446,0.2857142857142857,7.0,7.954545454545454,0.7464486473560337,0.5113636363636364,4.2738796532986685,0.31714876033057854,0.14285714285714285,3.0,3.409090909090909,0.6788696623094457,0.5227272727272727,2.1081579430484165,0.490444214876033,0.3333333333333333,88,120.70105724448354,385.35761066912136,149.24592515665034,34.00305783010807,0.4392435786229994,1.9183677839491984,0.0,1.0,1.0,1.0,0.3973922524461837,1.9129143852968,0.0,1.0,1.0,1.0,1000,0,0,0,0,0,109,0,0,0,0,88,109,109,core
4k77_4k77_conf0,generation,torsional_diffusion_raw,fixed,,torsional_diffusion_raw_fixed,Torsional Diffusion,torsional_diffusion_raw_fixed,2,18,925,0.7,925,923,2,0.9978378378378379,1000,925,75,0.925,"{""all_atoms_connected"":0,""bond_angles"":0,""bond_lengths"":0,""bonds"":0,""double_bond_stereochemistry"":0,""energy_ratio"":75,""file_loads"":0,""inchi_convertible"":0,""internal_steric_clash"":2,""molecular_formula"":0,""no_radicals"":0,""planar_aromatic_rings"":0,""planar_double_bonds"":0,""reference_file_loads"":0,""sanitisation"":0,""tetrahedral_chirality"":0}","{""all_atoms_connected"":0.0,""bond_angles"":0.0,""bond_lengths"":0.0,""bonds"":0.0,""double_bond_stereochemistry"":0.0,""energy_ratio"":0.075,""file_loads"":0.0,""inchi_convertible"":0.0,""internal_steric_clash"":0.002,""molecular_formula"":0.0,""no_radicals"":0.0,""planar_aromatic_rings"":0.0,""planar_double_bonds"":0.0,""reference_file_loads"":0.0,""sanitisation"":0.0,""tetrahedral_chirality"":0.0}",925,126.5156296057778,0.864948958427462,1.3744310807286872,53.0,5.72972972972973,0.793383485680746,0.2,23.335225373838515,0.07394945215485758,0.11320754716981132,5.0,0.5405405405405406,0.870162164329345,0.3254054054054054,4.0571143806663015,0.2610688093498904,0.0,1.0,0.10810810810810811,0.0,1.0,1.0,1.0,0.0,1.0,0.10810810810810811,0.0,1.0,1.0,1.0,0.0,925,32.82412996650981,2106.864613699894,52.42760558074879,133.31292517270924,0.13705681355927374,0.7022950067018336,1.0,1.0,1.0,1.0,0.18231148338831532,0.7169581823291964,1.0,1.0,1.0,1.0,1000,0,0,0,0,0,1000,0,0,0,0,925,1000,1000,core
4k77_4k77_conf0,generation,torsional_diffusion_raw,dynamic,,torsional_diffusion_raw_dynamic,Torsional Diffusion,torsional_diffusion_raw_dynamic,2,18,23,0.7,23,23,0,1.0,24,23,1,0.9583333333333334,"{""all_atoms_connected"":0,""bond_angles"":0,""bond_lengths"":0,""bonds"":0,""double_bond_stereochemistry"":0,""energy_ratio"":1,""file_loads"":0,""inchi_convertible"":0,""internal_steric_clash"":0,""molecular_formula"":0,""no_radicals"":0,""planar_aromatic_rings"":0,""planar_double_bonds"":0,""reference_file_loads"":0,""sanitisation"":0,""tetrahedral_chirality"":0}","{""all_atoms_connected"":0.0,""bond_angles"":0.0,""bond_lengths"":0.0,""bonds"":0.0,""double_bond_stereochemistry"":0.0,""energy_ratio"":0.041666666666666664,""file_loads"":0.0,""inchi_convertible"":0.0,""internal_steric_clash"":0.0,""molecular_formula"":0.0,""no_radicals"":0.0,""planar_aromatic_rings"":0.0,""planar_double_bonds"":0.0,""reference_file_loads"":0.0,""sanitisation"":0.0,""tetrahedral_chirality"":0.0}",23,127.88429066002055,0.9003390189728553,1.4111266807345932,11.0,47.82608695652174,0.8390133287706341,0.391304347826087,7.477257608443082,0.1984877126654064,0.6363636363636364,3.0,13.043478260869565,0.7250832502304525,0.6956521739130435,2.217954487289754,0.5387523629489602,0.0,1.0,4.3478260869565215,0.0,1.0,1.0,1.0,0.0,1.0,4.3478260869565215,0.0,1.0,1.0,1.0,0.0,23,36.69633000142025,930.5346080786619,49.166402612967616,179.3062395105325,0.2449065832708427,0.6289847912335955,1.0,1.0,1.0,1.0,0.23448240572631862,0.6833846161609198,1.0,1.0,1.0,1.0,1000,0,0,0,0,0,24,0,0,0,0,23,24,24,core
4k77_4k77_conf0,generation,torsional_diffusion_raw,chembl_count,,torsional_diffusion_raw_chembl_count,Torsional Diffusion,torsional_diffusion_raw_chembl_count,2,18,4,0.7,4,4,0,1.0,5,4,1,0.8,"{""all_atoms_connected"":0,""bond_angles"":0,""bond_lengths"":0,""bonds"":0,""double_bond_stereochemistry"":0,""energy_ratio"":1,""file_loads"":0,""inchi_convertible"":0,""internal_steric_clash"":0,""molecular_formula"":0,""no_radicals"":0,""planar_aromatic_rings"":0,""planar_double_bonds"":0,""reference_file_loads"":0,""sanitisation"":0,""tetrahedral_chirality"":0}","{""all_atoms_connected"":0.0,""bond_angles"":0.0,""bond_lengths"":0.0,""bonds"":0.0,""double_bond_stereochemistry"":0.0,""energy_ratio"":0.2,""file_loads"":0.0,""inchi_convertible"":0.0,""internal_steric_clash"":0.0,""molecular_formula"":0.0,""no_radicals"":0.0,""planar_aromatic_rings"":0.0,""planar_double_bonds"":0.0,""reference_file_loads"":0.0,""sanitisation"":0.0,""tetrahedral_chirality"":0.0}",4,122.26494428479376,1.0897417900717696,1.7011197867662746,3.0,75.0,0.946394630357186,0.5,2.82842712474619,0.375,0.6666666666666666,2.0,50.0,0.8112781244591328,0.75,1.7547653506033232,0.625,0.5,1.0,25.0,0.0,1.0,1.0,1.0,0.0,1.0,25.0,0.0,1.0,1.0,1.0,0.0,4,40.17142356664526,130.45979594394657,73.98494851253511,36.344448236955294,0.33063482655716775,0.8672480433936613,0.0,1.0,1.0,1.0,0.30433924805326573,0.8535230857131075,0.0,1.0,1.0,1.0,1000,0,0,0,0,0,5,0,0,0,0,4,5,5,core
4kzq_4kzq_conf0,generation,torsional_diffusion_raw,fixed,,torsional_diffusion_raw_fixed,Torsional Diffusion,torsional_diffusion_raw_fixed,2,18,1000,0.7,1000,1000,0,1.0,1000,1000,0,1.0,"{""all_atoms_connected"":0,""bond_angles"":0,""bond_lengths"":0,""bonds"":0,""double_bond_stereochemistry"":0,""energy_ratio"":0,""file_loads"":0,""inchi_convertible"":0,""internal_steric_clash"":0,""molecular_formula"":0,""no_radicals"":0,""planar_aromatic_rings"":0,""planar_double_bonds"":0,""reference_file_loads"":0,""sanitisation"":0,""tetrahedral_chirality"":0}","{""all_atoms_connected"":0.0,""bond_angles"":0.0,""bond_lengths"":0.0,""bonds"":0.0,""double_bond_stereochemistry"":0.0,""energy_ratio"":0.0,""file_loads"":0.0,""inchi_convertible"":0.0,""internal_steric_clash"":0.0,""molecular_formula"":0.0,""no_radicals"":0.0,""planar_aromatic_rings"":0.0,""planar_double_bonds"":0.0,""reference_file_loads"":0.0,""sanitisation"":0.0,""tetrahedral_chirality"":0.0}",1000,119.31314884570338,0.21686557557030792,0.3979199241235683,2.0,0.2,0.1893518474613518,0.971,1.1402513256462758,0.9436819999999999,0.0,1.0,0.1,0.0,1.0,1.0,1.0,0.0,1.0,0.1,0.0,1.0,1.0,1.0,0.0,1.0,0.1,0.0,1.0,1.0,1.0,0.0,1000,58.60922047768899,72.69406466552994,63.91692146314862,2.019235944551865,0.08141064817706718,0.20627626091286388,1.0,1.0,1.0,1.0,0.08267863907279643,0.20325011686463895,1.0,1.0,1.0,1.0,1000,0,0,0,0,0,1000,0,0,0,0,1000,1000,1000,core
4kzq_4kzq_conf0,generation,torsional_diffusion_raw,dynamic,,torsional_diffusion_raw_dynamic,Torsional Diffusion,torsional_diffusion_raw_dynamic,2,18,24,0.7,24,24,0,1.0,24,24,0,1.0,"{""all_atoms_connected"":0,""bond_angles"":0,""bond_lengths"":0,""bonds"":0,""double_bond_stereochemistry"":0,""energy_ratio"":0,""file_loads"":0,""inchi_convertible"":0,""internal_steric_clash"":0,""molecular_formula"":0,""no_radicals"":0,""planar_aromatic_rings"":0,""planar_double_bonds"":0,""reference_file_loads"":0,""sanitisation"":0,""tetrahedral_chirality"":0}","{""all_atoms_connected"":0.0,""bond_angles"":0.0,""bond_lengths"":0.0,""bonds"":0.0,""double_bond_stereochemistry"":0.0,""energy_ratio"":0.0,""file_loads"":0.0,""inchi_convertible"":0.0,""internal_steric_clash"":0.0,""molecular_formula"":0.0,""no_radicals"":0.0,""planar_aromatic_rings"":0.0,""planar_double_bonds"":0.0,""reference_file_loads"":0.0,""sanitisation"":0.0,""tetrahedral_chirality"":0.0}",24,125.41020475249972,0.21891676539335075,0.3915579338270514,1.0,4.166666666666667,0.0,1.0,1.0,1.0,0.0,1.0,4.166666666666667,0.0,1.0,1.0,1.0,0.0,1.0,4.166666666666667,0.0,1.0,1.0,1.0,0.0,1.0,4.166666666666667,0.0,1.0,1.0,1.0,0.0,24,59.389400662833125,68.25053007893415,63.93248529000421,2.3739507649407736,0.08830721501812856,0.2086686349650797,1.0,1.0,1.0,1.0,0.08322000258061377,0.20292412557647016,1.0,1.0,1.0,1.0,1000,0,0,0,0,0,24,0,0,0,0,24,24,24,core
4kzq_4kzq_conf0,generation,torsional_diffusion_raw,chembl_count,,torsional_diffusion_raw_chembl_count,Torsional Diffusion,torsional_diffusion_raw_chembl_count,2,18,6,0.7,6,6,0,1.0,6,6,0,1.0,"{""all_atoms_connected"":0,""bond_angles"":0,""bond_lengths"":0,""bonds"":0,""double_bond_stereochemistry"":0,""energy_ratio"":0,""file_loads"":0,""inchi_convertible"":0,""internal_steric_clash"":0,""molecular_formula"":0,""no_radicals"":0,""planar_aromatic_rings"":0,""planar_double_bonds"":0,""reference_file_loads"":0,""sanitisation"":0,""tetrahedral_chirality"":0}","{""all_atoms_connected"":0.0,""bond_angles"":0.0,""bond_lengths"":0.0,""bonds"":0.0,""double_bond_stereochemistry"":0.0,""energy_ratio"":0.0,""file_loads"":0.0,""inchi_convertible"":0.0,""internal_steric_clash"":0.0,""molecular_formula"":0.0,""no_radicals"":0.0,""planar_aromatic_rings"":0.0,""planar_double_bonds"":0.0,""reference_file_loads"":0.0,""sanitisation"":0.0,""tetrahedral_chirality"":0.0}",6,116.14579669359114,0.2275580315798536,0.3789413253934463,1.0,16.666666666666668,0.0,1.0,1.0,1.0,0.0,1.0,16.666666666666668,0.0,1.0,1.0,1.0,0.0,1.0,16.666666666666668,0.0,1.0,1.0,1.0,0.0,1.0,16.666666666666668,0.0,1.0,1.0,1.0,0.0,6,61.22932130742202,66.2649587905651,64.09412648918456,1.8413861521554482,0.16670385928677903,0.1811148359517354,1.0,1.0,1.0,1.0,0.16434535277453197,0.18482302983173177,1.0,1.0,1.0,1.0,1000,0,0,0,0,0,6,0,0,0,0,6,6,6,core
4kzu_4kzu_conf0,generation,torsional_diffusion_raw,fixed,,torsional_diffusion_raw_fixed,Torsional Diffusion,torsional_diffusion_raw_fixed,1,18,1000,0.7,1000,1000,0,1.0,1000,1000,0,1.0,"{""all_atoms_connected"":0,""bond_angles"":0,""bond_lengths"":0,""bonds"":0,""double_bond_stereochemistry"":0,""energy_ratio"":0,""file_loads"":0,""inchi_convertible"":0,""internal_steric_clash"":0,""molecular_formula"":0,""no_radicals"":0,""planar_aromatic_rings"":0,""planar_double_bonds"":0,""reference_file_loads"":0,""sanitisation"":0,""tetrahedral_chirality"":0}","{""all_atoms_connected"":0.0,""bond_angles"":0.0,""bond_lengths"":0.0,""bonds"":0.0,""double_bond_stereochemistry"":0.0,""energy_ratio"":0.0,""file_loads"":0.0,""inchi_convertible"":0.0,""internal_steric_clash"":0.0,""molecular_formula"":0.0,""no_radicals"":0.0,""planar_aromatic_rings"":0.0,""planar_double_bonds"":0.0,""reference_file_loads"":0.0,""sanitisation"":0.0,""tetrahedral_chirality"":0.0}",1000,110.72723160836935,0.23774120581075922,0.43906681066468006,2.0,0.2,0.1943918578315762,0.97,1.1442417243884395,0.9418,0.0,1.0,0.1,0.0,1.0,1.0,1.0,0.0,1.0,0.1,0.0,1.0,1.0,1.0,0.0,1.0,0.1,0.0,1.0,1.0,1.0,0.0,1000,65.76066926501242,76.35207553300916,70.26805284689193,1.6878473097200752,0.0715713053654013,0.19324375362164364,1.0,1.0,1.0,1.0,0.07991090880140375,0.20953510440116008,1.0,1.0,1.0,1.0,1000,0,0,0,0,0,1000,0,0,0,0,1000,1000,1000,core
4kzu_4kzu_conf0,generation,torsional_diffusion_raw,dynamic,,torsional_diffusion_raw_dynamic,Torsional Diffusion,torsional_diffusion_raw_dynamic,1,18,2,0.7,2,2,0,1.0,2,2,0,1.0,"{""all_atoms_connected"":0,""bond_angles"":0,""bond_lengths"":0,""bonds"":0,""double_bond_stereochemistry"":0,""energy_ratio"":0,""file_loads"":0,""inchi_convertible"":0,""internal_steric_clash"":0,""molecular_formula"":0,""no_radicals"":0,""planar_aromatic_rings"":0,""planar_double_bonds"":0,""reference_file_loads"":0,""sanitisation"":0,""tetrahedral_chirality"":0}","{""all_atoms_connected"":0.0,""bond_angles"":0.0,""bond_lengths"":0.0,""bonds"":0.0,""double_bond_stereochemistry"":0.0,""energy_ratio"":0.0,""file_loads"":0.0,""inchi_convertible"":0.0,""internal_steric_clash"":0.0,""molecular_formula"":0.0,""no_radicals"":0.0,""planar_aromatic_rings"":0.0,""planar_double_bonds"":0.0,""reference_file_loads"":0.0,""sanitisation"":0.0,""tetrahedral_chirality"":0.0}",2,1.4670692462639403,0.05504780128762213,0.05504780128762213,1.0,50.0,0.0,1.0,1.0,1.0,0.0,1.0,50.0,0.0,1.0,1.0,1.0,0.0,1.0,50.0,0.0,1.0,1.0,1.0,0.0,1.0,50.0,0.0,1.0,1.0,1.0,0.0,2,69.0177072103312,73.51963220361446,71.26866970697283,2.250962496641634,0.0966484627141744,0.11102405162328959,1.0,1.0,1.0,1.0,0.08052198281894593,0.08807349727103267,1.0,1.0,1.0,1.0,1000,0,0,0,0,0,2,0,0,0,0,2,2,2,core
4kzu_4kzu_conf0,generation,torsional_diffusion_raw,chembl_count,,torsional_diffusion_raw_chembl_count,Torsional Diffusion,torsional_diffusion_raw_chembl_count,1,18,3,0.7,3,3,0,1.0,3,3,0,1.0,"{""all_atoms_connected"":0,""bond_angles"":0,""bond_lengths"":0,""bonds"":0,""double_bond_stereochemistry"":0,""energy_ratio"":0,""file_loads"":0,""inchi_convertible"":0,""internal_steric_clash"":0,""molecular_formula"":0,""no_radicals"":0,""planar_aromatic_rings"":0,""planar_double_bonds"":0,""reference_file_loads"":0,""sanitisation"":0,""tetrahedral_chirality"":0}","{""all_atoms_connected"":0.0,""bond_angles"":0.0,""bond_lengths"":0.0,""bonds"":0.0,""double_bond_stereochemistry"":0.0,""energy_ratio"":0.0,""file_loads"":0.0,""inchi_convertible"":0.0,""internal_steric_clash"":0.0,""molecular_formula"":0.0,""no_radicals"":0.0,""planar_aromatic_rings"":0.0,""planar_double_bonds"":0.0,""reference_file_loads"":0.0,""sanitisation"":0.0,""tetrahedral_chirality"":0.0}",3,86.84101500838449,0.044663167041134356,0.056187106749309046,1.0,33.333333333333336,0.0,1.0,1.0,1.0,0.0,1.0,33.333333333333336,0.0,1.0,1.0,1.0,0.0,1.0,33.333333333333336,0.0,1.0,1.0,1.0,0.0,1.0,33.333333333333336,0.0,1.0,1.0,1.0,0.0,3,68.17233678814063,70.67482909593109,68.92237598985186,1.0486032214151881,0.12788924475158947,0.15601687350048213,1.0,1.0,1.0,1.0,0.16812691205008817,0.19023866973742115,1.0,1.0,1.0,1.0,1000,0,0,0,0,0,3,0,0,0,0,3,3,3,core
4llx_4llx_conf0,generation,torsional_diffusion_raw,fixed,,torsional_diffusion_raw_fixed,Torsional Diffusion,torsional_diffusion_raw_fixed,1,9,1000,0.7,1000,1000,0,1.0,1000,1000,0,1.0,"{""all_atoms_connected"":0,""bond_angles"":0,""bond_lengths"":0,""bonds"":0,""double_bond_stereochemistry"":0,""energy_ratio"":0,""file_loads"":0,""inchi_convertible"":0,""internal_steric_clash"":0,""molecular_formula"":0,""no_radicals"":0,""planar_aromatic_rings"":0,""planar_double_bonds"":0,""reference_file_loads"":0,""sanitisation"":0,""tetrahedral_chirality"":0}","{""all_atoms_connected"":0.0,""bond_angles"":0.0,""bond_lengths"":0.0,""bonds"":0.0,""double_bond_stereochemistry"":0.0,""energy_ratio"":0.0,""file_loads"":0.0,""inchi_convertible"":0.0,""internal_steric_clash"":0.0,""molecular_formula"":0.0,""no_radicals"":0.0,""planar_aromatic_rings"":0.0,""planar_double_bonds"":0.0,""reference_file_loads"":0.0,""sanitisation"":0.0,""tetrahedral_chirality"":0.0}",1000,114.34127850398674,0.028904210726149394,0.038767069710438085,1.0,0.1,0.0,1.0,1.0,1.0,0.0,1.0,0.1,0.0,1.0,1.0,1.0,0.0,1.0,0.1,0.0,1.0,1.0,1.0,0.0,1.0,0.1,0.0,1.0,1.0,1.0,0.0,1000,-83.52640071588444,-60.07029687664087,-78.89768770633844,2.2578852005830177,0.03400986230474613,0.05293611084716923,1.0,1.0,1.0,1.0,0.07653501554899575,0.10006542215513627,1.0,1.0,1.0,1.0,1000,0,0,0,0,0,1000,0,0,0,0,1000,1000,1000,core
4llx_4llx_conf0,generation,torsional_diffusion_raw,dynamic,,torsional_diffusion_raw_dynamic,Torsional Diffusion,torsional_diffusion_raw_dynamic,1,9,2,0.7,2,2,0,1.0,2,2,0,1.0,"{""all_atoms_connected"":0,""bond_angles"":0,""bond_lengths"":0,""bonds"":0,""double_bond_stereochemistry"":0,""energy_ratio"":0,""file_loads"":0,""inchi_convertible"":0,""internal_steric_clash"":0,""molecular_formula"":0,""no_radicals"":0,""planar_aromatic_rings"":0,""planar_double_bonds"":0,""reference_file_loads"":0,""sanitisation"":0,""tetrahedral_chirality"":0}","{""all_atoms_connected"":0.0,""bond_angles"":0.0,""bond_lengths"":0.0,""bonds"":0.0,""double_bond_stereochemistry"":0.0,""energy_ratio"":0.0,""file_loads"":0.0,""inchi_convertible"":0.0,""internal_steric_clash"":0.0,""molecular_formula"":0.0,""no_radicals"":0.0,""planar_aromatic_rings"":0.0,""planar_double_bonds"":0.0,""reference_file_loads"":0.0,""sanitisation"":0.0,""tetrahedral_chirality"":0.0}",2,117.22304025939461,0.02246576614866018,0.02246576614866018,1.0,50.0,0.0,1.0,1.0,1.0,0.0,1.0,50.0,0.0,1.0,1.0,1.0,0.0,1.0,50.0,0.0,1.0,1.0,1.0,0.0,1.0,50.0,0.0,1.0,1.0,1.0,0.0,2,-79.69774744681483,-78.59888711188793,-79.14831727935137,0.5494301674634485,0.04646791754109546,0.054658333001229305,1.0,1.0,1.0,1.0,0.09980802677099766,0.10570708266556336,1.0,1.0,1.0,1.0,1000,0,0,0,0,0,2,0,0,0,0,2,2,2,core
4llx_4llx_conf0,generation,torsional_diffusion_raw,chembl_count,,torsional_diffusion_raw_chembl_count,Torsional Diffusion,torsional_diffusion_raw_chembl_count,1,9,1,0.7,1,1,0,1.0,1,1,0,1.0,"{""all_atoms_connected"":0,""bond_angles"":0,""bond_lengths"":0,""bonds"":0,""double_bond_stereochemistry"":0,""energy_ratio"":0,""file_loads"":0,""inchi_convertible"":0,""internal_steric_clash"":0,""molecular_formula"":0,""no_radicals"":0,""planar_aromatic_rings"":0,""planar_double_bonds"":0,""reference_file_loads"":0,""sanitisation"":0,""tetrahedral_chirality"":0}","{""all_atoms_connected"":0.0,""bond_angles"":0.0,""bond_lengths"":0.0,""bonds"":0.0,""double_bond_stereochemistry"":0.0,""energy_ratio"":0.0,""file_loads"":0.0,""inchi_convertible"":0.0,""internal_steric_clash"":0.0,""molecular_formula"":0.0,""no_radicals"":0.0,""planar_aromatic_rings"":0.0,""planar_double_bonds"":0.0,""reference_file_loads"":0.0,""sanitisation"":0.0,""tetrahedral_chirality"":0.0}",1,0.0,,,1.0,100.0,0.0,1.0,1.0,1.0,1.0,1.0,100.0,0.0,1.0,1.0,1.0,1.0,1.0,100.0,0.0,1.0,1.0,1.0,1.0,1.0,100.0,0.0,1.0,1.0,1.0,1.0,1,-66.32381031530645,-66.32381031530645,-66.32381031530645,0.0,0.05481325532740331,0.05481325532740331,1.0,1.0,1.0,1.0,0.10247887229642408,0.10247887229642408,1.0,1.0,1.0,1.0,1000,0,0,0,0,0,1,0,0,0,0,1,1,1,core
4lzs_4lzs_conf0,generation,torsional_diffusion_raw,fixed,,torsional_diffusion_raw_fixed,Torsional Diffusion,torsional_diffusion_raw_fixed,3,15,923,0.7,923,918,5,0.9945828819068255,1000,923,77,0.923,"{""all_atoms_connected"":0,""bond_angles"":0,""bond_lengths"":0,""bonds"":0,""double_bond_stereochemistry"":0,""energy_ratio"":69,""file_loads"":0,""inchi_convertible"":0,""internal_steric_clash"":9,""molecular_formula"":0,""no_radicals"":0,""planar_aromatic_rings"":0,""planar_double_bonds"":0,""reference_file_loads"":0,""sanitisation"":0,""tetrahedral_chirality"":0}","{""all_atoms_connected"":0.0,""bond_angles"":0.0,""bond_lengths"":0.0,""bonds"":0.0,""double_bond_stereochemistry"":0.0,""energy_ratio"":0.069,""file_loads"":0.0,""inchi_convertible"":0.0,""internal_steric_clash"":0.009,""molecular_formula"":0.0,""no_radicals"":0.0,""planar_aromatic_rings"":0.0,""planar_double_bonds"":0.0,""reference_file_loads"":0.0,""sanitisation"":0.0,""tetrahedral_chirality"":0.0}",923,114.30430891154757,0.9540024795509862,1.3080124153479635,36.0,3.9003250270855903,0.8418419807536692,0.1180931744312026,20.424939551732322,0.06173871296786469,0.05555555555555555,7.0,0.7583965330444203,0.8040777247203801,0.35102925243770317,4.7810634706763295,0.24145321969319042,0.0,1.0,0.10834236186348863,0.0,1.0,1.0,1.0,0.0,1.0,0.10834236186348863,0.0,1.0,1.0,1.0,0.0,923,16.984163829171486,1129.4926366194459,38.47243434222082,57.806247038865116,0.1267037052388801,1.0422581682243466,1.0,1.0,1.0,1.0,0.17057315537658452,1.072203442760847,1.0,1.0,1.0,1.0,1000,0,0,0,0,0,1000,0,0,0,0,923,1000,1000,core
4lzs_4lzs_conf0,generation,torsional_diffusion_raw,dynamic,,torsional_diffusion_raw_dynamic,Torsional Diffusion,torsional_diffusion_raw_dynamic,3,15,45,0.7,45,45,0,1.0,46,45,1,0.9782608695652174,"{""all_atoms_connected"":0,""bond_angles"":0,""bond_lengths"":0,""bonds"":0,""double_bond_stereochemistry"":0,""energy_ratio"":0,""file_loads"":0,""inchi_convertible"":0,""internal_steric_clash"":1,""molecular_formula"":0,""no_radicals"":0,""planar_aromatic_rings"":0,""planar_double_bonds"":0,""reference_file_loads"":0,""sanitisation"":0,""tetrahedral_chirality"":0}","{""all_atoms_connected"":0.0,""bond_angles"":0.0,""bond_lengths"":0.0,""bonds"":0.0,""double_bond_stereochemistry"":0.0,""energy_ratio"":0.0,""file_loads"":0.0,""inchi_convertible"":0.0,""internal_steric_clash"":0.021739130434782608,""molecular_formula"":0.0,""no_radicals"":0.0,""planar_aromatic_rings"":0.0,""planar_double_bonds"":0.0,""reference_file_loads"":0.0,""sanitisation"":0.0,""tetrahedral_chirality"":0.0}",45,117.1124520199374,0.9710535958001321,1.3197482511647465,13.0,28.88888888888889,0.9274954342054398,0.15555555555555556,10.793874723590937,0.1051851851851852,0.23076923076923078,4.0,8.88888888888889,0.9330236652900576,0.35555555555555557,3.6453247129667252,0.2948148148148148,0.0,1.0,2.2222222222222223,0.0,1.0,1.0,1.0,0.0,1.0,2.2222222222222223,0.0,1.0,1.0,1.0,0.0,45,18.496104624859402,192.525337295059,32.602835142686715,33.5639772792168,0.2784529914965341,1.011204118581624,0.0,1.0,1.0,1.0,0.29660919150680726,1.0534191718583328,0.0,1.0,1.0,1.0,1000,0,0,0,0,0,46,0,0,0,0,45,46,46,core
4lzs_4lzs_conf0,generation,torsional_diffusion_raw,chembl_count,,torsional_diffusion_raw_chembl_count,Torsional Diffusion,torsional_diffusion_raw_chembl_count,3,15,9,0.7,9,8,1,0.8888888888888888,12,9,3,0.75,"{""all_atoms_connected"":0,""bond_angles"":0,""bond_lengths"":0,""bonds"":0,""double_bond_stereochemistry"":0,""energy_ratio"":3,""file_loads"":0,""inchi_convertible"":0,""internal_steric_clash"":0,""molecular_formula"":0,""no_radicals"":0,""planar_aromatic_rings"":0,""planar_double_bonds"":0,""reference_file_loads"":0,""sanitisation"":0,""tetrahedral_chirality"":0}","{""all_atoms_connected"":0.0,""bond_angles"":0.0,""bond_lengths"":0.0,""bonds"":0.0,""double_bond_stereochemistry"":0.0,""energy_ratio"":0.25,""file_loads"":0.0,""inchi_convertible"":0.0,""internal_steric_clash"":0.0,""molecular_formula"":0.0,""no_radicals"":0.0,""planar_aromatic_rings"":0.0,""planar_double_bonds"":0.0,""reference_file_loads"":0.0,""sanitisation"":0.0,""tetrahedral_chirality"":0.0}",9,112.2102103472303,1.0397105793552732,1.3992223227516702,7.0,77.77777777777777,0.9708357627258162,0.2222222222222222,6.6138052152401965,0.16049382716049382,0.7142857142857143,2.0,22.22222222222222,0.9910760598382222,0.5555555555555556,1.9876669750024174,0.5061728395061729,0.0,1.0,11.11111111111111,0.0,1.0,1.0,1.0,0.0,1.0,11.11111111111111,0.0,1.0,1.0,1.0,0.0,9,17.67746140565653,200.88736213816696,36.749735509314455,52.76947461390732,0.6559612992758629,1.188120493376966,0.0,0.0,1.0,1.0,0.5797833892887614,1.2356667353626176,0.0,0.0,1.0,1.0,1000,0,0,0,0,0,12,0,0,0,0,9,12,12,core
4mgd_4mgd_conf0,generation,torsional_diffusion_raw,fixed,,torsional_diffusion_raw_fixed,Torsional Diffusion,torsional_diffusion_raw_fixed,4,19,997,0.7,997,997,0,1.0,1000,997,3,0.997,"{""all_atoms_connected"":0,""bond_angles"":0,""bond_lengths"":0,""bonds"":0,""double_bond_stereochemistry"":0,""energy_ratio"":3,""file_loads"":0,""inchi_convertible"":0,""internal_steric_clash"":0,""molecular_formula"":0,""no_radicals"":0,""planar_aromatic_rings"":0,""planar_double_bonds"":0,""reference_file_loads"":0,""sanitisation"":0,""tetrahedral_chirality"":0}","{""all_atoms_connected"":0.0,""bond_angles"":0.0,""bond_lengths"":0.0,""bonds"":0.0,""double_bond_stereochemistry"":0.0,""energy_ratio"":0.003,""file_loads"":0.0,""inchi_convertible"":0.0,""internal_steric_clash"":0.0,""molecular_formula"":0.0,""no_radicals"":0.0,""planar_aromatic_rings"":0.0,""planar_double_bonds"":0.0,""reference_file_loads"":0.0,""sanitisation"":0.0,""tetrahedral_chirality"":0.0}",997,109.25350005444689,0.5839698526666451,0.8637223180359858,9.0,0.9027081243731193,0.6661891323011946,0.3520561685055166,4.322211249662553,0.26803680851984235,0.0,2.0,0.20060180541624875,0.4699487075576245,0.8996990972918756,1.385060223896016,0.8195187367518804,0.0,1.0,0.10030090270812438,0.0,1.0,1.0,1.0,0.0,1.0,0.10030090270812438,0.0,1.0,1.0,1.0,0.0,997,87.47897317042307,783.5081433402105,101.63463798803062,24.618118387438148,0.14947968026878447,0.5946015466668223,1.0,1.0,1.0,1.0,0.16270116186923647,0.5931809512623005,1.0,1.0,1.0,1.0,1000,0,0,0,0,0,1000,0,0,0,0,997,1000,1000,core
4mgd_4mgd_conf0,generation,torsional_diffusion_raw,dynamic,,torsional_diffusion_raw_dynamic,Torsional Diffusion,torsional_diffusion_raw_dynamic,4,19,68,0.7,68,68,0,1.0,68,68,0,1.0,"{""all_atoms_connected"":0,""bond_angles"":0,""bond_lengths"":0,""bonds"":0,""double_bond_stereochemistry"":0,""energy_ratio"":0,""file_loads"":0,""inchi_convertible"":0,""internal_steric_clash"":0,""molecular_formula"":0,""no_radicals"":0,""planar_aromatic_rings"":0,""planar_double_bonds"":0,""reference_file_loads"":0,""sanitisation"":0,""tetrahedral_chirality"":0}","{""all_atoms_connected"":0.0,""bond_angles"":0.0,""bond_lengths"":0.0,""bonds"":0.0,""double_bond_stereochemistry"":0.0,""energy_ratio"":0.0,""file_loads"":0.0,""inchi_convertible"":0.0,""internal_steric_clash"":0.0,""molecular_formula"":0.0,""no_radicals"":0.0,""planar_aromatic_rings"":0.0,""planar_double_bonds"":0.0,""reference_file_loads"":0.0,""sanitisation"":0.0,""tetrahedral_chirality"":0.0}",68,106.06829209675723,0.5832965362162983,0.8666444324835217,8.0,11.764705882352942,0.7984182876676599,0.36764705882352944,5.2607003012793685,0.23399653979238755,0.25,1.0,1.4705882352941178,0.0,1.0,1.0,1.0,0.0,1.0,1.4705882352941178,0.0,1.0,1.0,1.0,0.0,1.0,1.4705882352941178,0.0,1.0,1.0,1.0,0.0,68,87.80702322145513,137.47096411231087,103.1264124522597,9.888724970874417,0.21124202324172414,0.729745667087832,1.0,1.0,1.0,1.0,0.1819201854792031,0.7091984349162781,1.0,1.0,1.0,1.0,1000,0,0,0,0,0,68,0,0,0,0,68,68,68,core
4mgd_4mgd_conf0,generation,torsional_diffusion_raw,chembl_count,,torsional_diffusion_raw_chembl_count,Torsional Diffusion,torsional_diffusion_raw_chembl_count,4,19,24,0.7,24,24,0,1.0,24,24,0,1.0,"{""all_atoms_connected"":0,""bond_angles"":0,""bond_lengths"":0,""bonds"":0,""double_bond_stereochemistry"":0,""energy_ratio"":0,""file_loads"":0,""inchi_convertible"":0,""internal_steric_clash"":0,""molecular_formula"":0,""no_radicals"":0,""planar_aromatic_rings"":0,""planar_double_bonds"":0,""reference_file_loads"":0,""sanitisation"":0,""tetrahedral_chirality"":0}","{""all_atoms_connected"":0.0,""bond_angles"":0.0,""bond_lengths"":0.0,""bonds"":0.0,""double_bond_stereochemistry"":0.0,""energy_ratio"":0.0,""file_loads"":0.0,""inchi_convertible"":0.0,""internal_steric_clash"":0.0,""molecular_formula"":0.0,""no_radicals"":0.0,""planar_aromatic_rings"":0.0,""planar_double_bonds"":0.0,""reference_file_loads"":0.0,""sanitisation"":0.0,""tetrahedral_chirality"":0.0}",24,110.33080325860684,0.5467264316998423,0.8188935160825475,3.0,12.5,0.8722208507618188,0.5416666666666666,2.607084494573249,0.42013888888888884,0.0,1.0,4.166666666666667,0.0,1.0,1.0,1.0,0.0,1.0,4.166666666666667,0.0,1.0,1.0,1.0,0.0,1.0,4.166666666666667,0.0,1.0,1.0,1.0,0.0,24,90.7217691101147,123.54883818590142,99.0475256073884,8.17059498286095,0.2257762882682634,0.40663358239342906,1.0,1.0,1.0,1.0,0.2014578420356514,0.4243345249701327,1.0,1.0,1.0,1.0,1000,0,0,0,0,0,24,0,0,0,0,24,24,24,core
4ogj_4ogj_conf0,generation,torsional_diffusion_raw,fixed,,torsional_diffusion_raw_fixed,Torsional Diffusion,torsional_diffusion_raw_fixed,10,37,541,0.7,541,454,87,0.8391866913123844,1000,541,459,0.541,"{""all_atoms_connected"":0,""bond_angles"":0,""bond_lengths"":0,""bonds"":0,""double_bond_stereochemistry"":0,""energy_ratio"":343,""file_loads"":0,""inchi_convertible"":0,""internal_steric_clash"":393,""molecular_formula"":0,""no_radicals"":0,""planar_aromatic_rings"":0,""planar_double_bonds"":0,""reference_file_loads"":0,""sanitisation"":0,""tetrahedral_chirality"":0}","{""all_atoms_connected"":0.0,""bond_angles"":0.0,""bond_lengths"":0.0,""bonds"":0.0,""double_bond_stereochemistry"":0.0,""energy_ratio"":0.343,""file_loads"":0.0,""inchi_convertible"":0.0,""internal_steric_clash"":0.393,""molecular_formula"":0.0,""no_radicals"":0.0,""planar_aromatic_rings"":0.0,""planar_double_bonds"":0.0,""reference_file_loads"":0.0,""sanitisation"":0.0,""tetrahedral_chirality"":0.0}",541,104.22585432127384,2.9186699582292723,3.9375704049729547,539.0,99.63031423290204,0.9997740398608435,0.0036968576709796672,538.2345038219568,0.0018620955921293146,0.9962894248608535,383.0,70.79482439926063,0.975138812154753,0.014787430683918669,330.3523374091517,0.0037139411167790184,0.7519582245430809,34.0,6.284658040665434,0.8681231642265176,0.12939001848428835,21.355626832687697,0.06138082075706998,0.08823529411764706,6.0,1.1090573012939002,0.9027599385067226,0.3419593345656192,5.040617872196955,0.22523839948612995,0.0,541,-4.063577851513799,190374.5123145567,84.48092035422616,13484.836810713989,0.614350052120657,2.6751511509502977,0.0,0.0,1.0,1.0,0.5855890862199197,2.672402691982234,0.0,0.0,1.0,1.0,1000,0,0,0,0,0,1000,0,0,0,0,541,1000,1000,core
4ogj_4ogj_conf0,generation,torsional_diffusion_raw,dynamic,,torsional_diffusion_raw_dynamic,Torsional Diffusion,torsional_diffusion_raw_dynamic,10,37,114,0.7,114,93,21,0.8157894736842105,200,114,86,0.57,"{""all_atoms_connected"":0,""bond_angles"":0,""bond_lengths"":0,""bonds"":0,""double_bond_stereochemistry"":0,""energy_ratio"":66,""file_loads"":0,""inchi_convertible"":0,""internal_steric_clash"":72,""molecular_formula"":0,""no_radicals"":0,""planar_aromatic_rings"":0,""planar_double_bonds"":0,""reference_file_loads"":0,""sanitisation"":0,""tetrahedral_chirality"":0}","{""all_atoms_connected"":0.0,""bond_angles"":0.0,""bond_lengths"":0.0,""bonds"":0.0,""double_bond_stereochemistry"":0.0,""energy_ratio"":0.33,""file_loads"":0.0,""inchi_convertible"":0.0,""internal_steric_clash"":0.36,""molecular_formula"":0.0,""no_radicals"":0.0,""planar_aromatic_rings"":0.0,""planar_double_bonds"":0.0,""reference_file_loads"":0.0,""sanitisation"":0.0,""tetrahedral_chirality"":0.0}",114,104.82187823156524,2.902603430982989,4.04100986154603,114.0,100.0,0.9999999999999998,0.008771929824561403,113.99999999999993,0.008771929824561403,1.0,100.0,87.71929824561404,0.986849849208036,0.03508771929824561,94.1238533291377,0.011695906432748534,0.9,19.0,16.666666666666668,0.8293786556289211,0.23684210526315788,11.49664026853171,0.12296091104955369,0.21052631578947367,5.0,4.385964912280702,0.8795139834487907,0.35964912280701755,4.118640567130182,0.27762388427208373,0.0,114,9.306570662139976,144287.40465749765,85.65428745686577,14767.342921694459,0.614350052120657,2.6742256373961766,0.0,0.0,1.0,1.0,0.5855890862199197,2.6433307358208182,0.0,0.0,1.0,1.0,1000,0,0,0,0,0,200,0,0,0,0,114,200,200,core
4ogj_4ogj_conf0,generation,torsional_diffusion_raw,chembl_count,,torsional_diffusion_raw_chembl_count,Torsional Diffusion,torsional_diffusion_raw_chembl_count,10,37,33,0.7,33,28,5,0.8484848484848485,54,33,21,0.6111111111111112,"{""all_atoms_connected"":0,""bond_angles"":0,""bond_lengths"":0,""bonds"":0,""double_bond_stereochemistry"":0,""energy_ratio"":13,""file_loads"":0,""inchi_convertible"":0,""internal_steric_clash"":21,""molecular_formula"":0,""no_radicals"":0,""planar_aromatic_rings"":0,""planar_double_bonds"":0,""reference_file_loads"":0,""sanitisation"":0,""tetrahedral_chirality"":0}","{""all_atoms_connected"":0.0,""bond_angles"":0.0,""bond_lengths"":0.0,""bonds"":0.0,""double_bond_stereochemistry"":0.0,""energy_ratio"":0.24074074074074073,""file_loads"":0.0,""inchi_convertible"":0.0,""internal_steric_clash"":0.3888888888888889,""molecular_formula"":0.0,""no_radicals"":0.0,""planar_aromatic_rings"":0.0,""planar_double_bonds"":0.0,""reference_file_loads"":0.0,""sanitisation"":0.0,""tetrahedral_chirality"":0.0}",33,100.92314239410148,2.9265026301080073,3.7275257488808036,33.0,100.0,1.0,0.030303030303030304,33.0,0.030303030303030307,1.0,31.0,93.93939393939394,0.9937397894032741,0.06060606060606061,30.340690166338973,0.03397612488521579,0.9354838709677419,12.0,36.36363636363637,0.9006379569415793,0.21212121212121213,9.374575100870938,0.12764003673094582,0.4166666666666667,4.0,12.121212121212121,0.8226988514449088,0.45454545454545453,3.128340832856797,0.35169880624426075,0.25,33,3.8203558687855548,19613.269337240352,78.79424304758315,3900.3348204240724,0.9058019783824623,2.7984287834846175,0.0,0.0,0.0,1.0,0.9556154788497717,2.7622220153489074,0.0,0.0,0.0,1.0,1000,0,0,0,0,0,54,0,0,0,0,33,54,54,core
5c28_5c28_conf0,generation,torsional_diffusion_raw,fixed,,torsional_diffusion_raw_fixed,Torsional Diffusion,torsional_diffusion_raw_fixed,2,12,1000,0.7,1000,1000,0,1.0,1000,1000,0,1.0,"{""all_atoms_connected"":0,""bond_angles"":0,""bond_lengths"":0,""bonds"":0,""double_bond_stereochemistry"":0,""energy_ratio"":0,""file_loads"":0,""inchi_convertible"":0,""internal_steric_clash"":0,""molecular_formula"":0,""no_radicals"":0,""planar_aromatic_rings"":0,""planar_double_bonds"":0,""reference_file_loads"":0,""sanitisation"":0,""tetrahedral_chirality"":0}","{""all_atoms_connected"":0.0,""bond_angles"":0.0,""bond_lengths"":0.0,""bonds"":0.0,""double_bond_stereochemistry"":0.0,""energy_ratio"":0.0,""file_loads"":0.0,""inchi_convertible"":0.0,""internal_steric_clash"":0.0,""molecular_formula"":0.0,""no_radicals"":0.0,""planar_aromatic_rings"":0.0,""planar_double_bonds"":0.0,""reference_file_loads"":0.0,""sanitisation"":0.0,""tetrahedral_chirality"":0.0}",1000,110.3179322911826,0.3843570064455987,0.6715709298820853,4.0,0.4,0.6603929938064216,0.515,2.4980216620843043,0.44766799999999995,0.0,1.0,0.1,0.0,1.0,1.0,1.0,0.0,1.0,0.1,0.0,1.0,1.0,1.0,0.0,1.0,0.1,0.0,1.0,1.0,1.0,0.0,1000,-48.537034361459504,18.165753752645188,-41.39007797218886,3.2442739554554247,0.059452675357323535,0.6235535514548368,1.0,1.0,1.0,1.0,0.09478666939250971,0.6021279738414529,1.0,1.0,1.0,1.0,1000,0,0,0,0,0,1000,0,0,0,0,1000,1000,1000,core
5c28_5c28_conf0,generation,torsional_diffusion_raw,dynamic,,torsional_diffusion_raw_dynamic,Torsional Diffusion,torsional_diffusion_raw_dynamic,2,12,24,0.7,24,24,0,1.0,24,24,0,1.0,"{""all_atoms_connected"":0,""bond_angles"":0,""bond_lengths"":0,""bonds"":0,""double_bond_stereochemistry"":0,""energy_ratio"":0,""file_loads"":0,""inchi_convertible"":0,""internal_steric_clash"":0,""molecular_formula"":0,""no_radicals"":0,""planar_aromatic_rings"":0,""planar_double_bonds"":0,""reference_file_loads"":0,""sanitisation"":0,""tetrahedral_chirality"":0}","{""all_atoms_connected"":0.0,""bond_angles"":0.0,""bond_lengths"":0.0,""bonds"":0.0,""double_bond_stereochemistry"":0.0,""energy_ratio"":0.0,""file_loads"":0.0,""inchi_convertible"":0.0,""internal_steric_clash"":0.0,""molecular_formula"":0.0,""no_radicals"":0.0,""planar_aromatic_rings"":0.0,""planar_double_bonds"":0.0,""reference_file_loads"":0.0,""sanitisation"":0.0,""tetrahedral_chirality"":0.0}",24,102.40353080767466,0.38513766390256454,0.6684342644315999,3.0,12.5,0.754857573379366,0.5416666666666666,2.2917043681573275,0.46874999999999994,0.3333333333333333,1.0,4.166666666666667,0.0,1.0,1.0,1.0,0.0,1.0,4.166666666666667,0.0,1.0,1.0,1.0,0.0,1.0,4.166666666666667,0.0,1.0,1.0,1.0,0.0,24,-44.82409193809929,-35.75372592029235,-40.784516359735186,2.4485831402334255,0.08131948844290132,0.6260183467660874,1.0,1.0,1.0,1.0,0.11381691180293019,0.6009549716654479,1.0,1.0,1.0,1.0,1000,0,0,0,0,0,24,0,0,0,0,24,24,24,core
5c28_5c28_conf0,generation,torsional_diffusion_raw,chembl_count,,torsional_diffusion_raw_chembl_count,Torsional Diffusion,torsional_diffusion_raw_chembl_count,2,12,2,0.7,2,2,0,1.0,2,2,0,1.0,"{""all_atoms_connected"":0,""bond_angles"":0,""bond_lengths"":0,""bonds"":0,""double_bond_stereochemistry"":0,""energy_ratio"":0,""file_loads"":0,""inchi_convertible"":0,""internal_steric_clash"":0,""molecular_formula"":0,""no_radicals"":0,""planar_aromatic_rings"":0,""planar_double_bonds"":0,""reference_file_loads"":0,""sanitisation"":0,""tetrahedral_chirality"":0}","{""all_atoms_connected"":0.0,""bond_angles"":0.0,""bond_lengths"":0.0,""bonds"":0.0,""double_bond_stereochemistry"":0.0,""energy_ratio"":0.0,""file_loads"":0.0,""inchi_convertible"":0.0,""internal_steric_clash"":0.0,""molecular_formula"":0.0,""no_radicals"":0.0,""planar_aromatic_rings"":0.0,""planar_double_bonds"":0.0,""reference_file_loads"":0.0,""sanitisation"":0.0,""tetrahedral_chirality"":0.0}",2,21.016142444895646,0.06317488784865725,0.06317488784865725,1.0,50.0,0.0,1.0,1.0,1.0,0.0,1.0,50.0,0.0,1.0,1.0,1.0,0.0,1.0,50.0,0.0,1.0,1.0,1.0,0.0,1.0,50.0,0.0,1.0,1.0,1.0,0.0,2,-43.62491969094856,-40.43816559072436,-42.03154264083646,1.5933770501120994,0.10094055622310502,0.10411015955248212,1.0,1.0,1.0,1.0,0.1402669989636026,0.1474795243867773,1.0,1.0,1.0,1.0,1000,0,0,0,0,0,2,0,0,0,0,2,2,2,core
5c2h_5c2h_conf0,generation,torsional_diffusion_raw,fixed,,torsional_diffusion_raw_fixed,Torsional Diffusion,torsional_diffusion_raw_fixed,8,31,717,0.7,717,605,112,0.8437935843793585,1000,717,283,0.717,"{""all_atoms_connected"":0,""bond_angles"":0,""bond_lengths"":1,""bonds"":0,""double_bond_stereochemistry"":0,""energy_ratio"":172,""file_loads"":0,""inchi_convertible"":0,""internal_steric_clash"":249,""molecular_formula"":0,""no_radicals"":0,""planar_aromatic_rings"":0,""planar_double_bonds"":0,""reference_file_loads"":0,""sanitisation"":0,""tetrahedral_chirality"":0}","{""all_atoms_connected"":0.0,""bond_angles"":0.0,""bond_lengths"":0.001,""bonds"":0.0,""double_bond_stereochemistry"":0.0,""energy_ratio"":0.172,""file_loads"":0.0,""inchi_convertible"":0.0,""internal_steric_clash"":0.249,""molecular_formula"":0.0,""no_radicals"":0.0,""planar_aromatic_rings"":0.0,""planar_double_bonds"":0.0,""reference_file_loads"":0.0,""sanitisation"":0.0,""tetrahedral_chirality"":0.0}",717,94.7930932582084,2.7926547530323145,3.593410858813379,670.0,93.44490934449094,0.9951475626866997,0.005578800557880056,649.1744996424281,0.00162423237999646,0.9462686567164179,354.0,49.37238493723849,0.943914114632982,0.023709902370990237,254.70657574949988,0.005751922332514409,0.6186440677966102,34.0,4.741980474198048,0.848888237904685,0.15481171548117154,19.955124389029244,0.06829751268749185,0.08823529411764706,5.0,0.697350069735007,0.8534548555762053,0.39748953974895396,3.949474772621585,0.28992450723512847,0.0,717,1.042052102842078,4805873.886254337,86.60845380489408,232457.5730905485,1.6828721064120646,3.7408779667081267,0.0,0.0,0.0,1.0,1.6695894367748911,3.8241513609058515,0.0,0.0,0.0,1.0,1000,0,0,0,0,0,1000,0,0,0,0,717,1000,1000,core
5c2h_5c2h_conf0,generation,torsional_diffusion_raw,dynamic,,torsional_diffusion_raw_dynamic,Torsional Diffusion,torsional_diffusion_raw_dynamic,8,31,117,0.7,117,101,16,0.8632478632478633,156,117,39,0.75,"{""all_atoms_connected"":0,""bond_angles"":0,""bond_lengths"":0,""bonds"":0,""double_bond_stereochemistry"":0,""energy_ratio"":22,""file_loads"":0,""inchi_convertible"":0,""internal_steric_clash"":36,""molecular_formula"":0,""no_radicals"":0,""planar_aromatic_rings"":0,""planar_double_bonds"":0,""reference_file_loads"":0,""sanitisation"":0,""tetrahedral_chirality"":0}","{""all_atoms_connected"":0.0,""bond_angles"":0.0,""bond_lengths"":0.0,""bonds"":0.0,""double_bond_stereochemistry"":0.0,""energy_ratio"":0.14102564102564102,""file_loads"":0.0,""inchi_convertible"":0.0,""internal_steric_clash"":0.23076923076923078,""molecular_formula"":0.0,""no_radicals"":0.0,""planar_aromatic_rings"":0.0,""planar_double_bonds"":0.0,""reference_file_loads"":0.0,""sanitisation"":0.0,""tetrahedral_chirality"":0.0}",117,97.66374124869823,2.7622374645221144,3.5784564524515443,116.0,99.14529914529915,0.9993131662742236,0.017094017094017096,115.62188616956703,0.008693111257213827,0.9913793103448276,92.0,78.63247863247864,0.9810763197342643,0.03418803418803419,84.45507158876718,0.013222295273577328,0.7934782608695652,18.0,15.384615384615385,0.8873874587018585,0.20512820512820512,12.999093820844905,0.09752355906202059,0.1111111111111111,4.0,3.4188034188034186,0.7963730111717066,0.48717948717948717,3.016229117904833,0.3793556870479947,0.0,117,8.22252972362881,3955415.4426967776,80.76389413512638,364438.97411853954,2.193090483438101,3.69004724507052,0.0,0.0,0.0,0.0,2.2965407986176625,3.7778834766507656,0.0,0.0,0.0,0.0,1000,0,0,0,0,0,156,0,0,0,0,117,156,156,core
5c2h_5c2h_conf0,generation,torsional_diffusion_raw,chembl_count,,torsional_diffusion_raw_chembl_count,Torsional Diffusion,torsional_diffusion_raw_chembl_count,8,31,59,0.7,59,49,10,0.8305084745762712,85,59,26,0.6941176470588235,"{""all_atoms_connected"":0,""bond_angles"":0,""bond_lengths"":0,""bonds"":0,""double_bond_stereochemistry"":0,""energy_ratio"":16,""file_loads"":0,""inchi_convertible"":0,""internal_steric_clash"":23,""molecular_formula"":0,""no_radicals"":0,""planar_aromatic_rings"":0,""planar_double_bonds"":0,""reference_file_loads"":0,""sanitisation"":0,""tetrahedral_chirality"":0}","{""all_atoms_connected"":0.0,""bond_angles"":0.0,""bond_lengths"":0.0,""bonds"":0.0,""double_bond_stereochemistry"":0.0,""energy_ratio"":0.18823529411764706,""file_loads"":0.0,""inchi_convertible"":0.0,""internal_steric_clash"":0.27058823529411763,""molecular_formula"":0.0,""no_radicals"":0.0,""planar_aromatic_rings"":0.0,""planar_double_bonds"":0.0,""reference_file_loads"":0.0,""sanitisation"":0.0,""tetrahedral_chirality"":0.0}",59,94.93873699657796,2.7170045293770566,3.511879842589829,59.0,100.0,0.9999999999999998,0.01694915254237288,58.999999999999964,0.01694915254237288,1.0,51.0,86.44067796610169,0.9869961379362141,0.05084745762711865,48.45796468151025,0.02212008043665613,0.8627450980392157,15.0,25.423728813559322,0.9107094960937292,0.1694915254237288,11.778160765142996,0.09853490376328643,0.26666666666666666,2.0,3.389830508474576,0.9981341775041116,0.5254237288135594,1.997415092672277,0.5012927319735709,0.0,59,23.44058561304869,57722.031456019744,88.01937959286022,8067.896801021205,2.7368273035818675,3.745208036549111,0.0,0.0,0.0,0.0,2.7885872487268606,3.834670091407296,0.0,0.0,0.0,0.0,1000,0,0,0,0,0,85,0,0,0,0,59,85,85,core
