mol_id,row_type,family,tier,variant,method,display_label,source,rotatable_bonds,heavy_atoms,conformer_count,clash_cutoff,clash_input_confs,clash_pass_confs,clash_fail_confs,clash_pass_rate,pb_input_confs,pb_pass_confs,pb_fail_confs,pb_pass_rate,pb_check_fail_counts_json,pb_check_fail_rates_json,post_pb_confs,mean_torsion_std_deg,pairwise_mean,pairwise_p90,greedy_clusters_0p5,clusters_per_100_0p5,cluster_entropy_0p5,largest_cluster_fraction_0p5,effective_clusters_0p5,simpson_concentration_0p5,singleton_fraction_0p5,greedy_clusters_1p0,clusters_per_100_1p0,cluster_entropy_1p0,largest_cluster_fraction_1p0,effective_clusters_1p0,simpson_concentration_1p0,singleton_fraction_1p0,greedy_clusters_2p0,clusters_per_100_2p0,cluster_entropy_2p0,largest_cluster_fraction_2p0,effective_clusters_2p0,simpson_concentration_2p0,singleton_fraction_2p0,greedy_clusters_3p0,clusters_per_100_3p0,cluster_entropy_3p0,largest_cluster_fraction_3p0,effective_clusters_3p0,simpson_concentration_3p0,singleton_fraction_3p0,energy_count,energy_min,energy_max,energy_median,energy_std,casf_best_rmsd,casf_median_rmsd,casf_hit_0p25,casf_hit_0p5,casf_hit_0p75,casf_hit_2p0,casf_opt_best_rmsd,casf_opt_median_rmsd,casf_opt_hit_0p25,casf_opt_hit_0p5,casf_opt_hit_0p75,casf_opt_hit_2p0,generated_candidates,finite_rejected,clash_rejected,bond_rejected,stereo_rejected,rmsd_rejected,pre_clash_passed,minimization_input_confs,minimization_failed,minimization_invalid,post_min_clash_rejected,kept_confs,num_target_confs,target_confs,ligand_set
1bcu_1bcu_conf0,generation,qwen_1p7b_bigdata_step74000,fixed,1p7b_bigdata_step74000,qwen_1p7b_bigdata_step74000_fixed,Qwen 1.7B bigdata (step 74000),qwen_1p7b_bigdata_step74000_fixed,2,16,997,0.7,997,997,0,1.0,1000,997,3,0.997,"{""all_atoms_connected"":0,""bond_angles"":1,""bond_lengths"":3,""bonds"":0,""double_bond_stereochemistry"":0,""energy_ratio"":0,""file_loads"":0,""inchi_convertible"":0,""internal_steric_clash"":0,""molecular_formula"":0,""no_radicals"":0,""planar_aromatic_rings"":1,""planar_double_bonds"":0,""reference_file_loads"":0,""sanitisation"":0,""tetrahedral_chirality"":0}","{""all_atoms_connected"":0.0,""bond_angles"":0.001,""bond_lengths"":0.003,""bonds"":0.0,""double_bond_stereochemistry"":0.0,""energy_ratio"":0.0,""file_loads"":0.0,""inchi_convertible"":0.0,""internal_steric_clash"":0.0,""molecular_formula"":0.0,""no_radicals"":0.0,""planar_aromatic_rings"":0.001,""planar_double_bonds"":0.0,""reference_file_loads"":0.0,""sanitisation"":0.0,""tetrahedral_chirality"":0.0}",997,,0.13644607774290102,0.19500709740374758,2.0,0.20060180541624875,0.037718141564018176,0.995987963891675,1.0264889816124563,0.9920081206508189,0.0,1.0,0.10030090270812438,0.0,1.0,1.0,1.0,0.0,1.0,0.10030090270812438,0.0,1.0,1.0,1.0,0.0,1.0,0.10030090270812438,0.0,1.0,1.0,1.0,0.0,997,42.597935188658155,244.83768179268822,59.36212085373087,15.401007714714876,0.04780992305114671,0.09333805898479824,1.0,1.0,1.0,1.0,0.04637580219202357,0.0963111707417041,1.0,1.0,1.0,1.0,1000,0,0,0,0,0,1000,0,0,0,0,997,1000,1000,core
1bcu_1bcu_conf0,generation,qwen_1p7b_bigdata_step74000,dynamic,1p7b_bigdata_step74000,qwen_1p7b_bigdata_step74000_dynamic,Qwen 1.7B bigdata (step 74000),qwen_1p7b_bigdata_step74000_dynamic,2,16,24,0.7,24,24,0,1.0,24,24,0,1.0,"{""all_atoms_connected"":0,""bond_angles"":0,""bond_lengths"":0,""bonds"":0,""double_bond_stereochemistry"":0,""energy_ratio"":0,""file_loads"":0,""inchi_convertible"":0,""internal_steric_clash"":0,""molecular_formula"":0,""no_radicals"":0,""planar_aromatic_rings"":0,""planar_double_bonds"":0,""reference_file_loads"":0,""sanitisation"":0,""tetrahedral_chirality"":0}","{""all_atoms_connected"":0.0,""bond_angles"":0.0,""bond_lengths"":0.0,""bonds"":0.0,""double_bond_stereochemistry"":0.0,""energy_ratio"":0.0,""file_loads"":0.0,""inchi_convertible"":0.0,""internal_steric_clash"":0.0,""molecular_formula"":0.0,""no_radicals"":0.0,""planar_aromatic_rings"":0.0,""planar_double_bonds"":0.0,""reference_file_loads"":0.0,""sanitisation"":0.0,""tetrahedral_chirality"":0.0}",24,,0.1273087708035832,0.17402961860779273,1.0,4.166666666666667,0.0,1.0,1.0,1.0,0.0,1.0,4.166666666666667,0.0,1.0,1.0,1.0,0.0,1.0,4.166666666666667,0.0,1.0,1.0,1.0,0.0,1.0,4.166666666666667,0.0,1.0,1.0,1.0,0.0,24,49.49058149399782,79.19887614872155,65.51725821333477,7.8676109119673425,0.05998933647778425,0.09868924809910323,1.0,1.0,1.0,1.0,0.0580501321615784,0.10243786451032126,1.0,1.0,1.0,1.0,1000,0,0,0,0,0,24,0,0,0,0,24,24,24,core
1bcu_1bcu_conf0,generation,qwen_1p7b_bigdata_step74000,chembl_count,1p7b_bigdata_step74000,qwen_1p7b_bigdata_step74000_chembl_count,Qwen 1.7B bigdata (step 74000),qwen_1p7b_bigdata_step74000_chembl_count,2,16,1,0.7,1,1,0,1.0,1,1,0,1.0,"{""all_atoms_connected"":0,""bond_angles"":0,""bond_lengths"":0,""bonds"":0,""double_bond_stereochemistry"":0,""energy_ratio"":0,""file_loads"":0,""inchi_convertible"":0,""internal_steric_clash"":0,""molecular_formula"":0,""no_radicals"":0,""planar_aromatic_rings"":0,""planar_double_bonds"":0,""reference_file_loads"":0,""sanitisation"":0,""tetrahedral_chirality"":0}","{""all_atoms_connected"":0.0,""bond_angles"":0.0,""bond_lengths"":0.0,""bonds"":0.0,""double_bond_stereochemistry"":0.0,""energy_ratio"":0.0,""file_loads"":0.0,""inchi_convertible"":0.0,""internal_steric_clash"":0.0,""molecular_formula"":0.0,""no_radicals"":0.0,""planar_aromatic_rings"":0.0,""planar_double_bonds"":0.0,""reference_file_loads"":0.0,""sanitisation"":0.0,""tetrahedral_chirality"":0.0}",1,,,,1.0,100.0,0.0,1.0,1.0,1.0,1.0,1.0,100.0,0.0,1.0,1.0,1.0,1.0,1.0,100.0,0.0,1.0,1.0,1.0,1.0,1.0,100.0,0.0,1.0,1.0,1.0,1.0,1,50.1653680888508,50.1653680888508,50.1653680888508,0.0,0.07598534294913398,0.07598534294913398,1.0,1.0,1.0,1.0,0.058714487494354886,0.058714487494354886,1.0,1.0,1.0,1.0,1000,0,0,0,0,0,1,0,0,0,0,1,1,1,core
1c5z_1c5z_conf0,generation,qwen_1p7b_bigdata_step74000,fixed,1p7b_bigdata_step74000,qwen_1p7b_bigdata_step74000_fixed,Qwen 1.7B bigdata (step 74000),qwen_1p7b_bigdata_step74000_fixed,1,9,999,0.7,999,999,0,1.0,1000,999,1,0.999,"{""all_atoms_connected"":0,""bond_angles"":0,""bond_lengths"":1,""bonds"":0,""double_bond_stereochemistry"":0,""energy_ratio"":0,""file_loads"":0,""inchi_convertible"":0,""internal_steric_clash"":0,""molecular_formula"":0,""no_radicals"":0,""planar_aromatic_rings"":0,""planar_double_bonds"":0,""reference_file_loads"":0,""sanitisation"":0,""tetrahedral_chirality"":0}","{""all_atoms_connected"":0.0,""bond_angles"":0.0,""bond_lengths"":0.001,""bonds"":0.0,""double_bond_stereochemistry"":0.0,""energy_ratio"":0.0,""file_loads"":0.0,""inchi_convertible"":0.0,""internal_steric_clash"":0.0,""molecular_formula"":0.0,""no_radicals"":0.0,""planar_aromatic_rings"":0.0,""planar_double_bonds"":0.0,""reference_file_loads"":0.0,""sanitisation"":0.0,""tetrahedral_chirality"":0.0}",999,103.93507163829396,0.30649026707872506,0.5814951690537435,2.0,0.2002002002002002,0.979256717869336,0.5845845845845846,1.971449448825095,0.5143091038986936,0.0,1.0,0.1001001001001001,0.0,1.0,1.0,1.0,0.0,1.0,0.1001001001001001,0.0,1.0,1.0,1.0,0.0,1.0,0.1001001001001001,0.0,1.0,1.0,1.0,0.0,999,19.462460828855452,143.2574464334599,26.83709338763802,8.137486756817017,0.04395266654955695,0.28707089759403587,1.0,1.0,1.0,1.0,0.050416878146543775,0.2826157269939489,1.0,1.0,1.0,1.0,1000,0,0,0,0,0,1000,0,0,0,0,999,1000,1000,core
1c5z_1c5z_conf0,generation,qwen_1p7b_bigdata_step74000,dynamic,1p7b_bigdata_step74000,qwen_1p7b_bigdata_step74000_dynamic,Qwen 1.7B bigdata (step 74000),qwen_1p7b_bigdata_step74000_dynamic,1,9,2,0.7,2,2,0,1.0,2,2,0,1.0,"{""all_atoms_connected"":0,""bond_angles"":0,""bond_lengths"":0,""bonds"":0,""double_bond_stereochemistry"":0,""energy_ratio"":0,""file_loads"":0,""inchi_convertible"":0,""internal_steric_clash"":0,""molecular_formula"":0,""no_radicals"":0,""planar_aromatic_rings"":0,""planar_double_bonds"":0,""reference_file_loads"":0,""sanitisation"":0,""tetrahedral_chirality"":0}","{""all_atoms_connected"":0.0,""bond_angles"":0.0,""bond_lengths"":0.0,""bonds"":0.0,""double_bond_stereochemistry"":0.0,""energy_ratio"":0.0,""file_loads"":0.0,""inchi_convertible"":0.0,""internal_steric_clash"":0.0,""molecular_formula"":0.0,""no_radicals"":0.0,""planar_aromatic_rings"":0.0,""planar_double_bonds"":0.0,""reference_file_loads"":0.0,""sanitisation"":0.0,""tetrahedral_chirality"":0.0}",2,79.50963546190876,0.1732148692017741,0.1732148692017741,1.0,50.0,0.0,1.0,1.0,1.0,0.0,1.0,50.0,0.0,1.0,1.0,1.0,0.0,1.0,50.0,0.0,1.0,1.0,1.0,0.0,1.0,50.0,0.0,1.0,1.0,1.0,0.0,2,23.46103274314825,28.373904793409984,25.917468768279118,2.4564360251308663,0.16346182283889923,0.22903303151243387,1.0,1.0,1.0,1.0,0.10898290792846503,0.18267921291828995,1.0,1.0,1.0,1.0,1000,0,0,0,0,0,2,0,0,0,0,2,2,2,core
1c5z_1c5z_conf0,generation,qwen_1p7b_bigdata_step74000,chembl_count,1p7b_bigdata_step74000,qwen_1p7b_bigdata_step74000_chembl_count,Qwen 1.7B bigdata (step 74000),qwen_1p7b_bigdata_step74000_chembl_count,1,9,1,0.7,1,1,0,1.0,1,1,0,1.0,"{""all_atoms_connected"":0,""bond_angles"":0,""bond_lengths"":0,""bonds"":0,""double_bond_stereochemistry"":0,""energy_ratio"":0,""file_loads"":0,""inchi_convertible"":0,""internal_steric_clash"":0,""molecular_formula"":0,""no_radicals"":0,""planar_aromatic_rings"":0,""planar_double_bonds"":0,""reference_file_loads"":0,""sanitisation"":0,""tetrahedral_chirality"":0}","{""all_atoms_connected"":0.0,""bond_angles"":0.0,""bond_lengths"":0.0,""bonds"":0.0,""double_bond_stereochemistry"":0.0,""energy_ratio"":0.0,""file_loads"":0.0,""inchi_convertible"":0.0,""internal_steric_clash"":0.0,""molecular_formula"":0.0,""no_radicals"":0.0,""planar_aromatic_rings"":0.0,""planar_double_bonds"":0.0,""reference_file_loads"":0.0,""sanitisation"":0.0,""tetrahedral_chirality"":0.0}",1,0.0,,,1.0,100.0,0.0,1.0,1.0,1.0,1.0,1.0,100.0,0.0,1.0,1.0,1.0,1.0,1.0,100.0,0.0,1.0,1.0,1.0,1.0,1.0,100.0,0.0,1.0,1.0,1.0,1.0,1,22.277453113925603,22.277453113925603,22.277453113925603,0.0,0.12267648136296254,0.12267648136296254,1.0,1.0,1.0,1.0,0.16350093372932803,0.16350093372932803,1.0,1.0,1.0,1.0,1000,0,0,0,0,0,1,0,0,0,0,1,1,1,core
1lpg_1lpg_conf0,generation,qwen_1p7b_bigdata_step74000,fixed,1p7b_bigdata_step74000,qwen_1p7b_bigdata_step74000_fixed,Qwen 1.7B bigdata (step 74000),qwen_1p7b_bigdata_step74000_fixed,10,41,751,0.7,751,726,25,0.966711051930759,1000,751,249,0.751,"{""all_atoms_connected"":0,""bond_angles"":45,""bond_lengths"":22,""bonds"":0,""double_bond_stereochemistry"":0,""energy_ratio"":84,""file_loads"":0,""inchi_convertible"":0,""internal_steric_clash"":227,""molecular_formula"":0,""no_radicals"":0,""planar_aromatic_rings"":25,""planar_double_bonds"":0,""reference_file_loads"":0,""sanitisation"":0,""tetrahedral_chirality"":0}","{""all_atoms_connected"":0.0,""bond_angles"":0.045,""bond_lengths"":0.022,""bonds"":0.0,""double_bond_stereochemistry"":0.0,""energy_ratio"":0.084,""file_loads"":0.0,""inchi_convertible"":0.0,""internal_steric_clash"":0.227,""molecular_formula"":0.0,""no_radicals"":0.0,""planar_aromatic_rings"":0.025,""planar_double_bonds"":0.0,""reference_file_loads"":0.0,""sanitisation"":0.0,""tetrahedral_chirality"":0.0}",751,94.34117060875325,2.670634458112444,3.4332486929284856,750.0,99.86684420772303,0.9999224349958012,0.002663115845539281,749.6149843539871,0.0013351040157730215,0.9986666666666667,571.0,76.03195739014647,0.9825268102894047,0.009320905459387484,511.05646025128453,0.0022925491266859457,0.7828371278458844,39.0,5.193075898801598,0.9201239067173355,0.11717709720372836,29.10560171172332,0.04336694438485039,0.02564102564102564,4.0,0.5326231691078562,0.888376827582494,0.507323568575233,3.4265426758959374,0.3391749305409033,0.0,751,108.51243710498912,66449.40987371175,142.57415984739242,2440.889515288222,0.7153556228062151,2.4292561531629606,0.0,0.0,1.0,1.0,0.6791587682160976,2.462236572061145,0.0,0.0,1.0,1.0,1000,0,0,0,0,0,1000,0,0,0,0,751,1000,1000,core
1lpg_1lpg_conf0,generation,qwen_1p7b_bigdata_step74000,dynamic,1p7b_bigdata_step74000,qwen_1p7b_bigdata_step74000_dynamic,Qwen 1.7B bigdata (step 74000),qwen_1p7b_bigdata_step74000_dynamic,10,41,157,0.7,157,155,2,0.9872611464968153,200,157,43,0.785,"{""all_atoms_connected"":0,""bond_angles"":5,""bond_lengths"":1,""bonds"":0,""double_bond_stereochemistry"":0,""energy_ratio"":17,""file_loads"":0,""inchi_convertible"":0,""internal_steric_clash"":39,""molecular_formula"":0,""no_radicals"":0,""planar_aromatic_rings"":2,""planar_double_bonds"":0,""reference_file_loads"":0,""sanitisation"":0,""tetrahedral_chirality"":0}","{""all_atoms_connected"":0.0,""bond_angles"":0.025,""bond_lengths"":0.005,""bonds"":0.0,""double_bond_stereochemistry"":0.0,""energy_ratio"":0.085,""file_loads"":0.0,""inchi_convertible"":0.0,""internal_steric_clash"":0.195,""molecular_formula"":0.0,""no_radicals"":0.0,""planar_aromatic_rings"":0.01,""planar_double_bonds"":0.0,""reference_file_loads"":0.0,""sanitisation"":0.0,""tetrahedral_chirality"":0.0}",157,94.61720438525828,2.7335259753039747,3.548942931405763,157.0,100.0,1.0000000000000002,0.006369426751592357,157.00000000000009,0.006369426751592356,1.0,136.0,86.62420382165605,0.986972817480708,0.025477707006369428,127.56892845924628,0.008641324191650777,0.8897058823529411,23.0,14.64968152866242,0.9012273824041623,0.16560509554140126,16.874325148606218,0.07452634995334496,0.08695652173913043,4.0,2.5477707006369426,0.7906116387040576,0.5732484076433121,2.992234571399873,0.4062233762018743,0.0,157,110.04608045752735,2038.9895667060468,141.61893367743104,200.7547194847028,1.15417795439133,2.50999672096955,0.0,0.0,0.0,1.0,1.2223686077193396,2.5574270872105664,0.0,0.0,0.0,1.0,1000,0,0,0,0,0,200,0,0,0,0,157,200,200,core
1lpg_1lpg_conf0,generation,qwen_1p7b_bigdata_step74000,chembl_count,1p7b_bigdata_step74000,qwen_1p7b_bigdata_step74000_chembl_count,Qwen 1.7B bigdata (step 74000),qwen_1p7b_bigdata_step74000_chembl_count,10,41,148,0.7,148,145,3,0.9797297297297297,193,148,45,0.7668393782383419,"{""all_atoms_connected"":0,""bond_angles"":11,""bond_lengths"":3,""bonds"":0,""double_bond_stereochemistry"":0,""energy_ratio"":20,""file_loads"":0,""inchi_convertible"":0,""internal_steric_clash"":39,""molecular_formula"":0,""no_radicals"":0,""planar_aromatic_rings"":10,""planar_double_bonds"":0,""reference_file_loads"":0,""sanitisation"":0,""tetrahedral_chirality"":0}","{""all_atoms_connected"":0.0,""bond_angles"":0.05699481865284974,""bond_lengths"":0.015544041450777202,""bonds"":0.0,""double_bond_stereochemistry"":0.0,""energy_ratio"":0.10362694300518134,""file_loads"":0.0,""inchi_convertible"":0.0,""internal_steric_clash"":0.20207253886010362,""molecular_formula"":0.0,""no_radicals"":0.0,""planar_aromatic_rings"":0.05181347150259067,""planar_double_bonds"":0.0,""reference_file_loads"":0.0,""sanitisation"":0.0,""tetrahedral_chirality"":0.0}",148,91.82841105353518,2.8032881956822737,3.6750347300471176,148.0,100.0,1.0000000000000002,0.006756756756756757,148.00000000000009,0.006756756756756759,1.0,135.0,91.21621621621621,0.9931977175795773,0.02027027027027027,130.56976923415044,0.008035062089116146,0.9111111111111111,20.0,13.513513513513514,0.9248121436355241,0.13513513513513514,15.966449041123232,0.07121986851716582,0.2,4.0,2.7027027027027026,0.8033685246903364,0.49324324324324326,3.0456223230910675,0.36733016800584367,0.0,148,112.38563279953759,7733.390647557953,141.50469999560787,622.5420458448943,1.208553818539638,2.4334623783857037,0.0,0.0,0.0,1.0,1.2349281231972524,2.480070169018731,0.0,0.0,0.0,1.0,1000,0,0,0,0,0,193,0,0,0,0,148,193,193,core
1mq6_1mq6_conf0,generation,qwen_1p7b_bigdata_step74000,fixed,1p7b_bigdata_step74000,qwen_1p7b_bigdata_step74000_fixed,Qwen 1.7B bigdata (step 74000),qwen_1p7b_bigdata_step74000_fixed,7,36,630,0.7,630,623,7,0.9888888888888889,996,630,366,0.6325301204819277,"{""all_atoms_connected"":0,""bond_angles"":25,""bond_lengths"":17,""bonds"":0,""double_bond_stereochemistry"":0,""energy_ratio"":52,""file_loads"":0,""inchi_convertible"":0,""internal_steric_clash"":357,""molecular_formula"":0,""no_radicals"":0,""planar_aromatic_rings"":0,""planar_double_bonds"":0,""reference_file_loads"":0,""sanitisation"":0,""tetrahedral_chirality"":0}","{""all_atoms_connected"":0.0,""bond_angles"":0.025100401606425703,""bond_lengths"":0.01706827309236948,""bonds"":0.0,""double_bond_stereochemistry"":0.0,""energy_ratio"":0.05220883534136546,""file_loads"":0.0,""inchi_convertible"":0.0,""internal_steric_clash"":0.35843373493975905,""molecular_formula"":0.0,""no_radicals"":0.0,""planar_aromatic_rings"":0.0,""planar_double_bonds"":0.0,""reference_file_loads"":0.0,""sanitisation"":0.0,""tetrahedral_chirality"":0.0}",630,91.9814816073501,2.1000656181305666,2.6718244871317633,621.0,98.57142857142857,0.9991579553846999,0.0031746031746031746,617.6460842620583,0.0016326530612244899,0.9855072463768116,285.0,45.23809523809524,0.9612849102998557,0.01904761904761905,228.9840967475467,0.005422020660115899,0.45614035087719296,12.0,1.9047619047619047,0.8209140746129301,0.20476190476190476,7.689800519317045,0.1459410430839002,0.08333333333333333,2.0,0.31746031746031744,0.9700145064690447,0.6015873015873016,1.958860291646438,0.5206399596875787,0.0,630,3.2409275412142335,10700.508068251664,34.95928038474902,427.27114778924715,1.0206685634823633,1.9235996875294739,0.0,0.0,0.0,1.0,1.0509541680011272,1.8963939905899538,0.0,0.0,0.0,1.0,996,0,0,0,0,0,996,0,0,0,0,630,1000,1000,core
1mq6_1mq6_conf0,generation,qwen_1p7b_bigdata_step74000,dynamic,1p7b_bigdata_step74000,qwen_1p7b_bigdata_step74000_dynamic,Qwen 1.7B bigdata (step 74000),qwen_1p7b_bigdata_step74000_dynamic,7,36,85,0.7,85,83,2,0.9764705882352941,134,85,49,0.6343283582089553,"{""all_atoms_connected"":0,""bond_angles"":3,""bond_lengths"":1,""bonds"":0,""double_bond_stereochemistry"":0,""energy_ratio"":5,""file_loads"":0,""inchi_convertible"":0,""internal_steric_clash"":48,""molecular_formula"":0,""no_radicals"":0,""planar_aromatic_rings"":0,""planar_double_bonds"":0,""reference_file_loads"":0,""sanitisation"":0,""tetrahedral_chirality"":0}","{""all_atoms_connected"":0.0,""bond_angles"":0.022388059701492536,""bond_lengths"":0.007462686567164179,""bonds"":0.0,""double_bond_stereochemistry"":0.0,""energy_ratio"":0.03731343283582089,""file_loads"":0.0,""inchi_convertible"":0.0,""internal_steric_clash"":0.3582089552238806,""molecular_formula"":0.0,""no_radicals"":0.0,""planar_aromatic_rings"":0.0,""planar_double_bonds"":0.0,""reference_file_loads"":0.0,""sanitisation"":0.0,""tetrahedral_chirality"":0.0}",85,91.66298579624579,2.10209340769807,2.7055079277495793,84.0,98.82352941176471,0.9989900535316408,0.023529411764705882,83.62494920761058,0.012041522491349483,0.9880952380952381,70.0,82.3529411764706,0.9852192636721406,0.03529411764705882,65.73946000402242,0.01647058823529412,0.8142857142857143,5.0,5.882352941176471,0.9038756908521534,0.29411764705882354,4.283334542569479,0.24955017301038063,0.0,2.0,2.3529411764705883,0.45006665809643814,0.9058823529411765,1.3661033745611617,0.8294809688581315,0.0,85,6.827123603799663,1002.0485938002099,34.7868733440525,117.55374073417774,1.158746559853146,1.8940445912658552,0.0,0.0,0.0,1.0,1.1266965490381862,1.851478147252719,0.0,0.0,0.0,1.0,996,0,0,0,0,0,134,0,0,0,0,85,134,134,core
1mq6_1mq6_conf0,generation,qwen_1p7b_bigdata_step74000,chembl_count,1p7b_bigdata_step74000,qwen_1p7b_bigdata_step74000_chembl_count,Qwen 1.7B bigdata (step 74000),qwen_1p7b_bigdata_step74000_chembl_count,7,36,8,0.7,8,8,0,1.0,12,8,4,0.6666666666666666,"{""all_atoms_connected"":0,""bond_angles"":1,""bond_lengths"":1,""bonds"":0,""double_bond_stereochemistry"":0,""energy_ratio"":1,""file_loads"":0,""inchi_convertible"":0,""internal_steric_clash"":4,""molecular_formula"":0,""no_radicals"":0,""planar_aromatic_rings"":0,""planar_double_bonds"":0,""reference_file_loads"":0,""sanitisation"":0,""tetrahedral_chirality"":0}","{""all_atoms_connected"":0.0,""bond_angles"":0.08333333333333333,""bond_lengths"":0.08333333333333333,""bonds"":0.0,""double_bond_stereochemistry"":0.0,""energy_ratio"":0.08333333333333333,""file_loads"":0.0,""inchi_convertible"":0.0,""internal_steric_clash"":0.3333333333333333,""molecular_formula"":0.0,""no_radicals"":0.0,""planar_aromatic_rings"":0.0,""planar_double_bonds"":0.0,""reference_file_loads"":0.0,""sanitisation"":0.0,""tetrahedral_chirality"":0.0}",8,86.95281746039367,1.985443670140849,2.2678470188242987,8.0,100.0,1.0,0.125,7.999999999999998,0.125,1.0,8.0,100.0,1.0,0.125,7.999999999999998,0.125,1.0,3.0,37.5,0.8868595071429147,0.5,2.649351128562104,0.40625,0.3333333333333333,1.0,12.5,0.0,1.0,1.0,1.0,0.0,8,10.140073562760229,39.4312182666235,23.86285024721921,9.273041300589696,1.3502115845446125,1.699552639589826,0.0,0.0,0.0,1.0,1.3351627905660348,1.6287294332519864,0.0,0.0,0.0,1.0,996,0,0,0,0,0,12,0,0,0,0,8,12,12,core
1nc3_1nc3_conf0,generation,qwen_1p7b_bigdata_step74000,fixed,1p7b_bigdata_step74000,qwen_1p7b_bigdata_step74000_fixed,Qwen 1.7B bigdata (step 74000),qwen_1p7b_bigdata_step74000_fixed,6,19,1,0.7,1,1,0,1.0,1000,1,999,0.001,"{""all_atoms_connected"":0,""bond_angles"":7,""bond_lengths"":4,""bonds"":0,""double_bond_stereochemistry"":0,""energy_ratio"":3,""file_loads"":0,""inchi_convertible"":0,""internal_steric_clash"":10,""molecular_formula"":0,""no_radicals"":0,""planar_aromatic_rings"":1,""planar_double_bonds"":0,""reference_file_loads"":0,""sanitisation"":0,""tetrahedral_chirality"":999}","{""all_atoms_connected"":0.0,""bond_angles"":0.007,""bond_lengths"":0.004,""bonds"":0.0,""double_bond_stereochemistry"":0.0,""energy_ratio"":0.003,""file_loads"":0.0,""inchi_convertible"":0.0,""internal_steric_clash"":0.01,""molecular_formula"":0.0,""no_radicals"":0.0,""planar_aromatic_rings"":0.001,""planar_double_bonds"":0.0,""reference_file_loads"":0.0,""sanitisation"":0.0,""tetrahedral_chirality"":0.999}",1,0.0,,,1.0,100.0,0.0,1.0,1.0,1.0,1.0,1.0,100.0,0.0,1.0,1.0,1.0,1.0,1.0,100.0,0.0,1.0,1.0,1.0,1.0,1.0,100.0,0.0,1.0,1.0,1.0,1.0,1,42.250789220598165,42.250789220598165,42.250789220598165,0.0,0.7294539020054729,0.7294539020054729,0.0,0.0,1.0,1.0,0.7349006946257254,0.7349006946257254,0.0,0.0,1.0,1.0,1000,0,0,0,0,0,1000,0,0,0,0,1,1000,1000,core
1nc3_1nc3_conf0,generation,qwen_1p7b_bigdata_step74000,dynamic,1p7b_bigdata_step74000,qwen_1p7b_bigdata_step74000_dynamic,Qwen 1.7B bigdata (step 74000),qwen_1p7b_bigdata_step74000_dynamic,6,19,0,0.7,0,0,0,,112,0,112,0.0,"{""all_atoms_connected"":0,""bond_angles"":0,""bond_lengths"":0,""bonds"":0,""double_bond_stereochemistry"":0,""energy_ratio"":0,""file_loads"":0,""inchi_convertible"":0,""internal_steric_clash"":1,""molecular_formula"":0,""no_radicals"":0,""planar_aromatic_rings"":0,""planar_double_bonds"":0,""reference_file_loads"":0,""sanitisation"":0,""tetrahedral_chirality"":112}","{""all_atoms_connected"":0.0,""bond_angles"":0.0,""bond_lengths"":0.0,""bonds"":0.0,""double_bond_stereochemistry"":0.0,""energy_ratio"":0.0,""file_loads"":0.0,""inchi_convertible"":0.0,""internal_steric_clash"":0.008928571428571428,""molecular_formula"":0.0,""no_radicals"":0.0,""planar_aromatic_rings"":0.0,""planar_double_bonds"":0.0,""reference_file_loads"":0.0,""sanitisation"":0.0,""tetrahedral_chirality"":1.0}",0,,,,,,,,,,,,,,,,,,,,,,,,,,,,,,,,0,,,,,,,,,,,,,,,,,1000,0,0,0,0,0,112,0,0,0,0,0,112,112,core
1nc3_1nc3_conf0,generation,qwen_1p7b_bigdata_step74000,chembl_count,1p7b_bigdata_step74000,qwen_1p7b_bigdata_step74000_chembl_count,Qwen 1.7B bigdata (step 74000),qwen_1p7b_bigdata_step74000_chembl_count,6,19,1,0.7,1,1,0,1.0,1000,1,999,0.001,"{""all_atoms_connected"":0,""bond_angles"":7,""bond_lengths"":4,""bonds"":0,""double_bond_stereochemistry"":0,""energy_ratio"":3,""file_loads"":0,""inchi_convertible"":0,""internal_steric_clash"":10,""molecular_formula"":0,""no_radicals"":0,""planar_aromatic_rings"":1,""planar_double_bonds"":0,""reference_file_loads"":0,""sanitisation"":0,""tetrahedral_chirality"":999}","{""all_atoms_connected"":0.0,""bond_angles"":0.007,""bond_lengths"":0.004,""bonds"":0.0,""double_bond_stereochemistry"":0.0,""energy_ratio"":0.003,""file_loads"":0.0,""inchi_convertible"":0.0,""internal_steric_clash"":0.01,""molecular_formula"":0.0,""no_radicals"":0.0,""planar_aromatic_rings"":0.001,""planar_double_bonds"":0.0,""reference_file_loads"":0.0,""sanitisation"":0.0,""tetrahedral_chirality"":0.999}",1,0.0,,,1.0,100.0,0.0,1.0,1.0,1.0,1.0,1.0,100.0,0.0,1.0,1.0,1.0,1.0,1.0,100.0,0.0,1.0,1.0,1.0,1.0,1.0,100.0,0.0,1.0,1.0,1.0,1.0,1,42.250789220598165,42.250789220598165,42.250789220598165,0.0,0.7294539020054729,0.7294539020054729,0.0,0.0,1.0,1.0,0.7349006946257254,0.7349006946257254,0.0,0.0,1.0,1.0,1000,0,0,0,0,0,1000,0,0,0,0,1,1567,1567,core
1o3f_1o3f_conf0,generation,qwen_1p7b_bigdata_step74000,fixed,1p7b_bigdata_step74000,qwen_1p7b_bigdata_step74000_fixed,Qwen 1.7B bigdata (step 74000),qwen_1p7b_bigdata_step74000_fixed,4,25,998,0.7,998,998,0,1.0,1000,998,2,0.998,"{""all_atoms_connected"":0,""bond_angles"":1,""bond_lengths"":2,""bonds"":0,""double_bond_stereochemistry"":0,""energy_ratio"":0,""file_loads"":0,""inchi_convertible"":0,""internal_steric_clash"":0,""molecular_formula"":0,""no_radicals"":0,""planar_aromatic_rings"":0,""planar_double_bonds"":0,""reference_file_loads"":0,""sanitisation"":0,""tetrahedral_chirality"":0}","{""all_atoms_connected"":0.0,""bond_angles"":0.001,""bond_lengths"":0.002,""bonds"":0.0,""double_bond_stereochemistry"":0.0,""energy_ratio"":0.0,""file_loads"":0.0,""inchi_convertible"":0.0,""internal_steric_clash"":0.0,""molecular_formula"":0.0,""no_radicals"":0.0,""planar_aromatic_rings"":0.0,""planar_double_bonds"":0.0,""reference_file_loads"":0.0,""sanitisation"":0.0,""tetrahedral_chirality"":0.0}",998,107.7903558026689,1.0420216731272418,1.4818765378180043,72.0,7.214428857715431,0.8607343936483179,0.08216432865731463,39.688982043641246,0.034236810293934564,0.19444444444444445,5.0,0.501002004008016,0.8323744207825702,0.3837675350701403,3.8177259722897974,0.2802318062979667,0.0,1.0,0.10020040080160321,0.0,1.0,1.0,1.0,0.0,1.0,0.10020040080160321,0.0,1.0,1.0,1.0,0.0,998,69.23992364157495,239.49606683727205,82.99751210586052,10.633773738952707,0.24516009357139612,0.8679390593964251,1.0,1.0,1.0,1.0,0.1632166504431165,0.8788107451975137,1.0,1.0,1.0,1.0,1000,0,0,0,0,0,1000,0,0,0,0,998,1000,1000,core
1o3f_1o3f_conf0,generation,qwen_1p7b_bigdata_step74000,dynamic,1p7b_bigdata_step74000,qwen_1p7b_bigdata_step74000_dynamic,Qwen 1.7B bigdata (step 74000),qwen_1p7b_bigdata_step74000_dynamic,4,25,68,0.7,68,68,0,1.0,68,68,0,1.0,"{""all_atoms_connected"":0,""bond_angles"":0,""bond_lengths"":0,""bonds"":0,""double_bond_stereochemistry"":0,""energy_ratio"":0,""file_loads"":0,""inchi_convertible"":0,""internal_steric_clash"":0,""molecular_formula"":0,""no_radicals"":0,""planar_aromatic_rings"":0,""planar_double_bonds"":0,""reference_file_loads"":0,""sanitisation"":0,""tetrahedral_chirality"":0}","{""all_atoms_connected"":0.0,""bond_angles"":0.0,""bond_lengths"":0.0,""bonds"":0.0,""double_bond_stereochemistry"":0.0,""energy_ratio"":0.0,""file_loads"":0.0,""inchi_convertible"":0.0,""internal_steric_clash"":0.0,""molecular_formula"":0.0,""no_radicals"":0.0,""planar_aromatic_rings"":0.0,""planar_double_bonds"":0.0,""reference_file_loads"":0.0,""sanitisation"":0.0,""tetrahedral_chirality"":0.0}",68,105.75370650054914,1.0310457683413201,1.4573885445849903,21.0,30.88235294117647,0.9356041230073668,0.11764705882352941,17.26131283978218,0.0674740484429066,0.23809523809523808,3.0,4.411764705882353,0.992633363843159,0.38235294117647056,2.975818751314655,0.33866782006920415,0.0,1.0,1.4705882352941178,0.0,1.0,1.0,1.0,0.0,1.0,1.4705882352941178,0.0,1.0,1.0,1.0,0.0,68,74.20417493562407,130.68456399279626,81.52277030721487,9.787429173437245,0.29196223990129067,0.8868308815210664,0.0,1.0,1.0,1.0,0.29641226676974686,0.8981929197807095,0.0,1.0,1.0,1.0,1000,0,0,0,0,0,68,0,0,0,0,68,68,68,core
1o3f_1o3f_conf0,generation,qwen_1p7b_bigdata_step74000,chembl_count,1p7b_bigdata_step74000,qwen_1p7b_bigdata_step74000_chembl_count,Qwen 1.7B bigdata (step 74000),qwen_1p7b_bigdata_step74000_chembl_count,4,25,31,0.7,31,31,0,1.0,31,31,0,1.0,"{""all_atoms_connected"":0,""bond_angles"":0,""bond_lengths"":0,""bonds"":0,""double_bond_stereochemistry"":0,""energy_ratio"":0,""file_loads"":0,""inchi_convertible"":0,""internal_steric_clash"":0,""molecular_formula"":0,""no_radicals"":0,""planar_aromatic_rings"":0,""planar_double_bonds"":0,""reference_file_loads"":0,""sanitisation"":0,""tetrahedral_chirality"":0}","{""all_atoms_connected"":0.0,""bond_angles"":0.0,""bond_lengths"":0.0,""bonds"":0.0,""double_bond_stereochemistry"":0.0,""energy_ratio"":0.0,""file_loads"":0.0,""inchi_convertible"":0.0,""internal_steric_clash"":0.0,""molecular_formula"":0.0,""no_radicals"":0.0,""planar_aromatic_rings"":0.0,""planar_double_bonds"":0.0,""reference_file_loads"":0.0,""sanitisation"":0.0,""tetrahedral_chirality"":0.0}",31,111.30646890278358,0.9190949810102313,1.4148984665128448,13.0,41.935483870967744,0.920604779125276,0.16129032258064516,10.604777813544501,0.10926118626430803,0.46153846153846156,2.0,6.451612903225806,0.9071657675730821,0.6774193548387096,1.8753576616170382,0.5629552549427679,0.0,1.0,3.225806451612903,0.0,1.0,1.0,1.0,0.0,1.0,3.225806451612903,0.0,1.0,1.0,1.0,0.0,31,75.70087198201338,105.3810868914596,81.89122855257025,6.2473265681534205,0.3725113785056401,0.7811146697740694,0.0,1.0,1.0,1.0,0.3713886800181271,0.7801585196040204,0.0,1.0,1.0,1.0,1000,0,0,0,0,0,31,0,0,0,0,31,31,31,core
1o5b_1o5b_conf0,generation,qwen_1p7b_bigdata_step74000,fixed,1p7b_bigdata_step74000,qwen_1p7b_bigdata_step74000_fixed,Qwen 1.7B bigdata (step 74000),qwen_1p7b_bigdata_step74000_fixed,1,13,1000,0.7,1000,1000,0,1.0,1000,1000,0,1.0,"{""all_atoms_connected"":0,""bond_angles"":0,""bond_lengths"":0,""bonds"":0,""double_bond_stereochemistry"":0,""energy_ratio"":0,""file_loads"":0,""inchi_convertible"":0,""internal_steric_clash"":0,""molecular_formula"":0,""no_radicals"":0,""planar_aromatic_rings"":0,""planar_double_bonds"":0,""reference_file_loads"":0,""sanitisation"":0,""tetrahedral_chirality"":0}","{""all_atoms_connected"":0.0,""bond_angles"":0.0,""bond_lengths"":0.0,""bonds"":0.0,""double_bond_stereochemistry"":0.0,""energy_ratio"":0.0,""file_loads"":0.0,""inchi_convertible"":0.0,""internal_steric_clash"":0.0,""molecular_formula"":0.0,""no_radicals"":0.0,""planar_aromatic_rings"":0.0,""planar_double_bonds"":0.0,""reference_file_loads"":0.0,""sanitisation"":0.0,""tetrahedral_chirality"":0.0}",1000,136.74245239482772,0.2933789040721029,0.5203816432706397,3.0,0.3,0.5988968910085883,0.644,1.9308406617303076,0.5407620000000001,0.3333333333333333,1.0,0.1,0.0,1.0,1.0,1.0,0.0,1.0,0.1,0.0,1.0,1.0,1.0,0.0,1.0,0.1,0.0,1.0,1.0,1.0,0.0,1000,27.413904856557526,99.75204536305239,38.50397438762968,7.2203605055608255,0.06302283930260227,0.2106567634008556,1.0,1.0,1.0,1.0,0.09077715292874998,0.24503122748584105,1.0,1.0,1.0,1.0,1000,0,0,0,0,0,1000,0,0,0,0,1000,1000,1000,core
1o5b_1o5b_conf0,generation,qwen_1p7b_bigdata_step74000,dynamic,1p7b_bigdata_step74000,qwen_1p7b_bigdata_step74000_dynamic,Qwen 1.7B bigdata (step 74000),qwen_1p7b_bigdata_step74000_dynamic,1,13,2,0.7,2,2,0,1.0,2,2,0,1.0,"{""all_atoms_connected"":0,""bond_angles"":0,""bond_lengths"":0,""bonds"":0,""double_bond_stereochemistry"":0,""energy_ratio"":0,""file_loads"":0,""inchi_convertible"":0,""internal_steric_clash"":0,""molecular_formula"":0,""no_radicals"":0,""planar_aromatic_rings"":0,""planar_double_bonds"":0,""reference_file_loads"":0,""sanitisation"":0,""tetrahedral_chirality"":0}","{""all_atoms_connected"":0.0,""bond_angles"":0.0,""bond_lengths"":0.0,""bonds"":0.0,""double_bond_stereochemistry"":0.0,""energy_ratio"":0.0,""file_loads"":0.0,""inchi_convertible"":0.0,""internal_steric_clash"":0.0,""molecular_formula"":0.0,""no_radicals"":0.0,""planar_aromatic_rings"":0.0,""planar_double_bonds"":0.0,""reference_file_loads"":0.0,""sanitisation"":0.0,""tetrahedral_chirality"":0.0}",2,142.13748789102237,0.5323542149972481,0.5323542149972481,2.0,100.0,1.0,0.5,2.0,0.5,1.0,1.0,50.0,0.0,1.0,1.0,1.0,0.0,1.0,50.0,0.0,1.0,1.0,1.0,0.0,1.0,50.0,0.0,1.0,1.0,1.0,0.0,2,35.802668522069084,38.08175033822673,36.94220943014791,1.1395409080788248,0.16278987021445634,0.2860295746604107,1.0,1.0,1.0,1.0,0.25429690289182677,0.3293462167842529,0.0,1.0,1.0,1.0,1000,0,0,0,0,0,2,0,0,0,0,2,2,2,core
1o5b_1o5b_conf0,generation,qwen_1p7b_bigdata_step74000,chembl_count,1p7b_bigdata_step74000,qwen_1p7b_bigdata_step74000_chembl_count,Qwen 1.7B bigdata (step 74000),qwen_1p7b_bigdata_step74000_chembl_count,1,13,1,0.7,1,1,0,1.0,1,1,0,1.0,"{""all_atoms_connected"":0,""bond_angles"":0,""bond_lengths"":0,""bonds"":0,""double_bond_stereochemistry"":0,""energy_ratio"":0,""file_loads"":0,""inchi_convertible"":0,""internal_steric_clash"":0,""molecular_formula"":0,""no_radicals"":0,""planar_aromatic_rings"":0,""planar_double_bonds"":0,""reference_file_loads"":0,""sanitisation"":0,""tetrahedral_chirality"":0}","{""all_atoms_connected"":0.0,""bond_angles"":0.0,""bond_lengths"":0.0,""bonds"":0.0,""double_bond_stereochemistry"":0.0,""energy_ratio"":0.0,""file_loads"":0.0,""inchi_convertible"":0.0,""internal_steric_clash"":0.0,""molecular_formula"":0.0,""no_radicals"":0.0,""planar_aromatic_rings"":0.0,""planar_double_bonds"":0.0,""reference_file_loads"":0.0,""sanitisation"":0.0,""tetrahedral_chirality"":0.0}",1,0.0,,,1.0,100.0,0.0,1.0,1.0,1.0,1.0,1.0,100.0,0.0,1.0,1.0,1.0,1.0,1.0,100.0,0.0,1.0,1.0,1.0,1.0,1.0,100.0,0.0,1.0,1.0,1.0,1.0,1,39.79209088521396,39.79209088521396,39.79209088521396,0.0,0.40713456783181634,0.40713456783181634,0.0,1.0,1.0,1.0,0.4246391394374855,0.4246391394374855,0.0,1.0,1.0,1.0,1000,0,0,0,0,0,1,0,0,0,0,1,1,1,core
1owh_1owh_conf0,generation,qwen_1p7b_bigdata_step74000,fixed,1p7b_bigdata_step74000,qwen_1p7b_bigdata_step74000_fixed,Qwen 1.7B bigdata (step 74000),qwen_1p7b_bigdata_step74000_fixed,5,24,997,0.7,997,997,0,1.0,1000,997,3,0.997,"{""all_atoms_connected"":0,""bond_angles"":1,""bond_lengths"":3,""bonds"":0,""double_bond_stereochemistry"":0,""energy_ratio"":1,""file_loads"":0,""inchi_convertible"":0,""internal_steric_clash"":0,""molecular_formula"":0,""no_radicals"":0,""planar_aromatic_rings"":1,""planar_double_bonds"":0,""reference_file_loads"":0,""sanitisation"":0,""tetrahedral_chirality"":0}","{""all_atoms_connected"":0.0,""bond_angles"":0.001,""bond_lengths"":0.003,""bonds"":0.0,""double_bond_stereochemistry"":0.0,""energy_ratio"":0.001,""file_loads"":0.0,""inchi_convertible"":0.0,""internal_steric_clash"":0.0,""molecular_formula"":0.0,""no_radicals"":0.0,""planar_aromatic_rings"":0.001,""planar_double_bonds"":0.0,""reference_file_loads"":0.0,""sanitisation"":0.0,""tetrahedral_chirality"":0.0}",997,118.91735015236891,1.0287551551996876,1.3944132023437166,159.0,15.947843530591776,0.894790685766034,0.04613841524573721,93.28023735917125,0.015101472924289419,0.3018867924528302,10.0,1.0030090270812437,0.7105297846248899,0.2948846539618857,5.134873920994305,0.22364485633429879,0.1,2.0,0.20060180541624875,0.2335786980860156,0.9618856569709128,1.1757478532872332,0.9266767202309034,0.0,1.0,0.10030090270812438,0.0,1.0,1.0,1.0,0.0,997,89.0791740366721,200.48880621940992,103.96640143595386,11.318285605014093,0.14983004653683096,1.0176032732672324,1.0,1.0,1.0,1.0,0.24898122931425903,0.9639763250089874,1.0,1.0,1.0,1.0,1000,0,0,0,0,0,1000,0,0,0,0,997,1000,1000,core
1owh_1owh_conf0,generation,qwen_1p7b_bigdata_step74000,dynamic,1p7b_bigdata_step74000,qwen_1p7b_bigdata_step74000_dynamic,Qwen 1.7B bigdata (step 74000),qwen_1p7b_bigdata_step74000_dynamic,5,24,90,0.7,90,90,0,1.0,90,90,0,1.0,"{""all_atoms_connected"":0,""bond_angles"":0,""bond_lengths"":0,""bonds"":0,""double_bond_stereochemistry"":0,""energy_ratio"":0,""file_loads"":0,""inchi_convertible"":0,""internal_steric_clash"":0,""molecular_formula"":0,""no_radicals"":0,""planar_aromatic_rings"":0,""planar_double_bonds"":0,""reference_file_loads"":0,""sanitisation"":0,""tetrahedral_chirality"":0}","{""all_atoms_connected"":0.0,""bond_angles"":0.0,""bond_lengths"":0.0,""bonds"":0.0,""double_bond_stereochemistry"":0.0,""energy_ratio"":0.0,""file_loads"":0.0,""inchi_convertible"":0.0,""internal_steric_clash"":0.0,""molecular_formula"":0.0,""no_radicals"":0.0,""planar_aromatic_rings"":0.0,""planar_double_bonds"":0.0,""reference_file_loads"":0.0,""sanitisation"":0.0,""tetrahedral_chirality"":0.0}",90,120.56229954386644,1.0246137333708634,1.392874160890959,43.0,47.77777777777778,0.9219332732489726,0.12222222222222222,32.058922379700626,0.04222222222222222,0.6046511627906976,8.0,8.88888888888889,0.7621924751442188,0.4,4.878972749577748,0.25975308641975314,0.25,1.0,1.1111111111111112,0.0,1.0,1.0,1.0,0.0,1.0,1.1111111111111112,0.0,1.0,1.0,1.0,0.0,90,92.89479515097221,168.20563157683463,103.98314924634784,10.385406223804948,0.3185254170110413,1.0077617145908957,0.0,1.0,1.0,1.0,0.4216836589837781,0.9606444790806258,0.0,1.0,1.0,1.0,1000,0,0,0,0,0,90,0,0,0,0,90,90,90,core
1owh_1owh_conf0,generation,qwen_1p7b_bigdata_step74000,chembl_count,1p7b_bigdata_step74000,qwen_1p7b_bigdata_step74000_chembl_count,Qwen 1.7B bigdata (step 74000),qwen_1p7b_bigdata_step74000_chembl_count,5,24,12,0.7,12,12,0,1.0,12,12,0,1.0,"{""all_atoms_connected"":0,""bond_angles"":0,""bond_lengths"":0,""bonds"":0,""double_bond_stereochemistry"":0,""energy_ratio"":0,""file_loads"":0,""inchi_convertible"":0,""internal_steric_clash"":0,""molecular_formula"":0,""no_radicals"":0,""planar_aromatic_rings"":0,""planar_double_bonds"":0,""reference_file_loads"":0,""sanitisation"":0,""tetrahedral_chirality"":0}","{""all_atoms_connected"":0.0,""bond_angles"":0.0,""bond_lengths"":0.0,""bonds"":0.0,""double_bond_stereochemistry"":0.0,""energy_ratio"":0.0,""file_loads"":0.0,""inchi_convertible"":0.0,""internal_steric_clash"":0.0,""molecular_formula"":0.0,""no_radicals"":0.0,""planar_aromatic_rings"":0.0,""planar_double_bonds"":0.0,""reference_file_loads"":0.0,""sanitisation"":0.0,""tetrahedral_chirality"":0.0}",12,104.11777666711025,1.0129737406143386,1.3424478777360624,11.0,91.66666666666667,0.9881090915741206,0.16666666666666666,10.690784617684074,0.09722222222222224,0.9090909090909091,3.0,25.0,0.946394630357186,0.5,2.82842712474619,0.375,0.0,1.0,8.333333333333334,0.0,1.0,1.0,1.0,0.0,1.0,8.333333333333334,0.0,1.0,1.0,1.0,0.0,12,96.36311507704767,122.57232049081746,105.83078709191224,7.670592099335217,0.7071795299629674,0.9579474426100811,0.0,0.0,1.0,1.0,0.6210431147165865,0.8302234542160962,0.0,0.0,1.0,1.0,1000,0,0,0,0,0,12,0,0,0,0,12,12,12,core
1p1n_1p1n_conf0,generation,qwen_1p7b_bigdata_step74000,fixed,1p7b_bigdata_step74000,qwen_1p7b_bigdata_step74000_fixed,Qwen 1.7B bigdata (step 74000),qwen_1p7b_bigdata_step74000_fixed,4,15,446,0.7,446,432,14,0.968609865470852,997,446,551,0.4473420260782347,"{""all_atoms_connected"":0,""bond_angles"":120,""bond_lengths"":27,""bonds"":0,""double_bond_stereochemistry"":0,""energy_ratio"":123,""file_loads"":0,""inchi_convertible"":0,""internal_steric_clash"":240,""molecular_formula"":0,""no_radicals"":0,""planar_aromatic_rings"":0,""planar_double_bonds"":0,""reference_file_loads"":0,""sanitisation"":0,""tetrahedral_chirality"":395}","{""all_atoms_connected"":0.0,""bond_angles"":0.12036108324974924,""bond_lengths"":0.02708124373119358,""bonds"":0.0,""double_bond_stereochemistry"":0.0,""energy_ratio"":0.12337011033099297,""file_loads"":0.0,""inchi_convertible"":0.0,""internal_steric_clash"":0.24072216649949849,""molecular_formula"":0.0,""no_radicals"":0.0,""planar_aromatic_rings"":0.0,""planar_double_bonds"":0.0,""reference_file_loads"":0.0,""sanitisation"":0.0,""tetrahedral_chirality"":0.39618856569709127}",446,113.61736343976592,1.2500439989069287,1.662914331317525,207.0,46.412556053811656,0.9579372422012048,0.02242152466367713,165.40713743948086,0.007460435560739205,0.4927536231884058,25.0,5.605381165919282,0.7939733089866808,0.16367713004484305,12.88033191172232,0.09442176597156589,0.2,2.0,0.4484304932735426,0.10289979015533357,0.9865470852017937,1.0739298736763772,0.973456132236723,0.0,1.0,0.2242152466367713,0.0,1.0,1.0,1.0,0.0,446,-43.74407652522491,1855.6290085960488,-0.615702868538559,108.09811654671911,0.35092088441124525,1.1884667750127758,0.0,1.0,1.0,1.0,0.3604988009247836,1.1853503824216247,0.0,1.0,1.0,1.0,997,0,0,0,0,0,997,0,0,0,0,446,1000,1000,core
1p1n_1p1n_conf0,generation,qwen_1p7b_bigdata_step74000,dynamic,1p7b_bigdata_step74000,qwen_1p7b_bigdata_step74000_dynamic,Qwen 1.7B bigdata (step 74000),qwen_1p7b_bigdata_step74000_dynamic,4,15,30,0.7,30,28,2,0.9333333333333333,68,30,38,0.4411764705882353,"{""all_atoms_connected"":0,""bond_angles"":5,""bond_lengths"":1,""bonds"":0,""double_bond_stereochemistry"":0,""energy_ratio"":5,""file_loads"":0,""inchi_convertible"":0,""internal_steric_clash"":15,""molecular_formula"":0,""no_radicals"":0,""planar_aromatic_rings"":0,""planar_double_bonds"":0,""reference_file_loads"":0,""sanitisation"":0,""tetrahedral_chirality"":29}","{""all_atoms_connected"":0.0,""bond_angles"":0.07352941176470588,""bond_lengths"":0.014705882352941176,""bonds"":0.0,""double_bond_stereochemistry"":0.0,""energy_ratio"":0.07352941176470588,""file_loads"":0.0,""inchi_convertible"":0.0,""internal_steric_clash"":0.22058823529411764,""molecular_formula"":0.0,""no_radicals"":0.0,""planar_aromatic_rings"":0.0,""planar_double_bonds"":0.0,""reference_file_loads"":0.0,""sanitisation"":0.0,""tetrahedral_chirality"":0.4264705882352941}",30,111.5328583497233,1.2047417841243897,1.5834803425488064,25.0,83.33333333333333,0.9848619499341236,0.06666666666666667,23.81101577952298,0.044444444444444446,0.8,7.0,23.333333333333332,0.8889509107235233,0.3333333333333333,5.6396307820348,0.2066666666666667,0.14285714285714285,1.0,3.3333333333333335,0.0,1.0,1.0,1.0,0.0,1.0,3.3333333333333335,0.0,1.0,1.0,1.0,0.0,30,-41.81204719092282,220.1545554290733,-3.6447230414594785,46.72857720174511,0.474028888635797,1.18610885435052,0.0,1.0,1.0,1.0,0.4450706268477534,1.2166874266297472,0.0,1.0,1.0,1.0,997,0,0,0,0,0,68,0,0,0,0,30,68,68,core
1p1n_1p1n_conf0,generation,qwen_1p7b_bigdata_step74000,chembl_count,1p7b_bigdata_step74000,qwen_1p7b_bigdata_step74000_chembl_count,Qwen 1.7B bigdata (step 74000),qwen_1p7b_bigdata_step74000_chembl_count,4,15,8,0.7,8,8,0,1.0,23,8,15,0.3478260869565217,"{""all_atoms_connected"":0,""bond_angles"":3,""bond_lengths"":0,""bonds"":0,""double_bond_stereochemistry"":0,""energy_ratio"":3,""file_loads"":0,""inchi_convertible"":0,""internal_steric_clash"":7,""molecular_formula"":0,""no_radicals"":0,""planar_aromatic_rings"":0,""planar_double_bonds"":0,""reference_file_loads"":0,""sanitisation"":0,""tetrahedral_chirality"":11}","{""all_atoms_connected"":0.0,""bond_angles"":0.13043478260869565,""bond_lengths"":0.0,""bonds"":0.0,""double_bond_stereochemistry"":0.0,""energy_ratio"":0.13043478260869565,""file_loads"":0.0,""inchi_convertible"":0.0,""internal_steric_clash"":0.30434782608695654,""molecular_formula"":0.0,""no_radicals"":0.0,""planar_aromatic_rings"":0.0,""planar_double_bonds"":0.0,""reference_file_loads"":0.0,""sanitisation"":0.0,""tetrahedral_chirality"":0.4782608695652174}",8,116.11990465494131,1.2490505146662676,1.603447799490795,8.0,100.0,1.0,0.125,7.999999999999998,0.125,1.0,4.0,50.0,0.9056390622295664,0.375,3.509530701206646,0.3125,0.5,1.0,12.5,0.0,1.0,1.0,1.0,0.0,1.0,12.5,0.0,1.0,1.0,1.0,0.0,8,-23.382647501515194,13.683963669110867,-4.522601251587231,11.20288030672046,0.5877635575221721,1.1885724807857798,0.0,0.0,1.0,1.0,0.5426481017571265,1.1733265098656043,0.0,0.0,1.0,1.0,997,0,0,0,0,0,23,0,0,0,0,8,23,23,core
1pxn_1pxn_conf0,generation,qwen_1p7b_bigdata_step74000,fixed,1p7b_bigdata_step74000,qwen_1p7b_bigdata_step74000_fixed,Qwen 1.7B bigdata (step 74000),qwen_1p7b_bigdata_step74000_fixed,5,22,986,0.7,986,986,0,1.0,998,986,12,0.9879759519038076,"{""all_atoms_connected"":0,""bond_angles"":5,""bond_lengths"":7,""bonds"":0,""double_bond_stereochemistry"":0,""energy_ratio"":1,""file_loads"":0,""inchi_convertible"":0,""internal_steric_clash"":3,""molecular_formula"":0,""no_radicals"":0,""planar_aromatic_rings"":5,""planar_double_bonds"":0,""reference_file_loads"":0,""sanitisation"":0,""tetrahedral_chirality"":0}","{""all_atoms_connected"":0.0,""bond_angles"":0.00501002004008016,""bond_lengths"":0.0070140280561122245,""bonds"":0.0,""double_bond_stereochemistry"":0.0,""energy_ratio"":0.001002004008016032,""file_loads"":0.0,""inchi_convertible"":0.0,""internal_steric_clash"":0.003006012024048096,""molecular_formula"":0.0,""no_radicals"":0.0,""planar_aromatic_rings"":0.00501002004008016,""planar_double_bonds"":0.0,""reference_file_loads"":0.0,""sanitisation"":0.0,""tetrahedral_chirality"":0.0}",986,114.09232025761033,1.5261400351495402,2.126693688340659,238.0,24.137931034482758,0.9459036438225902,0.02738336713995943,177.01611439498404,0.007161107431011852,0.25210084033613445,21.0,2.129817444219067,0.9254551534101578,0.13488843813387424,16.736115341252397,0.06880299857230437,0.047619047619047616,2.0,0.2028397565922921,0.9995725787702396,0.5121703853955375,1.9994075561241291,0.5002962365613517,0.0,1.0,0.10141987829614604,0.0,1.0,1.0,1.0,0.0,986,-8.707519975873737,315.9141638801634,7.804725877511828,20.289230543315757,0.43641148856883044,1.7302921438443926,0.0,1.0,1.0,1.0,0.39720524429594367,1.6769700388730864,0.0,1.0,1.0,1.0,998,0,0,0,0,0,998,0,0,0,0,986,1000,1000,core
1pxn_1pxn_conf0,generation,qwen_1p7b_bigdata_step74000,dynamic,1p7b_bigdata_step74000,qwen_1p7b_bigdata_step74000_dynamic,Qwen 1.7B bigdata (step 74000),qwen_1p7b_bigdata_step74000_dynamic,5,22,89,0.7,89,89,0,1.0,90,89,1,0.9888888888888888,"{""all_atoms_connected"":0,""bond_angles"":1,""bond_lengths"":1,""bonds"":0,""double_bond_stereochemistry"":0,""energy_ratio"":0,""file_loads"":0,""inchi_convertible"":0,""internal_steric_clash"":0,""molecular_formula"":0,""no_radicals"":0,""planar_aromatic_rings"":0,""planar_double_bonds"":0,""reference_file_loads"":0,""sanitisation"":0,""tetrahedral_chirality"":0}","{""all_atoms_connected"":0.0,""bond_angles"":0.011111111111111112,""bond_lengths"":0.011111111111111112,""bonds"":0.0,""double_bond_stereochemistry"":0.0,""energy_ratio"":0.0,""file_loads"":0.0,""inchi_convertible"":0.0,""internal_steric_clash"":0.0,""molecular_formula"":0.0,""no_radicals"":0.0,""planar_aromatic_rings"":0.0,""planar_double_bonds"":0.0,""reference_file_loads"":0.0,""sanitisation"":0.0,""tetrahedral_chirality"":0.0}",89,115.76002904832399,1.5551873513219823,2.1506449590493437,61.0,68.53932584269663,0.9694515916201027,0.056179775280898875,53.80106220565107,0.0215881833101881,0.6885245901639344,15.0,16.853932584269664,0.9332908870387302,0.19101123595505617,12.520891564168132,0.09253882085595254,0.13333333333333333,2.0,2.247191011235955,0.3120895659343453,0.9438202247191011,1.2415045646854275,0.8939527837394268,0.0,1.0,1.1235955056179776,0.0,1.0,1.0,1.0,0.0,89,-5.871970539896516,144.03209893225363,8.69588500821812,20.043870097710055,0.4451929654784435,1.7055631373574578,0.0,1.0,1.0,1.0,0.4629544259759541,1.6765966865891913,0.0,1.0,1.0,1.0,998,0,0,0,0,0,90,0,0,0,0,89,90,90,core
1pxn_1pxn_conf0,generation,qwen_1p7b_bigdata_step74000,chembl_count,1p7b_bigdata_step74000,qwen_1p7b_bigdata_step74000_chembl_count,Qwen 1.7B bigdata (step 74000),qwen_1p7b_bigdata_step74000_chembl_count,5,22,197,0.7,197,197,0,1.0,200,197,3,0.985,"{""all_atoms_connected"":0,""bond_angles"":0,""bond_lengths"":1,""bonds"":0,""double_bond_stereochemistry"":0,""energy_ratio"":0,""file_loads"":0,""inchi_convertible"":0,""internal_steric_clash"":0,""molecular_formula"":0,""no_radicals"":0,""planar_aromatic_rings"":2,""planar_double_bonds"":0,""reference_file_loads"":0,""sanitisation"":0,""tetrahedral_chirality"":0}","{""all_atoms_connected"":0.0,""bond_angles"":0.0,""bond_lengths"":0.005,""bonds"":0.0,""double_bond_stereochemistry"":0.0,""energy_ratio"":0.0,""file_loads"":0.0,""inchi_convertible"":0.0,""internal_steric_clash"":0.0,""molecular_formula"":0.0,""no_radicals"":0.0,""planar_aromatic_rings"":0.01,""planar_double_bonds"":0.0,""reference_file_loads"":0.0,""sanitisation"":0.0,""tetrahedral_chirality"":0.0}",197,111.48721600271014,1.555636335853524,2.1590685955940696,111.0,56.34517766497462,0.9663742336771854,0.030456852791878174,94.74306410951743,0.012445566749980671,0.5405405405405406,17.0,8.629441624365482,0.9214098507062922,0.1218274111675127,13.606541698883165,0.08217166121260532,0.11764705882352941,2.0,1.015228426395939,0.9977497883918053,0.5279187817258884,1.996882975822826,0.5015589167461156,0.0,1.0,0.5076142131979695,0.0,1.0,1.0,1.0,0.0,197,-8.707519975873737,158.35007515275083,9.252113856187115,20.161732491404766,0.46267471623718753,1.7717470264209079,0.0,1.0,1.0,1.0,0.41731448170816443,1.7053258800537003,0.0,1.0,1.0,1.0,998,0,0,0,0,0,200,0,0,0,0,197,200,200,core
1sqa_1sqa_conf0,generation,qwen_1p7b_bigdata_step74000,fixed,1p7b_bigdata_step74000,qwen_1p7b_bigdata_step74000_fixed,Qwen 1.7B bigdata (step 74000),qwen_1p7b_bigdata_step74000_fixed,7,31,909,0.7,909,902,7,0.9922992299229924,1000,909,91,0.909,"{""all_atoms_connected"":0,""bond_angles"":56,""bond_lengths"":35,""bonds"":0,""double_bond_stereochemistry"":0,""energy_ratio"":31,""file_loads"":0,""inchi_convertible"":0,""internal_steric_clash"":67,""molecular_formula"":0,""no_radicals"":0,""planar_aromatic_rings"":14,""planar_double_bonds"":0,""reference_file_loads"":0,""sanitisation"":0,""tetrahedral_chirality"":0}","{""all_atoms_connected"":0.0,""bond_angles"":0.056,""bond_lengths"":0.035,""bonds"":0.0,""double_bond_stereochemistry"":0.0,""energy_ratio"":0.031,""file_loads"":0.0,""inchi_convertible"":0.0,""internal_steric_clash"":0.067,""molecular_formula"":0.0,""no_radicals"":0.0,""planar_aromatic_rings"":0.014,""planar_double_bonds"":0.0,""reference_file_loads"":0.0,""sanitisation"":0.0,""tetrahedral_chirality"":0.0}",909,108.15639958846467,1.441000327291592,2.000815333803736,542.0,59.625962596259626,0.9647708268512156,0.011001100110011002,434.192934760763,0.0030171333965079675,0.6715867158671587,52.0,5.720572057205721,0.8210759167437516,0.1397139713971397,25.643010991209962,0.055662661975768524,0.17307692307692307,5.0,0.5500550055005501,0.39491021843082685,0.7535753575357536,1.8881234977921193,0.6208481134142017,0.0,2.0,0.22002200220022003,0.10811918331462697,0.9856985698569857,1.0778221819576779,0.9718062015222424,0.0,909,69.16670333067174,1444307.6151311554,90.05883376455934,47875.05118196904,0.36569484052186957,1.330675591611936,0.0,1.0,1.0,1.0,0.3042439245069245,1.2916416534755388,0.0,1.0,1.0,1.0,1000,0,0,0,0,0,1000,0,0,0,0,909,1000,1000,core
1sqa_1sqa_conf0,generation,qwen_1p7b_bigdata_step74000,dynamic,1p7b_bigdata_step74000,qwen_1p7b_bigdata_step74000_dynamic,Qwen 1.7B bigdata (step 74000),qwen_1p7b_bigdata_step74000_dynamic,7,31,122,0.7,122,121,1,0.9918032786885246,134,122,12,0.9104477611940298,"{""all_atoms_connected"":0,""bond_angles"":5,""bond_lengths"":6,""bonds"":0,""double_bond_stereochemistry"":0,""energy_ratio"":5,""file_loads"":0,""inchi_convertible"":0,""internal_steric_clash"":8,""molecular_formula"":0,""no_radicals"":0,""planar_aromatic_rings"":2,""planar_double_bonds"":0,""reference_file_loads"":0,""sanitisation"":0,""tetrahedral_chirality"":0}","{""all_atoms_connected"":0.0,""bond_angles"":0.03731343283582089,""bond_lengths"":0.04477611940298507,""bonds"":0.0,""double_bond_stereochemistry"":0.0,""energy_ratio"":0.03731343283582089,""file_loads"":0.0,""inchi_convertible"":0.0,""internal_steric_clash"":0.05970149253731343,""molecular_formula"":0.0,""no_radicals"":0.0,""planar_aromatic_rings"":0.014925373134328358,""planar_double_bonds"":0.0,""reference_file_loads"":0.0,""sanitisation"":0.0,""tetrahedral_chirality"":0.0}",122,107.4589859824418,1.389693786427014,1.9140049804647665,108.0,88.52459016393442,0.9920563649202583,0.01639344262295082,104.05692292868531,0.010077936038699272,0.8703703703703703,19.0,15.573770491803279,0.8662192380748501,0.1885245901639344,12.813889362794928,0.09728567589357698,0.2631578947368421,4.0,3.278688524590164,0.45299660656252916,0.7868852459016393,1.8738340786404066,0.652378392905133,0.25,1.0,0.819672131147541,0.0,1.0,1.0,1.0,0.0,122,69.66803997133206,214.50144613563896,87.92172441356013,23.344362250236866,0.525688492110607,1.286401909573905,0.0,0.0,1.0,1.0,0.5094044511557396,1.2564044356230963,0.0,0.0,1.0,1.0,1000,0,0,0,0,0,134,0,0,0,0,122,134,134,core
1sqa_1sqa_conf0,generation,qwen_1p7b_bigdata_step74000,chembl_count,1p7b_bigdata_step74000,qwen_1p7b_bigdata_step74000_chembl_count,Qwen 1.7B bigdata (step 74000),qwen_1p7b_bigdata_step74000_chembl_count,7,31,182,0.7,182,180,2,0.989010989010989,200,182,18,0.91,"{""all_atoms_connected"":0,""bond_angles"":12,""bond_lengths"":8,""bonds"":0,""double_bond_stereochemistry"":0,""energy_ratio"":7,""file_loads"":0,""inchi_convertible"":0,""internal_steric_clash"":14,""molecular_formula"":0,""no_radicals"":0,""planar_aromatic_rings"":2,""planar_double_bonds"":0,""reference_file_loads"":0,""sanitisation"":0,""tetrahedral_chirality"":0}","{""all_atoms_connected"":0.0,""bond_angles"":0.06,""bond_lengths"":0.04,""bonds"":0.0,""double_bond_stereochemistry"":0.0,""energy_ratio"":0.035,""file_loads"":0.0,""inchi_convertible"":0.0,""internal_steric_clash"":0.07,""molecular_formula"":0.0,""no_radicals"":0.0,""planar_aromatic_rings"":0.01,""planar_double_bonds"":0.0,""reference_file_loads"":0.0,""sanitisation"":0.0,""tetrahedral_chirality"":0.0}",182,106.55087119139391,1.4391202653848494,2.0516302280029963,142.0,78.02197802197803,0.9810108905139924,0.027472527472527472,129.24635541105704,0.008815360463712112,0.7887323943661971,33.0,18.13186813186813,0.8658182795352858,0.10989010989010989,20.642254437074662,0.06363965704625045,0.2727272727272727,3.0,1.6483516483516483,0.4533074799159506,0.8186813186813187,1.6454422087175578,0.7011834319526628,0.3333333333333333,1.0,0.5494505494505495,0.0,1.0,1.0,1.0,0.0,182,69.16670333067174,2914.57801746529,90.16823858096217,209.31607112878297,0.6608353075324088,1.2947106094899008,0.0,0.0,1.0,1.0,0.644915931072608,1.2499596810287785,0.0,0.0,1.0,1.0,1000,0,0,0,0,0,200,0,0,0,0,182,200,200,core
1uto_1uto_conf0,generation,qwen_1p7b_bigdata_step74000,fixed,1p7b_bigdata_step74000,qwen_1p7b_bigdata_step74000_fixed,Qwen 1.7B bigdata (step 74000),qwen_1p7b_bigdata_step74000_fixed,3,9,999,0.7,999,999,0,1.0,1000,999,1,0.999,"{""all_atoms_connected"":0,""bond_angles"":1,""bond_lengths"":1,""bonds"":0,""double_bond_stereochemistry"":0,""energy_ratio"":0,""file_loads"":0,""inchi_convertible"":0,""internal_steric_clash"":0,""molecular_formula"":0,""no_radicals"":0,""planar_aromatic_rings"":0,""planar_double_bonds"":0,""reference_file_loads"":0,""sanitisation"":0,""tetrahedral_chirality"":0}","{""all_atoms_connected"":0.0,""bond_angles"":0.001,""bond_lengths"":0.001,""bonds"":0.0,""double_bond_stereochemistry"":0.0,""energy_ratio"":0.0,""file_loads"":0.0,""inchi_convertible"":0.0,""internal_steric_clash"":0.0,""molecular_formula"":0.0,""no_radicals"":0.0,""planar_aromatic_rings"":0.0,""planar_double_bonds"":0.0,""reference_file_loads"":0.0,""sanitisation"":0.0,""tetrahedral_chirality"":0.0}",999,107.07713458878966,0.5370669849537265,0.7600892664608664,6.0,0.6006006006006006,0.9418943047670302,0.25125125125125125,5.406749278780912,0.19663206750293835,0.0,1.0,0.1001001001001001,0.0,1.0,1.0,1.0,0.0,1.0,0.1001001001001001,0.0,1.0,1.0,1.0,0.0,1.0,0.1001001001001001,0.0,1.0,1.0,1.0,0.0,999,11.778043627732558,127.00795277950627,18.01553221193261,9.389788986981877,0.05498781452592595,0.599122013135358,1.0,1.0,1.0,1.0,0.05757868441074637,0.6220296266455745,1.0,1.0,1.0,1.0,1000,0,0,0,0,0,1000,0,0,0,0,999,1000,1000,core
1uto_1uto_conf0,generation,qwen_1p7b_bigdata_step74000,dynamic,1p7b_bigdata_step74000,qwen_1p7b_bigdata_step74000_dynamic,Qwen 1.7B bigdata (step 74000),qwen_1p7b_bigdata_step74000_dynamic,3,9,46,0.7,46,46,0,1.0,46,46,0,1.0,"{""all_atoms_connected"":0,""bond_angles"":0,""bond_lengths"":0,""bonds"":0,""double_bond_stereochemistry"":0,""energy_ratio"":0,""file_loads"":0,""inchi_convertible"":0,""internal_steric_clash"":0,""molecular_formula"":0,""no_radicals"":0,""planar_aromatic_rings"":0,""planar_double_bonds"":0,""reference_file_loads"":0,""sanitisation"":0,""tetrahedral_chirality"":0}","{""all_atoms_connected"":0.0,""bond_angles"":0.0,""bond_lengths"":0.0,""bonds"":0.0,""double_bond_stereochemistry"":0.0,""energy_ratio"":0.0,""file_loads"":0.0,""inchi_convertible"":0.0,""internal_steric_clash"":0.0,""molecular_formula"":0.0,""no_radicals"":0.0,""planar_aromatic_rings"":0.0,""planar_double_bonds"":0.0,""reference_file_loads"":0.0,""sanitisation"":0.0,""tetrahedral_chirality"":0.0}",46,110.49564157003203,0.5503214216832231,0.7761212840392385,4.0,8.695652173913043,0.9114020483399023,0.3695652173913043,3.537681327548837,0.3081285444234404,0.0,1.0,2.1739130434782608,0.0,1.0,1.0,1.0,0.0,1.0,2.1739130434782608,0.0,1.0,1.0,1.0,0.0,1.0,2.1739130434782608,0.0,1.0,1.0,1.0,0.0,46,13.574869855473086,63.158295399961794,18.366968533880193,8.401997226420436,0.05498781452592595,0.5807549204337619,1.0,1.0,1.0,1.0,0.10731873551535409,0.5899764489184788,1.0,1.0,1.0,1.0,1000,0,0,0,0,0,46,0,0,0,0,46,46,46,core
1uto_1uto_conf0,generation,qwen_1p7b_bigdata_step74000,chembl_count,1p7b_bigdata_step74000,qwen_1p7b_bigdata_step74000_chembl_count,Qwen 1.7B bigdata (step 74000),qwen_1p7b_bigdata_step74000_chembl_count,3,9,7,0.7,7,7,0,1.0,7,7,0,1.0,"{""all_atoms_connected"":0,""bond_angles"":0,""bond_lengths"":0,""bonds"":0,""double_bond_stereochemistry"":0,""energy_ratio"":0,""file_loads"":0,""inchi_convertible"":0,""internal_steric_clash"":0,""molecular_formula"":0,""no_radicals"":0,""planar_aromatic_rings"":0,""planar_double_bonds"":0,""reference_file_loads"":0,""sanitisation"":0,""tetrahedral_chirality"":0}","{""all_atoms_connected"":0.0,""bond_angles"":0.0,""bond_lengths"":0.0,""bonds"":0.0,""double_bond_stereochemistry"":0.0,""energy_ratio"":0.0,""file_loads"":0.0,""inchi_convertible"":0.0,""internal_steric_clash"":0.0,""molecular_formula"":0.0,""no_radicals"":0.0,""planar_aromatic_rings"":0.0,""planar_double_bonds"":0.0,""reference_file_loads"":0.0,""sanitisation"":0.0,""tetrahedral_chirality"":0.0}",7,70.8718309073968,0.4954645599217132,0.7165144585553831,3.0,42.857142857142854,0.8699155297736259,0.5714285714285714,2.6004900059896596,0.42857142857142855,0.3333333333333333,1.0,14.285714285714286,0.0,1.0,1.0,1.0,0.0,1.0,14.285714285714286,0.0,1.0,1.0,1.0,0.0,1.0,14.285714285714286,0.0,1.0,1.0,1.0,0.0,7,12.588979942896692,20.696421065411307,19.06737398857939,3.338012671796534,0.10095024061602169,0.30204578719754016,1.0,1.0,1.0,1.0,0.1262040101791686,0.32507328183158496,1.0,1.0,1.0,1.0,1000,0,0,0,0,0,7,0,0,0,0,7,7,7,core
1yc1_1yc1_conf0,generation,qwen_1p7b_bigdata_step74000,fixed,1p7b_bigdata_step74000,qwen_1p7b_bigdata_step74000_fixed,Qwen 1.7B bigdata (step 74000),qwen_1p7b_bigdata_step74000_fixed,6,27,998,0.7,998,998,0,1.0,1000,998,2,0.998,"{""all_atoms_connected"":0,""bond_angles"":0,""bond_lengths"":0,""bonds"":0,""double_bond_stereochemistry"":0,""energy_ratio"":0,""file_loads"":0,""inchi_convertible"":0,""internal_steric_clash"":2,""molecular_formula"":0,""no_radicals"":0,""planar_aromatic_rings"":0,""planar_double_bonds"":0,""reference_file_loads"":0,""sanitisation"":0,""tetrahedral_chirality"":0}","{""all_atoms_connected"":0.0,""bond_angles"":0.0,""bond_lengths"":0.0,""bonds"":0.0,""double_bond_stereochemistry"":0.0,""energy_ratio"":0.0,""file_loads"":0.0,""inchi_convertible"":0.0,""internal_steric_clash"":0.002,""molecular_formula"":0.0,""no_radicals"":0.0,""planar_aromatic_rings"":0.0,""planar_double_bonds"":0.0,""reference_file_loads"":0.0,""sanitisation"":0.0,""tetrahedral_chirality"":0.0}",998,113.67696457596958,1.2405847333382924,1.7860970239515457,95.0,9.519038076152304,0.8136372874505818,0.09819639278557114,40.658342458363805,0.03971871598909243,0.2736842105263158,12.0,1.2024048096192386,0.7095780763788491,0.28857715430861725,5.831272712320173,0.2051618266593307,0.25,2.0,0.20040080160320642,0.9432804118896959,0.6392785571142284,1.922895567344417,0.5387970329436428,0.0,1.0,0.10020040080160321,0.0,1.0,1.0,1.0,0.0,998,26.80319400580486,207.0856136609574,42.61277635080904,11.049510363001861,0.24744547001185024,1.4068912571549457,1.0,1.0,1.0,1.0,0.27796645878598364,1.3791148039560697,0.0,1.0,1.0,1.0,1000,0,0,0,0,0,1000,0,0,0,0,998,1000,1000,core
1yc1_1yc1_conf0,generation,qwen_1p7b_bigdata_step74000,dynamic,1p7b_bigdata_step74000,qwen_1p7b_bigdata_step74000_dynamic,Qwen 1.7B bigdata (step 74000),qwen_1p7b_bigdata_step74000_dynamic,6,27,111,0.7,111,111,0,1.0,112,111,1,0.9910714285714286,"{""all_atoms_connected"":0,""bond_angles"":0,""bond_lengths"":0,""bonds"":0,""double_bond_stereochemistry"":0,""energy_ratio"":0,""file_loads"":0,""inchi_convertible"":0,""internal_steric_clash"":1,""molecular_formula"":0,""no_radicals"":0,""planar_aromatic_rings"":0,""planar_double_bonds"":0,""reference_file_loads"":0,""sanitisation"":0,""tetrahedral_chirality"":0}","{""all_atoms_connected"":0.0,""bond_angles"":0.0,""bond_lengths"":0.0,""bonds"":0.0,""double_bond_stereochemistry"":0.0,""energy_ratio"":0.0,""file_loads"":0.0,""inchi_convertible"":0.0,""internal_steric_clash"":0.008928571428571428,""molecular_formula"":0.0,""no_radicals"":0.0,""planar_aromatic_rings"":0.0,""planar_double_bonds"":0.0,""reference_file_loads"":0.0,""sanitisation"":0.0,""tetrahedral_chirality"":0.0}",111,113.64219093368472,1.2349542484366642,1.778045161450347,34.0,30.63063063063063,0.8900329839486547,0.13513513513513514,23.071017594398754,0.05786867949030111,0.4411764705882353,8.0,7.207207207207207,0.859776960756142,0.27927927927927926,5.9766244107465,0.18610502394286177,0.25,2.0,1.8018018018018018,0.9270425482501284,0.6576576576576577,1.9013742773424753,0.5497118740361984,0.0,1.0,0.9009009009009009,0.0,1.0,1.0,1.0,0.0,111,28.91836532084993,91.77780681345062,43.05577256169647,11.086350459166823,0.4357216112132825,1.3875699836695377,0.0,1.0,1.0,1.0,0.4130882563885172,1.355396395755723,0.0,1.0,1.0,1.0,1000,0,0,0,0,0,112,0,0,0,0,111,112,112,core
1yc1_1yc1_conf0,generation,qwen_1p7b_bigdata_step74000,chembl_count,1p7b_bigdata_step74000,qwen_1p7b_bigdata_step74000_chembl_count,Qwen 1.7B bigdata (step 74000),qwen_1p7b_bigdata_step74000_chembl_count,6,27,168,0.7,168,168,0,1.0,168,168,0,1.0,"{""all_atoms_connected"":0,""bond_angles"":0,""bond_lengths"":0,""bonds"":0,""double_bond_stereochemistry"":0,""energy_ratio"":0,""file_loads"":0,""inchi_convertible"":0,""internal_steric_clash"":0,""molecular_formula"":0,""no_radicals"":0,""planar_aromatic_rings"":0,""planar_double_bonds"":0,""reference_file_loads"":0,""sanitisation"":0,""tetrahedral_chirality"":0}","{""all_atoms_connected"":0.0,""bond_angles"":0.0,""bond_lengths"":0.0,""bonds"":0.0,""double_bond_stereochemistry"":0.0,""energy_ratio"":0.0,""file_loads"":0.0,""inchi_convertible"":0.0,""internal_steric_clash"":0.0,""molecular_formula"":0.0,""no_radicals"":0.0,""planar_aromatic_rings"":0.0,""planar_double_bonds"":0.0,""reference_file_loads"":0.0,""sanitisation"":0.0,""tetrahedral_chirality"":0.0}",168,114.37513850569741,1.2270890085597193,1.7615965330907117,43.0,25.595238095238095,0.8690094210965433,0.11904761904761904,26.272383623841332,0.055980725623582764,0.3488372093023256,8.0,4.761904761904762,0.7866950472393981,0.2857142857142857,5.134006568517919,0.22087585034013604,0.25,2.0,1.1904761904761905,0.6500224216483541,0.8333333333333334,1.5691925832141966,0.7222222222222223,0.0,1.0,0.5952380952380952,0.0,1.0,1.0,1.0,0.0,168,28.940851288646652,207.0856136609574,42.46142659552444,17.07035699346193,0.3968242131403222,1.4023610169138574,0.0,1.0,1.0,1.0,0.49738286027895934,1.375018882778888,0.0,1.0,1.0,1.0,1000,0,0,0,0,0,168,0,0,0,0,168,168,168,core
1ydr_1ydr_conf0,generation,qwen_1p7b_bigdata_step74000,fixed,1p7b_bigdata_step74000,qwen_1p7b_bigdata_step74000_fixed,Qwen 1.7B bigdata (step 74000),qwen_1p7b_bigdata_step74000_fixed,2,20,894,0.7,894,886,8,0.9910514541387024,999,894,105,0.8948948948948949,"{""all_atoms_connected"":0,""bond_angles"":31,""bond_lengths"":27,""bonds"":0,""double_bond_stereochemistry"":0,""energy_ratio"":12,""file_loads"":0,""inchi_convertible"":0,""internal_steric_clash"":78,""molecular_formula"":0,""no_radicals"":0,""planar_aromatic_rings"":15,""planar_double_bonds"":0,""reference_file_loads"":0,""sanitisation"":0,""tetrahedral_chirality"":6}","{""all_atoms_connected"":0.0,""bond_angles"":0.031031031031031032,""bond_lengths"":0.02702702702702703,""bonds"":0.0,""double_bond_stereochemistry"":0.0,""energy_ratio"":0.012012012012012012,""file_loads"":0.0,""inchi_convertible"":0.0,""internal_steric_clash"":0.07807807807807808,""molecular_formula"":0.0,""no_radicals"":0.0,""planar_aromatic_rings"":0.015015015015015015,""planar_double_bonds"":0.0,""reference_file_loads"":0.0,""sanitisation"":0.0,""tetrahedral_chirality"":0.006006006006006006}",894,91.4261748044498,1.517341239884241,2.154068759425181,84.0,9.395973154362416,0.7183761239771745,0.21029082774049218,24.118833250886592,0.08549664930008158,0.2857142857142857,18.0,2.0134228187919465,0.6979875786873244,0.3333333333333333,7.519078456695101,0.19232116671421207,0.16666666666666666,3.0,0.33557046979865773,0.7346755276969443,0.639821029082774,2.241451311334294,0.5056253722304801,0.0,1.0,0.11185682326621924,0.0,1.0,1.0,1.0,0.0,894,9.134052311365801,398293.193200498,38.848109094741446,13312.363990331307,0.5001556716944183,1.860112458555228,0.0,0.0,1.0,1.0,0.5951772335494251,1.950550965304057,0.0,0.0,1.0,1.0,999,0,0,0,0,0,999,0,0,0,0,894,1000,1000,core
1ydr_1ydr_conf0,generation,qwen_1p7b_bigdata_step74000,dynamic,1p7b_bigdata_step74000,qwen_1p7b_bigdata_step74000_dynamic,Qwen 1.7B bigdata (step 74000),qwen_1p7b_bigdata_step74000_dynamic,2,20,19,0.7,19,19,0,1.0,24,19,5,0.7916666666666666,"{""all_atoms_connected"":0,""bond_angles"":3,""bond_lengths"":2,""bonds"":0,""double_bond_stereochemistry"":0,""energy_ratio"":1,""file_loads"":0,""inchi_convertible"":0,""internal_steric_clash"":4,""molecular_formula"":0,""no_radicals"":0,""planar_aromatic_rings"":2,""planar_double_bonds"":0,""reference_file_loads"":0,""sanitisation"":0,""tetrahedral_chirality"":0}","{""all_atoms_connected"":0.0,""bond_angles"":0.125,""bond_lengths"":0.08333333333333333,""bonds"":0.0,""double_bond_stereochemistry"":0.0,""energy_ratio"":0.041666666666666664,""file_loads"":0.0,""inchi_convertible"":0.0,""internal_steric_clash"":0.16666666666666666,""molecular_formula"":0.0,""no_radicals"":0.0,""planar_aromatic_rings"":0.08333333333333333,""planar_double_bonds"":0.0,""reference_file_loads"":0.0,""sanitisation"":0.0,""tetrahedral_chirality"":0.0}",19,85.65853674777783,1.666549174442308,2.201091179401257,12.0,63.1578947368421,0.9572271858233162,0.15789473684210525,10.790004533313379,0.10249307479224376,0.5833333333333334,8.0,42.10526315789474,0.92474776763909,0.21052631578947367,6.841171053309105,0.16343490304709138,0.375,2.0,10.526315789473685,0.9819407868640977,0.5789473684210527,1.9751206555240497,0.5124653739612188,0.0,1.0,5.2631578947368425,0.0,1.0,1.0,1.0,0.0,19,11.559574199760736,115.04663847974248,37.02038523947664,24.812412147282693,0.9506438744982898,1.7082975459542193,0.0,0.0,0.0,1.0,1.0272525867457891,1.7526574918733784,0.0,0.0,0.0,1.0,999,0,0,0,0,0,24,0,0,0,0,19,24,24,core
1ydr_1ydr_conf0,generation,qwen_1p7b_bigdata_step74000,chembl_count,1p7b_bigdata_step74000,qwen_1p7b_bigdata_step74000_chembl_count,Qwen 1.7B bigdata (step 74000),qwen_1p7b_bigdata_step74000_chembl_count,2,20,16,0.7,16,16,0,1.0,16,16,0,1.0,"{""all_atoms_connected"":0,""bond_angles"":0,""bond_lengths"":0,""bonds"":0,""double_bond_stereochemistry"":0,""energy_ratio"":0,""file_loads"":0,""inchi_convertible"":0,""internal_steric_clash"":0,""molecular_formula"":0,""no_radicals"":0,""planar_aromatic_rings"":0,""planar_double_bonds"":0,""reference_file_loads"":0,""sanitisation"":0,""tetrahedral_chirality"":0}","{""all_atoms_connected"":0.0,""bond_angles"":0.0,""bond_lengths"":0.0,""bonds"":0.0,""double_bond_stereochemistry"":0.0,""energy_ratio"":0.0,""file_loads"":0.0,""inchi_convertible"":0.0,""internal_steric_clash"":0.0,""molecular_formula"":0.0,""no_radicals"":0.0,""planar_aromatic_rings"":0.0,""planar_double_bonds"":0.0,""reference_file_loads"":0.0,""sanitisation"":0.0,""tetrahedral_chirality"":0.0}",16,95.26701392297487,1.5742972692858055,2.2184443899980217,10.0,62.5,0.9499420132200559,0.1875,8.911319467025024,0.125,0.6,6.0,37.5,0.9488801212514659,0.25,5.474850352293471,0.1953125,0.16666666666666666,2.0,12.5,0.8960382325345574,0.6875,1.8609486313308101,0.5703125,0.0,1.0,6.25,0.0,1.0,1.0,1.0,0.0,16,24.142239517485066,137.68002084634287,47.58778013386345,30.520156354608538,1.0085909474320733,1.8666133107924834,0.0,0.0,0.0,1.0,1.0374766772436923,1.9768263527063483,0.0,0.0,0.0,1.0,999,0,0,0,0,0,16,0,0,0,0,16,16,16,core
1ydt_1ydt_conf0,generation,qwen_1p7b_bigdata_step74000,fixed,1p7b_bigdata_step74000,qwen_1p7b_bigdata_step74000_fixed,Qwen 1.7B bigdata (step 74000),qwen_1p7b_bigdata_step74000_fixed,8,27,416,0.7,416,406,10,0.9759615384615384,998,416,582,0.4168336673346693,"{""all_atoms_connected"":0,""bond_angles"":412,""bond_lengths"":413,""bonds"":0,""double_bond_stereochemistry"":56,""file_loads"":0,""inchi_convertible"":0,""internal_steric_clash"":368,""molecular_formula"":0,""no_radicals"":0,""planar_aromatic_rings"":251,""planar_double_bonds"":0,""reference_file_loads"":0,""sanitisation"":0,""tetrahedral_chirality"":0}","{""all_atoms_connected"":0.0,""bond_angles"":0.41282565130260523,""bond_lengths"":0.41382765531062127,""bonds"":0.0,""double_bond_stereochemistry"":0.056112224448897796,""file_loads"":0.0,""inchi_convertible"":0.0,""internal_steric_clash"":0.3687374749498998,""molecular_formula"":0.0,""no_radicals"":0.0,""planar_aromatic_rings"":0.251503006012024,""planar_double_bonds"":0.0,""reference_file_loads"":0.0,""sanitisation"":0.0,""tetrahedral_chirality"":0.0}",416,109.54657224674139,2.5012408818684153,3.4014559953126473,410.0,98.5576923076923,0.9990913585698579,0.004807692307692308,407.76483770190816,0.002473187869822486,0.9853658536585366,206.0,49.51923076923077,0.9576665775552033,0.028846153846153848,164.4043490261687,0.007812499999999999,0.5097087378640777,15.0,3.605769230769231,0.9408866512574521,0.13701923076923078,12.781109814856366,0.08505917159763313,0.06666666666666667,3.0,0.7211538461538461,0.609014018351108,0.7139423076923077,1.9524212803013685,0.5812800480769231,0.0,416,19.68449281849519,380573.3587922669,60.134778493158464,18724.435389752074,0.7826428094159487,2.1647216951765063,0.0,0.0,0.0,1.0,0.8771948181050518,2.1569096064951028,0.0,0.0,0.0,1.0,998,0,0,0,0,0,998,0,0,0,0,416,1000,1000,core
1ydt_1ydt_conf0,generation,qwen_1p7b_bigdata_step74000,dynamic,1p7b_bigdata_step74000,qwen_1p7b_bigdata_step74000_dynamic,Qwen 1.7B bigdata (step 74000),qwen_1p7b_bigdata_step74000_dynamic,8,27,59,0.7,59,56,3,0.9491525423728814,156,59,97,0.3782051282051282,"{""all_atoms_connected"":0,""bond_angles"":70,""bond_lengths"":76,""bonds"":0,""double_bond_stereochemistry"":10,""file_loads"":0,""inchi_convertible"":0,""internal_steric_clash"":62,""molecular_formula"":0,""no_radicals"":0,""planar_aromatic_rings"":43,""planar_double_bonds"":0,""reference_file_loads"":0,""sanitisation"":0,""tetrahedral_chirality"":0}","{""all_atoms_connected"":0.0,""bond_angles"":0.44871794871794873,""bond_lengths"":0.48717948717948717,""bonds"":0.0,""double_bond_stereochemistry"":0.0641025641025641,""file_loads"":0.0,""inchi_convertible"":0.0,""internal_steric_clash"":0.3974358974358974,""molecular_formula"":0.0,""no_radicals"":0.0,""planar_aromatic_rings"":0.27564102564102566,""planar_double_bonds"":0.0,""reference_file_loads"":0.0,""sanitisation"":0.0,""tetrahedral_chirality"":0.0}",59,106.97289504273978,2.567699475896287,3.4525632722802504,59.0,100.0,0.9999999999999998,0.01694915254237288,58.999999999999964,0.01694915254237288,1.0,54.0,91.52542372881356,0.9905244574057518,0.05084745762711865,51.997012152418314,0.02039643780522838,0.9259259259259259,13.0,22.033898305084747,0.9188759357250936,0.15254237288135594,10.557856143199416,0.10542947428899743,0.23076923076923078,3.0,5.084745762711864,0.7503554106791045,0.6440677966101694,2.280397283738232,0.5024418270611892,0.0,59,27.674167617874684,11126.155796405576,71.85371741538678,1511.6362192251147,0.8433481786461093,2.2664682512093273,0.0,0.0,0.0,1.0,0.9234646157219433,2.2241252250296073,0.0,0.0,0.0,1.0,998,0,0,0,0,0,156,0,0,0,0,59,156,156,core
1ydt_1ydt_conf0,generation,qwen_1p7b_bigdata_step74000,chembl_count,1p7b_bigdata_step74000,qwen_1p7b_bigdata_step74000_chembl_count,Qwen 1.7B bigdata (step 74000),qwen_1p7b_bigdata_step74000_chembl_count,8,27,60,0.7,60,59,1,0.9833333333333333,140,60,80,0.4285714285714285,"{""all_atoms_connected"":0,""bond_angles"":58,""bond_lengths"":56,""bonds"":0,""double_bond_stereochemistry"":9,""file_loads"":0,""inchi_convertible"":0,""internal_steric_clash"":49,""molecular_formula"":0,""no_radicals"":0,""planar_aromatic_rings"":34,""planar_double_bonds"":0,""reference_file_loads"":0,""sanitisation"":0,""tetrahedral_chirality"":0}","{""all_atoms_connected"":0.0,""bond_angles"":0.4142857142857143,""bond_lengths"":0.4,""bonds"":0.0,""double_bond_stereochemistry"":0.06428571428571428,""file_loads"":0.0,""inchi_convertible"":0.0,""internal_steric_clash"":0.35,""molecular_formula"":0.0,""no_radicals"":0.0,""planar_aromatic_rings"":0.24285714285714285,""planar_double_bonds"":0.0,""reference_file_loads"":0.0,""sanitisation"":0.0,""tetrahedral_chirality"":0.0}",60,108.51433038955926,2.4428611684251487,3.287457428028837,60.0,100.0,0.9999999999999998,0.016666666666666666,59.99999999999993,0.016666666666666663,1.0,46.0,76.66666666666667,0.9743219541455954,0.06666666666666667,41.692838154078565,0.027222222222222214,0.782608695652174,11.0,18.333333333333332,0.9222862588750048,0.18333333333333332,9.129818914786505,0.12388888888888887,0.09090909090909091,2.0,3.3333333333333335,0.8812908992306927,0.7,1.8420227750373133,0.58,0.0,60,21.71607515060799,380573.3587922669,74.16342976464495,48710.8756961942,0.7826428094159487,2.1781281163504485,0.0,0.0,0.0,1.0,0.9147174198209647,2.1732328079657526,0.0,0.0,0.0,1.0,998,0,0,0,0,0,140,0,0,0,0,60,140,140,core
1z6e_1z6e_conf0,generation,qwen_1p7b_bigdata_step74000,fixed,1p7b_bigdata_step74000,qwen_1p7b_bigdata_step74000_fixed,Qwen 1.7B bigdata (step 74000),qwen_1p7b_bigdata_step74000_fixed,7,38,917,0.7,917,911,6,0.9934569247546347,1000,917,83,0.917,"{""all_atoms_connected"":0,""bond_angles"":6,""bond_lengths"":5,""bonds"":0,""double_bond_stereochemistry"":0,""energy_ratio"":11,""file_loads"":0,""inchi_convertible"":0,""internal_steric_clash"":75,""molecular_formula"":0,""no_radicals"":0,""planar_aromatic_rings"":2,""planar_double_bonds"":0,""reference_file_loads"":0,""sanitisation"":0,""tetrahedral_chirality"":0}","{""all_atoms_connected"":0.0,""bond_angles"":0.006,""bond_lengths"":0.005,""bonds"":0.0,""double_bond_stereochemistry"":0.0,""energy_ratio"":0.011,""file_loads"":0.0,""inchi_convertible"":0.0,""internal_steric_clash"":0.075,""molecular_formula"":0.0,""no_radicals"":0.0,""planar_aromatic_rings"":0.002,""planar_double_bonds"":0.0,""reference_file_loads"":0.0,""sanitisation"":0.0,""tetrahedral_chirality"":0.0}",917,88.40029944878921,2.217204241931118,2.846178524732358,866.0,94.43838604143947,0.9965550228467219,0.003271537622682661,846.0542472412219,0.0012260833475048435,0.9480369515011547,279.0,30.425299890948747,0.9376161803558012,0.025081788440567066,196.3532399238434,0.006827298252206891,0.3906810035842294,21.0,2.2900763358778624,0.7935903590861983,0.15812431842966193,11.202126816445775,0.10362961104259898,0.23809523809523808,3.0,0.3271537622682661,0.7809022924282418,0.5725190839694656,2.3582241446729872,0.46576539828681307,0.0,917,129.454128616434,7098.274023204974,156.10794091978474,230.14107093317787,0.8490364958955741,2.313295913736003,0.0,0.0,0.0,1.0,0.9076208957784963,2.2692553544544793,0.0,0.0,0.0,1.0,1000,0,0,0,0,0,1000,0,0,0,0,917,1000,1000,core
1z6e_1z6e_conf0,generation,qwen_1p7b_bigdata_step74000,dynamic,1p7b_bigdata_step74000,qwen_1p7b_bigdata_step74000_dynamic,Qwen 1.7B bigdata (step 74000),qwen_1p7b_bigdata_step74000_dynamic,7,38,120,0.7,120,119,1,0.9916666666666667,134,120,14,0.8955223880597015,"{""all_atoms_connected"":0,""bond_angles"":1,""bond_lengths"":1,""bonds"":0,""double_bond_stereochemistry"":0,""energy_ratio"":2,""file_loads"":0,""inchi_convertible"":0,""internal_steric_clash"":12,""molecular_formula"":0,""no_radicals"":0,""planar_aromatic_rings"":0,""planar_double_bonds"":0,""reference_file_loads"":0,""sanitisation"":0,""tetrahedral_chirality"":0}","{""all_atoms_connected"":0.0,""bond_angles"":0.007462686567164179,""bond_lengths"":0.007462686567164179,""bonds"":0.0,""double_bond_stereochemistry"":0.0,""energy_ratio"":0.014925373134328358,""file_loads"":0.0,""inchi_convertible"":0.0,""internal_steric_clash"":0.08955223880597014,""molecular_formula"":0.0,""no_radicals"":0.0,""planar_aromatic_rings"":0.0,""planar_double_bonds"":0.0,""reference_file_loads"":0.0,""sanitisation"":0.0,""tetrahedral_chirality"":0.0}",120,89.4459467418996,2.3270773675385374,3.0417576980186047,120.0,100.0,0.9999999999999998,0.008333333333333333,119.99999999999987,0.008333333333333333,1.0,86.0,71.66666666666667,0.974914861330437,0.03333333333333333,76.90795957212873,0.014861111111111115,0.7209302325581395,13.0,10.833333333333334,0.8349118650500802,0.21666666666666667,8.512252973571828,0.1413888888888889,0.15384615384615385,3.0,2.5,0.6343594588921255,0.7,2.0075500478657684,0.5662499999999999,0.0,120,130.40485506706494,370.6785254605767,157.01199381348965,28.199463353095005,1.105564578836533,2.2745603484435315,0.0,0.0,0.0,1.0,1.0939012808458213,2.2230911764818666,0.0,0.0,0.0,1.0,1000,0,0,0,0,0,134,0,0,0,0,120,134,134,core
1z6e_1z6e_conf0,generation,qwen_1p7b_bigdata_step74000,chembl_count,1p7b_bigdata_step74000,qwen_1p7b_bigdata_step74000_chembl_count,Qwen 1.7B bigdata (step 74000),qwen_1p7b_bigdata_step74000_chembl_count,7,38,186,0.7,186,185,1,0.9946236559139785,200,186,14,0.93,"{""all_atoms_connected"":0,""bond_angles"":1,""bond_lengths"":1,""bonds"":0,""double_bond_stereochemistry"":0,""energy_ratio"":0,""file_loads"":0,""inchi_convertible"":0,""internal_steric_clash"":14,""molecular_formula"":0,""no_radicals"":0,""planar_aromatic_rings"":0,""planar_double_bonds"":0,""reference_file_loads"":0,""sanitisation"":0,""tetrahedral_chirality"":0}","{""all_atoms_connected"":0.0,""bond_angles"":0.005,""bond_lengths"":0.005,""bonds"":0.0,""double_bond_stereochemistry"":0.0,""energy_ratio"":0.0,""file_loads"":0.0,""inchi_convertible"":0.0,""internal_steric_clash"":0.07,""molecular_formula"":0.0,""no_radicals"":0.0,""planar_aromatic_rings"":0.0,""planar_double_bonds"":0.0,""reference_file_loads"":0.0,""sanitisation"":0.0,""tetrahedral_chirality"":0.0}",186,87.46239181320229,2.2753899804321245,2.9588263046104393,184.0,98.9247311827957,0.9992146643667487,0.010752688172043012,183.247973626594,0.0054919643889467,0.9891304347826086,112.0,60.215053763440864,0.9623950687881382,0.03763440860215054,93.79016931885975,0.013065094230546886,0.6339285714285714,14.0,7.526881720430108,0.8052909775668885,0.22043010752688172,8.3746480824386,0.1422129725979882,0.2857142857142857,3.0,1.6129032258064515,0.6044314460671149,0.6666666666666666,1.9426165749568547,0.5520291363163371,0.3333333333333333,186,129.454128616434,235.75553458562518,155.73482246996926,17.598867312901337,1.1781250097541764,2.271118015810658,0.0,0.0,0.0,1.0,1.1803894674163036,2.213512201157982,0.0,0.0,0.0,1.0,1000,0,0,0,0,0,200,0,0,0,0,186,200,200,core
1z95_1z95_conf0,generation,qwen_1p7b_bigdata_step74000,fixed,1p7b_bigdata_step74000,qwen_1p7b_bigdata_step74000_fixed,Qwen 1.7B bigdata (step 74000),qwen_1p7b_bigdata_step74000_fixed,6,29,633,0.7,633,623,10,0.9842022116903634,998,633,365,0.6342685370741483,"{""all_atoms_connected"":0,""bond_angles"":73,""bond_lengths"":47,""bonds"":0,""double_bond_stereochemistry"":0,""energy_ratio"":40,""file_loads"":0,""inchi_convertible"":0,""internal_steric_clash"":130,""molecular_formula"":0,""no_radicals"":0,""planar_aromatic_rings"":20,""planar_double_bonds"":0,""reference_file_loads"":0,""sanitisation"":0,""tetrahedral_chirality"":236}","{""all_atoms_connected"":0.0,""bond_angles"":0.07314629258517034,""bond_lengths"":0.047094188376753505,""bonds"":0.0,""double_bond_stereochemistry"":0.0,""energy_ratio"":0.04008016032064128,""file_loads"":0.0,""inchi_convertible"":0.0,""internal_steric_clash"":0.13026052104208416,""molecular_formula"":0.0,""no_radicals"":0.0,""planar_aromatic_rings"":0.02004008016032064,""planar_double_bonds"":0.0,""reference_file_loads"":0.0,""sanitisation"":0.0,""tetrahedral_chirality"":0.23647294589178355}",633,115.03603038688802,2.1926231026861336,2.9424320412619105,544.0,85.93996840442338,0.9904081514432892,0.00631911532385466,512.1055108121019,0.0021338244873205904,0.8694852941176471,167.0,26.382306477093206,0.9413632240919388,0.022116903633491312,123.70394321568365,0.00996533471096037,0.31137724550898205,12.0,1.8957345971563981,0.8553974282596818,0.16903633491311215,8.377778280581406,0.1308221588314129,0.08333333333333333,3.0,0.47393364928909953,0.3644314182814545,0.8704581358609794,1.4923750355444012,0.7736798364816604,0.0,633,16.588077135144072,291817.91293998016,46.84747056662541,11588.242566594876,0.4557007533909038,2.1522211262327584,0.0,1.0,1.0,1.0,0.4086270654514609,2.152571390823022,0.0,1.0,1.0,1.0,998,0,0,0,0,0,998,0,0,0,0,633,1000,1000,core
1z95_1z95_conf0,generation,qwen_1p7b_bigdata_step74000,dynamic,1p7b_bigdata_step74000,qwen_1p7b_bigdata_step74000_dynamic,Qwen 1.7B bigdata (step 74000),qwen_1p7b_bigdata_step74000_dynamic,6,29,73,0.7,73,72,1,0.9863013698630136,112,73,39,0.6517857142857143,"{""all_atoms_connected"":0,""bond_angles"":7,""bond_lengths"":2,""bonds"":0,""double_bond_stereochemistry"":0,""energy_ratio"":5,""file_loads"":0,""inchi_convertible"":0,""internal_steric_clash"":14,""molecular_formula"":0,""no_radicals"":0,""planar_aromatic_rings"":3,""planar_double_bonds"":0,""reference_file_loads"":0,""sanitisation"":0,""tetrahedral_chirality"":25}","{""all_atoms_connected"":0.0,""bond_angles"":0.0625,""bond_lengths"":0.017857142857142856,""bonds"":0.0,""double_bond_stereochemistry"":0.0,""energy_ratio"":0.044642857142857144,""file_loads"":0.0,""inchi_convertible"":0.0,""internal_steric_clash"":0.125,""molecular_formula"":0.0,""no_radicals"":0.0,""planar_aromatic_rings"":0.026785714285714284,""planar_double_bonds"":0.0,""reference_file_loads"":0.0,""sanitisation"":0.0,""tetrahedral_chirality"":0.22321428571428573}",73,112.94631098901434,2.1858667963013367,2.8707154600103753,71.0,97.26027397260275,0.9976068802689567,0.0273972602739726,70.2794033535536,0.014449240007506092,0.971830985915493,53.0,72.6027397260274,0.9729741253543482,0.0547945205479452,47.607547138064966,0.02383186338900356,0.7358490566037735,6.0,8.219178082191782,0.9127586199606061,0.273972602739726,5.131735471106426,0.2047288421842747,0.16666666666666666,2.0,2.73972602739726,0.9136617865655932,0.6712328767123288,1.883820868732791,0.5586413961343591,0.0,73,17.49035138399951,198.1335198782431,49.678366913172255,30.72023300284001,0.9579501863243366,2.1619097170352335,0.0,0.0,0.0,1.0,1.0114920714064304,2.1766083777145813,0.0,0.0,0.0,1.0,998,0,0,0,0,0,112,0,0,0,0,73,112,112,core
1z95_1z95_conf0,generation,qwen_1p7b_bigdata_step74000,chembl_count,1p7b_bigdata_step74000,qwen_1p7b_bigdata_step74000_chembl_count,Qwen 1.7B bigdata (step 74000),qwen_1p7b_bigdata_step74000_chembl_count,6,29,121,0.7,121,120,1,0.9917355371900827,198,121,77,0.6111111111111112,"{""all_atoms_connected"":0,""bond_angles"":15,""bond_lengths"":7,""bonds"":0,""double_bond_stereochemistry"":0,""energy_ratio"":7,""file_loads"":0,""inchi_convertible"":0,""internal_steric_clash"":25,""molecular_formula"":0,""no_radicals"":0,""planar_aromatic_rings"":3,""planar_double_bonds"":0,""reference_file_loads"":0,""sanitisation"":0,""tetrahedral_chirality"":52}","{""all_atoms_connected"":0.0,""bond_angles"":0.07575757575757576,""bond_lengths"":0.03535353535353535,""bonds"":0.0,""double_bond_stereochemistry"":0.0,""energy_ratio"":0.03535353535353535,""file_loads"":0.0,""inchi_convertible"":0.0,""internal_steric_clash"":0.12626262626262627,""molecular_formula"":0.0,""no_radicals"":0.0,""planar_aromatic_rings"":0.015151515151515152,""planar_double_bonds"":0.0,""reference_file_loads"":0.0,""sanitisation"":0.0,""tetrahedral_chirality"":0.26262626262626265}",121,114.76880410014232,2.167714474288912,2.849807192953805,116.0,95.86776859504133,0.9968267065820663,0.01652892561983471,114.26332516806926,0.008947476265282427,0.9568965517241379,67.0,55.37190082644628,0.9578642923119117,0.04132231404958678,56.121833191299785,0.021105115770780686,0.582089552238806,7.0,5.785123966942149,0.9002392462995764,0.2727272727272727,5.764882004520593,0.18858001502629598,0.14285714285714285,2.0,1.6528925619834711,0.5168802913760061,0.8842975206611571,1.4308577886773104,0.795369168772625,0.0,121,18.869917849210157,1279.8386216095685,43.430946308933386,117.95042163067725,0.4557007533909038,2.151686674007749,0.0,1.0,1.0,1.0,0.4086270654514609,2.127478181713629,0.0,1.0,1.0,1.0,998,0,0,0,0,0,198,0,0,0,0,121,198,198,core
1z9g_1z9g_conf0,generation,qwen_1p7b_bigdata_step74000,fixed,1p7b_bigdata_step74000,qwen_1p7b_bigdata_step74000_fixed,Qwen 1.7B bigdata (step 74000),qwen_1p7b_bigdata_step74000_fixed,7,17,657,0.7,657,657,0,1.0,1000,657,343,0.657,"{""all_atoms_connected"":0,""bond_angles"":11,""bond_lengths"":8,""bonds"":0,""double_bond_stereochemistry"":0,""energy_ratio"":11,""file_loads"":0,""inchi_convertible"":0,""internal_steric_clash"":59,""molecular_formula"":0,""no_radicals"":0,""planar_aromatic_rings"":4,""planar_double_bonds"":0,""reference_file_loads"":0,""sanitisation"":0,""tetrahedral_chirality"":294}","{""all_atoms_connected"":0.0,""bond_angles"":0.011,""bond_lengths"":0.008,""bonds"":0.0,""double_bond_stereochemistry"":0.0,""energy_ratio"":0.011,""file_loads"":0.0,""inchi_convertible"":0.0,""internal_steric_clash"":0.059,""molecular_formula"":0.0,""no_radicals"":0.0,""planar_aromatic_rings"":0.004,""planar_double_bonds"":0.0,""reference_file_loads"":0.0,""sanitisation"":0.0,""tetrahedral_chirality"":0.294}",657,111.0323346432012,1.5637607784700711,2.074129051183443,468.0,71.23287671232876,0.9801949630273193,0.0121765601217656,414.34445880878496,0.0028286871972366436,0.7222222222222222,58.0,8.82800608828006,0.9151420760203658,0.0624048706240487,41.09482685206313,0.029350235955602814,0.15517241379310345,2.0,0.30441400304414,0.982197488539399,0.578386605783866,1.9754721240442603,0.5122889199326304,0.0,1.0,0.15220700152207,0.0,1.0,1.0,1.0,0.0,657,1.066453932717451,176.47535804238507,20.401850580749933,20.217659856263605,0.4958282443957852,1.5953305510407156,0.0,1.0,1.0,1.0,0.3882955377166412,1.5607863972767306,0.0,1.0,1.0,1.0,1000,0,0,0,0,0,1000,0,0,0,0,657,1000,1000,core
1z9g_1z9g_conf0,generation,qwen_1p7b_bigdata_step74000,dynamic,1p7b_bigdata_step74000,qwen_1p7b_bigdata_step74000_dynamic,Qwen 1.7B bigdata (step 74000),qwen_1p7b_bigdata_step74000_dynamic,7,17,86,0.7,86,86,0,1.0,134,86,48,0.6417910447761194,"{""all_atoms_connected"":0,""bond_angles"":3,""bond_lengths"":1,""bonds"":0,""double_bond_stereochemistry"":0,""energy_ratio"":3,""file_loads"":0,""inchi_convertible"":0,""internal_steric_clash"":8,""molecular_formula"":0,""no_radicals"":0,""planar_aromatic_rings"":3,""planar_double_bonds"":0,""reference_file_loads"":0,""sanitisation"":0,""tetrahedral_chirality"":40}","{""all_atoms_connected"":0.0,""bond_angles"":0.022388059701492536,""bond_lengths"":0.007462686567164179,""bonds"":0.0,""double_bond_stereochemistry"":0.0,""energy_ratio"":0.022388059701492536,""file_loads"":0.0,""inchi_convertible"":0.0,""internal_steric_clash"":0.05970149253731343,""molecular_formula"":0.0,""no_radicals"":0.0,""planar_aromatic_rings"":0.022388059701492536,""planar_double_bonds"":0.0,""reference_file_loads"":0.0,""sanitisation"":0.0,""tetrahedral_chirality"":0.29850746268656714}",86,111.61431321019256,1.5543296119741392,2.0372415049939505,80.0,93.02325581395348,0.9930438965930629,0.03488372093023256,77.59824448141798,0.01352082206598161,0.9375,26.0,30.232558139534884,0.9385645829957705,0.10465116279069768,21.283540309598536,0.055164954029204974,0.19230769230769232,2.0,2.3255813953488373,0.9748857077995385,0.5930232558139535,1.9654854825751185,0.5173066522444565,0.0,1.0,1.1627906976744187,0.0,1.0,1.0,1.0,0.0,86,1.1676465237447715,176.47535804238507,18.73676957799838,23.740709975489754,0.5290455362917817,1.5723489895598264,0.0,0.0,1.0,1.0,0.4951195121220732,1.4999866499206003,0.0,1.0,1.0,1.0,1000,0,0,0,0,0,134,0,0,0,0,86,134,134,core
1z9g_1z9g_conf0,generation,qwen_1p7b_bigdata_step74000,chembl_count,1p7b_bigdata_step74000,qwen_1p7b_bigdata_step74000_chembl_count,Qwen 1.7B bigdata (step 74000),qwen_1p7b_bigdata_step74000_chembl_count,7,17,129,0.7,129,129,0,1.0,199,129,70,0.6482412060301508,"{""all_atoms_connected"":0,""bond_angles"":2,""bond_lengths"":3,""bonds"":0,""double_bond_stereochemistry"":0,""energy_ratio"":2,""file_loads"":0,""inchi_convertible"":0,""internal_steric_clash"":13,""molecular_formula"":0,""no_radicals"":0,""planar_aromatic_rings"":1,""planar_double_bonds"":0,""reference_file_loads"":0,""sanitisation"":0,""tetrahedral_chirality"":60}","{""all_atoms_connected"":0.0,""bond_angles"":0.010050251256281407,""bond_lengths"":0.01507537688442211,""bonds"":0.0,""double_bond_stereochemistry"":0.0,""energy_ratio"":0.010050251256281407,""file_loads"":0.0,""inchi_convertible"":0.0,""internal_steric_clash"":0.06532663316582915,""molecular_formula"":0.0,""no_radicals"":0.0,""planar_aromatic_rings"":0.005025125628140704,""planar_double_bonds"":0.0,""reference_file_loads"":0.0,""sanitisation"":0.0,""tetrahedral_chirality"":0.3015075376884422}",129,111.97343920249723,1.554131701981896,2.0632994456792653,120.0,93.02325581395348,0.9949038972864904,0.015503875968992248,117.1077197812007,0.008833603749774654,0.925,34.0,26.356589147286822,0.9433983871165664,0.10077519379844961,27.848046807104723,0.042485427558439995,0.17647058823529413,2.0,1.550387596899225,0.9769460529925406,0.5891472868217055,1.9682944418320452,0.5158944774953429,0.0,1.0,0.7751937984496124,0.0,1.0,1.0,1.0,0.0,129,1.066453932717451,112.13708417828042,21.154382963139575,18.963512919699443,0.5147030973073108,1.6201700931040854,0.0,0.0,1.0,1.0,0.6122963082577073,1.6001728732239975,0.0,0.0,1.0,1.0,1000,0,0,0,0,0,199,0,0,0,0,129,199,199,core
2br1_2br1_conf0,generation,qwen_1p7b_bigdata_step74000,fixed,1p7b_bigdata_step74000,qwen_1p7b_bigdata_step74000_fixed,Qwen 1.7B bigdata (step 74000),qwen_1p7b_bigdata_step74000_fixed,8,29,942,0.7,942,936,6,0.9936305732484076,992,942,50,0.9495967741935484,"{""all_atoms_connected"":0,""bond_angles"":12,""bond_lengths"":5,""bonds"":0,""double_bond_stereochemistry"":0,""energy_ratio"":7,""file_loads"":0,""inchi_convertible"":0,""internal_steric_clash"":46,""molecular_formula"":0,""no_radicals"":0,""planar_aromatic_rings"":5,""planar_double_bonds"":0,""reference_file_loads"":0,""sanitisation"":0,""tetrahedral_chirality"":0}","{""all_atoms_connected"":0.0,""bond_angles"":0.012096774193548387,""bond_lengths"":0.005040322580645161,""bonds"":0.0,""double_bond_stereochemistry"":0.0,""energy_ratio"":0.007056451612903226,""file_loads"":0.0,""inchi_convertible"":0.0,""internal_steric_clash"":0.046370967741935484,""molecular_formula"":0.0,""no_radicals"":0.0,""planar_aromatic_rings"":0.005040322580645161,""planar_double_bonds"":0.0,""reference_file_loads"":0.0,""sanitisation"":0.0,""tetrahedral_chirality"":0.0}",942,99.24777325754165,0.9917595384511045,1.274707109497797,217.0,23.036093418259025,0.9349173897896751,0.028662420382165606,152.89625065868503,0.0083054980819596,0.3317972350230415,18.0,1.910828025477707,0.6186855379123732,0.28343949044585987,5.978867721481054,0.2186025126103831,0.3888888888888889,1.0,0.10615711252653928,0.0,1.0,1.0,1.0,0.0,1.0,0.10615711252653928,0.0,1.0,1.0,1.0,0.0,942,31.38446451770516,121805.47653830444,49.19135021625725,3965.2175377790395,0.3109051733506012,0.9381535819657664,0.0,1.0,1.0,1.0,0.27479027189459976,0.9431622549947136,0.0,1.0,1.0,1.0,992,0,0,0,0,0,992,0,0,0,0,942,1000,1000,core
2br1_2br1_conf0,generation,qwen_1p7b_bigdata_step74000,dynamic,1p7b_bigdata_step74000,qwen_1p7b_bigdata_step74000_dynamic,Qwen 1.7B bigdata (step 74000),qwen_1p7b_bigdata_step74000_dynamic,8,29,146,0.7,146,146,0,1.0,156,146,10,0.935897435897436,"{""all_atoms_connected"":0,""bond_angles"":2,""bond_lengths"":1,""bonds"":0,""double_bond_stereochemistry"":0,""energy_ratio"":1,""file_loads"":0,""inchi_convertible"":0,""internal_steric_clash"":9,""molecular_formula"":0,""no_radicals"":0,""planar_aromatic_rings"":0,""planar_double_bonds"":0,""reference_file_loads"":0,""sanitisation"":0,""tetrahedral_chirality"":0}","{""all_atoms_connected"":0.0,""bond_angles"":0.01282051282051282,""bond_lengths"":0.00641025641025641,""bonds"":0.0,""double_bond_stereochemistry"":0.0,""energy_ratio"":0.00641025641025641,""file_loads"":0.0,""inchi_convertible"":0.0,""internal_steric_clash"":0.057692307692307696,""molecular_formula"":0.0,""no_radicals"":0.0,""planar_aromatic_rings"":0.0,""planar_double_bonds"":0.0,""reference_file_loads"":0.0,""sanitisation"":0.0,""tetrahedral_chirality"":0.0}",146,99.96951873998081,0.9672428421861844,1.2268692879682261,77.0,52.73972602739726,0.9598235321354758,0.0410958904109589,64.66930463661014,0.018202289360105078,0.5324675324675324,7.0,4.794520547945205,0.7990672371099371,0.3424657534246575,4.734674810570608,0.24160255207355974,0.14285714285714285,1.0,0.684931506849315,0.0,1.0,1.0,1.0,0.0,1.0,0.684931506849315,0.0,1.0,1.0,1.0,0.0,146,33.298970718579035,104.75977773353857,51.160305950743236,11.29613395032907,0.4452528181269915,0.9238597604360792,0.0,1.0,1.0,1.0,0.42712864769572834,0.9210058880909313,0.0,1.0,1.0,1.0,992,0,0,0,0,0,156,0,0,0,0,146,156,156,core
2br1_2br1_conf0,generation,qwen_1p7b_bigdata_step74000,chembl_count,1p7b_bigdata_step74000,qwen_1p7b_bigdata_step74000_chembl_count,Qwen 1.7B bigdata (step 74000),qwen_1p7b_bigdata_step74000_chembl_count,8,29,186,0.7,186,185,1,0.9946236559139785,200,186,14,0.93,"{""all_atoms_connected"":0,""bond_angles"":2,""bond_lengths"":3,""bonds"":0,""double_bond_stereochemistry"":0,""energy_ratio"":2,""file_loads"":0,""inchi_convertible"":0,""internal_steric_clash"":13,""molecular_formula"":0,""no_radicals"":0,""planar_aromatic_rings"":3,""planar_double_bonds"":0,""reference_file_loads"":0,""sanitisation"":0,""tetrahedral_chirality"":0}","{""all_atoms_connected"":0.0,""bond_angles"":0.01,""bond_lengths"":0.015,""bonds"":0.0,""double_bond_stereochemistry"":0.0,""energy_ratio"":0.01,""file_loads"":0.0,""inchi_convertible"":0.0,""internal_steric_clash"":0.065,""molecular_formula"":0.0,""no_radicals"":0.0,""planar_aromatic_rings"":0.015,""planar_double_bonds"":0.0,""reference_file_loads"":0.0,""sanitisation"":0.0,""tetrahedral_chirality"":0.0}",186,97.4953337259553,0.950726628998418,1.2029986665952774,92.0,49.46236559139785,0.9652451699058401,0.03225806451612903,78.62066539047076,0.014568158168574404,0.4673913043478261,8.0,4.301075268817204,0.7424487744477318,0.41935483870967744,4.682718531847937,0.2689328246040005,0.125,1.0,0.5376344086021505,0.0,1.0,1.0,1.0,0.0,1.0,0.5376344086021505,0.0,1.0,1.0,1.0,0.0,186,31.38446451770516,128.249924921,49.05211750293753,13.725945767700688,0.4333335447030188,0.9500221865193025,0.0,1.0,1.0,1.0,0.3962746476408555,0.950549976011885,0.0,1.0,1.0,1.0,992,0,0,0,0,0,200,0,0,0,0,186,200,200,core
2brb_2brb_conf0,generation,qwen_1p7b_bigdata_step74000,fixed,1p7b_bigdata_step74000,qwen_1p7b_bigdata_step74000_fixed,Qwen 1.7B bigdata (step 74000),qwen_1p7b_bigdata_step74000_fixed,6,25,972,0.7,972,971,1,0.9989711934156379,1000,972,28,0.972,"{""all_atoms_connected"":0,""bond_angles"":12,""bond_lengths"":9,""bonds"":0,""double_bond_stereochemistry"":0,""energy_ratio"":10,""file_loads"":0,""inchi_convertible"":0,""internal_steric_clash"":21,""molecular_formula"":0,""no_radicals"":0,""planar_aromatic_rings"":5,""planar_double_bonds"":0,""reference_file_loads"":0,""sanitisation"":0,""tetrahedral_chirality"":0}","{""all_atoms_connected"":0.0,""bond_angles"":0.012,""bond_lengths"":0.009,""bonds"":0.0,""double_bond_stereochemistry"":0.0,""energy_ratio"":0.01,""file_loads"":0.0,""inchi_convertible"":0.0,""internal_steric_clash"":0.021,""molecular_formula"":0.0,""no_radicals"":0.0,""planar_aromatic_rings"":0.005,""planar_double_bonds"":0.0,""reference_file_loads"":0.0,""sanitisation"":0.0,""tetrahedral_chirality"":0.0}",972,90.49781046396359,0.9275537812424467,1.2511422699752421,146.0,15.020576131687243,0.8137669624186218,0.07613168724279835,57.71369088685937,0.02908813019695507,0.4520547945205479,9.0,0.9259259259259259,0.6095263012623856,0.39197530864197533,3.8162420034366162,0.2958644515571814,0.2222222222222222,1.0,0.102880658436214,0.0,1.0,1.0,1.0,0.0,1.0,0.102880658436214,0.0,1.0,1.0,1.0,0.0,972,13.083319970805334,1127.4761670389944,31.235410256597344,40.076366506898,0.2503447931194506,0.8221040264154373,0.0,1.0,1.0,1.0,0.24543052660641557,0.8384887792025766,1.0,1.0,1.0,1.0,1000,0,0,0,0,0,1000,0,0,0,0,972,1000,1000,core
2brb_2brb_conf0,generation,qwen_1p7b_bigdata_step74000,dynamic,1p7b_bigdata_step74000,qwen_1p7b_bigdata_step74000_dynamic,Qwen 1.7B bigdata (step 74000),qwen_1p7b_bigdata_step74000_dynamic,6,25,108,0.7,108,107,1,0.9907407407407407,112,108,4,0.9642857142857144,"{""all_atoms_connected"":0,""bond_angles"":2,""bond_lengths"":1,""bonds"":0,""double_bond_stereochemistry"":0,""energy_ratio"":1,""file_loads"":0,""inchi_convertible"":0,""internal_steric_clash"":3,""molecular_formula"":0,""no_radicals"":0,""planar_aromatic_rings"":1,""planar_double_bonds"":0,""reference_file_loads"":0,""sanitisation"":0,""tetrahedral_chirality"":0}","{""all_atoms_connected"":0.0,""bond_angles"":0.017857142857142856,""bond_lengths"":0.008928571428571428,""bonds"":0.0,""double_bond_stereochemistry"":0.0,""energy_ratio"":0.008928571428571428,""file_loads"":0.0,""inchi_convertible"":0.0,""internal_steric_clash"":0.026785714285714284,""molecular_formula"":0.0,""no_radicals"":0.0,""planar_aromatic_rings"":0.008928571428571428,""planar_double_bonds"":0.0,""reference_file_loads"":0.0,""sanitisation"":0.0,""tetrahedral_chirality"":0.0}",108,88.41156189573267,0.9080145135585443,1.2118204939874155,47.0,43.51851851851852,0.9200404164555017,0.06481481481481481,34.54598734308653,0.03720850480109737,0.574468085106383,5.0,4.62962962962963,0.7147721853695022,0.5185185185185185,3.1593978444501403,0.3691700960219479,0.2,1.0,0.9259259259259259,0.0,1.0,1.0,1.0,0.0,1.0,0.9259259259259259,0.0,1.0,1.0,1.0,0.0,108,16.189613889177885,1127.4761670389944,34.95929333984354,106.743049645359,0.44426627601546026,0.8294940458744817,0.0,1.0,1.0,1.0,0.3698721373894815,0.842688815165215,0.0,1.0,1.0,1.0,1000,0,0,0,0,0,112,0,0,0,0,108,112,112,core
2brb_2brb_conf0,generation,qwen_1p7b_bigdata_step74000,chembl_count,1p7b_bigdata_step74000,qwen_1p7b_bigdata_step74000_chembl_count,Qwen 1.7B bigdata (step 74000),qwen_1p7b_bigdata_step74000_chembl_count,6,25,194,0.7,194,194,0,1.0,200,194,6,0.97,"{""all_atoms_connected"":0,""bond_angles"":1,""bond_lengths"":4,""bonds"":0,""double_bond_stereochemistry"":0,""energy_ratio"":0,""file_loads"":0,""inchi_convertible"":0,""internal_steric_clash"":4,""molecular_formula"":0,""no_radicals"":0,""planar_aromatic_rings"":1,""planar_double_bonds"":0,""reference_file_loads"":0,""sanitisation"":0,""tetrahedral_chirality"":0}","{""all_atoms_connected"":0.0,""bond_angles"":0.005,""bond_lengths"":0.02,""bonds"":0.0,""double_bond_stereochemistry"":0.0,""energy_ratio"":0.0,""file_loads"":0.0,""inchi_convertible"":0.0,""internal_steric_clash"":0.02,""molecular_formula"":0.0,""no_radicals"":0.0,""planar_aromatic_rings"":0.005,""planar_double_bonds"":0.0,""reference_file_loads"":0.0,""sanitisation"":0.0,""tetrahedral_chirality"":0.0}",194,90.32390696541228,0.9326261577747792,1.249884578681058,57.0,29.38144329896907,0.9050949866691719,0.0979381443298969,38.83591385623933,0.034807099585503244,0.40350877192982454,4.0,2.0618556701030926,0.7284049832605736,0.5257731958762887,2.745007263126623,0.4027526836008078,0.25,1.0,0.5154639175257731,0.0,1.0,1.0,1.0,0.0,1.0,0.5154639175257731,0.0,1.0,1.0,1.0,0.0,194,15.400494414360978,128.1856000985722,31.52327228399522,18.188973539810156,0.29591309796808635,0.8283728732085978,0.0,1.0,1.0,1.0,0.2827173736572971,0.8399954883560484,0.0,1.0,1.0,1.0,1000,0,0,0,0,0,200,0,0,0,0,194,200,200,core
2c3i_2c3i_conf0,generation,qwen_1p7b_bigdata_step74000,fixed,1p7b_bigdata_step74000,qwen_1p7b_bigdata_step74000_fixed,Qwen 1.7B bigdata (step 74000),qwen_1p7b_bigdata_step74000_fixed,5,23,881,0.7,881,878,3,0.996594778660613,994,881,113,0.886317907444668,"{""all_atoms_connected"":0,""bond_angles"":47,""bond_lengths"":48,""bonds"":0,""double_bond_stereochemistry"":0,""energy_ratio"":12,""file_loads"":0,""inchi_convertible"":0,""internal_steric_clash"":66,""molecular_formula"":0,""no_radicals"":0,""planar_aromatic_rings"":0,""planar_double_bonds"":0,""reference_file_loads"":0,""sanitisation"":0,""tetrahedral_chirality"":0}","{""all_atoms_connected"":0.0,""bond_angles"":0.047283702213279676,""bond_lengths"":0.0482897384305835,""bonds"":0.0,""double_bond_stereochemistry"":0.0,""energy_ratio"":0.012072434607645875,""file_loads"":0.0,""inchi_convertible"":0.0,""internal_steric_clash"":0.06639839034205232,""molecular_formula"":0.0,""no_radicals"":0.0,""planar_aromatic_rings"":0.0,""planar_double_bonds"":0.0,""reference_file_loads"":0.0,""sanitisation"":0.0,""tetrahedral_chirality"":0.0}",881,110.12416310253202,1.6236535891526978,2.194768909564056,473.0,53.68898978433598,0.9667545984027166,0.012485811577752554,385.4200539802976,0.003245460671175181,0.5602536997885835,43.0,4.880817253121453,0.9047190259670984,0.08967082860385925,30.04899767361666,0.04188177452873822,0.046511627906976744,3.0,0.340522133938706,0.8785771417492175,0.5788876276958003,2.625353738447958,0.4268457188650293,0.0,1.0,0.11350737797956867,0.0,1.0,1.0,1.0,0.0,881,27.8813846699794,1559.433779638124,57.20594230027765,57.730236686752875,0.26572175309571383,1.443163402557868,0.0,1.0,1.0,1.0,0.3145310413846624,1.443669849253748,0.0,1.0,1.0,1.0,994,0,0,0,0,0,994,0,0,0,0,881,1000,1000,core
2c3i_2c3i_conf0,generation,qwen_1p7b_bigdata_step74000,dynamic,1p7b_bigdata_step74000,qwen_1p7b_bigdata_step74000_dynamic,Qwen 1.7B bigdata (step 74000),qwen_1p7b_bigdata_step74000_dynamic,5,23,86,0.7,86,85,1,0.9883720930232558,90,86,4,0.9555555555555556,"{""all_atoms_connected"":0,""bond_angles"":1,""bond_lengths"":0,""bonds"":0,""double_bond_stereochemistry"":0,""energy_ratio"":0,""file_loads"":0,""inchi_convertible"":0,""internal_steric_clash"":4,""molecular_formula"":0,""no_radicals"":0,""planar_aromatic_rings"":0,""planar_double_bonds"":0,""reference_file_loads"":0,""sanitisation"":0,""tetrahedral_chirality"":0}","{""all_atoms_connected"":0.0,""bond_angles"":0.011111111111111112,""bond_lengths"":0.0,""bonds"":0.0,""double_bond_stereochemistry"":0.0,""energy_ratio"":0.0,""file_loads"":0.0,""inchi_convertible"":0.0,""internal_steric_clash"":0.044444444444444446,""molecular_formula"":0.0,""no_radicals"":0.0,""planar_aromatic_rings"":0.0,""planar_double_bonds"":0.0,""reference_file_loads"":0.0,""sanitisation"":0.0,""tetrahedral_chirality"":0.0}",86,109.4897160598554,1.673077269476098,2.306998862691079,81.0,94.18604651162791,0.9952894283088115,0.023255813953488372,79.3405055402137,0.012979989183342346,0.9382716049382716,24.0,27.906976744186046,0.9601451878971079,0.12790697674418605,21.14478054061147,0.054624121146565716,0.0,3.0,3.488372093023256,0.8262562057384234,0.5930232558139535,2.478702458924871,0.45402920497566257,0.0,1.0,1.1627906976744187,0.0,1.0,1.0,1.0,0.0,86,29.08558838836023,374.4091912115491,57.221877792066024,44.454403199289395,0.5544673868072657,1.3758933382848433,0.0,0.0,1.0,1.0,0.4821006721223149,1.3932951981239365,0.0,1.0,1.0,1.0,994,0,0,0,0,0,90,0,0,0,0,86,90,90,core
2c3i_2c3i_conf0,generation,qwen_1p7b_bigdata_step74000,chembl_count,1p7b_bigdata_step74000,qwen_1p7b_bigdata_step74000_chembl_count,Qwen 1.7B bigdata (step 74000),qwen_1p7b_bigdata_step74000_chembl_count,5,23,172,0.7,172,170,2,0.9883720930232558,200,172,28,0.86,"{""all_atoms_connected"":0,""bond_angles"":12,""bond_lengths"":10,""bonds"":0,""double_bond_stereochemistry"":0,""energy_ratio"":4,""file_loads"":0,""inchi_convertible"":0,""internal_steric_clash"":19,""molecular_formula"":0,""no_radicals"":0,""planar_aromatic_rings"":0,""planar_double_bonds"":0,""reference_file_loads"":0,""sanitisation"":0,""tetrahedral_chirality"":0}","{""all_atoms_connected"":0.0,""bond_angles"":0.06,""bond_lengths"":0.05,""bonds"":0.0,""double_bond_stereochemistry"":0.0,""energy_ratio"":0.02,""file_loads"":0.0,""inchi_convertible"":0.0,""internal_steric_clash"":0.095,""molecular_formula"":0.0,""no_radicals"":0.0,""planar_aromatic_rings"":0.0,""planar_double_bonds"":0.0,""reference_file_loads"":0.0,""sanitisation"":0.0,""tetrahedral_chirality"":0.0}",172,114.04744833445746,1.6584311642425877,2.2411613381621613,138.0,80.23255813953489,0.9814889123861545,0.03488372093023256,125.97013568631624,0.009126554894537588,0.8188405797101449,27.0,15.69767441860465,0.9210220362858478,0.11627906976744186,20.812179778270973,0.058342347214710655,0.07407407407407407,3.0,1.744186046511628,0.7902725501176938,0.6104651162790697,2.382625747880571,0.47424283396430494,0.0,1.0,0.5813953488372093,0.0,1.0,1.0,1.0,0.0,172,27.8813846699794,1559.433779638124,57.22520755638738,116.85892876610278,0.43702507689618275,1.452786515229369,0.0,1.0,1.0,1.0,0.4292530745945213,1.4680156676924065,0.0,1.0,1.0,1.0,994,0,0,0,0,0,200,0,0,0,0,172,200,200,core
2fvd_2fvd_conf0,generation,qwen_1p7b_bigdata_step74000,fixed,1p7b_bigdata_step74000,qwen_1p7b_bigdata_step74000_fixed,Qwen 1.7B bigdata (step 74000),qwen_1p7b_bigdata_step74000_fixed,7,30,899,0.7,899,895,4,0.9955506117908788,999,899,100,0.8998998998998999,"{""all_atoms_connected"":0,""bond_angles"":41,""bond_lengths"":23,""bonds"":0,""double_bond_stereochemistry"":0,""energy_ratio"":21,""file_loads"":0,""inchi_convertible"":0,""internal_steric_clash"":73,""molecular_formula"":0,""no_radicals"":0,""planar_aromatic_rings"":0,""planar_double_bonds"":0,""reference_file_loads"":0,""sanitisation"":0,""tetrahedral_chirality"":0}","{""all_atoms_connected"":0.0,""bond_angles"":0.04104104104104104,""bond_lengths"":0.023023023023023025,""bonds"":0.0,""double_bond_stereochemistry"":0.0,""energy_ratio"":0.021021021021021023,""file_loads"":0.0,""inchi_convertible"":0.0,""internal_steric_clash"":0.07307307307307308,""molecular_formula"":0.0,""no_radicals"":0.0,""planar_aromatic_rings"":0.0,""planar_double_bonds"":0.0,""reference_file_loads"":0.0,""sanitisation"":0.0,""tetrahedral_chirality"":0.0}",899,94.53519717951946,2.07207577875076,2.651042199541104,882.0,98.10901001112347,0.9989496450319482,0.002224694104560623,875.7392150377924,0.0011544157950806792,0.9807256235827665,278.0,30.92324805339266,0.9507995000727265,0.02224694104560623,210.76406689680076,0.005947777842393167,0.33093525179856115,9.0,1.0011123470522802,0.8101432533018351,0.2814238042269188,5.930251759392201,0.20077307501475497,0.1111111111111111,2.0,0.22246941045606228,0.6102576945898933,0.8498331479421579,1.5265318541546755,0.7447664627982395,0.0,899,-73.46712927029661,9031.869517605945,-48.405348145608826,326.57937124892374,0.745261903525093,2.20242749843872,0.0,0.0,1.0,1.0,0.8157926833486049,2.235534588100312,0.0,0.0,0.0,1.0,999,0,0,0,0,0,999,0,0,0,0,899,1000,1000,core
2fvd_2fvd_conf0,generation,qwen_1p7b_bigdata_step74000,dynamic,1p7b_bigdata_step74000,qwen_1p7b_bigdata_step74000_dynamic,Qwen 1.7B bigdata (step 74000),qwen_1p7b_bigdata_step74000_dynamic,7,30,117,0.7,117,117,0,1.0,134,117,17,0.8731343283582089,"{""all_atoms_connected"":0,""bond_angles"":4,""bond_lengths"":2,""bonds"":0,""double_bond_stereochemistry"":0,""energy_ratio"":5,""file_loads"":0,""inchi_convertible"":0,""internal_steric_clash"":15,""molecular_formula"":0,""no_radicals"":0,""planar_aromatic_rings"":0,""planar_double_bonds"":0,""reference_file_loads"":0,""sanitisation"":0,""tetrahedral_chirality"":0}","{""all_atoms_connected"":0.0,""bond_angles"":0.029850746268656716,""bond_lengths"":0.014925373134328358,""bonds"":0.0,""double_bond_stereochemistry"":0.0,""energy_ratio"":0.03731343283582089,""file_loads"":0.0,""inchi_convertible"":0.0,""internal_steric_clash"":0.11194029850746269,""molecular_formula"":0.0,""no_radicals"":0.0,""planar_aromatic_rings"":0.0,""planar_double_bonds"":0.0,""reference_file_loads"":0.0,""sanitisation"":0.0,""tetrahedral_chirality"":0.0}",117,93.53240652391497,2.0705062759014377,2.6168769531575777,117.0,100.0,0.9999999999999994,0.008547008547008548,116.99999999999972,0.008547008547008551,1.0,86.0,73.5042735042735,0.973161331458401,0.042735042735042736,76.30958443966149,0.015267733216451168,0.7674418604651163,6.0,5.128205128205129,0.8981033468237346,0.3333333333333333,4.9987364775894605,0.23193805245087296,0.0,2.0,1.7094017094017093,0.7320666900931938,0.7948717948717948,1.6610168286542317,0.6738987508218277,0.0,117,-71.36083846187785,38.064143891087966,-47.96277118350362,19.261209444817155,1.00670963679284,2.18304635774877,0.0,0.0,0.0,1.0,0.9957175735152874,2.2063332203733936,0.0,0.0,0.0,1.0,999,0,0,0,0,0,134,0,0,0,0,117,134,134,core
2fvd_2fvd_conf0,generation,qwen_1p7b_bigdata_step74000,chembl_count,1p7b_bigdata_step74000,qwen_1p7b_bigdata_step74000_chembl_count,Qwen 1.7B bigdata (step 74000),qwen_1p7b_bigdata_step74000_chembl_count,7,30,179,0.7,179,178,1,0.994413407821229,200,179,21,0.895,"{""all_atoms_connected"":0,""bond_angles"":10,""bond_lengths"":5,""bonds"":0,""double_bond_stereochemistry"":0,""energy_ratio"":4,""file_loads"":0,""inchi_convertible"":0,""internal_steric_clash"":12,""molecular_formula"":0,""no_radicals"":0,""planar_aromatic_rings"":0,""planar_double_bonds"":0,""reference_file_loads"":0,""sanitisation"":0,""tetrahedral_chirality"":0}","{""all_atoms_connected"":0.0,""bond_angles"":0.05,""bond_lengths"":0.025,""bonds"":0.0,""double_bond_stereochemistry"":0.0,""energy_ratio"":0.02,""file_loads"":0.0,""inchi_convertible"":0.0,""internal_steric_clash"":0.06,""molecular_formula"":0.0,""no_radicals"":0.0,""planar_aromatic_rings"":0.0,""planar_double_bonds"":0.0,""reference_file_loads"":0.0,""sanitisation"":0.0,""tetrahedral_chirality"":0.0}",179,94.70227912405305,2.0381228954723585,2.5485994600774404,178.0,99.44134078212291,0.9995865505253465,0.0111731843575419,177.61905999749897,0.0056490122031147595,0.9943820224719101,109.0,60.89385474860335,0.9643959210809684,0.0335195530726257,92.23288728191595,0.01307699510002809,0.6238532110091743,5.0,2.793296089385475,0.8990278725945265,0.3743016759776536,4.250044878334135,0.2668768140819575,0.0,2.0,1.1173184357541899,0.8045694263039032,0.7541899441340782,1.7466244323274194,0.6292250553977716,0.0,179,-71.59402981679472,9031.869517605945,-48.858579436884426,676.8080377629905,0.8931387455750667,2.2074436949248457,0.0,0.0,0.0,1.0,0.9085104232331548,2.2454680626348753,0.0,0.0,0.0,1.0,999,0,0,0,0,0,200,0,0,0,0,179,200,200,core
2hb1_2hb1_conf0,generation,qwen_1p7b_bigdata_step74000,fixed,1p7b_bigdata_step74000,qwen_1p7b_bigdata_step74000_fixed,Qwen 1.7B bigdata (step 74000),qwen_1p7b_bigdata_step74000_fixed,4,14,847,0.7,847,843,4,0.9952774498229043,1000,847,153,0.847,"{""all_atoms_connected"":0,""bond_angles"":6,""bond_lengths"":3,""bonds"":0,""double_bond_stereochemistry"":0,""energy_ratio"":17,""file_loads"":0,""inchi_convertible"":0,""internal_steric_clash"":149,""molecular_formula"":0,""no_radicals"":0,""planar_aromatic_rings"":0,""planar_double_bonds"":0,""reference_file_loads"":0,""sanitisation"":0,""tetrahedral_chirality"":0}","{""all_atoms_connected"":0.0,""bond_angles"":0.006,""bond_lengths"":0.003,""bonds"":0.0,""double_bond_stereochemistry"":0.0,""energy_ratio"":0.017,""file_loads"":0.0,""inchi_convertible"":0.0,""internal_steric_clash"":0.149,""molecular_formula"":0.0,""no_radicals"":0.0,""planar_aromatic_rings"":0.0,""planar_double_bonds"":0.0,""reference_file_loads"":0.0,""sanitisation"":0.0,""tetrahedral_chirality"":0.0}",847,107.48575325036713,1.0699449569305681,1.495795773709142,102.0,12.04250295159386,0.9080182308946216,0.043683589138134596,66.65697097006256,0.0196638179894593,0.18627450980392157,5.0,0.5903187721369539,0.9766717226550984,0.3069657615112161,4.815753381058876,0.21614030490278208,0.0,1.0,0.1180637544273908,0.0,1.0,1.0,1.0,0.0,1.0,0.1180637544273908,0.0,1.0,1.0,1.0,0.0,847,132.08011866518984,525.4442069189724,162.885533586109,24.807533388214623,0.1452398609385563,0.9578410480476165,1.0,1.0,1.0,1.0,0.16116884567714895,0.9650551850868415,1.0,1.0,1.0,1.0,1000,0,0,0,0,0,1000,0,0,0,0,847,1000,1000,core
2hb1_2hb1_conf0,generation,qwen_1p7b_bigdata_step74000,dynamic,1p7b_bigdata_step74000,qwen_1p7b_bigdata_step74000_dynamic,Qwen 1.7B bigdata (step 74000),qwen_1p7b_bigdata_step74000_dynamic,4,14,62,0.7,62,62,0,1.0,68,62,6,0.9117647058823528,"{""all_atoms_connected"":0,""bond_angles"":0,""bond_lengths"":0,""bonds"":0,""double_bond_stereochemistry"":0,""energy_ratio"":0,""file_loads"":0,""inchi_convertible"":0,""internal_steric_clash"":6,""molecular_formula"":0,""no_radicals"":0,""planar_aromatic_rings"":0,""planar_double_bonds"":0,""reference_file_loads"":0,""sanitisation"":0,""tetrahedral_chirality"":0}","{""all_atoms_connected"":0.0,""bond_angles"":0.0,""bond_lengths"":0.0,""bonds"":0.0,""double_bond_stereochemistry"":0.0,""energy_ratio"":0.0,""file_loads"":0.0,""inchi_convertible"":0.0,""internal_steric_clash"":0.08823529411764706,""molecular_formula"":0.0,""no_radicals"":0.0,""planar_aromatic_rings"":0.0,""planar_double_bonds"":0.0,""reference_file_loads"":0.0,""sanitisation"":0.0,""tetrahedral_chirality"":0.0}",62,105.25140696485145,1.0894818682518428,1.5076539882169597,33.0,53.225806451612904,0.9532799348270677,0.06451612903225806,28.026500256487985,0.041103017689906346,0.5454545454545454,4.0,6.451612903225806,0.9364645399120345,0.3709677419354839,3.6627546871124625,0.2887617065556712,0.0,1.0,1.6129032258064515,0.0,1.0,1.0,1.0,0.0,1.0,1.6129032258064515,0.0,1.0,1.0,1.0,0.0,62,138.47844554753019,223.81072091033386,169.99021992619868,20.243050243062164,0.38846268464007,1.0087727225661336,0.0,1.0,1.0,1.0,0.42517603156998296,0.9863704400563751,0.0,1.0,1.0,1.0,1000,0,0,0,0,0,68,0,0,0,0,62,68,68,core
2hb1_2hb1_conf0,generation,qwen_1p7b_bigdata_step74000,chembl_count,1p7b_bigdata_step74000,qwen_1p7b_bigdata_step74000_chembl_count,Qwen 1.7B bigdata (step 74000),qwen_1p7b_bigdata_step74000_chembl_count,4,14,32,0.7,32,32,0,1.0,38,32,6,0.8421052631578947,"{""all_atoms_connected"":0,""bond_angles"":0,""bond_lengths"":0,""bonds"":0,""double_bond_stereochemistry"":0,""energy_ratio"":0,""file_loads"":0,""inchi_convertible"":0,""internal_steric_clash"":6,""molecular_formula"":0,""no_radicals"":0,""planar_aromatic_rings"":0,""planar_double_bonds"":0,""reference_file_loads"":0,""sanitisation"":0,""tetrahedral_chirality"":0}","{""all_atoms_connected"":0.0,""bond_angles"":0.0,""bond_lengths"":0.0,""bonds"":0.0,""double_bond_stereochemistry"":0.0,""energy_ratio"":0.0,""file_loads"":0.0,""inchi_convertible"":0.0,""internal_steric_clash"":0.15789473684210525,""molecular_formula"":0.0,""no_radicals"":0.0,""planar_aromatic_rings"":0.0,""planar_double_bonds"":0.0,""reference_file_loads"":0.0,""sanitisation"":0.0,""tetrahedral_chirality"":0.0}",32,108.76456389556508,1.0972116645616985,1.5510479653173113,20.0,62.5,0.9634380013131408,0.125,17.925106252839676,0.0625,0.55,4.0,12.5,0.9626180588648806,0.34375,3.797990028464603,0.275390625,0.0,1.0,3.125,0.0,1.0,1.0,1.0,0.0,1.0,3.125,0.0,1.0,1.0,1.0,0.0,32,139.97207800209492,252.88781316177963,157.5383175101346,23.363674957118995,0.5441356912036932,0.9973120763919189,0.0,0.0,1.0,1.0,0.43235157142408287,0.9891833436283046,0.0,1.0,1.0,1.0,1000,0,0,0,0,0,38,0,0,0,0,32,38,38,core
2p4y_2p4y_conf0,generation,qwen_1p7b_bigdata_step74000,fixed,1p7b_bigdata_step74000,qwen_1p7b_bigdata_step74000_fixed,Qwen 1.7B bigdata (step 74000),qwen_1p7b_bigdata_step74000_fixed,8,40,733,0.7,733,709,24,0.9672578444747613,994,733,261,0.7374245472837022,"{""all_atoms_connected"":0,""bond_angles"":132,""bond_lengths"":80,""bonds"":0,""double_bond_stereochemistry"":0,""energy_ratio"":102,""file_loads"":0,""inchi_convertible"":0,""internal_steric_clash"":219,""molecular_formula"":0,""no_radicals"":0,""planar_aromatic_rings"":41,""planar_double_bonds"":0,""reference_file_loads"":0,""sanitisation"":0,""tetrahedral_chirality"":12}","{""all_atoms_connected"":0.0,""bond_angles"":0.13279678068410464,""bond_lengths"":0.08048289738430583,""bonds"":0.0,""double_bond_stereochemistry"":0.0,""energy_ratio"":0.10261569416498995,""file_loads"":0.0,""inchi_convertible"":0.0,""internal_steric_clash"":0.22032193158953722,""molecular_formula"":0.0,""no_radicals"":0.0,""planar_aromatic_rings"":0.04124748490945674,""planar_double_bonds"":0.0,""reference_file_loads"":0.0,""sanitisation"":0.0,""tetrahedral_chirality"":0.012072434607645875}",733,95.22082199419248,2.6630663575897144,3.501243746988859,718.0,97.95361527967258,0.9987217111355996,0.004092769440654843,711.9893413109565,0.0014238147440204434,0.9805013927576601,376.0,51.29604365620737,0.9648885975940695,0.013642564802182811,305.32993708939614,0.004029488785365046,0.5452127659574468,25.0,3.4106412005457027,0.8763355184991592,0.11732605729877217,16.790532988218715,0.06974831049956355,0.16,4.0,0.5457025920873124,0.8116912005470633,0.42837653478854026,3.0809652301083217,0.3484772627021957,0.0,733,152.84697747923119,204731.05330924038,184.8550502115404,8335.788502855501,1.0397652448933226,2.659827546200651,0.0,0.0,0.0,1.0,1.0403977039200336,2.6270064428229825,0.0,0.0,0.0,1.0,994,0,0,0,0,0,994,0,0,0,0,733,1000,1000,core
2p4y_2p4y_conf0,generation,qwen_1p7b_bigdata_step74000,dynamic,1p7b_bigdata_step74000,qwen_1p7b_bigdata_step74000_dynamic,Qwen 1.7B bigdata (step 74000),qwen_1p7b_bigdata_step74000_dynamic,8,40,105,0.7,105,101,4,0.9619047619047619,156,105,51,0.6730769230769231,"{""all_atoms_connected"":0,""bond_angles"":21,""bond_lengths"":15,""bonds"":0,""double_bond_stereochemistry"":0,""energy_ratio"":17,""file_loads"":0,""inchi_convertible"":0,""internal_steric_clash"":48,""molecular_formula"":0,""no_radicals"":0,""planar_aromatic_rings"":7,""planar_double_bonds"":0,""reference_file_loads"":0,""sanitisation"":0,""tetrahedral_chirality"":1}","{""all_atoms_connected"":0.0,""bond_angles"":0.1346153846153846,""bond_lengths"":0.09615384615384616,""bonds"":0.0,""double_bond_stereochemistry"":0.0,""energy_ratio"":0.10897435897435898,""file_loads"":0.0,""inchi_convertible"":0.0,""internal_steric_clash"":0.3076923076923077,""molecular_formula"":0.0,""no_radicals"":0.0,""planar_aromatic_rings"":0.04487179487179487,""planar_double_bonds"":0.0,""reference_file_loads"":0.0,""sanitisation"":0.0,""tetrahedral_chirality"":0.00641025641025641}",105,97.35752150972857,2.6580791524866454,3.452081749561068,105.0,100.0,1.0000000000000002,0.009523809523809525,105.00000000000006,0.009523809523809526,1.0,89.0,84.76190476190476,0.9864389055933389,0.02857142857142857,83.74408557111123,0.012970521541950117,0.8539325842696629,14.0,13.333333333333334,0.9347834213858998,0.1523809523809524,11.786408431996875,0.09551020408163265,0.07142857142857142,3.0,2.857142857142857,0.7959716894710366,0.6095238095238096,2.3975905114316154,0.4717460317460318,0.0,105,154.67576061501438,6937.245767846387,184.60811235431743,656.5565086208466,1.32885115945298,2.6329300828668516,0.0,0.0,0.0,1.0,1.3730835660309757,2.5808837880804973,0.0,0.0,0.0,1.0,994,0,0,0,0,0,156,0,0,0,0,105,156,156,core
2p4y_2p4y_conf0,generation,qwen_1p7b_bigdata_step74000,chembl_count,1p7b_bigdata_step74000,qwen_1p7b_bigdata_step74000_chembl_count,Qwen 1.7B bigdata (step 74000),qwen_1p7b_bigdata_step74000_chembl_count,8,40,133,0.7,133,130,3,0.9774436090225563,174,133,41,0.764367816091954,"{""all_atoms_connected"":0,""bond_angles"":21,""bond_lengths"":13,""bonds"":0,""double_bond_stereochemistry"":0,""energy_ratio"":17,""file_loads"":0,""inchi_convertible"":0,""internal_steric_clash"":34,""molecular_formula"":0,""no_radicals"":0,""planar_aromatic_rings"":6,""planar_double_bonds"":0,""reference_file_loads"":0,""sanitisation"":0,""tetrahedral_chirality"":1}","{""all_atoms_connected"":0.0,""bond_angles"":0.1206896551724138,""bond_lengths"":0.07471264367816093,""bonds"":0.0,""double_bond_stereochemistry"":0.0,""energy_ratio"":0.09770114942528736,""file_loads"":0.0,""inchi_convertible"":0.0,""internal_steric_clash"":0.19540229885057472,""molecular_formula"":0.0,""no_radicals"":0.0,""planar_aromatic_rings"":0.034482758620689655,""planar_double_bonds"":0.0,""reference_file_loads"":0.0,""sanitisation"":0.0,""tetrahedral_chirality"":0.005747126436781609}",133,91.96857366463729,2.633883464436782,3.4723414388122023,132.0,99.24812030075188,0.9994109815873554,0.015037593984962405,131.6209054593047,0.0076318616089094925,0.9924242424242424,108.0,81.203007518797,0.9812974614186112,0.03007518796992481,98.94493538942456,0.011476058567471307,0.8333333333333334,14.0,10.526315789473685,0.9086561298321097,0.24060150375939848,11.001103869467741,0.11187743795579173,0.07142857142857142,4.0,3.007518796992481,0.9589138100908235,0.3458646616541353,3.778536660130453,0.27627339024252356,0.0,133,160.7765386681645,12983.67392588118,184.4258087802006,1105.5321990777875,1.32885115945298,2.7804901300157265,0.0,0.0,0.0,1.0,1.3730835660309757,2.726155058681591,0.0,0.0,0.0,1.0,994,0,0,0,0,0,174,0,0,0,0,133,174,174,core
2pog_2pog_conf0,generation,qwen_1p7b_bigdata_step74000,fixed,1p7b_bigdata_step74000,qwen_1p7b_bigdata_step74000_fixed,Qwen 1.7B bigdata (step 74000),qwen_1p7b_bigdata_step74000_fixed,3,21,561,0.7,561,557,4,0.9928698752228164,1000,561,439,0.561,"{""all_atoms_connected"":0,""bond_angles"":110,""bond_lengths"":87,""bonds"":0,""double_bond_stereochemistry"":0,""energy_ratio"":15,""file_loads"":0,""inchi_convertible"":0,""internal_steric_clash"":27,""molecular_formula"":0,""no_radicals"":0,""planar_aromatic_rings"":0,""planar_double_bonds"":0,""reference_file_loads"":0,""sanitisation"":0,""tetrahedral_chirality"":375}","{""all_atoms_connected"":0.0,""bond_angles"":0.11,""bond_lengths"":0.087,""bonds"":0.0,""double_bond_stereochemistry"":0.0,""energy_ratio"":0.015,""file_loads"":0.0,""inchi_convertible"":0.0,""internal_steric_clash"":0.027,""molecular_formula"":0.0,""no_radicals"":0.0,""planar_aromatic_rings"":0.0,""planar_double_bonds"":0.0,""reference_file_loads"":0.0,""sanitisation"":0.0,""tetrahedral_chirality"":0.375}",561,104.59995502192466,0.9525846921937701,1.4753307217694451,33.0,5.882352941176471,0.7849438411490963,0.24777183600713013,15.557799304957959,0.10266553550605141,0.21212121212121213,6.0,1.0695187165775402,0.6340247307468752,0.6203208556149733,3.1143479828734177,0.43942094744233784,0.0,2.0,0.35650623885918004,0.985647833344307,0.5704099821746881,1.9802023108974176,0.5099151311796798,0.0,1.0,0.17825311942959002,0.0,1.0,1.0,1.0,0.0,561,54.848805789040256,4497.660931136349,71.9323883439313,220.65056426290963,0.14582412589847543,0.6419366919432156,1.0,1.0,1.0,1.0,0.12828864872904427,0.6325993444274185,1.0,1.0,1.0,1.0,1000,0,0,0,0,0,1000,0,0,0,0,561,1000,1000,core
2pog_2pog_conf0,generation,qwen_1p7b_bigdata_step74000,dynamic,1p7b_bigdata_step74000,qwen_1p7b_bigdata_step74000_dynamic,Qwen 1.7B bigdata (step 74000),qwen_1p7b_bigdata_step74000_dynamic,3,21,23,0.7,23,22,1,0.9565217391304348,46,23,23,0.5,"{""all_atoms_connected"":0,""bond_angles"":11,""bond_lengths"":8,""bonds"":0,""double_bond_stereochemistry"":0,""energy_ratio"":1,""file_loads"":0,""inchi_convertible"":0,""internal_steric_clash"":3,""molecular_formula"":0,""no_radicals"":0,""planar_aromatic_rings"":0,""planar_double_bonds"":0,""reference_file_loads"":0,""sanitisation"":0,""tetrahedral_chirality"":15}","{""all_atoms_connected"":0.0,""bond_angles"":0.2391304347826087,""bond_lengths"":0.17391304347826086,""bonds"":0.0,""double_bond_stereochemistry"":0.0,""energy_ratio"":0.021739130434782608,""file_loads"":0.0,""inchi_convertible"":0.0,""internal_steric_clash"":0.06521739130434782,""molecular_formula"":0.0,""no_radicals"":0.0,""planar_aromatic_rings"":0.0,""planar_double_bonds"":0.0,""reference_file_loads"":0.0,""sanitisation"":0.0,""tetrahedral_chirality"":0.32608695652173914}",23,99.70771260682079,0.9799065528411639,1.4908547570094126,8.0,34.78260869565217,0.9009800291070158,0.2608695652173913,6.511275072734849,0.17580340264650285,0.375,3.0,13.043478260869565,0.7518181887591273,0.5652173913043478,2.2840648875829515,0.47448015122873344,0.3333333333333333,1.0,4.3478260869565215,0.0,1.0,1.0,1.0,0.0,1.0,4.3478260869565215,0.0,1.0,1.0,1.0,0.0,23,59.88803667162839,1166.2479898263668,76.45087801152131,222.08868484574512,0.1909984190504448,0.6547283380448474,1.0,1.0,1.0,1.0,0.19551496212298994,0.6673453657592934,1.0,1.0,1.0,1.0,1000,0,0,0,0,0,46,0,0,0,0,23,46,46,core
2pog_2pog_conf0,generation,qwen_1p7b_bigdata_step74000,chembl_count,1p7b_bigdata_step74000,qwen_1p7b_bigdata_step74000_chembl_count,Qwen 1.7B bigdata (step 74000),qwen_1p7b_bigdata_step74000_chembl_count,3,21,5,0.7,5,5,0,1.0,10,5,5,0.5,"{""all_atoms_connected"":0,""bond_angles"":3,""bond_lengths"":3,""bonds"":0,""double_bond_stereochemistry"":0,""energy_ratio"":0,""file_loads"":0,""inchi_convertible"":0,""internal_steric_clash"":0,""molecular_formula"":0,""no_radicals"":0,""planar_aromatic_rings"":0,""planar_double_bonds"":0,""reference_file_loads"":0,""sanitisation"":0,""tetrahedral_chirality"":3}","{""all_atoms_connected"":0.0,""bond_angles"":0.3,""bond_lengths"":0.3,""bonds"":0.0,""double_bond_stereochemistry"":0.0,""energy_ratio"":0.0,""file_loads"":0.0,""inchi_convertible"":0.0,""internal_steric_clash"":0.0,""molecular_formula"":0.0,""no_radicals"":0.0,""planar_aromatic_rings"":0.0,""planar_double_bonds"":0.0,""reference_file_loads"":0.0,""sanitisation"":0.0,""tetrahedral_chirality"":0.3}",5,62.111818236782135,0.8068129641266149,1.3864649024217781,3.0,60.0,0.9602297178607612,0.4,2.8717458874925876,0.3600000000000001,0.3333333333333333,2.0,40.0,0.7219280948873623,0.8,1.6493848884661177,0.6800000000000002,0.5,1.0,20.0,0.0,1.0,1.0,1.0,0.0,1.0,20.0,0.0,1.0,1.0,1.0,0.0,5,58.73862894746309,119.14210015498186,61.676177969600545,24.380203625724636,0.21381757769618742,0.4122927575505719,1.0,1.0,1.0,1.0,0.2155671073529762,0.4089095474768449,1.0,1.0,1.0,1.0,1000,0,0,0,0,0,10,0,0,0,0,5,10,10,core
2qbp_2qbp_conf0,generation,qwen_1p7b_bigdata_step74000,fixed,1p7b_bigdata_step74000,qwen_1p7b_bigdata_step74000_fixed,Qwen 1.7B bigdata (step 74000),qwen_1p7b_bigdata_step74000_fixed,10,37,911,0.7,911,904,7,0.9923161361141603,1000,911,89,0.911,"{""all_atoms_connected"":0,""bond_angles"":10,""bond_lengths"":5,""bonds"":0,""double_bond_stereochemistry"":0,""energy_ratio"":10,""file_loads"":0,""inchi_convertible"":0,""internal_steric_clash"":82,""molecular_formula"":0,""no_radicals"":0,""planar_aromatic_rings"":2,""planar_double_bonds"":0,""reference_file_loads"":0,""sanitisation"":0,""tetrahedral_chirality"":0}","{""all_atoms_connected"":0.0,""bond_angles"":0.01,""bond_lengths"":0.005,""bonds"":0.0,""double_bond_stereochemistry"":0.0,""energy_ratio"":0.01,""file_loads"":0.0,""inchi_convertible"":0.0,""internal_steric_clash"":0.082,""molecular_formula"":0.0,""no_radicals"":0.0,""planar_aromatic_rings"":0.002,""planar_double_bonds"":0.0,""reference_file_loads"":0.0,""sanitisation"":0.0,""tetrahedral_chirality"":0.0}",911,111.6133788256484,2.736806440710137,3.6641094865661525,909.0,99.78046103183316,0.9998758645896554,0.0021953896816684962,908.2316261271327,0.0011025145766886246,0.9977997799779978,634.0,69.59385290889132,0.9754247414794838,0.012074643249176729,541.0372786450163,0.002319497879918691,0.7429022082018928,31.0,3.402854006586169,0.8750633943001324,0.11855104281009879,20.185337997326148,0.06492063702448785,0.03225806451612903,5.0,0.5488474204171241,0.88050534388899,0.4566410537870472,4.125217239642796,0.28963118176308345,0.0,911,141.04055993343482,401.3634565246244,180.06027385067347,27.974429746337535,0.9146245499311425,2.3947317297839144,0.0,0.0,0.0,1.0,0.8469502122739719,2.432736754038895,0.0,0.0,0.0,1.0,1000,0,0,0,0,0,1000,0,0,0,0,911,1000,1000,core
2qbp_2qbp_conf0,generation,qwen_1p7b_bigdata_step74000,dynamic,1p7b_bigdata_step74000,qwen_1p7b_bigdata_step74000_dynamic,Qwen 1.7B bigdata (step 74000),qwen_1p7b_bigdata_step74000_dynamic,10,37,185,0.7,185,183,2,0.9891891891891892,200,185,15,0.925,"{""all_atoms_connected"":0,""bond_angles"":2,""bond_lengths"":2,""bonds"":0,""double_bond_stereochemistry"":0,""energy_ratio"":2,""file_loads"":0,""inchi_convertible"":0,""internal_steric_clash"":14,""molecular_formula"":0,""no_radicals"":0,""planar_aromatic_rings"":0,""planar_double_bonds"":0,""reference_file_loads"":0,""sanitisation"":0,""tetrahedral_chirality"":0}","{""all_atoms_connected"":0.0,""bond_angles"":0.01,""bond_lengths"":0.01,""bonds"":0.0,""double_bond_stereochemistry"":0.0,""energy_ratio"":0.01,""file_loads"":0.0,""inchi_convertible"":0.0,""internal_steric_clash"":0.07,""molecular_formula"":0.0,""no_radicals"":0.0,""planar_aromatic_rings"":0.0,""planar_double_bonds"":0.0,""reference_file_loads"":0.0,""sanitisation"":0.0,""tetrahedral_chirality"":0.0}",185,112.18360554662043,2.6570826837057906,3.534133179318542,185.0,100.0,1.0,0.005405405405405406,184.99999999999991,0.005405405405405406,1.0,160.0,86.48648648648648,0.9881835770405856,0.021621621621621623,150.68678557705007,0.007275383491599709,0.875,24.0,12.972972972972974,0.8528633715055526,0.1837837837837838,15.035975624780544,0.087100073046019,0.25,4.0,2.1621621621621623,0.7652585796676507,0.43783783783783786,2.888893780089926,0.3689408327246166,0.25,185,147.29101638125536,383.47716054250844,178.41516369167658,28.364260608328788,0.9896245294828377,2.358717446652085,0.0,0.0,0.0,1.0,0.9990445038798824,2.376629746990876,0.0,0.0,0.0,1.0,1000,0,0,0,0,0,200,0,0,0,0,185,200,200,core
2qbp_2qbp_conf0,generation,qwen_1p7b_bigdata_step74000,chembl_count,1p7b_bigdata_step74000,qwen_1p7b_bigdata_step74000_chembl_count,Qwen 1.7B bigdata (step 74000),qwen_1p7b_bigdata_step74000_chembl_count,10,37,186,0.7,186,183,3,0.9838709677419355,200,186,14,0.93,"{""all_atoms_connected"":0,""bond_angles"":2,""bond_lengths"":0,""bonds"":0,""double_bond_stereochemistry"":0,""energy_ratio"":2,""file_loads"":0,""inchi_convertible"":0,""internal_steric_clash"":12,""molecular_formula"":0,""no_radicals"":0,""planar_aromatic_rings"":0,""planar_double_bonds"":0,""reference_file_loads"":0,""sanitisation"":0,""tetrahedral_chirality"":0}","{""all_atoms_connected"":0.0,""bond_angles"":0.01,""bond_lengths"":0.0,""bonds"":0.0,""double_bond_stereochemistry"":0.0,""energy_ratio"":0.01,""file_loads"":0.0,""inchi_convertible"":0.0,""internal_steric_clash"":0.06,""molecular_formula"":0.0,""no_radicals"":0.0,""planar_aromatic_rings"":0.0,""planar_double_bonds"":0.0,""reference_file_loads"":0.0,""sanitisation"":0.0,""tetrahedral_chirality"":0.0}",186,110.62463727285918,2.6926091419754616,3.6331462240064556,186.0,100.0,1.0000000000000004,0.005376344086021506,186.0000000000004,0.005376344086021506,1.0,169.0,90.86021505376344,0.9928882243701217,0.016129032258064516,162.94553864894522,0.006474736963810845,0.9112426035502958,22.0,11.827956989247312,0.8649207840864956,0.16129032258064516,14.490697073731468,0.08856515204069831,0.18181818181818182,4.0,2.150537634408602,0.8055189975483188,0.5806451612903226,3.0547154444409363,0.40218522372528615,0.0,186,147.29101638125536,383.47716054250844,177.8399400317938,31.686193178918447,1.0915487798680616,2.4685973078366352,0.0,0.0,0.0,1.0,1.118202098547887,2.516461332989951,0.0,0.0,0.0,1.0,1000,0,0,0,0,0,200,0,0,0,0,186,200,200,core
2qbq_2qbq_conf0,generation,qwen_1p7b_bigdata_step74000,fixed,1p7b_bigdata_step74000,qwen_1p7b_bigdata_step74000_fixed,Qwen 1.7B bigdata (step 74000),qwen_1p7b_bigdata_step74000_fixed,7,31,722,0.7,722,720,2,0.997229916897507,1000,722,278,0.722,"{""all_atoms_connected"":0,""bond_angles"":200,""bond_lengths"":113,""bonds"":0,""double_bond_stereochemistry"":0,""energy_ratio"":37,""file_loads"":0,""inchi_convertible"":0,""internal_steric_clash"":136,""molecular_formula"":0,""no_radicals"":0,""planar_aromatic_rings"":2,""planar_double_bonds"":0,""reference_file_loads"":0,""sanitisation"":0,""tetrahedral_chirality"":0}","{""all_atoms_connected"":0.0,""bond_angles"":0.2,""bond_lengths"":0.113,""bonds"":0.0,""double_bond_stereochemistry"":0.0,""energy_ratio"":0.037,""file_loads"":0.0,""inchi_convertible"":0.0,""internal_steric_clash"":0.136,""molecular_formula"":0.0,""no_radicals"":0.0,""planar_aromatic_rings"":0.002,""planar_double_bonds"":0.0,""reference_file_loads"":0.0,""sanitisation"":0.0,""tetrahedral_chirality"":0.0}",722,113.11442347553552,2.1767130866690176,2.8730234744558114,694.0,96.1218836565097,0.9974958866980969,0.004155124653739612,682.7227650239761,0.001503978637364661,0.9639769452449568,223.0,30.886426592797783,0.9517747156595661,0.02077562326869806,171.81346376403326,0.007201448730442524,0.3094170403587444,9.0,1.2465373961218837,0.8822726978362002,0.2146814404432133,6.948676818324552,0.15609533382954396,0.0,2.0,0.2770083102493075,0.9939637881329553,0.5457063711911357,1.9916495148528934,0.5041781447349237,0.0,722,188.17708429189543,232872.43438239573,221.0321216047118,8656.639327062721,0.19303010912080293,2.1286925843887947,1.0,1.0,1.0,1.0,0.2508693696119477,2.1219776925723304,0.0,1.0,1.0,1.0,1000,0,0,0,0,0,1000,0,0,0,0,722,1000,1000,core
2qbq_2qbq_conf0,generation,qwen_1p7b_bigdata_step74000,dynamic,1p7b_bigdata_step74000,qwen_1p7b_bigdata_step74000_dynamic,Qwen 1.7B bigdata (step 74000),qwen_1p7b_bigdata_step74000_dynamic,7,31,97,0.7,97,97,0,1.0,134,97,37,0.7238805970149254,"{""all_atoms_connected"":0,""bond_angles"":27,""bond_lengths"":16,""bonds"":0,""double_bond_stereochemistry"":0,""energy_ratio"":8,""file_loads"":0,""inchi_convertible"":0,""internal_steric_clash"":19,""molecular_formula"":0,""no_radicals"":0,""planar_aromatic_rings"":0,""planar_double_bonds"":0,""reference_file_loads"":0,""sanitisation"":0,""tetrahedral_chirality"":0}","{""all_atoms_connected"":0.0,""bond_angles"":0.20149253731343283,""bond_lengths"":0.11940298507462686,""bonds"":0.0,""double_bond_stereochemistry"":0.0,""energy_ratio"":0.05970149253731343,""file_loads"":0.0,""inchi_convertible"":0.0,""internal_steric_clash"":0.1417910447761194,""molecular_formula"":0.0,""no_radicals"":0.0,""planar_aromatic_rings"":0.0,""planar_double_bonds"":0.0,""reference_file_loads"":0.0,""sanitisation"":0.0,""tetrahedral_chirality"":0.0}",97,114.28665409341957,2.177131118530492,2.8682998638606616,96.0,98.96907216494846,0.9991392182970765,0.020618556701030927,95.62356486236861,0.01052184079073228,0.9895833333333334,62.0,63.91752577319588,0.9681675660001623,0.061855670103092786,54.367016308839624,0.021575087682006593,0.5967741935483871,7.0,7.216494845360825,0.9041355192035069,0.28865979381443296,5.808756282296917,0.18992454033372302,0.0,2.0,2.0618556701030926,0.9039324555927869,0.6804123711340206,1.8711593892686524,0.5650972473163992,0.0,97,191.0671372166591,503.4168411060802,219.47863476643658,38.59564300667709,0.8138809195168197,2.1960315165515514,0.0,0.0,0.0,1.0,0.7764440637349386,2.194491770906124,0.0,0.0,0.0,1.0,1000,0,0,0,0,0,134,0,0,0,0,97,134,134,core
2qbq_2qbq_conf0,generation,qwen_1p7b_bigdata_step74000,chembl_count,1p7b_bigdata_step74000,qwen_1p7b_bigdata_step74000_chembl_count,Qwen 1.7B bigdata (step 74000),qwen_1p7b_bigdata_step74000_chembl_count,7,31,139,0.7,139,138,1,0.9928057553956835,200,139,61,0.695,"{""all_atoms_connected"":0,""bond_angles"":49,""bond_lengths"":30,""bonds"":0,""double_bond_stereochemistry"":0,""energy_ratio"":12,""file_loads"":0,""inchi_convertible"":0,""internal_steric_clash"":34,""molecular_formula"":0,""no_radicals"":0,""planar_aromatic_rings"":1,""planar_double_bonds"":0,""reference_file_loads"":0,""sanitisation"":0,""tetrahedral_chirality"":0}","{""all_atoms_connected"":0.0,""bond_angles"":0.245,""bond_lengths"":0.15,""bonds"":0.0,""double_bond_stereochemistry"":0.0,""energy_ratio"":0.06,""file_loads"":0.0,""inchi_convertible"":0.0,""internal_steric_clash"":0.17,""molecular_formula"":0.0,""no_radicals"":0.0,""planar_aromatic_rings"":0.005,""planar_double_bonds"":0.0,""reference_file_loads"":0.0,""sanitisation"":0.0,""tetrahedral_chirality"":0.0}",139,113.55658193127083,2.1572676376525033,2.8551187771053836,137.0,98.56115107913669,0.9988915253464163,0.014388489208633094,136.2548803079375,0.007401273226023498,0.9854014598540146,78.0,56.115107913669064,0.9485821637395002,0.07194244604316546,62.34579859192316,0.021168676569535735,0.6153846153846154,7.0,5.0359712230215825,0.8605354938715694,0.37410071942446044,5.336258495620814,0.23006055587184926,0.0,2.0,1.4388489208633093,0.9981698160623622,0.5251798561151079,1.9974644349597,0.501268050307955,0.0,139,188.17708429189543,232872.43438239573,219.25393215856727,19667.392543736438,0.9389012405583401,2.050073329322853,0.0,0.0,0.0,1.0,0.8906879692773408,2.0423340639883345,0.0,0.0,0.0,1.0,1000,0,0,0,0,0,200,0,0,0,0,139,200,200,core
2qbr_2qbr_conf0,generation,qwen_1p7b_bigdata_step74000,fixed,1p7b_bigdata_step74000,qwen_1p7b_bigdata_step74000_fixed,Qwen 1.7B bigdata (step 74000),qwen_1p7b_bigdata_step74000_fixed,8,28,924,0.7,924,921,3,0.9967532467532467,1000,924,76,0.924,"{""all_atoms_connected"":0,""bond_angles"":7,""bond_lengths"":5,""bonds"":0,""double_bond_stereochemistry"":0,""energy_ratio"":6,""file_loads"":0,""inchi_convertible"":0,""internal_steric_clash"":71,""molecular_formula"":0,""no_radicals"":0,""planar_aromatic_rings"":0,""planar_double_bonds"":0,""reference_file_loads"":0,""sanitisation"":0,""tetrahedral_chirality"":0}","{""all_atoms_connected"":0.0,""bond_angles"":0.007,""bond_lengths"":0.005,""bonds"":0.0,""double_bond_stereochemistry"":0.0,""energy_ratio"":0.006,""file_loads"":0.0,""inchi_convertible"":0.0,""internal_steric_clash"":0.071,""molecular_formula"":0.0,""no_radicals"":0.0,""planar_aromatic_rings"":0.0,""planar_double_bonds"":0.0,""reference_file_loads"":0.0,""sanitisation"":0.0,""tetrahedral_chirality"":0.0}",924,108.74506095669852,2.1503875613230634,2.9413927633729413,841.0,91.01731601731602,0.9939647774744143,0.005411255411255411,807.5031053192871,0.001323532167688012,0.9191438763376932,173.0,18.72294372294372,0.9305269209874159,0.032467532467532464,120.9378237687753,0.01090918461048331,0.18497109826589594,9.0,0.974025974025974,0.9580378698352823,0.2002164502164502,8.20730288470519,0.13052135454732858,0.0,2.0,0.21645021645021645,0.8180676112904822,0.7456709956709957,1.763042938136953,0.6207084762279569,0.0,924,180.6563820017488,348.4614472846704,206.91239913630773,19.868003017415525,0.38544047529272263,1.8964506760661006,0.0,1.0,1.0,1.0,0.4582666467160025,1.9003436364508186,0.0,1.0,1.0,1.0,1000,0,0,0,0,0,1000,0,0,0,0,924,1000,1000,core
2qbr_2qbr_conf0,generation,qwen_1p7b_bigdata_step74000,dynamic,1p7b_bigdata_step74000,qwen_1p7b_bigdata_step74000_dynamic,Qwen 1.7B bigdata (step 74000),qwen_1p7b_bigdata_step74000_dynamic,8,28,147,0.7,147,146,1,0.9931972789115646,156,147,9,0.9423076923076924,"{""all_atoms_connected"":0,""bond_angles"":0,""bond_lengths"":0,""bonds"":0,""double_bond_stereochemistry"":0,""energy_ratio"":0,""file_loads"":0,""inchi_convertible"":0,""internal_steric_clash"":9,""molecular_formula"":0,""no_radicals"":0,""planar_aromatic_rings"":0,""planar_double_bonds"":0,""reference_file_loads"":0,""sanitisation"":0,""tetrahedral_chirality"":0}","{""all_atoms_connected"":0.0,""bond_angles"":0.0,""bond_lengths"":0.0,""bonds"":0.0,""double_bond_stereochemistry"":0.0,""energy_ratio"":0.0,""file_loads"":0.0,""inchi_convertible"":0.0,""internal_steric_clash"":0.057692307692307696,""molecular_formula"":0.0,""no_radicals"":0.0,""planar_aromatic_rings"":0.0,""planar_double_bonds"":0.0,""reference_file_loads"":0.0,""sanitisation"":0.0,""tetrahedral_chirality"":0.0}",147,108.04787219417184,2.204056132553546,2.9728590600688456,142.0,96.59863945578232,0.9967499165642313,0.02040816326530612,139.73114817709057,0.007358045258919896,0.971830985915493,74.0,50.34013605442177,0.9455886840145555,0.07482993197278912,58.549657913970094,0.022536905918830116,0.5135135135135135,7.0,4.761904761904762,0.9071562618609884,0.2857142857142857,5.843001245506147,0.19154056180295245,0.0,2.0,1.3605442176870748,0.7431697526132929,0.7891156462585034,1.6738494248378766,0.6671757138229442,0.0,147,180.6563820017488,348.4285102146069,204.6687753411603,20.88047657848195,0.5152404050429964,2.002552148297386,0.0,0.0,1.0,1.0,0.5864554202693678,2.0186514251022043,0.0,0.0,1.0,1.0,1000,0,0,0,0,0,156,0,0,0,0,147,156,156,core
2qbr_2qbr_conf0,generation,qwen_1p7b_bigdata_step74000,chembl_count,1p7b_bigdata_step74000,qwen_1p7b_bigdata_step74000_chembl_count,Qwen 1.7B bigdata (step 74000),qwen_1p7b_bigdata_step74000_chembl_count,8,28,182,0.7,182,181,1,0.9945054945054945,200,182,18,0.91,"{""all_atoms_connected"":0,""bond_angles"":1,""bond_lengths"":0,""bonds"":0,""double_bond_stereochemistry"":0,""energy_ratio"":2,""file_loads"":0,""inchi_convertible"":0,""internal_steric_clash"":17,""molecular_formula"":0,""no_radicals"":0,""planar_aromatic_rings"":0,""planar_double_bonds"":0,""reference_file_loads"":0,""sanitisation"":0,""tetrahedral_chirality"":0}","{""all_atoms_connected"":0.0,""bond_angles"":0.005,""bond_lengths"":0.0,""bonds"":0.0,""double_bond_stereochemistry"":0.0,""energy_ratio"":0.01,""file_loads"":0.0,""inchi_convertible"":0.0,""internal_steric_clash"":0.085,""molecular_formula"":0.0,""no_radicals"":0.0,""planar_aromatic_rings"":0.0,""planar_double_bonds"":0.0,""reference_file_loads"":0.0,""sanitisation"":0.0,""tetrahedral_chirality"":0.0}",182,107.24874121439265,2.1659872367963917,2.9136594186622835,174.0,95.6043956043956,0.9963443660286192,0.016483516483516484,170.74917749096485,0.006037918125830214,0.9597701149425287,78.0,42.857142857142854,0.9500849420812414,0.04945054945054945,62.75532614848553,0.019502475546431582,0.4230769230769231,7.0,3.8461538461538463,0.9021792656332804,0.35714285714285715,5.78668616023757,0.20661755826590988,0.0,1.0,0.5494505494505495,0.0,1.0,1.0,1.0,0.0,182,182.35132946118313,348.4614472846704,207.42814525037676,24.25392263410461,0.38544047529272263,1.8678160306284863,0.0,1.0,1.0,1.0,0.4582666467160025,1.8663642216458776,0.0,1.0,1.0,1.0,1000,0,0,0,0,0,200,0,0,0,0,182,200,200,core
2v00_2v00_conf0,generation,qwen_1p7b_bigdata_step74000,fixed,1p7b_bigdata_step74000,qwen_1p7b_bigdata_step74000_fixed,Qwen 1.7B bigdata (step 74000),qwen_1p7b_bigdata_step74000_fixed,4,16,999,0.7,999,999,0,1.0,1000,999,1,0.999,"{""all_atoms_connected"":0,""bond_angles"":0,""bond_lengths"":1,""bonds"":0,""double_bond_stereochemistry"":0,""energy_ratio"":0,""file_loads"":0,""inchi_convertible"":0,""internal_steric_clash"":0,""molecular_formula"":0,""no_radicals"":0,""planar_aromatic_rings"":0,""planar_double_bonds"":0,""reference_file_loads"":0,""sanitisation"":0,""tetrahedral_chirality"":0}","{""all_atoms_connected"":0.0,""bond_angles"":0.0,""bond_lengths"":0.001,""bonds"":0.0,""double_bond_stereochemistry"":0.0,""energy_ratio"":0.0,""file_loads"":0.0,""inchi_convertible"":0.0,""internal_steric_clash"":0.0,""molecular_formula"":0.0,""no_radicals"":0.0,""planar_aromatic_rings"":0.0,""planar_double_bonds"":0.0,""reference_file_loads"":0.0,""sanitisation"":0.0,""tetrahedral_chirality"":0.0}",999,108.98496907144268,1.3942803788410385,1.9299586959587272,65.0,6.506506506506507,0.8517026629141188,0.1021021021021021,34.99960423328006,0.03988472957441927,0.15384615384615385,10.0,1.001001001001001,0.9175615118180126,0.2062062062062062,8.27106648510827,0.1363475587699812,0.0,2.0,0.2002002002002002,0.9429819088696832,0.6396396396396397,1.9224977488583908,0.5389984579173769,0.0,1.0,0.1001001001001001,0.0,1.0,1.0,1.0,0.0,999,12.579848694013018,103.38192923380569,24.32640070191392,10.631924709187665,0.1166660544237907,1.3445540172216697,1.0,1.0,1.0,1.0,0.14014336746803044,1.2975713360011685,1.0,1.0,1.0,1.0,1000,0,0,0,0,0,1000,0,0,0,0,999,1000,1000,core
2v00_2v00_conf0,generation,qwen_1p7b_bigdata_step74000,dynamic,1p7b_bigdata_step74000,qwen_1p7b_bigdata_step74000_dynamic,Qwen 1.7B bigdata (step 74000),qwen_1p7b_bigdata_step74000_dynamic,4,16,68,0.7,68,68,0,1.0,68,68,0,1.0,"{""all_atoms_connected"":0,""bond_angles"":0,""bond_lengths"":0,""bonds"":0,""double_bond_stereochemistry"":0,""energy_ratio"":0,""file_loads"":0,""inchi_convertible"":0,""internal_steric_clash"":0,""molecular_formula"":0,""no_radicals"":0,""planar_aromatic_rings"":0,""planar_double_bonds"":0,""reference_file_loads"":0,""sanitisation"":0,""tetrahedral_chirality"":0}","{""all_atoms_connected"":0.0,""bond_angles"":0.0,""bond_lengths"":0.0,""bonds"":0.0,""double_bond_stereochemistry"":0.0,""energy_ratio"":0.0,""file_loads"":0.0,""inchi_convertible"":0.0,""internal_steric_clash"":0.0,""molecular_formula"":0.0,""no_radicals"":0.0,""planar_aromatic_rings"":0.0,""planar_double_bonds"":0.0,""reference_file_loads"":0.0,""sanitisation"":0.0,""tetrahedral_chirality"":0.0}",68,115.57265728186984,1.3609708435544616,1.891657916242005,22.0,32.35294117647059,0.9200770863910985,0.14705882352941177,17.18431990153584,0.06963667820069207,0.4090909090909091,6.0,8.823529411764707,0.7741866550060114,0.47058823529411764,4.003449121949485,0.3062283737024221,0.16666666666666666,2.0,2.9411764705882355,0.7612401496918493,0.7794117647058824,1.6949469857301875,0.6561418685121108,0.0,1.0,1.4705882352941178,0.0,1.0,1.0,1.0,0.0,68,14.62672999753349,47.65732307655536,23.12854909844332,7.2742646549775,0.51262997398956,1.3496189095765017,0.0,0.0,1.0,1.0,0.6315828462326667,1.3207988033070015,0.0,0.0,1.0,1.0,1000,0,0,0,0,0,68,0,0,0,0,68,68,68,core
2v00_2v00_conf0,generation,qwen_1p7b_bigdata_step74000,chembl_count,1p7b_bigdata_step74000,qwen_1p7b_bigdata_step74000_chembl_count,Qwen 1.7B bigdata (step 74000),qwen_1p7b_bigdata_step74000_chembl_count,4,16,30,0.7,30,30,0,1.0,30,30,0,1.0,"{""all_atoms_connected"":0,""bond_angles"":0,""bond_lengths"":0,""bonds"":0,""double_bond_stereochemistry"":0,""energy_ratio"":0,""file_loads"":0,""inchi_convertible"":0,""internal_steric_clash"":0,""molecular_formula"":0,""no_radicals"":0,""planar_aromatic_rings"":0,""planar_double_bonds"":0,""reference_file_loads"":0,""sanitisation"":0,""tetrahedral_chirality"":0}","{""all_atoms_connected"":0.0,""bond_angles"":0.0,""bond_lengths"":0.0,""bonds"":0.0,""double_bond_stereochemistry"":0.0,""energy_ratio"":0.0,""file_loads"":0.0,""inchi_convertible"":0.0,""internal_steric_clash"":0.0,""molecular_formula"":0.0,""no_radicals"":0.0,""planar_aromatic_rings"":0.0,""planar_double_bonds"":0.0,""reference_file_loads"":0.0,""sanitisation"":0.0,""tetrahedral_chirality"":0.0}",30,111.00845517172638,1.343394496587585,1.8773335907048896,13.0,43.333333333333336,0.9411283511601978,0.16666666666666666,11.177988808029507,0.1022222222222222,0.3076923076923077,5.0,16.666666666666668,0.8711792603769857,0.4666666666666667,4.063761124697634,0.29555555555555557,0.0,2.0,6.666666666666667,0.8812908992306927,0.7,1.8420227750373133,0.58,0.0,1.0,3.3333333333333335,0.0,1.0,1.0,1.0,0.0,30,14.256251820241154,35.172922017950064,23.08984543420456,5.2629157122026085,0.899205561901016,1.373328129281957,0.0,0.0,0.0,1.0,0.9051606488047914,1.3578801243288086,0.0,0.0,0.0,1.0,1000,0,0,0,0,0,30,0,0,0,0,30,30,30,core
2wn9_2wn9_conf0,generation,qwen_1p7b_bigdata_step74000,fixed,1p7b_bigdata_step74000,qwen_1p7b_bigdata_step74000_fixed,Qwen 1.7B bigdata (step 74000),qwen_1p7b_bigdata_step74000_fixed,4,22,970,0.7,970,970,0,1.0,1000,970,30,0.97,"{""all_atoms_connected"":0,""bond_angles"":5,""bond_lengths"":6,""bonds"":0,""double_bond_stereochemistry"":17,""energy_ratio"":1,""file_loads"":0,""inchi_convertible"":0,""internal_steric_clash"":10,""molecular_formula"":0,""no_radicals"":0,""planar_aromatic_rings"":3,""planar_double_bonds"":0,""reference_file_loads"":0,""sanitisation"":0,""tetrahedral_chirality"":0}","{""all_atoms_connected"":0.0,""bond_angles"":0.005,""bond_lengths"":0.006,""bonds"":0.0,""double_bond_stereochemistry"":0.017,""energy_ratio"":0.001,""file_loads"":0.0,""inchi_convertible"":0.0,""internal_steric_clash"":0.01,""molecular_formula"":0.0,""no_radicals"":0.0,""planar_aromatic_rings"":0.003,""planar_double_bonds"":0.0,""reference_file_loads"":0.0,""sanitisation"":0.0,""tetrahedral_chirality"":0.0}",970,85.88545983237753,1.451269708503455,2.0752909302121996,178.0,18.350515463917525,0.9093170290165437,0.03608247422680412,111.26158194055583,0.012309490912955679,0.30337078651685395,21.0,2.1649484536082473,0.7632966441400518,0.177319587628866,10.21516887019633,0.1177447125092996,0.19047619047619047,3.0,0.30927835051546393,0.6581547448150412,0.5381443298969072,2.0607229967020646,0.4972728238920182,0.0,1.0,0.10309278350515463,0.0,1.0,1.0,1.0,0.0,970,67.93069684815387,947.1384664669338,85.00790064603575,31.192273324970397,0.287464249126392,1.2884049784650131,0.0,1.0,1.0,1.0,0.3197381675310416,1.2961143337422534,0.0,1.0,1.0,1.0,1000,0,0,0,0,0,1000,0,0,0,0,970,1000,1000,core
2wn9_2wn9_conf0,generation,qwen_1p7b_bigdata_step74000,dynamic,1p7b_bigdata_step74000,qwen_1p7b_bigdata_step74000_dynamic,Qwen 1.7B bigdata (step 74000),qwen_1p7b_bigdata_step74000_dynamic,4,22,65,0.7,65,65,0,1.0,68,65,3,0.9558823529411764,"{""all_atoms_connected"":0,""bond_angles"":0,""bond_lengths"":2,""bonds"":0,""double_bond_stereochemistry"":1,""energy_ratio"":0,""file_loads"":0,""inchi_convertible"":0,""internal_steric_clash"":0,""molecular_formula"":0,""no_radicals"":0,""planar_aromatic_rings"":0,""planar_double_bonds"":0,""reference_file_loads"":0,""sanitisation"":0,""tetrahedral_chirality"":0}","{""all_atoms_connected"":0.0,""bond_angles"":0.0,""bond_lengths"":0.029411764705882353,""bonds"":0.0,""double_bond_stereochemistry"":0.014705882352941176,""energy_ratio"":0.0,""file_loads"":0.0,""inchi_convertible"":0.0,""internal_steric_clash"":0.0,""molecular_formula"":0.0,""no_radicals"":0.0,""planar_aromatic_rings"":0.0,""planar_double_bonds"":0.0,""reference_file_loads"":0.0,""sanitisation"":0.0,""tetrahedral_chirality"":0.0}",65,88.41325471010732,1.4616134815881026,2.077549648226203,41.0,63.07692307692308,0.9639289621789504,0.06153846153846154,35.85989959422176,0.031952662721893496,0.6341463414634146,12.0,18.46153846153846,0.875375812133128,0.2,8.80418500012247,0.13420118343195267,0.25,2.0,3.076923076923077,0.961236604722876,0.6153846153846154,1.9469780302238757,0.5266272189349113,0.0,1.0,1.5384615384615385,0.0,1.0,1.0,1.0,0.0,65,73.97452578967014,161.8637810949432,86.4443940302663,15.980595606477221,0.4121533999153849,1.3139872007766684,0.0,1.0,1.0,1.0,0.41488338766656657,1.3663400611998395,0.0,1.0,1.0,1.0,1000,0,0,0,0,0,68,0,0,0,0,65,68,68,core
2wn9_2wn9_conf0,generation,qwen_1p7b_bigdata_step74000,chembl_count,1p7b_bigdata_step74000,qwen_1p7b_bigdata_step74000_chembl_count,Qwen 1.7B bigdata (step 74000),qwen_1p7b_bigdata_step74000_chembl_count,4,22,67,0.7,67,67,0,1.0,71,67,4,0.943661971830986,"{""all_atoms_connected"":0,""bond_angles"":0,""bond_lengths"":0,""bonds"":0,""double_bond_stereochemistry"":4,""energy_ratio"":0,""file_loads"":0,""inchi_convertible"":0,""internal_steric_clash"":0,""molecular_formula"":0,""no_radicals"":0,""planar_aromatic_rings"":0,""planar_double_bonds"":0,""reference_file_loads"":0,""sanitisation"":0,""tetrahedral_chirality"":0}","{""all_atoms_connected"":0.0,""bond_angles"":0.0,""bond_lengths"":0.0,""bonds"":0.0,""double_bond_stereochemistry"":0.056338028169014086,""energy_ratio"":0.0,""file_loads"":0.0,""inchi_convertible"":0.0,""internal_steric_clash"":0.0,""molecular_formula"":0.0,""no_radicals"":0.0,""planar_aromatic_rings"":0.0,""planar_double_bonds"":0.0,""reference_file_loads"":0.0,""sanitisation"":0.0,""tetrahedral_chirality"":0.0}",67,84.50996352669466,1.46174645059611,2.10077247927751,47.0,70.14925373134328,0.9657429208914781,0.05970149253731343,41.19235952513698,0.0282913789262642,0.7446808510638298,10.0,14.925373134328359,0.9498802867369567,0.1791044776119403,8.910052986918126,0.1196257518378258,0.1,2.0,2.985074626865672,0.9921116920021501,0.5522388059701493,1.9890943250719193,0.5054577856983739,0.0,1.0,1.492537313432836,0.0,1.0,1.0,1.0,0.0,67,70.94918710683567,149.70998905651086,85.21639321069533,14.764967535952982,0.381302213582539,1.4018586058292848,0.0,1.0,1.0,1.0,0.3197381675310416,1.391562982084937,0.0,1.0,1.0,1.0,1000,0,0,0,0,0,71,0,0,0,0,67,71,71,core
2wtv_2wtv_conf0,generation,qwen_1p7b_bigdata_step74000,fixed,1p7b_bigdata_step74000,qwen_1p7b_bigdata_step74000_fixed,Qwen 1.7B bigdata (step 74000),qwen_1p7b_bigdata_step74000_fixed,4,34,925,0.7,925,924,1,0.9989189189189189,1000,925,75,0.925,"{""all_atoms_connected"":0,""bond_angles"":41,""bond_lengths"":60,""bonds"":0,""double_bond_stereochemistry"":0,""energy_ratio"":5,""file_loads"":0,""inchi_convertible"":0,""internal_steric_clash"":17,""molecular_formula"":0,""no_radicals"":0,""planar_aromatic_rings"":2,""planar_double_bonds"":0,""reference_file_loads"":0,""sanitisation"":0,""tetrahedral_chirality"":0}","{""all_atoms_connected"":0.0,""bond_angles"":0.041,""bond_lengths"":0.06,""bonds"":0.0,""double_bond_stereochemistry"":0.0,""energy_ratio"":0.005,""file_loads"":0.0,""inchi_convertible"":0.0,""internal_steric_clash"":0.017,""molecular_formula"":0.0,""no_radicals"":0.0,""planar_aromatic_rings"":0.002,""planar_double_bonds"":0.0,""reference_file_loads"":0.0,""sanitisation"":0.0,""tetrahedral_chirality"":0.0}",925,105.1616584376233,1.9178363981714766,3.0856905688813834,230.0,24.864864864864863,0.8608700593174923,0.05405405405405406,107.92965337350587,0.016515412710007303,0.5173913043478261,36.0,3.891891891891892,0.699228677365639,0.2118918918918919,12.252122749492736,0.1215053323593864,0.19444444444444445,5.0,0.5405405405405406,0.5335207463896029,0.5113513513513513,2.360016277618166,0.4671170197224252,0.0,2.0,0.21621621621621623,0.9941843061551223,0.5448648648648649,1.9919539646270261,0.5040257121986852,0.0,925,51.02485587077474,8630.926232315009,72.39523771202849,284.13371865324183,0.2280543857082266,1.5819163961756606,1.0,1.0,1.0,1.0,0.2826909106825705,1.658169572969716,0.0,1.0,1.0,1.0,1000,0,0,0,0,0,1000,0,0,0,0,925,1000,1000,core
2wtv_2wtv_conf0,generation,qwen_1p7b_bigdata_step74000,dynamic,1p7b_bigdata_step74000,qwen_1p7b_bigdata_step74000_dynamic,Qwen 1.7B bigdata (step 74000),qwen_1p7b_bigdata_step74000_dynamic,4,34,65,0.7,65,65,0,1.0,68,65,3,0.9558823529411764,"{""all_atoms_connected"":0,""bond_angles"":2,""bond_lengths"":3,""bonds"":0,""double_bond_stereochemistry"":0,""energy_ratio"":0,""file_loads"":0,""inchi_convertible"":0,""internal_steric_clash"":0,""molecular_formula"":0,""no_radicals"":0,""planar_aromatic_rings"":0,""planar_double_bonds"":0,""reference_file_loads"":0,""sanitisation"":0,""tetrahedral_chirality"":0}","{""all_atoms_connected"":0.0,""bond_angles"":0.029411764705882353,""bond_lengths"":0.04411764705882353,""bonds"":0.0,""double_bond_stereochemistry"":0.0,""energy_ratio"":0.0,""file_loads"":0.0,""inchi_convertible"":0.0,""internal_steric_clash"":0.0,""molecular_formula"":0.0,""no_radicals"":0.0,""planar_aromatic_rings"":0.0,""planar_double_bonds"":0.0,""reference_file_loads"":0.0,""sanitisation"":0.0,""tetrahedral_chirality"":0.0}",65,104.81502664382299,1.917077336335142,3.080489080397246,40.0,61.53846153846154,0.9462011526752867,0.09230769230769231,32.79978601916224,0.038106508875739645,0.7,11.0,16.923076923076923,0.8506203840360689,0.24615384615384617,7.688291581832211,0.1635502958579882,0.09090909090909091,3.0,4.615384615384615,0.8662278485709833,0.5076923076923077,2.5899758704167035,0.4172781065088757,0.0,2.0,3.076923076923077,0.9957274520849256,0.5384615384615384,1.9940857527753038,0.5029585798816568,0.0,65,54.1335871527274,154.23599581177456,73.02265785605194,21.192269874479976,0.496014977128335,1.83875516387106,0.0,1.0,1.0,1.0,0.6065833446556862,1.7892323760700561,0.0,0.0,1.0,1.0,1000,0,0,0,0,0,68,0,0,0,0,65,68,68,core
2wtv_2wtv_conf0,generation,qwen_1p7b_bigdata_step74000,chembl_count,1p7b_bigdata_step74000,qwen_1p7b_bigdata_step74000_chembl_count,Qwen 1.7B bigdata (step 74000),qwen_1p7b_bigdata_step74000_chembl_count,4,34,107,0.7,107,107,0,1.0,110,107,3,0.9727272727272728,"{""all_atoms_connected"":0,""bond_angles"":2,""bond_lengths"":2,""bonds"":0,""double_bond_stereochemistry"":0,""energy_ratio"":0,""file_loads"":0,""inchi_convertible"":0,""internal_steric_clash"":0,""molecular_formula"":0,""no_radicals"":0,""planar_aromatic_rings"":0,""planar_double_bonds"":0,""reference_file_loads"":0,""sanitisation"":0,""tetrahedral_chirality"":0}","{""all_atoms_connected"":0.0,""bond_angles"":0.01818181818181818,""bond_lengths"":0.01818181818181818,""bonds"":0.0,""double_bond_stereochemistry"":0.0,""energy_ratio"":0.0,""file_loads"":0.0,""inchi_convertible"":0.0,""internal_steric_clash"":0.0,""molecular_formula"":0.0,""no_radicals"":0.0,""planar_aromatic_rings"":0.0,""planar_double_bonds"":0.0,""reference_file_loads"":0.0,""sanitisation"":0.0,""tetrahedral_chirality"":0.0}",107,107.97139030173645,1.9625210286849553,3.1272350377545335,56.0,52.33644859813084,0.9278066474665599,0.07476635514018691,41.87747349988968,0.03205520132762686,0.6607142857142857,12.0,11.214953271028037,0.7988808056020901,0.2523364485981308,7.280097290715942,0.16813695519259322,0.25,5.0,4.672897196261682,0.5848863463433317,0.4766355140186916,2.563409633163622,0.4392523364485982,0.4,2.0,1.8691588785046729,0.9948905370642835,0.5420560747663551,1.9929293085496698,0.5035374268495065,0.0,107,53.514886888784424,168.11101589525938,69.97060970076011,22.442198062669096,0.3566569511993891,2.020895752530922,0.0,1.0,1.0,1.0,0.2826909106825705,1.9829647796050822,0.0,1.0,1.0,1.0,1000,0,0,0,0,0,110,0,0,0,0,107,110,110,core
2xdl_2xdl_conf0,generation,qwen_1p7b_bigdata_step74000,fixed,1p7b_bigdata_step74000,qwen_1p7b_bigdata_step74000_fixed,Qwen 1.7B bigdata (step 74000),qwen_1p7b_bigdata_step74000_fixed,5,16,990,0.7,990,990,0,1.0,998,990,8,0.9919839679358716,"{""all_atoms_connected"":0,""bond_angles"":5,""bond_lengths"":2,""bonds"":0,""double_bond_stereochemistry"":0,""energy_ratio"":4,""file_loads"":0,""inchi_convertible"":0,""internal_steric_clash"":4,""molecular_formula"":0,""no_radicals"":0,""planar_aromatic_rings"":1,""planar_double_bonds"":0,""reference_file_loads"":0,""sanitisation"":0,""tetrahedral_chirality"":0}","{""all_atoms_connected"":0.0,""bond_angles"":0.00501002004008016,""bond_lengths"":0.002004008016032064,""bonds"":0.0,""double_bond_stereochemistry"":0.0,""energy_ratio"":0.004008016032064128,""file_loads"":0.0,""inchi_convertible"":0.0,""internal_steric_clash"":0.004008016032064128,""molecular_formula"":0.0,""no_radicals"":0.0,""planar_aromatic_rings"":0.001002004008016032,""planar_double_bonds"":0.0,""reference_file_loads"":0.0,""sanitisation"":0.0,""tetrahedral_chirality"":0.0}",990,93.90176955535901,1.2661068301786933,1.7685583421864723,123.0,12.424242424242424,0.8924643182012967,0.046464646464646465,73.31042553212806,0.018922558922558924,0.24390243902439024,10.0,1.0101010101010102,0.9272860242537709,0.21616161616161617,8.458357250950696,0.13094174063871034,0.0,2.0,0.20202020202020202,0.7957115390792205,0.7595959595959596,1.7359333277935685,0.6347801244770941,0.0,1.0,0.10101010101010101,0.0,1.0,1.0,1.0,0.0,990,24.533992646890265,183.396954903948,36.86867884278858,14.193134606902682,0.27027349554071456,1.3274356180085491,0.0,1.0,1.0,1.0,0.31259918044681806,1.3258705436090574,0.0,1.0,1.0,1.0,998,0,0,0,0,0,998,0,0,0,0,990,1000,1000,core
2xdl_2xdl_conf0,generation,qwen_1p7b_bigdata_step74000,dynamic,1p7b_bigdata_step74000,qwen_1p7b_bigdata_step74000_dynamic,Qwen 1.7B bigdata (step 74000),qwen_1p7b_bigdata_step74000_dynamic,5,16,90,0.7,90,90,0,1.0,90,90,0,1.0,"{""all_atoms_connected"":0,""bond_angles"":0,""bond_lengths"":0,""bonds"":0,""double_bond_stereochemistry"":0,""energy_ratio"":0,""file_loads"":0,""inchi_convertible"":0,""internal_steric_clash"":0,""molecular_formula"":0,""no_radicals"":0,""planar_aromatic_rings"":0,""planar_double_bonds"":0,""reference_file_loads"":0,""sanitisation"":0,""tetrahedral_chirality"":0}","{""all_atoms_connected"":0.0,""bond_angles"":0.0,""bond_lengths"":0.0,""bonds"":0.0,""double_bond_stereochemistry"":0.0,""energy_ratio"":0.0,""file_loads"":0.0,""inchi_convertible"":0.0,""internal_steric_clash"":0.0,""molecular_formula"":0.0,""no_radicals"":0.0,""planar_aromatic_rings"":0.0,""planar_double_bonds"":0.0,""reference_file_loads"":0.0,""sanitisation"":0.0,""tetrahedral_chirality"":0.0}",90,93.43901660675354,1.2500164933703282,1.7444031770828674,43.0,47.77777777777778,0.9593629706365272,0.05555555555555555,36.90533483793458,0.0308641975308642,0.4186046511627907,6.0,6.666666666666667,0.9181925329915192,0.28888888888888886,5.181943430602248,0.21358024691358024,0.0,2.0,2.2222222222222223,0.9290083681703216,0.6555555555555556,1.9039668606822715,0.548395061728395,0.0,1.0,1.1111111111111112,0.0,1.0,1.0,1.0,0.0,90,26.857555291687923,98.1873781371025,36.45723260837249,10.45033423224907,0.277796487514055,1.301350831020101,0.0,1.0,1.0,1.0,0.3363822522721925,1.317963412715683,0.0,1.0,1.0,1.0,998,0,0,0,0,0,90,0,0,0,0,90,90,90,core
2xdl_2xdl_conf0,generation,qwen_1p7b_bigdata_step74000,chembl_count,1p7b_bigdata_step74000,qwen_1p7b_bigdata_step74000_chembl_count,Qwen 1.7B bigdata (step 74000),qwen_1p7b_bigdata_step74000_chembl_count,5,16,58,0.7,58,58,0,1.0,58,58,0,1.0,"{""all_atoms_connected"":0,""bond_angles"":0,""bond_lengths"":0,""bonds"":0,""double_bond_stereochemistry"":0,""energy_ratio"":0,""file_loads"":0,""inchi_convertible"":0,""internal_steric_clash"":0,""molecular_formula"":0,""no_radicals"":0,""planar_aromatic_rings"":0,""planar_double_bonds"":0,""reference_file_loads"":0,""sanitisation"":0,""tetrahedral_chirality"":0}","{""all_atoms_connected"":0.0,""bond_angles"":0.0,""bond_lengths"":0.0,""bonds"":0.0,""double_bond_stereochemistry"":0.0,""energy_ratio"":0.0,""file_loads"":0.0,""inchi_convertible"":0.0,""internal_steric_clash"":0.0,""molecular_formula"":0.0,""no_radicals"":0.0,""planar_aromatic_rings"":0.0,""planar_double_bonds"":0.0,""reference_file_loads"":0.0,""sanitisation"":0.0,""tetrahedral_chirality"":0.0}",58,89.40794869325694,1.2560852150150366,1.760535508600992,35.0,60.3448275862069,0.9629586941456815,0.06896551724137931,30.681299326315965,0.03686087990487516,0.6,6.0,10.344827586206897,0.8990626435749546,0.3275862068965517,5.007335839298603,0.23067776456599284,0.0,1.0,1.7241379310344827,0.0,1.0,1.0,1.0,0.0,1.0,1.7241379310344827,0.0,1.0,1.0,1.0,0.0,58,25.851465342707442,183.396954903948,36.60422198645253,29.11736583845029,0.3510141893133103,1.3191035928896953,0.0,1.0,1.0,1.0,0.4111120379835033,1.301752375550126,0.0,1.0,1.0,1.0,998,0,0,0,0,0,58,0,0,0,0,58,58,58,core
2xnb_2xnb_conf0,generation,qwen_1p7b_bigdata_step74000,fixed,1p7b_bigdata_step74000,qwen_1p7b_bigdata_step74000_fixed,Qwen 1.7B bigdata (step 74000),qwen_1p7b_bigdata_step74000_fixed,4,27,992,0.7,992,992,0,1.0,1000,992,8,0.992,"{""all_atoms_connected"":0,""bond_angles"":5,""bond_lengths"":5,""bonds"":0,""double_bond_stereochemistry"":0,""energy_ratio"":3,""file_loads"":0,""inchi_convertible"":0,""internal_steric_clash"":4,""molecular_formula"":0,""no_radicals"":0,""planar_aromatic_rings"":2,""planar_double_bonds"":0,""reference_file_loads"":0,""sanitisation"":0,""tetrahedral_chirality"":0}","{""all_atoms_connected"":0.0,""bond_angles"":0.005,""bond_lengths"":0.005,""bonds"":0.0,""double_bond_stereochemistry"":0.0,""energy_ratio"":0.003,""file_loads"":0.0,""inchi_convertible"":0.0,""internal_steric_clash"":0.004,""molecular_formula"":0.0,""no_radicals"":0.0,""planar_aromatic_rings"":0.002,""planar_double_bonds"":0.0,""reference_file_loads"":0.0,""sanitisation"":0.0,""tetrahedral_chirality"":0.0}",992,134.88383241126127,0.9440990874702092,1.4854039567254784,168.0,16.93548387096774,0.8628242593415821,0.05241935483870968,83.1861132148941,0.019057703563995835,0.375,16.0,1.6129032258064515,0.7363388816328538,0.24798387096774194,7.702653492891815,0.15520128772112385,0.1875,2.0,0.20161290322580644,0.020958540409756084,0.9979838709677419,1.0146333880354004,0.9959758714880331,0.0,1.0,0.10080645161290322,0.0,1.0,1.0,1.0,0.0,992,62.14491282157282,295.1005836464302,78.94250065014762,17.08770164923972,0.2261454033252557,0.7274607012173442,1.0,1.0,1.0,1.0,0.2913860314342747,0.7627230566947136,0.0,1.0,1.0,1.0,1000,0,0,0,0,0,1000,0,0,0,0,992,1000,1000,core
2xnb_2xnb_conf0,generation,qwen_1p7b_bigdata_step74000,dynamic,1p7b_bigdata_step74000,qwen_1p7b_bigdata_step74000_dynamic,Qwen 1.7B bigdata (step 74000),qwen_1p7b_bigdata_step74000_dynamic,4,27,67,0.7,67,67,0,1.0,68,67,1,0.9852941176470588,"{""all_atoms_connected"":0,""bond_angles"":1,""bond_lengths"":0,""bonds"":0,""double_bond_stereochemistry"":0,""energy_ratio"":0,""file_loads"":0,""inchi_convertible"":0,""internal_steric_clash"":1,""molecular_formula"":0,""no_radicals"":0,""planar_aromatic_rings"":0,""planar_double_bonds"":0,""reference_file_loads"":0,""sanitisation"":0,""tetrahedral_chirality"":0}","{""all_atoms_connected"":0.0,""bond_angles"":0.014705882352941176,""bond_lengths"":0.0,""bonds"":0.0,""double_bond_stereochemistry"":0.0,""energy_ratio"":0.0,""file_loads"":0.0,""inchi_convertible"":0.0,""internal_steric_clash"":0.014705882352941176,""molecular_formula"":0.0,""no_radicals"":0.0,""planar_aromatic_rings"":0.0,""planar_double_bonds"":0.0,""reference_file_loads"":0.0,""sanitisation"":0.0,""tetrahedral_chirality"":0.0}",67,133.66902771035296,0.9868280834801899,1.498485273212377,38.0,56.71641791044776,0.9424969018781519,0.1044776119402985,30.827701522936742,0.04076631766540433,0.631578947368421,7.0,10.447761194029852,0.8859984323324428,0.26865671641791045,5.607322548482848,0.20427712185341945,0.0,1.0,1.492537313432836,0.0,1.0,1.0,1.0,0.0,1.0,1.492537313432836,0.0,1.0,1.0,1.0,0.0,67,66.80891071589068,141.54254329200828,78.53201477563866,13.105972172122943,0.3111427045864331,0.7337138524608724,0.0,1.0,1.0,1.0,0.3750185309294224,0.7822518880219693,0.0,1.0,1.0,1.0,1000,0,0,0,0,0,68,0,0,0,0,67,68,68,core
2xnb_2xnb_conf0,generation,qwen_1p7b_bigdata_step74000,chembl_count,1p7b_bigdata_step74000,qwen_1p7b_bigdata_step74000_chembl_count,Qwen 1.7B bigdata (step 74000),qwen_1p7b_bigdata_step74000_chembl_count,4,27,79,0.7,79,79,0,1.0,79,79,0,1.0,"{""all_atoms_connected"":0,""bond_angles"":0,""bond_lengths"":0,""bonds"":0,""double_bond_stereochemistry"":0,""energy_ratio"":0,""file_loads"":0,""inchi_convertible"":0,""internal_steric_clash"":0,""molecular_formula"":0,""no_radicals"":0,""planar_aromatic_rings"":0,""planar_double_bonds"":0,""reference_file_loads"":0,""sanitisation"":0,""tetrahedral_chirality"":0}","{""all_atoms_connected"":0.0,""bond_angles"":0.0,""bond_lengths"":0.0,""bonds"":0.0,""double_bond_stereochemistry"":0.0,""energy_ratio"":0.0,""file_loads"":0.0,""inchi_convertible"":0.0,""internal_steric_clash"":0.0,""molecular_formula"":0.0,""no_radicals"":0.0,""planar_aromatic_rings"":0.0,""planar_double_bonds"":0.0,""reference_file_loads"":0.0,""sanitisation"":0.0,""tetrahedral_chirality"":0.0}",79,134.1045343292164,0.9830387528148745,1.5477912414089803,42.0,53.164556962025316,0.9442037063014225,0.10126582278481013,34.094003095211875,0.03669283768626823,0.5714285714285714,7.0,8.860759493670885,0.6829324297929045,0.4430379746835443,3.7769815022735274,0.33408107675052073,0.2857142857142857,1.0,1.2658227848101267,0.0,1.0,1.0,1.0,0.0,1.0,1.2658227848101267,0.0,1.0,1.0,1.0,0.0,79,65.79050738157676,167.01364708739484,78.95187178816423,14.448398517706124,0.29615642652141877,0.7209450960217398,0.0,1.0,1.0,1.0,0.3256404581272176,0.7805902640951295,0.0,1.0,1.0,1.0,1000,0,0,0,0,0,79,0,0,0,0,79,79,79,core
2yfe_2yfe_conf0,generation,qwen_1p7b_bigdata_step74000,fixed,1p7b_bigdata_step74000,qwen_1p7b_bigdata_step74000_fixed,Qwen 1.7B bigdata (step 74000),qwen_1p7b_bigdata_step74000_fixed,8,25,798,0.7,798,790,8,0.9899749373433584,1000,798,202,0.798,"{""all_atoms_connected"":0,""bond_angles"":99,""bond_lengths"":40,""bonds"":0,""double_bond_stereochemistry"":0,""energy_ratio"":67,""file_loads"":0,""inchi_convertible"":0,""internal_steric_clash"":130,""molecular_formula"":0,""no_radicals"":0,""planar_aromatic_rings"":2,""planar_double_bonds"":0,""reference_file_loads"":0,""sanitisation"":0,""tetrahedral_chirality"":0}","{""all_atoms_connected"":0.0,""bond_angles"":0.099,""bond_lengths"":0.04,""bonds"":0.0,""double_bond_stereochemistry"":0.0,""energy_ratio"":0.067,""file_loads"":0.0,""inchi_convertible"":0.0,""internal_steric_clash"":0.13,""molecular_formula"":0.0,""no_radicals"":0.0,""planar_aromatic_rings"":0.002,""planar_double_bonds"":0.0,""reference_file_loads"":0.0,""sanitisation"":0.0,""tetrahedral_chirality"":0.0}",798,94.32312760092223,1.966755983632571,2.7975522336847347,659.0,82.58145363408521,0.9873407905300452,0.007518796992481203,607.0165801936027,0.0018655661710667644,0.8467374810318664,79.0,9.899749373433584,0.902937575635938,0.047619047619047616,51.693841307586055,0.02456014723525606,0.13924050632911392,5.0,0.6265664160401002,0.9358365809914394,0.33208020050125314,4.509430512146876,0.2390845534889856,0.0,1.0,0.12531328320802004,0.0,1.0,1.0,1.0,0.0,798,70.63831472709381,238604.093194969,97.60829810191535,8437.76091786541,0.6414284774110833,1.879267648198325,0.0,0.0,1.0,1.0,0.6908876038925684,1.879429656791015,0.0,0.0,1.0,1.0,1000,0,0,0,0,0,1000,0,0,0,0,798,1000,1000,core
2yfe_2yfe_conf0,generation,qwen_1p7b_bigdata_step74000,dynamic,1p7b_bigdata_step74000,qwen_1p7b_bigdata_step74000_dynamic,Qwen 1.7B bigdata (step 74000),qwen_1p7b_bigdata_step74000_dynamic,8,25,119,0.7,119,118,1,0.9915966386554622,156,119,37,0.7628205128205128,"{""all_atoms_connected"":0,""bond_angles"":18,""bond_lengths"":4,""bonds"":0,""double_bond_stereochemistry"":0,""energy_ratio"":14,""file_loads"":0,""inchi_convertible"":0,""internal_steric_clash"":25,""molecular_formula"":0,""no_radicals"":0,""planar_aromatic_rings"":0,""planar_double_bonds"":0,""reference_file_loads"":0,""sanitisation"":0,""tetrahedral_chirality"":0}","{""all_atoms_connected"":0.0,""bond_angles"":0.11538461538461539,""bond_lengths"":0.02564102564102564,""bonds"":0.0,""double_bond_stereochemistry"":0.0,""energy_ratio"":0.08974358974358974,""file_loads"":0.0,""inchi_convertible"":0.0,""internal_steric_clash"":0.16025641025641027,""molecular_formula"":0.0,""no_radicals"":0.0,""planar_aromatic_rings"":0.0,""planar_double_bonds"":0.0,""reference_file_loads"":0.0,""sanitisation"":0.0,""tetrahedral_chirality"":0.0}",119,93.14324371494818,1.989738066042916,2.8159228678944097,115.0,96.63865546218487,0.9973852597462667,0.01680672268907563,113.58203638007049,0.008968293199632797,0.9652173913043478,39.0,32.773109243697476,0.9172324645732131,0.10084033613445378,28.79891399129706,0.04427653414306901,0.38461538461538464,5.0,4.201680672268908,0.8657200154163027,0.35294117647058826,4.028212037517805,0.27293270249276186,0.0,2.0,1.680672268907563,0.9290950300256176,0.6554621848739496,1.9040812343036937,0.5483369818515642,0.0,119,75.82894613089294,287.1174750357853,94.26944548449218,31.49295264553363,0.7134148518535064,1.958475361628727,0.0,0.0,1.0,1.0,0.7346797213355409,1.9494102083251177,0.0,0.0,1.0,1.0,1000,0,0,0,0,0,156,0,0,0,0,119,156,156,core
2yfe_2yfe_conf0,generation,qwen_1p7b_bigdata_step74000,chembl_count,1p7b_bigdata_step74000,qwen_1p7b_bigdata_step74000_chembl_count,Qwen 1.7B bigdata (step 74000),qwen_1p7b_bigdata_step74000_chembl_count,8,25,126,0.7,126,126,0,1.0,155,126,29,0.8129032258064516,"{""all_atoms_connected"":0,""bond_angles"":15,""bond_lengths"":9,""bonds"":0,""double_bond_stereochemistry"":0,""energy_ratio"":10,""file_loads"":0,""inchi_convertible"":0,""internal_steric_clash"":16,""molecular_formula"":0,""no_radicals"":0,""planar_aromatic_rings"":0,""planar_double_bonds"":0,""reference_file_loads"":0,""sanitisation"":0,""tetrahedral_chirality"":0}","{""all_atoms_connected"":0.0,""bond_angles"":0.0967741935483871,""bond_lengths"":0.05806451612903226,""bonds"":0.0,""double_bond_stereochemistry"":0.0,""energy_ratio"":0.06451612903225806,""file_loads"":0.0,""inchi_convertible"":0.0,""internal_steric_clash"":0.1032258064516129,""molecular_formula"":0.0,""no_radicals"":0.0,""planar_aromatic_rings"":0.0,""planar_double_bonds"":0.0,""reference_file_loads"":0.0,""sanitisation"":0.0,""tetrahedral_chirality"":0.0}",126,93.65454945654984,1.9423591677998582,2.743689469146378,117.0,92.85714285714286,0.9947685544497836,0.015873015873015872,114.1211816972525,0.009070294784580496,0.9230769230769231,43.0,34.12698412698413,0.931218583809539,0.07936507936507936,33.19832574091873,0.03728898966994204,0.3023255813953488,4.0,3.1746031746031744,0.8191943119125987,0.48412698412698413,3.1131792012871937,0.3619299571680524,0.0,1.0,0.7936507936507936,0.0,1.0,1.0,1.0,0.0,126,76.22387647126999,362.971047451236,98.25249562775274,32.76267385566331,0.7386544832401163,1.8807956384674545,0.0,0.0,1.0,1.0,0.7744232584839863,1.8677474394221818,0.0,0.0,0.0,1.0,1000,0,0,0,0,0,155,0,0,0,0,126,155,155,core
2ymd_2ymd_conf0,generation,qwen_1p7b_bigdata_step74000,fixed,1p7b_bigdata_step74000,qwen_1p7b_bigdata_step74000_fixed,Qwen 1.7B bigdata (step 74000),qwen_1p7b_bigdata_step74000_fixed,4,13,996,0.7,996,996,0,1.0,1000,996,4,0.996,"{""all_atoms_connected"":0,""bond_angles"":3,""bond_lengths"":4,""bonds"":0,""double_bond_stereochemistry"":0,""energy_ratio"":1,""file_loads"":0,""inchi_convertible"":0,""internal_steric_clash"":1,""molecular_formula"":0,""no_radicals"":0,""planar_aromatic_rings"":0,""planar_double_bonds"":0,""reference_file_loads"":0,""sanitisation"":0,""tetrahedral_chirality"":0}","{""all_atoms_connected"":0.0,""bond_angles"":0.003,""bond_lengths"":0.004,""bonds"":0.0,""double_bond_stereochemistry"":0.0,""energy_ratio"":0.001,""file_loads"":0.0,""inchi_convertible"":0.0,""internal_steric_clash"":0.001,""molecular_formula"":0.0,""no_radicals"":0.0,""planar_aromatic_rings"":0.0,""planar_double_bonds"":0.0,""reference_file_loads"":0.0,""sanitisation"":0.0,""tetrahedral_chirality"":0.0}",996,104.01238872517453,0.6994723883444768,1.074622481302119,15.0,1.5060240963855422,0.7826243240957415,0.17369477911646586,8.326023391781408,0.1377336655860389,0.06666666666666667,2.0,0.20080321285140562,0.9943615770039508,0.5441767068273092,1.9921987405883381,0.503903162852212,0.0,1.0,0.10040160642570281,0.0,1.0,1.0,1.0,0.0,1.0,0.10040160642570281,0.0,1.0,1.0,1.0,0.0,996,13.9054094701161,145.12522893527492,22.582422674459245,8.32254717344601,0.07574678124777891,0.8237996047827233,1.0,1.0,1.0,1.0,0.1022606139451142,0.8444546560233777,1.0,1.0,1.0,1.0,1000,0,0,0,0,0,1000,0,0,0,0,996,1000,1000,core
2ymd_2ymd_conf0,generation,qwen_1p7b_bigdata_step74000,dynamic,1p7b_bigdata_step74000,qwen_1p7b_bigdata_step74000_dynamic,Qwen 1.7B bigdata (step 74000),qwen_1p7b_bigdata_step74000_dynamic,4,13,68,0.7,68,68,0,1.0,68,68,0,1.0,"{""all_atoms_connected"":0,""bond_angles"":0,""bond_lengths"":0,""bonds"":0,""double_bond_stereochemistry"":0,""energy_ratio"":0,""file_loads"":0,""inchi_convertible"":0,""internal_steric_clash"":0,""molecular_formula"":0,""no_radicals"":0,""planar_aromatic_rings"":0,""planar_double_bonds"":0,""reference_file_loads"":0,""sanitisation"":0,""tetrahedral_chirality"":0}","{""all_atoms_connected"":0.0,""bond_angles"":0.0,""bond_lengths"":0.0,""bonds"":0.0,""double_bond_stereochemistry"":0.0,""energy_ratio"":0.0,""file_loads"":0.0,""inchi_convertible"":0.0,""internal_steric_clash"":0.0,""molecular_formula"":0.0,""no_radicals"":0.0,""planar_aromatic_rings"":0.0,""planar_double_bonds"":0.0,""reference_file_loads"":0.0,""sanitisation"":0.0,""tetrahedral_chirality"":0.0}",68,105.58195448618932,0.6954545465533551,1.0484124911042783,7.0,10.294117647058824,0.9533120437193575,0.23529411764705882,6.392079086315837,0.16868512110726644,0.0,2.0,2.9411764705882355,0.9975025463691153,0.5294117647058824,1.996540789103284,0.5017301038062284,0.0,1.0,1.4705882352941178,0.0,1.0,1.0,1.0,0.0,1.0,1.4705882352941178,0.0,1.0,1.0,1.0,0.0,68,16.29097918327873,145.12522893527492,22.04934348020165,15.461682307932715,0.145577415133512,0.6437476118848808,1.0,1.0,1.0,1.0,0.16990633303676322,0.6613380892794872,1.0,1.0,1.0,1.0,1000,0,0,0,0,0,68,0,0,0,0,68,68,68,core
2ymd_2ymd_conf0,generation,qwen_1p7b_bigdata_step74000,chembl_count,1p7b_bigdata_step74000,qwen_1p7b_bigdata_step74000_chembl_count,Qwen 1.7B bigdata (step 74000),qwen_1p7b_bigdata_step74000_chembl_count,4,13,30,0.7,30,30,0,1.0,30,30,0,1.0,"{""all_atoms_connected"":0,""bond_angles"":0,""bond_lengths"":0,""bonds"":0,""double_bond_stereochemistry"":0,""energy_ratio"":0,""file_loads"":0,""inchi_convertible"":0,""internal_steric_clash"":0,""molecular_formula"":0,""no_radicals"":0,""planar_aromatic_rings"":0,""planar_double_bonds"":0,""reference_file_loads"":0,""sanitisation"":0,""tetrahedral_chirality"":0}","{""all_atoms_connected"":0.0,""bond_angles"":0.0,""bond_lengths"":0.0,""bonds"":0.0,""double_bond_stereochemistry"":0.0,""energy_ratio"":0.0,""file_loads"":0.0,""inchi_convertible"":0.0,""internal_steric_clash"":0.0,""molecular_formula"":0.0,""no_radicals"":0.0,""planar_aromatic_rings"":0.0,""planar_double_bonds"":0.0,""reference_file_loads"":0.0,""sanitisation"":0.0,""tetrahedral_chirality"":0.0}",30,113.64356395898729,0.669550896255597,0.9788425770694378,6.0,20.0,0.9772004543185645,0.23333333333333334,5.759831192145993,0.18000000000000005,0.0,2.0,6.666666666666667,0.9871377743721862,0.5666666666666667,1.9822484180857005,0.5088888888888888,0.0,1.0,3.3333333333333335,0.0,1.0,1.0,1.0,0.0,1.0,3.3333333333333335,0.0,1.0,1.0,1.0,0.0,30,18.14505035366438,38.158967839904584,22.938056652908635,4.964600363732713,0.2802104979150427,0.5595535987547008,0.0,1.0,1.0,1.0,0.3146150097225629,0.6085769327177397,0.0,1.0,1.0,1.0,1000,0,0,0,0,0,30,0,0,0,0,30,30,30,core
2zb1_2zb1_conf0,generation,qwen_1p7b_bigdata_step74000,fixed,1p7b_bigdata_step74000,qwen_1p7b_bigdata_step74000_fixed,Qwen 1.7B bigdata (step 74000),qwen_1p7b_bigdata_step74000_fixed,5,26,961,0.7,961,959,2,0.9979188345473465,1000,961,39,0.961,"{""all_atoms_connected"":0,""bond_angles"":10,""bond_lengths"":14,""bonds"":0,""double_bond_stereochemistry"":0,""energy_ratio"":1,""file_loads"":0,""inchi_convertible"":0,""internal_steric_clash"":26,""molecular_formula"":0,""no_radicals"":0,""planar_aromatic_rings"":0,""planar_double_bonds"":0,""reference_file_loads"":0,""sanitisation"":0,""tetrahedral_chirality"":0}","{""all_atoms_connected"":0.0,""bond_angles"":0.01,""bond_lengths"":0.014,""bonds"":0.0,""double_bond_stereochemistry"":0.0,""energy_ratio"":0.001,""file_loads"":0.0,""inchi_convertible"":0.0,""internal_steric_clash"":0.026,""molecular_formula"":0.0,""no_radicals"":0.0,""planar_aromatic_rings"":0.0,""planar_double_bonds"":0.0,""reference_file_loads"":0.0,""sanitisation"":0.0,""tetrahedral_chirality"":0.0}",961,119.61567322952298,1.312795740523427,1.7474194126327292,244.0,25.39021852237253,0.9302235550673392,0.019771071800208116,166.26707305576534,0.00785147278729991,0.36885245901639346,19.0,1.9771071800208118,0.8707000380375424,0.15400624349635797,12.984068827680245,0.08774786929587958,0.10526315789473684,2.0,0.2081165452653486,0.12218956088044018,0.9833506763787722,1.0883854391460812,0.967255752711633,0.0,1.0,0.1040582726326743,0.0,1.0,1.0,1.0,0.0,961,45.07311827220822,258.71850247290377,61.70799614362943,16.614911311664702,0.3751007999658521,1.230090036634664,0.0,1.0,1.0,1.0,0.3661983979871437,1.2669424615644251,0.0,1.0,1.0,1.0,1000,0,0,0,0,0,1000,0,0,0,0,961,1000,1000,core
2zb1_2zb1_conf0,generation,qwen_1p7b_bigdata_step74000,dynamic,1p7b_bigdata_step74000,qwen_1p7b_bigdata_step74000_dynamic,Qwen 1.7B bigdata (step 74000),qwen_1p7b_bigdata_step74000_dynamic,5,26,83,0.7,83,83,0,1.0,90,83,7,0.9222222222222224,"{""all_atoms_connected"":0,""bond_angles"":1,""bond_lengths"":3,""bonds"":0,""double_bond_stereochemistry"":0,""energy_ratio"":0,""file_loads"":0,""inchi_convertible"":0,""internal_steric_clash"":5,""molecular_formula"":0,""no_radicals"":0,""planar_aromatic_rings"":0,""planar_double_bonds"":0,""reference_file_loads"":0,""sanitisation"":0,""tetrahedral_chirality"":0}","{""all_atoms_connected"":0.0,""bond_angles"":0.011111111111111112,""bond_lengths"":0.03333333333333333,""bonds"":0.0,""double_bond_stereochemistry"":0.0,""energy_ratio"":0.0,""file_loads"":0.0,""inchi_convertible"":0.0,""internal_steric_clash"":0.05555555555555555,""molecular_formula"":0.0,""no_radicals"":0.0,""planar_aromatic_rings"":0.0,""planar_double_bonds"":0.0,""reference_file_loads"":0.0,""sanitisation"":0.0,""tetrahedral_chirality"":0.0}",83,115.94658080082586,1.3171412850963389,1.7623246592268376,59.0,71.08433734939759,0.9735682743288767,0.04819277108433735,52.97187396439753,0.021338365510233707,0.711864406779661,12.0,14.457831325301205,0.8769737603886014,0.20481927710843373,8.839213736679003,0.13340107417622296,0.16666666666666666,1.0,1.2048192771084338,0.0,1.0,1.0,1.0,0.0,1.0,1.2048192771084338,0.0,1.0,1.0,1.0,0.0,83,48.687052856666554,153.55033469450598,61.80682426111563,17.092782075866047,0.4565592992684681,1.273177501653691,0.0,1.0,1.0,1.0,0.46332640212702936,1.3167382320963525,0.0,1.0,1.0,1.0,1000,0,0,0,0,0,90,0,0,0,0,83,90,90,core
2zb1_2zb1_conf0,generation,qwen_1p7b_bigdata_step74000,chembl_count,1p7b_bigdata_step74000,qwen_1p7b_bigdata_step74000_chembl_count,Qwen 1.7B bigdata (step 74000),qwen_1p7b_bigdata_step74000_chembl_count,5,26,189,0.7,189,189,0,1.0,200,189,11,0.945,"{""all_atoms_connected"":0,""bond_angles"":3,""bond_lengths"":2,""bonds"":0,""double_bond_stereochemistry"":0,""energy_ratio"":0,""file_loads"":0,""inchi_convertible"":0,""internal_steric_clash"":9,""molecular_formula"":0,""no_radicals"":0,""planar_aromatic_rings"":0,""planar_double_bonds"":0,""reference_file_loads"":0,""sanitisation"":0,""tetrahedral_chirality"":0}","{""all_atoms_connected"":0.0,""bond_angles"":0.015,""bond_lengths"":0.01,""bonds"":0.0,""double_bond_stereochemistry"":0.0,""energy_ratio"":0.0,""file_loads"":0.0,""inchi_convertible"":0.0,""internal_steric_clash"":0.045,""molecular_formula"":0.0,""no_radicals"":0.0,""planar_aromatic_rings"":0.0,""planar_double_bonds"":0.0,""reference_file_loads"":0.0,""sanitisation"":0.0,""tetrahedral_chirality"":0.0}",189,118.83321922222093,1.302561878167907,1.7598890515707497,105.0,55.55555555555556,0.9608427994364899,0.031746031746031744,87.50748139028578,0.013745415861817977,0.5714285714285714,14.0,7.407407407407407,0.8851340536686229,0.20634920634920634,10.338962360129353,0.11631813219114805,0.0,1.0,0.5291005291005291,0.0,1.0,1.0,1.0,0.0,1.0,0.5291005291005291,0.0,1.0,1.0,1.0,0.0,189,45.25312446450241,166.7821927993112,62.00650914485453,15.809185868423532,0.4401391072571138,1.2399639501494173,0.0,1.0,1.0,1.0,0.5075294071709749,1.2675589799103308,0.0,0.0,1.0,1.0,1000,0,0,0,0,0,200,0,0,0,0,189,200,200,core
2zcq_2zcq_conf0,generation,qwen_1p7b_bigdata_step74000,fixed,1p7b_bigdata_step74000,qwen_1p7b_bigdata_step74000_fixed,Qwen 1.7B bigdata (step 74000),qwen_1p7b_bigdata_step74000_fixed,8,25,552,0.7,552,549,3,0.9945652173913043,992,552,440,0.5564516129032258,"{""all_atoms_connected"":0,""bond_angles"":146,""bond_lengths"":27,""bonds"":0,""double_bond_stereochemistry"":0,""energy_ratio"":64,""file_loads"":0,""inchi_convertible"":0,""internal_steric_clash"":121,""molecular_formula"":0,""no_radicals"":0,""planar_aromatic_rings"":0,""planar_double_bonds"":0,""reference_file_loads"":0,""sanitisation"":0,""tetrahedral_chirality"":305}","{""all_atoms_connected"":0.0,""bond_angles"":0.14717741935483872,""bond_lengths"":0.02721774193548387,""bonds"":0.0,""double_bond_stereochemistry"":0.0,""energy_ratio"":0.06451612903225806,""file_loads"":0.0,""inchi_convertible"":0.0,""internal_steric_clash"":0.1219758064516129,""molecular_formula"":0.0,""no_radicals"":0.0,""planar_aromatic_rings"":0.0,""planar_double_bonds"":0.0,""reference_file_loads"":0.0,""sanitisation"":0.0,""tetrahedral_chirality"":0.3074596774193548}",552,110.14135685141565,2.182992368828932,2.9526788433347253,512.0,92.7536231884058,0.9956513134334181,0.005434782608695652,498.2969111760673,0.002087271581600504,0.92578125,163.0,29.528985507246375,0.9543764778091045,0.025362318840579712,129.19919691298023,0.009346775887418609,0.25153374233128833,6.0,1.0869565217391304,0.955543258977148,0.26268115942028986,5.540604900028048,0.19278381642512077,0.0,2.0,0.36231884057971014,1.0,0.5,2.0,0.5,0.0,552,224.9486193187506,13084.224807628098,255.5109174110532,549.5363064893604,0.7256491039749853,2.0767936056684073,0.0,0.0,1.0,1.0,0.7125793664323554,2.013983463034827,0.0,0.0,1.0,1.0,992,0,0,0,0,0,992,0,0,0,0,552,1000,1000,core
2zcq_2zcq_conf0,generation,qwen_1p7b_bigdata_step74000,dynamic,1p7b_bigdata_step74000,qwen_1p7b_bigdata_step74000_dynamic,Qwen 1.7B bigdata (step 74000),qwen_1p7b_bigdata_step74000_dynamic,8,25,80,0.7,80,78,2,0.975,156,80,76,0.5128205128205128,"{""all_atoms_connected"":0,""bond_angles"":25,""bond_lengths"":5,""bonds"":0,""double_bond_stereochemistry"":0,""energy_ratio"":13,""file_loads"":0,""inchi_convertible"":0,""internal_steric_clash"":21,""molecular_formula"":0,""no_radicals"":0,""planar_aromatic_rings"":0,""planar_double_bonds"":0,""reference_file_loads"":0,""sanitisation"":0,""tetrahedral_chirality"":52}","{""all_atoms_connected"":0.0,""bond_angles"":0.16025641025641027,""bond_lengths"":0.03205128205128205,""bonds"":0.0,""double_bond_stereochemistry"":0.0,""energy_ratio"":0.08333333333333333,""file_loads"":0.0,""inchi_convertible"":0.0,""internal_steric_clash"":0.1346153846153846,""molecular_formula"":0.0,""no_radicals"":0.0,""planar_aromatic_rings"":0.0,""planar_double_bonds"":0.0,""reference_file_loads"":0.0,""sanitisation"":0.0,""tetrahedral_chirality"":0.3333333333333333}",80,111.76642002430002,2.1621899624265737,2.910269303563684,80.0,100.0,1.0,0.0125,79.99999999999997,0.012500000000000004,1.0,51.0,63.75,0.9668146144120281,0.05,44.761414420173665,0.025625000000000005,0.6274509803921569,8.0,10.0,0.9010716697768902,0.2625,6.512515988763263,0.171875,0.125,2.0,2.5,0.9886994082884974,0.5625,1.9843952490181156,0.5078125,0.0,80,229.00261561241058,13084.224807628098,251.51282745435185,1428.7682039917945,1.114290495200602,1.9599128138062296,0.0,0.0,0.0,1.0,1.0798255826303036,1.9662330481745833,0.0,0.0,0.0,1.0,992,0,0,0,0,0,156,0,0,0,0,80,156,156,core
2zcq_2zcq_conf0,generation,qwen_1p7b_bigdata_step74000,chembl_count,1p7b_bigdata_step74000,qwen_1p7b_bigdata_step74000_chembl_count,Qwen 1.7B bigdata (step 74000),qwen_1p7b_bigdata_step74000_chembl_count,8,25,30,0.7,30,30,0,1.0,67,30,37,0.4477611940298507,"{""all_atoms_connected"":0,""bond_angles"":11,""bond_lengths"":2,""bonds"":0,""double_bond_stereochemistry"":0,""energy_ratio"":5,""file_loads"":0,""inchi_convertible"":0,""internal_steric_clash"":5,""molecular_formula"":0,""no_radicals"":0,""planar_aromatic_rings"":0,""planar_double_bonds"":0,""reference_file_loads"":0,""sanitisation"":0,""tetrahedral_chirality"":27}","{""all_atoms_connected"":0.0,""bond_angles"":0.16417910447761194,""bond_lengths"":0.029850746268656716,""bonds"":0.0,""double_bond_stereochemistry"":0.0,""energy_ratio"":0.07462686567164178,""file_loads"":0.0,""inchi_convertible"":0.0,""internal_steric_clash"":0.07462686567164178,""molecular_formula"":0.0,""no_radicals"":0.0,""planar_aromatic_rings"":0.0,""planar_double_bonds"":0.0,""reference_file_loads"":0.0,""sanitisation"":0.0,""tetrahedral_chirality"":0.40298507462686567}",30,104.70003257034483,2.1188140750929576,2.762757978234332,30.0,100.0,0.9999999999999999,0.03333333333333333,29.99999999999999,0.03333333333333333,1.0,25.0,83.33333333333333,0.9794434107480506,0.1,23.399314257129095,0.04666666666666667,0.84,4.0,13.333333333333334,0.9369545515616295,0.36666666666666664,3.6652436430665274,0.28888888888888886,0.0,1.0,3.3333333333333335,0.0,1.0,1.0,1.0,0.0,30,227.96358738182062,385.71857333937794,251.6748622028307,28.57884994974039,0.7625434621540067,1.9785708537392237,0.0,0.0,0.0,1.0,0.8162351306908476,2.0562219467159943,0.0,0.0,0.0,1.0,992,0,0,0,0,0,67,0,0,0,0,30,67,67,core
2zcr_2zcr_conf0,generation,qwen_1p7b_bigdata_step74000,fixed,1p7b_bigdata_step74000,qwen_1p7b_bigdata_step74000_fixed,Qwen 1.7B bigdata (step 74000),qwen_1p7b_bigdata_step74000_fixed,10,28,855,0.7,855,852,3,0.9964912280701754,1000,855,145,0.855,"{""all_atoms_connected"":0,""bond_angles"":27,""bond_lengths"":10,""bonds"":0,""double_bond_stereochemistry"":0,""energy_ratio"":27,""file_loads"":0,""inchi_convertible"":0,""internal_steric_clash"":70,""molecular_formula"":0,""no_radicals"":0,""planar_aromatic_rings"":0,""planar_double_bonds"":0,""reference_file_loads"":0,""sanitisation"":0,""tetrahedral_chirality"":85}","{""all_atoms_connected"":0.0,""bond_angles"":0.027,""bond_lengths"":0.01,""bonds"":0.0,""double_bond_stereochemistry"":0.0,""energy_ratio"":0.027,""file_loads"":0.0,""inchi_convertible"":0.0,""internal_steric_clash"":0.07,""molecular_formula"":0.0,""no_radicals"":0.0,""planar_aromatic_rings"":0.0,""planar_double_bonds"":0.0,""reference_file_loads"":0.0,""sanitisation"":0.0,""tetrahedral_chirality"":0.085}",855,121.14150544573235,1.744080397919069,2.265031980376477,704.0,82.3391812865497,0.9876525652481968,0.011695906432748537,649.2507224082082,0.001766013474231388,0.8352272727272727,117.0,13.68421052631579,0.9026565932224968,0.05146198830409357,73.59725290055425,0.018739441195581543,0.20512820512820512,4.0,0.4678362573099415,0.7957355224599477,0.44678362573099417,3.013564711955103,0.37671078280496567,0.0,1.0,0.11695906432748537,0.0,1.0,1.0,1.0,0.0,855,222.94407972499488,1103.555442979068,253.27250445832976,41.30730545662659,0.699599806970023,1.579850101190944,0.0,0.0,1.0,1.0,3.945780290267328,4.294300027488909,0.0,0.0,0.0,0.0,1000,0,0,0,0,0,1000,0,0,0,0,855,1000,1000,core
2zcr_2zcr_conf0,generation,qwen_1p7b_bigdata_step74000,dynamic,1p7b_bigdata_step74000,qwen_1p7b_bigdata_step74000_dynamic,Qwen 1.7B bigdata (step 74000),qwen_1p7b_bigdata_step74000_dynamic,10,28,165,0.7,165,165,0,1.0,200,165,35,0.825,"{""all_atoms_connected"":0,""bond_angles"":7,""bond_lengths"":4,""bonds"":0,""double_bond_stereochemistry"":0,""energy_ratio"":6,""file_loads"":0,""inchi_convertible"":0,""internal_steric_clash"":16,""molecular_formula"":0,""no_radicals"":0,""planar_aromatic_rings"":0,""planar_double_bonds"":0,""reference_file_loads"":0,""sanitisation"":0,""tetrahedral_chirality"":18}","{""all_atoms_connected"":0.0,""bond_angles"":0.035,""bond_lengths"":0.02,""bonds"":0.0,""double_bond_stereochemistry"":0.0,""energy_ratio"":0.03,""file_loads"":0.0,""inchi_convertible"":0.0,""internal_steric_clash"":0.08,""molecular_formula"":0.0,""no_radicals"":0.0,""planar_aromatic_rings"":0.0,""planar_double_bonds"":0.0,""reference_file_loads"":0.0,""sanitisation"":0.0,""tetrahedral_chirality"":0.09}",165,121.434339596557,1.7644965690106063,2.30028093749512,159.0,96.36363636363636,0.9973624610316133,0.012121212121212121,156.88840710626846,0.006501377410468322,0.9622641509433962,61.0,36.96969696969697,0.9475972486018531,0.04242424242424243,49.17831444595135,0.023985307621671257,0.36065573770491804,3.0,1.8181818181818181,0.9719300733058903,0.4303030303030303,2.908898020238259,0.35338842975206614,0.0,1.0,0.6060606060606061,0.0,1.0,1.0,1.0,0.0,165,223.1663937954741,481.9401678580795,251.37578146275803,31.68512803715957,0.699599806970023,1.6072953665712488,0.0,0.0,1.0,1.0,3.945780290267328,4.282014497254778,0.0,0.0,0.0,0.0,1000,0,0,0,0,0,200,0,0,0,0,165,200,200,core
2zcr_2zcr_conf0,generation,qwen_1p7b_bigdata_step74000,chembl_count,1p7b_bigdata_step74000,qwen_1p7b_bigdata_step74000_chembl_count,Qwen 1.7B bigdata (step 74000),qwen_1p7b_bigdata_step74000_chembl_count,10,28,52,0.7,52,52,0,1.0,60,52,8,0.8666666666666667,"{""all_atoms_connected"":0,""bond_angles"":2,""bond_lengths"":1,""bonds"":0,""double_bond_stereochemistry"":0,""energy_ratio"":3,""file_loads"":0,""inchi_convertible"":0,""internal_steric_clash"":5,""molecular_formula"":0,""no_radicals"":0,""planar_aromatic_rings"":0,""planar_double_bonds"":0,""reference_file_loads"":0,""sanitisation"":0,""tetrahedral_chirality"":5}","{""all_atoms_connected"":0.0,""bond_angles"":0.03333333333333333,""bond_lengths"":0.016666666666666666,""bonds"":0.0,""double_bond_stereochemistry"":0.0,""energy_ratio"":0.05,""file_loads"":0.0,""inchi_convertible"":0.0,""internal_steric_clash"":0.08333333333333333,""molecular_formula"":0.0,""no_radicals"":0.0,""planar_aromatic_rings"":0.0,""planar_double_bonds"":0.0,""reference_file_loads"":0.0,""sanitisation"":0.0,""tetrahedral_chirality"":0.08333333333333333}",52,119.52050545161462,1.747619584240319,2.2401604623085003,51.0,98.07692307692308,0.9981582547742602,0.038461538461538464,50.6320214762666,0.019970414201183433,0.9803921568627451,32.0,61.53846153846154,0.9698392416801784,0.07692307692307693,28.823951183405466,0.03846153846153847,0.53125,3.0,5.769230769230769,0.8175195311866702,0.5384615384615384,2.4550251440948596,0.4437869822485207,0.0,1.0,1.9230769230769231,0.0,1.0,1.0,1.0,0.0,52,224.83936947540485,350.90223586144043,249.68032370877683,23.370838364301992,0.9634549211078659,1.5977733732517034,0.0,0.0,0.0,1.0,3.9699736974216426,4.271050929214011,0.0,0.0,0.0,0.0,1000,0,0,0,0,0,60,0,0,0,0,52,60,60,core
2zy1_2zy1_conf0,generation,qwen_1p7b_bigdata_step74000,fixed,1p7b_bigdata_step74000,qwen_1p7b_bigdata_step74000_fixed,Qwen 1.7B bigdata (step 74000),qwen_1p7b_bigdata_step74000_fixed,8,24,889,0.7,889,885,4,0.9955005624296963,1000,889,111,0.889,"{""all_atoms_connected"":0,""bond_angles"":14,""bond_lengths"":10,""bonds"":0,""double_bond_stereochemistry"":0,""energy_ratio"":25,""file_loads"":0,""inchi_convertible"":0,""internal_steric_clash"":98,""molecular_formula"":0,""no_radicals"":0,""planar_aromatic_rings"":3,""planar_double_bonds"":0,""reference_file_loads"":0,""sanitisation"":0,""tetrahedral_chirality"":0}","{""all_atoms_connected"":0.0,""bond_angles"":0.014,""bond_lengths"":0.01,""bonds"":0.0,""double_bond_stereochemistry"":0.0,""energy_ratio"":0.025,""file_loads"":0.0,""inchi_convertible"":0.0,""internal_steric_clash"":0.098,""molecular_formula"":0.0,""no_radicals"":0.0,""planar_aromatic_rings"":0.003,""planar_double_bonds"":0.0,""reference_file_loads"":0.0,""sanitisation"":0.0,""tetrahedral_chirality"":0.0}",889,97.2330967114802,2.1303761022182583,2.882787637735503,844.0,94.93813273340832,0.9962511800316133,0.0044994375703037125,822.9474722998757,0.0012716351963316175,0.9585308056872038,241.0,27.109111361079865,0.9392703090997977,0.02249718785151856,172.72606687285773,0.007595647844356914,0.29045643153526973,9.0,1.0123734533183353,0.8196160804047408,0.3678290213723285,6.054977105120815,0.21573639065645484,0.0,2.0,0.2249718785151856,0.7790491244871709,0.7694038245219348,1.7159994905028688,0.6451568413340909,0.0,889,49.72172751959832,5429.066287084241,71.35239602626346,181.4550382026171,0.6586409418122757,2.83527433605577,0.0,0.0,1.0,1.0,0.7134138361825881,2.8537872862971936,0.0,0.0,1.0,1.0,1000,0,0,0,0,0,1000,0,0,0,0,889,1000,1000,core
2zy1_2zy1_conf0,generation,qwen_1p7b_bigdata_step74000,dynamic,1p7b_bigdata_step74000,qwen_1p7b_bigdata_step74000_dynamic,Qwen 1.7B bigdata (step 74000),qwen_1p7b_bigdata_step74000_dynamic,8,24,135,0.7,135,135,0,1.0,156,135,21,0.8653846153846154,"{""all_atoms_connected"":0,""bond_angles"":2,""bond_lengths"":2,""bonds"":0,""double_bond_stereochemistry"":0,""energy_ratio"":2,""file_loads"":0,""inchi_convertible"":0,""internal_steric_clash"":19,""molecular_formula"":0,""no_radicals"":0,""planar_aromatic_rings"":1,""planar_double_bonds"":0,""reference_file_loads"":0,""sanitisation"":0,""tetrahedral_chirality"":0}","{""all_atoms_connected"":0.0,""bond_angles"":0.01282051282051282,""bond_lengths"":0.01282051282051282,""bonds"":0.0,""double_bond_stereochemistry"":0.0,""energy_ratio"":0.01282051282051282,""file_loads"":0.0,""inchi_convertible"":0.0,""internal_steric_clash"":0.12179487179487179,""molecular_formula"":0.0,""no_radicals"":0.0,""planar_aromatic_rings"":0.00641025641025641,""planar_double_bonds"":0.0,""reference_file_loads"":0.0,""sanitisation"":0.0,""tetrahedral_chirality"":0.0}",135,96.03180110208265,2.1618794525913807,2.940805727224748,135.0,100.0,1.0000000000000002,0.007407407407407408,135.00000000000014,0.007407407407407407,1.0,85.0,62.96296296296296,0.9705911320252052,0.02962962962962963,74.58936317292053,0.015308641975308637,0.6235294117647059,6.0,4.444444444444445,0.8881914020597528,0.3925925925925926,4.9107434956926355,0.2391769547325103,0.0,2.0,1.4814814814814814,0.80235344282919,0.7555555555555555,1.7439436718422865,0.6306172839506172,0.0,135,49.72172751959832,265.1300100037156,71.75704374372138,29.216258191711763,1.0743452994188099,2.7877169239958324,0.0,0.0,0.0,1.0,0.8965781895823202,2.787224810522248,0.0,0.0,0.0,1.0,1000,0,0,0,0,0,156,0,0,0,0,135,156,156,core
2zy1_2zy1_conf0,generation,qwen_1p7b_bigdata_step74000,chembl_count,1p7b_bigdata_step74000,qwen_1p7b_bigdata_step74000_chembl_count,Qwen 1.7B bigdata (step 74000),qwen_1p7b_bigdata_step74000_chembl_count,8,24,86,0.7,86,86,0,1.0,94,86,8,0.9148936170212766,"{""all_atoms_connected"":0,""bond_angles"":2,""bond_lengths"":0,""bonds"":0,""double_bond_stereochemistry"":0,""energy_ratio"":1,""file_loads"":0,""inchi_convertible"":0,""internal_steric_clash"":6,""molecular_formula"":0,""no_radicals"":0,""planar_aromatic_rings"":0,""planar_double_bonds"":0,""reference_file_loads"":0,""sanitisation"":0,""tetrahedral_chirality"":0}","{""all_atoms_connected"":0.0,""bond_angles"":0.02127659574468085,""bond_lengths"":0.0,""bonds"":0.0,""double_bond_stereochemistry"":0.0,""energy_ratio"":0.010638297872340425,""file_loads"":0.0,""inchi_convertible"":0.0,""internal_steric_clash"":0.06382978723404255,""molecular_formula"":0.0,""no_radicals"":0.0,""planar_aromatic_rings"":0.0,""planar_double_bonds"":0.0,""reference_file_loads"":0.0,""sanitisation"":0.0,""tetrahedral_chirality"":0.0}",86,94.68841702068286,2.0300418296571885,2.7757762757834197,84.0,97.67441860465117,0.9980344693242443,0.023255813953488372,83.27162813250749,0.01216873985938345,0.9761904761904762,51.0,59.30232558139535,0.9586667739121302,0.05813953488372093,43.35016870475591,0.02731206057328285,0.6078431372549019,5.0,5.813953488372093,0.8539633143965702,0.43023255813953487,3.9527080805559436,0.2917793401838832,0.0,2.0,2.3255813953488373,0.8377698690066789,0.7325581395348837,1.7872852038014284,0.6081665765278528,0.0,86,49.76601407806205,209.79627274541542,72.12634636633936,22.170799301899542,1.04025955720371,2.7384111010665526,0.0,0.0,0.0,1.0,1.0088702026262966,2.773125511010301,0.0,0.0,0.0,1.0,1000,0,0,0,0,0,94,0,0,0,0,86,94,94,core
3aru_3aru_conf0,generation,qwen_1p7b_bigdata_step74000,fixed,1p7b_bigdata_step74000,qwen_1p7b_bigdata_step74000_fixed,Qwen 1.7B bigdata (step 74000),qwen_1p7b_bigdata_step74000_fixed,5,20,942,0.7,942,938,4,0.9957537154989384,1000,942,58,0.942,"{""all_atoms_connected"":0,""bond_angles"":11,""bond_lengths"":8,""bonds"":0,""double_bond_stereochemistry"":0,""energy_ratio"":5,""file_loads"":0,""inchi_convertible"":0,""internal_steric_clash"":55,""molecular_formula"":0,""no_radicals"":0,""planar_aromatic_rings"":1,""planar_double_bonds"":0,""reference_file_loads"":0,""sanitisation"":0,""tetrahedral_chirality"":0}","{""all_atoms_connected"":0.0,""bond_angles"":0.011,""bond_lengths"":0.008,""bonds"":0.0,""double_bond_stereochemistry"":0.0,""energy_ratio"":0.005,""file_loads"":0.0,""inchi_convertible"":0.0,""internal_steric_clash"":0.055,""molecular_formula"":0.0,""no_radicals"":0.0,""planar_aromatic_rings"":0.001,""planar_double_bonds"":0.0,""reference_file_loads"":0.0,""sanitisation"":0.0,""tetrahedral_chirality"":0.0}",942,123.51980937218971,1.520894007305298,2.1546327231532714,371.0,39.38428874734607,0.9359646143502802,0.041401273885350316,254.00546485054124,0.006761599523983393,0.4743935309973046,30.0,3.1847133757961785,0.8834326710680976,0.10934182590233546,20.180744106543166,0.05966210033312148,0.1,3.0,0.3184713375796178,0.579656454058812,0.6762208067940552,1.8904553077583537,0.5614223700758652,0.3333333333333333,1.0,0.10615711252653928,0.0,1.0,1.0,1.0,0.0,942,-118.50287893690248,11460745.762320299,-102.17294307959261,373216.1698980235,0.28086422381045895,1.3945331922543298,0.0,1.0,1.0,1.0,0.2816157648244494,1.3853107649432457,0.0,1.0,1.0,1.0,1000,0,0,0,0,0,1000,0,0,0,0,942,1000,1000,core
3aru_3aru_conf0,generation,qwen_1p7b_bigdata_step74000,dynamic,1p7b_bigdata_step74000,qwen_1p7b_bigdata_step74000_dynamic,Qwen 1.7B bigdata (step 74000),qwen_1p7b_bigdata_step74000_dynamic,5,20,86,0.7,86,86,0,1.0,90,86,4,0.9555555555555556,"{""all_atoms_connected"":0,""bond_angles"":0,""bond_lengths"":0,""bonds"":0,""double_bond_stereochemistry"":0,""energy_ratio"":0,""file_loads"":0,""inchi_convertible"":0,""internal_steric_clash"":4,""molecular_formula"":0,""no_radicals"":0,""planar_aromatic_rings"":0,""planar_double_bonds"":0,""reference_file_loads"":0,""sanitisation"":0,""tetrahedral_chirality"":0}","{""all_atoms_connected"":0.0,""bond_angles"":0.0,""bond_lengths"":0.0,""bonds"":0.0,""double_bond_stereochemistry"":0.0,""energy_ratio"":0.0,""file_loads"":0.0,""inchi_convertible"":0.0,""internal_steric_clash"":0.044444444444444446,""molecular_formula"":0.0,""no_radicals"":0.0,""planar_aromatic_rings"":0.0,""planar_double_bonds"":0.0,""reference_file_loads"":0.0,""sanitisation"":0.0,""tetrahedral_chirality"":0.0}",86,125.8133665742417,1.5262929746447431,2.151581371988631,71.0,82.55813953488372,0.9792497217877099,0.046511627906976744,64.98965371837876,0.017577068685776083,0.8591549295774648,12.0,13.953488372093023,0.9408151462031186,0.18604651162790697,10.358814637147203,0.10870740941049215,0.0,2.0,2.3255813953488373,0.9681647320759547,0.6046511627906976,1.9563503172130325,0.5219037317468902,0.0,1.0,1.1627906976744187,0.0,1.0,1.0,1.0,0.0,86,-117.5175403811807,-27.05947641743782,-102.01865489629058,16.29009547446871,0.29712166855302446,1.4083670966727622,0.0,1.0,1.0,1.0,0.2816157648244494,1.3979901610520358,0.0,1.0,1.0,1.0,1000,0,0,0,0,0,90,0,0,0,0,86,90,90,core
3aru_3aru_conf0,generation,qwen_1p7b_bigdata_step74000,chembl_count,1p7b_bigdata_step74000,qwen_1p7b_bigdata_step74000_chembl_count,Qwen 1.7B bigdata (step 74000),qwen_1p7b_bigdata_step74000_chembl_count,5,20,118,0.7,118,118,0,1.0,124,118,6,0.9516129032258064,"{""all_atoms_connected"":0,""bond_angles"":1,""bond_lengths"":0,""bonds"":0,""double_bond_stereochemistry"":0,""energy_ratio"":0,""file_loads"":0,""inchi_convertible"":0,""internal_steric_clash"":6,""molecular_formula"":0,""no_radicals"":0,""planar_aromatic_rings"":0,""planar_double_bonds"":0,""reference_file_loads"":0,""sanitisation"":0,""tetrahedral_chirality"":0}","{""all_atoms_connected"":0.0,""bond_angles"":0.008064516129032258,""bond_lengths"":0.0,""bonds"":0.0,""double_bond_stereochemistry"":0.0,""energy_ratio"":0.0,""file_loads"":0.0,""inchi_convertible"":0.0,""internal_steric_clash"":0.04838709677419355,""molecular_formula"":0.0,""no_radicals"":0.0,""planar_aromatic_rings"":0.0,""planar_double_bonds"":0.0,""reference_file_loads"":0.0,""sanitisation"":0.0,""tetrahedral_chirality"":0.0}",118,124.12621689810149,1.503936671469671,2.1352777436864634,91.0,77.11864406779661,0.9708340908146078,0.05084745762711865,79.78186219259803,0.015369146796897448,0.8241758241758241,16.0,13.559322033898304,0.9024668918753102,0.16101694915254236,12.208952896811123,0.09623671358804942,0.125,3.0,2.542372881355932,0.8312844199992554,0.5932203389830508,2.492432843821373,0.45202528009192755,0.0,1.0,0.847457627118644,0.0,1.0,1.0,1.0,0.0,118,-117.20987595222842,-5.457850731033801,-102.40793288306469,16.38463578329009,0.6316798269448691,1.371729148265981,0.0,0.0,1.0,1.0,0.5936608432449271,1.3679268213974676,0.0,0.0,1.0,1.0,1000,0,0,0,0,0,124,0,0,0,0,118,124,124,core
3ary_3ary_conf0,generation,qwen_1p7b_bigdata_step74000,fixed,1p7b_bigdata_step74000,qwen_1p7b_bigdata_step74000_fixed,Qwen 1.7B bigdata (step 74000),qwen_1p7b_bigdata_step74000_fixed,2,17,995,0.7,995,995,0,1.0,999,995,4,0.995995995995996,"{""all_atoms_connected"":0,""bond_angles"":2,""bond_lengths"":4,""bonds"":0,""double_bond_stereochemistry"":0,""energy_ratio"":1,""file_loads"":0,""inchi_convertible"":0,""internal_steric_clash"":1,""molecular_formula"":0,""no_radicals"":0,""planar_aromatic_rings"":2,""planar_double_bonds"":0,""reference_file_loads"":0,""sanitisation"":0,""tetrahedral_chirality"":0}","{""all_atoms_connected"":0.0,""bond_angles"":0.002002002002002002,""bond_lengths"":0.004004004004004004,""bonds"":0.0,""double_bond_stereochemistry"":0.0,""energy_ratio"":0.001001001001001001,""file_loads"":0.0,""inchi_convertible"":0.0,""internal_steric_clash"":0.001001001001001001,""molecular_formula"":0.0,""no_radicals"":0.0,""planar_aromatic_rings"":0.002002002002002002,""planar_double_bonds"":0.0,""reference_file_loads"":0.0,""sanitisation"":0.0,""tetrahedral_chirality"":0.0}",995,106.45058254520913,0.8905889145996293,1.2586959173540608,21.0,2.1105527638190953,0.9128435951714867,0.13165829145728644,16.10569293009233,0.06963359511123457,0.14285714285714285,4.0,0.4020100502512563,0.9724388040159242,0.32060301507537686,3.8500511369703565,0.26885280674730433,0.0,1.0,0.10050251256281408,0.0,1.0,1.0,1.0,0.0,1.0,0.10050251256281408,0.0,1.0,1.0,1.0,0.0,995,53.71653116203572,217.4979458973021,73.93405351702997,12.857232939297887,0.2294210842416749,1.0104120607932499,1.0,1.0,1.0,1.0,0.2893234891019978,0.9511933323265862,0.0,1.0,1.0,1.0,999,0,0,0,0,0,999,0,0,0,0,995,1000,1000,core
3ary_3ary_conf0,generation,qwen_1p7b_bigdata_step74000,dynamic,1p7b_bigdata_step74000,qwen_1p7b_bigdata_step74000_dynamic,Qwen 1.7B bigdata (step 74000),qwen_1p7b_bigdata_step74000_dynamic,2,17,24,0.7,24,24,0,1.0,24,24,0,1.0,"{""all_atoms_connected"":0,""bond_angles"":0,""bond_lengths"":0,""bonds"":0,""double_bond_stereochemistry"":0,""energy_ratio"":0,""file_loads"":0,""inchi_convertible"":0,""internal_steric_clash"":0,""molecular_formula"":0,""no_radicals"":0,""planar_aromatic_rings"":0,""planar_double_bonds"":0,""reference_file_loads"":0,""sanitisation"":0,""tetrahedral_chirality"":0}","{""all_atoms_connected"":0.0,""bond_angles"":0.0,""bond_lengths"":0.0,""bonds"":0.0,""double_bond_stereochemistry"":0.0,""energy_ratio"":0.0,""file_loads"":0.0,""inchi_convertible"":0.0,""internal_steric_clash"":0.0,""molecular_formula"":0.0,""no_radicals"":0.0,""planar_aromatic_rings"":0.0,""planar_double_bonds"":0.0,""reference_file_loads"":0.0,""sanitisation"":0.0,""tetrahedral_chirality"":0.0}",24,101.27169858035947,0.8755538658292468,1.2602946684272736,9.0,37.5,0.8632508656990517,0.3333333333333333,6.664240665750437,0.1909722222222222,0.4444444444444444,3.0,12.5,0.9400439301545984,0.5,2.808761990686937,0.37847222222222227,0.0,1.0,4.166666666666667,0.0,1.0,1.0,1.0,0.0,1.0,4.166666666666667,0.0,1.0,1.0,1.0,0.0,24,58.19986826590615,89.21487061461909,74.33891933446657,8.257289369318524,0.3149801016933793,1.1261075289514197,0.0,1.0,1.0,1.0,0.40961609199403387,1.014759705833063,0.0,1.0,1.0,1.0,999,0,0,0,0,0,24,0,0,0,0,24,24,24,core
3ary_3ary_conf0,generation,qwen_1p7b_bigdata_step74000,chembl_count,1p7b_bigdata_step74000,qwen_1p7b_bigdata_step74000_chembl_count,Qwen 1.7B bigdata (step 74000),qwen_1p7b_bigdata_step74000_chembl_count,2,17,3,0.7,3,3,0,1.0,3,3,0,1.0,"{""all_atoms_connected"":0,""bond_angles"":0,""bond_lengths"":0,""bonds"":0,""double_bond_stereochemistry"":0,""energy_ratio"":0,""file_loads"":0,""inchi_convertible"":0,""internal_steric_clash"":0,""molecular_formula"":0,""no_radicals"":0,""planar_aromatic_rings"":0,""planar_double_bonds"":0,""reference_file_loads"":0,""sanitisation"":0,""tetrahedral_chirality"":0}","{""all_atoms_connected"":0.0,""bond_angles"":0.0,""bond_lengths"":0.0,""bonds"":0.0,""double_bond_stereochemistry"":0.0,""energy_ratio"":0.0,""file_loads"":0.0,""inchi_convertible"":0.0,""internal_steric_clash"":0.0,""molecular_formula"":0.0,""no_radicals"":0.0,""planar_aromatic_rings"":0.0,""planar_double_bonds"":0.0,""reference_file_loads"":0.0,""sanitisation"":0.0,""tetrahedral_chirality"":0.0}",3,59.874973295522366,0.8918115261721132,1.0808541987927645,3.0,100.0,0.9999999999999998,0.3333333333333333,2.9999999999999996,0.3333333333333333,1.0,2.0,66.66666666666667,0.9182958340544894,0.6666666666666666,1.8898815748423097,0.5555555555555556,0.5,1.0,33.333333333333336,0.0,1.0,1.0,1.0,0.0,1.0,33.333333333333336,0.0,1.0,1.0,1.0,0.0,3,61.608739260222876,70.24917470464563,64.42859420909502,3.5976514547240055,0.34623515527311316,0.4963800531265345,0.0,1.0,1.0,1.0,0.3418900246295333,0.522910357092082,0.0,1.0,1.0,1.0,999,0,0,0,0,0,3,0,0,0,0,3,3,3,core
3b27_3b27_conf0,generation,qwen_1p7b_bigdata_step74000,fixed,1p7b_bigdata_step74000,qwen_1p7b_bigdata_step74000_fixed,Qwen 1.7B bigdata (step 74000),qwen_1p7b_bigdata_step74000_fixed,3,16,1000,0.7,1000,1000,0,1.0,1000,1000,0,1.0,"{""all_atoms_connected"":0,""bond_angles"":0,""bond_lengths"":0,""bonds"":0,""double_bond_stereochemistry"":0,""energy_ratio"":0,""file_loads"":0,""inchi_convertible"":0,""internal_steric_clash"":0,""molecular_formula"":0,""no_radicals"":0,""planar_aromatic_rings"":0,""planar_double_bonds"":0,""reference_file_loads"":0,""sanitisation"":0,""tetrahedral_chirality"":0}","{""all_atoms_connected"":0.0,""bond_angles"":0.0,""bond_lengths"":0.0,""bonds"":0.0,""double_bond_stereochemistry"":0.0,""energy_ratio"":0.0,""file_loads"":0.0,""inchi_convertible"":0.0,""internal_steric_clash"":0.0,""molecular_formula"":0.0,""no_radicals"":0.0,""planar_aromatic_rings"":0.0,""planar_double_bonds"":0.0,""reference_file_loads"":0.0,""sanitisation"":0.0,""tetrahedral_chirality"":0.0}",1000,109.00261955793303,1.2070180312311614,1.811490803972562,28.0,2.8,0.9445132016416369,0.07,23.273401697023537,0.04663400000000001,0.07142857142857142,5.0,0.5,0.8634136438025288,0.268,4.013287185226191,0.251062,0.2,1.0,0.1,0.0,1.0,1.0,1.0,0.0,1.0,0.1,0.0,1.0,1.0,1.0,0.0,1000,-102.65292888317003,125.45598548231249,-92.0079793300593,15.004776470018687,0.09406955167060295,1.2419972242755688,1.0,1.0,1.0,1.0,0.08171869177791437,1.246343402939761,1.0,1.0,1.0,1.0,1000,0,0,0,0,0,1000,0,0,0,0,1000,1000,1000,core
3b27_3b27_conf0,generation,qwen_1p7b_bigdata_step74000,dynamic,1p7b_bigdata_step74000,qwen_1p7b_bigdata_step74000_dynamic,Qwen 1.7B bigdata (step 74000),qwen_1p7b_bigdata_step74000_dynamic,3,16,46,0.7,46,46,0,1.0,46,46,0,1.0,"{""all_atoms_connected"":0,""bond_angles"":0,""bond_lengths"":0,""bonds"":0,""double_bond_stereochemistry"":0,""energy_ratio"":0,""file_loads"":0,""inchi_convertible"":0,""internal_steric_clash"":0,""molecular_formula"":0,""no_radicals"":0,""planar_aromatic_rings"":0,""planar_double_bonds"":0,""reference_file_loads"":0,""sanitisation"":0,""tetrahedral_chirality"":0}","{""all_atoms_connected"":0.0,""bond_angles"":0.0,""bond_lengths"":0.0,""bonds"":0.0,""double_bond_stereochemistry"":0.0,""energy_ratio"":0.0,""file_loads"":0.0,""inchi_convertible"":0.0,""internal_steric_clash"":0.0,""molecular_formula"":0.0,""no_radicals"":0.0,""planar_aromatic_rings"":0.0,""planar_double_bonds"":0.0,""reference_file_loads"":0.0,""sanitisation"":0.0,""tetrahedral_chirality"":0.0}",46,106.7078830546659,1.2111806647639294,1.825267890189523,15.0,32.608695652173914,0.9472415488163888,0.13043478260869565,13.002968359778881,0.08506616257088849,0.2,4.0,8.695652173913043,0.9630442565481749,0.34782608695652173,3.8002346786375987,0.27504725897920607,0.0,1.0,2.1739130434782608,0.0,1.0,1.0,1.0,0.0,1.0,2.1739130434782608,0.0,1.0,1.0,1.0,0.0,46,-100.99800118728608,-69.1921908745168,-93.01712358273953,6.9841564485829535,0.1427112628021227,1.098575199328512,1.0,1.0,1.0,1.0,0.1421484294014743,1.1126183229980193,1.0,1.0,1.0,1.0,1000,0,0,0,0,0,46,0,0,0,0,46,46,46,core
3b27_3b27_conf0,generation,qwen_1p7b_bigdata_step74000,chembl_count,1p7b_bigdata_step74000,qwen_1p7b_bigdata_step74000_chembl_count,Qwen 1.7B bigdata (step 74000),qwen_1p7b_bigdata_step74000_chembl_count,3,16,9,0.7,9,9,0,1.0,9,9,0,1.0,"{""all_atoms_connected"":0,""bond_angles"":0,""bond_lengths"":0,""bonds"":0,""double_bond_stereochemistry"":0,""energy_ratio"":0,""file_loads"":0,""inchi_convertible"":0,""internal_steric_clash"":0,""molecular_formula"":0,""no_radicals"":0,""planar_aromatic_rings"":0,""planar_double_bonds"":0,""reference_file_loads"":0,""sanitisation"":0,""tetrahedral_chirality"":0}","{""all_atoms_connected"":0.0,""bond_angles"":0.0,""bond_lengths"":0.0,""bonds"":0.0,""double_bond_stereochemistry"":0.0,""energy_ratio"":0.0,""file_loads"":0.0,""inchi_convertible"":0.0,""internal_steric_clash"":0.0,""molecular_formula"":0.0,""no_radicals"":0.0,""planar_aromatic_rings"":0.0,""planar_double_bonds"":0.0,""reference_file_loads"":0.0,""sanitisation"":0.0,""tetrahedral_chirality"":0.0}",9,105.0648135789763,1.2409772879397019,1.6687284433164764,7.0,77.77777777777777,0.9708357627258162,0.2222222222222222,6.6138052152401965,0.16049382716049382,0.7142857142857143,3.0,33.333333333333336,0.965633607142825,0.4444444444444444,2.8888455168024434,0.35802469135802467,0.0,1.0,11.11111111111111,0.0,1.0,1.0,1.0,0.0,1.0,11.11111111111111,0.0,1.0,1.0,1.0,0.0,9,-97.04497988001401,-83.07709246078518,-93.45755613143291,3.841560580025232,0.32300493089287746,1.3662623182328855,0.0,1.0,1.0,1.0,0.3383057498546073,1.3676416146762735,0.0,1.0,1.0,1.0,1000,0,0,0,0,0,9,0,0,0,0,9,9,9,core
3b5r_3b5r_conf0,generation,qwen_1p7b_bigdata_step74000,fixed,1p7b_bigdata_step74000,qwen_1p7b_bigdata_step74000_fixed,Qwen 1.7B bigdata (step 74000),qwen_1p7b_bigdata_step74000_fixed,6,28,714,0.7,714,713,1,0.9985994397759104,1000,714,286,0.714,"{""all_atoms_connected"":0,""bond_angles"":48,""bond_lengths"":30,""bonds"":0,""double_bond_stereochemistry"":0,""energy_ratio"":17,""file_loads"":0,""inchi_convertible"":0,""internal_steric_clash"":62,""molecular_formula"":0,""no_radicals"":0,""planar_aromatic_rings"":8,""planar_double_bonds"":0,""reference_file_loads"":0,""sanitisation"":0,""tetrahedral_chirality"":205}","{""all_atoms_connected"":0.0,""bond_angles"":0.048,""bond_lengths"":0.03,""bonds"":0.0,""double_bond_stereochemistry"":0.0,""energy_ratio"":0.017,""file_loads"":0.0,""inchi_convertible"":0.0,""internal_steric_clash"":0.062,""molecular_formula"":0.0,""no_radicals"":0.0,""planar_aromatic_rings"":0.008,""planar_double_bonds"":0.0,""reference_file_loads"":0.0,""sanitisation"":0.0,""tetrahedral_chirality"":0.205}",714,123.3372849567801,2.192428958257056,2.966031997684424,642.0,89.91596638655462,0.9936843408792864,0.004201680672268907,616.3162148443763,0.001722257530463166,0.9034267912772586,184.0,25.7703081232493,0.939599254519899,0.03221288515406162,134.28303182239844,0.009446916021310486,0.30434782608695654,8.0,1.1204481792717087,0.9143404619649109,0.18627450980392157,6.694709180239414,0.15705890199216943,0.0,2.0,0.2801120448179272,0.5465060858222178,0.8739495798319328,1.460544267988982,0.7796765765129581,0.0,714,68.13192540991236,531.114773255994,92.21401096889984,29.944850879336133,0.46899192365466624,2.0204250004973834,0.0,1.0,1.0,1.0,0.5168520254477038,2.0456826012542795,0.0,0.0,1.0,1.0,1000,0,0,0,0,0,1000,0,0,0,0,714,1000,1000,core
3b5r_3b5r_conf0,generation,qwen_1p7b_bigdata_step74000,dynamic,1p7b_bigdata_step74000,qwen_1p7b_bigdata_step74000_dynamic,Qwen 1.7B bigdata (step 74000),qwen_1p7b_bigdata_step74000_dynamic,6,28,78,0.7,78,78,0,1.0,112,78,34,0.6964285714285714,"{""all_atoms_connected"":0,""bond_angles"":4,""bond_lengths"":0,""bonds"":0,""double_bond_stereochemistry"":0,""energy_ratio"":5,""file_loads"":0,""inchi_convertible"":0,""internal_steric_clash"":9,""molecular_formula"":0,""no_radicals"":0,""planar_aromatic_rings"":0,""planar_double_bonds"":0,""reference_file_loads"":0,""sanitisation"":0,""tetrahedral_chirality"":24}","{""all_atoms_connected"":0.0,""bond_angles"":0.03571428571428571,""bond_lengths"":0.0,""bonds"":0.0,""double_bond_stereochemistry"":0.0,""energy_ratio"":0.044642857142857144,""file_loads"":0.0,""inchi_convertible"":0.0,""internal_steric_clash"":0.08035714285714286,""molecular_formula"":0.0,""no_radicals"":0.0,""planar_aromatic_rings"":0.0,""planar_double_bonds"":0.0,""reference_file_loads"":0.0,""sanitisation"":0.0,""tetrahedral_chirality"":0.21428571428571427}",78,127.22216769651803,2.1336073063580305,2.823966784264037,77.0,98.71794871794872,0.998878955358052,0.02564102564102564,76.62595228635868,0.013149243918474683,0.987012987012987,52.0,66.66666666666667,0.9743778763733175,0.05128205128205128,46.99327298768956,0.023668639053254434,0.6153846153846154,5.0,6.410256410256411,0.9013370794414483,0.32051282051282054,4.265869664968598,0.252465483234714,0.0,2.0,2.5641025641025643,0.7793498372920851,0.7692307692307693,1.7163572076839733,0.6449704142011835,0.0,78,74.8289929213716,174.7191800349669,92.59163361330354,24.31968159879734,0.8386679667521394,1.96075414459175,0.0,0.0,0.0,1.0,0.8791772635308214,1.9761509855607085,0.0,0.0,0.0,1.0,1000,0,0,0,0,0,112,0,0,0,0,78,112,112,core
3b5r_3b5r_conf0,generation,qwen_1p7b_bigdata_step74000,chembl_count,1p7b_bigdata_step74000,qwen_1p7b_bigdata_step74000_chembl_count,Qwen 1.7B bigdata (step 74000),qwen_1p7b_bigdata_step74000_chembl_count,6,28,148,0.7,148,148,0,1.0,200,148,52,0.74,"{""all_atoms_connected"":0,""bond_angles"":10,""bond_lengths"":9,""bonds"":0,""double_bond_stereochemistry"":0,""energy_ratio"":3,""file_loads"":0,""inchi_convertible"":0,""internal_steric_clash"":13,""molecular_formula"":0,""no_radicals"":0,""planar_aromatic_rings"":1,""planar_double_bonds"":0,""reference_file_loads"":0,""sanitisation"":0,""tetrahedral_chirality"":35}","{""all_atoms_connected"":0.0,""bond_angles"":0.05,""bond_lengths"":0.045,""bonds"":0.0,""double_bond_stereochemistry"":0.0,""energy_ratio"":0.015,""file_loads"":0.0,""inchi_convertible"":0.0,""internal_steric_clash"":0.065,""molecular_formula"":0.0,""no_radicals"":0.0,""planar_aromatic_rings"":0.005,""planar_double_bonds"":0.0,""reference_file_loads"":0.0,""sanitisation"":0.0,""tetrahedral_chirality"":0.175}",148,121.31365158457632,2.212386720592688,3.037010172998359,147.0,99.32432432432432,0.9994815746408788,0.013513513513513514,146.6201780227874,0.006848064280496715,0.9931972789115646,81.0,54.729729729729726,0.9699118389621255,0.033783783783783786,70.96794248866445,0.015887509130752375,0.49382716049382713,6.0,4.054054054054054,0.9500500465997852,0.25,5.486338906583434,0.19192841490138787,0.0,2.0,1.3513513513513513,0.9291477025701819,0.6554054054054054,1.9041507532468411,0.5483016800584368,0.0,148,68.58518719933349,168.06494964352925,91.96305674270734,20.782508746305467,0.8390968603528934,2.106040888642117,0.0,0.0,0.0,1.0,0.8687941654626846,2.1509152448178943,0.0,0.0,0.0,1.0,1000,0,0,0,0,0,200,0,0,0,0,148,200,200,core
3b65_3b65_conf0,generation,qwen_1p7b_bigdata_step74000,fixed,1p7b_bigdata_step74000,qwen_1p7b_bigdata_step74000_fixed,Qwen 1.7B bigdata (step 74000),qwen_1p7b_bigdata_step74000_fixed,6,25,748,0.7,748,747,1,0.9986631016042781,999,748,251,0.7487487487487487,"{""all_atoms_connected"":0,""bond_angles"":71,""bond_lengths"":73,""bonds"":0,""double_bond_stereochemistry"":0,""energy_ratio"":20,""file_loads"":0,""inchi_convertible"":0,""internal_steric_clash"":55,""molecular_formula"":0,""no_radicals"":0,""planar_aromatic_rings"":19,""planar_double_bonds"":0,""reference_file_loads"":0,""sanitisation"":0,""tetrahedral_chirality"":153}","{""all_atoms_connected"":0.0,""bond_angles"":0.07107107107107107,""bond_lengths"":0.07307307307307308,""bonds"":0.0,""double_bond_stereochemistry"":0.0,""energy_ratio"":0.02002002002002002,""file_loads"":0.0,""inchi_convertible"":0.0,""internal_steric_clash"":0.055055055055055056,""molecular_formula"":0.0,""no_radicals"":0.0,""planar_aromatic_rings"":0.01901901901901902,""planar_double_bonds"":0.0,""reference_file_loads"":0.0,""sanitisation"":0.0,""tetrahedral_chirality"":0.15315315315315314}",748,114.40381319607388,1.9409405794840753,2.831721094772531,534.0,71.3903743315508,0.9777297395901142,0.009358288770053475,464.2994860775312,0.0025951557093425604,0.7546816479400749,116.0,15.508021390374331,0.9122697557170869,0.04144385026737968,76.44385596381646,0.016775572650061483,0.2413793103448276,4.0,0.5347593582887701,0.9280375845760884,0.3716577540106952,3.620214471687339,0.2973097600732077,0.0,2.0,0.26737967914438504,0.9692040949598236,0.6029411764705882,1.9577602413295825,0.5211937716262975,0.0,748,73.91983729688074,341.6006434768606,92.1646347212533,28.823768084044765,0.24153515117193336,1.7584359605436333,1.0,1.0,1.0,1.0,0.36185413908287467,1.77344232366643,0.0,1.0,1.0,1.0,999,0,0,0,0,0,999,0,0,0,0,748,1000,1000,core
3b65_3b65_conf0,generation,qwen_1p7b_bigdata_step74000,dynamic,1p7b_bigdata_step74000,qwen_1p7b_bigdata_step74000_dynamic,Qwen 1.7B bigdata (step 74000),qwen_1p7b_bigdata_step74000_dynamic,6,25,89,0.7,89,88,1,0.9887640449438202,112,89,23,0.7946428571428571,"{""all_atoms_connected"":0,""bond_angles"":6,""bond_lengths"":7,""bonds"":0,""double_bond_stereochemistry"":0,""energy_ratio"":2,""file_loads"":0,""inchi_convertible"":0,""internal_steric_clash"":4,""molecular_formula"":0,""no_radicals"":0,""planar_aromatic_rings"":2,""planar_double_bonds"":0,""reference_file_loads"":0,""sanitisation"":0,""tetrahedral_chirality"":15}","{""all_atoms_connected"":0.0,""bond_angles"":0.05357142857142857,""bond_lengths"":0.0625,""bonds"":0.0,""double_bond_stereochemistry"":0.0,""energy_ratio"":0.017857142857142856,""file_loads"":0.0,""inchi_convertible"":0.0,""internal_steric_clash"":0.03571428571428571,""molecular_formula"":0.0,""no_radicals"":0.0,""planar_aromatic_rings"":0.017857142857142856,""planar_double_bonds"":0.0,""reference_file_loads"":0.0,""sanitisation"":0.0,""tetrahedral_chirality"":0.13392857142857142}",89,115.91719948605352,1.969161661608523,2.8582452073564877,85.0,95.50561797752809,0.996326461304148,0.02247191011235955,83.62403720909396,0.012245928544375709,0.9529411764705882,39.0,43.82022471910113,0.9410603145358577,0.07865168539325842,31.42590255630619,0.03800025249337204,0.48717948717948717,4.0,4.49438202247191,0.8708842800889115,0.34831460674157305,3.344449033883565,0.3134705213988133,0.0,2.0,2.247191011235955,0.9991802351145687,0.5168539325842697,1.9988638873721136,0.5005681100871102,0.0,89,74.16452184669025,205.41234072837335,89.79977889471377,24.48175269843931,0.7652843952080017,1.735904727984321,0.0,0.0,0.0,1.0,0.7014162056395926,1.7477075398267121,0.0,0.0,1.0,1.0,999,0,0,0,0,0,112,0,0,0,0,89,112,112,core
3b65_3b65_conf0,generation,qwen_1p7b_bigdata_step74000,chembl_count,1p7b_bigdata_step74000,qwen_1p7b_bigdata_step74000_chembl_count,Qwen 1.7B bigdata (step 74000),qwen_1p7b_bigdata_step74000_chembl_count,6,25,145,0.7,145,145,0,1.0,200,145,55,0.725,"{""all_atoms_connected"":0,""bond_angles"":15,""bond_lengths"":14,""bonds"":0,""double_bond_stereochemistry"":0,""energy_ratio"":4,""file_loads"":0,""inchi_convertible"":0,""internal_steric_clash"":11,""molecular_formula"":0,""no_radicals"":0,""planar_aromatic_rings"":3,""planar_double_bonds"":0,""reference_file_loads"":0,""sanitisation"":0,""tetrahedral_chirality"":34}","{""all_atoms_connected"":0.0,""bond_angles"":0.075,""bond_lengths"":0.07,""bonds"":0.0,""double_bond_stereochemistry"":0.0,""energy_ratio"":0.02,""file_loads"":0.0,""inchi_convertible"":0.0,""internal_steric_clash"":0.055,""molecular_formula"":0.0,""no_radicals"":0.0,""planar_aromatic_rings"":0.015,""planar_double_bonds"":0.0,""reference_file_loads"":0.0,""sanitisation"":0.0,""tetrahedral_chirality"":0.17}",145,116.37184668506825,1.9467458580514387,2.783269619407943,138.0,95.17241379310344,0.9957272128990453,0.020689655172413793,135.12504097109013,0.007657550535077288,0.9565217391304348,54.0,37.241379310344826,0.9486072890814887,0.06896551724137931,43.990748154850266,0.02715814506539834,0.3333333333333333,3.0,2.0689655172413794,0.9605628738080794,0.47586206896551725,2.872797165335448,0.3638049940546968,0.0,2.0,1.3793103448275863,0.9941939797828719,0.5448275862068965,1.9919673212167457,0.5040190249702735,0.0,145,76.15100590023052,267.676268014889,89.73497385185425,24.744430848868596,0.5205574635815804,1.7429250493443653,0.0,0.0,1.0,1.0,0.573186219309826,1.7640238738578937,0.0,0.0,1.0,1.0,999,0,0,0,0,0,200,0,0,0,0,145,200,200,core
3bgz_3bgz_conf0,generation,qwen_1p7b_bigdata_step74000,fixed,1p7b_bigdata_step74000,qwen_1p7b_bigdata_step74000_fixed,Qwen 1.7B bigdata (step 74000),qwen_1p7b_bigdata_step74000_fixed,3,24,995,0.7,995,995,0,1.0,1000,995,5,0.995,"{""all_atoms_connected"":0,""bond_angles"":4,""bond_lengths"":2,""bonds"":0,""double_bond_stereochemistry"":0,""energy_ratio"":3,""file_loads"":0,""inchi_convertible"":0,""internal_steric_clash"":4,""molecular_formula"":0,""no_radicals"":0,""planar_aromatic_rings"":0,""planar_double_bonds"":0,""reference_file_loads"":0,""sanitisation"":0,""tetrahedral_chirality"":0}","{""all_atoms_connected"":0.0,""bond_angles"":0.004,""bond_lengths"":0.002,""bonds"":0.0,""double_bond_stereochemistry"":0.0,""energy_ratio"":0.003,""file_loads"":0.0,""inchi_convertible"":0.0,""internal_steric_clash"":0.004,""molecular_formula"":0.0,""no_radicals"":0.0,""planar_aromatic_rings"":0.0,""planar_double_bonds"":0.0,""reference_file_loads"":0.0,""sanitisation"":0.0,""tetrahedral_chirality"":0.0}",995,102.75258424939176,0.6099342069503788,0.8844755599282964,30.0,3.0150753768844223,0.6582021845617372,0.21708542713567838,9.380898494300567,0.14448018989419464,0.3333333333333333,2.0,0.20100502512562815,0.9283327700633767,0.6562814070351759,1.9030754628237774,0.5488477563697887,0.0,1.0,0.10050251256281408,0.0,1.0,1.0,1.0,0.0,1.0,0.10050251256281408,0.0,1.0,1.0,1.0,0.0,995,72.05294173775866,254.2874912653544,87.16191745700137,13.972324262827751,0.13132410542162573,0.6116237769391419,1.0,1.0,1.0,1.0,0.16579091083406533,0.6328809494689536,1.0,1.0,1.0,1.0,1000,0,0,0,0,0,1000,0,0,0,0,995,1000,1000,core
3bgz_3bgz_conf0,generation,qwen_1p7b_bigdata_step74000,dynamic,1p7b_bigdata_step74000,qwen_1p7b_bigdata_step74000_dynamic,Qwen 1.7B bigdata (step 74000),qwen_1p7b_bigdata_step74000_dynamic,3,24,46,0.7,46,46,0,1.0,46,46,0,1.0,"{""all_atoms_connected"":0,""bond_angles"":0,""bond_lengths"":0,""bonds"":0,""double_bond_stereochemistry"":0,""energy_ratio"":0,""file_loads"":0,""inchi_convertible"":0,""internal_steric_clash"":0,""molecular_formula"":0,""no_radicals"":0,""planar_aromatic_rings"":0,""planar_double_bonds"":0,""reference_file_loads"":0,""sanitisation"":0,""tetrahedral_chirality"":0}","{""all_atoms_connected"":0.0,""bond_angles"":0.0,""bond_lengths"":0.0,""bonds"":0.0,""double_bond_stereochemistry"":0.0,""energy_ratio"":0.0,""file_loads"":0.0,""inchi_convertible"":0.0,""internal_steric_clash"":0.0,""molecular_formula"":0.0,""no_radicals"":0.0,""planar_aromatic_rings"":0.0,""planar_double_bonds"":0.0,""reference_file_loads"":0.0,""sanitisation"":0.0,""tetrahedral_chirality"":0.0}",46,105.44235274458545,0.6278652237701563,0.8666249718888634,10.0,21.73913043478261,0.849466852931939,0.2608695652173913,7.070772316981676,0.1729678638941399,0.3,1.0,2.1739130434782608,0.0,1.0,1.0,1.0,0.0,1.0,2.1739130434782608,0.0,1.0,1.0,1.0,0.0,1.0,2.1739130434782608,0.0,1.0,1.0,1.0,0.0,46,76.2532228329568,139.73051340961325,89.32986920255308,11.897446117886119,0.18313820673666267,0.6063434259208624,1.0,1.0,1.0,1.0,0.2538537826667969,0.6362522147153105,0.0,1.0,1.0,1.0,1000,0,0,0,0,0,46,0,0,0,0,46,46,46,core
3bgz_3bgz_conf0,generation,qwen_1p7b_bigdata_step74000,chembl_count,1p7b_bigdata_step74000,qwen_1p7b_bigdata_step74000_chembl_count,Qwen 1.7B bigdata (step 74000),qwen_1p7b_bigdata_step74000_chembl_count,3,24,10,0.7,10,10,0,1.0,10,10,0,1.0,"{""all_atoms_connected"":0,""bond_angles"":0,""bond_lengths"":0,""bonds"":0,""double_bond_stereochemistry"":0,""energy_ratio"":0,""file_loads"":0,""inchi_convertible"":0,""internal_steric_clash"":0,""molecular_formula"":0,""no_radicals"":0,""planar_aromatic_rings"":0,""planar_double_bonds"":0,""reference_file_loads"":0,""sanitisation"":0,""tetrahedral_chirality"":0}","{""all_atoms_connected"":0.0,""bond_angles"":0.0,""bond_lengths"":0.0,""bonds"":0.0,""double_bond_stereochemistry"":0.0,""energy_ratio"":0.0,""file_loads"":0.0,""inchi_convertible"":0.0,""internal_steric_clash"":0.0,""molecular_formula"":0.0,""no_radicals"":0.0,""planar_aromatic_rings"":0.0,""planar_double_bonds"":0.0,""reference_file_loads"":0.0,""sanitisation"":0.0,""tetrahedral_chirality"":0.0}",10,102.49177112118609,0.5901446638484671,0.9173617249851379,4.0,40.0,0.9854752972273345,0.3,3.9202634084155794,0.26,0.0,1.0,10.0,0.0,1.0,1.0,1.0,0.0,1.0,10.0,0.0,1.0,1.0,1.0,0.0,1.0,10.0,0.0,1.0,1.0,1.0,0.0,10,78.6112949960036,96.55361553574754,87.11474968268568,5.578540939317214,0.16272688574967278,0.5107103919496034,1.0,1.0,1.0,1.0,0.2146210716126695,0.5342448894258693,1.0,1.0,1.0,1.0,1000,0,0,0,0,0,10,0,0,0,0,10,10,10,core
3cj4_3cj4_conf0,generation,qwen_1p7b_bigdata_step74000,fixed,1p7b_bigdata_step74000,qwen_1p7b_bigdata_step74000_fixed,Qwen 1.7B bigdata (step 74000),qwen_1p7b_bigdata_step74000_fixed,5,25,653,0.7,653,632,21,0.9678407350689127,999,653,346,0.6536536536536537,"{""all_atoms_connected"":0,""bond_angles"":35,""bond_lengths"":13,""bonds"":0,""double_bond_stereochemistry"":0,""energy_ratio"":88,""file_loads"":0,""inchi_convertible"":0,""internal_steric_clash"":283,""molecular_formula"":0,""no_radicals"":0,""planar_aromatic_rings"":2,""planar_double_bonds"":0,""reference_file_loads"":0,""sanitisation"":0,""tetrahedral_chirality"":77}","{""all_atoms_connected"":0.0,""bond_angles"":0.035035035035035036,""bond_lengths"":0.013013013013013013,""bonds"":0.0,""double_bond_stereochemistry"":0.0,""energy_ratio"":0.08808808808808809,""file_loads"":0.0,""inchi_convertible"":0.0,""internal_steric_clash"":0.2832832832832833,""molecular_formula"":0.0,""no_radicals"":0.0,""planar_aromatic_rings"":0.002002002002002002,""planar_double_bonds"":0.0,""reference_file_loads"":0.0,""sanitisation"":0.0,""tetrahedral_chirality"":0.07707707707707707}",653,96.5771875231825,2.0104755624102473,2.618589065257629,590.0,90.35222052067381,0.9932684136485275,0.006125574272588055,565.1969141855745,0.0018925491722735683,0.9135593220338983,164.0,25.114854517611025,0.917811052685262,0.0444104134762634,107.84702357955804,0.013412005844154322,0.3048780487804878,9.0,1.3782542113323124,0.7891383822052506,0.32618683001531396,5.66277609602682,0.2307901568681712,0.0,1.0,0.15313935681470137,0.0,1.0,1.0,1.0,0.0,653,14.979573085103073,23353.378965249685,42.31914612148183,1001.5218562997919,0.8627930921620451,1.828663354054076,0.0,0.0,0.0,1.0,0.5296971546956284,1.8845654198348185,0.0,0.0,1.0,1.0,999,0,0,0,0,0,999,0,0,0,0,653,1000,1000,core
3cj4_3cj4_conf0,generation,qwen_1p7b_bigdata_step74000,dynamic,1p7b_bigdata_step74000,qwen_1p7b_bigdata_step74000_dynamic,Qwen 1.7B bigdata (step 74000),qwen_1p7b_bigdata_step74000_dynamic,5,25,63,0.7,63,62,1,0.9841269841269841,90,63,27,0.7,"{""all_atoms_connected"":0,""bond_angles"":3,""bond_lengths"":2,""bonds"":0,""double_bond_stereochemistry"":0,""energy_ratio"":9,""file_loads"":0,""inchi_convertible"":0,""internal_steric_clash"":23,""molecular_formula"":0,""no_radicals"":0,""planar_aromatic_rings"":1,""planar_double_bonds"":0,""reference_file_loads"":0,""sanitisation"":0,""tetrahedral_chirality"":5}","{""all_atoms_connected"":0.0,""bond_angles"":0.03333333333333333,""bond_lengths"":0.022222222222222223,""bonds"":0.0,""double_bond_stereochemistry"":0.0,""energy_ratio"":0.1,""file_loads"":0.0,""inchi_convertible"":0.0,""internal_steric_clash"":0.25555555555555554,""molecular_formula"":0.0,""no_radicals"":0.0,""planar_aromatic_rings"":0.011111111111111112,""planar_double_bonds"":0.0,""reference_file_loads"":0.0,""sanitisation"":0.0,""tetrahedral_chirality"":0.05555555555555555}",63,95.62553839913271,1.9552224851590718,2.5460987161021884,62.0,98.41269841269842,0.9985451573677746,0.031746031746031744,61.62884685300788,0.016376921138825898,0.9838709677419355,37.0,58.73015873015873,0.9446785576424266,0.09523809523809523,30.3002730941194,0.04157218442932729,0.6216216216216216,4.0,6.349206349206349,0.7817161893313023,0.49206349206349204,2.955561782369944,0.3736457545981355,0.25,1.0,1.5873015873015872,0.0,1.0,1.0,1.0,0.0,63,23.591147671986597,254.95001136813505,39.23735846838208,33.44030450447029,0.9406822387078443,1.8314295634859308,0.0,0.0,0.0,1.0,0.5296971546956284,1.8540349733678378,0.0,0.0,1.0,1.0,999,0,0,0,0,0,90,0,0,0,0,63,90,90,core
3cj4_3cj4_conf0,generation,qwen_1p7b_bigdata_step74000,chembl_count,1p7b_bigdata_step74000,qwen_1p7b_bigdata_step74000_chembl_count,Qwen 1.7B bigdata (step 74000),qwen_1p7b_bigdata_step74000_chembl_count,5,25,124,0.7,124,116,8,0.9354838709677419,199,124,75,0.6231155778894473,"{""all_atoms_connected"":0,""bond_angles"":5,""bond_lengths"":0,""bonds"":0,""double_bond_stereochemistry"":0,""energy_ratio"":17,""file_loads"":0,""inchi_convertible"":0,""internal_steric_clash"":64,""molecular_formula"":0,""no_radicals"":0,""planar_aromatic_rings"":0,""planar_double_bonds"":0,""reference_file_loads"":0,""sanitisation"":0,""tetrahedral_chirality"":14}","{""all_atoms_connected"":0.0,""bond_angles"":0.02512562814070352,""bond_lengths"":0.0,""bonds"":0.0,""double_bond_stereochemistry"":0.0,""energy_ratio"":0.08542713567839195,""file_loads"":0.0,""inchi_convertible"":0.0,""internal_steric_clash"":0.32160804020100503,""molecular_formula"":0.0,""no_radicals"":0.0,""planar_aromatic_rings"":0.0,""planar_double_bonds"":0.0,""reference_file_loads"":0.0,""sanitisation"":0.0,""tetrahedral_chirality"":0.07035175879396985}",124,96.5101822224591,1.9492635678145571,2.5360821358872023,115.0,92.74193548387096,0.9920066441141142,0.024193548387096774,110.71996737497386,0.009625390218522371,0.9478260869565217,61.0,49.193548387096776,0.941558348056396,0.08064516129032258,47.972484387711056,0.02744536940686784,0.5081967213114754,6.0,4.838709677419355,0.8733628819392193,0.33064516129032256,4.7819873026150255,0.23048907388137355,0.0,2.0,1.6129032258064515,0.9680496640252924,0.6048387096774194,1.9561942867049544,0.5219823100936525,0.0,124,20.47094161449524,4189.836233023967,42.954096819022894,472.00880698947503,0.9524624727586782,1.8501388518643531,0.0,0.0,0.0,1.0,0.8989521688065376,1.8413699316722085,0.0,0.0,0.0,1.0,999,0,0,0,0,0,199,0,0,0,0,124,199,199,core
3dd0_3dd0_conf0,generation,qwen_1p7b_bigdata_step74000,fixed,1p7b_bigdata_step74000,qwen_1p7b_bigdata_step74000_fixed,Qwen 1.7B bigdata (step 74000),qwen_1p7b_bigdata_step74000_fixed,4,16,978,0.7,978,978,0,1.0,1000,978,22,0.978,"{""all_atoms_connected"":0,""bond_angles"":16,""bond_lengths"":6,""bonds"":0,""double_bond_stereochemistry"":0,""energy_ratio"":0,""file_loads"":0,""inchi_convertible"":0,""internal_steric_clash"":4,""molecular_formula"":0,""no_radicals"":0,""planar_aromatic_rings"":1,""planar_double_bonds"":0,""reference_file_loads"":0,""sanitisation"":0,""tetrahedral_chirality"":0}","{""all_atoms_connected"":0.0,""bond_angles"":0.016,""bond_lengths"":0.006,""bonds"":0.0,""double_bond_stereochemistry"":0.0,""energy_ratio"":0.0,""file_loads"":0.0,""inchi_convertible"":0.0,""internal_steric_clash"":0.004,""molecular_formula"":0.0,""no_radicals"":0.0,""planar_aromatic_rings"":0.001,""planar_double_bonds"":0.0,""reference_file_loads"":0.0,""sanitisation"":0.0,""tetrahedral_chirality"":0.0}",978,112.1312335872196,0.9619452013167533,1.2644144757469387,56.0,5.725971370143149,0.897787272184468,0.053169734151329244,37.11085498475424,0.03214899569673931,0.14285714285714285,5.0,0.5112474437627812,0.891111203617212,0.36503067484662577,4.196236932831614,0.2643306108622831,0.0,1.0,0.10224948875255624,0.0,1.0,1.0,1.0,0.0,1.0,0.10224948875255624,0.0,1.0,1.0,1.0,0.0,978,96.39436259743032,696.5038500598662,112.41325254906681,34.23244555802825,0.22162842039663294,0.9686766291138964,1.0,1.0,1.0,1.0,0.2414653593097634,0.9568184763147239,1.0,1.0,1.0,1.0,1000,0,0,0,0,0,1000,0,0,0,0,978,1000,1000,core
3dd0_3dd0_conf0,generation,qwen_1p7b_bigdata_step74000,dynamic,1p7b_bigdata_step74000,qwen_1p7b_bigdata_step74000_dynamic,Qwen 1.7B bigdata (step 74000),qwen_1p7b_bigdata_step74000_dynamic,4,16,67,0.7,67,67,0,1.0,68,67,1,0.9852941176470588,"{""all_atoms_connected"":0,""bond_angles"":0,""bond_lengths"":0,""bonds"":0,""double_bond_stereochemistry"":0,""energy_ratio"":0,""file_loads"":0,""inchi_convertible"":0,""internal_steric_clash"":0,""molecular_formula"":0,""no_radicals"":0,""planar_aromatic_rings"":1,""planar_double_bonds"":0,""reference_file_loads"":0,""sanitisation"":0,""tetrahedral_chirality"":0}","{""all_atoms_connected"":0.0,""bond_angles"":0.0,""bond_lengths"":0.0,""bonds"":0.0,""double_bond_stereochemistry"":0.0,""energy_ratio"":0.0,""file_loads"":0.0,""inchi_convertible"":0.0,""internal_steric_clash"":0.0,""molecular_formula"":0.0,""no_radicals"":0.0,""planar_aromatic_rings"":0.014705882352941176,""planar_double_bonds"":0.0,""reference_file_loads"":0.0,""sanitisation"":0.0,""tetrahedral_chirality"":0.0}",67,113.3435857556483,0.950484243774851,1.247476318201979,23.0,34.32835820895522,0.933513524917315,0.11940298507462686,18.672022076398015,0.0630429939852974,0.30434782608695654,4.0,5.970149253731344,0.9154787663196284,0.373134328358209,3.5577312467658726,0.3027400311873468,0.0,1.0,1.492537313432836,0.0,1.0,1.0,1.0,0.0,1.0,1.492537313432836,0.0,1.0,1.0,1.0,0.0,67,96.39436259743032,210.45697115248478,111.76749954090559,17.95544955394567,0.34751123003876544,0.92523141052921,0.0,1.0,1.0,1.0,0.26880465017827193,0.9080898087266259,0.0,1.0,1.0,1.0,1000,0,0,0,0,0,68,0,0,0,0,67,68,68,core
3dd0_3dd0_conf0,generation,qwen_1p7b_bigdata_step74000,chembl_count,1p7b_bigdata_step74000,qwen_1p7b_bigdata_step74000_chembl_count,Qwen 1.7B bigdata (step 74000),qwen_1p7b_bigdata_step74000_chembl_count,4,16,50,0.7,50,50,0,1.0,51,50,1,0.9803921568627452,"{""all_atoms_connected"":0,""bond_angles"":1,""bond_lengths"":0,""bonds"":0,""double_bond_stereochemistry"":0,""energy_ratio"":0,""file_loads"":0,""inchi_convertible"":0,""internal_steric_clash"":0,""molecular_formula"":0,""no_radicals"":0,""planar_aromatic_rings"":0,""planar_double_bonds"":0,""reference_file_loads"":0,""sanitisation"":0,""tetrahedral_chirality"":0}","{""all_atoms_connected"":0.0,""bond_angles"":0.0196078431372549,""bond_lengths"":0.0,""bonds"":0.0,""double_bond_stereochemistry"":0.0,""energy_ratio"":0.0,""file_loads"":0.0,""inchi_convertible"":0.0,""internal_steric_clash"":0.0,""molecular_formula"":0.0,""no_radicals"":0.0,""planar_aromatic_rings"":0.0,""planar_double_bonds"":0.0,""reference_file_loads"":0.0,""sanitisation"":0.0,""tetrahedral_chirality"":0.0}",50,111.48021615224127,0.9652572078587368,1.2558596661136974,20.0,40.0,0.9373925347019231,0.14,16.57966706845346,0.07120000000000001,0.3,3.0,6.0,0.9823377807251227,0.42,2.9423493401338967,0.3464,0.0,1.0,2.0,0.0,1.0,1.0,1.0,0.0,1.0,2.0,0.0,1.0,1.0,1.0,0.0,50,97.26935110697818,186.9645405735675,113.25147211927992,19.542347273354984,0.426772257928881,0.9922457744725929,0.0,1.0,1.0,1.0,0.4145695487781019,0.984919516981404,0.0,1.0,1.0,1.0,1000,0,0,0,0,0,51,0,0,0,0,50,51,51,core
3e92_3e92_conf0,generation,qwen_1p7b_bigdata_step74000,fixed,1p7b_bigdata_step74000,qwen_1p7b_bigdata_step74000_fixed,Qwen 1.7B bigdata (step 74000),qwen_1p7b_bigdata_step74000_fixed,4,26,935,0.7,935,931,4,0.9957219251336898,1000,935,65,0.935,"{""all_atoms_connected"":0,""bond_angles"":6,""bond_lengths"":7,""bonds"":0,""double_bond_stereochemistry"":0,""energy_ratio"":2,""file_loads"":0,""inchi_convertible"":0,""internal_steric_clash"":54,""molecular_formula"":0,""no_radicals"":0,""planar_aromatic_rings"":4,""planar_double_bonds"":0,""reference_file_loads"":0,""sanitisation"":0,""tetrahedral_chirality"":0}","{""all_atoms_connected"":0.0,""bond_angles"":0.006,""bond_lengths"":0.007,""bonds"":0.0,""double_bond_stereochemistry"":0.0,""energy_ratio"":0.002,""file_loads"":0.0,""inchi_convertible"":0.0,""internal_steric_clash"":0.054,""molecular_formula"":0.0,""no_radicals"":0.0,""planar_aromatic_rings"":0.004,""planar_double_bonds"":0.0,""reference_file_loads"":0.0,""sanitisation"":0.0,""tetrahedral_chirality"":0.0}",935,118.2210420960682,1.3993197697113822,1.8029503970712286,207.0,22.13903743315508,0.9221213511166003,0.02459893048128342,136.64876283070558,0.009726329034287513,0.33816425120772947,24.0,2.5668449197860963,0.8896450755941205,0.10909090909090909,16.90044478365356,0.06842746432554549,0.125,2.0,0.21390374331550802,0.9993059560543723,0.5155080213903743,1.999038082187474,0.5004809974548886,0.0,1.0,0.10695187165775401,0.0,1.0,1.0,1.0,0.0,935,57.51358506387358,5057.3291643891025,74.34554386340974,164.13085791859206,0.2800904510464347,1.4250151851303814,0.0,1.0,1.0,1.0,0.2015169480671312,1.4092268519070286,1.0,1.0,1.0,1.0,1000,0,0,0,0,0,1000,0,0,0,0,935,1000,1000,core
3e92_3e92_conf0,generation,qwen_1p7b_bigdata_step74000,dynamic,1p7b_bigdata_step74000,qwen_1p7b_bigdata_step74000_dynamic,Qwen 1.7B bigdata (step 74000),qwen_1p7b_bigdata_step74000_dynamic,4,26,65,0.7,65,65,0,1.0,68,65,3,0.9558823529411764,"{""all_atoms_connected"":0,""bond_angles"":1,""bond_lengths"":0,""bonds"":0,""double_bond_stereochemistry"":0,""energy_ratio"":0,""file_loads"":0,""inchi_convertible"":0,""internal_steric_clash"":2,""molecular_formula"":0,""no_radicals"":0,""planar_aromatic_rings"":0,""planar_double_bonds"":0,""reference_file_loads"":0,""sanitisation"":0,""tetrahedral_chirality"":0}","{""all_atoms_connected"":0.0,""bond_angles"":0.014705882352941176,""bond_lengths"":0.0,""bonds"":0.0,""double_bond_stereochemistry"":0.0,""energy_ratio"":0.0,""file_loads"":0.0,""inchi_convertible"":0.0,""internal_steric_clash"":0.029411764705882353,""molecular_formula"":0.0,""no_radicals"":0.0,""planar_aromatic_rings"":0.0,""planar_double_bonds"":0.0,""reference_file_loads"":0.0,""sanitisation"":0.0,""tetrahedral_chirality"":0.0}",65,117.31537313213111,1.4042560819347762,1.821865618704447,47.0,72.3076923076923,0.9761419230924602,0.046153846153846156,42.87506768411377,0.02579881656804734,0.7021276595744681,11.0,16.923076923076923,0.9437092536126243,0.15384615384615385,9.611073834798203,0.11384615384615386,0.0,1.0,1.5384615384615385,0.0,1.0,1.0,1.0,0.0,1.0,1.5384615384615385,0.0,1.0,1.0,1.0,0.0,65,57.51358506387358,118.49855540184834,72.98035944449128,12.79240246898142,0.4895497232474912,1.4316553980892381,0.0,1.0,1.0,1.0,0.47685274504386377,1.440800637743694,0.0,1.0,1.0,1.0,1000,0,0,0,0,0,68,0,0,0,0,65,68,68,core
3e92_3e92_conf0,generation,qwen_1p7b_bigdata_step74000,chembl_count,1p7b_bigdata_step74000,qwen_1p7b_bigdata_step74000_chembl_count,Qwen 1.7B bigdata (step 74000),qwen_1p7b_bigdata_step74000_chembl_count,4,26,129,0.7,129,128,1,0.9922480620155039,134,129,5,0.9626865671641792,"{""all_atoms_connected"":0,""bond_angles"":0,""bond_lengths"":1,""bonds"":0,""double_bond_stereochemistry"":0,""energy_ratio"":0,""file_loads"":0,""inchi_convertible"":0,""internal_steric_clash"":4,""molecular_formula"":0,""no_radicals"":0,""planar_aromatic_rings"":0,""planar_double_bonds"":0,""reference_file_loads"":0,""sanitisation"":0,""tetrahedral_chirality"":0}","{""all_atoms_connected"":0.0,""bond_angles"":0.0,""bond_lengths"":0.007462686567164179,""bonds"":0.0,""double_bond_stereochemistry"":0.0,""energy_ratio"":0.0,""file_loads"":0.0,""inchi_convertible"":0.0,""internal_steric_clash"":0.029850746268656716,""molecular_formula"":0.0,""no_radicals"":0.0,""planar_aromatic_rings"":0.0,""planar_double_bonds"":0.0,""reference_file_loads"":0.0,""sanitisation"":0.0,""tetrahedral_chirality"":0.0}",129,119.96858099251081,1.4029076777738931,1.8091937231927864,78.0,60.46511627906977,0.9595812583161827,0.046511627906976744,65.40614001201013,0.01844841055225047,0.6538461538461539,18.0,13.953488372093023,0.9368128884615529,0.11627906976744186,14.995310445319806,0.07397391983654829,0.05555555555555555,1.0,0.7751937984496124,0.0,1.0,1.0,1.0,0.0,1.0,0.7751937984496124,0.0,1.0,1.0,1.0,0.0,129,57.51358506387358,484.5680913320613,73.41585310455076,38.5746210542152,0.38638177623984366,1.4460923623019637,0.0,1.0,1.0,1.0,0.3231413614213601,1.4307347326492441,0.0,1.0,1.0,1.0,1000,0,0,0,0,0,134,0,0,0,0,129,134,134,core
3e93_3e93_conf0,generation,qwen_1p7b_bigdata_step74000,fixed,1p7b_bigdata_step74000,qwen_1p7b_bigdata_step74000_fixed,Qwen 1.7B bigdata (step 74000),qwen_1p7b_bigdata_step74000_fixed,5,37,927,0.7,927,922,5,0.9946062567421791,999,927,72,0.927927927927928,"{""all_atoms_connected"":0,""bond_angles"":53,""bond_lengths"":46,""bonds"":0,""double_bond_stereochemistry"":0,""energy_ratio"":13,""file_loads"":0,""inchi_convertible"":0,""internal_steric_clash"":44,""molecular_formula"":0,""no_radicals"":0,""planar_aromatic_rings"":1,""planar_double_bonds"":0,""reference_file_loads"":0,""sanitisation"":0,""tetrahedral_chirality"":0}","{""all_atoms_connected"":0.0,""bond_angles"":0.05305305305305305,""bond_lengths"":0.04604604604604605,""bonds"":0.0,""double_bond_stereochemistry"":0.0,""energy_ratio"":0.013013013013013013,""file_loads"":0.0,""inchi_convertible"":0.0,""internal_steric_clash"":0.044044044044044044,""molecular_formula"":0.0,""no_radicals"":0.0,""planar_aromatic_rings"":0.001001001001001001,""planar_double_bonds"":0.0,""reference_file_loads"":0.0,""sanitisation"":0.0,""tetrahedral_chirality"":0.0}",927,123.99199125116314,1.970699320590805,2.5994867161958086,818.0,88.24163969795038,0.9925292793313277,0.004314994606256742,778.023898460957,0.0013859650960225942,0.8899755501222494,172.0,18.554476806903992,0.9096063884739944,0.03559870550161812,108.0067646427939,0.013027606423151086,0.27906976744186046,14.0,1.5102481121898597,0.6917964116134416,0.325782092772384,6.207078849502015,0.20594789655649925,0.21428571428571427,2.0,0.21574973031283712,0.5529539084560643,0.8716289104638619,1.4670864726117425,0.7762160941851142,0.0,927,146.3717968000522,19349.661482036918,174.44927820785458,632.8945570092787,0.5202726955428026,1.886466463452593,0.0,0.0,1.0,1.0,0.5434204475121914,1.8837918614495066,0.0,0.0,1.0,1.0,999,0,0,0,0,0,999,0,0,0,0,927,1000,1000,core
3e93_3e93_conf0,generation,qwen_1p7b_bigdata_step74000,dynamic,1p7b_bigdata_step74000,qwen_1p7b_bigdata_step74000_dynamic,Qwen 1.7B bigdata (step 74000),qwen_1p7b_bigdata_step74000_dynamic,5,37,83,0.7,83,83,0,1.0,90,83,7,0.9222222222222224,"{""all_atoms_connected"":0,""bond_angles"":5,""bond_lengths"":6,""bonds"":0,""double_bond_stereochemistry"":0,""energy_ratio"":0,""file_loads"":0,""inchi_convertible"":0,""internal_steric_clash"":2,""molecular_formula"":0,""no_radicals"":0,""planar_aromatic_rings"":0,""planar_double_bonds"":0,""reference_file_loads"":0,""sanitisation"":0,""tetrahedral_chirality"":0}","{""all_atoms_connected"":0.0,""bond_angles"":0.05555555555555555,""bond_lengths"":0.06666666666666667,""bonds"":0.0,""double_bond_stereochemistry"":0.0,""energy_ratio"":0.0,""file_loads"":0.0,""inchi_convertible"":0.0,""internal_steric_clash"":0.022222222222222223,""molecular_formula"":0.0,""no_radicals"":0.0,""planar_aromatic_rings"":0.0,""planar_double_bonds"":0.0,""reference_file_loads"":0.0,""sanitisation"":0.0,""tetrahedral_chirality"":0.0}",83,121.34188333947594,2.0311184314515325,2.784431857221774,82.0,98.79518072289157,0.9989604554066526,0.024096385542168676,81.62521863283611,0.012338510669182751,0.9878048780487805,40.0,48.19277108433735,0.9151956492545492,0.14457831325301204,29.25488086772063,0.04862824793148497,0.6,6.0,7.228915662650603,0.7876424288755898,0.40963855421686746,4.101143266400478,0.27681811583684135,0.3333333333333333,2.0,2.4096385542168677,0.16386051286915843,0.9759036144578314,1.1202808944746514,0.9529685005080564,0.0,83,150.140297265149,210.84640227724321,173.8150460879533,12.112593960368132,0.6672974262640529,1.9006787948278798,0.0,0.0,1.0,1.0,0.7408942676859175,1.8998366870761767,0.0,0.0,1.0,1.0,999,0,0,0,0,0,90,0,0,0,0,83,90,90,core
3e93_3e93_conf0,generation,qwen_1p7b_bigdata_step74000,chembl_count,1p7b_bigdata_step74000,qwen_1p7b_bigdata_step74000_chembl_count,Qwen 1.7B bigdata (step 74000),qwen_1p7b_bigdata_step74000_chembl_count,5,37,185,0.7,185,185,0,1.0,200,185,15,0.925,"{""all_atoms_connected"":0,""bond_angles"":12,""bond_lengths"":10,""bonds"":0,""double_bond_stereochemistry"":0,""energy_ratio"":3,""file_loads"":0,""inchi_convertible"":0,""internal_steric_clash"":8,""molecular_formula"":0,""no_radicals"":0,""planar_aromatic_rings"":0,""planar_double_bonds"":0,""reference_file_loads"":0,""sanitisation"":0,""tetrahedral_chirality"":0}","{""all_atoms_connected"":0.0,""bond_angles"":0.06,""bond_lengths"":0.05,""bonds"":0.0,""double_bond_stereochemistry"":0.0,""energy_ratio"":0.015,""file_loads"":0.0,""inchi_convertible"":0.0,""internal_steric_clash"":0.04,""molecular_formula"":0.0,""no_radicals"":0.0,""planar_aromatic_rings"":0.0,""planar_double_bonds"":0.0,""reference_file_loads"":0.0,""sanitisation"":0.0,""tetrahedral_chirality"":0.0}",185,125.0771090222248,2.0786367415937086,2.736390133986259,180.0,97.29729729729729,0.9980611352517667,0.010810810810810811,178.19677369614766,0.005697589481373265,0.9722222222222222,79.0,42.7027027027027,0.9202699233560868,0.08648648648648649,55.76081821965481,0.02620891161431703,0.5063291139240507,9.0,4.864864864864865,0.7664549168306943,0.3891891891891892,5.387457574955317,0.23471146822498176,0.2222222222222222,2.0,1.0810810810810811,0.08612162048398905,0.9891891891891892,1.0615126916485764,0.9786121256391527,0.0,185,148.8705218081513,484.47922954263765,173.9647875083523,27.04691903758974,0.5202726955428026,1.894449074874883,0.0,0.0,1.0,1.0,0.5445660104781821,1.8894731368604873,0.0,0.0,1.0,1.0,999,0,0,0,0,0,200,0,0,0,0,185,200,200,core
3ehy_3ehy_conf0,generation,qwen_1p7b_bigdata_step74000,fixed,1p7b_bigdata_step74000,qwen_1p7b_bigdata_step74000_fixed,Qwen 1.7B bigdata (step 74000),qwen_1p7b_bigdata_step74000_fixed,5,17,866,0.7,866,863,3,0.9965357967667436,998,866,132,0.8677354709418837,"{""all_atoms_connected"":0,""bond_angles"":7,""bond_lengths"":3,""bonds"":0,""double_bond_stereochemistry"":0,""energy_ratio"":6,""file_loads"":0,""inchi_convertible"":0,""internal_steric_clash"":32,""molecular_formula"":0,""no_radicals"":0,""planar_aromatic_rings"":1,""planar_double_bonds"":0,""reference_file_loads"":0,""sanitisation"":0,""tetrahedral_chirality"":104}","{""all_atoms_connected"":0.0,""bond_angles"":0.0070140280561122245,""bond_lengths"":0.003006012024048096,""bonds"":0.0,""double_bond_stereochemistry"":0.0,""energy_ratio"":0.006012024048096192,""file_loads"":0.0,""inchi_convertible"":0.0,""internal_steric_clash"":0.03206412825651302,""molecular_formula"":0.0,""no_radicals"":0.0,""planar_aromatic_rings"":0.001002004008016032,""planar_double_bonds"":0.0,""reference_file_loads"":0.0,""sanitisation"":0.0,""tetrahedral_chirality"":0.10420841683366733}",866,73.12231779605585,1.1819069705045608,1.5662169094968534,102.0,11.778290993071593,0.9161177515163172,0.03695150115473441,69.20130318019757,0.01771303916496435,0.16666666666666666,10.0,1.1547344110854503,0.8925687328359444,0.20785219399538107,7.808520104999265,0.14368576289809004,0.0,1.0,0.11547344110854503,0.0,1.0,1.0,1.0,0.0,1.0,0.11547344110854503,0.0,1.0,1.0,1.0,0.0,866,35.18299120703703,161.95890890944344,54.08425293218855,14.625299331663665,0.3830573945984839,1.1217888358955055,0.0,1.0,1.0,1.0,0.4512520620117121,1.1384886984296736,0.0,1.0,1.0,1.0,998,0,0,0,0,0,998,0,0,0,0,866,1000,1000,core
3ehy_3ehy_conf0,generation,qwen_1p7b_bigdata_step74000,dynamic,1p7b_bigdata_step74000,qwen_1p7b_bigdata_step74000_dynamic,Qwen 1.7B bigdata (step 74000),qwen_1p7b_bigdata_step74000_dynamic,5,17,83,0.7,83,83,0,1.0,90,83,7,0.9222222222222224,"{""all_atoms_connected"":0,""bond_angles"":0,""bond_lengths"":0,""bonds"":0,""double_bond_stereochemistry"":0,""energy_ratio"":0,""file_loads"":0,""inchi_convertible"":0,""internal_steric_clash"":2,""molecular_formula"":0,""no_radicals"":0,""planar_aromatic_rings"":0,""planar_double_bonds"":0,""reference_file_loads"":0,""sanitisation"":0,""tetrahedral_chirality"":5}","{""all_atoms_connected"":0.0,""bond_angles"":0.0,""bond_lengths"":0.0,""bonds"":0.0,""double_bond_stereochemistry"":0.0,""energy_ratio"":0.0,""file_loads"":0.0,""inchi_convertible"":0.0,""internal_steric_clash"":0.022222222222222223,""molecular_formula"":0.0,""no_radicals"":0.0,""planar_aromatic_rings"":0.0,""planar_double_bonds"":0.0,""reference_file_loads"":0.0,""sanitisation"":0.0,""tetrahedral_chirality"":0.05555555555555555}",83,71.51807881360513,1.1397710900528022,1.5215119119969767,42.0,50.602409638554214,0.9415570860010714,0.07228915662650602,33.75840131610159,0.03614457831325301,0.5714285714285714,7.0,8.433734939759036,0.9506329924331531,0.24096385542168675,6.35884265305256,0.16940049354042677,0.0,1.0,1.2048192771084338,0.0,1.0,1.0,1.0,0.0,1.0,1.2048192771084338,0.0,1.0,1.0,1.0,0.0,83,39.54894947396397,92.60580104349845,53.27432935507407,10.13099555791781,0.5065606877736812,1.0792446934792228,0.0,0.0,1.0,1.0,0.48018049054212014,1.0771323865933768,0.0,1.0,1.0,1.0,998,0,0,0,0,0,90,0,0,0,0,83,90,90,core
3ehy_3ehy_conf0,generation,qwen_1p7b_bigdata_step74000,chembl_count,1p7b_bigdata_step74000,qwen_1p7b_bigdata_step74000_chembl_count,Qwen 1.7B bigdata (step 74000),qwen_1p7b_bigdata_step74000_chembl_count,5,17,20,0.7,20,20,0,1.0,25,20,5,0.8,"{""all_atoms_connected"":0,""bond_angles"":0,""bond_lengths"":0,""bonds"":0,""double_bond_stereochemistry"":0,""energy_ratio"":0,""file_loads"":0,""inchi_convertible"":0,""internal_steric_clash"":0,""molecular_formula"":0,""no_radicals"":0,""planar_aromatic_rings"":0,""planar_double_bonds"":0,""reference_file_loads"":0,""sanitisation"":0,""tetrahedral_chirality"":5}","{""all_atoms_connected"":0.0,""bond_angles"":0.0,""bond_lengths"":0.0,""bonds"":0.0,""double_bond_stereochemistry"":0.0,""energy_ratio"":0.0,""file_loads"":0.0,""inchi_convertible"":0.0,""internal_steric_clash"":0.0,""molecular_formula"":0.0,""no_radicals"":0.0,""planar_aromatic_rings"":0.0,""planar_double_bonds"":0.0,""reference_file_loads"":0.0,""sanitisation"":0.0,""tetrahedral_chirality"":0.2}",20,60.06047654491307,1.062340762797217,1.4569563559666645,12.0,60.0,0.9439941754198046,0.2,10.44096910046836,0.11000000000000003,0.5833333333333334,5.0,25.0,0.8976090708271023,0.4,4.240351086068419,0.26500000000000007,0.2,1.0,5.0,0.0,1.0,1.0,1.0,0.0,1.0,5.0,0.0,1.0,1.0,1.0,0.0,20,42.063492497095865,67.9252504789361,52.72792196371628,6.245081113913659,0.5065606877736812,0.8549206914045673,0.0,0.0,1.0,1.0,0.4938028671453704,0.9607326250102051,0.0,1.0,1.0,1.0,998,0,0,0,0,0,25,0,0,0,0,20,25,25,core
3fcq_3fcq_conf0,generation,qwen_1p7b_bigdata_step74000,fixed,1p7b_bigdata_step74000,qwen_1p7b_bigdata_step74000_fixed,Qwen 1.7B bigdata (step 74000),qwen_1p7b_bigdata_step74000_fixed,2,14,903,0.7,903,901,2,0.9977851605758582,1000,903,97,0.903,"{""all_atoms_connected"":0,""bond_angles"":6,""bond_lengths"":5,""bonds"":0,""double_bond_stereochemistry"":0,""energy_ratio"":15,""file_loads"":0,""inchi_convertible"":0,""internal_steric_clash"":93,""molecular_formula"":0,""no_radicals"":0,""planar_aromatic_rings"":0,""planar_double_bonds"":0,""reference_file_loads"":0,""sanitisation"":0,""tetrahedral_chirality"":0}","{""all_atoms_connected"":0.0,""bond_angles"":0.006,""bond_lengths"":0.005,""bonds"":0.0,""double_bond_stereochemistry"":0.0,""energy_ratio"":0.015,""file_loads"":0.0,""inchi_convertible"":0.0,""internal_steric_clash"":0.093,""molecular_formula"":0.0,""no_radicals"":0.0,""planar_aromatic_rings"":0.0,""planar_double_bonds"":0.0,""reference_file_loads"":0.0,""sanitisation"":0.0,""tetrahedral_chirality"":0.0}",903,111.2832622316829,0.9269476905206735,1.1909871730857082,42.0,4.651162790697675,0.8626655158437697,0.12846068660022147,25.137448071288617,0.05430771551454546,0.11904761904761904,5.0,0.5537098560354374,0.9541604033728507,0.32558139534883723,4.644398769052873,0.2307271565557898,0.0,1.0,0.11074197120708748,0.0,1.0,1.0,1.0,0.0,1.0,0.11074197120708748,0.0,1.0,1.0,1.0,0.0,903,33.74983733320214,6913.515265279657,54.399263517437085,228.38829015162577,0.10069132680440575,1.0055011608183595,1.0,1.0,1.0,1.0,0.18484270898087235,0.9866670094289245,1.0,1.0,1.0,1.0,1000,0,0,0,0,0,1000,0,0,0,0,903,1000,1000,core
3fcq_3fcq_conf0,generation,qwen_1p7b_bigdata_step74000,dynamic,1p7b_bigdata_step74000,qwen_1p7b_bigdata_step74000_dynamic,Qwen 1.7B bigdata (step 74000),qwen_1p7b_bigdata_step74000_dynamic,2,14,21,0.7,21,21,0,1.0,24,21,3,0.875,"{""all_atoms_connected"":0,""bond_angles"":0,""bond_lengths"":0,""bonds"":0,""double_bond_stereochemistry"":0,""energy_ratio"":1,""file_loads"":0,""inchi_convertible"":0,""internal_steric_clash"":3,""molecular_formula"":0,""no_radicals"":0,""planar_aromatic_rings"":0,""planar_double_bonds"":0,""reference_file_loads"":0,""sanitisation"":0,""tetrahedral_chirality"":0}","{""all_atoms_connected"":0.0,""bond_angles"":0.0,""bond_lengths"":0.0,""bonds"":0.0,""double_bond_stereochemistry"":0.0,""energy_ratio"":0.041666666666666664,""file_loads"":0.0,""inchi_convertible"":0.0,""internal_steric_clash"":0.125,""molecular_formula"":0.0,""no_radicals"":0.0,""planar_aromatic_rings"":0.0,""planar_double_bonds"":0.0,""reference_file_loads"":0.0,""sanitisation"":0.0,""tetrahedral_chirality"":0.0}",21,113.63906876429887,0.913812032969902,1.148012416256854,9.0,42.857142857142854,0.942321991927636,0.19047619047619047,7.92873133940639,0.1383219954648526,0.3333333333333333,3.0,14.285714285714286,0.8946747982463996,0.5238095238095238,2.672196324504996,0.40589569160997735,0.0,1.0,4.761904761904762,0.0,1.0,1.0,1.0,0.0,1.0,4.761904761904762,0.0,1.0,1.0,1.0,0.0,21,40.72352994086165,73.25445591655424,55.98301816699143,10.553881546742,0.34294173236030034,0.9884100219707491,0.0,1.0,1.0,1.0,0.28204485246256633,0.9920683438605626,0.0,1.0,1.0,1.0,1000,0,0,0,0,0,24,0,0,0,0,21,24,24,core
3fcq_3fcq_conf0,generation,qwen_1p7b_bigdata_step74000,chembl_count,1p7b_bigdata_step74000,qwen_1p7b_bigdata_step74000_chembl_count,Qwen 1.7B bigdata (step 74000),qwen_1p7b_bigdata_step74000_chembl_count,2,14,2,0.7,2,2,0,1.0,2,2,0,1.0,"{""all_atoms_connected"":0,""bond_angles"":0,""bond_lengths"":0,""bonds"":0,""double_bond_stereochemistry"":0,""energy_ratio"":0,""file_loads"":0,""inchi_convertible"":0,""internal_steric_clash"":0,""molecular_formula"":0,""no_radicals"":0,""planar_aromatic_rings"":0,""planar_double_bonds"":0,""reference_file_loads"":0,""sanitisation"":0,""tetrahedral_chirality"":0}","{""all_atoms_connected"":0.0,""bond_angles"":0.0,""bond_lengths"":0.0,""bonds"":0.0,""double_bond_stereochemistry"":0.0,""energy_ratio"":0.0,""file_loads"":0.0,""inchi_convertible"":0.0,""internal_steric_clash"":0.0,""molecular_formula"":0.0,""no_radicals"":0.0,""planar_aromatic_rings"":0.0,""planar_double_bonds"":0.0,""reference_file_loads"":0.0,""sanitisation"":0.0,""tetrahedral_chirality"":0.0}",2,88.78186404615764,0.9584503876002197,0.9584503876002197,2.0,100.0,1.0,0.5,2.0,0.5,1.0,1.0,50.0,0.0,1.0,1.0,1.0,0.0,1.0,50.0,0.0,1.0,1.0,1.0,0.0,1.0,50.0,0.0,1.0,1.0,1.0,0.0,2,52.53980675118244,76.02733849482193,64.28357262300219,11.743765871819747,1.0555663788122118,1.081964755182658,0.0,0.0,0.0,1.0,0.9642133835485354,1.0218679800340733,0.0,0.0,0.0,1.0,1000,0,0,0,0,0,2,0,0,0,0,2,2,2,core
3fur_3fur_conf0,generation,qwen_1p7b_bigdata_step74000,fixed,1p7b_bigdata_step74000,qwen_1p7b_bigdata_step74000_fixed,Qwen 1.7B bigdata (step 74000),qwen_1p7b_bigdata_step74000_fixed,5,31,861,0.7,861,855,6,0.9930313588850174,998,861,137,0.8627254509018036,"{""all_atoms_connected"":0,""bond_angles"":42,""bond_lengths"":32,""bonds"":0,""double_bond_stereochemistry"":0,""energy_ratio"":46,""file_loads"":0,""inchi_convertible"":0,""internal_steric_clash"":119,""molecular_formula"":0,""no_radicals"":0,""planar_aromatic_rings"":14,""planar_double_bonds"":0,""reference_file_loads"":0,""sanitisation"":0,""tetrahedral_chirality"":0}","{""all_atoms_connected"":0.0,""bond_angles"":0.04208416833667335,""bond_lengths"":0.03206412825651302,""bonds"":0.0,""double_bond_stereochemistry"":0.0,""energy_ratio"":0.04609218436873747,""file_loads"":0.0,""inchi_convertible"":0.0,""internal_steric_clash"":0.11923847695390781,""molecular_formula"":0.0,""no_radicals"":0.0,""planar_aromatic_rings"":0.014028056112224449,""planar_double_bonds"":0.0,""reference_file_loads"":0.0,""sanitisation"":0.0,""tetrahedral_chirality"":0.0}",861,101.79420219925807,2.129486979380579,2.713021118621504,712.0,82.69454123112659,0.9892234770410016,0.005807200929152149,663.3460959580839,0.001663247095387828,0.8328651685393258,206.0,23.925667828106853,0.9502108607992741,0.017421602787456445,158.00170128214143,0.007703815216350272,0.21844660194174756,10.0,1.1614401858304297,0.9031043548658048,0.2229965156794425,8.000264670395422,0.14088228985823956,0.0,2.0,0.23228803716608595,0.9578942363875212,0.6202090592334495,1.9424725836843106,0.5289004358435819,0.0,861,73.48293327451314,336033.8241775704,97.0166741513215,11474.000145935466,0.549549113839734,2.311642187658246,0.0,0.0,1.0,1.0,0.5645884774922643,2.308713351150006,0.0,0.0,1.0,1.0,998,0,0,0,0,0,998,0,0,0,0,861,1000,1000,core
3fur_3fur_conf0,generation,qwen_1p7b_bigdata_step74000,dynamic,1p7b_bigdata_step74000,qwen_1p7b_bigdata_step74000_dynamic,Qwen 1.7B bigdata (step 74000),qwen_1p7b_bigdata_step74000_dynamic,5,31,77,0.7,77,75,2,0.974025974025974,90,77,13,0.8555555555555555,"{""all_atoms_connected"":0,""bond_angles"":5,""bond_lengths"":3,""bonds"":0,""double_bond_stereochemistry"":0,""energy_ratio"":4,""file_loads"":0,""inchi_convertible"":0,""internal_steric_clash"":11,""molecular_formula"":0,""no_radicals"":0,""planar_aromatic_rings"":2,""planar_double_bonds"":0,""reference_file_loads"":0,""sanitisation"":0,""tetrahedral_chirality"":0}","{""all_atoms_connected"":0.0,""bond_angles"":0.05555555555555555,""bond_lengths"":0.03333333333333333,""bonds"":0.0,""double_bond_stereochemistry"":0.0,""energy_ratio"":0.044444444444444446,""file_loads"":0.0,""inchi_convertible"":0.0,""internal_steric_clash"":0.12222222222222222,""molecular_formula"":0.0,""no_radicals"":0.0,""planar_aromatic_rings"":0.022222222222222223,""planar_double_bonds"":0.0,""reference_file_loads"":0.0,""sanitisation"":0.0,""tetrahedral_chirality"":0.0}",77,100.42272311712262,2.1489607657138365,2.7484643212422935,75.0,97.40259740259741,0.9977555612960192,0.025974025974025976,74.27673469517747,0.013661663012312364,0.9733333333333334,58.0,75.32467532467533,0.9805202254126344,0.03896103896103896,53.58914323508243,0.020408163265306124,0.7241379310344828,7.0,9.090909090909092,0.9071178848064351,0.3246753246753247,5.842564916398911,0.19851576994434136,0.0,1.0,1.2987012987012987,0.0,1.0,1.0,1.0,0.0,77,76.50223649805488,1116.7176159720993,99.00646698754164,121.21255549544286,1.2293708268517813,2.3072115939787547,0.0,0.0,0.0,1.0,1.2649163119875624,2.3039900974266847,0.0,0.0,0.0,1.0,998,0,0,0,0,0,90,0,0,0,0,77,90,90,core
3fur_3fur_conf0,generation,qwen_1p7b_bigdata_step74000,chembl_count,1p7b_bigdata_step74000,qwen_1p7b_bigdata_step74000_chembl_count,Qwen 1.7B bigdata (step 74000),qwen_1p7b_bigdata_step74000_chembl_count,5,31,74,0.7,74,74,0,1.0,86,74,12,0.8604651162790697,"{""all_atoms_connected"":0,""bond_angles"":3,""bond_lengths"":3,""bonds"":0,""double_bond_stereochemistry"":0,""energy_ratio"":3,""file_loads"":0,""inchi_convertible"":0,""internal_steric_clash"":10,""molecular_formula"":0,""no_radicals"":0,""planar_aromatic_rings"":1,""planar_double_bonds"":0,""reference_file_loads"":0,""sanitisation"":0,""tetrahedral_chirality"":0}","{""all_atoms_connected"":0.0,""bond_angles"":0.03488372093023256,""bond_lengths"":0.03488372093023256,""bonds"":0.0,""double_bond_stereochemistry"":0.0,""energy_ratio"":0.03488372093023256,""file_loads"":0.0,""inchi_convertible"":0.0,""internal_steric_clash"":0.11627906976744186,""molecular_formula"":0.0,""no_radicals"":0.0,""planar_aromatic_rings"":0.011627906976744186,""planar_double_bonds"":0.0,""reference_file_loads"":0.0,""sanitisation"":0.0,""tetrahedral_chirality"":0.0}",74,101.95480729133301,2.070979433606108,2.628329673905816,72.0,97.29729729729729,0.9976457266718767,0.02702702702702703,71.27870947845906,0.014243973703433166,0.9722222222222222,51.0,68.91891891891892,0.9701624632851664,0.05405405405405406,45.35451093897704,0.025200876552227906,0.6862745098039216,5.0,6.756756756756757,0.8728320209161204,0.33783783783783783,4.074585181860729,0.2699050401753104,0.0,1.0,1.3513513513513513,0.0,1.0,1.0,1.0,0.0,74,80.26356145512122,163.44924076555014,99.02969312587994,18.369119965067977,1.3702741944296533,2.3052006323077947,0.0,0.0,0.0,1.0,1.3810024704113493,2.3066933777770107,0.0,0.0,0.0,1.0,998,0,0,0,0,0,86,0,0,0,0,74,86,86,core
3g2z_3g2z_conf0,generation,qwen_1p7b_bigdata_step74000,fixed,1p7b_bigdata_step74000,qwen_1p7b_bigdata_step74000_fixed,Qwen 1.7B bigdata (step 74000),qwen_1p7b_bigdata_step74000_fixed,2,13,981,0.7,981,981,0,1.0,999,981,18,0.981981981981982,"{""all_atoms_connected"":0,""bond_angles"":10,""bond_lengths"":16,""bonds"":0,""double_bond_stereochemistry"":0,""energy_ratio"":0,""file_loads"":0,""inchi_convertible"":0,""internal_steric_clash"":1,""molecular_formula"":0,""no_radicals"":0,""planar_aromatic_rings"":0,""planar_double_bonds"":0,""reference_file_loads"":0,""sanitisation"":0,""tetrahedral_chirality"":0}","{""all_atoms_connected"":0.0,""bond_angles"":0.01001001001001001,""bond_lengths"":0.016016016016016016,""bonds"":0.0,""double_bond_stereochemistry"":0.0,""energy_ratio"":0.0,""file_loads"":0.0,""inchi_convertible"":0.0,""internal_steric_clash"":0.001001001001001001,""molecular_formula"":0.0,""no_radicals"":0.0,""planar_aromatic_rings"":0.0,""planar_double_bonds"":0.0,""reference_file_loads"":0.0,""sanitisation"":0.0,""tetrahedral_chirality"":0.0}",981,105.19348634254591,0.8709073012620628,1.2842463618059834,22.0,2.2426095820591234,0.8285560084844097,0.16309887869520898,12.950077817623956,0.09887661698676485,0.09090909090909091,3.0,0.3058103975535168,0.9997832813353544,0.3394495412844037,2.9992858156588835,0.33349127822095864,0.0,1.0,0.1019367991845056,0.0,1.0,1.0,1.0,0.0,1.0,0.1019367991845056,0.0,1.0,1.0,1.0,0.0,981,29.811228384889702,7103.424980975943,47.38427355936743,225.43313966354415,0.09474135185958854,1.0266506931024582,1.0,1.0,1.0,1.0,0.09038854690953886,1.0021452707444396,1.0,1.0,1.0,1.0,999,0,0,0,0,0,999,0,0,0,0,981,1000,1000,core
3g2z_3g2z_conf0,generation,qwen_1p7b_bigdata_step74000,dynamic,1p7b_bigdata_step74000,qwen_1p7b_bigdata_step74000_dynamic,Qwen 1.7B bigdata (step 74000),qwen_1p7b_bigdata_step74000_dynamic,2,13,24,0.7,24,24,0,1.0,24,24,0,1.0,"{""all_atoms_connected"":0,""bond_angles"":0,""bond_lengths"":0,""bonds"":0,""double_bond_stereochemistry"":0,""energy_ratio"":0,""file_loads"":0,""inchi_convertible"":0,""internal_steric_clash"":0,""molecular_formula"":0,""no_radicals"":0,""planar_aromatic_rings"":0,""planar_double_bonds"":0,""reference_file_loads"":0,""sanitisation"":0,""tetrahedral_chirality"":0}","{""all_atoms_connected"":0.0,""bond_angles"":0.0,""bond_lengths"":0.0,""bonds"":0.0,""double_bond_stereochemistry"":0.0,""energy_ratio"":0.0,""file_loads"":0.0,""inchi_convertible"":0.0,""internal_steric_clash"":0.0,""molecular_formula"":0.0,""no_radicals"":0.0,""planar_aromatic_rings"":0.0,""planar_double_bonds"":0.0,""reference_file_loads"":0.0,""sanitisation"":0.0,""tetrahedral_chirality"":0.0}",24,89.6917994044469,0.9215788079073555,1.3762447452307447,8.0,33.333333333333336,0.9070839453348223,0.25,6.594447702104847,0.1736111111111111,0.25,2.0,8.333333333333334,1.0,0.5,2.0,0.5,0.0,1.0,4.166666666666667,0.0,1.0,1.0,1.0,0.0,1.0,4.166666666666667,0.0,1.0,1.0,1.0,0.0,24,35.277664002129235,107.83157724977535,52.85967821390839,15.72416201531239,0.26237327914463626,0.7562333930445309,0.0,1.0,1.0,1.0,0.18133866505037655,0.754545163322103,1.0,1.0,1.0,1.0,999,0,0,0,0,0,24,0,0,0,0,24,24,24,core
3g2z_3g2z_conf0,generation,qwen_1p7b_bigdata_step74000,chembl_count,1p7b_bigdata_step74000,qwen_1p7b_bigdata_step74000_chembl_count,Qwen 1.7B bigdata (step 74000),qwen_1p7b_bigdata_step74000_chembl_count,2,13,6,0.7,6,6,0,1.0,6,6,0,1.0,"{""all_atoms_connected"":0,""bond_angles"":0,""bond_lengths"":0,""bonds"":0,""double_bond_stereochemistry"":0,""energy_ratio"":0,""file_loads"":0,""inchi_convertible"":0,""internal_steric_clash"":0,""molecular_formula"":0,""no_radicals"":0,""planar_aromatic_rings"":0,""planar_double_bonds"":0,""reference_file_loads"":0,""sanitisation"":0,""tetrahedral_chirality"":0}","{""all_atoms_connected"":0.0,""bond_angles"":0.0,""bond_lengths"":0.0,""bonds"":0.0,""double_bond_stereochemistry"":0.0,""energy_ratio"":0.0,""file_loads"":0.0,""inchi_convertible"":0.0,""internal_steric_clash"":0.0,""molecular_formula"":0.0,""no_radicals"":0.0,""planar_aromatic_rings"":0.0,""planar_double_bonds"":0.0,""reference_file_loads"":0.0,""sanitisation"":0.0,""tetrahedral_chirality"":0.0}",6,89.02194477938922,0.7706655053810922,1.19020193377978,4.0,66.66666666666667,0.8962406251802889,0.5,3.464101615137754,0.33333333333333337,0.75,2.0,33.333333333333336,1.0,0.5,2.0,0.5,0.0,1.0,16.666666666666668,0.0,1.0,1.0,1.0,0.0,1.0,16.666666666666668,0.0,1.0,1.0,1.0,0.0,6,39.50069238471661,99.51507432519914,42.17509278888126,21.753119354397622,0.5433089776114752,0.8661832331540156,0.0,0.0,1.0,1.0,0.7147592729760167,0.9358202026607341,0.0,0.0,1.0,1.0,999,0,0,0,0,0,6,0,0,0,0,6,6,6,core
3g31_3g31_conf0,generation,qwen_1p7b_bigdata_step74000,fixed,1p7b_bigdata_step74000,qwen_1p7b_bigdata_step74000_fixed,Qwen 1.7B bigdata (step 74000),qwen_1p7b_bigdata_step74000_fixed,2,17,0,0.7,0,0,0,,1000,0,1000,0.0,"{""all_atoms_connected"":0,""bond_angles"":6,""bond_lengths"":5,""bonds"":0,""double_bond_stereochemistry"":0,""file_loads"":0,""inchi_convertible"":0,""internal_steric_clash"":111,""molecular_formula"":0,""no_radicals"":0,""planar_aromatic_rings"":0,""planar_double_bonds"":0,""reference_file_loads"":0,""sanitisation"":0,""tetrahedral_chirality"":999}","{""all_atoms_connected"":0.0,""bond_angles"":0.006,""bond_lengths"":0.005,""bonds"":0.0,""double_bond_stereochemistry"":0.0,""file_loads"":0.0,""inchi_convertible"":0.0,""internal_steric_clash"":0.111,""molecular_formula"":0.0,""no_radicals"":0.0,""planar_aromatic_rings"":0.0,""planar_double_bonds"":0.0,""reference_file_loads"":0.0,""sanitisation"":0.0,""tetrahedral_chirality"":0.999}",0,,,,,,,,,,,,,,,,,,,,,,,,,,,,,,,,0,,,,,,,,,,,,,,,,,1000,0,0,0,0,0,1000,0,0,0,0,0,1000,1000,core
3g31_3g31_conf0,generation,qwen_1p7b_bigdata_step74000,dynamic,1p7b_bigdata_step74000,qwen_1p7b_bigdata_step74000_dynamic,Qwen 1.7B bigdata (step 74000),qwen_1p7b_bigdata_step74000_dynamic,2,17,0,0.7,0,0,0,,24,0,24,0.0,"{""all_atoms_connected"":0,""bond_angles"":0,""bond_lengths"":0,""bonds"":0,""double_bond_stereochemistry"":0,""file_loads"":0,""inchi_convertible"":0,""internal_steric_clash"":3,""molecular_formula"":0,""no_radicals"":0,""planar_aromatic_rings"":0,""planar_double_bonds"":0,""reference_file_loads"":0,""sanitisation"":0,""tetrahedral_chirality"":24}","{""all_atoms_connected"":0.0,""bond_angles"":0.0,""bond_lengths"":0.0,""bonds"":0.0,""double_bond_stereochemistry"":0.0,""file_loads"":0.0,""inchi_convertible"":0.0,""internal_steric_clash"":0.125,""molecular_formula"":0.0,""no_radicals"":0.0,""planar_aromatic_rings"":0.0,""planar_double_bonds"":0.0,""reference_file_loads"":0.0,""sanitisation"":0.0,""tetrahedral_chirality"":1.0}",0,,,,,,,,,,,,,,,,,,,,,,,,,,,,,,,,0,,,,,,,,,,,,,,,,,1000,0,0,0,0,0,24,0,0,0,0,0,24,24,core
3g31_3g31_conf0,generation,qwen_1p7b_bigdata_step74000,chembl_count,1p7b_bigdata_step74000,qwen_1p7b_bigdata_step74000_chembl_count,Qwen 1.7B bigdata (step 74000),qwen_1p7b_bigdata_step74000_chembl_count,2,17,0,0.7,0,0,0,,8,0,8,0.0,"{""all_atoms_connected"":0,""bond_angles"":0,""bond_lengths"":0,""bonds"":0,""double_bond_stereochemistry"":0,""file_loads"":0,""inchi_convertible"":0,""internal_steric_clash"":1,""molecular_formula"":0,""no_radicals"":0,""planar_aromatic_rings"":0,""planar_double_bonds"":0,""reference_file_loads"":0,""sanitisation"":0,""tetrahedral_chirality"":8}","{""all_atoms_connected"":0.0,""bond_angles"":0.0,""bond_lengths"":0.0,""bonds"":0.0,""double_bond_stereochemistry"":0.0,""file_loads"":0.0,""inchi_convertible"":0.0,""internal_steric_clash"":0.125,""molecular_formula"":0.0,""no_radicals"":0.0,""planar_aromatic_rings"":0.0,""planar_double_bonds"":0.0,""reference_file_loads"":0.0,""sanitisation"":0.0,""tetrahedral_chirality"":1.0}",0,,,,,,,,,,,,,,,,,,,,,,,,,,,,,,,,0,,,,,,,,,,,,,,,,,1000,0,0,0,0,0,8,0,0,0,0,0,8,8,core
3gy4_3gy4_conf0,generation,qwen_1p7b_bigdata_step74000,fixed,1p7b_bigdata_step74000,qwen_1p7b_bigdata_step74000_fixed,Qwen 1.7B bigdata (step 74000),qwen_1p7b_bigdata_step74000_fixed,2,10,1000,0.7,1000,1000,0,1.0,1000,1000,0,1.0,"{""all_atoms_connected"":0,""bond_angles"":0,""bond_lengths"":0,""bonds"":0,""double_bond_stereochemistry"":0,""energy_ratio"":0,""file_loads"":0,""inchi_convertible"":0,""internal_steric_clash"":0,""molecular_formula"":0,""no_radicals"":0,""planar_aromatic_rings"":0,""planar_double_bonds"":0,""reference_file_loads"":0,""sanitisation"":0,""tetrahedral_chirality"":0}","{""all_atoms_connected"":0.0,""bond_angles"":0.0,""bond_lengths"":0.0,""bonds"":0.0,""double_bond_stereochemistry"":0.0,""energy_ratio"":0.0,""file_loads"":0.0,""inchi_convertible"":0.0,""internal_steric_clash"":0.0,""molecular_formula"":0.0,""no_radicals"":0.0,""planar_aromatic_rings"":0.0,""planar_double_bonds"":0.0,""reference_file_loads"":0.0,""sanitisation"":0.0,""tetrahedral_chirality"":0.0}",1000,101.44959006986738,0.2877679467401359,0.5310133780637375,2.0,0.2,0.9654418524099558,0.609,1.9526614691730417,0.523762,0.0,1.0,0.1,0.0,1.0,1.0,1.0,0.0,1.0,0.1,0.0,1.0,1.0,1.0,0.0,1.0,0.1,0.0,1.0,1.0,1.0,0.0,1000,21.289520486591222,118.72023862145033,29.40690403048781,6.687606492370725,0.031362615158547394,0.1827385979856125,1.0,1.0,1.0,1.0,0.054190434620470546,0.20850566420703942,1.0,1.0,1.0,1.0,1000,0,0,0,0,0,1000,0,0,0,0,1000,1000,1000,core
3gy4_3gy4_conf0,generation,qwen_1p7b_bigdata_step74000,dynamic,1p7b_bigdata_step74000,qwen_1p7b_bigdata_step74000_dynamic,Qwen 1.7B bigdata (step 74000),qwen_1p7b_bigdata_step74000_dynamic,2,10,24,0.7,24,24,0,1.0,24,24,0,1.0,"{""all_atoms_connected"":0,""bond_angles"":0,""bond_lengths"":0,""bonds"":0,""double_bond_stereochemistry"":0,""energy_ratio"":0,""file_loads"":0,""inchi_convertible"":0,""internal_steric_clash"":0,""molecular_formula"":0,""no_radicals"":0,""planar_aromatic_rings"":0,""planar_double_bonds"":0,""reference_file_loads"":0,""sanitisation"":0,""tetrahedral_chirality"":0}","{""all_atoms_connected"":0.0,""bond_angles"":0.0,""bond_lengths"":0.0,""bonds"":0.0,""double_bond_stereochemistry"":0.0,""energy_ratio"":0.0,""file_loads"":0.0,""inchi_convertible"":0.0,""internal_steric_clash"":0.0,""molecular_formula"":0.0,""no_radicals"":0.0,""planar_aromatic_rings"":0.0,""planar_double_bonds"":0.0,""reference_file_loads"":0.0,""sanitisation"":0.0,""tetrahedral_chirality"":0.0}",24,95.10898557496303,0.3102774580413199,0.5633095704534592,1.0,4.166666666666667,0.0,1.0,1.0,1.0,0.0,1.0,4.166666666666667,0.0,1.0,1.0,1.0,0.0,1.0,4.166666666666667,0.0,1.0,1.0,1.0,0.0,1.0,4.166666666666667,0.0,1.0,1.0,1.0,0.0,24,26.233841740088288,75.9967518252853,28.438149747814705,10.122334529112148,0.0902674268382748,0.20809937115844307,1.0,1.0,1.0,1.0,0.1033178435591367,0.21484104284715552,1.0,1.0,1.0,1.0,1000,0,0,0,0,0,24,0,0,0,0,24,24,24,core
3gy4_3gy4_conf0,generation,qwen_1p7b_bigdata_step74000,chembl_count,1p7b_bigdata_step74000,qwen_1p7b_bigdata_step74000_chembl_count,Qwen 1.7B bigdata (step 74000),qwen_1p7b_bigdata_step74000_chembl_count,2,10,1,0.7,1,1,0,1.0,1,1,0,1.0,"{""all_atoms_connected"":0,""bond_angles"":0,""bond_lengths"":0,""bonds"":0,""double_bond_stereochemistry"":0,""energy_ratio"":0,""file_loads"":0,""inchi_convertible"":0,""internal_steric_clash"":0,""molecular_formula"":0,""no_radicals"":0,""planar_aromatic_rings"":0,""planar_double_bonds"":0,""reference_file_loads"":0,""sanitisation"":0,""tetrahedral_chirality"":0}","{""all_atoms_connected"":0.0,""bond_angles"":0.0,""bond_lengths"":0.0,""bonds"":0.0,""double_bond_stereochemistry"":0.0,""energy_ratio"":0.0,""file_loads"":0.0,""inchi_convertible"":0.0,""internal_steric_clash"":0.0,""molecular_formula"":0.0,""no_radicals"":0.0,""planar_aromatic_rings"":0.0,""planar_double_bonds"":0.0,""reference_file_loads"":0.0,""sanitisation"":0.0,""tetrahedral_chirality"":0.0}",1,0.0,,,1.0,100.0,0.0,1.0,1.0,1.0,1.0,1.0,100.0,0.0,1.0,1.0,1.0,1.0,1.0,100.0,0.0,1.0,1.0,1.0,1.0,1.0,100.0,0.0,1.0,1.0,1.0,1.0,1,39.22371370568032,39.22371370568032,39.22371370568032,0.0,0.39072324176912065,0.39072324176912065,0.0,1.0,1.0,1.0,0.3506950036670691,0.3506950036670691,0.0,1.0,1.0,1.0,1000,0,0,0,0,0,1,0,0,0,0,1,1,1,core
3jvs_3jvs_conf0,generation,qwen_1p7b_bigdata_step74000,fixed,1p7b_bigdata_step74000,qwen_1p7b_bigdata_step74000_fixed,Qwen 1.7B bigdata (step 74000),qwen_1p7b_bigdata_step74000_fixed,3,30,764,0.7,764,751,13,0.9829842931937173,997,764,233,0.7662988966900702,"{""all_atoms_connected"":0,""bond_angles"":32,""bond_lengths"":13,""bonds"":0,""double_bond_stereochemistry"":0,""energy_ratio"":19,""file_loads"":0,""inchi_convertible"":0,""internal_steric_clash"":218,""molecular_formula"":0,""no_radicals"":0,""planar_aromatic_rings"":6,""planar_double_bonds"":0,""reference_file_loads"":0,""sanitisation"":0,""tetrahedral_chirality"":0}","{""all_atoms_connected"":0.0,""bond_angles"":0.0320962888665998,""bond_lengths"":0.013039117352056168,""bonds"":0.0,""double_bond_stereochemistry"":0.0,""energy_ratio"":0.01905717151454363,""file_loads"":0.0,""inchi_convertible"":0.0,""internal_steric_clash"":0.21865596790371114,""molecular_formula"":0.0,""no_radicals"":0.0,""planar_aromatic_rings"":0.006018054162487462,""planar_double_bonds"":0.0,""reference_file_loads"":0.0,""sanitisation"":0.0,""tetrahedral_chirality"":0.0}",764,106.5856016499347,1.8515841912467845,2.323046515077063,613.0,80.23560209424083,0.9871205374267891,0.006544502617801047,564.3642322743451,0.0019839094323072285,0.8123980424143556,93.0,12.172774869109947,0.9284393553702703,0.03664921465968586,67.2383488099078,0.017889449302376577,0.16129032258064516,4.0,0.5235602094240838,0.9205676007051559,0.412303664921466,3.5829184359556563,0.30288711932238704,0.0,2.0,0.2617801047120419,0.8809706657797898,0.7002617801047121,1.841613948618142,0.5802095611414161,0.0,764,97.70881925643869,4522.385558589257,128.34043115297337,160.46719648654278,1.0373077594165294,2.1046888228256826,0.0,0.0,0.0,1.0,0.9775795462480352,2.0868850901226352,0.0,0.0,0.0,1.0,997,0,0,0,0,0,997,0,0,0,0,764,1000,1000,core
3jvs_3jvs_conf0,generation,qwen_1p7b_bigdata_step74000,dynamic,1p7b_bigdata_step74000,qwen_1p7b_bigdata_step74000_dynamic,Qwen 1.7B bigdata (step 74000),qwen_1p7b_bigdata_step74000_dynamic,3,30,34,0.7,34,34,0,1.0,46,34,12,0.7391304347826086,"{""all_atoms_connected"":0,""bond_angles"":2,""bond_lengths"":1,""bonds"":0,""double_bond_stereochemistry"":0,""energy_ratio"":3,""file_loads"":0,""inchi_convertible"":0,""internal_steric_clash"":12,""molecular_formula"":0,""no_radicals"":0,""planar_aromatic_rings"":0,""planar_double_bonds"":0,""reference_file_loads"":0,""sanitisation"":0,""tetrahedral_chirality"":0}","{""all_atoms_connected"":0.0,""bond_angles"":0.043478260869565216,""bond_lengths"":0.021739130434782608,""bonds"":0.0,""double_bond_stereochemistry"":0.0,""energy_ratio"":0.06521739130434782,""file_loads"":0.0,""inchi_convertible"":0.0,""internal_steric_clash"":0.2608695652173913,""molecular_formula"":0.0,""no_radicals"":0.0,""planar_aromatic_rings"":0.0,""planar_double_bonds"":0.0,""reference_file_loads"":0.0,""sanitisation"":0.0,""tetrahedral_chirality"":0.0}",34,100.13899804043871,1.8378188188443112,2.305444728132054,34.0,100.0,1.0000000000000002,0.029411764705882353,34.00000000000002,0.029411764705882353,1.0,23.0,67.6470588235294,0.9767085069348835,0.08823529411764706,21.380170368197057,0.050173010380622836,0.5652173913043478,4.0,11.764705882352942,0.6276665135168722,0.6176470588235294,2.3872224811438976,0.4878892733564014,0.5,1.0,2.9411764705882355,0.0,1.0,1.0,1.0,0.0,34,107.128180647493,177.99231902971206,128.84579768116484,13.891074755064263,1.1749381227618372,2.0973212046133236,0.0,0.0,0.0,1.0,1.1983394932409588,2.0556709513456504,0.0,0.0,0.0,1.0,997,0,0,0,0,0,46,0,0,0,0,34,46,46,core
3jvs_3jvs_conf0,generation,qwen_1p7b_bigdata_step74000,chembl_count,1p7b_bigdata_step74000,qwen_1p7b_bigdata_step74000_chembl_count,Qwen 1.7B bigdata (step 74000),qwen_1p7b_bigdata_step74000_chembl_count,3,30,31,0.7,31,30,1,0.967741935483871,40,31,9,0.775,"{""all_atoms_connected"":0,""bond_angles"":0,""bond_lengths"":0,""bonds"":0,""double_bond_stereochemistry"":0,""energy_ratio"":0,""file_loads"":0,""inchi_convertible"":0,""internal_steric_clash"":9,""molecular_formula"":0,""no_radicals"":0,""planar_aromatic_rings"":0,""planar_double_bonds"":0,""reference_file_loads"":0,""sanitisation"":0,""tetrahedral_chirality"":0}","{""all_atoms_connected"":0.0,""bond_angles"":0.0,""bond_lengths"":0.0,""bonds"":0.0,""double_bond_stereochemistry"":0.0,""energy_ratio"":0.0,""file_loads"":0.0,""inchi_convertible"":0.0,""internal_steric_clash"":0.225,""molecular_formula"":0.0,""no_radicals"":0.0,""planar_aromatic_rings"":0.0,""planar_double_bonds"":0.0,""reference_file_loads"":0.0,""sanitisation"":0.0,""tetrahedral_chirality"":0.0}",31,105.76659180842654,1.8333899184316778,2.3461713984861854,29.0,93.54838709677419,0.9932447362725115,0.06451612903225806,28.34778392268479,0.036420395421435985,0.9310344827586207,21.0,67.74193548387096,0.9258857732782637,0.1935483870967742,16.758071310862626,0.08012486992715923,0.8095238095238095,4.0,12.903225806451612,0.9141997059143181,0.41935483870967744,3.55142843015001,0.3069719042663892,0.0,2.0,6.451612903225806,0.869137580612638,0.7096774193548387,1.8265706800994541,0.5879292403746099,0.0,31,107.77935965444718,162.89970789863,125.44936101028236,13.59131249471933,1.389896015830517,2.1315560523155392,0.0,0.0,0.0,1.0,1.4176313309258668,2.100940494712737,0.0,0.0,0.0,1.0,997,0,0,0,0,0,40,0,0,0,0,31,40,40,core
3k5v_3k5v_conf0,generation,qwen_1p7b_bigdata_step74000,fixed,1p7b_bigdata_step74000,qwen_1p7b_bigdata_step74000_fixed,Qwen 1.7B bigdata (step 74000),qwen_1p7b_bigdata_step74000_fixed,5,27,971,0.7,971,971,0,1.0,999,971,28,0.971971971971972,"{""all_atoms_connected"":0,""bond_angles"":25,""bond_lengths"":10,""bonds"":0,""double_bond_stereochemistry"":0,""energy_ratio"":5,""file_loads"":0,""inchi_convertible"":0,""internal_steric_clash"":6,""molecular_formula"":0,""no_radicals"":0,""planar_aromatic_rings"":3,""planar_double_bonds"":0,""reference_file_loads"":0,""sanitisation"":0,""tetrahedral_chirality"":0}","{""all_atoms_connected"":0.0,""bond_angles"":0.025025025025025027,""bond_lengths"":0.01001001001001001,""bonds"":0.0,""double_bond_stereochemistry"":0.0,""energy_ratio"":0.005005005005005005,""file_loads"":0.0,""inchi_convertible"":0.0,""internal_steric_clash"":0.006006006006006006,""molecular_formula"":0.0,""no_radicals"":0.0,""planar_aromatic_rings"":0.003003003003003003,""planar_double_bonds"":0.0,""reference_file_loads"":0.0,""sanitisation"":0.0,""tetrahedral_chirality"":0.0}",971,110.77709839070712,1.7122754570491217,2.3105019932596895,557.0,57.36354273944387,0.9703005045456454,0.009268795056642637,461.6413275732948,0.0026738336580611147,0.6050269299820467,58.0,5.9732234809474765,0.9303833198477011,0.07621009268795056,43.71837298593826,0.02815426991401519,0.05172413793103448,4.0,0.411946446961895,0.8859372845033323,0.46961894953656025,3.414973939517575,0.33162855667074304,0.0,1.0,0.10298661174047374,0.0,1.0,1.0,1.0,0.0,971,35.87870051255725,774.7187963813586,55.36786435940667,33.09064937626195,0.5569694541677724,1.7354512342319228,0.0,0.0,1.0,1.0,0.6415316762000705,1.7266001037764944,0.0,0.0,1.0,1.0,999,0,0,0,0,0,999,0,0,0,0,971,1000,1000,core
3k5v_3k5v_conf0,generation,qwen_1p7b_bigdata_step74000,dynamic,1p7b_bigdata_step74000,qwen_1p7b_bigdata_step74000_dynamic,Qwen 1.7B bigdata (step 74000),qwen_1p7b_bigdata_step74000_dynamic,5,27,86,0.7,86,86,0,1.0,90,86,4,0.9555555555555556,"{""all_atoms_connected"":0,""bond_angles"":4,""bond_lengths"":2,""bonds"":0,""double_bond_stereochemistry"":0,""energy_ratio"":1,""file_loads"":0,""inchi_convertible"":0,""internal_steric_clash"":1,""molecular_formula"":0,""no_radicals"":0,""planar_aromatic_rings"":2,""planar_double_bonds"":0,""reference_file_loads"":0,""sanitisation"":0,""tetrahedral_chirality"":0}","{""all_atoms_connected"":0.0,""bond_angles"":0.044444444444444446,""bond_lengths"":0.022222222222222223,""bonds"":0.0,""double_bond_stereochemistry"":0.0,""energy_ratio"":0.011111111111111112,""file_loads"":0.0,""inchi_convertible"":0.0,""internal_steric_clash"":0.011111111111111112,""molecular_formula"":0.0,""no_radicals"":0.0,""planar_aromatic_rings"":0.022222222222222223,""planar_double_bonds"":0.0,""reference_file_loads"":0.0,""sanitisation"":0.0,""tetrahedral_chirality"":0.0}",86,106.61179701108784,1.7440855623713816,2.3090891481858433,77.0,89.53488372093024,0.9920494959816077,0.023255813953488372,74.38616568032072,0.014061654948620878,0.8831168831168831,33.0,38.372093023255815,0.9345912244685645,0.10465116279069768,26.253656727343675,0.047052460789616016,0.3333333333333333,3.0,3.488372093023256,0.7460918439913207,0.5,2.2697408643068333,0.4675500270416441,0.0,1.0,1.1627906976744187,0.0,1.0,1.0,1.0,0.0,86,38.83568752520735,168.34381899863268,55.368853008115536,18.144707531685295,0.669860688997165,1.8901182915913863,0.0,0.0,1.0,1.0,0.8331636063284925,1.8515003527801106,0.0,0.0,0.0,1.0,999,0,0,0,0,0,90,0,0,0,0,86,90,90,core
3k5v_3k5v_conf0,generation,qwen_1p7b_bigdata_step74000,chembl_count,1p7b_bigdata_step74000,qwen_1p7b_bigdata_step74000_chembl_count,Qwen 1.7B bigdata (step 74000),qwen_1p7b_bigdata_step74000_chembl_count,5,27,192,0.7,192,192,0,1.0,200,192,8,0.96,"{""all_atoms_connected"":0,""bond_angles"":6,""bond_lengths"":3,""bonds"":0,""double_bond_stereochemistry"":0,""energy_ratio"":1,""file_loads"":0,""inchi_convertible"":0,""internal_steric_clash"":1,""molecular_formula"":0,""no_radicals"":0,""planar_aromatic_rings"":1,""planar_double_bonds"":0,""reference_file_loads"":0,""sanitisation"":0,""tetrahedral_chirality"":0}","{""all_atoms_connected"":0.0,""bond_angles"":0.03,""bond_lengths"":0.015,""bonds"":0.0,""double_bond_stereochemistry"":0.0,""energy_ratio"":0.005,""file_loads"":0.0,""inchi_convertible"":0.0,""internal_steric_clash"":0.005,""molecular_formula"":0.0,""no_radicals"":0.0,""planar_aromatic_rings"":0.005,""planar_double_bonds"":0.0,""reference_file_loads"":0.0,""sanitisation"":0.0,""tetrahedral_chirality"":0.0}",192,108.85206988711991,1.7342360565280042,2.330271131231509,167.0,86.97916666666667,0.9898580335269344,0.015625,158.5527413179227,0.006781684027777778,0.874251497005988,37.0,19.270833333333332,0.9364542028468491,0.078125,29.413661857203472,0.039822048611111126,0.16216216216216217,3.0,1.5625,0.8462672584294529,0.4791666666666667,2.5337986252168756,0.42431640625000006,0.0,1.0,0.5208333333333334,0.0,1.0,1.0,1.0,0.0,192,37.17688567817255,560.9524426438059,55.08461918313001,41.54065843487735,0.669860688997165,1.7613710561300675,0.0,0.0,1.0,1.0,0.6415316762000705,1.7660623156754112,0.0,0.0,1.0,1.0,999,0,0,0,0,0,200,0,0,0,0,192,200,200,core
3kgp_3kgp_conf0,generation,qwen_1p7b_bigdata_step74000,fixed,1p7b_bigdata_step74000,qwen_1p7b_bigdata_step74000_fixed,Qwen 1.7B bigdata (step 74000),qwen_1p7b_bigdata_step74000_fixed,3,11,995,0.7,995,995,0,1.0,1000,995,5,0.995,"{""all_atoms_connected"":0,""bond_angles"":5,""bond_lengths"":4,""bonds"":0,""double_bond_stereochemistry"":0,""energy_ratio"":0,""file_loads"":0,""inchi_convertible"":0,""internal_steric_clash"":0,""molecular_formula"":0,""no_radicals"":0,""planar_aromatic_rings"":0,""planar_double_bonds"":0,""reference_file_loads"":0,""sanitisation"":0,""tetrahedral_chirality"":0}","{""all_atoms_connected"":0.0,""bond_angles"":0.005,""bond_lengths"":0.004,""bonds"":0.0,""double_bond_stereochemistry"":0.0,""energy_ratio"":0.0,""file_loads"":0.0,""inchi_convertible"":0.0,""internal_steric_clash"":0.0,""molecular_formula"":0.0,""no_radicals"":0.0,""planar_aromatic_rings"":0.0,""planar_double_bonds"":0.0,""reference_file_loads"":0.0,""sanitisation"":0.0,""tetrahedral_chirality"":0.0}",995,97.52087786692536,0.33136708754577265,0.5471858080307357,7.0,0.7035175879396985,0.41735981242936493,0.7748743718592965,2.2527342368450283,0.6164824120603015,0.14285714285714285,1.0,0.10050251256281408,0.0,1.0,1.0,1.0,0.0,1.0,0.10050251256281408,0.0,1.0,1.0,1.0,0.0,1.0,0.10050251256281408,0.0,1.0,1.0,1.0,0.0,995,-25.90214813618269,144.3323348655118,-16.301458777212225,10.804473495695204,0.09365585885753018,0.3112358782688618,1.0,1.0,1.0,1.0,0.06448366339171667,0.2729712453036694,1.0,1.0,1.0,1.0,1000,0,0,0,0,0,1000,0,0,0,0,995,1000,1000,core
3kgp_3kgp_conf0,generation,qwen_1p7b_bigdata_step74000,dynamic,1p7b_bigdata_step74000,qwen_1p7b_bigdata_step74000_dynamic,Qwen 1.7B bigdata (step 74000),qwen_1p7b_bigdata_step74000_dynamic,3,11,46,0.7,46,46,0,1.0,46,46,0,1.0,"{""all_atoms_connected"":0,""bond_angles"":0,""bond_lengths"":0,""bonds"":0,""double_bond_stereochemistry"":0,""energy_ratio"":0,""file_loads"":0,""inchi_convertible"":0,""internal_steric_clash"":0,""molecular_formula"":0,""no_radicals"":0,""planar_aromatic_rings"":0,""planar_double_bonds"":0,""reference_file_loads"":0,""sanitisation"":0,""tetrahedral_chirality"":0}","{""all_atoms_connected"":0.0,""bond_angles"":0.0,""bond_lengths"":0.0,""bonds"":0.0,""double_bond_stereochemistry"":0.0,""energy_ratio"":0.0,""file_loads"":0.0,""inchi_convertible"":0.0,""internal_steric_clash"":0.0,""molecular_formula"":0.0,""no_radicals"":0.0,""planar_aromatic_rings"":0.0,""planar_double_bonds"":0.0,""reference_file_loads"":0.0,""sanitisation"":0.0,""tetrahedral_chirality"":0.0}",46,98.5972856326751,0.3028163481313634,0.495596410799919,2.0,4.3478260869565215,0.42622865699814483,0.9130434782608695,1.3437163784226889,0.8412098298676747,0.0,1.0,2.1739130434782608,0.0,1.0,1.0,1.0,0.0,1.0,2.1739130434782608,0.0,1.0,1.0,1.0,0.0,1.0,2.1739130434782608,0.0,1.0,1.0,1.0,0.0,46,-23.293434354638975,2.1572229346634195,-16.42272804950636,4.43833925330205,0.11818427170173279,0.313208739772283,1.0,1.0,1.0,1.0,0.07631405854448409,0.2742821152861831,1.0,1.0,1.0,1.0,1000,0,0,0,0,0,46,0,0,0,0,46,46,46,core
3kgp_3kgp_conf0,generation,qwen_1p7b_bigdata_step74000,chembl_count,1p7b_bigdata_step74000,qwen_1p7b_bigdata_step74000_chembl_count,Qwen 1.7B bigdata (step 74000),qwen_1p7b_bigdata_step74000_chembl_count,3,11,1,0.7,1,1,0,1.0,1,1,0,1.0,"{""all_atoms_connected"":0,""bond_angles"":0,""bond_lengths"":0,""bonds"":0,""double_bond_stereochemistry"":0,""energy_ratio"":0,""file_loads"":0,""inchi_convertible"":0,""internal_steric_clash"":0,""molecular_formula"":0,""no_radicals"":0,""planar_aromatic_rings"":0,""planar_double_bonds"":0,""reference_file_loads"":0,""sanitisation"":0,""tetrahedral_chirality"":0}","{""all_atoms_connected"":0.0,""bond_angles"":0.0,""bond_lengths"":0.0,""bonds"":0.0,""double_bond_stereochemistry"":0.0,""energy_ratio"":0.0,""file_loads"":0.0,""inchi_convertible"":0.0,""internal_steric_clash"":0.0,""molecular_formula"":0.0,""no_radicals"":0.0,""planar_aromatic_rings"":0.0,""planar_double_bonds"":0.0,""reference_file_loads"":0.0,""sanitisation"":0.0,""tetrahedral_chirality"":0.0}",1,0.0,,,1.0,100.0,0.0,1.0,1.0,1.0,1.0,1.0,100.0,0.0,1.0,1.0,1.0,1.0,1.0,100.0,0.0,1.0,1.0,1.0,1.0,1.0,100.0,0.0,1.0,1.0,1.0,1.0,1,-21.703766273280127,-21.703766273280127,-21.703766273280127,0.0,0.3147833336898,0.3147833336898,0.0,1.0,1.0,1.0,0.23424922637616558,0.23424922637616558,1.0,1.0,1.0,1.0,1000,0,0,0,0,0,1,0,0,0,0,1,1,1,core
3lka_3lka_conf0,generation,qwen_1p7b_bigdata_step74000,fixed,1p7b_bigdata_step74000,qwen_1p7b_bigdata_step74000_fixed,Qwen 1.7B bigdata (step 74000),qwen_1p7b_bigdata_step74000_fixed,3,12,987,0.7,987,987,0,1.0,1000,987,13,0.987,"{""all_atoms_connected"":0,""bond_angles"":11,""bond_lengths"":6,""bonds"":0,""double_bond_stereochemistry"":0,""energy_ratio"":1,""file_loads"":0,""inchi_convertible"":0,""internal_steric_clash"":3,""molecular_formula"":0,""no_radicals"":0,""planar_aromatic_rings"":0,""planar_double_bonds"":0,""reference_file_loads"":0,""sanitisation"":0,""tetrahedral_chirality"":0}","{""all_atoms_connected"":0.0,""bond_angles"":0.011,""bond_lengths"":0.006,""bonds"":0.0,""double_bond_stereochemistry"":0.0,""energy_ratio"":0.001,""file_loads"":0.0,""inchi_convertible"":0.0,""internal_steric_clash"":0.003,""molecular_formula"":0.0,""no_radicals"":0.0,""planar_aromatic_rings"":0.0,""planar_double_bonds"":0.0,""reference_file_loads"":0.0,""sanitisation"":0.0,""tetrahedral_chirality"":0.0}",987,107.83357669082358,0.5710055069575678,0.8155558351981651,11.0,1.1144883485309016,0.8216988214614167,0.20972644376899696,7.173170306988783,0.1547606216169884,0.2727272727272727,2.0,0.20263424518743667,0.9864624516420716,0.5683890577507599,1.9813207486108937,0.5093541264400735,0.0,1.0,0.10131712259371833,0.0,1.0,1.0,1.0,0.0,1.0,0.10131712259371833,0.0,1.0,1.0,1.0,0.0,987,22.437925848221298,483.559433472304,36.62093370427452,20.399643961366692,0.10494029118602154,0.5739369313153722,1.0,1.0,1.0,1.0,0.30805305214000106,0.7168669275774965,0.0,1.0,1.0,1.0,1000,0,0,0,0,0,1000,0,0,0,0,987,1000,1000,core
3lka_3lka_conf0,generation,qwen_1p7b_bigdata_step74000,dynamic,1p7b_bigdata_step74000,qwen_1p7b_bigdata_step74000_dynamic,Qwen 1.7B bigdata (step 74000),qwen_1p7b_bigdata_step74000_dynamic,3,12,46,0.7,46,46,0,1.0,46,46,0,1.0,"{""all_atoms_connected"":0,""bond_angles"":0,""bond_lengths"":0,""bonds"":0,""double_bond_stereochemistry"":0,""energy_ratio"":0,""file_loads"":0,""inchi_convertible"":0,""internal_steric_clash"":0,""molecular_formula"":0,""no_radicals"":0,""planar_aromatic_rings"":0,""planar_double_bonds"":0,""reference_file_loads"":0,""sanitisation"":0,""tetrahedral_chirality"":0}","{""all_atoms_connected"":0.0,""bond_angles"":0.0,""bond_lengths"":0.0,""bonds"":0.0,""double_bond_stereochemistry"":0.0,""energy_ratio"":0.0,""file_loads"":0.0,""inchi_convertible"":0.0,""internal_steric_clash"":0.0,""molecular_formula"":0.0,""no_radicals"":0.0,""planar_aromatic_rings"":0.0,""planar_double_bonds"":0.0,""reference_file_loads"":0.0,""sanitisation"":0.0,""tetrahedral_chirality"":0.0}",46,103.94258137872072,0.5761396845851707,0.8098084428253983,6.0,13.043478260869565,0.9159958260805673,0.2826086956521739,5.161587540968072,0.21266540642722115,0.0,1.0,2.1739130434782608,0.0,1.0,1.0,1.0,0.0,1.0,2.1739130434782608,0.0,1.0,1.0,1.0,0.0,1.0,2.1739130434782608,0.0,1.0,1.0,1.0,0.0,46,24.455216905245887,104.45892532575525,39.44725727502757,15.36503924203427,0.1378989330320924,0.556843919360825,1.0,1.0,1.0,1.0,0.4890140252459728,0.7273183252902463,0.0,1.0,1.0,1.0,1000,0,0,0,0,0,46,0,0,0,0,46,46,46,core
3lka_3lka_conf0,generation,qwen_1p7b_bigdata_step74000,chembl_count,1p7b_bigdata_step74000,qwen_1p7b_bigdata_step74000_chembl_count,Qwen 1.7B bigdata (step 74000),qwen_1p7b_bigdata_step74000_chembl_count,3,12,4,0.7,4,4,0,1.0,4,4,0,1.0,"{""all_atoms_connected"":0,""bond_angles"":0,""bond_lengths"":0,""bonds"":0,""double_bond_stereochemistry"":0,""energy_ratio"":0,""file_loads"":0,""inchi_convertible"":0,""internal_steric_clash"":0,""molecular_formula"":0,""no_radicals"":0,""planar_aromatic_rings"":0,""planar_double_bonds"":0,""reference_file_loads"":0,""sanitisation"":0,""tetrahedral_chirality"":0}","{""all_atoms_connected"":0.0,""bond_angles"":0.0,""bond_lengths"":0.0,""bonds"":0.0,""double_bond_stereochemistry"":0.0,""energy_ratio"":0.0,""file_loads"":0.0,""inchi_convertible"":0.0,""internal_steric_clash"":0.0,""molecular_formula"":0.0,""no_radicals"":0.0,""planar_aromatic_rings"":0.0,""planar_double_bonds"":0.0,""reference_file_loads"":0.0,""sanitisation"":0.0,""tetrahedral_chirality"":0.0}",4,107.33207948296452,0.6333154356879426,0.7652034285191895,3.0,75.0,0.946394630357186,0.5,2.82842712474619,0.375,0.6666666666666666,1.0,25.0,0.0,1.0,1.0,1.0,0.0,1.0,25.0,0.0,1.0,1.0,1.0,0.0,1.0,25.0,0.0,1.0,1.0,1.0,0.0,4,28.186997904838428,62.23919365533973,49.18077553056837,13.428912812272573,0.23606383521397503,0.5827863717594314,1.0,1.0,1.0,1.0,0.4832160195379473,0.7640400701738915,0.0,1.0,1.0,1.0,1000,0,0,0,0,0,4,0,0,0,0,4,4,4,core
3nx7_3nx7_conf0,generation,qwen_1p7b_bigdata_step74000,fixed,1p7b_bigdata_step74000,qwen_1p7b_bigdata_step74000_fixed,Qwen 1.7B bigdata (step 74000),qwen_1p7b_bigdata_step74000_fixed,9,20,789,0.7,789,784,5,0.9936628643852978,996,789,207,0.7921686746987951,"{""all_atoms_connected"":0,""bond_angles"":9,""bond_lengths"":10,""bonds"":0,""double_bond_stereochemistry"":0,""energy_ratio"":20,""file_loads"":0,""inchi_convertible"":0,""internal_steric_clash"":198,""molecular_formula"":0,""no_radicals"":0,""planar_aromatic_rings"":1,""planar_double_bonds"":0,""reference_file_loads"":0,""sanitisation"":0,""tetrahedral_chirality"":0}","{""all_atoms_connected"":0.0,""bond_angles"":0.009036144578313253,""bond_lengths"":0.010040160642570281,""bonds"":0.0,""double_bond_stereochemistry"":0.0,""energy_ratio"":0.020080321285140562,""file_loads"":0.0,""inchi_convertible"":0.0,""internal_steric_clash"":0.19879518072289157,""molecular_formula"":0.0,""no_radicals"":0.0,""planar_aromatic_rings"":0.001004016064257028,""planar_double_bonds"":0.0,""reference_file_loads"":0.0,""sanitisation"":0.0,""tetrahedral_chirality"":0.0}",789,109.39701122862942,1.8031932838794893,2.4241896080015186,699.0,88.59315589353612,0.9920246705304037,0.0076045627376425855,663.4245417035129,0.0016401053137163244,0.8984263233190272,83.0,10.519645120405576,0.923489436098357,0.057034220532319393,59.190000733954115,0.021507708173700166,0.060240963855421686,3.0,0.38022813688212925,0.9589833049026849,0.4347275031685678,2.8678162263303006,0.3615058769101765,0.0,1.0,0.1267427122940431,0.0,1.0,1.0,1.0,0.0,789,-2.047613407047862,509.641547936483,20.058580445112273,31.90389775982848,0.4829232033820246,1.8130182234492573,0.0,1.0,1.0,1.0,0.5080043604153902,1.8560274268239514,0.0,0.0,1.0,1.0,996,0,0,0,0,0,996,0,0,0,0,789,1000,1000,core
3nx7_3nx7_conf0,generation,qwen_1p7b_bigdata_step74000,dynamic,1p7b_bigdata_step74000,qwen_1p7b_bigdata_step74000_dynamic,Qwen 1.7B bigdata (step 74000),qwen_1p7b_bigdata_step74000_dynamic,9,20,143,0.7,143,143,0,1.0,178,143,35,0.8033707865168539,"{""all_atoms_connected"":0,""bond_angles"":3,""bond_lengths"":4,""bonds"":0,""double_bond_stereochemistry"":0,""energy_ratio"":2,""file_loads"":0,""inchi_convertible"":0,""internal_steric_clash"":31,""molecular_formula"":0,""no_radicals"":0,""planar_aromatic_rings"":0,""planar_double_bonds"":0,""reference_file_loads"":0,""sanitisation"":0,""tetrahedral_chirality"":0}","{""all_atoms_connected"":0.0,""bond_angles"":0.016853932584269662,""bond_lengths"":0.02247191011235955,""bonds"":0.0,""double_bond_stereochemistry"":0.0,""energy_ratio"":0.011235955056179775,""file_loads"":0.0,""inchi_convertible"":0.0,""internal_steric_clash"":0.17415730337078653,""molecular_formula"":0.0,""no_radicals"":0.0,""planar_aromatic_rings"":0.0,""planar_double_bonds"":0.0,""reference_file_loads"":0.0,""sanitisation"":0.0,""tetrahedral_chirality"":0.0}",143,111.37370930651397,1.7838152703061083,2.415525411758548,134.0,93.7062937062937,0.99396415109305,0.02097902097902098,130.0965905698531,0.008068854222700378,0.9477611940298507,53.0,37.06293706293706,0.9321567348602039,0.09090909090909091,40.48511382133024,0.032617731918431224,0.33962264150943394,3.0,2.097902097902098,0.9972000872710541,0.3706293706293706,2.9907861227000616,0.3354198249303144,0.0,2.0,1.3986013986013985,0.7274873474533535,0.7972027972027972,1.6557528568291657,0.6766590053303341,0.0,143,-2.047613407047862,204.85568283047752,24.229523478996338,26.210888747768685,0.6923080212385239,1.9888444587436016,0.0,0.0,1.0,1.0,0.769893420632688,2.017811396360248,0.0,0.0,0.0,1.0,996,0,0,0,0,0,178,0,0,0,0,143,178,178,core
3nx7_3nx7_conf0,generation,qwen_1p7b_bigdata_step74000,chembl_count,1p7b_bigdata_step74000,qwen_1p7b_bigdata_step74000_chembl_count,Qwen 1.7B bigdata (step 74000),qwen_1p7b_bigdata_step74000_chembl_count,9,20,82,0.7,82,82,0,1.0,111,82,29,0.7387387387387387,"{""all_atoms_connected"":0,""bond_angles"":1,""bond_lengths"":1,""bonds"":0,""double_bond_stereochemistry"":0,""energy_ratio"":2,""file_loads"":0,""inchi_convertible"":0,""internal_steric_clash"":29,""molecular_formula"":0,""no_radicals"":0,""planar_aromatic_rings"":0,""planar_double_bonds"":0,""reference_file_loads"":0,""sanitisation"":0,""tetrahedral_chirality"":0}","{""all_atoms_connected"":0.0,""bond_angles"":0.009009009009009009,""bond_lengths"":0.009009009009009009,""bonds"":0.0,""double_bond_stereochemistry"":0.0,""energy_ratio"":0.018018018018018018,""file_loads"":0.0,""inchi_convertible"":0.0,""internal_steric_clash"":0.26126126126126126,""molecular_formula"":0.0,""no_radicals"":0.0,""planar_aromatic_rings"":0.0,""planar_double_bonds"":0.0,""reference_file_loads"":0.0,""sanitisation"":0.0,""tetrahedral_chirality"":0.0}",82,111.16231899839056,1.7767187422014152,2.397693303464797,80.0,97.5609756097561,0.9979188978620628,0.024390243902439025,79.27376088210102,0.012790005948839975,0.975,29.0,35.36585365853659,0.9453244564853446,0.0975609756097561,24.123515226302132,0.048483045806067826,0.2413793103448276,3.0,3.658536585365854,0.8199595786575764,0.6219512195121951,2.4616150756197057,0.46728138013087445,0.0,1.0,1.2195121951219512,0.0,1.0,1.0,1.0,0.0,82,-2.047613407047862,111.46377515167237,20.340073685125944,25.93431908268288,0.8876053139052309,1.911283814744074,0.0,0.0,0.0,1.0,0.8874493170739473,1.9575512945624831,0.0,0.0,0.0,1.0,996,0,0,0,0,0,111,0,0,0,0,82,111,111,core
3pxf_3pxf_conf0,generation,qwen_1p7b_bigdata_step74000,fixed,1p7b_bigdata_step74000,qwen_1p7b_bigdata_step74000_fixed,Qwen 1.7B bigdata (step 74000),qwen_1p7b_bigdata_step74000_fixed,3,21,751,0.7,751,745,6,0.9920106524633822,1000,751,249,0.751,"{""all_atoms_connected"":0,""bond_angles"":10,""bond_lengths"":4,""bonds"":0,""double_bond_stereochemistry"":0,""energy_ratio"":18,""file_loads"":0,""inchi_convertible"":0,""internal_steric_clash"":242,""molecular_formula"":0,""no_radicals"":0,""planar_aromatic_rings"":1,""planar_double_bonds"":0,""reference_file_loads"":0,""sanitisation"":0,""tetrahedral_chirality"":0}","{""all_atoms_connected"":0.0,""bond_angles"":0.01,""bond_lengths"":0.004,""bonds"":0.0,""double_bond_stereochemistry"":0.0,""energy_ratio"":0.018,""file_loads"":0.0,""inchi_convertible"":0.0,""internal_steric_clash"":0.242,""molecular_formula"":0.0,""no_radicals"":0.0,""planar_aromatic_rings"":0.001,""planar_double_bonds"":0.0,""reference_file_loads"":0.0,""sanitisation"":0.0,""tetrahedral_chirality"":0.0}",751,88.01135712072163,0.9365302060074421,1.4935024659960912,46.0,6.125166444740346,0.7741996397574968,0.20905459387483355,19.377891250187922,0.08825693571465298,0.13043478260869565,6.0,0.7989347536617842,0.7808090772779528,0.31424766977363516,4.051236154465064,0.2588772005723394,0.16666666666666666,1.0,0.13315579227696406,0.0,1.0,1.0,1.0,0.0,1.0,0.13315579227696406,0.0,1.0,1.0,1.0,0.0,751,77.73701975002508,279.10582889942714,101.14626320273318,21.257289572375285,0.12118358746137739,0.8304485119591275,1.0,1.0,1.0,1.0,0.12536918595400334,0.8135898466074454,1.0,1.0,1.0,1.0,1000,0,0,0,0,0,1000,0,0,0,0,751,1000,1000,core
3pxf_3pxf_conf0,generation,qwen_1p7b_bigdata_step74000,dynamic,1p7b_bigdata_step74000,qwen_1p7b_bigdata_step74000_dynamic,Qwen 1.7B bigdata (step 74000),qwen_1p7b_bigdata_step74000_dynamic,3,21,34,0.7,34,33,1,0.9705882352941176,46,34,12,0.7391304347826086,"{""all_atoms_connected"":0,""bond_angles"":0,""bond_lengths"":0,""bonds"":0,""double_bond_stereochemistry"":0,""energy_ratio"":0,""file_loads"":0,""inchi_convertible"":0,""internal_steric_clash"":12,""molecular_formula"":0,""no_radicals"":0,""planar_aromatic_rings"":0,""planar_double_bonds"":0,""reference_file_loads"":0,""sanitisation"":0,""tetrahedral_chirality"":0}","{""all_atoms_connected"":0.0,""bond_angles"":0.0,""bond_lengths"":0.0,""bonds"":0.0,""double_bond_stereochemistry"":0.0,""energy_ratio"":0.0,""file_loads"":0.0,""inchi_convertible"":0.0,""internal_steric_clash"":0.2608695652173913,""molecular_formula"":0.0,""no_radicals"":0.0,""planar_aromatic_rings"":0.0,""planar_double_bonds"":0.0,""reference_file_loads"":0.0,""sanitisation"":0.0,""tetrahedral_chirality"":0.0}",34,90.94380830391258,0.8723124460850441,1.3720802884902967,12.0,35.294117647058826,0.8783223355571408,0.23529411764705882,8.868884365746938,0.1401384083044983,0.5,2.0,5.882352941176471,0.9975025463691153,0.5294117647058824,1.996540789103284,0.5017301038062284,0.0,1.0,2.9411764705882355,0.0,1.0,1.0,1.0,0.0,1.0,2.9411764705882355,0.0,1.0,1.0,1.0,0.0,34,86.82296930407503,171.14081253614097,102.62611749854378,23.87454557876209,0.23997053802751592,0.9750912057417537,1.0,1.0,1.0,1.0,0.20543716811446744,0.9116543333921533,1.0,1.0,1.0,1.0,1000,0,0,0,0,0,46,0,0,0,0,34,46,46,core
3pxf_3pxf_conf0,generation,qwen_1p7b_bigdata_step74000,chembl_count,1p7b_bigdata_step74000,qwen_1p7b_bigdata_step74000_chembl_count,Qwen 1.7B bigdata (step 74000),qwen_1p7b_bigdata_step74000_chembl_count,3,21,5,0.7,5,5,0,1.0,7,5,2,0.7142857142857143,"{""all_atoms_connected"":0,""bond_angles"":0,""bond_lengths"":0,""bonds"":0,""double_bond_stereochemistry"":0,""energy_ratio"":0,""file_loads"":0,""inchi_convertible"":0,""internal_steric_clash"":2,""molecular_formula"":0,""no_radicals"":0,""planar_aromatic_rings"":0,""planar_double_bonds"":0,""reference_file_loads"":0,""sanitisation"":0,""tetrahedral_chirality"":0}","{""all_atoms_connected"":0.0,""bond_angles"":0.0,""bond_lengths"":0.0,""bonds"":0.0,""double_bond_stereochemistry"":0.0,""energy_ratio"":0.0,""file_loads"":0.0,""inchi_convertible"":0.0,""internal_steric_clash"":0.2857142857142857,""molecular_formula"":0.0,""no_radicals"":0.0,""planar_aromatic_rings"":0.0,""planar_double_bonds"":0.0,""reference_file_loads"":0.0,""sanitisation"":0.0,""tetrahedral_chirality"":0.0}",5,72.18174979210512,0.8186743899950557,1.0285454429337644,4.0,80.0,0.9609640474436812,0.4,3.7892914162759954,0.28,0.75,2.0,40.0,0.7219280948873623,0.8,1.6493848884661177,0.6800000000000002,0.5,1.0,20.0,0.0,1.0,1.0,1.0,0.0,1.0,20.0,0.0,1.0,1.0,1.0,0.0,5,98.20234416952331,128.648660548604,103.93881354942899,12.615774962072852,0.29672865615142285,0.8617122867062414,0.0,1.0,1.0,1.0,0.24487541856506537,0.8278322141015276,1.0,1.0,1.0,1.0,1000,0,0,0,0,0,7,0,0,0,0,5,7,7,core
3qqs_3qqs_conf0,generation,qwen_1p7b_bigdata_step74000,fixed,1p7b_bigdata_step74000,qwen_1p7b_bigdata_step74000_fixed,Qwen 1.7B bigdata (step 74000),qwen_1p7b_bigdata_step74000_fixed,4,19,859,0.7,859,857,2,0.9976717112922002,1000,859,141,0.859,"{""all_atoms_connected"":0,""bond_angles"":14,""bond_lengths"":11,""bonds"":0,""double_bond_stereochemistry"":0,""energy_ratio"":25,""file_loads"":0,""inchi_convertible"":0,""internal_steric_clash"":131,""molecular_formula"":0,""no_radicals"":0,""planar_aromatic_rings"":1,""planar_double_bonds"":0,""reference_file_loads"":0,""sanitisation"":0,""tetrahedral_chirality"":0}","{""all_atoms_connected"":0.0,""bond_angles"":0.014,""bond_lengths"":0.011,""bonds"":0.0,""double_bond_stereochemistry"":0.0,""energy_ratio"":0.025,""file_loads"":0.0,""inchi_convertible"":0.0,""internal_steric_clash"":0.131,""molecular_formula"":0.0,""no_radicals"":0.0,""planar_aromatic_rings"":0.001,""planar_double_bonds"":0.0,""reference_file_loads"":0.0,""sanitisation"":0.0,""tetrahedral_chirality"":0.0}",859,99.64054217346447,1.4937785313652308,2.3135088821366274,97.0,11.29220023282887,0.8804108318602175,0.07916181606519208,56.12745563706601,0.025821236757688572,0.21649484536082475,10.0,1.1641443538998837,0.8444356977686363,0.23282887077997672,6.989332440942941,0.16859493603982215,0.0,2.0,0.23282887077997672,0.996821464378483,0.5331781140861467,1.9955984644878393,0.5022015745086267,0.0,1.0,0.11641443538998836,0.0,1.0,1.0,1.0,0.0,859,116.86067601192178,327.85021889629286,140.94102934861883,22.398014532524634,0.12964762350736997,1.2673983213809172,1.0,1.0,1.0,1.0,0.12445237902265106,1.2858788779269275,1.0,1.0,1.0,1.0,1000,0,0,0,0,0,1000,0,0,0,0,859,1000,1000,core
3qqs_3qqs_conf0,generation,qwen_1p7b_bigdata_step74000,dynamic,1p7b_bigdata_step74000,qwen_1p7b_bigdata_step74000_dynamic,Qwen 1.7B bigdata (step 74000),qwen_1p7b_bigdata_step74000_dynamic,4,19,58,0.7,58,58,0,1.0,68,58,10,0.8529411764705882,"{""all_atoms_connected"":0,""bond_angles"":1,""bond_lengths"":0,""bonds"":0,""double_bond_stereochemistry"":0,""energy_ratio"":2,""file_loads"":0,""inchi_convertible"":0,""internal_steric_clash"":10,""molecular_formula"":0,""no_radicals"":0,""planar_aromatic_rings"":0,""planar_double_bonds"":0,""reference_file_loads"":0,""sanitisation"":0,""tetrahedral_chirality"":0}","{""all_atoms_connected"":0.0,""bond_angles"":0.014705882352941176,""bond_lengths"":0.0,""bonds"":0.0,""double_bond_stereochemistry"":0.0,""energy_ratio"":0.029411764705882353,""file_loads"":0.0,""inchi_convertible"":0.0,""internal_steric_clash"":0.14705882352941177,""molecular_formula"":0.0,""no_radicals"":0.0,""planar_aromatic_rings"":0.0,""planar_double_bonds"":0.0,""reference_file_loads"":0.0,""sanitisation"":0.0,""tetrahedral_chirality"":0.0}",58,96.77815874935081,1.5121908396188757,2.315345982166639,29.0,50.0,0.9436607761010153,0.08620689655172414,23.988750619783634,0.048751486325802625,0.5517241379310345,8.0,13.793103448275861,0.8695702096872573,0.25862068965517243,6.099583056385136,0.18608799048751487,0.25,2.0,3.4482758620689653,0.9784493292686188,0.5862068965517241,1.9703464572337879,0.5148632580261593,0.0,1.0,1.7241379310344827,0.0,1.0,1.0,1.0,0.0,58,123.97161121311908,256.6256146926528,144.54581387009543,22.928578576420374,0.15813185229646184,1.386758151968278,1.0,1.0,1.0,1.0,0.1534060925353234,1.378084838246374,1.0,1.0,1.0,1.0,1000,0,0,0,0,0,68,0,0,0,0,58,68,68,core
3qqs_3qqs_conf0,generation,qwen_1p7b_bigdata_step74000,chembl_count,1p7b_bigdata_step74000,qwen_1p7b_bigdata_step74000_chembl_count,Qwen 1.7B bigdata (step 74000),qwen_1p7b_bigdata_step74000_chembl_count,4,19,6,0.7,6,6,0,1.0,7,6,1,0.8571428571428571,"{""all_atoms_connected"":0,""bond_angles"":0,""bond_lengths"":0,""bonds"":0,""double_bond_stereochemistry"":0,""energy_ratio"":0,""file_loads"":0,""inchi_convertible"":0,""internal_steric_clash"":1,""molecular_formula"":0,""no_radicals"":0,""planar_aromatic_rings"":0,""planar_double_bonds"":0,""reference_file_loads"":0,""sanitisation"":0,""tetrahedral_chirality"":0}","{""all_atoms_connected"":0.0,""bond_angles"":0.0,""bond_lengths"":0.0,""bonds"":0.0,""double_bond_stereochemistry"":0.0,""energy_ratio"":0.0,""file_loads"":0.0,""inchi_convertible"":0.0,""internal_steric_clash"":0.14285714285714285,""molecular_formula"":0.0,""no_radicals"":0.0,""planar_aromatic_rings"":0.0,""planar_double_bonds"":0.0,""reference_file_loads"":0.0,""sanitisation"":0.0,""tetrahedral_chirality"":0.0}",6,88.90249115306837,1.6197134750448443,2.2020296024053843,3.0,50.0,0.9206198357143047,0.5,2.749459273997205,0.3888888888888889,0.3333333333333333,3.0,50.0,0.9206198357143047,0.5,2.749459273997205,0.3888888888888889,0.3333333333333333,2.0,33.333333333333336,0.9182958340544894,0.6666666666666666,1.8898815748423097,0.5555555555555556,0.0,1.0,16.666666666666668,0.0,1.0,1.0,1.0,0.0,6,129.25063367649915,179.73285731623935,153.60211601930965,16.025667842848343,0.743958134055989,1.2919932664302314,0.0,0.0,1.0,1.0,0.8147203133911536,1.2995083214331389,0.0,0.0,0.0,1.0,1000,0,0,0,0,0,7,0,0,0,0,6,7,7,core
3rlr_3rlr_conf0,generation,qwen_1p7b_bigdata_step74000,fixed,1p7b_bigdata_step74000,qwen_1p7b_bigdata_step74000_fixed,Qwen 1.7B bigdata (step 74000),qwen_1p7b_bigdata_step74000_fixed,2,23,977,0.7,977,977,0,1.0,999,977,22,0.977977977977978,"{""all_atoms_connected"":0,""bond_angles"":10,""bond_lengths"":7,""bonds"":0,""double_bond_stereochemistry"":0,""energy_ratio"":8,""file_loads"":0,""inchi_convertible"":0,""internal_steric_clash"":18,""molecular_formula"":0,""no_radicals"":0,""planar_aromatic_rings"":0,""planar_double_bonds"":0,""reference_file_loads"":0,""sanitisation"":0,""tetrahedral_chirality"":0}","{""all_atoms_connected"":0.0,""bond_angles"":0.01001001001001001,""bond_lengths"":0.007007007007007007,""bonds"":0.0,""double_bond_stereochemistry"":0.0,""energy_ratio"":0.008008008008008008,""file_loads"":0.0,""inchi_convertible"":0.0,""internal_steric_clash"":0.018018018018018018,""molecular_formula"":0.0,""no_radicals"":0.0,""planar_aromatic_rings"":0.0,""planar_double_bonds"":0.0,""reference_file_loads"":0.0,""sanitisation"":0.0,""tetrahedral_chirality"":0.0}",977,86.61136806833414,1.3167360467570495,2.1826262870783086,24.0,2.4564994882292734,0.7453868503007782,0.17400204708290687,10.68541293961586,0.11569370862488201,0.20833333333333334,4.0,0.4094165813715456,0.8295756865256838,0.48618219037871035,3.1583069109924886,0.352759318993975,0.0,2.0,0.2047082906857728,0.9995276294244954,0.5127942681678608,1.9993452625285033,0.5003273865959023,0.0,1.0,0.1023541453428864,0.0,1.0,1.0,1.0,0.0,977,53.206960258054394,290.31545401243204,68.52846769834481,15.86478371618926,0.11801381946738942,1.771384562295034,1.0,1.0,1.0,1.0,0.16099287443343868,1.788783033107486,1.0,1.0,1.0,1.0,999,0,0,0,0,0,999,0,0,0,0,977,1000,1000,core
3rlr_3rlr_conf0,generation,qwen_1p7b_bigdata_step74000,dynamic,1p7b_bigdata_step74000,qwen_1p7b_bigdata_step74000_dynamic,Qwen 1.7B bigdata (step 74000),qwen_1p7b_bigdata_step74000_dynamic,2,23,24,0.7,24,24,0,1.0,24,24,0,1.0,"{""all_atoms_connected"":0,""bond_angles"":0,""bond_lengths"":0,""bonds"":0,""double_bond_stereochemistry"":0,""energy_ratio"":0,""file_loads"":0,""inchi_convertible"":0,""internal_steric_clash"":0,""molecular_formula"":0,""no_radicals"":0,""planar_aromatic_rings"":0,""planar_double_bonds"":0,""reference_file_loads"":0,""sanitisation"":0,""tetrahedral_chirality"":0}","{""all_atoms_connected"":0.0,""bond_angles"":0.0,""bond_lengths"":0.0,""bonds"":0.0,""double_bond_stereochemistry"":0.0,""energy_ratio"":0.0,""file_loads"":0.0,""inchi_convertible"":0.0,""internal_steric_clash"":0.0,""molecular_formula"":0.0,""no_radicals"":0.0,""planar_aromatic_rings"":0.0,""planar_double_bonds"":0.0,""reference_file_loads"":0.0,""sanitisation"":0.0,""tetrahedral_chirality"":0.0}",24,85.61767098723706,1.2735341662198938,2.1600628029610305,6.0,25.0,0.8513956368435128,0.4166666666666667,4.597424219468744,0.2604166666666667,0.3333333333333333,3.0,12.5,0.7829905706292982,0.625,2.3636406124691614,0.4826388888888889,0.0,2.0,8.333333333333334,0.954434002924965,0.625,1.9378192408783848,0.53125,0.0,1.0,4.166666666666667,0.0,1.0,1.0,1.0,0.0,24,57.915142540321796,89.67474550396258,68.43041320058035,8.465318072983765,0.32323363616176687,2.0410000655640568,0.0,1.0,1.0,1.0,0.29798101479544375,2.046053940470853,0.0,1.0,1.0,1.0,999,0,0,0,0,0,24,0,0,0,0,24,24,24,core
3rlr_3rlr_conf0,generation,qwen_1p7b_bigdata_step74000,chembl_count,1p7b_bigdata_step74000,qwen_1p7b_bigdata_step74000_chembl_count,Qwen 1.7B bigdata (step 74000),qwen_1p7b_bigdata_step74000_chembl_count,2,23,9,0.7,9,9,0,1.0,9,9,0,1.0,"{""all_atoms_connected"":0,""bond_angles"":0,""bond_lengths"":0,""bonds"":0,""double_bond_stereochemistry"":0,""energy_ratio"":0,""file_loads"":0,""inchi_convertible"":0,""internal_steric_clash"":0,""molecular_formula"":0,""no_radicals"":0,""planar_aromatic_rings"":0,""planar_double_bonds"":0,""reference_file_loads"":0,""sanitisation"":0,""tetrahedral_chirality"":0}","{""all_atoms_connected"":0.0,""bond_angles"":0.0,""bond_lengths"":0.0,""bonds"":0.0,""double_bond_stereochemistry"":0.0,""energy_ratio"":0.0,""file_loads"":0.0,""inchi_convertible"":0.0,""internal_steric_clash"":0.0,""molecular_formula"":0.0,""no_radicals"":0.0,""planar_aromatic_rings"":0.0,""planar_double_bonds"":0.0,""reference_file_loads"":0.0,""sanitisation"":0.0,""tetrahedral_chirality"":0.0}",9,78.53356275839512,1.208936335128048,2.167197753071994,4.0,44.44444444444444,0.8288713632524444,0.5555555555555556,3.155224647081286,0.3827160493827161,0.5,2.0,22.22222222222222,0.9182958340544894,0.6666666666666666,1.8898815748423097,0.5555555555555556,0.0,2.0,22.22222222222222,0.9182958340544894,0.6666666666666666,1.8898815748423097,0.5555555555555556,0.0,1.0,11.11111111111111,0.0,1.0,1.0,1.0,0.0,9,61.61324749889927,85.13324757902502,69.15031768717128,6.630737680860864,0.34532479178535724,0.5178268324338279,0.0,1.0,1.0,1.0,0.32064201300425343,0.4868571479216867,0.0,1.0,1.0,1.0,999,0,0,0,0,0,9,0,0,0,0,9,9,9,core
3rsx_3rsx_conf0,generation,qwen_1p7b_bigdata_step74000,fixed,1p7b_bigdata_step74000,qwen_1p7b_bigdata_step74000_fixed,Qwen 1.7B bigdata (step 74000),qwen_1p7b_bigdata_step74000_fixed,2,16,996,0.7,996,996,0,1.0,996,996,0,1.0,"{""all_atoms_connected"":0,""bond_angles"":0,""bond_lengths"":0,""bonds"":0,""double_bond_stereochemistry"":0,""energy_ratio"":0,""file_loads"":0,""inchi_convertible"":0,""internal_steric_clash"":0,""molecular_formula"":0,""no_radicals"":0,""planar_aromatic_rings"":0,""planar_double_bonds"":0,""reference_file_loads"":0,""sanitisation"":0,""tetrahedral_chirality"":0}","{""all_atoms_connected"":0.0,""bond_angles"":0.0,""bond_lengths"":0.0,""bonds"":0.0,""double_bond_stereochemistry"":0.0,""energy_ratio"":0.0,""file_loads"":0.0,""inchi_convertible"":0.0,""internal_steric_clash"":0.0,""molecular_formula"":0.0,""no_radicals"":0.0,""planar_aromatic_rings"":0.0,""planar_double_bonds"":0.0,""reference_file_loads"":0.0,""sanitisation"":0.0,""tetrahedral_chirality"":0.0}",996,123.3930424422975,0.606892296596339,1.0039530309054785,5.0,0.5020080321285141,0.7487921606438896,0.5240963855421686,3.3372078752270897,0.3547120207738585,0.2,2.0,0.20080321285140562,0.9984607965502094,0.5230923694779116,1.9978673487961858,0.5010665150562087,0.0,1.0,0.10040160642570281,0.0,1.0,1.0,1.0,0.0,1.0,0.10040160642570281,0.0,1.0,1.0,1.0,0.0,996,34.79871772523148,138.95925696302672,41.461479561975885,7.5739866604018635,0.09309980242387986,0.5284651771026293,1.0,1.0,1.0,1.0,0.08166834744009338,0.4370420152378422,1.0,1.0,1.0,1.0,996,0,0,0,0,0,996,0,0,0,0,996,1000,1000,core
3rsx_3rsx_conf0,generation,qwen_1p7b_bigdata_step74000,dynamic,1p7b_bigdata_step74000,qwen_1p7b_bigdata_step74000_dynamic,Qwen 1.7B bigdata (step 74000),qwen_1p7b_bigdata_step74000_dynamic,2,16,24,0.7,24,24,0,1.0,24,24,0,1.0,"{""all_atoms_connected"":0,""bond_angles"":0,""bond_lengths"":0,""bonds"":0,""double_bond_stereochemistry"":0,""energy_ratio"":0,""file_loads"":0,""inchi_convertible"":0,""internal_steric_clash"":0,""molecular_formula"":0,""no_radicals"":0,""planar_aromatic_rings"":0,""planar_double_bonds"":0,""reference_file_loads"":0,""sanitisation"":0,""tetrahedral_chirality"":0}","{""all_atoms_connected"":0.0,""bond_angles"":0.0,""bond_lengths"":0.0,""bonds"":0.0,""double_bond_stereochemistry"":0.0,""energy_ratio"":0.0,""file_loads"":0.0,""inchi_convertible"":0.0,""internal_steric_clash"":0.0,""molecular_formula"":0.0,""no_radicals"":0.0,""planar_aromatic_rings"":0.0,""planar_double_bonds"":0.0,""reference_file_loads"":0.0,""sanitisation"":0.0,""tetrahedral_chirality"":0.0}",24,116.86475230713785,0.5914146956390931,1.0050202609539098,3.0,12.5,0.946394630357186,0.5,2.82842712474619,0.375,0.0,2.0,8.333333333333334,0.9182958340544894,0.6666666666666666,1.8898815748423097,0.5555555555555556,0.0,1.0,4.166666666666667,0.0,1.0,1.0,1.0,0.0,1.0,4.166666666666667,0.0,1.0,1.0,1.0,0.0,24,36.889608738018026,56.128685189732934,40.67999013047401,4.159661721803819,0.10902885602783559,0.5327187744526078,1.0,1.0,1.0,1.0,0.15141612012018438,0.4308521568193642,1.0,1.0,1.0,1.0,996,0,0,0,0,0,24,0,0,0,0,24,24,24,core
3rsx_3rsx_conf0,generation,qwen_1p7b_bigdata_step74000,chembl_count,1p7b_bigdata_step74000,qwen_1p7b_bigdata_step74000_chembl_count,Qwen 1.7B bigdata (step 74000),qwen_1p7b_bigdata_step74000_chembl_count,2,16,4,0.7,4,4,0,1.0,4,4,0,1.0,"{""all_atoms_connected"":0,""bond_angles"":0,""bond_lengths"":0,""bonds"":0,""double_bond_stereochemistry"":0,""energy_ratio"":0,""file_loads"":0,""inchi_convertible"":0,""internal_steric_clash"":0,""molecular_formula"":0,""no_radicals"":0,""planar_aromatic_rings"":0,""planar_double_bonds"":0,""reference_file_loads"":0,""sanitisation"":0,""tetrahedral_chirality"":0}","{""all_atoms_connected"":0.0,""bond_angles"":0.0,""bond_lengths"":0.0,""bonds"":0.0,""double_bond_stereochemistry"":0.0,""energy_ratio"":0.0,""file_loads"":0.0,""inchi_convertible"":0.0,""internal_steric_clash"":0.0,""molecular_formula"":0.0,""no_radicals"":0.0,""planar_aromatic_rings"":0.0,""planar_double_bonds"":0.0,""reference_file_loads"":0.0,""sanitisation"":0.0,""tetrahedral_chirality"":0.0}",4,101.17037243913713,0.7731847471343108,1.0021505370993689,4.0,100.0,1.0,0.25,4.0,0.25,1.0,2.0,50.0,1.0,0.5,2.0,0.5,0.0,1.0,25.0,0.0,1.0,1.0,1.0,0.0,1.0,25.0,0.0,1.0,1.0,1.0,0.0,4,40.167212389523186,60.70140294867281,41.400807835473245,8.551689526447397,0.3287198213696648,0.6419480783647354,0.0,1.0,1.0,1.0,0.22675001416667231,0.6725784929162111,1.0,1.0,1.0,1.0,996,0,0,0,0,0,4,0,0,0,0,4,4,4,core
3ryj_3ryj_conf0,generation,qwen_1p7b_bigdata_step74000,fixed,1p7b_bigdata_step74000,qwen_1p7b_bigdata_step74000_fixed,Qwen 1.7B bigdata (step 74000),qwen_1p7b_bigdata_step74000_fixed,4,18,981,0.7,981,979,2,0.9979612640163099,1000,981,19,0.981,"{""all_atoms_connected"":0,""bond_angles"":8,""bond_lengths"":3,""bonds"":0,""double_bond_stereochemistry"":0,""energy_ratio"":4,""file_loads"":0,""inchi_convertible"":0,""internal_steric_clash"":14,""molecular_formula"":0,""no_radicals"":0,""planar_aromatic_rings"":1,""planar_double_bonds"":0,""reference_file_loads"":0,""sanitisation"":0,""tetrahedral_chirality"":0}","{""all_atoms_connected"":0.0,""bond_angles"":0.008,""bond_lengths"":0.003,""bonds"":0.0,""double_bond_stereochemistry"":0.0,""energy_ratio"":0.004,""file_loads"":0.0,""inchi_convertible"":0.0,""internal_steric_clash"":0.014,""molecular_formula"":0.0,""no_radicals"":0.0,""planar_aromatic_rings"":0.001,""planar_double_bonds"":0.0,""reference_file_loads"":0.0,""sanitisation"":0.0,""tetrahedral_chirality"":0.0}",981,120.41630241153,0.9702938927514142,1.2188195929195504,98.0,9.989806320081549,0.826175503523846,0.10397553516819572,44.16743776036977,0.0375836094771089,0.2653061224489796,7.0,0.7135575942915392,0.8523252332443871,0.3343527013251784,5.251681555819556,0.22030714045976513,0.0,1.0,0.1019367991845056,0.0,1.0,1.0,1.0,0.0,1.0,0.1019367991845056,0.0,1.0,1.0,1.0,0.0,981,33.44664775901805,613.9866848134336,51.86246845572437,26.632992547469485,0.12100685419847923,0.9717480730260767,1.0,1.0,1.0,1.0,0.23110052137498263,0.938817079284826,1.0,1.0,1.0,1.0,1000,0,0,0,0,0,1000,0,0,0,0,981,1000,1000,core
3ryj_3ryj_conf0,generation,qwen_1p7b_bigdata_step74000,dynamic,1p7b_bigdata_step74000,qwen_1p7b_bigdata_step74000_dynamic,Qwen 1.7B bigdata (step 74000),qwen_1p7b_bigdata_step74000_dynamic,4,18,68,0.7,68,68,0,1.0,68,68,0,1.0,"{""all_atoms_connected"":0,""bond_angles"":0,""bond_lengths"":0,""bonds"":0,""double_bond_stereochemistry"":0,""energy_ratio"":0,""file_loads"":0,""inchi_convertible"":0,""internal_steric_clash"":0,""molecular_formula"":0,""no_radicals"":0,""planar_aromatic_rings"":0,""planar_double_bonds"":0,""reference_file_loads"":0,""sanitisation"":0,""tetrahedral_chirality"":0}","{""all_atoms_connected"":0.0,""bond_angles"":0.0,""bond_lengths"":0.0,""bonds"":0.0,""double_bond_stereochemistry"":0.0,""energy_ratio"":0.0,""file_loads"":0.0,""inchi_convertible"":0.0,""internal_steric_clash"":0.0,""molecular_formula"":0.0,""no_radicals"":0.0,""planar_aromatic_rings"":0.0,""planar_double_bonds"":0.0,""reference_file_loads"":0.0,""sanitisation"":0.0,""tetrahedral_chirality"":0.0}",68,121.01986073849973,0.9560455393100076,1.2156746676605261,26.0,38.23529411764706,0.8922306397989975,0.16176470588235295,18.301326776105537,0.07482698961937717,0.5,5.0,7.352941176470588,0.9429349901897478,0.3088235294117647,4.561243675391265,0.23356401384083048,0.0,1.0,1.4705882352941178,0.0,1.0,1.0,1.0,0.0,1.0,1.4705882352941178,0.0,1.0,1.0,1.0,0.0,68,36.50018160645855,130.4198144497633,50.28191632798844,15.665785675790804,0.6628210582134668,0.9266874553141654,0.0,0.0,1.0,1.0,0.6932114055988476,0.8890369564139946,0.0,0.0,1.0,1.0,1000,0,0,0,0,0,68,0,0,0,0,68,68,68,core
3ryj_3ryj_conf0,generation,qwen_1p7b_bigdata_step74000,chembl_count,1p7b_bigdata_step74000,qwen_1p7b_bigdata_step74000_chembl_count,Qwen 1.7B bigdata (step 74000),qwen_1p7b_bigdata_step74000_chembl_count,4,18,79,0.7,79,79,0,1.0,81,79,2,0.9753086419753086,"{""all_atoms_connected"":0,""bond_angles"":2,""bond_lengths"":0,""bonds"":0,""double_bond_stereochemistry"":0,""energy_ratio"":0,""file_loads"":0,""inchi_convertible"":0,""internal_steric_clash"":0,""molecular_formula"":0,""no_radicals"":0,""planar_aromatic_rings"":0,""planar_double_bonds"":0,""reference_file_loads"":0,""sanitisation"":0,""tetrahedral_chirality"":0}","{""all_atoms_connected"":0.0,""bond_angles"":0.024691358024691357,""bond_lengths"":0.0,""bonds"":0.0,""double_bond_stereochemistry"":0.0,""energy_ratio"":0.0,""file_loads"":0.0,""inchi_convertible"":0.0,""internal_steric_clash"":0.0,""molecular_formula"":0.0,""no_radicals"":0.0,""planar_aromatic_rings"":0.0,""planar_double_bonds"":0.0,""reference_file_loads"":0.0,""sanitisation"":0.0,""tetrahedral_chirality"":0.0}",79,124.05143089413215,0.9365595832417627,1.1986835618634386,32.0,40.50632911392405,0.8959537282980087,0.17721518987341772,22.31232024831946,0.06521390802755968,0.5,6.0,7.594936708860759,0.868581736737244,0.3291139240506329,4.741196602335441,0.23441756128825506,0.16666666666666666,1.0,1.2658227848101267,0.0,1.0,1.0,1.0,0.0,1.0,1.2658227848101267,0.0,1.0,1.0,1.0,0.0,79,38.08925644046238,179.4640132175071,51.51491229355783,19.699767954029703,0.4838789617198995,0.9643851181213687,0.0,1.0,1.0,1.0,0.3987283105392014,0.9309793541730271,0.0,1.0,1.0,1.0,1000,0,0,0,0,0,81,0,0,0,0,79,81,81,core
3syr_3syr_conf0,generation,qwen_1p7b_bigdata_step74000,fixed,1p7b_bigdata_step74000,qwen_1p7b_bigdata_step74000_fixed,Qwen 1.7B bigdata (step 74000),qwen_1p7b_bigdata_step74000_fixed,6,20,0,0.7,0,0,0,,1000,0,1000,0.0,"{""all_atoms_connected"":0,""bond_angles"":7,""bond_lengths"":2,""bonds"":0,""double_bond_stereochemistry"":0,""energy_ratio"":4,""file_loads"":0,""inchi_convertible"":0,""internal_steric_clash"":51,""molecular_formula"":0,""no_radicals"":0,""planar_aromatic_rings"":0,""planar_double_bonds"":0,""reference_file_loads"":0,""sanitisation"":0,""tetrahedral_chirality"":1000}","{""all_atoms_connected"":0.0,""bond_angles"":0.007,""bond_lengths"":0.002,""bonds"":0.0,""double_bond_stereochemistry"":0.0,""energy_ratio"":0.004,""file_loads"":0.0,""inchi_convertible"":0.0,""internal_steric_clash"":0.051,""molecular_formula"":0.0,""no_radicals"":0.0,""planar_aromatic_rings"":0.0,""planar_double_bonds"":0.0,""reference_file_loads"":0.0,""sanitisation"":0.0,""tetrahedral_chirality"":1.0}",0,,,,,,,,,,,,,,,,,,,,,,,,,,,,,,,,0,,,,,,,,,,,,,,,,,1000,0,0,0,0,0,1000,0,0,0,0,0,1000,1000,core
3syr_3syr_conf0,generation,qwen_1p7b_bigdata_step74000,dynamic,1p7b_bigdata_step74000,qwen_1p7b_bigdata_step74000_dynamic,Qwen 1.7B bigdata (step 74000),qwen_1p7b_bigdata_step74000_dynamic,6,20,0,0.7,0,0,0,,112,0,112,0.0,"{""all_atoms_connected"":0,""bond_angles"":1,""bond_lengths"":0,""bonds"":0,""double_bond_stereochemistry"":0,""energy_ratio"":2,""file_loads"":0,""inchi_convertible"":0,""internal_steric_clash"":7,""molecular_formula"":0,""no_radicals"":0,""planar_aromatic_rings"":0,""planar_double_bonds"":0,""reference_file_loads"":0,""sanitisation"":0,""tetrahedral_chirality"":112}","{""all_atoms_connected"":0.0,""bond_angles"":0.008928571428571428,""bond_lengths"":0.0,""bonds"":0.0,""double_bond_stereochemistry"":0.0,""energy_ratio"":0.017857142857142856,""file_loads"":0.0,""inchi_convertible"":0.0,""internal_steric_clash"":0.0625,""molecular_formula"":0.0,""no_radicals"":0.0,""planar_aromatic_rings"":0.0,""planar_double_bonds"":0.0,""reference_file_loads"":0.0,""sanitisation"":0.0,""tetrahedral_chirality"":1.0}",0,,,,,,,,,,,,,,,,,,,,,,,,,,,,,,,,0,,,,,,,,,,,,,,,,,1000,0,0,0,0,0,112,0,0,0,0,0,112,112,core
3syr_3syr_conf0,generation,qwen_1p7b_bigdata_step74000,chembl_count,1p7b_bigdata_step74000,qwen_1p7b_bigdata_step74000_chembl_count,Qwen 1.7B bigdata (step 74000),qwen_1p7b_bigdata_step74000_chembl_count,6,20,0,0.7,0,0,0,,1000,0,1000,0.0,"{""all_atoms_connected"":0,""bond_angles"":7,""bond_lengths"":2,""bonds"":0,""double_bond_stereochemistry"":0,""energy_ratio"":4,""file_loads"":0,""inchi_convertible"":0,""internal_steric_clash"":51,""molecular_formula"":0,""no_radicals"":0,""planar_aromatic_rings"":0,""planar_double_bonds"":0,""reference_file_loads"":0,""sanitisation"":0,""tetrahedral_chirality"":1000}","{""all_atoms_connected"":0.0,""bond_angles"":0.007,""bond_lengths"":0.002,""bonds"":0.0,""double_bond_stereochemistry"":0.0,""energy_ratio"":0.004,""file_loads"":0.0,""inchi_convertible"":0.0,""internal_steric_clash"":0.051,""molecular_formula"":0.0,""no_radicals"":0.0,""planar_aromatic_rings"":0.0,""planar_double_bonds"":0.0,""reference_file_loads"":0.0,""sanitisation"":0.0,""tetrahedral_chirality"":1.0}",0,,,,,,,,,,,,,,,,,,,,,,,,,,,,,,,,0,,,,,,,,,,,,,,,,,1000,0,0,0,0,0,1000,0,0,0,0,0,1344,1344,core
3twp_3twp_conf0,generation,qwen_1p7b_bigdata_step74000,fixed,1p7b_bigdata_step74000,qwen_1p7b_bigdata_step74000_fixed,Qwen 1.7B bigdata (step 74000),qwen_1p7b_bigdata_step74000_fixed,2,10,997,0.7,997,997,0,1.0,1000,997,3,0.997,"{""all_atoms_connected"":0,""bond_angles"":2,""bond_lengths"":3,""bonds"":0,""double_bond_stereochemistry"":0,""energy_ratio"":2,""file_loads"":0,""inchi_convertible"":0,""internal_steric_clash"":2,""molecular_formula"":0,""no_radicals"":0,""planar_aromatic_rings"":1,""planar_double_bonds"":0,""reference_file_loads"":0,""sanitisation"":0,""tetrahedral_chirality"":0}","{""all_atoms_connected"":0.0,""bond_angles"":0.002,""bond_lengths"":0.003,""bonds"":0.0,""double_bond_stereochemistry"":0.0,""energy_ratio"":0.002,""file_loads"":0.0,""inchi_convertible"":0.0,""internal_steric_clash"":0.002,""molecular_formula"":0.0,""no_radicals"":0.0,""planar_aromatic_rings"":0.001,""planar_double_bonds"":0.0,""reference_file_loads"":0.0,""sanitisation"":0.0,""tetrahedral_chirality"":0.0}",997,104.76638882709872,0.30924096821516955,0.5679854351606001,3.0,0.30090270812437314,0.4107465566984525,0.839518555667001,1.570275708916095,0.7299098901518999,0.0,1.0,0.10030090270812438,0.0,1.0,1.0,1.0,0.0,1.0,0.10030090270812438,0.0,1.0,1.0,1.0,0.0,1.0,0.10030090270812438,0.0,1.0,1.0,1.0,0.0,997,21.525756430624114,154.10907668929713,29.875659921978254,10.794774593658518,0.06791368251384647,0.2013413044474421,1.0,1.0,1.0,1.0,0.0543839400135559,0.18042737162058975,1.0,1.0,1.0,1.0,1000,0,0,0,0,0,1000,0,0,0,0,997,1000,1000,core
3twp_3twp_conf0,generation,qwen_1p7b_bigdata_step74000,dynamic,1p7b_bigdata_step74000,qwen_1p7b_bigdata_step74000_dynamic,Qwen 1.7B bigdata (step 74000),qwen_1p7b_bigdata_step74000_dynamic,2,10,24,0.7,24,24,0,1.0,24,24,0,1.0,"{""all_atoms_connected"":0,""bond_angles"":0,""bond_lengths"":0,""bonds"":0,""double_bond_stereochemistry"":0,""energy_ratio"":0,""file_loads"":0,""inchi_convertible"":0,""internal_steric_clash"":0,""molecular_formula"":0,""no_radicals"":0,""planar_aromatic_rings"":0,""planar_double_bonds"":0,""reference_file_loads"":0,""sanitisation"":0,""tetrahedral_chirality"":0}","{""all_atoms_connected"":0.0,""bond_angles"":0.0,""bond_lengths"":0.0,""bonds"":0.0,""double_bond_stereochemistry"":0.0,""energy_ratio"":0.0,""file_loads"":0.0,""inchi_convertible"":0.0,""internal_steric_clash"":0.0,""molecular_formula"":0.0,""no_radicals"":0.0,""planar_aromatic_rings"":0.0,""planar_double_bonds"":0.0,""reference_file_loads"":0.0,""sanitisation"":0.0,""tetrahedral_chirality"":0.0}",24,90.04154982169352,0.30331511571223385,0.5380301288122471,2.0,8.333333333333334,0.4138168503036338,0.9166666666666666,1.3322056912494478,0.8472222222222221,0.0,1.0,4.166666666666667,0.0,1.0,1.0,1.0,0.0,1.0,4.166666666666667,0.0,1.0,1.0,1.0,0.0,1.0,4.166666666666667,0.0,1.0,1.0,1.0,0.0,24,23.545881186967137,47.61157187137911,28.5501870972594,5.609688811400687,0.12115333044982644,0.2074023024714201,1.0,1.0,1.0,1.0,0.10373167614295542,0.16762053187728887,1.0,1.0,1.0,1.0,1000,0,0,0,0,0,24,0,0,0,0,24,24,24,core
3twp_3twp_conf0,generation,qwen_1p7b_bigdata_step74000,chembl_count,1p7b_bigdata_step74000,qwen_1p7b_bigdata_step74000_chembl_count,Qwen 1.7B bigdata (step 74000),qwen_1p7b_bigdata_step74000_chembl_count,2,10,1,0.7,1,1,0,1.0,1,1,0,1.0,"{""all_atoms_connected"":0,""bond_angles"":0,""bond_lengths"":0,""bonds"":0,""double_bond_stereochemistry"":0,""energy_ratio"":0,""file_loads"":0,""inchi_convertible"":0,""internal_steric_clash"":0,""molecular_formula"":0,""no_radicals"":0,""planar_aromatic_rings"":0,""planar_double_bonds"":0,""reference_file_loads"":0,""sanitisation"":0,""tetrahedral_chirality"":0}","{""all_atoms_connected"":0.0,""bond_angles"":0.0,""bond_lengths"":0.0,""bonds"":0.0,""double_bond_stereochemistry"":0.0,""energy_ratio"":0.0,""file_loads"":0.0,""inchi_convertible"":0.0,""internal_steric_clash"":0.0,""molecular_formula"":0.0,""no_radicals"":0.0,""planar_aromatic_rings"":0.0,""planar_double_bonds"":0.0,""reference_file_loads"":0.0,""sanitisation"":0.0,""tetrahedral_chirality"":0.0}",1,0.0,,,1.0,100.0,0.0,1.0,1.0,1.0,1.0,1.0,100.0,0.0,1.0,1.0,1.0,1.0,1.0,100.0,0.0,1.0,1.0,1.0,1.0,1.0,100.0,0.0,1.0,1.0,1.0,1.0,1,26.138098266765468,26.138098266765468,26.138098266765468,0.0,0.28926078680560097,0.28926078680560097,0.0,1.0,1.0,1.0,0.2522312563547066,0.2522312563547066,0.0,1.0,1.0,1.0,1000,0,0,0,0,0,1,0,0,0,0,1,1,1,core
3u5j_3u5j_conf0,generation,qwen_1p7b_bigdata_step74000,fixed,1p7b_bigdata_step74000,qwen_1p7b_bigdata_step74000_fixed,Qwen 1.7B bigdata (step 74000),qwen_1p7b_bigdata_step74000_fixed,1,22,942,0.7,942,942,0,1.0,1000,942,58,0.942,"{""all_atoms_connected"":0,""bond_angles"":31,""bond_lengths"":48,""bonds"":0,""double_bond_stereochemistry"":0,""energy_ratio"":6,""file_loads"":0,""inchi_convertible"":0,""internal_steric_clash"":16,""molecular_formula"":0,""no_radicals"":0,""planar_aromatic_rings"":0,""planar_double_bonds"":0,""reference_file_loads"":0,""sanitisation"":0,""tetrahedral_chirality"":0}","{""all_atoms_connected"":0.0,""bond_angles"":0.031,""bond_lengths"":0.048,""bonds"":0.0,""double_bond_stereochemistry"":0.0,""energy_ratio"":0.006,""file_loads"":0.0,""inchi_convertible"":0.0,""internal_steric_clash"":0.016,""molecular_formula"":0.0,""no_radicals"":0.0,""planar_aromatic_rings"":0.0,""planar_double_bonds"":0.0,""reference_file_loads"":0.0,""sanitisation"":0.0,""tetrahedral_chirality"":0.0}",942,84.65675057279775,1.0338468141053117,1.7574434616477848,28.0,2.9723991507430996,0.7075219664798613,0.28450106157112526,10.565646985378022,0.14085989515013003,0.35714285714285715,5.0,0.5307855626326964,0.5066839886253597,0.5212314225053079,2.260252247326202,0.47655528058384156,0.2,2.0,0.21231422505307856,0.9928051543299474,0.5498938428874734,1.990050655761953,0.5049787911161597,0.0,1.0,0.10615711252653928,0.0,1.0,1.0,1.0,0.0,942,80.28664414736801,407.64284653764514,94.98963088151736,27.012930131089572,0.10449484294375161,0.7117643251492463,1.0,1.0,1.0,1.0,0.15828931747711839,0.7128086642320981,1.0,1.0,1.0,1.0,1000,0,0,0,0,0,1000,0,0,0,0,942,1000,1000,core
3u5j_3u5j_conf0,generation,qwen_1p7b_bigdata_step74000,dynamic,1p7b_bigdata_step74000,qwen_1p7b_bigdata_step74000_dynamic,Qwen 1.7B bigdata (step 74000),qwen_1p7b_bigdata_step74000_dynamic,1,22,2,0.7,2,2,0,1.0,2,2,0,1.0,"{""all_atoms_connected"":0,""bond_angles"":0,""bond_lengths"":0,""bonds"":0,""double_bond_stereochemistry"":0,""energy_ratio"":0,""file_loads"":0,""inchi_convertible"":0,""internal_steric_clash"":0,""molecular_formula"":0,""no_radicals"":0,""planar_aromatic_rings"":0,""planar_double_bonds"":0,""reference_file_loads"":0,""sanitisation"":0,""tetrahedral_chirality"":0}","{""all_atoms_connected"":0.0,""bond_angles"":0.0,""bond_lengths"":0.0,""bonds"":0.0,""double_bond_stereochemistry"":0.0,""energy_ratio"":0.0,""file_loads"":0.0,""inchi_convertible"":0.0,""internal_steric_clash"":0.0,""molecular_formula"":0.0,""no_radicals"":0.0,""planar_aromatic_rings"":0.0,""planar_double_bonds"":0.0,""reference_file_loads"":0.0,""sanitisation"":0.0,""tetrahedral_chirality"":0.0}",2,5.718775688770252,0.24137958982140914,0.24137958982140914,1.0,50.0,0.0,1.0,1.0,1.0,0.0,1.0,50.0,0.0,1.0,1.0,1.0,0.0,1.0,50.0,0.0,1.0,1.0,1.0,0.0,1.0,50.0,0.0,1.0,1.0,1.0,0.0,2,89.49936849639059,95.03453046202874,92.26694947920967,2.7675809828190765,0.16804764783329054,0.22648501846601132,1.0,1.0,1.0,1.0,0.28906540992905705,0.2952179126874013,0.0,1.0,1.0,1.0,1000,0,0,0,0,0,2,0,0,0,0,2,2,2,core
3u5j_3u5j_conf0,generation,qwen_1p7b_bigdata_step74000,chembl_count,1p7b_bigdata_step74000,qwen_1p7b_bigdata_step74000_chembl_count,Qwen 1.7B bigdata (step 74000),qwen_1p7b_bigdata_step74000_chembl_count,1,22,2,0.7,2,2,0,1.0,2,2,0,1.0,"{""all_atoms_connected"":0,""bond_angles"":0,""bond_lengths"":0,""bonds"":0,""double_bond_stereochemistry"":0,""energy_ratio"":0,""file_loads"":0,""inchi_convertible"":0,""internal_steric_clash"":0,""molecular_formula"":0,""no_radicals"":0,""planar_aromatic_rings"":0,""planar_double_bonds"":0,""reference_file_loads"":0,""sanitisation"":0,""tetrahedral_chirality"":0}","{""all_atoms_connected"":0.0,""bond_angles"":0.0,""bond_lengths"":0.0,""bonds"":0.0,""double_bond_stereochemistry"":0.0,""energy_ratio"":0.0,""file_loads"":0.0,""inchi_convertible"":0.0,""internal_steric_clash"":0.0,""molecular_formula"":0.0,""no_radicals"":0.0,""planar_aromatic_rings"":0.0,""planar_double_bonds"":0.0,""reference_file_loads"":0.0,""sanitisation"":0.0,""tetrahedral_chirality"":0.0}",2,19.824668542897026,0.3579802389854996,0.3579802389854996,1.0,50.0,0.0,1.0,1.0,1.0,0.0,1.0,50.0,0.0,1.0,1.0,1.0,0.0,1.0,50.0,0.0,1.0,1.0,1.0,0.0,1.0,50.0,0.0,1.0,1.0,1.0,0.0,2,93.25765381198396,116.25879829626672,104.75822605412534,11.50057224214138,0.27124019355796897,0.3475995747070343,0.0,1.0,1.0,1.0,0.2824110848560044,0.3817803093128421,0.0,1.0,1.0,1.0,1000,0,0,0,0,0,2,0,0,0,0,2,2,2,core
3u8n_3u8n_conf0,generation,qwen_1p7b_bigdata_step74000,fixed,1p7b_bigdata_step74000,qwen_1p7b_bigdata_step74000_fixed,Qwen 1.7B bigdata (step 74000),qwen_1p7b_bigdata_step74000_fixed,3,17,974,0.7,974,974,0,1.0,999,974,25,0.974974974974975,"{""all_atoms_connected"":0,""bond_angles"":15,""bond_lengths"":19,""bonds"":0,""double_bond_stereochemistry"":0,""energy_ratio"":5,""file_loads"":0,""inchi_convertible"":0,""internal_steric_clash"":7,""molecular_formula"":0,""no_radicals"":0,""planar_aromatic_rings"":1,""planar_double_bonds"":0,""reference_file_loads"":0,""sanitisation"":0,""tetrahedral_chirality"":0}","{""all_atoms_connected"":0.0,""bond_angles"":0.015015015015015015,""bond_lengths"":0.01901901901901902,""bonds"":0.0,""double_bond_stereochemistry"":0.0,""energy_ratio"":0.005005005005005005,""file_loads"":0.0,""inchi_convertible"":0.0,""internal_steric_clash"":0.007007007007007007,""molecular_formula"":0.0,""no_radicals"":0.0,""planar_aromatic_rings"":0.001001001001001001,""planar_double_bonds"":0.0,""reference_file_loads"":0.0,""sanitisation"":0.0,""tetrahedral_chirality"":0.0}",974,97.1017798498943,0.9614481191220702,1.584337813565958,146.0,14.989733059548255,0.6306379131649281,0.4383983572895277,23.169836455242887,0.1983269314286437,0.4931506849315068,14.0,1.4373716632443532,0.6745180344305636,0.5174537987679672,5.9304005833217825,0.29507018202210245,0.07142857142857142,2.0,0.2053388090349076,0.690476376999334,0.8151950718685832,1.6138163116112263,0.6986958666604827,0.0,1.0,0.1026694045174538,0.0,1.0,1.0,1.0,0.0,974,84.66686522624248,245.01537345911703,100.7453656663346,16.077332001708896,0.1548107082898491,0.8350155148324556,1.0,1.0,1.0,1.0,0.14336207601183035,0.8913153699600429,1.0,1.0,1.0,1.0,999,0,0,0,0,0,999,0,0,0,0,974,1000,1000,core
3u8n_3u8n_conf0,generation,qwen_1p7b_bigdata_step74000,dynamic,1p7b_bigdata_step74000,qwen_1p7b_bigdata_step74000_dynamic,Qwen 1.7B bigdata (step 74000),qwen_1p7b_bigdata_step74000_dynamic,3,17,42,0.7,42,42,0,1.0,46,42,4,0.9130434782608696,"{""all_atoms_connected"":0,""bond_angles"":1,""bond_lengths"":2,""bonds"":0,""double_bond_stereochemistry"":0,""energy_ratio"":1,""file_loads"":0,""inchi_convertible"":0,""internal_steric_clash"":2,""molecular_formula"":0,""no_radicals"":0,""planar_aromatic_rings"":0,""planar_double_bonds"":0,""reference_file_loads"":0,""sanitisation"":0,""tetrahedral_chirality"":0}","{""all_atoms_connected"":0.0,""bond_angles"":0.021739130434782608,""bond_lengths"":0.043478260869565216,""bonds"":0.0,""double_bond_stereochemistry"":0.0,""energy_ratio"":0.021739130434782608,""file_loads"":0.0,""inchi_convertible"":0.0,""internal_steric_clash"":0.043478260869565216,""molecular_formula"":0.0,""no_radicals"":0.0,""planar_aromatic_rings"":0.0,""planar_double_bonds"":0.0,""reference_file_loads"":0.0,""sanitisation"":0.0,""tetrahedral_chirality"":0.0}",42,97.40953467289044,0.9173621094338013,1.5227803514926632,17.0,40.476190476190474,0.7011558492373599,0.5238095238095238,7.290149900721193,0.29024943310657597,0.7058823529411765,5.0,11.904761904761905,0.6507832672735125,0.6666666666666666,2.8502173745037696,0.48185941043083896,0.0,1.0,2.380952380952381,0.0,1.0,1.0,1.0,0.0,1.0,2.380952380952381,0.0,1.0,1.0,1.0,0.0,42,92.48206774024251,202.30616397343263,100.14466633322377,19.18117278238203,0.29345741707828954,0.8157185836340122,0.0,1.0,1.0,1.0,0.34749760803576,0.8782223129395488,0.0,1.0,1.0,1.0,999,0,0,0,0,0,46,0,0,0,0,42,46,46,core
3u8n_3u8n_conf0,generation,qwen_1p7b_bigdata_step74000,chembl_count,1p7b_bigdata_step74000,qwen_1p7b_bigdata_step74000_chembl_count,Qwen 1.7B bigdata (step 74000),qwen_1p7b_bigdata_step74000_chembl_count,3,17,187,0.7,187,187,0,1.0,197,187,10,0.949238578680203,"{""all_atoms_connected"":0,""bond_angles"":7,""bond_lengths"":8,""bonds"":0,""double_bond_stereochemistry"":0,""energy_ratio"":2,""file_loads"":0,""inchi_convertible"":0,""internal_steric_clash"":3,""molecular_formula"":0,""no_radicals"":0,""planar_aromatic_rings"":0,""planar_double_bonds"":0,""reference_file_loads"":0,""sanitisation"":0,""tetrahedral_chirality"":0}","{""all_atoms_connected"":0.0,""bond_angles"":0.03553299492385787,""bond_lengths"":0.04060913705583756,""bonds"":0.0,""double_bond_stereochemistry"":0.0,""energy_ratio"":0.01015228426395939,""file_loads"":0.0,""inchi_convertible"":0.0,""internal_steric_clash"":0.015228426395939087,""molecular_formula"":0.0,""no_radicals"":0.0,""planar_aromatic_rings"":0.0,""planar_double_bonds"":0.0,""reference_file_loads"":0.0,""sanitisation"":0.0,""tetrahedral_chirality"":0.0}",187,96.80731222047147,0.9593625633269294,1.5831425493043279,50.0,26.737967914438503,0.7130852802086215,0.41711229946524064,16.274606685422636,0.18602190511595984,0.5,10.0,5.347593582887701,0.7610208377423152,0.44385026737967914,5.767941377002925,0.2496782864823129,0.1,2.0,1.0695187165775402,0.4906528623426421,0.893048128342246,1.4050805725701785,0.8089736623866854,0.0,1.0,0.5347593582887701,0.0,1.0,1.0,1.0,0.0,187,86.8069449844927,176.35033311195994,101.39917446383632,11.596451823220216,0.23090589463832417,0.8902611601833964,1.0,1.0,1.0,1.0,0.27347461719214644,0.9318486248177981,0.0,1.0,1.0,1.0,999,0,0,0,0,0,197,0,0,0,0,187,197,197,core
3uo4_3uo4_conf0,generation,qwen_1p7b_bigdata_step74000,fixed,1p7b_bigdata_step74000,qwen_1p7b_bigdata_step74000_fixed,Qwen 1.7B bigdata (step 74000),qwen_1p7b_bigdata_step74000_fixed,6,29,967,0.7,967,965,2,0.9979317476732161,1000,967,33,0.967,"{""all_atoms_connected"":0,""bond_angles"":3,""bond_lengths"":3,""bonds"":0,""double_bond_stereochemistry"":0,""energy_ratio"":11,""file_loads"":0,""inchi_convertible"":0,""internal_steric_clash"":32,""molecular_formula"":0,""no_radicals"":0,""planar_aromatic_rings"":1,""planar_double_bonds"":0,""reference_file_loads"":0,""sanitisation"":0,""tetrahedral_chirality"":0}","{""all_atoms_connected"":0.0,""bond_angles"":0.003,""bond_lengths"":0.003,""bonds"":0.0,""double_bond_stereochemistry"":0.0,""energy_ratio"":0.011,""file_loads"":0.0,""inchi_convertible"":0.0,""internal_steric_clash"":0.032,""molecular_formula"":0.0,""no_radicals"":0.0,""planar_aromatic_rings"":0.001,""planar_double_bonds"":0.0,""reference_file_loads"":0.0,""sanitisation"":0.0,""tetrahedral_chirality"":0.0}",967,106.0529055508602,2.008920334915081,3.053373487427144,307.0,31.74767321613237,0.9219454712224263,0.02171664943123061,196.33872281323812,0.007442072358887763,0.4820846905537459,37.0,3.8262668045501553,0.8147912531294504,0.11685625646328852,18.95645166782481,0.06789621094890433,0.16216216216216217,4.0,0.4136504653567735,0.9675827574811563,0.3340227507755946,3.8242199835479,0.2708779592102998,0.0,2.0,0.20682523267838676,0.9882974917297167,0.5635987590486039,1.9838424986431418,0.5080896043050448,0.0,967,40.91713458907923,598.4926450880879,56.5276267615176,21.46903019126398,0.3308775449751547,1.9460122237636297,0.0,1.0,1.0,1.0,0.24543515539141267,1.9351799040801905,1.0,1.0,1.0,1.0,1000,0,0,0,0,0,1000,0,0,0,0,967,1000,1000,core
3uo4_3uo4_conf0,generation,qwen_1p7b_bigdata_step74000,dynamic,1p7b_bigdata_step74000,qwen_1p7b_bigdata_step74000_dynamic,Qwen 1.7B bigdata (step 74000),qwen_1p7b_bigdata_step74000_dynamic,6,29,110,0.7,110,109,1,0.990909090909091,112,110,2,0.9821428571428572,"{""all_atoms_connected"":0,""bond_angles"":0,""bond_lengths"":0,""bonds"":0,""double_bond_stereochemistry"":0,""energy_ratio"":2,""file_loads"":0,""inchi_convertible"":0,""internal_steric_clash"":2,""molecular_formula"":0,""no_radicals"":0,""planar_aromatic_rings"":0,""planar_double_bonds"":0,""reference_file_loads"":0,""sanitisation"":0,""tetrahedral_chirality"":0}","{""all_atoms_connected"":0.0,""bond_angles"":0.0,""bond_lengths"":0.0,""bonds"":0.0,""double_bond_stereochemistry"":0.0,""energy_ratio"":0.017857142857142856,""file_loads"":0.0,""inchi_convertible"":0.0,""internal_steric_clash"":0.017857142857142856,""molecular_formula"":0.0,""no_radicals"":0.0,""planar_aromatic_rings"":0.0,""planar_double_bonds"":0.0,""reference_file_loads"":0.0,""sanitisation"":0.0,""tetrahedral_chirality"":0.0}",110,104.64905210739937,2.055089137602457,3.057707126024444,66.0,60.0,0.9510927842994722,0.07272727272727272,53.77186601407594,0.023966942148760325,0.6363636363636364,16.0,14.545454545454545,0.8738121083987693,0.22727272727272727,11.276507700374534,0.11322314049586776,0.125,4.0,3.6363636363636362,0.909031559213248,0.35454545454545455,3.5260748952979344,0.2996694214876033,0.0,2.0,1.8181818181818181,0.9709505944546688,0.6,1.9601317042077895,0.52,0.0,110,44.79056712214475,598.4926450880879,54.77583512517673,52.52653716534733,0.34206509898015103,1.964394017192538,0.0,1.0,1.0,1.0,0.51276367914565,2.0376708968169828,0.0,0.0,1.0,1.0,1000,0,0,0,0,0,112,0,0,0,0,110,112,112,core
3uo4_3uo4_conf0,generation,qwen_1p7b_bigdata_step74000,chembl_count,1p7b_bigdata_step74000,qwen_1p7b_bigdata_step74000_chembl_count,Qwen 1.7B bigdata (step 74000),qwen_1p7b_bigdata_step74000_chembl_count,6,29,26,0.7,26,26,0,1.0,26,26,0,1.0,"{""all_atoms_connected"":0,""bond_angles"":0,""bond_lengths"":0,""bonds"":0,""double_bond_stereochemistry"":0,""energy_ratio"":0,""file_loads"":0,""inchi_convertible"":0,""internal_steric_clash"":0,""molecular_formula"":0,""no_radicals"":0,""planar_aromatic_rings"":0,""planar_double_bonds"":0,""reference_file_loads"":0,""sanitisation"":0,""tetrahedral_chirality"":0}","{""all_atoms_connected"":0.0,""bond_angles"":0.0,""bond_lengths"":0.0,""bonds"":0.0,""double_bond_stereochemistry"":0.0,""energy_ratio"":0.0,""file_loads"":0.0,""inchi_convertible"":0.0,""internal_steric_clash"":0.0,""molecular_formula"":0.0,""no_radicals"":0.0,""planar_aromatic_rings"":0.0,""planar_double_bonds"":0.0,""reference_file_loads"":0.0,""sanitisation"":0.0,""tetrahedral_chirality"":0.0}",26,99.5268819593474,1.953052445678006,3.0316524380589174,19.0,73.07692307692308,0.9729318666340863,0.11538461538461539,17.54446494102016,0.06213017751479291,0.6842105263157895,8.0,30.76923076923077,0.909619330036261,0.2692307692307692,6.629306656234612,0.17159763313609466,0.25,4.0,15.384615384615385,0.8036355439249653,0.5384615384615384,3.0467499214463185,0.3816568047337278,0.25,1.0,3.8461538461538463,0.0,1.0,1.0,1.0,0.0,26,46.255055085617265,67.51636760212239,53.90832147782257,4.852325983098409,0.7110385556839488,2.123806927777297,0.0,0.0,1.0,1.0,0.6638625390123004,2.038901817716016,0.0,0.0,1.0,1.0,1000,0,0,0,0,0,26,0,0,0,0,26,26,26,core
3up2_3up2_conf0,generation,qwen_1p7b_bigdata_step74000,fixed,1p7b_bigdata_step74000,qwen_1p7b_bigdata_step74000_fixed,Qwen 1.7B bigdata (step 74000),qwen_1p7b_bigdata_step74000_fixed,6,28,957,0.7,957,956,1,0.9989550679205852,999,957,42,0.957957957957958,"{""all_atoms_connected"":0,""bond_angles"":9,""bond_lengths"":7,""bonds"":0,""double_bond_stereochemistry"":0,""energy_ratio"":8,""file_loads"":0,""inchi_convertible"":0,""internal_steric_clash"":33,""molecular_formula"":0,""no_radicals"":0,""planar_aromatic_rings"":1,""planar_double_bonds"":0,""reference_file_loads"":0,""sanitisation"":0,""tetrahedral_chirality"":0}","{""all_atoms_connected"":0.0,""bond_angles"":0.009009009009009009,""bond_lengths"":0.007007007007007007,""bonds"":0.0,""double_bond_stereochemistry"":0.0,""energy_ratio"":0.008008008008008008,""file_loads"":0.0,""inchi_convertible"":0.0,""internal_steric_clash"":0.03303303303303303,""molecular_formula"":0.0,""no_radicals"":0.0,""planar_aromatic_rings"":0.001001001001001001,""planar_double_bonds"":0.0,""reference_file_loads"":0.0,""sanitisation"":0.0,""tetrahedral_chirality"":0.0}",957,101.90930268295028,1.7661534320729353,2.588103753205706,258.0,26.95924764890282,0.9153459711411844,0.029258098223615466,161.23762103725912,0.009166358209704876,0.4108527131782946,32.0,3.3437826541274815,0.7843931049315337,0.1891327063740857,15.157558912861,0.09401003877276715,0.1875,3.0,0.31347962382445144,0.9224004927416294,0.43051201671891326,2.7548431727679437,0.3829987257724799,0.0,1.0,0.1044932079414838,0.0,1.0,1.0,1.0,0.0,957,26.157035965828072,225.9252849977062,42.59312147936022,12.411045079756969,0.2869902116587903,1.617963472306181,0.0,1.0,1.0,1.0,0.24850500333219838,1.6990368638451727,1.0,1.0,1.0,1.0,999,0,0,0,0,0,999,0,0,0,0,957,1000,1000,core
3up2_3up2_conf0,generation,qwen_1p7b_bigdata_step74000,dynamic,1p7b_bigdata_step74000,qwen_1p7b_bigdata_step74000_dynamic,Qwen 1.7B bigdata (step 74000),qwen_1p7b_bigdata_step74000_dynamic,6,28,109,0.7,109,109,0,1.0,112,109,3,0.9732142857142856,"{""all_atoms_connected"":0,""bond_angles"":2,""bond_lengths"":0,""bonds"":0,""double_bond_stereochemistry"":0,""energy_ratio"":1,""file_loads"":0,""inchi_convertible"":0,""internal_steric_clash"":2,""molecular_formula"":0,""no_radicals"":0,""planar_aromatic_rings"":0,""planar_double_bonds"":0,""reference_file_loads"":0,""sanitisation"":0,""tetrahedral_chirality"":0}","{""all_atoms_connected"":0.0,""bond_angles"":0.017857142857142856,""bond_lengths"":0.0,""bonds"":0.0,""double_bond_stereochemistry"":0.0,""energy_ratio"":0.008928571428571428,""file_loads"":0.0,""inchi_convertible"":0.0,""internal_steric_clash"":0.017857142857142856,""molecular_formula"":0.0,""no_radicals"":0.0,""planar_aromatic_rings"":0.0,""planar_double_bonds"":0.0,""reference_file_loads"":0.0,""sanitisation"":0.0,""tetrahedral_chirality"":0.0}",109,101.11925593010756,1.8125142835129073,2.6116633863248815,69.0,63.30275229357798,0.9624664573710743,0.045871559633027525,58.86139763588736,0.020116151839070787,0.6811594202898551,15.0,13.761467889908257,0.8210930491548266,0.22018348623853212,9.240178437522882,0.13475296692197622,0.4,3.0,2.7522935779816513,0.7852686906166828,0.5229357798165137,2.369563671671706,0.4545913643632691,0.0,1.0,0.9174311926605505,0.0,1.0,1.0,1.0,0.0,109,28.315826573133954,92.6811886631929,43.53106412307537,10.728162204018831,0.3477721920746742,1.6568917690149696,0.0,1.0,1.0,1.0,0.4593994322058267,1.7624594301674052,0.0,1.0,1.0,1.0,999,0,0,0,0,0,112,0,0,0,0,109,112,112,core
3up2_3up2_conf0,generation,qwen_1p7b_bigdata_step74000,chembl_count,1p7b_bigdata_step74000,qwen_1p7b_bigdata_step74000_chembl_count,Qwen 1.7B bigdata (step 74000),qwen_1p7b_bigdata_step74000_chembl_count,6,28,42,0.7,42,42,0,1.0,43,42,1,0.9767441860465116,"{""all_atoms_connected"":0,""bond_angles"":1,""bond_lengths"":0,""bonds"":0,""double_bond_stereochemistry"":0,""energy_ratio"":0,""file_loads"":0,""inchi_convertible"":0,""internal_steric_clash"":0,""molecular_formula"":0,""no_radicals"":0,""planar_aromatic_rings"":0,""planar_double_bonds"":0,""reference_file_loads"":0,""sanitisation"":0,""tetrahedral_chirality"":0}","{""all_atoms_connected"":0.0,""bond_angles"":0.023255813953488372,""bond_lengths"":0.0,""bonds"":0.0,""double_bond_stereochemistry"":0.0,""energy_ratio"":0.0,""file_loads"":0.0,""inchi_convertible"":0.0,""internal_steric_clash"":0.0,""molecular_formula"":0.0,""no_radicals"":0.0,""planar_aromatic_rings"":0.0,""planar_double_bonds"":0.0,""reference_file_loads"":0.0,""sanitisation"":0.0,""tetrahedral_chirality"":0.0}",42,105.08547005568046,1.8315335038757408,2.6240822780744564,36.0,85.71428571428571,0.9842753277249802,0.07142857142857142,34.02750872238824,0.03174603174603174,0.8611111111111112,13.0,30.952380952380953,0.9218786800252977,0.21428571428571427,10.639485505396243,0.11337868480725623,0.15384615384615385,3.0,7.142857142857143,0.8387166709722413,0.5476190476190477,2.5128672740812066,0.43650793650793657,0.0,1.0,2.380952380952381,0.0,1.0,1.0,1.0,0.0,42,30.668162024536347,81.75290628968922,42.37198390595003,9.555798276299717,0.4077581352772,1.648635714261824,0.0,1.0,1.0,1.0,0.537042906774433,1.7200334130339021,0.0,0.0,1.0,1.0,999,0,0,0,0,0,43,0,0,0,0,42,43,43,core
3wtj_3wtj_conf0,generation,qwen_1p7b_bigdata_step74000,fixed,1p7b_bigdata_step74000,qwen_1p7b_bigdata_step74000_fixed,Qwen 1.7B bigdata (step 74000),qwen_1p7b_bigdata_step74000_fixed,2,16,977,0.7,977,976,1,0.9989764585465711,999,977,22,0.977977977977978,"{""all_atoms_connected"":0,""bond_angles"":5,""bond_lengths"":4,""bonds"":0,""double_bond_stereochemistry"":14,""energy_ratio"":2,""file_loads"":0,""inchi_convertible"":0,""internal_steric_clash"":5,""molecular_formula"":0,""no_radicals"":0,""planar_aromatic_rings"":3,""planar_double_bonds"":0,""reference_file_loads"":0,""sanitisation"":0,""tetrahedral_chirality"":0}","{""all_atoms_connected"":0.0,""bond_angles"":0.005005005005005005,""bond_lengths"":0.004004004004004004,""bonds"":0.0,""double_bond_stereochemistry"":0.014014014014014014,""energy_ratio"":0.002002002002002002,""file_loads"":0.0,""inchi_convertible"":0.0,""internal_steric_clash"":0.005005005005005005,""molecular_formula"":0.0,""no_radicals"":0.0,""planar_aromatic_rings"":0.003003003003003003,""planar_double_bonds"":0.0,""reference_file_loads"":0.0,""sanitisation"":0.0,""tetrahedral_chirality"":0.0}",977,95.8218321799001,1.3155832257874094,1.8495285964713408,68.0,6.960081883316274,0.8300397862865443,0.09416581371545547,33.19367261384879,0.04210767823712008,0.25,11.0,1.1258955987717503,0.816374983579187,0.22517911975435004,7.082179603678849,0.16864966910381982,0.09090909090909091,2.0,0.2047082906857728,0.9412121389610225,0.6417604912998977,1.920140845594439,0.5401920737871767,0.0,1.0,0.1023541453428864,0.0,1.0,1.0,1.0,0.0,977,-48.92340346528655,130.65926357487027,-36.44700829594521,12.645888059810424,0.1775428877355907,1.3632112054048315,1.0,1.0,1.0,1.0,0.15044986901610674,1.3503680486313416,1.0,1.0,1.0,1.0,999,0,0,0,0,0,999,0,0,0,0,977,1000,1000,core
3wtj_3wtj_conf0,generation,qwen_1p7b_bigdata_step74000,dynamic,1p7b_bigdata_step74000,qwen_1p7b_bigdata_step74000_dynamic,Qwen 1.7B bigdata (step 74000),qwen_1p7b_bigdata_step74000_dynamic,2,16,24,0.7,24,24,0,1.0,24,24,0,1.0,"{""all_atoms_connected"":0,""bond_angles"":0,""bond_lengths"":0,""bonds"":0,""double_bond_stereochemistry"":0,""energy_ratio"":0,""file_loads"":0,""inchi_convertible"":0,""internal_steric_clash"":0,""molecular_formula"":0,""no_radicals"":0,""planar_aromatic_rings"":0,""planar_double_bonds"":0,""reference_file_loads"":0,""sanitisation"":0,""tetrahedral_chirality"":0}","{""all_atoms_connected"":0.0,""bond_angles"":0.0,""bond_lengths"":0.0,""bonds"":0.0,""double_bond_stereochemistry"":0.0,""energy_ratio"":0.0,""file_loads"":0.0,""inchi_convertible"":0.0,""internal_steric_clash"":0.0,""molecular_formula"":0.0,""no_radicals"":0.0,""planar_aromatic_rings"":0.0,""planar_double_bonds"":0.0,""reference_file_loads"":0.0,""sanitisation"":0.0,""tetrahedral_chirality"":0.0}",24,95.16497084143809,1.3789981673266334,1.8922246423161773,15.0,62.5,0.9441579653361987,0.16666666666666666,12.894839181882512,0.09027777777777775,0.6666666666666666,6.0,25.0,0.8994371137591135,0.25,5.010696691222404,0.2152777777777778,0.3333333333333333,1.0,4.166666666666667,0.0,1.0,1.0,1.0,0.0,1.0,4.166666666666667,0.0,1.0,1.0,1.0,0.0,24,-44.695302232575216,33.46919942680516,-35.39295042047682,14.805956970700233,0.36122936997897953,1.3854617250329635,0.0,1.0,1.0,1.0,0.2982023866838758,1.351230173512553,0.0,1.0,1.0,1.0,999,0,0,0,0,0,24,0,0,0,0,24,24,24,core
3wtj_3wtj_conf0,generation,qwen_1p7b_bigdata_step74000,chembl_count,1p7b_bigdata_step74000,qwen_1p7b_bigdata_step74000_chembl_count,Qwen 1.7B bigdata (step 74000),qwen_1p7b_bigdata_step74000_chembl_count,2,16,52,0.7,52,52,0,1.0,52,52,0,1.0,"{""all_atoms_connected"":0,""bond_angles"":0,""bond_lengths"":0,""bonds"":0,""double_bond_stereochemistry"":0,""energy_ratio"":0,""file_loads"":0,""inchi_convertible"":0,""internal_steric_clash"":0,""molecular_formula"":0,""no_radicals"":0,""planar_aromatic_rings"":0,""planar_double_bonds"":0,""reference_file_loads"":0,""sanitisation"":0,""tetrahedral_chirality"":0}","{""all_atoms_connected"":0.0,""bond_angles"":0.0,""bond_lengths"":0.0,""bonds"":0.0,""double_bond_stereochemistry"":0.0,""energy_ratio"":0.0,""file_loads"":0.0,""inchi_convertible"":0.0,""internal_steric_clash"":0.0,""molecular_formula"":0.0,""no_radicals"":0.0,""planar_aromatic_rings"":0.0,""planar_double_bonds"":0.0,""reference_file_loads"":0.0,""sanitisation"":0.0,""tetrahedral_chirality"":0.0}",52,93.74970710198065,1.350575236025781,1.8544214425514334,21.0,40.38461538461539,0.9062893380462468,0.15384615384615385,15.787495849067327,0.08062130177514792,0.47619047619047616,7.0,13.461538461538462,0.8986717963818341,0.23076923076923078,5.747325230343654,0.1900887573964497,0.14285714285714285,2.0,3.8461538461538463,0.6646953053493418,0.8269230769230769,1.5852334393543857,0.713757396449704,0.0,1.0,1.9230769230769231,0.0,1.0,1.0,1.0,0.0,52,-45.10583681689283,53.39393017837159,-37.72716325190906,15.512148338776466,0.3118850255961576,1.3808351938807326,0.0,1.0,1.0,1.0,0.2982023866838758,1.3911148978888423,0.0,1.0,1.0,1.0,999,0,0,0,0,0,52,0,0,0,0,52,52,52,core
3zdg_3zdg_conf0,generation,qwen_1p7b_bigdata_step74000,fixed,1p7b_bigdata_step74000,qwen_1p7b_bigdata_step74000_fixed,Qwen 1.7B bigdata (step 74000),qwen_1p7b_bigdata_step74000_fixed,4,13,611,0.7,611,609,2,0.9967266775777414,998,611,387,0.6122244488977956,"{""all_atoms_connected"":0,""bond_angles"":21,""bond_lengths"":6,""bonds"":0,""double_bond_stereochemistry"":0,""energy_ratio"":16,""file_loads"":0,""inchi_convertible"":0,""internal_steric_clash"":79,""molecular_formula"":0,""no_radicals"":0,""planar_aromatic_rings"":0,""planar_double_bonds"":0,""reference_file_loads"":0,""sanitisation"":0,""tetrahedral_chirality"":322}","{""all_atoms_connected"":0.0,""bond_angles"":0.021042084168336674,""bond_lengths"":0.006012024048096192,""bonds"":0.0,""double_bond_stereochemistry"":0.0,""energy_ratio"":0.01603206412825651,""file_loads"":0.0,""inchi_convertible"":0.0,""internal_steric_clash"":0.07915831663326653,""molecular_formula"":0.0,""no_radicals"":0.0,""planar_aromatic_rings"":0.0,""planar_double_bonds"":0.0,""reference_file_loads"":0.0,""sanitisation"":0.0,""tetrahedral_chirality"":0.3226452905811623}",611,107.70524396657932,1.4358638399651285,1.8531623933914863,278.0,45.49918166939444,0.9314009934229895,0.04746317512274959,188.96690537659734,0.00877261123804983,0.5971223021582733,28.0,4.582651391162029,0.8836816847458402,0.1260229132569558,19.00321348147294,0.0641940849831646,0.07142857142857142,2.0,0.32733224222585927,0.9853250144177793,0.5711947626841244,1.9797592683608656,0.5101373884672976,0.0,1.0,0.16366612111292964,0.0,1.0,1.0,1.0,0.0,611,-55.11836961111388,581.263345815386,-38.37971833272157,28.11928591185636,0.4619632659746502,1.3937537360795755,0.0,1.0,1.0,1.0,0.46332106503965287,1.4029256822340406,0.0,1.0,1.0,1.0,998,0,0,0,0,0,998,0,0,0,0,611,1000,1000,core
3zdg_3zdg_conf0,generation,qwen_1p7b_bigdata_step74000,dynamic,1p7b_bigdata_step74000,qwen_1p7b_bigdata_step74000_dynamic,Qwen 1.7B bigdata (step 74000),qwen_1p7b_bigdata_step74000_dynamic,4,13,43,0.7,43,43,0,1.0,68,43,25,0.6323529411764706,"{""all_atoms_connected"":0,""bond_angles"":2,""bond_lengths"":1,""bonds"":0,""double_bond_stereochemistry"":0,""energy_ratio"":2,""file_loads"":0,""inchi_convertible"":0,""internal_steric_clash"":7,""molecular_formula"":0,""no_radicals"":0,""planar_aromatic_rings"":0,""planar_double_bonds"":0,""reference_file_loads"":0,""sanitisation"":0,""tetrahedral_chirality"":18}","{""all_atoms_connected"":0.0,""bond_angles"":0.029411764705882353,""bond_lengths"":0.014705882352941176,""bonds"":0.0,""double_bond_stereochemistry"":0.0,""energy_ratio"":0.029411764705882353,""file_loads"":0.0,""inchi_convertible"":0.0,""internal_steric_clash"":0.10294117647058823,""molecular_formula"":0.0,""no_radicals"":0.0,""planar_aromatic_rings"":0.0,""planar_double_bonds"":0.0,""reference_file_loads"":0.0,""sanitisation"":0.0,""tetrahedral_chirality"":0.2647058823529412}",43,108.22133048669946,1.4307457218402932,1.8315525153084127,37.0,86.04651162790698,0.9846790255957685,0.06976744186046512,35.008648526732046,0.030827474310438075,0.8648648648648649,12.0,27.906976744186046,0.8839944201603498,0.20930232558139536,8.994772839805258,0.1335857220118983,0.3333333333333333,2.0,4.651162790697675,0.9807983646944296,0.5813953488372093,1.973557242325901,0.5132504056246621,0.0,1.0,2.3255813953488373,0.0,1.0,1.0,1.0,0.0,43,-49.143485827723126,-7.180858810824461,-38.88959639288203,8.405416971199493,0.7683324038851908,1.4310188872875023,0.0,0.0,0.0,1.0,0.7591180710487289,1.4583545647869969,0.0,0.0,0.0,1.0,998,0,0,0,0,0,68,0,0,0,0,43,68,68,core
3zdg_3zdg_conf0,generation,qwen_1p7b_bigdata_step74000,chembl_count,1p7b_bigdata_step74000,qwen_1p7b_bigdata_step74000_chembl_count,Qwen 1.7B bigdata (step 74000),qwen_1p7b_bigdata_step74000_chembl_count,4,13,130,0.7,130,130,0,1.0,199,130,69,0.6532663316582915,"{""all_atoms_connected"":0,""bond_angles"":4,""bond_lengths"":0,""bonds"":0,""double_bond_stereochemistry"":0,""energy_ratio"":3,""file_loads"":0,""inchi_convertible"":0,""internal_steric_clash"":13,""molecular_formula"":0,""no_radicals"":0,""planar_aromatic_rings"":0,""planar_double_bonds"":0,""reference_file_loads"":0,""sanitisation"":0,""tetrahedral_chirality"":59}","{""all_atoms_connected"":0.0,""bond_angles"":0.020100502512562814,""bond_lengths"":0.0,""bonds"":0.0,""double_bond_stereochemistry"":0.0,""energy_ratio"":0.01507537688442211,""file_loads"":0.0,""inchi_convertible"":0.0,""internal_steric_clash"":0.06532663316582915,""molecular_formula"":0.0,""no_radicals"":0.0,""planar_aromatic_rings"":0.0,""planar_double_bonds"":0.0,""reference_file_loads"":0.0,""sanitisation"":0.0,""tetrahedral_chirality"":0.2964824120603015}",130,109.04782774451796,1.4306733683328974,1.8340469439677967,89.0,68.46153846153847,0.9706454778666705,0.046153846153846156,78.01293092727805,0.015147928994082842,0.6853932584269663,19.0,14.615384615384615,0.9419555546759264,0.13076923076923078,16.015077973525695,0.07230769230769232,0.0,2.0,1.5384615384615385,0.9972665429589952,0.5307692307692308,1.9962142114943275,0.5018934911242604,0.0,1.0,0.7692307692307693,0.0,1.0,1.0,1.0,0.0,130,-55.11836961111388,86.08721518149409,-37.88968819147432,14.89421218920487,0.7683324038851908,1.3829466684802174,0.0,0.0,0.0,1.0,0.7532803510708256,1.3981404699334616,0.0,0.0,0.0,1.0,998,0,0,0,0,0,199,0,0,0,0,130,199,199,core
4ddh_4ddh_conf0,generation,qwen_1p7b_bigdata_step74000,fixed,1p7b_bigdata_step74000,qwen_1p7b_bigdata_step74000_fixed,Qwen 1.7B bigdata (step 74000),qwen_1p7b_bigdata_step74000_fixed,3,15,976,0.7,976,976,0,1.0,1000,976,24,0.976,"{""all_atoms_connected"":0,""bond_angles"":20,""bond_lengths"":17,""bonds"":0,""double_bond_stereochemistry"":0,""energy_ratio"":9,""file_loads"":0,""inchi_convertible"":0,""internal_steric_clash"":14,""molecular_formula"":0,""no_radicals"":0,""planar_aromatic_rings"":1,""planar_double_bonds"":0,""reference_file_loads"":0,""sanitisation"":0,""tetrahedral_chirality"":0}","{""all_atoms_connected"":0.0,""bond_angles"":0.02,""bond_lengths"":0.017,""bonds"":0.0,""double_bond_stereochemistry"":0.0,""energy_ratio"":0.009,""file_loads"":0.0,""inchi_convertible"":0.0,""internal_steric_clash"":0.014,""molecular_formula"":0.0,""no_radicals"":0.0,""planar_aromatic_rings"":0.001,""planar_double_bonds"":0.0,""reference_file_loads"":0.0,""sanitisation"":0.0,""tetrahedral_chirality"":0.0}",976,110.92294080602778,0.8470274794812941,1.1678190646679498,32.0,3.278688524590164,0.9066890428204758,0.08504098360655737,23.15810363663468,0.05010833781241601,0.0625,3.0,0.3073770491803279,0.9996309061699751,0.3463114754098361,2.9987837735491043,0.33360487772104275,0.0,1.0,0.10245901639344263,0.0,1.0,1.0,1.0,0.0,1.0,0.10245901639344263,0.0,1.0,1.0,1.0,0.0,976,50.09253878091347,492.92332665454944,62.103065563111784,19.37640975487308,0.15472014096897696,0.8625519717530468,1.0,1.0,1.0,1.0,0.22598316658456669,0.8505934788271403,1.0,1.0,1.0,1.0,1000,0,0,0,0,0,1000,0,0,0,0,976,1000,1000,core
4ddh_4ddh_conf0,generation,qwen_1p7b_bigdata_step74000,dynamic,1p7b_bigdata_step74000,qwen_1p7b_bigdata_step74000_dynamic,Qwen 1.7B bigdata (step 74000),qwen_1p7b_bigdata_step74000_dynamic,3,15,45,0.7,45,45,0,1.0,46,45,1,0.9782608695652174,"{""all_atoms_connected"":0,""bond_angles"":1,""bond_lengths"":1,""bonds"":0,""double_bond_stereochemistry"":0,""energy_ratio"":1,""file_loads"":0,""inchi_convertible"":0,""internal_steric_clash"":1,""molecular_formula"":0,""no_radicals"":0,""planar_aromatic_rings"":0,""planar_double_bonds"":0,""reference_file_loads"":0,""sanitisation"":0,""tetrahedral_chirality"":0}","{""all_atoms_connected"":0.0,""bond_angles"":0.021739130434782608,""bond_lengths"":0.021739130434782608,""bonds"":0.0,""double_bond_stereochemistry"":0.0,""energy_ratio"":0.021739130434782608,""file_loads"":0.0,""inchi_convertible"":0.0,""internal_steric_clash"":0.021739130434782608,""molecular_formula"":0.0,""no_radicals"":0.0,""planar_aromatic_rings"":0.0,""planar_double_bonds"":0.0,""reference_file_loads"":0.0,""sanitisation"":0.0,""tetrahedral_chirality"":0.0}",45,113.97936445095979,0.8563577275364579,1.1684878634965894,14.0,31.11111111111111,0.9426651528464491,0.15555555555555556,12.034137238854942,0.0923456790123457,0.21428571428571427,3.0,6.666666666666667,0.9817405980969265,0.4,2.9404195797061745,0.34617283950617284,0.0,1.0,2.2222222222222223,0.0,1.0,1.0,1.0,0.0,1.0,2.2222222222222223,0.0,1.0,1.0,1.0,0.0,45,51.88702668821202,138.16924101268415,63.942592810877635,13.710833281738974,0.36540550034160957,0.824742620448143,0.0,1.0,1.0,1.0,0.4094686294392379,0.8232854375263884,0.0,1.0,1.0,1.0,1000,0,0,0,0,0,46,0,0,0,0,45,46,46,core
4ddh_4ddh_conf0,generation,qwen_1p7b_bigdata_step74000,chembl_count,1p7b_bigdata_step74000,qwen_1p7b_bigdata_step74000_chembl_count,Qwen 1.7B bigdata (step 74000),qwen_1p7b_bigdata_step74000_chembl_count,3,15,2,0.7,2,2,0,1.0,2,2,0,1.0,"{""all_atoms_connected"":0,""bond_angles"":0,""bond_lengths"":0,""bonds"":0,""double_bond_stereochemistry"":0,""energy_ratio"":0,""file_loads"":0,""inchi_convertible"":0,""internal_steric_clash"":0,""molecular_formula"":0,""no_radicals"":0,""planar_aromatic_rings"":0,""planar_double_bonds"":0,""reference_file_loads"":0,""sanitisation"":0,""tetrahedral_chirality"":0}","{""all_atoms_connected"":0.0,""bond_angles"":0.0,""bond_lengths"":0.0,""bonds"":0.0,""double_bond_stereochemistry"":0.0,""energy_ratio"":0.0,""file_loads"":0.0,""inchi_convertible"":0.0,""internal_steric_clash"":0.0,""molecular_formula"":0.0,""no_radicals"":0.0,""planar_aromatic_rings"":0.0,""planar_double_bonds"":0.0,""reference_file_loads"":0.0,""sanitisation"":0.0,""tetrahedral_chirality"":0.0}",2,53.95677652387494,0.9380596035105778,0.9380596035105778,2.0,100.0,1.0,0.5,2.0,0.5,1.0,1.0,50.0,0.0,1.0,1.0,1.0,0.0,1.0,50.0,0.0,1.0,1.0,1.0,0.0,1.0,50.0,0.0,1.0,1.0,1.0,0.0,2,53.18423984065008,60.351922492536204,56.76808116659314,3.5838413259430624,0.5862057530308087,0.6484240748028733,0.0,0.0,1.0,1.0,0.6031774189577586,0.6733349317792582,0.0,0.0,1.0,1.0,1000,0,0,0,0,0,2,0,0,0,0,2,2,2,core
4ddk_4ddk_conf0,generation,qwen_1p7b_bigdata_step74000,fixed,1p7b_bigdata_step74000,qwen_1p7b_bigdata_step74000_fixed,Qwen 1.7B bigdata (step 74000),qwen_1p7b_bigdata_step74000_fixed,1,12,997,0.7,997,997,0,1.0,1000,997,3,0.997,"{""all_atoms_connected"":0,""bond_angles"":3,""bond_lengths"":3,""bonds"":0,""double_bond_stereochemistry"":0,""energy_ratio"":0,""file_loads"":0,""inchi_convertible"":0,""internal_steric_clash"":1,""molecular_formula"":0,""no_radicals"":0,""planar_aromatic_rings"":0,""planar_double_bonds"":0,""reference_file_loads"":0,""sanitisation"":0,""tetrahedral_chirality"":0}","{""all_atoms_connected"":0.0,""bond_angles"":0.003,""bond_lengths"":0.003,""bonds"":0.0,""double_bond_stereochemistry"":0.0,""energy_ratio"":0.0,""file_loads"":0.0,""inchi_convertible"":0.0,""internal_steric_clash"":0.001,""molecular_formula"":0.0,""no_radicals"":0.0,""planar_aromatic_rings"":0.0,""planar_double_bonds"":0.0,""reference_file_loads"":0.0,""sanitisation"":0.0,""tetrahedral_chirality"":0.0}",997,107.06878498142602,0.23350527738125687,0.43417462706132376,4.0,0.4012036108324975,0.31299062720193827,0.8826479438314945,1.5432601226444609,0.7874143996684134,0.25,1.0,0.10030090270812438,0.0,1.0,1.0,1.0,0.0,1.0,0.10030090270812438,0.0,1.0,1.0,1.0,0.0,1.0,0.10030090270812438,0.0,1.0,1.0,1.0,0.0,997,29.290735703285883,162.59952495389902,40.432306171197936,9.903426546715488,0.05084869117057293,0.1299712570693204,1.0,1.0,1.0,1.0,0.05365246578067411,0.1305140501049658,1.0,1.0,1.0,1.0,1000,0,0,0,0,0,1000,0,0,0,0,997,1000,1000,core
4ddk_4ddk_conf0,generation,qwen_1p7b_bigdata_step74000,dynamic,1p7b_bigdata_step74000,qwen_1p7b_bigdata_step74000_dynamic,Qwen 1.7B bigdata (step 74000),qwen_1p7b_bigdata_step74000_dynamic,1,12,2,0.7,2,2,0,1.0,2,2,0,1.0,"{""all_atoms_connected"":0,""bond_angles"":0,""bond_lengths"":0,""bonds"":0,""double_bond_stereochemistry"":0,""energy_ratio"":0,""file_loads"":0,""inchi_convertible"":0,""internal_steric_clash"":0,""molecular_formula"":0,""no_radicals"":0,""planar_aromatic_rings"":0,""planar_double_bonds"":0,""reference_file_loads"":0,""sanitisation"":0,""tetrahedral_chirality"":0}","{""all_atoms_connected"":0.0,""bond_angles"":0.0,""bond_lengths"":0.0,""bonds"":0.0,""double_bond_stereochemistry"":0.0,""energy_ratio"":0.0,""file_loads"":0.0,""inchi_convertible"":0.0,""internal_steric_clash"":0.0,""molecular_formula"":0.0,""no_radicals"":0.0,""planar_aromatic_rings"":0.0,""planar_double_bonds"":0.0,""reference_file_loads"":0.0,""sanitisation"":0.0,""tetrahedral_chirality"":0.0}",2,81.62356297723566,0.1580544588753359,0.1580544588753359,1.0,50.0,0.0,1.0,1.0,1.0,0.0,1.0,50.0,0.0,1.0,1.0,1.0,0.0,1.0,50.0,0.0,1.0,1.0,1.0,0.0,1.0,50.0,0.0,1.0,1.0,1.0,0.0,2,38.97596287381234,40.66330049718955,39.81963168550095,0.8436688116886053,0.11749844758787002,0.1627669165254313,1.0,1.0,1.0,1.0,0.10843389452131602,0.16827815071308594,1.0,1.0,1.0,1.0,1000,0,0,0,0,0,2,0,0,0,0,2,2,2,core
4ddk_4ddk_conf0,generation,qwen_1p7b_bigdata_step74000,chembl_count,1p7b_bigdata_step74000,qwen_1p7b_bigdata_step74000_chembl_count,Qwen 1.7B bigdata (step 74000),qwen_1p7b_bigdata_step74000_chembl_count,1,12,1,0.7,1,1,0,1.0,1,1,0,1.0,"{""all_atoms_connected"":0,""bond_angles"":0,""bond_lengths"":0,""bonds"":0,""double_bond_stereochemistry"":0,""energy_ratio"":0,""file_loads"":0,""inchi_convertible"":0,""internal_steric_clash"":0,""molecular_formula"":0,""no_radicals"":0,""planar_aromatic_rings"":0,""planar_double_bonds"":0,""reference_file_loads"":0,""sanitisation"":0,""tetrahedral_chirality"":0}","{""all_atoms_connected"":0.0,""bond_angles"":0.0,""bond_lengths"":0.0,""bonds"":0.0,""double_bond_stereochemistry"":0.0,""energy_ratio"":0.0,""file_loads"":0.0,""inchi_convertible"":0.0,""internal_steric_clash"":0.0,""molecular_formula"":0.0,""no_radicals"":0.0,""planar_aromatic_rings"":0.0,""planar_double_bonds"":0.0,""reference_file_loads"":0.0,""sanitisation"":0.0,""tetrahedral_chirality"":0.0}",1,0.0,,,1.0,100.0,0.0,1.0,1.0,1.0,1.0,1.0,100.0,0.0,1.0,1.0,1.0,1.0,1.0,100.0,0.0,1.0,1.0,1.0,1.0,1.0,100.0,0.0,1.0,1.0,1.0,1.0,1,39.40099810122662,39.40099810122662,39.40099810122662,0.0,0.1617412668310341,0.1617412668310341,1.0,1.0,1.0,1.0,0.11851087009412571,0.11851087009412571,1.0,1.0,1.0,1.0,1000,0,0,0,0,0,1,0,0,0,0,1,1,1,core
4eor_4eor_conf0,generation,qwen_1p7b_bigdata_step74000,fixed,1p7b_bigdata_step74000,qwen_1p7b_bigdata_step74000_fixed,Qwen 1.7B bigdata (step 74000),qwen_1p7b_bigdata_step74000_fixed,7,28,993,0.7,993,993,0,1.0,1000,993,7,0.993,"{""all_atoms_connected"":0,""bond_angles"":2,""bond_lengths"":2,""bonds"":0,""double_bond_stereochemistry"":0,""energy_ratio"":0,""file_loads"":0,""inchi_convertible"":0,""internal_steric_clash"":5,""molecular_formula"":0,""no_radicals"":0,""planar_aromatic_rings"":0,""planar_double_bonds"":0,""reference_file_loads"":0,""sanitisation"":0,""tetrahedral_chirality"":0}","{""all_atoms_connected"":0.0,""bond_angles"":0.002,""bond_lengths"":0.002,""bonds"":0.0,""double_bond_stereochemistry"":0.0,""energy_ratio"":0.0,""file_loads"":0.0,""inchi_convertible"":0.0,""internal_steric_clash"":0.005,""molecular_formula"":0.0,""no_radicals"":0.0,""planar_aromatic_rings"":0.0,""planar_double_bonds"":0.0,""reference_file_loads"":0.0,""sanitisation"":0.0,""tetrahedral_chirality"":0.0}",993,82.87935517743756,1.255189742448688,1.6588453475309854,503.0,50.65458207452165,0.9484948404864395,0.017119838872104734,365.1096360138205,0.0039724192205458355,0.6421471172962226,52.0,5.236656596173212,0.7900641179530585,0.18932527693857,22.685725256094532,0.07082913729439409,0.15384615384615385,3.0,0.3021148036253776,0.13903464036625243,0.9687814702920443,1.1650280505544204,0.9392484551984739,0.0,1.0,0.10070493454179255,0.0,1.0,1.0,1.0,0.0,993,51.50863672617204,291.00783925879796,68.49022317497896,14.470579929421598,0.31016768039873727,1.0958215627613705,0.0,1.0,1.0,1.0,0.2900071081088144,1.1387106520522268,0.0,1.0,1.0,1.0,1000,0,0,0,0,0,1000,0,0,0,0,993,1000,1000,core
4eor_4eor_conf0,generation,qwen_1p7b_bigdata_step74000,dynamic,1p7b_bigdata_step74000,qwen_1p7b_bigdata_step74000_dynamic,Qwen 1.7B bigdata (step 74000),qwen_1p7b_bigdata_step74000_dynamic,7,28,133,0.7,133,133,0,1.0,134,133,1,0.9925373134328358,"{""all_atoms_connected"":0,""bond_angles"":1,""bond_lengths"":1,""bonds"":0,""double_bond_stereochemistry"":0,""energy_ratio"":0,""file_loads"":0,""inchi_convertible"":0,""internal_steric_clash"":0,""molecular_formula"":0,""no_radicals"":0,""planar_aromatic_rings"":0,""planar_double_bonds"":0,""reference_file_loads"":0,""sanitisation"":0,""tetrahedral_chirality"":0}","{""all_atoms_connected"":0.0,""bond_angles"":0.007462686567164179,""bond_lengths"":0.007462686567164179,""bonds"":0.0,""double_bond_stereochemistry"":0.0,""energy_ratio"":0.0,""file_loads"":0.0,""inchi_convertible"":0.0,""internal_steric_clash"":0.0,""molecular_formula"":0.0,""no_radicals"":0.0,""planar_aromatic_rings"":0.0,""planar_double_bonds"":0.0,""reference_file_loads"":0.0,""sanitisation"":0.0,""tetrahedral_chirality"":0.0}",133,84.98338412423878,1.280254848680302,1.7144380519638016,105.0,78.94736842105263,0.9792648334130094,0.03759398496240601,95.34097792942642,0.012041381649612753,0.8095238095238095,20.0,15.037593984962406,0.8317341081496566,0.18045112781954886,12.081226403228396,0.10893775792865623,0.3,3.0,2.255639097744361,0.45414532798232354,0.8345864661654135,1.6469574864834953,0.7193736220249873,0.0,1.0,0.7518796992481203,0.0,1.0,1.0,1.0,0.0,133,53.52210421624126,113.41443427036997,67.44207929531748,9.606543590342326,0.4286968373218116,1.0851629541090422,0.0,1.0,1.0,1.0,0.4687626130294813,1.1154121894432527,0.0,1.0,1.0,1.0,1000,0,0,0,0,0,134,0,0,0,0,133,134,134,core
4eor_4eor_conf0,generation,qwen_1p7b_bigdata_step74000,chembl_count,1p7b_bigdata_step74000,qwen_1p7b_bigdata_step74000_chembl_count,Qwen 1.7B bigdata (step 74000),qwen_1p7b_bigdata_step74000_chembl_count,7,28,198,0.7,198,198,0,1.0,200,198,2,0.99,"{""all_atoms_connected"":0,""bond_angles"":1,""bond_lengths"":1,""bonds"":0,""double_bond_stereochemistry"":0,""energy_ratio"":0,""file_loads"":0,""inchi_convertible"":0,""internal_steric_clash"":1,""molecular_formula"":0,""no_radicals"":0,""planar_aromatic_rings"":0,""planar_double_bonds"":0,""reference_file_loads"":0,""sanitisation"":0,""tetrahedral_chirality"":0}","{""all_atoms_connected"":0.0,""bond_angles"":0.005,""bond_lengths"":0.005,""bonds"":0.0,""double_bond_stereochemistry"":0.0,""energy_ratio"":0.0,""file_loads"":0.0,""inchi_convertible"":0.0,""internal_steric_clash"":0.005,""molecular_formula"":0.0,""no_radicals"":0.0,""planar_aromatic_rings"":0.0,""planar_double_bonds"":0.0,""reference_file_loads"":0.0,""sanitisation"":0.0,""tetrahedral_chirality"":0.0}",198,82.62857514258843,1.3505902050164467,1.8261571456827814,155.0,78.28282828282828,0.9795622553002054,0.025252525252525252,139.81902138692493,0.008264462809917357,0.8129032258064516,30.0,15.151515151515152,0.8062301296960893,0.18686868686868688,15.5202838848823,0.09519436792164064,0.36666666666666664,2.0,1.0101010101010102,0.1425733302598987,0.9797979797979798,1.1038723342398742,0.9604122028364452,0.0,1.0,0.5050505050505051,0.0,1.0,1.0,1.0,0.0,198,55.849318833499865,140.9258851032551,68.68374657819332,12.473175807137427,0.31016768039873727,1.1154230175904165,0.0,1.0,1.0,1.0,0.2900071081088144,1.160983794118875,0.0,1.0,1.0,1.0,1000,0,0,0,0,0,200,0,0,0,0,198,200,200,core
4f09_4f09_conf0,generation,qwen_1p7b_bigdata_step74000,fixed,1p7b_bigdata_step74000,qwen_1p7b_bigdata_step74000_fixed,Qwen 1.7B bigdata (step 74000),qwen_1p7b_bigdata_step74000_fixed,1,19,996,0.7,996,996,0,1.0,1000,996,4,0.996,"{""all_atoms_connected"":0,""bond_angles"":0,""bond_lengths"":0,""bonds"":0,""double_bond_stereochemistry"":0,""energy_ratio"":0,""file_loads"":0,""inchi_convertible"":0,""internal_steric_clash"":4,""molecular_formula"":0,""no_radicals"":0,""planar_aromatic_rings"":0,""planar_double_bonds"":0,""reference_file_loads"":0,""sanitisation"":0,""tetrahedral_chirality"":0}","{""all_atoms_connected"":0.0,""bond_angles"":0.0,""bond_lengths"":0.0,""bonds"":0.0,""double_bond_stereochemistry"":0.0,""energy_ratio"":0.0,""file_loads"":0.0,""inchi_convertible"":0.0,""internal_steric_clash"":0.004,""molecular_formula"":0.0,""no_radicals"":0.0,""planar_aromatic_rings"":0.0,""planar_double_bonds"":0.0,""reference_file_loads"":0.0,""sanitisation"":0.0,""tetrahedral_chirality"":0.0}",996,91.33020658902043,0.47800005068674684,0.7143877758052561,14.0,1.4056224899598393,0.5947009656601894,0.37751004016064255,4.804004987213014,0.27022144804116066,0.07142857142857142,3.0,0.30120481927710846,0.5019122604395435,0.7961847389558233,1.7356933816277444,0.6708299059692586,0.0,1.0,0.10040160642570281,0.0,1.0,1.0,1.0,0.0,1.0,0.10040160642570281,0.0,1.0,1.0,1.0,0.0,996,70.02127957073628,170.44654748117836,88.16894719672285,8.057747804323979,0.09820870606999545,0.33816718256775047,1.0,1.0,1.0,1.0,0.06814046420330562,0.3658457971081627,1.0,1.0,1.0,1.0,1000,0,0,0,0,0,1000,0,0,0,0,996,1000,1000,core
4f09_4f09_conf0,generation,qwen_1p7b_bigdata_step74000,dynamic,1p7b_bigdata_step74000,qwen_1p7b_bigdata_step74000_dynamic,Qwen 1.7B bigdata (step 74000),qwen_1p7b_bigdata_step74000_dynamic,1,19,2,0.7,2,2,0,1.0,2,2,0,1.0,"{""all_atoms_connected"":0,""bond_angles"":0,""bond_lengths"":0,""bonds"":0,""double_bond_stereochemistry"":0,""energy_ratio"":0,""file_loads"":0,""inchi_convertible"":0,""internal_steric_clash"":0,""molecular_formula"":0,""no_radicals"":0,""planar_aromatic_rings"":0,""planar_double_bonds"":0,""reference_file_loads"":0,""sanitisation"":0,""tetrahedral_chirality"":0}","{""all_atoms_connected"":0.0,""bond_angles"":0.0,""bond_lengths"":0.0,""bonds"":0.0,""double_bond_stereochemistry"":0.0,""energy_ratio"":0.0,""file_loads"":0.0,""inchi_convertible"":0.0,""internal_steric_clash"":0.0,""molecular_formula"":0.0,""no_radicals"":0.0,""planar_aromatic_rings"":0.0,""planar_double_bonds"":0.0,""reference_file_loads"":0.0,""sanitisation"":0.0,""tetrahedral_chirality"":0.0}",2,100.67582866695892,0.889951505417795,0.889951505417795,2.0,100.0,1.0,0.5,2.0,0.5,1.0,1.0,50.0,0.0,1.0,1.0,1.0,0.0,1.0,50.0,0.0,1.0,1.0,1.0,0.0,1.0,50.0,0.0,1.0,1.0,1.0,0.0,2,83.97897429814714,92.85042455702126,88.4146994275842,4.43572512943706,0.21490803079531273,0.49861031019007146,1.0,1.0,1.0,1.0,0.1919854418998682,0.5632660043477994,1.0,1.0,1.0,1.0,1000,0,0,0,0,0,2,0,0,0,0,2,2,2,core
4f09_4f09_conf0,generation,qwen_1p7b_bigdata_step74000,chembl_count,1p7b_bigdata_step74000,qwen_1p7b_bigdata_step74000_chembl_count,Qwen 1.7B bigdata (step 74000),qwen_1p7b_bigdata_step74000_chembl_count,1,19,2,0.7,2,2,0,1.0,2,2,0,1.0,"{""all_atoms_connected"":0,""bond_angles"":0,""bond_lengths"":0,""bonds"":0,""double_bond_stereochemistry"":0,""energy_ratio"":0,""file_loads"":0,""inchi_convertible"":0,""internal_steric_clash"":0,""molecular_formula"":0,""no_radicals"":0,""planar_aromatic_rings"":0,""planar_double_bonds"":0,""reference_file_loads"":0,""sanitisation"":0,""tetrahedral_chirality"":0}","{""all_atoms_connected"":0.0,""bond_angles"":0.0,""bond_lengths"":0.0,""bonds"":0.0,""double_bond_stereochemistry"":0.0,""energy_ratio"":0.0,""file_loads"":0.0,""inchi_convertible"":0.0,""internal_steric_clash"":0.0,""molecular_formula"":0.0,""no_radicals"":0.0,""planar_aromatic_rings"":0.0,""planar_double_bonds"":0.0,""reference_file_loads"":0.0,""sanitisation"":0.0,""tetrahedral_chirality"":0.0}",2,15.588967943634135,0.589217063035873,0.589217063035873,2.0,100.0,1.0,0.5,2.0,0.5,1.0,1.0,50.0,0.0,1.0,1.0,1.0,0.0,1.0,50.0,0.0,1.0,1.0,1.0,0.0,1.0,50.0,0.0,1.0,1.0,1.0,0.0,2,79.42623098439014,103.47393971618243,91.45008535028629,12.023854365896142,0.29056734656347566,0.3375307031485303,0.0,1.0,1.0,1.0,0.29361416226910486,0.3209495388760385,0.0,1.0,1.0,1.0,1000,0,0,0,0,0,2,0,0,0,0,2,2,2,core
4f2w_4f2w_conf0,generation,qwen_1p7b_bigdata_step74000,fixed,1p7b_bigdata_step74000,qwen_1p7b_bigdata_step74000_fixed,Qwen 1.7B bigdata (step 74000),qwen_1p7b_bigdata_step74000_fixed,6,20,37,0.7,37,37,0,1.0,1000,37,963,0.037,"{""all_atoms_connected"":0,""bond_angles"":67,""bond_lengths"":5,""bonds"":0,""double_bond_stereochemistry"":0,""energy_ratio"":3,""file_loads"":0,""inchi_convertible"":0,""internal_steric_clash"":4,""molecular_formula"":0,""no_radicals"":0,""planar_aromatic_rings"":0,""planar_double_bonds"":0,""reference_file_loads"":0,""sanitisation"":0,""tetrahedral_chirality"":958}","{""all_atoms_connected"":0.0,""bond_angles"":0.067,""bond_lengths"":0.005,""bonds"":0.0,""double_bond_stereochemistry"":0.0,""energy_ratio"":0.003,""file_loads"":0.0,""inchi_convertible"":0.0,""internal_steric_clash"":0.004,""molecular_formula"":0.0,""no_radicals"":0.0,""planar_aromatic_rings"":0.0,""planar_double_bonds"":0.0,""reference_file_loads"":0.0,""sanitisation"":0.0,""tetrahedral_chirality"":0.958}",37,112.38606237272238,1.4860354394731528,2.0988174023778408,22.0,59.45945945945946,0.8550743458776826,0.2972972972972973,14.056305763503653,0.12344777209642077,0.8636363636363636,11.0,29.72972972972973,0.7506426349427551,0.4864864864864865,6.049420158564971,0.2724616508400292,0.36363636363636365,3.0,8.108108108108109,0.8494251180770136,0.5945945945945946,2.542604305868478,0.4448502556610665,0.0,1.0,2.7027027027027026,0.0,1.0,1.0,1.0,0.0,37,-47.95076182692566,72.00306307836803,-32.76156769979134,19.456910579889175,0.8952312301540561,2.0353860814157234,0.0,0.0,0.0,1.0,0.9246385053290479,2.0673372589217625,0.0,0.0,0.0,1.0,1000,0,0,0,0,0,1000,0,0,0,0,37,1000,1000,core
4f2w_4f2w_conf0,generation,qwen_1p7b_bigdata_step74000,dynamic,1p7b_bigdata_step74000,qwen_1p7b_bigdata_step74000_dynamic,Qwen 1.7B bigdata (step 74000),qwen_1p7b_bigdata_step74000_dynamic,6,20,4,0.7,4,4,0,1.0,112,4,108,0.0357142857142857,"{""all_atoms_connected"":0,""bond_angles"":10,""bond_lengths"":2,""bonds"":0,""double_bond_stereochemistry"":0,""energy_ratio"":0,""file_loads"":0,""inchi_convertible"":0,""internal_steric_clash"":0,""molecular_formula"":0,""no_radicals"":0,""planar_aromatic_rings"":0,""planar_double_bonds"":0,""reference_file_loads"":0,""sanitisation"":0,""tetrahedral_chirality"":108}","{""all_atoms_connected"":0.0,""bond_angles"":0.08928571428571429,""bond_lengths"":0.017857142857142856,""bonds"":0.0,""double_bond_stereochemistry"":0.0,""energy_ratio"":0.0,""file_loads"":0.0,""inchi_convertible"":0.0,""internal_steric_clash"":0.0,""molecular_formula"":0.0,""no_radicals"":0.0,""planar_aromatic_rings"":0.0,""planar_double_bonds"":0.0,""reference_file_loads"":0.0,""sanitisation"":0.0,""tetrahedral_chirality"":0.9642857142857143}",4,99.8182326483159,1.750352470571819,2.0900897521964037,4.0,100.0,1.0,0.25,4.0,0.25,1.0,4.0,100.0,1.0,0.25,4.0,0.25,1.0,2.0,50.0,0.8112781244591328,0.75,1.7547653506033232,0.625,0.5,1.0,25.0,0.0,1.0,1.0,1.0,0.0,4,-38.13895278402289,-14.763600291575806,-28.921642785137514,8.56847620961812,0.8952312301540561,1.446013816000638,0.0,0.0,0.0,1.0,0.9246385053290479,1.4320390871561637,0.0,0.0,0.0,1.0,1000,0,0,0,0,0,112,0,0,0,0,4,112,112,core
4f2w_4f2w_conf0,generation,qwen_1p7b_bigdata_step74000,chembl_count,1p7b_bigdata_step74000,qwen_1p7b_bigdata_step74000_chembl_count,Qwen 1.7B bigdata (step 74000),qwen_1p7b_bigdata_step74000_chembl_count,6,20,32,0.7,32,32,0,1.0,800,32,768,0.04,"{""all_atoms_connected"":0,""bond_angles"":50,""bond_lengths"":5,""bonds"":0,""double_bond_stereochemistry"":0,""energy_ratio"":2,""file_loads"":0,""inchi_convertible"":0,""internal_steric_clash"":3,""molecular_formula"":0,""no_radicals"":0,""planar_aromatic_rings"":0,""planar_double_bonds"":0,""reference_file_loads"":0,""sanitisation"":0,""tetrahedral_chirality"":764}","{""all_atoms_connected"":0.0,""bond_angles"":0.0625,""bond_lengths"":0.00625,""bonds"":0.0,""double_bond_stereochemistry"":0.0,""energy_ratio"":0.0025,""file_loads"":0.0,""inchi_convertible"":0.0,""internal_steric_clash"":0.00375,""molecular_formula"":0.0,""no_radicals"":0.0,""planar_aromatic_rings"":0.0,""planar_double_bonds"":0.0,""reference_file_loads"":0.0,""sanitisation"":0.0,""tetrahedral_chirality"":0.955}",32,113.6478905697989,1.5010061955846974,2.086123317731758,21.0,65.625,0.8849995027715113,0.25,14.796650588382205,0.10546875,0.9047619047619048,12.0,37.5,0.761833640591528,0.46875,6.639824148898947,0.25390625,0.5833333333333334,3.0,9.375,0.707676529682256,0.6875,2.175942995894572,0.5390625,0.0,1.0,3.125,0.0,1.0,1.0,1.0,0.0,32,-43.73889977198159,72.00306307836803,-32.37411602050585,20.31457005549144,0.8952312301540561,2.0306803104851188,0.0,0.0,0.0,1.0,0.9246385053290479,2.063127605604551,0.0,0.0,0.0,1.0,1000,0,0,0,0,0,800,0,0,0,0,32,800,800,core
4f9w_4f9w_conf0,generation,qwen_1p7b_bigdata_step74000,fixed,1p7b_bigdata_step74000,qwen_1p7b_bigdata_step74000_fixed,Qwen 1.7B bigdata (step 74000),qwen_1p7b_bigdata_step74000_fixed,3,25,996,0.7,996,996,0,1.0,1000,996,4,0.996,"{""all_atoms_connected"":0,""bond_angles"":1,""bond_lengths"":1,""bonds"":0,""double_bond_stereochemistry"":0,""energy_ratio"":1,""file_loads"":0,""inchi_convertible"":0,""internal_steric_clash"":2,""molecular_formula"":0,""no_radicals"":0,""planar_aromatic_rings"":1,""planar_double_bonds"":0,""reference_file_loads"":0,""sanitisation"":0,""tetrahedral_chirality"":0}","{""all_atoms_connected"":0.0,""bond_angles"":0.001,""bond_lengths"":0.001,""bonds"":0.0,""double_bond_stereochemistry"":0.0,""energy_ratio"":0.001,""file_loads"":0.0,""inchi_convertible"":0.0,""internal_steric_clash"":0.002,""molecular_formula"":0.0,""no_radicals"":0.0,""planar_aromatic_rings"":0.001,""planar_double_bonds"":0.0,""reference_file_loads"":0.0,""sanitisation"":0.0,""tetrahedral_chirality"":0.0}",996,101.19002382814536,1.018075765461536,1.5356668291951472,34.0,3.4136546184738954,0.6929120904168108,0.21285140562248997,11.512781381529624,0.13209867582780924,0.029411764705882353,4.0,0.40160642570281124,0.9291726261500755,0.3825301204819277,3.625915369444752,0.29771495621038374,0.0,1.0,0.10040160642570281,0.0,1.0,1.0,1.0,0.0,1.0,0.10040160642570281,0.0,1.0,1.0,1.0,0.0,996,82.75777193101612,226.31942905104216,99.80026662833858,11.383687866311949,0.12668724075589582,1.1306067022019821,1.0,1.0,1.0,1.0,0.15429123081827026,1.1375743903727495,1.0,1.0,1.0,1.0,1000,0,0,0,0,0,1000,0,0,0,0,996,1000,1000,core
4f9w_4f9w_conf0,generation,qwen_1p7b_bigdata_step74000,dynamic,1p7b_bigdata_step74000,qwen_1p7b_bigdata_step74000_dynamic,Qwen 1.7B bigdata (step 74000),qwen_1p7b_bigdata_step74000_dynamic,3,25,45,0.7,45,45,0,1.0,46,45,1,0.9782608695652174,"{""all_atoms_connected"":0,""bond_angles"":0,""bond_lengths"":0,""bonds"":0,""double_bond_stereochemistry"":0,""energy_ratio"":0,""file_loads"":0,""inchi_convertible"":0,""internal_steric_clash"":1,""molecular_formula"":0,""no_radicals"":0,""planar_aromatic_rings"":0,""planar_double_bonds"":0,""reference_file_loads"":0,""sanitisation"":0,""tetrahedral_chirality"":0}","{""all_atoms_connected"":0.0,""bond_angles"":0.0,""bond_lengths"":0.0,""bonds"":0.0,""double_bond_stereochemistry"":0.0,""energy_ratio"":0.0,""file_loads"":0.0,""inchi_convertible"":0.0,""internal_steric_clash"":0.021739130434782608,""molecular_formula"":0.0,""no_radicals"":0.0,""planar_aromatic_rings"":0.0,""planar_double_bonds"":0.0,""reference_file_loads"":0.0,""sanitisation"":0.0,""tetrahedral_chirality"":0.0}",45,98.73320307978894,1.0352612962856158,1.5431400661477546,13.0,28.88888888888889,0.8771088725794424,0.17777777777777778,9.485267819959663,0.12493827160493828,0.46153846153846156,4.0,8.88888888888889,0.9908150077923615,0.28888888888888886,3.949390480276763,0.25629629629629624,0.0,1.0,2.2222222222222223,0.0,1.0,1.0,1.0,0.0,1.0,2.2222222222222223,0.0,1.0,1.0,1.0,0.0,45,87.1815270501718,149.710398025369,98.41150811365186,10.713018445607233,0.13723753881476466,0.9763177722725565,1.0,1.0,1.0,1.0,0.18802879041233755,0.9825543153011072,1.0,1.0,1.0,1.0,1000,0,0,0,0,0,46,0,0,0,0,45,46,46,core
4f9w_4f9w_conf0,generation,qwen_1p7b_bigdata_step74000,chembl_count,1p7b_bigdata_step74000,qwen_1p7b_bigdata_step74000_chembl_count,Qwen 1.7B bigdata (step 74000),qwen_1p7b_bigdata_step74000_chembl_count,3,25,4,0.7,4,4,0,1.0,4,4,0,1.0,"{""all_atoms_connected"":0,""bond_angles"":0,""bond_lengths"":0,""bonds"":0,""double_bond_stereochemistry"":0,""energy_ratio"":0,""file_loads"":0,""inchi_convertible"":0,""internal_steric_clash"":0,""molecular_formula"":0,""no_radicals"":0,""planar_aromatic_rings"":0,""planar_double_bonds"":0,""reference_file_loads"":0,""sanitisation"":0,""tetrahedral_chirality"":0}","{""all_atoms_connected"":0.0,""bond_angles"":0.0,""bond_lengths"":0.0,""bonds"":0.0,""double_bond_stereochemistry"":0.0,""energy_ratio"":0.0,""file_loads"":0.0,""inchi_convertible"":0.0,""internal_steric_clash"":0.0,""molecular_formula"":0.0,""no_radicals"":0.0,""planar_aromatic_rings"":0.0,""planar_double_bonds"":0.0,""reference_file_loads"":0.0,""sanitisation"":0.0,""tetrahedral_chirality"":0.0}",4,86.15702322473112,1.087852010122812,1.481214152327691,4.0,100.0,1.0,0.25,4.0,0.25,1.0,2.0,50.0,1.0,0.5,2.0,0.5,0.0,1.0,25.0,0.0,1.0,1.0,1.0,0.0,1.0,25.0,0.0,1.0,1.0,1.0,0.0,4,87.86321963986418,105.29432675881586,99.05511497781725,7.589055619594507,0.6491149160290565,1.2081468600976293,0.0,0.0,1.0,1.0,0.6710771353998904,1.2239179554198936,0.0,0.0,1.0,1.0,1000,0,0,0,0,0,4,0,0,0,0,4,4,4,core
4hge_4hge_conf0,generation,qwen_1p7b_bigdata_step74000,fixed,1p7b_bigdata_step74000,qwen_1p7b_bigdata_step74000_fixed,Qwen 1.7B bigdata (step 74000),qwen_1p7b_bigdata_step74000_fixed,3,25,859,0.7,859,851,8,0.9906868451688009,999,859,140,0.8598598598598599,"{""all_atoms_connected"":0,""bond_angles"":68,""bond_lengths"":47,""bonds"":0,""double_bond_stereochemistry"":0,""energy_ratio"":27,""file_loads"":0,""inchi_convertible"":0,""internal_steric_clash"":107,""molecular_formula"":0,""no_radicals"":0,""planar_aromatic_rings"":17,""planar_double_bonds"":0,""reference_file_loads"":0,""sanitisation"":0,""tetrahedral_chirality"":0}","{""all_atoms_connected"":0.0,""bond_angles"":0.06806806806806807,""bond_lengths"":0.04704704704704705,""bonds"":0.0,""double_bond_stereochemistry"":0.0,""energy_ratio"":0.02702702702702703,""file_loads"":0.0,""inchi_convertible"":0.0,""internal_steric_clash"":0.10710710710710711,""molecular_formula"":0.0,""no_radicals"":0.0,""planar_aromatic_rings"":0.01701701701701702,""planar_double_bonds"":0.0,""reference_file_loads"":0.0,""sanitisation"":0.0,""tetrahedral_chirality"":0.0}",859,72.95870426970022,1.649980895764868,2.25704766246154,247.0,28.754365541327125,0.8780039162489194,0.15017462165308498,126.12387207190679,0.027680615166944266,0.4331983805668016,55.0,6.40279394644936,0.8168456470457865,0.18044237485448195,26.400228584518402,0.05964782939254429,0.34545454545454546,7.0,0.8149010477299186,0.6455838485876251,0.38882421420256114,3.512219462113765,0.32096638888926526,0.0,1.0,0.11641443538998836,0.0,1.0,1.0,1.0,0.0,859,93.66236365303531,7554.240011363362,121.16695451186078,254.72309299921417,0.14263083588353767,1.8763178827986096,1.0,1.0,1.0,1.0,0.1584405538017888,1.8536100377714582,1.0,1.0,1.0,1.0,999,0,0,0,0,0,999,0,0,0,0,859,1000,1000,core
4hge_4hge_conf0,generation,qwen_1p7b_bigdata_step74000,dynamic,1p7b_bigdata_step74000,qwen_1p7b_bigdata_step74000_dynamic,Qwen 1.7B bigdata (step 74000),qwen_1p7b_bigdata_step74000_dynamic,3,25,42,0.7,42,42,0,1.0,46,42,4,0.9130434782608696,"{""all_atoms_connected"":0,""bond_angles"":1,""bond_lengths"":0,""bonds"":0,""double_bond_stereochemistry"":0,""energy_ratio"":1,""file_loads"":0,""inchi_convertible"":0,""internal_steric_clash"":3,""molecular_formula"":0,""no_radicals"":0,""planar_aromatic_rings"":0,""planar_double_bonds"":0,""reference_file_loads"":0,""sanitisation"":0,""tetrahedral_chirality"":0}","{""all_atoms_connected"":0.0,""bond_angles"":0.021739130434782608,""bond_lengths"":0.0,""bonds"":0.0,""double_bond_stereochemistry"":0.0,""energy_ratio"":0.021739130434782608,""file_loads"":0.0,""inchi_convertible"":0.0,""internal_steric_clash"":0.06521739130434782,""molecular_formula"":0.0,""no_radicals"":0.0,""planar_aromatic_rings"":0.0,""planar_double_bonds"":0.0,""reference_file_loads"":0.0,""sanitisation"":0.0,""tetrahedral_chirality"":0.0}",42,76.55503103542935,1.7158091052858309,2.3180457764257207,32.0,76.19047619047619,0.9624419227624175,0.11904761904761904,28.094379149871898,0.043083900226757364,0.8125,17.0,40.476190476190474,0.8930681000746998,0.19047619047619047,12.556675773351431,0.1020408163265306,0.5294117647058824,2.0,4.761904761904762,0.9182958340544894,0.6666666666666666,1.8898815748423097,0.5555555555555556,0.0,1.0,2.380952380952381,0.0,1.0,1.0,1.0,0.0,42,96.91575277978001,175.66661262961946,116.61048116645279,13.816531761960066,0.7758040162455789,1.866730306459445,0.0,0.0,0.0,1.0,0.7795483472212474,1.8442269235300865,0.0,0.0,0.0,1.0,999,0,0,0,0,0,46,0,0,0,0,42,46,46,core
4hge_4hge_conf0,generation,qwen_1p7b_bigdata_step74000,chembl_count,1p7b_bigdata_step74000,qwen_1p7b_bigdata_step74000_chembl_count,Qwen 1.7B bigdata (step 74000),qwen_1p7b_bigdata_step74000_chembl_count,3,25,30,0.7,30,30,0,1.0,36,30,6,0.8333333333333334,"{""all_atoms_connected"":0,""bond_angles"":3,""bond_lengths"":3,""bonds"":0,""double_bond_stereochemistry"":0,""energy_ratio"":3,""file_loads"":0,""inchi_convertible"":0,""internal_steric_clash"":5,""molecular_formula"":0,""no_radicals"":0,""planar_aromatic_rings"":0,""planar_double_bonds"":0,""reference_file_loads"":0,""sanitisation"":0,""tetrahedral_chirality"":0}","{""all_atoms_connected"":0.0,""bond_angles"":0.08333333333333333,""bond_lengths"":0.08333333333333333,""bonds"":0.0,""double_bond_stereochemistry"":0.0,""energy_ratio"":0.08333333333333333,""file_loads"":0.0,""inchi_convertible"":0.0,""internal_steric_clash"":0.1388888888888889,""molecular_formula"":0.0,""no_radicals"":0.0,""planar_aromatic_rings"":0.0,""planar_double_bonds"":0.0,""reference_file_loads"":0.0,""sanitisation"":0.0,""tetrahedral_chirality"":0.0}",30,77.49443169558434,1.7319951167541252,2.267429900513146,29.0,96.66666666666667,0.9963447641718791,0.06666666666666667,28.64524811731249,0.035555555555555556,0.9655172413793104,15.0,50.0,0.9328169654082606,0.16666666666666666,12.504832514601436,0.0933333333333333,0.5333333333333333,2.0,6.666666666666667,0.9871377743721862,0.5666666666666667,1.9822484180857005,0.5088888888888888,0.0,1.0,3.3333333333333335,0.0,1.0,1.0,1.0,0.0,30,99.30613414947823,335.770970620266,119.99964267467512,41.983254898557874,0.4607170811758788,1.7436143405860933,0.0,1.0,1.0,1.0,0.42469525297234056,1.7137916520692027,0.0,1.0,1.0,1.0,999,0,0,0,0,0,36,0,0,0,0,30,36,36,core
4j21_4j21_conf0,generation,qwen_1p7b_bigdata_step74000,fixed,1p7b_bigdata_step74000,qwen_1p7b_bigdata_step74000_fixed,Qwen 1.7B bigdata (step 74000),qwen_1p7b_bigdata_step74000_fixed,2,20,998,0.7,998,998,0,1.0,1000,998,2,0.998,"{""all_atoms_connected"":0,""bond_angles"":1,""bond_lengths"":1,""bonds"":0,""double_bond_stereochemistry"":0,""energy_ratio"":0,""file_loads"":0,""inchi_convertible"":0,""internal_steric_clash"":1,""molecular_formula"":0,""no_radicals"":0,""planar_aromatic_rings"":1,""planar_double_bonds"":0,""reference_file_loads"":0,""sanitisation"":0,""tetrahedral_chirality"":0}","{""all_atoms_connected"":0.0,""bond_angles"":0.001,""bond_lengths"":0.001,""bonds"":0.0,""double_bond_stereochemistry"":0.0,""energy_ratio"":0.0,""file_loads"":0.0,""inchi_convertible"":0.0,""internal_steric_clash"":0.001,""molecular_formula"":0.0,""no_radicals"":0.0,""planar_aromatic_rings"":0.001,""planar_double_bonds"":0.0,""reference_file_loads"":0.0,""sanitisation"":0.0,""tetrahedral_chirality"":0.0}",998,102.07699467422897,0.9453738345505694,1.5611719329298464,7.0,0.7014028056112225,0.95815497095799,0.24048096192384769,6.452602142233664,0.16531258910606786,0.0,3.0,0.30060120240480964,0.999944223154015,0.3376753507014028,2.999816174246948,0.33337416315597124,0.0,1.0,0.10020040080160321,0.0,1.0,1.0,1.0,0.0,1.0,0.10020040080160321,0.0,1.0,1.0,1.0,0.0,998,61.60258947207646,140.04113296847476,72.02463161161151,7.02306592160933,0.09847856410914521,0.9583108667256044,1.0,1.0,1.0,1.0,0.09011429103868274,0.9688364709619322,1.0,1.0,1.0,1.0,1000,0,0,0,0,0,1000,0,0,0,0,998,1000,1000,core
4j21_4j21_conf0,generation,qwen_1p7b_bigdata_step74000,dynamic,1p7b_bigdata_step74000,qwen_1p7b_bigdata_step74000_dynamic,Qwen 1.7B bigdata (step 74000),qwen_1p7b_bigdata_step74000_dynamic,2,20,24,0.7,24,24,0,1.0,24,24,0,1.0,"{""all_atoms_connected"":0,""bond_angles"":0,""bond_lengths"":0,""bonds"":0,""double_bond_stereochemistry"":0,""energy_ratio"":0,""file_loads"":0,""inchi_convertible"":0,""internal_steric_clash"":0,""molecular_formula"":0,""no_radicals"":0,""planar_aromatic_rings"":0,""planar_double_bonds"":0,""reference_file_loads"":0,""sanitisation"":0,""tetrahedral_chirality"":0}","{""all_atoms_connected"":0.0,""bond_angles"":0.0,""bond_lengths"":0.0,""bonds"":0.0,""double_bond_stereochemistry"":0.0,""energy_ratio"":0.0,""file_loads"":0.0,""inchi_convertible"":0.0,""internal_steric_clash"":0.0,""molecular_formula"":0.0,""no_radicals"":0.0,""planar_aromatic_rings"":0.0,""planar_double_bonds"":0.0,""reference_file_loads"":0.0,""sanitisation"":0.0,""tetrahedral_chirality"":0.0}",24,98.82577382523998,0.9668173944131013,1.565493942759101,6.0,25.0,0.9023542183996883,0.2916666666666667,5.036954912261964,0.22222222222222227,0.16666666666666666,3.0,12.5,0.9642934129442272,0.4166666666666667,2.884595243803232,0.35763888888888895,0.0,1.0,4.166666666666667,0.0,1.0,1.0,1.0,0.0,1.0,4.166666666666667,0.0,1.0,1.0,1.0,0.0,24,64.51499254660152,90.02285956988439,71.64673515252052,7.225095193203815,0.3047847717084866,0.9672494224313989,0.0,1.0,1.0,1.0,0.31361038845421496,0.9777047522507994,0.0,1.0,1.0,1.0,1000,0,0,0,0,0,24,0,0,0,0,24,24,24,core
4j21_4j21_conf0,generation,qwen_1p7b_bigdata_step74000,chembl_count,1p7b_bigdata_step74000,qwen_1p7b_bigdata_step74000_chembl_count,Qwen 1.7B bigdata (step 74000),qwen_1p7b_bigdata_step74000_chembl_count,2,20,3,0.7,3,3,0,1.0,3,3,0,1.0,"{""all_atoms_connected"":0,""bond_angles"":0,""bond_lengths"":0,""bonds"":0,""double_bond_stereochemistry"":0,""energy_ratio"":0,""file_loads"":0,""inchi_convertible"":0,""internal_steric_clash"":0,""molecular_formula"":0,""no_radicals"":0,""planar_aromatic_rings"":0,""planar_double_bonds"":0,""reference_file_loads"":0,""sanitisation"":0,""tetrahedral_chirality"":0}","{""all_atoms_connected"":0.0,""bond_angles"":0.0,""bond_lengths"":0.0,""bonds"":0.0,""double_bond_stereochemistry"":0.0,""energy_ratio"":0.0,""file_loads"":0.0,""inchi_convertible"":0.0,""internal_steric_clash"":0.0,""molecular_formula"":0.0,""no_radicals"":0.0,""planar_aromatic_rings"":0.0,""planar_double_bonds"":0.0,""reference_file_loads"":0.0,""sanitisation"":0.0,""tetrahedral_chirality"":0.0}",3,91.77342789751694,1.241657744834258,1.5254467035061277,3.0,100.0,0.9999999999999998,0.3333333333333333,2.9999999999999996,0.3333333333333333,1.0,2.0,66.66666666666667,0.9182958340544894,0.6666666666666666,1.8898815748423097,0.5555555555555556,0.5,1.0,33.333333333333336,0.0,1.0,1.0,1.0,0.0,1.0,33.333333333333336,0.0,1.0,1.0,1.0,0.0,3,67.2821788346187,76.01794337875661,75.9593200421548,4.104331024143646,0.7467250664308904,0.9489389813590954,0.0,0.0,1.0,1.0,0.7225917505701502,0.9592441346090561,0.0,0.0,1.0,1.0,1000,0,0,0,0,0,3,0,0,0,0,3,3,3,core
4j3l_4j3l_conf0,generation,qwen_1p7b_bigdata_step74000,fixed,1p7b_bigdata_step74000,qwen_1p7b_bigdata_step74000_fixed,Qwen 1.7B bigdata (step 74000),qwen_1p7b_bigdata_step74000_fixed,5,26,985,0.7,985,984,1,0.9989847715736041,1000,985,15,0.985,"{""all_atoms_connected"":0,""bond_angles"":8,""bond_lengths"":4,""bonds"":0,""double_bond_stereochemistry"":0,""energy_ratio"":6,""file_loads"":0,""inchi_convertible"":0,""internal_steric_clash"":8,""molecular_formula"":0,""no_radicals"":0,""planar_aromatic_rings"":6,""planar_double_bonds"":0,""reference_file_loads"":0,""sanitisation"":0,""tetrahedral_chirality"":0}","{""all_atoms_connected"":0.0,""bond_angles"":0.008,""bond_lengths"":0.004,""bonds"":0.0,""double_bond_stereochemistry"":0.0,""energy_ratio"":0.006,""file_loads"":0.0,""inchi_convertible"":0.0,""internal_steric_clash"":0.008,""molecular_formula"":0.0,""no_radicals"":0.0,""planar_aromatic_rings"":0.006,""planar_double_bonds"":0.0,""reference_file_loads"":0.0,""sanitisation"":0.0,""tetrahedral_chirality"":0.0}",985,99.56508186893124,1.469089227294239,1.9266638943181467,367.0,37.25888324873097,0.9544351561522302,0.013197969543147208,280.41901244393324,0.004470097142415419,0.4223433242506812,28.0,2.8426395939086295,0.9434434945250447,0.07614213197969544,23.190591730183858,0.04766832435775206,0.0,2.0,0.20304568527918782,0.9974103796645822,0.5299492385786801,1.9964132439866702,0.5017939137828853,0.0,1.0,0.10152284263959391,0.0,1.0,1.0,1.0,0.0,985,68.4010880039034,2315.0150853982695,88.34486729486905,72.64307931010512,0.3590978462480048,1.57178406128037,0.0,1.0,1.0,1.0,0.3865188429382314,1.590852873862386,0.0,1.0,1.0,1.0,1000,0,0,0,0,0,1000,0,0,0,0,985,1000,1000,core
4j3l_4j3l_conf0,generation,qwen_1p7b_bigdata_step74000,dynamic,1p7b_bigdata_step74000,qwen_1p7b_bigdata_step74000_dynamic,Qwen 1.7B bigdata (step 74000),qwen_1p7b_bigdata_step74000_dynamic,5,26,88,0.7,88,88,0,1.0,90,88,2,0.9777777777777776,"{""all_atoms_connected"":0,""bond_angles"":0,""bond_lengths"":1,""bonds"":0,""double_bond_stereochemistry"":0,""energy_ratio"":0,""file_loads"":0,""inchi_convertible"":0,""internal_steric_clash"":1,""molecular_formula"":0,""no_radicals"":0,""planar_aromatic_rings"":1,""planar_double_bonds"":0,""reference_file_loads"":0,""sanitisation"":0,""tetrahedral_chirality"":0}","{""all_atoms_connected"":0.0,""bond_angles"":0.0,""bond_lengths"":0.011111111111111112,""bonds"":0.0,""double_bond_stereochemistry"":0.0,""energy_ratio"":0.0,""file_loads"":0.0,""inchi_convertible"":0.0,""internal_steric_clash"":0.011111111111111112,""molecular_formula"":0.0,""no_radicals"":0.0,""planar_aromatic_rings"":0.011111111111111112,""planar_double_bonds"":0.0,""reference_file_loads"":0.0,""sanitisation"":0.0,""tetrahedral_chirality"":0.0}",88,98.22039202246567,1.4596279012413587,1.916066795159226,71.0,80.68181818181819,0.9875313349084185,0.022727272727272728,67.32488625883092,0.015754132231404958,0.7605633802816901,18.0,20.454545454545453,0.9339261415422967,0.13636363636363635,14.870713524368929,0.07567148760330576,0.16666666666666666,2.0,2.272727272727273,0.6587435307694673,0.8295454545454546,1.5787071002340813,0.7172004132231407,0.0,1.0,1.1363636363636365,0.0,1.0,1.0,1.0,0.0,88,68.4010880039034,144.51524572402877,90.23970174020067,13.856190941128638,0.598237742953315,1.468960040909495,0.0,0.0,1.0,1.0,0.5701719861216764,1.461353211909144,0.0,0.0,1.0,1.0,1000,0,0,0,0,0,90,0,0,0,0,88,90,90,core
4j3l_4j3l_conf0,generation,qwen_1p7b_bigdata_step74000,chembl_count,1p7b_bigdata_step74000,qwen_1p7b_bigdata_step74000_chembl_count,Qwen 1.7B bigdata (step 74000),qwen_1p7b_bigdata_step74000_chembl_count,5,26,113,0.7,113,113,0,1.0,114,113,1,0.9912280701754386,"{""all_atoms_connected"":0,""bond_angles"":1,""bond_lengths"":0,""bonds"":0,""double_bond_stereochemistry"":0,""energy_ratio"":1,""file_loads"":0,""inchi_convertible"":0,""internal_steric_clash"":1,""molecular_formula"":0,""no_radicals"":0,""planar_aromatic_rings"":1,""planar_double_bonds"":0,""reference_file_loads"":0,""sanitisation"":0,""tetrahedral_chirality"":0}","{""all_atoms_connected"":0.0,""bond_angles"":0.008771929824561403,""bond_lengths"":0.0,""bonds"":0.0,""double_bond_stereochemistry"":0.0,""energy_ratio"":0.008771929824561403,""file_loads"":0.0,""inchi_convertible"":0.0,""internal_steric_clash"":0.008771929824561403,""molecular_formula"":0.0,""no_radicals"":0.0,""planar_aromatic_rings"":0.008771929824561403,""planar_double_bonds"":0.0,""reference_file_loads"":0.0,""sanitisation"":0.0,""tetrahedral_chirality"":0.0}",113,98.81963529810089,1.4575779954045305,1.9228625191749678,87.0,76.99115044247787,0.9719911145628143,0.05309734513274336,76.77069637971222,0.015741248335813297,0.8160919540229885,17.0,15.044247787610619,0.936371201733473,0.11504424778761062,14.195704001679246,0.07823635366904222,0.058823529411764705,2.0,1.7699115044247788,0.9028350359954477,0.6814159292035398,1.8697365894930957,0.5658234787375676,0.0,1.0,0.8849557522123894,0.0,1.0,1.0,1.0,0.0,113,70.35052412700027,194.6321274685742,88.6413654507895,16.763197122791343,0.5420148390005953,1.5089735647121347,0.0,0.0,1.0,1.0,0.5268397502205315,1.5201370233884464,0.0,0.0,1.0,1.0,1000,0,0,0,0,0,114,0,0,0,0,113,114,114,core
4jsz_4jsz_conf0,generation,qwen_1p7b_bigdata_step74000,fixed,1p7b_bigdata_step74000,qwen_1p7b_bigdata_step74000_fixed,Qwen 1.7B bigdata (step 74000),qwen_1p7b_bigdata_step74000_fixed,2,10,995,0.7,995,995,0,1.0,1000,995,5,0.995,"{""all_atoms_connected"":0,""bond_angles"":1,""bond_lengths"":5,""bonds"":0,""double_bond_stereochemistry"":0,""energy_ratio"":0,""file_loads"":0,""inchi_convertible"":0,""internal_steric_clash"":0,""molecular_formula"":0,""no_radicals"":0,""planar_aromatic_rings"":0,""planar_double_bonds"":0,""reference_file_loads"":0,""sanitisation"":0,""tetrahedral_chirality"":0}","{""all_atoms_connected"":0.0,""bond_angles"":0.001,""bond_lengths"":0.005,""bonds"":0.0,""double_bond_stereochemistry"":0.0,""energy_ratio"":0.0,""file_loads"":0.0,""inchi_convertible"":0.0,""internal_steric_clash"":0.0,""molecular_formula"":0.0,""no_radicals"":0.0,""planar_aromatic_rings"":0.0,""planar_double_bonds"":0.0,""reference_file_loads"":0.0,""sanitisation"":0.0,""tetrahedral_chirality"":0.0}",995,104.5703522359817,0.4269734709461947,0.7649866485200767,5.0,0.5025125628140703,0.6017714827636163,0.5939698492462312,2.6340269608673648,0.43481427236685943,0.4,1.0,0.10050251256281408,0.0,1.0,1.0,1.0,0.0,1.0,0.10050251256281408,0.0,1.0,1.0,1.0,0.0,1.0,0.10050251256281408,0.0,1.0,1.0,1.0,0.0,995,14.504991250704656,248.37924110935276,26.899632768840583,13.062069141743772,0.08167216279772807,0.3115859407840823,1.0,1.0,1.0,1.0,0.29511930531787933,0.4414464413773569,0.0,1.0,1.0,1.0,1000,0,0,0,0,0,1000,0,0,0,0,995,1000,1000,core
4jsz_4jsz_conf0,generation,qwen_1p7b_bigdata_step74000,dynamic,1p7b_bigdata_step74000,qwen_1p7b_bigdata_step74000_dynamic,Qwen 1.7B bigdata (step 74000),qwen_1p7b_bigdata_step74000_dynamic,2,10,24,0.7,24,24,0,1.0,24,24,0,1.0,"{""all_atoms_connected"":0,""bond_angles"":0,""bond_lengths"":0,""bonds"":0,""double_bond_stereochemistry"":0,""energy_ratio"":0,""file_loads"":0,""inchi_convertible"":0,""internal_steric_clash"":0,""molecular_formula"":0,""no_radicals"":0,""planar_aromatic_rings"":0,""planar_double_bonds"":0,""reference_file_loads"":0,""sanitisation"":0,""tetrahedral_chirality"":0}","{""all_atoms_connected"":0.0,""bond_angles"":0.0,""bond_lengths"":0.0,""bonds"":0.0,""double_bond_stereochemistry"":0.0,""energy_ratio"":0.0,""file_loads"":0.0,""inchi_convertible"":0.0,""internal_steric_clash"":0.0,""molecular_formula"":0.0,""no_radicals"":0.0,""planar_aromatic_rings"":0.0,""planar_double_bonds"":0.0,""reference_file_loads"":0.0,""sanitisation"":0.0,""tetrahedral_chirality"":0.0}",24,104.92821923645995,0.4283812833818442,0.7699509294808489,3.0,12.5,0.9012279263040422,0.5416666666666666,2.691503810385149,0.40625,0.0,1.0,4.166666666666667,0.0,1.0,1.0,1.0,0.0,1.0,4.166666666666667,0.0,1.0,1.0,1.0,0.0,1.0,4.166666666666667,0.0,1.0,1.0,1.0,0.0,24,15.769442593013535,39.98408956709192,25.8935068421097,6.784249044381039,0.09482490972115447,0.4732909499995544,1.0,1.0,1.0,1.0,0.3352074790333818,0.4656845751708033,0.0,1.0,1.0,1.0,1000,0,0,0,0,0,24,0,0,0,0,24,24,24,core
4jsz_4jsz_conf0,generation,qwen_1p7b_bigdata_step74000,chembl_count,1p7b_bigdata_step74000,qwen_1p7b_bigdata_step74000_chembl_count,Qwen 1.7B bigdata (step 74000),qwen_1p7b_bigdata_step74000_chembl_count,2,10,2,0.7,2,2,0,1.0,2,2,0,1.0,"{""all_atoms_connected"":0,""bond_angles"":0,""bond_lengths"":0,""bonds"":0,""double_bond_stereochemistry"":0,""energy_ratio"":0,""file_loads"":0,""inchi_convertible"":0,""internal_steric_clash"":0,""molecular_formula"":0,""no_radicals"":0,""planar_aromatic_rings"":0,""planar_double_bonds"":0,""reference_file_loads"":0,""sanitisation"":0,""tetrahedral_chirality"":0}","{""all_atoms_connected"":0.0,""bond_angles"":0.0,""bond_lengths"":0.0,""bonds"":0.0,""double_bond_stereochemistry"":0.0,""energy_ratio"":0.0,""file_loads"":0.0,""inchi_convertible"":0.0,""internal_steric_clash"":0.0,""molecular_formula"":0.0,""no_radicals"":0.0,""planar_aromatic_rings"":0.0,""planar_double_bonds"":0.0,""reference_file_loads"":0.0,""sanitisation"":0.0,""tetrahedral_chirality"":0.0}",2,9.891930658019149,0.24746070566357053,0.24746070566357053,1.0,50.0,0.0,1.0,1.0,1.0,0.0,1.0,50.0,0.0,1.0,1.0,1.0,0.0,1.0,50.0,0.0,1.0,1.0,1.0,0.0,1.0,50.0,0.0,1.0,1.0,1.0,0.0,2,20.284626037778295,46.29583272284103,33.29022938030966,13.005603342531366,0.1568113002279621,0.21171434606079603,1.0,1.0,1.0,1.0,0.41471798629366813,0.479258079169809,0.0,1.0,1.0,1.0,1000,0,0,0,0,0,2,0,0,0,0,2,2,2,core
4jxs_4jxs_conf0,generation,qwen_1p7b_bigdata_step74000,fixed,1p7b_bigdata_step74000,qwen_1p7b_bigdata_step74000_fixed,Qwen 1.7B bigdata (step 74000),qwen_1p7b_bigdata_step74000_fixed,6,22,815,0.7,815,811,4,0.9950920245398773,1000,815,185,0.815,"{""all_atoms_connected"":0,""bond_angles"":6,""bond_lengths"":3,""bonds"":0,""double_bond_stereochemistry"":0,""energy_ratio"":24,""file_loads"":0,""inchi_convertible"":0,""internal_steric_clash"":182,""molecular_formula"":0,""no_radicals"":0,""planar_aromatic_rings"":1,""planar_double_bonds"":0,""reference_file_loads"":0,""sanitisation"":0,""tetrahedral_chirality"":0}","{""all_atoms_connected"":0.0,""bond_angles"":0.006,""bond_lengths"":0.003,""bonds"":0.0,""double_bond_stereochemistry"":0.0,""energy_ratio"":0.024,""file_loads"":0.0,""inchi_convertible"":0.0,""internal_steric_clash"":0.182,""molecular_formula"":0.0,""no_radicals"":0.0,""planar_aromatic_rings"":0.001,""planar_double_bonds"":0.0,""reference_file_loads"":0.0,""sanitisation"":0.0,""tetrahedral_chirality"":0.0}",815,99.34477107639565,1.8977846639717593,2.5148448989338443,412.0,50.5521472392638,0.9518822530633401,0.025766871165644172,308.37151435724894,0.004746885468026648,0.5849514563106796,55.0,6.748466257668712,0.8661444575819535,0.1361963190184049,32.166625120114574,0.050568707892656856,0.09090909090909091,5.0,0.6134969325153374,0.9230662860893316,0.2871165644171779,4.417694159179542,0.23686100342504424,0.0,1.0,0.12269938650306748,0.0,1.0,1.0,1.0,0.0,815,21.045935398865176,3753.6498470929128,53.99193394337133,131.566808805571,0.40464107857205023,1.9761706347516406,0.0,1.0,1.0,1.0,0.35582388565718104,1.9549790249081531,0.0,1.0,1.0,1.0,1000,0,0,0,0,0,1000,0,0,0,0,815,1000,1000,core
4jxs_4jxs_conf0,generation,qwen_1p7b_bigdata_step74000,dynamic,1p7b_bigdata_step74000,qwen_1p7b_bigdata_step74000_dynamic,Qwen 1.7B bigdata (step 74000),qwen_1p7b_bigdata_step74000_dynamic,6,22,83,0.7,83,82,1,0.9879518072289156,112,83,29,0.7410714285714286,"{""all_atoms_connected"":0,""bond_angles"":2,""bond_lengths"":1,""bonds"":0,""double_bond_stereochemistry"":0,""energy_ratio"":6,""file_loads"":0,""inchi_convertible"":0,""internal_steric_clash"":28,""molecular_formula"":0,""no_radicals"":0,""planar_aromatic_rings"":0,""planar_double_bonds"":0,""reference_file_loads"":0,""sanitisation"":0,""tetrahedral_chirality"":0}","{""all_atoms_connected"":0.0,""bond_angles"":0.017857142857142856,""bond_lengths"":0.008928571428571428,""bonds"":0.0,""double_bond_stereochemistry"":0.0,""energy_ratio"":0.05357142857142857,""file_loads"":0.0,""inchi_convertible"":0.0,""internal_steric_clash"":0.25,""molecular_formula"":0.0,""no_radicals"":0.0,""planar_aromatic_rings"":0.0,""planar_double_bonds"":0.0,""reference_file_loads"":0.0,""sanitisation"":0.0,""tetrahedral_chirality"":0.0}",83,98.279747470755,1.9178663624042935,2.5434852464162803,71.0,85.5421686746988,0.9866572765737588,0.03614457831325301,67.07451183500142,0.016112643344462187,0.8591549295774648,23.0,27.710843373493976,0.9356280193749125,0.13253012048192772,18.796228594032414,0.0637247786326027,0.13043478260869565,3.0,3.6144578313253013,0.9982993185384966,0.3614457831325301,2.9944000644014896,0.3345913775584265,0.0,1.0,1.2048192771084338,0.0,1.0,1.0,1.0,0.0,83,23.20950660830651,158.70237570647504,52.767005747941624,22.891961272341142,0.6928286534493977,2.0610412381357293,0.0,0.0,1.0,1.0,0.6449172348329095,2.0442511186505627,0.0,0.0,1.0,1.0,1000,0,0,0,0,0,112,0,0,0,0,83,112,112,core
4jxs_4jxs_conf0,generation,qwen_1p7b_bigdata_step74000,chembl_count,1p7b_bigdata_step74000,qwen_1p7b_bigdata_step74000_chembl_count,Qwen 1.7B bigdata (step 74000),qwen_1p7b_bigdata_step74000_chembl_count,6,22,27,0.7,27,27,0,1.0,32,27,5,0.84375,"{""all_atoms_connected"":0,""bond_angles"":2,""bond_lengths"":1,""bonds"":0,""double_bond_stereochemistry"":0,""energy_ratio"":1,""file_loads"":0,""inchi_convertible"":0,""internal_steric_clash"":5,""molecular_formula"":0,""no_radicals"":0,""planar_aromatic_rings"":0,""planar_double_bonds"":0,""reference_file_loads"":0,""sanitisation"":0,""tetrahedral_chirality"":0}","{""all_atoms_connected"":0.0,""bond_angles"":0.0625,""bond_lengths"":0.03125,""bonds"":0.0,""double_bond_stereochemistry"":0.0,""energy_ratio"":0.03125,""file_loads"":0.0,""inchi_convertible"":0.0,""internal_steric_clash"":0.15625,""molecular_formula"":0.0,""no_radicals"":0.0,""planar_aromatic_rings"":0.0,""planar_double_bonds"":0.0,""reference_file_loads"":0.0,""sanitisation"":0.0,""tetrahedral_chirality"":0.0}",27,93.81357755620282,1.9216561655365412,2.6199097471455546,25.0,92.5925925925926,0.9920073244642822,0.07407407407407407,24.365017506619232,0.04252400548696844,0.92,13.0,48.148148148148145,0.9258925627633593,0.18518518518518517,10.74958913602148,0.10836762688614537,0.5384615384615384,4.0,14.814814814814815,0.9309042337029432,0.37037037037037035,3.6346298992875723,0.2949245541838134,0.0,1.0,3.7037037037037037,0.0,1.0,1.0,1.0,0.0,27,27.476333261152362,239.13355176015023,60.21724941621077,38.12483516563185,0.7433572914455541,1.7756516276144956,0.0,0.0,1.0,1.0,0.8017423375792444,1.745704302484586,0.0,0.0,0.0,1.0,1000,0,0,0,0,0,32,0,0,0,0,27,32,32,core
4k18_4k18_conf0,generation,qwen_1p7b_bigdata_step74000,fixed,1p7b_bigdata_step74000,qwen_1p7b_bigdata_step74000_fixed,Qwen 1.7B bigdata (step 74000),qwen_1p7b_bigdata_step74000_fixed,5,29,969,0.7,969,968,1,0.9989680082559339,1000,969,31,0.969,"{""all_atoms_connected"":0,""bond_angles"":4,""bond_lengths"":4,""bonds"":0,""double_bond_stereochemistry"":0,""energy_ratio"":6,""file_loads"":0,""inchi_convertible"":0,""internal_steric_clash"":28,""molecular_formula"":0,""no_radicals"":0,""planar_aromatic_rings"":0,""planar_double_bonds"":0,""reference_file_loads"":0,""sanitisation"":0,""tetrahedral_chirality"":0}","{""all_atoms_connected"":0.0,""bond_angles"":0.004,""bond_lengths"":0.004,""bonds"":0.0,""double_bond_stereochemistry"":0.0,""energy_ratio"":0.006,""file_loads"":0.0,""inchi_convertible"":0.0,""internal_steric_clash"":0.028,""molecular_formula"":0.0,""no_radicals"":0.0,""planar_aromatic_rings"":0.0,""planar_double_bonds"":0.0,""reference_file_loads"":0.0,""sanitisation"":0.0,""tetrahedral_chirality"":0.0}",969,109.29880927267797,1.320539749966596,1.8928293470041522,261.0,26.934984520123837,0.8820051228064499,0.05779153766769866,135.3596764035914,0.014223167948402546,0.4559386973180077,28.0,2.889576883384933,0.7483651011746971,0.21981424148606812,12.106052878185912,0.12372718355714454,0.14285714285714285,4.0,0.41279669762641896,0.7370478001446421,0.44685242518059853,2.778094356050654,0.4003606113565952,0.0,1.0,0.10319917440660474,0.0,1.0,1.0,1.0,0.0,969,91.12312086450339,293.87889779517275,113.94683283920396,17.980507657923305,0.18402086558593803,1.1767949613138344,1.0,1.0,1.0,1.0,0.1941522866636267,1.1871144238560059,1.0,1.0,1.0,1.0,1000,0,0,0,0,0,1000,0,0,0,0,969,1000,1000,core
4k18_4k18_conf0,generation,qwen_1p7b_bigdata_step74000,dynamic,1p7b_bigdata_step74000,qwen_1p7b_bigdata_step74000_dynamic,Qwen 1.7B bigdata (step 74000),qwen_1p7b_bigdata_step74000_dynamic,5,29,84,0.7,84,84,0,1.0,90,84,6,0.9333333333333332,"{""all_atoms_connected"":0,""bond_angles"":1,""bond_lengths"":0,""bonds"":0,""double_bond_stereochemistry"":0,""energy_ratio"":2,""file_loads"":0,""inchi_convertible"":0,""internal_steric_clash"":6,""molecular_formula"":0,""no_radicals"":0,""planar_aromatic_rings"":0,""planar_double_bonds"":0,""reference_file_loads"":0,""sanitisation"":0,""tetrahedral_chirality"":0}","{""all_atoms_connected"":0.0,""bond_angles"":0.011111111111111112,""bond_lengths"":0.0,""bonds"":0.0,""double_bond_stereochemistry"":0.0,""energy_ratio"":0.022222222222222223,""file_loads"":0.0,""inchi_convertible"":0.0,""internal_steric_clash"":0.06666666666666667,""molecular_formula"":0.0,""no_radicals"":0.0,""planar_aromatic_rings"":0.0,""planar_double_bonds"":0.0,""reference_file_loads"":0.0,""sanitisation"":0.0,""tetrahedral_chirality"":0.0}",84,106.27366511719556,1.369480775200553,2.0275437011758255,49.0,58.333333333333336,0.9306790454421182,0.10714285714285714,37.4136495877719,0.03713151927437642,0.6938775510204082,13.0,15.476190476190476,0.7951659708035386,0.2976190476190476,7.687229502814493,0.18197278911564624,0.23076923076923078,3.0,3.5714285714285716,0.5426299384814706,0.7619047619047619,1.8150988310708378,0.6318027210884353,0.3333333333333333,1.0,1.1904761904761905,0.0,1.0,1.0,1.0,0.0,84,96.15794343253202,217.34540257974913,114.21000829443848,19.635420640638063,0.18402086558593803,1.1990108885589124,1.0,1.0,1.0,1.0,0.2268755026405572,1.2081214080936757,1.0,1.0,1.0,1.0,1000,0,0,0,0,0,90,0,0,0,0,84,90,90,core
4k18_4k18_conf0,generation,qwen_1p7b_bigdata_step74000,chembl_count,1p7b_bigdata_step74000,qwen_1p7b_bigdata_step74000_chembl_count,Qwen 1.7B bigdata (step 74000),qwen_1p7b_bigdata_step74000_chembl_count,5,29,106,0.7,106,106,0,1.0,109,106,3,0.9724770642201837,"{""all_atoms_connected"":0,""bond_angles"":0,""bond_lengths"":0,""bonds"":0,""double_bond_stereochemistry"":0,""energy_ratio"":0,""file_loads"":0,""inchi_convertible"":0,""internal_steric_clash"":3,""molecular_formula"":0,""no_radicals"":0,""planar_aromatic_rings"":0,""planar_double_bonds"":0,""reference_file_loads"":0,""sanitisation"":0,""tetrahedral_chirality"":0}","{""all_atoms_connected"":0.0,""bond_angles"":0.0,""bond_lengths"":0.0,""bonds"":0.0,""double_bond_stereochemistry"":0.0,""energy_ratio"":0.0,""file_loads"":0.0,""inchi_convertible"":0.0,""internal_steric_clash"":0.027522935779816515,""molecular_formula"":0.0,""no_radicals"":0.0,""planar_aromatic_rings"":0.0,""planar_double_bonds"":0.0,""reference_file_loads"":0.0,""sanitisation"":0.0,""tetrahedral_chirality"":0.0}",106,108.19224066676288,1.3184106308283898,1.8858263793930465,63.0,59.43396226415094,0.9390614319522494,0.08490566037735849,48.94308189394663,0.027945888216447137,0.6984126984126984,10.0,9.433962264150944,0.7945928717090003,0.3584905660377358,6.231503907850775,0.21626913492346028,0.1,1.0,0.9433962264150944,0.0,1.0,1.0,1.0,0.0,1.0,0.9433962264150944,0.0,1.0,1.0,1.0,0.0,106,96.2108024472051,177.09350554582693,112.53582846474598,13.07453744989933,0.28518787041946964,1.0940777074664014,0.0,1.0,1.0,1.0,0.2955355371254524,1.0874621739186012,0.0,1.0,1.0,1.0,1000,0,0,0,0,0,109,0,0,0,0,106,109,109,core
4k77_4k77_conf0,generation,qwen_1p7b_bigdata_step74000,fixed,1p7b_bigdata_step74000,qwen_1p7b_bigdata_step74000_fixed,Qwen 1.7B bigdata (step 74000),qwen_1p7b_bigdata_step74000_fixed,2,18,972,0.7,972,972,0,1.0,999,972,27,0.972972972972973,"{""all_atoms_connected"":0,""bond_angles"":16,""bond_lengths"":20,""bonds"":0,""double_bond_stereochemistry"":0,""energy_ratio"":3,""file_loads"":0,""inchi_convertible"":0,""internal_steric_clash"":5,""molecular_formula"":0,""no_radicals"":0,""planar_aromatic_rings"":1,""planar_double_bonds"":0,""reference_file_loads"":0,""sanitisation"":0,""tetrahedral_chirality"":0}","{""all_atoms_connected"":0.0,""bond_angles"":0.016016016016016016,""bond_lengths"":0.02002002002002002,""bonds"":0.0,""double_bond_stereochemistry"":0.0,""energy_ratio"":0.003003003003003003,""file_loads"":0.0,""inchi_convertible"":0.0,""internal_steric_clash"":0.005005005005005005,""molecular_formula"":0.0,""no_radicals"":0.0,""planar_aromatic_rings"":0.001001001001001001,""planar_double_bonds"":0.0,""reference_file_loads"":0.0,""sanitisation"":0.0,""tetrahedral_chirality"":0.0}",972,119.89632142775136,1.0285230244676462,1.470176335195429,78.0,8.024691358024691,0.9058926301981413,0.07818930041152264,51.76480188533052,0.025819658249928025,0.11538461538461539,8.0,0.823045267489712,0.9202274764149866,0.23148148148148148,6.777167503069866,0.16308912936713577,0.0,1.0,0.102880658436214,0.0,1.0,1.0,1.0,0.0,1.0,0.102880658436214,0.0,1.0,1.0,1.0,0.0,972,7.7707345713626115,132.0772729934142,28.652560131245394,11.330048485592936,0.10502551976513734,0.9212381276154094,1.0,1.0,1.0,1.0,0.08457805666088465,0.9378447865750219,1.0,1.0,1.0,1.0,999,0,0,0,0,0,999,0,0,0,0,972,1000,1000,core
4k77_4k77_conf0,generation,qwen_1p7b_bigdata_step74000,dynamic,1p7b_bigdata_step74000,qwen_1p7b_bigdata_step74000_dynamic,Qwen 1.7B bigdata (step 74000),qwen_1p7b_bigdata_step74000_dynamic,2,18,24,0.7,24,24,0,1.0,24,24,0,1.0,"{""all_atoms_connected"":0,""bond_angles"":0,""bond_lengths"":0,""bonds"":0,""double_bond_stereochemistry"":0,""energy_ratio"":0,""file_loads"":0,""inchi_convertible"":0,""internal_steric_clash"":0,""molecular_formula"":0,""no_radicals"":0,""planar_aromatic_rings"":0,""planar_double_bonds"":0,""reference_file_loads"":0,""sanitisation"":0,""tetrahedral_chirality"":0}","{""all_atoms_connected"":0.0,""bond_angles"":0.0,""bond_lengths"":0.0,""bonds"":0.0,""double_bond_stereochemistry"":0.0,""energy_ratio"":0.0,""file_loads"":0.0,""inchi_convertible"":0.0,""internal_steric_clash"":0.0,""molecular_formula"":0.0,""no_radicals"":0.0,""planar_aromatic_rings"":0.0,""planar_double_bonds"":0.0,""reference_file_loads"":0.0,""sanitisation"":0.0,""tetrahedral_chirality"":0.0}",24,117.23047271684916,1.0946958262364217,1.5678976063044878,17.0,70.83333333333333,0.9790007451575364,0.08333333333333333,16.018078250040418,0.06597222222222221,0.5882352941176471,4.0,16.666666666666668,0.8330281710895306,0.4583333333333333,3.1734593047917867,0.3506944444444444,0.25,1.0,4.166666666666667,0.0,1.0,1.0,1.0,0.0,1.0,4.166666666666667,0.0,1.0,1.0,1.0,0.0,24,19.35923622959273,52.08705685266881,29.07125004174066,8.311387927775094,0.4598658618801618,0.8888159976874088,0.0,1.0,1.0,1.0,0.4672435078677325,0.9000393282130386,0.0,1.0,1.0,1.0,999,0,0,0,0,0,24,0,0,0,0,24,24,24,core
4k77_4k77_conf0,generation,qwen_1p7b_bigdata_step74000,chembl_count,1p7b_bigdata_step74000,qwen_1p7b_bigdata_step74000_chembl_count,Qwen 1.7B bigdata (step 74000),qwen_1p7b_bigdata_step74000_chembl_count,2,18,5,0.7,5,5,0,1.0,5,5,0,1.0,"{""all_atoms_connected"":0,""bond_angles"":0,""bond_lengths"":0,""bonds"":0,""double_bond_stereochemistry"":0,""energy_ratio"":0,""file_loads"":0,""inchi_convertible"":0,""internal_steric_clash"":0,""molecular_formula"":0,""no_radicals"":0,""planar_aromatic_rings"":0,""planar_double_bonds"":0,""reference_file_loads"":0,""sanitisation"":0,""tetrahedral_chirality"":0}","{""all_atoms_connected"":0.0,""bond_angles"":0.0,""bond_lengths"":0.0,""bonds"":0.0,""double_bond_stereochemistry"":0.0,""energy_ratio"":0.0,""file_loads"":0.0,""inchi_convertible"":0.0,""internal_steric_clash"":0.0,""molecular_formula"":0.0,""no_radicals"":0.0,""planar_aromatic_rings"":0.0,""planar_double_bonds"":0.0,""reference_file_loads"":0.0,""sanitisation"":0.0,""tetrahedral_chirality"":0.0}",5,119.52434938526396,1.0676309971807343,1.2549121801421386,5.0,100.0,1.0000000000000002,0.2,5.000000000000001,0.20000000000000004,1.0,4.0,80.0,0.9609640474436812,0.4,3.7892914162759954,0.28,0.75,1.0,20.0,0.0,1.0,1.0,1.0,0.0,1.0,20.0,0.0,1.0,1.0,1.0,0.0,5,20.173962566566296,38.3371620547354,29.589313913724787,6.707229227281707,0.22953923485895808,0.8943529611935638,1.0,1.0,1.0,1.0,0.21679760051036798,0.9463452249506311,1.0,1.0,1.0,1.0,999,0,0,0,0,0,5,0,0,0,0,5,5,5,core
4kzq_4kzq_conf0,generation,qwen_1p7b_bigdata_step74000,fixed,1p7b_bigdata_step74000,qwen_1p7b_bigdata_step74000_fixed,Qwen 1.7B bigdata (step 74000),qwen_1p7b_bigdata_step74000_fixed,2,18,994,0.7,994,994,0,1.0,1000,994,6,0.994,"{""all_atoms_connected"":0,""bond_angles"":3,""bond_lengths"":6,""bonds"":0,""double_bond_stereochemistry"":0,""energy_ratio"":1,""file_loads"":0,""inchi_convertible"":0,""internal_steric_clash"":0,""molecular_formula"":0,""no_radicals"":0,""planar_aromatic_rings"":1,""planar_double_bonds"":0,""reference_file_loads"":0,""sanitisation"":0,""tetrahedral_chirality"":0}","{""all_atoms_connected"":0.0,""bond_angles"":0.003,""bond_lengths"":0.006,""bonds"":0.0,""double_bond_stereochemistry"":0.0,""energy_ratio"":0.001,""file_loads"":0.0,""inchi_convertible"":0.0,""internal_steric_clash"":0.0,""molecular_formula"":0.0,""no_radicals"":0.0,""planar_aromatic_rings"":0.001,""planar_double_bonds"":0.0,""reference_file_loads"":0.0,""sanitisation"":0.0,""tetrahedral_chirality"":0.0}",994,97.35244241246318,0.3309296148299551,0.5962869529998589,5.0,0.5030181086519114,0.3852395732123843,0.7364185110663984,1.8589636861999879,0.6076398025982859,0.2,1.0,0.1006036217303823,0.0,1.0,1.0,1.0,0.0,1.0,0.1006036217303823,0.0,1.0,1.0,1.0,0.0,1.0,0.1006036217303823,0.0,1.0,1.0,1.0,0.0,994,51.02901752421728,332.0480202193311,62.77286345720124,16.387234393208708,0.06470043824076188,0.23940170777161157,1.0,1.0,1.0,1.0,0.05776691936699674,0.24004423836157046,1.0,1.0,1.0,1.0,1000,0,0,0,0,0,1000,0,0,0,0,994,1000,1000,core
4kzq_4kzq_conf0,generation,qwen_1p7b_bigdata_step74000,dynamic,1p7b_bigdata_step74000,qwen_1p7b_bigdata_step74000_dynamic,Qwen 1.7B bigdata (step 74000),qwen_1p7b_bigdata_step74000_dynamic,2,18,24,0.7,24,24,0,1.0,24,24,0,1.0,"{""all_atoms_connected"":0,""bond_angles"":0,""bond_lengths"":0,""bonds"":0,""double_bond_stereochemistry"":0,""energy_ratio"":0,""file_loads"":0,""inchi_convertible"":0,""internal_steric_clash"":0,""molecular_formula"":0,""no_radicals"":0,""planar_aromatic_rings"":0,""planar_double_bonds"":0,""reference_file_loads"":0,""sanitisation"":0,""tetrahedral_chirality"":0}","{""all_atoms_connected"":0.0,""bond_angles"":0.0,""bond_lengths"":0.0,""bonds"":0.0,""double_bond_stereochemistry"":0.0,""energy_ratio"":0.0,""file_loads"":0.0,""inchi_convertible"":0.0,""internal_steric_clash"":0.0,""molecular_formula"":0.0,""no_radicals"":0.0,""planar_aromatic_rings"":0.0,""planar_double_bonds"":0.0,""reference_file_loads"":0.0,""sanitisation"":0.0,""tetrahedral_chirality"":0.0}",24,69.043346939297,0.3463631881563182,0.6488390075258089,2.0,8.333333333333334,0.5435644431995964,0.875,1.4575692649810903,0.78125,0.0,1.0,4.166666666666667,0.0,1.0,1.0,1.0,0.0,1.0,4.166666666666667,0.0,1.0,1.0,1.0,0.0,1.0,4.166666666666667,0.0,1.0,1.0,1.0,0.0,24,55.581110039319896,92.52463992821473,60.26676140823413,9.553627447804306,0.08559773011391929,0.252704132096784,1.0,1.0,1.0,1.0,0.09433819991913185,0.25979769672392905,1.0,1.0,1.0,1.0,1000,0,0,0,0,0,24,0,0,0,0,24,24,24,core
4kzq_4kzq_conf0,generation,qwen_1p7b_bigdata_step74000,chembl_count,1p7b_bigdata_step74000,qwen_1p7b_bigdata_step74000_chembl_count,Qwen 1.7B bigdata (step 74000),qwen_1p7b_bigdata_step74000_chembl_count,2,18,6,0.7,6,6,0,1.0,6,6,0,1.0,"{""all_atoms_connected"":0,""bond_angles"":0,""bond_lengths"":0,""bonds"":0,""double_bond_stereochemistry"":0,""energy_ratio"":0,""file_loads"":0,""inchi_convertible"":0,""internal_steric_clash"":0,""molecular_formula"":0,""no_radicals"":0,""planar_aromatic_rings"":0,""planar_double_bonds"":0,""reference_file_loads"":0,""sanitisation"":0,""tetrahedral_chirality"":0}","{""all_atoms_connected"":0.0,""bond_angles"":0.0,""bond_lengths"":0.0,""bonds"":0.0,""double_bond_stereochemistry"":0.0,""energy_ratio"":0.0,""file_loads"":0.0,""inchi_convertible"":0.0,""internal_steric_clash"":0.0,""molecular_formula"":0.0,""no_radicals"":0.0,""planar_aromatic_rings"":0.0,""planar_double_bonds"":0.0,""reference_file_loads"":0.0,""sanitisation"":0.0,""tetrahedral_chirality"":0.0}",6,41.0423834438332,0.42608002386096383,0.6422883771490981,2.0,33.333333333333336,0.6500224216483541,0.8333333333333334,1.5691925832141966,0.7222222222222223,0.5,1.0,16.666666666666668,0.0,1.0,1.0,1.0,0.0,1.0,16.666666666666668,0.0,1.0,1.0,1.0,0.0,1.0,16.666666666666668,0.0,1.0,1.0,1.0,0.0,6,54.585929335062765,68.59108026018569,62.262708052948355,5.3657710226484125,0.08055386222713082,0.3080621834636673,1.0,1.0,1.0,1.0,0.07754231014740373,0.3082869862163815,1.0,1.0,1.0,1.0,1000,0,0,0,0,0,6,0,0,0,0,6,6,6,core
4kzu_4kzu_conf0,generation,qwen_1p7b_bigdata_step74000,fixed,1p7b_bigdata_step74000,qwen_1p7b_bigdata_step74000_fixed,Qwen 1.7B bigdata (step 74000),qwen_1p7b_bigdata_step74000_fixed,1,18,999,0.7,999,999,0,1.0,1000,999,1,0.999,"{""all_atoms_connected"":0,""bond_angles"":0,""bond_lengths"":1,""bonds"":0,""double_bond_stereochemistry"":0,""energy_ratio"":0,""file_loads"":0,""inchi_convertible"":0,""internal_steric_clash"":0,""molecular_formula"":0,""no_radicals"":0,""planar_aromatic_rings"":0,""planar_double_bonds"":0,""reference_file_loads"":0,""sanitisation"":0,""tetrahedral_chirality"":0}","{""all_atoms_connected"":0.0,""bond_angles"":0.0,""bond_lengths"":0.001,""bonds"":0.0,""double_bond_stereochemistry"":0.0,""energy_ratio"":0.0,""file_loads"":0.0,""inchi_convertible"":0.0,""internal_steric_clash"":0.0,""molecular_formula"":0.0,""no_radicals"":0.0,""planar_aromatic_rings"":0.0,""planar_double_bonds"":0.0,""reference_file_loads"":0.0,""sanitisation"":0.0,""tetrahedral_chirality"":0.0}",999,78.49478887142692,0.3906780500368451,0.7280264857237871,4.0,0.4004004004004004,0.7872353903708305,0.4124124124124124,2.978262219331422,0.3489826162498835,0.0,1.0,0.1001001001001001,0.0,1.0,1.0,1.0,0.0,1.0,0.1001001001001001,0.0,1.0,1.0,1.0,0.0,1.0,0.1001001001001001,0.0,1.0,1.0,1.0,0.0,999,49.32368120267571,176.45340310193376,59.106489279830384,10.189723393713924,0.0710051865476336,0.2645465460576575,1.0,1.0,1.0,1.0,0.07112490836877747,0.2491359355110832,1.0,1.0,1.0,1.0,1000,0,0,0,0,0,1000,0,0,0,0,999,1000,1000,core
4kzu_4kzu_conf0,generation,qwen_1p7b_bigdata_step74000,dynamic,1p7b_bigdata_step74000,qwen_1p7b_bigdata_step74000_dynamic,Qwen 1.7B bigdata (step 74000),qwen_1p7b_bigdata_step74000_dynamic,1,18,2,0.7,2,2,0,1.0,2,2,0,1.0,"{""all_atoms_connected"":0,""bond_angles"":0,""bond_lengths"":0,""bonds"":0,""double_bond_stereochemistry"":0,""energy_ratio"":0,""file_loads"":0,""inchi_convertible"":0,""internal_steric_clash"":0,""molecular_formula"":0,""no_radicals"":0,""planar_aromatic_rings"":0,""planar_double_bonds"":0,""reference_file_loads"":0,""sanitisation"":0,""tetrahedral_chirality"":0}","{""all_atoms_connected"":0.0,""bond_angles"":0.0,""bond_lengths"":0.0,""bonds"":0.0,""double_bond_stereochemistry"":0.0,""energy_ratio"":0.0,""file_loads"":0.0,""inchi_convertible"":0.0,""internal_steric_clash"":0.0,""molecular_formula"":0.0,""no_radicals"":0.0,""planar_aromatic_rings"":0.0,""planar_double_bonds"":0.0,""reference_file_loads"":0.0,""sanitisation"":0.0,""tetrahedral_chirality"":0.0}",2,104.17209483817142,0.2546974144657443,0.2546974144657443,1.0,50.0,0.0,1.0,1.0,1.0,0.0,1.0,50.0,0.0,1.0,1.0,1.0,0.0,1.0,50.0,0.0,1.0,1.0,1.0,0.0,1.0,50.0,0.0,1.0,1.0,1.0,0.0,2,56.51804095028073,69.44470483427793,62.981372892279325,6.463331941998601,0.21159852392104259,0.28516163491794494,1.0,1.0,1.0,1.0,0.15017975584365514,0.2407510734153539,1.0,1.0,1.0,1.0,1000,0,0,0,0,0,2,0,0,0,0,2,2,2,core
4kzu_4kzu_conf0,generation,qwen_1p7b_bigdata_step74000,chembl_count,1p7b_bigdata_step74000,qwen_1p7b_bigdata_step74000_chembl_count,Qwen 1.7B bigdata (step 74000),qwen_1p7b_bigdata_step74000_chembl_count,1,18,3,0.7,3,3,0,1.0,3,3,0,1.0,"{""all_atoms_connected"":0,""bond_angles"":0,""bond_lengths"":0,""bonds"":0,""double_bond_stereochemistry"":0,""energy_ratio"":0,""file_loads"":0,""inchi_convertible"":0,""internal_steric_clash"":0,""molecular_formula"":0,""no_radicals"":0,""planar_aromatic_rings"":0,""planar_double_bonds"":0,""reference_file_loads"":0,""sanitisation"":0,""tetrahedral_chirality"":0}","{""all_atoms_connected"":0.0,""bond_angles"":0.0,""bond_lengths"":0.0,""bonds"":0.0,""double_bond_stereochemistry"":0.0,""energy_ratio"":0.0,""file_loads"":0.0,""inchi_convertible"":0.0,""internal_steric_clash"":0.0,""molecular_formula"":0.0,""no_radicals"":0.0,""planar_aromatic_rings"":0.0,""planar_double_bonds"":0.0,""reference_file_loads"":0.0,""sanitisation"":0.0,""tetrahedral_chirality"":0.0}",3,50.68814718012123,0.5312869406646569,0.7266997331928976,2.0,66.66666666666667,0.9182958340544894,0.6666666666666666,1.8898815748423097,0.5555555555555556,0.5,1.0,33.333333333333336,0.0,1.0,1.0,1.0,0.0,1.0,33.333333333333336,0.0,1.0,1.0,1.0,0.0,1.0,33.333333333333336,0.0,1.0,1.0,1.0,0.0,3,55.21768673178262,64.13584368217418,57.35296912098447,3.802051223956286,0.123316371360069,0.4915434455254382,1.0,1.0,1.0,1.0,0.07688695802827453,0.5220936479909944,1.0,1.0,1.0,1.0,1000,0,0,0,0,0,3,0,0,0,0,3,3,3,core
4llx_4llx_conf0,generation,qwen_1p7b_bigdata_step74000,fixed,1p7b_bigdata_step74000,qwen_1p7b_bigdata_step74000_fixed,Qwen 1.7B bigdata (step 74000),qwen_1p7b_bigdata_step74000_fixed,1,9,994,0.7,994,994,0,1.0,1000,994,6,0.994,"{""all_atoms_connected"":0,""bond_angles"":0,""bond_lengths"":5,""bonds"":0,""double_bond_stereochemistry"":0,""energy_ratio"":0,""file_loads"":0,""inchi_convertible"":0,""internal_steric_clash"":0,""molecular_formula"":0,""no_radicals"":0,""planar_aromatic_rings"":1,""planar_double_bonds"":0,""reference_file_loads"":0,""sanitisation"":0,""tetrahedral_chirality"":0}","{""all_atoms_connected"":0.0,""bond_angles"":0.0,""bond_lengths"":0.005,""bonds"":0.0,""double_bond_stereochemistry"":0.0,""energy_ratio"":0.0,""file_loads"":0.0,""inchi_convertible"":0.0,""internal_steric_clash"":0.0,""molecular_formula"":0.0,""no_radicals"":0.0,""planar_aromatic_rings"":0.001,""planar_double_bonds"":0.0,""reference_file_loads"":0.0,""sanitisation"":0.0,""tetrahedral_chirality"":0.0}",994,,0.11375295682845062,0.17205030335406574,1.0,0.1006036217303823,0.0,1.0,1.0,1.0,0.0,1.0,0.1006036217303823,0.0,1.0,1.0,1.0,0.0,1.0,0.1006036217303823,0.0,1.0,1.0,1.0,0.0,1.0,0.1006036217303823,0.0,1.0,1.0,1.0,0.0,994,-1.1447106409094383,182.2373198338219,8.993273145506969,16.991506202591818,0.031073095943655964,0.07741634623141416,1.0,1.0,1.0,1.0,0.04669023722055252,0.08968691733017908,1.0,1.0,1.0,1.0,1000,0,0,0,0,0,1000,0,0,0,0,994,1000,1000,core
4llx_4llx_conf0,generation,qwen_1p7b_bigdata_step74000,dynamic,1p7b_bigdata_step74000,qwen_1p7b_bigdata_step74000_dynamic,Qwen 1.7B bigdata (step 74000),qwen_1p7b_bigdata_step74000_dynamic,1,9,2,0.7,2,2,0,1.0,2,2,0,1.0,"{""all_atoms_connected"":0,""bond_angles"":0,""bond_lengths"":0,""bonds"":0,""double_bond_stereochemistry"":0,""energy_ratio"":0,""file_loads"":0,""inchi_convertible"":0,""internal_steric_clash"":0,""molecular_formula"":0,""no_radicals"":0,""planar_aromatic_rings"":0,""planar_double_bonds"":0,""reference_file_loads"":0,""sanitisation"":0,""tetrahedral_chirality"":0}","{""all_atoms_connected"":0.0,""bond_angles"":0.0,""bond_lengths"":0.0,""bonds"":0.0,""double_bond_stereochemistry"":0.0,""energy_ratio"":0.0,""file_loads"":0.0,""inchi_convertible"":0.0,""internal_steric_clash"":0.0,""molecular_formula"":0.0,""no_radicals"":0.0,""planar_aromatic_rings"":0.0,""planar_double_bonds"":0.0,""reference_file_loads"":0.0,""sanitisation"":0.0,""tetrahedral_chirality"":0.0}",2,,0.10794746345038576,0.10794746345038576,1.0,50.0,0.0,1.0,1.0,1.0,0.0,1.0,50.0,0.0,1.0,1.0,1.0,0.0,1.0,50.0,0.0,1.0,1.0,1.0,0.0,1.0,50.0,0.0,1.0,1.0,1.0,0.0,2,7.2394699779182865,21.367748233261857,14.303609105590072,7.064139127671785,0.05764199500090292,0.07587891149509302,1.0,1.0,1.0,1.0,0.05542843044307652,0.08314354582818431,1.0,1.0,1.0,1.0,1000,0,0,0,0,0,2,0,0,0,0,2,2,2,core
4llx_4llx_conf0,generation,qwen_1p7b_bigdata_step74000,chembl_count,1p7b_bigdata_step74000,qwen_1p7b_bigdata_step74000_chembl_count,Qwen 1.7B bigdata (step 74000),qwen_1p7b_bigdata_step74000_chembl_count,1,9,1,0.7,1,1,0,1.0,1,1,0,1.0,"{""all_atoms_connected"":0,""bond_angles"":0,""bond_lengths"":0,""bonds"":0,""double_bond_stereochemistry"":0,""energy_ratio"":0,""file_loads"":0,""inchi_convertible"":0,""internal_steric_clash"":0,""molecular_formula"":0,""no_radicals"":0,""planar_aromatic_rings"":0,""planar_double_bonds"":0,""reference_file_loads"":0,""sanitisation"":0,""tetrahedral_chirality"":0}","{""all_atoms_connected"":0.0,""bond_angles"":0.0,""bond_lengths"":0.0,""bonds"":0.0,""double_bond_stereochemistry"":0.0,""energy_ratio"":0.0,""file_loads"":0.0,""inchi_convertible"":0.0,""internal_steric_clash"":0.0,""molecular_formula"":0.0,""no_radicals"":0.0,""planar_aromatic_rings"":0.0,""planar_double_bonds"":0.0,""reference_file_loads"":0.0,""sanitisation"":0.0,""tetrahedral_chirality"":0.0}",1,,,,1.0,100.0,0.0,1.0,1.0,1.0,1.0,1.0,100.0,0.0,1.0,1.0,1.0,1.0,1.0,100.0,0.0,1.0,1.0,1.0,1.0,1.0,100.0,0.0,1.0,1.0,1.0,1.0,1,4.831759222157608,4.831759222157608,4.831759222157608,0.0,0.09621471714111642,0.09621471714111642,1.0,1.0,1.0,1.0,0.12200088695038197,0.12200088695038197,1.0,1.0,1.0,1.0,1000,0,0,0,0,0,1,0,0,0,0,1,1,1,core
4lzs_4lzs_conf0,generation,qwen_1p7b_bigdata_step74000,fixed,1p7b_bigdata_step74000,qwen_1p7b_bigdata_step74000_fixed,Qwen 1.7B bigdata (step 74000),qwen_1p7b_bigdata_step74000_fixed,3,15,992,0.7,992,992,0,1.0,1000,992,8,0.992,"{""all_atoms_connected"":0,""bond_angles"":3,""bond_lengths"":2,""bonds"":0,""double_bond_stereochemistry"":0,""energy_ratio"":0,""file_loads"":0,""inchi_convertible"":0,""internal_steric_clash"":5,""molecular_formula"":0,""no_radicals"":0,""planar_aromatic_rings"":0,""planar_double_bonds"":0,""reference_file_loads"":0,""sanitisation"":0,""tetrahedral_chirality"":0}","{""all_atoms_connected"":0.0,""bond_angles"":0.003,""bond_lengths"":0.002,""bonds"":0.0,""double_bond_stereochemistry"":0.0,""energy_ratio"":0.0,""file_loads"":0.0,""inchi_convertible"":0.0,""internal_steric_clash"":0.005,""molecular_formula"":0.0,""no_radicals"":0.0,""planar_aromatic_rings"":0.0,""planar_double_bonds"":0.0,""reference_file_loads"":0.0,""sanitisation"":0.0,""tetrahedral_chirality"":0.0}",992,115.7999033003934,1.0057111982912714,1.3202007596782366,72.0,7.258064516129032,0.8955772032525605,0.08366935483870967,46.06643907246311,0.029073312304890735,0.06944444444444445,7.0,0.7056451612903226,0.8935817543391769,0.29939516129032256,5.690680317954837,0.1997715595733611,0.0,1.0,0.10080645161290322,0.0,1.0,1.0,1.0,0.0,1.0,0.10080645161290322,0.0,1.0,1.0,1.0,0.0,992,10.660993800320504,82.10320183089814,26.499024937681696,7.750171207473532,0.10380419044283452,1.0399012680806101,1.0,1.0,1.0,1.0,0.17564762731559744,1.0531188627475845,1.0,1.0,1.0,1.0,1000,0,0,0,0,0,1000,0,0,0,0,992,1000,1000,core
4lzs_4lzs_conf0,generation,qwen_1p7b_bigdata_step74000,dynamic,1p7b_bigdata_step74000,qwen_1p7b_bigdata_step74000_dynamic,Qwen 1.7B bigdata (step 74000),qwen_1p7b_bigdata_step74000_dynamic,3,15,46,0.7,46,46,0,1.0,46,46,0,1.0,"{""all_atoms_connected"":0,""bond_angles"":0,""bond_lengths"":0,""bonds"":0,""double_bond_stereochemistry"":0,""energy_ratio"":0,""file_loads"":0,""inchi_convertible"":0,""internal_steric_clash"":0,""molecular_formula"":0,""no_radicals"":0,""planar_aromatic_rings"":0,""planar_double_bonds"":0,""reference_file_loads"":0,""sanitisation"":0,""tetrahedral_chirality"":0}","{""all_atoms_connected"":0.0,""bond_angles"":0.0,""bond_lengths"":0.0,""bonds"":0.0,""double_bond_stereochemistry"":0.0,""energy_ratio"":0.0,""file_loads"":0.0,""inchi_convertible"":0.0,""internal_steric_clash"":0.0,""molecular_formula"":0.0,""no_radicals"":0.0,""planar_aromatic_rings"":0.0,""planar_double_bonds"":0.0,""reference_file_loads"":0.0,""sanitisation"":0.0,""tetrahedral_chirality"":0.0}",46,115.65524254965858,1.0142110919381717,1.3403361569378305,27.0,58.69565217391305,0.93306212445599,0.17391304347826086,21.654657277424484,0.06238185255198487,0.5925925925925926,5.0,10.869565217391305,0.9200591288473298,0.34782608695652173,4.396364914385685,0.24858223062381854,0.0,1.0,2.1739130434782608,0.0,1.0,1.0,1.0,0.0,1.0,2.1739130434782608,0.0,1.0,1.0,1.0,0.0,46,14.417949300982961,51.22729322258542,26.400088544371698,6.483781977081936,0.4898278933352219,1.0372962823834972,0.0,1.0,1.0,1.0,0.37966901866824554,1.022945823348358,0.0,1.0,1.0,1.0,1000,0,0,0,0,0,46,0,0,0,0,46,46,46,core
4lzs_4lzs_conf0,generation,qwen_1p7b_bigdata_step74000,chembl_count,1p7b_bigdata_step74000,qwen_1p7b_bigdata_step74000_chembl_count,Qwen 1.7B bigdata (step 74000),qwen_1p7b_bigdata_step74000_chembl_count,3,15,12,0.7,12,12,0,1.0,12,12,0,1.0,"{""all_atoms_connected"":0,""bond_angles"":0,""bond_lengths"":0,""bonds"":0,""double_bond_stereochemistry"":0,""energy_ratio"":0,""file_loads"":0,""inchi_convertible"":0,""internal_steric_clash"":0,""molecular_formula"":0,""no_radicals"":0,""planar_aromatic_rings"":0,""planar_double_bonds"":0,""reference_file_loads"":0,""sanitisation"":0,""tetrahedral_chirality"":0}","{""all_atoms_connected"":0.0,""bond_angles"":0.0,""bond_lengths"":0.0,""bonds"":0.0,""double_bond_stereochemistry"":0.0,""energy_ratio"":0.0,""file_loads"":0.0,""inchi_convertible"":0.0,""internal_steric_clash"":0.0,""molecular_formula"":0.0,""no_radicals"":0.0,""planar_aromatic_rings"":0.0,""planar_double_bonds"":0.0,""reference_file_loads"":0.0,""sanitisation"":0.0,""tetrahedral_chirality"":0.0}",12,107.23506325398128,1.046338356691827,1.3764524716851512,10.0,83.33333333333333,0.9788379141596312,0.16666666666666666,9.5244063118092,0.11111111111111112,0.8,4.0,33.333333333333336,0.8647869792568114,0.5,3.3162987042769267,0.3472222222222222,0.25,1.0,8.333333333333334,0.0,1.0,1.0,1.0,0.0,1.0,8.333333333333334,0.0,1.0,1.0,1.0,0.0,12,16.013193707509814,39.99667802095008,24.549593739709017,7.191983904809149,0.14328527576176703,1.0089000687204535,1.0,1.0,1.0,1.0,0.17564762731559744,1.0407943876593961,1.0,1.0,1.0,1.0,1000,0,0,0,0,0,12,0,0,0,0,12,12,12,core
4mgd_4mgd_conf0,generation,qwen_1p7b_bigdata_step74000,fixed,1p7b_bigdata_step74000,qwen_1p7b_bigdata_step74000_fixed,Qwen 1.7B bigdata (step 74000),qwen_1p7b_bigdata_step74000_fixed,4,19,991,0.7,991,991,0,1.0,1000,991,9,0.991,"{""all_atoms_connected"":0,""bond_angles"":9,""bond_lengths"":2,""bonds"":0,""double_bond_stereochemistry"":0,""energy_ratio"":6,""file_loads"":0,""inchi_convertible"":0,""internal_steric_clash"":6,""molecular_formula"":0,""no_radicals"":0,""planar_aromatic_rings"":0,""planar_double_bonds"":0,""reference_file_loads"":0,""sanitisation"":0,""tetrahedral_chirality"":0}","{""all_atoms_connected"":0.0,""bond_angles"":0.009,""bond_lengths"":0.002,""bonds"":0.0,""double_bond_stereochemistry"":0.0,""energy_ratio"":0.006,""file_loads"":0.0,""inchi_convertible"":0.0,""internal_steric_clash"":0.006,""molecular_formula"":0.0,""no_radicals"":0.0,""planar_aromatic_rings"":0.0,""planar_double_bonds"":0.0,""reference_file_loads"":0.0,""sanitisation"":0.0,""tetrahedral_chirality"":0.0}",991,108.76188667854638,0.6399595019356458,0.8839289318965816,22.0,2.2199798183652875,0.727311181608091,0.2734611503531786,9.470197280667033,0.1479093883294759,0.18181818181818182,1.0,0.10090817356205853,0.0,1.0,1.0,1.0,0.0,1.0,0.10090817356205853,0.0,1.0,1.0,1.0,0.0,1.0,0.10090817356205853,0.0,1.0,1.0,1.0,0.0,991,65.91393596026501,319.3774556983771,81.62926646718229,16.46261761624857,0.12453141800160936,0.632779071863569,1.0,1.0,1.0,1.0,0.11317448397859005,0.614749454101339,1.0,1.0,1.0,1.0,1000,0,0,0,0,0,1000,0,0,0,0,991,1000,1000,core
4mgd_4mgd_conf0,generation,qwen_1p7b_bigdata_step74000,dynamic,1p7b_bigdata_step74000,qwen_1p7b_bigdata_step74000_dynamic,Qwen 1.7B bigdata (step 74000),qwen_1p7b_bigdata_step74000_dynamic,4,19,68,0.7,68,68,0,1.0,68,68,0,1.0,"{""all_atoms_connected"":0,""bond_angles"":0,""bond_lengths"":0,""bonds"":0,""double_bond_stereochemistry"":0,""energy_ratio"":0,""file_loads"":0,""inchi_convertible"":0,""internal_steric_clash"":0,""molecular_formula"":0,""no_radicals"":0,""planar_aromatic_rings"":0,""planar_double_bonds"":0,""reference_file_loads"":0,""sanitisation"":0,""tetrahedral_chirality"":0}","{""all_atoms_connected"":0.0,""bond_angles"":0.0,""bond_lengths"":0.0,""bonds"":0.0,""double_bond_stereochemistry"":0.0,""energy_ratio"":0.0,""file_loads"":0.0,""inchi_convertible"":0.0,""internal_steric_clash"":0.0,""molecular_formula"":0.0,""no_radicals"":0.0,""planar_aromatic_rings"":0.0,""planar_double_bonds"":0.0,""reference_file_loads"":0.0,""sanitisation"":0.0,""tetrahedral_chirality"":0.0}",68,108.68036212122193,0.6392793310833781,0.8717690144763596,10.0,14.705882352941176,0.8544186733862309,0.29411764705882354,7.151854548706586,0.17257785467128028,0.2,2.0,2.9411764705882355,0.19143325481419346,0.9705882352941176,1.141897578163309,0.9429065743944636,0.0,1.0,1.4705882352941178,0.0,1.0,1.0,1.0,0.0,1.0,1.4705882352941178,0.0,1.0,1.0,1.0,0.0,68,67.74062831893319,160.07767791742936,81.87447622726765,14.864290090782928,0.14546243480135657,0.6522427539094913,1.0,1.0,1.0,1.0,0.19310760819187767,0.6440566168469198,1.0,1.0,1.0,1.0,1000,0,0,0,0,0,68,0,0,0,0,68,68,68,core
4mgd_4mgd_conf0,generation,qwen_1p7b_bigdata_step74000,chembl_count,1p7b_bigdata_step74000,qwen_1p7b_bigdata_step74000_chembl_count,Qwen 1.7B bigdata (step 74000),qwen_1p7b_bigdata_step74000_chembl_count,4,19,24,0.7,24,24,0,1.0,24,24,0,1.0,"{""all_atoms_connected"":0,""bond_angles"":0,""bond_lengths"":0,""bonds"":0,""double_bond_stereochemistry"":0,""energy_ratio"":0,""file_loads"":0,""inchi_convertible"":0,""internal_steric_clash"":0,""molecular_formula"":0,""no_radicals"":0,""planar_aromatic_rings"":0,""planar_double_bonds"":0,""reference_file_loads"":0,""sanitisation"":0,""tetrahedral_chirality"":0}","{""all_atoms_connected"":0.0,""bond_angles"":0.0,""bond_lengths"":0.0,""bonds"":0.0,""double_bond_stereochemistry"":0.0,""energy_ratio"":0.0,""file_loads"":0.0,""inchi_convertible"":0.0,""internal_steric_clash"":0.0,""molecular_formula"":0.0,""no_radicals"":0.0,""planar_aromatic_rings"":0.0,""planar_double_bonds"":0.0,""reference_file_loads"":0.0,""sanitisation"":0.0,""tetrahedral_chirality"":0.0}",24,106.32102895072035,0.6403264101851591,0.8965466105490225,8.0,33.333333333333336,0.8515283897792666,0.4166666666666667,5.874985004648712,0.22916666666666669,0.25,1.0,4.166666666666667,0.0,1.0,1.0,1.0,0.0,1.0,4.166666666666667,0.0,1.0,1.0,1.0,0.0,1.0,4.166666666666667,0.0,1.0,1.0,1.0,0.0,24,66.95061449018769,148.29950926278264,81.29365452736941,17.069595952784645,0.13212673664820188,0.5834847018025853,1.0,1.0,1.0,1.0,0.14807469879452773,0.5599798885737279,1.0,1.0,1.0,1.0,1000,0,0,0,0,0,24,0,0,0,0,24,24,24,core
4ogj_4ogj_conf0,generation,qwen_1p7b_bigdata_step74000,fixed,1p7b_bigdata_step74000,qwen_1p7b_bigdata_step74000_fixed,Qwen 1.7B bigdata (step 74000),qwen_1p7b_bigdata_step74000_fixed,10,37,797,0.7,797,765,32,0.9598494353826851,1000,797,203,0.797,"{""all_atoms_connected"":0,""bond_angles"":13,""bond_lengths"":6,""bonds"":0,""double_bond_stereochemistry"":0,""energy_ratio"":68,""file_loads"":0,""inchi_convertible"":0,""internal_steric_clash"":198,""molecular_formula"":0,""no_radicals"":0,""planar_aromatic_rings"":1,""planar_double_bonds"":0,""reference_file_loads"":0,""sanitisation"":0,""tetrahedral_chirality"":0}","{""all_atoms_connected"":0.0,""bond_angles"":0.013,""bond_lengths"":0.006,""bonds"":0.0,""double_bond_stereochemistry"":0.0,""energy_ratio"":0.068,""file_loads"":0.0,""inchi_convertible"":0.0,""internal_steric_clash"":0.198,""molecular_formula"":0.0,""no_radicals"":0.0,""planar_aromatic_rings"":0.001,""planar_double_bonds"":0.0,""reference_file_loads"":0.0,""sanitisation"":0.0,""tetrahedral_chirality"":0.0}",797,108.09573743961765,2.4961770206960416,3.2520125871461856,779.0,97.74153074027603,0.9984672915572227,0.005018820577164366,771.0908928150864,0.0013208251142537335,0.9794608472400513,364.0,45.67126725219573,0.9486640013621458,0.01631116687578419,268.92098078521514,0.005061326272140352,0.5494505494505495,22.0,2.7603513174404015,0.826579507280097,0.13676286072772897,12.871201167727973,0.09534342240113097,0.045454545454545456,3.0,0.37641154328732745,0.7963825530733901,0.5545796737766625,2.398672979646936,0.4555618701876076,0.0,797,-11.226913253676763,141104.12485649355,15.164107690997504,5556.606713581521,0.7730755026257375,2.6468957426637028,0.0,0.0,0.0,1.0,0.7181203633886425,2.6804099773019514,0.0,0.0,1.0,1.0,1000,0,0,0,0,0,1000,0,0,0,0,797,1000,1000,core
4ogj_4ogj_conf0,generation,qwen_1p7b_bigdata_step74000,dynamic,1p7b_bigdata_step74000,qwen_1p7b_bigdata_step74000_dynamic,Qwen 1.7B bigdata (step 74000),qwen_1p7b_bigdata_step74000_dynamic,10,37,160,0.7,160,156,4,0.975,200,160,40,0.8,"{""all_atoms_connected"":0,""bond_angles"":2,""bond_lengths"":0,""bonds"":0,""double_bond_stereochemistry"":0,""energy_ratio"":14,""file_loads"":0,""inchi_convertible"":0,""internal_steric_clash"":39,""molecular_formula"":0,""no_radicals"":0,""planar_aromatic_rings"":1,""planar_double_bonds"":0,""reference_file_loads"":0,""sanitisation"":0,""tetrahedral_chirality"":0}","{""all_atoms_connected"":0.0,""bond_angles"":0.01,""bond_lengths"":0.0,""bonds"":0.0,""double_bond_stereochemistry"":0.0,""energy_ratio"":0.07,""file_loads"":0.0,""inchi_convertible"":0.0,""internal_steric_clash"":0.195,""molecular_formula"":0.0,""no_radicals"":0.0,""planar_aromatic_rings"":0.005,""planar_double_bonds"":0.0,""reference_file_loads"":0.0,""sanitisation"":0.0,""tetrahedral_chirality"":0.0}",160,106.66001256328087,2.355557464759983,3.035540576824298,159.0,99.375,0.9995275651999195,0.0125,158.61969399402608,0.006328125000000002,0.9937106918238994,115.0,71.875,0.9768836965995735,0.025,103.05335230535209,0.011015625000000001,0.7304347826086957,15.0,9.375,0.832527558464941,0.2375,9.530778675294973,0.13445312499999998,0.13333333333333333,2.0,1.25,0.949707471948113,0.63125,1.9314809814115177,0.534453125,0.0,160,-11.226913253676763,13896.803868185774,14.380549390827584,1093.8608248180428,0.96040635338358,2.5866776264154487,0.0,0.0,0.0,1.0,1.0493041552360949,2.6237606646913907,0.0,0.0,0.0,1.0,1000,0,0,0,0,0,200,0,0,0,0,160,200,200,core
4ogj_4ogj_conf0,generation,qwen_1p7b_bigdata_step74000,chembl_count,1p7b_bigdata_step74000,qwen_1p7b_bigdata_step74000_chembl_count,Qwen 1.7B bigdata (step 74000),qwen_1p7b_bigdata_step74000_chembl_count,10,37,45,0.7,45,43,2,0.9555555555555556,54,45,9,0.8333333333333334,"{""all_atoms_connected"":0,""bond_angles"":0,""bond_lengths"":0,""bonds"":0,""double_bond_stereochemistry"":0,""energy_ratio"":4,""file_loads"":0,""inchi_convertible"":0,""internal_steric_clash"":9,""molecular_formula"":0,""no_radicals"":0,""planar_aromatic_rings"":0,""planar_double_bonds"":0,""reference_file_loads"":0,""sanitisation"":0,""tetrahedral_chirality"":0}","{""all_atoms_connected"":0.0,""bond_angles"":0.0,""bond_lengths"":0.0,""bonds"":0.0,""double_bond_stereochemistry"":0.0,""energy_ratio"":0.07407407407407407,""file_loads"":0.0,""inchi_convertible"":0.0,""internal_steric_clash"":0.16666666666666666,""molecular_formula"":0.0,""no_radicals"":0.0,""planar_aromatic_rings"":0.0,""planar_double_bonds"":0.0,""reference_file_loads"":0.0,""sanitisation"":0.0,""tetrahedral_chirality"":0.0}",45,107.89574103458698,2.389713146745786,3.0687793478984164,45.0,100.0,1.0,0.022222222222222223,44.99999999999999,0.02222222222222223,1.0,37.0,82.22222222222223,0.9859571014998426,0.044444444444444446,35.17058778067623,0.030123456790123466,0.7837837837837838,9.0,20.0,0.8519070401982652,0.24444444444444444,6.500187913996877,0.18123456790123454,0.3333333333333333,2.0,4.444444444444445,0.8672816222000259,0.7111111111111111,1.8242223947745868,0.5891358024691358,0.0,45,-5.405535208345569,2753.166207404903,14.022346874152667,403.7620160674787,1.158901956800705,2.673853856576274,0.0,0.0,0.0,1.0,1.180061621545373,2.6839903245936574,0.0,0.0,0.0,1.0,1000,0,0,0,0,0,54,0,0,0,0,45,54,54,core
5c28_5c28_conf0,generation,qwen_1p7b_bigdata_step74000,fixed,1p7b_bigdata_step74000,qwen_1p7b_bigdata_step74000_fixed,Qwen 1.7B bigdata (step 74000),qwen_1p7b_bigdata_step74000_fixed,2,12,993,0.7,993,993,0,1.0,998,993,5,0.99498997995992,"{""all_atoms_connected"":0,""bond_angles"":3,""bond_lengths"":2,""bonds"":0,""double_bond_stereochemistry"":0,""energy_ratio"":2,""file_loads"":0,""inchi_convertible"":0,""internal_steric_clash"":1,""molecular_formula"":0,""no_radicals"":0,""planar_aromatic_rings"":0,""planar_double_bonds"":0,""reference_file_loads"":0,""sanitisation"":0,""tetrahedral_chirality"":0}","{""all_atoms_connected"":0.0,""bond_angles"":0.003006012024048096,""bond_lengths"":0.002004008016032064,""bonds"":0.0,""double_bond_stereochemistry"":0.0,""energy_ratio"":0.002004008016032064,""file_loads"":0.0,""inchi_convertible"":0.0,""internal_steric_clash"":0.001002004008016032,""molecular_formula"":0.0,""no_radicals"":0.0,""planar_aromatic_rings"":0.0,""planar_double_bonds"":0.0,""reference_file_loads"":0.0,""sanitisation"":0.0,""tetrahedral_chirality"":0.0}",993,106.83361311029395,0.46377737307307243,0.6321621662079719,6.0,0.6042296072507553,0.7121580799687789,0.3595166163141994,3.582339158858407,0.29793346983770586,0.3333333333333333,1.0,0.10070493454179255,0.0,1.0,1.0,1.0,0.0,1.0,0.10070493454179255,0.0,1.0,1.0,1.0,0.0,1.0,0.10070493454179255,0.0,1.0,1.0,1.0,0.0,993,-47.6441543512715,52.02631736755298,-41.52580912391262,7.455730048354794,0.056179168672654815,0.5805672865212246,1.0,1.0,1.0,1.0,0.0891525176429675,0.5707378686091595,1.0,1.0,1.0,1.0,998,0,0,0,0,0,998,0,0,0,0,993,1000,1000,core
5c28_5c28_conf0,generation,qwen_1p7b_bigdata_step74000,dynamic,1p7b_bigdata_step74000,qwen_1p7b_bigdata_step74000_dynamic,Qwen 1.7B bigdata (step 74000),qwen_1p7b_bigdata_step74000_dynamic,2,12,24,0.7,24,24,0,1.0,24,24,0,1.0,"{""all_atoms_connected"":0,""bond_angles"":0,""bond_lengths"":0,""bonds"":0,""double_bond_stereochemistry"":0,""energy_ratio"":0,""file_loads"":0,""inchi_convertible"":0,""internal_steric_clash"":0,""molecular_formula"":0,""no_radicals"":0,""planar_aromatic_rings"":0,""planar_double_bonds"":0,""reference_file_loads"":0,""sanitisation"":0,""tetrahedral_chirality"":0}","{""all_atoms_connected"":0.0,""bond_angles"":0.0,""bond_lengths"":0.0,""bonds"":0.0,""double_bond_stereochemistry"":0.0,""energy_ratio"":0.0,""file_loads"":0.0,""inchi_convertible"":0.0,""internal_steric_clash"":0.0,""molecular_formula"":0.0,""no_radicals"":0.0,""planar_aromatic_rings"":0.0,""planar_double_bonds"":0.0,""reference_file_loads"":0.0,""sanitisation"":0.0,""tetrahedral_chirality"":0.0}",24,96.0374125937355,0.4665753055142591,0.6263160151875362,4.0,16.666666666666668,0.8920795639257109,0.4166666666666667,3.444176621717137,0.3194444444444444,0.0,1.0,4.166666666666667,0.0,1.0,1.0,1.0,0.0,1.0,4.166666666666667,0.0,1.0,1.0,1.0,0.0,1.0,4.166666666666667,0.0,1.0,1.0,1.0,0.0,24,-45.75160934336104,-21.85460727687712,-41.25781667282409,5.3296338437211395,0.08328030079379707,0.5996244903754349,1.0,1.0,1.0,1.0,0.11484144805543628,0.5898747105353348,1.0,1.0,1.0,1.0,998,0,0,0,0,0,24,0,0,0,0,24,24,24,core
5c28_5c28_conf0,generation,qwen_1p7b_bigdata_step74000,chembl_count,1p7b_bigdata_step74000,qwen_1p7b_bigdata_step74000_chembl_count,Qwen 1.7B bigdata (step 74000),qwen_1p7b_bigdata_step74000_chembl_count,2,12,2,0.7,2,2,0,1.0,2,2,0,1.0,"{""all_atoms_connected"":0,""bond_angles"":0,""bond_lengths"":0,""bonds"":0,""double_bond_stereochemistry"":0,""energy_ratio"":0,""file_loads"":0,""inchi_convertible"":0,""internal_steric_clash"":0,""molecular_formula"":0,""no_radicals"":0,""planar_aromatic_rings"":0,""planar_double_bonds"":0,""reference_file_loads"":0,""sanitisation"":0,""tetrahedral_chirality"":0}","{""all_atoms_connected"":0.0,""bond_angles"":0.0,""bond_lengths"":0.0,""bonds"":0.0,""double_bond_stereochemistry"":0.0,""energy_ratio"":0.0,""file_loads"":0.0,""inchi_convertible"":0.0,""internal_steric_clash"":0.0,""molecular_formula"":0.0,""no_radicals"":0.0,""planar_aromatic_rings"":0.0,""planar_double_bonds"":0.0,""reference_file_loads"":0.0,""sanitisation"":0.0,""tetrahedral_chirality"":0.0}",2,42.06253635779574,0.593624421219634,0.593624421219634,2.0,100.0,1.0,0.5,2.0,0.5,1.0,1.0,50.0,0.0,1.0,1.0,1.0,0.0,1.0,50.0,0.0,1.0,1.0,1.0,0.0,1.0,50.0,0.0,1.0,1.0,1.0,0.0,2,-42.90162635369888,-40.49117783185042,-41.69640209277465,1.2052242609242292,0.1629846148403278,0.3896815178951917,1.0,1.0,1.0,1.0,0.15542236642006363,0.3713384048138797,1.0,1.0,1.0,1.0,998,0,0,0,0,0,2,0,0,0,0,2,2,2,core
5c2h_5c2h_conf0,generation,qwen_1p7b_bigdata_step74000,fixed,1p7b_bigdata_step74000,qwen_1p7b_bigdata_step74000_fixed,Qwen 1.7B bigdata (step 74000),qwen_1p7b_bigdata_step74000_fixed,8,31,922,0.7,922,920,2,0.9978308026030369,1000,922,78,0.922,"{""all_atoms_connected"":0,""bond_angles"":22,""bond_lengths"":17,""bonds"":0,""double_bond_stereochemistry"":0,""energy_ratio"":24,""file_loads"":0,""inchi_convertible"":0,""internal_steric_clash"":66,""molecular_formula"":0,""no_radicals"":0,""planar_aromatic_rings"":8,""planar_double_bonds"":0,""reference_file_loads"":0,""sanitisation"":0,""tetrahedral_chirality"":0}","{""all_atoms_connected"":0.0,""bond_angles"":0.022,""bond_lengths"":0.017,""bonds"":0.0,""double_bond_stereochemistry"":0.0,""energy_ratio"":0.024,""file_loads"":0.0,""inchi_convertible"":0.0,""internal_steric_clash"":0.066,""molecular_formula"":0.0,""no_radicals"":0.0,""planar_aromatic_rings"":0.008,""planar_double_bonds"":0.0,""reference_file_loads"":0.0,""sanitisation"":0.0,""tetrahedral_chirality"":0.0}",922,104.29108457737817,2.677436972959576,3.484519816683322,909.0,98.59002169197397,0.9991318944398707,0.0032537960954446853,903.6401884402999,0.001117536619910503,0.9867986798679867,543.0,58.893709327548805,0.9726648396790412,0.007592190889370932,457.1341200297495,0.0026397391316622825,0.6058931860036832,24.0,2.6030368763557483,0.9265242752994828,0.10412147505422993,19.001995919155966,0.06019875682873692,0.0,3.0,0.32537960954446854,0.9075055870818381,0.5325379609544468,2.710130503494251,0.4011862357131765,0.0,922,-46.76652551953284,344.0858750706145,-24.247146090952178,21.89607458201977,1.0818807869274307,2.5561205840684726,0.0,0.0,0.0,1.0,1.1357669409809108,2.6079325299164533,0.0,0.0,0.0,1.0,1000,0,0,0,0,0,1000,0,0,0,0,922,1000,1000,core
5c2h_5c2h_conf0,generation,qwen_1p7b_bigdata_step74000,dynamic,1p7b_bigdata_step74000,qwen_1p7b_bigdata_step74000_dynamic,Qwen 1.7B bigdata (step 74000),qwen_1p7b_bigdata_step74000_dynamic,8,31,139,0.7,139,139,0,1.0,156,139,17,0.8910256410256411,"{""all_atoms_connected"":0,""bond_angles"":5,""bond_lengths"":4,""bonds"":0,""double_bond_stereochemistry"":0,""energy_ratio"":4,""file_loads"":0,""inchi_convertible"":0,""internal_steric_clash"":14,""molecular_formula"":0,""no_radicals"":0,""planar_aromatic_rings"":2,""planar_double_bonds"":0,""reference_file_loads"":0,""sanitisation"":0,""tetrahedral_chirality"":0}","{""all_atoms_connected"":0.0,""bond_angles"":0.03205128205128205,""bond_lengths"":0.02564102564102564,""bonds"":0.0,""double_bond_stereochemistry"":0.0,""energy_ratio"":0.02564102564102564,""file_loads"":0.0,""inchi_convertible"":0.0,""internal_steric_clash"":0.08974358974358974,""molecular_formula"":0.0,""no_radicals"":0.0,""planar_aromatic_rings"":0.01282051282051282,""planar_double_bonds"":0.0,""reference_file_loads"":0.0,""sanitisation"":0.0,""tetrahedral_chirality"":0.0}",139,104.57256279458656,2.7012172198674067,3.5458219867793703,137.0,98.56115107913669,0.9988915253464162,0.014388489208633094,136.25488030793738,0.007401273226023499,0.9854014598540146,124.0,89.20863309352518,0.9903115890314819,0.02158273381294964,118.34223186196034,0.009057502199679103,0.9032258064516129,18.0,12.949640287769784,0.9163389132675531,0.1366906474820144,14.13367313101797,0.0817245484188189,0.1111111111111111,3.0,2.158273381294964,0.9285179150672329,0.5179856115107914,2.7734199336171335,0.38760933699083894,0.0,139,-41.88347552425546,81.15889755141296,-24.843509323394358,19.37841162221389,1.0865996246607463,2.498423006683082,0.0,0.0,0.0,1.0,1.1357669409809108,2.5529574377907007,0.0,0.0,0.0,1.0,1000,0,0,0,0,0,156,0,0,0,0,139,156,156,core
5c2h_5c2h_conf0,generation,qwen_1p7b_bigdata_step74000,chembl_count,1p7b_bigdata_step74000,qwen_1p7b_bigdata_step74000_chembl_count,Qwen 1.7B bigdata (step 74000),qwen_1p7b_bigdata_step74000_chembl_count,8,31,76,0.7,76,76,0,1.0,85,76,9,0.8941176470588236,"{""all_atoms_connected"":0,""bond_angles"":3,""bond_lengths"":2,""bonds"":0,""double_bond_stereochemistry"":0,""energy_ratio"":3,""file_loads"":0,""inchi_convertible"":0,""internal_steric_clash"":9,""molecular_formula"":0,""no_radicals"":0,""planar_aromatic_rings"":0,""planar_double_bonds"":0,""reference_file_loads"":0,""sanitisation"":0,""tetrahedral_chirality"":0}","{""all_atoms_connected"":0.0,""bond_angles"":0.03529411764705882,""bond_lengths"":0.023529411764705882,""bonds"":0.0,""double_bond_stereochemistry"":0.0,""energy_ratio"":0.03529411764705882,""file_loads"":0.0,""inchi_convertible"":0.0,""internal_steric_clash"":0.10588235294117647,""molecular_formula"":0.0,""no_radicals"":0.0,""planar_aromatic_rings"":0.0,""planar_double_bonds"":0.0,""reference_file_loads"":0.0,""sanitisation"":0.0,""tetrahedral_chirality"":0.0}",76,105.19186433070838,2.589559560066037,3.419837106840741,76.0,100.0,0.9999999999999998,0.013157894736842105,75.99999999999993,0.013157894736842105,1.0,67.0,88.15789473684211,0.9892951602704562,0.039473684210526314,64.05115486045493,0.016620498614958443,0.8805970149253731,14.0,18.42105263157895,0.8993428996117834,0.18421052631578946,10.734012851861095,0.1080332409972299,0.2857142857142857,3.0,3.9473684210526314,0.8101689676193979,0.47368421052631576,2.435279620260552,0.4407894736842105,0.0,76,-41.21399855545389,32.42478744482242,-24.948013796242975,14.217831971637002,1.294530988502276,2.5509594142170533,0.0,0.0,0.0,1.0,1.3482410433213663,2.617420717939803,0.0,0.0,0.0,1.0,1000,0,0,0,0,0,85,0,0,0,0,76,85,85,core
