mol_id,row_type,family,tier,variant,method,display_label,source,rotatable_bonds,heavy_atoms,conformer_count,clash_cutoff,clash_input_confs,clash_pass_confs,clash_fail_confs,clash_pass_rate,pb_input_confs,pb_pass_confs,pb_fail_confs,pb_pass_rate,pb_check_fail_counts_json,pb_check_fail_rates_json,post_pb_confs,mean_torsion_std_deg,pairwise_mean,pairwise_p90,greedy_clusters_0p5,clusters_per_100_0p5,cluster_entropy_0p5,largest_cluster_fraction_0p5,effective_clusters_0p5,simpson_concentration_0p5,singleton_fraction_0p5,greedy_clusters_1p0,clusters_per_100_1p0,cluster_entropy_1p0,largest_cluster_fraction_1p0,effective_clusters_1p0,simpson_concentration_1p0,singleton_fraction_1p0,greedy_clusters_2p0,clusters_per_100_2p0,cluster_entropy_2p0,largest_cluster_fraction_2p0,effective_clusters_2p0,simpson_concentration_2p0,singleton_fraction_2p0,greedy_clusters_3p0,clusters_per_100_3p0,cluster_entropy_3p0,largest_cluster_fraction_3p0,effective_clusters_3p0,simpson_concentration_3p0,singleton_fraction_3p0,energy_count,energy_min,energy_max,energy_median,energy_std,casf_best_rmsd,casf_median_rmsd,casf_hit_0p25,casf_hit_0p5,casf_hit_0p75,casf_hit_2p0,casf_opt_best_rmsd,casf_opt_median_rmsd,casf_opt_hit_0p25,casf_opt_hit_0p5,casf_opt_hit_0p75,casf_opt_hit_2p0,generated_candidates,finite_rejected,clash_rejected,bond_rejected,stereo_rejected,rmsd_rejected,pre_clash_passed,minimization_input_confs,minimization_failed,minimization_invalid,post_min_clash_rejected,kept_confs,num_target_confs,target_confs,ligand_set
1bcu_1bcu_conf0,generation,qwen_4b_bigdata_step110000,fixed,4b_bigdata_step110000,qwen_4b_bigdata_step110000_fixed,Qwen 4B bigdata (step 110000),qwen_4b_bigdata_step110000_fixed,2,16,997,0.7,997,997,0,1.0,1000,997,3,0.997,"{""all_atoms_connected"":0,""bond_angles"":0,""bond_lengths"":3,""bonds"":0,""double_bond_stereochemistry"":0,""energy_ratio"":0,""file_loads"":0,""inchi_convertible"":0,""internal_steric_clash"":0,""molecular_formula"":0,""no_radicals"":0,""planar_aromatic_rings"":1,""planar_double_bonds"":0,""reference_file_loads"":0,""sanitisation"":0,""tetrahedral_chirality"":0}","{""all_atoms_connected"":0.0,""bond_angles"":0.0,""bond_lengths"":0.003,""bonds"":0.0,""double_bond_stereochemistry"":0.0,""energy_ratio"":0.0,""file_loads"":0.0,""inchi_convertible"":0.0,""internal_steric_clash"":0.0,""molecular_formula"":0.0,""no_radicals"":0.0,""planar_aromatic_rings"":0.001,""planar_double_bonds"":0.0,""reference_file_loads"":0.0,""sanitisation"":0.0,""tetrahedral_chirality"":0.0}",997,,0.12953578694235024,0.20060436402077192,1.0,0.10030090270812438,0.0,1.0,1.0,1.0,0.0,1.0,0.10030090270812438,0.0,1.0,1.0,1.0,0.0,1.0,0.10030090270812438,0.0,1.0,1.0,1.0,0.0,1.0,0.10030090270812438,0.0,1.0,1.0,1.0,0.0,997,41.88145995654382,270.306353101564,58.87743244622462,15.93754651189412,0.05080768675450945,0.0894032484962469,1.0,1.0,1.0,1.0,0.043011327274074716,0.09008310021477313,1.0,1.0,1.0,1.0,1000,0,0,0,0,0,1000,0,0,0,0,997,1000,1000,core
1bcu_1bcu_conf0,generation,qwen_4b_bigdata_step110000,dynamic,4b_bigdata_step110000,qwen_4b_bigdata_step110000_dynamic,Qwen 4B bigdata (step 110000),qwen_4b_bigdata_step110000_dynamic,2,16,24,0.7,24,24,0,1.0,24,24,0,1.0,"{""all_atoms_connected"":0,""bond_angles"":0,""bond_lengths"":0,""bonds"":0,""double_bond_stereochemistry"":0,""energy_ratio"":0,""file_loads"":0,""inchi_convertible"":0,""internal_steric_clash"":0,""molecular_formula"":0,""no_radicals"":0,""planar_aromatic_rings"":0,""planar_double_bonds"":0,""reference_file_loads"":0,""sanitisation"":0,""tetrahedral_chirality"":0}","{""all_atoms_connected"":0.0,""bond_angles"":0.0,""bond_lengths"":0.0,""bonds"":0.0,""double_bond_stereochemistry"":0.0,""energy_ratio"":0.0,""file_loads"":0.0,""inchi_convertible"":0.0,""internal_steric_clash"":0.0,""molecular_formula"":0.0,""no_radicals"":0.0,""planar_aromatic_rings"":0.0,""planar_double_bonds"":0.0,""reference_file_loads"":0.0,""sanitisation"":0.0,""tetrahedral_chirality"":0.0}",24,,0.14287576998693843,0.20024936760892892,1.0,4.166666666666667,0.0,1.0,1.0,1.0,0.0,1.0,4.166666666666667,0.0,1.0,1.0,1.0,0.0,1.0,4.166666666666667,0.0,1.0,1.0,1.0,0.0,1.0,4.166666666666667,0.0,1.0,1.0,1.0,0.0,24,48.97889880293431,74.7345240710927,61.60229681782402,7.731151276104339,0.05783117266357073,0.08885130647494649,1.0,1.0,1.0,1.0,0.062311810735098075,0.09512366021793334,1.0,1.0,1.0,1.0,1000,0,0,0,0,0,24,0,0,0,0,24,24,24,core
1bcu_1bcu_conf0,generation,qwen_4b_bigdata_step110000,chembl_count,4b_bigdata_step110000,qwen_4b_bigdata_step110000_chembl_count,Qwen 4B bigdata (step 110000),qwen_4b_bigdata_step110000_chembl_count,2,16,1,0.7,1,1,0,1.0,1,1,0,1.0,"{""all_atoms_connected"":0,""bond_angles"":0,""bond_lengths"":0,""bonds"":0,""double_bond_stereochemistry"":0,""energy_ratio"":0,""file_loads"":0,""inchi_convertible"":0,""internal_steric_clash"":0,""molecular_formula"":0,""no_radicals"":0,""planar_aromatic_rings"":0,""planar_double_bonds"":0,""reference_file_loads"":0,""sanitisation"":0,""tetrahedral_chirality"":0}","{""all_atoms_connected"":0.0,""bond_angles"":0.0,""bond_lengths"":0.0,""bonds"":0.0,""double_bond_stereochemistry"":0.0,""energy_ratio"":0.0,""file_loads"":0.0,""inchi_convertible"":0.0,""internal_steric_clash"":0.0,""molecular_formula"":0.0,""no_radicals"":0.0,""planar_aromatic_rings"":0.0,""planar_double_bonds"":0.0,""reference_file_loads"":0.0,""sanitisation"":0.0,""tetrahedral_chirality"":0.0}",1,,,,1.0,100.0,0.0,1.0,1.0,1.0,1.0,1.0,100.0,0.0,1.0,1.0,1.0,1.0,1.0,100.0,0.0,1.0,1.0,1.0,1.0,1.0,100.0,0.0,1.0,1.0,1.0,1.0,1,44.69025499133072,44.69025499133072,44.69025499133072,0.0,0.06616356739653831,0.06616356739653831,1.0,1.0,1.0,1.0,0.058216502272230734,0.058216502272230734,1.0,1.0,1.0,1.0,1000,0,0,0,0,0,1,0,0,0,0,1,1,1,core
1c5z_1c5z_conf0,generation,qwen_4b_bigdata_step110000,fixed,4b_bigdata_step110000,qwen_4b_bigdata_step110000_fixed,Qwen 4B bigdata (step 110000),qwen_4b_bigdata_step110000_fixed,1,9,999,0.7,999,999,0,1.0,1000,999,1,0.999,"{""all_atoms_connected"":0,""bond_angles"":0,""bond_lengths"":1,""bonds"":0,""double_bond_stereochemistry"":0,""energy_ratio"":0,""file_loads"":0,""inchi_convertible"":0,""internal_steric_clash"":0,""molecular_formula"":0,""no_radicals"":0,""planar_aromatic_rings"":0,""planar_double_bonds"":0,""reference_file_loads"":0,""sanitisation"":0,""tetrahedral_chirality"":0}","{""all_atoms_connected"":0.0,""bond_angles"":0.0,""bond_lengths"":0.001,""bonds"":0.0,""double_bond_stereochemistry"":0.0,""energy_ratio"":0.0,""file_loads"":0.0,""inchi_convertible"":0.0,""internal_steric_clash"":0.0,""molecular_formula"":0.0,""no_radicals"":0.0,""planar_aromatic_rings"":0.0,""planar_double_bonds"":0.0,""reference_file_loads"":0.0,""sanitisation"":0.0,""tetrahedral_chirality"":0.0}",999,105.50278150902786,0.32573866983958827,0.5858451713301569,3.0,0.3003003003003003,0.6938121690758637,0.5425425425425425,2.14305112933853,0.4886297709120532,0.0,1.0,0.1001001001001001,0.0,1.0,1.0,1.0,0.0,1.0,0.1001001001001001,0.0,1.0,1.0,1.0,0.0,1.0,0.1001001001001001,0.0,1.0,1.0,1.0,0.0,999,19.49367392336817,152.40690084966667,26.926719403077236,7.638749337899776,0.04251508989958584,0.242380531922972,1.0,1.0,1.0,1.0,0.05413466182685581,0.24976421305603666,1.0,1.0,1.0,1.0,1000,0,0,0,0,0,1000,0,0,0,0,999,1000,1000,core
1c5z_1c5z_conf0,generation,qwen_4b_bigdata_step110000,dynamic,4b_bigdata_step110000,qwen_4b_bigdata_step110000_dynamic,Qwen 4B bigdata (step 110000),qwen_4b_bigdata_step110000_dynamic,1,9,2,0.7,2,2,0,1.0,2,2,0,1.0,"{""all_atoms_connected"":0,""bond_angles"":0,""bond_lengths"":0,""bonds"":0,""double_bond_stereochemistry"":0,""energy_ratio"":0,""file_loads"":0,""inchi_convertible"":0,""internal_steric_clash"":0,""molecular_formula"":0,""no_radicals"":0,""planar_aromatic_rings"":0,""planar_double_bonds"":0,""reference_file_loads"":0,""sanitisation"":0,""tetrahedral_chirality"":0}","{""all_atoms_connected"":0.0,""bond_angles"":0.0,""bond_lengths"":0.0,""bonds"":0.0,""double_bond_stereochemistry"":0.0,""energy_ratio"":0.0,""file_loads"":0.0,""inchi_convertible"":0.0,""internal_steric_clash"":0.0,""molecular_formula"":0.0,""no_radicals"":0.0,""planar_aromatic_rings"":0.0,""planar_double_bonds"":0.0,""reference_file_loads"":0.0,""sanitisation"":0.0,""tetrahedral_chirality"":0.0}",2,56.847678152266255,0.5603235353705112,0.5603235353705112,2.0,100.0,1.0,0.5,2.0,0.5,1.0,1.0,50.0,0.0,1.0,1.0,1.0,0.0,1.0,50.0,0.0,1.0,1.0,1.0,0.0,1.0,50.0,0.0,1.0,1.0,1.0,0.0,2,26.264034350737973,29.852554650193053,28.058294500465514,1.79426014972754,0.26364247957476267,0.2936126082197571,0.0,1.0,1.0,1.0,0.28038927371179445,0.29299392566267357,0.0,1.0,1.0,1.0,1000,0,0,0,0,0,2,0,0,0,0,2,2,2,core
1c5z_1c5z_conf0,generation,qwen_4b_bigdata_step110000,chembl_count,4b_bigdata_step110000,qwen_4b_bigdata_step110000_chembl_count,Qwen 4B bigdata (step 110000),qwen_4b_bigdata_step110000_chembl_count,1,9,1,0.7,1,1,0,1.0,1,1,0,1.0,"{""all_atoms_connected"":0,""bond_angles"":0,""bond_lengths"":0,""bonds"":0,""double_bond_stereochemistry"":0,""energy_ratio"":0,""file_loads"":0,""inchi_convertible"":0,""internal_steric_clash"":0,""molecular_formula"":0,""no_radicals"":0,""planar_aromatic_rings"":0,""planar_double_bonds"":0,""reference_file_loads"":0,""sanitisation"":0,""tetrahedral_chirality"":0}","{""all_atoms_connected"":0.0,""bond_angles"":0.0,""bond_lengths"":0.0,""bonds"":0.0,""double_bond_stereochemistry"":0.0,""energy_ratio"":0.0,""file_loads"":0.0,""inchi_convertible"":0.0,""internal_steric_clash"":0.0,""molecular_formula"":0.0,""no_radicals"":0.0,""planar_aromatic_rings"":0.0,""planar_double_bonds"":0.0,""reference_file_loads"":0.0,""sanitisation"":0.0,""tetrahedral_chirality"":0.0}",1,0.0,,,1.0,100.0,0.0,1.0,1.0,1.0,1.0,1.0,100.0,0.0,1.0,1.0,1.0,1.0,1.0,100.0,0.0,1.0,1.0,1.0,1.0,1.0,100.0,0.0,1.0,1.0,1.0,1.0,1,26.148934356161124,26.148934356161124,26.148934356161124,0.0,0.149161926581673,0.149161926581673,1.0,1.0,1.0,1.0,0.2028790406356197,0.2028790406356197,1.0,1.0,1.0,1.0,1000,0,0,0,0,0,1,0,0,0,0,1,1,1,core
1lpg_1lpg_conf0,generation,qwen_4b_bigdata_step110000,fixed,4b_bigdata_step110000,qwen_4b_bigdata_step110000_fixed,Qwen 4B bigdata (step 110000),qwen_4b_bigdata_step110000_fixed,10,41,813,0.7,813,800,13,0.984009840098401,998,813,185,0.814629258517034,"{""all_atoms_connected"":0,""bond_angles"":28,""bond_lengths"":14,""bonds"":0,""double_bond_stereochemistry"":0,""energy_ratio"":79,""file_loads"":0,""inchi_convertible"":0,""internal_steric_clash"":171,""molecular_formula"":0,""no_radicals"":0,""planar_aromatic_rings"":23,""planar_double_bonds"":0,""reference_file_loads"":0,""sanitisation"":0,""tetrahedral_chirality"":0}","{""all_atoms_connected"":0.0,""bond_angles"":0.028056112224448898,""bond_lengths"":0.014028056112224449,""bonds"":0.0,""double_bond_stereochemistry"":0.0,""energy_ratio"":0.07915831663326653,""file_loads"":0.0,""inchi_convertible"":0.0,""internal_steric_clash"":0.1713426853707415,""molecular_formula"":0.0,""no_radicals"":0.0,""planar_aromatic_rings"":0.023046092184368736,""planar_double_bonds"":0.0,""reference_file_loads"":0.0,""sanitisation"":0.0,""tetrahedral_chirality"":0.0}",813,95.17404238994705,2.8098212750769784,3.7169891348423394,810.0,99.6309963099631,0.9997881725830395,0.0024600246002460025,808.8517361375646,0.0012390898816737246,0.9962962962962963,566.0,69.61869618696187,0.9739464373134921,0.012300123001230012,479.8392346758146,0.0026430891615189214,0.7473498233215548,33.0,4.059040590405904,0.8906262475597185,0.0910209102091021,22.51274085196749,0.05299643402338083,0.06060606060606061,5.0,0.6150061500615006,0.8396205891559329,0.37884378843788435,3.8625099112802235,0.3005572122141885,0.0,813,104.79147394843119,189904.00926955644,143.18174735298095,6716.830675050781,0.7250916545129561,2.3783437055002796,0.0,0.0,1.0,1.0,0.7034252746907134,2.4077431136060534,0.0,0.0,1.0,1.0,998,0,0,0,0,0,998,0,0,0,0,813,1000,1000,core
1lpg_1lpg_conf0,generation,qwen_4b_bigdata_step110000,dynamic,4b_bigdata_step110000,qwen_4b_bigdata_step110000_dynamic,Qwen 4B bigdata (step 110000),qwen_4b_bigdata_step110000_dynamic,10,41,164,0.7,164,161,3,0.9817073170731707,200,164,36,0.82,"{""all_atoms_connected"":0,""bond_angles"":7,""bond_lengths"":1,""bonds"":0,""double_bond_stereochemistry"":0,""energy_ratio"":15,""file_loads"":0,""inchi_convertible"":0,""internal_steric_clash"":33,""molecular_formula"":0,""no_radicals"":0,""planar_aromatic_rings"":1,""planar_double_bonds"":0,""reference_file_loads"":0,""sanitisation"":0,""tetrahedral_chirality"":0}","{""all_atoms_connected"":0.0,""bond_angles"":0.035,""bond_lengths"":0.005,""bonds"":0.0,""double_bond_stereochemistry"":0.0,""energy_ratio"":0.075,""file_loads"":0.0,""inchi_convertible"":0.0,""internal_steric_clash"":0.165,""molecular_formula"":0.0,""no_radicals"":0.0,""planar_aromatic_rings"":0.005,""planar_double_bonds"":0.0,""reference_file_loads"":0.0,""sanitisation"":0.0,""tetrahedral_chirality"":0.0}",164,93.86779916959027,2.785707848571322,3.6386715385703603,163.0,99.39024390243902,0.9995412442134941,0.012195121951219513,162.6195483475531,0.006171921475312314,0.9938650306748467,145.0,88.41463414634147,0.9869249932430479,0.024390243902439025,135.86515888524528,0.00817965496728138,0.9241379310344827,24.0,14.634146341463415,0.8987805228730101,0.1524390243902439,17.39830666460642,0.07354253420582987,0.125,5.0,3.048780487804878,0.8405116487266144,0.3597560975609756,3.8680531300991303,0.29335217132659125,0.0,164,112.75414705327978,189904.00926955644,142.44254653952584,14777.309538841635,1.2922407846771315,2.3650966658664645,0.0,0.0,0.0,1.0,1.3426757842682238,2.396218686010079,0.0,0.0,0.0,1.0,998,0,0,0,0,0,200,0,0,0,0,164,200,200,core
1lpg_1lpg_conf0,generation,qwen_4b_bigdata_step110000,chembl_count,4b_bigdata_step110000,qwen_4b_bigdata_step110000_chembl_count,Qwen 4B bigdata (step 110000),qwen_4b_bigdata_step110000_chembl_count,10,41,154,0.7,154,153,1,0.9935064935064936,193,154,39,0.7979274611398963,"{""all_atoms_connected"":0,""bond_angles"":6,""bond_lengths"":2,""bonds"":0,""double_bond_stereochemistry"":0,""energy_ratio"":15,""file_loads"":0,""inchi_convertible"":0,""internal_steric_clash"":37,""molecular_formula"":0,""no_radicals"":0,""planar_aromatic_rings"":3,""planar_double_bonds"":0,""reference_file_loads"":0,""sanitisation"":0,""tetrahedral_chirality"":0}","{""all_atoms_connected"":0.0,""bond_angles"":0.031088082901554404,""bond_lengths"":0.010362694300518135,""bonds"":0.0,""double_bond_stereochemistry"":0.0,""energy_ratio"":0.07772020725388601,""file_loads"":0.0,""inchi_convertible"":0.0,""internal_steric_clash"":0.19170984455958548,""molecular_formula"":0.0,""no_radicals"":0.0,""planar_aromatic_rings"":0.015544041450777202,""planar_double_bonds"":0.0,""reference_file_loads"":0.0,""sanitisation"":0.0,""tetrahedral_chirality"":0.0}",154,94.95155384412229,2.778980248558399,3.6770430998906494,154.0,100.0,1.0,0.006493506493506494,154.00000000000006,0.006493506493506494,1.0,142.0,92.20779220779221,0.9927561427313059,0.025974025974025976,136.9927156186415,0.007758475290942823,0.9295774647887324,19.0,12.337662337662337,0.910685646451448,0.12337662337662338,14.606378475299644,0.07927137797267667,0.10526315789473684,3.0,1.948051948051948,0.9612252330919218,0.474025974025974,2.8748883918009867,0.3632147073705515,0.0,154,111.53797910265367,304.77127722954225,143.91932555693427,30.247016474461866,1.178360969048066,2.3785659976562172,0.0,0.0,0.0,1.0,1.230460331096209,2.3867603275937026,0.0,0.0,0.0,1.0,998,0,0,0,0,0,193,0,0,0,0,154,193,193,core
1mq6_1mq6_conf0,generation,qwen_4b_bigdata_step110000,fixed,4b_bigdata_step110000,qwen_4b_bigdata_step110000_fixed,Qwen 4B bigdata (step 110000),qwen_4b_bigdata_step110000_fixed,7,36,648,0.7,648,611,37,0.9429012345679012,994,648,346,0.6519114688128773,"{""all_atoms_connected"":0,""bond_angles"":38,""bond_lengths"":21,""bonds"":0,""double_bond_stereochemistry"":0,""energy_ratio"":47,""file_loads"":0,""inchi_convertible"":0,""internal_steric_clash"":335,""molecular_formula"":0,""no_radicals"":0,""planar_aromatic_rings"":1,""planar_double_bonds"":0,""reference_file_loads"":0,""sanitisation"":0,""tetrahedral_chirality"":0}","{""all_atoms_connected"":0.0,""bond_angles"":0.03822937625754527,""bond_lengths"":0.02112676056338028,""bonds"":0.0,""double_bond_stereochemistry"":0.0,""energy_ratio"":0.047283702213279676,""file_loads"":0.0,""inchi_convertible"":0.0,""internal_steric_clash"":0.33702213279678067,""molecular_formula"":0.0,""no_radicals"":0.0,""planar_aromatic_rings"":0.001006036217303823,""planar_double_bonds"":0.0,""reference_file_loads"":0.0,""sanitisation"":0.0,""tetrahedral_chirality"":0.0}",648,92.76089615518629,2.1309603326138418,2.7133731793747073,636.0,98.14814814814815,0.998668523034774,0.004629629629629629,630.5570374471521,0.0016098917847889036,0.9842767295597484,291.0,44.907407407407405,0.9662558364250897,0.015432098765432098,240.29845633897435,0.004982091144642584,0.41924398625429554,14.0,2.1604938271604937,0.850930519540814,0.25,9.446595618488479,0.1282007315957933,0.14285714285714285,3.0,0.46296296296296297,0.5982464902944539,0.6620370370370371,1.9294614950786773,0.5504448635878677,0.0,648,5.577423582012258,482301.05937735003,37.475832180381666,19061.958366923787,1.0861255120491335,1.98943407092472,0.0,0.0,0.0,1.0,1.062446589470668,1.960980675550685,0.0,0.0,0.0,1.0,994,0,0,0,0,0,994,0,0,0,0,648,1000,1000,core
1mq6_1mq6_conf0,generation,qwen_4b_bigdata_step110000,dynamic,4b_bigdata_step110000,qwen_4b_bigdata_step110000_dynamic,Qwen 4B bigdata (step 110000),qwen_4b_bigdata_step110000_dynamic,7,36,79,0.7,79,74,5,0.9367088607594937,134,79,55,0.5895522388059702,"{""all_atoms_connected"":0,""bond_angles"":6,""bond_lengths"":1,""bonds"":0,""double_bond_stereochemistry"":0,""energy_ratio"":14,""file_loads"":0,""inchi_convertible"":0,""internal_steric_clash"":54,""molecular_formula"":0,""no_radicals"":0,""planar_aromatic_rings"":0,""planar_double_bonds"":0,""reference_file_loads"":0,""sanitisation"":0,""tetrahedral_chirality"":0}","{""all_atoms_connected"":0.0,""bond_angles"":0.04477611940298507,""bond_lengths"":0.007462686567164179,""bonds"":0.0,""double_bond_stereochemistry"":0.0,""energy_ratio"":0.1044776119402985,""file_loads"":0.0,""inchi_convertible"":0.0,""internal_steric_clash"":0.40298507462686567,""molecular_formula"":0.0,""no_radicals"":0.0,""planar_aromatic_rings"":0.0,""planar_double_bonds"":0.0,""reference_file_loads"":0.0,""sanitisation"":0.0,""tetrahedral_chirality"":0.0}",79,92.64601256069786,2.2543896596318542,2.899614101432886,79.0,100.0,0.9999999999999994,0.012658227848101266,78.99999999999979,0.012658227848101273,1.0,65.0,82.27848101265823,0.9847022760046272,0.0379746835443038,60.97894530092332,0.01778561128024355,0.8153846153846154,9.0,11.39240506329114,0.83778697432607,0.25316455696202533,6.30161613939131,0.18282326550232336,0.2222222222222222,3.0,3.7974683544303796,0.6579223260331588,0.6708860759493671,2.0601968827171975,0.5430219516103189,0.0,79,5.577423582012258,57393.05445986447,38.009595775118285,6410.761106640991,1.3495341154709062,2.0575020242326745,0.0,0.0,0.0,1.0,1.2907953671053336,2.0436696655986055,0.0,0.0,0.0,1.0,994,0,0,0,0,0,134,0,0,0,0,79,134,134,core
1mq6_1mq6_conf0,generation,qwen_4b_bigdata_step110000,chembl_count,4b_bigdata_step110000,qwen_4b_bigdata_step110000_chembl_count,Qwen 4B bigdata (step 110000),qwen_4b_bigdata_step110000_chembl_count,7,36,9,0.7,9,9,0,1.0,12,9,3,0.75,"{""all_atoms_connected"":0,""bond_angles"":0,""bond_lengths"":0,""bonds"":0,""double_bond_stereochemistry"":0,""energy_ratio"":0,""file_loads"":0,""inchi_convertible"":0,""internal_steric_clash"":3,""molecular_formula"":0,""no_radicals"":0,""planar_aromatic_rings"":0,""planar_double_bonds"":0,""reference_file_loads"":0,""sanitisation"":0,""tetrahedral_chirality"":0}","{""all_atoms_connected"":0.0,""bond_angles"":0.0,""bond_lengths"":0.0,""bonds"":0.0,""double_bond_stereochemistry"":0.0,""energy_ratio"":0.0,""file_loads"":0.0,""inchi_convertible"":0.0,""internal_steric_clash"":0.25,""molecular_formula"":0.0,""no_radicals"":0.0,""planar_aromatic_rings"":0.0,""planar_double_bonds"":0.0,""reference_file_loads"":0.0,""sanitisation"":0.0,""tetrahedral_chirality"":0.0}",9,90.09332739091374,2.173836180684136,2.710588236007636,9.0,100.0,1.0,0.1111111111111111,9.000000000000002,0.1111111111111111,1.0,9.0,100.0,1.0,0.1111111111111111,9.000000000000002,0.1111111111111111,1.0,4.0,44.44444444444444,0.9455305560363264,0.3333333333333333,3.709079297755367,0.2839506172839506,0.25,2.0,22.22222222222222,0.5032583347756457,0.8888888888888888,1.4174111811317323,0.8024691358024691,0.5,9,26.54613839366165,68.65814934888014,44.297344588616895,13.311951798694247,1.9026455176162997,2.2102628821756847,0.0,0.0,0.0,1.0,1.857460956160833,2.1935025542797115,0.0,0.0,0.0,1.0,994,0,0,0,0,0,12,0,0,0,0,9,12,12,core
1nc3_1nc3_conf0,generation,qwen_4b_bigdata_step110000,fixed,4b_bigdata_step110000,qwen_4b_bigdata_step110000_fixed,Qwen 4B bigdata (step 110000),qwen_4b_bigdata_step110000_fixed,6,19,0,0.7,0,0,0,,1000,0,1000,0.0,"{""all_atoms_connected"":0,""bond_angles"":13,""bond_lengths"":6,""bonds"":0,""double_bond_stereochemistry"":0,""energy_ratio"":3,""file_loads"":0,""inchi_convertible"":0,""internal_steric_clash"":5,""molecular_formula"":0,""no_radicals"":0,""planar_aromatic_rings"":2,""planar_double_bonds"":0,""reference_file_loads"":0,""sanitisation"":0,""tetrahedral_chirality"":1000}","{""all_atoms_connected"":0.0,""bond_angles"":0.013,""bond_lengths"":0.006,""bonds"":0.0,""double_bond_stereochemistry"":0.0,""energy_ratio"":0.003,""file_loads"":0.0,""inchi_convertible"":0.0,""internal_steric_clash"":0.005,""molecular_formula"":0.0,""no_radicals"":0.0,""planar_aromatic_rings"":0.002,""planar_double_bonds"":0.0,""reference_file_loads"":0.0,""sanitisation"":0.0,""tetrahedral_chirality"":1.0}",0,,,,,,,,,,,,,,,,,,,,,,,,,,,,,,,,0,,,,,,,,,,,,,,,,,1000,0,0,0,0,0,1000,0,0,0,0,0,1000,1000,core
1nc3_1nc3_conf0,generation,qwen_4b_bigdata_step110000,dynamic,4b_bigdata_step110000,qwen_4b_bigdata_step110000_dynamic,Qwen 4B bigdata (step 110000),qwen_4b_bigdata_step110000_dynamic,6,19,0,0.7,0,0,0,,112,0,112,0.0,"{""all_atoms_connected"":0,""bond_angles"":0,""bond_lengths"":0,""bonds"":0,""double_bond_stereochemistry"":0,""energy_ratio"":0,""file_loads"":0,""inchi_convertible"":0,""internal_steric_clash"":0,""molecular_formula"":0,""no_radicals"":0,""planar_aromatic_rings"":0,""planar_double_bonds"":0,""reference_file_loads"":0,""sanitisation"":0,""tetrahedral_chirality"":112}","{""all_atoms_connected"":0.0,""bond_angles"":0.0,""bond_lengths"":0.0,""bonds"":0.0,""double_bond_stereochemistry"":0.0,""energy_ratio"":0.0,""file_loads"":0.0,""inchi_convertible"":0.0,""internal_steric_clash"":0.0,""molecular_formula"":0.0,""no_radicals"":0.0,""planar_aromatic_rings"":0.0,""planar_double_bonds"":0.0,""reference_file_loads"":0.0,""sanitisation"":0.0,""tetrahedral_chirality"":1.0}",0,,,,,,,,,,,,,,,,,,,,,,,,,,,,,,,,0,,,,,,,,,,,,,,,,,1000,0,0,0,0,0,112,0,0,0,0,0,112,112,core
1nc3_1nc3_conf0,generation,qwen_4b_bigdata_step110000,chembl_count,4b_bigdata_step110000,qwen_4b_bigdata_step110000_chembl_count,Qwen 4B bigdata (step 110000),qwen_4b_bigdata_step110000_chembl_count,6,19,0,0.7,0,0,0,,1000,0,1000,0.0,"{""all_atoms_connected"":0,""bond_angles"":13,""bond_lengths"":6,""bonds"":0,""double_bond_stereochemistry"":0,""energy_ratio"":3,""file_loads"":0,""inchi_convertible"":0,""internal_steric_clash"":5,""molecular_formula"":0,""no_radicals"":0,""planar_aromatic_rings"":2,""planar_double_bonds"":0,""reference_file_loads"":0,""sanitisation"":0,""tetrahedral_chirality"":1000}","{""all_atoms_connected"":0.0,""bond_angles"":0.013,""bond_lengths"":0.006,""bonds"":0.0,""double_bond_stereochemistry"":0.0,""energy_ratio"":0.003,""file_loads"":0.0,""inchi_convertible"":0.0,""internal_steric_clash"":0.005,""molecular_formula"":0.0,""no_radicals"":0.0,""planar_aromatic_rings"":0.002,""planar_double_bonds"":0.0,""reference_file_loads"":0.0,""sanitisation"":0.0,""tetrahedral_chirality"":1.0}",0,,,,,,,,,,,,,,,,,,,,,,,,,,,,,,,,0,,,,,,,,,,,,,,,,,1000,0,0,0,0,0,1000,0,0,0,0,0,1567,1567,core
1o3f_1o3f_conf0,generation,qwen_4b_bigdata_step110000,fixed,4b_bigdata_step110000,qwen_4b_bigdata_step110000_fixed,Qwen 4B bigdata (step 110000),qwen_4b_bigdata_step110000_fixed,4,25,997,0.7,997,997,0,1.0,1000,997,3,0.997,"{""all_atoms_connected"":0,""bond_angles"":2,""bond_lengths"":0,""bonds"":0,""double_bond_stereochemistry"":0,""energy_ratio"":1,""file_loads"":0,""inchi_convertible"":0,""internal_steric_clash"":3,""molecular_formula"":0,""no_radicals"":0,""planar_aromatic_rings"":1,""planar_double_bonds"":0,""reference_file_loads"":0,""sanitisation"":0,""tetrahedral_chirality"":0}","{""all_atoms_connected"":0.0,""bond_angles"":0.002,""bond_lengths"":0.0,""bonds"":0.0,""double_bond_stereochemistry"":0.0,""energy_ratio"":0.001,""file_loads"":0.0,""inchi_convertible"":0.0,""internal_steric_clash"":0.003,""molecular_formula"":0.0,""no_radicals"":0.0,""planar_aromatic_rings"":0.001,""planar_double_bonds"":0.0,""reference_file_loads"":0.0,""sanitisation"":0.0,""tetrahedral_chirality"":0.0}",997,108.76594156636854,0.9980401037923315,1.43746380325612,59.0,5.917753259779338,0.8544776129409665,0.08224674022066199,32.595181208151466,0.03909119535134995,0.15254237288135594,3.0,0.30090270812437314,0.9860982129525827,0.40722166499498497,2.9545300851760286,0.34351902246357935,0.0,1.0,0.10030090270812438,0.0,1.0,1.0,1.0,0.0,1.0,0.10030090270812438,0.0,1.0,1.0,1.0,0.0,997,72.18918465761226,204.2014096730543,83.00250841427403,8.842653174674288,0.19512994873803205,0.9501947116176229,1.0,1.0,1.0,1.0,0.19445581724786293,0.9382889934657961,1.0,1.0,1.0,1.0,1000,0,0,0,0,0,1000,0,0,0,0,997,1000,1000,core
1o3f_1o3f_conf0,generation,qwen_4b_bigdata_step110000,dynamic,4b_bigdata_step110000,qwen_4b_bigdata_step110000_dynamic,Qwen 4B bigdata (step 110000),qwen_4b_bigdata_step110000_dynamic,4,25,68,0.7,68,68,0,1.0,68,68,0,1.0,"{""all_atoms_connected"":0,""bond_angles"":0,""bond_lengths"":0,""bonds"":0,""double_bond_stereochemistry"":0,""energy_ratio"":0,""file_loads"":0,""inchi_convertible"":0,""internal_steric_clash"":0,""molecular_formula"":0,""no_radicals"":0,""planar_aromatic_rings"":0,""planar_double_bonds"":0,""reference_file_loads"":0,""sanitisation"":0,""tetrahedral_chirality"":0}","{""all_atoms_connected"":0.0,""bond_angles"":0.0,""bond_lengths"":0.0,""bonds"":0.0,""double_bond_stereochemistry"":0.0,""energy_ratio"":0.0,""file_loads"":0.0,""inchi_convertible"":0.0,""internal_steric_clash"":0.0,""molecular_formula"":0.0,""no_radicals"":0.0,""planar_aromatic_rings"":0.0,""planar_double_bonds"":0.0,""reference_file_loads"":0.0,""sanitisation"":0.0,""tetrahedral_chirality"":0.0}",68,105.25041825741361,1.0322794834234168,1.4431463891682639,23.0,33.8235294117647,0.931175046119036,0.10294117647058823,18.535614158523476,0.06314878892733565,0.30434782608695654,3.0,4.411764705882353,0.9849255798817971,0.38235294117647056,2.950726306029007,0.3438581314878893,0.0,1.0,1.4705882352941178,0.0,1.0,1.0,1.0,0.0,1.0,1.4705882352941178,0.0,1.0,1.0,1.0,0.0,68,72.43724333374706,122.7665776136411,82.23438885749451,8.916011304835596,0.28063266094664846,0.9738610949319972,0.0,1.0,1.0,1.0,0.2788152383378072,0.9645405991777377,0.0,1.0,1.0,1.0,1000,0,0,0,0,0,68,0,0,0,0,68,68,68,core
1o3f_1o3f_conf0,generation,qwen_4b_bigdata_step110000,chembl_count,4b_bigdata_step110000,qwen_4b_bigdata_step110000_chembl_count,Qwen 4B bigdata (step 110000),qwen_4b_bigdata_step110000_chembl_count,4,25,31,0.7,31,31,0,1.0,31,31,0,1.0,"{""all_atoms_connected"":0,""bond_angles"":0,""bond_lengths"":0,""bonds"":0,""double_bond_stereochemistry"":0,""energy_ratio"":0,""file_loads"":0,""inchi_convertible"":0,""internal_steric_clash"":0,""molecular_formula"":0,""no_radicals"":0,""planar_aromatic_rings"":0,""planar_double_bonds"":0,""reference_file_loads"":0,""sanitisation"":0,""tetrahedral_chirality"":0}","{""all_atoms_connected"":0.0,""bond_angles"":0.0,""bond_lengths"":0.0,""bonds"":0.0,""double_bond_stereochemistry"":0.0,""energy_ratio"":0.0,""file_loads"":0.0,""inchi_convertible"":0.0,""internal_steric_clash"":0.0,""molecular_formula"":0.0,""no_radicals"":0.0,""planar_aromatic_rings"":0.0,""planar_double_bonds"":0.0,""reference_file_loads"":0.0,""sanitisation"":0.0,""tetrahedral_chirality"":0.0}",31,96.17701157938374,1.0331972441456614,1.4579366607235325,15.0,48.38709677419355,0.9561737081405514,0.12903225806451613,13.321328569838574,0.0822060353798127,0.4,4.0,12.903225806451612,0.9338820147022991,0.3548387096774194,3.649664957564305,0.29032258064516137,0.0,1.0,3.225806451612903,0.0,1.0,1.0,1.0,0.0,1.0,3.225806451612903,0.0,1.0,1.0,1.0,0.0,31,72.43724333374706,204.2014096730543,83.5641919563216,22.53604650786825,0.43419833763564963,1.220218842849783,0.0,1.0,1.0,1.0,0.42856568404661555,1.2262810260682397,0.0,1.0,1.0,1.0,1000,0,0,0,0,0,31,0,0,0,0,31,31,31,core
1o5b_1o5b_conf0,generation,qwen_4b_bigdata_step110000,fixed,4b_bigdata_step110000,qwen_4b_bigdata_step110000_fixed,Qwen 4B bigdata (step 110000),qwen_4b_bigdata_step110000_fixed,1,13,998,0.7,998,998,0,1.0,1000,998,2,0.998,"{""all_atoms_connected"":0,""bond_angles"":1,""bond_lengths"":1,""bonds"":0,""double_bond_stereochemistry"":0,""energy_ratio"":0,""file_loads"":0,""inchi_convertible"":0,""internal_steric_clash"":0,""molecular_formula"":0,""no_radicals"":0,""planar_aromatic_rings"":1,""planar_double_bonds"":0,""reference_file_loads"":0,""sanitisation"":0,""tetrahedral_chirality"":0}","{""all_atoms_connected"":0.0,""bond_angles"":0.001,""bond_lengths"":0.001,""bonds"":0.0,""double_bond_stereochemistry"":0.0,""energy_ratio"":0.0,""file_loads"":0.0,""inchi_convertible"":0.0,""internal_steric_clash"":0.0,""molecular_formula"":0.0,""no_radicals"":0.0,""planar_aromatic_rings"":0.001,""planar_double_bonds"":0.0,""reference_file_loads"":0.0,""sanitisation"":0.0,""tetrahedral_chirality"":0.0}",998,113.15732410838633,0.26143747326957256,0.4571144543418735,3.0,0.30060120240480964,0.48817833639358926,0.781563126252505,1.7097013727129107,0.6576881217344508,0.0,1.0,0.10020040080160321,0.0,1.0,1.0,1.0,0.0,1.0,0.10020040080160321,0.0,1.0,1.0,1.0,0.0,1.0,0.10020040080160321,0.0,1.0,1.0,1.0,0.0,998,27.391765599958212,300.5957423928737,38.92094310387131,12.804557131484028,0.06809985842894334,0.18921521387213214,1.0,1.0,1.0,1.0,0.09894715065463722,0.2216774046237866,1.0,1.0,1.0,1.0,1000,0,0,0,0,0,1000,0,0,0,0,998,1000,1000,core
1o5b_1o5b_conf0,generation,qwen_4b_bigdata_step110000,dynamic,4b_bigdata_step110000,qwen_4b_bigdata_step110000_dynamic,Qwen 4B bigdata (step 110000),qwen_4b_bigdata_step110000_dynamic,1,13,2,0.7,2,2,0,1.0,2,2,0,1.0,"{""all_atoms_connected"":0,""bond_angles"":0,""bond_lengths"":0,""bonds"":0,""double_bond_stereochemistry"":0,""energy_ratio"":0,""file_loads"":0,""inchi_convertible"":0,""internal_steric_clash"":0,""molecular_formula"":0,""no_radicals"":0,""planar_aromatic_rings"":0,""planar_double_bonds"":0,""reference_file_loads"":0,""sanitisation"":0,""tetrahedral_chirality"":0}","{""all_atoms_connected"":0.0,""bond_angles"":0.0,""bond_lengths"":0.0,""bonds"":0.0,""double_bond_stereochemistry"":0.0,""energy_ratio"":0.0,""file_loads"":0.0,""inchi_convertible"":0.0,""internal_steric_clash"":0.0,""molecular_formula"":0.0,""no_radicals"":0.0,""planar_aromatic_rings"":0.0,""planar_double_bonds"":0.0,""reference_file_loads"":0.0,""sanitisation"":0.0,""tetrahedral_chirality"":0.0}",2,152.66501368315147,0.36458291100827983,0.36458291100827983,1.0,50.0,0.0,1.0,1.0,1.0,0.0,1.0,50.0,0.0,1.0,1.0,1.0,0.0,1.0,50.0,0.0,1.0,1.0,1.0,0.0,1.0,50.0,0.0,1.0,1.0,1.0,0.0,2,39.11924020839676,39.868201826493426,39.4937210174451,0.3744808090483325,0.14312620016746683,0.22526354402345494,1.0,1.0,1.0,1.0,0.15169628316974199,0.22555653997756764,1.0,1.0,1.0,1.0,1000,0,0,0,0,0,2,0,0,0,0,2,2,2,core
1o5b_1o5b_conf0,generation,qwen_4b_bigdata_step110000,chembl_count,4b_bigdata_step110000,qwen_4b_bigdata_step110000_chembl_count,Qwen 4B bigdata (step 110000),qwen_4b_bigdata_step110000_chembl_count,1,13,1,0.7,1,1,0,1.0,1,1,0,1.0,"{""all_atoms_connected"":0,""bond_angles"":0,""bond_lengths"":0,""bonds"":0,""double_bond_stereochemistry"":0,""energy_ratio"":0,""file_loads"":0,""inchi_convertible"":0,""internal_steric_clash"":0,""molecular_formula"":0,""no_radicals"":0,""planar_aromatic_rings"":0,""planar_double_bonds"":0,""reference_file_loads"":0,""sanitisation"":0,""tetrahedral_chirality"":0}","{""all_atoms_connected"":0.0,""bond_angles"":0.0,""bond_lengths"":0.0,""bonds"":0.0,""double_bond_stereochemistry"":0.0,""energy_ratio"":0.0,""file_loads"":0.0,""inchi_convertible"":0.0,""internal_steric_clash"":0.0,""molecular_formula"":0.0,""no_radicals"":0.0,""planar_aromatic_rings"":0.0,""planar_double_bonds"":0.0,""reference_file_loads"":0.0,""sanitisation"":0.0,""tetrahedral_chirality"":0.0}",1,0.0,,,1.0,100.0,0.0,1.0,1.0,1.0,1.0,1.0,100.0,0.0,1.0,1.0,1.0,1.0,1.0,100.0,0.0,1.0,1.0,1.0,1.0,1.0,100.0,0.0,1.0,1.0,1.0,1.0,1,39.66546586141134,39.66546586141134,39.66546586141134,0.0,0.18000811498944158,0.18000811498944158,1.0,1.0,1.0,1.0,0.21603574002154535,0.21603574002154535,1.0,1.0,1.0,1.0,1000,0,0,0,0,0,1,0,0,0,0,1,1,1,core
1owh_1owh_conf0,generation,qwen_4b_bigdata_step110000,fixed,4b_bigdata_step110000,qwen_4b_bigdata_step110000_fixed,Qwen 4B bigdata (step 110000),qwen_4b_bigdata_step110000_fixed,5,24,996,0.7,996,996,0,1.0,999,996,3,0.996996996996997,"{""all_atoms_connected"":0,""bond_angles"":2,""bond_lengths"":0,""bonds"":0,""double_bond_stereochemistry"":0,""energy_ratio"":1,""file_loads"":0,""inchi_convertible"":0,""internal_steric_clash"":2,""molecular_formula"":0,""no_radicals"":0,""planar_aromatic_rings"":2,""planar_double_bonds"":0,""reference_file_loads"":0,""sanitisation"":0,""tetrahedral_chirality"":0}","{""all_atoms_connected"":0.0,""bond_angles"":0.002002002002002002,""bond_lengths"":0.0,""bonds"":0.0,""double_bond_stereochemistry"":0.0,""energy_ratio"":0.001001001001001001,""file_loads"":0.0,""inchi_convertible"":0.0,""internal_steric_clash"":0.002002002002002002,""molecular_formula"":0.0,""no_radicals"":0.0,""planar_aromatic_rings"":0.002002002002002002,""planar_double_bonds"":0.0,""reference_file_loads"":0.0,""sanitisation"":0.0,""tetrahedral_chirality"":0.0}",996,119.9340209842231,1.0078939397466244,1.371947597813459,119.0,11.947791164658634,0.8847311660811489,0.05220883534136546,68.5963619760433,0.019790003387042156,0.3025210084033613,11.0,1.104417670682731,0.6560191757349247,0.3453815261044177,4.8214045226687485,0.24913106240221933,0.09090909090909091,1.0,0.10040160642570281,0.0,1.0,1.0,1.0,0.0,1.0,0.10040160642570281,0.0,1.0,1.0,1.0,0.0,996,89.12013151360227,258.9338795487737,102.77162837880165,10.006526967881316,0.19264009585302516,1.012319029071334,1.0,1.0,1.0,1.0,0.2057065689306624,0.954742521444045,1.0,1.0,1.0,1.0,999,0,0,0,0,0,999,0,0,0,0,996,1000,1000,core
1owh_1owh_conf0,generation,qwen_4b_bigdata_step110000,dynamic,4b_bigdata_step110000,qwen_4b_bigdata_step110000_dynamic,Qwen 4B bigdata (step 110000),qwen_4b_bigdata_step110000_dynamic,5,24,90,0.7,90,90,0,1.0,90,90,0,1.0,"{""all_atoms_connected"":0,""bond_angles"":0,""bond_lengths"":0,""bonds"":0,""double_bond_stereochemistry"":0,""energy_ratio"":0,""file_loads"":0,""inchi_convertible"":0,""internal_steric_clash"":0,""molecular_formula"":0,""no_radicals"":0,""planar_aromatic_rings"":0,""planar_double_bonds"":0,""reference_file_loads"":0,""sanitisation"":0,""tetrahedral_chirality"":0}","{""all_atoms_connected"":0.0,""bond_angles"":0.0,""bond_lengths"":0.0,""bonds"":0.0,""double_bond_stereochemistry"":0.0,""energy_ratio"":0.0,""file_loads"":0.0,""inchi_convertible"":0.0,""internal_steric_clash"":0.0,""molecular_formula"":0.0,""no_radicals"":0.0,""planar_aromatic_rings"":0.0,""planar_double_bonds"":0.0,""reference_file_loads"":0.0,""sanitisation"":0.0,""tetrahedral_chirality"":0.0}",90,115.53340405272384,1.00190019212174,1.357780160491607,35.0,38.888888888888886,0.9393159809038842,0.08888888888888889,28.207707376722503,0.04222222222222221,0.4,5.0,5.555555555555555,0.8496252852942431,0.4,3.925207223022272,0.2787654320987654,0.2,1.0,1.1111111111111112,0.0,1.0,1.0,1.0,0.0,1.0,1.1111111111111112,0.0,1.0,1.0,1.0,0.0,90,89.68493666783618,125.40666989485345,102.68764310474876,6.845503860588239,0.28887217841481877,1.0441783857536386,0.0,1.0,1.0,1.0,0.38776325038633797,0.9859638241610201,0.0,1.0,1.0,1.0,999,0,0,0,0,0,90,0,0,0,0,90,90,90,core
1owh_1owh_conf0,generation,qwen_4b_bigdata_step110000,chembl_count,4b_bigdata_step110000,qwen_4b_bigdata_step110000_chembl_count,Qwen 4B bigdata (step 110000),qwen_4b_bigdata_step110000_chembl_count,5,24,12,0.7,12,12,0,1.0,12,12,0,1.0,"{""all_atoms_connected"":0,""bond_angles"":0,""bond_lengths"":0,""bonds"":0,""double_bond_stereochemistry"":0,""energy_ratio"":0,""file_loads"":0,""inchi_convertible"":0,""internal_steric_clash"":0,""molecular_formula"":0,""no_radicals"":0,""planar_aromatic_rings"":0,""planar_double_bonds"":0,""reference_file_loads"":0,""sanitisation"":0,""tetrahedral_chirality"":0}","{""all_atoms_connected"":0.0,""bond_angles"":0.0,""bond_lengths"":0.0,""bonds"":0.0,""double_bond_stereochemistry"":0.0,""energy_ratio"":0.0,""file_loads"":0.0,""inchi_convertible"":0.0,""internal_steric_clash"":0.0,""molecular_formula"":0.0,""no_radicals"":0.0,""planar_aromatic_rings"":0.0,""planar_double_bonds"":0.0,""reference_file_loads"":0.0,""sanitisation"":0.0,""tetrahedral_chirality"":0.0}",12,119.60888184775517,0.9928904859223623,1.3471902173420904,11.0,91.66666666666667,0.9881090915741206,0.16666666666666666,10.690784617684074,0.09722222222222224,0.9090909090909091,3.0,25.0,0.9206198357143047,0.5,2.749459273997205,0.3888888888888889,0.0,1.0,8.333333333333334,0.0,1.0,1.0,1.0,0.0,1.0,8.333333333333334,0.0,1.0,1.0,1.0,0.0,12,94.54412100261507,115.39347027941959,107.9712603736757,7.203520352617133,0.3383381692878837,0.8532433719494743,0.0,1.0,1.0,1.0,0.5253226851302621,0.8878051571193382,0.0,0.0,1.0,1.0,999,0,0,0,0,0,12,0,0,0,0,12,12,12,core
1p1n_1p1n_conf0,generation,qwen_4b_bigdata_step110000,fixed,4b_bigdata_step110000,qwen_4b_bigdata_step110000_fixed,Qwen 4B bigdata (step 110000),qwen_4b_bigdata_step110000_fixed,4,15,622,0.7,622,600,22,0.9646302250803859,996,622,374,0.6244979919678715,"{""all_atoms_connected"":0,""bond_angles"":127,""bond_lengths"":26,""bonds"":0,""double_bond_stereochemistry"":0,""energy_ratio"":116,""file_loads"":0,""inchi_convertible"":0,""internal_steric_clash"":224,""molecular_formula"":0,""no_radicals"":0,""planar_aromatic_rings"":0,""planar_double_bonds"":0,""reference_file_loads"":0,""sanitisation"":0,""tetrahedral_chirality"":182}","{""all_atoms_connected"":0.0,""bond_angles"":0.12751004016064257,""bond_lengths"":0.02610441767068273,""bonds"":0.0,""double_bond_stereochemistry"":0.0,""energy_ratio"":0.11646586345381527,""file_loads"":0.0,""inchi_convertible"":0.0,""internal_steric_clash"":0.2248995983935743,""molecular_formula"":0.0,""no_radicals"":0.0,""planar_aromatic_rings"":0.0,""planar_double_bonds"":0.0,""reference_file_loads"":0.0,""sanitisation"":0.0,""tetrahedral_chirality"":0.1827309236947791}",622,111.33620577774477,1.2315549878745367,1.637547761164871,227.0,36.4951768488746,0.9376042294588354,0.03054662379421222,161.81538408781694,0.00856070553447545,0.44052863436123346,19.0,3.054662379421222,0.8693383454932498,0.12218649517684887,12.932114457645113,0.08982020450574332,0.05263157894736842,1.0,0.1607717041800643,0.0,1.0,1.0,1.0,0.0,1.0,0.1607717041800643,0.0,1.0,1.0,1.0,0.0,622,-50.45707520380543,108856.60712784817,-0.8923568655942251,4392.162152083519,0.26316037728416597,1.218809244360478,0.0,1.0,1.0,1.0,0.19680859929920874,1.2058326635190737,1.0,1.0,1.0,1.0,996,0,0,0,0,0,996,0,0,0,0,622,1000,1000,core
1p1n_1p1n_conf0,generation,qwen_4b_bigdata_step110000,dynamic,4b_bigdata_step110000,qwen_4b_bigdata_step110000_dynamic,Qwen 4B bigdata (step 110000),qwen_4b_bigdata_step110000_dynamic,4,15,38,0.7,38,37,1,0.9736842105263158,68,38,30,0.5588235294117647,"{""all_atoms_connected"":0,""bond_angles"":5,""bond_lengths"":0,""bonds"":0,""double_bond_stereochemistry"":0,""energy_ratio"":9,""file_loads"":0,""inchi_convertible"":0,""internal_steric_clash"":18,""molecular_formula"":0,""no_radicals"":0,""planar_aromatic_rings"":0,""planar_double_bonds"":0,""reference_file_loads"":0,""sanitisation"":0,""tetrahedral_chirality"":14}","{""all_atoms_connected"":0.0,""bond_angles"":0.07352941176470588,""bond_lengths"":0.0,""bonds"":0.0,""double_bond_stereochemistry"":0.0,""energy_ratio"":0.1323529411764706,""file_loads"":0.0,""inchi_convertible"":0.0,""internal_steric_clash"":0.2647058823529412,""molecular_formula"":0.0,""no_radicals"":0.0,""planar_aromatic_rings"":0.0,""planar_double_bonds"":0.0,""reference_file_loads"":0.0,""sanitisation"":0.0,""tetrahedral_chirality"":0.20588235294117646}",38,113.02187568854848,1.3243653335651775,1.7784431375796061,33.0,86.84210526315789,0.988180047149192,0.05263157894736842,31.6639562431447,0.03324099722991689,0.8484848484848485,8.0,21.05263157894737,0.9287050042914173,0.3157894736842105,6.897698228584972,0.1717451523545706,0.0,2.0,5.2631578947368425,0.7897492536625224,0.7631578947368421,1.7287739684700894,0.6385041551246537,0.0,1.0,2.6315789473684212,0.0,1.0,1.0,1.0,0.0,38,-41.559932226365405,102.29560442190984,4.238246204624996,31.228541125194788,0.2819746939666956,1.2896402575833195,0.0,1.0,1.0,1.0,0.19680859929920874,1.2642766851201725,1.0,1.0,1.0,1.0,996,0,0,0,0,0,68,0,0,0,0,38,68,68,core
1p1n_1p1n_conf0,generation,qwen_4b_bigdata_step110000,chembl_count,4b_bigdata_step110000,qwen_4b_bigdata_step110000_chembl_count,Qwen 4B bigdata (step 110000),qwen_4b_bigdata_step110000_chembl_count,4,15,14,0.7,14,13,1,0.9285714285714286,23,14,9,0.6086956521739131,"{""all_atoms_connected"":0,""bond_angles"":3,""bond_lengths"":1,""bonds"":0,""double_bond_stereochemistry"":0,""energy_ratio"":4,""file_loads"":0,""inchi_convertible"":0,""internal_steric_clash"":8,""molecular_formula"":0,""no_radicals"":0,""planar_aromatic_rings"":0,""planar_double_bonds"":0,""reference_file_loads"":0,""sanitisation"":0,""tetrahedral_chirality"":3}","{""all_atoms_connected"":0.0,""bond_angles"":0.13043478260869565,""bond_lengths"":0.043478260869565216,""bonds"":0.0,""double_bond_stereochemistry"":0.0,""energy_ratio"":0.17391304347826086,""file_loads"":0.0,""inchi_convertible"":0.0,""internal_steric_clash"":0.34782608695652173,""molecular_formula"":0.0,""no_radicals"":0.0,""planar_aromatic_rings"":0.0,""planar_double_bonds"":0.0,""reference_file_loads"":0.0,""sanitisation"":0.0,""tetrahedral_chirality"":0.13043478260869565}",14,98.97150977726585,1.1879112016144477,1.6296523910769052,13.0,92.85714285714286,0.9902871167541443,0.14285714285714285,12.680131299694686,0.0816326530612245,0.9230769230769231,6.0,42.857142857142854,0.9337851376692216,0.2857142857142857,5.328758917915537,0.20408163265306123,0.3333333333333333,1.0,7.142857142857143,0.0,1.0,1.0,1.0,0.0,1.0,7.142857142857143,0.0,1.0,1.0,1.0,0.0,14,-21.94270943671866,356.21512129068776,6.093190963277003,92.2679265044702,0.3928516422143822,1.1303986250755704,0.0,1.0,1.0,1.0,0.3660603716816446,1.111679096809029,0.0,1.0,1.0,1.0,996,0,0,0,0,0,23,0,0,0,0,14,23,23,core
1pxn_1pxn_conf0,generation,qwen_4b_bigdata_step110000,fixed,4b_bigdata_step110000,qwen_4b_bigdata_step110000_fixed,Qwen 4B bigdata (step 110000),qwen_4b_bigdata_step110000_fixed,5,22,993,0.7,993,993,0,1.0,999,993,6,0.993993993993994,"{""all_atoms_connected"":0,""bond_angles"":4,""bond_lengths"":5,""bonds"":0,""double_bond_stereochemistry"":0,""energy_ratio"":1,""file_loads"":0,""inchi_convertible"":0,""internal_steric_clash"":2,""molecular_formula"":0,""no_radicals"":0,""planar_aromatic_rings"":1,""planar_double_bonds"":0,""reference_file_loads"":0,""sanitisation"":0,""tetrahedral_chirality"":0}","{""all_atoms_connected"":0.0,""bond_angles"":0.004004004004004004,""bond_lengths"":0.005005005005005005,""bonds"":0.0,""double_bond_stereochemistry"":0.0,""energy_ratio"":0.001001001001001001,""file_loads"":0.0,""inchi_convertible"":0.0,""internal_steric_clash"":0.002002002002002002,""molecular_formula"":0.0,""no_radicals"":0.0,""planar_aromatic_rings"":0.001001001001001001,""planar_double_bonds"":0.0,""reference_file_loads"":0.0,""sanitisation"":0.0,""tetrahedral_chirality"":0.0}",993,115.93931249882031,1.3617139867634316,1.90948918116947,196.0,19.73816717019134,0.890181290526063,0.10976837865055387,109.78006101317315,0.020361057107709656,0.2602040816326531,18.0,1.8126888217522659,0.78368511637786,0.351460221550856,9.632485839695601,0.1638569685684991,0.05555555555555555,2.0,0.2014098690835851,0.902443607040723,0.6817724068479355,1.8692293653448886,0.5660824157825828,0.0,1.0,0.10070493454179255,0.0,1.0,1.0,1.0,0.0,993,-10.46967747032857,267.7813603387324,8.026433573754886,14.357816443791924,0.18655495717407797,1.354322731416307,1.0,1.0,1.0,1.0,0.12299896767282718,1.3112327118527738,1.0,1.0,1.0,1.0,999,0,0,0,0,0,999,0,0,0,0,993,1000,1000,core
1pxn_1pxn_conf0,generation,qwen_4b_bigdata_step110000,dynamic,4b_bigdata_step110000,qwen_4b_bigdata_step110000_dynamic,Qwen 4B bigdata (step 110000),qwen_4b_bigdata_step110000_dynamic,5,22,88,0.7,88,88,0,1.0,90,88,2,0.9777777777777776,"{""all_atoms_connected"":0,""bond_angles"":1,""bond_lengths"":1,""bonds"":0,""double_bond_stereochemistry"":0,""energy_ratio"":0,""file_loads"":0,""inchi_convertible"":0,""internal_steric_clash"":0,""molecular_formula"":0,""no_radicals"":0,""planar_aromatic_rings"":0,""planar_double_bonds"":0,""reference_file_loads"":0,""sanitisation"":0,""tetrahedral_chirality"":0}","{""all_atoms_connected"":0.0,""bond_angles"":0.011111111111111112,""bond_lengths"":0.011111111111111112,""bonds"":0.0,""double_bond_stereochemistry"":0.0,""energy_ratio"":0.0,""file_loads"":0.0,""inchi_convertible"":0.0,""internal_steric_clash"":0.0,""molecular_formula"":0.0,""no_radicals"":0.0,""planar_aromatic_rings"":0.0,""planar_double_bonds"":0.0,""reference_file_loads"":0.0,""sanitisation"":0.0,""tetrahedral_chirality"":0.0}",88,115.70587164314894,1.3999877310076247,1.988914494195637,51.0,57.95454545454545,0.9549414046115171,0.06818181818181818,42.71982475221361,0.028409090909090905,0.5882352941176471,12.0,13.636363636363637,0.8617587465050713,0.25,8.511260399803865,0.14514462809917356,0.16666666666666666,2.0,2.272727272727273,0.7080803256135679,0.8068181818181818,1.63362893601826,0.6882747933884297,0.0,1.0,1.1363636363636365,0.0,1.0,1.0,1.0,0.0,88,-5.2687974978907555,98.95895717826855,8.914700094841404,15.261528653592515,0.39438572199793986,1.414499673662995,0.0,1.0,1.0,1.0,0.34869019634642834,1.3320545144102343,0.0,1.0,1.0,1.0,999,0,0,0,0,0,90,0,0,0,0,88,90,90,core
1pxn_1pxn_conf0,generation,qwen_4b_bigdata_step110000,chembl_count,4b_bigdata_step110000,qwen_4b_bigdata_step110000_chembl_count,Qwen 4B bigdata (step 110000),qwen_4b_bigdata_step110000_chembl_count,5,22,199,0.7,199,199,0,1.0,200,199,1,0.995,"{""all_atoms_connected"":0,""bond_angles"":0,""bond_lengths"":1,""bonds"":0,""double_bond_stereochemistry"":0,""energy_ratio"":0,""file_loads"":0,""inchi_convertible"":0,""internal_steric_clash"":0,""molecular_formula"":0,""no_radicals"":0,""planar_aromatic_rings"":0,""planar_double_bonds"":0,""reference_file_loads"":0,""sanitisation"":0,""tetrahedral_chirality"":0}","{""all_atoms_connected"":0.0,""bond_angles"":0.0,""bond_lengths"":0.005,""bonds"":0.0,""double_bond_stereochemistry"":0.0,""energy_ratio"":0.0,""file_loads"":0.0,""inchi_convertible"":0.0,""internal_steric_clash"":0.0,""molecular_formula"":0.0,""no_radicals"":0.0,""planar_aromatic_rings"":0.0,""planar_double_bonds"":0.0,""reference_file_loads"":0.0,""sanitisation"":0.0,""tetrahedral_chirality"":0.0}",199,114.74688448830508,1.4205920736020161,2.0412440247714274,92.0,46.231155778894475,0.9344952996608569,0.09045226130653267,68.41486812889482,0.021893386530643173,0.4891304347826087,16.0,8.040201005025125,0.8815392881091149,0.1708542713567839,11.52070542754168,0.10143683240322213,0.125,2.0,1.0050251256281406,0.8705962868470205,0.7085427135678392,1.8284184562525831,0.5869801267644756,0.0,1.0,0.5025125628140703,0.0,1.0,1.0,1.0,0.0,199,-9.903593611569459,267.7813603387324,7.139233761048679,21.70897254493094,0.23259870151962403,1.3519700036422029,1.0,1.0,1.0,1.0,0.1352309940968288,1.3326463673616855,1.0,1.0,1.0,1.0,999,0,0,0,0,0,200,0,0,0,0,199,200,200,core
1sqa_1sqa_conf0,generation,qwen_4b_bigdata_step110000,fixed,4b_bigdata_step110000,qwen_4b_bigdata_step110000_fixed,Qwen 4B bigdata (step 110000),qwen_4b_bigdata_step110000_fixed,7,31,924,0.7,924,918,6,0.9935064935064936,996,924,72,0.927710843373494,"{""all_atoms_connected"":0,""bond_angles"":39,""bond_lengths"":19,""bonds"":0,""double_bond_stereochemistry"":0,""energy_ratio"":13,""file_loads"":0,""inchi_convertible"":0,""internal_steric_clash"":54,""molecular_formula"":0,""no_radicals"":0,""planar_aromatic_rings"":15,""planar_double_bonds"":0,""reference_file_loads"":0,""sanitisation"":0,""tetrahedral_chirality"":0}","{""all_atoms_connected"":0.0,""bond_angles"":0.0391566265060241,""bond_lengths"":0.019076305220883535,""bonds"":0.0,""double_bond_stereochemistry"":0.0,""energy_ratio"":0.013052208835341365,""file_loads"":0.0,""inchi_convertible"":0.0,""internal_steric_clash"":0.05421686746987952,""molecular_formula"":0.0,""no_radicals"":0.0,""planar_aromatic_rings"":0.015060240963855422,""planar_double_bonds"":0.0,""reference_file_loads"":0.0,""sanitisation"":0.0,""tetrahedral_chirality"":0.0}",924,113.55932808694217,1.3904867114274155,1.8856588163301782,520.0,56.277056277056275,0.9654192254222637,0.011904761904761904,418.87249561131233,0.0030757482056183363,0.6096153846153847,51.0,5.51948051948052,0.8172128976410604,0.11796536796536797,24.856980495261084,0.05628876895110661,0.17647058823529413,5.0,0.5411255411255411,0.43102725938290104,0.801948051948052,2.001129182610337,0.6596226644927944,0.0,1.0,0.10822510822510822,0.0,1.0,1.0,1.0,0.0,924,69.86952022216194,3321.6689003156,90.53748925040196,108.49302619627964,0.4120713013502195,1.2308890805033963,0.0,1.0,1.0,1.0,0.4300963040681959,1.1997803975011827,0.0,1.0,1.0,1.0,996,0,0,0,0,0,996,0,0,0,0,924,1000,1000,core
1sqa_1sqa_conf0,generation,qwen_4b_bigdata_step110000,dynamic,4b_bigdata_step110000,qwen_4b_bigdata_step110000_dynamic,Qwen 4B bigdata (step 110000),qwen_4b_bigdata_step110000_dynamic,7,31,126,0.7,126,126,0,1.0,134,126,8,0.9402985074626866,"{""all_atoms_connected"":0,""bond_angles"":4,""bond_lengths"":2,""bonds"":0,""double_bond_stereochemistry"":0,""energy_ratio"":0,""file_loads"":0,""inchi_convertible"":0,""internal_steric_clash"":7,""molecular_formula"":0,""no_radicals"":0,""planar_aromatic_rings"":1,""planar_double_bonds"":0,""reference_file_loads"":0,""sanitisation"":0,""tetrahedral_chirality"":0}","{""all_atoms_connected"":0.0,""bond_angles"":0.029850746268656716,""bond_lengths"":0.014925373134328358,""bonds"":0.0,""double_bond_stereochemistry"":0.0,""energy_ratio"":0.0,""file_loads"":0.0,""inchi_convertible"":0.0,""internal_steric_clash"":0.05223880597014925,""molecular_formula"":0.0,""no_radicals"":0.0,""planar_aromatic_rings"":0.007462686567164179,""planar_double_bonds"":0.0,""reference_file_loads"":0.0,""sanitisation"":0.0,""tetrahedral_chirality"":0.0}",126,112.92822577772661,1.3589911079119361,1.8180340942320652,111.0,88.0952380952381,0.9892257562178012,0.023809523809523808,105.50818942909204,0.010204081632653057,0.8918918918918919,21.0,16.666666666666668,0.8503165670457039,0.21428571428571427,13.31389021800281,0.100151171579743,0.3333333333333333,1.0,0.7936507936507936,0.0,1.0,1.0,1.0,0.0,1.0,0.7936507936507936,0.0,1.0,1.0,1.0,0.0,126,74.68999344679438,172.52667193966005,90.75555290841282,16.23623841357108,0.535203562755208,1.2558090481023227,0.0,0.0,1.0,1.0,0.49972438360894017,1.2374847357897334,0.0,1.0,1.0,1.0,996,0,0,0,0,0,134,0,0,0,0,126,134,134,core
1sqa_1sqa_conf0,generation,qwen_4b_bigdata_step110000,chembl_count,4b_bigdata_step110000,qwen_4b_bigdata_step110000_chembl_count,Qwen 4B bigdata (step 110000),qwen_4b_bigdata_step110000_chembl_count,7,31,188,0.7,188,186,2,0.9893617021276596,200,188,12,0.94,"{""all_atoms_connected"":0,""bond_angles"":10,""bond_lengths"":4,""bonds"":0,""double_bond_stereochemistry"":0,""energy_ratio"":3,""file_loads"":0,""inchi_convertible"":0,""internal_steric_clash"":8,""molecular_formula"":0,""no_radicals"":0,""planar_aromatic_rings"":2,""planar_double_bonds"":0,""reference_file_loads"":0,""sanitisation"":0,""tetrahedral_chirality"":0}","{""all_atoms_connected"":0.0,""bond_angles"":0.05,""bond_lengths"":0.02,""bonds"":0.0,""double_bond_stereochemistry"":0.0,""energy_ratio"":0.015,""file_loads"":0.0,""inchi_convertible"":0.0,""internal_steric_clash"":0.04,""molecular_formula"":0.0,""no_radicals"":0.0,""planar_aromatic_rings"":0.01,""planar_double_bonds"":0.0,""reference_file_loads"":0.0,""sanitisation"":0.0,""tetrahedral_chirality"":0.0}",188,113.69002431614351,1.3668120638787695,1.7943418480778999,157.0,83.51063829787235,0.9862180327312476,0.02127659574468085,146.43194644675344,0.007526029877772747,0.8471337579617835,27.0,14.361702127659575,0.8557176025484182,0.15425531914893617,16.781978819787465,0.07961747397012223,0.2962962962962963,3.0,1.5957446808510638,0.4594666311778142,0.8138297872340425,1.6566138791570708,0.6950543232231778,0.3333333333333333,1.0,0.5319148936170213,0.0,1.0,1.0,1.0,0.0,188,70.09428862981181,3321.6689003156,90.51809635219954,235.83384727700619,0.5262297077567594,1.2466656329918584,0.0,0.0,1.0,1.0,0.4968063056045051,1.2003674705019733,0.0,1.0,1.0,1.0,996,0,0,0,0,0,200,0,0,0,0,188,200,200,core
1uto_1uto_conf0,generation,qwen_4b_bigdata_step110000,fixed,4b_bigdata_step110000,qwen_4b_bigdata_step110000_fixed,Qwen 4B bigdata (step 110000),qwen_4b_bigdata_step110000_fixed,3,9,997,0.7,997,997,0,1.0,1000,997,3,0.997,"{""all_atoms_connected"":0,""bond_angles"":0,""bond_lengths"":2,""bonds"":0,""double_bond_stereochemistry"":0,""energy_ratio"":0,""file_loads"":0,""inchi_convertible"":0,""internal_steric_clash"":0,""molecular_formula"":0,""no_radicals"":0,""planar_aromatic_rings"":1,""planar_double_bonds"":0,""reference_file_loads"":0,""sanitisation"":0,""tetrahedral_chirality"":0}","{""all_atoms_connected"":0.0,""bond_angles"":0.0,""bond_lengths"":0.002,""bonds"":0.0,""double_bond_stereochemistry"":0.0,""energy_ratio"":0.0,""file_loads"":0.0,""inchi_convertible"":0.0,""internal_steric_clash"":0.0,""molecular_formula"":0.0,""no_radicals"":0.0,""planar_aromatic_rings"":0.001,""planar_double_bonds"":0.0,""reference_file_loads"":0.0,""sanitisation"":0.0,""tetrahedral_chirality"":0.0}",997,116.67796821239105,0.5405399668403723,0.7658812537657811,6.0,0.6018054162487463,0.8862319004326962,0.40220661985957873,4.893532324847801,0.2448358113457725,0.0,1.0,0.10030090270812438,0.0,1.0,1.0,1.0,0.0,1.0,0.10030090270812438,0.0,1.0,1.0,1.0,0.0,1.0,0.10030090270812438,0.0,1.0,1.0,1.0,0.0,997,12.184043745896778,95.36362040569082,18.27332042961535,6.379754023141422,0.06467201503357022,0.5061667428404957,1.0,1.0,1.0,1.0,0.05876196784792539,0.4999442825989039,1.0,1.0,1.0,1.0,1000,0,0,0,0,0,1000,0,0,0,0,997,1000,1000,core
1uto_1uto_conf0,generation,qwen_4b_bigdata_step110000,dynamic,4b_bigdata_step110000,qwen_4b_bigdata_step110000_dynamic,Qwen 4B bigdata (step 110000),qwen_4b_bigdata_step110000_dynamic,3,9,46,0.7,46,46,0,1.0,46,46,0,1.0,"{""all_atoms_connected"":0,""bond_angles"":0,""bond_lengths"":0,""bonds"":0,""double_bond_stereochemistry"":0,""energy_ratio"":0,""file_loads"":0,""inchi_convertible"":0,""internal_steric_clash"":0,""molecular_formula"":0,""no_radicals"":0,""planar_aromatic_rings"":0,""planar_double_bonds"":0,""reference_file_loads"":0,""sanitisation"":0,""tetrahedral_chirality"":0}","{""all_atoms_connected"":0.0,""bond_angles"":0.0,""bond_lengths"":0.0,""bonds"":0.0,""double_bond_stereochemistry"":0.0,""energy_ratio"":0.0,""file_loads"":0.0,""inchi_convertible"":0.0,""internal_steric_clash"":0.0,""molecular_formula"":0.0,""no_radicals"":0.0,""planar_aromatic_rings"":0.0,""planar_double_bonds"":0.0,""reference_file_loads"":0.0,""sanitisation"":0.0,""tetrahedral_chirality"":0.0}",46,111.27144099734082,0.5503374860588017,0.7788804379869503,5.0,10.869565217391305,0.8622912277095447,0.41304347826086957,4.006043890743428,0.2844990548204159,0.0,1.0,2.1739130434782608,0.0,1.0,1.0,1.0,0.0,1.0,2.1739130434782608,0.0,1.0,1.0,1.0,0.0,1.0,2.1739130434782608,0.0,1.0,1.0,1.0,0.0,46,12.561993276058335,32.876437421794606,17.688830038360976,5.0001419163372285,0.11116667255134743,0.5532916723618875,1.0,1.0,1.0,1.0,0.11478013208514674,0.5319532130419156,1.0,1.0,1.0,1.0,1000,0,0,0,0,0,46,0,0,0,0,46,46,46,core
1uto_1uto_conf0,generation,qwen_4b_bigdata_step110000,chembl_count,4b_bigdata_step110000,qwen_4b_bigdata_step110000_chembl_count,Qwen 4B bigdata (step 110000),qwen_4b_bigdata_step110000_chembl_count,3,9,7,0.7,7,7,0,1.0,7,7,0,1.0,"{""all_atoms_connected"":0,""bond_angles"":0,""bond_lengths"":0,""bonds"":0,""double_bond_stereochemistry"":0,""energy_ratio"":0,""file_loads"":0,""inchi_convertible"":0,""internal_steric_clash"":0,""molecular_formula"":0,""no_radicals"":0,""planar_aromatic_rings"":0,""planar_double_bonds"":0,""reference_file_loads"":0,""sanitisation"":0,""tetrahedral_chirality"":0}","{""all_atoms_connected"":0.0,""bond_angles"":0.0,""bond_lengths"":0.0,""bonds"":0.0,""double_bond_stereochemistry"":0.0,""energy_ratio"":0.0,""file_loads"":0.0,""inchi_convertible"":0.0,""internal_steric_clash"":0.0,""molecular_formula"":0.0,""no_radicals"":0.0,""planar_aromatic_rings"":0.0,""planar_double_bonds"":0.0,""reference_file_loads"":0.0,""sanitisation"":0.0,""tetrahedral_chirality"":0.0}",7,106.14959000493728,0.5630791541064993,0.7402649345321388,3.0,42.857142857142854,0.914100892018565,0.42857142857142855,2.729838563103603,0.3877551020408163,0.3333333333333333,1.0,14.285714285714286,0.0,1.0,1.0,1.0,0.0,1.0,14.285714285714286,0.0,1.0,1.0,1.0,0.0,1.0,14.285714285714286,0.0,1.0,1.0,1.0,0.0,7,15.058207232237546,23.305365447380765,20.2457436233761,2.828167620572271,0.21819674064854427,0.5724936256563357,1.0,1.0,1.0,1.0,0.2538158173525496,0.5226001834518724,0.0,1.0,1.0,1.0,1000,0,0,0,0,0,7,0,0,0,0,7,7,7,core
1yc1_1yc1_conf0,generation,qwen_4b_bigdata_step110000,fixed,4b_bigdata_step110000,qwen_4b_bigdata_step110000_fixed,Qwen 4B bigdata (step 110000),qwen_4b_bigdata_step110000_fixed,6,27,994,0.7,994,993,1,0.9989939637826962,1000,994,6,0.994,"{""all_atoms_connected"":0,""bond_angles"":4,""bond_lengths"":2,""bonds"":0,""double_bond_stereochemistry"":0,""energy_ratio"":2,""file_loads"":0,""inchi_convertible"":0,""internal_steric_clash"":6,""molecular_formula"":0,""no_radicals"":0,""planar_aromatic_rings"":0,""planar_double_bonds"":0,""reference_file_loads"":0,""sanitisation"":0,""tetrahedral_chirality"":0}","{""all_atoms_connected"":0.0,""bond_angles"":0.004,""bond_lengths"":0.002,""bonds"":0.0,""double_bond_stereochemistry"":0.0,""energy_ratio"":0.002,""file_loads"":0.0,""inchi_convertible"":0.0,""internal_steric_clash"":0.006,""molecular_formula"":0.0,""no_radicals"":0.0,""planar_aromatic_rings"":0.0,""planar_double_bonds"":0.0,""reference_file_loads"":0.0,""sanitisation"":0.0,""tetrahedral_chirality"":0.0}",994,108.13449173477102,1.2854182488469925,1.8924628843877054,117.0,11.770623742454728,0.8446442036805366,0.06941649899396378,55.831744805386535,0.02709415446400738,0.2905982905982906,15.0,1.5090543259557343,0.7678728173418735,0.25553319919517103,7.999972765996317,0.15167868377265603,0.2,2.0,0.2012072434607646,0.25253077151613923,0.9577464788732394,1.191295049512936,0.9190636778416981,0.0,1.0,0.1006036217303823,0.0,1.0,1.0,1.0,0.0,994,25.402832921117927,433.7038112331471,44.20630055634601,16.35133035763669,0.38302642301319734,1.4077333886990409,0.0,1.0,1.0,1.0,0.31880206861842614,1.3885359633275152,0.0,1.0,1.0,1.0,1000,0,0,0,0,0,1000,0,0,0,0,994,1000,1000,core
1yc1_1yc1_conf0,generation,qwen_4b_bigdata_step110000,dynamic,4b_bigdata_step110000,qwen_4b_bigdata_step110000_dynamic,Qwen 4B bigdata (step 110000),qwen_4b_bigdata_step110000_dynamic,6,27,112,0.7,112,112,0,1.0,112,112,0,1.0,"{""all_atoms_connected"":0,""bond_angles"":0,""bond_lengths"":0,""bonds"":0,""double_bond_stereochemistry"":0,""energy_ratio"":0,""file_loads"":0,""inchi_convertible"":0,""internal_steric_clash"":0,""molecular_formula"":0,""no_radicals"":0,""planar_aromatic_rings"":0,""planar_double_bonds"":0,""reference_file_loads"":0,""sanitisation"":0,""tetrahedral_chirality"":0}","{""all_atoms_connected"":0.0,""bond_angles"":0.0,""bond_lengths"":0.0,""bonds"":0.0,""double_bond_stereochemistry"":0.0,""energy_ratio"":0.0,""file_loads"":0.0,""inchi_convertible"":0.0,""internal_steric_clash"":0.0,""molecular_formula"":0.0,""no_radicals"":0.0,""planar_aromatic_rings"":0.0,""planar_double_bonds"":0.0,""reference_file_loads"":0.0,""sanitisation"":0.0,""tetrahedral_chirality"":0.0}",112,108.16234296885852,1.2626875541032108,1.83382390738648,36.0,32.142857142857146,0.8850102089224907,0.13392857142857142,23.84205038070107,0.05691964285714286,0.5555555555555556,9.0,8.035714285714286,0.8141242332094589,0.26785714285714285,5.982351835724667,0.19993622448979595,0.1111111111111111,2.0,1.7857142857142858,0.9812872088817246,0.5803571428571429,1.974226077684562,0.5129145408163266,0.0,1.0,0.8928571428571429,0.0,1.0,1.0,1.0,0.0,112,31.69558371551183,127.76276056703668,44.52991425144953,12.49093472708082,0.38302642301319734,1.414703567494771,0.0,1.0,1.0,1.0,0.4230256230920333,1.39260706860679,0.0,1.0,1.0,1.0,1000,0,0,0,0,0,112,0,0,0,0,112,112,112,core
1yc1_1yc1_conf0,generation,qwen_4b_bigdata_step110000,chembl_count,4b_bigdata_step110000,qwen_4b_bigdata_step110000_chembl_count,Qwen 4B bigdata (step 110000),qwen_4b_bigdata_step110000_chembl_count,6,27,166,0.7,166,166,0,1.0,168,166,2,0.988095238095238,"{""all_atoms_connected"":0,""bond_angles"":1,""bond_lengths"":0,""bonds"":0,""double_bond_stereochemistry"":0,""energy_ratio"":0,""file_loads"":0,""inchi_convertible"":0,""internal_steric_clash"":2,""molecular_formula"":0,""no_radicals"":0,""planar_aromatic_rings"":0,""planar_double_bonds"":0,""reference_file_loads"":0,""sanitisation"":0,""tetrahedral_chirality"":0}","{""all_atoms_connected"":0.0,""bond_angles"":0.005952380952380952,""bond_lengths"":0.0,""bonds"":0.0,""double_bond_stereochemistry"":0.0,""energy_ratio"":0.0,""file_loads"":0.0,""inchi_convertible"":0.0,""internal_steric_clash"":0.011904761904761904,""molecular_formula"":0.0,""no_radicals"":0.0,""planar_aromatic_rings"":0.0,""planar_double_bonds"":0.0,""reference_file_loads"":0.0,""sanitisation"":0.0,""tetrahedral_chirality"":0.0}",166,107.0718690563159,1.2930047134451559,1.8794863739500078,46.0,27.710843373493976,0.8820056682860414,0.12048192771084337,29.279377058372134,0.048700827406009575,0.391304347826087,10.0,6.024096385542169,0.8827595342369269,0.19879518072289157,7.63412970206923,0.14319930323704458,0.2,3.0,1.8072289156626506,0.6816185117311823,0.5180722891566265,2.1145340336612772,0.48933081724488314,0.0,1.0,0.6024096385542169,0.0,1.0,1.0,1.0,0.0,166,29.08353604621677,131.72142978799852,45.235229157092206,10.809327907046951,0.4684224599294876,1.4147232958483609,0.0,1.0,1.0,1.0,0.4878936133252344,1.395015991609249,0.0,1.0,1.0,1.0,1000,0,0,0,0,0,168,0,0,0,0,166,168,168,core
1ydr_1ydr_conf0,generation,qwen_4b_bigdata_step110000,fixed,4b_bigdata_step110000,qwen_4b_bigdata_step110000_fixed,Qwen 4B bigdata (step 110000),qwen_4b_bigdata_step110000_fixed,2,20,878,0.7,878,876,2,0.9977220956719818,981,878,103,0.8950050968399592,"{""all_atoms_connected"":0,""bond_angles"":11,""bond_lengths"":11,""bonds"":0,""double_bond_stereochemistry"":0,""energy_ratio"":9,""file_loads"":0,""inchi_convertible"":0,""internal_steric_clash"":28,""molecular_formula"":0,""no_radicals"":0,""planar_aromatic_rings"":3,""planar_double_bonds"":0,""reference_file_loads"":0,""sanitisation"":0,""tetrahedral_chirality"":68}","{""all_atoms_connected"":0.0,""bond_angles"":0.011213047910295617,""bond_lengths"":0.011213047910295617,""bonds"":0.0,""double_bond_stereochemistry"":0.0,""energy_ratio"":0.009174311926605505,""file_loads"":0.0,""inchi_convertible"":0.0,""internal_steric_clash"":0.02854230377166157,""molecular_formula"":0.0,""no_radicals"":0.0,""planar_aromatic_rings"":0.0030581039755351682,""planar_double_bonds"":0.0,""reference_file_loads"":0.0,""sanitisation"":0.0,""tetrahedral_chirality"":0.06931702344546381}",878,98.15097857218494,1.6484252359546825,2.2681308362539303,157.0,17.88154897494305,0.8820785993592857,0.05353075170842825,86.48804687715118,0.017782182533299433,0.3248407643312102,25.0,2.847380410022779,0.857894455736841,0.15148063781321183,15.82285990572337,0.07727492074034485,0.08,3.0,0.3416856492027335,0.9962260733048326,0.36104783599088835,2.9875875026667624,0.33604277686396394,0.0,1.0,0.11389521640091116,0.0,1.0,1.0,1.0,0.0,878,4.348778562908063,344.17266300905374,32.60282076407442,21.2817257468405,0.4222052665782984,1.7624175443149719,0.0,1.0,1.0,1.0,0.37263719401128237,1.7828376952389233,0.0,1.0,1.0,1.0,981,0,0,0,0,0,981,0,0,0,0,878,1000,1000,core
1ydr_1ydr_conf0,generation,qwen_4b_bigdata_step110000,dynamic,4b_bigdata_step110000,qwen_4b_bigdata_step110000_dynamic,Qwen 4B bigdata (step 110000),qwen_4b_bigdata_step110000_dynamic,2,20,23,0.7,23,23,0,1.0,24,23,1,0.9583333333333334,"{""all_atoms_connected"":0,""bond_angles"":0,""bond_lengths"":0,""bonds"":0,""double_bond_stereochemistry"":0,""energy_ratio"":0,""file_loads"":0,""inchi_convertible"":0,""internal_steric_clash"":0,""molecular_formula"":0,""no_radicals"":0,""planar_aromatic_rings"":0,""planar_double_bonds"":0,""reference_file_loads"":0,""sanitisation"":0,""tetrahedral_chirality"":1}","{""all_atoms_connected"":0.0,""bond_angles"":0.0,""bond_lengths"":0.0,""bonds"":0.0,""double_bond_stereochemistry"":0.0,""energy_ratio"":0.0,""file_loads"":0.0,""inchi_convertible"":0.0,""internal_steric_clash"":0.0,""molecular_formula"":0.0,""no_radicals"":0.0,""planar_aromatic_rings"":0.0,""planar_double_bonds"":0.0,""reference_file_loads"":0.0,""sanitisation"":0.0,""tetrahedral_chirality"":0.041666666666666664}",23,101.1375179241619,1.6909119145796812,2.2571868051215276,17.0,73.91304347826087,0.9710184004172842,0.13043478260869565,15.659884098008277,0.06994328922495274,0.7058823529411765,9.0,39.130434782608695,0.9282539873823358,0.21739130434782608,7.687398848188217,0.14555765595463135,0.3333333333333333,2.0,8.695652173913043,0.9986359641585719,0.5217391304347826,1.9981099384508874,0.500945179584121,0.0,1.0,4.3478260869565215,0.0,1.0,1.0,1.0,0.0,23,6.759100436080342,52.99903193517621,34.21040667077569,10.715352103973528,1.2293450813022586,1.7789937031329435,0.0,0.0,0.0,1.0,1.2084785951983616,1.826044984721699,0.0,0.0,0.0,1.0,981,0,0,0,0,0,24,0,0,0,0,23,24,24,core
1ydr_1ydr_conf0,generation,qwen_4b_bigdata_step110000,chembl_count,4b_bigdata_step110000,qwen_4b_bigdata_step110000_chembl_count,Qwen 4B bigdata (step 110000),qwen_4b_bigdata_step110000_chembl_count,2,20,15,0.7,15,15,0,1.0,16,15,1,0.9375,"{""all_atoms_connected"":0,""bond_angles"":0,""bond_lengths"":0,""bonds"":0,""double_bond_stereochemistry"":0,""energy_ratio"":0,""file_loads"":0,""inchi_convertible"":0,""internal_steric_clash"":0,""molecular_formula"":0,""no_radicals"":0,""planar_aromatic_rings"":0,""planar_double_bonds"":0,""reference_file_loads"":0,""sanitisation"":0,""tetrahedral_chirality"":1}","{""all_atoms_connected"":0.0,""bond_angles"":0.0,""bond_lengths"":0.0,""bonds"":0.0,""double_bond_stereochemistry"":0.0,""energy_ratio"":0.0,""file_loads"":0.0,""inchi_convertible"":0.0,""internal_steric_clash"":0.0,""molecular_formula"":0.0,""no_radicals"":0.0,""planar_aromatic_rings"":0.0,""planar_double_bonds"":0.0,""reference_file_loads"":0.0,""sanitisation"":0.0,""tetrahedral_chirality"":0.0625}",15,91.89255264421752,1.7371668992228413,2.311209996462794,10.0,66.66666666666667,0.9602550098461563,0.2,9.125465128398089,0.12000000000000002,0.6,6.0,40.0,0.9692934659590801,0.2,5.678804561701127,0.18222222222222226,0.16666666666666666,2.0,13.333333333333334,0.9709505944546688,0.6,1.9601317042077895,0.52,0.0,1.0,6.666666666666667,0.0,1.0,1.0,1.0,0.0,15,17.021214892520508,58.11704462400285,29.136825692989643,9.851775778912268,1.5828855629649303,1.7712756730245183,0.0,0.0,0.0,1.0,1.5409109486619044,1.7126367618456222,0.0,0.0,0.0,1.0,981,0,0,0,0,0,16,0,0,0,0,15,16,16,core
1ydt_1ydt_conf0,generation,qwen_4b_bigdata_step110000,fixed,4b_bigdata_step110000,qwen_4b_bigdata_step110000_fixed,Qwen 4B bigdata (step 110000),qwen_4b_bigdata_step110000_fixed,8,27,483,0.7,483,452,31,0.9358178053830227,981,483,498,0.4923547400611621,"{""all_atoms_connected"":0,""bond_angles"":268,""bond_lengths"":267,""bonds"":0,""double_bond_stereochemistry"":20,""energy_ratio"":195,""file_loads"":0,""inchi_convertible"":0,""internal_steric_clash"":391,""molecular_formula"":0,""no_radicals"":0,""planar_aromatic_rings"":190,""planar_double_bonds"":0,""reference_file_loads"":0,""sanitisation"":0,""tetrahedral_chirality"":0}","{""all_atoms_connected"":0.0,""bond_angles"":0.273190621814475,""bond_lengths"":0.27217125382262997,""bonds"":0.0,""double_bond_stereochemistry"":0.020387359836901122,""energy_ratio"":0.19877675840978593,""file_loads"":0.0,""inchi_convertible"":0.0,""internal_steric_clash"":0.3985728848114169,""molecular_formula"":0.0,""no_radicals"":0.0,""planar_aromatic_rings"":0.19367991845056065,""planar_double_bonds"":0.0,""reference_file_loads"":0.0,""sanitisation"":0.0,""tetrahedral_chirality"":0.0}",483,115.74494658140421,2.4210181880796844,3.3710431359901216,452.0,93.58178053830228,0.9911854822554311,0.024844720496894408,428.2867807896588,0.0028162493730951744,0.9557522123893806,215.0,44.51345755693582,0.9358142834548031,0.026915113871635612,152.31028335169404,0.00928033469216294,0.5720930232558139,13.0,2.691511387163561,0.9091870736819972,0.18426501035196688,10.29871160432652,0.11431743459828796,0.0,3.0,0.6211180124223602,0.8709142150014072,0.5755693581780539,2.6033447458322745,0.42932585762723496,0.0,483,24.484057426585238,32287.481135239137,59.315853284273935,2251.520167115737,0.8187762744231464,2.5300828317845294,0.0,0.0,0.0,1.0,0.853148688675869,2.4866117799422027,0.0,0.0,0.0,1.0,981,0,0,0,0,0,981,0,0,0,0,483,1000,1000,core
1ydt_1ydt_conf0,generation,qwen_4b_bigdata_step110000,dynamic,4b_bigdata_step110000,qwen_4b_bigdata_step110000_dynamic,Qwen 4B bigdata (step 110000),qwen_4b_bigdata_step110000_dynamic,8,27,73,0.7,73,68,5,0.9315068493150684,156,73,83,0.4679487179487179,"{""all_atoms_connected"":0,""bond_angles"":43,""bond_lengths"":42,""bonds"":0,""double_bond_stereochemistry"":1,""energy_ratio"":39,""file_loads"":0,""inchi_convertible"":0,""internal_steric_clash"":70,""molecular_formula"":0,""no_radicals"":0,""planar_aromatic_rings"":32,""planar_double_bonds"":0,""reference_file_loads"":0,""sanitisation"":0,""tetrahedral_chirality"":0}","{""all_atoms_connected"":0.0,""bond_angles"":0.27564102564102566,""bond_lengths"":0.2692307692307692,""bonds"":0.0,""double_bond_stereochemistry"":0.00641025641025641,""energy_ratio"":0.25,""file_loads"":0.0,""inchi_convertible"":0.0,""internal_steric_clash"":0.44871794871794873,""molecular_formula"":0.0,""no_radicals"":0.0,""planar_aromatic_rings"":0.20512820512820512,""planar_double_bonds"":0.0,""reference_file_loads"":0.0,""sanitisation"":0.0,""tetrahedral_chirality"":0.0}",73,116.86150451713635,2.4962179291592936,3.5417482921032626,72.0,98.63013698630137,0.9987847983833651,0.0273972602739726,71.62678580537742,0.014073935072246198,0.9861111111111112,49.0,67.12328767123287,0.9593879492930589,0.0821917808219178,41.83634648423456,0.029461437417902043,0.6938775510204082,11.0,15.068493150684931,0.9309015229221682,0.1506849315068493,9.320388955560022,0.11615687746293861,0.09090909090909091,3.0,4.109589041095891,0.5839711727350255,0.726027397260274,1.8994377220177447,0.5950459748545693,0.3333333333333333,73,30.949549464133323,17141.049912081675,59.37915429036665,1984.6798018062748,1.0234410864333474,2.5413527437490493,0.0,0.0,0.0,1.0,1.1291699681298077,2.5203602403073733,0.0,0.0,0.0,1.0,981,0,0,0,0,0,156,0,0,0,0,73,156,156,core
1ydt_1ydt_conf0,generation,qwen_4b_bigdata_step110000,chembl_count,4b_bigdata_step110000,qwen_4b_bigdata_step110000_chembl_count,Qwen 4B bigdata (step 110000),qwen_4b_bigdata_step110000_chembl_count,8,27,69,0.7,69,66,3,0.9565217391304348,140,69,71,0.4928571428571429,"{""all_atoms_connected"":0,""bond_angles"":39,""bond_lengths"":32,""bonds"":0,""double_bond_stereochemistry"":1,""energy_ratio"":29,""file_loads"":0,""inchi_convertible"":0,""internal_steric_clash"":57,""molecular_formula"":0,""no_radicals"":0,""planar_aromatic_rings"":25,""planar_double_bonds"":0,""reference_file_loads"":0,""sanitisation"":0,""tetrahedral_chirality"":0}","{""all_atoms_connected"":0.0,""bond_angles"":0.2785714285714286,""bond_lengths"":0.22857142857142856,""bonds"":0.0,""double_bond_stereochemistry"":0.007142857142857143,""energy_ratio"":0.20714285714285716,""file_loads"":0.0,""inchi_convertible"":0.0,""internal_steric_clash"":0.40714285714285714,""molecular_formula"":0.0,""no_radicals"":0.0,""planar_aromatic_rings"":0.17857142857142858,""planar_double_bonds"":0.0,""reference_file_loads"":0.0,""sanitisation"":0.0,""tetrahedral_chirality"":0.0}",69,111.63419847638492,2.482923341098503,3.373813481652226,69.0,100.0,0.9999999999999996,0.014492753623188406,68.9999999999999,0.014492753623188403,1.0,52.0,75.3623188405797,0.9793892951935504,0.043478260869565216,47.93307660599088,0.02289434992648604,0.7307692307692307,11.0,15.942028985507246,0.9168000973889333,0.15942028985507245,9.01050050146876,0.1228733459357278,0.09090909090909091,2.0,2.898550724637681,0.9876925088958033,0.5652173913043478,1.9830107642760253,0.5085066162570888,0.0,69,29.715884820640404,2833.9955319105,60.8979908353146,339.6606054462918,1.2991659355798824,2.5206776258697565,0.0,0.0,0.0,1.0,1.2483646037373421,2.4079986247000846,0.0,0.0,0.0,1.0,981,0,0,0,0,0,140,0,0,0,0,69,140,140,core
1z6e_1z6e_conf0,generation,qwen_4b_bigdata_step110000,fixed,4b_bigdata_step110000,qwen_4b_bigdata_step110000_fixed,Qwen 4B bigdata (step 110000),qwen_4b_bigdata_step110000_fixed,7,38,904,0.7,904,899,5,0.9944690265486725,1000,904,96,0.904,"{""all_atoms_connected"":0,""bond_angles"":11,""bond_lengths"":5,""bonds"":0,""double_bond_stereochemistry"":0,""energy_ratio"":17,""file_loads"":0,""inchi_convertible"":0,""internal_steric_clash"":94,""molecular_formula"":0,""no_radicals"":0,""planar_aromatic_rings"":1,""planar_double_bonds"":0,""reference_file_loads"":0,""sanitisation"":0,""tetrahedral_chirality"":0}","{""all_atoms_connected"":0.0,""bond_angles"":0.011,""bond_lengths"":0.005,""bonds"":0.0,""double_bond_stereochemistry"":0.0,""energy_ratio"":0.017,""file_loads"":0.0,""inchi_convertible"":0.0,""internal_steric_clash"":0.094,""molecular_formula"":0.0,""no_radicals"":0.0,""planar_aromatic_rings"":0.001,""planar_double_bonds"":0.0,""reference_file_loads"":0.0,""sanitisation"":0.0,""tetrahedral_chirality"":0.0}",904,91.82222733851864,2.333582997759447,3.0975713217131644,857.0,94.80088495575221,0.9968906423041795,0.00331858407079646,839.1916142102315,0.0012310086929281858,0.9498249708284714,315.0,34.84513274336283,0.9382628237830182,0.016592920353982302,220.83703871128424,0.006086518129845719,0.45396825396825397,22.0,2.433628318584071,0.8493393288740074,0.16924778761061948,13.809322711169147,0.09078627927010731,0.0,3.0,0.33185840707964603,0.754718908393075,0.5453539823008849,2.291355278663446,0.4694254640144098,0.0,904,125.95381709189763,3202.414920938838,157.52073405951992,127.94564519916175,0.946680727516204,2.3944926853573447,0.0,0.0,0.0,1.0,1.0076619943568497,2.3479420654697796,0.0,0.0,0.0,1.0,1000,0,0,0,0,0,1000,0,0,0,0,904,1000,1000,core
1z6e_1z6e_conf0,generation,qwen_4b_bigdata_step110000,dynamic,4b_bigdata_step110000,qwen_4b_bigdata_step110000_dynamic,Qwen 4B bigdata (step 110000),qwen_4b_bigdata_step110000_dynamic,7,38,126,0.7,126,126,0,1.0,134,126,8,0.9402985074626866,"{""all_atoms_connected"":0,""bond_angles"":0,""bond_lengths"":0,""bonds"":0,""double_bond_stereochemistry"":0,""energy_ratio"":0,""file_loads"":0,""inchi_convertible"":0,""internal_steric_clash"":8,""molecular_formula"":0,""no_radicals"":0,""planar_aromatic_rings"":0,""planar_double_bonds"":0,""reference_file_loads"":0,""sanitisation"":0,""tetrahedral_chirality"":0}","{""all_atoms_connected"":0.0,""bond_angles"":0.0,""bond_lengths"":0.0,""bonds"":0.0,""double_bond_stereochemistry"":0.0,""energy_ratio"":0.0,""file_loads"":0.0,""inchi_convertible"":0.0,""internal_steric_clash"":0.05970149253731343,""molecular_formula"":0.0,""no_radicals"":0.0,""planar_aromatic_rings"":0.0,""planar_double_bonds"":0.0,""reference_file_loads"":0.0,""sanitisation"":0.0,""tetrahedral_chirality"":0.0}",126,89.91834931692009,2.2839462550855725,2.9789057596564303,126.0,100.0,1.0000000000000004,0.007936507936507936,126.00000000000033,0.007936507936507933,1.0,77.0,61.111111111111114,0.9598079943419846,0.06349206349206349,64.66494004871929,0.01927437641723356,0.6233766233766234,14.0,11.11111111111111,0.8255103848083662,0.19047619047619047,8.83365829448255,0.13668430335097,0.21428571428571427,3.0,2.380952380952381,0.7982543379850057,0.5317460317460317,2.4036106040223295,0.4506172839506173,0.0,126,134.51245532397576,224.2035912817442,156.9948275942686,13.501918467377866,1.0482518540497507,2.4204761079788573,0.0,0.0,0.0,1.0,1.086927449190665,2.366448553696367,0.0,0.0,0.0,1.0,1000,0,0,0,0,0,134,0,0,0,0,126,134,134,core
1z6e_1z6e_conf0,generation,qwen_4b_bigdata_step110000,chembl_count,4b_bigdata_step110000,qwen_4b_bigdata_step110000_chembl_count,Qwen 4B bigdata (step 110000),qwen_4b_bigdata_step110000_chembl_count,7,38,180,0.7,180,178,2,0.9888888888888889,200,180,20,0.9,"{""all_atoms_connected"":0,""bond_angles"":2,""bond_lengths"":0,""bonds"":0,""double_bond_stereochemistry"":0,""energy_ratio"":6,""file_loads"":0,""inchi_convertible"":0,""internal_steric_clash"":20,""molecular_formula"":0,""no_radicals"":0,""planar_aromatic_rings"":0,""planar_double_bonds"":0,""reference_file_loads"":0,""sanitisation"":0,""tetrahedral_chirality"":0}","{""all_atoms_connected"":0.0,""bond_angles"":0.01,""bond_lengths"":0.0,""bonds"":0.0,""double_bond_stereochemistry"":0.0,""energy_ratio"":0.03,""file_loads"":0.0,""inchi_convertible"":0.0,""internal_steric_clash"":0.1,""molecular_formula"":0.0,""no_radicals"":0.0,""planar_aromatic_rings"":0.0,""planar_double_bonds"":0.0,""reference_file_loads"":0.0,""sanitisation"":0.0,""tetrahedral_chirality"":0.0}",180,89.1095593583361,2.38840251712795,3.1582195467342205,177.0,98.33333333333333,0.9987833065062531,0.011111111111111112,175.88879431816449,0.005740740740740741,0.9830508474576272,118.0,65.55555555555556,0.9679544635385687,0.03333333333333333,101.27154529499013,0.01191358024691358,0.6694915254237288,17.0,9.444444444444445,0.8118471176566537,0.18333333333333332,9.975539904528095,0.12623456790123458,0.17647058823529413,3.0,1.6666666666666667,0.7931203780728237,0.5833333333333334,2.3900918442078263,0.4641358024691358,0.0,180,136.8532820333604,2446.7880135852074,157.4474984712593,170.90340981565058,1.0482518540497507,2.4528318726573826,0.0,0.0,0.0,1.0,1.086927449190665,2.3969841334783513,0.0,0.0,0.0,1.0,1000,0,0,0,0,0,200,0,0,0,0,180,200,200,core
1z95_1z95_conf0,generation,qwen_4b_bigdata_step110000,fixed,4b_bigdata_step110000,qwen_4b_bigdata_step110000_fixed,Qwen 4B bigdata (step 110000),qwen_4b_bigdata_step110000_fixed,6,29,812,0.7,812,806,6,0.9926108374384236,1000,812,188,0.812,"{""all_atoms_connected"":0,""bond_angles"":66,""bond_lengths"":25,""bonds"":0,""double_bond_stereochemistry"":0,""energy_ratio"":29,""file_loads"":0,""inchi_convertible"":0,""internal_steric_clash"":146,""molecular_formula"":0,""no_radicals"":0,""planar_aromatic_rings"":10,""planar_double_bonds"":0,""reference_file_loads"":0,""sanitisation"":0,""tetrahedral_chirality"":8}","{""all_atoms_connected"":0.0,""bond_angles"":0.066,""bond_lengths"":0.025,""bonds"":0.0,""double_bond_stereochemistry"":0.0,""energy_ratio"":0.029,""file_loads"":0.0,""inchi_convertible"":0.0,""internal_steric_clash"":0.146,""molecular_formula"":0.0,""no_radicals"":0.0,""planar_aromatic_rings"":0.01,""planar_double_bonds"":0.0,""reference_file_loads"":0.0,""sanitisation"":0.0,""tetrahedral_chirality"":0.008}",812,116.83811888200951,2.185894225381491,2.882197400545099,642.0,79.06403940886699,0.9854643146343007,0.007389162561576354,584.4206894190332,0.0019595234050814145,0.8052959501557633,163.0,20.073891625615765,0.934700761502719,0.02832512315270936,116.87817950956205,0.010904778082457713,0.20245398773006135,9.0,1.1083743842364533,0.9336884744295308,0.1834975369458128,7.779742683881537,0.1372485379407411,0.0,2.0,0.24630541871921183,0.8392648081248008,0.7315270935960592,1.7891381715377934,0.6072095901380767,0.0,812,15.653368128615003,432.3192787885471,47.64645635078989,30.83650727108897,0.4369266837216088,2.0572057422079633,0.0,1.0,1.0,1.0,0.4132127879935456,2.0569794452401107,0.0,1.0,1.0,1.0,1000,0,0,0,0,0,1000,0,0,0,0,812,1000,1000,core
1z95_1z95_conf0,generation,qwen_4b_bigdata_step110000,dynamic,4b_bigdata_step110000,qwen_4b_bigdata_step110000_dynamic,Qwen 4B bigdata (step 110000),qwen_4b_bigdata_step110000_dynamic,6,29,88,0.7,88,87,1,0.9886363636363636,112,88,24,0.7857142857142857,"{""all_atoms_connected"":0,""bond_angles"":9,""bond_lengths"":4,""bonds"":0,""double_bond_stereochemistry"":0,""energy_ratio"":5,""file_loads"":0,""inchi_convertible"":0,""internal_steric_clash"":20,""molecular_formula"":0,""no_radicals"":0,""planar_aromatic_rings"":1,""planar_double_bonds"":0,""reference_file_loads"":0,""sanitisation"":0,""tetrahedral_chirality"":0}","{""all_atoms_connected"":0.0,""bond_angles"":0.08035714285714286,""bond_lengths"":0.03571428571428571,""bonds"":0.0,""double_bond_stereochemistry"":0.0,""energy_ratio"":0.044642857142857144,""file_loads"":0.0,""inchi_convertible"":0.0,""internal_steric_clash"":0.17857142857142858,""molecular_formula"":0.0,""no_radicals"":0.0,""planar_aromatic_rings"":0.008928571428571428,""planar_double_bonds"":0.0,""reference_file_loads"":0.0,""sanitisation"":0.0,""tetrahedral_chirality"":0.0}",88,117.7015557056503,2.2001597217829283,2.9430357790770527,87.0,98.86363636363636,0.999031630505106,0.022727272727272728,86.62456791171518,0.011621900826446279,0.9885057471264368,54.0,61.36363636363637,0.9698194671689117,0.045454545454545456,47.87504476714081,0.023502066115702474,0.5740740740740741,7.0,7.954545454545454,0.9207864012024102,0.23863636363636365,6.00004880410148,0.1766528925619835,0.14285714285714285,2.0,2.272727272727273,0.9456603046006401,0.6363636363636364,1.9260702242522327,0.5371900826446281,0.0,88,15.653368128615003,209.25289667139708,44.294543836828936,28.388703040575983,0.8271618440666811,2.1176094821418223,0.0,0.0,0.0,1.0,0.9350135124369163,2.1066998099397534,0.0,0.0,0.0,1.0,1000,0,0,0,0,0,112,0,0,0,0,88,112,112,core
1z95_1z95_conf0,generation,qwen_4b_bigdata_step110000,chembl_count,4b_bigdata_step110000,qwen_4b_bigdata_step110000_chembl_count,Qwen 4B bigdata (step 110000),qwen_4b_bigdata_step110000_chembl_count,6,29,164,0.7,164,163,1,0.9939024390243902,198,164,34,0.8282828282828283,"{""all_atoms_connected"":0,""bond_angles"":12,""bond_lengths"":2,""bonds"":0,""double_bond_stereochemistry"":0,""energy_ratio"":8,""file_loads"":0,""inchi_convertible"":0,""internal_steric_clash"":29,""molecular_formula"":0,""no_radicals"":0,""planar_aromatic_rings"":2,""planar_double_bonds"":0,""reference_file_loads"":0,""sanitisation"":0,""tetrahedral_chirality"":2}","{""all_atoms_connected"":0.0,""bond_angles"":0.06060606060606061,""bond_lengths"":0.010101010101010102,""bonds"":0.0,""double_bond_stereochemistry"":0.0,""energy_ratio"":0.04040404040404041,""file_loads"":0.0,""inchi_convertible"":0.0,""internal_steric_clash"":0.14646464646464646,""molecular_formula"":0.0,""no_radicals"":0.0,""planar_aromatic_rings"":0.010101010101010102,""planar_double_bonds"":0.0,""reference_file_loads"":0.0,""sanitisation"":0.0,""tetrahedral_chirality"":0.010101010101010102}",164,114.12343194877643,2.2258752652608904,2.9831675414037857,157.0,95.73170731707317,0.9969245011215302,0.012195121951219513,154.57745955514676,0.006618084473527661,0.9554140127388535,80.0,48.78048780487805,0.960769107332879,0.036585365853658534,67.36434136865687,0.017251635930993454,0.475,8.0,4.878048780487805,0.9359422835052754,0.25,7.002290185719335,0.1552647233789411,0.0,2.0,1.2195121951219512,0.8208002549877175,0.7439024390243902,1.7663855252008553,0.6189767995240929,0.0,164,18.369071145211542,216.38000746516843,46.68967759072237,26.578794834572705,0.6168430159102644,2.125780782757573,0.0,0.0,1.0,1.0,0.675895145461038,2.1039331416415905,0.0,0.0,1.0,1.0,1000,0,0,0,0,0,198,0,0,0,0,164,198,198,core
1z9g_1z9g_conf0,generation,qwen_4b_bigdata_step110000,fixed,4b_bigdata_step110000,qwen_4b_bigdata_step110000_fixed,Qwen 4B bigdata (step 110000),qwen_4b_bigdata_step110000_fixed,7,17,749,0.7,749,748,1,0.9986648865153538,1000,749,251,0.749,"{""all_atoms_connected"":0,""bond_angles"":8,""bond_lengths"":11,""bonds"":0,""double_bond_stereochemistry"":0,""energy_ratio"":6,""file_loads"":0,""inchi_convertible"":0,""internal_steric_clash"":34,""molecular_formula"":0,""no_radicals"":0,""planar_aromatic_rings"":5,""planar_double_bonds"":0,""reference_file_loads"":0,""sanitisation"":0,""tetrahedral_chirality"":217}","{""all_atoms_connected"":0.0,""bond_angles"":0.008,""bond_lengths"":0.011,""bonds"":0.0,""double_bond_stereochemistry"":0.0,""energy_ratio"":0.006,""file_loads"":0.0,""inchi_convertible"":0.0,""internal_steric_clash"":0.034,""molecular_formula"":0.0,""no_radicals"":0.0,""planar_aromatic_rings"":0.005,""planar_double_bonds"":0.0,""reference_file_loads"":0.0,""sanitisation"":0.0,""tetrahedral_chirality"":0.217}",749,112.42655110350279,1.5425188351882404,2.0184859867044054,523.0,69.826435246996,0.9784679276534922,0.00801068090787717,457.0531577794092,0.0025900132085326048,0.7246653919694073,58.0,7.74365821094793,0.9207611373189213,0.06542056074766354,42.04321947923243,0.029046294035126492,0.10344827586206896,3.0,0.40053404539385845,0.8522329255868895,0.48731642189586116,2.550459565908793,0.4219618146848223,0.0,1.0,0.13351134846461948,0.0,1.0,1.0,1.0,0.0,749,-4.6692844493765495,233.13975492119351,21.68854718401676,24.980207556299735,0.4269403286066558,1.6184385012741715,0.0,1.0,1.0,1.0,0.4349659280054424,1.5728723728593494,0.0,1.0,1.0,1.0,1000,0,0,0,0,0,1000,0,0,0,0,749,1000,1000,core
1z9g_1z9g_conf0,generation,qwen_4b_bigdata_step110000,dynamic,4b_bigdata_step110000,qwen_4b_bigdata_step110000_dynamic,Qwen 4B bigdata (step 110000),qwen_4b_bigdata_step110000_dynamic,7,17,107,0.7,107,107,0,1.0,134,107,27,0.7985074626865671,"{""all_atoms_connected"":0,""bond_angles"":1,""bond_lengths"":0,""bonds"":0,""double_bond_stereochemistry"":0,""energy_ratio"":1,""file_loads"":0,""inchi_convertible"":0,""internal_steric_clash"":2,""molecular_formula"":0,""no_radicals"":0,""planar_aromatic_rings"":1,""planar_double_bonds"":0,""reference_file_loads"":0,""sanitisation"":0,""tetrahedral_chirality"":25}","{""all_atoms_connected"":0.0,""bond_angles"":0.007462686567164179,""bond_lengths"":0.0,""bonds"":0.0,""double_bond_stereochemistry"":0.0,""energy_ratio"":0.007462686567164179,""file_loads"":0.0,""inchi_convertible"":0.0,""internal_steric_clash"":0.014925373134328358,""molecular_formula"":0.0,""no_radicals"":0.0,""planar_aromatic_rings"":0.007462686567164179,""planar_double_bonds"":0.0,""reference_file_loads"":0.0,""sanitisation"":0.0,""tetrahedral_chirality"":0.1865671641791045}",107,111.66217271189961,1.5490005034609775,2.035550100057741,92.0,85.98130841121495,0.989342658920911,0.028037383177570093,87.67162789757184,0.01214079832299764,0.8478260869565217,26.0,24.299065420560748,0.9354439306700554,0.09345794392523364,21.068238710391707,0.054415232771421074,0.23076923076923078,2.0,1.8691588785046729,0.6316198184485629,0.8411214953271028,1.5493035329089118,0.7327277491483972,0.0,1.0,0.9345794392523364,0.0,1.0,1.0,1.0,0.0,107,2.439361625413886,126.4165153780709,20.65216979243276,21.969780228810766,0.4269403286066558,1.6591934598686349,0.0,1.0,1.0,1.0,0.5808215336247938,1.6330492190125068,0.0,0.0,1.0,1.0,1000,0,0,0,0,0,134,0,0,0,0,107,134,134,core
1z9g_1z9g_conf0,generation,qwen_4b_bigdata_step110000,chembl_count,4b_bigdata_step110000,qwen_4b_bigdata_step110000_chembl_count,Qwen 4B bigdata (step 110000),qwen_4b_bigdata_step110000_chembl_count,7,17,148,0.7,148,147,1,0.9932432432432432,199,148,51,0.7437185929648241,"{""all_atoms_connected"":0,""bond_angles"":3,""bond_lengths"":4,""bonds"":0,""double_bond_stereochemistry"":0,""energy_ratio"":2,""file_loads"":0,""inchi_convertible"":0,""internal_steric_clash"":6,""molecular_formula"":0,""no_radicals"":0,""planar_aromatic_rings"":2,""planar_double_bonds"":0,""reference_file_loads"":0,""sanitisation"":0,""tetrahedral_chirality"":45}","{""all_atoms_connected"":0.0,""bond_angles"":0.01507537688442211,""bond_lengths"":0.020100502512562814,""bonds"":0.0,""double_bond_stereochemistry"":0.0,""energy_ratio"":0.010050251256281407,""file_loads"":0.0,""inchi_convertible"":0.0,""internal_steric_clash"":0.03015075376884422,""molecular_formula"":0.0,""no_radicals"":0.0,""planar_aromatic_rings"":0.010050251256281407,""planar_double_bonds"":0.0,""reference_file_loads"":0.0,""sanitisation"":0.0,""tetrahedral_chirality"":0.22613065326633167}",148,111.04110002013591,1.542487017235076,1.9811605574929079,134.0,90.54054054054055,0.9935147982451318,0.013513513513513514,129.8105812619625,0.008035062089116146,0.8955223880597015,36.0,24.324324324324323,0.9200772284203533,0.08783783783783784,27.034509320624313,0.044831994156318486,0.3055555555555556,2.0,1.3513513513513513,0.5529740500544369,0.8716216216216216,1.4671069548841178,0.7762052593133675,0.0,1.0,0.6756756756756757,0.0,1.0,1.0,1.0,0.0,148,-1.2333458711066712,148.39538770616747,22.417278524888793,26.664849363927374,0.7720649323762783,1.619783371305235,0.0,0.0,0.0,1.0,0.7224442927719273,1.5997795576387723,0.0,0.0,1.0,1.0,1000,0,0,0,0,0,199,0,0,0,0,148,199,199,core
2br1_2br1_conf0,generation,qwen_4b_bigdata_step110000,fixed,4b_bigdata_step110000,qwen_4b_bigdata_step110000_fixed,Qwen 4B bigdata (step 110000),qwen_4b_bigdata_step110000_fixed,8,29,944,0.7,944,940,4,0.9957627118644068,1000,944,56,0.944,"{""all_atoms_connected"":0,""bond_angles"":17,""bond_lengths"":9,""bonds"":0,""double_bond_stereochemistry"":0,""energy_ratio"":13,""file_loads"":0,""inchi_convertible"":0,""internal_steric_clash"":52,""molecular_formula"":0,""no_radicals"":0,""planar_aromatic_rings"":10,""planar_double_bonds"":0,""reference_file_loads"":0,""sanitisation"":0,""tetrahedral_chirality"":0}","{""all_atoms_connected"":0.0,""bond_angles"":0.017,""bond_lengths"":0.009,""bonds"":0.0,""double_bond_stereochemistry"":0.0,""energy_ratio"":0.013,""file_loads"":0.0,""inchi_convertible"":0.0,""internal_steric_clash"":0.052,""molecular_formula"":0.0,""no_radicals"":0.0,""planar_aromatic_rings"":0.01,""planar_double_bonds"":0.0,""reference_file_loads"":0.0,""sanitisation"":0.0,""tetrahedral_chirality"":0.0}",944,101.68429302842524,1.031623975172156,1.3507997886064205,249.0,26.377118644067796,0.9331906629973866,0.020127118644067795,172.23081528038023,0.007760880494110889,0.3413654618473896,13.0,1.3771186440677967,0.8142950269505004,0.20127118644067796,8.07381013186902,0.14253941037058315,0.07692307692307693,1.0,0.1059322033898305,0.0,1.0,1.0,1.0,0.0,1.0,0.1059322033898305,0.0,1.0,1.0,1.0,0.0,944,32.848560788053526,1088.3995505810149,51.1647461986475,36.88840162545076,0.28688613350804015,0.9565747144066075,0.0,1.0,1.0,1.0,0.25838003946494276,0.964569589302468,0.0,1.0,1.0,1.0,1000,0,0,0,0,0,1000,0,0,0,0,944,1000,1000,core
2br1_2br1_conf0,generation,qwen_4b_bigdata_step110000,dynamic,4b_bigdata_step110000,qwen_4b_bigdata_step110000_dynamic,Qwen 4B bigdata (step 110000),qwen_4b_bigdata_step110000_dynamic,8,29,147,0.7,147,146,1,0.9931972789115646,156,147,9,0.9423076923076924,"{""all_atoms_connected"":0,""bond_angles"":2,""bond_lengths"":2,""bonds"":0,""double_bond_stereochemistry"":0,""energy_ratio"":2,""file_loads"":0,""inchi_convertible"":0,""internal_steric_clash"":8,""molecular_formula"":0,""no_radicals"":0,""planar_aromatic_rings"":2,""planar_double_bonds"":0,""reference_file_loads"":0,""sanitisation"":0,""tetrahedral_chirality"":0}","{""all_atoms_connected"":0.0,""bond_angles"":0.01282051282051282,""bond_lengths"":0.01282051282051282,""bonds"":0.0,""double_bond_stereochemistry"":0.0,""energy_ratio"":0.01282051282051282,""file_loads"":0.0,""inchi_convertible"":0.0,""internal_steric_clash"":0.05128205128205128,""molecular_formula"":0.0,""no_radicals"":0.0,""planar_aromatic_rings"":0.01282051282051282,""planar_double_bonds"":0.0,""reference_file_loads"":0.0,""sanitisation"":0.0,""tetrahedral_chirality"":0.0}",147,101.52812628909155,1.027114633866201,1.3574185137757377,81.0,55.10204081632653,0.9567027846063885,0.047619047619047616,66.96578002941855,0.018186866583368037,0.5679012345679012,6.0,4.081632653061225,0.8310745709166885,0.3129251700680272,4.433040678776418,0.2467027627377482,0.16666666666666666,1.0,0.6802721088435374,0.0,1.0,1.0,1.0,0.0,1.0,0.6802721088435374,0.0,1.0,1.0,1.0,0.0,147,35.432977812238654,126.8456385443444,50.35541401816756,13.709516280312933,0.3647959528463723,0.9547723862457875,0.0,1.0,1.0,1.0,0.3335224550927205,0.9533769101603328,0.0,1.0,1.0,1.0,1000,0,0,0,0,0,156,0,0,0,0,147,156,156,core
2br1_2br1_conf0,generation,qwen_4b_bigdata_step110000,chembl_count,4b_bigdata_step110000,qwen_4b_bigdata_step110000_chembl_count,Qwen 4B bigdata (step 110000),qwen_4b_bigdata_step110000_chembl_count,8,29,189,0.7,189,189,0,1.0,200,189,11,0.945,"{""all_atoms_connected"":0,""bond_angles"":2,""bond_lengths"":1,""bonds"":0,""double_bond_stereochemistry"":0,""energy_ratio"":1,""file_loads"":0,""inchi_convertible"":0,""internal_steric_clash"":10,""molecular_formula"":0,""no_radicals"":0,""planar_aromatic_rings"":2,""planar_double_bonds"":0,""reference_file_loads"":0,""sanitisation"":0,""tetrahedral_chirality"":0}","{""all_atoms_connected"":0.0,""bond_angles"":0.01,""bond_lengths"":0.005,""bonds"":0.0,""double_bond_stereochemistry"":0.0,""energy_ratio"":0.005,""file_loads"":0.0,""inchi_convertible"":0.0,""internal_steric_clash"":0.05,""molecular_formula"":0.0,""no_radicals"":0.0,""planar_aromatic_rings"":0.01,""planar_double_bonds"":0.0,""reference_file_loads"":0.0,""sanitisation"":0.0,""tetrahedral_chirality"":0.0}",189,101.1364370062558,0.9839266318436902,1.279443772945613,100.0,52.91005291005291,0.9498208169460446,0.042328042328042326,79.36730504756248,0.015984994820973653,0.6,9.0,4.761904761904762,0.7211355003010638,0.3386243386243386,4.876835980095169,0.2495730802609109,0.1111111111111111,1.0,0.5291005291005291,0.0,1.0,1.0,1.0,0.0,1.0,0.5291005291005291,0.0,1.0,1.0,1.0,0.0,189,35.37047856829906,152.21256900769006,51.06452718304746,13.56300142749532,0.3584753373484491,0.9392271693890338,0.0,1.0,1.0,1.0,0.33913678017055227,0.9588837195630195,0.0,1.0,1.0,1.0,1000,0,0,0,0,0,200,0,0,0,0,189,200,200,core
2brb_2brb_conf0,generation,qwen_4b_bigdata_step110000,fixed,4b_bigdata_step110000,qwen_4b_bigdata_step110000_fixed,Qwen 4B bigdata (step 110000),qwen_4b_bigdata_step110000_fixed,6,25,982,0.7,982,981,1,0.9989816700610998,1000,982,18,0.982,"{""all_atoms_connected"":0,""bond_angles"":8,""bond_lengths"":6,""bonds"":0,""double_bond_stereochemistry"":0,""energy_ratio"":5,""file_loads"":0,""inchi_convertible"":0,""internal_steric_clash"":14,""molecular_formula"":0,""no_radicals"":0,""planar_aromatic_rings"":2,""planar_double_bonds"":0,""reference_file_loads"":0,""sanitisation"":0,""tetrahedral_chirality"":0}","{""all_atoms_connected"":0.0,""bond_angles"":0.008,""bond_lengths"":0.006,""bonds"":0.0,""double_bond_stereochemistry"":0.0,""energy_ratio"":0.005,""file_loads"":0.0,""inchi_convertible"":0.0,""internal_steric_clash"":0.014,""molecular_formula"":0.0,""no_radicals"":0.0,""planar_aromatic_rings"":0.002,""planar_double_bonds"":0.0,""reference_file_loads"":0.0,""sanitisation"":0.0,""tetrahedral_chirality"":0.0}",982,87.5225825690918,0.8989965323306426,1.2282843167114739,139.0,14.15478615071283,0.8350225660468714,0.07942973523421588,61.583691415222404,0.026557464088833214,0.39568345323741005,7.0,0.7128309572301426,0.7292238594787527,0.390020366598778,4.1330023705381915,0.2749324915692236,0.2857142857142857,1.0,0.10183299389002037,0.0,1.0,1.0,1.0,0.0,1.0,0.10183299389002037,0.0,1.0,1.0,1.0,0.0,982,14.567598981842815,358.5588820719017,35.42541395316765,29.24481620285976,0.2027783426356187,0.8731595216561578,1.0,1.0,1.0,1.0,0.23476218819066647,0.8894515467270283,1.0,1.0,1.0,1.0,1000,0,0,0,0,0,1000,0,0,0,0,982,1000,1000,core
2brb_2brb_conf0,generation,qwen_4b_bigdata_step110000,dynamic,4b_bigdata_step110000,qwen_4b_bigdata_step110000_dynamic,Qwen 4B bigdata (step 110000),qwen_4b_bigdata_step110000_dynamic,6,25,109,0.7,109,109,0,1.0,112,109,3,0.9732142857142856,"{""all_atoms_connected"":0,""bond_angles"":2,""bond_lengths"":1,""bonds"":0,""double_bond_stereochemistry"":0,""energy_ratio"":2,""file_loads"":0,""inchi_convertible"":0,""internal_steric_clash"":3,""molecular_formula"":0,""no_radicals"":0,""planar_aromatic_rings"":1,""planar_double_bonds"":0,""reference_file_loads"":0,""sanitisation"":0,""tetrahedral_chirality"":0}","{""all_atoms_connected"":0.0,""bond_angles"":0.017857142857142856,""bond_lengths"":0.008928571428571428,""bonds"":0.0,""double_bond_stereochemistry"":0.0,""energy_ratio"":0.017857142857142856,""file_loads"":0.0,""inchi_convertible"":0.0,""internal_steric_clash"":0.026785714285714284,""molecular_formula"":0.0,""no_radicals"":0.0,""planar_aromatic_rings"":0.008928571428571428,""planar_double_bonds"":0.0,""reference_file_loads"":0.0,""sanitisation"":0.0,""tetrahedral_chirality"":0.0}",109,85.96054743256508,0.9180745770291932,1.2590871429757375,41.0,37.61467889908257,0.8956709257888851,0.11009174311926606,27.830666687629858,0.04873327161013383,0.5853658536585366,6.0,5.504587155963303,0.62240705290253,0.5137614678899083,3.050189533294751,0.39819880481440956,0.3333333333333333,1.0,0.9174311926605505,0.0,1.0,1.0,1.0,0.0,1.0,0.9174311926605505,0.0,1.0,1.0,1.0,0.0,109,18.363461428897054,325.7839710761251,36.798874763804,44.80617730359297,0.3167498391003266,0.8801100411364583,0.0,1.0,1.0,1.0,0.2770008939010773,0.899993756772597,0.0,1.0,1.0,1.0,1000,0,0,0,0,0,112,0,0,0,0,109,112,112,core
2brb_2brb_conf0,generation,qwen_4b_bigdata_step110000,chembl_count,4b_bigdata_step110000,qwen_4b_bigdata_step110000_chembl_count,Qwen 4B bigdata (step 110000),qwen_4b_bigdata_step110000_chembl_count,6,25,198,0.7,198,198,0,1.0,200,198,2,0.99,"{""all_atoms_connected"":0,""bond_angles"":1,""bond_lengths"":1,""bonds"":0,""double_bond_stereochemistry"":0,""energy_ratio"":0,""file_loads"":0,""inchi_convertible"":0,""internal_steric_clash"":1,""molecular_formula"":0,""no_radicals"":0,""planar_aromatic_rings"":0,""planar_double_bonds"":0,""reference_file_loads"":0,""sanitisation"":0,""tetrahedral_chirality"":0}","{""all_atoms_connected"":0.0,""bond_angles"":0.005,""bond_lengths"":0.005,""bonds"":0.0,""double_bond_stereochemistry"":0.0,""energy_ratio"":0.0,""file_loads"":0.0,""inchi_convertible"":0.0,""internal_steric_clash"":0.005,""molecular_formula"":0.0,""no_radicals"":0.0,""planar_aromatic_rings"":0.0,""planar_double_bonds"":0.0,""reference_file_loads"":0.0,""sanitisation"":0.0,""tetrahedral_chirality"":0.0}",198,87.27989079279277,0.865488383732264,1.208594513644064,50.0,25.252525252525253,0.8760640737042349,0.1111111111111111,30.789779809909728,0.04504642383430262,0.44,5.0,2.525252525252525,0.7919044932493408,0.51010101010101,3.576988032041635,0.34639322518110394,0.0,1.0,0.5050505050505051,0.0,1.0,1.0,1.0,0.0,1.0,0.5050505050505051,0.0,1.0,1.0,1.0,0.0,198,16.320184683752164,281.9750346286419,35.84824376264297,24.60432870770228,0.31973264233093457,0.8726113266227954,0.0,1.0,1.0,1.0,0.3008175469115135,0.8823642066758741,0.0,1.0,1.0,1.0,1000,0,0,0,0,0,200,0,0,0,0,198,200,200,core
2c3i_2c3i_conf0,generation,qwen_4b_bigdata_step110000,fixed,4b_bigdata_step110000,qwen_4b_bigdata_step110000_fixed,Qwen 4B bigdata (step 110000),qwen_4b_bigdata_step110000_fixed,5,23,915,0.7,915,913,2,0.9978142076502732,1000,915,85,0.915,"{""all_atoms_connected"":0,""bond_angles"":3,""bond_lengths"":12,""bonds"":0,""double_bond_stereochemistry"":0,""energy_ratio"":3,""file_loads"":0,""inchi_convertible"":0,""internal_steric_clash"":77,""molecular_formula"":0,""no_radicals"":0,""planar_aromatic_rings"":0,""planar_double_bonds"":0,""reference_file_loads"":0,""sanitisation"":0,""tetrahedral_chirality"":0}","{""all_atoms_connected"":0.0,""bond_angles"":0.003,""bond_lengths"":0.012,""bonds"":0.0,""double_bond_stereochemistry"":0.0,""energy_ratio"":0.003,""file_loads"":0.0,""inchi_convertible"":0.0,""internal_steric_clash"":0.077,""molecular_formula"":0.0,""no_radicals"":0.0,""planar_aromatic_rings"":0.0,""planar_double_bonds"":0.0,""reference_file_loads"":0.0,""sanitisation"":0.0,""tetrahedral_chirality"":0.0}",915,114.35923465283417,1.0395537196848983,1.5248664092407758,143.0,15.628415300546449,0.8491743290382078,0.08633879781420765,67.64816700783351,0.02535160799068351,0.35664335664335667,14.0,1.530054644808743,0.7953315992768881,0.2010928961748634,8.157401597168283,0.14116276986473175,0.14285714285714285,3.0,0.32786885245901637,0.3612221530279257,0.8819672131147541,1.4871225766441636,0.7896694436979307,0.0,1.0,0.1092896174863388,0.0,1.0,1.0,1.0,0.0,915,28.465594890211598,1907.8194258340807,55.007619280938506,64.14487580513537,0.2872477139543595,0.834213115306255,0.0,1.0,1.0,1.0,0.3430213722596571,0.838475880486518,0.0,1.0,1.0,1.0,1000,0,0,0,0,0,1000,0,0,0,0,915,1000,1000,core
2c3i_2c3i_conf0,generation,qwen_4b_bigdata_step110000,dynamic,4b_bigdata_step110000,qwen_4b_bigdata_step110000_dynamic,Qwen 4B bigdata (step 110000),qwen_4b_bigdata_step110000_dynamic,5,23,83,0.7,83,82,1,0.9879518072289156,90,83,7,0.9222222222222224,"{""all_atoms_connected"":0,""bond_angles"":0,""bond_lengths"":1,""bonds"":0,""double_bond_stereochemistry"":0,""energy_ratio"":0,""file_loads"":0,""inchi_convertible"":0,""internal_steric_clash"":7,""molecular_formula"":0,""no_radicals"":0,""planar_aromatic_rings"":0,""planar_double_bonds"":0,""reference_file_loads"":0,""sanitisation"":0,""tetrahedral_chirality"":0}","{""all_atoms_connected"":0.0,""bond_angles"":0.0,""bond_lengths"":0.011111111111111112,""bonds"":0.0,""double_bond_stereochemistry"":0.0,""energy_ratio"":0.0,""file_loads"":0.0,""inchi_convertible"":0.0,""internal_steric_clash"":0.07777777777777778,""molecular_formula"":0.0,""no_radicals"":0.0,""planar_aromatic_rings"":0.0,""planar_double_bonds"":0.0,""reference_file_loads"":0.0,""sanitisation"":0.0,""tetrahedral_chirality"":0.0}",83,115.10082172036832,1.1168709877373473,1.5997060082961694,43.0,51.80722891566265,0.9558575126759371,0.060240963855421686,36.42194170990151,0.03178980984177674,0.5116279069767442,9.0,10.843373493975903,0.8980877430527782,0.27710843373493976,7.194382129289513,0.15982000290317896,0.1111111111111111,2.0,2.4096385542168677,0.6261776539736494,0.8433734939759037,1.5434702268225866,0.7358107127304399,0.0,1.0,1.2048192771084338,0.0,1.0,1.0,1.0,0.0,83,34.5520848835412,1907.8194258340807,53.087049300730676,202.97555605311157,0.4210643886907243,0.9346476518947794,0.0,1.0,1.0,1.0,0.40483722779916037,0.9397881398064856,0.0,1.0,1.0,1.0,1000,0,0,0,0,0,90,0,0,0,0,83,90,90,core
2c3i_2c3i_conf0,generation,qwen_4b_bigdata_step110000,chembl_count,4b_bigdata_step110000,qwen_4b_bigdata_step110000_chembl_count,Qwen 4B bigdata (step 110000),qwen_4b_bigdata_step110000_chembl_count,5,23,183,0.7,183,183,0,1.0,200,183,17,0.915,"{""all_atoms_connected"":0,""bond_angles"":0,""bond_lengths"":2,""bonds"":0,""double_bond_stereochemistry"":0,""energy_ratio"":0,""file_loads"":0,""inchi_convertible"":0,""internal_steric_clash"":15,""molecular_formula"":0,""no_radicals"":0,""planar_aromatic_rings"":0,""planar_double_bonds"":0,""reference_file_loads"":0,""sanitisation"":0,""tetrahedral_chirality"":0}","{""all_atoms_connected"":0.0,""bond_angles"":0.0,""bond_lengths"":0.01,""bonds"":0.0,""double_bond_stereochemistry"":0.0,""energy_ratio"":0.0,""file_loads"":0.0,""inchi_convertible"":0.0,""internal_steric_clash"":0.075,""molecular_formula"":0.0,""no_radicals"":0.0,""planar_aromatic_rings"":0.0,""planar_double_bonds"":0.0,""reference_file_loads"":0.0,""sanitisation"":0.0,""tetrahedral_chirality"":0.0}",183,114.58333840328812,1.0027260732196022,1.4636842442148514,65.0,35.51912568306011,0.8877469690741276,0.09289617486338798,40.68256598864869,0.0371166651736391,0.5384615384615384,10.0,5.46448087431694,0.7122135639409927,0.29508196721311475,5.154820701339966,0.23109080593627757,0.2,1.0,0.546448087431694,0.0,1.0,1.0,1.0,0.0,1.0,0.546448087431694,0.0,1.0,1.0,1.0,0.0,183,29.75262181068367,148.95383281947906,54.43712819400504,15.493104636770568,0.2872477139543595,0.8497344054141636,0.0,1.0,1.0,1.0,0.3430213722596571,0.8379956114234846,0.0,1.0,1.0,1.0,1000,0,0,0,0,0,200,0,0,0,0,183,200,200,core
2fvd_2fvd_conf0,generation,qwen_4b_bigdata_step110000,fixed,4b_bigdata_step110000,qwen_4b_bigdata_step110000_fixed,Qwen 4B bigdata (step 110000),qwen_4b_bigdata_step110000_fixed,7,30,858,0.7,858,854,4,0.9953379953379954,1000,858,142,0.858,"{""all_atoms_connected"":0,""bond_angles"":57,""bond_lengths"":36,""bonds"":0,""double_bond_stereochemistry"":0,""energy_ratio"":32,""file_loads"":0,""inchi_convertible"":0,""internal_steric_clash"":102,""molecular_formula"":0,""no_radicals"":0,""planar_aromatic_rings"":4,""planar_double_bonds"":0,""reference_file_loads"":0,""sanitisation"":0,""tetrahedral_chirality"":0}","{""all_atoms_connected"":0.0,""bond_angles"":0.057,""bond_lengths"":0.036,""bonds"":0.0,""double_bond_stereochemistry"":0.0,""energy_ratio"":0.032,""file_loads"":0.0,""inchi_convertible"":0.0,""internal_steric_clash"":0.102,""molecular_formula"":0.0,""no_radicals"":0.0,""planar_aromatic_rings"":0.004,""planar_double_bonds"":0.0,""reference_file_loads"":0.0,""sanitisation"":0.0,""tetrahedral_chirality"":0.0}",858,93.47816029862042,2.1909382691758963,2.826101340200232,841.0,98.01864801864802,0.9988930388577653,0.002331002331002331,834.7537145395646,0.001211686526371841,0.9797859690844233,321.0,37.41258741258741,0.9552314863455662,0.013986013986013986,247.90913363776116,0.005045071478637911,0.3987538940809969,12.0,1.3986013986013985,0.8655816194252045,0.2261072261072261,8.592498215356022,0.1393412337468282,0.0,2.0,0.2331002331002331,0.4238174425777909,0.9137529137529138,1.341472465339599,0.8423829472780522,0.0,858,-73.9746212838501,371.9474074212914,-43.106394716650854,26.363521870599932,0.5356890619397877,2.186001408093559,0.0,0.0,1.0,1.0,0.5739169772103899,2.206391496694578,0.0,0.0,1.0,1.0,1000,0,0,0,0,0,1000,0,0,0,0,858,1000,1000,core
2fvd_2fvd_conf0,generation,qwen_4b_bigdata_step110000,dynamic,4b_bigdata_step110000,qwen_4b_bigdata_step110000_dynamic,Qwen 4B bigdata (step 110000),qwen_4b_bigdata_step110000_dynamic,7,30,119,0.7,119,118,1,0.9915966386554622,134,119,15,0.8880597014925373,"{""all_atoms_connected"":0,""bond_angles"":4,""bond_lengths"":2,""bonds"":0,""double_bond_stereochemistry"":0,""energy_ratio"":0,""file_loads"":0,""inchi_convertible"":0,""internal_steric_clash"":13,""molecular_formula"":0,""no_radicals"":0,""planar_aromatic_rings"":0,""planar_double_bonds"":0,""reference_file_loads"":0,""sanitisation"":0,""tetrahedral_chirality"":0}","{""all_atoms_connected"":0.0,""bond_angles"":0.029850746268656716,""bond_lengths"":0.014925373134328358,""bonds"":0.0,""double_bond_stereochemistry"":0.0,""energy_ratio"":0.0,""file_loads"":0.0,""inchi_convertible"":0.0,""internal_steric_clash"":0.09701492537313433,""molecular_formula"":0.0,""no_radicals"":0.0,""planar_aromatic_rings"":0.0,""planar_double_bonds"":0.0,""reference_file_loads"":0.0,""sanitisation"":0.0,""tetrahedral_chirality"":0.0}",119,94.58619608784892,2.188316059151429,2.8169469115390213,119.0,100.0,0.9999999999999998,0.008403361344537815,118.99999999999993,0.008403361344537822,1.0,89.0,74.78991596638656,0.9793626413563427,0.03361344537815126,81.12594074107555,0.013770213967940113,0.7415730337078652,10.0,8.403361344537815,0.8947847799863039,0.25210084033613445,7.848465977621263,0.14935385919073513,0.0,2.0,1.680672268907563,0.6906241389199442,0.8151260504201681,1.6139816083669727,0.6986088553068286,0.0,119,-71.39910415543427,371.9474074212914,-44.25984287189797,42.96777498774418,0.8362864511876362,2.140145221921478,0.0,0.0,0.0,1.0,0.8324616715562608,2.158043368096215,0.0,0.0,0.0,1.0,1000,0,0,0,0,0,134,0,0,0,0,119,134,134,core
2fvd_2fvd_conf0,generation,qwen_4b_bigdata_step110000,chembl_count,4b_bigdata_step110000,qwen_4b_bigdata_step110000_chembl_count,Qwen 4B bigdata (step 110000),qwen_4b_bigdata_step110000_chembl_count,7,30,168,0.7,168,167,1,0.9940476190476191,200,168,32,0.84,"{""all_atoms_connected"":0,""bond_angles"":15,""bond_lengths"":10,""bonds"":0,""double_bond_stereochemistry"":0,""energy_ratio"":5,""file_loads"":0,""inchi_convertible"":0,""internal_steric_clash"":18,""molecular_formula"":0,""no_radicals"":0,""planar_aromatic_rings"":0,""planar_double_bonds"":0,""reference_file_loads"":0,""sanitisation"":0,""tetrahedral_chirality"":0}","{""all_atoms_connected"":0.0,""bond_angles"":0.075,""bond_lengths"":0.05,""bonds"":0.0,""double_bond_stereochemistry"":0.0,""energy_ratio"":0.025,""file_loads"":0.0,""inchi_convertible"":0.0,""internal_steric_clash"":0.09,""molecular_formula"":0.0,""no_radicals"":0.0,""planar_aromatic_rings"":0.0,""planar_double_bonds"":0.0,""reference_file_loads"":0.0,""sanitisation"":0.0,""tetrahedral_chirality"":0.0}",168,91.95987560122343,2.184159883077016,2.7802997713047493,168.0,100.0,1.0000000000000002,0.005952380952380952,168.0000000000001,0.00595238095238095,1.0,118.0,70.23809523809524,0.9787996114546634,0.02976190476190476,106.64912674083,0.010558390022675737,0.6694915254237288,10.0,5.9523809523809526,0.8756299073078126,0.23214285714285715,7.509826564340527,0.1540532879818594,0.1,2.0,1.1904761904761905,0.5600443203590992,0.8690476190476191,1.4743145083213742,0.7723922902494331,0.0,168,-73.2410710342594,103.79854968555232,-43.65104528299009,22.772529889630626,0.6383030813583555,2.1755494643907665,0.0,0.0,1.0,1.0,0.6581924696806735,2.1615535570978754,0.0,0.0,1.0,1.0,1000,0,0,0,0,0,200,0,0,0,0,168,200,200,core
2hb1_2hb1_conf0,generation,qwen_4b_bigdata_step110000,fixed,4b_bigdata_step110000,qwen_4b_bigdata_step110000_fixed,Qwen 4B bigdata (step 110000),qwen_4b_bigdata_step110000_fixed,4,14,876,0.7,876,875,1,0.9988584474885844,1000,876,124,0.876,"{""all_atoms_connected"":0,""bond_angles"":4,""bond_lengths"":1,""bonds"":0,""double_bond_stereochemistry"":0,""energy_ratio"":6,""file_loads"":0,""inchi_convertible"":0,""internal_steric_clash"":121,""molecular_formula"":0,""no_radicals"":0,""planar_aromatic_rings"":0,""planar_double_bonds"":0,""reference_file_loads"":0,""sanitisation"":0,""tetrahedral_chirality"":0}","{""all_atoms_connected"":0.0,""bond_angles"":0.004,""bond_lengths"":0.001,""bonds"":0.0,""double_bond_stereochemistry"":0.0,""energy_ratio"":0.006,""file_loads"":0.0,""inchi_convertible"":0.0,""internal_steric_clash"":0.121,""molecular_formula"":0.0,""no_radicals"":0.0,""planar_aromatic_rings"":0.0,""planar_double_bonds"":0.0,""reference_file_loads"":0.0,""sanitisation"":0.0,""tetrahedral_chirality"":0.0}",876,105.55649887289118,1.0740711678218209,1.5118884812136693,90.0,10.273972602739725,0.9005759360077219,0.05365296803652968,57.53654468812988,0.02309428493984695,0.13333333333333333,6.0,0.684931506849315,0.9444200476719041,0.2545662100456621,5.431273100857424,0.19354006380183897,0.0,1.0,0.1141552511415525,0.0,1.0,1.0,1.0,0.0,1.0,0.1141552511415525,0.0,1.0,1.0,1.0,0.0,876,130.15961853333704,429.40197130152626,163.3227139338323,26.217195113324895,0.152898573399751,0.9695655704379553,1.0,1.0,1.0,1.0,0.21362449310025625,0.9697728433198758,1.0,1.0,1.0,1.0,1000,0,0,0,0,0,1000,0,0,0,0,876,1000,1000,core
2hb1_2hb1_conf0,generation,qwen_4b_bigdata_step110000,dynamic,4b_bigdata_step110000,qwen_4b_bigdata_step110000_dynamic,Qwen 4B bigdata (step 110000),qwen_4b_bigdata_step110000_dynamic,4,14,57,0.7,57,57,0,1.0,68,57,11,0.8382352941176471,"{""all_atoms_connected"":0,""bond_angles"":0,""bond_lengths"":0,""bonds"":0,""double_bond_stereochemistry"":0,""energy_ratio"":1,""file_loads"":0,""inchi_convertible"":0,""internal_steric_clash"":11,""molecular_formula"":0,""no_radicals"":0,""planar_aromatic_rings"":0,""planar_double_bonds"":0,""reference_file_loads"":0,""sanitisation"":0,""tetrahedral_chirality"":0}","{""all_atoms_connected"":0.0,""bond_angles"":0.0,""bond_lengths"":0.0,""bonds"":0.0,""double_bond_stereochemistry"":0.0,""energy_ratio"":0.014705882352941176,""file_loads"":0.0,""inchi_convertible"":0.0,""internal_steric_clash"":0.16176470588235295,""molecular_formula"":0.0,""no_radicals"":0.0,""planar_aromatic_rings"":0.0,""planar_double_bonds"":0.0,""reference_file_loads"":0.0,""sanitisation"":0.0,""tetrahedral_chirality"":0.0}",57,103.15853663646114,1.0828321376366232,1.5203817094433814,29.0,50.87719298245614,0.9450202126615833,0.10526315789473684,24.09881384771621,0.05016928285626345,0.4827586206896552,5.0,8.771929824561404,0.8892934391829042,0.40350877192982454,4.183978450519361,0.2717759310557094,0.0,1.0,1.7543859649122806,0.0,1.0,1.0,1.0,0.0,1.0,1.7543859649122806,0.0,1.0,1.0,1.0,0.0,57,136.96719455347375,227.85381805908355,162.1927772513311,19.183452047304765,0.30364520903058595,0.9441750914164243,0.0,1.0,1.0,1.0,0.2826724197143757,0.9525351054963327,0.0,1.0,1.0,1.0,1000,0,0,0,0,0,68,0,0,0,0,57,68,68,core
2hb1_2hb1_conf0,generation,qwen_4b_bigdata_step110000,chembl_count,4b_bigdata_step110000,qwen_4b_bigdata_step110000_chembl_count,Qwen 4B bigdata (step 110000),qwen_4b_bigdata_step110000_chembl_count,4,14,33,0.7,33,33,0,1.0,38,33,5,0.868421052631579,"{""all_atoms_connected"":0,""bond_angles"":0,""bond_lengths"":0,""bonds"":0,""double_bond_stereochemistry"":0,""energy_ratio"":0,""file_loads"":0,""inchi_convertible"":0,""internal_steric_clash"":5,""molecular_formula"":0,""no_radicals"":0,""planar_aromatic_rings"":0,""planar_double_bonds"":0,""reference_file_loads"":0,""sanitisation"":0,""tetrahedral_chirality"":0}","{""all_atoms_connected"":0.0,""bond_angles"":0.0,""bond_lengths"":0.0,""bonds"":0.0,""double_bond_stereochemistry"":0.0,""energy_ratio"":0.0,""file_loads"":0.0,""inchi_convertible"":0.0,""internal_steric_clash"":0.13157894736842105,""molecular_formula"":0.0,""no_radicals"":0.0,""planar_aromatic_rings"":0.0,""planar_double_bonds"":0.0,""reference_file_loads"":0.0,""sanitisation"":0.0,""tetrahedral_chirality"":0.0}",33,93.28777540574914,1.1097025108033962,1.5656374900861914,22.0,66.66666666666667,0.962958148138285,0.12121212121212122,19.619903127774812,0.05785123966942148,0.6363636363636364,5.0,15.151515151515152,0.8964671994751797,0.36363636363636365,4.232565447923647,0.26170798898071623,0.0,1.0,3.0303030303030303,0.0,1.0,1.0,1.0,0.0,1.0,3.0303030303030303,0.0,1.0,1.0,1.0,0.0,33,135.60473918120965,277.07557946693464,170.9858925925061,28.296831795779077,0.2598773155344873,1.0533661953081097,0.0,1.0,1.0,1.0,0.2954394024851761,1.037032840323068,0.0,1.0,1.0,1.0,1000,0,0,0,0,0,38,0,0,0,0,33,38,38,core
2p4y_2p4y_conf0,generation,qwen_4b_bigdata_step110000,fixed,4b_bigdata_step110000,qwen_4b_bigdata_step110000_fixed,Qwen 4B bigdata (step 110000),qwen_4b_bigdata_step110000_fixed,8,40,670,0.7,670,656,14,0.9791044776119403,998,670,328,0.6713426853707415,"{""all_atoms_connected"":0,""bond_angles"":194,""bond_lengths"":138,""bonds"":0,""double_bond_stereochemistry"":0,""energy_ratio"":144,""file_loads"":0,""inchi_convertible"":0,""internal_steric_clash"":228,""molecular_formula"":0,""no_radicals"":0,""planar_aromatic_rings"":55,""planar_double_bonds"":0,""reference_file_loads"":0,""sanitisation"":0,""tetrahedral_chirality"":37}","{""all_atoms_connected"":0.0,""bond_angles"":0.19438877755511022,""bond_lengths"":0.13827655310621242,""bonds"":0.0,""double_bond_stereochemistry"":0.0,""energy_ratio"":0.14428857715430862,""file_loads"":0.0,""inchi_convertible"":0.0,""internal_steric_clash"":0.22845691382765532,""molecular_formula"":0.0,""no_radicals"":0.0,""planar_aromatic_rings"":0.05511022044088176,""planar_double_bonds"":0.0,""reference_file_loads"":0.0,""sanitisation"":0.0,""tetrahedral_chirality"":0.03707414829659319}",670,96.46526116981994,2.7779184471387337,3.7184404679102965,657.0,98.05970149253731,0.998874088985124,0.0029850746268656717,652.2183924506088,0.001550456671864558,0.9802130898021308,340.0,50.74626865671642,0.9620196826362082,0.019402985074626865,272.4786910753576,0.004709289374025396,0.5294117647058824,23.0,3.4328358208955225,0.892366586459836,0.11343283582089553,16.41195890035488,0.07179327244375137,0.043478260869565216,5.0,0.746268656716418,0.8206282103045006,0.4014925373134328,3.7462305721037876,0.30654043216752064,0.0,670,155.3488129302959,279930.66985524935,184.2662562255542,14805.228464102083,0.8200793338742104,2.721841852864945,0.0,0.0,0.0,1.0,0.7227102972051928,2.6776199471330626,0.0,0.0,1.0,1.0,998,0,0,0,0,0,998,0,0,0,0,670,1000,1000,core
2p4y_2p4y_conf0,generation,qwen_4b_bigdata_step110000,dynamic,4b_bigdata_step110000,qwen_4b_bigdata_step110000_dynamic,Qwen 4B bigdata (step 110000),qwen_4b_bigdata_step110000_dynamic,8,40,108,0.7,108,106,2,0.9814814814814815,156,108,48,0.6923076923076923,"{""all_atoms_connected"":0,""bond_angles"":29,""bond_lengths"":22,""bonds"":0,""double_bond_stereochemistry"":0,""energy_ratio"":18,""file_loads"":0,""inchi_convertible"":0,""internal_steric_clash"":33,""molecular_formula"":0,""no_radicals"":0,""planar_aromatic_rings"":7,""planar_double_bonds"":0,""reference_file_loads"":0,""sanitisation"":0,""tetrahedral_chirality"":6}","{""all_atoms_connected"":0.0,""bond_angles"":0.1858974358974359,""bond_lengths"":0.14102564102564102,""bonds"":0.0,""double_bond_stereochemistry"":0.0,""energy_ratio"":0.11538461538461539,""file_loads"":0.0,""inchi_convertible"":0.0,""internal_steric_clash"":0.21153846153846154,""molecular_formula"":0.0,""no_radicals"":0.0,""planar_aromatic_rings"":0.04487179487179487,""planar_double_bonds"":0.0,""reference_file_loads"":0.0,""sanitisation"":0.0,""tetrahedral_chirality"":0.038461538461538464}",108,96.1289501372603,2.6924135528477717,3.6572374538673476,108.0,100.0,0.9999999999999997,0.009259259259259259,107.99999999999983,0.00925925925925926,1.0,86.0,79.62962962962963,0.9805078098051707,0.037037037037037035,78.84802862893423,0.014231824417009601,0.813953488372093,13.0,12.037037037037036,0.8947428560892116,0.17592592592592593,9.924139413229701,0.11711248285322359,0.07692307692307693,3.0,2.7777777777777777,0.9787422358533153,0.42592592592592593,2.9307496623106606,0.3489368998628258,0.0,108,155.3488129302959,456.18946304500423,181.48922540732048,39.73909874756809,1.0756958379161043,2.7236459488335374,0.0,0.0,0.0,1.0,1.1283714140157979,2.691197745504441,0.0,0.0,0.0,1.0,998,0,0,0,0,0,156,0,0,0,0,108,156,156,core
2p4y_2p4y_conf0,generation,qwen_4b_bigdata_step110000,chembl_count,4b_bigdata_step110000,qwen_4b_bigdata_step110000_chembl_count,Qwen 4B bigdata (step 110000),qwen_4b_bigdata_step110000_chembl_count,8,40,113,0.7,113,111,2,0.9823008849557522,174,113,61,0.6494252873563219,"{""all_atoms_connected"":0,""bond_angles"":41,""bond_lengths"":28,""bonds"":0,""double_bond_stereochemistry"":0,""energy_ratio"":29,""file_loads"":0,""inchi_convertible"":0,""internal_steric_clash"":38,""molecular_formula"":0,""no_radicals"":0,""planar_aromatic_rings"":11,""planar_double_bonds"":0,""reference_file_loads"":0,""sanitisation"":0,""tetrahedral_chirality"":4}","{""all_atoms_connected"":0.0,""bond_angles"":0.23563218390804597,""bond_lengths"":0.16091954022988506,""bonds"":0.0,""double_bond_stereochemistry"":0.0,""energy_ratio"":0.16666666666666666,""file_loads"":0.0,""inchi_convertible"":0.0,""internal_steric_clash"":0.21839080459770116,""molecular_formula"":0.0,""no_radicals"":0.0,""planar_aromatic_rings"":0.06321839080459771,""planar_double_bonds"":0.0,""reference_file_loads"":0.0,""sanitisation"":0.0,""tetrahedral_chirality"":0.022988505747126436}",113,95.1225068010763,2.7601616590345874,3.663215059315216,113.0,100.0,0.9999999999999998,0.008849557522123894,112.99999999999993,0.008849557522123895,1.0,95.0,84.070796460177,0.9875763544399703,0.02654867256637168,89.7745151322027,0.011982144255619082,0.8315789473684211,16.0,14.15929203539823,0.9281533917295575,0.1592920353982301,13.110161629497732,0.087477484532853,0.0625,2.0,1.7699115044247788,0.9931536200741918,0.5486725663716814,1.9905313867681322,0.5047380374344115,0.0,113,159.02747288839186,472.2851639651482,183.05633543044013,38.34123790605228,1.5230278816619758,2.819448192700203,0.0,0.0,0.0,1.0,1.5484450516947295,2.74892398257989,0.0,0.0,0.0,1.0,998,0,0,0,0,0,174,0,0,0,0,113,174,174,core
2pog_2pog_conf0,generation,qwen_4b_bigdata_step110000,fixed,4b_bigdata_step110000,qwen_4b_bigdata_step110000_fixed,Qwen 4B bigdata (step 110000),qwen_4b_bigdata_step110000_fixed,3,21,872,0.7,872,868,4,0.9954128440366973,1000,872,128,0.872,"{""all_atoms_connected"":0,""bond_angles"":84,""bond_lengths"":58,""bonds"":0,""double_bond_stereochemistry"":0,""energy_ratio"":7,""file_loads"":0,""inchi_convertible"":0,""internal_steric_clash"":8,""molecular_formula"":0,""no_radicals"":0,""planar_aromatic_rings"":4,""planar_double_bonds"":0,""reference_file_loads"":0,""sanitisation"":0,""tetrahedral_chirality"":53}","{""all_atoms_connected"":0.0,""bond_angles"":0.084,""bond_lengths"":0.058,""bonds"":0.0,""double_bond_stereochemistry"":0.0,""energy_ratio"":0.007,""file_loads"":0.0,""inchi_convertible"":0.0,""internal_steric_clash"":0.008,""molecular_formula"":0.0,""no_radicals"":0.0,""planar_aromatic_rings"":0.004,""planar_double_bonds"":0.0,""reference_file_loads"":0.0,""sanitisation"":0.0,""tetrahedral_chirality"":0.053}",872,93.4237636430817,0.8746004732458021,1.5337682182620966,26.0,2.981651376146789,0.6327354350499603,0.2947247706422018,7.8578507723669055,0.1708873411329013,0.34615384615384615,5.0,0.573394495412844,0.44931662206541795,0.6777522935779816,2.060909120829041,0.5493224476054205,0.2,1.0,0.11467889908256881,0.0,1.0,1.0,1.0,0.0,1.0,0.11467889908256881,0.0,1.0,1.0,1.0,0.0,872,53.42659684968264,19742.24554282752,69.10141797826572,682.9015350642875,0.12138489316500059,0.5090391596161582,1.0,1.0,1.0,1.0,0.11008605120937226,0.5195787660500037,1.0,1.0,1.0,1.0,1000,0,0,0,0,0,1000,0,0,0,0,872,1000,1000,core
2pog_2pog_conf0,generation,qwen_4b_bigdata_step110000,dynamic,4b_bigdata_step110000,qwen_4b_bigdata_step110000_dynamic,Qwen 4B bigdata (step 110000),qwen_4b_bigdata_step110000_dynamic,3,21,42,0.7,42,42,0,1.0,46,42,4,0.9130434782608696,"{""all_atoms_connected"":0,""bond_angles"":3,""bond_lengths"":4,""bonds"":0,""double_bond_stereochemistry"":0,""energy_ratio"":0,""file_loads"":0,""inchi_convertible"":0,""internal_steric_clash"":0,""molecular_formula"":0,""no_radicals"":0,""planar_aromatic_rings"":0,""planar_double_bonds"":0,""reference_file_loads"":0,""sanitisation"":0,""tetrahedral_chirality"":1}","{""all_atoms_connected"":0.0,""bond_angles"":0.06521739130434782,""bond_lengths"":0.08695652173913043,""bonds"":0.0,""double_bond_stereochemistry"":0.0,""energy_ratio"":0.0,""file_loads"":0.0,""inchi_convertible"":0.0,""internal_steric_clash"":0.0,""molecular_formula"":0.0,""no_radicals"":0.0,""planar_aromatic_rings"":0.0,""planar_double_bonds"":0.0,""reference_file_loads"":0.0,""sanitisation"":0.0,""tetrahedral_chirality"":0.021739130434782608}",42,86.52815203312898,0.9151235712720083,1.575557232000997,7.0,16.666666666666668,0.7812405958492082,0.4523809523809524,4.573249508045115,0.2811791383219954,0.2857142857142857,3.0,7.142857142857143,0.6395875051870655,0.6904761904761905,2.0191137810161095,0.5589569160997733,0.3333333333333333,1.0,2.380952380952381,0.0,1.0,1.0,1.0,0.0,1.0,2.380952380952381,0.0,1.0,1.0,1.0,0.0,42,59.83705132433005,113.57979217857843,72.22151815519004,13.186476687490035,0.12138489316500059,0.5090114622966574,1.0,1.0,1.0,1.0,0.11008605120937226,0.500494699433895,1.0,1.0,1.0,1.0,1000,0,0,0,0,0,46,0,0,0,0,42,46,46,core
2pog_2pog_conf0,generation,qwen_4b_bigdata_step110000,chembl_count,4b_bigdata_step110000,qwen_4b_bigdata_step110000_chembl_count,Qwen 4B bigdata (step 110000),qwen_4b_bigdata_step110000_chembl_count,3,21,9,0.7,9,9,0,1.0,10,9,1,0.9,"{""all_atoms_connected"":0,""bond_angles"":0,""bond_lengths"":0,""bonds"":0,""double_bond_stereochemistry"":0,""energy_ratio"":0,""file_loads"":0,""inchi_convertible"":0,""internal_steric_clash"":0,""molecular_formula"":0,""no_radicals"":0,""planar_aromatic_rings"":0,""planar_double_bonds"":0,""reference_file_loads"":0,""sanitisation"":0,""tetrahedral_chirality"":1}","{""all_atoms_connected"":0.0,""bond_angles"":0.0,""bond_lengths"":0.0,""bonds"":0.0,""double_bond_stereochemistry"":0.0,""energy_ratio"":0.0,""file_loads"":0.0,""inchi_convertible"":0.0,""internal_steric_clash"":0.0,""molecular_formula"":0.0,""no_radicals"":0.0,""planar_aromatic_rings"":0.0,""planar_double_bonds"":0.0,""reference_file_loads"":0.0,""sanitisation"":0.0,""tetrahedral_chirality"":0.1}",9,82.10273057346417,0.9328066420125598,1.4987158223485726,4.0,44.44444444444444,0.8763576394898526,0.4444444444444444,3.369922186199325,0.3333333333333333,0.5,2.0,22.22222222222222,0.9910760598382222,0.5555555555555556,1.9876669750024174,0.5061728395061729,0.0,1.0,11.11111111111111,0.0,1.0,1.0,1.0,0.0,1.0,11.11111111111111,0.0,1.0,1.0,1.0,0.0,9,60.26475673265763,119.2801177546411,71.8906219065432,20.676358417330036,0.3309703896314295,0.7055333742588801,0.0,1.0,1.0,1.0,0.34463643935145555,0.695524697369705,0.0,1.0,1.0,1.0,1000,0,0,0,0,0,10,0,0,0,0,9,10,10,core
2qbp_2qbp_conf0,generation,qwen_4b_bigdata_step110000,fixed,4b_bigdata_step110000,qwen_4b_bigdata_step110000_fixed,Qwen 4B bigdata (step 110000),qwen_4b_bigdata_step110000_fixed,10,37,909,0.7,909,904,5,0.9944994499449945,998,909,89,0.9108216432865732,"{""all_atoms_connected"":0,""bond_angles"":31,""bond_lengths"":21,""bonds"":0,""double_bond_stereochemistry"":0,""energy_ratio"":9,""file_loads"":0,""inchi_convertible"":0,""internal_steric_clash"":68,""molecular_formula"":0,""no_radicals"":0,""planar_aromatic_rings"":3,""planar_double_bonds"":0,""reference_file_loads"":0,""sanitisation"":0,""tetrahedral_chirality"":0}","{""all_atoms_connected"":0.0,""bond_angles"":0.031062124248496994,""bond_lengths"":0.021042084168336674,""bonds"":0.0,""double_bond_stereochemistry"":0.0,""energy_ratio"":0.009018036072144289,""file_loads"":0.0,""inchi_convertible"":0.0,""internal_steric_clash"":0.06813627254509018,""molecular_formula"":0.0,""no_radicals"":0.0,""planar_aromatic_rings"":0.003006012024048096,""planar_double_bonds"":0.0,""reference_file_loads"":0.0,""sanitisation"":0.0,""tetrahedral_chirality"":0.0}",909,113.02992778727769,2.5435819156633093,3.3147221826014106,907.0,99.77997799779978,0.9998755520088471,0.0022002200220022,906.2316353913026,0.0011049509791463193,0.9977949283351709,657.0,72.27722772277228,0.9799544644312216,0.0088008800880088,576.8803721595863,0.002073144608190192,0.7503805175038052,31.0,3.41034103410341,0.8519036350234152,0.17491749174917492,18.64216931646968,0.07505315988144468,0.0,4.0,0.44004400440044006,0.8978929053166209,0.3487348734873487,3.472045395765868,0.30348392374991073,0.0,909,147.06944262487963,12923.214738933879,182.3217411413375,459.93193908376213,0.6882902526963448,2.2399119265829013,0.0,0.0,1.0,1.0,0.6725394473272872,2.270988435704627,0.0,0.0,1.0,1.0,998,0,0,0,0,0,998,0,0,0,0,909,1000,1000,core
2qbp_2qbp_conf0,generation,qwen_4b_bigdata_step110000,dynamic,4b_bigdata_step110000,qwen_4b_bigdata_step110000_dynamic,Qwen 4B bigdata (step 110000),qwen_4b_bigdata_step110000_dynamic,10,37,187,0.7,187,187,0,1.0,200,187,13,0.935,"{""all_atoms_connected"":0,""bond_angles"":6,""bond_lengths"":2,""bonds"":0,""double_bond_stereochemistry"":0,""energy_ratio"":1,""file_loads"":0,""inchi_convertible"":0,""internal_steric_clash"":9,""molecular_formula"":0,""no_radicals"":0,""planar_aromatic_rings"":1,""planar_double_bonds"":0,""reference_file_loads"":0,""sanitisation"":0,""tetrahedral_chirality"":0}","{""all_atoms_connected"":0.0,""bond_angles"":0.03,""bond_lengths"":0.01,""bonds"":0.0,""double_bond_stereochemistry"":0.0,""energy_ratio"":0.005,""file_loads"":0.0,""inchi_convertible"":0.0,""internal_steric_clash"":0.045,""molecular_formula"":0.0,""no_radicals"":0.0,""planar_aromatic_rings"":0.005,""planar_double_bonds"":0.0,""reference_file_loads"":0.0,""sanitisation"":0.0,""tetrahedral_chirality"":0.0}",187,111.90423762136352,2.560879976791678,3.33294519035837,187.0,100.0,0.9999999999999997,0.0053475935828877,186.99999999999972,0.005347593582887701,1.0,173.0,92.51336898395722,0.9944175796877055,0.016042780748663103,168.09406859712087,0.006205496296719952,0.9248554913294798,19.0,10.16042780748663,0.8784960024120089,0.1657754010695187,13.285561878797893,0.09399754067888699,0.10526315789473684,4.0,2.1390374331550803,0.7652225787736063,0.5080213903743316,2.8887496052495036,0.3822528525265235,0.0,187,154.6639373910649,285.94628016242905,182.3217411413375,22.321209708425176,0.7372938850716662,2.235921346724154,0.0,0.0,1.0,1.0,0.6904305273680668,2.2593095739079603,0.0,0.0,1.0,1.0,998,0,0,0,0,0,200,0,0,0,0,187,200,200,core
2qbp_2qbp_conf0,generation,qwen_4b_bigdata_step110000,chembl_count,4b_bigdata_step110000,qwen_4b_bigdata_step110000_chembl_count,Qwen 4B bigdata (step 110000),qwen_4b_bigdata_step110000_chembl_count,10,37,178,0.7,178,176,2,0.9887640449438202,200,178,22,0.89,"{""all_atoms_connected"":0,""bond_angles"":9,""bond_lengths"":6,""bonds"":0,""double_bond_stereochemistry"":0,""energy_ratio"":3,""file_loads"":0,""inchi_convertible"":0,""internal_steric_clash"":15,""molecular_formula"":0,""no_radicals"":0,""planar_aromatic_rings"":0,""planar_double_bonds"":0,""reference_file_loads"":0,""sanitisation"":0,""tetrahedral_chirality"":0}","{""all_atoms_connected"":0.0,""bond_angles"":0.045,""bond_lengths"":0.03,""bonds"":0.0,""double_bond_stereochemistry"":0.0,""energy_ratio"":0.015,""file_loads"":0.0,""inchi_convertible"":0.0,""internal_steric_clash"":0.075,""molecular_formula"":0.0,""no_radicals"":0.0,""planar_aromatic_rings"":0.0,""planar_double_bonds"":0.0,""reference_file_loads"":0.0,""sanitisation"":0.0,""tetrahedral_chirality"":0.0}",178,114.4702665804767,2.5204920369072834,3.21134905334874,178.0,100.0,1.0,0.0056179775280898875,177.99999999999997,0.005617977528089887,1.0,156.0,87.64044943820225,0.9887026902839963,0.016853932584269662,147.34933850765543,0.0073854311324327735,0.8974358974358975,21.0,11.797752808988765,0.8469678550746053,0.17415730337078653,13.178841657155628,0.10175482893574046,0.047619047619047616,3.0,1.6853932584269662,0.7818291991092179,0.6067415730337079,2.36062677352961,0.4760131296553466,0.0,178,148.51102231958814,4430.733055108218,182.93548269803463,318.3280641432383,0.949177916732625,2.2643196501460743,0.0,0.0,0.0,1.0,0.9446657806207859,2.3642241489530793,0.0,0.0,0.0,1.0,998,0,0,0,0,0,200,0,0,0,0,178,200,200,core
2qbq_2qbq_conf0,generation,qwen_4b_bigdata_step110000,fixed,4b_bigdata_step110000,qwen_4b_bigdata_step110000_fixed,Qwen 4B bigdata (step 110000),qwen_4b_bigdata_step110000_fixed,7,31,795,0.7,795,793,2,0.9974842767295597,998,795,203,0.7965931863727455,"{""all_atoms_connected"":0,""bond_angles"":133,""bond_lengths"":65,""bonds"":0,""double_bond_stereochemistry"":0,""energy_ratio"":33,""file_loads"":0,""inchi_convertible"":0,""internal_steric_clash"":115,""molecular_formula"":0,""no_radicals"":0,""planar_aromatic_rings"":0,""planar_double_bonds"":0,""reference_file_loads"":0,""sanitisation"":0,""tetrahedral_chirality"":0}","{""all_atoms_connected"":0.0,""bond_angles"":0.13326653306613226,""bond_lengths"":0.06513026052104208,""bonds"":0.0,""double_bond_stereochemistry"":0.0,""energy_ratio"":0.033066132264529056,""file_loads"":0.0,""inchi_convertible"":0.0,""internal_steric_clash"":0.11523046092184369,""molecular_formula"":0.0,""no_radicals"":0.0,""planar_aromatic_rings"":0.0,""planar_double_bonds"":0.0,""reference_file_loads"":0.0,""sanitisation"":0.0,""tetrahedral_chirality"":0.0}",795,112.82244307538043,2.182947941180161,2.9200538951017783,718.0,90.31446540880503,0.9915082441222807,0.006289308176100629,679.0018111479492,0.001628100154266049,0.9317548746518106,205.0,25.78616352201258,0.9050698347825268,0.042767295597484274,123.67977459655046,0.01209604050472687,0.3951219512195122,9.0,1.1320754716981132,0.8298943499256818,0.34591194968553457,6.19327646350675,0.2042656540484949,0.0,2.0,0.25157232704402516,0.9995879415365378,0.5119496855345912,1.9994288472450479,0.5002855899687513,0.0,795,182.74266009347454,3331.4956527463287,217.35155566596808,116.806124813127,0.5970229520952686,2.2132609789838993,0.0,0.0,1.0,1.0,0.5619180823383124,2.206328954722273,0.0,0.0,1.0,1.0,998,0,0,0,0,0,998,0,0,0,0,795,1000,1000,core
2qbq_2qbq_conf0,generation,qwen_4b_bigdata_step110000,dynamic,4b_bigdata_step110000,qwen_4b_bigdata_step110000_dynamic,Qwen 4B bigdata (step 110000),qwen_4b_bigdata_step110000_dynamic,7,31,106,0.7,106,106,0,1.0,134,106,28,0.7910447761194029,"{""all_atoms_connected"":0,""bond_angles"":23,""bond_lengths"":11,""bonds"":0,""double_bond_stereochemistry"":0,""energy_ratio"":4,""file_loads"":0,""inchi_convertible"":0,""internal_steric_clash"":12,""molecular_formula"":0,""no_radicals"":0,""planar_aromatic_rings"":0,""planar_double_bonds"":0,""reference_file_loads"":0,""sanitisation"":0,""tetrahedral_chirality"":0}","{""all_atoms_connected"":0.0,""bond_angles"":0.17164179104477612,""bond_lengths"":0.08208955223880597,""bonds"":0.0,""double_bond_stereochemistry"":0.0,""energy_ratio"":0.029850746268656716,""file_loads"":0.0,""inchi_convertible"":0.0,""internal_steric_clash"":0.08955223880597014,""molecular_formula"":0.0,""no_radicals"":0.0,""planar_aromatic_rings"":0.0,""planar_double_bonds"":0.0,""reference_file_loads"":0.0,""sanitisation"":0.0,""tetrahedral_chirality"":0.0}",106,114.75690173446257,2.1298751872978414,2.922201087902942,100.0,94.33962264150944,0.9917016886663532,0.03773584905660377,96.25058490074963,0.011213955144179423,0.97,58.0,54.716981132075475,0.9401131361093761,0.07547169811320754,45.48014297824104,0.028657885368458525,0.6379310344827587,6.0,5.660377358490566,0.8809877937543044,0.3490566037735849,4.847767170533148,0.22694909220363113,0.16666666666666666,2.0,1.8867924528301887,0.987380023288353,0.5660377358490566,1.9825812935967968,0.5087219651121395,0.0,106,190.20598215374616,364.7455580259865,213.8979333070492,25.255148163681348,0.5970229520952686,2.114472039252978,0.0,0.0,1.0,1.0,0.5619180823383124,2.1107609991239538,0.0,0.0,1.0,1.0,998,0,0,0,0,0,134,0,0,0,0,106,134,134,core
2qbq_2qbq_conf0,generation,qwen_4b_bigdata_step110000,chembl_count,4b_bigdata_step110000,qwen_4b_bigdata_step110000_chembl_count,Qwen 4B bigdata (step 110000),qwen_4b_bigdata_step110000_chembl_count,7,31,164,0.7,164,164,0,1.0,200,164,36,0.82,"{""all_atoms_connected"":0,""bond_angles"":25,""bond_lengths"":13,""bonds"":0,""double_bond_stereochemistry"":0,""energy_ratio"":5,""file_loads"":0,""inchi_convertible"":0,""internal_steric_clash"":19,""molecular_formula"":0,""no_radicals"":0,""planar_aromatic_rings"":0,""planar_double_bonds"":0,""reference_file_loads"":0,""sanitisation"":0,""tetrahedral_chirality"":0}","{""all_atoms_connected"":0.0,""bond_angles"":0.125,""bond_lengths"":0.065,""bonds"":0.0,""double_bond_stereochemistry"":0.0,""energy_ratio"":0.025,""file_loads"":0.0,""inchi_convertible"":0.0,""internal_steric_clash"":0.095,""molecular_formula"":0.0,""no_radicals"":0.0,""planar_aromatic_rings"":0.0,""planar_double_bonds"":0.0,""reference_file_loads"":0.0,""sanitisation"":0.0,""tetrahedral_chirality"":0.0}",164,110.82280052374121,2.162415118461579,2.9007936876741067,160.0,97.5609756097561,0.9969458149639426,0.018292682926829267,157.53903917226293,0.0065437239738251034,0.9875,95.0,57.926829268292686,0.961065266232678,0.06097560975609756,79.5648893693019,0.015838786436644856,0.5684210526315789,9.0,5.487804878048781,0.8833052563584839,0.25,6.964459615873119,0.16329565734681736,0.1111111111111111,2.0,1.2195121951219512,0.9973163474696278,0.5304878048780488,1.9962831257036462,0.5018590124925639,0.0,164,185.88752857093164,3331.4956527463287,220.88794418878362,243.58035201916172,0.6413642069167277,2.1363200632367247,0.0,0.0,1.0,1.0,0.6769392777051761,2.129326455430116,0.0,0.0,1.0,1.0,998,0,0,0,0,0,200,0,0,0,0,164,200,200,core
2qbr_2qbr_conf0,generation,qwen_4b_bigdata_step110000,fixed,4b_bigdata_step110000,qwen_4b_bigdata_step110000_fixed,Qwen 4B bigdata (step 110000),qwen_4b_bigdata_step110000_fixed,8,28,947,0.7,947,945,2,0.9978880675818373,1000,947,53,0.947,"{""all_atoms_connected"":0,""bond_angles"":5,""bond_lengths"":6,""bonds"":0,""double_bond_stereochemistry"":0,""energy_ratio"":2,""file_loads"":0,""inchi_convertible"":0,""internal_steric_clash"":49,""molecular_formula"":0,""no_radicals"":0,""planar_aromatic_rings"":2,""planar_double_bonds"":0,""reference_file_loads"":0,""sanitisation"":0,""tetrahedral_chirality"":0}","{""all_atoms_connected"":0.0,""bond_angles"":0.005,""bond_lengths"":0.006,""bonds"":0.0,""double_bond_stereochemistry"":0.0,""energy_ratio"":0.002,""file_loads"":0.0,""inchi_convertible"":0.0,""internal_steric_clash"":0.049,""molecular_formula"":0.0,""no_radicals"":0.0,""planar_aromatic_rings"":0.002,""planar_double_bonds"":0.0,""reference_file_loads"":0.0,""sanitisation"":0.0,""tetrahedral_chirality"":0.0}",947,110.1633760314502,2.041279180100236,2.762963584878672,868.0,91.65786694825765,0.9952921322564129,0.0031678986272439284,840.7861768380086,0.0012455271969839727,0.9158986175115207,157.0,16.578669482576558,0.9311296295057014,0.03695881731784583,110.83252558249207,0.011796268770719294,0.16560509554140126,6.0,0.6335797254487856,0.9108622945420894,0.2734952481520591,5.114328659415911,0.20644195140771335,0.0,2.0,0.21119324181626187,0.9672549925887138,0.6061246040126715,1.9551170641307465,0.5225248631536927,0.0,947,178.83422505325487,442.3121423412517,207.6106339911702,20.098623953648183,0.5470130125826375,1.868487683912596,0.0,0.0,1.0,1.0,0.4861168269462165,1.8600116077494355,0.0,1.0,1.0,1.0,1000,0,0,0,0,0,1000,0,0,0,0,947,1000,1000,core
2qbr_2qbr_conf0,generation,qwen_4b_bigdata_step110000,dynamic,4b_bigdata_step110000,qwen_4b_bigdata_step110000_dynamic,Qwen 4B bigdata (step 110000),qwen_4b_bigdata_step110000_dynamic,8,28,146,0.7,146,145,1,0.9931506849315068,156,146,10,0.935897435897436,"{""all_atoms_connected"":0,""bond_angles"":0,""bond_lengths"":0,""bonds"":0,""double_bond_stereochemistry"":0,""energy_ratio"":1,""file_loads"":0,""inchi_convertible"":0,""internal_steric_clash"":10,""molecular_formula"":0,""no_radicals"":0,""planar_aromatic_rings"":0,""planar_double_bonds"":0,""reference_file_loads"":0,""sanitisation"":0,""tetrahedral_chirality"":0}","{""all_atoms_connected"":0.0,""bond_angles"":0.0,""bond_lengths"":0.0,""bonds"":0.0,""double_bond_stereochemistry"":0.0,""energy_ratio"":0.00641025641025641,""file_loads"":0.0,""inchi_convertible"":0.0,""internal_steric_clash"":0.0641025641025641,""molecular_formula"":0.0,""no_radicals"":0.0,""planar_aromatic_rings"":0.0,""planar_double_bonds"":0.0,""reference_file_loads"":0.0,""sanitisation"":0.0,""tetrahedral_chirality"":0.0}",146,110.24106369543938,2.0460632167366257,2.75233084860743,138.0,94.52054794520548,0.9960204203887816,0.0136986301369863,135.32039823921932,0.0075999249390129465,0.9420289855072463,64.0,43.83561643835616,0.9616153660194372,0.04794520547945205,54.55699191196583,0.021204728842184273,0.34375,5.0,3.4246575342465753,0.9147944499190206,0.3767123287671233,4.3592711230956755,0.25530118221054604,0.0,1.0,0.684931506849315,0.0,1.0,1.0,1.0,0.0,146,187.10873011362514,307.447580196519,209.51391841111686,18.749175554547964,0.7072462506239339,1.8533401327169994,0.0,0.0,1.0,1.0,0.7690562622458206,1.8413760445632454,0.0,0.0,0.0,1.0,1000,0,0,0,0,0,156,0,0,0,0,146,156,156,core
2qbr_2qbr_conf0,generation,qwen_4b_bigdata_step110000,chembl_count,4b_bigdata_step110000,qwen_4b_bigdata_step110000_chembl_count,Qwen 4B bigdata (step 110000),qwen_4b_bigdata_step110000_chembl_count,8,28,190,0.7,190,188,2,0.9894736842105263,200,190,10,0.95,"{""all_atoms_connected"":0,""bond_angles"":0,""bond_lengths"":0,""bonds"":0,""double_bond_stereochemistry"":0,""energy_ratio"":0,""file_loads"":0,""inchi_convertible"":0,""internal_steric_clash"":10,""molecular_formula"":0,""no_radicals"":0,""planar_aromatic_rings"":0,""planar_double_bonds"":0,""reference_file_loads"":0,""sanitisation"":0,""tetrahedral_chirality"":0}","{""all_atoms_connected"":0.0,""bond_angles"":0.0,""bond_lengths"":0.0,""bonds"":0.0,""double_bond_stereochemistry"":0.0,""energy_ratio"":0.0,""file_loads"":0.0,""inchi_convertible"":0.0,""internal_steric_clash"":0.05,""molecular_formula"":0.0,""no_radicals"":0.0,""planar_aromatic_rings"":0.0,""planar_double_bonds"":0.0,""reference_file_loads"":0.0,""sanitisation"":0.0,""tetrahedral_chirality"":0.0}",190,111.35610610034072,2.033075729015748,2.74242517358222,186.0,97.89473684210526,0.9984867720364018,0.010526315789473684,184.5349594630879,0.0054847645429362876,0.978494623655914,68.0,35.78947368421053,0.9598995944386003,0.03684210526315789,57.41489330585868,0.019833795013850415,0.27941176470588236,5.0,2.6315789473684212,0.7394412649934503,0.4263157894736842,3.287359983079719,0.36055401662049863,0.0,2.0,1.0526315789473684,0.9739462062971395,0.5947368421052631,1.9642059499054725,0.517950138504155,0.0,190,184.3369024882984,307.447580196519,209.121357097787,19.243800821032387,0.5470130125826375,1.916651420956394,0.0,0.0,1.0,1.0,0.5378775896527027,1.8842056685875106,0.0,0.0,1.0,1.0,1000,0,0,0,0,0,200,0,0,0,0,190,200,200,core
2v00_2v00_conf0,generation,qwen_4b_bigdata_step110000,fixed,4b_bigdata_step110000,qwen_4b_bigdata_step110000_fixed,Qwen 4B bigdata (step 110000),qwen_4b_bigdata_step110000_fixed,4,16,998,0.7,998,998,0,1.0,1000,998,2,0.998,"{""all_atoms_connected"":0,""bond_angles"":0,""bond_lengths"":0,""bonds"":0,""double_bond_stereochemistry"":0,""energy_ratio"":0,""file_loads"":0,""inchi_convertible"":0,""internal_steric_clash"":1,""molecular_formula"":0,""no_radicals"":0,""planar_aromatic_rings"":1,""planar_double_bonds"":0,""reference_file_loads"":0,""sanitisation"":0,""tetrahedral_chirality"":0}","{""all_atoms_connected"":0.0,""bond_angles"":0.0,""bond_lengths"":0.0,""bonds"":0.0,""double_bond_stereochemistry"":0.0,""energy_ratio"":0.0,""file_loads"":0.0,""inchi_convertible"":0.0,""internal_steric_clash"":0.001,""molecular_formula"":0.0,""no_radicals"":0.0,""planar_aromatic_rings"":0.001,""planar_double_bonds"":0.0,""reference_file_loads"":0.0,""sanitisation"":0.0,""tetrahedral_chirality"":0.0}",998,107.58544654616823,1.3705527762220417,1.9124389491652567,72.0,7.214428857715431,0.8496934695216768,0.07014028056112225,37.85849043344621,0.03574885241424733,0.09722222222222222,10.0,1.002004008016032,0.827450330279292,0.281563126252505,6.721254345641366,0.17838281773968784,0.0,3.0,0.30060120240480964,0.8996018471257878,0.5450901803607214,2.6866999178932893,0.4078236633587817,0.0,1.0,0.10020040080160321,0.0,1.0,1.0,1.0,0.0,998,11.770284567088844,111.33660840208304,24.360434501752948,9.493929326671866,0.30463388742546615,1.3418504894789727,0.0,1.0,1.0,1.0,0.15930554364657978,1.2806367014254063,1.0,1.0,1.0,1.0,1000,0,0,0,0,0,1000,0,0,0,0,998,1000,1000,core
2v00_2v00_conf0,generation,qwen_4b_bigdata_step110000,dynamic,4b_bigdata_step110000,qwen_4b_bigdata_step110000_dynamic,Qwen 4B bigdata (step 110000),qwen_4b_bigdata_step110000_dynamic,4,16,68,0.7,68,68,0,1.0,68,68,0,1.0,"{""all_atoms_connected"":0,""bond_angles"":0,""bond_lengths"":0,""bonds"":0,""double_bond_stereochemistry"":0,""energy_ratio"":0,""file_loads"":0,""inchi_convertible"":0,""internal_steric_clash"":0,""molecular_formula"":0,""no_radicals"":0,""planar_aromatic_rings"":0,""planar_double_bonds"":0,""reference_file_loads"":0,""sanitisation"":0,""tetrahedral_chirality"":0}","{""all_atoms_connected"":0.0,""bond_angles"":0.0,""bond_lengths"":0.0,""bonds"":0.0,""double_bond_stereochemistry"":0.0,""energy_ratio"":0.0,""file_loads"":0.0,""inchi_convertible"":0.0,""internal_steric_clash"":0.0,""molecular_formula"":0.0,""no_radicals"":0.0,""planar_aromatic_rings"":0.0,""planar_double_bonds"":0.0,""reference_file_loads"":0.0,""sanitisation"":0.0,""tetrahedral_chirality"":0.0}",68,109.7796971587705,1.3991149064083315,1.9382259642954822,26.0,38.23529411764706,0.9205674298146977,0.10294117647058823,20.071432914406746,0.060553633217993084,0.46153846153846156,6.0,8.823529411764707,0.9148448986289253,0.3088235294117647,5.150954359302642,0.21453287197231832,0.0,2.0,2.9411764705882355,0.8739810481273579,0.7058823529411765,1.8327132138707352,0.5847750865051904,0.0,1.0,1.4705882352941178,0.0,1.0,1.0,1.0,0.0,68,14.94116989785018,96.49356423817267,24.150904371399115,10.484310236594114,0.41148943058528537,1.3603829767472382,0.0,1.0,1.0,1.0,0.5682468129745605,1.2908708534560036,0.0,0.0,1.0,1.0,1000,0,0,0,0,0,68,0,0,0,0,68,68,68,core
2v00_2v00_conf0,generation,qwen_4b_bigdata_step110000,chembl_count,4b_bigdata_step110000,qwen_4b_bigdata_step110000_chembl_count,Qwen 4B bigdata (step 110000),qwen_4b_bigdata_step110000_chembl_count,4,16,30,0.7,30,30,0,1.0,30,30,0,1.0,"{""all_atoms_connected"":0,""bond_angles"":0,""bond_lengths"":0,""bonds"":0,""double_bond_stereochemistry"":0,""energy_ratio"":0,""file_loads"":0,""inchi_convertible"":0,""internal_steric_clash"":0,""molecular_formula"":0,""no_radicals"":0,""planar_aromatic_rings"":0,""planar_double_bonds"":0,""reference_file_loads"":0,""sanitisation"":0,""tetrahedral_chirality"":0}","{""all_atoms_connected"":0.0,""bond_angles"":0.0,""bond_lengths"":0.0,""bonds"":0.0,""double_bond_stereochemistry"":0.0,""energy_ratio"":0.0,""file_loads"":0.0,""inchi_convertible"":0.0,""internal_steric_clash"":0.0,""molecular_formula"":0.0,""no_radicals"":0.0,""planar_aromatic_rings"":0.0,""planar_double_bonds"":0.0,""reference_file_loads"":0.0,""sanitisation"":0.0,""tetrahedral_chirality"":0.0}",30,104.46088694339583,1.4369531452503754,1.9630899239810127,16.0,53.333333333333336,0.9245171280147095,0.2,12.978650816973547,0.09555555555555557,0.5625,6.0,20.0,0.8803612029144422,0.3,4.842327636042509,0.23111111111111116,0.16666666666666666,2.0,6.666666666666667,0.8366407419411673,0.7333333333333333,1.7858869300686604,0.6088888888888888,0.0,1.0,3.3333333333333335,0.0,1.0,1.0,1.0,0.0,30,18.001381932107506,49.84705055639371,24.9085362255769,7.906261994020656,0.3830195051089716,1.363712636132321,0.0,1.0,1.0,1.0,0.511987991269304,1.310987232873774,0.0,0.0,1.0,1.0,1000,0,0,0,0,0,30,0,0,0,0,30,30,30,core
2wn9_2wn9_conf0,generation,qwen_4b_bigdata_step110000,fixed,4b_bigdata_step110000,qwen_4b_bigdata_step110000_fixed,Qwen 4B bigdata (step 110000),qwen_4b_bigdata_step110000_fixed,4,22,972,0.7,972,970,2,0.9979423868312757,1000,972,28,0.972,"{""all_atoms_connected"":0,""bond_angles"":4,""bond_lengths"":4,""bonds"":0,""double_bond_stereochemistry"":17,""energy_ratio"":2,""file_loads"":0,""inchi_convertible"":0,""internal_steric_clash"":13,""molecular_formula"":0,""no_radicals"":0,""planar_aromatic_rings"":2,""planar_double_bonds"":0,""reference_file_loads"":0,""sanitisation"":0,""tetrahedral_chirality"":0}","{""all_atoms_connected"":0.0,""bond_angles"":0.004,""bond_lengths"":0.004,""bonds"":0.0,""double_bond_stereochemistry"":0.017,""energy_ratio"":0.002,""file_loads"":0.0,""inchi_convertible"":0.0,""internal_steric_clash"":0.013,""molecular_formula"":0.0,""no_radicals"":0.0,""planar_aromatic_rings"":0.002,""planar_double_bonds"":0.0,""reference_file_loads"":0.0,""sanitisation"":0.0,""tetrahedral_chirality"":0.0}",972,82.6544245524389,1.4780678126035087,2.1123787221951704,186.0,19.135802469135804,0.9065824457308652,0.0360082304526749,114.15648701479618,0.01231815949465698,0.3387096774193548,21.0,2.1604938271604937,0.8133710060690575,0.1286008230452675,11.897476016541502,0.09338854171958884,0.2857142857142857,3.0,0.30864197530864196,0.6401488221044668,0.5390946502057613,2.020359291226312,0.5011685210587817,0.0,2.0,0.205761316872428,0.33426813256179383,0.9382716049382716,1.260737684627447,0.8841639993903367,0.0,972,68.93736718675385,244.57040995541223,84.0206684548699,16.33602804769105,0.18491492436874726,1.3042601953001594,1.0,1.0,1.0,1.0,0.2524472585162856,1.3236626173316632,0.0,1.0,1.0,1.0,1000,0,0,0,0,0,1000,0,0,0,0,972,1000,1000,core
2wn9_2wn9_conf0,generation,qwen_4b_bigdata_step110000,dynamic,4b_bigdata_step110000,qwen_4b_bigdata_step110000_dynamic,Qwen 4B bigdata (step 110000),qwen_4b_bigdata_step110000_dynamic,4,22,65,0.7,65,64,1,0.9846153846153847,68,65,3,0.9558823529411764,"{""all_atoms_connected"":0,""bond_angles"":0,""bond_lengths"":0,""bonds"":0,""double_bond_stereochemistry"":2,""energy_ratio"":1,""file_loads"":0,""inchi_convertible"":0,""internal_steric_clash"":3,""molecular_formula"":0,""no_radicals"":0,""planar_aromatic_rings"":0,""planar_double_bonds"":0,""reference_file_loads"":0,""sanitisation"":0,""tetrahedral_chirality"":0}","{""all_atoms_connected"":0.0,""bond_angles"":0.0,""bond_lengths"":0.0,""bonds"":0.0,""double_bond_stereochemistry"":0.029411764705882353,""energy_ratio"":0.014705882352941176,""file_loads"":0.0,""inchi_convertible"":0.0,""internal_steric_clash"":0.04411764705882353,""molecular_formula"":0.0,""no_radicals"":0.0,""planar_aromatic_rings"":0.0,""planar_double_bonds"":0.0,""reference_file_loads"":0.0,""sanitisation"":0.0,""tetrahedral_chirality"":0.0}",65,78.02266685245365,1.419388219874866,2.069097894424805,42.0,64.61538461538461,0.9712802953558711,0.06153846153846154,37.72506964550805,0.029585798816568053,0.5952380952380952,12.0,18.46153846153846,0.8940764708176507,0.2,9.222964984948677,0.12568047337278107,0.16666666666666666,3.0,4.615384615384615,0.6777275573256712,0.5846153846153846,2.10551443162474,0.5020118343195267,0.3333333333333333,2.0,3.076923076923077,0.3912435636292556,0.9230769230769231,1.3115234140474163,0.8579881656804735,0.0,65,72.13763089613686,181.3818181631903,84.40983558513594,17.998474287913368,0.3751767910975472,1.2602895027560252,0.0,1.0,1.0,1.0,0.31364908016207144,1.2090339467878906,0.0,1.0,1.0,1.0,1000,0,0,0,0,0,68,0,0,0,0,65,68,68,core
2wn9_2wn9_conf0,generation,qwen_4b_bigdata_step110000,chembl_count,4b_bigdata_step110000,qwen_4b_bigdata_step110000_chembl_count,Qwen 4B bigdata (step 110000),qwen_4b_bigdata_step110000_chembl_count,4,22,69,0.7,69,69,0,1.0,71,69,2,0.971830985915493,"{""all_atoms_connected"":0,""bond_angles"":0,""bond_lengths"":1,""bonds"":0,""double_bond_stereochemistry"":1,""energy_ratio"":0,""file_loads"":0,""inchi_convertible"":0,""internal_steric_clash"":1,""molecular_formula"":0,""no_radicals"":0,""planar_aromatic_rings"":0,""planar_double_bonds"":0,""reference_file_loads"":0,""sanitisation"":0,""tetrahedral_chirality"":0}","{""all_atoms_connected"":0.0,""bond_angles"":0.0,""bond_lengths"":0.014084507042253521,""bonds"":0.0,""double_bond_stereochemistry"":0.014084507042253521,""energy_ratio"":0.0,""file_loads"":0.0,""inchi_convertible"":0.0,""internal_steric_clash"":0.014084507042253521,""molecular_formula"":0.0,""no_radicals"":0.0,""planar_aromatic_rings"":0.0,""planar_double_bonds"":0.0,""reference_file_loads"":0.0,""sanitisation"":0.0,""tetrahedral_chirality"":0.0}",69,81.9036453751569,1.406128530119734,2.0471595316501725,40.0,57.971014492753625,0.9676922786731984,0.07246376811594203,35.50594561967883,0.03171602604494854,0.5,11.0,15.942028985507246,0.9161154226596542,0.15942028985507245,8.995719394273284,0.12287334593572778,0.18181818181818182,2.0,2.898550724637681,0.9742408334889756,0.5942028985507246,1.9646071210211644,0.5177483721907162,0.0,1.0,1.4492753623188406,0.0,1.0,1.0,1.0,0.0,69,72.55003856194213,244.57040995541223,83.25548900152718,21.44228115358732,0.1969185481553663,1.2076552047506643,1.0,1.0,1.0,1.0,0.2947765270788214,1.2090339467878906,0.0,1.0,1.0,1.0,1000,0,0,0,0,0,71,0,0,0,0,69,71,71,core
2wtv_2wtv_conf0,generation,qwen_4b_bigdata_step110000,fixed,4b_bigdata_step110000,qwen_4b_bigdata_step110000_fixed,Qwen 4B bigdata (step 110000),qwen_4b_bigdata_step110000_fixed,4,34,854,0.7,854,849,5,0.9941451990632318,1000,854,146,0.854,"{""all_atoms_connected"":0,""bond_angles"":79,""bond_lengths"":99,""bonds"":0,""double_bond_stereochemistry"":0,""energy_ratio"":24,""file_loads"":0,""inchi_convertible"":0,""internal_steric_clash"":64,""molecular_formula"":0,""no_radicals"":0,""planar_aromatic_rings"":7,""planar_double_bonds"":0,""reference_file_loads"":0,""sanitisation"":0,""tetrahedral_chirality"":0}","{""all_atoms_connected"":0.0,""bond_angles"":0.079,""bond_lengths"":0.099,""bonds"":0.0,""double_bond_stereochemistry"":0.0,""energy_ratio"":0.024,""file_loads"":0.0,""inchi_convertible"":0.0,""internal_steric_clash"":0.064,""molecular_formula"":0.0,""no_radicals"":0.0,""planar_aromatic_rings"":0.007,""planar_double_bonds"":0.0,""reference_file_loads"":0.0,""sanitisation"":0.0,""tetrahedral_chirality"":0.0}",854,99.0174075892549,2.007438498147135,3.038489153997267,279.0,32.66978922716628,0.918083405987315,0.026932084309133488,175.9011329310358,0.008438043317300045,0.4946236559139785,36.0,4.215456674473068,0.8028058690730525,0.1873536299765808,17.758602310375544,0.08445995974310178,0.19444444444444445,6.0,0.702576112412178,0.7427662362696862,0.40398126463700235,3.7842905696425486,0.2994257633179582,0.0,2.0,0.234192037470726,0.9987177801379395,0.5210772833723654,1.9982232555084736,0.500888503748718,0.0,854,49.3288160236356,67153.26198851205,73.34711090719168,2297.288393883147,0.22469197135716612,1.9630350182311218,1.0,1.0,1.0,1.0,0.31592109335996815,1.9677462640101155,0.0,1.0,1.0,1.0,1000,0,0,0,0,0,1000,0,0,0,0,854,1000,1000,core
2wtv_2wtv_conf0,generation,qwen_4b_bigdata_step110000,dynamic,4b_bigdata_step110000,qwen_4b_bigdata_step110000_dynamic,Qwen 4B bigdata (step 110000),qwen_4b_bigdata_step110000_dynamic,4,34,57,0.7,57,57,0,1.0,68,57,11,0.8382352941176471,"{""all_atoms_connected"":0,""bond_angles"":9,""bond_lengths"":7,""bonds"":0,""double_bond_stereochemistry"":0,""energy_ratio"":2,""file_loads"":0,""inchi_convertible"":0,""internal_steric_clash"":6,""molecular_formula"":0,""no_radicals"":0,""planar_aromatic_rings"":0,""planar_double_bonds"":0,""reference_file_loads"":0,""sanitisation"":0,""tetrahedral_chirality"":0}","{""all_atoms_connected"":0.0,""bond_angles"":0.1323529411764706,""bond_lengths"":0.10294117647058823,""bonds"":0.0,""double_bond_stereochemistry"":0.0,""energy_ratio"":0.029411764705882353,""file_loads"":0.0,""inchi_convertible"":0.0,""internal_steric_clash"":0.08823529411764706,""molecular_formula"":0.0,""no_radicals"":0.0,""planar_aromatic_rings"":0.0,""planar_double_bonds"":0.0,""reference_file_loads"":0.0,""sanitisation"":0.0,""tetrahedral_chirality"":0.0}",57,97.95141619666349,2.024524288840144,3.0583056583710806,47.0,82.45614035087719,0.978232882142859,0.07017543859649122,43.22162657284369,0.026161895967990154,0.851063829787234,17.0,29.82456140350877,0.873617440474517,0.22807017543859648,11.883425212775128,0.11049553708833486,0.4117647058823529,4.0,7.017543859649122,0.9797401887951349,0.3157894736842105,3.8892187387391592,0.2637734687596183,0.0,2.0,3.508771929824561,0.9494520153879485,0.631578947368421,1.9311390062938603,0.5346260387811634,0.0,57,55.82333764024358,197.48334782660123,75.44725331748543,32.62587515464387,0.3674897214205598,1.9002055822949893,0.0,1.0,1.0,1.0,0.43716014242730356,1.8992996814715357,0.0,1.0,1.0,1.0,1000,0,0,0,0,0,68,0,0,0,0,57,68,68,core
2wtv_2wtv_conf0,generation,qwen_4b_bigdata_step110000,chembl_count,4b_bigdata_step110000,qwen_4b_bigdata_step110000_chembl_count,Qwen 4B bigdata (step 110000),qwen_4b_bigdata_step110000_chembl_count,4,34,99,0.7,99,98,1,0.98989898989899,110,99,11,0.9,"{""all_atoms_connected"":0,""bond_angles"":8,""bond_lengths"":9,""bonds"":0,""double_bond_stereochemistry"":0,""energy_ratio"":2,""file_loads"":0,""inchi_convertible"":0,""internal_steric_clash"":6,""molecular_formula"":0,""no_radicals"":0,""planar_aromatic_rings"":0,""planar_double_bonds"":0,""reference_file_loads"":0,""sanitisation"":0,""tetrahedral_chirality"":0}","{""all_atoms_connected"":0.0,""bond_angles"":0.07272727272727272,""bond_lengths"":0.08181818181818182,""bonds"":0.0,""double_bond_stereochemistry"":0.0,""energy_ratio"":0.01818181818181818,""file_loads"":0.0,""inchi_convertible"":0.0,""internal_steric_clash"":0.05454545454545454,""molecular_formula"":0.0,""no_radicals"":0.0,""planar_aromatic_rings"":0.0,""planar_double_bonds"":0.0,""reference_file_loads"":0.0,""sanitisation"":0.0,""tetrahedral_chirality"":0.0}",99,97.95468122100185,2.0459055663109162,3.069122389988493,67.0,67.67676767676768,0.9558712790221588,0.08080808080808081,55.653496837025,0.023364962758902156,0.746268656716418,22.0,22.22222222222222,0.8128265115756015,0.2727272727272727,12.335499633298934,0.12376288133863891,0.4090909090909091,4.0,4.040404040404041,0.9825817319045104,0.32323232323232326,3.904569423244267,0.2621161106009591,0.0,2.0,2.0202020202020203,0.6840384356390417,0.8181818181818182,1.6066307960863546,0.7024793388429753,0.0,99,54.827559045245195,197.48334782660123,72.53560337630499,28.14567444040371,0.22469197135716612,1.9378477842100814,1.0,1.0,1.0,1.0,0.36876101054412613,1.9981600517951492,0.0,1.0,1.0,1.0,1000,0,0,0,0,0,110,0,0,0,0,99,110,110,core
2xdl_2xdl_conf0,generation,qwen_4b_bigdata_step110000,fixed,4b_bigdata_step110000,qwen_4b_bigdata_step110000_fixed,Qwen 4B bigdata (step 110000),qwen_4b_bigdata_step110000_fixed,5,16,984,0.7,984,984,0,1.0,999,984,15,0.984984984984985,"{""all_atoms_connected"":0,""bond_angles"":10,""bond_lengths"":2,""bonds"":0,""double_bond_stereochemistry"":0,""energy_ratio"":5,""file_loads"":0,""inchi_convertible"":0,""internal_steric_clash"":10,""molecular_formula"":0,""no_radicals"":0,""planar_aromatic_rings"":2,""planar_double_bonds"":0,""reference_file_loads"":0,""sanitisation"":0,""tetrahedral_chirality"":0}","{""all_atoms_connected"":0.0,""bond_angles"":0.01001001001001001,""bond_lengths"":0.002002002002002002,""bonds"":0.0,""double_bond_stereochemistry"":0.0,""energy_ratio"":0.005005005005005005,""file_loads"":0.0,""inchi_convertible"":0.0,""internal_steric_clash"":0.01001001001001001,""molecular_formula"":0.0,""no_radicals"":0.0,""planar_aromatic_rings"":0.002002002002002002,""planar_double_bonds"":0.0,""reference_file_loads"":0.0,""sanitisation"":0.0,""tetrahedral_chirality"":0.0}",984,100.2338919398999,1.2571325003028204,1.7294649395082566,111.0,11.28048780487805,0.8968891305201363,0.041666666666666664,68.30113931064189,0.019362647894771632,0.18018018018018017,9.0,0.9146341463414634,0.9560449745462908,0.15548780487804878,8.171443000398316,0.12750966686496132,0.0,1.0,0.1016260162601626,0.0,1.0,1.0,1.0,0.0,1.0,0.1016260162601626,0.0,1.0,1.0,1.0,0.0,984,23.272230750759128,355.45651030275263,37.35975572277151,14.260886019409488,0.2889601582527412,1.3070661388364821,0.0,1.0,1.0,1.0,0.30979138492033276,1.304977674925933,0.0,1.0,1.0,1.0,999,0,0,0,0,0,999,0,0,0,0,984,1000,1000,core
2xdl_2xdl_conf0,generation,qwen_4b_bigdata_step110000,dynamic,4b_bigdata_step110000,qwen_4b_bigdata_step110000_dynamic,Qwen 4B bigdata (step 110000),qwen_4b_bigdata_step110000_dynamic,5,16,90,0.7,90,90,0,1.0,90,90,0,1.0,"{""all_atoms_connected"":0,""bond_angles"":0,""bond_lengths"":0,""bonds"":0,""double_bond_stereochemistry"":0,""energy_ratio"":0,""file_loads"":0,""inchi_convertible"":0,""internal_steric_clash"":0,""molecular_formula"":0,""no_radicals"":0,""planar_aromatic_rings"":0,""planar_double_bonds"":0,""reference_file_loads"":0,""sanitisation"":0,""tetrahedral_chirality"":0}","{""all_atoms_connected"":0.0,""bond_angles"":0.0,""bond_lengths"":0.0,""bonds"":0.0,""double_bond_stereochemistry"":0.0,""energy_ratio"":0.0,""file_loads"":0.0,""inchi_convertible"":0.0,""internal_steric_clash"":0.0,""molecular_formula"":0.0,""no_radicals"":0.0,""planar_aromatic_rings"":0.0,""planar_double_bonds"":0.0,""reference_file_loads"":0.0,""sanitisation"":0.0,""tetrahedral_chirality"":0.0}",90,99.97709790294684,1.2744900497761504,1.7592878119154853,38.0,42.22222222222222,0.9465948555345166,0.07777777777777778,31.290681743926612,0.03802469135802467,0.3684210526315789,8.0,8.88888888888889,0.9771285924571165,0.16666666666666666,7.6284279350249875,0.13580246913580246,0.0,1.0,1.1111111111111112,0.0,1.0,1.0,1.0,0.0,1.0,1.1111111111111112,0.0,1.0,1.0,1.0,0.0,90,25.77067385066106,146.12899933103608,37.19736700644235,15.815073421029899,0.36637365836923314,1.4341441135343471,0.0,1.0,1.0,1.0,0.3871739707580222,1.4277338749568502,0.0,1.0,1.0,1.0,999,0,0,0,0,0,90,0,0,0,0,90,90,90,core
2xdl_2xdl_conf0,generation,qwen_4b_bigdata_step110000,chembl_count,4b_bigdata_step110000,qwen_4b_bigdata_step110000_chembl_count,Qwen 4B bigdata (step 110000),qwen_4b_bigdata_step110000_chembl_count,5,16,58,0.7,58,58,0,1.0,58,58,0,1.0,"{""all_atoms_connected"":0,""bond_angles"":0,""bond_lengths"":0,""bonds"":0,""double_bond_stereochemistry"":0,""energy_ratio"":0,""file_loads"":0,""inchi_convertible"":0,""internal_steric_clash"":0,""molecular_formula"":0,""no_radicals"":0,""planar_aromatic_rings"":0,""planar_double_bonds"":0,""reference_file_loads"":0,""sanitisation"":0,""tetrahedral_chirality"":0}","{""all_atoms_connected"":0.0,""bond_angles"":0.0,""bond_lengths"":0.0,""bonds"":0.0,""double_bond_stereochemistry"":0.0,""energy_ratio"":0.0,""file_loads"":0.0,""inchi_convertible"":0.0,""internal_steric_clash"":0.0,""molecular_formula"":0.0,""no_radicals"":0.0,""planar_aromatic_rings"":0.0,""planar_double_bonds"":0.0,""reference_file_loads"":0.0,""sanitisation"":0.0,""tetrahedral_chirality"":0.0}",58,100.78106122765094,1.271331450242269,1.7453056697087177,33.0,56.89655172413793,0.9634751112051687,0.08620689655172414,29.043596003547265,0.039239001189060645,0.48484848484848486,6.0,10.344827586206897,0.977386058305664,0.25862068965517243,5.761746986906269,0.18073721759809752,0.0,1.0,1.7241379310344827,0.0,1.0,1.0,1.0,0.0,1.0,1.7241379310344827,0.0,1.0,1.0,1.0,0.0,58,28.49117541261058,119.87869182956297,38.21382009539514,12.052857183366019,0.3366954168311702,1.3340187468523044,0.0,1.0,1.0,1.0,0.30979138492033276,1.2761929414251547,0.0,1.0,1.0,1.0,999,0,0,0,0,0,58,0,0,0,0,58,58,58,core
2xnb_2xnb_conf0,generation,qwen_4b_bigdata_step110000,fixed,4b_bigdata_step110000,qwen_4b_bigdata_step110000_fixed,Qwen 4B bigdata (step 110000),qwen_4b_bigdata_step110000_fixed,4,27,989,0.7,989,989,0,1.0,1000,989,11,0.989,"{""all_atoms_connected"":0,""bond_angles"":9,""bond_lengths"":3,""bonds"":0,""double_bond_stereochemistry"":0,""energy_ratio"":3,""file_loads"":0,""inchi_convertible"":0,""internal_steric_clash"":8,""molecular_formula"":0,""no_radicals"":0,""planar_aromatic_rings"":2,""planar_double_bonds"":0,""reference_file_loads"":0,""sanitisation"":0,""tetrahedral_chirality"":0}","{""all_atoms_connected"":0.0,""bond_angles"":0.009,""bond_lengths"":0.003,""bonds"":0.0,""double_bond_stereochemistry"":0.0,""energy_ratio"":0.003,""file_loads"":0.0,""inchi_convertible"":0.0,""internal_steric_clash"":0.008,""molecular_formula"":0.0,""no_radicals"":0.0,""planar_aromatic_rings"":0.002,""planar_double_bonds"":0.0,""reference_file_loads"":0.0,""sanitisation"":0.0,""tetrahedral_chirality"":0.0}",989,136.4826078280755,0.8644248481483794,1.1560141835748676,136.0,13.751263902932255,0.8450791234821654,0.05864509605662285,63.534437695609256,0.024623742870258383,0.35294117647058826,14.0,1.4155712841253791,0.6249713456800537,0.31648129423660265,5.203519432614645,0.2323955829595725,0.21428571428571427,1.0,0.10111223458038422,0.0,1.0,1.0,1.0,0.0,1.0,0.10111223458038422,0.0,1.0,1.0,1.0,0.0,989,60.50563155905021,361.4816255236546,79.30877701010087,17.001991786294074,0.2422332654984741,0.6973012048696962,1.0,1.0,1.0,1.0,0.20671243411661072,0.7357048483768777,1.0,1.0,1.0,1.0,1000,0,0,0,0,0,1000,0,0,0,0,989,1000,1000,core
2xnb_2xnb_conf0,generation,qwen_4b_bigdata_step110000,dynamic,4b_bigdata_step110000,qwen_4b_bigdata_step110000_dynamic,Qwen 4B bigdata (step 110000),qwen_4b_bigdata_step110000_dynamic,4,27,66,0.7,66,66,0,1.0,68,66,2,0.9705882352941176,"{""all_atoms_connected"":0,""bond_angles"":2,""bond_lengths"":1,""bonds"":0,""double_bond_stereochemistry"":0,""energy_ratio"":0,""file_loads"":0,""inchi_convertible"":0,""internal_steric_clash"":1,""molecular_formula"":0,""no_radicals"":0,""planar_aromatic_rings"":0,""planar_double_bonds"":0,""reference_file_loads"":0,""sanitisation"":0,""tetrahedral_chirality"":0}","{""all_atoms_connected"":0.0,""bond_angles"":0.029411764705882353,""bond_lengths"":0.014705882352941176,""bonds"":0.0,""double_bond_stereochemistry"":0.0,""energy_ratio"":0.0,""file_loads"":0.0,""inchi_convertible"":0.0,""internal_steric_clash"":0.014705882352941176,""molecular_formula"":0.0,""no_radicals"":0.0,""planar_aromatic_rings"":0.0,""planar_double_bonds"":0.0,""reference_file_loads"":0.0,""sanitisation"":0.0,""tetrahedral_chirality"":0.0}",66,136.50132975201893,0.8887850646789818,1.2135718481916997,31.0,46.96969696969697,0.9120068668288062,0.16666666666666666,22.91564605471822,0.06198347107438015,0.5161290322580645,6.0,9.090909090909092,0.8683253425051469,0.3484848484848485,4.739019012047618,0.23783287419651059,0.16666666666666666,1.0,1.5151515151515151,0.0,1.0,1.0,1.0,0.0,1.0,1.5151515151515151,0.0,1.0,1.0,1.0,0.0,66,62.724028097562865,124.90091775332891,80.23494702184914,11.478775298697458,0.2422332654984741,0.7330795609936838,1.0,1.0,1.0,1.0,0.20671243411661072,0.7216451895379536,1.0,1.0,1.0,1.0,1000,0,0,0,0,0,68,0,0,0,0,66,68,68,core
2xnb_2xnb_conf0,generation,qwen_4b_bigdata_step110000,chembl_count,4b_bigdata_step110000,qwen_4b_bigdata_step110000_chembl_count,Qwen 4B bigdata (step 110000),qwen_4b_bigdata_step110000_chembl_count,4,27,77,0.7,77,77,0,1.0,79,77,2,0.9746835443037974,"{""all_atoms_connected"":0,""bond_angles"":2,""bond_lengths"":1,""bonds"":0,""double_bond_stereochemistry"":0,""energy_ratio"":0,""file_loads"":0,""inchi_convertible"":0,""internal_steric_clash"":2,""molecular_formula"":0,""no_radicals"":0,""planar_aromatic_rings"":0,""planar_double_bonds"":0,""reference_file_loads"":0,""sanitisation"":0,""tetrahedral_chirality"":0}","{""all_atoms_connected"":0.0,""bond_angles"":0.02531645569620253,""bond_lengths"":0.012658227848101266,""bonds"":0.0,""double_bond_stereochemistry"":0.0,""energy_ratio"":0.0,""file_loads"":0.0,""inchi_convertible"":0.0,""internal_steric_clash"":0.02531645569620253,""molecular_formula"":0.0,""no_radicals"":0.0,""planar_aromatic_rings"":0.0,""planar_double_bonds"":0.0,""reference_file_loads"":0.0,""sanitisation"":0.0,""tetrahedral_chirality"":0.0}",77,135.5270627650646,0.8619009197263752,1.1653697102502432,33.0,42.857142857142854,0.9223608804457702,0.1038961038961039,25.154625418079934,0.05009276437847866,0.5151515151515151,4.0,5.194805194805195,0.5395385207458593,0.7272727272727273,2.112684067329297,0.5793557092258391,0.25,1.0,1.2987012987012987,0.0,1.0,1.0,1.0,0.0,1.0,1.2987012987012987,0.0,1.0,1.0,1.0,0.0,77,62.833334675288334,114.4459954139424,78.55065019053274,11.166682407745343,0.2825156208581892,0.738675114449812,0.0,1.0,1.0,1.0,0.39276819596681845,0.7399939645036776,0.0,1.0,1.0,1.0,1000,0,0,0,0,0,79,0,0,0,0,77,79,79,core
2yfe_2yfe_conf0,generation,qwen_4b_bigdata_step110000,fixed,4b_bigdata_step110000,qwen_4b_bigdata_step110000_fixed,Qwen 4B bigdata (step 110000),qwen_4b_bigdata_step110000_fixed,8,25,839,0.7,839,836,3,0.9964243146603099,999,839,160,0.8398398398398398,"{""all_atoms_connected"":0,""bond_angles"":87,""bond_lengths"":57,""bonds"":0,""double_bond_stereochemistry"":0,""energy_ratio"":43,""file_loads"":0,""inchi_convertible"":0,""internal_steric_clash"":104,""molecular_formula"":0,""no_radicals"":0,""planar_aromatic_rings"":3,""planar_double_bonds"":0,""reference_file_loads"":0,""sanitisation"":0,""tetrahedral_chirality"":0}","{""all_atoms_connected"":0.0,""bond_angles"":0.08708708708708708,""bond_lengths"":0.057057057057057055,""bonds"":0.0,""double_bond_stereochemistry"":0.0,""energy_ratio"":0.043043043043043044,""file_loads"":0.0,""inchi_convertible"":0.0,""internal_steric_clash"":0.1041041041041041,""molecular_formula"":0.0,""no_radicals"":0.0,""planar_aromatic_rings"":0.003003003003003003,""planar_double_bonds"":0.0,""reference_file_loads"":0.0,""sanitisation"":0.0,""tetrahedral_chirality"":0.0}",839,93.60246302820768,1.8663527377694884,2.6086605202446917,679.0,80.92967818831943,0.9848743979632046,0.00834326579261025,615.2279240443914,0.0018993608657789723,0.8438880706921944,82.0,9.773539928486294,0.9065605925718212,0.05959475566150179,54.323559643602366,0.024404727235016428,0.10975609756097561,4.0,0.4767580452920143,0.921829386899027,0.3802145411203814,3.5891911868413473,0.29627614462418367,0.0,2.0,0.23837902264600716,0.9966680006436596,0.533969010727056,1.99538619807186,0.5023077873795497,0.0,839,71.89542886255853,1948.126916055362,94.22984756626133,77.1837854426845,0.7436501262995384,1.8382219920602787,0.0,0.0,1.0,1.0,0.6759097724068033,1.8378855420526365,0.0,0.0,1.0,1.0,999,0,0,0,0,0,999,0,0,0,0,839,1000,1000,core
2yfe_2yfe_conf0,generation,qwen_4b_bigdata_step110000,dynamic,4b_bigdata_step110000,qwen_4b_bigdata_step110000_dynamic,Qwen 4B bigdata (step 110000),qwen_4b_bigdata_step110000_dynamic,8,25,132,0.7,132,132,0,1.0,156,132,24,0.8461538461538461,"{""all_atoms_connected"":0,""bond_angles"":11,""bond_lengths"":7,""bonds"":0,""double_bond_stereochemistry"":0,""energy_ratio"":9,""file_loads"":0,""inchi_convertible"":0,""internal_steric_clash"":17,""molecular_formula"":0,""no_radicals"":0,""planar_aromatic_rings"":1,""planar_double_bonds"":0,""reference_file_loads"":0,""sanitisation"":0,""tetrahedral_chirality"":0}","{""all_atoms_connected"":0.0,""bond_angles"":0.07051282051282051,""bond_lengths"":0.04487179487179487,""bonds"":0.0,""double_bond_stereochemistry"":0.0,""energy_ratio"":0.057692307692307696,""file_loads"":0.0,""inchi_convertible"":0.0,""internal_steric_clash"":0.10897435897435898,""molecular_formula"":0.0,""no_radicals"":0.0,""planar_aromatic_rings"":0.00641025641025641,""planar_double_bonds"":0.0,""reference_file_loads"":0.0,""sanitisation"":0.0,""tetrahedral_chirality"":0.0}",132,94.12674478707399,1.9108981881542475,2.7139687933985783,123.0,93.18181818181819,0.994209177809155,0.022727272727272728,119.6197368129012,0.00872359963269054,0.9349593495934959,39.0,29.545454545454547,0.9402760521916835,0.09090909090909091,31.335739449140863,0.039485766758494044,0.1794871794871795,3.0,2.272727272727273,0.8716047565197955,0.5909090909090909,2.60532048985808,0.4338842975206612,0.0,1.0,0.7575757575757576,0.0,1.0,1.0,1.0,0.0,132,77.09368602576367,227.30265878266772,91.40219897869585,24.82032543584362,0.8372133138587149,1.8216788361488203,0.0,0.0,0.0,1.0,0.848821675265313,1.8234844542776556,0.0,0.0,0.0,1.0,999,0,0,0,0,0,156,0,0,0,0,132,156,156,core
2yfe_2yfe_conf0,generation,qwen_4b_bigdata_step110000,chembl_count,4b_bigdata_step110000,qwen_4b_bigdata_step110000_chembl_count,Qwen 4B bigdata (step 110000),qwen_4b_bigdata_step110000_chembl_count,8,25,129,0.7,129,129,0,1.0,155,129,26,0.832258064516129,"{""all_atoms_connected"":0,""bond_angles"":16,""bond_lengths"":10,""bonds"":0,""double_bond_stereochemistry"":0,""energy_ratio"":5,""file_loads"":0,""inchi_convertible"":0,""internal_steric_clash"":15,""molecular_formula"":0,""no_radicals"":0,""planar_aromatic_rings"":0,""planar_double_bonds"":0,""reference_file_loads"":0,""sanitisation"":0,""tetrahedral_chirality"":0}","{""all_atoms_connected"":0.0,""bond_angles"":0.1032258064516129,""bond_lengths"":0.06451612903225806,""bonds"":0.0,""double_bond_stereochemistry"":0.0,""energy_ratio"":0.03225806451612903,""file_loads"":0.0,""inchi_convertible"":0.0,""internal_steric_clash"":0.0967741935483871,""molecular_formula"":0.0,""no_radicals"":0.0,""planar_aromatic_rings"":0.0,""planar_double_bonds"":0.0,""reference_file_loads"":0.0,""sanitisation"":0.0,""tetrahedral_chirality"":0.0}",129,95.47507962867182,1.8961195433232343,2.65753329552585,120.0,93.02325581395348,0.9940566504652127,0.023255813953488372,116.63367101697636,0.0089537888348056,0.9333333333333333,42.0,32.55813953488372,0.9425235167165374,0.06976744186046512,33.88056387512743,0.035154137371552194,0.2857142857142857,4.0,3.10077519379845,0.8106394943502487,0.40310077519379844,3.0764765347638643,0.3362177753740761,0.25,2.0,1.550387596899225,0.9926618042431643,0.5503875968992248,1.9898529287622786,0.5050778198425575,0.0,129,74.26267360109966,225.6847111741882,95.35414138561057,26.310618340860156,0.7507820178948386,1.7953311783080619,0.0,0.0,0.0,1.0,0.769377440735445,1.8121194886964023,0.0,0.0,0.0,1.0,999,0,0,0,0,0,155,0,0,0,0,129,155,155,core
2ymd_2ymd_conf0,generation,qwen_4b_bigdata_step110000,fixed,4b_bigdata_step110000,qwen_4b_bigdata_step110000_fixed,Qwen 4B bigdata (step 110000),qwen_4b_bigdata_step110000_fixed,4,13,995,0.7,995,995,0,1.0,1000,995,5,0.995,"{""all_atoms_connected"":0,""bond_angles"":1,""bond_lengths"":4,""bonds"":0,""double_bond_stereochemistry"":0,""energy_ratio"":1,""file_loads"":0,""inchi_convertible"":0,""internal_steric_clash"":3,""molecular_formula"":0,""no_radicals"":0,""planar_aromatic_rings"":0,""planar_double_bonds"":0,""reference_file_loads"":0,""sanitisation"":0,""tetrahedral_chirality"":0}","{""all_atoms_connected"":0.0,""bond_angles"":0.001,""bond_lengths"":0.004,""bonds"":0.0,""double_bond_stereochemistry"":0.0,""energy_ratio"":0.001,""file_loads"":0.0,""inchi_convertible"":0.0,""internal_steric_clash"":0.003,""molecular_formula"":0.0,""no_radicals"":0.0,""planar_aromatic_rings"":0.0,""planar_double_bonds"":0.0,""reference_file_loads"":0.0,""sanitisation"":0.0,""tetrahedral_chirality"":0.0}",995,112.56597898520896,0.643735209276779,0.9619491533742267,13.0,1.306532663316583,0.7806500624782217,0.29547738693467335,7.406276942656481,0.16968763415065277,0.15384615384615385,2.0,0.20100502512562815,0.9934142181800524,0.5477386934673367,1.9908909745859913,0.5045579657079367,0.0,1.0,0.10050251256281408,0.0,1.0,1.0,1.0,0.0,1.0,0.10050251256281408,0.0,1.0,1.0,1.0,0.0,995,14.202374307041929,170.69879594240075,22.64843789493252,10.527193557965242,0.08090191761900253,0.8174227266107059,1.0,1.0,1.0,1.0,0.09545128898307446,0.836959079289002,1.0,1.0,1.0,1.0,1000,0,0,0,0,0,1000,0,0,0,0,995,1000,1000,core
2ymd_2ymd_conf0,generation,qwen_4b_bigdata_step110000,dynamic,4b_bigdata_step110000,qwen_4b_bigdata_step110000_dynamic,Qwen 4B bigdata (step 110000),qwen_4b_bigdata_step110000_dynamic,4,13,67,0.7,67,67,0,1.0,68,67,1,0.9852941176470588,"{""all_atoms_connected"":0,""bond_angles"":0,""bond_lengths"":1,""bonds"":0,""double_bond_stereochemistry"":0,""energy_ratio"":0,""file_loads"":0,""inchi_convertible"":0,""internal_steric_clash"":0,""molecular_formula"":0,""no_radicals"":0,""planar_aromatic_rings"":0,""planar_double_bonds"":0,""reference_file_loads"":0,""sanitisation"":0,""tetrahedral_chirality"":0}","{""all_atoms_connected"":0.0,""bond_angles"":0.0,""bond_lengths"":0.014705882352941176,""bonds"":0.0,""double_bond_stereochemistry"":0.0,""energy_ratio"":0.0,""file_loads"":0.0,""inchi_convertible"":0.0,""internal_steric_clash"":0.0,""molecular_formula"":0.0,""no_radicals"":0.0,""planar_aromatic_rings"":0.0,""planar_double_bonds"":0.0,""reference_file_loads"":0.0,""sanitisation"":0.0,""tetrahedral_chirality"":0.0}",67,115.1167090716485,0.6249199847116945,0.9696233304780816,5.0,7.462686567164179,0.8965913470764884,0.373134328358209,4.23341123224674,0.2653152149699265,0.0,2.0,2.985074626865672,0.48303068014561806,0.8955223880597015,1.3976766943269512,0.8128759189128982,0.0,1.0,1.492537313432836,0.0,1.0,1.0,1.0,0.0,1.0,1.492537313432836,0.0,1.0,1.0,1.0,0.0,67,15.076996843707773,47.85594316527799,21.73434851030244,6.362159886749012,0.08090191761900253,0.7902691515937089,1.0,1.0,1.0,1.0,0.11129618640288752,0.8072838285377335,1.0,1.0,1.0,1.0,1000,0,0,0,0,0,68,0,0,0,0,67,68,68,core
2ymd_2ymd_conf0,generation,qwen_4b_bigdata_step110000,chembl_count,4b_bigdata_step110000,qwen_4b_bigdata_step110000_chembl_count,Qwen 4B bigdata (step 110000),qwen_4b_bigdata_step110000_chembl_count,4,13,29,0.7,29,29,0,1.0,30,29,1,0.9666666666666668,"{""all_atoms_connected"":0,""bond_angles"":1,""bond_lengths"":1,""bonds"":0,""double_bond_stereochemistry"":0,""energy_ratio"":1,""file_loads"":0,""inchi_convertible"":0,""internal_steric_clash"":1,""molecular_formula"":0,""no_radicals"":0,""planar_aromatic_rings"":0,""planar_double_bonds"":0,""reference_file_loads"":0,""sanitisation"":0,""tetrahedral_chirality"":0}","{""all_atoms_connected"":0.0,""bond_angles"":0.03333333333333333,""bond_lengths"":0.03333333333333333,""bonds"":0.0,""double_bond_stereochemistry"":0.0,""energy_ratio"":0.03333333333333333,""file_loads"":0.0,""inchi_convertible"":0.0,""internal_steric_clash"":0.03333333333333333,""molecular_formula"":0.0,""no_radicals"":0.0,""planar_aromatic_rings"":0.0,""planar_double_bonds"":0.0,""reference_file_loads"":0.0,""sanitisation"":0.0,""tetrahedral_chirality"":0.0}",29,106.71362222052437,0.6631411125246148,1.0094106349321283,5.0,17.24137931034483,0.8800028361051379,0.3448275862068966,4.1218822980070735,0.2651605231866825,0.2,1.0,3.4482758620689653,0.0,1.0,1.0,1.0,0.0,1.0,3.4482758620689653,0.0,1.0,1.0,1.0,0.0,1.0,3.4482758620689653,0.0,1.0,1.0,1.0,0.0,29,16.63257708802835,59.5016686216394,22.02893051204287,8.330743667374719,0.19449529950112707,0.7744784507211743,1.0,1.0,1.0,1.0,0.1916638923233298,0.8196125231330609,1.0,1.0,1.0,1.0,1000,0,0,0,0,0,30,0,0,0,0,29,30,30,core
2zb1_2zb1_conf0,generation,qwen_4b_bigdata_step110000,fixed,4b_bigdata_step110000,qwen_4b_bigdata_step110000_fixed,Qwen 4B bigdata (step 110000),qwen_4b_bigdata_step110000_fixed,5,26,980,0.7,980,980,0,1.0,999,980,19,0.980980980980981,"{""all_atoms_connected"":0,""bond_angles"":5,""bond_lengths"":8,""bonds"":0,""double_bond_stereochemistry"":0,""energy_ratio"":1,""file_loads"":0,""inchi_convertible"":0,""internal_steric_clash"":8,""molecular_formula"":0,""no_radicals"":0,""planar_aromatic_rings"":0,""planar_double_bonds"":0,""reference_file_loads"":0,""sanitisation"":0,""tetrahedral_chirality"":0}","{""all_atoms_connected"":0.0,""bond_angles"":0.005005005005005005,""bond_lengths"":0.008008008008008008,""bonds"":0.0,""double_bond_stereochemistry"":0.0,""energy_ratio"":0.001001001001001001,""file_loads"":0.0,""inchi_convertible"":0.0,""internal_steric_clash"":0.008008008008008008,""molecular_formula"":0.0,""no_radicals"":0.0,""planar_aromatic_rings"":0.0,""planar_double_bonds"":0.0,""reference_file_loads"":0.0,""sanitisation"":0.0,""tetrahedral_chirality"":0.0}",980,118.83653136302445,1.3098545168102147,1.7868677383293623,259.0,26.428571428571427,0.9163061461787614,0.024489795918367346,162.67522137038134,0.008779675135360265,0.42084942084942084,24.0,2.4489795918367347,0.8265564151077919,0.13163265306122449,13.830008786966834,0.08500624739691795,0.16666666666666666,2.0,0.20408163265306123,0.8749644947056493,0.7051020408163265,1.833962951301899,0.5841336942940442,0.0,1.0,0.10204081632653061,0.0,1.0,1.0,1.0,0.0,980,46.24460025439319,274.3225767034749,63.729083115829674,16.81949507629356,0.3026329357441985,1.3060791496167947,0.0,1.0,1.0,1.0,0.30905386178536576,1.3341356813809035,0.0,1.0,1.0,1.0,999,0,0,0,0,0,999,0,0,0,0,980,1000,1000,core
2zb1_2zb1_conf0,generation,qwen_4b_bigdata_step110000,dynamic,4b_bigdata_step110000,qwen_4b_bigdata_step110000_dynamic,Qwen 4B bigdata (step 110000),qwen_4b_bigdata_step110000_dynamic,5,26,89,0.7,89,89,0,1.0,90,89,1,0.9888888888888888,"{""all_atoms_connected"":0,""bond_angles"":0,""bond_lengths"":0,""bonds"":0,""double_bond_stereochemistry"":0,""energy_ratio"":0,""file_loads"":0,""inchi_convertible"":0,""internal_steric_clash"":1,""molecular_formula"":0,""no_radicals"":0,""planar_aromatic_rings"":0,""planar_double_bonds"":0,""reference_file_loads"":0,""sanitisation"":0,""tetrahedral_chirality"":0}","{""all_atoms_connected"":0.0,""bond_angles"":0.0,""bond_lengths"":0.0,""bonds"":0.0,""double_bond_stereochemistry"":0.0,""energy_ratio"":0.0,""file_loads"":0.0,""inchi_convertible"":0.0,""internal_steric_clash"":0.011111111111111112,""molecular_formula"":0.0,""no_radicals"":0.0,""planar_aromatic_rings"":0.0,""planar_double_bonds"":0.0,""reference_file_loads"":0.0,""sanitisation"":0.0,""tetrahedral_chirality"":0.0}",89,117.52243226706035,1.2763044459966497,1.7259393825813252,65.0,73.03370786516854,0.9726301052529639,0.0449438202247191,57.98212246584317,0.019820729705845218,0.7538461538461538,13.0,14.606741573033707,0.9000640554001228,0.1797752808988764,10.060518665735863,0.11501073096831209,0.07692307692307693,2.0,2.247191011235955,0.0888796956845758,0.9887640449438202,1.0635439817547865,0.9777805832596893,0.5,1.0,1.1235955056179776,0.0,1.0,1.0,1.0,0.0,89,49.18157532862447,101.48736181293658,62.968124422256736,11.038081123425428,0.3026329357441985,1.2492017891052944,0.0,1.0,1.0,1.0,0.30905386178536576,1.300006731496923,0.0,1.0,1.0,1.0,999,0,0,0,0,0,90,0,0,0,0,89,90,90,core
2zb1_2zb1_conf0,generation,qwen_4b_bigdata_step110000,chembl_count,4b_bigdata_step110000,qwen_4b_bigdata_step110000_chembl_count,Qwen 4B bigdata (step 110000),qwen_4b_bigdata_step110000_chembl_count,5,26,197,0.7,197,197,0,1.0,200,197,3,0.985,"{""all_atoms_connected"":0,""bond_angles"":2,""bond_lengths"":2,""bonds"":0,""double_bond_stereochemistry"":0,""energy_ratio"":1,""file_loads"":0,""inchi_convertible"":0,""internal_steric_clash"":1,""molecular_formula"":0,""no_radicals"":0,""planar_aromatic_rings"":0,""planar_double_bonds"":0,""reference_file_loads"":0,""sanitisation"":0,""tetrahedral_chirality"":0}","{""all_atoms_connected"":0.0,""bond_angles"":0.01,""bond_lengths"":0.01,""bonds"":0.0,""double_bond_stereochemistry"":0.0,""energy_ratio"":0.005,""file_loads"":0.0,""inchi_convertible"":0.0,""internal_steric_clash"":0.005,""molecular_formula"":0.0,""no_radicals"":0.0,""planar_aromatic_rings"":0.0,""planar_double_bonds"":0.0,""reference_file_loads"":0.0,""sanitisation"":0.0,""tetrahedral_chirality"":0.0}",197,118.43009758800186,1.2756909628671993,1.7135400508175653,105.0,53.2994923857868,0.956561710605255,0.03553299492385787,85.7812347731267,0.014249272076064832,0.5714285714285714,12.0,6.091370558375634,0.927469662695275,0.14720812182741116,10.020926258056503,0.10675358808523795,0.08333333333333333,1.0,0.5076142131979695,0.0,1.0,1.0,1.0,0.0,1.0,0.5076142131979695,0.0,1.0,1.0,1.0,0.0,197,47.48852735223307,274.3225767034749,64.6185429417887,23.301622905832573,0.3026329357441985,1.3028245722779834,0.0,1.0,1.0,1.0,0.30905386178536576,1.3321234920351075,0.0,1.0,1.0,1.0,999,0,0,0,0,0,200,0,0,0,0,197,200,200,core
2zcq_2zcq_conf0,generation,qwen_4b_bigdata_step110000,fixed,4b_bigdata_step110000,qwen_4b_bigdata_step110000_fixed,Qwen 4B bigdata (step 110000),qwen_4b_bigdata_step110000_fixed,8,25,472,0.7,472,468,4,0.9915254237288136,995,472,523,0.4743718592964824,"{""all_atoms_connected"":0,""bond_angles"":305,""bond_lengths"":85,""bonds"":0,""double_bond_stereochemistry"":0,""energy_ratio"":126,""file_loads"":0,""inchi_convertible"":0,""internal_steric_clash"":231,""molecular_formula"":0,""no_radicals"":0,""planar_aromatic_rings"":1,""planar_double_bonds"":0,""reference_file_loads"":0,""sanitisation"":0,""tetrahedral_chirality"":268}","{""all_atoms_connected"":0.0,""bond_angles"":0.3065326633165829,""bond_lengths"":0.08542713567839195,""bonds"":0.0,""double_bond_stereochemistry"":0.0,""energy_ratio"":0.12663316582914572,""file_loads"":0.0,""inchi_convertible"":0.0,""internal_steric_clash"":0.2321608040201005,""molecular_formula"":0.0,""no_radicals"":0.0,""planar_aromatic_rings"":0.0010050251256281408,""planar_double_bonds"":0.0,""reference_file_loads"":0.0,""sanitisation"":0.0,""tetrahedral_chirality"":0.2693467336683417}",472,106.36472708417199,2.1168703943496396,2.8507262287084503,442.0,93.64406779661017,0.9956514333308745,0.00847457627118644,430.445799624489,0.002423872450445275,0.9389140271493213,152.0,32.20338983050848,0.9421977286436528,0.03177966101694915,113.69151999741976,0.01123958632576846,0.35526315789473684,7.0,1.4830508474576272,0.9269764945893092,0.288135593220339,6.0727586142314856,0.18223929905199654,0.0,1.0,0.211864406779661,0.0,1.0,1.0,1.0,0.0,472,227.35066654342913,9718.3822872848,258.71147633845095,449.0808059077459,0.7061536128237573,2.42604166768613,0.0,0.0,1.0,1.0,0.6721866300951777,2.306289433812747,0.0,0.0,1.0,1.0,995,0,0,0,0,0,995,0,0,0,0,472,1000,1000,core
2zcq_2zcq_conf0,generation,qwen_4b_bigdata_step110000,dynamic,4b_bigdata_step110000,qwen_4b_bigdata_step110000_dynamic,Qwen 4B bigdata (step 110000),qwen_4b_bigdata_step110000_dynamic,8,25,82,0.7,82,82,0,1.0,156,82,74,0.5256410256410257,"{""all_atoms_connected"":0,""bond_angles"":49,""bond_lengths"":16,""bonds"":0,""double_bond_stereochemistry"":0,""energy_ratio"":19,""file_loads"":0,""inchi_convertible"":0,""internal_steric_clash"":39,""molecular_formula"":0,""no_radicals"":0,""planar_aromatic_rings"":0,""planar_double_bonds"":0,""reference_file_loads"":0,""sanitisation"":0,""tetrahedral_chirality"":37}","{""all_atoms_connected"":0.0,""bond_angles"":0.3141025641025641,""bond_lengths"":0.10256410256410256,""bonds"":0.0,""double_bond_stereochemistry"":0.0,""energy_ratio"":0.12179487179487179,""file_loads"":0.0,""inchi_convertible"":0.0,""internal_steric_clash"":0.25,""molecular_formula"":0.0,""no_radicals"":0.0,""planar_aromatic_rings"":0.0,""planar_double_bonds"":0.0,""reference_file_loads"":0.0,""sanitisation"":0.0,""tetrahedral_chirality"":0.23717948717948717}",82,104.98118702294708,2.179591118589112,2.890268680933939,81.0,98.78048780487805,0.9989450472541249,0.024390243902439025,80.62535824622604,0.012492563950029744,0.9876543209876543,51.0,62.19512195121951,0.9675283514426605,0.04878048780487805,44.88720432869731,0.025282569898869723,0.6078431372549019,5.0,6.097560975609756,0.9066574491265774,0.3902439024390244,4.302554311280223,0.26204640095181436,0.0,1.0,1.2195121951219512,0.0,1.0,1.0,1.0,0.0,82,231.93402947816125,430.9362622870847,262.0758785127164,39.44433286047563,1.439648771463024,2.4075762068098907,0.0,0.0,0.0,1.0,1.224714074572115,2.283515424835418,0.0,0.0,0.0,1.0,995,0,0,0,0,0,156,0,0,0,0,82,156,156,core
2zcq_2zcq_conf0,generation,qwen_4b_bigdata_step110000,chembl_count,4b_bigdata_step110000,qwen_4b_bigdata_step110000_chembl_count,Qwen 4B bigdata (step 110000),qwen_4b_bigdata_step110000_chembl_count,8,25,40,0.7,40,40,0,1.0,67,40,27,0.5970149253731343,"{""all_atoms_connected"":0,""bond_angles"":18,""bond_lengths"":4,""bonds"":0,""double_bond_stereochemistry"":0,""energy_ratio"":8,""file_loads"":0,""inchi_convertible"":0,""internal_steric_clash"":11,""molecular_formula"":0,""no_radicals"":0,""planar_aromatic_rings"":0,""planar_double_bonds"":0,""reference_file_loads"":0,""sanitisation"":0,""tetrahedral_chirality"":13}","{""all_atoms_connected"":0.0,""bond_angles"":0.26865671641791045,""bond_lengths"":0.05970149253731343,""bonds"":0.0,""double_bond_stereochemistry"":0.0,""energy_ratio"":0.11940298507462686,""file_loads"":0.0,""inchi_convertible"":0.0,""internal_steric_clash"":0.16417910447761194,""molecular_formula"":0.0,""no_radicals"":0.0,""planar_aromatic_rings"":0.0,""planar_double_bonds"":0.0,""reference_file_loads"":0.0,""sanitisation"":0.0,""tetrahedral_chirality"":0.19402985074626866}",40,100.64886856894492,2.153864015271708,2.9165890373915135,40.0,100.0,1.0,0.025,40.0,0.025000000000000005,1.0,35.0,87.5,0.9851388372683146,0.075,33.19872446248907,0.03250000000000001,0.8857142857142857,4.0,10.0,0.869216381962196,0.475,3.3367249395503578,0.34124999999999994,0.0,1.0,2.5,0.0,1.0,1.0,1.0,0.0,40,229.12451656057107,474.50588921705116,259.6986205796585,51.2933154530883,1.6364133448656109,2.349894365292085,0.0,0.0,0.0,1.0,1.6108801223821174,2.3187606080031777,0.0,0.0,0.0,1.0,995,0,0,0,0,0,67,0,0,0,0,40,67,67,core
2zcr_2zcr_conf0,generation,qwen_4b_bigdata_step110000,fixed,4b_bigdata_step110000,qwen_4b_bigdata_step110000_fixed,Qwen 4B bigdata (step 110000),qwen_4b_bigdata_step110000_fixed,10,28,824,0.7,824,820,4,0.9951456310679612,999,824,175,0.8248248248248248,"{""all_atoms_connected"":0,""bond_angles"":54,""bond_lengths"":20,""bonds"":0,""double_bond_stereochemistry"":0,""energy_ratio"":33,""file_loads"":0,""inchi_convertible"":0,""internal_steric_clash"":88,""molecular_formula"":0,""no_radicals"":0,""planar_aromatic_rings"":2,""planar_double_bonds"":0,""reference_file_loads"":0,""sanitisation"":0,""tetrahedral_chirality"":76}","{""all_atoms_connected"":0.0,""bond_angles"":0.05405405405405406,""bond_lengths"":0.02002002002002002,""bonds"":0.0,""double_bond_stereochemistry"":0.0,""energy_ratio"":0.03303303303303303,""file_loads"":0.0,""inchi_convertible"":0.0,""internal_steric_clash"":0.08808808808808809,""molecular_formula"":0.0,""no_radicals"":0.0,""planar_aromatic_rings"":0.002002002002002002,""planar_double_bonds"":0.0,""reference_file_loads"":0.0,""sanitisation"":0.0,""tetrahedral_chirality"":0.07607607607607608}",824,116.17486616292356,1.8286004239678175,2.3197243038183295,722.0,87.62135922330097,0.9915354713171435,0.0048543689320388345,682.8747074547075,0.001593576208879253,0.8905817174515236,130.0,15.776699029126213,0.9268435515231587,0.04004854368932039,91.05310586388873,0.01418312282024696,0.18461538461538463,5.0,0.6067961165048543,0.8074835051747908,0.46480582524271846,3.6678093148039776,0.3266801772080309,0.0,2.0,0.24271844660194175,0.7790253928491598,0.7694174757281553,1.7159712633705624,0.6451715524554624,0.0,824,224.73998905464296,1891.6589579165388,253.52459499199287,77.21911648560956,0.6115358804386885,1.8047769359875818,0.0,0.0,1.0,1.0,3.922209251823161,4.318591131391219,0.0,0.0,0.0,0.0,999,0,0,0,0,0,999,0,0,0,0,824,1000,1000,core
2zcr_2zcr_conf0,generation,qwen_4b_bigdata_step110000,dynamic,4b_bigdata_step110000,qwen_4b_bigdata_step110000_dynamic,Qwen 4B bigdata (step 110000),qwen_4b_bigdata_step110000_dynamic,10,28,169,0.7,169,168,1,0.9940828402366864,200,169,31,0.845,"{""all_atoms_connected"":0,""bond_angles"":12,""bond_lengths"":3,""bonds"":0,""double_bond_stereochemistry"":0,""energy_ratio"":5,""file_loads"":0,""inchi_convertible"":0,""internal_steric_clash"":18,""molecular_formula"":0,""no_radicals"":0,""planar_aromatic_rings"":1,""planar_double_bonds"":0,""reference_file_loads"":0,""sanitisation"":0,""tetrahedral_chirality"":13}","{""all_atoms_connected"":0.0,""bond_angles"":0.06,""bond_lengths"":0.015,""bonds"":0.0,""double_bond_stereochemistry"":0.0,""energy_ratio"":0.025,""file_loads"":0.0,""inchi_convertible"":0.0,""internal_steric_clash"":0.09,""molecular_formula"":0.0,""no_radicals"":0.0,""planar_aromatic_rings"":0.005,""planar_double_bonds"":0.0,""reference_file_loads"":0.0,""sanitisation"":0.0,""tetrahedral_chirality"":0.065}",169,115.6164938108158,1.838069022611304,2.372793533980333,161.0,95.26627218934911,0.9937155449738689,0.029585798816568046,155.9398736733189,0.006897517593921782,0.968944099378882,63.0,37.27810650887574,0.935510417779076,0.05325443786982249,48.22828616392843,0.025734393053464512,0.42857142857142855,3.0,1.7751479289940828,0.9632725256854403,0.4556213017751479,2.8813618127970937,0.3602464899688386,0.0,1.0,0.591715976331361,0.0,1.0,1.0,1.0,0.0,169,225.06864769663696,760.1464043086105,254.27123807622462,50.92499776177992,0.6690797356191297,1.8643786078452982,0.0,0.0,1.0,1.0,3.961656379796629,4.327515366700656,0.0,0.0,0.0,0.0,999,0,0,0,0,0,200,0,0,0,0,169,200,200,core
2zcr_2zcr_conf0,generation,qwen_4b_bigdata_step110000,chembl_count,4b_bigdata_step110000,qwen_4b_bigdata_step110000_chembl_count,Qwen 4B bigdata (step 110000),qwen_4b_bigdata_step110000_chembl_count,10,28,46,0.7,46,46,0,1.0,60,46,14,0.7666666666666667,"{""all_atoms_connected"":0,""bond_angles"":4,""bond_lengths"":2,""bonds"":0,""double_bond_stereochemistry"":0,""energy_ratio"":2,""file_loads"":0,""inchi_convertible"":0,""internal_steric_clash"":6,""molecular_formula"":0,""no_radicals"":0,""planar_aromatic_rings"":1,""planar_double_bonds"":0,""reference_file_loads"":0,""sanitisation"":0,""tetrahedral_chirality"":9}","{""all_atoms_connected"":0.0,""bond_angles"":0.06666666666666667,""bond_lengths"":0.03333333333333333,""bonds"":0.0,""double_bond_stereochemistry"":0.0,""energy_ratio"":0.03333333333333333,""file_loads"":0.0,""inchi_convertible"":0.0,""internal_steric_clash"":0.1,""molecular_formula"":0.0,""no_radicals"":0.0,""planar_aromatic_rings"":0.016666666666666666,""planar_double_bonds"":0.0,""reference_file_loads"":0.0,""sanitisation"":0.0,""tetrahedral_chirality"":0.15}",46,116.91966242948247,1.8224818002378955,2.3797777697503077,46.0,100.0,0.9999999999999998,0.021739130434782608,45.999999999999964,0.021739130434782615,1.0,27.0,58.69565217391305,0.9684277373441934,0.08695652173913043,24.331695422244334,0.04536862003780718,0.48148148148148145,3.0,6.521739130434782,0.7979196219596977,0.6086956521739131,2.402726903275568,0.4706994328922496,0.0,1.0,2.1739130434782608,0.0,1.0,1.0,1.0,0.0,46,229.60367540806718,539.2175937539869,256.3373743631379,56.53887273168774,0.8954800834775684,1.6418426583559214,0.0,0.0,0.0,1.0,4.0790533941356175,4.318356040129636,0.0,0.0,0.0,0.0,999,0,0,0,0,0,60,0,0,0,0,46,60,60,core
2zy1_2zy1_conf0,generation,qwen_4b_bigdata_step110000,fixed,4b_bigdata_step110000,qwen_4b_bigdata_step110000_fixed,Qwen 4B bigdata (step 110000),qwen_4b_bigdata_step110000_fixed,8,24,883,0.7,883,878,5,0.9943374858437146,1000,883,117,0.883,"{""all_atoms_connected"":0,""bond_angles"":11,""bond_lengths"":9,""bonds"":0,""double_bond_stereochemistry"":0,""energy_ratio"":30,""file_loads"":0,""inchi_convertible"":0,""internal_steric_clash"":107,""molecular_formula"":0,""no_radicals"":0,""planar_aromatic_rings"":1,""planar_double_bonds"":0,""reference_file_loads"":0,""sanitisation"":0,""tetrahedral_chirality"":0}","{""all_atoms_connected"":0.0,""bond_angles"":0.011,""bond_lengths"":0.009,""bonds"":0.0,""double_bond_stereochemistry"":0.0,""energy_ratio"":0.03,""file_loads"":0.0,""inchi_convertible"":0.0,""internal_steric_clash"":0.107,""molecular_formula"":0.0,""no_radicals"":0.0,""planar_aromatic_rings"":0.001,""planar_double_bonds"":0.0,""reference_file_loads"":0.0,""sanitisation"":0.0,""tetrahedral_chirality"":0.0}",883,95.50017920347629,2.014031249487238,2.767093188309769,780.0,88.3352208380521,0.9911627691583258,0.0056625141562853904,735.4217925823361,0.0014941855021681724,0.908974358974359,196.0,22.197055492638732,0.927652045851882,0.02378255945639864,133.78765272728202,0.00992062219679898,0.27040816326530615,7.0,0.7927519818799547,0.8500932671657854,0.33975084937712347,5.2289218846335235,0.23150640832434471,0.0,2.0,0.22650056625141562,0.7491401102451865,0.7859569648924122,1.6807907299297689,0.6635427715409605,0.0,883,46.99929687645848,2657.8335497607663,72.36440637909905,88.34404950861686,0.8796807432358711,3.13269371018274,0.0,0.0,0.0,1.0,0.9122787504992982,3.162355554691042,0.0,0.0,0.0,1.0,1000,0,0,0,0,0,1000,0,0,0,0,883,1000,1000,core
2zy1_2zy1_conf0,generation,qwen_4b_bigdata_step110000,dynamic,4b_bigdata_step110000,qwen_4b_bigdata_step110000_dynamic,Qwen 4B bigdata (step 110000),qwen_4b_bigdata_step110000_dynamic,8,24,137,0.7,137,135,2,0.9854014598540146,156,137,19,0.8782051282051282,"{""all_atoms_connected"":0,""bond_angles"":1,""bond_lengths"":1,""bonds"":0,""double_bond_stereochemistry"":0,""energy_ratio"":8,""file_loads"":0,""inchi_convertible"":0,""internal_steric_clash"":19,""molecular_formula"":0,""no_radicals"":0,""planar_aromatic_rings"":0,""planar_double_bonds"":0,""reference_file_loads"":0,""sanitisation"":0,""tetrahedral_chirality"":0}","{""all_atoms_connected"":0.0,""bond_angles"":0.00641025641025641,""bond_lengths"":0.00641025641025641,""bonds"":0.0,""double_bond_stereochemistry"":0.0,""energy_ratio"":0.05128205128205128,""file_loads"":0.0,""inchi_convertible"":0.0,""internal_steric_clash"":0.12179487179487179,""molecular_formula"":0.0,""no_radicals"":0.0,""planar_aromatic_rings"":0.0,""planar_double_bonds"":0.0,""reference_file_loads"":0.0,""sanitisation"":0.0,""tetrahedral_chirality"":0.0}",137,95.69337922451466,2.0138752820733985,2.715555983894371,133.0,97.08029197080292,0.9977825815950498,0.014598540145985401,131.56554625727054,0.007725504821780593,0.9699248120300752,77.0,56.2043795620438,0.95458925720455,0.043795620437956206,63.21552951157375,0.019446960413447702,0.5974025974025974,5.0,3.6496350364963503,0.8763181874076412,0.35766423357664234,4.097510991695928,0.26442538227929036,0.0,1.0,0.7299270072992701,0.0,1.0,1.0,1.0,0.0,137,48.64188554964748,2657.8335497607663,73.46531761438312,220.2453152086981,1.9443397197168513,3.1924386551752146,0.0,0.0,0.0,1.0,1.9667152463568618,3.228180411934463,0.0,0.0,0.0,1.0,1000,0,0,0,0,0,156,0,0,0,0,137,156,156,core
2zy1_2zy1_conf0,generation,qwen_4b_bigdata_step110000,chembl_count,4b_bigdata_step110000,qwen_4b_bigdata_step110000_chembl_count,Qwen 4B bigdata (step 110000),qwen_4b_bigdata_step110000_chembl_count,8,24,85,0.7,85,85,0,1.0,94,85,9,0.9042553191489362,"{""all_atoms_connected"":0,""bond_angles"":0,""bond_lengths"":0,""bonds"":0,""double_bond_stereochemistry"":0,""energy_ratio"":5,""file_loads"":0,""inchi_convertible"":0,""internal_steric_clash"":9,""molecular_formula"":0,""no_radicals"":0,""planar_aromatic_rings"":0,""planar_double_bonds"":0,""reference_file_loads"":0,""sanitisation"":0,""tetrahedral_chirality"":0}","{""all_atoms_connected"":0.0,""bond_angles"":0.0,""bond_lengths"":0.0,""bonds"":0.0,""double_bond_stereochemistry"":0.0,""energy_ratio"":0.05319148936170213,""file_loads"":0.0,""inchi_convertible"":0.0,""internal_steric_clash"":0.09574468085106383,""molecular_formula"":0.0,""no_radicals"":0.0,""planar_aromatic_rings"":0.0,""planar_double_bonds"":0.0,""reference_file_loads"":0.0,""sanitisation"":0.0,""tetrahedral_chirality"":0.0}",85,96.04404455029665,1.9695963705419168,2.6863567247135505,85.0,100.0,0.9999999999999994,0.011764705882352941,84.99999999999979,0.011764705882352943,1.0,54.0,63.529411764705884,0.9613698522638017,0.07058823529411765,46.28828954597181,0.02588235294117647,0.6481481481481481,5.0,5.882352941176471,0.8423504715083915,0.5058823529411764,3.879517477382701,0.32290657439446363,0.0,2.0,2.3529411764705883,0.41041614171818896,0.9176470588235294,1.329069125422898,0.8488581314878891,0.0,85,49.491023964371536,147.91027673816572,74.96227029445583,15.481131188175189,1.5649802163865154,3.210129130657916,0.0,0.0,0.0,1.0,1.5539562416003585,3.244507985873313,0.0,0.0,0.0,1.0,1000,0,0,0,0,0,94,0,0,0,0,85,94,94,core
3aru_3aru_conf0,generation,qwen_4b_bigdata_step110000,fixed,4b_bigdata_step110000,qwen_4b_bigdata_step110000_fixed,Qwen 4B bigdata (step 110000),qwen_4b_bigdata_step110000_fixed,5,20,926,0.7,926,923,3,0.9967602591792657,1000,926,74,0.926,"{""all_atoms_connected"":0,""bond_angles"":21,""bond_lengths"":13,""bonds"":0,""double_bond_stereochemistry"":0,""energy_ratio"":6,""file_loads"":0,""inchi_convertible"":0,""internal_steric_clash"":62,""molecular_formula"":0,""no_radicals"":0,""planar_aromatic_rings"":0,""planar_double_bonds"":0,""reference_file_loads"":0,""sanitisation"":0,""tetrahedral_chirality"":0}","{""all_atoms_connected"":0.0,""bond_angles"":0.021,""bond_lengths"":0.013,""bonds"":0.0,""double_bond_stereochemistry"":0.0,""energy_ratio"":0.006,""file_loads"":0.0,""inchi_convertible"":0.0,""internal_steric_clash"":0.062,""molecular_formula"":0.0,""no_radicals"":0.0,""planar_aromatic_rings"":0.0,""planar_double_bonds"":0.0,""reference_file_loads"":0.0,""sanitisation"":0.0,""tetrahedral_chirality"":0.0}",926,123.50795174610694,1.4863449732239737,2.099615312162856,339.0,36.60907127429805,0.9421188958071007,0.0183585313174946,241.96299182936357,0.005693453810952143,0.4306784660766962,23.0,2.4838012958963285,0.919667261055567,0.12958963282937366,17.878723554347552,0.06510736160545604,0.0,2.0,0.2159827213822894,0.9153891055777539,0.6695464362850972,1.886077692419069,0.5574919881139531,0.0,1.0,0.1079913606911447,0.0,1.0,1.0,1.0,0.0,926,-117.68097939066203,754.3897957462509,-99.0946835412353,37.52758066925302,0.3468595701148882,1.4072505032047555,0.0,1.0,1.0,1.0,0.269278643438846,1.4089116419582175,0.0,1.0,1.0,1.0,1000,0,0,0,0,0,1000,0,0,0,0,926,1000,1000,core
3aru_3aru_conf0,generation,qwen_4b_bigdata_step110000,dynamic,4b_bigdata_step110000,qwen_4b_bigdata_step110000_dynamic,Qwen 4B bigdata (step 110000),qwen_4b_bigdata_step110000_dynamic,5,20,82,0.7,82,82,0,1.0,90,82,8,0.9111111111111112,"{""all_atoms_connected"":0,""bond_angles"":2,""bond_lengths"":1,""bonds"":0,""double_bond_stereochemistry"":0,""energy_ratio"":1,""file_loads"":0,""inchi_convertible"":0,""internal_steric_clash"":7,""molecular_formula"":0,""no_radicals"":0,""planar_aromatic_rings"":0,""planar_double_bonds"":0,""reference_file_loads"":0,""sanitisation"":0,""tetrahedral_chirality"":0}","{""all_atoms_connected"":0.0,""bond_angles"":0.022222222222222223,""bond_lengths"":0.011111111111111112,""bonds"":0.0,""double_bond_stereochemistry"":0.0,""energy_ratio"":0.011111111111111112,""file_loads"":0.0,""inchi_convertible"":0.0,""internal_steric_clash"":0.07777777777777778,""molecular_formula"":0.0,""no_radicals"":0.0,""planar_aromatic_rings"":0.0,""planar_double_bonds"":0.0,""reference_file_loads"":0.0,""sanitisation"":0.0,""tetrahedral_chirality"":0.0}",82,123.62559510158378,1.5348048713354236,2.178086515683267,68.0,82.92682926829268,0.9882752054299617,0.024390243902439025,64.71770710136563,0.01635930993456276,0.7941176470588235,13.0,15.853658536585366,0.8925191221750717,0.18292682926829268,9.867695579638719,0.11927424152290303,0.07692307692307693,2.0,2.4390243902439024,0.6864381668766383,0.8170731707317073,1.6093054364771895,0.7010707911957168,0.0,1.0,1.2195121951219512,0.0,1.0,1.0,1.0,0.0,82,-114.76717950050919,109.85028176638582,-99.86694662824127,30.049079861956937,0.6913262248262926,1.3878049203202583,0.0,0.0,1.0,1.0,0.6671380406605183,1.3844858435235796,0.0,0.0,1.0,1.0,1000,0,0,0,0,0,90,0,0,0,0,82,90,90,core
3aru_3aru_conf0,generation,qwen_4b_bigdata_step110000,chembl_count,4b_bigdata_step110000,qwen_4b_bigdata_step110000_chembl_count,Qwen 4B bigdata (step 110000),qwen_4b_bigdata_step110000_chembl_count,5,20,114,0.7,114,114,0,1.0,124,114,10,0.9193548387096774,"{""all_atoms_connected"":0,""bond_angles"":3,""bond_lengths"":2,""bonds"":0,""double_bond_stereochemistry"":0,""energy_ratio"":2,""file_loads"":0,""inchi_convertible"":0,""internal_steric_clash"":8,""molecular_formula"":0,""no_radicals"":0,""planar_aromatic_rings"":0,""planar_double_bonds"":0,""reference_file_loads"":0,""sanitisation"":0,""tetrahedral_chirality"":0}","{""all_atoms_connected"":0.0,""bond_angles"":0.024193548387096774,""bond_lengths"":0.016129032258064516,""bonds"":0.0,""double_bond_stereochemistry"":0.0,""energy_ratio"":0.016129032258064516,""file_loads"":0.0,""inchi_convertible"":0.0,""internal_steric_clash"":0.06451612903225806,""molecular_formula"":0.0,""no_radicals"":0.0,""planar_aromatic_rings"":0.0,""planar_double_bonds"":0.0,""reference_file_loads"":0.0,""sanitisation"":0.0,""tetrahedral_chirality"":0.0}",114,123.60484686315552,1.5018131232955845,2.1408393676420068,91.0,79.82456140350877,0.982863242449756,0.02631578947368421,84.23057684971393,0.013080947983995074,0.8021978021978022,13.0,11.403508771929825,0.9287247821365926,0.17543859649122806,10.827963850217166,0.1034164358264081,0.0,2.0,1.7543859649122806,0.9560353655943677,0.6228070175438597,1.9399713757092405,0.5301631271160357,0.0,1.0,0.8771929824561403,0.0,1.0,1.0,1.0,0.0,114,-114.20809717986847,109.85028176638582,-98.39578452017392,27.167619322486022,0.6561212963319977,1.4338930004332453,0.0,0.0,1.0,1.0,0.6306986745104567,1.4129727691620946,0.0,0.0,1.0,1.0,1000,0,0,0,0,0,124,0,0,0,0,114,124,124,core
3ary_3ary_conf0,generation,qwen_4b_bigdata_step110000,fixed,4b_bigdata_step110000,qwen_4b_bigdata_step110000_fixed,Qwen 4B bigdata (step 110000),qwen_4b_bigdata_step110000_fixed,2,17,997,0.7,997,997,0,1.0,1000,997,3,0.997,"{""all_atoms_connected"":0,""bond_angles"":1,""bond_lengths"":3,""bonds"":0,""double_bond_stereochemistry"":0,""energy_ratio"":1,""file_loads"":0,""inchi_convertible"":0,""internal_steric_clash"":1,""molecular_formula"":0,""no_radicals"":0,""planar_aromatic_rings"":0,""planar_double_bonds"":0,""reference_file_loads"":0,""sanitisation"":0,""tetrahedral_chirality"":0}","{""all_atoms_connected"":0.0,""bond_angles"":0.001,""bond_lengths"":0.003,""bonds"":0.0,""double_bond_stereochemistry"":0.0,""energy_ratio"":0.001,""file_loads"":0.0,""inchi_convertible"":0.0,""internal_steric_clash"":0.001,""molecular_formula"":0.0,""no_radicals"":0.0,""planar_aromatic_rings"":0.0,""planar_double_bonds"":0.0,""reference_file_loads"":0.0,""sanitisation"":0.0,""tetrahedral_chirality"":0.0}",997,108.64517426399001,0.919421256283943,1.2650974774758148,20.0,2.0060180541624875,0.9471336490380076,0.09528585757271815,17.070619703215545,0.061960203579645656,0.1,4.0,0.4012036108324975,0.9880100432767569,0.2848545636910732,3.9340630694396386,0.2577471632550611,0.0,1.0,0.10030090270812438,0.0,1.0,1.0,1.0,0.0,1.0,0.10030090270812438,0.0,1.0,1.0,1.0,0.0,997,52.95149831257104,217.336080194511,76.65129755754077,12.956395460235274,0.18094219115708368,0.9855870039638431,1.0,1.0,1.0,1.0,0.3040244856267042,0.9299423161239279,0.0,1.0,1.0,1.0,1000,0,0,0,0,0,1000,0,0,0,0,997,1000,1000,core
3ary_3ary_conf0,generation,qwen_4b_bigdata_step110000,dynamic,4b_bigdata_step110000,qwen_4b_bigdata_step110000_dynamic,Qwen 4B bigdata (step 110000),qwen_4b_bigdata_step110000_dynamic,2,17,24,0.7,24,24,0,1.0,24,24,0,1.0,"{""all_atoms_connected"":0,""bond_angles"":0,""bond_lengths"":0,""bonds"":0,""double_bond_stereochemistry"":0,""energy_ratio"":0,""file_loads"":0,""inchi_convertible"":0,""internal_steric_clash"":0,""molecular_formula"":0,""no_radicals"":0,""planar_aromatic_rings"":0,""planar_double_bonds"":0,""reference_file_loads"":0,""sanitisation"":0,""tetrahedral_chirality"":0}","{""all_atoms_connected"":0.0,""bond_angles"":0.0,""bond_lengths"":0.0,""bonds"":0.0,""double_bond_stereochemistry"":0.0,""energy_ratio"":0.0,""file_loads"":0.0,""inchi_convertible"":0.0,""internal_steric_clash"":0.0,""molecular_formula"":0.0,""no_radicals"":0.0,""planar_aromatic_rings"":0.0,""planar_double_bonds"":0.0,""reference_file_loads"":0.0,""sanitisation"":0.0,""tetrahedral_chirality"":0.0}",24,121.3254306450608,0.8862994201172518,1.272606651988641,9.0,37.5,0.9584833040919162,0.20833333333333334,8.21533946090105,0.13194444444444445,0.1111111111111111,3.0,12.5,0.9642934129442272,0.4166666666666667,2.884595243803232,0.35763888888888895,0.0,1.0,4.166666666666667,0.0,1.0,1.0,1.0,0.0,1.0,4.166666666666667,0.0,1.0,1.0,1.0,0.0,24,59.22188906722121,117.40359331290927,76.6452292718199,13.330726407269095,0.22326177058140595,1.0150877097575912,1.0,1.0,1.0,1.0,0.3753151497866576,0.9765625592593323,0.0,1.0,1.0,1.0,1000,0,0,0,0,0,24,0,0,0,0,24,24,24,core
3ary_3ary_conf0,generation,qwen_4b_bigdata_step110000,chembl_count,4b_bigdata_step110000,qwen_4b_bigdata_step110000_chembl_count,Qwen 4B bigdata (step 110000),qwen_4b_bigdata_step110000_chembl_count,2,17,3,0.7,3,3,0,1.0,3,3,0,1.0,"{""all_atoms_connected"":0,""bond_angles"":0,""bond_lengths"":0,""bonds"":0,""double_bond_stereochemistry"":0,""energy_ratio"":0,""file_loads"":0,""inchi_convertible"":0,""internal_steric_clash"":0,""molecular_formula"":0,""no_radicals"":0,""planar_aromatic_rings"":0,""planar_double_bonds"":0,""reference_file_loads"":0,""sanitisation"":0,""tetrahedral_chirality"":0}","{""all_atoms_connected"":0.0,""bond_angles"":0.0,""bond_lengths"":0.0,""bonds"":0.0,""double_bond_stereochemistry"":0.0,""energy_ratio"":0.0,""file_loads"":0.0,""inchi_convertible"":0.0,""internal_steric_clash"":0.0,""molecular_formula"":0.0,""no_radicals"":0.0,""planar_aromatic_rings"":0.0,""planar_double_bonds"":0.0,""reference_file_loads"":0.0,""sanitisation"":0.0,""tetrahedral_chirality"":0.0}",3,84.8401907952761,1.1043685524926832,1.286847240496605,3.0,100.0,0.9999999999999998,0.3333333333333333,2.9999999999999996,0.3333333333333333,1.0,2.0,66.66666666666667,0.9182958340544894,0.6666666666666666,1.8898815748423097,0.5555555555555556,0.5,1.0,33.333333333333336,0.0,1.0,1.0,1.0,0.0,1.0,33.333333333333336,0.0,1.0,1.0,1.0,0.0,3,66.68420089061094,90.48964907773922,89.03905902049749,10.896193305266307,0.41154749138829644,0.9420313153834751,0.0,1.0,1.0,1.0,0.39399798375959577,1.000146770857375,0.0,1.0,1.0,1.0,1000,0,0,0,0,0,3,0,0,0,0,3,3,3,core
3b27_3b27_conf0,generation,qwen_4b_bigdata_step110000,fixed,4b_bigdata_step110000,qwen_4b_bigdata_step110000_fixed,Qwen 4B bigdata (step 110000),qwen_4b_bigdata_step110000_fixed,3,16,995,0.7,995,995,0,1.0,1000,995,5,0.995,"{""all_atoms_connected"":0,""bond_angles"":3,""bond_lengths"":3,""bonds"":0,""double_bond_stereochemistry"":0,""energy_ratio"":1,""file_loads"":0,""inchi_convertible"":0,""internal_steric_clash"":3,""molecular_formula"":0,""no_radicals"":0,""planar_aromatic_rings"":2,""planar_double_bonds"":0,""reference_file_loads"":0,""sanitisation"":0,""tetrahedral_chirality"":0}","{""all_atoms_connected"":0.0,""bond_angles"":0.003,""bond_lengths"":0.003,""bonds"":0.0,""double_bond_stereochemistry"":0.0,""energy_ratio"":0.001,""file_loads"":0.0,""inchi_convertible"":0.0,""internal_steric_clash"":0.003,""molecular_formula"":0.0,""no_radicals"":0.0,""planar_aromatic_rings"":0.002,""planar_double_bonds"":0.0,""reference_file_loads"":0.0,""sanitisation"":0.0,""tetrahedral_chirality"":0.0}",995,108.62893157761907,1.201152796806031,1.8089744870135696,31.0,3.1155778894472363,0.9350868940576147,0.06532663316582915,24.805773519338416,0.04369081588848766,0.0967741935483871,4.0,0.4020100502512563,0.9875297763209893,0.2974874371859296,3.931444675937316,0.25821267139718695,0.0,1.0,0.10050251256281408,0.0,1.0,1.0,1.0,0.0,1.0,0.10050251256281408,0.0,1.0,1.0,1.0,0.0,995,-101.78050554790357,235.9270409762942,-91.02459253321068,14.95576871579455,0.09740625506159276,1.257086662327811,1.0,1.0,1.0,1.0,0.08896137482714224,1.2705913156602668,1.0,1.0,1.0,1.0,1000,0,0,0,0,0,1000,0,0,0,0,995,1000,1000,core
3b27_3b27_conf0,generation,qwen_4b_bigdata_step110000,dynamic,4b_bigdata_step110000,qwen_4b_bigdata_step110000_dynamic,Qwen 4B bigdata (step 110000),qwen_4b_bigdata_step110000_dynamic,3,16,46,0.7,46,46,0,1.0,46,46,0,1.0,"{""all_atoms_connected"":0,""bond_angles"":0,""bond_lengths"":0,""bonds"":0,""double_bond_stereochemistry"":0,""energy_ratio"":0,""file_loads"":0,""inchi_convertible"":0,""internal_steric_clash"":0,""molecular_formula"":0,""no_radicals"":0,""planar_aromatic_rings"":0,""planar_double_bonds"":0,""reference_file_loads"":0,""sanitisation"":0,""tetrahedral_chirality"":0}","{""all_atoms_connected"":0.0,""bond_angles"":0.0,""bond_lengths"":0.0,""bonds"":0.0,""double_bond_stereochemistry"":0.0,""energy_ratio"":0.0,""file_loads"":0.0,""inchi_convertible"":0.0,""internal_steric_clash"":0.0,""molecular_formula"":0.0,""no_radicals"":0.0,""planar_aromatic_rings"":0.0,""planar_double_bonds"":0.0,""reference_file_loads"":0.0,""sanitisation"":0.0,""tetrahedral_chirality"":0.0}",46,105.45326913899983,1.2140976047484788,1.8047195803400555,15.0,32.608695652173914,0.9567537610982759,0.13043478260869565,13.342270323134711,0.08128544423440455,0.2,4.0,8.695652173913043,0.982891381869584,0.34782608695652173,3.9062458819418846,0.2627599243856333,0.0,1.0,2.1739130434782608,0.0,1.0,1.0,1.0,0.0,1.0,2.1739130434782608,0.0,1.0,1.0,1.0,0.0,46,-98.66315006848471,2.7280898399101687,-91.01789935853259,16.4427895488801,0.3193000474570891,1.0688444207846501,0.0,1.0,1.0,1.0,0.31375050126326587,1.0892475283348975,0.0,1.0,1.0,1.0,1000,0,0,0,0,0,46,0,0,0,0,46,46,46,core
3b27_3b27_conf0,generation,qwen_4b_bigdata_step110000,chembl_count,4b_bigdata_step110000,qwen_4b_bigdata_step110000_chembl_count,Qwen 4B bigdata (step 110000),qwen_4b_bigdata_step110000_chembl_count,3,16,9,0.7,9,9,0,1.0,9,9,0,1.0,"{""all_atoms_connected"":0,""bond_angles"":0,""bond_lengths"":0,""bonds"":0,""double_bond_stereochemistry"":0,""energy_ratio"":0,""file_loads"":0,""inchi_convertible"":0,""internal_steric_clash"":0,""molecular_formula"":0,""no_radicals"":0,""planar_aromatic_rings"":0,""planar_double_bonds"":0,""reference_file_loads"":0,""sanitisation"":0,""tetrahedral_chirality"":0}","{""all_atoms_connected"":0.0,""bond_angles"":0.0,""bond_lengths"":0.0,""bonds"":0.0,""double_bond_stereochemistry"":0.0,""energy_ratio"":0.0,""file_loads"":0.0,""inchi_convertible"":0.0,""internal_steric_clash"":0.0,""molecular_formula"":0.0,""no_radicals"":0.0,""planar_aromatic_rings"":0.0,""planar_double_bonds"":0.0,""reference_file_loads"":0.0,""sanitisation"":0.0,""tetrahedral_chirality"":0.0}",9,116.61380966473459,1.24682488306839,1.8629210232256757,6.0,66.66666666666667,0.9683925140412225,0.2222222222222222,5.66964472452693,0.18518518518518517,0.5,2.0,22.22222222222222,0.9910760598382222,0.5555555555555556,1.9876669750024174,0.5061728395061729,0.0,1.0,11.11111111111111,0.0,1.0,1.0,1.0,0.0,1.0,11.11111111111111,0.0,1.0,1.0,1.0,0.0,9,-99.6013773401406,-29.206613962792588,-93.13889048139671,20.449269725460255,0.1036931681312394,1.0897970164961563,1.0,1.0,1.0,1.0,0.08896137482714224,1.1150790663091712,1.0,1.0,1.0,1.0,1000,0,0,0,0,0,9,0,0,0,0,9,9,9,core
3b5r_3b5r_conf0,generation,qwen_4b_bigdata_step110000,fixed,4b_bigdata_step110000,qwen_4b_bigdata_step110000_fixed,Qwen 4B bigdata (step 110000),qwen_4b_bigdata_step110000_fixed,6,28,871,0.7,871,866,5,0.9942594718714122,1000,871,129,0.871,"{""all_atoms_connected"":0,""bond_angles"":63,""bond_lengths"":24,""bonds"":0,""double_bond_stereochemistry"":0,""energy_ratio"":16,""file_loads"":0,""inchi_convertible"":0,""internal_steric_clash"":77,""molecular_formula"":0,""no_radicals"":0,""planar_aromatic_rings"":12,""planar_double_bonds"":0,""reference_file_loads"":0,""sanitisation"":0,""tetrahedral_chirality"":3}","{""all_atoms_connected"":0.0,""bond_angles"":0.063,""bond_lengths"":0.024,""bonds"":0.0,""double_bond_stereochemistry"":0.0,""energy_ratio"":0.016,""file_loads"":0.0,""inchi_convertible"":0.0,""internal_steric_clash"":0.077,""molecular_formula"":0.0,""no_radicals"":0.0,""planar_aromatic_rings"":0.012,""planar_double_bonds"":0.0,""reference_file_loads"":0.0,""sanitisation"":0.0,""tetrahedral_chirality"":0.003}",871,127.2977001133238,2.171438253792515,2.9036742380794838,743.0,85.30424799081516,0.9912195058662702,0.0057405281285878304,701.1002360353956,0.0015488221701700808,0.8532974427994616,168.0,19.288174512055107,0.9340816904313634,0.022962112514351322,119.84520306499566,0.010319769166180052,0.25,7.0,0.8036739380022963,0.9169664211531002,0.21010332950631458,5.955613768562016,0.17217498131527295,0.0,2.0,0.2296211251435132,0.8996763419986874,0.6842709529276694,1.8656473918768923,0.5679115681857427,0.0,871,70.0578693824529,2291.471452649572,89.67010566628029,80.27876026763367,0.4923209063171939,2.0144127881655547,0.0,1.0,1.0,1.0,0.5159847462118856,2.0296821671677594,0.0,0.0,1.0,1.0,1000,0,0,0,0,0,1000,0,0,0,0,871,1000,1000,core
3b5r_3b5r_conf0,generation,qwen_4b_bigdata_step110000,dynamic,4b_bigdata_step110000,qwen_4b_bigdata_step110000_dynamic,Qwen 4B bigdata (step 110000),qwen_4b_bigdata_step110000_dynamic,6,28,96,0.7,96,95,1,0.9895833333333334,112,96,16,0.8571428571428571,"{""all_atoms_connected"":0,""bond_angles"":7,""bond_lengths"":2,""bonds"":0,""double_bond_stereochemistry"":0,""energy_ratio"":1,""file_loads"":0,""inchi_convertible"":0,""internal_steric_clash"":9,""molecular_formula"":0,""no_radicals"":0,""planar_aromatic_rings"":0,""planar_double_bonds"":0,""reference_file_loads"":0,""sanitisation"":0,""tetrahedral_chirality"":0}","{""all_atoms_connected"":0.0,""bond_angles"":0.0625,""bond_lengths"":0.017857142857142856,""bonds"":0.0,""double_bond_stereochemistry"":0.0,""energy_ratio"":0.008928571428571428,""file_loads"":0.0,""inchi_convertible"":0.0,""internal_steric_clash"":0.08035714285714286,""molecular_formula"":0.0,""no_radicals"":0.0,""planar_aromatic_rings"":0.0,""planar_double_bonds"":0.0,""reference_file_loads"":0.0,""sanitisation"":0.0,""tetrahedral_chirality"":0.0}",96,127.00293710193121,2.1517646852220897,2.871575706265795,91.0,94.79166666666667,0.9958513125203068,0.020833333333333332,89.31284871860605,0.011501736111111112,0.945054945054945,51.0,53.125,0.9661455571141607,0.041666666666666664,44.64381904085541,0.02517361111111111,0.47058823529411764,7.0,7.291666666666667,0.8850684917026544,0.28125,5.597184819931999,0.1970486111111111,0.14285714285714285,2.0,2.0833333333333335,0.9182958340544894,0.6666666666666666,1.8898815748423097,0.5555555555555556,0.0,96,71.96882037430859,304.02987210636013,89.74432441857256,30.241186107146724,1.0286570979727783,2.0911717207061953,0.0,0.0,0.0,1.0,1.0021975437061799,2.104099672042505,0.0,0.0,0.0,1.0,1000,0,0,0,0,0,112,0,0,0,0,96,112,112,core
3b5r_3b5r_conf0,generation,qwen_4b_bigdata_step110000,chembl_count,4b_bigdata_step110000,qwen_4b_bigdata_step110000_chembl_count,Qwen 4B bigdata (step 110000),qwen_4b_bigdata_step110000_chembl_count,6,28,177,0.7,177,175,2,0.9887005649717514,200,177,23,0.885,"{""all_atoms_connected"":0,""bond_angles"":10,""bond_lengths"":3,""bonds"":0,""double_bond_stereochemistry"":0,""energy_ratio"":3,""file_loads"":0,""inchi_convertible"":0,""internal_steric_clash"":17,""molecular_formula"":0,""no_radicals"":0,""planar_aromatic_rings"":3,""planar_double_bonds"":0,""reference_file_loads"":0,""sanitisation"":0,""tetrahedral_chirality"":0}","{""all_atoms_connected"":0.0,""bond_angles"":0.05,""bond_lengths"":0.015,""bonds"":0.0,""double_bond_stereochemistry"":0.0,""energy_ratio"":0.015,""file_loads"":0.0,""inchi_convertible"":0.0,""internal_steric_clash"":0.085,""molecular_formula"":0.0,""no_radicals"":0.0,""planar_aromatic_rings"":0.015,""planar_double_bonds"":0.0,""reference_file_loads"":0.0,""sanitisation"":0.0,""tetrahedral_chirality"":0.0}",177,128.75271540825142,2.185939988849326,2.9388608604451254,169.0,95.48022598870057,0.9968018170503986,0.011299435028248588,166.24994693032536,0.0061604264419547385,0.9526627218934911,85.0,48.0225988700565,0.949443458819784,0.04519774011299435,67.90068855889358,0.018353602093906605,0.49411764705882355,7.0,3.9548022598870056,0.865328697419383,0.2542372881355932,5.38626338285109,0.19818698330620194,0.14285714285714285,2.0,1.1299435028248588,0.9182958340544894,0.6666666666666666,1.8898815748423097,0.5555555555555556,0.0,177,71.75174465633214,2291.471452649572,90.05476261777983,167.32193891061084,0.4923209063171939,2.075871695993247,0.0,1.0,1.0,1.0,0.5159847462118856,2.0599842213416015,0.0,0.0,1.0,1.0,1000,0,0,0,0,0,200,0,0,0,0,177,200,200,core
3b65_3b65_conf0,generation,qwen_4b_bigdata_step110000,fixed,4b_bigdata_step110000,qwen_4b_bigdata_step110000_fixed,Qwen 4B bigdata (step 110000),qwen_4b_bigdata_step110000_fixed,6,25,921,0.7,921,909,12,0.9869706840390879,1000,921,79,0.921,"{""all_atoms_connected"":0,""bond_angles"":32,""bond_lengths"":25,""bonds"":0,""double_bond_stereochemistry"":0,""energy_ratio"":17,""file_loads"":0,""inchi_convertible"":0,""internal_steric_clash"":52,""molecular_formula"":0,""no_radicals"":0,""planar_aromatic_rings"":13,""planar_double_bonds"":0,""reference_file_loads"":0,""sanitisation"":0,""tetrahedral_chirality"":5}","{""all_atoms_connected"":0.0,""bond_angles"":0.032,""bond_lengths"":0.025,""bonds"":0.0,""double_bond_stereochemistry"":0.0,""energy_ratio"":0.017,""file_loads"":0.0,""inchi_convertible"":0.0,""internal_steric_clash"":0.052,""molecular_formula"":0.0,""no_radicals"":0.0,""planar_aromatic_rings"":0.013,""planar_double_bonds"":0.0,""reference_file_loads"":0.0,""sanitisation"":0.0,""tetrahedral_chirality"":0.005}",921,114.45206144833286,2.010198359712923,2.9172789082933375,639.0,69.38110749185668,0.9786062491700693,0.00760043431053203,556.5198659464504,0.002139722083700269,0.7214397496087637,109.0,11.834961997828447,0.9080646484649492,0.04125950054288816,70.81332332153977,0.017703695058361956,0.22935779816513763,7.0,0.760043431053203,0.7930136606723014,0.3007600434310532,4.679228896465704,0.2311854767689843,0.14285714285714285,2.0,0.21715526601520088,0.9961791623119869,0.5363735070575462,1.9947102021082175,0.5026460640313307,0.0,921,71.48008479202491,139034.0583763595,93.7566992220067,5771.883802048947,0.14114872511868276,1.7216129026848088,1.0,1.0,1.0,1.0,0.30115571057337664,1.7459162107261879,0.0,1.0,1.0,1.0,1000,0,0,0,0,0,1000,0,0,0,0,921,1000,1000,core
3b65_3b65_conf0,generation,qwen_4b_bigdata_step110000,dynamic,4b_bigdata_step110000,qwen_4b_bigdata_step110000_dynamic,Qwen 4B bigdata (step 110000),qwen_4b_bigdata_step110000_dynamic,6,25,103,0.7,103,101,2,0.9805825242718447,112,103,9,0.9196428571428572,"{""all_atoms_connected"":0,""bond_angles"":3,""bond_lengths"":4,""bonds"":0,""double_bond_stereochemistry"":0,""energy_ratio"":4,""file_loads"":0,""inchi_convertible"":0,""internal_steric_clash"":7,""molecular_formula"":0,""no_radicals"":0,""planar_aromatic_rings"":2,""planar_double_bonds"":0,""reference_file_loads"":0,""sanitisation"":0,""tetrahedral_chirality"":0}","{""all_atoms_connected"":0.0,""bond_angles"":0.026785714285714284,""bond_lengths"":0.03571428571428571,""bonds"":0.0,""double_bond_stereochemistry"":0.0,""energy_ratio"":0.03571428571428571,""file_loads"":0.0,""inchi_convertible"":0.0,""internal_steric_clash"":0.0625,""molecular_formula"":0.0,""no_radicals"":0.0,""planar_aromatic_rings"":0.017857142857142856,""planar_double_bonds"":0.0,""reference_file_loads"":0.0,""sanitisation"":0.0,""tetrahedral_chirality"":0.0}",103,113.68770205623895,2.0311822170304565,2.984134638305863,95.0,92.23300970873787,0.9929946874646705,0.02912621359223301,92.01720410680844,0.011405410500518423,0.9263157894736842,45.0,43.689320388349515,0.9306156671834455,0.07766990291262135,34.55456789645043,0.03666698086530303,0.4888888888888889,4.0,3.883495145631068,0.9000583916148943,0.36893203883495146,3.482484141784711,0.3085116410594778,0.0,2.0,1.941747572815534,0.984646826868755,0.5728155339805825,1.9788288343337719,0.5106042039777547,0.0,103,71.58878903464856,139034.0583763595,91.14189021150867,15477.062708085965,0.14114872511868276,1.7246369850445575,1.0,1.0,1.0,1.0,0.3210160888030939,1.7545607668560657,0.0,1.0,1.0,1.0,1000,0,0,0,0,0,112,0,0,0,0,103,112,112,core
3b65_3b65_conf0,generation,qwen_4b_bigdata_step110000,chembl_count,4b_bigdata_step110000,qwen_4b_bigdata_step110000_chembl_count,Qwen 4B bigdata (step 110000),qwen_4b_bigdata_step110000_chembl_count,6,25,188,0.7,188,186,2,0.9893617021276596,200,188,12,0.94,"{""all_atoms_connected"":0,""bond_angles"":5,""bond_lengths"":2,""bonds"":0,""double_bond_stereochemistry"":0,""energy_ratio"":4,""file_loads"":0,""inchi_convertible"":0,""internal_steric_clash"":9,""molecular_formula"":0,""no_radicals"":0,""planar_aromatic_rings"":1,""planar_double_bonds"":0,""reference_file_loads"":0,""sanitisation"":0,""tetrahedral_chirality"":0}","{""all_atoms_connected"":0.0,""bond_angles"":0.025,""bond_lengths"":0.01,""bonds"":0.0,""double_bond_stereochemistry"":0.0,""energy_ratio"":0.02,""file_loads"":0.0,""inchi_convertible"":0.0,""internal_steric_clash"":0.045,""molecular_formula"":0.0,""no_radicals"":0.0,""planar_aromatic_rings"":0.005,""planar_double_bonds"":0.0,""reference_file_loads"":0.0,""sanitisation"":0.0,""tetrahedral_chirality"":0.0}",188,114.55468370599927,2.011365616813368,2.945980175578084,170.0,90.42553191489361,0.9937523277471546,0.010638297872340425,164.6318306956084,0.006337709370755999,0.8941176470588236,57.0,30.319148936170212,0.943847922958723,0.05851063829787234,45.42331600286563,0.02653915799004074,0.2631578947368421,4.0,2.127659574468085,0.996019609647715,0.2872340425531915,3.9779888138307244,0.25277274784970577,0.0,2.0,1.0638297872340425,0.9970590569034107,0.5319148936170213,1.9959271398549916,0.5020371208691715,0.0,188,71.48008479202491,248.00903697141572,93.06072690702382,25.494146008029983,0.14114872511868276,1.733093708710474,1.0,1.0,1.0,1.0,0.3210160888030939,1.7527947750392725,0.0,1.0,1.0,1.0,1000,0,0,0,0,0,200,0,0,0,0,188,200,200,core
3bgz_3bgz_conf0,generation,qwen_4b_bigdata_step110000,fixed,4b_bigdata_step110000,qwen_4b_bigdata_step110000_fixed,Qwen 4B bigdata (step 110000),qwen_4b_bigdata_step110000_fixed,3,24,989,0.7,989,989,0,1.0,1000,989,11,0.989,"{""all_atoms_connected"":0,""bond_angles"":7,""bond_lengths"":8,""bonds"":0,""double_bond_stereochemistry"":0,""energy_ratio"":4,""file_loads"":0,""inchi_convertible"":0,""internal_steric_clash"":6,""molecular_formula"":0,""no_radicals"":0,""planar_aromatic_rings"":3,""planar_double_bonds"":0,""reference_file_loads"":0,""sanitisation"":0,""tetrahedral_chirality"":0}","{""all_atoms_connected"":0.0,""bond_angles"":0.007,""bond_lengths"":0.008,""bonds"":0.0,""double_bond_stereochemistry"":0.0,""energy_ratio"":0.004,""file_loads"":0.0,""inchi_convertible"":0.0,""internal_steric_clash"":0.006,""molecular_formula"":0.0,""no_radicals"":0.0,""planar_aromatic_rings"":0.003,""planar_double_bonds"":0.0,""reference_file_loads"":0.0,""sanitisation"":0.0,""tetrahedral_chirality"":0.0}",989,99.46874253613362,0.6154023394901396,0.8847502630496703,34.0,3.4378159757330637,0.558042609336928,0.35085945399393326,7.155343559945665,0.24879641680323802,0.23529411764705882,2.0,0.20222446916076844,0.9873067858081641,0.5662285136501517,1.9824806516948796,0.5087724320406166,0.0,1.0,0.10111223458038422,0.0,1.0,1.0,1.0,0.0,1.0,0.10111223458038422,0.0,1.0,1.0,1.0,0.0,989,73.79952848328433,296.5375856472346,86.40664034812143,13.89331321552493,0.1106592081566735,0.6624497874800256,1.0,1.0,1.0,1.0,0.16246840971064275,0.683887481847471,1.0,1.0,1.0,1.0,1000,0,0,0,0,0,1000,0,0,0,0,989,1000,1000,core
3bgz_3bgz_conf0,generation,qwen_4b_bigdata_step110000,dynamic,4b_bigdata_step110000,qwen_4b_bigdata_step110000_dynamic,Qwen 4B bigdata (step 110000),qwen_4b_bigdata_step110000_dynamic,3,24,46,0.7,46,46,0,1.0,46,46,0,1.0,"{""all_atoms_connected"":0,""bond_angles"":0,""bond_lengths"":0,""bonds"":0,""double_bond_stereochemistry"":0,""energy_ratio"":0,""file_loads"":0,""inchi_convertible"":0,""internal_steric_clash"":0,""molecular_formula"":0,""no_radicals"":0,""planar_aromatic_rings"":0,""planar_double_bonds"":0,""reference_file_loads"":0,""sanitisation"":0,""tetrahedral_chirality"":0}","{""all_atoms_connected"":0.0,""bond_angles"":0.0,""bond_lengths"":0.0,""bonds"":0.0,""double_bond_stereochemistry"":0.0,""energy_ratio"":0.0,""file_loads"":0.0,""inchi_convertible"":0.0,""internal_steric_clash"":0.0,""molecular_formula"":0.0,""no_radicals"":0.0,""planar_aromatic_rings"":0.0,""planar_double_bonds"":0.0,""reference_file_loads"":0.0,""sanitisation"":0.0,""tetrahedral_chirality"":0.0}",46,93.67078575631102,0.6169280697050311,0.9210187288606408,5.0,10.869565217391305,0.8394248485571344,0.41304347826086957,3.8612932873898598,0.2930056710775047,0.2,1.0,2.1739130434782608,0.0,1.0,1.0,1.0,0.0,1.0,2.1739130434782608,0.0,1.0,1.0,1.0,0.0,1.0,2.1739130434782608,0.0,1.0,1.0,1.0,0.0,46,73.79952848328433,114.32242335392986,83.69816956399099,7.613144929816626,0.18255395361907364,0.6747241567909874,1.0,1.0,1.0,1.0,0.250610446786553,0.7066524142840173,0.0,1.0,1.0,1.0,1000,0,0,0,0,0,46,0,0,0,0,46,46,46,core
3bgz_3bgz_conf0,generation,qwen_4b_bigdata_step110000,chembl_count,4b_bigdata_step110000,qwen_4b_bigdata_step110000_chembl_count,Qwen 4B bigdata (step 110000),qwen_4b_bigdata_step110000_chembl_count,3,24,9,0.7,9,9,0,1.0,10,9,1,0.9,"{""all_atoms_connected"":0,""bond_angles"":1,""bond_lengths"":1,""bonds"":0,""double_bond_stereochemistry"":0,""energy_ratio"":1,""file_loads"":0,""inchi_convertible"":0,""internal_steric_clash"":1,""molecular_formula"":0,""no_radicals"":0,""planar_aromatic_rings"":1,""planar_double_bonds"":0,""reference_file_loads"":0,""sanitisation"":0,""tetrahedral_chirality"":0}","{""all_atoms_connected"":0.0,""bond_angles"":0.1,""bond_lengths"":0.1,""bonds"":0.0,""double_bond_stereochemistry"":0.0,""energy_ratio"":0.1,""file_loads"":0.0,""inchi_convertible"":0.0,""internal_steric_clash"":0.1,""molecular_formula"":0.0,""no_radicals"":0.0,""planar_aromatic_rings"":0.1,""planar_double_bonds"":0.0,""reference_file_loads"":0.0,""sanitisation"":0.0,""tetrahedral_chirality"":0.0}",9,108.6663866626305,0.494742622625219,0.8291165529338247,3.0,33.333333333333336,0.6223659728744494,0.7777777777777778,1.9812716892692186,0.6296296296296298,0.6666666666666666,1.0,11.11111111111111,0.0,1.0,1.0,1.0,0.0,1.0,11.11111111111111,0.0,1.0,1.0,1.0,0.0,1.0,11.11111111111111,0.0,1.0,1.0,1.0,0.0,9,76.95369196243408,110.05125880459205,85.69804327944001,9.963278099898238,0.2133107920970371,0.2783938868906806,1.0,1.0,1.0,1.0,0.2762263379326857,0.31533965096047545,0.0,1.0,1.0,1.0,1000,0,0,0,0,0,10,0,0,0,0,9,10,10,core
3cj4_3cj4_conf0,generation,qwen_4b_bigdata_step110000,fixed,4b_bigdata_step110000,qwen_4b_bigdata_step110000_fixed,Qwen 4B bigdata (step 110000),qwen_4b_bigdata_step110000_fixed,5,25,735,0.7,735,709,26,0.964625850340136,1000,735,265,0.735,"{""all_atoms_connected"":0,""bond_angles"":27,""bond_lengths"":17,""bonds"":0,""double_bond_stereochemistry"":0,""energy_ratio"":72,""file_loads"":0,""inchi_convertible"":0,""internal_steric_clash"":251,""molecular_formula"":0,""no_radicals"":0,""planar_aromatic_rings"":3,""planar_double_bonds"":0,""reference_file_loads"":0,""sanitisation"":0,""tetrahedral_chirality"":12}","{""all_atoms_connected"":0.0,""bond_angles"":0.027,""bond_lengths"":0.017,""bonds"":0.0,""double_bond_stereochemistry"":0.0,""energy_ratio"":0.072,""file_loads"":0.0,""inchi_convertible"":0.0,""internal_steric_clash"":0.251,""molecular_formula"":0.0,""no_radicals"":0.0,""planar_aromatic_rings"":0.003,""planar_double_bonds"":0.0,""reference_file_loads"":0.0,""sanitisation"":0.0,""tetrahedral_chirality"":0.012}",735,97.35101023366617,1.9335748925240597,2.498633461908834,662.0,90.06802721088435,0.9931443639746488,0.006802721088435374,633.168373330418,0.0016974408811143502,0.9093655589123867,174.0,23.6734693877551,0.9150733670284056,0.031292517006802724,112.27083291932027,0.01194132074598547,0.3793103448275862,8.0,1.08843537414966,0.6834962341730497,0.4108843537414966,4.142462687024265,0.3008172520708964,0.0,2.0,0.272108843537415,0.9408613737609178,0.6421768707482993,1.9196740548323221,0.5404285251515573,0.0,735,18.283756609244676,298567.9402336181,43.69341167657562,11144.384103896986,0.8338118650925443,1.8413983498655881,0.0,0.0,0.0,1.0,0.703227399047522,1.8667804511255224,0.0,0.0,1.0,1.0,1000,0,0,0,0,0,1000,0,0,0,0,735,1000,1000,core
3cj4_3cj4_conf0,generation,qwen_4b_bigdata_step110000,dynamic,4b_bigdata_step110000,qwen_4b_bigdata_step110000_dynamic,Qwen 4B bigdata (step 110000),qwen_4b_bigdata_step110000_dynamic,5,25,61,0.7,61,56,5,0.9180327868852459,90,61,29,0.6777777777777778,"{""all_atoms_connected"":0,""bond_angles"":3,""bond_lengths"":1,""bonds"":0,""double_bond_stereochemistry"":0,""energy_ratio"":7,""file_loads"":0,""inchi_convertible"":0,""internal_steric_clash"":29,""molecular_formula"":0,""no_radicals"":0,""planar_aromatic_rings"":0,""planar_double_bonds"":0,""reference_file_loads"":0,""sanitisation"":0,""tetrahedral_chirality"":0}","{""all_atoms_connected"":0.0,""bond_angles"":0.03333333333333333,""bond_lengths"":0.011111111111111112,""bonds"":0.0,""double_bond_stereochemistry"":0.0,""energy_ratio"":0.07777777777777778,""file_loads"":0.0,""inchi_convertible"":0.0,""internal_steric_clash"":0.32222222222222224,""molecular_formula"":0.0,""no_radicals"":0.0,""planar_aromatic_rings"":0.0,""planar_double_bonds"":0.0,""reference_file_loads"":0.0,""sanitisation"":0.0,""tetrahedral_chirality"":0.0}",61,97.5952407892471,1.9923567814755072,2.6115695211003014,60.0,98.36065573770492,0.9984864891016975,0.03278688524590164,59.629339540033875,0.01693093254501478,0.9833333333333333,40.0,65.57377049180327,0.9610732916615824,0.09836065573770492,34.6495077611664,0.034668099973125505,0.65,5.0,8.19672131147541,0.9602871463840386,0.3114754098360656,4.690421920850247,0.22493953238376782,0.0,1.0,1.639344262295082,0.0,1.0,1.0,1.0,0.0,61,25.54948527094847,21708.206190571993,48.89843907087372,2749.504122596312,1.1772235037315688,1.9324220760544535,0.0,0.0,0.0,1.0,1.0928972064097173,1.9742658163858042,0.0,0.0,0.0,1.0,1000,0,0,0,0,0,90,0,0,0,0,61,90,90,core
3cj4_3cj4_conf0,generation,qwen_4b_bigdata_step110000,chembl_count,4b_bigdata_step110000,qwen_4b_bigdata_step110000_chembl_count,Qwen 4B bigdata (step 110000),qwen_4b_bigdata_step110000_chembl_count,5,25,141,0.7,141,135,6,0.9574468085106383,199,141,58,0.7085427135678392,"{""all_atoms_connected"":0,""bond_angles"":2,""bond_lengths"":2,""bonds"":0,""double_bond_stereochemistry"":0,""energy_ratio"":11,""file_loads"":0,""inchi_convertible"":0,""internal_steric_clash"":56,""molecular_formula"":0,""no_radicals"":0,""planar_aromatic_rings"":1,""planar_double_bonds"":0,""reference_file_loads"":0,""sanitisation"":0,""tetrahedral_chirality"":1}","{""all_atoms_connected"":0.0,""bond_angles"":0.010050251256281407,""bond_lengths"":0.010050251256281407,""bonds"":0.0,""double_bond_stereochemistry"":0.0,""energy_ratio"":0.05527638190954774,""file_loads"":0.0,""inchi_convertible"":0.0,""internal_steric_clash"":0.2814070351758794,""molecular_formula"":0.0,""no_radicals"":0.0,""planar_aromatic_rings"":0.005025125628140704,""planar_double_bonds"":0.0,""reference_file_loads"":0.0,""sanitisation"":0.0,""tetrahedral_chirality"":0.005025125628140704}",141,95.15284701240513,1.9290954654891657,2.4894980821770947,136.0,96.45390070921985,0.9973427056918686,0.014184397163120567,134.23614376324312,0.007595191388763139,0.9632352941176471,77.0,54.60992907801418,0.9524774409429501,0.04964539007092199,62.63828497026804,0.019868215884512846,0.5844155844155844,5.0,3.5460992907801416,0.7984089146351149,0.5177304964539007,3.6146302811481363,0.3419848096172224,0.0,1.0,0.7092198581560284,0.0,1.0,1.0,1.0,0.0,141,20.92656783859594,2643.1148605188914,42.4075326848391,221.8436091007129,0.8338118650925443,1.7433707023127094,0.0,0.0,0.0,1.0,1.0123951846525336,1.8117180417777425,0.0,0.0,0.0,1.0,1000,0,0,0,0,0,199,0,0,0,0,141,199,199,core
3dd0_3dd0_conf0,generation,qwen_4b_bigdata_step110000,fixed,4b_bigdata_step110000,qwen_4b_bigdata_step110000_fixed,Qwen 4B bigdata (step 110000),qwen_4b_bigdata_step110000_fixed,4,16,993,0.7,993,993,0,1.0,1000,993,7,0.993,"{""all_atoms_connected"":0,""bond_angles"":4,""bond_lengths"":3,""bonds"":0,""double_bond_stereochemistry"":0,""energy_ratio"":0,""file_loads"":0,""inchi_convertible"":0,""internal_steric_clash"":2,""molecular_formula"":0,""no_radicals"":0,""planar_aromatic_rings"":0,""planar_double_bonds"":0,""reference_file_loads"":0,""sanitisation"":0,""tetrahedral_chirality"":0}","{""all_atoms_connected"":0.0,""bond_angles"":0.004,""bond_lengths"":0.003,""bonds"":0.0,""double_bond_stereochemistry"":0.0,""energy_ratio"":0.0,""file_loads"":0.0,""inchi_convertible"":0.0,""internal_steric_clash"":0.002,""molecular_formula"":0.0,""no_radicals"":0.0,""planar_aromatic_rings"":0.0,""planar_double_bonds"":0.0,""reference_file_loads"":0.0,""sanitisation"":0.0,""tetrahedral_chirality"":0.0}",993,118.82319515424983,0.8557061105327555,1.1401094581049005,49.0,4.934541792547835,0.8000847871303748,0.1419939577039275,22.506096200655627,0.06699971299600731,0.1836734693877551,5.0,0.5035246727089627,0.8410892444060518,0.3766364551863041,3.871650561083266,0.2762286661210548,0.0,1.0,0.10070493454179255,0.0,1.0,1.0,1.0,0.0,1.0,0.10070493454179255,0.0,1.0,1.0,1.0,0.0,993,96.77028386725044,331.3508771706905,114.20754340217019,22.595087768998333,0.13433444755796467,0.8986138985912788,1.0,1.0,1.0,1.0,0.20139337302556318,0.8861704643308129,1.0,1.0,1.0,1.0,1000,0,0,0,0,0,1000,0,0,0,0,993,1000,1000,core
3dd0_3dd0_conf0,generation,qwen_4b_bigdata_step110000,dynamic,4b_bigdata_step110000,qwen_4b_bigdata_step110000_dynamic,Qwen 4B bigdata (step 110000),qwen_4b_bigdata_step110000_dynamic,4,16,68,0.7,68,68,0,1.0,68,68,0,1.0,"{""all_atoms_connected"":0,""bond_angles"":0,""bond_lengths"":0,""bonds"":0,""double_bond_stereochemistry"":0,""energy_ratio"":0,""file_loads"":0,""inchi_convertible"":0,""internal_steric_clash"":0,""molecular_formula"":0,""no_radicals"":0,""planar_aromatic_rings"":0,""planar_double_bonds"":0,""reference_file_loads"":0,""sanitisation"":0,""tetrahedral_chirality"":0}","{""all_atoms_connected"":0.0,""bond_angles"":0.0,""bond_lengths"":0.0,""bonds"":0.0,""double_bond_stereochemistry"":0.0,""energy_ratio"":0.0,""file_loads"":0.0,""inchi_convertible"":0.0,""internal_steric_clash"":0.0,""molecular_formula"":0.0,""no_radicals"":0.0,""planar_aromatic_rings"":0.0,""planar_double_bonds"":0.0,""reference_file_loads"":0.0,""sanitisation"":0.0,""tetrahedral_chirality"":0.0}",68,117.43694914309718,0.8550023263700844,1.1535041727495727,20.0,29.41176470588235,0.8469621770624804,0.23529411764705882,12.645127059921167,0.11202422145328722,0.45,3.0,4.411764705882353,0.9264154137846738,0.5,2.767021187527524,0.38581314878892736,0.0,1.0,1.4705882352941178,0.0,1.0,1.0,1.0,0.0,1.0,1.4705882352941178,0.0,1.0,1.0,1.0,0.0,68,98.21580486719539,194.3142545110918,114.39017387193053,15.4803227973363,0.4061569464889338,0.9395439691165008,0.0,1.0,1.0,1.0,0.44614259987586574,0.9275238756362694,0.0,1.0,1.0,1.0,1000,0,0,0,0,0,68,0,0,0,0,68,68,68,core
3dd0_3dd0_conf0,generation,qwen_4b_bigdata_step110000,chembl_count,4b_bigdata_step110000,qwen_4b_bigdata_step110000_chembl_count,Qwen 4B bigdata (step 110000),qwen_4b_bigdata_step110000_chembl_count,4,16,51,0.7,51,51,0,1.0,51,51,0,1.0,"{""all_atoms_connected"":0,""bond_angles"":0,""bond_lengths"":0,""bonds"":0,""double_bond_stereochemistry"":0,""energy_ratio"":0,""file_loads"":0,""inchi_convertible"":0,""internal_steric_clash"":0,""molecular_formula"":0,""no_radicals"":0,""planar_aromatic_rings"":0,""planar_double_bonds"":0,""reference_file_loads"":0,""sanitisation"":0,""tetrahedral_chirality"":0}","{""all_atoms_connected"":0.0,""bond_angles"":0.0,""bond_lengths"":0.0,""bonds"":0.0,""double_bond_stereochemistry"":0.0,""energy_ratio"":0.0,""file_loads"":0.0,""inchi_convertible"":0.0,""internal_steric_clash"":0.0,""molecular_formula"":0.0,""no_radicals"":0.0,""planar_aromatic_rings"":0.0,""planar_double_bonds"":0.0,""reference_file_loads"":0.0,""sanitisation"":0.0,""tetrahedral_chirality"":0.0}",51,119.28062075284267,0.8913479248004578,1.1722401549678354,20.0,39.21568627450981,0.8933610444125142,0.19607843137254902,14.530799682012121,0.09265667051134181,0.4,5.0,9.803921568627452,0.8988390647467148,0.45098039215686275,4.248753594240009,0.2795078815840062,0.0,1.0,1.9607843137254901,0.0,1.0,1.0,1.0,0.0,1.0,1.9607843137254901,0.0,1.0,1.0,1.0,0.0,51,102.20376709915928,202.26091233990613,114.02489294970013,20.73039511496252,0.17987806730517933,0.9557140588096451,1.0,1.0,1.0,1.0,0.20139337302556318,0.9419115687814804,1.0,1.0,1.0,1.0,1000,0,0,0,0,0,51,0,0,0,0,51,51,51,core
3e92_3e92_conf0,generation,qwen_4b_bigdata_step110000,fixed,4b_bigdata_step110000,qwen_4b_bigdata_step110000_fixed,Qwen 4B bigdata (step 110000),qwen_4b_bigdata_step110000_fixed,4,26,896,0.7,896,894,2,0.9977678571428571,1000,896,104,0.896,"{""all_atoms_connected"":0,""bond_angles"":21,""bond_lengths"":18,""bonds"":0,""double_bond_stereochemistry"":0,""energy_ratio"":3,""file_loads"":0,""inchi_convertible"":0,""internal_steric_clash"":84,""molecular_formula"":0,""no_radicals"":0,""planar_aromatic_rings"":10,""planar_double_bonds"":0,""reference_file_loads"":0,""sanitisation"":0,""tetrahedral_chirality"":0}","{""all_atoms_connected"":0.0,""bond_angles"":0.021,""bond_lengths"":0.018,""bonds"":0.0,""double_bond_stereochemistry"":0.0,""energy_ratio"":0.003,""file_loads"":0.0,""inchi_convertible"":0.0,""internal_steric_clash"":0.084,""molecular_formula"":0.0,""no_radicals"":0.0,""planar_aromatic_rings"":0.01,""planar_double_bonds"":0.0,""reference_file_loads"":0.0,""sanitisation"":0.0,""tetrahedral_chirality"":0.0}",896,126.66509422399675,1.4236239294808988,1.8533019354675702,200.0,22.321428571428573,0.9355765529673776,0.0234375,142.16402524286715,0.008933553890306123,0.285,22.0,2.455357142857143,0.8986551831161151,0.10825892857142858,16.083297673816617,0.06901456871811225,0.045454545454545456,2.0,0.22321428571428573,0.985687679358613,0.5703125,1.9802570031622428,0.5098876953125,0.0,1.0,0.11160714285714286,0.0,1.0,1.0,1.0,0.0,896,57.180701642242106,3905.1598126594445,74.24522305971522,129.2443466811433,0.2194401408040522,1.4237466348463608,1.0,1.0,1.0,1.0,0.18955323224910658,1.419368991318409,1.0,1.0,1.0,1.0,1000,0,0,0,0,0,1000,0,0,0,0,896,1000,1000,core
3e92_3e92_conf0,generation,qwen_4b_bigdata_step110000,dynamic,4b_bigdata_step110000,qwen_4b_bigdata_step110000_dynamic,Qwen 4B bigdata (step 110000),qwen_4b_bigdata_step110000_dynamic,4,26,63,0.7,63,63,0,1.0,68,63,5,0.9264705882352942,"{""all_atoms_connected"":0,""bond_angles"":1,""bond_lengths"":3,""bonds"":0,""double_bond_stereochemistry"":0,""energy_ratio"":0,""file_loads"":0,""inchi_convertible"":0,""internal_steric_clash"":3,""molecular_formula"":0,""no_radicals"":0,""planar_aromatic_rings"":1,""planar_double_bonds"":0,""reference_file_loads"":0,""sanitisation"":0,""tetrahedral_chirality"":0}","{""all_atoms_connected"":0.0,""bond_angles"":0.014705882352941176,""bond_lengths"":0.04411764705882353,""bonds"":0.0,""double_bond_stereochemistry"":0.0,""energy_ratio"":0.0,""file_loads"":0.0,""inchi_convertible"":0.0,""internal_steric_clash"":0.04411764705882353,""molecular_formula"":0.0,""no_radicals"":0.0,""planar_aromatic_rings"":0.014705882352941176,""planar_double_bonds"":0.0,""reference_file_loads"":0.0,""sanitisation"":0.0,""tetrahedral_chirality"":0.0}",63,127.24861702735772,1.3796874970056707,1.8260506680056618,40.0,63.492063492063494,0.9650073569325612,0.06349206349206349,35.15601797719817,0.03250188964474678,0.625,12.0,19.047619047619047,0.9119269642864677,0.19047619047619047,9.641275158010417,0.11917359536407153,0.08333333333333333,2.0,3.1746031746031744,0.7344461802527668,0.7936507936507936,1.663758665478172,0.6724615772234819,0.0,1.0,1.5873015873015872,0.0,1.0,1.0,1.0,0.0,63,57.180701642242106,279.7576203454769,72.95082751689908,26.996693298971447,0.6163247415136207,1.3329301470640236,0.0,0.0,1.0,1.0,0.6441544511711995,1.3374739584414848,0.0,0.0,1.0,1.0,1000,0,0,0,0,0,68,0,0,0,0,63,68,68,core
3e92_3e92_conf0,generation,qwen_4b_bigdata_step110000,chembl_count,4b_bigdata_step110000,qwen_4b_bigdata_step110000_chembl_count,Qwen 4B bigdata (step 110000),qwen_4b_bigdata_step110000_chembl_count,4,26,123,0.7,123,123,0,1.0,134,123,11,0.917910447761194,"{""all_atoms_connected"":0,""bond_angles"":2,""bond_lengths"":4,""bonds"":0,""double_bond_stereochemistry"":0,""energy_ratio"":0,""file_loads"":0,""inchi_convertible"":0,""internal_steric_clash"":7,""molecular_formula"":0,""no_radicals"":0,""planar_aromatic_rings"":3,""planar_double_bonds"":0,""reference_file_loads"":0,""sanitisation"":0,""tetrahedral_chirality"":0}","{""all_atoms_connected"":0.0,""bond_angles"":0.014925373134328358,""bond_lengths"":0.029850746268656716,""bonds"":0.0,""double_bond_stereochemistry"":0.0,""energy_ratio"":0.0,""file_loads"":0.0,""inchi_convertible"":0.0,""internal_steric_clash"":0.05223880597014925,""molecular_formula"":0.0,""no_radicals"":0.0,""planar_aromatic_rings"":0.022388059701492536,""planar_double_bonds"":0.0,""reference_file_loads"":0.0,""sanitisation"":0.0,""tetrahedral_chirality"":0.0}",123,122.77096455048175,1.403697100971784,1.8202445232163986,73.0,59.34959349593496,0.9587148220216746,0.04878048780487805,61.14982861994225,0.020027761253222292,0.6027397260273972,17.0,13.821138211382113,0.9372612380990942,0.14634146341463414,14.231545953577731,0.0811025183422566,0.058823529411764705,2.0,1.6260162601626016,0.8919496672696391,0.6910569105691057,1.855682210790538,0.5730054861524225,0.0,1.0,0.8130081300813008,0.0,1.0,1.0,1.0,0.0,123,57.180701642242106,279.7576203454769,73.05811976376131,21.557400705800653,0.469057511446768,1.4551170825909703,0.0,1.0,1.0,1.0,0.4428753395764681,1.440259125970057,0.0,1.0,1.0,1.0,1000,0,0,0,0,0,134,0,0,0,0,123,134,134,core
3e93_3e93_conf0,generation,qwen_4b_bigdata_step110000,fixed,4b_bigdata_step110000,qwen_4b_bigdata_step110000_fixed,Qwen 4B bigdata (step 110000),qwen_4b_bigdata_step110000_fixed,5,37,943,0.7,943,942,1,0.9989395546129375,999,943,56,0.943943943943944,"{""all_atoms_connected"":0,""bond_angles"":42,""bond_lengths"":39,""bonds"":0,""double_bond_stereochemistry"":0,""energy_ratio"":10,""file_loads"":0,""inchi_convertible"":0,""internal_steric_clash"":20,""molecular_formula"":0,""no_radicals"":0,""planar_aromatic_rings"":0,""planar_double_bonds"":0,""reference_file_loads"":0,""sanitisation"":0,""tetrahedral_chirality"":0}","{""all_atoms_connected"":0.0,""bond_angles"":0.042042042042042045,""bond_lengths"":0.03903903903903904,""bonds"":0.0,""double_bond_stereochemistry"":0.0,""energy_ratio"":0.01001001001001001,""file_loads"":0.0,""inchi_convertible"":0.0,""internal_steric_clash"":0.02002002002002002,""molecular_formula"":0.0,""no_radicals"":0.0,""planar_aromatic_rings"":0.0,""planar_double_bonds"":0.0,""reference_file_loads"":0.0,""sanitisation"":0.0,""tetrahedral_chirality"":0.0}",943,126.23721071616745,1.9994428278687504,2.646590279467884,789.0,83.66914103923648,0.9881477358655986,0.007423117709437964,729.0210716293939,0.001555244931397168,0.8593155893536122,153.0,16.224814422057264,0.8731209929979071,0.053022269353128315,80.81648388036258,0.01940626303768686,0.3137254901960784,8.0,0.848356309650053,0.8558156639093228,0.2725344644750795,5.927595460761058,0.18581634615276485,0.0,3.0,0.3181336161187699,0.6441130681606126,0.5471898197242842,2.029177486683699,0.5015929171694317,0.0,943,147.37422862987145,7946.847963213337,173.3808372081051,254.36079444644128,0.5184785682135593,1.9184892553988042,0.0,0.0,1.0,1.0,0.5671263511417215,1.9111263772819784,0.0,0.0,1.0,1.0,999,0,0,0,0,0,999,0,0,0,0,943,1000,1000,core
3e93_3e93_conf0,generation,qwen_4b_bigdata_step110000,dynamic,4b_bigdata_step110000,qwen_4b_bigdata_step110000_dynamic,Qwen 4B bigdata (step 110000),qwen_4b_bigdata_step110000_dynamic,5,37,87,0.7,87,87,0,1.0,90,87,3,0.9666666666666668,"{""all_atoms_connected"":0,""bond_angles"":3,""bond_lengths"":3,""bonds"":0,""double_bond_stereochemistry"":0,""energy_ratio"":1,""file_loads"":0,""inchi_convertible"":0,""internal_steric_clash"":1,""molecular_formula"":0,""no_radicals"":0,""planar_aromatic_rings"":0,""planar_double_bonds"":0,""reference_file_loads"":0,""sanitisation"":0,""tetrahedral_chirality"":0}","{""all_atoms_connected"":0.0,""bond_angles"":0.03333333333333333,""bond_lengths"":0.03333333333333333,""bonds"":0.0,""double_bond_stereochemistry"":0.0,""energy_ratio"":0.011111111111111112,""file_loads"":0.0,""inchi_convertible"":0.0,""internal_steric_clash"":0.011111111111111112,""molecular_formula"":0.0,""no_radicals"":0.0,""planar_aromatic_rings"":0.0,""planar_double_bonds"":0.0,""reference_file_loads"":0.0,""sanitisation"":0.0,""tetrahedral_chirality"":0.0}",87,122.72761824745622,2.008457509215789,2.667881125899989,87.0,100.0,0.9999999999999998,0.011494252873563218,86.99999999999991,0.011494252873563223,1.0,39.0,44.827586206896555,0.9423824700885681,0.08045977011494253,31.578492551223434,0.0381820583960893,0.46153846153846156,5.0,5.747126436781609,0.9527062541235255,0.3103448275862069,4.633541899794131,0.2292244682256573,0.0,2.0,2.2988505747126435,0.983833334733701,0.5747126436781609,1.9777133470789858,0.5111639582507597,0.0,87,151.39014625496802,302.5734416658386,172.5979696255447,17.929679173508347,0.7194468491278505,1.9657418944798346,0.0,0.0,1.0,1.0,0.686249301408573,1.9914529697273846,0.0,0.0,1.0,1.0,999,0,0,0,0,0,90,0,0,0,0,87,90,90,core
3e93_3e93_conf0,generation,qwen_4b_bigdata_step110000,chembl_count,4b_bigdata_step110000,qwen_4b_bigdata_step110000_chembl_count,Qwen 4B bigdata (step 110000),qwen_4b_bigdata_step110000_chembl_count,5,37,185,0.7,185,185,0,1.0,200,185,15,0.925,"{""all_atoms_connected"":0,""bond_angles"":11,""bond_lengths"":10,""bonds"":0,""double_bond_stereochemistry"":0,""energy_ratio"":4,""file_loads"":0,""inchi_convertible"":0,""internal_steric_clash"":8,""molecular_formula"":0,""no_radicals"":0,""planar_aromatic_rings"":0,""planar_double_bonds"":0,""reference_file_loads"":0,""sanitisation"":0,""tetrahedral_chirality"":0}","{""all_atoms_connected"":0.0,""bond_angles"":0.055,""bond_lengths"":0.05,""bonds"":0.0,""double_bond_stereochemistry"":0.0,""energy_ratio"":0.02,""file_loads"":0.0,""inchi_convertible"":0.0,""internal_steric_clash"":0.04,""molecular_formula"":0.0,""no_radicals"":0.0,""planar_aromatic_rings"":0.0,""planar_double_bonds"":0.0,""reference_file_loads"":0.0,""sanitisation"":0.0,""tetrahedral_chirality"":0.0}",185,127.8202830807581,1.9628980771234388,2.589977470155527,180.0,97.29729729729729,0.9980611352517667,0.010810810810810811,178.19677369614766,0.005697589481373265,0.9722222222222222,64.0,34.5945945945946,0.9135399046710303,0.07027027027027027,44.67015724521321,0.030065741417092774,0.46875,7.0,3.7837837837837838,0.8883086162857897,0.25405405405405407,5.632586507976216,0.19450693937180424,0.0,2.0,1.0810810810810811,0.9822012409694036,0.5783783783783784,1.9754772622268295,0.5122863403944485,0.0,185,152.0250399158522,296.188434597543,173.8162377296017,23.87807779089279,0.5622853024442336,1.8205528663914166,0.0,0.0,1.0,1.0,0.5830017662673981,1.8405907968585717,0.0,0.0,1.0,1.0,999,0,0,0,0,0,200,0,0,0,0,185,200,200,core
3ehy_3ehy_conf0,generation,qwen_4b_bigdata_step110000,fixed,4b_bigdata_step110000,qwen_4b_bigdata_step110000_fixed,Qwen 4B bigdata (step 110000),qwen_4b_bigdata_step110000_fixed,5,17,865,0.7,865,863,2,0.9976878612716763,999,865,134,0.8658658658658659,"{""all_atoms_connected"":0,""bond_angles"":16,""bond_lengths"":6,""bonds"":0,""double_bond_stereochemistry"":0,""energy_ratio"":10,""file_loads"":0,""inchi_convertible"":0,""internal_steric_clash"":59,""molecular_formula"":0,""no_radicals"":0,""planar_aromatic_rings"":4,""planar_double_bonds"":0,""reference_file_loads"":0,""sanitisation"":0,""tetrahedral_chirality"":76}","{""all_atoms_connected"":0.0,""bond_angles"":0.016016016016016016,""bond_lengths"":0.006006006006006006,""bonds"":0.0,""double_bond_stereochemistry"":0.0,""energy_ratio"":0.01001001001001001,""file_loads"":0.0,""inchi_convertible"":0.0,""internal_steric_clash"":0.05905905905905906,""molecular_formula"":0.0,""no_radicals"":0.0,""planar_aromatic_rings"":0.004004004004004004,""planar_double_bonds"":0.0,""reference_file_loads"":0.0,""sanitisation"":0.0,""tetrahedral_chirality"":0.07607607607607608}",865,76.38684133967413,1.1738086806197046,1.5846986723366363,107.0,12.369942196531792,0.9087058448125886,0.03468208092485549,69.84139417067965,0.017709913461859735,0.2616822429906542,11.0,1.2716763005780347,0.8481773101186707,0.22658959537572254,7.643383429636874,0.15286444585519063,0.09090909090909091,1.0,0.11560693641618497,0.0,1.0,1.0,1.0,0.0,1.0,0.11560693641618497,0.0,1.0,1.0,1.0,0.0,865,33.64948336078207,201.4802676808259,54.67465004383214,16.714631758743067,0.3654235884096095,1.1551655145813489,0.0,1.0,1.0,1.0,0.3973402313749533,1.1727879563259056,0.0,1.0,1.0,1.0,999,0,0,0,0,0,999,0,0,0,0,865,1000,1000,core
3ehy_3ehy_conf0,generation,qwen_4b_bigdata_step110000,dynamic,4b_bigdata_step110000,qwen_4b_bigdata_step110000_dynamic,Qwen 4B bigdata (step 110000),qwen_4b_bigdata_step110000_dynamic,5,17,78,0.7,78,78,0,1.0,90,78,12,0.8666666666666667,"{""all_atoms_connected"":0,""bond_angles"":0,""bond_lengths"":1,""bonds"":0,""double_bond_stereochemistry"":0,""energy_ratio"":0,""file_loads"":0,""inchi_convertible"":0,""internal_steric_clash"":4,""molecular_formula"":0,""no_radicals"":0,""planar_aromatic_rings"":1,""planar_double_bonds"":0,""reference_file_loads"":0,""sanitisation"":0,""tetrahedral_chirality"":7}","{""all_atoms_connected"":0.0,""bond_angles"":0.0,""bond_lengths"":0.011111111111111112,""bonds"":0.0,""double_bond_stereochemistry"":0.0,""energy_ratio"":0.0,""file_loads"":0.0,""inchi_convertible"":0.0,""internal_steric_clash"":0.044444444444444446,""molecular_formula"":0.0,""no_radicals"":0.0,""planar_aromatic_rings"":0.011111111111111112,""planar_double_bonds"":0.0,""reference_file_loads"":0.0,""sanitisation"":0.0,""tetrahedral_chirality"":0.07777777777777778}",78,74.85853552999504,1.135572441750328,1.572837240342325,36.0,46.15384615384615,0.9474931962814964,0.08974358974358974,29.82538310306662,0.04010519395134781,0.4166666666666667,6.0,7.6923076923076925,0.9274166648030989,0.2692307692307692,5.268299268828877,0.20775805391190008,0.0,1.0,1.2820512820512822,0.0,1.0,1.0,1.0,0.0,1.0,1.2820512820512822,0.0,1.0,1.0,1.0,0.0,78,40.61951727024407,201.4802676808259,53.95943898235198,25.26620567549731,0.42948849648397835,1.2104003086085653,0.0,1.0,1.0,1.0,0.4268415221378548,1.2271780076384489,0.0,1.0,1.0,1.0,999,0,0,0,0,0,90,0,0,0,0,78,90,90,core
3ehy_3ehy_conf0,generation,qwen_4b_bigdata_step110000,chembl_count,4b_bigdata_step110000,qwen_4b_bigdata_step110000_chembl_count,Qwen 4B bigdata (step 110000),qwen_4b_bigdata_step110000_chembl_count,5,17,22,0.7,22,22,0,1.0,25,22,3,0.88,"{""all_atoms_connected"":0,""bond_angles"":1,""bond_lengths"":0,""bonds"":0,""double_bond_stereochemistry"":0,""energy_ratio"":0,""file_loads"":0,""inchi_convertible"":0,""internal_steric_clash"":2,""molecular_formula"":0,""no_radicals"":0,""planar_aromatic_rings"":0,""planar_double_bonds"":0,""reference_file_loads"":0,""sanitisation"":0,""tetrahedral_chirality"":1}","{""all_atoms_connected"":0.0,""bond_angles"":0.04,""bond_lengths"":0.0,""bonds"":0.0,""double_bond_stereochemistry"":0.0,""energy_ratio"":0.0,""file_loads"":0.0,""inchi_convertible"":0.0,""internal_steric_clash"":0.08,""molecular_formula"":0.0,""no_radicals"":0.0,""planar_aromatic_rings"":0.0,""planar_double_bonds"":0.0,""reference_file_loads"":0.0,""sanitisation"":0.0,""tetrahedral_chirality"":0.04}",22,66.30159930998437,1.1458412149364623,1.5768269467438525,16.0,72.72727272727273,0.9699160012256486,0.13636363636363635,14.719573909527261,0.0743801652892562,0.6875,3.0,13.636363636363637,0.8467198543870302,0.5,2.535058812798121,0.4256198347107438,0.0,1.0,4.545454545454546,0.0,1.0,1.0,1.0,0.0,1.0,4.545454545454546,0.0,1.0,1.0,1.0,0.0,22,41.651537189299205,92.82920879307898,54.308872885652505,10.447221524949526,0.43545034857376735,1.2040032643322451,0.0,1.0,1.0,1.0,0.5773394690301352,1.2038337534130428,0.0,0.0,1.0,1.0,999,0,0,0,0,0,25,0,0,0,0,22,25,25,core
3fcq_3fcq_conf0,generation,qwen_4b_bigdata_step110000,fixed,4b_bigdata_step110000,qwen_4b_bigdata_step110000_fixed,Qwen 4B bigdata (step 110000),qwen_4b_bigdata_step110000_fixed,2,14,910,0.7,910,909,1,0.9989010989010989,1000,910,90,0.91,"{""all_atoms_connected"":0,""bond_angles"":5,""bond_lengths"":5,""bonds"":0,""double_bond_stereochemistry"":0,""energy_ratio"":10,""file_loads"":0,""inchi_convertible"":0,""internal_steric_clash"":84,""molecular_formula"":0,""no_radicals"":0,""planar_aromatic_rings"":0,""planar_double_bonds"":0,""reference_file_loads"":0,""sanitisation"":0,""tetrahedral_chirality"":0}","{""all_atoms_connected"":0.0,""bond_angles"":0.005,""bond_lengths"":0.005,""bonds"":0.0,""double_bond_stereochemistry"":0.0,""energy_ratio"":0.01,""file_loads"":0.0,""inchi_convertible"":0.0,""internal_steric_clash"":0.084,""molecular_formula"":0.0,""no_radicals"":0.0,""planar_aromatic_rings"":0.0,""planar_double_bonds"":0.0,""reference_file_loads"":0.0,""sanitisation"":0.0,""tetrahedral_chirality"":0.0}",910,112.71725469080987,0.9005905311334267,1.1716573678599014,39.0,4.285714285714286,0.8609502684249773,0.12747252747252746,23.432978847755173,0.060495109286318086,0.05128205128205128,5.0,0.5494505494505495,0.89332392300157,0.38461538461538464,4.211207357201417,0.27083444028498976,0.0,1.0,0.10989010989010989,0.0,1.0,1.0,1.0,0.0,1.0,0.10989010989010989,0.0,1.0,1.0,1.0,0.0,910,38.210813197664066,205.94940332206158,56.37862752953636,19.06473455237997,0.12398565772543939,1.002189950255615,1.0,1.0,1.0,1.0,0.19072872773889366,0.9867716143646768,1.0,1.0,1.0,1.0,1000,0,0,0,0,0,1000,0,0,0,0,910,1000,1000,core
3fcq_3fcq_conf0,generation,qwen_4b_bigdata_step110000,dynamic,4b_bigdata_step110000,qwen_4b_bigdata_step110000_dynamic,Qwen 4B bigdata (step 110000),qwen_4b_bigdata_step110000_dynamic,2,14,22,0.7,22,22,0,1.0,24,22,2,0.9166666666666666,"{""all_atoms_connected"":0,""bond_angles"":0,""bond_lengths"":0,""bonds"":0,""double_bond_stereochemistry"":0,""energy_ratio"":0,""file_loads"":0,""inchi_convertible"":0,""internal_steric_clash"":2,""molecular_formula"":0,""no_radicals"":0,""planar_aromatic_rings"":0,""planar_double_bonds"":0,""reference_file_loads"":0,""sanitisation"":0,""tetrahedral_chirality"":0}","{""all_atoms_connected"":0.0,""bond_angles"":0.0,""bond_lengths"":0.0,""bonds"":0.0,""double_bond_stereochemistry"":0.0,""energy_ratio"":0.0,""file_loads"":0.0,""inchi_convertible"":0.0,""internal_steric_clash"":0.08333333333333333,""molecular_formula"":0.0,""no_radicals"":0.0,""planar_aromatic_rings"":0.0,""planar_double_bonds"":0.0,""reference_file_loads"":0.0,""sanitisation"":0.0,""tetrahedral_chirality"":0.0}",22,110.53892151824998,0.8695996266893053,1.1522636609411308,11.0,50.0,0.9013267360312643,0.2727272727272727,8.682305635210124,0.14462809917355368,0.5454545454545454,2.0,9.090909090909092,0.9023932827949789,0.6818181818181818,1.8691641638195144,0.5661157024793388,0.0,1.0,4.545454545454546,0.0,1.0,1.0,1.0,0.0,1.0,4.545454545454546,0.0,1.0,1.0,1.0,0.0,22,39.046574185666536,87.74128805619779,58.29284971449323,13.636677456233077,0.16598941237026033,0.6554604362046148,1.0,1.0,1.0,1.0,0.23589565994293543,0.6735476998053677,1.0,1.0,1.0,1.0,1000,0,0,0,0,0,24,0,0,0,0,22,24,24,core
3fcq_3fcq_conf0,generation,qwen_4b_bigdata_step110000,chembl_count,4b_bigdata_step110000,qwen_4b_bigdata_step110000_chembl_count,Qwen 4B bigdata (step 110000),qwen_4b_bigdata_step110000_chembl_count,2,14,2,0.7,2,2,0,1.0,2,2,0,1.0,"{""all_atoms_connected"":0,""bond_angles"":0,""bond_lengths"":0,""bonds"":0,""double_bond_stereochemistry"":0,""energy_ratio"":0,""file_loads"":0,""inchi_convertible"":0,""internal_steric_clash"":0,""molecular_formula"":0,""no_radicals"":0,""planar_aromatic_rings"":0,""planar_double_bonds"":0,""reference_file_loads"":0,""sanitisation"":0,""tetrahedral_chirality"":0}","{""all_atoms_connected"":0.0,""bond_angles"":0.0,""bond_lengths"":0.0,""bonds"":0.0,""double_bond_stereochemistry"":0.0,""energy_ratio"":0.0,""file_loads"":0.0,""inchi_convertible"":0.0,""internal_steric_clash"":0.0,""molecular_formula"":0.0,""no_radicals"":0.0,""planar_aromatic_rings"":0.0,""planar_double_bonds"":0.0,""reference_file_loads"":0.0,""sanitisation"":0.0,""tetrahedral_chirality"":0.0}",2,95.50023387851274,1.1336435493409467,1.1336435493409467,2.0,100.0,1.0,0.5,2.0,0.5,1.0,2.0,100.0,1.0,0.5,2.0,0.5,1.0,1.0,50.0,0.0,1.0,1.0,1.0,0.0,1.0,50.0,0.0,1.0,1.0,1.0,0.0,2,50.17681321797161,65.26171356691961,57.71926339244561,7.5424501744739985,0.4459574999684542,0.7244657468245396,0.0,1.0,1.0,1.0,0.5848585082907288,0.7777363044991967,0.0,0.0,1.0,1.0,1000,0,0,0,0,0,2,0,0,0,0,2,2,2,core
3fur_3fur_conf0,generation,qwen_4b_bigdata_step110000,fixed,4b_bigdata_step110000,qwen_4b_bigdata_step110000_fixed,Qwen 4B bigdata (step 110000),qwen_4b_bigdata_step110000_fixed,5,31,896,0.7,896,893,3,0.9966517857142857,998,896,102,0.8977955911823647,"{""all_atoms_connected"":0,""bond_angles"":30,""bond_lengths"":18,""bonds"":0,""double_bond_stereochemistry"":0,""energy_ratio"":24,""file_loads"":0,""inchi_convertible"":0,""internal_steric_clash"":88,""molecular_formula"":0,""no_radicals"":0,""planar_aromatic_rings"":9,""planar_double_bonds"":0,""reference_file_loads"":0,""sanitisation"":0,""tetrahedral_chirality"":0}","{""all_atoms_connected"":0.0,""bond_angles"":0.03006012024048096,""bond_lengths"":0.018036072144288578,""bonds"":0.0,""double_bond_stereochemistry"":0.0,""energy_ratio"":0.02404809619238477,""file_loads"":0.0,""inchi_convertible"":0.0,""internal_steric_clash"":0.08817635270541083,""molecular_formula"":0.0,""no_radicals"":0.0,""planar_aromatic_rings"":0.009018036072144289,""planar_double_bonds"":0.0,""reference_file_loads"":0.0,""sanitisation"":0.0,""tetrahedral_chirality"":0.0}",896,99.26193530099145,2.0918208723093503,2.676856702035709,740.0,82.58928571428571,0.9889281873159359,0.005580357142857143,687.8030915780703,0.0016118263711734694,0.8351351351351352,203.0,22.65625,0.9475300618865491,0.021205357142857144,153.61083984598358,0.008091517857142858,0.18226600985221675,10.0,1.1160714285714286,0.8912987504498159,0.23660714285714285,7.785719452129775,0.14801648198341838,0.0,2.0,0.22321428571428573,0.9700292494214555,0.6015625,1.958880309412356,0.5206298828125,0.0,896,71.11298017615243,1864.9934141293465,97.27399535016811,66.80445184210075,0.40244743534210964,2.3338792192889266,0.0,1.0,1.0,1.0,0.42770818900468005,2.32557638680295,0.0,1.0,1.0,1.0,998,0,0,0,0,0,998,0,0,0,0,896,1000,1000,core
3fur_3fur_conf0,generation,qwen_4b_bigdata_step110000,dynamic,4b_bigdata_step110000,qwen_4b_bigdata_step110000_dynamic,Qwen 4B bigdata (step 110000),qwen_4b_bigdata_step110000_dynamic,5,31,80,0.7,80,80,0,1.0,90,80,10,0.8888888888888888,"{""all_atoms_connected"":0,""bond_angles"":4,""bond_lengths"":1,""bonds"":0,""double_bond_stereochemistry"":0,""energy_ratio"":1,""file_loads"":0,""inchi_convertible"":0,""internal_steric_clash"":8,""molecular_formula"":0,""no_radicals"":0,""planar_aromatic_rings"":1,""planar_double_bonds"":0,""reference_file_loads"":0,""sanitisation"":0,""tetrahedral_chirality"":0}","{""all_atoms_connected"":0.0,""bond_angles"":0.044444444444444446,""bond_lengths"":0.011111111111111112,""bonds"":0.0,""double_bond_stereochemistry"":0.0,""energy_ratio"":0.011111111111111112,""file_loads"":0.0,""inchi_convertible"":0.0,""internal_steric_clash"":0.08888888888888889,""molecular_formula"":0.0,""no_radicals"":0.0,""planar_aromatic_rings"":0.011111111111111112,""planar_double_bonds"":0.0,""reference_file_loads"":0.0,""sanitisation"":0.0,""tetrahedral_chirality"":0.0}",80,101.69768682645002,2.158963013908061,2.7894048043231927,79.0,98.75,0.9989129296269188,0.025,78.62564788361996,0.012812500000000004,0.9873417721518988,57.0,71.25,0.9745055548751251,0.05,51.41736311179405,0.021875000000000006,0.7017543859649122,6.0,7.5,0.8886047103575394,0.3125,4.914381489043965,0.2209375,0.16666666666666666,2.0,2.5,0.6098403047164005,0.85,1.5260902731141495,0.7449999999999999,0.0,80,71.32805580103145,293.7198735582194,94.10802191990474,32.08769881200303,0.40244743534210964,2.2146519453341633,0.0,1.0,1.0,1.0,0.42770818900468005,2.2067091672313133,0.0,1.0,1.0,1.0,998,0,0,0,0,0,90,0,0,0,0,80,90,90,core
3fur_3fur_conf0,generation,qwen_4b_bigdata_step110000,chembl_count,4b_bigdata_step110000,qwen_4b_bigdata_step110000_chembl_count,Qwen 4B bigdata (step 110000),qwen_4b_bigdata_step110000_chembl_count,5,31,81,0.7,81,81,0,1.0,86,81,5,0.9418604651162792,"{""all_atoms_connected"":0,""bond_angles"":2,""bond_lengths"":2,""bonds"":0,""double_bond_stereochemistry"":0,""energy_ratio"":1,""file_loads"":0,""inchi_convertible"":0,""internal_steric_clash"":3,""molecular_formula"":0,""no_radicals"":0,""planar_aromatic_rings"":0,""planar_double_bonds"":0,""reference_file_loads"":0,""sanitisation"":0,""tetrahedral_chirality"":0}","{""all_atoms_connected"":0.0,""bond_angles"":0.023255813953488372,""bond_lengths"":0.023255813953488372,""bonds"":0.0,""double_bond_stereochemistry"":0.0,""energy_ratio"":0.011627906976744186,""file_loads"":0.0,""inchi_convertible"":0.0,""internal_steric_clash"":0.03488372093023256,""molecular_formula"":0.0,""no_radicals"":0.0,""planar_aromatic_rings"":0.0,""planar_double_bonds"":0.0,""reference_file_loads"":0.0,""sanitisation"":0.0,""tetrahedral_chirality"":0.0}",81,98.48484700744034,2.07310962871599,2.704564264552145,80.0,98.76543209876543,0.9989292111637739,0.024691358024691357,79.625501287223,0.01265051059289742,0.9875,57.0,70.37037037037037,0.9741346407953303,0.037037037037037035,51.340314153815775,0.021795458009449774,0.7017543859649122,6.0,7.407407407407407,0.885313247270312,0.2962962962962963,4.885484169185112,0.23121475384849866,0.0,1.0,1.2345679012345678,0.0,1.0,1.0,1.0,0.0,81,71.11298017615243,186.21556933289298,96.1413899061745,21.817486137126117,0.7930073315629855,2.4200603838493504,0.0,0.0,0.0,1.0,0.7989488528893505,2.415628924831254,0.0,0.0,0.0,1.0,998,0,0,0,0,0,86,0,0,0,0,81,86,86,core
3g2z_3g2z_conf0,generation,qwen_4b_bigdata_step110000,fixed,4b_bigdata_step110000,qwen_4b_bigdata_step110000_fixed,Qwen 4B bigdata (step 110000),qwen_4b_bigdata_step110000_fixed,2,13,972,0.7,972,972,0,1.0,1000,972,28,0.972,"{""all_atoms_connected"":0,""bond_angles"":12,""bond_lengths"":27,""bonds"":0,""double_bond_stereochemistry"":0,""energy_ratio"":1,""file_loads"":0,""inchi_convertible"":0,""internal_steric_clash"":1,""molecular_formula"":0,""no_radicals"":0,""planar_aromatic_rings"":0,""planar_double_bonds"":0,""reference_file_loads"":0,""sanitisation"":0,""tetrahedral_chirality"":0}","{""all_atoms_connected"":0.0,""bond_angles"":0.012,""bond_lengths"":0.027,""bonds"":0.0,""double_bond_stereochemistry"":0.0,""energy_ratio"":0.001,""file_loads"":0.0,""inchi_convertible"":0.0,""internal_steric_clash"":0.001,""molecular_formula"":0.0,""no_radicals"":0.0,""planar_aromatic_rings"":0.0,""planar_double_bonds"":0.0,""reference_file_loads"":0.0,""sanitisation"":0.0,""tetrahedral_chirality"":0.0}",972,110.65980545922804,0.8162704058050778,1.2746797023468874,21.0,2.1604938271604937,0.8474444282807228,0.19753086419753085,13.197977215825638,0.09583989567985911,0.09523809523809523,3.0,0.30864197530864196,0.9558343097065043,0.4454732510288066,2.857912086604184,0.3639456214330471,0.0,1.0,0.102880658436214,0.0,1.0,1.0,1.0,0.0,1.0,0.102880658436214,0.0,1.0,1.0,1.0,0.0,972,30.034785018742944,235.9979757779963,49.61093618409082,19.26797159485719,0.08282289922719577,1.0943955614679874,1.0,1.0,1.0,1.0,0.14593739782889062,1.0810768142271345,1.0,1.0,1.0,1.0,1000,0,0,0,0,0,1000,0,0,0,0,972,1000,1000,core
3g2z_3g2z_conf0,generation,qwen_4b_bigdata_step110000,dynamic,4b_bigdata_step110000,qwen_4b_bigdata_step110000_dynamic,Qwen 4B bigdata (step 110000),qwen_4b_bigdata_step110000_dynamic,2,13,24,0.7,24,24,0,1.0,24,24,0,1.0,"{""all_atoms_connected"":0,""bond_angles"":0,""bond_lengths"":0,""bonds"":0,""double_bond_stereochemistry"":0,""energy_ratio"":0,""file_loads"":0,""inchi_convertible"":0,""internal_steric_clash"":0,""molecular_formula"":0,""no_radicals"":0,""planar_aromatic_rings"":0,""planar_double_bonds"":0,""reference_file_loads"":0,""sanitisation"":0,""tetrahedral_chirality"":0}","{""all_atoms_connected"":0.0,""bond_angles"":0.0,""bond_lengths"":0.0,""bonds"":0.0,""double_bond_stereochemistry"":0.0,""energy_ratio"":0.0,""file_loads"":0.0,""inchi_convertible"":0.0,""internal_steric_clash"":0.0,""molecular_formula"":0.0,""no_radicals"":0.0,""planar_aromatic_rings"":0.0,""planar_double_bonds"":0.0,""reference_file_loads"":0.0,""sanitisation"":0.0,""tetrahedral_chirality"":0.0}",24,96.08696214109719,0.8525904930403018,1.2959733167520875,8.0,33.333333333333336,0.8806931879752371,0.25,6.242308092134335,0.18750000000000003,0.375,3.0,12.5,0.8941111578818987,0.4583333333333333,2.6705421533383555,0.3993055555555556,0.0,1.0,4.166666666666667,0.0,1.0,1.0,1.0,0.0,1.0,4.166666666666667,0.0,1.0,1.0,1.0,0.0,24,33.620714454918755,70.99470674876332,46.08530979465483,10.850146246264423,0.2676659927193442,1.1654437291230892,0.0,1.0,1.0,1.0,0.3234239928755246,1.0826391422794002,0.0,1.0,1.0,1.0,1000,0,0,0,0,0,24,0,0,0,0,24,24,24,core
3g2z_3g2z_conf0,generation,qwen_4b_bigdata_step110000,chembl_count,4b_bigdata_step110000,qwen_4b_bigdata_step110000_chembl_count,Qwen 4B bigdata (step 110000),qwen_4b_bigdata_step110000_chembl_count,2,13,6,0.7,6,6,0,1.0,6,6,0,1.0,"{""all_atoms_connected"":0,""bond_angles"":0,""bond_lengths"":0,""bonds"":0,""double_bond_stereochemistry"":0,""energy_ratio"":0,""file_loads"":0,""inchi_convertible"":0,""internal_steric_clash"":0,""molecular_formula"":0,""no_radicals"":0,""planar_aromatic_rings"":0,""planar_double_bonds"":0,""reference_file_loads"":0,""sanitisation"":0,""tetrahedral_chirality"":0}","{""all_atoms_connected"":0.0,""bond_angles"":0.0,""bond_lengths"":0.0,""bonds"":0.0,""double_bond_stereochemistry"":0.0,""energy_ratio"":0.0,""file_loads"":0.0,""inchi_convertible"":0.0,""internal_steric_clash"":0.0,""molecular_formula"":0.0,""no_radicals"":0.0,""planar_aromatic_rings"":0.0,""planar_double_bonds"":0.0,""reference_file_loads"":0.0,""sanitisation"":0.0,""tetrahedral_chirality"":0.0}",6,98.34774474575886,0.881416741180188,1.1328832607589732,4.0,66.66666666666667,0.9591479170272447,0.3333333333333333,3.779763149684619,0.2777777777777778,0.5,2.0,33.333333333333336,1.0,0.5,2.0,0.5,0.0,1.0,16.666666666666668,0.0,1.0,1.0,1.0,0.0,1.0,16.666666666666668,0.0,1.0,1.0,1.0,0.0,6,39.18087210949531,160.55665003793263,53.17291265040505,42.27894340308517,0.43337496304159695,0.8673104674435999,0.0,1.0,1.0,1.0,0.5734133638951855,0.8487358361053593,0.0,0.0,1.0,1.0,1000,0,0,0,0,0,6,0,0,0,0,6,6,6,core
3g31_3g31_conf0,generation,qwen_4b_bigdata_step110000,fixed,4b_bigdata_step110000,qwen_4b_bigdata_step110000_fixed,Qwen 4B bigdata (step 110000),qwen_4b_bigdata_step110000_fixed,2,17,0,0.7,0,0,0,,999,0,999,0.0,"{""all_atoms_connected"":0,""bond_angles"":12,""bond_lengths"":10,""bonds"":0,""double_bond_stereochemistry"":0,""energy_ratio"":1,""file_loads"":0,""inchi_convertible"":0,""internal_steric_clash"":100,""molecular_formula"":0,""no_radicals"":0,""planar_aromatic_rings"":0,""planar_double_bonds"":0,""reference_file_loads"":0,""sanitisation"":0,""tetrahedral_chirality"":993}","{""all_atoms_connected"":0.0,""bond_angles"":0.012012012012012012,""bond_lengths"":0.01001001001001001,""bonds"":0.0,""double_bond_stereochemistry"":0.0,""energy_ratio"":0.001001001001001001,""file_loads"":0.0,""inchi_convertible"":0.0,""internal_steric_clash"":0.1001001001001001,""molecular_formula"":0.0,""no_radicals"":0.0,""planar_aromatic_rings"":0.0,""planar_double_bonds"":0.0,""reference_file_loads"":0.0,""sanitisation"":0.0,""tetrahedral_chirality"":0.993993993993994}",0,,,,,,,,,,,,,,,,,,,,,,,,,,,,,,,,0,,,,,,,,,,,,,,,,,999,0,0,0,0,0,999,0,0,0,0,0,1000,1000,core
3g31_3g31_conf0,generation,qwen_4b_bigdata_step110000,dynamic,4b_bigdata_step110000,qwen_4b_bigdata_step110000_dynamic,Qwen 4B bigdata (step 110000),qwen_4b_bigdata_step110000_dynamic,2,17,0,0.7,0,0,0,,24,0,24,0.0,"{""all_atoms_connected"":0,""bond_angles"":0,""bond_lengths"":0,""bonds"":0,""double_bond_stereochemistry"":0,""energy_ratio"":0,""file_loads"":0,""inchi_convertible"":0,""internal_steric_clash"":1,""molecular_formula"":0,""no_radicals"":0,""planar_aromatic_rings"":0,""planar_double_bonds"":0,""reference_file_loads"":0,""sanitisation"":0,""tetrahedral_chirality"":24}","{""all_atoms_connected"":0.0,""bond_angles"":0.0,""bond_lengths"":0.0,""bonds"":0.0,""double_bond_stereochemistry"":0.0,""energy_ratio"":0.0,""file_loads"":0.0,""inchi_convertible"":0.0,""internal_steric_clash"":0.041666666666666664,""molecular_formula"":0.0,""no_radicals"":0.0,""planar_aromatic_rings"":0.0,""planar_double_bonds"":0.0,""reference_file_loads"":0.0,""sanitisation"":0.0,""tetrahedral_chirality"":1.0}",0,,,,,,,,,,,,,,,,,,,,,,,,,,,,,,,,0,,,,,,,,,,,,,,,,,999,0,0,0,0,0,24,0,0,0,0,0,24,24,core
3g31_3g31_conf0,generation,qwen_4b_bigdata_step110000,chembl_count,4b_bigdata_step110000,qwen_4b_bigdata_step110000_chembl_count,Qwen 4B bigdata (step 110000),qwen_4b_bigdata_step110000_chembl_count,2,17,0,0.7,0,0,0,,8,0,8,0.0,"{""all_atoms_connected"":0,""bond_angles"":0,""bond_lengths"":0,""bonds"":0,""double_bond_stereochemistry"":0,""energy_ratio"":0,""file_loads"":0,""inchi_convertible"":0,""internal_steric_clash"":1,""molecular_formula"":0,""no_radicals"":0,""planar_aromatic_rings"":0,""planar_double_bonds"":0,""reference_file_loads"":0,""sanitisation"":0,""tetrahedral_chirality"":8}","{""all_atoms_connected"":0.0,""bond_angles"":0.0,""bond_lengths"":0.0,""bonds"":0.0,""double_bond_stereochemistry"":0.0,""energy_ratio"":0.0,""file_loads"":0.0,""inchi_convertible"":0.0,""internal_steric_clash"":0.125,""molecular_formula"":0.0,""no_radicals"":0.0,""planar_aromatic_rings"":0.0,""planar_double_bonds"":0.0,""reference_file_loads"":0.0,""sanitisation"":0.0,""tetrahedral_chirality"":1.0}",0,,,,,,,,,,,,,,,,,,,,,,,,,,,,,,,,0,,,,,,,,,,,,,,,,,999,0,0,0,0,0,8,0,0,0,0,0,8,8,core
3gy4_3gy4_conf0,generation,qwen_4b_bigdata_step110000,fixed,4b_bigdata_step110000,qwen_4b_bigdata_step110000_fixed,Qwen 4B bigdata (step 110000),qwen_4b_bigdata_step110000_fixed,2,10,998,0.7,998,998,0,1.0,1000,998,2,0.998,"{""all_atoms_connected"":0,""bond_angles"":2,""bond_lengths"":2,""bonds"":0,""double_bond_stereochemistry"":0,""energy_ratio"":2,""file_loads"":0,""inchi_convertible"":0,""internal_steric_clash"":1,""molecular_formula"":0,""no_radicals"":0,""planar_aromatic_rings"":0,""planar_double_bonds"":0,""reference_file_loads"":0,""sanitisation"":0,""tetrahedral_chirality"":0}","{""all_atoms_connected"":0.0,""bond_angles"":0.002,""bond_lengths"":0.002,""bonds"":0.0,""double_bond_stereochemistry"":0.0,""energy_ratio"":0.002,""file_loads"":0.0,""inchi_convertible"":0.0,""internal_steric_clash"":0.001,""molecular_formula"":0.0,""no_radicals"":0.0,""planar_aromatic_rings"":0.0,""planar_double_bonds"":0.0,""reference_file_loads"":0.0,""sanitisation"":0.0,""tetrahedral_chirality"":0.0}",998,109.30425173394599,0.29412671994291256,0.534848128044403,3.0,0.30060120240480964,0.637009446348508,0.5160320641282565,2.0134031619323265,0.49954618656149974,0.3333333333333333,1.0,0.10020040080160321,0.0,1.0,1.0,1.0,0.0,1.0,0.10020040080160321,0.0,1.0,1.0,1.0,0.0,1.0,0.10020040080160321,0.0,1.0,1.0,1.0,0.0,998,21.919162423791423,115.08709904600047,29.202189560637926,7.140278067139039,0.039418940551788934,0.2335632066826534,1.0,1.0,1.0,1.0,0.04852370044020124,0.2317542251245925,1.0,1.0,1.0,1.0,1000,0,0,0,0,0,1000,0,0,0,0,998,1000,1000,core
3gy4_3gy4_conf0,generation,qwen_4b_bigdata_step110000,dynamic,4b_bigdata_step110000,qwen_4b_bigdata_step110000_dynamic,Qwen 4B bigdata (step 110000),qwen_4b_bigdata_step110000_dynamic,2,10,24,0.7,24,24,0,1.0,24,24,0,1.0,"{""all_atoms_connected"":0,""bond_angles"":0,""bond_lengths"":0,""bonds"":0,""double_bond_stereochemistry"":0,""energy_ratio"":0,""file_loads"":0,""inchi_convertible"":0,""internal_steric_clash"":0,""molecular_formula"":0,""no_radicals"":0,""planar_aromatic_rings"":0,""planar_double_bonds"":0,""reference_file_loads"":0,""sanitisation"":0,""tetrahedral_chirality"":0}","{""all_atoms_connected"":0.0,""bond_angles"":0.0,""bond_lengths"":0.0,""bonds"":0.0,""double_bond_stereochemistry"":0.0,""energy_ratio"":0.0,""file_loads"":0.0,""inchi_convertible"":0.0,""internal_steric_clash"":0.0,""molecular_formula"":0.0,""no_radicals"":0.0,""planar_aromatic_rings"":0.0,""planar_double_bonds"":0.0,""reference_file_loads"":0.0,""sanitisation"":0.0,""tetrahedral_chirality"":0.0}",24,99.78090619316728,0.28031928761325914,0.5283458361365143,2.0,8.333333333333334,0.4138168503036338,0.9166666666666666,1.3322056912494478,0.8472222222222221,0.0,1.0,4.166666666666667,0.0,1.0,1.0,1.0,0.0,1.0,4.166666666666667,0.0,1.0,1.0,1.0,0.0,1.0,4.166666666666667,0.0,1.0,1.0,1.0,0.0,24,23.701367229900367,45.94456480418391,29.34579385917268,4.647499305756016,0.06448428665981085,0.16999971254173307,1.0,1.0,1.0,1.0,0.06136817933040007,0.19450312492095,1.0,1.0,1.0,1.0,1000,0,0,0,0,0,24,0,0,0,0,24,24,24,core
3gy4_3gy4_conf0,generation,qwen_4b_bigdata_step110000,chembl_count,4b_bigdata_step110000,qwen_4b_bigdata_step110000_chembl_count,Qwen 4B bigdata (step 110000),qwen_4b_bigdata_step110000_chembl_count,2,10,1,0.7,1,1,0,1.0,1,1,0,1.0,"{""all_atoms_connected"":0,""bond_angles"":0,""bond_lengths"":0,""bonds"":0,""double_bond_stereochemistry"":0,""energy_ratio"":0,""file_loads"":0,""inchi_convertible"":0,""internal_steric_clash"":0,""molecular_formula"":0,""no_radicals"":0,""planar_aromatic_rings"":0,""planar_double_bonds"":0,""reference_file_loads"":0,""sanitisation"":0,""tetrahedral_chirality"":0}","{""all_atoms_connected"":0.0,""bond_angles"":0.0,""bond_lengths"":0.0,""bonds"":0.0,""double_bond_stereochemistry"":0.0,""energy_ratio"":0.0,""file_loads"":0.0,""inchi_convertible"":0.0,""internal_steric_clash"":0.0,""molecular_formula"":0.0,""no_radicals"":0.0,""planar_aromatic_rings"":0.0,""planar_double_bonds"":0.0,""reference_file_loads"":0.0,""sanitisation"":0.0,""tetrahedral_chirality"":0.0}",1,0.0,,,1.0,100.0,0.0,1.0,1.0,1.0,1.0,1.0,100.0,0.0,1.0,1.0,1.0,1.0,1.0,100.0,0.0,1.0,1.0,1.0,1.0,1.0,100.0,0.0,1.0,1.0,1.0,1.0,1,26.528558526847718,26.528558526847718,26.528558526847718,0.0,0.08288983339040225,0.08288983339040225,1.0,1.0,1.0,1.0,0.1327704240053677,0.1327704240053677,1.0,1.0,1.0,1.0,1000,0,0,0,0,0,1,0,0,0,0,1,1,1,core
3jvs_3jvs_conf0,generation,qwen_4b_bigdata_step110000,fixed,4b_bigdata_step110000,qwen_4b_bigdata_step110000_fixed,Qwen 4B bigdata (step 110000),qwen_4b_bigdata_step110000_fixed,3,30,712,0.7,712,707,5,0.9929775280898876,997,712,285,0.7141424272818455,"{""all_atoms_connected"":0,""bond_angles"":51,""bond_lengths"":17,""bonds"":0,""double_bond_stereochemistry"":0,""energy_ratio"":32,""file_loads"":0,""inchi_convertible"":0,""internal_steric_clash"":268,""molecular_formula"":0,""no_radicals"":0,""planar_aromatic_rings"":7,""planar_double_bonds"":0,""reference_file_loads"":0,""sanitisation"":0,""tetrahedral_chirality"":0}","{""all_atoms_connected"":0.0,""bond_angles"":0.05115346038114343,""bond_lengths"":0.017051153460381142,""bonds"":0.0,""double_bond_stereochemistry"":0.0,""energy_ratio"":0.0320962888665998,""file_loads"":0.0,""inchi_convertible"":0.0,""internal_steric_clash"":0.2688064192577733,""molecular_formula"":0.0,""no_radicals"":0.0,""planar_aromatic_rings"":0.007021063189568706,""planar_double_bonds"":0.0,""reference_file_loads"":0.0,""sanitisation"":0.0,""tetrahedral_chirality"":0.0}",712,110.01293641433105,1.8672220039111607,2.3820616786247926,569.0,79.91573033707866,0.9856122110895565,0.008426966292134831,519.3645377932072,0.002197481378613811,0.8172231985940246,88.0,12.359550561797754,0.9287392389604087,0.033707865168539325,63.961311045187394,0.018471468248958463,0.1590909090909091,6.0,0.8426966292134831,0.74086010029413,0.3455056179775281,3.7713879872222256,0.2876846357783109,0.16666666666666666,1.0,0.1404494382022472,0.0,1.0,1.0,1.0,0.0,712,100.24954334473668,773.4243773617673,128.77017006098168,34.02466756280434,0.6356447920641507,2.1179302642635527,0.0,0.0,1.0,1.0,0.6531653971331282,2.1087144103706894,0.0,0.0,1.0,1.0,997,0,0,0,0,0,997,0,0,0,0,712,1000,1000,core
3jvs_3jvs_conf0,generation,qwen_4b_bigdata_step110000,dynamic,4b_bigdata_step110000,qwen_4b_bigdata_step110000_dynamic,Qwen 4B bigdata (step 110000),qwen_4b_bigdata_step110000_dynamic,3,30,35,0.7,35,34,1,0.9714285714285714,46,35,11,0.7608695652173914,"{""all_atoms_connected"":0,""bond_angles"":1,""bond_lengths"":0,""bonds"":0,""double_bond_stereochemistry"":0,""energy_ratio"":0,""file_loads"":0,""inchi_convertible"":0,""internal_steric_clash"":11,""molecular_formula"":0,""no_radicals"":0,""planar_aromatic_rings"":0,""planar_double_bonds"":0,""reference_file_loads"":0,""sanitisation"":0,""tetrahedral_chirality"":0}","{""all_atoms_connected"":0.0,""bond_angles"":0.021739130434782608,""bond_lengths"":0.0,""bonds"":0.0,""double_bond_stereochemistry"":0.0,""energy_ratio"":0.0,""file_loads"":0.0,""inchi_convertible"":0.0,""internal_steric_clash"":0.2391304347826087,""molecular_formula"":0.0,""no_radicals"":0.0,""planar_aromatic_rings"":0.0,""planar_double_bonds"":0.0,""reference_file_loads"":0.0,""sanitisation"":0.0,""tetrahedral_chirality"":0.0}",35,115.8361925751791,1.9023321624231457,2.4106064436999852,35.0,100.0,1.0,0.02857142857142857,34.99999999999999,0.028571428571428567,1.0,23.0,65.71428571428571,0.9649160776710015,0.11428571428571428,20.60407311736175,0.05469387755102042,0.6086956521739131,2.0,5.714285714285714,0.9946937953613058,0.5428571428571428,1.992657549403641,0.503673469387755,0.0,1.0,2.857142857142857,0.0,1.0,1.0,1.0,0.0,35,101.10596529093903,235.9361031755578,132.23859952140432,25.771484018726053,1.1647768673662569,2.094208431289079,0.0,0.0,0.0,1.0,1.1750969812844114,2.0776463978581865,0.0,0.0,0.0,1.0,997,0,0,0,0,0,46,0,0,0,0,35,46,46,core
3jvs_3jvs_conf0,generation,qwen_4b_bigdata_step110000,chembl_count,4b_bigdata_step110000,qwen_4b_bigdata_step110000_chembl_count,Qwen 4B bigdata (step 110000),qwen_4b_bigdata_step110000_chembl_count,3,30,31,0.7,31,29,2,0.9354838709677419,40,31,9,0.775,"{""all_atoms_connected"":0,""bond_angles"":0,""bond_lengths"":0,""bonds"":0,""double_bond_stereochemistry"":0,""energy_ratio"":0,""file_loads"":0,""inchi_convertible"":0,""internal_steric_clash"":9,""molecular_formula"":0,""no_radicals"":0,""planar_aromatic_rings"":0,""planar_double_bonds"":0,""reference_file_loads"":0,""sanitisation"":0,""tetrahedral_chirality"":0}","{""all_atoms_connected"":0.0,""bond_angles"":0.0,""bond_lengths"":0.0,""bonds"":0.0,""double_bond_stereochemistry"":0.0,""energy_ratio"":0.0,""file_loads"":0.0,""inchi_convertible"":0.0,""internal_steric_clash"":0.225,""molecular_formula"":0.0,""no_radicals"":0.0,""planar_aromatic_rings"":0.0,""planar_double_bonds"":0.0,""reference_file_loads"":0.0,""sanitisation"":0.0,""tetrahedral_chirality"":0.0}",31,103.58153268669517,1.8852672599671902,2.3745953131538005,31.0,100.0,1.0,0.03225806451612903,31.0,0.03225806451612903,1.0,20.0,64.51612903225806,0.9651861785310724,0.0967741935483871,18.019227550217696,0.06139438085327782,0.6,3.0,9.67741935483871,0.9717904016449085,0.45161290322580644,2.9084516986162163,0.3548387096774193,0.0,1.0,3.225806451612903,0.0,1.0,1.0,1.0,0.0,31,107.13266593012696,235.9361031755578,129.63558002156282,27.16738955705858,1.1451564554449682,2.0696730530071084,0.0,0.0,0.0,1.0,1.2112992059244287,2.082313333333271,0.0,0.0,0.0,1.0,997,0,0,0,0,0,40,0,0,0,0,31,40,40,core
3k5v_3k5v_conf0,generation,qwen_4b_bigdata_step110000,fixed,4b_bigdata_step110000,qwen_4b_bigdata_step110000_fixed,Qwen 4B bigdata (step 110000),qwen_4b_bigdata_step110000_fixed,5,27,951,0.7,951,949,2,0.9978969505783386,999,951,48,0.951951951951952,"{""all_atoms_connected"":0,""bond_angles"":41,""bond_lengths"":20,""bonds"":0,""double_bond_stereochemistry"":0,""energy_ratio"":9,""file_loads"":0,""inchi_convertible"":0,""internal_steric_clash"":16,""molecular_formula"":0,""no_radicals"":0,""planar_aromatic_rings"":13,""planar_double_bonds"":0,""reference_file_loads"":0,""sanitisation"":0,""tetrahedral_chirality"":0}","{""all_atoms_connected"":0.0,""bond_angles"":0.04104104104104104,""bond_lengths"":0.02002002002002002,""bonds"":0.0,""double_bond_stereochemistry"":0.0,""energy_ratio"":0.009009009009009009,""file_loads"":0.0,""inchi_convertible"":0.0,""internal_steric_clash"":0.016016016016016016,""molecular_formula"":0.0,""no_radicals"":0.0,""planar_aromatic_rings"":0.013013013013013013,""planar_double_bonds"":0.0,""reference_file_loads"":0.0,""sanitisation"":0.0,""tetrahedral_chirality"":0.0}",951,108.1928370862339,1.7706716197603218,2.3665337126861385,577.0,60.672975814931654,0.9766194565495238,0.007360672975814932,497.29949943002697,0.002358467095901044,0.6031195840554593,63.0,6.624605678233438,0.947667994612498,0.04416403785488959,50.7197903969845,0.022168263856408826,0.09523809523809523,4.0,0.4206098843322818,0.9254759456263031,0.334384858044164,3.6073812181925113,0.2920308579933016,0.0,1.0,0.10515247108307045,0.0,1.0,1.0,1.0,0.0,951,37.71099558013791,18784.36405391436,56.05421960953596,608.8528517740727,0.5307558080700628,1.724934575065074,0.0,0.0,1.0,1.0,0.39048094654835275,1.7468720227708374,0.0,1.0,1.0,1.0,999,0,0,0,0,0,999,0,0,0,0,951,1000,1000,core
3k5v_3k5v_conf0,generation,qwen_4b_bigdata_step110000,dynamic,4b_bigdata_step110000,qwen_4b_bigdata_step110000_dynamic,Qwen 4B bigdata (step 110000),qwen_4b_bigdata_step110000_dynamic,5,27,88,0.7,88,88,0,1.0,90,88,2,0.9777777777777776,"{""all_atoms_connected"":0,""bond_angles"":2,""bond_lengths"":2,""bonds"":0,""double_bond_stereochemistry"":0,""energy_ratio"":1,""file_loads"":0,""inchi_convertible"":0,""internal_steric_clash"":2,""molecular_formula"":0,""no_radicals"":0,""planar_aromatic_rings"":0,""planar_double_bonds"":0,""reference_file_loads"":0,""sanitisation"":0,""tetrahedral_chirality"":0}","{""all_atoms_connected"":0.0,""bond_angles"":0.022222222222222223,""bond_lengths"":0.022222222222222223,""bonds"":0.0,""double_bond_stereochemistry"":0.0,""energy_ratio"":0.011111111111111112,""file_loads"":0.0,""inchi_convertible"":0.0,""internal_steric_clash"":0.022222222222222223,""molecular_formula"":0.0,""no_radicals"":0.0,""planar_aromatic_rings"":0.0,""planar_double_bonds"":0.0,""reference_file_loads"":0.0,""sanitisation"":0.0,""tetrahedral_chirality"":0.0}",88,109.13376575082616,1.7534853980536476,2.3274804433737333,81.0,92.04545454545455,0.993768102822581,0.022727272727272728,78.81185261030184,0.013171487603305786,0.9135802469135802,32.0,36.36363636363637,0.9533816524507205,0.06818181818181818,27.225908054651054,0.04132231404958677,0.28125,3.0,3.409090909090909,0.8811156556565689,0.5681818181818182,2.6326856557539045,0.42252066115702486,0.0,1.0,1.1363636363636365,0.0,1.0,1.0,1.0,0.0,88,42.11684630220595,121.02166865492282,55.699926966848736,12.1714980881743,0.5307558080700628,1.6787172777417956,0.0,0.0,1.0,1.0,0.4775920529079922,1.720115124554816,0.0,1.0,1.0,1.0,999,0,0,0,0,0,90,0,0,0,0,88,90,90,core
3k5v_3k5v_conf0,generation,qwen_4b_bigdata_step110000,chembl_count,4b_bigdata_step110000,qwen_4b_bigdata_step110000_chembl_count,Qwen 4B bigdata (step 110000),qwen_4b_bigdata_step110000_chembl_count,5,27,191,0.7,191,189,2,0.9895287958115183,200,191,9,0.955,"{""all_atoms_connected"":0,""bond_angles"":8,""bond_lengths"":3,""bonds"":0,""double_bond_stereochemistry"":0,""energy_ratio"":1,""file_loads"":0,""inchi_convertible"":0,""internal_steric_clash"":1,""molecular_formula"":0,""no_radicals"":0,""planar_aromatic_rings"":3,""planar_double_bonds"":0,""reference_file_loads"":0,""sanitisation"":0,""tetrahedral_chirality"":0}","{""all_atoms_connected"":0.0,""bond_angles"":0.04,""bond_lengths"":0.015,""bonds"":0.0,""double_bond_stereochemistry"":0.0,""energy_ratio"":0.005,""file_loads"":0.0,""inchi_convertible"":0.0,""internal_steric_clash"":0.005,""molecular_formula"":0.0,""no_radicals"":0.0,""planar_aromatic_rings"":0.015,""planar_double_bonds"":0.0,""reference_file_loads"":0.0,""sanitisation"":0.0,""tetrahedral_chirality"":0.0}",191,108.41384558803627,1.785061999231097,2.4071560870715714,166.0,86.91099476439791,0.9903393628673881,0.015706806282722512,158.0012160169069,0.006770647734437104,0.8674698795180723,44.0,23.036649214659686,0.9447442131767276,0.06282722513089005,35.69787839141178,0.03226336997341083,0.18181818181818182,4.0,2.094240837696335,0.9215579983474886,0.38219895287958117,3.587841099457427,0.30029330336339466,0.0,1.0,0.5235602094240838,0.0,1.0,1.0,1.0,0.0,191,41.51782972366646,18784.36405391436,57.149165374984875,1354.5170571420456,0.68426293042353,1.736538482795758,0.0,0.0,1.0,1.0,0.5760835641452865,1.740080868569547,0.0,0.0,1.0,1.0,999,0,0,0,0,0,200,0,0,0,0,191,200,200,core
3kgp_3kgp_conf0,generation,qwen_4b_bigdata_step110000,fixed,4b_bigdata_step110000,qwen_4b_bigdata_step110000_fixed,Qwen 4B bigdata (step 110000),qwen_4b_bigdata_step110000_fixed,3,11,998,0.7,998,998,0,1.0,998,998,0,1.0,"{""all_atoms_connected"":0,""bond_angles"":0,""bond_lengths"":0,""bonds"":0,""double_bond_stereochemistry"":0,""energy_ratio"":0,""file_loads"":0,""inchi_convertible"":0,""internal_steric_clash"":0,""molecular_formula"":0,""no_radicals"":0,""planar_aromatic_rings"":0,""planar_double_bonds"":0,""reference_file_loads"":0,""sanitisation"":0,""tetrahedral_chirality"":0}","{""all_atoms_connected"":0.0,""bond_angles"":0.0,""bond_lengths"":0.0,""bonds"":0.0,""double_bond_stereochemistry"":0.0,""energy_ratio"":0.0,""file_loads"":0.0,""inchi_convertible"":0.0,""internal_steric_clash"":0.0,""molecular_formula"":0.0,""no_radicals"":0.0,""planar_aromatic_rings"":0.0,""planar_double_bonds"":0.0,""reference_file_loads"":0.0,""sanitisation"":0.0,""tetrahedral_chirality"":0.0}",998,97.7849681896815,0.2970284023518399,0.49060268050845823,5.0,0.501002004008016,0.21820823628248578,0.9208416833667334,1.4207609498808185,0.8507957799366267,0.2,1.0,0.10020040080160321,0.0,1.0,1.0,1.0,0.0,1.0,0.10020040080160321,0.0,1.0,1.0,1.0,0.0,1.0,0.10020040080160321,0.0,1.0,1.0,1.0,0.0,998,-26.01000685081474,88.53001010724815,-17.206852946407878,6.915643501416495,0.0918497137936077,0.31848659940368906,1.0,1.0,1.0,1.0,0.06376379982768968,0.2535926715019069,1.0,1.0,1.0,1.0,998,0,0,0,0,0,998,0,0,0,0,998,1000,1000,core
3kgp_3kgp_conf0,generation,qwen_4b_bigdata_step110000,dynamic,4b_bigdata_step110000,qwen_4b_bigdata_step110000_dynamic,Qwen 4B bigdata (step 110000),qwen_4b_bigdata_step110000_dynamic,3,11,46,0.7,46,46,0,1.0,46,46,0,1.0,"{""all_atoms_connected"":0,""bond_angles"":0,""bond_lengths"":0,""bonds"":0,""double_bond_stereochemistry"":0,""energy_ratio"":0,""file_loads"":0,""inchi_convertible"":0,""internal_steric_clash"":0,""molecular_formula"":0,""no_radicals"":0,""planar_aromatic_rings"":0,""planar_double_bonds"":0,""reference_file_loads"":0,""sanitisation"":0,""tetrahedral_chirality"":0}","{""all_atoms_connected"":0.0,""bond_angles"":0.0,""bond_lengths"":0.0,""bonds"":0.0,""double_bond_stereochemistry"":0.0,""energy_ratio"":0.0,""file_loads"":0.0,""inchi_convertible"":0.0,""internal_steric_clash"":0.0,""molecular_formula"":0.0,""no_radicals"":0.0,""planar_aromatic_rings"":0.0,""planar_double_bonds"":0.0,""reference_file_loads"":0.0,""sanitisation"":0.0,""tetrahedral_chirality"":0.0}",46,98.95943676770807,0.24222834323456297,0.3996844270885756,2.0,4.3478260869565215,0.9321115676166747,0.6521739130434783,1.9080666514863638,0.5463137996219282,0.0,1.0,2.1739130434782608,0.0,1.0,1.0,1.0,0.0,1.0,2.1739130434782608,0.0,1.0,1.0,1.0,0.0,1.0,2.1739130434782608,0.0,1.0,1.0,1.0,0.0,46,-24.107594608396127,-7.523457964869465,-17.663609999397835,4.055086165903831,0.10538024602462565,0.3161034656708654,1.0,1.0,1.0,1.0,0.07606743514575072,0.24488139465800482,1.0,1.0,1.0,1.0,998,0,0,0,0,0,46,0,0,0,0,46,46,46,core
3kgp_3kgp_conf0,generation,qwen_4b_bigdata_step110000,chembl_count,4b_bigdata_step110000,qwen_4b_bigdata_step110000_chembl_count,Qwen 4B bigdata (step 110000),qwen_4b_bigdata_step110000_chembl_count,3,11,1,0.7,1,1,0,1.0,1,1,0,1.0,"{""all_atoms_connected"":0,""bond_angles"":0,""bond_lengths"":0,""bonds"":0,""double_bond_stereochemistry"":0,""energy_ratio"":0,""file_loads"":0,""inchi_convertible"":0,""internal_steric_clash"":0,""molecular_formula"":0,""no_radicals"":0,""planar_aromatic_rings"":0,""planar_double_bonds"":0,""reference_file_loads"":0,""sanitisation"":0,""tetrahedral_chirality"":0}","{""all_atoms_connected"":0.0,""bond_angles"":0.0,""bond_lengths"":0.0,""bonds"":0.0,""double_bond_stereochemistry"":0.0,""energy_ratio"":0.0,""file_loads"":0.0,""inchi_convertible"":0.0,""internal_steric_clash"":0.0,""molecular_formula"":0.0,""no_radicals"":0.0,""planar_aromatic_rings"":0.0,""planar_double_bonds"":0.0,""reference_file_loads"":0.0,""sanitisation"":0.0,""tetrahedral_chirality"":0.0}",1,0.0,,,1.0,100.0,0.0,1.0,1.0,1.0,1.0,1.0,100.0,0.0,1.0,1.0,1.0,1.0,1.0,100.0,0.0,1.0,1.0,1.0,1.0,1.0,100.0,0.0,1.0,1.0,1.0,1.0,1,-15.363741417234484,-15.363741417234484,-15.363741417234484,0.0,0.10621684774853166,0.10621684774853166,1.0,1.0,1.0,1.0,0.07758002100735607,0.07758002100735607,1.0,1.0,1.0,1.0,998,0,0,0,0,0,1,0,0,0,0,1,1,1,core
3lka_3lka_conf0,generation,qwen_4b_bigdata_step110000,fixed,4b_bigdata_step110000,qwen_4b_bigdata_step110000_fixed,Qwen 4B bigdata (step 110000),qwen_4b_bigdata_step110000_fixed,3,12,997,0.7,997,997,0,1.0,1000,997,3,0.997,"{""all_atoms_connected"":0,""bond_angles"":2,""bond_lengths"":1,""bonds"":0,""double_bond_stereochemistry"":0,""energy_ratio"":0,""file_loads"":0,""inchi_convertible"":0,""internal_steric_clash"":0,""molecular_formula"":0,""no_radicals"":0,""planar_aromatic_rings"":0,""planar_double_bonds"":0,""reference_file_loads"":0,""sanitisation"":0,""tetrahedral_chirality"":0}","{""all_atoms_connected"":0.0,""bond_angles"":0.002,""bond_lengths"":0.001,""bonds"":0.0,""double_bond_stereochemistry"":0.0,""energy_ratio"":0.0,""file_loads"":0.0,""inchi_convertible"":0.0,""internal_steric_clash"":0.0,""molecular_formula"":0.0,""no_radicals"":0.0,""planar_aromatic_rings"":0.0,""planar_double_bonds"":0.0,""reference_file_loads"":0.0,""sanitisation"":0.0,""tetrahedral_chirality"":0.0}",997,109.31776338632132,0.5761406941755207,0.8191775230027244,10.0,1.0030090270812437,0.7759716048816613,0.24974924774322968,5.969962523936156,0.18557075438954773,0.2,2.0,0.20060180541624875,0.08756667486596816,0.9889669007021064,1.0625764729784632,0.9781772599644472,0.0,1.0,0.10030090270812438,0.0,1.0,1.0,1.0,0.0,1.0,0.10030090270812438,0.0,1.0,1.0,1.0,0.0,997,22.707932040864037,178.9849812143464,36.04256312188224,13.695063375537524,0.09498675984429193,0.579710361573265,1.0,1.0,1.0,1.0,0.3465983165331777,0.7217384857488885,0.0,1.0,1.0,1.0,1000,0,0,0,0,0,1000,0,0,0,0,997,1000,1000,core
3lka_3lka_conf0,generation,qwen_4b_bigdata_step110000,dynamic,4b_bigdata_step110000,qwen_4b_bigdata_step110000_dynamic,Qwen 4B bigdata (step 110000),qwen_4b_bigdata_step110000_dynamic,3,12,46,0.7,46,46,0,1.0,46,46,0,1.0,"{""all_atoms_connected"":0,""bond_angles"":0,""bond_lengths"":0,""bonds"":0,""double_bond_stereochemistry"":0,""energy_ratio"":0,""file_loads"":0,""inchi_convertible"":0,""internal_steric_clash"":0,""molecular_formula"":0,""no_radicals"":0,""planar_aromatic_rings"":0,""planar_double_bonds"":0,""reference_file_loads"":0,""sanitisation"":0,""tetrahedral_chirality"":0}","{""all_atoms_connected"":0.0,""bond_angles"":0.0,""bond_lengths"":0.0,""bonds"":0.0,""double_bond_stereochemistry"":0.0,""energy_ratio"":0.0,""file_loads"":0.0,""inchi_convertible"":0.0,""internal_steric_clash"":0.0,""molecular_formula"":0.0,""no_radicals"":0.0,""planar_aromatic_rings"":0.0,""planar_double_bonds"":0.0,""reference_file_loads"":0.0,""sanitisation"":0.0,""tetrahedral_chirality"":0.0}",46,109.18572254782785,0.5624316247379493,0.8089973340618392,5.0,10.869565217391305,0.9016113508871141,0.41304347826086957,4.267753133041442,0.2693761814744801,0.0,1.0,2.1739130434782608,0.0,1.0,1.0,1.0,0.0,1.0,2.1739130434782608,0.0,1.0,1.0,1.0,0.0,1.0,2.1739130434782608,0.0,1.0,1.0,1.0,0.0,46,23.413094348114583,83.0617708978003,34.888896484981196,12.612449944784654,0.16128644339440623,0.5876758182578745,1.0,1.0,1.0,1.0,0.4763849472887838,0.7069575584655872,0.0,1.0,1.0,1.0,1000,0,0,0,0,0,46,0,0,0,0,46,46,46,core
3lka_3lka_conf0,generation,qwen_4b_bigdata_step110000,chembl_count,4b_bigdata_step110000,qwen_4b_bigdata_step110000_chembl_count,Qwen 4B bigdata (step 110000),qwen_4b_bigdata_step110000_chembl_count,3,12,4,0.7,4,4,0,1.0,4,4,0,1.0,"{""all_atoms_connected"":0,""bond_angles"":0,""bond_lengths"":0,""bonds"":0,""double_bond_stereochemistry"":0,""energy_ratio"":0,""file_loads"":0,""inchi_convertible"":0,""internal_steric_clash"":0,""molecular_formula"":0,""no_radicals"":0,""planar_aromatic_rings"":0,""planar_double_bonds"":0,""reference_file_loads"":0,""sanitisation"":0,""tetrahedral_chirality"":0}","{""all_atoms_connected"":0.0,""bond_angles"":0.0,""bond_lengths"":0.0,""bonds"":0.0,""double_bond_stereochemistry"":0.0,""energy_ratio"":0.0,""file_loads"":0.0,""inchi_convertible"":0.0,""internal_steric_clash"":0.0,""molecular_formula"":0.0,""no_radicals"":0.0,""planar_aromatic_rings"":0.0,""planar_double_bonds"":0.0,""reference_file_loads"":0.0,""sanitisation"":0.0,""tetrahedral_chirality"":0.0}",4,87.0441447825174,0.5584221668757688,0.7255036182742832,3.0,75.0,0.946394630357186,0.5,2.82842712474619,0.375,0.6666666666666666,1.0,25.0,0.0,1.0,1.0,1.0,0.0,1.0,25.0,0.0,1.0,1.0,1.0,0.0,1.0,25.0,0.0,1.0,1.0,1.0,0.0,4,26.465146896989317,38.425686588200904,32.00438196181494,4.454518960632654,0.2790272216571034,0.42687525012644423,0.0,1.0,1.0,1.0,0.43690742413881284,0.677464577822559,0.0,1.0,1.0,1.0,1000,0,0,0,0,0,4,0,0,0,0,4,4,4,core
3nx7_3nx7_conf0,generation,qwen_4b_bigdata_step110000,fixed,4b_bigdata_step110000,qwen_4b_bigdata_step110000_fixed,Qwen 4B bigdata (step 110000),qwen_4b_bigdata_step110000_fixed,9,20,895,0.7,895,893,2,0.9977653631284916,1000,895,105,0.895,"{""all_atoms_connected"":0,""bond_angles"":16,""bond_lengths"":16,""bonds"":0,""double_bond_stereochemistry"":0,""energy_ratio"":16,""file_loads"":0,""inchi_convertible"":0,""internal_steric_clash"":88,""molecular_formula"":0,""no_radicals"":0,""planar_aromatic_rings"":1,""planar_double_bonds"":0,""reference_file_loads"":0,""sanitisation"":0,""tetrahedral_chirality"":0}","{""all_atoms_connected"":0.0,""bond_angles"":0.016,""bond_lengths"":0.016,""bonds"":0.0,""double_bond_stereochemistry"":0.0,""energy_ratio"":0.016,""file_loads"":0.0,""inchi_convertible"":0.0,""internal_steric_clash"":0.088,""molecular_formula"":0.0,""no_radicals"":0.0,""planar_aromatic_rings"":0.001,""planar_double_bonds"":0.0,""reference_file_loads"":0.0,""sanitisation"":0.0,""tetrahedral_chirality"":0.0}",895,112.08047715409867,1.7665933818238448,2.3847295929929384,706.0,78.88268156424581,0.9844748685631912,0.00782122905027933,637.6415864444398,0.0018239131113261132,0.8172804532577904,66.0,7.374301675977653,0.9086075079314712,0.060335195530726256,45.00401708068979,0.02740114228644549,0.12121212121212122,3.0,0.33519553072625696,0.9685783488030754,0.4111731843575419,2.89820643952712,0.35483162198433255,0.0,1.0,0.11173184357541899,0.0,1.0,1.0,1.0,0.0,895,-1.9937235917341418,1398.6123050347287,29.010781673680953,56.58914214618635,0.31081876406429876,1.834326330793497,0.0,1.0,1.0,1.0,0.3395469244011069,1.8528345732289218,0.0,1.0,1.0,1.0,1000,0,0,0,0,0,1000,0,0,0,0,895,1000,1000,core
3nx7_3nx7_conf0,generation,qwen_4b_bigdata_step110000,dynamic,4b_bigdata_step110000,qwen_4b_bigdata_step110000_dynamic,Qwen 4B bigdata (step 110000),qwen_4b_bigdata_step110000_dynamic,9,20,156,0.7,156,156,0,1.0,178,156,22,0.8764044943820225,"{""all_atoms_connected"":0,""bond_angles"":1,""bond_lengths"":4,""bonds"":0,""double_bond_stereochemistry"":0,""energy_ratio"":3,""file_loads"":0,""inchi_convertible"":0,""internal_steric_clash"":19,""molecular_formula"":0,""no_radicals"":0,""planar_aromatic_rings"":1,""planar_double_bonds"":0,""reference_file_loads"":0,""sanitisation"":0,""tetrahedral_chirality"":0}","{""all_atoms_connected"":0.0,""bond_angles"":0.0056179775280898875,""bond_lengths"":0.02247191011235955,""bonds"":0.0,""double_bond_stereochemistry"":0.0,""energy_ratio"":0.016853932584269662,""file_loads"":0.0,""inchi_convertible"":0.0,""internal_steric_clash"":0.10674157303370786,""molecular_formula"":0.0,""no_radicals"":0.0,""planar_aromatic_rings"":0.0056179775280898875,""planar_double_bonds"":0.0,""reference_file_loads"":0.0,""sanitisation"":0.0,""tetrahedral_chirality"":0.0}",156,110.5027403849856,1.7601824926675809,2.3866759006653178,144.0,92.3076923076923,0.99397372233778,0.019230769230769232,139.75121760067876,0.007478632478632477,0.9236111111111112,36.0,23.076923076923077,0.9100293300968013,0.08974358974358974,26.078398786550768,0.04635108481262328,0.3333333333333333,3.0,1.9230769230769231,0.9710374702251938,0.4230769230769231,2.906046881128194,0.3536324786324786,0.0,1.0,0.6410256410256411,0.0,1.0,1.0,1.0,0.0,156,0.21932513780121354,190.61755234137942,27.354530700822746,31.80720911600079,0.38042269985641286,1.7990131321294431,0.0,1.0,1.0,1.0,0.3395469244011069,1.7782605129195161,0.0,1.0,1.0,1.0,1000,0,0,0,0,0,178,0,0,0,0,156,178,178,core
3nx7_3nx7_conf0,generation,qwen_4b_bigdata_step110000,chembl_count,4b_bigdata_step110000,qwen_4b_bigdata_step110000_chembl_count,Qwen 4B bigdata (step 110000),qwen_4b_bigdata_step110000_chembl_count,9,20,94,0.7,94,94,0,1.0,111,94,17,0.8468468468468469,"{""all_atoms_connected"":0,""bond_angles"":5,""bond_lengths"":2,""bonds"":0,""double_bond_stereochemistry"":0,""energy_ratio"":7,""file_loads"":0,""inchi_convertible"":0,""internal_steric_clash"":16,""molecular_formula"":0,""no_radicals"":0,""planar_aromatic_rings"":0,""planar_double_bonds"":0,""reference_file_loads"":0,""sanitisation"":0,""tetrahedral_chirality"":0}","{""all_atoms_connected"":0.0,""bond_angles"":0.04504504504504504,""bond_lengths"":0.018018018018018018,""bonds"":0.0,""double_bond_stereochemistry"":0.0,""energy_ratio"":0.06306306306306306,""file_loads"":0.0,""inchi_convertible"":0.0,""internal_steric_clash"":0.14414414414414414,""molecular_formula"":0.0,""no_radicals"":0.0,""planar_aromatic_rings"":0.0,""planar_double_bonds"":0.0,""reference_file_loads"":0.0,""sanitisation"":0.0,""tetrahedral_chirality"":0.0}",94,110.90632182001809,1.7697323550051929,2.414529266362834,90.0,95.74468085106383,0.9965540459251289,0.02127659574468085,88.61521173281716,0.011543684925305569,0.9555555555555556,31.0,32.97872340425532,0.9246916365317653,0.11702127659574468,23.935895786531795,0.054096876414667275,0.22580645161290322,2.0,2.127659574468085,0.999673426004892,0.5106382978723404,1.999547323548817,0.5002263467632413,0.0,1.0,1.0638297872340425,0.0,1.0,1.0,1.0,0.0,94,0.21932513780121354,197.87856284955546,30.869323979848993,29.82499754223275,0.31081876406429876,1.9174907077865715,0.0,1.0,1.0,1.0,0.3429376214554545,1.9470817217424536,0.0,1.0,1.0,1.0,1000,0,0,0,0,0,111,0,0,0,0,94,111,111,core
3pxf_3pxf_conf0,generation,qwen_4b_bigdata_step110000,fixed,4b_bigdata_step110000,qwen_4b_bigdata_step110000_fixed,Qwen 4B bigdata (step 110000),qwen_4b_bigdata_step110000_fixed,3,21,601,0.7,601,593,8,0.9866888519134775,1000,601,399,0.601,"{""all_atoms_connected"":0,""bond_angles"":28,""bond_lengths"":14,""bonds"":0,""double_bond_stereochemistry"":0,""energy_ratio"":73,""file_loads"":0,""inchi_convertible"":0,""internal_steric_clash"":386,""molecular_formula"":0,""no_radicals"":0,""planar_aromatic_rings"":7,""planar_double_bonds"":0,""reference_file_loads"":0,""sanitisation"":0,""tetrahedral_chirality"":0}","{""all_atoms_connected"":0.0,""bond_angles"":0.028,""bond_lengths"":0.014,""bonds"":0.0,""double_bond_stereochemistry"":0.0,""energy_ratio"":0.073,""file_loads"":0.0,""inchi_convertible"":0.0,""internal_steric_clash"":0.386,""molecular_formula"":0.0,""no_radicals"":0.0,""planar_aromatic_rings"":0.007,""planar_double_bonds"":0.0,""reference_file_loads"":0.0,""sanitisation"":0.0,""tetrahedral_chirality"":0.0}",601,94.06896247792459,0.9393864003757176,1.4440082957988605,62.0,10.316139767054908,0.8236886867418637,0.09484193011647254,29.948340129050386,0.04816985556518394,0.3870967741935484,8.0,1.3311148086522462,0.6596497337726044,0.4209650582362729,3.942058541634978,0.3005334979692747,0.0,2.0,0.33277870216306155,0.4631667375728377,0.9018302828618968,1.3785644695358548,0.8229351524497439,0.0,1.0,0.16638935108153077,0.0,1.0,1.0,1.0,0.0,601,73.79562522004252,1675.3625294696208,102.1584443332299,73.5789252273728,0.1622755279852291,0.8014561331907112,1.0,1.0,1.0,1.0,0.12622998120190193,0.7897256765757469,1.0,1.0,1.0,1.0,1000,0,0,0,0,0,1000,0,0,0,0,601,1000,1000,core
3pxf_3pxf_conf0,generation,qwen_4b_bigdata_step110000,dynamic,4b_bigdata_step110000,qwen_4b_bigdata_step110000_dynamic,Qwen 4B bigdata (step 110000),qwen_4b_bigdata_step110000_dynamic,3,21,22,0.7,22,22,0,1.0,46,22,24,0.4782608695652174,"{""all_atoms_connected"":0,""bond_angles"":1,""bond_lengths"":1,""bonds"":0,""double_bond_stereochemistry"":0,""energy_ratio"":4,""file_loads"":0,""inchi_convertible"":0,""internal_steric_clash"":24,""molecular_formula"":0,""no_radicals"":0,""planar_aromatic_rings"":0,""planar_double_bonds"":0,""reference_file_loads"":0,""sanitisation"":0,""tetrahedral_chirality"":0}","{""all_atoms_connected"":0.0,""bond_angles"":0.021739130434782608,""bond_lengths"":0.021739130434782608,""bonds"":0.0,""double_bond_stereochemistry"":0.0,""energy_ratio"":0.08695652173913043,""file_loads"":0.0,""inchi_convertible"":0.0,""internal_steric_clash"":0.5217391304347826,""molecular_formula"":0.0,""no_radicals"":0.0,""planar_aromatic_rings"":0.0,""planar_double_bonds"":0.0,""reference_file_loads"":0.0,""sanitisation"":0.0,""tetrahedral_chirality"":0.0}",22,89.83121794106307,0.957776505547358,1.6505726352975205,10.0,45.45454545454545,0.8839023433561368,0.2727272727272727,7.654244721203921,0.1611570247933884,0.6,3.0,13.636363636363637,0.782775952814142,0.6363636363636364,2.3630833747998654,0.4876033057851239,0.0,1.0,4.545454545454546,0.0,1.0,1.0,1.0,0.0,1.0,4.545454545454546,0.0,1.0,1.0,1.0,0.0,22,79.45562306570326,154.1326604447556,105.40284613327077,18.964244952267254,0.1622755279852291,0.6133802304296582,1.0,1.0,1.0,1.0,0.15351521806071655,0.6111599303147213,1.0,1.0,1.0,1.0,1000,0,0,0,0,0,46,0,0,0,0,22,46,46,core
3pxf_3pxf_conf0,generation,qwen_4b_bigdata_step110000,chembl_count,4b_bigdata_step110000,qwen_4b_bigdata_step110000_chembl_count,Qwen 4B bigdata (step 110000),qwen_4b_bigdata_step110000_chembl_count,3,21,6,0.7,6,6,0,1.0,7,6,1,0.8571428571428571,"{""all_atoms_connected"":0,""bond_angles"":0,""bond_lengths"":0,""bonds"":0,""double_bond_stereochemistry"":0,""energy_ratio"":0,""file_loads"":0,""inchi_convertible"":0,""internal_steric_clash"":1,""molecular_formula"":0,""no_radicals"":0,""planar_aromatic_rings"":0,""planar_double_bonds"":0,""reference_file_loads"":0,""sanitisation"":0,""tetrahedral_chirality"":0}","{""all_atoms_connected"":0.0,""bond_angles"":0.0,""bond_lengths"":0.0,""bonds"":0.0,""double_bond_stereochemistry"":0.0,""energy_ratio"":0.0,""file_loads"":0.0,""inchi_convertible"":0.0,""internal_steric_clash"":0.14285714285714285,""molecular_formula"":0.0,""no_radicals"":0.0,""planar_aromatic_rings"":0.0,""planar_double_bonds"":0.0,""reference_file_loads"":0.0,""sanitisation"":0.0,""tetrahedral_chirality"":0.0}",6,96.80366779821564,0.9146714793036789,1.257659147179803,5.0,83.33333333333333,0.9697238998682473,0.3333333333333333,4.762203155904597,0.22222222222222227,0.8,2.0,33.333333333333336,1.0,0.5,2.0,0.5,0.0,1.0,16.666666666666668,0.0,1.0,1.0,1.0,0.0,1.0,16.666666666666668,0.0,1.0,1.0,1.0,0.0,6,82.41508772596234,102.30545022226087,93.24671570417603,7.001622923620459,0.17339032796499004,0.6205500728442228,1.0,1.0,1.0,1.0,0.20931848782480406,0.6225566949194112,1.0,1.0,1.0,1.0,1000,0,0,0,0,0,7,0,0,0,0,6,7,7,core
3qqs_3qqs_conf0,generation,qwen_4b_bigdata_step110000,fixed,4b_bigdata_step110000,qwen_4b_bigdata_step110000_fixed,Qwen 4B bigdata (step 110000),qwen_4b_bigdata_step110000_fixed,4,19,864,0.7,864,862,2,0.9976851851851852,1000,864,136,0.864,"{""all_atoms_connected"":0,""bond_angles"":10,""bond_lengths"":10,""bonds"":0,""double_bond_stereochemistry"":0,""energy_ratio"":13,""file_loads"":0,""inchi_convertible"":0,""internal_steric_clash"":129,""molecular_formula"":0,""no_radicals"":0,""planar_aromatic_rings"":1,""planar_double_bonds"":0,""reference_file_loads"":0,""sanitisation"":0,""tetrahedral_chirality"":0}","{""all_atoms_connected"":0.0,""bond_angles"":0.01,""bond_lengths"":0.01,""bonds"":0.0,""double_bond_stereochemistry"":0.0,""energy_ratio"":0.013,""file_loads"":0.0,""inchi_convertible"":0.0,""internal_steric_clash"":0.129,""molecular_formula"":0.0,""no_radicals"":0.0,""planar_aromatic_rings"":0.001,""planar_double_bonds"":0.0,""reference_file_loads"":0.0,""sanitisation"":0.0,""tetrahedral_chirality"":0.0}",864,91.3080564115581,1.4926348006237056,2.302559099714348,93.0,10.76388888888889,0.8888337091747751,0.05555555555555555,56.18934901896538,0.023834019204389576,0.22580645161290322,11.0,1.2731481481481481,0.9144061135137548,0.19675925925925927,8.95892370007972,0.13001275291495198,0.0,2.0,0.23148148148148148,0.9990102708804813,0.5185185185185185,1.9986284146293172,0.5006858710562414,0.0,1.0,0.11574074074074074,0.0,1.0,1.0,1.0,0.0,864,112.20379047696444,329.87024313586534,139.1175157360006,21.956944733820862,0.15929057498038088,1.2854288894282972,1.0,1.0,1.0,1.0,0.10618119452662746,1.3010333399262883,1.0,1.0,1.0,1.0,1000,0,0,0,0,0,1000,0,0,0,0,864,1000,1000,core
3qqs_3qqs_conf0,generation,qwen_4b_bigdata_step110000,dynamic,4b_bigdata_step110000,qwen_4b_bigdata_step110000_dynamic,Qwen 4B bigdata (step 110000),qwen_4b_bigdata_step110000_dynamic,4,19,55,0.7,55,55,0,1.0,68,55,13,0.8088235294117647,"{""all_atoms_connected"":0,""bond_angles"":0,""bond_lengths"":1,""bonds"":0,""double_bond_stereochemistry"":0,""energy_ratio"":0,""file_loads"":0,""inchi_convertible"":0,""internal_steric_clash"":12,""molecular_formula"":0,""no_radicals"":0,""planar_aromatic_rings"":0,""planar_double_bonds"":0,""reference_file_loads"":0,""sanitisation"":0,""tetrahedral_chirality"":0}","{""all_atoms_connected"":0.0,""bond_angles"":0.0,""bond_lengths"":0.014705882352941176,""bonds"":0.0,""double_bond_stereochemistry"":0.0,""energy_ratio"":0.0,""file_loads"":0.0,""inchi_convertible"":0.0,""internal_steric_clash"":0.17647058823529413,""molecular_formula"":0.0,""no_radicals"":0.0,""planar_aromatic_rings"":0.0,""planar_double_bonds"":0.0,""reference_file_loads"":0.0,""sanitisation"":0.0,""tetrahedral_chirality"":0.0}",55,83.1624300264055,1.4780268652678115,2.302327849345326,22.0,40.0,0.8810524784209582,0.23636363636363636,15.231575587355598,0.09619834710743799,0.5,8.0,14.545454545454545,0.8586333436195753,0.34545454545454546,5.962428376373209,0.20925619834710743,0.0,2.0,3.6363636363636362,0.980597440991727,0.5818181818181818,1.9732824047434232,0.5133884297520661,0.0,1.0,1.8181818181818181,0.0,1.0,1.0,1.0,0.0,55,115.51721733986642,217.98004768740617,139.0760833210926,21.385527202788765,0.3307372058171036,1.2696593718719815,0.0,1.0,1.0,1.0,0.22860891744344827,1.3101108502253558,1.0,1.0,1.0,1.0,1000,0,0,0,0,0,68,0,0,0,0,55,68,68,core
3qqs_3qqs_conf0,generation,qwen_4b_bigdata_step110000,chembl_count,4b_bigdata_step110000,qwen_4b_bigdata_step110000_chembl_count,Qwen 4B bigdata (step 110000),qwen_4b_bigdata_step110000_chembl_count,4,19,6,0.7,6,6,0,1.0,7,6,1,0.8571428571428571,"{""all_atoms_connected"":0,""bond_angles"":0,""bond_lengths"":0,""bonds"":0,""double_bond_stereochemistry"":0,""energy_ratio"":0,""file_loads"":0,""inchi_convertible"":0,""internal_steric_clash"":1,""molecular_formula"":0,""no_radicals"":0,""planar_aromatic_rings"":0,""planar_double_bonds"":0,""reference_file_loads"":0,""sanitisation"":0,""tetrahedral_chirality"":0}","{""all_atoms_connected"":0.0,""bond_angles"":0.0,""bond_lengths"":0.0,""bonds"":0.0,""double_bond_stereochemistry"":0.0,""energy_ratio"":0.0,""file_loads"":0.0,""inchi_convertible"":0.0,""internal_steric_clash"":0.14285714285714285,""molecular_formula"":0.0,""no_radicals"":0.0,""planar_aromatic_rings"":0.0,""planar_double_bonds"":0.0,""reference_file_loads"":0.0,""sanitisation"":0.0,""tetrahedral_chirality"":0.0}",6,85.01904040527822,1.2661529914766956,2.118840411525068,5.0,83.33333333333333,0.9697238998682473,0.3333333333333333,4.762203155904597,0.22222222222222227,0.8,3.0,50.0,0.7896900821428474,0.6666666666666666,2.381101577952299,0.5,0.6666666666666666,1.0,16.666666666666668,0.0,1.0,1.0,1.0,0.0,1.0,16.666666666666668,0.0,1.0,1.0,1.0,0.0,6,119.41661462441519,156.10397876097767,133.13135072058623,11.173842338566587,1.0310010468673159,2.1320655610846835,0.0,0.0,0.0,1.0,0.9554956173437855,2.1968606982780767,0.0,0.0,0.0,1.0,1000,0,0,0,0,0,7,0,0,0,0,6,7,7,core
3rlr_3rlr_conf0,generation,qwen_4b_bigdata_step110000,fixed,4b_bigdata_step110000,qwen_4b_bigdata_step110000_fixed,Qwen 4B bigdata (step 110000),qwen_4b_bigdata_step110000_fixed,2,23,952,0.7,952,951,1,0.9989495798319328,1000,952,48,0.952,"{""all_atoms_connected"":0,""bond_angles"":13,""bond_lengths"":9,""bonds"":0,""double_bond_stereochemistry"":0,""energy_ratio"":4,""file_loads"":0,""inchi_convertible"":0,""internal_steric_clash"":42,""molecular_formula"":0,""no_radicals"":0,""planar_aromatic_rings"":2,""planar_double_bonds"":0,""reference_file_loads"":0,""sanitisation"":0,""tetrahedral_chirality"":0}","{""all_atoms_connected"":0.0,""bond_angles"":0.013,""bond_lengths"":0.009,""bonds"":0.0,""double_bond_stereochemistry"":0.0,""energy_ratio"":0.004,""file_loads"":0.0,""inchi_convertible"":0.0,""internal_steric_clash"":0.042,""molecular_formula"":0.0,""no_radicals"":0.0,""planar_aromatic_rings"":0.002,""planar_double_bonds"":0.0,""reference_file_loads"":0.0,""sanitisation"":0.0,""tetrahedral_chirality"":0.0}",952,89.24201044837866,1.3208207037015274,2.1658453055613536,22.0,2.310924369747899,0.8128388352445892,0.18382352941176472,12.335969538239356,0.10149353859190734,0.09090909090909091,4.0,0.42016806722689076,0.942955362142702,0.3487394957983193,3.6958615783249362,0.2882322046465645,0.0,2.0,0.21008403361344538,0.9969383084070854,0.532563025210084,1.9957600947701195,0.5021207012216652,0.0,1.0,0.10504201680672269,0.0,1.0,1.0,1.0,0.0,952,55.86015110216644,26010.76073410486,70.98271386118037,840.2796955963471,0.13926815938442258,1.7764383119948342,1.0,1.0,1.0,1.0,0.15424666319563315,1.7911752838928283,1.0,1.0,1.0,1.0,1000,0,0,0,0,0,1000,0,0,0,0,952,1000,1000,core
3rlr_3rlr_conf0,generation,qwen_4b_bigdata_step110000,dynamic,4b_bigdata_step110000,qwen_4b_bigdata_step110000_dynamic,Qwen 4B bigdata (step 110000),qwen_4b_bigdata_step110000_dynamic,2,23,23,0.7,23,23,0,1.0,24,23,1,0.9583333333333334,"{""all_atoms_connected"":0,""bond_angles"":0,""bond_lengths"":0,""bonds"":0,""double_bond_stereochemistry"":0,""energy_ratio"":0,""file_loads"":0,""inchi_convertible"":0,""internal_steric_clash"":1,""molecular_formula"":0,""no_radicals"":0,""planar_aromatic_rings"":0,""planar_double_bonds"":0,""reference_file_loads"":0,""sanitisation"":0,""tetrahedral_chirality"":0}","{""all_atoms_connected"":0.0,""bond_angles"":0.0,""bond_lengths"":0.0,""bonds"":0.0,""double_bond_stereochemistry"":0.0,""energy_ratio"":0.0,""file_loads"":0.0,""inchi_convertible"":0.0,""internal_steric_clash"":0.041666666666666664,""molecular_formula"":0.0,""no_radicals"":0.0,""planar_aromatic_rings"":0.0,""planar_double_bonds"":0.0,""reference_file_loads"":0.0,""sanitisation"":0.0,""tetrahedral_chirality"":0.0}",23,90.58181298363735,1.3467560047673355,2.145904440486169,7.0,30.434782608695652,0.9495688962119807,0.21739130434782608,6.345689429315674,0.16824196597353494,0.14285714285714285,3.0,13.043478260869565,0.9526230661652663,0.4782608695652174,2.8478473894753185,0.3686200378071834,0.0,2.0,8.695652173913043,0.5586293734521992,0.8695652173913043,1.4728692589432666,0.7731568998109641,0.0,1.0,4.3478260869565215,0.0,1.0,1.0,1.0,0.0,23,60.800454778710446,95.26059548930746,76.01951587684286,9.451481341426472,0.3806688903393919,1.9635143327303675,0.0,1.0,1.0,1.0,0.41765084976857964,1.9773095369163605,0.0,1.0,1.0,1.0,1000,0,0,0,0,0,24,0,0,0,0,23,24,24,core
3rlr_3rlr_conf0,generation,qwen_4b_bigdata_step110000,chembl_count,4b_bigdata_step110000,qwen_4b_bigdata_step110000_chembl_count,Qwen 4B bigdata (step 110000),qwen_4b_bigdata_step110000_chembl_count,2,23,9,0.7,9,9,0,1.0,9,9,0,1.0,"{""all_atoms_connected"":0,""bond_angles"":0,""bond_lengths"":0,""bonds"":0,""double_bond_stereochemistry"":0,""energy_ratio"":0,""file_loads"":0,""inchi_convertible"":0,""internal_steric_clash"":0,""molecular_formula"":0,""no_radicals"":0,""planar_aromatic_rings"":0,""planar_double_bonds"":0,""reference_file_loads"":0,""sanitisation"":0,""tetrahedral_chirality"":0}","{""all_atoms_connected"":0.0,""bond_angles"":0.0,""bond_lengths"":0.0,""bonds"":0.0,""double_bond_stereochemistry"":0.0,""energy_ratio"":0.0,""file_loads"":0.0,""inchi_convertible"":0.0,""internal_steric_clash"":0.0,""molecular_formula"":0.0,""no_radicals"":0.0,""planar_aromatic_rings"":0.0,""planar_double_bonds"":0.0,""reference_file_loads"":0.0,""sanitisation"":0.0,""tetrahedral_chirality"":0.0}",9,86.59055672091431,1.3536526367601334,2.1709747595812545,6.0,66.66666666666667,0.9359446974458661,0.3333333333333333,5.349418023423784,0.20987654320987653,0.6666666666666666,3.0,33.333333333333336,0.8527924884900404,0.5555555555555556,2.552027924280892,0.4320987654320988,0.3333333333333333,2.0,22.22222222222222,0.9910760598382222,0.5555555555555556,1.9876669750024174,0.5061728395061729,0.0,1.0,11.11111111111111,0.0,1.0,1.0,1.0,0.0,9,63.33719921302848,102.27556627973259,76.1767576812106,10.97164891597958,0.5442748490603334,1.9070153897354636,0.0,0.0,1.0,1.0,0.4970841890807582,1.9245288614187241,0.0,1.0,1.0,1.0,1000,0,0,0,0,0,9,0,0,0,0,9,9,9,core
3rsx_3rsx_conf0,generation,qwen_4b_bigdata_step110000,fixed,4b_bigdata_step110000,qwen_4b_bigdata_step110000_fixed,Qwen 4B bigdata (step 110000),qwen_4b_bigdata_step110000_fixed,2,16,999,0.7,999,999,0,1.0,1000,999,1,0.999,"{""all_atoms_connected"":0,""bond_angles"":0,""bond_lengths"":1,""bonds"":0,""double_bond_stereochemistry"":0,""energy_ratio"":0,""file_loads"":0,""inchi_convertible"":0,""internal_steric_clash"":0,""molecular_formula"":0,""no_radicals"":0,""planar_aromatic_rings"":0,""planar_double_bonds"":0,""reference_file_loads"":0,""sanitisation"":0,""tetrahedral_chirality"":0}","{""all_atoms_connected"":0.0,""bond_angles"":0.0,""bond_lengths"":0.001,""bonds"":0.0,""double_bond_stereochemistry"":0.0,""energy_ratio"":0.0,""file_loads"":0.0,""inchi_convertible"":0.0,""internal_steric_clash"":0.0,""molecular_formula"":0.0,""no_radicals"":0.0,""planar_aromatic_rings"":0.0,""planar_double_bonds"":0.0,""reference_file_loads"":0.0,""sanitisation"":0.0,""tetrahedral_chirality"":0.0}",999,116.66531630656385,0.6291528241199387,1.0099567880264713,6.0,0.6006006006006006,0.7114353452827633,0.45045045045045046,3.5777031512628454,0.3217381545709875,0.16666666666666666,2.0,0.2002002002002002,0.9969440438374185,0.5325325325325325,1.9957680289248878,0.5021167313459606,0.0,1.0,0.1001001001001001,0.0,1.0,1.0,1.0,0.0,1.0,0.1001001001001001,0.0,1.0,1.0,1.0,0.0,999,36.39923767384218,145.1667523146466,47.52278018120542,10.002019120479734,0.07350473812287484,0.576650558621589,1.0,1.0,1.0,1.0,0.062455128569995126,0.5301970471940411,1.0,1.0,1.0,1.0,1000,0,0,0,0,0,1000,0,0,0,0,999,1000,1000,core
3rsx_3rsx_conf0,generation,qwen_4b_bigdata_step110000,dynamic,4b_bigdata_step110000,qwen_4b_bigdata_step110000_dynamic,Qwen 4B bigdata (step 110000),qwen_4b_bigdata_step110000_dynamic,2,16,24,0.7,24,24,0,1.0,24,24,0,1.0,"{""all_atoms_connected"":0,""bond_angles"":0,""bond_lengths"":0,""bonds"":0,""double_bond_stereochemistry"":0,""energy_ratio"":0,""file_loads"":0,""inchi_convertible"":0,""internal_steric_clash"":0,""molecular_formula"":0,""no_radicals"":0,""planar_aromatic_rings"":0,""planar_double_bonds"":0,""reference_file_loads"":0,""sanitisation"":0,""tetrahedral_chirality"":0}","{""all_atoms_connected"":0.0,""bond_angles"":0.0,""bond_lengths"":0.0,""bonds"":0.0,""double_bond_stereochemistry"":0.0,""energy_ratio"":0.0,""file_loads"":0.0,""inchi_convertible"":0.0,""internal_steric_clash"":0.0,""molecular_formula"":0.0,""no_radicals"":0.0,""planar_aromatic_rings"":0.0,""planar_double_bonds"":0.0,""reference_file_loads"":0.0,""sanitisation"":0.0,""tetrahedral_chirality"":0.0}",24,117.49227060847214,0.6353559848185794,1.009417148659157,3.0,12.5,0.754857573379366,0.5416666666666666,2.2917043681573275,0.46874999999999994,0.3333333333333333,2.0,8.333333333333334,0.99498482818597,0.5416666666666666,1.9930595659329764,0.5034722222222221,0.0,1.0,4.166666666666667,0.0,1.0,1.0,1.0,0.0,1.0,4.166666666666667,0.0,1.0,1.0,1.0,0.0,24,40.22279848066103,130.73478103334827,51.91970741043077,17.454153403921033,0.12616056468858325,0.5160525209441502,1.0,1.0,1.0,1.0,0.0878226524346592,0.5116959681791652,1.0,1.0,1.0,1.0,1000,0,0,0,0,0,24,0,0,0,0,24,24,24,core
3rsx_3rsx_conf0,generation,qwen_4b_bigdata_step110000,chembl_count,4b_bigdata_step110000,qwen_4b_bigdata_step110000_chembl_count,Qwen 4B bigdata (step 110000),qwen_4b_bigdata_step110000_chembl_count,2,16,4,0.7,4,4,0,1.0,4,4,0,1.0,"{""all_atoms_connected"":0,""bond_angles"":0,""bond_lengths"":0,""bonds"":0,""double_bond_stereochemistry"":0,""energy_ratio"":0,""file_loads"":0,""inchi_convertible"":0,""internal_steric_clash"":0,""molecular_formula"":0,""no_radicals"":0,""planar_aromatic_rings"":0,""planar_double_bonds"":0,""reference_file_loads"":0,""sanitisation"":0,""tetrahedral_chirality"":0}","{""all_atoms_connected"":0.0,""bond_angles"":0.0,""bond_lengths"":0.0,""bonds"":0.0,""double_bond_stereochemistry"":0.0,""energy_ratio"":0.0,""file_loads"":0.0,""inchi_convertible"":0.0,""internal_steric_clash"":0.0,""molecular_formula"":0.0,""no_radicals"":0.0,""planar_aromatic_rings"":0.0,""planar_double_bonds"":0.0,""reference_file_loads"":0.0,""sanitisation"":0.0,""tetrahedral_chirality"":0.0}",4,37.1374782462248,0.42094643177820085,0.6630927723054871,2.0,50.0,0.8112781244591328,0.75,1.7547653506033232,0.625,0.5,1.0,25.0,0.0,1.0,1.0,1.0,0.0,1.0,25.0,0.0,1.0,1.0,1.0,0.0,1.0,25.0,0.0,1.0,1.0,1.0,0.0,4,39.26496162328411,49.74822624262713,41.36075382703066,4.026627056916667,0.14567650591549158,0.3508151357285219,1.0,1.0,1.0,1.0,0.15137773535704502,0.36155985502748866,1.0,1.0,1.0,1.0,1000,0,0,0,0,0,4,0,0,0,0,4,4,4,core
3ryj_3ryj_conf0,generation,qwen_4b_bigdata_step110000,fixed,4b_bigdata_step110000,qwen_4b_bigdata_step110000_fixed,Qwen 4B bigdata (step 110000),qwen_4b_bigdata_step110000_fixed,4,18,971,0.7,971,970,1,0.9989701338825953,999,971,28,0.971971971971972,"{""all_atoms_connected"":0,""bond_angles"":19,""bond_lengths"":3,""bonds"":0,""double_bond_stereochemistry"":0,""energy_ratio"":4,""file_loads"":0,""inchi_convertible"":0,""internal_steric_clash"":12,""molecular_formula"":0,""no_radicals"":0,""planar_aromatic_rings"":1,""planar_double_bonds"":0,""reference_file_loads"":0,""sanitisation"":0,""tetrahedral_chirality"":0}","{""all_atoms_connected"":0.0,""bond_angles"":0.01901901901901902,""bond_lengths"":0.003003003003003003,""bonds"":0.0,""double_bond_stereochemistry"":0.0,""energy_ratio"":0.004004004004004004,""file_loads"":0.0,""inchi_convertible"":0.0,""internal_steric_clash"":0.012012012012012012,""molecular_formula"":0.0,""no_radicals"":0.0,""planar_aromatic_rings"":0.001001001001001001,""planar_double_bonds"":0.0,""reference_file_loads"":0.0,""sanitisation"":0.0,""tetrahedral_chirality"":0.0}",971,122.31761912148299,0.9571315664782142,1.2117035480701919,103.0,10.607621009268795,0.8012551811509415,0.12873326467559218,41.001170498858926,0.04344634991477884,0.36893203883495146,7.0,0.7209062821833162,0.9285948896042568,0.25231719876416064,6.091913402889746,0.17629165469045152,0.0,1.0,0.10298661174047374,0.0,1.0,1.0,1.0,0.0,1.0,0.10298661174047374,0.0,1.0,1.0,1.0,0.0,971,33.995752999622596,674.8907372686705,53.610254174536934,28.491127834722604,0.16976007595313253,1.0319734216351977,1.0,1.0,1.0,1.0,0.2755545371323293,0.9907203273648976,0.0,1.0,1.0,1.0,999,0,0,0,0,0,999,0,0,0,0,971,1000,1000,core
3ryj_3ryj_conf0,generation,qwen_4b_bigdata_step110000,dynamic,4b_bigdata_step110000,qwen_4b_bigdata_step110000_dynamic,Qwen 4B bigdata (step 110000),qwen_4b_bigdata_step110000_dynamic,4,18,67,0.7,67,67,0,1.0,68,67,1,0.9852941176470588,"{""all_atoms_connected"":0,""bond_angles"":1,""bond_lengths"":0,""bonds"":0,""double_bond_stereochemistry"":0,""energy_ratio"":1,""file_loads"":0,""inchi_convertible"":0,""internal_steric_clash"":1,""molecular_formula"":0,""no_radicals"":0,""planar_aromatic_rings"":0,""planar_double_bonds"":0,""reference_file_loads"":0,""sanitisation"":0,""tetrahedral_chirality"":0}","{""all_atoms_connected"":0.0,""bond_angles"":0.014705882352941176,""bond_lengths"":0.0,""bonds"":0.0,""double_bond_stereochemistry"":0.0,""energy_ratio"":0.014705882352941176,""file_loads"":0.0,""inchi_convertible"":0.0,""internal_steric_clash"":0.014705882352941176,""molecular_formula"":0.0,""no_radicals"":0.0,""planar_aromatic_rings"":0.0,""planar_double_bonds"":0.0,""reference_file_loads"":0.0,""sanitisation"":0.0,""tetrahedral_chirality"":0.0}",67,117.61373851631943,0.9497908269044392,1.2100924988534776,28.0,41.791044776119406,0.879563119475646,0.16417910447761194,18.744196672358537,0.0790822009356204,0.5357142857142857,4.0,5.970149253731344,0.9154607437231763,0.3582089552238806,3.5576423592993835,0.2987302294497661,0.0,1.0,1.492537313432836,0.0,1.0,1.0,1.0,0.0,1.0,1.492537313432836,0.0,1.0,1.0,1.0,0.0,67,36.168824896783526,210.1288210145996,53.78496817694918,28.42208028404001,0.2344062007930744,1.0267358504073094,1.0,1.0,1.0,1.0,0.37215591602675563,0.9618308320958346,0.0,1.0,1.0,1.0,999,0,0,0,0,0,68,0,0,0,0,67,68,68,core
3ryj_3ryj_conf0,generation,qwen_4b_bigdata_step110000,chembl_count,4b_bigdata_step110000,qwen_4b_bigdata_step110000_chembl_count,Qwen 4B bigdata (step 110000),qwen_4b_bigdata_step110000_chembl_count,4,18,79,0.7,79,78,1,0.9873417721518988,81,79,2,0.9753086419753086,"{""all_atoms_connected"":0,""bond_angles"":1,""bond_lengths"":0,""bonds"":0,""double_bond_stereochemistry"":0,""energy_ratio"":0,""file_loads"":0,""inchi_convertible"":0,""internal_steric_clash"":1,""molecular_formula"":0,""no_radicals"":0,""planar_aromatic_rings"":0,""planar_double_bonds"":0,""reference_file_loads"":0,""sanitisation"":0,""tetrahedral_chirality"":0}","{""all_atoms_connected"":0.0,""bond_angles"":0.012345679012345678,""bond_lengths"":0.0,""bonds"":0.0,""double_bond_stereochemistry"":0.0,""energy_ratio"":0.0,""file_loads"":0.0,""inchi_convertible"":0.0,""internal_steric_clash"":0.012345679012345678,""molecular_formula"":0.0,""no_radicals"":0.0,""planar_aromatic_rings"":0.0,""planar_double_bonds"":0.0,""reference_file_loads"":0.0,""sanitisation"":0.0,""tetrahedral_chirality"":0.0}",79,121.49338208511142,0.9775347341084601,1.2323390438306794,34.0,43.037974683544306,0.9136500448328679,0.1518987341772152,25.074702049697834,0.05527960262778401,0.47058823529411764,5.0,6.329113924050633,0.7540289995241104,0.43037974683544306,3.365453955025567,0.33920846018266304,0.0,1.0,1.2658227848101267,0.0,1.0,1.0,1.0,0.0,1.0,1.2658227848101267,0.0,1.0,1.0,1.0,0.0,79,36.863050302600236,674.8907372686705,55.45426417645382,71.28309753816714,0.16976007595313253,0.9982236188096502,1.0,1.0,1.0,1.0,0.29872588113531356,0.9952916925970157,0.0,1.0,1.0,1.0,999,0,0,0,0,0,81,0,0,0,0,79,81,81,core
3syr_3syr_conf0,generation,qwen_4b_bigdata_step110000,fixed,4b_bigdata_step110000,qwen_4b_bigdata_step110000_fixed,Qwen 4B bigdata (step 110000),qwen_4b_bigdata_step110000_fixed,6,20,0,0.7,0,0,0,,1000,0,1000,0.0,"{""all_atoms_connected"":0,""bond_angles"":28,""bond_lengths"":6,""bonds"":0,""double_bond_stereochemistry"":0,""energy_ratio"":13,""file_loads"":0,""inchi_convertible"":0,""internal_steric_clash"":56,""molecular_formula"":0,""no_radicals"":0,""planar_aromatic_rings"":0,""planar_double_bonds"":0,""reference_file_loads"":0,""sanitisation"":0,""tetrahedral_chirality"":1000}","{""all_atoms_connected"":0.0,""bond_angles"":0.028,""bond_lengths"":0.006,""bonds"":0.0,""double_bond_stereochemistry"":0.0,""energy_ratio"":0.013,""file_loads"":0.0,""inchi_convertible"":0.0,""internal_steric_clash"":0.056,""molecular_formula"":0.0,""no_radicals"":0.0,""planar_aromatic_rings"":0.0,""planar_double_bonds"":0.0,""reference_file_loads"":0.0,""sanitisation"":0.0,""tetrahedral_chirality"":1.0}",0,,,,,,,,,,,,,,,,,,,,,,,,,,,,,,,,0,,,,,,,,,,,,,,,,,1000,0,0,0,0,0,1000,0,0,0,0,0,1000,1000,core
3syr_3syr_conf0,generation,qwen_4b_bigdata_step110000,dynamic,4b_bigdata_step110000,qwen_4b_bigdata_step110000_dynamic,Qwen 4B bigdata (step 110000),qwen_4b_bigdata_step110000_dynamic,6,20,0,0.7,0,0,0,,112,0,112,0.0,"{""all_atoms_connected"":0,""bond_angles"":5,""bond_lengths"":0,""bonds"":0,""double_bond_stereochemistry"":0,""energy_ratio"":3,""file_loads"":0,""inchi_convertible"":0,""internal_steric_clash"":8,""molecular_formula"":0,""no_radicals"":0,""planar_aromatic_rings"":0,""planar_double_bonds"":0,""reference_file_loads"":0,""sanitisation"":0,""tetrahedral_chirality"":112}","{""all_atoms_connected"":0.0,""bond_angles"":0.044642857142857144,""bond_lengths"":0.0,""bonds"":0.0,""double_bond_stereochemistry"":0.0,""energy_ratio"":0.026785714285714284,""file_loads"":0.0,""inchi_convertible"":0.0,""internal_steric_clash"":0.07142857142857142,""molecular_formula"":0.0,""no_radicals"":0.0,""planar_aromatic_rings"":0.0,""planar_double_bonds"":0.0,""reference_file_loads"":0.0,""sanitisation"":0.0,""tetrahedral_chirality"":1.0}",0,,,,,,,,,,,,,,,,,,,,,,,,,,,,,,,,0,,,,,,,,,,,,,,,,,1000,0,0,0,0,0,112,0,0,0,0,0,112,112,core
3syr_3syr_conf0,generation,qwen_4b_bigdata_step110000,chembl_count,4b_bigdata_step110000,qwen_4b_bigdata_step110000_chembl_count,Qwen 4B bigdata (step 110000),qwen_4b_bigdata_step110000_chembl_count,6,20,0,0.7,0,0,0,,1000,0,1000,0.0,"{""all_atoms_connected"":0,""bond_angles"":28,""bond_lengths"":6,""bonds"":0,""double_bond_stereochemistry"":0,""energy_ratio"":13,""file_loads"":0,""inchi_convertible"":0,""internal_steric_clash"":56,""molecular_formula"":0,""no_radicals"":0,""planar_aromatic_rings"":0,""planar_double_bonds"":0,""reference_file_loads"":0,""sanitisation"":0,""tetrahedral_chirality"":1000}","{""all_atoms_connected"":0.0,""bond_angles"":0.028,""bond_lengths"":0.006,""bonds"":0.0,""double_bond_stereochemistry"":0.0,""energy_ratio"":0.013,""file_loads"":0.0,""inchi_convertible"":0.0,""internal_steric_clash"":0.056,""molecular_formula"":0.0,""no_radicals"":0.0,""planar_aromatic_rings"":0.0,""planar_double_bonds"":0.0,""reference_file_loads"":0.0,""sanitisation"":0.0,""tetrahedral_chirality"":1.0}",0,,,,,,,,,,,,,,,,,,,,,,,,,,,,,,,,0,,,,,,,,,,,,,,,,,1000,0,0,0,0,0,1000,0,0,0,0,0,1344,1344,core
3twp_3twp_conf0,generation,qwen_4b_bigdata_step110000,fixed,4b_bigdata_step110000,qwen_4b_bigdata_step110000_fixed,Qwen 4B bigdata (step 110000),qwen_4b_bigdata_step110000_fixed,2,10,999,0.7,999,999,0,1.0,1000,999,1,0.999,"{""all_atoms_connected"":0,""bond_angles"":0,""bond_lengths"":1,""bonds"":0,""double_bond_stereochemistry"":0,""energy_ratio"":0,""file_loads"":0,""inchi_convertible"":0,""internal_steric_clash"":0,""molecular_formula"":0,""no_radicals"":0,""planar_aromatic_rings"":1,""planar_double_bonds"":0,""reference_file_loads"":0,""sanitisation"":0,""tetrahedral_chirality"":0}","{""all_atoms_connected"":0.0,""bond_angles"":0.0,""bond_lengths"":0.001,""bonds"":0.0,""double_bond_stereochemistry"":0.0,""energy_ratio"":0.0,""file_loads"":0.0,""inchi_convertible"":0.0,""internal_steric_clash"":0.0,""molecular_formula"":0.0,""no_radicals"":0.0,""planar_aromatic_rings"":0.001,""planar_double_bonds"":0.0,""reference_file_loads"":0.0,""sanitisation"":0.0,""tetrahedral_chirality"":0.0}",999,102.05845548852616,0.3223313487081541,0.5790159477115604,2.0,0.2002002002002002,0.7695944821271462,0.7747747747747747,1.7047905275755864,0.6510023537050564,0.0,1.0,0.1001001001001001,0.0,1.0,1.0,1.0,0.0,1.0,0.1001001001001001,0.0,1.0,1.0,1.0,0.0,1.0,0.1001001001001001,0.0,1.0,1.0,1.0,0.0,999,21.25219652745872,328.39750101452637,29.924991165981734,12.088802280911189,0.08079196342861067,0.23236530603265065,1.0,1.0,1.0,1.0,0.05750234370672937,0.2121089903808571,1.0,1.0,1.0,1.0,1000,0,0,0,0,0,1000,0,0,0,0,999,1000,1000,core
3twp_3twp_conf0,generation,qwen_4b_bigdata_step110000,dynamic,4b_bigdata_step110000,qwen_4b_bigdata_step110000_dynamic,Qwen 4B bigdata (step 110000),qwen_4b_bigdata_step110000_dynamic,2,10,24,0.7,24,24,0,1.0,24,24,0,1.0,"{""all_atoms_connected"":0,""bond_angles"":0,""bond_lengths"":0,""bonds"":0,""double_bond_stereochemistry"":0,""energy_ratio"":0,""file_loads"":0,""inchi_convertible"":0,""internal_steric_clash"":0,""molecular_formula"":0,""no_radicals"":0,""planar_aromatic_rings"":0,""planar_double_bonds"":0,""reference_file_loads"":0,""sanitisation"":0,""tetrahedral_chirality"":0}","{""all_atoms_connected"":0.0,""bond_angles"":0.0,""bond_lengths"":0.0,""bonds"":0.0,""double_bond_stereochemistry"":0.0,""energy_ratio"":0.0,""file_loads"":0.0,""inchi_convertible"":0.0,""internal_steric_clash"":0.0,""molecular_formula"":0.0,""no_radicals"":0.0,""planar_aromatic_rings"":0.0,""planar_double_bonds"":0.0,""reference_file_loads"":0.0,""sanitisation"":0.0,""tetrahedral_chirality"":0.0}",24,113.2608863642645,0.37417400758732894,0.6202771238647753,2.0,8.333333333333334,1.0,0.5,2.0,0.5,0.0,1.0,4.166666666666667,0.0,1.0,1.0,1.0,0.0,1.0,4.166666666666667,0.0,1.0,1.0,1.0,0.0,1.0,4.166666666666667,0.0,1.0,1.0,1.0,0.0,24,23.95850810127812,62.2197654611556,28.551230249771198,8.952272295211719,0.10848118877871385,0.337504348791102,1.0,1.0,1.0,1.0,0.07023303951557255,0.32564891367914844,1.0,1.0,1.0,1.0,1000,0,0,0,0,0,24,0,0,0,0,24,24,24,core
3twp_3twp_conf0,generation,qwen_4b_bigdata_step110000,chembl_count,4b_bigdata_step110000,qwen_4b_bigdata_step110000_chembl_count,Qwen 4B bigdata (step 110000),qwen_4b_bigdata_step110000_chembl_count,2,10,1,0.7,1,1,0,1.0,1,1,0,1.0,"{""all_atoms_connected"":0,""bond_angles"":0,""bond_lengths"":0,""bonds"":0,""double_bond_stereochemistry"":0,""energy_ratio"":0,""file_loads"":0,""inchi_convertible"":0,""internal_steric_clash"":0,""molecular_formula"":0,""no_radicals"":0,""planar_aromatic_rings"":0,""planar_double_bonds"":0,""reference_file_loads"":0,""sanitisation"":0,""tetrahedral_chirality"":0}","{""all_atoms_connected"":0.0,""bond_angles"":0.0,""bond_lengths"":0.0,""bonds"":0.0,""double_bond_stereochemistry"":0.0,""energy_ratio"":0.0,""file_loads"":0.0,""inchi_convertible"":0.0,""internal_steric_clash"":0.0,""molecular_formula"":0.0,""no_radicals"":0.0,""planar_aromatic_rings"":0.0,""planar_double_bonds"":0.0,""reference_file_loads"":0.0,""sanitisation"":0.0,""tetrahedral_chirality"":0.0}",1,0.0,,,1.0,100.0,0.0,1.0,1.0,1.0,1.0,1.0,100.0,0.0,1.0,1.0,1.0,1.0,1.0,100.0,0.0,1.0,1.0,1.0,1.0,1.0,100.0,0.0,1.0,1.0,1.0,1.0,1,29.58399120307564,29.58399120307564,29.58399120307564,0.0,0.17630644515418936,0.17630644515418936,1.0,1.0,1.0,1.0,0.18655958124870684,0.18655958124870684,1.0,1.0,1.0,1.0,1000,0,0,0,0,0,1,0,0,0,0,1,1,1,core
3u5j_3u5j_conf0,generation,qwen_4b_bigdata_step110000,fixed,4b_bigdata_step110000,qwen_4b_bigdata_step110000_fixed,Qwen 4B bigdata (step 110000),qwen_4b_bigdata_step110000_fixed,1,22,938,0.7,938,938,0,1.0,999,938,61,0.938938938938939,"{""all_atoms_connected"":0,""bond_angles"":21,""bond_lengths"":55,""bonds"":0,""double_bond_stereochemistry"":0,""energy_ratio"":2,""file_loads"":0,""inchi_convertible"":0,""internal_steric_clash"":10,""molecular_formula"":0,""no_radicals"":0,""planar_aromatic_rings"":1,""planar_double_bonds"":0,""reference_file_loads"":0,""sanitisation"":0,""tetrahedral_chirality"":0}","{""all_atoms_connected"":0.0,""bond_angles"":0.021021021021021023,""bond_lengths"":0.055055055055055056,""bonds"":0.0,""double_bond_stereochemistry"":0.0,""energy_ratio"":0.002002002002002002,""file_loads"":0.0,""inchi_convertible"":0.0,""internal_steric_clash"":0.01001001001001001,""molecular_formula"":0.0,""no_radicals"":0.0,""planar_aromatic_rings"":0.001001001001001001,""planar_double_bonds"":0.0,""reference_file_loads"":0.0,""sanitisation"":0.0,""tetrahedral_chirality"":0.0}",938,93.44302562329035,1.0249905788242228,1.7175478390926247,31.0,3.304904051172708,0.6427549588213046,0.2579957356076759,9.090339936199252,0.1521087829206087,0.3870967741935484,4.0,0.42643923240938164,0.6300046878150434,0.4914712153518124,2.394972973377934,0.4521597010379112,0.0,1.0,0.10660980810234541,0.0,1.0,1.0,1.0,0.0,1.0,0.10660980810234541,0.0,1.0,1.0,1.0,0.0,938,78.87945018701022,325.2389692861965,97.30161959554621,28.670984246674102,0.12762041148385628,1.0238110819359925,1.0,1.0,1.0,1.0,0.1780369902966399,1.0022701201059654,1.0,1.0,1.0,1.0,999,0,0,0,0,0,999,0,0,0,0,938,1000,1000,core
3u5j_3u5j_conf0,generation,qwen_4b_bigdata_step110000,dynamic,4b_bigdata_step110000,qwen_4b_bigdata_step110000_dynamic,Qwen 4B bigdata (step 110000),qwen_4b_bigdata_step110000_dynamic,1,22,2,0.7,2,2,0,1.0,2,2,0,1.0,"{""all_atoms_connected"":0,""bond_angles"":0,""bond_lengths"":0,""bonds"":0,""double_bond_stereochemistry"":0,""energy_ratio"":0,""file_loads"":0,""inchi_convertible"":0,""internal_steric_clash"":0,""molecular_formula"":0,""no_radicals"":0,""planar_aromatic_rings"":0,""planar_double_bonds"":0,""reference_file_loads"":0,""sanitisation"":0,""tetrahedral_chirality"":0}","{""all_atoms_connected"":0.0,""bond_angles"":0.0,""bond_lengths"":0.0,""bonds"":0.0,""double_bond_stereochemistry"":0.0,""energy_ratio"":0.0,""file_loads"":0.0,""inchi_convertible"":0.0,""internal_steric_clash"":0.0,""molecular_formula"":0.0,""no_radicals"":0.0,""planar_aromatic_rings"":0.0,""planar_double_bonds"":0.0,""reference_file_loads"":0.0,""sanitisation"":0.0,""tetrahedral_chirality"":0.0}",2,40.82765964733469,0.686439104305533,0.686439104305533,2.0,100.0,1.0,0.5,2.0,0.5,1.0,1.0,50.0,0.0,1.0,1.0,1.0,0.0,1.0,50.0,0.0,1.0,1.0,1.0,0.0,1.0,50.0,0.0,1.0,1.0,1.0,0.0,2,90.42038583242527,99.37810861986985,94.89924722614757,4.4788613937222905,0.3663396120413976,0.47187085730146283,0.0,1.0,1.0,1.0,0.3578592768177503,0.5084426007929521,0.0,1.0,1.0,1.0,999,0,0,0,0,0,2,0,0,0,0,2,2,2,core
3u5j_3u5j_conf0,generation,qwen_4b_bigdata_step110000,chembl_count,4b_bigdata_step110000,qwen_4b_bigdata_step110000_chembl_count,Qwen 4B bigdata (step 110000),qwen_4b_bigdata_step110000_chembl_count,1,22,2,0.7,2,2,0,1.0,2,2,0,1.0,"{""all_atoms_connected"":0,""bond_angles"":0,""bond_lengths"":0,""bonds"":0,""double_bond_stereochemistry"":0,""energy_ratio"":0,""file_loads"":0,""inchi_convertible"":0,""internal_steric_clash"":0,""molecular_formula"":0,""no_radicals"":0,""planar_aromatic_rings"":0,""planar_double_bonds"":0,""reference_file_loads"":0,""sanitisation"":0,""tetrahedral_chirality"":0}","{""all_atoms_connected"":0.0,""bond_angles"":0.0,""bond_lengths"":0.0,""bonds"":0.0,""double_bond_stereochemistry"":0.0,""energy_ratio"":0.0,""file_loads"":0.0,""inchi_convertible"":0.0,""internal_steric_clash"":0.0,""molecular_formula"":0.0,""no_radicals"":0.0,""planar_aromatic_rings"":0.0,""planar_double_bonds"":0.0,""reference_file_loads"":0.0,""sanitisation"":0.0,""tetrahedral_chirality"":0.0}",2,30.192410319840533,0.6684161057295369,0.6684161057295369,2.0,100.0,1.0,0.5,2.0,0.5,1.0,1.0,50.0,0.0,1.0,1.0,1.0,0.0,1.0,50.0,0.0,1.0,1.0,1.0,0.0,1.0,50.0,0.0,1.0,1.0,1.0,0.0,2,91.156667964821,117.01171039093855,104.08418917787978,12.927521213058775,0.38744823229609643,0.5110115492001026,0.0,1.0,1.0,1.0,0.4379475738474129,0.5247860725298105,0.0,1.0,1.0,1.0,999,0,0,0,0,0,2,0,0,0,0,2,2,2,core
3u8n_3u8n_conf0,generation,qwen_4b_bigdata_step110000,fixed,4b_bigdata_step110000,qwen_4b_bigdata_step110000_fixed,Qwen 4B bigdata (step 110000),qwen_4b_bigdata_step110000_fixed,3,17,959,0.7,959,959,0,1.0,999,959,40,0.95995995995996,"{""all_atoms_connected"":0,""bond_angles"":24,""bond_lengths"":30,""bonds"":0,""double_bond_stereochemistry"":0,""energy_ratio"":6,""file_loads"":0,""inchi_convertible"":0,""internal_steric_clash"":12,""molecular_formula"":0,""no_radicals"":0,""planar_aromatic_rings"":2,""planar_double_bonds"":0,""reference_file_loads"":0,""sanitisation"":0,""tetrahedral_chirality"":0}","{""all_atoms_connected"":0.0,""bond_angles"":0.024024024024024024,""bond_lengths"":0.03003003003003003,""bonds"":0.0,""double_bond_stereochemistry"":0.0,""energy_ratio"":0.006006006006006006,""file_loads"":0.0,""inchi_convertible"":0.0,""internal_steric_clash"":0.012012012012012012,""molecular_formula"":0.0,""no_radicals"":0.0,""planar_aromatic_rings"":0.002002002002002002,""planar_double_bonds"":0.0,""reference_file_loads"":0.0,""sanitisation"":0.0,""tetrahedral_chirality"":0.0}",959,96.81796507883807,1.0812339723868427,1.5766453496177513,146.0,15.224191866527633,0.7401995559979222,0.2909280500521376,39.99935818686428,0.09455996155188591,0.4246575342465753,9.0,0.9384775808133472,0.8017708732107263,0.38894681960375393,5.822156163780972,0.21931191358742871,0.0,2.0,0.20855057351407716,0.7787921185759217,0.7695516162669447,1.7156938245650795,0.6453161476642444,0.0,1.0,0.10427528675703858,0.0,1.0,1.0,1.0,0.0,959,84.13098950047494,221.92312505235105,101.75949351469009,14.931013974451071,0.12239159401431157,0.9708257450731198,1.0,1.0,1.0,1.0,0.163500161567018,1.009829757397149,1.0,1.0,1.0,1.0,999,0,0,0,0,0,999,0,0,0,0,959,1000,1000,core
3u8n_3u8n_conf0,generation,qwen_4b_bigdata_step110000,dynamic,4b_bigdata_step110000,qwen_4b_bigdata_step110000_dynamic,Qwen 4B bigdata (step 110000),qwen_4b_bigdata_step110000_dynamic,3,17,44,0.7,44,44,0,1.0,46,44,2,0.9565217391304348,"{""all_atoms_connected"":0,""bond_angles"":1,""bond_lengths"":2,""bonds"":0,""double_bond_stereochemistry"":0,""energy_ratio"":0,""file_loads"":0,""inchi_convertible"":0,""internal_steric_clash"":0,""molecular_formula"":0,""no_radicals"":0,""planar_aromatic_rings"":0,""planar_double_bonds"":0,""reference_file_loads"":0,""sanitisation"":0,""tetrahedral_chirality"":0}","{""all_atoms_connected"":0.0,""bond_angles"":0.021739130434782608,""bond_lengths"":0.043478260869565216,""bonds"":0.0,""double_bond_stereochemistry"":0.0,""energy_ratio"":0.0,""file_loads"":0.0,""inchi_convertible"":0.0,""internal_steric_clash"":0.0,""molecular_formula"":0.0,""no_radicals"":0.0,""planar_aromatic_rings"":0.0,""planar_double_bonds"":0.0,""reference_file_loads"":0.0,""sanitisation"":0.0,""tetrahedral_chirality"":0.0}",44,93.28611891921497,1.0746096899085964,1.581917768947375,22.0,50.0,0.8656046682347932,0.29545454545454547,14.521361574356288,0.11673553719008264,0.6363636363636364,7.0,15.909090909090908,0.8440692646410842,0.4090909090909091,5.167985437063913,0.24380165289256203,0.14285714285714285,2.0,4.545454545454546,0.15649106290570153,0.9772727272727273,1.114572963344882,0.9555785123966942,0.5,1.0,2.272727272727273,0.0,1.0,1.0,1.0,0.0,44,87.99303123160166,161.72420618065846,103.75062700805718,13.298065918209923,0.3239600754826136,1.007069211267904,0.0,1.0,1.0,1.0,0.38091355515370523,1.0512920532755885,0.0,1.0,1.0,1.0,999,0,0,0,0,0,46,0,0,0,0,44,46,46,core
3u8n_3u8n_conf0,generation,qwen_4b_bigdata_step110000,chembl_count,4b_bigdata_step110000,qwen_4b_bigdata_step110000_chembl_count,Qwen 4B bigdata (step 110000),qwen_4b_bigdata_step110000_chembl_count,3,17,190,0.7,190,190,0,1.0,197,190,7,0.964467005076142,"{""all_atoms_connected"":0,""bond_angles"":4,""bond_lengths"":6,""bonds"":0,""double_bond_stereochemistry"":0,""energy_ratio"":1,""file_loads"":0,""inchi_convertible"":0,""internal_steric_clash"":2,""molecular_formula"":0,""no_radicals"":0,""planar_aromatic_rings"":0,""planar_double_bonds"":0,""reference_file_loads"":0,""sanitisation"":0,""tetrahedral_chirality"":0}","{""all_atoms_connected"":0.0,""bond_angles"":0.02030456852791878,""bond_lengths"":0.030456852791878174,""bonds"":0.0,""double_bond_stereochemistry"":0.0,""energy_ratio"":0.005076142131979695,""file_loads"":0.0,""inchi_convertible"":0.0,""internal_steric_clash"":0.01015228426395939,""molecular_formula"":0.0,""no_radicals"":0.0,""planar_aromatic_rings"":0.0,""planar_double_bonds"":0.0,""reference_file_loads"":0.0,""sanitisation"":0.0,""tetrahedral_chirality"":0.0}",190,94.99286612841767,1.0668287872324957,1.5857919051128422,56.0,29.473684210526315,0.7929952532466749,0.2789473684210526,24.339116372835743,0.09734072022160667,0.6071428571428571,8.0,4.2105263157894735,0.7211031465674564,0.4842105263157895,4.4794122284301,0.3017174515235457,0.125,1.0,0.5263157894736842,0.0,1.0,1.0,1.0,0.0,1.0,0.5263157894736842,0.0,1.0,1.0,1.0,0.0,190,84.13098950047494,186.0818557568451,101.17852804905138,15.845445533631889,0.25121187905590475,0.9101657314682595,0.0,1.0,1.0,1.0,0.290222226219751,0.9572469645610524,0.0,1.0,1.0,1.0,999,0,0,0,0,0,197,0,0,0,0,190,197,197,core
3uo4_3uo4_conf0,generation,qwen_4b_bigdata_step110000,fixed,4b_bigdata_step110000,qwen_4b_bigdata_step110000_fixed,Qwen 4B bigdata (step 110000),qwen_4b_bigdata_step110000_fixed,6,29,971,0.7,971,970,1,0.9989701338825953,1000,971,29,0.971,"{""all_atoms_connected"":0,""bond_angles"":3,""bond_lengths"":4,""bonds"":0,""double_bond_stereochemistry"":0,""energy_ratio"":9,""file_loads"":0,""inchi_convertible"":0,""internal_steric_clash"":27,""molecular_formula"":0,""no_radicals"":0,""planar_aromatic_rings"":0,""planar_double_bonds"":0,""reference_file_loads"":0,""sanitisation"":0,""tetrahedral_chirality"":0}","{""all_atoms_connected"":0.0,""bond_angles"":0.003,""bond_lengths"":0.004,""bonds"":0.0,""double_bond_stereochemistry"":0.0,""energy_ratio"":0.009,""file_loads"":0.0,""inchi_convertible"":0.0,""internal_steric_clash"":0.027,""molecular_formula"":0.0,""no_radicals"":0.0,""planar_aromatic_rings"":0.0,""planar_double_bonds"":0.0,""reference_file_loads"":0.0,""sanitisation"":0.0,""tetrahedral_chirality"":0.0}",971,113.00266507495637,2.1438201198629043,3.1016852929924856,347.0,35.736354273944386,0.9182822216132891,0.028836251287332648,215.14903066164229,0.007230275306228728,0.5360230547550432,43.0,4.42842430484037,0.835973355887368,0.1101956745623069,23.202570800051625,0.05607202062701983,0.13953488372093023,5.0,0.5149330587023687,0.8597872098481001,0.44181256436663235,3.989931776585508,0.2956733956202584,0.0,2.0,0.2059732234809475,0.9952198623964986,0.5406797116374872,1.99338428829476,0.5033096778778183,0.0,971,41.49875763599239,188.4017932246423,57.01226979362402,11.711631574397297,0.30639912187744145,2.0478839894203356,0.0,1.0,1.0,1.0,0.29861779361811724,2.056177035403463,0.0,1.0,1.0,1.0,1000,0,0,0,0,0,1000,0,0,0,0,971,1000,1000,core
3uo4_3uo4_conf0,generation,qwen_4b_bigdata_step110000,dynamic,4b_bigdata_step110000,qwen_4b_bigdata_step110000_dynamic,Qwen 4B bigdata (step 110000),qwen_4b_bigdata_step110000_dynamic,6,29,109,0.7,109,109,0,1.0,112,109,3,0.9732142857142856,"{""all_atoms_connected"":0,""bond_angles"":0,""bond_lengths"":0,""bonds"":0,""double_bond_stereochemistry"":0,""energy_ratio"":1,""file_loads"":0,""inchi_convertible"":0,""internal_steric_clash"":3,""molecular_formula"":0,""no_radicals"":0,""planar_aromatic_rings"":0,""planar_double_bonds"":0,""reference_file_loads"":0,""sanitisation"":0,""tetrahedral_chirality"":0}","{""all_atoms_connected"":0.0,""bond_angles"":0.0,""bond_lengths"":0.0,""bonds"":0.0,""double_bond_stereochemistry"":0.0,""energy_ratio"":0.008928571428571428,""file_loads"":0.0,""inchi_convertible"":0.0,""internal_steric_clash"":0.026785714285714284,""molecular_formula"":0.0,""no_radicals"":0.0,""planar_aromatic_rings"":0.0,""planar_double_bonds"":0.0,""reference_file_loads"":0.0,""sanitisation"":0.0,""tetrahedral_chirality"":0.0}",109,113.18851077036122,2.105070410375852,3.1029135714759213,74.0,67.88990825688073,0.9660585164883799,0.045871559633027525,63.94214811179913,0.01860112785119098,0.7162162162162162,19.0,17.431192660550458,0.8580432361356115,0.22018348623853212,12.509094631633499,0.10882922312936623,0.15789473684210525,4.0,3.669724770642202,0.7296923222598934,0.5229357798165137,2.7499104615206362,0.4120023567039811,0.0,2.0,1.834862385321101,0.995076532106423,0.5412844036697247,1.9931862574233494,0.5034088039727296,0.0,109,44.1467036441637,81.80186054282144,58.042851729275164,7.482301880869737,0.42959601855877017,2.0516148862647157,0.0,1.0,1.0,1.0,0.5452140875898974,2.1657022434831594,0.0,0.0,1.0,1.0,1000,0,0,0,0,0,112,0,0,0,0,109,112,112,core
3uo4_3uo4_conf0,generation,qwen_4b_bigdata_step110000,chembl_count,4b_bigdata_step110000,qwen_4b_bigdata_step110000_chembl_count,Qwen 4B bigdata (step 110000),qwen_4b_bigdata_step110000_chembl_count,6,29,22,0.7,22,22,0,1.0,26,22,4,0.8461538461538461,"{""all_atoms_connected"":0,""bond_angles"":0,""bond_lengths"":0,""bonds"":0,""double_bond_stereochemistry"":0,""energy_ratio"":0,""file_loads"":0,""inchi_convertible"":0,""internal_steric_clash"":4,""molecular_formula"":0,""no_radicals"":0,""planar_aromatic_rings"":0,""planar_double_bonds"":0,""reference_file_loads"":0,""sanitisation"":0,""tetrahedral_chirality"":0}","{""all_atoms_connected"":0.0,""bond_angles"":0.0,""bond_lengths"":0.0,""bonds"":0.0,""double_bond_stereochemistry"":0.0,""energy_ratio"":0.0,""file_loads"":0.0,""inchi_convertible"":0.0,""internal_steric_clash"":0.15384615384615385,""molecular_formula"":0.0,""no_radicals"":0.0,""planar_aromatic_rings"":0.0,""planar_double_bonds"":0.0,""reference_file_loads"":0.0,""sanitisation"":0.0,""tetrahedral_chirality"":0.0}",22,111.67847582025087,2.1563941333168763,3.075862701326288,19.0,86.36363636363636,0.9855875206580608,0.09090909090909091,18.21057215746583,0.05785123966942149,0.8421052631578947,10.0,45.45454545454545,0.8046330189949519,0.3181818181818182,6.377243781653035,0.21900826446280988,0.8,4.0,18.181818181818183,0.8212119808859875,0.45454545454545453,3.121899211893972,0.3595041322314049,0.25,2.0,9.090909090909092,0.9940302114769566,0.5454545454545454,1.9917412148051292,0.5041322314049586,0.0,22,49.723988303875956,89.55973833649696,56.02177392177252,8.911085102869047,0.6216244992838948,2.060570289766722,0.0,0.0,1.0,1.0,0.7352968818217851,2.029107196878221,0.0,0.0,1.0,1.0,1000,0,0,0,0,0,26,0,0,0,0,22,26,26,core
3up2_3up2_conf0,generation,qwen_4b_bigdata_step110000,fixed,4b_bigdata_step110000,qwen_4b_bigdata_step110000_fixed,Qwen 4B bigdata (step 110000),qwen_4b_bigdata_step110000_fixed,6,28,903,0.7,903,898,5,0.9944629014396457,1000,903,97,0.903,"{""all_atoms_connected"":0,""bond_angles"":35,""bond_lengths"":15,""bonds"":0,""double_bond_stereochemistry"":0,""energy_ratio"":12,""file_loads"":0,""inchi_convertible"":0,""internal_steric_clash"":64,""molecular_formula"":0,""no_radicals"":0,""planar_aromatic_rings"":4,""planar_double_bonds"":0,""reference_file_loads"":0,""sanitisation"":0,""tetrahedral_chirality"":0}","{""all_atoms_connected"":0.0,""bond_angles"":0.035,""bond_lengths"":0.015,""bonds"":0.0,""double_bond_stereochemistry"":0.0,""energy_ratio"":0.012,""file_loads"":0.0,""inchi_convertible"":0.0,""internal_steric_clash"":0.064,""molecular_formula"":0.0,""no_radicals"":0.0,""planar_aromatic_rings"":0.004,""planar_double_bonds"":0.0,""reference_file_loads"":0.0,""sanitisation"":0.0,""tetrahedral_chirality"":0.0}",903,107.18681591578648,1.93012272681189,2.6669655134478787,369.0,40.863787375415285,0.9366860909321724,0.0221483942414175,253.8036668073273,0.005667094672734786,0.5555555555555556,46.0,5.094130675526024,0.7841289344466018,0.17718715393134,20.128737062392503,0.0752223730667677,0.2391304347826087,5.0,0.5537098560354374,0.7400709815519758,0.4540420819490587,3.290693377468986,0.34753724817852144,0.0,2.0,0.22148394241417496,0.10188286985662083,0.9867109634551495,1.073173153614412,0.9737751238948797,0.0,903,26.75105916752124,713.8633433038729,44.34833186293609,33.011861936483434,0.2658247907950751,1.7401664466375613,0.0,1.0,1.0,1.0,0.37710678111131923,1.8494661584524033,0.0,1.0,1.0,1.0,1000,0,0,0,0,0,1000,0,0,0,0,903,1000,1000,core
3up2_3up2_conf0,generation,qwen_4b_bigdata_step110000,dynamic,4b_bigdata_step110000,qwen_4b_bigdata_step110000_dynamic,Qwen 4B bigdata (step 110000),qwen_4b_bigdata_step110000_dynamic,6,28,104,0.7,104,104,0,1.0,112,104,8,0.9285714285714286,"{""all_atoms_connected"":0,""bond_angles"":5,""bond_lengths"":1,""bonds"":0,""double_bond_stereochemistry"":0,""energy_ratio"":0,""file_loads"":0,""inchi_convertible"":0,""internal_steric_clash"":2,""molecular_formula"":0,""no_radicals"":0,""planar_aromatic_rings"":0,""planar_double_bonds"":0,""reference_file_loads"":0,""sanitisation"":0,""tetrahedral_chirality"":0}","{""all_atoms_connected"":0.0,""bond_angles"":0.044642857142857144,""bond_lengths"":0.008928571428571428,""bonds"":0.0,""double_bond_stereochemistry"":0.0,""energy_ratio"":0.0,""file_loads"":0.0,""inchi_convertible"":0.0,""internal_steric_clash"":0.017857142857142856,""molecular_formula"":0.0,""no_radicals"":0.0,""planar_aromatic_rings"":0.0,""planar_double_bonds"":0.0,""reference_file_loads"":0.0,""sanitisation"":0.0,""tetrahedral_chirality"":0.0}",104,109.29650648178118,1.8373331708034415,2.6456575312005093,76.0,73.07692307692308,0.9815965424990576,0.028846153846153848,70.17785976408052,0.015532544378698231,0.6842105263157895,20.0,19.23076923076923,0.8524127705567086,0.15384615384615385,12.853298193294375,0.09800295857988167,0.35,4.0,3.8461538461538463,0.8693532382092042,0.41346153846153844,3.337358053217477,0.32488905325443784,0.0,1.0,0.9615384615384616,0.0,1.0,1.0,1.0,0.0,104,31.37891101603039,114.81525853003832,44.26657226867991,11.219922659826342,0.2658247907950751,1.784730724037629,0.0,1.0,1.0,1.0,0.47872831376229497,1.8775721694782788,0.0,1.0,1.0,1.0,1000,0,0,0,0,0,112,0,0,0,0,104,112,112,core
3up2_3up2_conf0,generation,qwen_4b_bigdata_step110000,chembl_count,4b_bigdata_step110000,qwen_4b_bigdata_step110000_chembl_count,Qwen 4B bigdata (step 110000),qwen_4b_bigdata_step110000_chembl_count,6,28,40,0.7,40,40,0,1.0,43,40,3,0.9302325581395348,"{""all_atoms_connected"":0,""bond_angles"":1,""bond_lengths"":1,""bonds"":0,""double_bond_stereochemistry"":0,""energy_ratio"":2,""file_loads"":0,""inchi_convertible"":0,""internal_steric_clash"":3,""molecular_formula"":0,""no_radicals"":0,""planar_aromatic_rings"":0,""planar_double_bonds"":0,""reference_file_loads"":0,""sanitisation"":0,""tetrahedral_chirality"":0}","{""all_atoms_connected"":0.0,""bond_angles"":0.023255813953488372,""bond_lengths"":0.023255813953488372,""bonds"":0.0,""double_bond_stereochemistry"":0.0,""energy_ratio"":0.046511627906976744,""file_loads"":0.0,""inchi_convertible"":0.0,""internal_steric_clash"":0.06976744186046512,""molecular_formula"":0.0,""no_radicals"":0.0,""planar_aromatic_rings"":0.0,""planar_double_bonds"":0.0,""reference_file_loads"":0.0,""sanitisation"":0.0,""tetrahedral_chirality"":0.0}",40,100.63779676501547,1.8316835653532622,2.5981687078459146,36.0,90.0,0.9870657516133444,0.075,34.36947495228962,0.03125000000000001,0.9166666666666666,13.0,32.5,0.896947389834346,0.225,9.980414586883272,0.12125000000000001,0.38461538461538464,4.0,10.0,0.8660567394800566,0.425,3.322141397826593,0.32875000000000004,0.0,1.0,2.5,0.0,1.0,1.0,1.0,0.0,40,30.735130430705723,75.43600606573287,43.00399519628601,8.180512961864348,0.6366357037950411,1.6178709198870949,0.0,0.0,1.0,1.0,0.5909873406457395,1.6994249995386634,0.0,0.0,1.0,1.0,1000,0,0,0,0,0,43,0,0,0,0,40,43,43,core
3wtj_3wtj_conf0,generation,qwen_4b_bigdata_step110000,fixed,4b_bigdata_step110000,qwen_4b_bigdata_step110000_fixed,Qwen 4B bigdata (step 110000),qwen_4b_bigdata_step110000_fixed,2,16,934,0.7,934,932,2,0.9978586723768736,1000,934,66,0.934,"{""all_atoms_connected"":0,""bond_angles"":3,""bond_lengths"":3,""bonds"":0,""double_bond_stereochemistry"":57,""energy_ratio"":3,""file_loads"":0,""inchi_convertible"":0,""internal_steric_clash"":9,""molecular_formula"":0,""no_radicals"":0,""planar_aromatic_rings"":0,""planar_double_bonds"":0,""reference_file_loads"":0,""sanitisation"":0,""tetrahedral_chirality"":0}","{""all_atoms_connected"":0.0,""bond_angles"":0.003,""bond_lengths"":0.003,""bonds"":0.0,""double_bond_stereochemistry"":0.057,""energy_ratio"":0.003,""file_loads"":0.0,""inchi_convertible"":0.0,""internal_steric_clash"":0.009,""molecular_formula"":0.0,""no_radicals"":0.0,""planar_aromatic_rings"":0.0,""planar_double_bonds"":0.0,""reference_file_loads"":0.0,""sanitisation"":0.0,""tetrahedral_chirality"":0.0}",934,105.59702640358682,1.2766239072107508,1.7615354430900947,75.0,8.029978586723768,0.8382483523830423,0.07173447537473233,37.30499745138605,0.03621228030758084,0.25333333333333335,13.0,1.39186295503212,0.8029484354213037,0.20021413276231265,7.842220909416408,0.1484623250140997,0.07692307692307693,2.0,0.21413276231263384,0.9262864239384054,0.658458244111349,1.9003780178453997,0.5502180302537037,0.0,1.0,0.10706638115631692,0.0,1.0,1.0,1.0,0.0,934,-48.40756813348969,109.34543530237697,-32.31074967979579,15.49593102115897,0.14124883988486495,1.4439891972624226,1.0,1.0,1.0,1.0,0.16648093400585326,1.405533477993589,1.0,1.0,1.0,1.0,1000,0,0,0,0,0,1000,0,0,0,0,934,1000,1000,core
3wtj_3wtj_conf0,generation,qwen_4b_bigdata_step110000,dynamic,4b_bigdata_step110000,qwen_4b_bigdata_step110000_dynamic,Qwen 4B bigdata (step 110000),qwen_4b_bigdata_step110000_dynamic,2,16,22,0.7,22,21,1,0.9545454545454546,24,22,2,0.9166666666666666,"{""all_atoms_connected"":0,""bond_angles"":0,""bond_lengths"":0,""bonds"":0,""double_bond_stereochemistry"":2,""energy_ratio"":0,""file_loads"":0,""inchi_convertible"":0,""internal_steric_clash"":0,""molecular_formula"":0,""no_radicals"":0,""planar_aromatic_rings"":0,""planar_double_bonds"":0,""reference_file_loads"":0,""sanitisation"":0,""tetrahedral_chirality"":0}","{""all_atoms_connected"":0.0,""bond_angles"":0.0,""bond_lengths"":0.0,""bonds"":0.0,""double_bond_stereochemistry"":0.08333333333333333,""energy_ratio"":0.0,""file_loads"":0.0,""inchi_convertible"":0.0,""internal_steric_clash"":0.0,""molecular_formula"":0.0,""no_radicals"":0.0,""planar_aromatic_rings"":0.0,""planar_double_bonds"":0.0,""reference_file_loads"":0.0,""sanitisation"":0.0,""tetrahedral_chirality"":0.0}",22,97.97102186818765,1.2370478991470426,1.7732453088366005,12.0,54.54545454545455,0.909645214609996,0.22727272727272727,9.586764437240356,0.12809917355371897,0.6666666666666666,5.0,22.727272727272727,0.847627460169579,0.5,3.912606476814126,0.3181818181818181,0.0,1.0,4.545454545454546,0.0,1.0,1.0,1.0,0.0,1.0,4.545454545454546,0.0,1.0,1.0,1.0,0.0,22,-43.611040653607404,7.722965024067378,-33.119423771083405,12.55420108778574,0.9294273981828592,1.305193905213828,0.0,0.0,0.0,1.0,0.9220987299790041,1.2707706169478896,0.0,0.0,0.0,1.0,1000,0,0,0,0,0,24,0,0,0,0,22,24,24,core
3wtj_3wtj_conf0,generation,qwen_4b_bigdata_step110000,chembl_count,4b_bigdata_step110000,qwen_4b_bigdata_step110000_chembl_count,Qwen 4B bigdata (step 110000),qwen_4b_bigdata_step110000_chembl_count,2,16,50,0.7,50,50,0,1.0,52,50,2,0.9615384615384616,"{""all_atoms_connected"":0,""bond_angles"":0,""bond_lengths"":0,""bonds"":0,""double_bond_stereochemistry"":2,""energy_ratio"":0,""file_loads"":0,""inchi_convertible"":0,""internal_steric_clash"":0,""molecular_formula"":0,""no_radicals"":0,""planar_aromatic_rings"":0,""planar_double_bonds"":0,""reference_file_loads"":0,""sanitisation"":0,""tetrahedral_chirality"":0}","{""all_atoms_connected"":0.0,""bond_angles"":0.0,""bond_lengths"":0.0,""bonds"":0.0,""double_bond_stereochemistry"":0.038461538461538464,""energy_ratio"":0.0,""file_loads"":0.0,""inchi_convertible"":0.0,""internal_steric_clash"":0.0,""molecular_formula"":0.0,""no_radicals"":0.0,""planar_aromatic_rings"":0.0,""planar_double_bonds"":0.0,""reference_file_loads"":0.0,""sanitisation"":0.0,""tetrahedral_chirality"":0.0}",50,102.60008235489892,1.3078426365147444,1.7706760858825,25.0,50.0,0.9505413475953435,0.1,21.320617543055832,0.054400000000000004,0.44,9.0,18.0,0.9279917541330421,0.2,7.682970757489503,0.14320000000000002,0.1111111111111111,1.0,2.0,0.0,1.0,1.0,1.0,0.0,1.0,2.0,0.0,1.0,1.0,1.0,0.0,50,-48.40756813348969,31.997288767211607,-28.790329370309763,16.600791052983848,0.4604167195793079,1.4695249342222028,0.0,1.0,1.0,1.0,0.390953306576546,1.431680918283651,0.0,1.0,1.0,1.0,1000,0,0,0,0,0,52,0,0,0,0,50,52,52,core
3zdg_3zdg_conf0,generation,qwen_4b_bigdata_step110000,fixed,4b_bigdata_step110000,qwen_4b_bigdata_step110000_fixed,Qwen 4B bigdata (step 110000),qwen_4b_bigdata_step110000_fixed,4,13,899,0.7,899,896,3,0.996662958843159,1000,899,101,0.899,"{""all_atoms_connected"":0,""bond_angles"":29,""bond_lengths"":16,""bonds"":0,""double_bond_stereochemistry"":0,""energy_ratio"":16,""file_loads"":0,""inchi_convertible"":0,""internal_steric_clash"":58,""molecular_formula"":0,""no_radicals"":0,""planar_aromatic_rings"":0,""planar_double_bonds"":0,""reference_file_loads"":0,""sanitisation"":0,""tetrahedral_chirality"":28}","{""all_atoms_connected"":0.0,""bond_angles"":0.029,""bond_lengths"":0.016,""bonds"":0.0,""double_bond_stereochemistry"":0.0,""energy_ratio"":0.016,""file_loads"":0.0,""inchi_convertible"":0.0,""internal_steric_clash"":0.058,""molecular_formula"":0.0,""no_radicals"":0.0,""planar_aromatic_rings"":0.0,""planar_double_bonds"":0.0,""reference_file_loads"":0.0,""sanitisation"":0.0,""tetrahedral_chirality"":0.028}",899,107.22603885977749,1.3879705974931438,1.832731625161215,318.0,35.37263626251391,0.8744033966742671,0.13236929922135707,154.21647557501888,0.02358942886732385,0.5157232704402516,32.0,3.5595105672969964,0.8388672623750519,0.23136818687430477,18.30716272299902,0.08883557431876474,0.0,2.0,0.22246941045606228,0.9893696587353352,0.560622914349277,1.9853173779292033,0.5073502754883996,0.0,1.0,0.11123470522803114,0.0,1.0,1.0,1.0,0.0,899,-56.36118523514003,476.7075951058149,-41.68042830796966,26.33727851151571,0.24386319458821998,1.3781445652125743,1.0,1.0,1.0,1.0,0.2154804760692358,1.3980230308756187,1.0,1.0,1.0,1.0,1000,0,0,0,0,0,1000,0,0,0,0,899,1000,1000,core
3zdg_3zdg_conf0,generation,qwen_4b_bigdata_step110000,dynamic,4b_bigdata_step110000,qwen_4b_bigdata_step110000_dynamic,Qwen 4B bigdata (step 110000),qwen_4b_bigdata_step110000_dynamic,4,13,59,0.7,59,59,0,1.0,68,59,9,0.8676470588235294,"{""all_atoms_connected"":0,""bond_angles"":3,""bond_lengths"":1,""bonds"":0,""double_bond_stereochemistry"":0,""energy_ratio"":1,""file_loads"":0,""inchi_convertible"":0,""internal_steric_clash"":5,""molecular_formula"":0,""no_radicals"":0,""planar_aromatic_rings"":0,""planar_double_bonds"":0,""reference_file_loads"":0,""sanitisation"":0,""tetrahedral_chirality"":2}","{""all_atoms_connected"":0.0,""bond_angles"":0.04411764705882353,""bond_lengths"":0.014705882352941176,""bonds"":0.0,""double_bond_stereochemistry"":0.0,""energy_ratio"":0.014705882352941176,""file_loads"":0.0,""inchi_convertible"":0.0,""internal_steric_clash"":0.07352941176470588,""molecular_formula"":0.0,""no_radicals"":0.0,""planar_aromatic_rings"":0.0,""planar_double_bonds"":0.0,""reference_file_loads"":0.0,""sanitisation"":0.0,""tetrahedral_chirality"":0.029411764705882353}",59,105.05482127968703,1.3756018435550734,1.793405269525873,44.0,74.57627118644068,0.9497315739351336,0.11864406779661017,36.37800657614473,0.03705831657569665,0.8636363636363636,14.0,23.728813559322035,0.8951448200804999,0.22033898305084745,10.615747357818885,0.11519678253375468,0.21428571428571427,2.0,3.389830508474576,0.4743454375622396,0.8983050847457628,1.38928774571264,0.8172938810686585,0.0,1.0,1.694915254237288,0.0,1.0,1.0,1.0,0.0,59,-54.49019273947322,10.277441930437782,-43.37687924360087,11.093242802347731,0.6605977649179274,1.3862731374997497,0.0,0.0,1.0,1.0,0.6752099422953158,1.3882509376072814,0.0,0.0,1.0,1.0,1000,0,0,0,0,0,68,0,0,0,0,59,68,68,core
3zdg_3zdg_conf0,generation,qwen_4b_bigdata_step110000,chembl_count,4b_bigdata_step110000,qwen_4b_bigdata_step110000_chembl_count,Qwen 4B bigdata (step 110000),qwen_4b_bigdata_step110000_chembl_count,4,13,176,0.7,176,174,2,0.9886363636363636,199,176,23,0.8844221105527639,"{""all_atoms_connected"":0,""bond_angles"":6,""bond_lengths"":2,""bonds"":0,""double_bond_stereochemistry"":0,""energy_ratio"":2,""file_loads"":0,""inchi_convertible"":0,""internal_steric_clash"":14,""molecular_formula"":0,""no_radicals"":0,""planar_aromatic_rings"":0,""planar_double_bonds"":0,""reference_file_loads"":0,""sanitisation"":0,""tetrahedral_chirality"":6}","{""all_atoms_connected"":0.0,""bond_angles"":0.03015075376884422,""bond_lengths"":0.010050251256281407,""bonds"":0.0,""double_bond_stereochemistry"":0.0,""energy_ratio"":0.010050251256281407,""file_loads"":0.0,""inchi_convertible"":0.0,""internal_steric_clash"":0.07035175879396985,""molecular_formula"":0.0,""no_radicals"":0.0,""planar_aromatic_rings"":0.0,""planar_double_bonds"":0.0,""reference_file_loads"":0.0,""sanitisation"":0.0,""tetrahedral_chirality"":0.03015075376884422}",176,105.95183072155045,1.3650489221582658,1.7974006824764714,109.0,61.93181818181818,0.9279890279830817,0.11931818181818182,77.75161800218562,0.02459969008264463,0.7339449541284404,18.0,10.227272727272727,0.8738831238486346,0.23295454545454544,12.501480794777128,0.10550103305785123,0.05555555555555555,2.0,1.1363636363636365,0.9865446300055644,0.5681818181818182,1.9814336112252706,0.5092975206611571,0.0,1.0,0.5681818181818182,0.0,1.0,1.0,1.0,0.0,176,-56.34858550452404,196.77816291418577,-41.9024363536931,21.37500517875632,0.7162885755834802,1.3841597876334295,0.0,0.0,1.0,1.0,0.6752786930023784,1.4077692606058383,0.0,0.0,1.0,1.0,1000,0,0,0,0,0,199,0,0,0,0,176,199,199,core
4ddh_4ddh_conf0,generation,qwen_4b_bigdata_step110000,fixed,4b_bigdata_step110000,qwen_4b_bigdata_step110000_fixed,Qwen 4B bigdata (step 110000),qwen_4b_bigdata_step110000_fixed,3,15,982,0.7,982,982,0,1.0,998,982,16,0.9839679358717436,"{""all_atoms_connected"":0,""bond_angles"":13,""bond_lengths"":9,""bonds"":0,""double_bond_stereochemistry"":0,""energy_ratio"":7,""file_loads"":0,""inchi_convertible"":0,""internal_steric_clash"":8,""molecular_formula"":0,""no_radicals"":0,""planar_aromatic_rings"":0,""planar_double_bonds"":0,""reference_file_loads"":0,""sanitisation"":0,""tetrahedral_chirality"":0}","{""all_atoms_connected"":0.0,""bond_angles"":0.013026052104208416,""bond_lengths"":0.009018036072144289,""bonds"":0.0,""double_bond_stereochemistry"":0.0,""energy_ratio"":0.0070140280561122245,""file_loads"":0.0,""inchi_convertible"":0.0,""internal_steric_clash"":0.008016032064128256,""molecular_formula"":0.0,""no_radicals"":0.0,""planar_aromatic_rings"":0.0,""planar_double_bonds"":0.0,""reference_file_loads"":0.0,""sanitisation"":0.0,""tetrahedral_chirality"":0.0}",982,110.11933399091144,0.8493860632689072,1.160787665584492,37.0,3.7678207739307537,0.8788398290315718,0.10081466395112017,23.8890090551719,0.05313566809495563,0.10810810810810811,3.0,0.3054989816700611,0.9718584672735162,0.42464358452138495,2.9086691941813867,0.3531821255096835,0.0,1.0,0.10183299389002037,0.0,1.0,1.0,1.0,0.0,1.0,0.10183299389002037,0.0,1.0,1.0,1.0,0.0,982,51.545760636399635,308.4969419988958,63.94591083129201,17.317324424617425,0.14844499281592907,0.7965973196095069,1.0,1.0,1.0,1.0,0.16651676524698367,0.7843139251903153,1.0,1.0,1.0,1.0,998,0,0,0,0,0,998,0,0,0,0,982,1000,1000,core
4ddh_4ddh_conf0,generation,qwen_4b_bigdata_step110000,dynamic,4b_bigdata_step110000,qwen_4b_bigdata_step110000_dynamic,Qwen 4B bigdata (step 110000),qwen_4b_bigdata_step110000_dynamic,3,15,44,0.7,44,44,0,1.0,46,44,2,0.9565217391304348,"{""all_atoms_connected"":0,""bond_angles"":1,""bond_lengths"":0,""bonds"":0,""double_bond_stereochemistry"":0,""energy_ratio"":1,""file_loads"":0,""inchi_convertible"":0,""internal_steric_clash"":1,""molecular_formula"":0,""no_radicals"":0,""planar_aromatic_rings"":0,""planar_double_bonds"":0,""reference_file_loads"":0,""sanitisation"":0,""tetrahedral_chirality"":0}","{""all_atoms_connected"":0.0,""bond_angles"":0.021739130434782608,""bond_lengths"":0.0,""bonds"":0.0,""double_bond_stereochemistry"":0.0,""energy_ratio"":0.021739130434782608,""file_loads"":0.0,""inchi_convertible"":0.0,""internal_steric_clash"":0.021739130434782608,""molecular_formula"":0.0,""no_radicals"":0.0,""planar_aromatic_rings"":0.0,""planar_double_bonds"":0.0,""reference_file_loads"":0.0,""sanitisation"":0.0,""tetrahedral_chirality"":0.0}",44,110.58016249463235,0.7955946806327281,1.1168585292957625,15.0,34.09090909090909,0.8748343135613542,0.25,10.687718075404751,0.12396694214876032,0.4,3.0,6.818181818181818,0.5796727783505534,0.7954545454545454,1.8904892116154857,0.65599173553719,0.0,1.0,2.272727272727273,0.0,1.0,1.0,1.0,0.0,1.0,2.272727272727273,0.0,1.0,1.0,1.0,0.0,44,53.663631021166935,88.90444156314952,64.43464290007626,8.164285990096115,0.15606421602360857,0.6935346443884114,1.0,1.0,1.0,1.0,0.16651676524698367,0.7046072460663682,1.0,1.0,1.0,1.0,998,0,0,0,0,0,46,0,0,0,0,44,46,46,core
4ddh_4ddh_conf0,generation,qwen_4b_bigdata_step110000,chembl_count,4b_bigdata_step110000,qwen_4b_bigdata_step110000_chembl_count,Qwen 4B bigdata (step 110000),qwen_4b_bigdata_step110000_chembl_count,3,15,2,0.7,2,2,0,1.0,2,2,0,1.0,"{""all_atoms_connected"":0,""bond_angles"":0,""bond_lengths"":0,""bonds"":0,""double_bond_stereochemistry"":0,""energy_ratio"":0,""file_loads"":0,""inchi_convertible"":0,""internal_steric_clash"":0,""molecular_formula"":0,""no_radicals"":0,""planar_aromatic_rings"":0,""planar_double_bonds"":0,""reference_file_loads"":0,""sanitisation"":0,""tetrahedral_chirality"":0}","{""all_atoms_connected"":0.0,""bond_angles"":0.0,""bond_lengths"":0.0,""bonds"":0.0,""double_bond_stereochemistry"":0.0,""energy_ratio"":0.0,""file_loads"":0.0,""inchi_convertible"":0.0,""internal_steric_clash"":0.0,""molecular_formula"":0.0,""no_radicals"":0.0,""planar_aromatic_rings"":0.0,""planar_double_bonds"":0.0,""reference_file_loads"":0.0,""sanitisation"":0.0,""tetrahedral_chirality"":0.0}",2,74.35525376716345,0.9899532775995423,0.9899532775995423,2.0,100.0,1.0,0.5,2.0,0.5,1.0,1.0,50.0,0.0,1.0,1.0,1.0,0.0,1.0,50.0,0.0,1.0,1.0,1.0,0.0,1.0,50.0,0.0,1.0,1.0,1.0,0.0,2,58.243498281406076,64.15657190995832,61.200035095682196,2.95653681427612,0.36676050184403786,0.6707028398282311,0.0,1.0,1.0,1.0,0.45149338029182773,0.7151722494990209,0.0,1.0,1.0,1.0,998,0,0,0,0,0,2,0,0,0,0,2,2,2,core
4ddk_4ddk_conf0,generation,qwen_4b_bigdata_step110000,fixed,4b_bigdata_step110000,qwen_4b_bigdata_step110000_fixed,Qwen 4B bigdata (step 110000),qwen_4b_bigdata_step110000_fixed,1,12,999,0.7,999,999,0,1.0,1000,999,1,0.999,"{""all_atoms_connected"":0,""bond_angles"":1,""bond_lengths"":0,""bonds"":0,""double_bond_stereochemistry"":0,""energy_ratio"":0,""file_loads"":0,""inchi_convertible"":0,""internal_steric_clash"":0,""molecular_formula"":0,""no_radicals"":0,""planar_aromatic_rings"":0,""planar_double_bonds"":0,""reference_file_loads"":0,""sanitisation"":0,""tetrahedral_chirality"":0}","{""all_atoms_connected"":0.0,""bond_angles"":0.001,""bond_lengths"":0.0,""bonds"":0.0,""double_bond_stereochemistry"":0.0,""energy_ratio"":0.0,""file_loads"":0.0,""inchi_convertible"":0.0,""internal_steric_clash"":0.0,""molecular_formula"":0.0,""no_radicals"":0.0,""planar_aromatic_rings"":0.0,""planar_double_bonds"":0.0,""reference_file_loads"":0.0,""sanitisation"":0.0,""tetrahedral_chirality"":0.0}",999,124.47022007207815,0.23221538078490728,0.43929259404243365,2.0,0.2002002002002002,0.46931282311277805,0.8998998998998999,1.3844498771786935,0.8198398598798999,0.0,1.0,0.1001001001001001,0.0,1.0,1.0,1.0,0.0,1.0,0.1001001001001001,0.0,1.0,1.0,1.0,0.0,1.0,0.1001001001001001,0.0,1.0,1.0,1.0,0.0,999,29.29227964375632,135.1863068341706,40.155925677579376,8.94866823884149,0.052484191461212866,0.13897472497949911,1.0,1.0,1.0,1.0,0.05067652714700941,0.13982319392415474,1.0,1.0,1.0,1.0,1000,0,0,0,0,0,1000,0,0,0,0,999,1000,1000,core
4ddk_4ddk_conf0,generation,qwen_4b_bigdata_step110000,dynamic,4b_bigdata_step110000,qwen_4b_bigdata_step110000_dynamic,Qwen 4B bigdata (step 110000),qwen_4b_bigdata_step110000_dynamic,1,12,2,0.7,2,2,0,1.0,2,2,0,1.0,"{""all_atoms_connected"":0,""bond_angles"":0,""bond_lengths"":0,""bonds"":0,""double_bond_stereochemistry"":0,""energy_ratio"":0,""file_loads"":0,""inchi_convertible"":0,""internal_steric_clash"":0,""molecular_formula"":0,""no_radicals"":0,""planar_aromatic_rings"":0,""planar_double_bonds"":0,""reference_file_loads"":0,""sanitisation"":0,""tetrahedral_chirality"":0}","{""all_atoms_connected"":0.0,""bond_angles"":0.0,""bond_lengths"":0.0,""bonds"":0.0,""double_bond_stereochemistry"":0.0,""energy_ratio"":0.0,""file_loads"":0.0,""inchi_convertible"":0.0,""internal_steric_clash"":0.0,""molecular_formula"":0.0,""no_radicals"":0.0,""planar_aromatic_rings"":0.0,""planar_double_bonds"":0.0,""reference_file_loads"":0.0,""sanitisation"":0.0,""tetrahedral_chirality"":0.0}",2,9.923172141064661,0.16728017602609566,0.16728017602609566,1.0,50.0,0.0,1.0,1.0,1.0,0.0,1.0,50.0,0.0,1.0,1.0,1.0,0.0,1.0,50.0,0.0,1.0,1.0,1.0,0.0,1.0,50.0,0.0,1.0,1.0,1.0,0.0,2,38.269716980120414,47.891399833977914,43.08055840704917,4.81084142692875,0.37400584928951147,0.4159073954237883,0.0,1.0,1.0,1.0,0.4020566395248787,0.4366412721578018,0.0,1.0,1.0,1.0,1000,0,0,0,0,0,2,0,0,0,0,2,2,2,core
4ddk_4ddk_conf0,generation,qwen_4b_bigdata_step110000,chembl_count,4b_bigdata_step110000,qwen_4b_bigdata_step110000_chembl_count,Qwen 4B bigdata (step 110000),qwen_4b_bigdata_step110000_chembl_count,1,12,1,0.7,1,1,0,1.0,1,1,0,1.0,"{""all_atoms_connected"":0,""bond_angles"":0,""bond_lengths"":0,""bonds"":0,""double_bond_stereochemistry"":0,""energy_ratio"":0,""file_loads"":0,""inchi_convertible"":0,""internal_steric_clash"":0,""molecular_formula"":0,""no_radicals"":0,""planar_aromatic_rings"":0,""planar_double_bonds"":0,""reference_file_loads"":0,""sanitisation"":0,""tetrahedral_chirality"":0}","{""all_atoms_connected"":0.0,""bond_angles"":0.0,""bond_lengths"":0.0,""bonds"":0.0,""double_bond_stereochemistry"":0.0,""energy_ratio"":0.0,""file_loads"":0.0,""inchi_convertible"":0.0,""internal_steric_clash"":0.0,""molecular_formula"":0.0,""no_radicals"":0.0,""planar_aromatic_rings"":0.0,""planar_double_bonds"":0.0,""reference_file_loads"":0.0,""sanitisation"":0.0,""tetrahedral_chirality"":0.0}",1,0.0,,,1.0,100.0,0.0,1.0,1.0,1.0,1.0,1.0,100.0,0.0,1.0,1.0,1.0,1.0,1.0,100.0,0.0,1.0,1.0,1.0,1.0,1.0,100.0,0.0,1.0,1.0,1.0,1.0,1,44.59153501901047,44.59153501901047,44.59153501901047,0.0,0.07774175996358688,0.07774175996358688,1.0,1.0,1.0,1.0,0.08375421248935827,0.08375421248935827,1.0,1.0,1.0,1.0,1000,0,0,0,0,0,1,0,0,0,0,1,1,1,core
4eor_4eor_conf0,generation,qwen_4b_bigdata_step110000,fixed,4b_bigdata_step110000,qwen_4b_bigdata_step110000_fixed,Qwen 4B bigdata (step 110000),qwen_4b_bigdata_step110000_fixed,7,28,992,0.7,992,992,0,1.0,1000,992,8,0.992,"{""all_atoms_connected"":0,""bond_angles"":4,""bond_lengths"":3,""bonds"":0,""double_bond_stereochemistry"":0,""energy_ratio"":3,""file_loads"":0,""inchi_convertible"":0,""internal_steric_clash"":5,""molecular_formula"":0,""no_radicals"":0,""planar_aromatic_rings"":0,""planar_double_bonds"":0,""reference_file_loads"":0,""sanitisation"":0,""tetrahedral_chirality"":0}","{""all_atoms_connected"":0.0,""bond_angles"":0.004,""bond_lengths"":0.003,""bonds"":0.0,""double_bond_stereochemistry"":0.0,""energy_ratio"":0.003,""file_loads"":0.0,""inchi_convertible"":0.0,""internal_steric_clash"":0.005,""molecular_formula"":0.0,""no_radicals"":0.0,""planar_aromatic_rings"":0.0,""planar_double_bonds"":0.0,""reference_file_loads"":0.0,""sanitisation"":0.0,""tetrahedral_chirality"":0.0}",992,87.09344616747403,1.2401376075272315,1.6268403781173622,552.0,55.645161290322584,0.951628323833329,0.015120967741935484,406.73063859979356,0.003595294614984391,0.697463768115942,57.0,5.745967741935484,0.7370758325059127,0.1693548387096774,19.68851319438156,0.08348643990634755,0.2631578947368421,4.0,0.4032258064516129,0.07326359980612268,0.9828629032258065,1.106901770905413,0.966152607960458,0.25,1.0,0.10080645161290322,0.0,1.0,1.0,1.0,0.0,992,54.251196307815235,210.74730835015959,68.99338056881703,14.10344069006632,0.33992514946662045,1.023908566741916,0.0,1.0,1.0,1.0,0.30501625041923713,1.0671673252574294,0.0,1.0,1.0,1.0,1000,0,0,0,0,0,1000,0,0,0,0,992,1000,1000,core
4eor_4eor_conf0,generation,qwen_4b_bigdata_step110000,dynamic,4b_bigdata_step110000,qwen_4b_bigdata_step110000_dynamic,Qwen 4B bigdata (step 110000),qwen_4b_bigdata_step110000_dynamic,7,28,134,0.7,134,134,0,1.0,134,134,0,1.0,"{""all_atoms_connected"":0,""bond_angles"":0,""bond_lengths"":0,""bonds"":0,""double_bond_stereochemistry"":0,""energy_ratio"":0,""file_loads"":0,""inchi_convertible"":0,""internal_steric_clash"":0,""molecular_formula"":0,""no_radicals"":0,""planar_aromatic_rings"":0,""planar_double_bonds"":0,""reference_file_loads"":0,""sanitisation"":0,""tetrahedral_chirality"":0}","{""all_atoms_connected"":0.0,""bond_angles"":0.0,""bond_lengths"":0.0,""bonds"":0.0,""double_bond_stereochemistry"":0.0,""energy_ratio"":0.0,""file_loads"":0.0,""inchi_convertible"":0.0,""internal_steric_clash"":0.0,""molecular_formula"":0.0,""no_radicals"":0.0,""planar_aromatic_rings"":0.0,""planar_double_bonds"":0.0,""reference_file_loads"":0.0,""sanitisation"":0.0,""tetrahedral_chirality"":0.0}",134,89.24563936461522,1.2929543275667568,1.7454168619371115,112.0,83.58208955223881,0.9859245929688277,0.029850746268656716,104.80317624463504,0.010470037870349742,0.8392857142857143,20.0,14.925373134328359,0.875627064125407,0.15671641791044777,13.778980180108377,0.08955223880597014,0.25,3.0,2.2388059701492535,0.1620059778526531,0.9626865671641791,1.194803525557479,0.927712185341947,0.3333333333333333,1.0,0.746268656716418,0.0,1.0,1.0,1.0,0.0,134,55.34614805063365,128.51524954432196,68.90744932445715,11.275107385946882,0.44762644990178246,1.007326458525482,0.0,1.0,1.0,1.0,0.3782284896529041,1.0621129557045275,0.0,1.0,1.0,1.0,1000,0,0,0,0,0,134,0,0,0,0,134,134,134,core
4eor_4eor_conf0,generation,qwen_4b_bigdata_step110000,chembl_count,4b_bigdata_step110000,qwen_4b_bigdata_step110000_chembl_count,Qwen 4B bigdata (step 110000),qwen_4b_bigdata_step110000_chembl_count,7,28,196,0.7,196,196,0,1.0,200,196,4,0.98,"{""all_atoms_connected"":0,""bond_angles"":2,""bond_lengths"":2,""bonds"":0,""double_bond_stereochemistry"":0,""energy_ratio"":3,""file_loads"":0,""inchi_convertible"":0,""internal_steric_clash"":4,""molecular_formula"":0,""no_radicals"":0,""planar_aromatic_rings"":0,""planar_double_bonds"":0,""reference_file_loads"":0,""sanitisation"":0,""tetrahedral_chirality"":0}","{""all_atoms_connected"":0.0,""bond_angles"":0.01,""bond_lengths"":0.01,""bonds"":0.0,""double_bond_stereochemistry"":0.0,""energy_ratio"":0.015,""file_loads"":0.0,""inchi_convertible"":0.0,""internal_steric_clash"":0.02,""molecular_formula"":0.0,""no_radicals"":0.0,""planar_aromatic_rings"":0.0,""planar_double_bonds"":0.0,""reference_file_loads"":0.0,""sanitisation"":0.0,""tetrahedral_chirality"":0.0}",196,85.84503251218148,1.3039092225198035,1.8024816269102437,149.0,76.0204081632653,0.9782483408082219,0.030612244897959183,133.63365943971914,0.00869429404414827,0.785234899328859,33.0,16.836734693877553,0.8548193878575477,0.12755102040816327,19.863471726451518,0.06851311953352769,0.24242424242424243,3.0,1.530612244897959,0.3282188628789556,0.9030612244897959,1.4341685535953208,0.8224177426072469,0.0,2.0,1.0204081632653061,0.19745300438456015,0.9693877551020408,1.1466721827945263,0.9406497292794669,0.0,196,55.52085860913809,130.25403008629945,69.14698760461236,12.406530300780457,0.3806487329881327,0.9975893076421609,0.0,1.0,1.0,1.0,0.37704006704088583,1.031934719041643,0.0,1.0,1.0,1.0,1000,0,0,0,0,0,200,0,0,0,0,196,200,200,core
4f09_4f09_conf0,generation,qwen_4b_bigdata_step110000,fixed,4b_bigdata_step110000,qwen_4b_bigdata_step110000_fixed,Qwen 4B bigdata (step 110000),qwen_4b_bigdata_step110000_fixed,1,19,996,0.7,996,995,1,0.998995983935743,1000,996,4,0.996,"{""all_atoms_connected"":0,""bond_angles"":1,""bond_lengths"":3,""bonds"":0,""double_bond_stereochemistry"":0,""energy_ratio"":2,""file_loads"":0,""inchi_convertible"":0,""internal_steric_clash"":1,""molecular_formula"":0,""no_radicals"":0,""planar_aromatic_rings"":0,""planar_double_bonds"":0,""reference_file_loads"":0,""sanitisation"":0,""tetrahedral_chirality"":0}","{""all_atoms_connected"":0.0,""bond_angles"":0.001,""bond_lengths"":0.003,""bonds"":0.0,""double_bond_stereochemistry"":0.0,""energy_ratio"":0.002,""file_loads"":0.0,""inchi_convertible"":0.0,""internal_steric_clash"":0.001,""molecular_formula"":0.0,""no_radicals"":0.0,""planar_aromatic_rings"":0.0,""planar_double_bonds"":0.0,""reference_file_loads"":0.0,""sanitisation"":0.0,""tetrahedral_chirality"":0.0}",996,98.63822424752809,0.4302896664572292,0.646537804173021,12.0,1.2048192771084338,0.6339856076173691,0.36947791164658633,4.8326503904066564,0.25403824131868846,0.25,2.0,0.20080321285140562,0.01144776354011295,0.998995983935743,1.0079665504503568,0.9979939839680005,0.5,1.0,0.10040160642570281,0.0,1.0,1.0,1.0,0.0,1.0,0.10040160642570281,0.0,1.0,1.0,1.0,0.0,996,70.22917023624574,172347.05375550946,89.11897563529494,5455.427610289403,0.08687248176915821,0.3644636532572392,1.0,1.0,1.0,1.0,0.056563222098564576,0.4228201818346623,1.0,1.0,1.0,1.0,1000,0,0,0,0,0,1000,0,0,0,0,996,1000,1000,core
4f09_4f09_conf0,generation,qwen_4b_bigdata_step110000,dynamic,4b_bigdata_step110000,qwen_4b_bigdata_step110000_dynamic,Qwen 4B bigdata (step 110000),qwen_4b_bigdata_step110000_dynamic,1,19,2,0.7,2,2,0,1.0,2,2,0,1.0,"{""all_atoms_connected"":0,""bond_angles"":0,""bond_lengths"":0,""bonds"":0,""double_bond_stereochemistry"":0,""energy_ratio"":0,""file_loads"":0,""inchi_convertible"":0,""internal_steric_clash"":0,""molecular_formula"":0,""no_radicals"":0,""planar_aromatic_rings"":0,""planar_double_bonds"":0,""reference_file_loads"":0,""sanitisation"":0,""tetrahedral_chirality"":0}","{""all_atoms_connected"":0.0,""bond_angles"":0.0,""bond_lengths"":0.0,""bonds"":0.0,""double_bond_stereochemistry"":0.0,""energy_ratio"":0.0,""file_loads"":0.0,""inchi_convertible"":0.0,""internal_steric_clash"":0.0,""molecular_formula"":0.0,""no_radicals"":0.0,""planar_aromatic_rings"":0.0,""planar_double_bonds"":0.0,""reference_file_loads"":0.0,""sanitisation"":0.0,""tetrahedral_chirality"":0.0}",2,91.50678685948199,0.34948213232664166,0.34948213232664166,1.0,50.0,0.0,1.0,1.0,1.0,0.0,1.0,50.0,0.0,1.0,1.0,1.0,0.0,1.0,50.0,0.0,1.0,1.0,1.0,0.0,1.0,50.0,0.0,1.0,1.0,1.0,0.0,2,94.46228120789985,96.8891932690934,95.67573723849662,1.2134560305967739,0.22626086183423386,0.3507631182841601,1.0,1.0,1.0,1.0,0.33039012214260016,0.4575448191643452,0.0,1.0,1.0,1.0,1000,0,0,0,0,0,2,0,0,0,0,2,2,2,core
4f09_4f09_conf0,generation,qwen_4b_bigdata_step110000,chembl_count,4b_bigdata_step110000,qwen_4b_bigdata_step110000_chembl_count,Qwen 4B bigdata (step 110000),qwen_4b_bigdata_step110000_chembl_count,1,19,2,0.7,2,2,0,1.0,2,2,0,1.0,"{""all_atoms_connected"":0,""bond_angles"":0,""bond_lengths"":0,""bonds"":0,""double_bond_stereochemistry"":0,""energy_ratio"":0,""file_loads"":0,""inchi_convertible"":0,""internal_steric_clash"":0,""molecular_formula"":0,""no_radicals"":0,""planar_aromatic_rings"":0,""planar_double_bonds"":0,""reference_file_loads"":0,""sanitisation"":0,""tetrahedral_chirality"":0}","{""all_atoms_connected"":0.0,""bond_angles"":0.0,""bond_lengths"":0.0,""bonds"":0.0,""double_bond_stereochemistry"":0.0,""energy_ratio"":0.0,""file_loads"":0.0,""inchi_convertible"":0.0,""internal_steric_clash"":0.0,""molecular_formula"":0.0,""no_radicals"":0.0,""planar_aromatic_rings"":0.0,""planar_double_bonds"":0.0,""reference_file_loads"":0.0,""sanitisation"":0.0,""tetrahedral_chirality"":0.0}",2,0.43396623473978835,0.18988863982111698,0.18988863982111698,1.0,50.0,0.0,1.0,1.0,1.0,0.0,1.0,50.0,0.0,1.0,1.0,1.0,0.0,1.0,50.0,0.0,1.0,1.0,1.0,0.0,1.0,50.0,0.0,1.0,1.0,1.0,0.0,2,83.34141385615911,84.74883309487957,84.04512347551935,0.7037096193602324,0.1969245566017041,0.23563036460023076,1.0,1.0,1.0,1.0,0.07409670525600681,0.12462757792194583,1.0,1.0,1.0,1.0,1000,0,0,0,0,0,2,0,0,0,0,2,2,2,core
4f2w_4f2w_conf0,generation,qwen_4b_bigdata_step110000,fixed,4b_bigdata_step110000,qwen_4b_bigdata_step110000_fixed,Qwen 4B bigdata (step 110000),qwen_4b_bigdata_step110000_fixed,6,20,41,0.7,41,41,0,1.0,998,41,957,0.0410821643286573,"{""all_atoms_connected"":0,""bond_angles"":27,""bond_lengths"":6,""bonds"":0,""double_bond_stereochemistry"":0,""energy_ratio"":3,""file_loads"":0,""inchi_convertible"":0,""internal_steric_clash"":8,""molecular_formula"":0,""no_radicals"":0,""planar_aromatic_rings"":0,""planar_double_bonds"":0,""reference_file_loads"":0,""sanitisation"":0,""tetrahedral_chirality"":953}","{""all_atoms_connected"":0.0,""bond_angles"":0.027054108216432865,""bond_lengths"":0.006012024048096192,""bonds"":0.0,""double_bond_stereochemistry"":0.0,""energy_ratio"":0.003006012024048096,""file_loads"":0.0,""inchi_convertible"":0.0,""internal_steric_clash"":0.008016032064128256,""molecular_formula"":0.0,""no_radicals"":0.0,""planar_aromatic_rings"":0.0,""planar_double_bonds"":0.0,""reference_file_loads"":0.0,""sanitisation"":0.0,""tetrahedral_chirality"":0.9549098196392786}",41,106.51192075950448,1.3975418733190696,2.480188761050644,18.0,43.90243902439025,0.7308401766350919,0.43902439024390244,8.268059234333643,0.23140987507436056,0.8888888888888888,11.0,26.829268292682926,0.6402316344825377,0.6097560975609756,4.642292928584072,0.389649018441404,0.45454545454545453,3.0,7.317073170731708,0.731217706046082,0.7073170731707317,2.232952626728489,0.5443188578227246,0.0,1.0,2.4390243902439024,0.0,1.0,1.0,1.0,0.0,41,-41.005026969422275,5.701412675786528,-32.333895406509605,11.68753889192121,0.7703916185250556,2.031268950151626,0.0,0.0,0.0,1.0,0.7688933449214213,2.0637115824775973,0.0,0.0,0.0,1.0,998,0,0,0,0,0,998,0,0,0,0,41,1000,1000,core
4f2w_4f2w_conf0,generation,qwen_4b_bigdata_step110000,dynamic,4b_bigdata_step110000,qwen_4b_bigdata_step110000_dynamic,Qwen 4B bigdata (step 110000),qwen_4b_bigdata_step110000_dynamic,6,20,4,0.7,4,4,0,1.0,112,4,108,0.0357142857142857,"{""all_atoms_connected"":0,""bond_angles"":2,""bond_lengths"":0,""bonds"":0,""double_bond_stereochemistry"":0,""energy_ratio"":0,""file_loads"":0,""inchi_convertible"":0,""internal_steric_clash"":0,""molecular_formula"":0,""no_radicals"":0,""planar_aromatic_rings"":0,""planar_double_bonds"":0,""reference_file_loads"":0,""sanitisation"":0,""tetrahedral_chirality"":108}","{""all_atoms_connected"":0.0,""bond_angles"":0.017857142857142856,""bond_lengths"":0.0,""bonds"":0.0,""double_bond_stereochemistry"":0.0,""energy_ratio"":0.0,""file_loads"":0.0,""inchi_convertible"":0.0,""internal_steric_clash"":0.0,""molecular_formula"":0.0,""no_radicals"":0.0,""planar_aromatic_rings"":0.0,""planar_double_bonds"":0.0,""reference_file_loads"":0.0,""sanitisation"":0.0,""tetrahedral_chirality"":0.9642857142857143}",4,82.60174067661436,1.9185429193990096,2.3228715118370076,4.0,100.0,1.0,0.25,4.0,0.25,1.0,3.0,75.0,0.946394630357186,0.5,2.82842712474619,0.375,0.6666666666666666,3.0,75.0,0.946394630357186,0.5,2.82842712474619,0.375,0.6666666666666666,1.0,25.0,0.0,1.0,1.0,1.0,0.0,4,-37.17381103846168,-26.214129452539236,-28.65812263491993,4.276801416280637,1.2334691542746021,1.6624744066747197,0.0,0.0,0.0,1.0,1.2775398459954357,1.6800299502008165,0.0,0.0,0.0,1.0,998,0,0,0,0,0,112,0,0,0,0,4,112,112,core
4f2w_4f2w_conf0,generation,qwen_4b_bigdata_step110000,chembl_count,4b_bigdata_step110000,qwen_4b_bigdata_step110000_chembl_count,Qwen 4B bigdata (step 110000),qwen_4b_bigdata_step110000_chembl_count,6,20,28,0.7,28,28,0,1.0,800,28,772,0.035,"{""all_atoms_connected"":0,""bond_angles"":25,""bond_lengths"":5,""bonds"":0,""double_bond_stereochemistry"":0,""energy_ratio"":3,""file_loads"":0,""inchi_convertible"":0,""internal_steric_clash"":5,""molecular_formula"":0,""no_radicals"":0,""planar_aromatic_rings"":0,""planar_double_bonds"":0,""reference_file_loads"":0,""sanitisation"":0,""tetrahedral_chirality"":770}","{""all_atoms_connected"":0.0,""bond_angles"":0.03125,""bond_lengths"":0.00625,""bonds"":0.0,""double_bond_stereochemistry"":0.0,""energy_ratio"":0.00375,""file_loads"":0.0,""inchi_convertible"":0.0,""internal_steric_clash"":0.00625,""molecular_formula"":0.0,""no_radicals"":0.0,""planar_aromatic_rings"":0.0,""planar_double_bonds"":0.0,""reference_file_loads"":0.0,""sanitisation"":0.0,""tetrahedral_chirality"":0.9625}",28,106.90651725372382,1.4133378365019995,2.4836981202339334,13.0,46.42857142857143,0.7888557908946053,0.35714285714285715,7.563810926482599,0.20408163265306117,0.8461538461538461,9.0,32.142857142857146,0.6575660531359803,0.6071428571428571,4.241089921518728,0.3928571428571428,0.6666666666666666,3.0,10.714285714285714,0.6051854972393866,0.75,1.9442265244856285,0.6096938775510204,0.3333333333333333,1.0,3.5714285714285716,0.0,1.0,1.0,1.0,0.0,28,-41.005026969422275,-5.225228750281637,-34.17690465293436,8.478252186102441,1.1190093491889581,2.0323667484262726,0.0,0.0,0.0,1.0,1.1173189938698092,2.0646647573225256,0.0,0.0,0.0,1.0,998,0,0,0,0,0,800,0,0,0,0,28,800,800,core
4f9w_4f9w_conf0,generation,qwen_4b_bigdata_step110000,fixed,4b_bigdata_step110000,qwen_4b_bigdata_step110000_fixed,Qwen 4B bigdata (step 110000),qwen_4b_bigdata_step110000_fixed,3,25,990,0.7,990,989,1,0.998989898989899,1000,990,10,0.99,"{""all_atoms_connected"":0,""bond_angles"":5,""bond_lengths"":4,""bonds"":0,""double_bond_stereochemistry"":0,""energy_ratio"":1,""file_loads"":0,""inchi_convertible"":0,""internal_steric_clash"":4,""molecular_formula"":0,""no_radicals"":0,""planar_aromatic_rings"":6,""planar_double_bonds"":0,""reference_file_loads"":0,""sanitisation"":0,""tetrahedral_chirality"":0}","{""all_atoms_connected"":0.0,""bond_angles"":0.005,""bond_lengths"":0.004,""bonds"":0.0,""double_bond_stereochemistry"":0.0,""energy_ratio"":0.001,""file_loads"":0.0,""inchi_convertible"":0.0,""internal_steric_clash"":0.004,""molecular_formula"":0.0,""no_radicals"":0.0,""planar_aromatic_rings"":0.006,""planar_double_bonds"":0.0,""reference_file_loads"":0.0,""sanitisation"":0.0,""tetrahedral_chirality"":0.0}",990,100.85493769227772,1.0978530389530572,1.587154813390408,51.0,5.151515151515151,0.8103013015921177,0.11212121212121212,24.190583063624395,0.05782063054790327,0.23529411764705882,5.0,0.5050505050505051,0.8750244154750213,0.27575757575757576,4.08898784419177,0.248880726456484,0.0,1.0,0.10101010101010101,0.0,1.0,1.0,1.0,0.0,1.0,0.10101010101010101,0.0,1.0,1.0,1.0,0.0,990,84.10093793620734,836.0032619797323,101.49850253520103,27.0313283189346,0.11323963742130473,1.2183453910067716,1.0,1.0,1.0,1.0,0.13932156452018873,1.22423841252045,1.0,1.0,1.0,1.0,1000,0,0,0,0,0,1000,0,0,0,0,990,1000,1000,core
4f9w_4f9w_conf0,generation,qwen_4b_bigdata_step110000,dynamic,4b_bigdata_step110000,qwen_4b_bigdata_step110000_dynamic,Qwen 4B bigdata (step 110000),qwen_4b_bigdata_step110000_dynamic,3,25,46,0.7,46,46,0,1.0,46,46,0,1.0,"{""all_atoms_connected"":0,""bond_angles"":0,""bond_lengths"":0,""bonds"":0,""double_bond_stereochemistry"":0,""energy_ratio"":0,""file_loads"":0,""inchi_convertible"":0,""internal_steric_clash"":0,""molecular_formula"":0,""no_radicals"":0,""planar_aromatic_rings"":0,""planar_double_bonds"":0,""reference_file_loads"":0,""sanitisation"":0,""tetrahedral_chirality"":0}","{""all_atoms_connected"":0.0,""bond_angles"":0.0,""bond_lengths"":0.0,""bonds"":0.0,""double_bond_stereochemistry"":0.0,""energy_ratio"":0.0,""file_loads"":0.0,""inchi_convertible"":0.0,""internal_steric_clash"":0.0,""molecular_formula"":0.0,""no_radicals"":0.0,""planar_aromatic_rings"":0.0,""planar_double_bonds"":0.0,""reference_file_loads"":0.0,""sanitisation"":0.0,""tetrahedral_chirality"":0.0}",46,97.52323848074842,1.0796088634831436,1.5906939413310577,16.0,34.78260869565217,0.8561875681230341,0.1956521739130435,10.738721011102436,0.12003780718336483,0.625,5.0,10.869565217391305,0.863622558727566,0.391304347826087,4.014636822139486,0.27504725897920607,0.2,1.0,2.1739130434782608,0.0,1.0,1.0,1.0,0.0,1.0,2.1739130434782608,0.0,1.0,1.0,1.0,0.0,46,87.08869419275102,168.11967991750384,101.47696685441213,14.624848035870347,0.1358028601520534,0.8505446780216446,1.0,1.0,1.0,1.0,0.13932156452018873,0.8710062520872734,1.0,1.0,1.0,1.0,1000,0,0,0,0,0,46,0,0,0,0,46,46,46,core
4f9w_4f9w_conf0,generation,qwen_4b_bigdata_step110000,chembl_count,4b_bigdata_step110000,qwen_4b_bigdata_step110000_chembl_count,Qwen 4B bigdata (step 110000),qwen_4b_bigdata_step110000_chembl_count,3,25,4,0.7,4,4,0,1.0,4,4,0,1.0,"{""all_atoms_connected"":0,""bond_angles"":0,""bond_lengths"":0,""bonds"":0,""double_bond_stereochemistry"":0,""energy_ratio"":0,""file_loads"":0,""inchi_convertible"":0,""internal_steric_clash"":0,""molecular_formula"":0,""no_radicals"":0,""planar_aromatic_rings"":0,""planar_double_bonds"":0,""reference_file_loads"":0,""sanitisation"":0,""tetrahedral_chirality"":0}","{""all_atoms_connected"":0.0,""bond_angles"":0.0,""bond_lengths"":0.0,""bonds"":0.0,""double_bond_stereochemistry"":0.0,""energy_ratio"":0.0,""file_loads"":0.0,""inchi_convertible"":0.0,""internal_steric_clash"":0.0,""molecular_formula"":0.0,""no_radicals"":0.0,""planar_aromatic_rings"":0.0,""planar_double_bonds"":0.0,""reference_file_loads"":0.0,""sanitisation"":0.0,""tetrahedral_chirality"":0.0}",4,61.05835061375049,1.1069421063019025,1.5112257294371607,4.0,100.0,1.0,0.25,4.0,0.25,1.0,2.0,50.0,0.8112781244591328,0.75,1.7547653506033232,0.625,0.5,1.0,25.0,0.0,1.0,1.0,1.0,0.0,1.0,25.0,0.0,1.0,1.0,1.0,0.0,4,97.38546572567267,118.98164640121189,107.19220540212206,8.152520947115308,0.4241110036216505,0.8627116361087361,0.0,1.0,1.0,1.0,0.4478570796033829,0.8716491232255856,0.0,1.0,1.0,1.0,1000,0,0,0,0,0,4,0,0,0,0,4,4,4,core
4hge_4hge_conf0,generation,qwen_4b_bigdata_step110000,fixed,4b_bigdata_step110000,qwen_4b_bigdata_step110000_fixed,Qwen 4B bigdata (step 110000),qwen_4b_bigdata_step110000_fixed,3,25,882,0.7,882,882,0,1.0,998,882,116,0.8837675350701403,"{""all_atoms_connected"":0,""bond_angles"":24,""bond_lengths"":15,""bonds"":0,""double_bond_stereochemistry"":0,""energy_ratio"":18,""file_loads"":0,""inchi_convertible"":0,""internal_steric_clash"":105,""molecular_formula"":0,""no_radicals"":0,""planar_aromatic_rings"":9,""planar_double_bonds"":0,""reference_file_loads"":0,""sanitisation"":0,""tetrahedral_chirality"":0}","{""all_atoms_connected"":0.0,""bond_angles"":0.02404809619238477,""bond_lengths"":0.01503006012024048,""bonds"":0.0,""double_bond_stereochemistry"":0.0,""energy_ratio"":0.018036072144288578,""file_loads"":0.0,""inchi_convertible"":0.0,""internal_steric_clash"":0.10521042084168336,""molecular_formula"":0.0,""no_radicals"":0.0,""planar_aromatic_rings"":0.009018036072144289,""planar_double_bonds"":0.0,""reference_file_loads"":0.0,""sanitisation"":0.0,""tetrahedral_chirality"":0.0}",882,74.43403132274416,1.696856558362613,2.3099191768165532,232.0,26.303854875283445,0.8933200521030294,0.11678004535147392,129.75910755029867,0.020012237699312527,0.35344827586206895,40.0,4.535147392290249,0.8758228759948639,0.1473922902494331,25.300015609268815,0.054964238151798885,0.125,4.0,0.45351473922902497,0.787182647914217,0.42517006802721086,2.9780444669735533,0.35234033144625954,0.0,1.0,0.11337868480725624,0.0,1.0,1.0,1.0,0.0,882,89.45131305337918,299.63709548647256,120.61241264142944,21.403527247951345,0.15030668755888899,1.7212816714889625,1.0,1.0,1.0,1.0,0.1551833364713284,1.7017430574526358,1.0,1.0,1.0,1.0,998,0,0,0,0,0,998,0,0,0,0,882,1000,1000,core
4hge_4hge_conf0,generation,qwen_4b_bigdata_step110000,dynamic,4b_bigdata_step110000,qwen_4b_bigdata_step110000_dynamic,Qwen 4B bigdata (step 110000),qwen_4b_bigdata_step110000_dynamic,3,25,44,0.7,44,44,0,1.0,46,44,2,0.9565217391304348,"{""all_atoms_connected"":0,""bond_angles"":0,""bond_lengths"":0,""bonds"":0,""double_bond_stereochemistry"":0,""energy_ratio"":0,""file_loads"":0,""inchi_convertible"":0,""internal_steric_clash"":2,""molecular_formula"":0,""no_radicals"":0,""planar_aromatic_rings"":0,""planar_double_bonds"":0,""reference_file_loads"":0,""sanitisation"":0,""tetrahedral_chirality"":0}","{""all_atoms_connected"":0.0,""bond_angles"":0.0,""bond_lengths"":0.0,""bonds"":0.0,""double_bond_stereochemistry"":0.0,""energy_ratio"":0.0,""file_loads"":0.0,""inchi_convertible"":0.0,""internal_steric_clash"":0.043478260869565216,""molecular_formula"":0.0,""no_radicals"":0.0,""planar_aromatic_rings"":0.0,""planar_double_bonds"":0.0,""reference_file_loads"":0.0,""sanitisation"":0.0,""tetrahedral_chirality"":0.0}",44,75.55938256738222,1.7023991921110961,2.315414508619642,32.0,72.72727272727273,0.9480159398438083,0.1590909090909091,26.724289718589176,0.050619834710743807,0.78125,18.0,40.90909090909091,0.9169601519474251,0.18181818181818182,14.159074504884881,0.0878099173553719,0.3888888888888889,2.0,4.545454545454546,0.9865446300055644,0.5681818181818182,1.9814336112252706,0.5092975206611571,0.0,1.0,2.272727272727273,0.0,1.0,1.0,1.0,0.0,44,97.90987330378528,162.0271066942608,120.76250356461583,12.973545567800091,0.15030668755888899,1.6398631443343143,1.0,1.0,1.0,1.0,0.1551833364713284,1.620628037239888,1.0,1.0,1.0,1.0,998,0,0,0,0,0,46,0,0,0,0,44,46,46,core
4hge_4hge_conf0,generation,qwen_4b_bigdata_step110000,chembl_count,4b_bigdata_step110000,qwen_4b_bigdata_step110000_chembl_count,Qwen 4B bigdata (step 110000),qwen_4b_bigdata_step110000_chembl_count,3,25,34,0.7,34,34,0,1.0,36,34,2,0.9444444444444444,"{""all_atoms_connected"":0,""bond_angles"":0,""bond_lengths"":0,""bonds"":0,""double_bond_stereochemistry"":0,""energy_ratio"":0,""file_loads"":0,""inchi_convertible"":0,""internal_steric_clash"":2,""molecular_formula"":0,""no_radicals"":0,""planar_aromatic_rings"":0,""planar_double_bonds"":0,""reference_file_loads"":0,""sanitisation"":0,""tetrahedral_chirality"":0}","{""all_atoms_connected"":0.0,""bond_angles"":0.0,""bond_lengths"":0.0,""bonds"":0.0,""double_bond_stereochemistry"":0.0,""energy_ratio"":0.0,""file_loads"":0.0,""inchi_convertible"":0.0,""internal_steric_clash"":0.05555555555555555,""molecular_formula"":0.0,""no_radicals"":0.0,""planar_aromatic_rings"":0.0,""planar_double_bonds"":0.0,""reference_file_loads"":0.0,""sanitisation"":0.0,""tetrahedral_chirality"":0.0}",34,71.41064107171862,1.6827231356159336,2.2028049158364538,31.0,91.17647058823529,0.9867977312833282,0.08823529411764706,29.625953442246104,0.03633217993079584,0.9354838709677419,16.0,47.05882352941177,0.9408396073077769,0.17647058823529413,13.579499756337318,0.0865051903114187,0.375,2.0,5.882352941176471,0.9975025463691153,0.5294117647058824,1.996540789103284,0.5017301038062284,0.0,1.0,2.9411764705882355,0.0,1.0,1.0,1.0,0.0,34,103.14930179570553,280.4179761634003,125.80897669234747,32.28020761023653,0.555397645483918,1.6937105460313506,0.0,0.0,1.0,1.0,0.563116699115397,1.6656443626664532,0.0,0.0,1.0,1.0,998,0,0,0,0,0,36,0,0,0,0,34,36,36,core
4j21_4j21_conf0,generation,qwen_4b_bigdata_step110000,fixed,4b_bigdata_step110000,qwen_4b_bigdata_step110000_fixed,Qwen 4B bigdata (step 110000),qwen_4b_bigdata_step110000_fixed,2,20,998,0.7,998,998,0,1.0,1000,998,2,0.998,"{""all_atoms_connected"":0,""bond_angles"":0,""bond_lengths"":1,""bonds"":0,""double_bond_stereochemistry"":0,""energy_ratio"":0,""file_loads"":0,""inchi_convertible"":0,""internal_steric_clash"":0,""molecular_formula"":0,""no_radicals"":0,""planar_aromatic_rings"":1,""planar_double_bonds"":0,""reference_file_loads"":0,""sanitisation"":0,""tetrahedral_chirality"":0}","{""all_atoms_connected"":0.0,""bond_angles"":0.0,""bond_lengths"":0.001,""bonds"":0.0,""double_bond_stereochemistry"":0.0,""energy_ratio"":0.0,""file_loads"":0.0,""inchi_convertible"":0.0,""internal_steric_clash"":0.0,""molecular_formula"":0.0,""no_radicals"":0.0,""planar_aromatic_rings"":0.001,""planar_double_bonds"":0.0,""reference_file_loads"":0.0,""sanitisation"":0.0,""tetrahedral_chirality"":0.0}",998,85.57352354786744,0.821742660054133,1.5528614932663531,8.0,0.8016032064128257,0.7846903793977669,0.3867735470941884,5.112649547450798,0.23803518861370035,0.125,3.0,0.30060120240480964,0.8753504925567139,0.5651302605210421,2.6160637642586124,0.4243376532624367,0.0,1.0,0.10020040080160321,0.0,1.0,1.0,1.0,0.0,1.0,0.10020040080160321,0.0,1.0,1.0,1.0,0.0,998,61.27150828082311,227.49241361824755,75.15521494007092,10.23075776658181,0.07789696903259469,0.8615183643960622,1.0,1.0,1.0,1.0,0.09308671785862713,0.8351727614311552,1.0,1.0,1.0,1.0,1000,0,0,0,0,0,1000,0,0,0,0,998,1000,1000,core
4j21_4j21_conf0,generation,qwen_4b_bigdata_step110000,dynamic,4b_bigdata_step110000,qwen_4b_bigdata_step110000_dynamic,Qwen 4B bigdata (step 110000),qwen_4b_bigdata_step110000_dynamic,2,20,24,0.7,24,24,0,1.0,24,24,0,1.0,"{""all_atoms_connected"":0,""bond_angles"":0,""bond_lengths"":0,""bonds"":0,""double_bond_stereochemistry"":0,""energy_ratio"":0,""file_loads"":0,""inchi_convertible"":0,""internal_steric_clash"":0,""molecular_formula"":0,""no_radicals"":0,""planar_aromatic_rings"":0,""planar_double_bonds"":0,""reference_file_loads"":0,""sanitisation"":0,""tetrahedral_chirality"":0}","{""all_atoms_connected"":0.0,""bond_angles"":0.0,""bond_lengths"":0.0,""bonds"":0.0,""double_bond_stereochemistry"":0.0,""energy_ratio"":0.0,""file_loads"":0.0,""inchi_convertible"":0.0,""internal_steric_clash"":0.0,""molecular_formula"":0.0,""no_radicals"":0.0,""planar_aromatic_rings"":0.0,""planar_double_bonds"":0.0,""reference_file_loads"":0.0,""sanitisation"":0.0,""tetrahedral_chirality"":0.0}",24,105.63209155816847,0.9385466420659263,1.573053214958012,6.0,25.0,0.878320687767413,0.375,4.824655866905265,0.24305555555555555,0.16666666666666666,3.0,12.5,0.8868595071429147,0.5,2.649351128562104,0.40625,0.0,1.0,4.166666666666667,0.0,1.0,1.0,1.0,0.0,1.0,4.166666666666667,0.0,1.0,1.0,1.0,0.0,24,62.82761690047858,104.76380252344948,75.60172802257055,9.953172021938956,0.10814470282024757,0.7256295026348363,1.0,1.0,1.0,1.0,0.10725259783500643,0.7013224593385597,1.0,1.0,1.0,1.0,1000,0,0,0,0,0,24,0,0,0,0,24,24,24,core
4j21_4j21_conf0,generation,qwen_4b_bigdata_step110000,chembl_count,4b_bigdata_step110000,qwen_4b_bigdata_step110000_chembl_count,Qwen 4B bigdata (step 110000),qwen_4b_bigdata_step110000_chembl_count,2,20,3,0.7,3,3,0,1.0,3,3,0,1.0,"{""all_atoms_connected"":0,""bond_angles"":0,""bond_lengths"":0,""bonds"":0,""double_bond_stereochemistry"":0,""energy_ratio"":0,""file_loads"":0,""inchi_convertible"":0,""internal_steric_clash"":0,""molecular_formula"":0,""no_radicals"":0,""planar_aromatic_rings"":0,""planar_double_bonds"":0,""reference_file_loads"":0,""sanitisation"":0,""tetrahedral_chirality"":0}","{""all_atoms_connected"":0.0,""bond_angles"":0.0,""bond_lengths"":0.0,""bonds"":0.0,""double_bond_stereochemistry"":0.0,""energy_ratio"":0.0,""file_loads"":0.0,""inchi_convertible"":0.0,""internal_steric_clash"":0.0,""molecular_formula"":0.0,""no_radicals"":0.0,""planar_aromatic_rings"":0.0,""planar_double_bonds"":0.0,""reference_file_loads"":0.0,""sanitisation"":0.0,""tetrahedral_chirality"":0.0}",3,88.49807561801089,1.1712657918115204,1.5536005381866373,2.0,66.66666666666667,0.9182958340544894,0.6666666666666666,1.8898815748423097,0.5555555555555556,0.5,2.0,66.66666666666667,0.9182958340544894,0.6666666666666666,1.8898815748423097,0.5555555555555556,0.5,1.0,33.333333333333336,0.0,1.0,1.0,1.0,0.0,1.0,33.333333333333336,0.0,1.0,1.0,1.0,0.0,3,72.09419530139412,91.69881754635836,74.22041672814014,8.78354854945433,0.42150101987522853,0.8387505794131398,0.0,1.0,1.0,1.0,0.3955625967143126,0.8127958771330622,0.0,1.0,1.0,1.0,1000,0,0,0,0,0,3,0,0,0,0,3,3,3,core
4j3l_4j3l_conf0,generation,qwen_4b_bigdata_step110000,fixed,4b_bigdata_step110000,qwen_4b_bigdata_step110000_fixed,Qwen 4B bigdata (step 110000),qwen_4b_bigdata_step110000_fixed,5,26,978,0.7,978,978,0,1.0,1000,978,22,0.978,"{""all_atoms_connected"":0,""bond_angles"":9,""bond_lengths"":7,""bonds"":0,""double_bond_stereochemistry"":0,""energy_ratio"":4,""file_loads"":0,""inchi_convertible"":0,""internal_steric_clash"":10,""molecular_formula"":0,""no_radicals"":0,""planar_aromatic_rings"":13,""planar_double_bonds"":0,""reference_file_loads"":0,""sanitisation"":0,""tetrahedral_chirality"":0}","{""all_atoms_connected"":0.0,""bond_angles"":0.009,""bond_lengths"":0.007,""bonds"":0.0,""double_bond_stereochemistry"":0.0,""energy_ratio"":0.004,""file_loads"":0.0,""inchi_convertible"":0.0,""internal_steric_clash"":0.01,""molecular_formula"":0.0,""no_radicals"":0.0,""planar_aromatic_rings"":0.013,""planar_double_bonds"":0.0,""reference_file_loads"":0.0,""sanitisation"":0.0,""tetrahedral_chirality"":0.0}",978,93.46711633234725,1.4338169008924984,1.9090461343503204,321.0,32.82208588957055,0.9404455363347503,0.02147239263803681,227.63103314825167,0.00600323685498137,0.40498442367601245,27.0,2.7607361963190185,0.9215618222219576,0.07975460122699386,20.849238566408843,0.053322376537401565,0.07407407407407407,2.0,0.20449897750511248,0.9677552675925024,0.6053169734151329,1.955795146312302,0.5221833297786477,0.0,1.0,0.10224948875255624,0.0,1.0,1.0,1.0,0.0,978,69.55752873981385,260.7956891545442,88.53073888287018,17.290577870863235,0.31570607101397463,1.5209124374710044,0.0,1.0,1.0,1.0,0.33605589394386276,1.524549077562169,0.0,1.0,1.0,1.0,1000,0,0,0,0,0,1000,0,0,0,0,978,1000,1000,core
4j3l_4j3l_conf0,generation,qwen_4b_bigdata_step110000,dynamic,4b_bigdata_step110000,qwen_4b_bigdata_step110000_dynamic,Qwen 4B bigdata (step 110000),qwen_4b_bigdata_step110000_dynamic,5,26,89,0.7,89,89,0,1.0,90,89,1,0.9888888888888888,"{""all_atoms_connected"":0,""bond_angles"":0,""bond_lengths"":0,""bonds"":0,""double_bond_stereochemistry"":0,""energy_ratio"":0,""file_loads"":0,""inchi_convertible"":0,""internal_steric_clash"":0,""molecular_formula"":0,""no_radicals"":0,""planar_aromatic_rings"":1,""planar_double_bonds"":0,""reference_file_loads"":0,""sanitisation"":0,""tetrahedral_chirality"":0}","{""all_atoms_connected"":0.0,""bond_angles"":0.0,""bond_lengths"":0.0,""bonds"":0.0,""double_bond_stereochemistry"":0.0,""energy_ratio"":0.0,""file_loads"":0.0,""inchi_convertible"":0.0,""internal_steric_clash"":0.0,""molecular_formula"":0.0,""no_radicals"":0.0,""planar_aromatic_rings"":0.011111111111111112,""planar_double_bonds"":0.0,""reference_file_loads"":0.0,""sanitisation"":0.0,""tetrahedral_chirality"":0.0}",89,93.60841362666137,1.4498027760687193,1.9077895900872057,67.0,75.28089887640449,0.9751501863044665,0.056179775280898875,60.352766725195345,0.019063249589698263,0.7611940298507462,14.0,15.730337078651685,0.9250292062159399,0.14606741573033707,11.486875316288337,0.09859866178512813,0.07142857142857142,2.0,2.247191011235955,0.9423094893103273,0.6404494382022472,1.9216019088929333,0.5394520893826538,0.0,1.0,1.1235955056179776,0.0,1.0,1.0,1.0,0.0,89,75.07218966595859,181.9688083222539,86.2244230669834,16.94310905469312,0.5201151611924119,1.6225352315710042,0.0,0.0,1.0,1.0,0.5149112889664363,1.5958307065398463,0.0,0.0,1.0,1.0,1000,0,0,0,0,0,90,0,0,0,0,89,90,90,core
4j3l_4j3l_conf0,generation,qwen_4b_bigdata_step110000,chembl_count,4b_bigdata_step110000,qwen_4b_bigdata_step110000_chembl_count,Qwen 4B bigdata (step 110000),qwen_4b_bigdata_step110000_chembl_count,5,26,113,0.7,113,113,0,1.0,114,113,1,0.9912280701754386,"{""all_atoms_connected"":0,""bond_angles"":1,""bond_lengths"":1,""bonds"":0,""double_bond_stereochemistry"":0,""energy_ratio"":0,""file_loads"":0,""inchi_convertible"":0,""internal_steric_clash"":0,""molecular_formula"":0,""no_radicals"":0,""planar_aromatic_rings"":1,""planar_double_bonds"":0,""reference_file_loads"":0,""sanitisation"":0,""tetrahedral_chirality"":0}","{""all_atoms_connected"":0.0,""bond_angles"":0.008771929824561403,""bond_lengths"":0.008771929824561403,""bonds"":0.0,""double_bond_stereochemistry"":0.0,""energy_ratio"":0.0,""file_loads"":0.0,""inchi_convertible"":0.0,""internal_steric_clash"":0.0,""molecular_formula"":0.0,""no_radicals"":0.0,""planar_aromatic_rings"":0.008771929824561403,""planar_double_bonds"":0.0,""reference_file_loads"":0.0,""sanitisation"":0.0,""tetrahedral_chirality"":0.0}",113,91.81793884744,1.4534641340338235,1.8990831906670929,85.0,75.22123893805309,0.9781216830793233,0.035398230088495575,77.12700852367287,0.014644842979089988,0.7529411764705882,18.0,15.929203539823009,0.9191271847206431,0.13274336283185842,14.248038621305174,0.07995927637246455,0.16666666666666666,2.0,1.7699115044247788,0.9450087651303389,0.6371681415929203,1.9252005827729768,0.5376301981361109,0.0,1.0,0.8849557522123894,0.0,1.0,1.0,1.0,0.0,113,71.67874824070572,135.17388271142954,87.97873958770677,11.977014365177354,0.450764722235493,1.4524570088415734,0.0,1.0,1.0,1.0,0.41754329191004586,1.4826418264185877,0.0,1.0,1.0,1.0,1000,0,0,0,0,0,114,0,0,0,0,113,114,114,core
4jsz_4jsz_conf0,generation,qwen_4b_bigdata_step110000,fixed,4b_bigdata_step110000,qwen_4b_bigdata_step110000_fixed,Qwen 4B bigdata (step 110000),qwen_4b_bigdata_step110000_fixed,2,10,994,0.7,994,994,0,1.0,1000,994,6,0.994,"{""all_atoms_connected"":0,""bond_angles"":5,""bond_lengths"":5,""bonds"":0,""double_bond_stereochemistry"":0,""energy_ratio"":2,""file_loads"":0,""inchi_convertible"":0,""internal_steric_clash"":1,""molecular_formula"":0,""no_radicals"":0,""planar_aromatic_rings"":2,""planar_double_bonds"":0,""reference_file_loads"":0,""sanitisation"":0,""tetrahedral_chirality"":0}","{""all_atoms_connected"":0.0,""bond_angles"":0.005,""bond_lengths"":0.005,""bonds"":0.0,""double_bond_stereochemistry"":0.0,""energy_ratio"":0.002,""file_loads"":0.0,""inchi_convertible"":0.0,""internal_steric_clash"":0.001,""molecular_formula"":0.0,""no_radicals"":0.0,""planar_aromatic_rings"":0.002,""planar_double_bonds"":0.0,""reference_file_loads"":0.0,""sanitisation"":0.0,""tetrahedral_chirality"":0.0}",994,98.99042273205517,0.4565364365139992,0.7779048550154206,4.0,0.4024144869215292,0.7635117971059593,0.4798792756539235,2.8819066287449795,0.3655433607682311,0.25,1.0,0.1006036217303823,0.0,1.0,1.0,1.0,0.0,1.0,0.1006036217303823,0.0,1.0,1.0,1.0,0.0,1.0,0.1006036217303823,0.0,1.0,1.0,1.0,0.0,994,12.984883809195306,2071.8294195568064,27.674267271544878,66.60570655259868,0.0818739363577481,0.5079740834302024,1.0,1.0,1.0,1.0,0.27388806233450347,0.5121075041835561,0.0,1.0,1.0,1.0,1000,0,0,0,0,0,1000,0,0,0,0,994,1000,1000,core
4jsz_4jsz_conf0,generation,qwen_4b_bigdata_step110000,dynamic,4b_bigdata_step110000,qwen_4b_bigdata_step110000_dynamic,Qwen 4B bigdata (step 110000),qwen_4b_bigdata_step110000_dynamic,2,10,24,0.7,24,24,0,1.0,24,24,0,1.0,"{""all_atoms_connected"":0,""bond_angles"":0,""bond_lengths"":0,""bonds"":0,""double_bond_stereochemistry"":0,""energy_ratio"":0,""file_loads"":0,""inchi_convertible"":0,""internal_steric_clash"":0,""molecular_formula"":0,""no_radicals"":0,""planar_aromatic_rings"":0,""planar_double_bonds"":0,""reference_file_loads"":0,""sanitisation"":0,""tetrahedral_chirality"":0}","{""all_atoms_connected"":0.0,""bond_angles"":0.0,""bond_lengths"":0.0,""bonds"":0.0,""double_bond_stereochemistry"":0.0,""energy_ratio"":0.0,""file_loads"":0.0,""inchi_convertible"":0.0,""internal_steric_clash"":0.0,""molecular_formula"":0.0,""no_radicals"":0.0,""planar_aromatic_rings"":0.0,""planar_double_bonds"":0.0,""reference_file_loads"":0.0,""sanitisation"":0.0,""tetrahedral_chirality"":0.0}",24,94.50688404620975,0.41370719747715373,0.7060916080443566,3.0,12.5,0.7801071010409177,0.6666666666666666,2.356164883105644,0.5034722222222222,0.0,1.0,4.166666666666667,0.0,1.0,1.0,1.0,0.0,1.0,4.166666666666667,0.0,1.0,1.0,1.0,0.0,1.0,4.166666666666667,0.0,1.0,1.0,1.0,0.0,24,15.577536160342992,42.73144981092821,28.440012351377746,7.521929740035618,0.13255637016355512,0.2965969477803726,1.0,1.0,1.0,1.0,0.28747756311254613,0.43618026657889497,0.0,1.0,1.0,1.0,1000,0,0,0,0,0,24,0,0,0,0,24,24,24,core
4jsz_4jsz_conf0,generation,qwen_4b_bigdata_step110000,chembl_count,4b_bigdata_step110000,qwen_4b_bigdata_step110000_chembl_count,Qwen 4B bigdata (step 110000),qwen_4b_bigdata_step110000_chembl_count,2,10,2,0.7,2,2,0,1.0,2,2,0,1.0,"{""all_atoms_connected"":0,""bond_angles"":0,""bond_lengths"":0,""bonds"":0,""double_bond_stereochemistry"":0,""energy_ratio"":0,""file_loads"":0,""inchi_convertible"":0,""internal_steric_clash"":0,""molecular_formula"":0,""no_radicals"":0,""planar_aromatic_rings"":0,""planar_double_bonds"":0,""reference_file_loads"":0,""sanitisation"":0,""tetrahedral_chirality"":0}","{""all_atoms_connected"":0.0,""bond_angles"":0.0,""bond_lengths"":0.0,""bonds"":0.0,""double_bond_stereochemistry"":0.0,""energy_ratio"":0.0,""file_loads"":0.0,""inchi_convertible"":0.0,""internal_steric_clash"":0.0,""molecular_formula"":0.0,""no_radicals"":0.0,""planar_aromatic_rings"":0.0,""planar_double_bonds"":0.0,""reference_file_loads"":0.0,""sanitisation"":0.0,""tetrahedral_chirality"":0.0}",2,62.20423159114627,0.528010190870164,0.528010190870164,2.0,100.0,1.0,0.5,2.0,0.5,1.0,1.0,50.0,0.0,1.0,1.0,1.0,0.0,1.0,50.0,0.0,1.0,1.0,1.0,0.0,1.0,50.0,0.0,1.0,1.0,1.0,0.0,2,21.524949650106127,22.940988178354935,22.232968914230533,0.7080192641244043,0.2152837242848769,0.46223931063036383,1.0,1.0,1.0,1.0,0.3476813485639981,0.4637349540497895,0.0,1.0,1.0,1.0,1000,0,0,0,0,0,2,0,0,0,0,2,2,2,core
4jxs_4jxs_conf0,generation,qwen_4b_bigdata_step110000,fixed,4b_bigdata_step110000,qwen_4b_bigdata_step110000_fixed,Qwen 4B bigdata (step 110000),qwen_4b_bigdata_step110000_fixed,6,22,914,0.7,914,912,2,0.9978118161925602,1000,914,86,0.914,"{""all_atoms_connected"":0,""bond_angles"":5,""bond_lengths"":1,""bonds"":0,""double_bond_stereochemistry"":0,""energy_ratio"":15,""file_loads"":0,""inchi_convertible"":0,""internal_steric_clash"":85,""molecular_formula"":0,""no_radicals"":0,""planar_aromatic_rings"":4,""planar_double_bonds"":0,""reference_file_loads"":0,""sanitisation"":0,""tetrahedral_chirality"":0}","{""all_atoms_connected"":0.0,""bond_angles"":0.005,""bond_lengths"":0.001,""bonds"":0.0,""double_bond_stereochemistry"":0.0,""energy_ratio"":0.015,""file_loads"":0.0,""inchi_convertible"":0.0,""internal_steric_clash"":0.085,""molecular_formula"":0.0,""no_radicals"":0.0,""planar_aromatic_rings"":0.004,""planar_double_bonds"":0.0,""reference_file_loads"":0.0,""sanitisation"":0.0,""tetrahedral_chirality"":0.0}",914,100.55286216289356,1.6295066556440605,2.279942751187341,221.0,24.179431072210065,0.848483919859738,0.047045951859956234,97.53919029870508,0.0184032482798577,0.5475113122171946,39.0,4.266958424507659,0.7125756421688452,0.16301969365426697,13.6067336647302,0.10469525829666407,0.20512820512820512,4.0,0.437636761487965,0.7537528931791532,0.4573304157549234,2.843180686417864,0.39649220250037104,0.0,1.0,0.10940919037199125,0.0,1.0,1.0,1.0,0.0,914,30.53455261802125,208.2937874563214,55.04336297049335,18.35896220810296,0.7662120150647134,2.4987937552574224,0.0,0.0,0.0,1.0,0.7287168137397944,2.483768624865337,0.0,0.0,1.0,1.0,1000,0,0,0,0,0,1000,0,0,0,0,914,1000,1000,core
4jxs_4jxs_conf0,generation,qwen_4b_bigdata_step110000,dynamic,4b_bigdata_step110000,qwen_4b_bigdata_step110000_dynamic,Qwen 4B bigdata (step 110000),qwen_4b_bigdata_step110000_dynamic,6,22,101,0.7,101,101,0,1.0,112,101,11,0.9017857142857144,"{""all_atoms_connected"":0,""bond_angles"":2,""bond_lengths"":0,""bonds"":0,""double_bond_stereochemistry"":0,""energy_ratio"":2,""file_loads"":0,""inchi_convertible"":0,""internal_steric_clash"":10,""molecular_formula"":0,""no_radicals"":0,""planar_aromatic_rings"":0,""planar_double_bonds"":0,""reference_file_loads"":0,""sanitisation"":0,""tetrahedral_chirality"":0}","{""all_atoms_connected"":0.0,""bond_angles"":0.017857142857142856,""bond_lengths"":0.0,""bonds"":0.0,""double_bond_stereochemistry"":0.0,""energy_ratio"":0.017857142857142856,""file_loads"":0.0,""inchi_convertible"":0.0,""internal_steric_clash"":0.08928571428571429,""molecular_formula"":0.0,""no_radicals"":0.0,""planar_aromatic_rings"":0.0,""planar_double_bonds"":0.0,""reference_file_loads"":0.0,""sanitisation"":0.0,""tetrahedral_chirality"":0.0}",101,99.40732691654627,1.61219313917638,2.290796818380778,44.0,43.56435643564357,0.893005395216198,0.13861386138613863,29.350270412660556,0.050877364964219206,0.6136363636363636,13.0,12.871287128712872,0.6289821511716758,0.39603960396039606,5.019384740317328,0.29281442995784734,0.38461538461538464,4.0,3.9603960396039604,0.6767706399517641,0.4752475247524752,2.5553860852755355,0.4361337123811391,0.0,1.0,0.9900990099009901,0.0,1.0,1.0,1.0,0.0,101,37.71308971465013,117.12974634079029,54.20428373956189,15.090873393836784,1.3250596939569268,2.4847887827138146,0.0,0.0,0.0,1.0,1.2513403482317833,2.4583874475292484,0.0,0.0,0.0,1.0,1000,0,0,0,0,0,112,0,0,0,0,101,112,112,core
4jxs_4jxs_conf0,generation,qwen_4b_bigdata_step110000,chembl_count,4b_bigdata_step110000,qwen_4b_bigdata_step110000_chembl_count,Qwen 4B bigdata (step 110000),qwen_4b_bigdata_step110000_chembl_count,6,22,31,0.7,31,31,0,1.0,32,31,1,0.96875,"{""all_atoms_connected"":0,""bond_angles"":0,""bond_lengths"":0,""bonds"":0,""double_bond_stereochemistry"":0,""energy_ratio"":0,""file_loads"":0,""inchi_convertible"":0,""internal_steric_clash"":1,""molecular_formula"":0,""no_radicals"":0,""planar_aromatic_rings"":0,""planar_double_bonds"":0,""reference_file_loads"":0,""sanitisation"":0,""tetrahedral_chirality"":0}","{""all_atoms_connected"":0.0,""bond_angles"":0.0,""bond_lengths"":0.0,""bonds"":0.0,""double_bond_stereochemistry"":0.0,""energy_ratio"":0.0,""file_loads"":0.0,""inchi_convertible"":0.0,""internal_steric_clash"":0.03125,""molecular_formula"":0.0,""no_radicals"":0.0,""planar_aromatic_rings"":0.0,""planar_double_bonds"":0.0,""reference_file_loads"":0.0,""sanitisation"":0.0,""tetrahedral_chirality"":0.0}",31,100.03255019066596,1.668724240209921,2.299426788789931,20.0,64.51612903225806,0.9438788352492298,0.16129032258064516,16.904980608637562,0.07180020811654528,0.7,9.0,29.032258064516128,0.8346240284543057,0.3548387096774194,6.2579736094968785,0.2049947970863684,0.4444444444444444,4.0,12.903225806451612,0.7187183163441816,0.5161290322580645,2.708392130896522,0.42143600416233085,0.25,1.0,3.225806451612903,0.0,1.0,1.0,1.0,0.0,31,39.479652604205754,122.91915381534918,53.75043907351052,15.349170875152101,1.5077020785313269,2.5291209976811344,0.0,0.0,0.0,1.0,1.4462746003015183,2.504528578020454,0.0,0.0,0.0,1.0,1000,0,0,0,0,0,32,0,0,0,0,31,32,32,core
4k18_4k18_conf0,generation,qwen_4b_bigdata_step110000,fixed,4b_bigdata_step110000,qwen_4b_bigdata_step110000_fixed,Qwen 4B bigdata (step 110000),qwen_4b_bigdata_step110000_fixed,5,29,943,0.7,943,943,0,1.0,999,943,56,0.943943943943944,"{""all_atoms_connected"":0,""bond_angles"":16,""bond_lengths"":7,""bonds"":0,""double_bond_stereochemistry"":0,""energy_ratio"":16,""file_loads"":0,""inchi_convertible"":0,""internal_steric_clash"":53,""molecular_formula"":0,""no_radicals"":0,""planar_aromatic_rings"":2,""planar_double_bonds"":0,""reference_file_loads"":0,""sanitisation"":0,""tetrahedral_chirality"":0}","{""all_atoms_connected"":0.0,""bond_angles"":0.016016016016016016,""bond_lengths"":0.007007007007007007,""bonds"":0.0,""double_bond_stereochemistry"":0.0,""energy_ratio"":0.016016016016016016,""file_loads"":0.0,""inchi_convertible"":0.0,""internal_steric_clash"":0.05305305305305305,""molecular_formula"":0.0,""no_radicals"":0.0,""planar_aromatic_rings"":0.002002002002002002,""planar_double_bonds"":0.0,""reference_file_loads"":0.0,""sanitisation"":0.0,""tetrahedral_chirality"":0.0}",943,105.87733459458073,1.0868428548730418,1.6310581193227416,171.0,18.133616118769883,0.8693182803682024,0.04984093319194061,87.33419846840951,0.01806355700146978,0.3742690058479532,20.0,2.1208907741251326,0.7422705777700088,0.264050901378579,9.240942896611603,0.14390232656994836,0.15,4.0,0.4241781548250265,0.6539001834173224,0.6521739130434783,2.4756379911551583,0.484598801910376,0.0,1.0,0.10604453870625663,0.0,1.0,1.0,1.0,0.0,943,93.90917496438354,269.19626470247283,113.47237508657501,17.230714842869087,0.18432297248331092,0.9253238222752288,1.0,1.0,1.0,1.0,0.16731092860112898,0.9313776019227249,1.0,1.0,1.0,1.0,999,0,0,0,0,0,999,0,0,0,0,943,1000,1000,core
4k18_4k18_conf0,generation,qwen_4b_bigdata_step110000,dynamic,4b_bigdata_step110000,qwen_4b_bigdata_step110000_dynamic,Qwen 4B bigdata (step 110000),qwen_4b_bigdata_step110000_dynamic,5,29,87,0.7,87,87,0,1.0,90,87,3,0.9666666666666668,"{""all_atoms_connected"":0,""bond_angles"":2,""bond_lengths"":1,""bonds"":0,""double_bond_stereochemistry"":0,""energy_ratio"":2,""file_loads"":0,""inchi_convertible"":0,""internal_steric_clash"":3,""molecular_formula"":0,""no_radicals"":0,""planar_aromatic_rings"":0,""planar_double_bonds"":0,""reference_file_loads"":0,""sanitisation"":0,""tetrahedral_chirality"":0}","{""all_atoms_connected"":0.0,""bond_angles"":0.022222222222222223,""bond_lengths"":0.011111111111111112,""bonds"":0.0,""double_bond_stereochemistry"":0.0,""energy_ratio"":0.022222222222222223,""file_loads"":0.0,""inchi_convertible"":0.0,""internal_steric_clash"":0.03333333333333333,""molecular_formula"":0.0,""no_radicals"":0.0,""planar_aromatic_rings"":0.0,""planar_double_bonds"":0.0,""reference_file_loads"":0.0,""sanitisation"":0.0,""tetrahedral_chirality"":0.0}",87,104.22172366518689,1.1356911853387621,1.7116334598440879,44.0,50.57471264367816,0.9243776059887293,0.09195402298850575,33.04995333710257,0.04082441537851762,0.5909090909090909,9.0,10.344827586206897,0.7685886571412059,0.3333333333333333,5.412774929528384,0.23133835381159995,0.1111111111111111,2.0,2.2988505747126435,0.9063701886077911,0.6781609195402298,1.87432377451097,0.5634826265028405,0.0,1.0,1.1494252873563218,0.0,1.0,1.0,1.0,0.0,87,94.94713808004863,235.57026181493262,111.93637679720837,18.96747288981592,0.3027509397341981,0.9561263931226983,0.0,1.0,1.0,1.0,0.2448886179898036,0.9608268287653836,1.0,1.0,1.0,1.0,999,0,0,0,0,0,90,0,0,0,0,87,90,90,core
4k18_4k18_conf0,generation,qwen_4b_bigdata_step110000,chembl_count,4b_bigdata_step110000,qwen_4b_bigdata_step110000_chembl_count,Qwen 4B bigdata (step 110000),qwen_4b_bigdata_step110000_chembl_count,5,29,100,0.7,100,100,0,1.0,109,100,9,0.9174311926605504,"{""all_atoms_connected"":0,""bond_angles"":3,""bond_lengths"":1,""bonds"":0,""double_bond_stereochemistry"":0,""energy_ratio"":3,""file_loads"":0,""inchi_convertible"":0,""internal_steric_clash"":8,""molecular_formula"":0,""no_radicals"":0,""planar_aromatic_rings"":0,""planar_double_bonds"":0,""reference_file_loads"":0,""sanitisation"":0,""tetrahedral_chirality"":0}","{""all_atoms_connected"":0.0,""bond_angles"":0.027522935779816515,""bond_lengths"":0.009174311926605505,""bonds"":0.0,""double_bond_stereochemistry"":0.0,""energy_ratio"":0.027522935779816515,""file_loads"":0.0,""inchi_convertible"":0.0,""internal_steric_clash"":0.07339449541284404,""molecular_formula"":0.0,""no_radicals"":0.0,""planar_aromatic_rings"":0.0,""planar_double_bonds"":0.0,""reference_file_loads"":0.0,""sanitisation"":0.0,""tetrahedral_chirality"":0.0}",100,106.87186518482932,1.1469605237873273,1.729628001948995,41.0,41.0,0.9313685207928937,0.08,31.775772318195166,0.03880000000000001,0.4634146341463415,10.0,10.0,0.6665685600404789,0.44,4.6405404224318625,0.3012,0.2,2.0,2.0,0.4364698170641029,0.91,1.3532888610297196,0.8362,0.0,1.0,1.0,0.0,1.0,1.0,1.0,0.0,100,96.2747752524138,171.07819536598325,114.52264775468346,15.693293762256973,0.2839405578841489,0.9270701751210573,0.0,1.0,1.0,1.0,0.2723101881246528,0.9216089306529296,0.0,1.0,1.0,1.0,999,0,0,0,0,0,109,0,0,0,0,100,109,109,core
4k77_4k77_conf0,generation,qwen_4b_bigdata_step110000,fixed,4b_bigdata_step110000,qwen_4b_bigdata_step110000_fixed,Qwen 4B bigdata (step 110000),qwen_4b_bigdata_step110000_fixed,2,18,989,0.7,989,989,0,1.0,1000,989,11,0.989,"{""all_atoms_connected"":0,""bond_angles"":8,""bond_lengths"":7,""bonds"":0,""double_bond_stereochemistry"":0,""energy_ratio"":6,""file_loads"":0,""inchi_convertible"":0,""internal_steric_clash"":7,""molecular_formula"":0,""no_radicals"":0,""planar_aromatic_rings"":5,""planar_double_bonds"":0,""reference_file_loads"":0,""sanitisation"":0,""tetrahedral_chirality"":0}","{""all_atoms_connected"":0.0,""bond_angles"":0.008,""bond_lengths"":0.007,""bonds"":0.0,""double_bond_stereochemistry"":0.0,""energy_ratio"":0.006,""file_loads"":0.0,""inchi_convertible"":0.0,""internal_steric_clash"":0.007,""molecular_formula"":0.0,""no_radicals"":0.0,""planar_aromatic_rings"":0.005,""planar_double_bonds"":0.0,""reference_file_loads"":0.0,""sanitisation"":0.0,""tetrahedral_chirality"":0.0}",989,124.42217564438113,1.0449241954786752,1.5269607283822386,75.0,7.583417593528817,0.8797104005977471,0.1172901921132457,44.61808177971916,0.03466953475081303,0.12,7.0,0.7077856420626896,0.7772009838557749,0.4236602628918099,4.537441388355577,0.2698940110681603,0.14285714285714285,1.0,0.10111223458038422,0.0,1.0,1.0,1.0,0.0,1.0,0.10111223458038422,0.0,1.0,1.0,1.0,0.0,989,6.466009050953177,239.65666201455684,28.26730867608451,15.591603951040247,0.08718608177168455,0.8385182994021824,1.0,1.0,1.0,1.0,0.08239577755361038,0.8528644744284647,1.0,1.0,1.0,1.0,1000,0,0,0,0,0,1000,0,0,0,0,989,1000,1000,core
4k77_4k77_conf0,generation,qwen_4b_bigdata_step110000,dynamic,4b_bigdata_step110000,qwen_4b_bigdata_step110000_dynamic,Qwen 4B bigdata (step 110000),qwen_4b_bigdata_step110000_dynamic,2,18,24,0.7,24,24,0,1.0,24,24,0,1.0,"{""all_atoms_connected"":0,""bond_angles"":0,""bond_lengths"":0,""bonds"":0,""double_bond_stereochemistry"":0,""energy_ratio"":0,""file_loads"":0,""inchi_convertible"":0,""internal_steric_clash"":0,""molecular_formula"":0,""no_radicals"":0,""planar_aromatic_rings"":0,""planar_double_bonds"":0,""reference_file_loads"":0,""sanitisation"":0,""tetrahedral_chirality"":0}","{""all_atoms_connected"":0.0,""bond_angles"":0.0,""bond_lengths"":0.0,""bonds"":0.0,""double_bond_stereochemistry"":0.0,""energy_ratio"":0.0,""file_loads"":0.0,""inchi_convertible"":0.0,""internal_steric_clash"":0.0,""molecular_formula"":0.0,""no_radicals"":0.0,""planar_aromatic_rings"":0.0,""planar_double_bonds"":0.0,""reference_file_loads"":0.0,""sanitisation"":0.0,""tetrahedral_chirality"":0.0}",24,124.85533387086673,0.9648068111974517,1.348328617518753,14.0,58.333333333333336,0.9469536242392339,0.16666666666666666,12.171107469940319,0.09374999999999997,0.5714285714285714,3.0,12.5,0.9400439301545986,0.5,2.8087619906869374,0.37847222222222227,0.0,1.0,4.166666666666667,0.0,1.0,1.0,1.0,0.0,1.0,4.166666666666667,0.0,1.0,1.0,1.0,0.0,24,11.81730876150931,69.9714873551588,28.226211542406404,11.08915027519875,0.17645468316564195,0.7343680782069413,1.0,1.0,1.0,1.0,0.15983041063155873,0.7827078450731726,1.0,1.0,1.0,1.0,1000,0,0,0,0,0,24,0,0,0,0,24,24,24,core
4k77_4k77_conf0,generation,qwen_4b_bigdata_step110000,chembl_count,4b_bigdata_step110000,qwen_4b_bigdata_step110000_chembl_count,Qwen 4B bigdata (step 110000),qwen_4b_bigdata_step110000_chembl_count,2,18,5,0.7,5,5,0,1.0,5,5,0,1.0,"{""all_atoms_connected"":0,""bond_angles"":0,""bond_lengths"":0,""bonds"":0,""double_bond_stereochemistry"":0,""energy_ratio"":0,""file_loads"":0,""inchi_convertible"":0,""internal_steric_clash"":0,""molecular_formula"":0,""no_radicals"":0,""planar_aromatic_rings"":0,""planar_double_bonds"":0,""reference_file_loads"":0,""sanitisation"":0,""tetrahedral_chirality"":0}","{""all_atoms_connected"":0.0,""bond_angles"":0.0,""bond_lengths"":0.0,""bonds"":0.0,""double_bond_stereochemistry"":0.0,""energy_ratio"":0.0,""file_loads"":0.0,""inchi_convertible"":0.0,""internal_steric_clash"":0.0,""molecular_formula"":0.0,""no_radicals"":0.0,""planar_aromatic_rings"":0.0,""planar_double_bonds"":0.0,""reference_file_loads"":0.0,""sanitisation"":0.0,""tetrahedral_chirality"":0.0}",5,141.82835793360965,0.9742627915526485,1.2480199609358862,5.0,100.0,1.0000000000000002,0.2,5.000000000000001,0.20000000000000004,1.0,2.0,40.0,0.9709505944546688,0.6,1.9601317042077895,0.52,0.0,1.0,20.0,0.0,1.0,1.0,1.0,0.0,1.0,20.0,0.0,1.0,1.0,1.0,0.0,5,17.57764462200611,33.69784402349679,27.271878240899014,5.890307121502598,0.435027422963405,0.8333853309180146,0.0,1.0,1.0,1.0,0.4598847187364671,0.8705446098752879,0.0,1.0,1.0,1.0,1000,0,0,0,0,0,5,0,0,0,0,5,5,5,core
4kzq_4kzq_conf0,generation,qwen_4b_bigdata_step110000,fixed,4b_bigdata_step110000,qwen_4b_bigdata_step110000_fixed,Qwen 4B bigdata (step 110000),qwen_4b_bigdata_step110000_fixed,2,18,993,0.7,993,993,0,1.0,1000,993,7,0.993,"{""all_atoms_connected"":0,""bond_angles"":2,""bond_lengths"":7,""bonds"":0,""double_bond_stereochemistry"":0,""energy_ratio"":0,""file_loads"":0,""inchi_convertible"":0,""internal_steric_clash"":0,""molecular_formula"":0,""no_radicals"":0,""planar_aromatic_rings"":0,""planar_double_bonds"":0,""reference_file_loads"":0,""sanitisation"":0,""tetrahedral_chirality"":0}","{""all_atoms_connected"":0.0,""bond_angles"":0.002,""bond_lengths"":0.007,""bonds"":0.0,""double_bond_stereochemistry"":0.0,""energy_ratio"":0.0,""file_loads"":0.0,""inchi_convertible"":0.0,""internal_steric_clash"":0.0,""molecular_formula"":0.0,""no_radicals"":0.0,""planar_aromatic_rings"":0.0,""planar_double_bonds"":0.0,""reference_file_loads"":0.0,""sanitisation"":0.0,""tetrahedral_chirality"":0.0}",993,103.30395007128578,0.3536873697599288,0.6340860648564731,6.0,0.6042296072507553,0.4792975939240659,0.6908358509566969,2.360293563208617,0.523804597945944,0.3333333333333333,2.0,0.2014098690835851,0.029641090489636972,0.9969788519637462,1.0207581528486191,0.9939759585984065,0.0,1.0,0.10070493454179255,0.0,1.0,1.0,1.0,0.0,1.0,0.10070493454179255,0.0,1.0,1.0,1.0,0.0,993,49.80334836900347,294.43881793818343,64.47000301108983,18.264804347527313,0.05795645803370469,0.23551910823192249,1.0,1.0,1.0,1.0,0.06444599567781162,0.23528988586280422,1.0,1.0,1.0,1.0,1000,0,0,0,0,0,1000,0,0,0,0,993,1000,1000,core
4kzq_4kzq_conf0,generation,qwen_4b_bigdata_step110000,dynamic,4b_bigdata_step110000,qwen_4b_bigdata_step110000_dynamic,Qwen 4B bigdata (step 110000),qwen_4b_bigdata_step110000_dynamic,2,18,24,0.7,24,24,0,1.0,24,24,0,1.0,"{""all_atoms_connected"":0,""bond_angles"":0,""bond_lengths"":0,""bonds"":0,""double_bond_stereochemistry"":0,""energy_ratio"":0,""file_loads"":0,""inchi_convertible"":0,""internal_steric_clash"":0,""molecular_formula"":0,""no_radicals"":0,""planar_aromatic_rings"":0,""planar_double_bonds"":0,""reference_file_loads"":0,""sanitisation"":0,""tetrahedral_chirality"":0}","{""all_atoms_connected"":0.0,""bond_angles"":0.0,""bond_lengths"":0.0,""bonds"":0.0,""double_bond_stereochemistry"":0.0,""energy_ratio"":0.0,""file_loads"":0.0,""inchi_convertible"":0.0,""internal_steric_clash"":0.0,""molecular_formula"":0.0,""no_radicals"":0.0,""planar_aromatic_rings"":0.0,""planar_double_bonds"":0.0,""reference_file_loads"":0.0,""sanitisation"":0.0,""tetrahedral_chirality"":0.0}",24,103.47834530848368,0.3978760486162299,0.6826283862828928,3.0,12.5,0.8868595071429147,0.5,2.649351128562104,0.40625,0.0,1.0,4.166666666666667,0.0,1.0,1.0,1.0,0.0,1.0,4.166666666666667,0.0,1.0,1.0,1.0,0.0,1.0,4.166666666666667,0.0,1.0,1.0,1.0,0.0,24,52.8448653947834,162.74249066965248,67.42104200420779,22.694890251476384,0.07164989303191152,0.24709068874426476,1.0,1.0,1.0,1.0,0.07923074813615784,0.2643157875161854,1.0,1.0,1.0,1.0,1000,0,0,0,0,0,24,0,0,0,0,24,24,24,core
4kzq_4kzq_conf0,generation,qwen_4b_bigdata_step110000,chembl_count,4b_bigdata_step110000,qwen_4b_bigdata_step110000_chembl_count,Qwen 4B bigdata (step 110000),qwen_4b_bigdata_step110000_chembl_count,2,18,6,0.7,6,6,0,1.0,6,6,0,1.0,"{""all_atoms_connected"":0,""bond_angles"":0,""bond_lengths"":0,""bonds"":0,""double_bond_stereochemistry"":0,""energy_ratio"":0,""file_loads"":0,""inchi_convertible"":0,""internal_steric_clash"":0,""molecular_formula"":0,""no_radicals"":0,""planar_aromatic_rings"":0,""planar_double_bonds"":0,""reference_file_loads"":0,""sanitisation"":0,""tetrahedral_chirality"":0}","{""all_atoms_connected"":0.0,""bond_angles"":0.0,""bond_lengths"":0.0,""bonds"":0.0,""double_bond_stereochemistry"":0.0,""energy_ratio"":0.0,""file_loads"":0.0,""inchi_convertible"":0.0,""internal_steric_clash"":0.0,""molecular_formula"":0.0,""no_radicals"":0.0,""planar_aromatic_rings"":0.0,""planar_double_bonds"":0.0,""reference_file_loads"":0.0,""sanitisation"":0.0,""tetrahedral_chirality"":0.0}",6,108.81413698473085,0.32922337879551766,0.6554982622509221,2.0,33.333333333333336,0.6500224216483541,0.8333333333333334,1.5691925832141966,0.7222222222222223,0.5,1.0,16.666666666666668,0.0,1.0,1.0,1.0,0.0,1.0,16.666666666666668,0.0,1.0,1.0,1.0,0.0,1.0,16.666666666666668,0.0,1.0,1.0,1.0,0.0,6,49.97961270915184,77.92844964699606,60.90471309573552,8.790743151979926,0.0908648505294545,0.16193712433050517,1.0,1.0,1.0,1.0,0.10132478837837876,0.17015882492026715,1.0,1.0,1.0,1.0,1000,0,0,0,0,0,6,0,0,0,0,6,6,6,core
4kzu_4kzu_conf0,generation,qwen_4b_bigdata_step110000,fixed,4b_bigdata_step110000,qwen_4b_bigdata_step110000_fixed,Qwen 4B bigdata (step 110000),qwen_4b_bigdata_step110000_fixed,1,18,995,0.7,995,995,0,1.0,1000,995,5,0.995,"{""all_atoms_connected"":0,""bond_angles"":2,""bond_lengths"":5,""bonds"":0,""double_bond_stereochemistry"":0,""energy_ratio"":1,""file_loads"":0,""inchi_convertible"":0,""internal_steric_clash"":1,""molecular_formula"":0,""no_radicals"":0,""planar_aromatic_rings"":0,""planar_double_bonds"":0,""reference_file_loads"":0,""sanitisation"":0,""tetrahedral_chirality"":0}","{""all_atoms_connected"":0.0,""bond_angles"":0.002,""bond_lengths"":0.005,""bonds"":0.0,""double_bond_stereochemistry"":0.0,""energy_ratio"":0.001,""file_loads"":0.0,""inchi_convertible"":0.0,""internal_steric_clash"":0.001,""molecular_formula"":0.0,""no_radicals"":0.0,""planar_aromatic_rings"":0.0,""planar_double_bonds"":0.0,""reference_file_loads"":0.0,""sanitisation"":0.0,""tetrahedral_chirality"":0.0}",995,97.45945913560178,0.3503860310669823,0.6613343712935296,4.0,0.4020100502512563,0.7737097527180389,0.42311557788944726,2.922938562714823,0.3559394964773617,0.0,1.0,0.10050251256281408,0.0,1.0,1.0,1.0,0.0,1.0,0.10050251256281408,0.0,1.0,1.0,1.0,0.0,1.0,0.10050251256281408,0.0,1.0,1.0,1.0,0.0,995,48.53632688626767,283.24194595476604,62.596132885518834,15.69237829763177,0.07449732625009553,0.22946628122805734,1.0,1.0,1.0,1.0,0.06069433784818764,0.2305593361603072,1.0,1.0,1.0,1.0,1000,0,0,0,0,0,1000,0,0,0,0,995,1000,1000,core
4kzu_4kzu_conf0,generation,qwen_4b_bigdata_step110000,dynamic,4b_bigdata_step110000,qwen_4b_bigdata_step110000_dynamic,Qwen 4B bigdata (step 110000),qwen_4b_bigdata_step110000_dynamic,1,18,2,0.7,2,2,0,1.0,2,2,0,1.0,"{""all_atoms_connected"":0,""bond_angles"":0,""bond_lengths"":0,""bonds"":0,""double_bond_stereochemistry"":0,""energy_ratio"":0,""file_loads"":0,""inchi_convertible"":0,""internal_steric_clash"":0,""molecular_formula"":0,""no_radicals"":0,""planar_aromatic_rings"":0,""planar_double_bonds"":0,""reference_file_loads"":0,""sanitisation"":0,""tetrahedral_chirality"":0}","{""all_atoms_connected"":0.0,""bond_angles"":0.0,""bond_lengths"":0.0,""bonds"":0.0,""double_bond_stereochemistry"":0.0,""energy_ratio"":0.0,""file_loads"":0.0,""inchi_convertible"":0.0,""internal_steric_clash"":0.0,""molecular_formula"":0.0,""no_radicals"":0.0,""planar_aromatic_rings"":0.0,""planar_double_bonds"":0.0,""reference_file_loads"":0.0,""sanitisation"":0.0,""tetrahedral_chirality"":0.0}",2,157.82328443031295,0.4451118960707632,0.4451118960707632,1.0,50.0,0.0,1.0,1.0,1.0,0.0,1.0,50.0,0.0,1.0,1.0,1.0,0.0,1.0,50.0,0.0,1.0,1.0,1.0,0.0,1.0,50.0,0.0,1.0,1.0,1.0,0.0,2,55.8506036291614,90.52825736619376,73.18943049767758,17.33882686851618,0.18876350124057645,0.2598685736220365,1.0,1.0,1.0,1.0,0.15959175758770267,0.2540346065083765,1.0,1.0,1.0,1.0,1000,0,0,0,0,0,2,0,0,0,0,2,2,2,core
4kzu_4kzu_conf0,generation,qwen_4b_bigdata_step110000,chembl_count,4b_bigdata_step110000,qwen_4b_bigdata_step110000_chembl_count,Qwen 4B bigdata (step 110000),qwen_4b_bigdata_step110000_chembl_count,1,18,3,0.7,3,3,0,1.0,3,3,0,1.0,"{""all_atoms_connected"":0,""bond_angles"":0,""bond_lengths"":0,""bonds"":0,""double_bond_stereochemistry"":0,""energy_ratio"":0,""file_loads"":0,""inchi_convertible"":0,""internal_steric_clash"":0,""molecular_formula"":0,""no_radicals"":0,""planar_aromatic_rings"":0,""planar_double_bonds"":0,""reference_file_loads"":0,""sanitisation"":0,""tetrahedral_chirality"":0}","{""all_atoms_connected"":0.0,""bond_angles"":0.0,""bond_lengths"":0.0,""bonds"":0.0,""double_bond_stereochemistry"":0.0,""energy_ratio"":0.0,""file_loads"":0.0,""inchi_convertible"":0.0,""internal_steric_clash"":0.0,""molecular_formula"":0.0,""no_radicals"":0.0,""planar_aromatic_rings"":0.0,""planar_double_bonds"":0.0,""reference_file_loads"":0.0,""sanitisation"":0.0,""tetrahedral_chirality"":0.0}",3,156.50524422454342,0.3196739083984888,0.41000188067031945,1.0,33.333333333333336,0.0,1.0,1.0,1.0,0.0,1.0,33.333333333333336,0.0,1.0,1.0,1.0,0.0,1.0,33.333333333333336,0.0,1.0,1.0,1.0,0.0,1.0,33.333333333333336,0.0,1.0,1.0,1.0,0.0,3,60.07624765768375,73.58884533959761,66.16483203769347,5.525467595825028,0.12112530270760692,0.2524367461069669,1.0,1.0,1.0,1.0,0.12251480358135193,0.24108713803164927,1.0,1.0,1.0,1.0,1000,0,0,0,0,0,3,0,0,0,0,3,3,3,core
4llx_4llx_conf0,generation,qwen_4b_bigdata_step110000,fixed,4b_bigdata_step110000,qwen_4b_bigdata_step110000_fixed,Qwen 4B bigdata (step 110000),qwen_4b_bigdata_step110000_fixed,1,9,997,0.7,997,997,0,1.0,1000,997,3,0.997,"{""all_atoms_connected"":0,""bond_angles"":0,""bond_lengths"":3,""bonds"":0,""double_bond_stereochemistry"":0,""energy_ratio"":0,""file_loads"":0,""inchi_convertible"":0,""internal_steric_clash"":0,""molecular_formula"":0,""no_radicals"":0,""planar_aromatic_rings"":0,""planar_double_bonds"":0,""reference_file_loads"":0,""sanitisation"":0,""tetrahedral_chirality"":0}","{""all_atoms_connected"":0.0,""bond_angles"":0.0,""bond_lengths"":0.003,""bonds"":0.0,""double_bond_stereochemistry"":0.0,""energy_ratio"":0.0,""file_loads"":0.0,""inchi_convertible"":0.0,""internal_steric_clash"":0.0,""molecular_formula"":0.0,""no_radicals"":0.0,""planar_aromatic_rings"":0.0,""planar_double_bonds"":0.0,""reference_file_loads"":0.0,""sanitisation"":0.0,""tetrahedral_chirality"":0.0}",997,,0.11860008075867008,0.17172402916458074,1.0,0.10030090270812438,0.0,1.0,1.0,1.0,0.0,1.0,0.10030090270812438,0.0,1.0,1.0,1.0,0.0,1.0,0.10030090270812438,0.0,1.0,1.0,1.0,0.0,1.0,0.10030090270812438,0.0,1.0,1.0,1.0,0.0,997,-1.1018954829601864,201.86117928918833,9.662716937791727,18.870498473757827,0.029625371576331137,0.08030444181395886,1.0,1.0,1.0,1.0,0.04259611169096714,0.08950332157791972,1.0,1.0,1.0,1.0,1000,0,0,0,0,0,1000,0,0,0,0,997,1000,1000,core
4llx_4llx_conf0,generation,qwen_4b_bigdata_step110000,dynamic,4b_bigdata_step110000,qwen_4b_bigdata_step110000_dynamic,Qwen 4B bigdata (step 110000),qwen_4b_bigdata_step110000_dynamic,1,9,2,0.7,2,2,0,1.0,2,2,0,1.0,"{""all_atoms_connected"":0,""bond_angles"":0,""bond_lengths"":0,""bonds"":0,""double_bond_stereochemistry"":0,""energy_ratio"":0,""file_loads"":0,""inchi_convertible"":0,""internal_steric_clash"":0,""molecular_formula"":0,""no_radicals"":0,""planar_aromatic_rings"":0,""planar_double_bonds"":0,""reference_file_loads"":0,""sanitisation"":0,""tetrahedral_chirality"":0}","{""all_atoms_connected"":0.0,""bond_angles"":0.0,""bond_lengths"":0.0,""bonds"":0.0,""double_bond_stereochemistry"":0.0,""energy_ratio"":0.0,""file_loads"":0.0,""inchi_convertible"":0.0,""internal_steric_clash"":0.0,""molecular_formula"":0.0,""no_radicals"":0.0,""planar_aromatic_rings"":0.0,""planar_double_bonds"":0.0,""reference_file_loads"":0.0,""sanitisation"":0.0,""tetrahedral_chirality"":0.0}",2,,0.07289315904671571,0.07289315904671571,1.0,50.0,0.0,1.0,1.0,1.0,0.0,1.0,50.0,0.0,1.0,1.0,1.0,0.0,1.0,50.0,0.0,1.0,1.0,1.0,0.0,1.0,50.0,0.0,1.0,1.0,1.0,0.0,2,3.125473563020762,13.306361509018695,8.215917536019727,5.090443972998966,0.057302931293428026,0.06565601744769678,1.0,1.0,1.0,1.0,0.08155454909271735,0.08473836406537921,1.0,1.0,1.0,1.0,1000,0,0,0,0,0,2,0,0,0,0,2,2,2,core
4llx_4llx_conf0,generation,qwen_4b_bigdata_step110000,chembl_count,4b_bigdata_step110000,qwen_4b_bigdata_step110000_chembl_count,Qwen 4B bigdata (step 110000),qwen_4b_bigdata_step110000_chembl_count,1,9,1,0.7,1,1,0,1.0,1,1,0,1.0,"{""all_atoms_connected"":0,""bond_angles"":0,""bond_lengths"":0,""bonds"":0,""double_bond_stereochemistry"":0,""energy_ratio"":0,""file_loads"":0,""inchi_convertible"":0,""internal_steric_clash"":0,""molecular_formula"":0,""no_radicals"":0,""planar_aromatic_rings"":0,""planar_double_bonds"":0,""reference_file_loads"":0,""sanitisation"":0,""tetrahedral_chirality"":0}","{""all_atoms_connected"":0.0,""bond_angles"":0.0,""bond_lengths"":0.0,""bonds"":0.0,""double_bond_stereochemistry"":0.0,""energy_ratio"":0.0,""file_loads"":0.0,""inchi_convertible"":0.0,""internal_steric_clash"":0.0,""molecular_formula"":0.0,""no_radicals"":0.0,""planar_aromatic_rings"":0.0,""planar_double_bonds"":0.0,""reference_file_loads"":0.0,""sanitisation"":0.0,""tetrahedral_chirality"":0.0}",1,,,,1.0,100.0,0.0,1.0,1.0,1.0,1.0,1.0,100.0,0.0,1.0,1.0,1.0,1.0,1.0,100.0,0.0,1.0,1.0,1.0,1.0,1.0,100.0,0.0,1.0,1.0,1.0,1.0,1,17.337289612483218,17.337289612483218,17.337289612483218,0.0,0.09825509176616339,0.09825509176616339,1.0,1.0,1.0,1.0,0.12399960642516128,0.12399960642516128,1.0,1.0,1.0,1.0,1000,0,0,0,0,0,1,0,0,0,0,1,1,1,core
4lzs_4lzs_conf0,generation,qwen_4b_bigdata_step110000,fixed,4b_bigdata_step110000,qwen_4b_bigdata_step110000_fixed,Qwen 4B bigdata (step 110000),qwen_4b_bigdata_step110000_fixed,3,15,978,0.7,978,978,0,1.0,1000,978,22,0.978,"{""all_atoms_connected"":0,""bond_angles"":0,""bond_lengths"":1,""bonds"":0,""double_bond_stereochemistry"":0,""energy_ratio"":1,""file_loads"":0,""inchi_convertible"":0,""internal_steric_clash"":20,""molecular_formula"":0,""no_radicals"":0,""planar_aromatic_rings"":0,""planar_double_bonds"":0,""reference_file_loads"":0,""sanitisation"":0,""tetrahedral_chirality"":0}","{""all_atoms_connected"":0.0,""bond_angles"":0.0,""bond_lengths"":0.001,""bonds"":0.0,""double_bond_stereochemistry"":0.0,""energy_ratio"":0.001,""file_loads"":0.0,""inchi_convertible"":0.0,""internal_steric_clash"":0.02,""molecular_formula"":0.0,""no_radicals"":0.0,""planar_aromatic_rings"":0.0,""planar_double_bonds"":0.0,""reference_file_loads"":0.0,""sanitisation"":0.0,""tetrahedral_chirality"":0.0}",978,115.36489711269815,0.9868707041207819,1.297041925724532,81.0,8.282208588957054,0.8727004762356803,0.08282208588957055,46.2951808367762,0.03053475018923474,0.1728395061728395,7.0,0.7157464212678937,0.9286521123261763,0.2147239263803681,6.092591776892369,0.17372167229143404,0.0,1.0,0.10224948875255624,0.0,1.0,1.0,1.0,0.0,1.0,0.10224948875255624,0.0,1.0,1.0,1.0,0.0,978,10.110436283243256,223.33596350288002,26.089589480602683,11.425838191345107,0.1958724689453182,1.0203186450528596,1.0,1.0,1.0,1.0,0.16518638874846522,1.030100150254731,1.0,1.0,1.0,1.0,1000,0,0,0,0,0,1000,0,0,0,0,978,1000,1000,core
4lzs_4lzs_conf0,generation,qwen_4b_bigdata_step110000,dynamic,4b_bigdata_step110000,qwen_4b_bigdata_step110000_dynamic,Qwen 4B bigdata (step 110000),qwen_4b_bigdata_step110000_dynamic,3,15,44,0.7,44,44,0,1.0,46,44,2,0.9565217391304348,"{""all_atoms_connected"":0,""bond_angles"":0,""bond_lengths"":1,""bonds"":0,""double_bond_stereochemistry"":0,""energy_ratio"":0,""file_loads"":0,""inchi_convertible"":0,""internal_steric_clash"":1,""molecular_formula"":0,""no_radicals"":0,""planar_aromatic_rings"":0,""planar_double_bonds"":0,""reference_file_loads"":0,""sanitisation"":0,""tetrahedral_chirality"":0}","{""all_atoms_connected"":0.0,""bond_angles"":0.0,""bond_lengths"":0.021739130434782608,""bonds"":0.0,""double_bond_stereochemistry"":0.0,""energy_ratio"":0.0,""file_loads"":0.0,""inchi_convertible"":0.0,""internal_steric_clash"":0.021739130434782608,""molecular_formula"":0.0,""no_radicals"":0.0,""planar_aromatic_rings"":0.0,""planar_double_bonds"":0.0,""reference_file_loads"":0.0,""sanitisation"":0.0,""tetrahedral_chirality"":0.0}",44,112.86953544844306,1.0204405699358514,1.3261068536244132,24.0,54.54545454545455,0.9501696934514956,0.13636363636363635,20.484949253703633,0.05785123966942148,0.5,5.0,11.363636363636363,0.8578045746064988,0.45454545454545453,3.977220481468704,0.2964876033057851,0.0,1.0,2.272727272727273,0.0,1.0,1.0,1.0,0.0,1.0,2.272727272727273,0.0,1.0,1.0,1.0,0.0,44,13.228021685192168,115.41398841013898,28.045524266989624,15.256720127984932,0.1958724689453182,1.010826802414758,1.0,1.0,1.0,1.0,0.270078389181174,1.0113146049459794,0.0,1.0,1.0,1.0,1000,0,0,0,0,0,46,0,0,0,0,44,46,46,core
4lzs_4lzs_conf0,generation,qwen_4b_bigdata_step110000,chembl_count,4b_bigdata_step110000,qwen_4b_bigdata_step110000_chembl_count,Qwen 4B bigdata (step 110000),qwen_4b_bigdata_step110000_chembl_count,3,15,12,0.7,12,12,0,1.0,12,12,0,1.0,"{""all_atoms_connected"":0,""bond_angles"":0,""bond_lengths"":0,""bonds"":0,""double_bond_stereochemistry"":0,""energy_ratio"":0,""file_loads"":0,""inchi_convertible"":0,""internal_steric_clash"":0,""molecular_formula"":0,""no_radicals"":0,""planar_aromatic_rings"":0,""planar_double_bonds"":0,""reference_file_loads"":0,""sanitisation"":0,""tetrahedral_chirality"":0}","{""all_atoms_connected"":0.0,""bond_angles"":0.0,""bond_lengths"":0.0,""bonds"":0.0,""double_bond_stereochemistry"":0.0,""energy_ratio"":0.0,""file_loads"":0.0,""inchi_convertible"":0.0,""internal_steric_clash"":0.0,""molecular_formula"":0.0,""no_radicals"":0.0,""planar_aromatic_rings"":0.0,""planar_double_bonds"":0.0,""reference_file_loads"":0.0,""sanitisation"":0.0,""tetrahedral_chirality"":0.0}",12,104.93247403323893,0.9620799218196591,1.2708231763212834,10.0,83.33333333333333,0.9788379141596312,0.16666666666666666,9.5244063118092,0.11111111111111112,0.8,4.0,33.333333333333336,0.8647869792568111,0.5,3.316298704276926,0.3472222222222222,0.25,1.0,8.333333333333334,0.0,1.0,1.0,1.0,0.0,1.0,8.333333333333334,0.0,1.0,1.0,1.0,0.0,12,14.187884836502244,38.41586805521413,26.326732929065578,5.961210885860962,0.2542594044478995,0.9011230910341032,0.0,1.0,1.0,1.0,0.3805495168366229,0.8763513769722959,0.0,1.0,1.0,1.0,1000,0,0,0,0,0,12,0,0,0,0,12,12,12,core
4mgd_4mgd_conf0,generation,qwen_4b_bigdata_step110000,fixed,4b_bigdata_step110000,qwen_4b_bigdata_step110000_fixed,Qwen 4B bigdata (step 110000),qwen_4b_bigdata_step110000_fixed,4,19,979,0.7,979,979,0,1.0,1000,979,21,0.979,"{""all_atoms_connected"":0,""bond_angles"":21,""bond_lengths"":8,""bonds"":0,""double_bond_stereochemistry"":0,""energy_ratio"":5,""file_loads"":0,""inchi_convertible"":0,""internal_steric_clash"":5,""molecular_formula"":0,""no_radicals"":0,""planar_aromatic_rings"":2,""planar_double_bonds"":0,""reference_file_loads"":0,""sanitisation"":0,""tetrahedral_chirality"":0}","{""all_atoms_connected"":0.0,""bond_angles"":0.021,""bond_lengths"":0.008,""bonds"":0.0,""double_bond_stereochemistry"":0.0,""energy_ratio"":0.005,""file_loads"":0.0,""inchi_convertible"":0.0,""internal_steric_clash"":0.005,""molecular_formula"":0.0,""no_radicals"":0.0,""planar_aromatic_rings"":0.002,""planar_double_bonds"":0.0,""reference_file_loads"":0.0,""sanitisation"":0.0,""tetrahedral_chirality"":0.0}",979,102.56948138164888,0.6274746118119308,0.9062394904724674,33.0,3.3707865168539324,0.6570654364957831,0.2972420837589377,9.948624168487003,0.17395645637029303,0.24242424242424243,2.0,0.20429009193054137,0.7422824883844407,0.7895812053115424,1.6728203160625872,0.6677145489393714,0.0,1.0,0.10214504596527069,0.0,1.0,1.0,1.0,0.0,1.0,0.10214504596527069,0.0,1.0,1.0,1.0,0.0,979,66.67651949147995,449.83748360141135,85.99333857835288,25.850152715228322,0.1533981283353877,0.6166300165744654,1.0,1.0,1.0,1.0,0.14209090135919172,0.6027241710283909,1.0,1.0,1.0,1.0,1000,0,0,0,0,0,1000,0,0,0,0,979,1000,1000,core
4mgd_4mgd_conf0,generation,qwen_4b_bigdata_step110000,dynamic,4b_bigdata_step110000,qwen_4b_bigdata_step110000_dynamic,Qwen 4B bigdata (step 110000),qwen_4b_bigdata_step110000_dynamic,4,19,67,0.7,67,67,0,1.0,68,67,1,0.9852941176470588,"{""all_atoms_connected"":0,""bond_angles"":1,""bond_lengths"":0,""bonds"":0,""double_bond_stereochemistry"":0,""energy_ratio"":0,""file_loads"":0,""inchi_convertible"":0,""internal_steric_clash"":0,""molecular_formula"":0,""no_radicals"":0,""planar_aromatic_rings"":0,""planar_double_bonds"":0,""reference_file_loads"":0,""sanitisation"":0,""tetrahedral_chirality"":0}","{""all_atoms_connected"":0.0,""bond_angles"":0.014705882352941176,""bond_lengths"":0.0,""bonds"":0.0,""double_bond_stereochemistry"":0.0,""energy_ratio"":0.0,""file_loads"":0.0,""inchi_convertible"":0.0,""internal_steric_clash"":0.0,""molecular_formula"":0.0,""no_radicals"":0.0,""planar_aromatic_rings"":0.0,""planar_double_bonds"":0.0,""reference_file_loads"":0.0,""sanitisation"":0.0,""tetrahedral_chirality"":0.0}",67,102.96987502988316,0.6340567868182488,0.8913641694007561,11.0,16.417910447761194,0.8365786976607277,0.2835820895522388,7.4337326229295,0.16774337268879483,0.2727272727272727,2.0,2.985074626865672,0.7671903206448684,0.7761194029850746,1.7019519660793043,0.6524838494096681,0.0,1.0,1.492537313432836,0.0,1.0,1.0,1.0,0.0,1.0,1.492537313432836,0.0,1.0,1.0,1.0,0.0,67,69.39937099437743,205.9512235584263,87.72580246607993,19.7993770686158,0.19413976856807252,0.6250800944617687,1.0,1.0,1.0,1.0,0.2624721198417642,0.5983837634897927,0.0,1.0,1.0,1.0,1000,0,0,0,0,0,68,0,0,0,0,67,68,68,core
4mgd_4mgd_conf0,generation,qwen_4b_bigdata_step110000,chembl_count,4b_bigdata_step110000,qwen_4b_bigdata_step110000_chembl_count,Qwen 4B bigdata (step 110000),qwen_4b_bigdata_step110000_chembl_count,4,19,24,0.7,24,24,0,1.0,24,24,0,1.0,"{""all_atoms_connected"":0,""bond_angles"":0,""bond_lengths"":0,""bonds"":0,""double_bond_stereochemistry"":0,""energy_ratio"":0,""file_loads"":0,""inchi_convertible"":0,""internal_steric_clash"":0,""molecular_formula"":0,""no_radicals"":0,""planar_aromatic_rings"":0,""planar_double_bonds"":0,""reference_file_loads"":0,""sanitisation"":0,""tetrahedral_chirality"":0}","{""all_atoms_connected"":0.0,""bond_angles"":0.0,""bond_lengths"":0.0,""bonds"":0.0,""double_bond_stereochemistry"":0.0,""energy_ratio"":0.0,""file_loads"":0.0,""inchi_convertible"":0.0,""internal_steric_clash"":0.0,""molecular_formula"":0.0,""no_radicals"":0.0,""planar_aromatic_rings"":0.0,""planar_double_bonds"":0.0,""reference_file_loads"":0.0,""sanitisation"":0.0,""tetrahedral_chirality"":0.0}",24,97.78500447636675,0.6422890328603643,0.8833173367875378,6.0,25.0,0.8836333707797247,0.3333333333333333,4.870801289640724,0.22916666666666666,0.3333333333333333,2.0,8.333333333333334,0.7382848661434506,0.7916666666666666,1.6681914464799614,0.6701388888888888,0.0,1.0,4.166666666666667,0.0,1.0,1.0,1.0,0.0,1.0,4.166666666666667,0.0,1.0,1.0,1.0,0.0,24,71.02019096044239,224.14269652150065,87.85234279387879,30.192271743137386,0.23350605946901115,0.6653079343235273,1.0,1.0,1.0,1.0,0.14209090135919172,0.6744093791032455,1.0,1.0,1.0,1.0,1000,0,0,0,0,0,24,0,0,0,0,24,24,24,core
4ogj_4ogj_conf0,generation,qwen_4b_bigdata_step110000,fixed,4b_bigdata_step110000,qwen_4b_bigdata_step110000_fixed,Qwen 4B bigdata (step 110000),qwen_4b_bigdata_step110000_fixed,10,37,818,0.7,818,797,21,0.9743276283618582,1000,818,182,0.818,"{""all_atoms_connected"":0,""bond_angles"":38,""bond_lengths"":16,""bonds"":0,""double_bond_stereochemistry"":0,""energy_ratio"":55,""file_loads"":0,""inchi_convertible"":0,""internal_steric_clash"":158,""molecular_formula"":0,""no_radicals"":0,""planar_aromatic_rings"":3,""planar_double_bonds"":0,""reference_file_loads"":0,""sanitisation"":0,""tetrahedral_chirality"":0}","{""all_atoms_connected"":0.0,""bond_angles"":0.038,""bond_lengths"":0.016,""bonds"":0.0,""double_bond_stereochemistry"":0.0,""energy_ratio"":0.055,""file_loads"":0.0,""inchi_convertible"":0.0,""internal_steric_clash"":0.158,""molecular_formula"":0.0,""no_radicals"":0.0,""planar_aromatic_rings"":0.003,""planar_double_bonds"":0.0,""reference_file_loads"":0.0,""sanitisation"":0.0,""tetrahedral_chirality"":0.0}",818,111.48601739481055,2.2299864127827607,2.917358902728746,804.0,98.2885085574572,0.9990338372038189,0.0024449877750611247,798.8203103090108,0.001264339644071951,0.9825870646766169,349.0,42.665036674816626,0.9450327746011327,0.018337408312958436,252.96088300066168,0.005598364428715754,0.498567335243553,19.0,2.3227383863080684,0.8028086730635252,0.24327628361858192,10.631498483060602,0.13263012535793067,0.05263157894736842,4.0,0.4889975550122249,0.5907280547697925,0.687041564792176,2.268055760411607,0.5308104327449022,0.0,818,-13.193608964684103,10772.070639720621,15.252556639311688,392.76371479463467,0.9837721403238361,2.5697292948384307,0.0,0.0,0.0,1.0,0.9813825045125775,2.5922952521733675,0.0,0.0,0.0,1.0,1000,0,0,0,0,0,1000,0,0,0,0,818,1000,1000,core
4ogj_4ogj_conf0,generation,qwen_4b_bigdata_step110000,dynamic,4b_bigdata_step110000,qwen_4b_bigdata_step110000_dynamic,Qwen 4B bigdata (step 110000),qwen_4b_bigdata_step110000_dynamic,10,37,169,0.7,169,164,5,0.9704142011834319,200,169,31,0.845,"{""all_atoms_connected"":0,""bond_angles"":7,""bond_lengths"":3,""bonds"":0,""double_bond_stereochemistry"":0,""energy_ratio"":8,""file_loads"":0,""inchi_convertible"":0,""internal_steric_clash"":28,""molecular_formula"":0,""no_radicals"":0,""planar_aromatic_rings"":2,""planar_double_bonds"":0,""reference_file_loads"":0,""sanitisation"":0,""tetrahedral_chirality"":0}","{""all_atoms_connected"":0.0,""bond_angles"":0.035,""bond_lengths"":0.015,""bonds"":0.0,""double_bond_stereochemistry"":0.0,""energy_ratio"":0.04,""file_loads"":0.0,""inchi_convertible"":0.0,""internal_steric_clash"":0.14,""molecular_formula"":0.0,""no_radicals"":0.0,""planar_aromatic_rings"":0.01,""planar_double_bonds"":0.0,""reference_file_loads"":0.0,""sanitisation"":0.0,""tetrahedral_chirality"":0.0}",169,110.81006449638527,2.3290433708994946,3.0807698812097053,169.0,100.0,1.0,0.005917159763313609,169.0,0.00591715976331361,1.0,112.0,66.27218934911242,0.9652749409439583,0.04142011834319527,95.07335193852046,0.012989741255558282,0.6964285714285714,15.0,8.875739644970414,0.7720160703259181,0.3254437869822485,8.090239009877976,0.1713175308987781,0.2,3.0,1.7751479289940828,0.6457114358062559,0.7514792899408284,2.0327438249305203,0.6012744651797906,0.0,169,-7.522745390470575,1794.1583850887882,14.406547924427969,156.80532801767987,0.9837721403238361,2.572057915171632,0.0,0.0,0.0,1.0,1.0084785753818488,2.5775946282459237,0.0,0.0,0.0,1.0,1000,0,0,0,0,0,200,0,0,0,0,169,200,200,core
4ogj_4ogj_conf0,generation,qwen_4b_bigdata_step110000,chembl_count,4b_bigdata_step110000,qwen_4b_bigdata_step110000_chembl_count,Qwen 4B bigdata (step 110000),qwen_4b_bigdata_step110000_chembl_count,10,37,38,0.7,38,36,2,0.9473684210526315,54,38,16,0.7037037037037037,"{""all_atoms_connected"":0,""bond_angles"":2,""bond_lengths"":2,""bonds"":0,""double_bond_stereochemistry"":0,""energy_ratio"":3,""file_loads"":0,""inchi_convertible"":0,""internal_steric_clash"":15,""molecular_formula"":0,""no_radicals"":0,""planar_aromatic_rings"":0,""planar_double_bonds"":0,""reference_file_loads"":0,""sanitisation"":0,""tetrahedral_chirality"":0}","{""all_atoms_connected"":0.0,""bond_angles"":0.037037037037037035,""bond_lengths"":0.037037037037037035,""bonds"":0.0,""double_bond_stereochemistry"":0.0,""energy_ratio"":0.05555555555555555,""file_loads"":0.0,""inchi_convertible"":0.0,""internal_steric_clash"":0.2777777777777778,""molecular_formula"":0.0,""no_radicals"":0.0,""planar_aromatic_rings"":0.0,""planar_double_bonds"":0.0,""reference_file_loads"":0.0,""sanitisation"":0.0,""tetrahedral_chirality"":0.0}",38,107.73961969600104,2.2178591190697197,2.9120710279196187,38.0,100.0,1.0,0.02631578947368421,37.99999999999999,0.02631578947368421,1.0,33.0,86.84210526315789,0.9842419209613485,0.07894736842105263,31.23094152557233,0.03462603878116343,0.8787878787878788,8.0,21.05263157894737,0.7765560747480278,0.42105263157894735,5.026897332437868,0.2617728531855955,0.375,1.0,2.6315789473684212,0.0,1.0,1.0,1.0,0.0,38,-0.6744853263357697,537.0142859603501,18.025713672736263,99.40231002021797,1.1658248982402482,2.556431984176557,0.0,0.0,0.0,1.0,1.1448844695916949,2.5577423595139157,0.0,0.0,0.0,1.0,1000,0,0,0,0,0,54,0,0,0,0,38,54,54,core
5c28_5c28_conf0,generation,qwen_4b_bigdata_step110000,fixed,4b_bigdata_step110000,qwen_4b_bigdata_step110000_fixed,Qwen 4B bigdata (step 110000),qwen_4b_bigdata_step110000_fixed,2,12,994,0.7,994,994,0,1.0,1000,994,6,0.994,"{""all_atoms_connected"":0,""bond_angles"":4,""bond_lengths"":2,""bonds"":0,""double_bond_stereochemistry"":0,""energy_ratio"":2,""file_loads"":0,""inchi_convertible"":0,""internal_steric_clash"":3,""molecular_formula"":0,""no_radicals"":0,""planar_aromatic_rings"":0,""planar_double_bonds"":0,""reference_file_loads"":0,""sanitisation"":0,""tetrahedral_chirality"":0}","{""all_atoms_connected"":0.0,""bond_angles"":0.004,""bond_lengths"":0.002,""bonds"":0.0,""double_bond_stereochemistry"":0.0,""energy_ratio"":0.002,""file_loads"":0.0,""inchi_convertible"":0.0,""internal_steric_clash"":0.003,""molecular_formula"":0.0,""no_radicals"":0.0,""planar_aromatic_rings"":0.0,""planar_double_bonds"":0.0,""reference_file_loads"":0.0,""sanitisation"":0.0,""tetrahedral_chirality"":0.0}",994,105.28364305023928,0.4689726846598071,0.6344645324728311,4.0,0.4024144869215292,0.9420805810464635,0.3501006036217304,3.6913823083958928,0.28832350238250426,0.0,1.0,0.1006036217303823,0.0,1.0,1.0,1.0,0.0,1.0,0.1006036217303823,0.0,1.0,1.0,1.0,0.0,1.0,0.1006036217303823,0.0,1.0,1.0,1.0,0.0,994,-47.455523334527236,77.50231925481287,-41.398214176249766,7.829292242510711,0.05830148744625757,0.5674543407075399,1.0,1.0,1.0,1.0,0.07273246504862767,0.5459115050690149,1.0,1.0,1.0,1.0,1000,0,0,0,0,0,1000,0,0,0,0,994,1000,1000,core
5c28_5c28_conf0,generation,qwen_4b_bigdata_step110000,dynamic,4b_bigdata_step110000,qwen_4b_bigdata_step110000_dynamic,Qwen 4B bigdata (step 110000),qwen_4b_bigdata_step110000_dynamic,2,12,23,0.7,23,23,0,1.0,24,23,1,0.9583333333333334,"{""all_atoms_connected"":0,""bond_angles"":1,""bond_lengths"":0,""bonds"":0,""double_bond_stereochemistry"":0,""energy_ratio"":0,""file_loads"":0,""inchi_convertible"":0,""internal_steric_clash"":1,""molecular_formula"":0,""no_radicals"":0,""planar_aromatic_rings"":0,""planar_double_bonds"":0,""reference_file_loads"":0,""sanitisation"":0,""tetrahedral_chirality"":0}","{""all_atoms_connected"":0.0,""bond_angles"":0.041666666666666664,""bond_lengths"":0.0,""bonds"":0.0,""double_bond_stereochemistry"":0.0,""energy_ratio"":0.0,""file_loads"":0.0,""inchi_convertible"":0.0,""internal_steric_clash"":0.041666666666666664,""molecular_formula"":0.0,""no_radicals"":0.0,""planar_aromatic_rings"":0.0,""planar_double_bonds"":0.0,""reference_file_loads"":0.0,""sanitisation"":0.0,""tetrahedral_chirality"":0.0}",23,122.48347135201026,0.4607591974088546,0.6416073045323503,3.0,13.043478260869565,0.8359625449963988,0.6086956521739131,2.505275540760643,0.4555765595463138,0.0,1.0,4.3478260869565215,0.0,1.0,1.0,1.0,0.0,1.0,4.3478260869565215,0.0,1.0,1.0,1.0,0.0,1.0,4.3478260869565215,0.0,1.0,1.0,1.0,0.0,23,-47.455523334527236,-9.413358925223022,-42.071370578937184,7.75683391344901,0.07460797885168072,0.4314808383673639,1.0,1.0,1.0,1.0,0.10032985389230811,0.4380640098123432,1.0,1.0,1.0,1.0,1000,0,0,0,0,0,24,0,0,0,0,23,24,24,core
5c28_5c28_conf0,generation,qwen_4b_bigdata_step110000,chembl_count,4b_bigdata_step110000,qwen_4b_bigdata_step110000_chembl_count,Qwen 4B bigdata (step 110000),qwen_4b_bigdata_step110000_chembl_count,2,12,2,0.7,2,2,0,1.0,2,2,0,1.0,"{""all_atoms_connected"":0,""bond_angles"":0,""bond_lengths"":0,""bonds"":0,""double_bond_stereochemistry"":0,""energy_ratio"":0,""file_loads"":0,""inchi_convertible"":0,""internal_steric_clash"":0,""molecular_formula"":0,""no_radicals"":0,""planar_aromatic_rings"":0,""planar_double_bonds"":0,""reference_file_loads"":0,""sanitisation"":0,""tetrahedral_chirality"":0}","{""all_atoms_connected"":0.0,""bond_angles"":0.0,""bond_lengths"":0.0,""bonds"":0.0,""double_bond_stereochemistry"":0.0,""energy_ratio"":0.0,""file_loads"":0.0,""inchi_convertible"":0.0,""internal_steric_clash"":0.0,""molecular_formula"":0.0,""no_radicals"":0.0,""planar_aromatic_rings"":0.0,""planar_double_bonds"":0.0,""reference_file_loads"":0.0,""sanitisation"":0.0,""tetrahedral_chirality"":0.0}",2,132.1064764542632,0.22619156599208262,0.22619156599208262,1.0,50.0,0.0,1.0,1.0,1.0,0.0,1.0,50.0,0.0,1.0,1.0,1.0,0.0,1.0,50.0,0.0,1.0,1.0,1.0,0.0,1.0,50.0,0.0,1.0,1.0,1.0,0.0,2,-39.395827491809335,-39.185398094079275,-39.2906127929443,0.10521469886502999,0.08017484752968955,0.17830024027283106,1.0,1.0,1.0,1.0,0.11835233359462749,0.20729410243388272,1.0,1.0,1.0,1.0,1000,0,0,0,0,0,2,0,0,0,0,2,2,2,core
5c2h_5c2h_conf0,generation,qwen_4b_bigdata_step110000,fixed,4b_bigdata_step110000,qwen_4b_bigdata_step110000_fixed,Qwen 4B bigdata (step 110000),qwen_4b_bigdata_step110000_fixed,8,31,870,0.7,870,859,11,0.9873563218390805,1000,870,130,0.87,"{""all_atoms_connected"":0,""bond_angles"":47,""bond_lengths"":36,""bonds"":0,""double_bond_stereochemistry"":0,""energy_ratio"":35,""file_loads"":0,""inchi_convertible"":0,""internal_steric_clash"":113,""molecular_formula"":0,""no_radicals"":0,""planar_aromatic_rings"":28,""planar_double_bonds"":0,""reference_file_loads"":0,""sanitisation"":0,""tetrahedral_chirality"":0}","{""all_atoms_connected"":0.0,""bond_angles"":0.047,""bond_lengths"":0.036,""bonds"":0.0,""double_bond_stereochemistry"":0.0,""energy_ratio"":0.035,""file_loads"":0.0,""inchi_convertible"":0.0,""internal_steric_clash"":0.113,""molecular_formula"":0.0,""no_radicals"":0.0,""planar_aromatic_rings"":0.028,""planar_double_bonds"":0.0,""reference_file_loads"":0.0,""sanitisation"":0.0,""tetrahedral_chirality"":0.0}",870,103.5357063062444,2.7070190379114174,3.502296307012588,868.0,99.77011494252874,0.9998691455049105,0.0022988505747126436,867.2318245470734,0.0011547100013211782,0.9976958525345622,590.0,67.816091954023,0.9773510329952494,0.011494252873563218,510.61677209043285,0.0023754789272030646,0.6949152542372882,28.0,3.218390804597701,0.9445593395299114,0.10919540229885058,23.276980045329196,0.050099088386841066,0.0,4.0,0.45977011494252873,0.8810949838307504,0.506896551724138,3.3921264892444096,0.34233055885850183,0.0,870,-45.890215142923246,39997.85049133558,-23.563657283781865,1380.3193025593928,0.5744342078244317,2.5765838213755425,0.0,0.0,1.0,1.0,0.6331414191480276,2.6502179253900016,0.0,0.0,1.0,1.0,1000,0,0,0,0,0,1000,0,0,0,0,870,1000,1000,core
5c2h_5c2h_conf0,generation,qwen_4b_bigdata_step110000,dynamic,4b_bigdata_step110000,qwen_4b_bigdata_step110000_dynamic,Qwen 4B bigdata (step 110000),qwen_4b_bigdata_step110000_dynamic,8,31,133,0.7,133,130,3,0.9774436090225563,156,133,23,0.8525641025641025,"{""all_atoms_connected"":0,""bond_angles"":7,""bond_lengths"":9,""bonds"":0,""double_bond_stereochemistry"":0,""energy_ratio"":7,""file_loads"":0,""inchi_convertible"":0,""internal_steric_clash"":20,""molecular_formula"":0,""no_radicals"":0,""planar_aromatic_rings"":6,""planar_double_bonds"":0,""reference_file_loads"":0,""sanitisation"":0,""tetrahedral_chirality"":0}","{""all_atoms_connected"":0.0,""bond_angles"":0.04487179487179487,""bond_lengths"":0.057692307692307696,""bonds"":0.0,""double_bond_stereochemistry"":0.0,""energy_ratio"":0.04487179487179487,""file_loads"":0.0,""inchi_convertible"":0.0,""internal_steric_clash"":0.1282051282051282,""molecular_formula"":0.0,""no_radicals"":0.0,""planar_aromatic_rings"":0.038461538461538464,""planar_double_bonds"":0.0,""reference_file_loads"":0.0,""sanitisation"":0.0,""tetrahedral_chirality"":0.0}",133,103.99273766270515,2.6940749176380074,3.5098366430968033,133.0,100.0,1.0,0.007518796992481203,133.0,0.007518796992481204,1.0,124.0,93.23308270676692,0.9934422454476747,0.022556390977443608,120.14163545324617,0.008762507773192381,0.9435483870967742,19.0,14.285714285714286,0.9197762242233768,0.13533834586466165,15.00262171326047,0.07761885917802024,0.15789473684210525,3.0,2.255639097744361,0.8849458146315768,0.5789473684210527,2.6437869676751458,0.42393577929786874,0.0,133,-44.23392919250517,3880.758001435428,-22.04315280229836,337.78879037531783,1.2092627530670077,2.529138615618742,0.0,0.0,0.0,1.0,1.2457815791183648,2.564051214755442,0.0,0.0,0.0,1.0,1000,0,0,0,0,0,156,0,0,0,0,133,156,156,core
5c2h_5c2h_conf0,generation,qwen_4b_bigdata_step110000,chembl_count,4b_bigdata_step110000,qwen_4b_bigdata_step110000_chembl_count,Qwen 4B bigdata (step 110000),qwen_4b_bigdata_step110000_chembl_count,8,31,69,0.7,69,69,0,1.0,85,69,16,0.8117647058823529,"{""all_atoms_connected"":0,""bond_angles"":3,""bond_lengths"":3,""bonds"":0,""double_bond_stereochemistry"":0,""energy_ratio"":3,""file_loads"":0,""inchi_convertible"":0,""internal_steric_clash"":14,""molecular_formula"":0,""no_radicals"":0,""planar_aromatic_rings"":4,""planar_double_bonds"":0,""reference_file_loads"":0,""sanitisation"":0,""tetrahedral_chirality"":0}","{""all_atoms_connected"":0.0,""bond_angles"":0.03529411764705882,""bond_lengths"":0.03529411764705882,""bonds"":0.0,""double_bond_stereochemistry"":0.0,""energy_ratio"":0.03529411764705882,""file_loads"":0.0,""inchi_convertible"":0.0,""internal_steric_clash"":0.16470588235294117,""molecular_formula"":0.0,""no_radicals"":0.0,""planar_aromatic_rings"":0.047058823529411764,""planar_double_bonds"":0.0,""reference_file_loads"":0.0,""sanitisation"":0.0,""tetrahedral_chirality"":0.0}",69,106.87381463329832,2.6103665019995224,3.4254087270952747,68.0,98.55072463768116,0.9986983260637164,0.028985507246376812,67.62753901514763,0.014912833438353285,0.9852941176470589,66.0,95.65217391304348,0.9962235777699687,0.028985507246376812,64.96397183227342,0.015752993068683045,0.9545454545454546,17.0,24.63768115942029,0.9088010981326277,0.14492753623188406,13.129050866706605,0.08968704053770217,0.23529411764705882,3.0,4.3478260869565215,0.7799180512565943,0.6086956521739131,2.3556755763424517,0.47742070993488767,0.0,69,-41.22505863969726,103.89576674006437,-24.30081066678448,20.14464117079084,1.2298912231060601,2.4545744267306904,0.0,0.0,0.0,1.0,1.1587456435442955,2.499167597889058,0.0,0.0,0.0,1.0,1000,0,0,0,0,0,85,0,0,0,0,69,85,85,core
