mol_id,row_type,family,tier,variant,method,display_label,source,rotatable_bonds,heavy_atoms,conformer_count,clash_cutoff,clash_input_confs,clash_pass_confs,clash_fail_confs,clash_pass_rate,pb_input_confs,pb_pass_confs,pb_fail_confs,pb_pass_rate,pb_check_fail_counts_json,pb_check_fail_rates_json,post_pb_confs,mean_torsion_std_deg,pairwise_mean,pairwise_p90,greedy_clusters_0p5,clusters_per_100_0p5,cluster_entropy_0p5,largest_cluster_fraction_0p5,effective_clusters_0p5,simpson_concentration_0p5,singleton_fraction_0p5,greedy_clusters_1p0,clusters_per_100_1p0,cluster_entropy_1p0,largest_cluster_fraction_1p0,effective_clusters_1p0,simpson_concentration_1p0,singleton_fraction_1p0,greedy_clusters_2p0,clusters_per_100_2p0,cluster_entropy_2p0,largest_cluster_fraction_2p0,effective_clusters_2p0,simpson_concentration_2p0,singleton_fraction_2p0,greedy_clusters_3p0,clusters_per_100_3p0,cluster_entropy_3p0,largest_cluster_fraction_3p0,effective_clusters_3p0,simpson_concentration_3p0,singleton_fraction_3p0,energy_count,energy_min,energy_max,energy_median,energy_std,casf_best_rmsd,casf_median_rmsd,casf_hit_0p25,casf_hit_0p5,casf_hit_0p75,casf_hit_2p0,casf_opt_best_rmsd,casf_opt_median_rmsd,casf_opt_hit_0p25,casf_opt_hit_0p5,casf_opt_hit_0p75,casf_opt_hit_2p0,generated_candidates,finite_rejected,clash_rejected,bond_rejected,stereo_rejected,rmsd_rejected,pre_clash_passed,minimization_input_confs,minimization_failed,minimization_invalid,post_min_clash_rejected,kept_confs,num_target_confs,target_confs,ligand_set
1bcu_1bcu_conf0,generation,nextmol_dmt_l_raw,fixed,,nextmol_dmt_l_raw_fixed,NextMol DMT-L,nextmol_dmt_l_raw_fixed,2,16,1000,0.7,1000,1000,0,1.0,1000,1000,0,1.0,"{""all_atoms_connected"":0,""bond_angles"":0,""bond_lengths"":0,""bonds"":0,""double_bond_stereochemistry"":0,""energy_ratio"":0,""file_loads"":0,""inchi_convertible"":0,""internal_steric_clash"":0,""molecular_formula"":0,""no_radicals"":0,""planar_aromatic_rings"":0,""planar_double_bonds"":0,""reference_file_loads"":0,""sanitisation"":0,""tetrahedral_chirality"":0}","{""all_atoms_connected"":0.0,""bond_angles"":0.0,""bond_lengths"":0.0,""bonds"":0.0,""double_bond_stereochemistry"":0.0,""energy_ratio"":0.0,""file_loads"":0.0,""inchi_convertible"":0.0,""internal_steric_clash"":0.0,""molecular_formula"":0.0,""no_radicals"":0.0,""planar_aromatic_rings"":0.0,""planar_double_bonds"":0.0,""reference_file_loads"":0.0,""sanitisation"":0.0,""tetrahedral_chirality"":0.0}",1000,117.41895503727496,0.024746224730366178,0.041581789555152494,1.0,0.1,0.0,1.0,1.0,1.0,0.0,1.0,0.1,0.0,1.0,1.0,1.0,0.0,1.0,0.1,0.0,1.0,1.0,1.0,0.0,1.0,0.1,0.0,1.0,1.0,1.0,0.0,1000,36.931029038432094,47.82078301028365,37.85043737890953,0.4667466056692132,0.049764065470433494,0.06417131361676928,1.0,1.0,1.0,1.0,0.03301403945534119,0.04186968915272807,1.0,1.0,1.0,1.0,1000,0,0,0,0,0,1000,0,0,0,0,1000,1000,1000,core
1bcu_1bcu_conf0,generation,nextmol_dmt_l_raw,dynamic,,nextmol_dmt_l_raw_dynamic,NextMol DMT-L,nextmol_dmt_l_raw_dynamic,2,16,24,0.7,24,24,0,1.0,24,24,0,1.0,"{""all_atoms_connected"":0,""bond_angles"":0,""bond_lengths"":0,""bonds"":0,""double_bond_stereochemistry"":0,""energy_ratio"":0,""file_loads"":0,""inchi_convertible"":0,""internal_steric_clash"":0,""molecular_formula"":0,""no_radicals"":0,""planar_aromatic_rings"":0,""planar_double_bonds"":0,""reference_file_loads"":0,""sanitisation"":0,""tetrahedral_chirality"":0}","{""all_atoms_connected"":0.0,""bond_angles"":0.0,""bond_lengths"":0.0,""bonds"":0.0,""double_bond_stereochemistry"":0.0,""energy_ratio"":0.0,""file_loads"":0.0,""inchi_convertible"":0.0,""internal_steric_clash"":0.0,""molecular_formula"":0.0,""no_radicals"":0.0,""planar_aromatic_rings"":0.0,""planar_double_bonds"":0.0,""reference_file_loads"":0.0,""sanitisation"":0.0,""tetrahedral_chirality"":0.0}",24,120.06272256357525,0.026440765361712176,0.04367674037633146,1.0,4.166666666666667,0.0,1.0,1.0,1.0,0.0,1.0,4.166666666666667,0.0,1.0,1.0,1.0,0.0,1.0,4.166666666666667,0.0,1.0,1.0,1.0,0.0,1.0,4.166666666666667,0.0,1.0,1.0,1.0,0.0,24,37.31112453025727,38.44275425803856,37.8498805975416,0.27485892647331184,0.05385750936913523,0.06351857510343986,1.0,1.0,1.0,1.0,0.035665201581738755,0.0424454685641284,1.0,1.0,1.0,1.0,1000,0,0,0,0,0,24,0,0,0,0,24,24,24,core
1bcu_1bcu_conf0,generation,nextmol_dmt_l_raw,chembl_count,,nextmol_dmt_l_raw_chembl_count,NextMol DMT-L,nextmol_dmt_l_raw_chembl_count,2,16,1,0.7,1,1,0,1.0,1,1,0,1.0,"{""all_atoms_connected"":0,""bond_angles"":0,""bond_lengths"":0,""bonds"":0,""double_bond_stereochemistry"":0,""energy_ratio"":0,""file_loads"":0,""inchi_convertible"":0,""internal_steric_clash"":0,""molecular_formula"":0,""no_radicals"":0,""planar_aromatic_rings"":0,""planar_double_bonds"":0,""reference_file_loads"":0,""sanitisation"":0,""tetrahedral_chirality"":0}","{""all_atoms_connected"":0.0,""bond_angles"":0.0,""bond_lengths"":0.0,""bonds"":0.0,""double_bond_stereochemistry"":0.0,""energy_ratio"":0.0,""file_loads"":0.0,""inchi_convertible"":0.0,""internal_steric_clash"":0.0,""molecular_formula"":0.0,""no_radicals"":0.0,""planar_aromatic_rings"":0.0,""planar_double_bonds"":0.0,""reference_file_loads"":0.0,""sanitisation"":0.0,""tetrahedral_chirality"":0.0}",1,0.0,,,1.0,100.0,0.0,1.0,1.0,1.0,1.0,1.0,100.0,0.0,1.0,1.0,1.0,1.0,1.0,100.0,0.0,1.0,1.0,1.0,1.0,1.0,100.0,0.0,1.0,1.0,1.0,1.0,1,37.71439929886563,37.71439929886563,37.71439929886563,0.0,0.07244758738575399,0.07244758738575399,1.0,1.0,1.0,1.0,0.058811070962836914,0.058811070962836914,1.0,1.0,1.0,1.0,1000,0,0,0,0,0,1,0,0,0,0,1,1,1,core
1c5z_1c5z_conf0,generation,nextmol_dmt_l_raw,fixed,,nextmol_dmt_l_raw_fixed,NextMol DMT-L,nextmol_dmt_l_raw_fixed,1,9,1000,0.7,1000,1000,0,1.0,1000,1000,0,1.0,"{""all_atoms_connected"":0,""bond_angles"":0,""bond_lengths"":0,""bonds"":0,""double_bond_stereochemistry"":0,""energy_ratio"":0,""file_loads"":0,""inchi_convertible"":0,""internal_steric_clash"":0,""molecular_formula"":0,""no_radicals"":0,""planar_aromatic_rings"":0,""planar_double_bonds"":0,""reference_file_loads"":0,""sanitisation"":0,""tetrahedral_chirality"":0}","{""all_atoms_connected"":0.0,""bond_angles"":0.0,""bond_lengths"":0.0,""bonds"":0.0,""double_bond_stereochemistry"":0.0,""energy_ratio"":0.0,""file_loads"":0.0,""inchi_convertible"":0.0,""internal_steric_clash"":0.0,""molecular_formula"":0.0,""no_radicals"":0.0,""planar_aromatic_rings"":0.0,""planar_double_bonds"":0.0,""reference_file_loads"":0.0,""sanitisation"":0.0,""tetrahedral_chirality"":0.0}",1000,115.34291140857123,0.2575106107488217,0.4741719463829767,2.0,0.2,0.9010891843657631,0.683,1.8674753296501074,0.5669780000000001,0.0,1.0,0.1,0.0,1.0,1.0,1.0,0.0,1.0,0.1,0.0,1.0,1.0,1.0,0.0,1.0,0.1,0.0,1.0,1.0,1.0,0.0,1000,-3.3388342631351797,1.5579541758573723,-2.2708621984349877,0.6514452798796612,0.06386383126147539,0.18321119289156035,1.0,1.0,1.0,1.0,0.07032826147519837,0.24115219361138995,1.0,1.0,1.0,1.0,1000,0,0,0,0,0,1000,0,0,0,0,1000,1000,1000,core
1c5z_1c5z_conf0,generation,nextmol_dmt_l_raw,dynamic,,nextmol_dmt_l_raw_dynamic,NextMol DMT-L,nextmol_dmt_l_raw_dynamic,1,9,2,0.7,2,2,0,1.0,2,2,0,1.0,"{""all_atoms_connected"":0,""bond_angles"":0,""bond_lengths"":0,""bonds"":0,""double_bond_stereochemistry"":0,""energy_ratio"":0,""file_loads"":0,""inchi_convertible"":0,""internal_steric_clash"":0,""molecular_formula"":0,""no_radicals"":0,""planar_aromatic_rings"":0,""planar_double_bonds"":0,""reference_file_loads"":0,""sanitisation"":0,""tetrahedral_chirality"":0}","{""all_atoms_connected"":0.0,""bond_angles"":0.0,""bond_lengths"":0.0,""bonds"":0.0,""double_bond_stereochemistry"":0.0,""energy_ratio"":0.0,""file_loads"":0.0,""inchi_convertible"":0.0,""internal_steric_clash"":0.0,""molecular_formula"":0.0,""no_radicals"":0.0,""planar_aromatic_rings"":0.0,""planar_double_bonds"":0.0,""reference_file_loads"":0.0,""sanitisation"":0.0,""tetrahedral_chirality"":0.0}",2,116.19821142119723,0.47260240207006454,0.47260240207006454,1.0,50.0,0.0,1.0,1.0,1.0,0.0,1.0,50.0,0.0,1.0,1.0,1.0,0.0,1.0,50.0,0.0,1.0,1.0,1.0,0.0,1.0,50.0,0.0,1.0,1.0,1.0,0.0,2,-2.1496986241327143,-1.9597096086409467,-2.0547041163868305,0.0949945077458838,0.15784132274986526,0.23988223138780834,1.0,1.0,1.0,1.0,0.21948693543947762,0.25427763612094223,1.0,1.0,1.0,1.0,1000,0,0,0,0,0,2,0,0,0,0,2,2,2,core
1c5z_1c5z_conf0,generation,nextmol_dmt_l_raw,chembl_count,,nextmol_dmt_l_raw_chembl_count,NextMol DMT-L,nextmol_dmt_l_raw_chembl_count,1,9,1,0.7,1,1,0,1.0,1,1,0,1.0,"{""all_atoms_connected"":0,""bond_angles"":0,""bond_lengths"":0,""bonds"":0,""double_bond_stereochemistry"":0,""energy_ratio"":0,""file_loads"":0,""inchi_convertible"":0,""internal_steric_clash"":0,""molecular_formula"":0,""no_radicals"":0,""planar_aromatic_rings"":0,""planar_double_bonds"":0,""reference_file_loads"":0,""sanitisation"":0,""tetrahedral_chirality"":0}","{""all_atoms_connected"":0.0,""bond_angles"":0.0,""bond_lengths"":0.0,""bonds"":0.0,""double_bond_stereochemistry"":0.0,""energy_ratio"":0.0,""file_loads"":0.0,""inchi_convertible"":0.0,""internal_steric_clash"":0.0,""molecular_formula"":0.0,""no_radicals"":0.0,""planar_aromatic_rings"":0.0,""planar_double_bonds"":0.0,""reference_file_loads"":0.0,""sanitisation"":0.0,""tetrahedral_chirality"":0.0}",1,0.0,,,1.0,100.0,0.0,1.0,1.0,1.0,1.0,1.0,100.0,0.0,1.0,1.0,1.0,1.0,1.0,100.0,0.0,1.0,1.0,1.0,1.0,1.0,100.0,0.0,1.0,1.0,1.0,1.0,1,-2.212899786774509,-2.212899786774509,-2.212899786774509,0.0,0.16046087801829179,0.16046087801829179,1.0,1.0,1.0,1.0,0.2205312906665523,0.2205312906665523,1.0,1.0,1.0,1.0,1000,0,0,0,0,0,1,0,0,0,0,1,1,1,core
1lpg_1lpg_conf0,generation,nextmol_dmt_l_raw,fixed,,nextmol_dmt_l_raw_fixed,NextMol DMT-L,nextmol_dmt_l_raw_fixed,10,41,999,0.7,999,998,1,0.998998998998999,1000,999,1,0.999,"{""all_atoms_connected"":0,""bond_angles"":0,""bond_lengths"":0,""bonds"":0,""double_bond_stereochemistry"":0,""energy_ratio"":0,""file_loads"":0,""inchi_convertible"":0,""internal_steric_clash"":1,""molecular_formula"":0,""no_radicals"":0,""planar_aromatic_rings"":0,""planar_double_bonds"":0,""reference_file_loads"":0,""sanitisation"":0,""tetrahedral_chirality"":0}","{""all_atoms_connected"":0.0,""bond_angles"":0.0,""bond_lengths"":0.0,""bonds"":0.0,""double_bond_stereochemistry"":0.0,""energy_ratio"":0.0,""file_loads"":0.0,""inchi_convertible"":0.0,""internal_steric_clash"":0.001,""molecular_formula"":0.0,""no_radicals"":0.0,""planar_aromatic_rings"":0.0,""planar_double_bonds"":0.0,""reference_file_loads"":0.0,""sanitisation"":0.0,""tetrahedral_chirality"":0.0}",999,96.48347479443966,2.5184556240040887,3.4219907320671474,678.0,67.86786786786787,0.9772081805748972,0.009009009009009009,584.387365567221,0.002077152227302377,0.7079646017699115,257.0,25.725725725725727,0.9299395199284849,0.023023023023023025,174.21761007398516,0.00762223685146608,0.3424124513618677,28.0,2.8028028028028027,0.8706371848220171,0.11411411411411411,18.194896705932592,0.06920734548362176,0.03571428571428571,6.0,0.6006006006006006,0.6568793992087946,0.5465465465465466,3.2445279955943622,0.37965793621449284,0.0,999,80.28582946905797,295.2258748189351,90.40578246441811,9.706304109994134,0.9688080320711981,2.491304857555866,0.0,0.0,0.0,1.0,0.9719624806907385,2.532091168725722,0.0,0.0,0.0,1.0,1000,0,0,0,0,0,1000,0,0,0,0,999,1000,1000,core
1lpg_1lpg_conf0,generation,nextmol_dmt_l_raw,dynamic,,nextmol_dmt_l_raw_dynamic,NextMol DMT-L,nextmol_dmt_l_raw_dynamic,10,41,200,0.7,200,200,0,1.0,200,200,0,1.0,"{""all_atoms_connected"":0,""bond_angles"":0,""bond_lengths"":0,""bonds"":0,""double_bond_stereochemistry"":0,""energy_ratio"":0,""file_loads"":0,""inchi_convertible"":0,""internal_steric_clash"":0,""molecular_formula"":0,""no_radicals"":0,""planar_aromatic_rings"":0,""planar_double_bonds"":0,""reference_file_loads"":0,""sanitisation"":0,""tetrahedral_chirality"":0}","{""all_atoms_connected"":0.0,""bond_angles"":0.0,""bond_lengths"":0.0,""bonds"":0.0,""double_bond_stereochemistry"":0.0,""energy_ratio"":0.0,""file_loads"":0.0,""inchi_convertible"":0.0,""internal_steric_clash"":0.0,""molecular_formula"":0.0,""no_radicals"":0.0,""planar_aromatic_rings"":0.0,""planar_double_bonds"":0.0,""reference_file_loads"":0.0,""sanitisation"":0.0,""tetrahedral_chirality"":0.0}",200,96.13966328171614,2.631794709223354,3.545050376245809,179.0,89.5,0.9923156229091212,0.015,172.00507414009232,0.006150000000000001,0.8938547486033519,113.0,56.5,0.9626837270548732,0.03,94.72512955046379,0.012600000000000004,0.5929203539823009,19.0,9.5,0.8982351807136433,0.17,14.080610068949673,0.08815,0.05263157894736842,4.0,2.0,0.7236936867068812,0.645,2.7271373711663642,0.4665,0.0,200,81.98760848845811,131.17432459921378,90.58502463347334,7.420661840459458,0.9688080320711981,2.4647877382417644,0.0,0.0,0.0,1.0,0.9719624806907385,2.5032657879213236,0.0,0.0,0.0,1.0,1000,0,0,0,0,0,200,0,0,0,0,200,200,200,core
1lpg_1lpg_conf0,generation,nextmol_dmt_l_raw,chembl_count,,nextmol_dmt_l_raw_chembl_count,NextMol DMT-L,nextmol_dmt_l_raw_chembl_count,10,41,193,0.7,193,192,1,0.9948186528497409,193,193,0,1.0,"{""all_atoms_connected"":0,""bond_angles"":0,""bond_lengths"":0,""bonds"":0,""double_bond_stereochemistry"":0,""energy_ratio"":0,""file_loads"":0,""inchi_convertible"":0,""internal_steric_clash"":0,""molecular_formula"":0,""no_radicals"":0,""planar_aromatic_rings"":0,""planar_double_bonds"":0,""reference_file_loads"":0,""sanitisation"":0,""tetrahedral_chirality"":0}","{""all_atoms_connected"":0.0,""bond_angles"":0.0,""bond_lengths"":0.0,""bonds"":0.0,""double_bond_stereochemistry"":0.0,""energy_ratio"":0.0,""file_loads"":0.0,""inchi_convertible"":0.0,""internal_steric_clash"":0.0,""molecular_formula"":0.0,""no_radicals"":0.0,""planar_aromatic_rings"":0.0,""planar_double_bonds"":0.0,""reference_file_loads"":0.0,""sanitisation"":0.0,""tetrahedral_chirality"":0.0}",193,96.38692895541725,2.613013562557979,3.486403140131294,171.0,88.60103626943005,0.9901681216870564,0.015544041450777202,162.57043371179824,0.006631050497999947,0.9005847953216374,108.0,55.95854922279793,0.9646750251062288,0.03626943005181347,91.5362491201894,0.012913098338210421,0.5648148148148148,23.0,11.917098445595855,0.8560231123644303,0.15025906735751296,14.644363501721303,0.08700904722274427,0.2608695652173913,5.0,2.5906735751295336,0.7905990160039627,0.40414507772020725,3.5694803675523166,0.3207334425085237,0.0,193,82.38217228516555,131.17432459921378,90.51319760443454,8.720917653147863,1.5475370799659534,2.5401126572738675,0.0,0.0,0.0,1.0,1.5890363192635115,2.59277811430861,0.0,0.0,0.0,1.0,1000,0,0,0,0,0,193,0,0,0,0,193,193,193,core
1mq6_1mq6_conf0,generation,nextmol_dmt_l_raw,fixed,,nextmol_dmt_l_raw_fixed,NextMol DMT-L,nextmol_dmt_l_raw_fixed,7,36,973,0.7,973,969,4,0.9958890030832477,1000,973,27,0.973,"{""all_atoms_connected"":0,""bond_angles"":1,""bond_lengths"":1,""bonds"":0,""double_bond_stereochemistry"":0,""energy_ratio"":0,""file_loads"":0,""inchi_convertible"":0,""internal_steric_clash"":26,""molecular_formula"":0,""no_radicals"":0,""planar_aromatic_rings"":0,""planar_double_bonds"":0,""reference_file_loads"":0,""sanitisation"":0,""tetrahedral_chirality"":0}","{""all_atoms_connected"":0.0,""bond_angles"":0.001,""bond_lengths"":0.001,""bonds"":0.0,""double_bond_stereochemistry"":0.0,""energy_ratio"":0.0,""file_loads"":0.0,""inchi_convertible"":0.0,""internal_steric_clash"":0.026,""molecular_formula"":0.0,""no_radicals"":0.0,""planar_aromatic_rings"":0.0,""planar_double_bonds"":0.0,""reference_file_loads"":0.0,""sanitisation"":0.0,""tetrahedral_chirality"":0.0}",973,86.37643991743202,2.212395258575935,2.9774979230027427,480.0,49.33196300102775,0.9433071872774041,0.018499486125385406,338.2471375624088,0.0044986474482137965,0.6375,207.0,21.274409044193217,0.891775929680383,0.03802672147995889,116.23224011454951,0.013149486283825677,0.38164251207729466,20.0,2.055498458376156,0.7206347975006727,0.21068859198355602,8.6609890089373,0.1456921674523544,0.2,3.0,0.30832476875642345,0.2615319376000829,0.9331963001027749,1.332853590427981,0.8733660846979441,0.0,973,-36.85758983272283,914.9164977618716,-30.509707204842414,30.566092647733786,1.0701636018665477,2.12675403768841,0.0,0.0,0.0,1.0,1.0576983182723438,2.108035890321714,0.0,0.0,0.0,1.0,1000,0,0,0,0,0,1000,0,0,0,0,973,1000,1000,core
1mq6_1mq6_conf0,generation,nextmol_dmt_l_raw,dynamic,,nextmol_dmt_l_raw_dynamic,NextMol DMT-L,nextmol_dmt_l_raw_dynamic,7,36,131,0.7,131,130,1,0.9923664122137404,134,131,3,0.9776119402985076,"{""all_atoms_connected"":0,""bond_angles"":0,""bond_lengths"":0,""bonds"":0,""double_bond_stereochemistry"":0,""energy_ratio"":0,""file_loads"":0,""inchi_convertible"":0,""internal_steric_clash"":3,""molecular_formula"":0,""no_radicals"":0,""planar_aromatic_rings"":0,""planar_double_bonds"":0,""reference_file_loads"":0,""sanitisation"":0,""tetrahedral_chirality"":0}","{""all_atoms_connected"":0.0,""bond_angles"":0.0,""bond_lengths"":0.0,""bonds"":0.0,""double_bond_stereochemistry"":0.0,""energy_ratio"":0.0,""file_loads"":0.0,""inchi_convertible"":0.0,""internal_steric_clash"":0.022388059701492536,""molecular_formula"":0.0,""no_radicals"":0.0,""planar_aromatic_rings"":0.0,""planar_double_bonds"":0.0,""reference_file_loads"":0.0,""sanitisation"":0.0,""tetrahedral_chirality"":0.0}",131,82.95910782541655,2.194072513736072,2.909572560686296,106.0,80.91603053435115,0.9774739903666713,0.03816793893129771,95.42975433720471,0.01229532078550201,0.8584905660377359,64.0,48.85496183206107,0.9464875607733341,0.05343511450381679,51.23029750164332,0.02406619660858924,0.53125,7.0,5.343511450381679,0.8930382838659074,0.32061068702290074,5.684665350199553,0.20447526367927274,0.0,2.0,1.5267175572519085,0.670294946400306,0.8244274809160306,1.5913982817339696,0.7105063807470429,0.0,131,-35.43843165894853,-14.14473008433334,-30.88418251600624,3.7248335424418935,1.4282370005684286,2.1483257222637024,0.0,0.0,0.0,1.0,1.363954791971692,2.1191340102963707,0.0,0.0,0.0,1.0,1000,0,0,0,0,0,134,0,0,0,0,131,134,134,core
1mq6_1mq6_conf0,generation,nextmol_dmt_l_raw,chembl_count,,nextmol_dmt_l_raw_chembl_count,NextMol DMT-L,nextmol_dmt_l_raw_chembl_count,7,36,12,0.7,12,12,0,1.0,12,12,0,1.0,"{""all_atoms_connected"":0,""bond_angles"":0,""bond_lengths"":0,""bonds"":0,""double_bond_stereochemistry"":0,""energy_ratio"":0,""file_loads"":0,""inchi_convertible"":0,""internal_steric_clash"":0,""molecular_formula"":0,""no_radicals"":0,""planar_aromatic_rings"":0,""planar_double_bonds"":0,""reference_file_loads"":0,""sanitisation"":0,""tetrahedral_chirality"":0}","{""all_atoms_connected"":0.0,""bond_angles"":0.0,""bond_lengths"":0.0,""bonds"":0.0,""double_bond_stereochemistry"":0.0,""energy_ratio"":0.0,""file_loads"":0.0,""inchi_convertible"":0.0,""internal_steric_clash"":0.0,""molecular_formula"":0.0,""no_radicals"":0.0,""planar_aromatic_rings"":0.0,""planar_double_bonds"":0.0,""reference_file_loads"":0.0,""sanitisation"":0.0,""tetrahedral_chirality"":0.0}",12,72.86981037756253,2.1199936784536533,2.6274920986447565,12.0,100.0,1.0000000000000002,0.08333333333333333,12.000000000000005,0.08333333333333334,1.0,12.0,100.0,1.0000000000000002,0.08333333333333333,12.000000000000005,0.08333333333333334,1.0,4.0,33.333333333333336,0.8962406251802889,0.5,3.464101615137754,0.33333333333333337,0.0,2.0,16.666666666666668,0.9182958340544894,0.6666666666666666,1.8898815748423097,0.5555555555555556,0.0,12,-33.856460020037275,-25.875881199407615,-31.855699418688033,2.5831855307856078,1.5220518472628153,1.9045724292400155,0.0,0.0,0.0,1.0,1.56245630897123,1.8686722384717251,0.0,0.0,0.0,1.0,1000,0,0,0,0,0,12,0,0,0,0,12,12,12,core
1nc3_1nc3_conf0,generation,nextmol_dmt_l_raw,fixed,,nextmol_dmt_l_raw_fixed,NextMol DMT-L,nextmol_dmt_l_raw_fixed,6,19,3,0.7,3,3,0,1.0,1000,3,997,0.003,"{""all_atoms_connected"":0,""bond_angles"":0,""bond_lengths"":0,""bonds"":0,""double_bond_stereochemistry"":0,""energy_ratio"":0,""file_loads"":0,""inchi_convertible"":0,""internal_steric_clash"":0,""molecular_formula"":0,""no_radicals"":0,""planar_aromatic_rings"":0,""planar_double_bonds"":0,""reference_file_loads"":0,""sanitisation"":0,""tetrahedral_chirality"":997}","{""all_atoms_connected"":0.0,""bond_angles"":0.0,""bond_lengths"":0.0,""bonds"":0.0,""double_bond_stereochemistry"":0.0,""energy_ratio"":0.0,""file_loads"":0.0,""inchi_convertible"":0.0,""internal_steric_clash"":0.0,""molecular_formula"":0.0,""no_radicals"":0.0,""planar_aromatic_rings"":0.0,""planar_double_bonds"":0.0,""reference_file_loads"":0.0,""sanitisation"":0.0,""tetrahedral_chirality"":0.997}",3,86.85218887676983,1.819470399720099,2.152883559764784,3.0,100.0,0.9999999999999998,0.3333333333333333,2.9999999999999996,0.3333333333333333,1.0,3.0,100.0,0.9999999999999998,0.3333333333333333,2.9999999999999996,0.3333333333333333,1.0,2.0,66.66666666666667,0.9182958340544894,0.6666666666666666,1.8898815748423097,0.5555555555555556,0.5,1.0,33.333333333333336,0.0,1.0,1.0,1.0,0.0,3,54.08420371674727,63.08448784061008,57.044015246794814,3.745410640003943,1.121240896913557,1.979836052078436,0.0,0.0,0.0,1.0,1.0672030252698335,1.9584709918296572,0.0,0.0,0.0,1.0,1000,0,0,0,0,0,1000,0,0,0,0,3,1000,1000,core
1nc3_1nc3_conf0,generation,nextmol_dmt_l_raw,dynamic,,nextmol_dmt_l_raw_dynamic,NextMol DMT-L,nextmol_dmt_l_raw_dynamic,6,19,0,0.7,0,0,0,,112,0,112,0.0,"{""all_atoms_connected"":0,""bond_angles"":0,""bond_lengths"":0,""bonds"":0,""double_bond_stereochemistry"":0,""energy_ratio"":0,""file_loads"":0,""inchi_convertible"":0,""internal_steric_clash"":0,""molecular_formula"":0,""no_radicals"":0,""planar_aromatic_rings"":0,""planar_double_bonds"":0,""reference_file_loads"":0,""sanitisation"":0,""tetrahedral_chirality"":112}","{""all_atoms_connected"":0.0,""bond_angles"":0.0,""bond_lengths"":0.0,""bonds"":0.0,""double_bond_stereochemistry"":0.0,""energy_ratio"":0.0,""file_loads"":0.0,""inchi_convertible"":0.0,""internal_steric_clash"":0.0,""molecular_formula"":0.0,""no_radicals"":0.0,""planar_aromatic_rings"":0.0,""planar_double_bonds"":0.0,""reference_file_loads"":0.0,""sanitisation"":0.0,""tetrahedral_chirality"":1.0}",0,,,,,,,,,,,,,,,,,,,,,,,,,,,,,,,,0,,,,,,,,,,,,,,,,,1000,0,0,0,0,0,112,0,0,0,0,0,112,112,core
1nc3_1nc3_conf0,generation,nextmol_dmt_l_raw,chembl_count,,nextmol_dmt_l_raw_chembl_count,NextMol DMT-L,nextmol_dmt_l_raw_chembl_count,6,19,3,0.7,3,3,0,1.0,1000,3,997,0.003,"{""all_atoms_connected"":0,""bond_angles"":0,""bond_lengths"":0,""bonds"":0,""double_bond_stereochemistry"":0,""energy_ratio"":0,""file_loads"":0,""inchi_convertible"":0,""internal_steric_clash"":0,""molecular_formula"":0,""no_radicals"":0,""planar_aromatic_rings"":0,""planar_double_bonds"":0,""reference_file_loads"":0,""sanitisation"":0,""tetrahedral_chirality"":997}","{""all_atoms_connected"":0.0,""bond_angles"":0.0,""bond_lengths"":0.0,""bonds"":0.0,""double_bond_stereochemistry"":0.0,""energy_ratio"":0.0,""file_loads"":0.0,""inchi_convertible"":0.0,""internal_steric_clash"":0.0,""molecular_formula"":0.0,""no_radicals"":0.0,""planar_aromatic_rings"":0.0,""planar_double_bonds"":0.0,""reference_file_loads"":0.0,""sanitisation"":0.0,""tetrahedral_chirality"":0.997}",3,86.85218887676983,1.819470399720099,2.152883559764784,3.0,100.0,0.9999999999999998,0.3333333333333333,2.9999999999999996,0.3333333333333333,1.0,3.0,100.0,0.9999999999999998,0.3333333333333333,2.9999999999999996,0.3333333333333333,1.0,2.0,66.66666666666667,0.9182958340544894,0.6666666666666666,1.8898815748423097,0.5555555555555556,0.5,1.0,33.333333333333336,0.0,1.0,1.0,1.0,0.0,3,54.08420371674727,63.08448784061008,57.044015246794814,3.745410640003943,1.121240896913557,1.979836052078436,0.0,0.0,0.0,1.0,1.0672030252698335,1.9584709918296572,0.0,0.0,0.0,1.0,1000,0,0,0,0,0,1000,0,0,0,0,3,1567,1567,core
1o3f_1o3f_conf0,generation,nextmol_dmt_l_raw,fixed,,nextmol_dmt_l_raw_fixed,NextMol DMT-L,nextmol_dmt_l_raw_fixed,4,25,1000,0.7,1000,1000,0,1.0,1000,1000,0,1.0,"{""all_atoms_connected"":0,""bond_angles"":0,""bond_lengths"":0,""bonds"":0,""double_bond_stereochemistry"":0,""energy_ratio"":0,""file_loads"":0,""inchi_convertible"":0,""internal_steric_clash"":0,""molecular_formula"":0,""no_radicals"":0,""planar_aromatic_rings"":0,""planar_double_bonds"":0,""reference_file_loads"":0,""sanitisation"":0,""tetrahedral_chirality"":0}","{""all_atoms_connected"":0.0,""bond_angles"":0.0,""bond_lengths"":0.0,""bonds"":0.0,""double_bond_stereochemistry"":0.0,""energy_ratio"":0.0,""file_loads"":0.0,""inchi_convertible"":0.0,""internal_steric_clash"":0.0,""molecular_formula"":0.0,""no_radicals"":0.0,""planar_aromatic_rings"":0.0,""planar_double_bonds"":0.0,""reference_file_loads"":0.0,""sanitisation"":0.0,""tetrahedral_chirality"":0.0}",1000,103.57912836341707,0.9542841412620641,1.4745623526238825,13.0,1.3,0.7944733915360804,0.219,7.67358579410579,0.15206200000000003,0.0,3.0,0.3,0.9537282707467797,0.483,2.8513073211827686,0.368558,0.0,1.0,0.1,0.0,1.0,1.0,1.0,0.0,1.0,0.1,0.0,1.0,1.0,1.0,0.0,1000,41.12224620519878,76.08913220149286,48.59378162322138,3.378612900697333,0.16550415262880536,0.911613592870448,1.0,1.0,1.0,1.0,0.1638926201957728,0.9341640501665577,1.0,1.0,1.0,1.0,1000,0,0,0,0,0,1000,0,0,0,0,1000,1000,1000,core
1o3f_1o3f_conf0,generation,nextmol_dmt_l_raw,dynamic,,nextmol_dmt_l_raw_dynamic,NextMol DMT-L,nextmol_dmt_l_raw_dynamic,4,25,68,0.7,68,68,0,1.0,68,68,0,1.0,"{""all_atoms_connected"":0,""bond_angles"":0,""bond_lengths"":0,""bonds"":0,""double_bond_stereochemistry"":0,""energy_ratio"":0,""file_loads"":0,""inchi_convertible"":0,""internal_steric_clash"":0,""molecular_formula"":0,""no_radicals"":0,""planar_aromatic_rings"":0,""planar_double_bonds"":0,""reference_file_loads"":0,""sanitisation"":0,""tetrahedral_chirality"":0}","{""all_atoms_connected"":0.0,""bond_angles"":0.0,""bond_lengths"":0.0,""bonds"":0.0,""double_bond_stereochemistry"":0.0,""energy_ratio"":0.0,""file_loads"":0.0,""inchi_convertible"":0.0,""internal_steric_clash"":0.0,""molecular_formula"":0.0,""no_radicals"":0.0,""planar_aromatic_rings"":0.0,""planar_double_bonds"":0.0,""reference_file_loads"":0.0,""sanitisation"":0.0,""tetrahedral_chirality"":0.0}",68,101.65875475456616,0.9627823377582054,1.4763053853724029,9.0,13.235294117647058,0.8413016824684812,0.27941176470588236,6.3504694142355795,0.18771626297577854,0.1111111111111111,3.0,4.411764705882353,0.8588034922311029,0.5147058823529411,2.5689366800386373,0.42171280276816603,0.0,1.0,1.4705882352941178,0.0,1.0,1.0,1.0,0.0,1.0,1.4705882352941178,0.0,1.0,1.0,1.0,0.0,68,41.12224620519878,55.20517211331014,49.406705235868486,3.226714838208409,0.18092901127980185,1.2619764030397986,1.0,1.0,1.0,1.0,0.19407223795568246,1.2362302402905676,1.0,1.0,1.0,1.0,1000,0,0,0,0,0,68,0,0,0,0,68,68,68,core
1o3f_1o3f_conf0,generation,nextmol_dmt_l_raw,chembl_count,,nextmol_dmt_l_raw_chembl_count,NextMol DMT-L,nextmol_dmt_l_raw_chembl_count,4,25,31,0.7,31,31,0,1.0,31,31,0,1.0,"{""all_atoms_connected"":0,""bond_angles"":0,""bond_lengths"":0,""bonds"":0,""double_bond_stereochemistry"":0,""energy_ratio"":0,""file_loads"":0,""inchi_convertible"":0,""internal_steric_clash"":0,""molecular_formula"":0,""no_radicals"":0,""planar_aromatic_rings"":0,""planar_double_bonds"":0,""reference_file_loads"":0,""sanitisation"":0,""tetrahedral_chirality"":0}","{""all_atoms_connected"":0.0,""bond_angles"":0.0,""bond_lengths"":0.0,""bonds"":0.0,""double_bond_stereochemistry"":0.0,""energy_ratio"":0.0,""file_loads"":0.0,""inchi_convertible"":0.0,""internal_steric_clash"":0.0,""molecular_formula"":0.0,""no_radicals"":0.0,""planar_aromatic_rings"":0.0,""planar_double_bonds"":0.0,""reference_file_loads"":0.0,""sanitisation"":0.0,""tetrahedral_chirality"":0.0}",31,100.9862536314611,0.9349966276016537,1.4591776727930355,7.0,22.580645161290324,0.8718441318876822,0.3548387096774194,5.454987591795775,0.21956295525494277,0.14285714285714285,3.0,9.67741935483871,0.8733654297218261,0.5806451612903226,2.610364831083416,0.4297606659729448,0.0,1.0,3.225806451612903,0.0,1.0,1.0,1.0,0.0,1.0,3.225806451612903,0.0,1.0,1.0,1.0,0.0,31,41.89401048802804,52.37244663362068,45.00266881764389,3.0797886864502275,0.17952043281123056,0.6416574225420806,1.0,1.0,1.0,1.0,0.19846073721010368,0.6341760942324001,1.0,1.0,1.0,1.0,1000,0,0,0,0,0,31,0,0,0,0,31,31,31,core
1o5b_1o5b_conf0,generation,nextmol_dmt_l_raw,fixed,,nextmol_dmt_l_raw_fixed,NextMol DMT-L,nextmol_dmt_l_raw_fixed,1,13,1000,0.7,1000,1000,0,1.0,1000,1000,0,1.0,"{""all_atoms_connected"":0,""bond_angles"":0,""bond_lengths"":0,""bonds"":0,""double_bond_stereochemistry"":0,""energy_ratio"":0,""file_loads"":0,""inchi_convertible"":0,""internal_steric_clash"":0,""molecular_formula"":0,""no_radicals"":0,""planar_aromatic_rings"":0,""planar_double_bonds"":0,""reference_file_loads"":0,""sanitisation"":0,""tetrahedral_chirality"":0}","{""all_atoms_connected"":0.0,""bond_angles"":0.0,""bond_lengths"":0.0,""bonds"":0.0,""double_bond_stereochemistry"":0.0,""energy_ratio"":0.0,""file_loads"":0.0,""inchi_convertible"":0.0,""internal_steric_clash"":0.0,""molecular_formula"":0.0,""no_radicals"":0.0,""planar_aromatic_rings"":0.0,""planar_double_bonds"":0.0,""reference_file_loads"":0.0,""sanitisation"":0.0,""tetrahedral_chirality"":0.0}",1000,126.04683753166056,0.016156854599152344,0.021513144300436344,1.0,0.1,0.0,1.0,1.0,1.0,0.0,1.0,0.1,0.0,1.0,1.0,1.0,0.0,1.0,0.1,0.0,1.0,1.0,1.0,0.0,1.0,0.1,0.0,1.0,1.0,1.0,0.0,1000,-5.075238108351616,-3.0376208344401316,-4.239339346972912,0.29220668612811845,0.06301524055738641,0.07435218866101719,1.0,1.0,1.0,1.0,0.1333541629211374,0.14437358892430657,1.0,1.0,1.0,1.0,1000,0,0,0,0,0,1000,0,0,0,0,1000,1000,1000,core
1o5b_1o5b_conf0,generation,nextmol_dmt_l_raw,dynamic,,nextmol_dmt_l_raw_dynamic,NextMol DMT-L,nextmol_dmt_l_raw_dynamic,1,13,2,0.7,2,2,0,1.0,2,2,0,1.0,"{""all_atoms_connected"":0,""bond_angles"":0,""bond_lengths"":0,""bonds"":0,""double_bond_stereochemistry"":0,""energy_ratio"":0,""file_loads"":0,""inchi_convertible"":0,""internal_steric_clash"":0,""molecular_formula"":0,""no_radicals"":0,""planar_aromatic_rings"":0,""planar_double_bonds"":0,""reference_file_loads"":0,""sanitisation"":0,""tetrahedral_chirality"":0}","{""all_atoms_connected"":0.0,""bond_angles"":0.0,""bond_lengths"":0.0,""bonds"":0.0,""double_bond_stereochemistry"":0.0,""energy_ratio"":0.0,""file_loads"":0.0,""inchi_convertible"":0.0,""internal_steric_clash"":0.0,""molecular_formula"":0.0,""no_radicals"":0.0,""planar_aromatic_rings"":0.0,""planar_double_bonds"":0.0,""reference_file_loads"":0.0,""sanitisation"":0.0,""tetrahedral_chirality"":0.0}",2,45.322971062595734,0.013691572961309493,0.013691572961309493,1.0,50.0,0.0,1.0,1.0,1.0,0.0,1.0,50.0,0.0,1.0,1.0,1.0,0.0,1.0,50.0,0.0,1.0,1.0,1.0,0.0,1.0,50.0,0.0,1.0,1.0,1.0,0.0,2,-4.209738650902363,-4.109332762965618,-4.15953570693399,0.05020294396837244,0.07209678934078358,0.07407301970357612,1.0,1.0,1.0,1.0,0.14215787600609373,0.14230364838893345,1.0,1.0,1.0,1.0,1000,0,0,0,0,0,2,0,0,0,0,2,2,2,core
1o5b_1o5b_conf0,generation,nextmol_dmt_l_raw,chembl_count,,nextmol_dmt_l_raw_chembl_count,NextMol DMT-L,nextmol_dmt_l_raw_chembl_count,1,13,1,0.7,1,1,0,1.0,1,1,0,1.0,"{""all_atoms_connected"":0,""bond_angles"":0,""bond_lengths"":0,""bonds"":0,""double_bond_stereochemistry"":0,""energy_ratio"":0,""file_loads"":0,""inchi_convertible"":0,""internal_steric_clash"":0,""molecular_formula"":0,""no_radicals"":0,""planar_aromatic_rings"":0,""planar_double_bonds"":0,""reference_file_loads"":0,""sanitisation"":0,""tetrahedral_chirality"":0}","{""all_atoms_connected"":0.0,""bond_angles"":0.0,""bond_lengths"":0.0,""bonds"":0.0,""double_bond_stereochemistry"":0.0,""energy_ratio"":0.0,""file_loads"":0.0,""inchi_convertible"":0.0,""internal_steric_clash"":0.0,""molecular_formula"":0.0,""no_radicals"":0.0,""planar_aromatic_rings"":0.0,""planar_double_bonds"":0.0,""reference_file_loads"":0.0,""sanitisation"":0.0,""tetrahedral_chirality"":0.0}",1,0.0,,,1.0,100.0,0.0,1.0,1.0,1.0,1.0,1.0,100.0,0.0,1.0,1.0,1.0,1.0,1.0,100.0,0.0,1.0,1.0,1.0,1.0,1.0,100.0,0.0,1.0,1.0,1.0,1.0,1,-3.818853846334532,-3.818853846334532,-3.818853846334532,0.0,0.08204771890064963,0.08204771890064963,1.0,1.0,1.0,1.0,0.14085059656947782,0.14085059656947782,1.0,1.0,1.0,1.0,1000,0,0,0,0,0,1,0,0,0,0,1,1,1,core
1owh_1owh_conf0,generation,nextmol_dmt_l_raw,fixed,,nextmol_dmt_l_raw_fixed,NextMol DMT-L,nextmol_dmt_l_raw_fixed,5,24,999,0.7,999,999,0,1.0,1000,999,1,0.999,"{""all_atoms_connected"":0,""bond_angles"":0,""bond_lengths"":1,""bonds"":0,""double_bond_stereochemistry"":0,""energy_ratio"":0,""file_loads"":0,""inchi_convertible"":0,""internal_steric_clash"":0,""molecular_formula"":0,""no_radicals"":0,""planar_aromatic_rings"":0,""planar_double_bonds"":0,""reference_file_loads"":0,""sanitisation"":0,""tetrahedral_chirality"":0}","{""all_atoms_connected"":0.0,""bond_angles"":0.0,""bond_lengths"":0.001,""bonds"":0.0,""double_bond_stereochemistry"":0.0,""energy_ratio"":0.0,""file_loads"":0.0,""inchi_convertible"":0.0,""internal_steric_clash"":0.0,""molecular_formula"":0.0,""no_radicals"":0.0,""planar_aromatic_rings"":0.0,""planar_double_bonds"":0.0,""reference_file_loads"":0.0,""sanitisation"":0.0,""tetrahedral_chirality"":0.0}",999,116.59159616670233,1.278821856807345,2.209097925476983,22.0,2.2022022022022023,0.8838800081326955,0.1111111111111111,15.36528322919562,0.07526946365785205,0.09090909090909091,7.0,0.7007007007007007,0.8257766049897151,0.34934934934934936,4.987262073426425,0.2522151781411041,0.0,2.0,0.2002002002002002,0.7853198101035022,0.7657657657657657,1.7234743290659984,0.6412628845061277,0.0,1.0,0.1001001001001001,0.0,1.0,1.0,1.0,0.0,999,44.17148865409157,91.0306914274768,47.65962503791855,7.628652336147926,0.2294439983629999,1.0394272313098014,1.0,1.0,1.0,1.0,0.27972171682106794,1.0648807508961975,0.0,1.0,1.0,1.0,1000,0,0,0,0,0,1000,0,0,0,0,999,1000,1000,core
1owh_1owh_conf0,generation,nextmol_dmt_l_raw,dynamic,,nextmol_dmt_l_raw_dynamic,NextMol DMT-L,nextmol_dmt_l_raw_dynamic,5,24,90,0.7,90,90,0,1.0,90,90,0,1.0,"{""all_atoms_connected"":0,""bond_angles"":0,""bond_lengths"":0,""bonds"":0,""double_bond_stereochemistry"":0,""energy_ratio"":0,""file_loads"":0,""inchi_convertible"":0,""internal_steric_clash"":0,""molecular_formula"":0,""no_radicals"":0,""planar_aromatic_rings"":0,""planar_double_bonds"":0,""reference_file_loads"":0,""sanitisation"":0,""tetrahedral_chirality"":0}","{""all_atoms_connected"":0.0,""bond_angles"":0.0,""bond_lengths"":0.0,""bonds"":0.0,""double_bond_stereochemistry"":0.0,""energy_ratio"":0.0,""file_loads"":0.0,""inchi_convertible"":0.0,""internal_steric_clash"":0.0,""molecular_formula"":0.0,""no_radicals"":0.0,""planar_aromatic_rings"":0.0,""planar_double_bonds"":0.0,""reference_file_loads"":0.0,""sanitisation"":0.0,""tetrahedral_chirality"":0.0}",90,114.3408586805787,1.3794555767519292,2.1989516783507215,16.0,17.77777777777778,0.9393190806133123,0.15555555555555556,13.522371871263918,0.08617283950617283,0.0,6.0,6.666666666666667,0.7986405708297695,0.4222222222222222,4.182762047752387,0.29555555555555557,0.0,2.0,2.2222222222222223,0.8366407419411673,0.7333333333333333,1.7858869300686604,0.6088888888888888,0.0,1.0,1.1111111111111112,0.0,1.0,1.0,1.0,0.0,90,45.32905774480466,67.92533973573133,47.891065073254865,7.519182068228868,0.23993024208479807,1.0051619298799133,1.0,1.0,1.0,1.0,0.28522827297038517,1.0332133363062512,0.0,1.0,1.0,1.0,1000,0,0,0,0,0,90,0,0,0,0,90,90,90,core
1owh_1owh_conf0,generation,nextmol_dmt_l_raw,chembl_count,,nextmol_dmt_l_raw_chembl_count,NextMol DMT-L,nextmol_dmt_l_raw_chembl_count,5,24,12,0.7,12,12,0,1.0,12,12,0,1.0,"{""all_atoms_connected"":0,""bond_angles"":0,""bond_lengths"":0,""bonds"":0,""double_bond_stereochemistry"":0,""energy_ratio"":0,""file_loads"":0,""inchi_convertible"":0,""internal_steric_clash"":0,""molecular_formula"":0,""no_radicals"":0,""planar_aromatic_rings"":0,""planar_double_bonds"":0,""reference_file_loads"":0,""sanitisation"":0,""tetrahedral_chirality"":0}","{""all_atoms_connected"":0.0,""bond_angles"":0.0,""bond_lengths"":0.0,""bonds"":0.0,""double_bond_stereochemistry"":0.0,""energy_ratio"":0.0,""file_loads"":0.0,""inchi_convertible"":0.0,""internal_steric_clash"":0.0,""molecular_formula"":0.0,""no_radicals"":0.0,""planar_aromatic_rings"":0.0,""planar_double_bonds"":0.0,""reference_file_loads"":0.0,""sanitisation"":0.0,""tetrahedral_chirality"":0.0}",12,106.81006647469984,1.587163767763362,2.3151078310784747,8.0,66.66666666666667,0.9172097224626077,0.3333333333333333,6.734772289856238,0.18055555555555558,0.75,5.0,41.666666666666664,0.8848616689990428,0.4166666666666667,4.154241736156385,0.27777777777777773,0.4,2.0,16.666666666666668,0.9798687566511527,0.5833333333333334,1.9722859800819112,0.513888888888889,0.0,1.0,8.333333333333334,0.0,1.0,1.0,1.0,0.0,12,45.46525027146075,67.92533973573133,48.79981062317238,9.001394706270283,0.5989723122890087,1.1723832224519035,0.0,0.0,1.0,1.0,0.5588263666140656,1.0838821166486357,0.0,0.0,1.0,1.0,1000,0,0,0,0,0,12,0,0,0,0,12,12,12,core
1p1n_1p1n_conf0,generation,nextmol_dmt_l_raw,fixed,,nextmol_dmt_l_raw_fixed,NextMol DMT-L,nextmol_dmt_l_raw_fixed,4,15,436,0.7,436,436,0,1.0,1000,436,564,0.436,"{""all_atoms_connected"":0,""bond_angles"":0,""bond_lengths"":0,""bonds"":0,""double_bond_stereochemistry"":0,""energy_ratio"":28,""file_loads"":0,""inchi_convertible"":0,""internal_steric_clash"":0,""molecular_formula"":0,""no_radicals"":0,""planar_aromatic_rings"":0,""planar_double_bonds"":0,""reference_file_loads"":0,""sanitisation"":0,""tetrahedral_chirality"":552}","{""all_atoms_connected"":0.0,""bond_angles"":0.0,""bond_lengths"":0.0,""bonds"":0.0,""double_bond_stereochemistry"":0.0,""energy_ratio"":0.028,""file_loads"":0.0,""inchi_convertible"":0.0,""internal_steric_clash"":0.0,""molecular_formula"":0.0,""no_radicals"":0.0,""planar_aromatic_rings"":0.0,""planar_double_bonds"":0.0,""reference_file_loads"":0.0,""sanitisation"":0.0,""tetrahedral_chirality"":0.552}",436,98.4003471208114,0.9991299863305867,1.6118789906741067,32.0,7.339449541284404,0.724324521329761,0.2545871559633027,12.308837481931622,0.1278722329770221,0.28125,9.0,2.0642201834862384,0.760926193787371,0.36009174311926606,5.3224074784188735,0.22349760121201923,0.1111111111111111,1.0,0.22935779816513763,0.0,1.0,1.0,1.0,0.0,1.0,0.22935779816513763,0.0,1.0,1.0,1.0,0.0,436,4.136294718087889,53.525214618877186,11.253803258467302,6.511903486104684,0.8189853465691995,1.2930734183381498,0.0,0.0,0.0,1.0,0.7774978387145404,1.2164296337671552,0.0,0.0,0.0,1.0,1000,0,0,0,0,0,1000,0,0,0,0,436,1000,1000,core
1p1n_1p1n_conf0,generation,nextmol_dmt_l_raw,dynamic,,nextmol_dmt_l_raw_dynamic,NextMol DMT-L,nextmol_dmt_l_raw_dynamic,4,15,29,0.7,29,29,0,1.0,68,29,39,0.4264705882352941,"{""all_atoms_connected"":0,""bond_angles"":0,""bond_lengths"":0,""bonds"":0,""double_bond_stereochemistry"":0,""energy_ratio"":1,""file_loads"":0,""inchi_convertible"":0,""internal_steric_clash"":0,""molecular_formula"":0,""no_radicals"":0,""planar_aromatic_rings"":0,""planar_double_bonds"":0,""reference_file_loads"":0,""sanitisation"":0,""tetrahedral_chirality"":38}","{""all_atoms_connected"":0.0,""bond_angles"":0.0,""bond_lengths"":0.0,""bonds"":0.0,""double_bond_stereochemistry"":0.0,""energy_ratio"":0.014705882352941176,""file_loads"":0.0,""inchi_convertible"":0.0,""internal_steric_clash"":0.0,""molecular_formula"":0.0,""no_radicals"":0.0,""planar_aromatic_rings"":0.0,""planar_double_bonds"":0.0,""reference_file_loads"":0.0,""sanitisation"":0.0,""tetrahedral_chirality"":0.5588235294117647}",29,94.96703398079944,1.0837786292786133,1.6223433005634706,11.0,37.93103448275862,0.8770385902770774,0.3103448275862069,8.191087637236663,0.16052318668252083,0.36363636363636365,4.0,13.793103448275861,0.751002350452544,0.6206896551724138,2.83236010543034,0.44351961950059454,0.0,1.0,3.4482758620689653,0.0,1.0,1.0,1.0,0.0,1.0,3.4482758620689653,0.0,1.0,1.0,1.0,0.0,29,5.985635343941176,49.39615390673517,11.664645727072848,9.665383828179246,0.8189853465691995,1.2940476917180626,0.0,0.0,0.0,1.0,0.8053006203035186,1.2121850367764597,0.0,0.0,0.0,1.0,1000,0,0,0,0,0,68,0,0,0,0,29,68,68,core
1p1n_1p1n_conf0,generation,nextmol_dmt_l_raw,chembl_count,,nextmol_dmt_l_raw_chembl_count,NextMol DMT-L,nextmol_dmt_l_raw_chembl_count,4,15,8,0.7,8,8,0,1.0,23,8,15,0.3478260869565217,"{""all_atoms_connected"":0,""bond_angles"":0,""bond_lengths"":0,""bonds"":0,""double_bond_stereochemistry"":0,""energy_ratio"":1,""file_loads"":0,""inchi_convertible"":0,""internal_steric_clash"":0,""molecular_formula"":0,""no_radicals"":0,""planar_aromatic_rings"":0,""planar_double_bonds"":0,""reference_file_loads"":0,""sanitisation"":0,""tetrahedral_chirality"":14}","{""all_atoms_connected"":0.0,""bond_angles"":0.0,""bond_lengths"":0.0,""bonds"":0.0,""double_bond_stereochemistry"":0.0,""energy_ratio"":0.043478260869565216,""file_loads"":0.0,""inchi_convertible"":0.0,""internal_steric_clash"":0.0,""molecular_formula"":0.0,""no_radicals"":0.0,""planar_aromatic_rings"":0.0,""planar_double_bonds"":0.0,""reference_file_loads"":0.0,""sanitisation"":0.0,""tetrahedral_chirality"":0.6086956521739131}",8,93.94620935254159,1.1357299720368428,1.6967578551609241,5.0,62.5,0.9283832117695865,0.375,4.455659733512512,0.25,0.6,3.0,37.5,0.946394630357186,0.5,2.82842712474619,0.375,0.0,1.0,12.5,0.0,1.0,1.0,1.0,0.0,1.0,12.5,0.0,1.0,1.0,1.0,0.0,8,5.867436738335591,32.462649982471135,11.515269117432025,7.791475713682889,1.0213819740717314,1.2732576360493582,0.0,0.0,0.0,1.0,0.9737555156012502,1.190691441721736,0.0,0.0,0.0,1.0,1000,0,0,0,0,0,23,0,0,0,0,8,23,23,core
1pxn_1pxn_conf0,generation,nextmol_dmt_l_raw,fixed,,nextmol_dmt_l_raw_fixed,NextMol DMT-L,nextmol_dmt_l_raw_fixed,5,22,1000,0.7,1000,1000,0,1.0,1000,1000,0,1.0,"{""all_atoms_connected"":0,""bond_angles"":0,""bond_lengths"":0,""bonds"":0,""double_bond_stereochemistry"":0,""energy_ratio"":0,""file_loads"":0,""inchi_convertible"":0,""internal_steric_clash"":0,""molecular_formula"":0,""no_radicals"":0,""planar_aromatic_rings"":0,""planar_double_bonds"":0,""reference_file_loads"":0,""sanitisation"":0,""tetrahedral_chirality"":0}","{""all_atoms_connected"":0.0,""bond_angles"":0.0,""bond_lengths"":0.0,""bonds"":0.0,""double_bond_stereochemistry"":0.0,""energy_ratio"":0.0,""file_loads"":0.0,""inchi_convertible"":0.0,""internal_steric_clash"":0.0,""molecular_formula"":0.0,""no_radicals"":0.0,""planar_aromatic_rings"":0.0,""planar_double_bonds"":0.0,""reference_file_loads"":0.0,""sanitisation"":0.0,""tetrahedral_chirality"":0.0}",1000,115.37532899883983,1.4302846076908224,2.3449384864105607,13.0,1.3,0.8291040005934389,0.246,8.386386811848778,0.137982,0.23076923076923078,4.0,0.4,0.9852958597555265,0.309,3.9192883518022006,0.260092,0.0,2.0,0.2,0.9021932572871765,0.682,1.8689050275620875,0.5662480000000001,0.0,1.0,0.1,0.0,1.0,1.0,1.0,0.0,1000,-82.55101520131588,506.7494646657405,-78.74837487038022,18.60669221541638,0.1464220149743794,1.8440529798229557,1.0,1.0,1.0,1.0,0.1726288434524192,1.7712593222211912,1.0,1.0,1.0,1.0,1000,0,0,0,0,0,1000,0,0,0,0,1000,1000,1000,core
1pxn_1pxn_conf0,generation,nextmol_dmt_l_raw,dynamic,,nextmol_dmt_l_raw_dynamic,NextMol DMT-L,nextmol_dmt_l_raw_dynamic,5,22,90,0.7,90,90,0,1.0,90,90,0,1.0,"{""all_atoms_connected"":0,""bond_angles"":0,""bond_lengths"":0,""bonds"":0,""double_bond_stereochemistry"":0,""energy_ratio"":0,""file_loads"":0,""inchi_convertible"":0,""internal_steric_clash"":0,""molecular_formula"":0,""no_radicals"":0,""planar_aromatic_rings"":0,""planar_double_bonds"":0,""reference_file_loads"":0,""sanitisation"":0,""tetrahedral_chirality"":0}","{""all_atoms_connected"":0.0,""bond_angles"":0.0,""bond_lengths"":0.0,""bonds"":0.0,""double_bond_stereochemistry"":0.0,""energy_ratio"":0.0,""file_loads"":0.0,""inchi_convertible"":0.0,""internal_steric_clash"":0.0,""molecular_formula"":0.0,""no_radicals"":0.0,""planar_aromatic_rings"":0.0,""planar_double_bonds"":0.0,""reference_file_loads"":0.0,""sanitisation"":0.0,""tetrahedral_chirality"":0.0}",90,115.440053318094,1.4294684654213987,2.090398336414341,7.0,7.777777777777778,0.9029699248728319,0.28888888888888886,5.795596129336386,0.19703703703703704,0.0,4.0,4.444444444444445,0.9844368300160825,0.28888888888888886,3.9146237743921737,0.25999999999999995,0.0,2.0,2.2222222222222223,0.964078764808229,0.6111111111111112,1.9508174262050981,0.5246913580246915,0.0,1.0,1.1111111111111112,0.0,1.0,1.0,1.0,0.0,90,-82.34371101177885,-75.5564868071529,-78.67345444922745,1.7972762596160599,0.1547602907588369,1.861733793653657,1.0,1.0,1.0,1.0,0.1998661309966138,1.802677895013991,1.0,1.0,1.0,1.0,1000,0,0,0,0,0,90,0,0,0,0,90,90,90,core
1pxn_1pxn_conf0,generation,nextmol_dmt_l_raw,chembl_count,,nextmol_dmt_l_raw_chembl_count,NextMol DMT-L,nextmol_dmt_l_raw_chembl_count,5,22,200,0.7,200,200,0,1.0,200,200,0,1.0,"{""all_atoms_connected"":0,""bond_angles"":0,""bond_lengths"":0,""bonds"":0,""double_bond_stereochemistry"":0,""energy_ratio"":0,""file_loads"":0,""inchi_convertible"":0,""internal_steric_clash"":0,""molecular_formula"":0,""no_radicals"":0,""planar_aromatic_rings"":0,""planar_double_bonds"":0,""reference_file_loads"":0,""sanitisation"":0,""tetrahedral_chirality"":0}","{""all_atoms_connected"":0.0,""bond_angles"":0.0,""bond_lengths"":0.0,""bonds"":0.0,""double_bond_stereochemistry"":0.0,""energy_ratio"":0.0,""file_loads"":0.0,""inchi_convertible"":0.0,""internal_steric_clash"":0.0,""molecular_formula"":0.0,""no_radicals"":0.0,""planar_aromatic_rings"":0.0,""planar_double_bonds"":0.0,""reference_file_loads"":0.0,""sanitisation"":0.0,""tetrahedral_chirality"":0.0}",200,116.82877938562876,1.4595700367529256,2.353532380307487,7.0,3.5,0.90131791739225,0.305,5.776995183022997,0.1969,0.0,4.0,2.0,0.9905545552911295,0.305,3.9479647556130857,0.25655000000000006,0.0,2.0,1.0,0.9384543826025636,0.645,1.916473942574239,0.54205,0.0,1.0,0.5,0.0,1.0,1.0,1.0,0.0,200,-82.15344208758819,506.7494646657405,-78.77396802898937,41.34723624921826,0.15846977773788995,1.8199209352780568,1.0,1.0,1.0,1.0,0.19449641467202777,1.7490671171167667,1.0,1.0,1.0,1.0,1000,0,0,0,0,0,200,0,0,0,0,200,200,200,core
1sqa_1sqa_conf0,generation,nextmol_dmt_l_raw,fixed,,nextmol_dmt_l_raw_fixed,NextMol DMT-L,nextmol_dmt_l_raw_fixed,7,31,426,0.7,426,208,218,0.48826291079812206,1000,426,574,0.426,"{""all_atoms_connected"":0,""bond_angles"":0,""bond_lengths"":0,""bonds"":0,""double_bond_stereochemistry"":0,""energy_ratio"":0,""file_loads"":0,""inchi_convertible"":0,""internal_steric_clash"":574,""molecular_formula"":0,""no_radicals"":0,""planar_aromatic_rings"":0,""planar_double_bonds"":0,""reference_file_loads"":0,""sanitisation"":0,""tetrahedral_chirality"":0}","{""all_atoms_connected"":0.0,""bond_angles"":0.0,""bond_lengths"":0.0,""bonds"":0.0,""double_bond_stereochemistry"":0.0,""energy_ratio"":0.0,""file_loads"":0.0,""inchi_convertible"":0.0,""internal_steric_clash"":0.574,""molecular_formula"":0.0,""no_radicals"":0.0,""planar_aromatic_rings"":0.0,""planar_double_bonds"":0.0,""reference_file_loads"":0.0,""sanitisation"":0.0,""tetrahedral_chirality"":0.0}",426,102.90652283816088,2.2140341262568946,3.3058313129277064,69.0,16.197183098591548,0.8766255882118353,0.07746478873239436,40.92438538833787,0.034616147589763925,0.30434782608695654,26.0,6.103286384976526,0.8045794021810658,0.19014084507042253,13.754930818479705,0.1028235138530715,0.19230769230769232,5.0,1.1737089201877935,0.768617078442074,0.38967136150234744,3.4454050239442577,0.3161519980603496,0.0,2.0,0.4694835680751174,0.9792949172924047,0.5845070422535211,1.9715016492045427,0.5142828803808768,0.0,426,-8.054387976601554,68.75730781961826,23.496789644097422,18.218405777429115,0.7078497941178916,2.8591030397055595,0.0,0.0,1.0,1.0,0.7161600015152978,2.975010292284118,0.0,0.0,1.0,1.0,1000,0,0,0,0,0,1000,0,0,0,0,426,1000,1000,core
1sqa_1sqa_conf0,generation,nextmol_dmt_l_raw,dynamic,,nextmol_dmt_l_raw_dynamic,NextMol DMT-L,nextmol_dmt_l_raw_dynamic,7,31,53,0.7,53,27,26,0.5094339622641509,134,53,81,0.3955223880597014,"{""all_atoms_connected"":0,""bond_angles"":0,""bond_lengths"":0,""bonds"":0,""double_bond_stereochemistry"":0,""energy_ratio"":0,""file_loads"":0,""inchi_convertible"":0,""internal_steric_clash"":81,""molecular_formula"":0,""no_radicals"":0,""planar_aromatic_rings"":0,""planar_double_bonds"":0,""reference_file_loads"":0,""sanitisation"":0,""tetrahedral_chirality"":0}","{""all_atoms_connected"":0.0,""bond_angles"":0.0,""bond_lengths"":0.0,""bonds"":0.0,""double_bond_stereochemistry"":0.0,""energy_ratio"":0.0,""file_loads"":0.0,""inchi_convertible"":0.0,""internal_steric_clash"":0.6044776119402985,""molecular_formula"":0.0,""no_radicals"":0.0,""planar_aromatic_rings"":0.0,""planar_double_bonds"":0.0,""reference_file_loads"":0.0,""sanitisation"":0.0,""tetrahedral_chirality"":0.0}",53,101.20471726247926,2.175055073159862,3.2216021821228757,27.0,50.943396226415096,0.9114969974297312,0.1509433962264151,20.168972473895046,0.06657173371306514,0.6296296296296297,13.0,24.528301886792452,0.9058095803908863,0.18867924528301888,10.209878185518225,0.1156995372018512,0.23076923076923078,5.0,9.433962264150944,0.8790707611830029,0.3584905660377358,4.115703628987708,0.2609469562121751,0.2,2.0,3.7735849056603774,0.9976875760352552,0.5283018867924528,1.9967968674536707,0.5016019935920256,0.0,53,-7.2661288792458905,39.37178324323391,21.298507283463152,16.478654823337695,0.7191413621650314,2.843168971168757,0.0,0.0,1.0,1.0,0.7222854681930518,2.8768216359240912,0.0,0.0,1.0,1.0,1000,0,0,0,0,0,134,0,0,0,0,53,134,134,core
1sqa_1sqa_conf0,generation,nextmol_dmt_l_raw,chembl_count,,nextmol_dmt_l_raw_chembl_count,NextMol DMT-L,nextmol_dmt_l_raw_chembl_count,7,31,81,0.7,81,43,38,0.5308641975308642,200,81,119,0.405,"{""all_atoms_connected"":0,""bond_angles"":0,""bond_lengths"":0,""bonds"":0,""double_bond_stereochemistry"":0,""energy_ratio"":0,""file_loads"":0,""inchi_convertible"":0,""internal_steric_clash"":119,""molecular_formula"":0,""no_radicals"":0,""planar_aromatic_rings"":0,""planar_double_bonds"":0,""reference_file_loads"":0,""sanitisation"":0,""tetrahedral_chirality"":0}","{""all_atoms_connected"":0.0,""bond_angles"":0.0,""bond_lengths"":0.0,""bonds"":0.0,""double_bond_stereochemistry"":0.0,""energy_ratio"":0.0,""file_loads"":0.0,""inchi_convertible"":0.0,""internal_steric_clash"":0.595,""molecular_formula"":0.0,""no_radicals"":0.0,""planar_aromatic_rings"":0.0,""planar_double_bonds"":0.0,""reference_file_loads"":0.0,""sanitisation"":0.0,""tetrahedral_chirality"":0.0}",81,102.47195643673292,2.2214195160580004,3.2776644674365922,37.0,45.67901234567901,0.9248842935583172,0.09876543209876543,28.210133651373035,0.04496265813138242,0.5675675675675675,14.0,17.28395061728395,0.8930599213839795,0.16049382716049382,10.557498136475315,0.10958695320835238,0.21428571428571427,5.0,6.172839506172839,0.7478778315437362,0.4444444444444444,3.332300598779338,0.3339429964944368,0.2,2.0,2.4691358024691357,0.9990102708804813,0.5185185185185185,1.9986284146293172,0.5006858710562414,0.0,81,-8.054387976601554,61.179875961428955,20.68376795407316,18.340118021005722,0.7107365021068012,2.6801018250749387,0.0,0.0,1.0,1.0,0.7161600015152978,2.7712797089058943,0.0,0.0,1.0,1.0,1000,0,0,0,0,0,200,0,0,0,0,81,200,200,core
1uto_1uto_conf0,generation,nextmol_dmt_l_raw,fixed,,nextmol_dmt_l_raw_fixed,NextMol DMT-L,nextmol_dmt_l_raw_fixed,3,9,1000,0.7,1000,1000,0,1.0,1000,1000,0,1.0,"{""all_atoms_connected"":0,""bond_angles"":0,""bond_lengths"":0,""bonds"":0,""double_bond_stereochemistry"":0,""energy_ratio"":0,""file_loads"":0,""inchi_convertible"":0,""internal_steric_clash"":0,""molecular_formula"":0,""no_radicals"":0,""planar_aromatic_rings"":0,""planar_double_bonds"":0,""reference_file_loads"":0,""sanitisation"":0,""tetrahedral_chirality"":0}","{""all_atoms_connected"":0.0,""bond_angles"":0.0,""bond_lengths"":0.0,""bonds"":0.0,""double_bond_stereochemistry"":0.0,""energy_ratio"":0.0,""file_loads"":0.0,""inchi_convertible"":0.0,""internal_steric_clash"":0.0,""molecular_formula"":0.0,""no_radicals"":0.0,""planar_aromatic_rings"":0.0,""planar_double_bonds"":0.0,""reference_file_loads"":0.0,""sanitisation"":0.0,""tetrahedral_chirality"":0.0}",1000,103.07834635446238,0.5347552901393147,0.7612463423684946,4.0,0.4,0.896745133912155,0.337,3.4665252469709613,0.30394600000000005,0.0,1.0,0.1,0.0,1.0,1.0,1.0,0.0,1.0,0.1,0.0,1.0,1.0,1.0,0.0,1.0,0.1,0.0,1.0,1.0,1.0,0.0,1000,29.167763522994836,44.66592524824456,36.329468536874884,2.64757721818783,0.1446982240766551,0.7027439829858311,1.0,1.0,1.0,1.0,0.19498926364999955,0.7324186993625359,1.0,1.0,1.0,1.0,1000,0,0,0,0,0,1000,0,0,0,0,1000,1000,1000,core
1uto_1uto_conf0,generation,nextmol_dmt_l_raw,dynamic,,nextmol_dmt_l_raw_dynamic,NextMol DMT-L,nextmol_dmt_l_raw_dynamic,3,9,46,0.7,46,46,0,1.0,46,46,0,1.0,"{""all_atoms_connected"":0,""bond_angles"":0,""bond_lengths"":0,""bonds"":0,""double_bond_stereochemistry"":0,""energy_ratio"":0,""file_loads"":0,""inchi_convertible"":0,""internal_steric_clash"":0,""molecular_formula"":0,""no_radicals"":0,""planar_aromatic_rings"":0,""planar_double_bonds"":0,""reference_file_loads"":0,""sanitisation"":0,""tetrahedral_chirality"":0}","{""all_atoms_connected"":0.0,""bond_angles"":0.0,""bond_lengths"":0.0,""bonds"":0.0,""double_bond_stereochemistry"":0.0,""energy_ratio"":0.0,""file_loads"":0.0,""inchi_convertible"":0.0,""internal_steric_clash"":0.0,""molecular_formula"":0.0,""no_radicals"":0.0,""planar_aromatic_rings"":0.0,""planar_double_bonds"":0.0,""reference_file_loads"":0.0,""sanitisation"":0.0,""tetrahedral_chirality"":0.0}",46,106.67330274830489,0.5175901999305886,0.8528276394728475,4.0,8.695652173913043,0.8475884091607435,0.34782608695652173,3.2381657150900716,0.32230623818525517,0.25,1.0,2.1739130434782608,0.0,1.0,1.0,1.0,0.0,1.0,2.1739130434782608,0.0,1.0,1.0,1.0,0.0,1.0,2.1739130434782608,0.0,1.0,1.0,1.0,0.0,46,31.817431239564662,40.805843069163686,36.65948006597399,2.5484902414452906,0.168180153815647,0.6968527642169547,1.0,1.0,1.0,1.0,0.2200931739276217,0.7258117325268862,1.0,1.0,1.0,1.0,1000,0,0,0,0,0,46,0,0,0,0,46,46,46,core
1uto_1uto_conf0,generation,nextmol_dmt_l_raw,chembl_count,,nextmol_dmt_l_raw_chembl_count,NextMol DMT-L,nextmol_dmt_l_raw_chembl_count,3,9,7,0.7,7,7,0,1.0,7,7,0,1.0,"{""all_atoms_connected"":0,""bond_angles"":0,""bond_lengths"":0,""bonds"":0,""double_bond_stereochemistry"":0,""energy_ratio"":0,""file_loads"":0,""inchi_convertible"":0,""internal_steric_clash"":0,""molecular_formula"":0,""no_radicals"":0,""planar_aromatic_rings"":0,""planar_double_bonds"":0,""reference_file_loads"":0,""sanitisation"":0,""tetrahedral_chirality"":0}","{""all_atoms_connected"":0.0,""bond_angles"":0.0,""bond_lengths"":0.0,""bonds"":0.0,""double_bond_stereochemistry"":0.0,""energy_ratio"":0.0,""file_loads"":0.0,""inchi_convertible"":0.0,""internal_steric_clash"":0.0,""molecular_formula"":0.0,""no_radicals"":0.0,""planar_aromatic_rings"":0.0,""planar_double_bonds"":0.0,""reference_file_loads"":0.0,""sanitisation"":0.0,""tetrahedral_chirality"":0.0}",7,91.48753730473858,0.5005773124840474,0.741939811567214,3.0,42.857142857142854,0.8699155297736259,0.5714285714285714,2.6004900059896596,0.42857142857142855,0.3333333333333333,1.0,14.285714285714286,0.0,1.0,1.0,1.0,0.0,1.0,14.285714285714286,0.0,1.0,1.0,1.0,0.0,1.0,14.285714285714286,0.0,1.0,1.0,1.0,0.0,7,31.817693856106132,38.34373117378371,35.288339141866686,2.621989253178507,0.17836420887731638,0.6937620634354486,1.0,1.0,1.0,1.0,0.2290231070838051,0.7227127105663325,1.0,1.0,1.0,1.0,1000,0,0,0,0,0,7,0,0,0,0,7,7,7,core
1yc1_1yc1_conf0,generation,nextmol_dmt_l_raw,fixed,,nextmol_dmt_l_raw_fixed,NextMol DMT-L,nextmol_dmt_l_raw_fixed,6,27,1000,0.7,1000,1000,0,1.0,1000,1000,0,1.0,"{""all_atoms_connected"":0,""bond_angles"":0,""bond_lengths"":0,""bonds"":0,""double_bond_stereochemistry"":0,""energy_ratio"":0,""file_loads"":0,""inchi_convertible"":0,""internal_steric_clash"":0,""molecular_formula"":0,""no_radicals"":0,""planar_aromatic_rings"":0,""planar_double_bonds"":0,""reference_file_loads"":0,""sanitisation"":0,""tetrahedral_chirality"":0}","{""all_atoms_connected"":0.0,""bond_angles"":0.0,""bond_lengths"":0.0,""bonds"":0.0,""double_bond_stereochemistry"":0.0,""energy_ratio"":0.0,""file_loads"":0.0,""inchi_convertible"":0.0,""internal_steric_clash"":0.0,""molecular_formula"":0.0,""no_radicals"":0.0,""planar_aromatic_rings"":0.0,""planar_double_bonds"":0.0,""reference_file_loads"":0.0,""sanitisation"":0.0,""tetrahedral_chirality"":0.0}",1000,93.26059291418584,1.560010503634972,2.20449434888647,32.0,3.2,0.836516346595382,0.096,18.158608316352375,0.061869999999999994,0.3125,10.0,1.0,0.9137417551964174,0.196,8.198638831735316,0.13084,0.0,2.0,0.2,0.9451452706123663,0.637,1.9253827507706278,0.537538,0.0,1.0,0.1,0.0,1.0,1.0,1.0,0.0,1000,20.46775312392557,47.04905617185567,25.144094968446364,6.298621656608631,0.454174855593016,1.4787314851003317,0.0,1.0,1.0,1.0,0.35647445755350643,1.4625775954585256,0.0,1.0,1.0,1.0,1000,0,0,0,0,0,1000,0,0,0,0,1000,1000,1000,core
1yc1_1yc1_conf0,generation,nextmol_dmt_l_raw,dynamic,,nextmol_dmt_l_raw_dynamic,NextMol DMT-L,nextmol_dmt_l_raw_dynamic,6,27,112,0.7,112,112,0,1.0,112,112,0,1.0,"{""all_atoms_connected"":0,""bond_angles"":0,""bond_lengths"":0,""bonds"":0,""double_bond_stereochemistry"":0,""energy_ratio"":0,""file_loads"":0,""inchi_convertible"":0,""internal_steric_clash"":0,""molecular_formula"":0,""no_radicals"":0,""planar_aromatic_rings"":0,""planar_double_bonds"":0,""reference_file_loads"":0,""sanitisation"":0,""tetrahedral_chirality"":0}","{""all_atoms_connected"":0.0,""bond_angles"":0.0,""bond_lengths"":0.0,""bonds"":0.0,""double_bond_stereochemistry"":0.0,""energy_ratio"":0.0,""file_loads"":0.0,""inchi_convertible"":0.0,""internal_steric_clash"":0.0,""molecular_formula"":0.0,""no_radicals"":0.0,""planar_aromatic_rings"":0.0,""planar_double_bonds"":0.0,""reference_file_loads"":0.0,""sanitisation"":0.0,""tetrahedral_chirality"":0.0}",112,90.46368401288787,1.5025570387099472,2.146316221295713,20.0,17.857142857142858,0.9244885309659269,0.09821428571428571,15.950977757220667,0.07095025510204081,0.2,8.0,7.142857142857143,0.9770410151734904,0.17857142857142858,7.62703883445429,0.13679846938775508,0.0,2.0,1.7857142857142858,0.8510340662036067,0.7232142857142857,1.8037933490409468,0.5996492346938775,0.0,1.0,0.8928571428571429,0.0,1.0,1.0,1.0,0.0,112,20.795488764301968,42.44446734719555,24.698466204106936,5.803191330459267,0.49771198852117243,1.4362770596909855,0.0,1.0,1.0,1.0,0.39014106306257923,1.4312699053817963,0.0,1.0,1.0,1.0,1000,0,0,0,0,0,112,0,0,0,0,112,112,112,core
1yc1_1yc1_conf0,generation,nextmol_dmt_l_raw,chembl_count,,nextmol_dmt_l_raw_chembl_count,NextMol DMT-L,nextmol_dmt_l_raw_chembl_count,6,27,168,0.7,168,168,0,1.0,168,168,0,1.0,"{""all_atoms_connected"":0,""bond_angles"":0,""bond_lengths"":0,""bonds"":0,""double_bond_stereochemistry"":0,""energy_ratio"":0,""file_loads"":0,""inchi_convertible"":0,""internal_steric_clash"":0,""molecular_formula"":0,""no_radicals"":0,""planar_aromatic_rings"":0,""planar_double_bonds"":0,""reference_file_loads"":0,""sanitisation"":0,""tetrahedral_chirality"":0}","{""all_atoms_connected"":0.0,""bond_angles"":0.0,""bond_lengths"":0.0,""bonds"":0.0,""double_bond_stereochemistry"":0.0,""energy_ratio"":0.0,""file_loads"":0.0,""inchi_convertible"":0.0,""internal_steric_clash"":0.0,""molecular_formula"":0.0,""no_radicals"":0.0,""planar_aromatic_rings"":0.0,""planar_double_bonds"":0.0,""reference_file_loads"":0.0,""sanitisation"":0.0,""tetrahedral_chirality"":0.0}",168,93.97153543293781,1.5582223461462459,2.205378810935844,21.0,12.5,0.9423944187946263,0.08928571428571429,17.62187368174554,0.06200396825396825,0.09523809523809523,8.0,4.761904761904762,0.9899321213871064,0.16071428571428573,7.834256500420328,0.13017290249433108,0.0,2.0,1.1904761904761905,0.9059282160429994,0.6785714285714286,1.8737496595494663,0.5637755102040817,0.0,1.0,0.5952380952380952,0.0,1.0,1.0,1.0,0.0,168,20.644695628037468,47.04905617185567,24.8816712382651,6.747811980558448,0.5023750917691512,1.4871644046393189,0.0,0.0,1.0,1.0,0.39377841842255606,1.4579333481298753,0.0,1.0,1.0,1.0,1000,0,0,0,0,0,168,0,0,0,0,168,168,168,core
1ydr_1ydr_conf0,generation,nextmol_dmt_l_raw,fixed,,nextmol_dmt_l_raw_fixed,NextMol DMT-L,nextmol_dmt_l_raw_fixed,2,20,506,0.7,506,506,0,1.0,1000,506,494,0.506,"{""all_atoms_connected"":0,""bond_angles"":0,""bond_lengths"":0,""bonds"":0,""double_bond_stereochemistry"":0,""energy_ratio"":0,""file_loads"":0,""inchi_convertible"":0,""internal_steric_clash"":0,""molecular_formula"":0,""no_radicals"":0,""planar_aromatic_rings"":0,""planar_double_bonds"":0,""reference_file_loads"":0,""sanitisation"":0,""tetrahedral_chirality"":494}","{""all_atoms_connected"":0.0,""bond_angles"":0.0,""bond_lengths"":0.0,""bonds"":0.0,""double_bond_stereochemistry"":0.0,""energy_ratio"":0.0,""file_loads"":0.0,""inchi_convertible"":0.0,""internal_steric_clash"":0.0,""molecular_formula"":0.0,""no_radicals"":0.0,""planar_aromatic_rings"":0.0,""planar_double_bonds"":0.0,""reference_file_loads"":0.0,""sanitisation"":0.0,""tetrahedral_chirality"":0.494}",506,100.07921057148805,1.4476036060236033,1.995377096241087,28.0,5.533596837944664,0.8051306303806327,0.1541501976284585,14.626865167905677,0.08425377681263573,0.21428571428571427,11.0,2.1739130434782608,0.9268479828477766,0.16205533596837945,9.230233966469434,0.11542908028558486,0.09090909090909091,2.0,0.3952569169960474,0.9630692761140839,0.6126482213438735,1.9494528694223723,0.5253792435438767,0.0,1.0,0.1976284584980237,0.0,1.0,1.0,1.0,0.0,506,71.68380148164863,241.23462651085003,77.63330123746877,8.041626388367883,0.9012218895981882,1.6910746234479814,0.0,0.0,0.0,1.0,1.0298288057449265,1.7906110463268008,0.0,0.0,0.0,1.0,1000,0,0,0,0,0,1000,0,0,0,0,506,1000,1000,core
1ydr_1ydr_conf0,generation,nextmol_dmt_l_raw,dynamic,,nextmol_dmt_l_raw_dynamic,NextMol DMT-L,nextmol_dmt_l_raw_dynamic,2,20,12,0.7,12,12,0,1.0,24,12,12,0.5,"{""all_atoms_connected"":0,""bond_angles"":0,""bond_lengths"":0,""bonds"":0,""double_bond_stereochemistry"":0,""energy_ratio"":0,""file_loads"":0,""inchi_convertible"":0,""internal_steric_clash"":0,""molecular_formula"":0,""no_radicals"":0,""planar_aromatic_rings"":0,""planar_double_bonds"":0,""reference_file_loads"":0,""sanitisation"":0,""tetrahedral_chirality"":12}","{""all_atoms_connected"":0.0,""bond_angles"":0.0,""bond_lengths"":0.0,""bonds"":0.0,""double_bond_stereochemistry"":0.0,""energy_ratio"":0.0,""file_loads"":0.0,""inchi_convertible"":0.0,""internal_steric_clash"":0.0,""molecular_formula"":0.0,""no_radicals"":0.0,""planar_aromatic_rings"":0.0,""planar_double_bonds"":0.0,""reference_file_loads"":0.0,""sanitisation"":0.0,""tetrahedral_chirality"":0.5}",12,91.00127670352568,1.4992072897403774,2.0372245137715215,9.0,75.0,0.973197315178593,0.16666666666666666,8.48528137423857,0.125,0.6666666666666666,7.0,58.333333333333336,0.9577420562022179,0.25,6.44741959094125,0.16666666666666666,0.42857142857142855,2.0,16.666666666666668,0.9182958340544894,0.6666666666666666,1.8898815748423097,0.5555555555555556,0.0,1.0,8.333333333333334,0.0,1.0,1.0,1.0,0.0,12,72.82688086608815,84.18892381189531,79.6425674480124,4.033353287774336,1.2979508484647009,1.695283297811311,0.0,0.0,0.0,1.0,1.342327645175741,1.8282933616382824,0.0,0.0,0.0,1.0,1000,0,0,0,0,0,24,0,0,0,0,12,24,24,core
1ydr_1ydr_conf0,generation,nextmol_dmt_l_raw,chembl_count,,nextmol_dmt_l_raw_chembl_count,NextMol DMT-L,nextmol_dmt_l_raw_chembl_count,2,20,9,0.7,9,9,0,1.0,16,9,7,0.5625,"{""all_atoms_connected"":0,""bond_angles"":0,""bond_lengths"":0,""bonds"":0,""double_bond_stereochemistry"":0,""energy_ratio"":0,""file_loads"":0,""inchi_convertible"":0,""internal_steric_clash"":0,""molecular_formula"":0,""no_radicals"":0,""planar_aromatic_rings"":0,""planar_double_bonds"":0,""reference_file_loads"":0,""sanitisation"":0,""tetrahedral_chirality"":7}","{""all_atoms_connected"":0.0,""bond_angles"":0.0,""bond_lengths"":0.0,""bonds"":0.0,""double_bond_stereochemistry"":0.0,""energy_ratio"":0.0,""file_loads"":0.0,""inchi_convertible"":0.0,""internal_steric_clash"":0.0,""molecular_formula"":0.0,""no_radicals"":0.0,""planar_aromatic_rings"":0.0,""planar_double_bonds"":0.0,""reference_file_loads"":0.0,""sanitisation"":0.0,""tetrahedral_chirality"":0.4375}",9,90.63260477933405,1.4953332769062502,2.0248338881604706,7.0,77.77777777777777,0.9708357627258162,0.2222222222222222,6.6138052152401965,0.16049382716049382,0.7142857142857143,6.0,66.66666666666667,0.9359446974458661,0.3333333333333333,5.349418023423784,0.20987654320987653,0.6666666666666666,2.0,22.22222222222222,0.7642045065086203,0.7777777777777778,1.6984332340231805,0.654320987654321,0.0,1.0,11.11111111111111,0.0,1.0,1.0,1.0,0.0,9,73.72861178878401,81.96071245453084,79.75846912057824,2.6563594191697093,0.9047597356581495,1.711121445880494,0.0,0.0,0.0,1.0,1.0488448100234613,1.8051425818578204,0.0,0.0,0.0,1.0,1000,0,0,0,0,0,16,0,0,0,0,9,16,16,core
1ydt_1ydt_conf0,generation,nextmol_dmt_l_raw,fixed,,nextmol_dmt_l_raw_fixed,NextMol DMT-L,nextmol_dmt_l_raw_fixed,8,27,992,0.7,992,992,0,1.0,1000,992,8,0.992,"{""all_atoms_connected"":0,""bond_angles"":0,""bond_lengths"":0,""bonds"":0,""double_bond_stereochemistry"":8,""energy_ratio"":0,""file_loads"":0,""inchi_convertible"":0,""internal_steric_clash"":0,""molecular_formula"":0,""no_radicals"":0,""planar_aromatic_rings"":0,""planar_double_bonds"":0,""reference_file_loads"":0,""sanitisation"":0,""tetrahedral_chirality"":0}","{""all_atoms_connected"":0.0,""bond_angles"":0.0,""bond_lengths"":0.0,""bonds"":0.0,""double_bond_stereochemistry"":0.008,""energy_ratio"":0.0,""file_loads"":0.0,""inchi_convertible"":0.0,""internal_steric_clash"":0.0,""molecular_formula"":0.0,""no_radicals"":0.0,""planar_aromatic_rings"":0.0,""planar_double_bonds"":0.0,""reference_file_loads"":0.0,""sanitisation"":0.0,""tetrahedral_chirality"":0.0}",992,101.51141813013551,2.290955204405126,3.3193422650722093,431.0,43.44758064516129,0.9452551140265611,0.015120967741935484,309.2097021355692,0.004495642559833506,0.5545243619489559,94.0,9.475806451612904,0.8978630630987764,0.09375,59.10151566006781,0.024827653485952127,0.11702127659574468,7.0,0.7056451612903226,0.9307792230139391,0.2610887096774194,6.117862290655396,0.18084596123829347,0.0,3.0,0.3024193548387097,0.750454682720983,0.5131048387096774,2.280646000815161,0.46680500455254936,0.0,992,-4.964886359199909,19.69992179901866,2.854652144730858,3.828789396626741,0.4464483635896269,2.0769650412931036,0.0,1.0,1.0,1.0,0.524407058872621,2.103474464711045,0.0,0.0,1.0,1.0,1000,0,0,0,0,0,1000,0,0,0,0,992,1000,1000,core
1ydt_1ydt_conf0,generation,nextmol_dmt_l_raw,dynamic,,nextmol_dmt_l_raw_dynamic,NextMol DMT-L,nextmol_dmt_l_raw_dynamic,8,27,155,0.7,155,155,0,1.0,156,155,1,0.9935897435897436,"{""all_atoms_connected"":0,""bond_angles"":0,""bond_lengths"":0,""bonds"":0,""double_bond_stereochemistry"":1,""energy_ratio"":0,""file_loads"":0,""inchi_convertible"":0,""internal_steric_clash"":0,""molecular_formula"":0,""no_radicals"":0,""planar_aromatic_rings"":0,""planar_double_bonds"":0,""reference_file_loads"":0,""sanitisation"":0,""tetrahedral_chirality"":0}","{""all_atoms_connected"":0.0,""bond_angles"":0.0,""bond_lengths"":0.0,""bonds"":0.0,""double_bond_stereochemistry"":0.00641025641025641,""energy_ratio"":0.0,""file_loads"":0.0,""inchi_convertible"":0.0,""internal_steric_clash"":0.0,""molecular_formula"":0.0,""no_radicals"":0.0,""planar_aromatic_rings"":0.0,""planar_double_bonds"":0.0,""reference_file_loads"":0.0,""sanitisation"":0.0,""tetrahedral_chirality"":0.0}",155,102.84445636715077,2.2223635032800844,3.20147488135009,124.0,80.0,0.9845714224878818,0.01935483870967742,115.11268035752909,0.009531737773152965,0.7983870967741935,51.0,32.903225806451616,0.9424623314404683,0.06451612903225806,40.67434511864092,0.029510926118626424,0.3137254901960784,6.0,3.870967741935484,0.8858021156316056,0.3096774193548387,4.8897654081628525,0.23229968782518207,0.0,2.0,1.2903225806451613,0.7088356733321961,0.8064516129032258,1.6344844743969267,0.687825182101977,0.0,155,-4.183103050301915,16.977171833661032,2.471688741461655,3.807531760885768,0.7765860510992791,2.0539077313888665,0.0,0.0,0.0,1.0,0.9262825995185652,2.0552945059508665,0.0,0.0,0.0,1.0,1000,0,0,0,0,0,156,0,0,0,0,155,156,156,core
1ydt_1ydt_conf0,generation,nextmol_dmt_l_raw,chembl_count,,nextmol_dmt_l_raw_chembl_count,NextMol DMT-L,nextmol_dmt_l_raw_chembl_count,8,27,139,0.7,139,139,0,1.0,140,139,1,0.9928571428571428,"{""all_atoms_connected"":0,""bond_angles"":0,""bond_lengths"":0,""bonds"":0,""double_bond_stereochemistry"":1,""energy_ratio"":0,""file_loads"":0,""inchi_convertible"":0,""internal_steric_clash"":0,""molecular_formula"":0,""no_radicals"":0,""planar_aromatic_rings"":0,""planar_double_bonds"":0,""reference_file_loads"":0,""sanitisation"":0,""tetrahedral_chirality"":0}","{""all_atoms_connected"":0.0,""bond_angles"":0.0,""bond_lengths"":0.0,""bonds"":0.0,""double_bond_stereochemistry"":0.007142857142857143,""energy_ratio"":0.0,""file_loads"":0.0,""inchi_convertible"":0.0,""internal_steric_clash"":0.0,""molecular_formula"":0.0,""no_radicals"":0.0,""planar_aromatic_rings"":0.0,""planar_double_bonds"":0.0,""reference_file_loads"":0.0,""sanitisation"":0.0,""tetrahedral_chirality"":0.0}",139,101.06085813618992,2.345880858564945,3.440246954686217,101.0,72.66187050359713,0.9705639624270919,0.04316546762589928,88.17025452997179,0.013612131877232023,0.7722772277227723,51.0,36.69064748201439,0.9373147688770794,0.07194244604316546,39.85939889250729,0.03214119352000415,0.29411764705882354,7.0,5.0359712230215825,0.9215472739439509,0.2733812949640288,6.008938996040311,0.1845142590963201,0.0,2.0,1.4388489208633093,0.9638176576980977,0.6115107913669064,1.9504643881794896,0.5248693131825475,0.0,139,-4.320878574558456,17.941828762710912,3.1917174822693184,4.240569243816516,1.050667516562138,2.213375481390841,0.0,0.0,0.0,1.0,1.0820767154603803,2.1940368150163065,0.0,0.0,0.0,1.0,1000,0,0,0,0,0,140,0,0,0,0,139,140,140,core
1z6e_1z6e_conf0,generation,nextmol_dmt_l_raw,fixed,,nextmol_dmt_l_raw_fixed,NextMol DMT-L,nextmol_dmt_l_raw_fixed,7,38,866,0.7,866,830,36,0.9584295612009238,1000,866,134,0.866,"{""all_atoms_connected"":0,""bond_angles"":0,""bond_lengths"":0,""bonds"":0,""double_bond_stereochemistry"":0,""energy_ratio"":0,""file_loads"":0,""inchi_convertible"":0,""internal_steric_clash"":134,""molecular_formula"":0,""no_radicals"":0,""planar_aromatic_rings"":0,""planar_double_bonds"":0,""reference_file_loads"":0,""sanitisation"":0,""tetrahedral_chirality"":0}","{""all_atoms_connected"":0.0,""bond_angles"":0.0,""bond_lengths"":0.0,""bonds"":0.0,""double_bond_stereochemistry"":0.0,""energy_ratio"":0.0,""file_loads"":0.0,""inchi_convertible"":0.0,""internal_steric_clash"":0.134,""molecular_formula"":0.0,""no_radicals"":0.0,""planar_aromatic_rings"":0.0,""planar_double_bonds"":0.0,""reference_file_loads"":0.0,""sanitisation"":0.0,""tetrahedral_chirality"":0.0}",866,96.65062980265321,2.287977343553329,3.525357991346538,215.0,24.82678983833718,0.8526975750989068,0.07043879907621248,97.46857548336865,0.019785160729429464,0.4930232558139535,109.0,12.58660508083141,0.7732771564854878,0.13279445727482678,37.62663399085265,0.050109606430243904,0.30275229357798167,20.0,2.3094688221709005,0.6479840420003699,0.4387990762124711,6.967013873543672,0.2425315618516286,0.05,5.0,0.5773672055427251,0.6958442124525546,0.5300230946882217,3.0646030692200457,0.384342548096155,0.0,866,115.52589489942288,154.75141367401739,129.28737535958106,6.54872735841208,1.035903817120612,3.6498765851411035,0.0,0.0,0.0,1.0,1.0445761704076613,3.5514227889438112,0.0,0.0,0.0,1.0,1000,0,0,0,0,0,1000,0,0,0,0,866,1000,1000,core
1z6e_1z6e_conf0,generation,nextmol_dmt_l_raw,dynamic,,nextmol_dmt_l_raw_dynamic,NextMol DMT-L,nextmol_dmt_l_raw_dynamic,7,38,121,0.7,121,116,5,0.9586776859504132,134,121,13,0.9029850746268656,"{""all_atoms_connected"":0,""bond_angles"":0,""bond_lengths"":0,""bonds"":0,""double_bond_stereochemistry"":0,""energy_ratio"":0,""file_loads"":0,""inchi_convertible"":0,""internal_steric_clash"":13,""molecular_formula"":0,""no_radicals"":0,""planar_aromatic_rings"":0,""planar_double_bonds"":0,""reference_file_loads"":0,""sanitisation"":0,""tetrahedral_chirality"":0}","{""all_atoms_connected"":0.0,""bond_angles"":0.0,""bond_lengths"":0.0,""bonds"":0.0,""double_bond_stereochemistry"":0.0,""energy_ratio"":0.0,""file_loads"":0.0,""inchi_convertible"":0.0,""internal_steric_clash"":0.09701492537313433,""molecular_formula"":0.0,""no_radicals"":0.0,""planar_aromatic_rings"":0.0,""planar_double_bonds"":0.0,""reference_file_loads"":0.0,""sanitisation"":0.0,""tetrahedral_chirality"":0.0}",121,97.42846019143266,2.2790259970919386,3.733519770395153,55.0,45.45454545454545,0.9175716534345406,0.06611570247933884,39.52823934645709,0.03421897411379006,0.6,36.0,29.75206611570248,0.8447570816756521,0.14049586776859505,20.639423325759633,0.072194522232088,0.5833333333333334,13.0,10.743801652892563,0.6713312257782497,0.48760330578512395,5.595320347761812,0.2876169660542312,0.15384615384615385,4.0,3.3057851239669422,0.5389702036336232,0.71900826446281,2.1110202345444162,0.5722969742503928,0.25,121,118.593513673899,150.71064539425726,129.28789219555122,6.1623280649215975,1.6527060128947875,3.6484596911776306,0.0,0.0,0.0,1.0,1.6455332754746563,3.5576216338867783,0.0,0.0,0.0,1.0,1000,0,0,0,0,0,134,0,0,0,0,121,134,134,core
1z6e_1z6e_conf0,generation,nextmol_dmt_l_raw,chembl_count,,nextmol_dmt_l_raw_chembl_count,NextMol DMT-L,nextmol_dmt_l_raw_chembl_count,7,38,180,0.7,180,172,8,0.9555555555555556,200,180,20,0.9,"{""all_atoms_connected"":0,""bond_angles"":0,""bond_lengths"":0,""bonds"":0,""double_bond_stereochemistry"":0,""energy_ratio"":0,""file_loads"":0,""inchi_convertible"":0,""internal_steric_clash"":20,""molecular_formula"":0,""no_radicals"":0,""planar_aromatic_rings"":0,""planar_double_bonds"":0,""reference_file_loads"":0,""sanitisation"":0,""tetrahedral_chirality"":0}","{""all_atoms_connected"":0.0,""bond_angles"":0.0,""bond_lengths"":0.0,""bonds"":0.0,""double_bond_stereochemistry"":0.0,""energy_ratio"":0.0,""file_loads"":0.0,""inchi_convertible"":0.0,""internal_steric_clash"":0.1,""molecular_formula"":0.0,""no_radicals"":0.0,""planar_aromatic_rings"":0.0,""planar_double_bonds"":0.0,""reference_file_loads"":0.0,""sanitisation"":0.0,""tetrahedral_chirality"":0.0}",180,96.7841860200838,2.2912854645236562,3.7375067790416368,85.0,47.22222222222222,0.921850011482284,0.06666666666666667,60.06685018870901,0.023395061728395075,0.6470588235294118,51.0,28.333333333333332,0.8137697981552219,0.17222222222222222,24.522742481328418,0.06975308641975307,0.6470588235294118,13.0,7.222222222222222,0.7180463174097704,0.4222222222222222,6.307582243617041,0.24407407407407408,0.07692307692307693,3.0,1.6666666666666667,0.4927090098576425,0.8388888888888889,1.7182325460149848,0.7185802469135802,0.0,180,115.52589489942288,147.9893242197068,129.27236110242762,6.323198317863361,1.257049560190301,3.6325544850359135,0.0,0.0,0.0,1.0,1.2408464365094432,3.5300542310797276,0.0,0.0,0.0,1.0,1000,0,0,0,0,0,200,0,0,0,0,180,200,200,core
1z95_1z95_conf0,generation,nextmol_dmt_l_raw,fixed,,nextmol_dmt_l_raw_fixed,NextMol DMT-L,nextmol_dmt_l_raw_fixed,6,29,497,0.7,497,497,0,1.0,1000,497,503,0.497,"{""all_atoms_connected"":0,""bond_angles"":0,""bond_lengths"":0,""bonds"":0,""double_bond_stereochemistry"":0,""energy_ratio"":0,""file_loads"":0,""inchi_convertible"":0,""internal_steric_clash"":0,""molecular_formula"":0,""no_radicals"":0,""planar_aromatic_rings"":0,""planar_double_bonds"":0,""reference_file_loads"":0,""sanitisation"":0,""tetrahedral_chirality"":503}","{""all_atoms_connected"":0.0,""bond_angles"":0.0,""bond_lengths"":0.0,""bonds"":0.0,""double_bond_stereochemistry"":0.0,""energy_ratio"":0.0,""file_loads"":0.0,""inchi_convertible"":0.0,""internal_steric_clash"":0.0,""molecular_formula"":0.0,""no_radicals"":0.0,""planar_aromatic_rings"":0.0,""planar_double_bonds"":0.0,""reference_file_loads"":0.0,""sanitisation"":0.0,""tetrahedral_chirality"":0.503}",497,119.2204006860692,2.2438747365051377,3.1324798178875,135.0,27.16297786720322,0.9140665535907011,0.04426559356136821,88.56596230274836,0.016060143557522194,0.37037037037037035,55.0,11.066398390342052,0.8976653528680045,0.07645875251509054,36.49751433218321,0.03597844612949326,0.14545454545454545,7.0,1.408450704225352,0.9559874435087256,0.2676056338028169,6.4254435838951185,0.16798983033006895,0.0,2.0,0.4024144869215292,0.9955536099387788,0.5392354124748491,1.993845483520778,0.5030788351841431,0.0,497,62.99166498758859,168.0679461202498,71.63969373180555,5.8361954063766195,0.5607937790765775,2.0389574465732396,0.0,0.0,1.0,1.0,0.6121568515272126,2.0275437810506505,0.0,0.0,1.0,1.0,1000,0,0,0,0,0,1000,0,0,0,0,497,1000,1000,core
1z95_1z95_conf0,generation,nextmol_dmt_l_raw,dynamic,,nextmol_dmt_l_raw_dynamic,NextMol DMT-L,nextmol_dmt_l_raw_dynamic,6,29,54,0.7,54,54,0,1.0,112,54,58,0.4821428571428571,"{""all_atoms_connected"":0,""bond_angles"":0,""bond_lengths"":0,""bonds"":0,""double_bond_stereochemistry"":0,""energy_ratio"":0,""file_loads"":0,""inchi_convertible"":0,""internal_steric_clash"":0,""molecular_formula"":0,""no_radicals"":0,""planar_aromatic_rings"":0,""planar_double_bonds"":0,""reference_file_loads"":0,""sanitisation"":0,""tetrahedral_chirality"":58}","{""all_atoms_connected"":0.0,""bond_angles"":0.0,""bond_lengths"":0.0,""bonds"":0.0,""double_bond_stereochemistry"":0.0,""energy_ratio"":0.0,""file_loads"":0.0,""inchi_convertible"":0.0,""internal_steric_clash"":0.0,""molecular_formula"":0.0,""no_radicals"":0.0,""planar_aromatic_rings"":0.0,""planar_double_bonds"":0.0,""reference_file_loads"":0.0,""sanitisation"":0.0,""tetrahedral_chirality"":0.5178571428571429}",54,119.54149191869425,2.1970123711781944,3.032832636364552,37.0,68.51851851851852,0.958884906939526,0.07407407407407407,31.895173156454106,0.03703703703703705,0.7567567567567568,21.0,38.888888888888886,0.9232175102061074,0.12962962962962962,16.62248712466819,0.07133058984910838,0.47619047619047616,6.0,11.11111111111111,0.9186207247080492,0.2777777777777778,5.185920628920498,0.21330589849108367,0.0,2.0,3.7037037037037037,0.975119064940866,0.5925925925925926,1.9658034272251388,0.5171467764060356,0.0,54,67.38951551583733,82.21232763305596,71.47640048512801,3.4391012676645327,0.5920435829037362,1.985713303913823,0.0,0.0,1.0,1.0,0.7013773974840912,2.0003428990983094,0.0,0.0,1.0,1.0,1000,0,0,0,0,0,112,0,0,0,0,54,112,112,core
1z95_1z95_conf0,generation,nextmol_dmt_l_raw,chembl_count,,nextmol_dmt_l_raw_chembl_count,NextMol DMT-L,nextmol_dmt_l_raw_chembl_count,6,29,96,0.7,96,96,0,1.0,198,96,102,0.4848484848484848,"{""all_atoms_connected"":0,""bond_angles"":0,""bond_lengths"":0,""bonds"":0,""double_bond_stereochemistry"":0,""energy_ratio"":0,""file_loads"":0,""inchi_convertible"":0,""internal_steric_clash"":0,""molecular_formula"":0,""no_radicals"":0,""planar_aromatic_rings"":0,""planar_double_bonds"":0,""reference_file_loads"":0,""sanitisation"":0,""tetrahedral_chirality"":102}","{""all_atoms_connected"":0.0,""bond_angles"":0.0,""bond_lengths"":0.0,""bonds"":0.0,""double_bond_stereochemistry"":0.0,""energy_ratio"":0.0,""file_loads"":0.0,""inchi_convertible"":0.0,""internal_steric_clash"":0.0,""molecular_formula"":0.0,""no_radicals"":0.0,""planar_aromatic_rings"":0.0,""planar_double_bonds"":0.0,""reference_file_loads"":0.0,""sanitisation"":0.0,""tetrahedral_chirality"":0.5151515151515151}",96,120.93224699174127,2.2299727032365086,3.11034026899722,55.0,57.291666666666664,0.9534281795113442,0.08333333333333333,45.63634248839696,0.027560763888888885,0.5636363636363636,28.0,29.166666666666668,0.9099822237280533,0.10416666666666667,20.743788865520866,0.05837673611111112,0.39285714285714285,8.0,8.333333333333334,0.9451077158074196,0.21875,7.137026589822012,0.15190972222222224,0.0,2.0,2.0833333333333335,0.9987472979361685,0.5208333333333334,1.9982641399314511,0.5008680555555556,0.0,96,66.9262115321637,80.59134807228503,72.10381068342969,3.4867473058083482,0.5920435829037362,2.112416638139656,0.0,0.0,1.0,1.0,0.7013773974840912,2.072305535789143,0.0,0.0,1.0,1.0,1000,0,0,0,0,0,198,0,0,0,0,96,198,198,core
1z9g_1z9g_conf0,generation,nextmol_dmt_l_raw,fixed,,nextmol_dmt_l_raw_fixed,NextMol DMT-L,nextmol_dmt_l_raw_fixed,7,17,523,0.7,523,523,0,1.0,1000,523,477,0.523,"{""all_atoms_connected"":0,""bond_angles"":0,""bond_lengths"":0,""bonds"":0,""double_bond_stereochemistry"":0,""energy_ratio"":0,""file_loads"":0,""inchi_convertible"":0,""internal_steric_clash"":0,""molecular_formula"":0,""no_radicals"":0,""planar_aromatic_rings"":0,""planar_double_bonds"":0,""reference_file_loads"":0,""sanitisation"":0,""tetrahedral_chirality"":477}","{""all_atoms_connected"":0.0,""bond_angles"":0.0,""bond_lengths"":0.0,""bonds"":0.0,""double_bond_stereochemistry"":0.0,""energy_ratio"":0.0,""file_loads"":0.0,""inchi_convertible"":0.0,""internal_steric_clash"":0.0,""molecular_formula"":0.0,""no_radicals"":0.0,""planar_aromatic_rings"":0.0,""planar_double_bonds"":0.0,""reference_file_loads"":0.0,""sanitisation"":0.0,""tetrahedral_chirality"":0.477}",523,115.28783201738239,1.6631367513079065,2.3092052881663747,140.0,26.76864244741874,0.9162116743180094,0.04206500956022945,92.53532633173621,0.015044108668550684,0.35714285714285715,22.0,4.2065009560229445,0.9376246646460473,0.10516252390057361,18.142144257485402,0.06137923218379037,0.045454545454545456,3.0,0.5736137667304015,0.8074871187643325,0.5984703632887189,2.4281150860874225,0.4633768265887712,0.0,1.0,0.19120458891013384,0.0,1.0,1.0,1.0,0.0,523,4.045878666888468,30.86774250198625,11.582563322327742,3.5928202456154437,0.39698799444618593,1.7108546384983516,0.0,1.0,1.0,1.0,0.47148731821681533,1.6629993775041425,0.0,1.0,1.0,1.0,1000,0,0,0,0,0,1000,0,0,0,0,523,1000,1000,core
1z9g_1z9g_conf0,generation,nextmol_dmt_l_raw,dynamic,,nextmol_dmt_l_raw_dynamic,NextMol DMT-L,nextmol_dmt_l_raw_dynamic,7,17,61,0.7,61,61,0,1.0,134,61,73,0.4552238805970149,"{""all_atoms_connected"":0,""bond_angles"":0,""bond_lengths"":0,""bonds"":0,""double_bond_stereochemistry"":0,""energy_ratio"":0,""file_loads"":0,""inchi_convertible"":0,""internal_steric_clash"":0,""molecular_formula"":0,""no_radicals"":0,""planar_aromatic_rings"":0,""planar_double_bonds"":0,""reference_file_loads"":0,""sanitisation"":0,""tetrahedral_chirality"":73}","{""all_atoms_connected"":0.0,""bond_angles"":0.0,""bond_lengths"":0.0,""bonds"":0.0,""double_bond_stereochemistry"":0.0,""energy_ratio"":0.0,""file_loads"":0.0,""inchi_convertible"":0.0,""internal_steric_clash"":0.0,""molecular_formula"":0.0,""no_radicals"":0.0,""planar_aromatic_rings"":0.0,""planar_double_bonds"":0.0,""reference_file_loads"":0.0,""sanitisation"":0.0,""tetrahedral_chirality"":0.5447761194029851}",61,116.40876992614002,1.6611596053173994,2.2376101921818283,44.0,72.1311475409836,0.9759620726805812,0.06557377049180328,40.17422249719949,0.027680730986294005,0.6818181818181818,17.0,27.868852459016395,0.943026669556124,0.13114754098360656,14.4659229768591,0.0776672937382424,0.17647058823529413,2.0,3.278688524590164,0.9842399889605549,0.5737704918032787,1.9782708861477298,0.5108841709217952,0.0,1.0,1.639344262295082,0.0,1.0,1.0,1.0,0.0,61,4.243303354639542,30.86774250198625,11.198296721746615,4.022526347385874,0.6611182294534299,1.6874200839372813,0.0,0.0,1.0,1.0,0.5229663688638585,1.5926334381289966,0.0,0.0,1.0,1.0,1000,0,0,0,0,0,134,0,0,0,0,61,134,134,core
1z9g_1z9g_conf0,generation,nextmol_dmt_l_raw,chembl_count,,nextmol_dmt_l_raw_chembl_count,NextMol DMT-L,nextmol_dmt_l_raw_chembl_count,7,17,103,0.7,103,103,0,1.0,199,103,96,0.5175879396984925,"{""all_atoms_connected"":0,""bond_angles"":0,""bond_lengths"":0,""bonds"":0,""double_bond_stereochemistry"":0,""energy_ratio"":0,""file_loads"":0,""inchi_convertible"":0,""internal_steric_clash"":0,""molecular_formula"":0,""no_radicals"":0,""planar_aromatic_rings"":0,""planar_double_bonds"":0,""reference_file_loads"":0,""sanitisation"":0,""tetrahedral_chirality"":96}","{""all_atoms_connected"":0.0,""bond_angles"":0.0,""bond_lengths"":0.0,""bonds"":0.0,""double_bond_stereochemistry"":0.0,""energy_ratio"":0.0,""file_loads"":0.0,""inchi_convertible"":0.0,""internal_steric_clash"":0.0,""molecular_formula"":0.0,""no_radicals"":0.0,""planar_aromatic_rings"":0.0,""planar_double_bonds"":0.0,""reference_file_loads"":0.0,""sanitisation"":0.0,""tetrahedral_chirality"":0.4824120603015075}",103,113.84382544603672,1.6892427477572827,2.3242274837040617,61.0,59.22330097087379,0.9597262482654672,0.06796116504854369,51.69254380749079,0.023282118955603736,0.6065573770491803,18.0,17.475728155339805,0.9291430542654597,0.1262135922330097,14.666541968910478,0.07757564332170798,0.16666666666666666,3.0,2.912621359223301,0.7835007277325967,0.6699029126213593,2.3649657212845985,0.5040060326138185,0.0,1.0,0.970873786407767,0.0,1.0,1.0,1.0,0.0,103,4.045878666888468,24.202821219855018,11.514380459030352,4.016487345110147,0.5771912875157045,1.7076388514164116,0.0,0.0,1.0,1.0,0.527388940530951,1.679587131013785,0.0,0.0,1.0,1.0,1000,0,0,0,0,0,199,0,0,0,0,103,199,199,core
2br1_2br1_conf0,generation,nextmol_dmt_l_raw,fixed,,nextmol_dmt_l_raw_fixed,NextMol DMT-L,nextmol_dmt_l_raw_fixed,8,29,1000,0.7,1000,1000,0,1.0,1000,1000,0,1.0,"{""all_atoms_connected"":0,""bond_angles"":0,""bond_lengths"":0,""bonds"":0,""double_bond_stereochemistry"":0,""energy_ratio"":0,""file_loads"":0,""inchi_convertible"":0,""internal_steric_clash"":0,""molecular_formula"":0,""no_radicals"":0,""planar_aromatic_rings"":0,""planar_double_bonds"":0,""reference_file_loads"":0,""sanitisation"":0,""tetrahedral_chirality"":0}","{""all_atoms_connected"":0.0,""bond_angles"":0.0,""bond_lengths"":0.0,""bonds"":0.0,""double_bond_stereochemistry"":0.0,""energy_ratio"":0.0,""file_loads"":0.0,""inchi_convertible"":0.0,""internal_steric_clash"":0.0,""molecular_formula"":0.0,""no_radicals"":0.0,""planar_aromatic_rings"":0.0,""planar_double_bonds"":0.0,""reference_file_loads"":0.0,""sanitisation"":0.0,""tetrahedral_chirality"":0.0}",1000,101.38755575075834,0.8141276651405789,1.088066068757624,30.0,3.0,0.9521123450766724,0.077,25.490912475106068,0.04325,0.06666666666666667,2.0,0.2,0.9998153271549208,0.508,1.999744005460914,0.500128,0.0,1.0,0.1,0.0,1.0,1.0,1.0,0.0,1.0,0.1,0.0,1.0,1.0,1.0,0.0,1000,33.90056929404765,118.81881600344039,39.65679527018855,3.620412422706557,0.24269743779690037,0.880092401573676,1.0,1.0,1.0,1.0,0.22006027020106952,0.878919488415506,1.0,1.0,1.0,1.0,1000,0,0,0,0,0,1000,0,0,0,0,1000,1000,1000,core
2br1_2br1_conf0,generation,nextmol_dmt_l_raw,dynamic,,nextmol_dmt_l_raw_dynamic,NextMol DMT-L,nextmol_dmt_l_raw_dynamic,8,29,156,0.7,156,156,0,1.0,156,156,0,1.0,"{""all_atoms_connected"":0,""bond_angles"":0,""bond_lengths"":0,""bonds"":0,""double_bond_stereochemistry"":0,""energy_ratio"":0,""file_loads"":0,""inchi_convertible"":0,""internal_steric_clash"":0,""molecular_formula"":0,""no_radicals"":0,""planar_aromatic_rings"":0,""planar_double_bonds"":0,""reference_file_loads"":0,""sanitisation"":0,""tetrahedral_chirality"":0}","{""all_atoms_connected"":0.0,""bond_angles"":0.0,""bond_lengths"":0.0,""bonds"":0.0,""double_bond_stereochemistry"":0.0,""energy_ratio"":0.0,""file_loads"":0.0,""inchi_convertible"":0.0,""internal_steric_clash"":0.0,""molecular_formula"":0.0,""no_radicals"":0.0,""planar_aromatic_rings"":0.0,""planar_double_bonds"":0.0,""reference_file_loads"":0.0,""sanitisation"":0.0,""tetrahedral_chirality"":0.0}",156,99.85922483745628,0.819609117654469,1.1058257737900075,25.0,16.025641025641026,0.9218405485162852,0.10897435897435898,19.43917298108924,0.05958251150558843,0.2,2.0,1.2820512820512822,0.9957274520849256,0.5384615384615384,1.9940857527753038,0.5029585798816568,0.0,1.0,0.6410256410256411,0.0,1.0,1.0,1.0,0.0,1.0,0.6410256410256411,0.0,1.0,1.0,1.0,0.0,156,34.46766398613477,45.16938015619205,40.00444366271243,2.1720970710268364,0.39812005701893943,0.9441211149024518,0.0,1.0,1.0,1.0,0.37453752630520304,0.9497468699966155,0.0,1.0,1.0,1.0,1000,0,0,0,0,0,156,0,0,0,0,156,156,156,core
2br1_2br1_conf0,generation,nextmol_dmt_l_raw,chembl_count,,nextmol_dmt_l_raw_chembl_count,NextMol DMT-L,nextmol_dmt_l_raw_chembl_count,8,29,200,0.7,200,200,0,1.0,200,200,0,1.0,"{""all_atoms_connected"":0,""bond_angles"":0,""bond_lengths"":0,""bonds"":0,""double_bond_stereochemistry"":0,""energy_ratio"":0,""file_loads"":0,""inchi_convertible"":0,""internal_steric_clash"":0,""molecular_formula"":0,""no_radicals"":0,""planar_aromatic_rings"":0,""planar_double_bonds"":0,""reference_file_loads"":0,""sanitisation"":0,""tetrahedral_chirality"":0}","{""all_atoms_connected"":0.0,""bond_angles"":0.0,""bond_lengths"":0.0,""bonds"":0.0,""double_bond_stereochemistry"":0.0,""energy_ratio"":0.0,""file_loads"":0.0,""inchi_convertible"":0.0,""internal_steric_clash"":0.0,""molecular_formula"":0.0,""no_radicals"":0.0,""planar_aromatic_rings"":0.0,""planar_double_bonds"":0.0,""reference_file_loads"":0.0,""sanitisation"":0.0,""tetrahedral_chirality"":0.0}",200,101.72635062128788,0.8132002672306199,1.0841607981790984,23.0,11.5,0.9296860542047711,0.115,18.449278159762507,0.06230000000000001,0.043478260869565216,2.0,1.0,0.9999278640456616,0.505,1.9999000008333083,0.50005,0.0,1.0,0.5,0.0,1.0,1.0,1.0,0.0,1.0,0.5,0.0,1.0,1.0,1.0,0.0,200,34.0602179679984,58.40709056683543,39.70662019356941,2.810741982897108,0.24779274644438723,0.8560139514700962,1.0,1.0,1.0,1.0,0.2247094269731673,0.8704744105817668,1.0,1.0,1.0,1.0,1000,0,0,0,0,0,200,0,0,0,0,200,200,200,core
2brb_2brb_conf0,generation,nextmol_dmt_l_raw,fixed,,nextmol_dmt_l_raw_fixed,NextMol DMT-L,nextmol_dmt_l_raw_fixed,6,25,1000,0.7,1000,1000,0,1.0,1000,1000,0,1.0,"{""all_atoms_connected"":0,""bond_angles"":0,""bond_lengths"":0,""bonds"":0,""double_bond_stereochemistry"":0,""energy_ratio"":0,""file_loads"":0,""inchi_convertible"":0,""internal_steric_clash"":0,""molecular_formula"":0,""no_radicals"":0,""planar_aromatic_rings"":0,""planar_double_bonds"":0,""reference_file_loads"":0,""sanitisation"":0,""tetrahedral_chirality"":0}","{""all_atoms_connected"":0.0,""bond_angles"":0.0,""bond_lengths"":0.0,""bonds"":0.0,""double_bond_stereochemistry"":0.0,""energy_ratio"":0.0,""file_loads"":0.0,""inchi_convertible"":0.0,""internal_steric_clash"":0.0,""molecular_formula"":0.0,""no_radicals"":0.0,""planar_aromatic_rings"":0.0,""planar_double_bonds"":0.0,""reference_file_loads"":0.0,""sanitisation"":0.0,""tetrahedral_chirality"":0.0}",1000,90.962135121011,0.7496708278204496,1.0652310099264723,18.0,1.8,0.8606759561254558,0.132,12.033247892331993,0.09215000000000001,0.16666666666666666,2.0,0.2,0.954434002924965,0.625,1.9378192408783848,0.53125,0.0,1.0,0.1,0.0,1.0,1.0,1.0,0.0,1.0,0.1,0.0,1.0,1.0,1.0,0.0,1000,25.857606106819272,247.8848657128183,31.468782113491187,9.543373625245863,0.12931332723336442,0.7653870306689345,1.0,1.0,1.0,1.0,0.19549687855855863,0.7828716227485748,1.0,1.0,1.0,1.0,1000,0,0,0,0,0,1000,0,0,0,0,1000,1000,1000,core
2brb_2brb_conf0,generation,nextmol_dmt_l_raw,dynamic,,nextmol_dmt_l_raw_dynamic,NextMol DMT-L,nextmol_dmt_l_raw_dynamic,6,25,112,0.7,112,112,0,1.0,112,112,0,1.0,"{""all_atoms_connected"":0,""bond_angles"":0,""bond_lengths"":0,""bonds"":0,""double_bond_stereochemistry"":0,""energy_ratio"":0,""file_loads"":0,""inchi_convertible"":0,""internal_steric_clash"":0,""molecular_formula"":0,""no_radicals"":0,""planar_aromatic_rings"":0,""planar_double_bonds"":0,""reference_file_loads"":0,""sanitisation"":0,""tetrahedral_chirality"":0}","{""all_atoms_connected"":0.0,""bond_angles"":0.0,""bond_lengths"":0.0,""bonds"":0.0,""double_bond_stereochemistry"":0.0,""energy_ratio"":0.0,""file_loads"":0.0,""inchi_convertible"":0.0,""internal_steric_clash"":0.0,""molecular_formula"":0.0,""no_radicals"":0.0,""planar_aromatic_rings"":0.0,""planar_double_bonds"":0.0,""reference_file_loads"":0.0,""sanitisation"":0.0,""tetrahedral_chirality"":0.0}",112,92.32550643176519,0.745510870312321,1.050527442981211,10.0,8.928571428571429,0.9562814322338564,0.19642857142857142,9.042352479367663,0.11989795918367346,0.0,2.0,1.7857142857142858,0.9768740126265281,0.5892857142857143,1.9681961583363845,0.5159438775510204,0.0,1.0,0.8928571428571429,0.0,1.0,1.0,1.0,0.0,1.0,0.8928571428571429,0.0,1.0,1.0,1.0,0.0,112,26.06205869210426,39.18240360683207,31.592484887608812,2.5571617653750245,0.3799823764305988,0.7589308515262438,0.0,1.0,1.0,1.0,0.38073190801359535,0.780533602461042,0.0,1.0,1.0,1.0,1000,0,0,0,0,0,112,0,0,0,0,112,112,112,core
2brb_2brb_conf0,generation,nextmol_dmt_l_raw,chembl_count,,nextmol_dmt_l_raw_chembl_count,NextMol DMT-L,nextmol_dmt_l_raw_chembl_count,6,25,200,0.7,200,200,0,1.0,200,200,0,1.0,"{""all_atoms_connected"":0,""bond_angles"":0,""bond_lengths"":0,""bonds"":0,""double_bond_stereochemistry"":0,""energy_ratio"":0,""file_loads"":0,""inchi_convertible"":0,""internal_steric_clash"":0,""molecular_formula"":0,""no_radicals"":0,""planar_aromatic_rings"":0,""planar_double_bonds"":0,""reference_file_loads"":0,""sanitisation"":0,""tetrahedral_chirality"":0}","{""all_atoms_connected"":0.0,""bond_angles"":0.0,""bond_lengths"":0.0,""bonds"":0.0,""double_bond_stereochemistry"":0.0,""energy_ratio"":0.0,""file_loads"":0.0,""inchi_convertible"":0.0,""internal_steric_clash"":0.0,""molecular_formula"":0.0,""no_radicals"":0.0,""planar_aromatic_rings"":0.0,""planar_double_bonds"":0.0,""reference_file_loads"":0.0,""sanitisation"":0.0,""tetrahedral_chirality"":0.0}",200,90.52735427558194,0.7446976734996126,1.055978350680933,11.0,5.5,0.9334195927919136,0.19,9.376836341417961,0.11925,0.0,2.0,1.0,0.99971144175281,0.51,1.999600013331733,0.5002,0.0,1.0,0.5,0.0,1.0,1.0,1.0,0.0,1.0,0.5,0.0,1.0,1.0,1.0,0.0,200,25.857606106819272,95.35725813470332,31.30694399284618,5.18713264776017,0.17634501119831145,0.7551783484319636,1.0,1.0,1.0,1.0,0.2386415260609214,0.7668222652941004,1.0,1.0,1.0,1.0,1000,0,0,0,0,0,200,0,0,0,0,200,200,200,core
2c3i_2c3i_conf0,generation,nextmol_dmt_l_raw,fixed,,nextmol_dmt_l_raw_fixed,NextMol DMT-L,nextmol_dmt_l_raw_fixed,5,23,1000,0.7,1000,1000,0,1.0,1000,1000,0,1.0,"{""all_atoms_connected"":0,""bond_angles"":0,""bond_lengths"":0,""bonds"":0,""double_bond_stereochemistry"":0,""energy_ratio"":0,""file_loads"":0,""inchi_convertible"":0,""internal_steric_clash"":0,""molecular_formula"":0,""no_radicals"":0,""planar_aromatic_rings"":0,""planar_double_bonds"":0,""reference_file_loads"":0,""sanitisation"":0,""tetrahedral_chirality"":0}","{""all_atoms_connected"":0.0,""bond_angles"":0.0,""bond_lengths"":0.0,""bonds"":0.0,""double_bond_stereochemistry"":0.0,""energy_ratio"":0.0,""file_loads"":0.0,""inchi_convertible"":0.0,""internal_steric_clash"":0.0,""molecular_formula"":0.0,""no_radicals"":0.0,""planar_aromatic_rings"":0.0,""planar_double_bonds"":0.0,""reference_file_loads"":0.0,""sanitisation"":0.0,""tetrahedral_chirality"":0.0}",1000,116.42707733147249,1.6032107715044968,2.285230524666204,87.0,8.7,0.9156832769695222,0.045,59.70151403124934,0.021204000000000008,0.13793103448275862,15.0,1.5,0.921085040130088,0.141,12.113790667016028,0.09029000000000001,0.06666666666666667,2.0,0.2,0.9951442089848421,0.541,1.9932797600584493,0.5033620000000001,0.0,1.0,0.1,0.0,1.0,1.0,1.0,0.0,1000,32.099319865388864,744.2160894309541,37.10530795340855,22.395864769904083,0.23884287605202192,1.9293552015238598,1.0,1.0,1.0,1.0,0.1875609769671923,1.9055840663456838,1.0,1.0,1.0,1.0,1000,0,0,0,0,0,1000,0,0,0,0,1000,1000,1000,core
2c3i_2c3i_conf0,generation,nextmol_dmt_l_raw,dynamic,,nextmol_dmt_l_raw_dynamic,NextMol DMT-L,nextmol_dmt_l_raw_dynamic,5,23,90,0.7,90,90,0,1.0,90,90,0,1.0,"{""all_atoms_connected"":0,""bond_angles"":0,""bond_lengths"":0,""bonds"":0,""double_bond_stereochemistry"":0,""energy_ratio"":0,""file_loads"":0,""inchi_convertible"":0,""internal_steric_clash"":0,""molecular_formula"":0,""no_radicals"":0,""planar_aromatic_rings"":0,""planar_double_bonds"":0,""reference_file_loads"":0,""sanitisation"":0,""tetrahedral_chirality"":0}","{""all_atoms_connected"":0.0,""bond_angles"":0.0,""bond_lengths"":0.0,""bonds"":0.0,""double_bond_stereochemistry"":0.0,""energy_ratio"":0.0,""file_loads"":0.0,""inchi_convertible"":0.0,""internal_steric_clash"":0.0,""molecular_formula"":0.0,""no_radicals"":0.0,""planar_aromatic_rings"":0.0,""planar_double_bonds"":0.0,""reference_file_loads"":0.0,""sanitisation"":0.0,""tetrahedral_chirality"":0.0}",90,113.6905264848864,1.5814950157576813,2.2491772556842524,36.0,40.0,0.9555652012013631,0.08888888888888889,30.700716572198445,0.038024691358024686,0.25,7.0,7.777777777777778,0.9231709594796901,0.23333333333333334,6.027954540614693,0.17851851851851852,0.0,2.0,2.2222222222222223,0.9996437496778561,0.5111111111111111,1.9995061931586,0.5002469135802469,0.0,1.0,1.1111111111111112,0.0,1.0,1.0,1.0,0.0,90,33.440421468838714,39.33183006371824,37.0627129841625,1.1103576582966137,0.49152776970649176,1.9101846636741528,0.0,1.0,1.0,1.0,0.5125648083250336,1.8679894045581,0.0,0.0,1.0,1.0,1000,0,0,0,0,0,90,0,0,0,0,90,90,90,core
2c3i_2c3i_conf0,generation,nextmol_dmt_l_raw,chembl_count,,nextmol_dmt_l_raw_chembl_count,NextMol DMT-L,nextmol_dmt_l_raw_chembl_count,5,23,200,0.7,200,200,0,1.0,200,200,0,1.0,"{""all_atoms_connected"":0,""bond_angles"":0,""bond_lengths"":0,""bonds"":0,""double_bond_stereochemistry"":0,""energy_ratio"":0,""file_loads"":0,""inchi_convertible"":0,""internal_steric_clash"":0,""molecular_formula"":0,""no_radicals"":0,""planar_aromatic_rings"":0,""planar_double_bonds"":0,""reference_file_loads"":0,""sanitisation"":0,""tetrahedral_chirality"":0}","{""all_atoms_connected"":0.0,""bond_angles"":0.0,""bond_lengths"":0.0,""bonds"":0.0,""double_bond_stereochemistry"":0.0,""energy_ratio"":0.0,""file_loads"":0.0,""inchi_convertible"":0.0,""internal_steric_clash"":0.0,""molecular_formula"":0.0,""no_radicals"":0.0,""planar_aromatic_rings"":0.0,""planar_double_bonds"":0.0,""reference_file_loads"":0.0,""sanitisation"":0.0,""tetrahedral_chirality"":0.0}",200,117.01899757378267,1.5861366731394724,2.2981437788480368,56.0,28.0,0.9257221800907096,0.075,41.52756164330361,0.03005,0.3392857142857143,10.0,5.0,0.911062346840606,0.175,8.148212504719709,0.1317,0.1,2.0,1.0,0.9709505944546688,0.6,1.9601317042077895,0.52,0.0,1.0,0.5,0.0,1.0,1.0,1.0,0.0,200,33.489111739163754,43.53833172364929,37.18456524979173,1.331350154968413,0.37238785396215635,1.9976637234708448,0.0,1.0,1.0,1.0,0.3634887377327067,1.9839884927938058,0.0,1.0,1.0,1.0,1000,0,0,0,0,0,200,0,0,0,0,200,200,200,core
2fvd_2fvd_conf0,generation,nextmol_dmt_l_raw,fixed,,nextmol_dmt_l_raw_fixed,NextMol DMT-L,nextmol_dmt_l_raw_fixed,7,30,999,0.7,999,999,0,1.0,1000,999,1,0.999,"{""all_atoms_connected"":0,""bond_angles"":1,""bond_lengths"":1,""bonds"":0,""double_bond_stereochemistry"":0,""energy_ratio"":0,""file_loads"":0,""inchi_convertible"":0,""internal_steric_clash"":0,""molecular_formula"":0,""no_radicals"":0,""planar_aromatic_rings"":0,""planar_double_bonds"":0,""reference_file_loads"":0,""sanitisation"":0,""tetrahedral_chirality"":0}","{""all_atoms_connected"":0.0,""bond_angles"":0.001,""bond_lengths"":0.001,""bonds"":0.0,""double_bond_stereochemistry"":0.0,""energy_ratio"":0.0,""file_loads"":0.0,""inchi_convertible"":0.0,""internal_steric_clash"":0.0,""molecular_formula"":0.0,""no_radicals"":0.0,""planar_aromatic_rings"":0.0,""planar_double_bonds"":0.0,""reference_file_loads"":0.0,""sanitisation"":0.0,""tetrahedral_chirality"":0.0}",999,100.85013269126074,1.967650455144024,2.7167010361240345,293.0,29.32932932932933,0.9125334965591744,0.03303303303303303,178.27864933580446,0.008726444161879598,0.45051194539249145,62.0,6.206206206206206,0.8270312705955999,0.08708708708708708,30.364349134205543,0.04484865245626007,0.1935483870967742,7.0,0.7007007007007007,0.7608986950877188,0.3793793793793794,4.395760233896503,0.264429594759925,0.0,2.0,0.2002002002002002,0.8100860428450865,0.7507507507507507,1.7533160079038626,0.6257518780041302,0.0,999,-100.540881946022,-59.62094000557856,-92.22423977012191,5.6441243791186295,0.27700546427349276,2.1951484630699447,0.0,1.0,1.0,1.0,0.37109002866997554,2.2079668837109523,0.0,1.0,1.0,1.0,1000,0,0,0,0,0,1000,0,0,0,0,999,1000,1000,core
2fvd_2fvd_conf0,generation,nextmol_dmt_l_raw,dynamic,,nextmol_dmt_l_raw_dynamic,NextMol DMT-L,nextmol_dmt_l_raw_dynamic,7,30,134,0.7,134,134,0,1.0,134,134,0,1.0,"{""all_atoms_connected"":0,""bond_angles"":0,""bond_lengths"":0,""bonds"":0,""double_bond_stereochemistry"":0,""energy_ratio"":0,""file_loads"":0,""inchi_convertible"":0,""internal_steric_clash"":0,""molecular_formula"":0,""no_radicals"":0,""planar_aromatic_rings"":0,""planar_double_bonds"":0,""reference_file_loads"":0,""sanitisation"":0,""tetrahedral_chirality"":0}","{""all_atoms_connected"":0.0,""bond_angles"":0.0,""bond_lengths"":0.0,""bonds"":0.0,""double_bond_stereochemistry"":0.0,""energy_ratio"":0.0,""file_loads"":0.0,""inchi_convertible"":0.0,""internal_steric_clash"":0.0,""molecular_formula"":0.0,""no_radicals"":0.0,""planar_aromatic_rings"":0.0,""planar_double_bonds"":0.0,""reference_file_loads"":0.0,""sanitisation"":0.0,""tetrahedral_chirality"":0.0}",134,102.09452858293764,1.865903233102046,2.4878510424275566,81.0,60.44776119402985,0.9490872955163056,0.06716417910447761,64.76179612294902,0.020940075740699487,0.654320987654321,28.0,20.895522388059703,0.8625738692488867,0.13432835820895522,17.712534228617777,0.07384718200044554,0.35714285714285715,5.0,3.7313432835820897,0.8253015452648684,0.41044776119402987,3.7745138620359295,0.29884161283136557,0.0,1.0,0.746268656716418,0.0,1.0,1.0,1.0,0.0,134,-100.18103594743587,-66.6744051302896,-91.36161695441925,5.206650651532593,0.9067660119895675,2.319241556150921,0.0,0.0,0.0,1.0,0.8598737387913501,2.348785728609007,0.0,0.0,0.0,1.0,1000,0,0,0,0,0,134,0,0,0,0,134,134,134,core
2fvd_2fvd_conf0,generation,nextmol_dmt_l_raw,chembl_count,,nextmol_dmt_l_raw_chembl_count,NextMol DMT-L,nextmol_dmt_l_raw_chembl_count,7,30,200,0.7,200,200,0,1.0,200,200,0,1.0,"{""all_atoms_connected"":0,""bond_angles"":0,""bond_lengths"":0,""bonds"":0,""double_bond_stereochemistry"":0,""energy_ratio"":0,""file_loads"":0,""inchi_convertible"":0,""internal_steric_clash"":0,""molecular_formula"":0,""no_radicals"":0,""planar_aromatic_rings"":0,""planar_double_bonds"":0,""reference_file_loads"":0,""sanitisation"":0,""tetrahedral_chirality"":0}","{""all_atoms_connected"":0.0,""bond_angles"":0.0,""bond_lengths"":0.0,""bonds"":0.0,""double_bond_stereochemistry"":0.0,""energy_ratio"":0.0,""file_loads"":0.0,""inchi_convertible"":0.0,""internal_steric_clash"":0.0,""molecular_formula"":0.0,""no_radicals"":0.0,""planar_aromatic_rings"":0.0,""planar_double_bonds"":0.0,""reference_file_loads"":0.0,""sanitisation"":0.0,""tetrahedral_chirality"":0.0}",200,101.12294598978698,1.863696775448966,2.5255252994870685,106.0,53.0,0.9480839505666395,0.055,83.20702335364953,0.015950000000000002,0.5849056603773585,33.0,16.5,0.8414106569598373,0.14,18.953691683675753,0.0749,0.24242424242424243,6.0,3.0,0.5278710545821169,0.495,2.5749186994262407,0.44434999999999997,0.3333333333333333,2.0,1.0,0.6098403047164005,0.85,1.5260902731141495,0.7449999999999999,0.0,200,-100.540881946022,-59.62094000557856,-92.92194387431309,5.771985244386737,0.27700546427349276,2.126580444315244,0.0,1.0,1.0,1.0,0.37109002866997554,2.1513534560892005,0.0,1.0,1.0,1.0,1000,0,0,0,0,0,200,0,0,0,0,200,200,200,core
2hb1_2hb1_conf0,generation,nextmol_dmt_l_raw,fixed,,nextmol_dmt_l_raw_fixed,NextMol DMT-L,nextmol_dmt_l_raw_fixed,4,14,1000,0.7,1000,1000,0,1.0,1000,1000,0,1.0,"{""all_atoms_connected"":0,""bond_angles"":0,""bond_lengths"":0,""bonds"":0,""double_bond_stereochemistry"":0,""energy_ratio"":0,""file_loads"":0,""inchi_convertible"":0,""internal_steric_clash"":0,""molecular_formula"":0,""no_radicals"":0,""planar_aromatic_rings"":0,""planar_double_bonds"":0,""reference_file_loads"":0,""sanitisation"":0,""tetrahedral_chirality"":0}","{""all_atoms_connected"":0.0,""bond_angles"":0.0,""bond_lengths"":0.0,""bonds"":0.0,""double_bond_stereochemistry"":0.0,""energy_ratio"":0.0,""file_loads"":0.0,""inchi_convertible"":0.0,""internal_steric_clash"":0.0,""molecular_formula"":0.0,""no_radicals"":0.0,""planar_aromatic_rings"":0.0,""planar_double_bonds"":0.0,""reference_file_loads"":0.0,""sanitisation"":0.0,""tetrahedral_chirality"":0.0}",1000,117.2113089360933,0.9015396040194036,1.3212862409238715,25.0,2.5,0.8512285440185213,0.107,15.48696932717413,0.07477,0.12,3.0,0.3,0.9552500407562667,0.485,2.8560782241929243,0.36795,0.0,1.0,0.1,0.0,1.0,1.0,1.0,0.0,1.0,0.1,0.0,1.0,1.0,1.0,0.0,1000,136.7815780352569,195.69044046955267,149.70084827324484,6.969035289519741,0.3747992779634728,0.8889202235576382,0.0,1.0,1.0,1.0,0.40768915597547506,0.8870738312104508,0.0,1.0,1.0,1.0,1000,0,0,0,0,0,1000,0,0,0,0,1000,1000,1000,core
2hb1_2hb1_conf0,generation,nextmol_dmt_l_raw,dynamic,,nextmol_dmt_l_raw_dynamic,NextMol DMT-L,nextmol_dmt_l_raw_dynamic,4,14,68,0.7,68,68,0,1.0,68,68,0,1.0,"{""all_atoms_connected"":0,""bond_angles"":0,""bond_lengths"":0,""bonds"":0,""double_bond_stereochemistry"":0,""energy_ratio"":0,""file_loads"":0,""inchi_convertible"":0,""internal_steric_clash"":0,""molecular_formula"":0,""no_radicals"":0,""planar_aromatic_rings"":0,""planar_double_bonds"":0,""reference_file_loads"":0,""sanitisation"":0,""tetrahedral_chirality"":0}","{""all_atoms_connected"":0.0,""bond_angles"":0.0,""bond_lengths"":0.0,""bonds"":0.0,""double_bond_stereochemistry"":0.0,""energy_ratio"":0.0,""file_loads"":0.0,""inchi_convertible"":0.0,""internal_steric_clash"":0.0,""molecular_formula"":0.0,""no_radicals"":0.0,""planar_aromatic_rings"":0.0,""planar_double_bonds"":0.0,""reference_file_loads"":0.0,""sanitisation"":0.0,""tetrahedral_chirality"":0.0}",68,117.49584644306363,0.9101339178948359,1.3190802873435712,14.0,20.58823529411765,0.9142265074458871,0.16176470588235295,11.164020650399806,0.10207612456747406,0.21428571428571427,2.0,2.9411764705882355,0.9081783472997053,0.6764705882352942,1.8766743748898247,0.5622837370242215,0.0,1.0,1.4705882352941178,0.0,1.0,1.0,1.0,0.0,1.0,1.4705882352941178,0.0,1.0,1.0,1.0,0.0,68,139.19461474582585,176.75323057101048,150.38373778186872,6.995843947947548,0.3993818879625379,0.895276630070712,0.0,1.0,1.0,1.0,0.46899194988153303,0.9347846616721953,0.0,1.0,1.0,1.0,1000,0,0,0,0,0,68,0,0,0,0,68,68,68,core
2hb1_2hb1_conf0,generation,nextmol_dmt_l_raw,chembl_count,,nextmol_dmt_l_raw_chembl_count,NextMol DMT-L,nextmol_dmt_l_raw_chembl_count,4,14,38,0.7,38,38,0,1.0,38,38,0,1.0,"{""all_atoms_connected"":0,""bond_angles"":0,""bond_lengths"":0,""bonds"":0,""double_bond_stereochemistry"":0,""energy_ratio"":0,""file_loads"":0,""inchi_convertible"":0,""internal_steric_clash"":0,""molecular_formula"":0,""no_radicals"":0,""planar_aromatic_rings"":0,""planar_double_bonds"":0,""reference_file_loads"":0,""sanitisation"":0,""tetrahedral_chirality"":0}","{""all_atoms_connected"":0.0,""bond_angles"":0.0,""bond_lengths"":0.0,""bonds"":0.0,""double_bond_stereochemistry"":0.0,""energy_ratio"":0.0,""file_loads"":0.0,""inchi_convertible"":0.0,""internal_steric_clash"":0.0,""molecular_formula"":0.0,""no_radicals"":0.0,""planar_aromatic_rings"":0.0,""planar_double_bonds"":0.0,""reference_file_loads"":0.0,""sanitisation"":0.0,""tetrahedral_chirality"":0.0}",38,107.27530625981265,0.934614240972683,1.3826995748265354,9.0,23.68421052631579,0.9580832436264756,0.15789473684210525,8.208121164120902,0.12880886426592797,0.1111111111111111,2.0,5.2631578947368425,0.8680403986166402,0.7105263157894737,1.8251820854617997,0.5886426592797784,0.0,1.0,2.6315789473684212,0.0,1.0,1.0,1.0,0.0,1.0,2.6315789473684212,0.0,1.0,1.0,1.0,0.0,38,139.2724895608212,165.85143878114715,148.3521466877542,6.011092577685341,0.4912233474216471,0.9764489285597051,0.0,1.0,1.0,1.0,0.46876140906783104,0.9638719255594748,0.0,1.0,1.0,1.0,1000,0,0,0,0,0,38,0,0,0,0,38,38,38,core
2p4y_2p4y_conf0,generation,nextmol_dmt_l_raw,fixed,,nextmol_dmt_l_raw_fixed,NextMol DMT-L,nextmol_dmt_l_raw_fixed,8,40,513,0.7,513,513,0,1.0,1000,513,487,0.513,"{""all_atoms_connected"":0,""bond_angles"":0,""bond_lengths"":0,""bonds"":0,""double_bond_stereochemistry"":0,""energy_ratio"":0,""file_loads"":0,""inchi_convertible"":0,""internal_steric_clash"":0,""molecular_formula"":0,""no_radicals"":0,""planar_aromatic_rings"":0,""planar_double_bonds"":0,""reference_file_loads"":0,""sanitisation"":0,""tetrahedral_chirality"":487}","{""all_atoms_connected"":0.0,""bond_angles"":0.0,""bond_lengths"":0.0,""bonds"":0.0,""double_bond_stereochemistry"":0.0,""energy_ratio"":0.0,""file_loads"":0.0,""inchi_convertible"":0.0,""internal_steric_clash"":0.0,""molecular_formula"":0.0,""no_radicals"":0.0,""planar_aromatic_rings"":0.0,""planar_double_bonds"":0.0,""reference_file_loads"":0.0,""sanitisation"":0.0,""tetrahedral_chirality"":0.487}",513,106.32815818843477,2.3713726647316338,3.3358884482275646,290.0,56.53021442495127,0.9597012356268477,0.023391812865497075,230.76311949310298,0.005680760271916524,0.6413793103448275,94.0,18.323586744639375,0.8475942457600474,0.10136452241715399,47.033989173200695,0.03513711721365359,0.40425531914893614,12.0,2.3391812865497075,0.8253793770547292,0.253411306042885,7.775600599773674,0.16732593884538072,0.0,3.0,0.5847953216374269,0.8879101321485037,0.5087719298245614,2.6524108533743065,0.40686023049827297,0.0,513,165.0661694614866,199.8487209449105,177.8710871041289,5.40222433147747,0.7846045857472485,2.746127483585829,0.0,0.0,0.0,1.0,0.7256803789198588,2.6836837549288144,0.0,0.0,1.0,1.0,1000,0,0,0,0,0,1000,0,0,0,0,513,1000,1000,core
2p4y_2p4y_conf0,generation,nextmol_dmt_l_raw,dynamic,,nextmol_dmt_l_raw_dynamic,NextMol DMT-L,nextmol_dmt_l_raw_dynamic,8,40,84,0.7,84,84,0,1.0,156,84,72,0.5384615384615384,"{""all_atoms_connected"":0,""bond_angles"":0,""bond_lengths"":0,""bonds"":0,""double_bond_stereochemistry"":0,""energy_ratio"":0,""file_loads"":0,""inchi_convertible"":0,""internal_steric_clash"":0,""molecular_formula"":0,""no_radicals"":0,""planar_aromatic_rings"":0,""planar_double_bonds"":0,""reference_file_loads"":0,""sanitisation"":0,""tetrahedral_chirality"":72}","{""all_atoms_connected"":0.0,""bond_angles"":0.0,""bond_lengths"":0.0,""bonds"":0.0,""double_bond_stereochemistry"":0.0,""energy_ratio"":0.0,""file_loads"":0.0,""inchi_convertible"":0.0,""internal_steric_clash"":0.0,""molecular_formula"":0.0,""no_radicals"":0.0,""planar_aromatic_rings"":0.0,""planar_double_bonds"":0.0,""reference_file_loads"":0.0,""sanitisation"":0.0,""tetrahedral_chirality"":0.46153846153846156}",84,106.8591880471527,2.4993968458561913,3.5193190699286037,64.0,76.19047619047619,0.9775595258073917,0.047619047619047616,58.297299694046814,0.019274376417233556,0.765625,40.0,47.61904761904762,0.934132485247348,0.11904761904761904,31.371571991552344,0.0419501133786848,0.475,10.0,11.904761904761905,0.8320179382804344,0.3333333333333333,6.792316873067245,0.18707482993197275,0.2,3.0,3.5714285714285716,0.8976036695828664,0.5357142857142857,2.6808084829127274,0.40674603174603174,0.0,84,165.0661694614866,199.8487209449105,178.85510192396075,6.949449148282248,1.2573001119941112,2.763975914957677,0.0,0.0,0.0,1.0,1.2825257313555403,2.6828759481642104,0.0,0.0,0.0,1.0,1000,0,0,0,0,0,156,0,0,0,0,84,156,156,core
2p4y_2p4y_conf0,generation,nextmol_dmt_l_raw,chembl_count,,nextmol_dmt_l_raw_chembl_count,NextMol DMT-L,nextmol_dmt_l_raw_chembl_count,8,40,81,0.7,81,81,0,1.0,174,81,93,0.4655172413793103,"{""all_atoms_connected"":0,""bond_angles"":0,""bond_lengths"":0,""bonds"":0,""double_bond_stereochemistry"":0,""energy_ratio"":0,""file_loads"":0,""inchi_convertible"":0,""internal_steric_clash"":0,""molecular_formula"":0,""no_radicals"":0,""planar_aromatic_rings"":0,""planar_double_bonds"":0,""reference_file_loads"":0,""sanitisation"":0,""tetrahedral_chirality"":93}","{""all_atoms_connected"":0.0,""bond_angles"":0.0,""bond_lengths"":0.0,""bonds"":0.0,""double_bond_stereochemistry"":0.0,""energy_ratio"":0.0,""file_loads"":0.0,""inchi_convertible"":0.0,""internal_steric_clash"":0.0,""molecular_formula"":0.0,""no_radicals"":0.0,""planar_aromatic_rings"":0.0,""planar_double_bonds"":0.0,""reference_file_loads"":0.0,""sanitisation"":0.0,""tetrahedral_chirality"":0.5344827586206896}",81,105.02535606353139,2.3284725420416335,3.314068837321858,75.0,92.5925925925926,0.9900770600566036,0.04938271604938271,71.85469380876006,0.01508916323731138,0.9466666666666667,35.0,43.20987654320987,0.9031895953632308,0.14814814814814814,24.807682341396927,0.05593659503124524,0.6,9.0,11.11111111111111,0.7596000844056844,0.38271604938271603,5.306921831422108,0.2531626276482243,0.1111111111111111,3.0,3.7037037037037037,0.6825586572227751,0.6296296296296297,2.116719169806271,0.5165371132449321,0.0,81,168.3345906584627,197.30690041992005,177.70310914764235,5.470081023774995,1.0539342455960747,2.756340794538557,0.0,0.0,0.0,1.0,1.026567049714764,2.6839516108926684,0.0,0.0,0.0,1.0,1000,0,0,0,0,0,174,0,0,0,0,81,174,174,core
2pog_2pog_conf0,generation,nextmol_dmt_l_raw,fixed,,nextmol_dmt_l_raw_fixed,NextMol DMT-L,nextmol_dmt_l_raw_fixed,3,21,442,0.7,442,442,0,1.0,1000,442,558,0.442,"{""all_atoms_connected"":0,""bond_angles"":0,""bond_lengths"":0,""bonds"":0,""double_bond_stereochemistry"":0,""energy_ratio"":0,""file_loads"":0,""inchi_convertible"":0,""internal_steric_clash"":0,""molecular_formula"":0,""no_radicals"":0,""planar_aromatic_rings"":0,""planar_double_bonds"":0,""reference_file_loads"":0,""sanitisation"":0,""tetrahedral_chirality"":558}","{""all_atoms_connected"":0.0,""bond_angles"":0.0,""bond_lengths"":0.0,""bonds"":0.0,""double_bond_stereochemistry"":0.0,""energy_ratio"":0.0,""file_loads"":0.0,""inchi_convertible"":0.0,""internal_steric_clash"":0.0,""molecular_formula"":0.0,""no_radicals"":0.0,""planar_aromatic_rings"":0.0,""planar_double_bonds"":0.0,""reference_file_loads"":0.0,""sanitisation"":0.0,""tetrahedral_chirality"":0.558}",442,111.61269291854394,1.084223558869215,1.5737429077434673,22.0,4.97737556561086,0.6543979052481895,0.3212669683257919,7.559247940784586,0.19126348764357817,0.13636363636363635,6.0,1.3574660633484164,0.7425621377332787,0.4095022624434389,3.7829069246780826,0.28928564116213834,0.3333333333333333,1.0,0.22624434389140272,0.0,1.0,1.0,1.0,0.0,1.0,0.22624434389140272,0.0,1.0,1.0,1.0,0.0,442,39.189269714698206,60.84797786879465,42.98545907069461,4.807609798787032,0.19946294333238793,1.0242989325317118,1.0,1.0,1.0,1.0,0.17124412908488093,1.02684100902024,1.0,1.0,1.0,1.0,1000,0,0,0,0,0,1000,0,0,0,0,442,1000,1000,core
2pog_2pog_conf0,generation,nextmol_dmt_l_raw,dynamic,,nextmol_dmt_l_raw_dynamic,NextMol DMT-L,nextmol_dmt_l_raw_dynamic,3,21,26,0.7,26,26,0,1.0,46,26,20,0.5652173913043478,"{""all_atoms_connected"":0,""bond_angles"":0,""bond_lengths"":0,""bonds"":0,""double_bond_stereochemistry"":0,""energy_ratio"":0,""file_loads"":0,""inchi_convertible"":0,""internal_steric_clash"":0,""molecular_formula"":0,""no_radicals"":0,""planar_aromatic_rings"":0,""planar_double_bonds"":0,""reference_file_loads"":0,""sanitisation"":0,""tetrahedral_chirality"":20}","{""all_atoms_connected"":0.0,""bond_angles"":0.0,""bond_lengths"":0.0,""bonds"":0.0,""double_bond_stereochemistry"":0.0,""energy_ratio"":0.0,""file_loads"":0.0,""inchi_convertible"":0.0,""internal_steric_clash"":0.0,""molecular_formula"":0.0,""no_radicals"":0.0,""planar_aromatic_rings"":0.0,""planar_double_bonds"":0.0,""reference_file_loads"":0.0,""sanitisation"":0.0,""tetrahedral_chirality"":0.43478260869565216}",26,113.79752025282374,1.0830263799605109,1.5370109244472672,7.0,26.923076923076923,0.7799186523782522,0.46153846153846156,4.561500475750752,0.28994082840236696,0.42857142857142855,5.0,19.23076923076923,0.8206110840796152,0.46153846153846156,3.746127313942261,0.31656804733727817,0.2,2.0,7.6923076923076925,0.8904916402194913,0.6923076923076923,1.8538077549635301,0.57396449704142,0.0,1.0,3.8461538461538463,0.0,1.0,1.0,1.0,0.0,26,39.31424614108761,51.548390992334404,44.17505394225739,4.405426901708126,0.22098029601219002,1.0171370865835443,1.0,1.0,1.0,1.0,0.19817707574125254,1.019324749783705,1.0,1.0,1.0,1.0,1000,0,0,0,0,0,46,0,0,0,0,26,46,46,core
2pog_2pog_conf0,generation,nextmol_dmt_l_raw,chembl_count,,nextmol_dmt_l_raw_chembl_count,NextMol DMT-L,nextmol_dmt_l_raw_chembl_count,3,21,6,0.7,6,6,0,1.0,10,6,4,0.6,"{""all_atoms_connected"":0,""bond_angles"":0,""bond_lengths"":0,""bonds"":0,""double_bond_stereochemistry"":0,""energy_ratio"":0,""file_loads"":0,""inchi_convertible"":0,""internal_steric_clash"":0,""molecular_formula"":0,""no_radicals"":0,""planar_aromatic_rings"":0,""planar_double_bonds"":0,""reference_file_loads"":0,""sanitisation"":0,""tetrahedral_chirality"":4}","{""all_atoms_connected"":0.0,""bond_angles"":0.0,""bond_lengths"":0.0,""bonds"":0.0,""double_bond_stereochemistry"":0.0,""energy_ratio"":0.0,""file_loads"":0.0,""inchi_convertible"":0.0,""internal_steric_clash"":0.0,""molecular_formula"":0.0,""no_radicals"":0.0,""planar_aromatic_rings"":0.0,""planar_double_bonds"":0.0,""reference_file_loads"":0.0,""sanitisation"":0.0,""tetrahedral_chirality"":0.4}",6,103.54029251419217,1.3882467100816418,2.1170905385207033,4.0,66.66666666666667,0.8962406251802889,0.5,3.464101615137754,0.33333333333333337,0.75,3.0,50.0,0.9206198357143047,0.5,2.749459273997205,0.3888888888888889,0.3333333333333333,2.0,33.333333333333336,1.0,0.5,2.0,0.5,0.0,1.0,16.666666666666668,0.0,1.0,1.0,1.0,0.0,6,41.431355355080846,51.35613321194331,49.52061612099162,3.328521567826592,1.0227488596846628,1.371285120183515,0.0,0.0,0.0,1.0,1.0249342002998025,1.3602204054183846,0.0,0.0,0.0,1.0,1000,0,0,0,0,0,10,0,0,0,0,6,10,10,core
2qbp_2qbp_conf0,generation,nextmol_dmt_l_raw,fixed,,nextmol_dmt_l_raw_fixed,NextMol DMT-L,nextmol_dmt_l_raw_fixed,10,37,999,0.7,999,999,0,1.0,1000,999,1,0.999,"{""all_atoms_connected"":0,""bond_angles"":1,""bond_lengths"":1,""bonds"":0,""double_bond_stereochemistry"":0,""energy_ratio"":0,""file_loads"":0,""inchi_convertible"":0,""internal_steric_clash"":0,""molecular_formula"":0,""no_radicals"":0,""planar_aromatic_rings"":0,""planar_double_bonds"":0,""reference_file_loads"":0,""sanitisation"":0,""tetrahedral_chirality"":0}","{""all_atoms_connected"":0.0,""bond_angles"":0.001,""bond_lengths"":0.001,""bonds"":0.0,""double_bond_stereochemistry"":0.0,""energy_ratio"":0.0,""file_loads"":0.0,""inchi_convertible"":0.0,""internal_steric_clash"":0.0,""molecular_formula"":0.0,""no_radicals"":0.0,""planar_aromatic_rings"":0.0,""planar_double_bonds"":0.0,""reference_file_loads"":0.0,""sanitisation"":0.0,""tetrahedral_chirality"":0.0}",999,104.86215530453376,2.869062591917122,3.8478932123519964,836.0,83.68368368368368,0.989753528291837,0.005005005005005005,780.304252056115,0.001413826238651063,0.84688995215311,409.0,40.94094094094094,0.95361358391932,0.013013013013013013,309.4388397132581,0.004247490733977221,0.4449877750611247,28.0,2.8028028028028027,0.8867971897276378,0.0990990990990991,19.201522931193725,0.06231156081005932,0.0,4.0,0.4004004004004004,0.8830850494400503,0.35235235235235235,3.401497665296385,0.30933936939942946,0.0,999,151.1997716023773,1123.5241939325567,186.09209808749347,38.4809869584422,0.9045872024936402,2.972091133944948,0.0,0.0,0.0,1.0,0.9820696097025374,3.0210100180225696,0.0,0.0,0.0,1.0,1000,0,0,0,0,0,1000,0,0,0,0,999,1000,1000,core
2qbp_2qbp_conf0,generation,nextmol_dmt_l_raw,dynamic,,nextmol_dmt_l_raw_dynamic,NextMol DMT-L,nextmol_dmt_l_raw_dynamic,10,37,200,0.7,200,200,0,1.0,200,200,0,1.0,"{""all_atoms_connected"":0,""bond_angles"":0,""bond_lengths"":0,""bonds"":0,""double_bond_stereochemistry"":0,""energy_ratio"":0,""file_loads"":0,""inchi_convertible"":0,""internal_steric_clash"":0,""molecular_formula"":0,""no_radicals"":0,""planar_aromatic_rings"":0,""planar_double_bonds"":0,""reference_file_loads"":0,""sanitisation"":0,""tetrahedral_chirality"":0}","{""all_atoms_connected"":0.0,""bond_angles"":0.0,""bond_lengths"":0.0,""bonds"":0.0,""double_bond_stereochemistry"":0.0,""energy_ratio"":0.0,""file_loads"":0.0,""inchi_convertible"":0.0,""internal_steric_clash"":0.0,""molecular_formula"":0.0,""no_radicals"":0.0,""planar_aromatic_rings"":0.0,""planar_double_bonds"":0.0,""reference_file_loads"":0.0,""sanitisation"":0.0,""tetrahedral_chirality"":0.0}",200,105.11665385585832,2.8420306890251923,3.867870143138205,196.0,98.0,0.998574646367009,0.01,194.53098948245716,0.005200000000000001,0.9795918367346939,146.0,73.0,0.9751572527663984,0.03,128.99841817710848,0.009149999999999998,0.7534246575342466,20.0,10.0,0.8785522910685193,0.13,13.900258712295022,0.0856,0.2,4.0,2.0,0.9657836917737805,0.39,3.8146941302590243,0.27615,0.0,200,153.80171375023036,217.01927803790758,185.608216048845,11.433601851072806,0.9045872024936402,3.0105536434468907,0.0,0.0,0.0,1.0,0.9820696097025374,3.090661664421078,0.0,0.0,0.0,1.0,1000,0,0,0,0,0,200,0,0,0,0,200,200,200,core
2qbp_2qbp_conf0,generation,nextmol_dmt_l_raw,chembl_count,,nextmol_dmt_l_raw_chembl_count,NextMol DMT-L,nextmol_dmt_l_raw_chembl_count,10,37,199,0.7,199,199,0,1.0,200,199,1,0.995,"{""all_atoms_connected"":0,""bond_angles"":1,""bond_lengths"":1,""bonds"":0,""double_bond_stereochemistry"":0,""energy_ratio"":0,""file_loads"":0,""inchi_convertible"":0,""internal_steric_clash"":0,""molecular_formula"":0,""no_radicals"":0,""planar_aromatic_rings"":0,""planar_double_bonds"":0,""reference_file_loads"":0,""sanitisation"":0,""tetrahedral_chirality"":0}","{""all_atoms_connected"":0.0,""bond_angles"":0.005,""bond_lengths"":0.005,""bonds"":0.0,""double_bond_stereochemistry"":0.0,""energy_ratio"":0.0,""file_loads"":0.0,""inchi_convertible"":0.0,""internal_steric_clash"":0.0,""molecular_formula"":0.0,""no_radicals"":0.0,""planar_aromatic_rings"":0.0,""planar_double_bonds"":0.0,""reference_file_loads"":0.0,""sanitisation"":0.0,""tetrahedral_chirality"":0.0}",199,106.709162514828,2.858632690171679,3.8156477067439054,189.0,94.9748743718593,0.996545956242215,0.010050251256281407,185.60890365905107,0.005530163379712635,0.9470899470899471,143.0,71.85929648241206,0.9733859482637617,0.03015075376884422,125.30656145732965,0.009469457841973688,0.7552447552447552,20.0,10.050251256281408,0.8872155047347712,0.17587939698492464,14.265729480338628,0.08977046034191058,0.05,5.0,2.512562814070352,0.848808699768685,0.36180904522613067,3.920051932540238,0.28522007020024753,0.0,199,153.80171375023036,211.65626735548346,186.05725095566658,10.359014045025974,1.0905493979685623,3.0898858851102267,0.0,0.0,0.0,1.0,1.092754272996147,3.139025364097914,0.0,0.0,0.0,1.0,1000,0,0,0,0,0,200,0,0,0,0,199,200,200,core
2qbq_2qbq_conf0,generation,nextmol_dmt_l_raw,fixed,,nextmol_dmt_l_raw_fixed,NextMol DMT-L,nextmol_dmt_l_raw_fixed,7,31,1000,0.7,1000,1000,0,1.0,1000,1000,0,1.0,"{""all_atoms_connected"":0,""bond_angles"":0,""bond_lengths"":0,""bonds"":0,""double_bond_stereochemistry"":0,""energy_ratio"":0,""file_loads"":0,""inchi_convertible"":0,""internal_steric_clash"":0,""molecular_formula"":0,""no_radicals"":0,""planar_aromatic_rings"":0,""planar_double_bonds"":0,""reference_file_loads"":0,""sanitisation"":0,""tetrahedral_chirality"":0}","{""all_atoms_connected"":0.0,""bond_angles"":0.0,""bond_lengths"":0.0,""bonds"":0.0,""double_bond_stereochemistry"":0.0,""energy_ratio"":0.0,""file_loads"":0.0,""inchi_convertible"":0.0,""internal_steric_clash"":0.0,""molecular_formula"":0.0,""no_radicals"":0.0,""planar_aromatic_rings"":0.0,""planar_double_bonds"":0.0,""reference_file_loads"":0.0,""sanitisation"":0.0,""tetrahedral_chirality"":0.0}",1000,110.90023720204748,2.1130449663642064,2.897619789455862,526.0,52.6,0.9596619509850518,0.013,408.5323834971603,0.0032359999999999997,0.6045627376425855,107.0,10.7,0.9165260749582238,0.046,72.44078507896732,0.017636000000000002,0.14018691588785046,6.0,0.6,0.8909775753206495,0.291,4.935319968951581,0.22245199999999998,0.0,2.0,0.2,0.9956068607005617,0.539,1.99391907894279,0.503042,0.0,1000,200.94294353570515,329.98743876663224,223.5827979570384,8.685744704900877,0.38086812685883614,1.9972262535854663,0.0,1.0,1.0,1.0,0.4279548654640291,2.0111415157987858,0.0,1.0,1.0,1.0,1000,0,0,0,0,0,1000,0,0,0,0,1000,1000,1000,core
2qbq_2qbq_conf0,generation,nextmol_dmt_l_raw,dynamic,,nextmol_dmt_l_raw_dynamic,NextMol DMT-L,nextmol_dmt_l_raw_dynamic,7,31,134,0.7,134,134,0,1.0,134,134,0,1.0,"{""all_atoms_connected"":0,""bond_angles"":0,""bond_lengths"":0,""bonds"":0,""double_bond_stereochemistry"":0,""energy_ratio"":0,""file_loads"":0,""inchi_convertible"":0,""internal_steric_clash"":0,""molecular_formula"":0,""no_radicals"":0,""planar_aromatic_rings"":0,""planar_double_bonds"":0,""reference_file_loads"":0,""sanitisation"":0,""tetrahedral_chirality"":0}","{""all_atoms_connected"":0.0,""bond_angles"":0.0,""bond_lengths"":0.0,""bonds"":0.0,""double_bond_stereochemistry"":0.0,""energy_ratio"":0.0,""file_loads"":0.0,""inchi_convertible"":0.0,""internal_steric_clash"":0.0,""molecular_formula"":0.0,""no_radicals"":0.0,""planar_aromatic_rings"":0.0,""planar_double_bonds"":0.0,""reference_file_loads"":0.0,""sanitisation"":0.0,""tetrahedral_chirality"":0.0}",134,112.35075778942996,2.1026996361442833,2.9229728725044244,108.0,80.59701492537313,0.9817007720863375,0.029850746268656716,99.13195492558495,0.011361104923145467,0.8240740740740741,54.0,40.298507462686565,0.9268228474492664,0.08208955223880597,40.32943310861085,0.03308086433504122,0.4074074074074074,5.0,3.7313432835820897,0.9540749774530245,0.26119402985074625,4.643760265177098,0.22388059701492535,0.0,2.0,1.492537313432836,0.9993571354984947,0.5149253731343284,1.9991089990962172,0.500445533526398,0.0,134,208.87622680365075,254.21823770440028,224.09695980036525,8.327188647336877,0.38086812685883614,2.066010203393472,0.0,1.0,1.0,1.0,0.4865698687326675,2.070364880759811,0.0,1.0,1.0,1.0,1000,0,0,0,0,0,134,0,0,0,0,134,134,134,core
2qbq_2qbq_conf0,generation,nextmol_dmt_l_raw,chembl_count,,nextmol_dmt_l_raw_chembl_count,NextMol DMT-L,nextmol_dmt_l_raw_chembl_count,7,31,200,0.7,200,200,0,1.0,200,200,0,1.0,"{""all_atoms_connected"":0,""bond_angles"":0,""bond_lengths"":0,""bonds"":0,""double_bond_stereochemistry"":0,""energy_ratio"":0,""file_loads"":0,""inchi_convertible"":0,""internal_steric_clash"":0,""molecular_formula"":0,""no_radicals"":0,""planar_aromatic_rings"":0,""planar_double_bonds"":0,""reference_file_loads"":0,""sanitisation"":0,""tetrahedral_chirality"":0}","{""all_atoms_connected"":0.0,""bond_angles"":0.0,""bond_lengths"":0.0,""bonds"":0.0,""double_bond_stereochemistry"":0.0,""energy_ratio"":0.0,""file_loads"":0.0,""inchi_convertible"":0.0,""internal_steric_clash"":0.0,""molecular_formula"":0.0,""no_radicals"":0.0,""planar_aromatic_rings"":0.0,""planar_double_bonds"":0.0,""reference_file_loads"":0.0,""sanitisation"":0.0,""tetrahedral_chirality"":0.0}",200,110.87242759888282,2.091028169602742,2.8301068287647446,160.0,80.0,0.9852132657141531,0.015,148.43224159740583,0.0074,0.8,63.0,31.5,0.9386683348071356,0.055,48.863435402577714,0.025000000000000005,0.2857142857142857,5.0,2.5,0.8594279641669279,0.34,3.9876255301719294,0.27225,0.0,2.0,1.0,0.8554508105601307,0.72,1.8093240408798608,0.5968,0.0,200,207.15944143897573,329.98743876663224,223.99391988802088,11.343999599081561,0.568030614599757,1.993448074707183,0.0,0.0,1.0,1.0,0.5589178299084242,1.988808417821554,0.0,0.0,1.0,1.0,1000,0,0,0,0,0,200,0,0,0,0,200,200,200,core
2qbr_2qbr_conf0,generation,nextmol_dmt_l_raw,fixed,,nextmol_dmt_l_raw_fixed,NextMol DMT-L,nextmol_dmt_l_raw_fixed,8,28,1000,0.7,1000,1000,0,1.0,1000,1000,0,1.0,"{""all_atoms_connected"":0,""bond_angles"":0,""bond_lengths"":0,""bonds"":0,""double_bond_stereochemistry"":0,""energy_ratio"":0,""file_loads"":0,""inchi_convertible"":0,""internal_steric_clash"":0,""molecular_formula"":0,""no_radicals"":0,""planar_aromatic_rings"":0,""planar_double_bonds"":0,""reference_file_loads"":0,""sanitisation"":0,""tetrahedral_chirality"":0}","{""all_atoms_connected"":0.0,""bond_angles"":0.0,""bond_lengths"":0.0,""bonds"":0.0,""double_bond_stereochemistry"":0.0,""energy_ratio"":0.0,""file_loads"":0.0,""inchi_convertible"":0.0,""internal_steric_clash"":0.0,""molecular_formula"":0.0,""no_radicals"":0.0,""planar_aromatic_rings"":0.0,""planar_double_bonds"":0.0,""reference_file_loads"":0.0,""sanitisation"":0.0,""tetrahedral_chirality"":0.0}",1000,103.82908332643404,2.144479101264957,2.9145867617537213,450.0,45.0,0.9624452666832229,0.011,357.74356076935453,0.003484,0.46444444444444444,93.0,9.3,0.9309607200322053,0.038,68.01117893473307,0.018162,0.08602150537634409,7.0,0.7,0.9021336308479966,0.255,5.7861723184249945,0.19101999999999997,0.0,2.0,0.2,0.9149263727797277,0.67,1.8854728452168699,0.5578000000000001,0.0,1000,184.91111875710408,231.51445658343937,202.01368446679453,7.667526866402377,0.5346653533982678,2.0266899827580014,0.0,0.0,1.0,1.0,0.6010189165125558,2.0090757257975342,0.0,0.0,1.0,1.0,1000,0,0,0,0,0,1000,0,0,0,0,1000,1000,1000,core
2qbr_2qbr_conf0,generation,nextmol_dmt_l_raw,dynamic,,nextmol_dmt_l_raw_dynamic,NextMol DMT-L,nextmol_dmt_l_raw_dynamic,8,28,156,0.7,156,156,0,1.0,156,156,0,1.0,"{""all_atoms_connected"":0,""bond_angles"":0,""bond_lengths"":0,""bonds"":0,""double_bond_stereochemistry"":0,""energy_ratio"":0,""file_loads"":0,""inchi_convertible"":0,""internal_steric_clash"":0,""molecular_formula"":0,""no_radicals"":0,""planar_aromatic_rings"":0,""planar_double_bonds"":0,""reference_file_loads"":0,""sanitisation"":0,""tetrahedral_chirality"":0}","{""all_atoms_connected"":0.0,""bond_angles"":0.0,""bond_lengths"":0.0,""bonds"":0.0,""double_bond_stereochemistry"":0.0,""energy_ratio"":0.0,""file_loads"":0.0,""inchi_convertible"":0.0,""internal_steric_clash"":0.0,""molecular_formula"":0.0,""no_radicals"":0.0,""planar_aromatic_rings"":0.0,""planar_double_bonds"":0.0,""reference_file_loads"":0.0,""sanitisation"":0.0,""tetrahedral_chirality"":0.0}",156,102.10519435101955,2.1090225956495634,2.8671978049354574,124.0,79.48717948717949,0.9806784537862553,0.03205128205128205,112.97270858233547,0.010108481262327416,0.8145161290322581,55.0,35.256410256410255,0.9525200106062188,0.057692307692307696,45.47055838700385,0.0257232084155161,0.2727272727272727,7.0,4.487179487179487,0.8673813572506547,0.36538461538461536,5.407820713899087,0.22386587771203154,0.0,2.0,1.2820512820512822,0.8749315876677922,0.7051282051282052,1.8339211201468149,0.5841551610782381,0.0,156,191.2699190643283,224.86963240653319,201.1721007154328,7.59887663155895,0.5871985252363842,1.9159725574046351,0.0,0.0,1.0,1.0,0.6187084798216723,1.890285421862608,0.0,0.0,1.0,1.0,1000,0,0,0,0,0,156,0,0,0,0,156,156,156,core
2qbr_2qbr_conf0,generation,nextmol_dmt_l_raw,chembl_count,,nextmol_dmt_l_raw_chembl_count,NextMol DMT-L,nextmol_dmt_l_raw_chembl_count,8,28,200,0.7,200,200,0,1.0,200,200,0,1.0,"{""all_atoms_connected"":0,""bond_angles"":0,""bond_lengths"":0,""bonds"":0,""double_bond_stereochemistry"":0,""energy_ratio"":0,""file_loads"":0,""inchi_convertible"":0,""internal_steric_clash"":0,""molecular_formula"":0,""no_radicals"":0,""planar_aromatic_rings"":0,""planar_double_bonds"":0,""reference_file_loads"":0,""sanitisation"":0,""tetrahedral_chirality"":0}","{""all_atoms_connected"":0.0,""bond_angles"":0.0,""bond_lengths"":0.0,""bonds"":0.0,""double_bond_stereochemistry"":0.0,""energy_ratio"":0.0,""file_loads"":0.0,""inchi_convertible"":0.0,""internal_steric_clash"":0.0,""molecular_formula"":0.0,""no_radicals"":0.0,""planar_aromatic_rings"":0.0,""planar_double_bonds"":0.0,""reference_file_loads"":0.0,""sanitisation"":0.0,""tetrahedral_chirality"":0.0}",200,104.65239652056705,2.1680559833454263,2.9459626484812373,148.0,74.0,0.9814353638861119,0.025,134.88746609306043,0.0083,0.722972972972973,56.0,28.0,0.9495571916985202,0.06,45.70929400123285,0.02595,0.19642857142857142,6.0,3.0,0.9387902566595304,0.25,5.376761987852762,0.19605,0.0,2.0,1.0,0.6098403047164005,0.85,1.5260902731141495,0.7449999999999999,0.0,200,186.4637582059413,223.98529740157068,202.17128437837434,8.123800724257359,0.5346653533982678,2.049159323096397,0.0,0.0,1.0,1.0,0.649230715906079,2.018683748903623,0.0,0.0,1.0,1.0,1000,0,0,0,0,0,200,0,0,0,0,200,200,200,core
2v00_2v00_conf0,generation,nextmol_dmt_l_raw,fixed,,nextmol_dmt_l_raw_fixed,NextMol DMT-L,nextmol_dmt_l_raw_fixed,4,16,1000,0.7,1000,1000,0,1.0,1000,1000,0,1.0,"{""all_atoms_connected"":0,""bond_angles"":0,""bond_lengths"":0,""bonds"":0,""double_bond_stereochemistry"":0,""energy_ratio"":0,""file_loads"":0,""inchi_convertible"":0,""internal_steric_clash"":0,""molecular_formula"":0,""no_radicals"":0,""planar_aromatic_rings"":0,""planar_double_bonds"":0,""reference_file_loads"":0,""sanitisation"":0,""tetrahedral_chirality"":0}","{""all_atoms_connected"":0.0,""bond_angles"":0.0,""bond_lengths"":0.0,""bonds"":0.0,""double_bond_stereochemistry"":0.0,""energy_ratio"":0.0,""file_loads"":0.0,""inchi_convertible"":0.0,""internal_steric_clash"":0.0,""molecular_formula"":0.0,""no_radicals"":0.0,""planar_aromatic_rings"":0.0,""planar_double_bonds"":0.0,""reference_file_loads"":0.0,""sanitisation"":0.0,""tetrahedral_chirality"":0.0}",1000,113.76759393854103,1.30036456852656,1.9397521441250694,42.0,4.2,0.8033487989109468,0.123,20.138882488253913,0.06495599999999999,0.19047619047619047,10.0,1.0,0.7251137992666581,0.507,5.310235714335952,0.29311999999999994,0.1,2.0,0.2,0.9065431379027393,0.678,1.8745484806318844,0.5633680000000001,0.0,1.0,0.1,0.0,1.0,1.0,1.0,0.0,1000,-98.73753134229781,-82.20269890351884,-94.82455146302222,2.7643302458097163,0.28123887699591626,1.4160158149964053,0.0,1.0,1.0,1.0,0.26525322729589984,1.3632734719880584,0.0,1.0,1.0,1.0,1000,0,0,0,0,0,1000,0,0,0,0,1000,1000,1000,core
2v00_2v00_conf0,generation,nextmol_dmt_l_raw,dynamic,,nextmol_dmt_l_raw_dynamic,NextMol DMT-L,nextmol_dmt_l_raw_dynamic,4,16,68,0.7,68,68,0,1.0,68,68,0,1.0,"{""all_atoms_connected"":0,""bond_angles"":0,""bond_lengths"":0,""bonds"":0,""double_bond_stereochemistry"":0,""energy_ratio"":0,""file_loads"":0,""inchi_convertible"":0,""internal_steric_clash"":0,""molecular_formula"":0,""no_radicals"":0,""planar_aromatic_rings"":0,""planar_double_bonds"":0,""reference_file_loads"":0,""sanitisation"":0,""tetrahedral_chirality"":0}","{""all_atoms_connected"":0.0,""bond_angles"":0.0,""bond_lengths"":0.0,""bonds"":0.0,""double_bond_stereochemistry"":0.0,""energy_ratio"":0.0,""file_loads"":0.0,""inchi_convertible"":0.0,""internal_steric_clash"":0.0,""molecular_formula"":0.0,""no_radicals"":0.0,""planar_aromatic_rings"":0.0,""planar_double_bonds"":0.0,""reference_file_loads"":0.0,""sanitisation"":0.0,""tetrahedral_chirality"":0.0}",68,112.64849053491685,1.3220075873647779,1.92065211701783,18.0,26.470588235294116,0.9165995311339473,0.16176470588235295,14.144323790914187,0.08477508650519032,0.2222222222222222,7.0,10.294117647058824,0.8009416441789682,0.5,4.7519757275519465,0.2958477508650519,0.0,2.0,2.9411764705882355,0.7612401496918493,0.7794117647058824,1.6949469857301875,0.6561418685121108,0.0,1.0,1.4705882352941178,0.0,1.0,1.0,1.0,0.0,68,-97.57374345950458,-88.74525993127685,-94.97203584406182,2.4460032209836378,0.28123887699591626,1.3644052480542341,0.0,1.0,1.0,1.0,0.3033081518189194,1.351291065255988,0.0,1.0,1.0,1.0,1000,0,0,0,0,0,68,0,0,0,0,68,68,68,core
2v00_2v00_conf0,generation,nextmol_dmt_l_raw,chembl_count,,nextmol_dmt_l_raw_chembl_count,NextMol DMT-L,nextmol_dmt_l_raw_chembl_count,4,16,30,0.7,30,30,0,1.0,30,30,0,1.0,"{""all_atoms_connected"":0,""bond_angles"":0,""bond_lengths"":0,""bonds"":0,""double_bond_stereochemistry"":0,""energy_ratio"":0,""file_loads"":0,""inchi_convertible"":0,""internal_steric_clash"":0,""molecular_formula"":0,""no_radicals"":0,""planar_aromatic_rings"":0,""planar_double_bonds"":0,""reference_file_loads"":0,""sanitisation"":0,""tetrahedral_chirality"":0}","{""all_atoms_connected"":0.0,""bond_angles"":0.0,""bond_lengths"":0.0,""bonds"":0.0,""double_bond_stereochemistry"":0.0,""energy_ratio"":0.0,""file_loads"":0.0,""inchi_convertible"":0.0,""internal_steric_clash"":0.0,""molecular_formula"":0.0,""no_radicals"":0.0,""planar_aromatic_rings"":0.0,""planar_double_bonds"":0.0,""reference_file_loads"":0.0,""sanitisation"":0.0,""tetrahedral_chirality"":0.0}",30,105.19242416037743,1.366609363673178,1.9648792686556196,10.0,33.333333333333336,0.913804170144405,0.2,8.199817189762582,0.14000000000000004,0.3,6.0,20.0,0.7998755102664845,0.4666666666666667,4.1920275528693,0.2977777777777778,0.3333333333333333,2.0,6.666666666666667,0.46899559358928117,0.9,1.384145488461686,0.8200000000000001,0.0,1.0,3.3333333333333335,0.0,1.0,1.0,1.0,0.0,30,-97.57933349953225,-89.1647465111062,-95.22416524175962,2.590422940377743,0.5283408460011458,1.4289894321361742,0.0,0.0,1.0,1.0,0.44843683152531333,1.4053129248489555,0.0,1.0,1.0,1.0,1000,0,0,0,0,0,30,0,0,0,0,30,30,30,core
2wn9_2wn9_conf0,generation,nextmol_dmt_l_raw,fixed,,nextmol_dmt_l_raw_fixed,NextMol DMT-L,nextmol_dmt_l_raw_fixed,4,22,1000,0.7,1000,1000,0,1.0,1000,1000,0,1.0,"{""all_atoms_connected"":0,""bond_angles"":0,""bond_lengths"":0,""bonds"":0,""double_bond_stereochemistry"":0,""energy_ratio"":0,""file_loads"":0,""inchi_convertible"":0,""internal_steric_clash"":0,""molecular_formula"":0,""no_radicals"":0,""planar_aromatic_rings"":0,""planar_double_bonds"":0,""reference_file_loads"":0,""sanitisation"":0,""tetrahedral_chirality"":0}","{""all_atoms_connected"":0.0,""bond_angles"":0.0,""bond_lengths"":0.0,""bonds"":0.0,""double_bond_stereochemistry"":0.0,""energy_ratio"":0.0,""file_loads"":0.0,""inchi_convertible"":0.0,""internal_steric_clash"":0.0,""molecular_formula"":0.0,""no_radicals"":0.0,""planar_aromatic_rings"":0.0,""planar_double_bonds"":0.0,""reference_file_loads"":0.0,""sanitisation"":0.0,""tetrahedral_chirality"":0.0}",1000,104.86679217284163,1.4395017673677504,2.060868978624467,51.0,5.1,0.9114500148275058,0.055,36.005169711584955,0.032534,0.09803921568627451,11.0,1.1,0.953418634182453,0.148,9.837464803066505,0.107588,0.0,2.0,0.2,0.9953784388202258,0.54,1.9936034067610926,0.5032000000000001,0.0,1.0,0.1,0.0,1.0,1.0,1.0,0.0,1000,75.55795872872724,89.8205296399444,79.71975504116651,2.2683902680147843,0.2827577384382048,1.3371744948518431,0.0,1.0,1.0,1.0,0.2970554609436743,1.3773913993628244,0.0,1.0,1.0,1.0,1000,0,0,0,0,0,1000,0,0,0,0,1000,1000,1000,core
2wn9_2wn9_conf0,generation,nextmol_dmt_l_raw,dynamic,,nextmol_dmt_l_raw_dynamic,NextMol DMT-L,nextmol_dmt_l_raw_dynamic,4,22,68,0.7,68,68,0,1.0,68,68,0,1.0,"{""all_atoms_connected"":0,""bond_angles"":0,""bond_lengths"":0,""bonds"":0,""double_bond_stereochemistry"":0,""energy_ratio"":0,""file_loads"":0,""inchi_convertible"":0,""internal_steric_clash"":0,""molecular_formula"":0,""no_radicals"":0,""planar_aromatic_rings"":0,""planar_double_bonds"":0,""reference_file_loads"":0,""sanitisation"":0,""tetrahedral_chirality"":0}","{""all_atoms_connected"":0.0,""bond_angles"":0.0,""bond_lengths"":0.0,""bonds"":0.0,""double_bond_stereochemistry"":0.0,""energy_ratio"":0.0,""file_loads"":0.0,""inchi_convertible"":0.0,""internal_steric_clash"":0.0,""molecular_formula"":0.0,""no_radicals"":0.0,""planar_aromatic_rings"":0.0,""planar_double_bonds"":0.0,""reference_file_loads"":0.0,""sanitisation"":0.0,""tetrahedral_chirality"":0.0}",68,103.78633666403286,1.4612265442994874,2.1031657017974794,23.0,33.8235294117647,0.9502491215887077,0.08823529411764706,19.677987484590826,0.057093425605536346,0.21739130434782608,7.0,10.294117647058824,0.9824065774576005,0.19117647058823528,6.7644092244836,0.15181660899653981,0.0,2.0,2.9411764705882355,0.9899927915575186,0.5588235294117647,1.986175066902553,0.5069204152249135,0.0,1.0,1.4705882352941178,0.0,1.0,1.0,1.0,0.0,68,75.93347715557351,87.63557539792322,79.62949908337228,2.25419045768971,0.44213330517533866,1.4511537886105246,0.0,1.0,1.0,1.0,0.3465625505817144,1.5214933814555047,0.0,1.0,1.0,1.0,1000,0,0,0,0,0,68,0,0,0,0,68,68,68,core
2wn9_2wn9_conf0,generation,nextmol_dmt_l_raw,chembl_count,,nextmol_dmt_l_raw_chembl_count,NextMol DMT-L,nextmol_dmt_l_raw_chembl_count,4,22,71,0.7,71,71,0,1.0,71,71,0,1.0,"{""all_atoms_connected"":0,""bond_angles"":0,""bond_lengths"":0,""bonds"":0,""double_bond_stereochemistry"":0,""energy_ratio"":0,""file_loads"":0,""inchi_convertible"":0,""internal_steric_clash"":0,""molecular_formula"":0,""no_radicals"":0,""planar_aromatic_rings"":0,""planar_double_bonds"":0,""reference_file_loads"":0,""sanitisation"":0,""tetrahedral_chirality"":0}","{""all_atoms_connected"":0.0,""bond_angles"":0.0,""bond_lengths"":0.0,""bonds"":0.0,""double_bond_stereochemistry"":0.0,""energy_ratio"":0.0,""file_loads"":0.0,""inchi_convertible"":0.0,""internal_steric_clash"":0.0,""molecular_formula"":0.0,""no_radicals"":0.0,""planar_aromatic_rings"":0.0,""planar_double_bonds"":0.0,""reference_file_loads"":0.0,""sanitisation"":0.0,""tetrahedral_chirality"":0.0}",71,103.69823732960569,1.4522652329186059,2.098306730190594,27.0,38.028169014084504,0.949584626109981,0.09859154929577464,22.866569987987408,0.05098194802618528,0.2222222222222222,7.0,9.859154929577464,0.9727796713094403,0.19718309859154928,6.638870444224486,0.15611981749652848,0.0,2.0,2.816901408450704,0.9964196342978482,0.5352112676056338,1.9950427130607034,0.5024796667327911,0.0,1.0,1.408450704225352,0.0,1.0,1.0,1.0,0.0,71,76.75479400711752,84.24795053010408,79.39852976158821,2.1599151981804074,0.35740692180070993,1.4041612059985409,0.0,1.0,1.0,1.0,0.3348415620010745,1.5496694849188595,0.0,1.0,1.0,1.0,1000,0,0,0,0,0,71,0,0,0,0,71,71,71,core
2wtv_2wtv_conf0,generation,nextmol_dmt_l_raw,fixed,,nextmol_dmt_l_raw_fixed,NextMol DMT-L,nextmol_dmt_l_raw_fixed,4,34,999,0.7,999,998,1,0.998998998998999,1000,999,1,0.999,"{""all_atoms_connected"":0,""bond_angles"":0,""bond_lengths"":0,""bonds"":0,""double_bond_stereochemistry"":0,""energy_ratio"":0,""file_loads"":0,""inchi_convertible"":0,""internal_steric_clash"":1,""molecular_formula"":0,""no_radicals"":0,""planar_aromatic_rings"":0,""planar_double_bonds"":0,""reference_file_loads"":0,""sanitisation"":0,""tetrahedral_chirality"":0}","{""all_atoms_connected"":0.0,""bond_angles"":0.0,""bond_lengths"":0.0,""bonds"":0.0,""double_bond_stereochemistry"":0.0,""energy_ratio"":0.0,""file_loads"":0.0,""inchi_convertible"":0.0,""internal_steric_clash"":0.001,""molecular_formula"":0.0,""no_radicals"":0.0,""planar_aromatic_rings"":0.0,""planar_double_bonds"":0.0,""reference_file_loads"":0.0,""sanitisation"":0.0,""tetrahedral_chirality"":0.0}",999,119.74728379309083,1.8814429403485244,2.940178067861967,22.0,2.2022022022022023,0.5763188767609861,0.25725725725725723,5.938319107183894,0.20794868943017092,0.4090909090909091,11.0,1.1011011011011012,0.6681222683197846,0.2862862862862863,4.963381333106063,0.22277031786541296,0.2727272727272727,4.0,0.4004004004004004,0.5396091609271101,0.5165165165165165,2.112890968564642,0.4910185460736011,0.0,3.0,0.3003003003003003,0.6642827124543749,0.5075075075075075,2.0746431252342896,0.49330912494075657,0.0,999,43.97323914581869,91.24853599953583,47.63903856448631,3.440976397725233,0.2755889753135469,1.9089661475960438,0.0,1.0,1.0,1.0,0.3696787770390473,1.8438119228201348,0.0,1.0,1.0,1.0,1000,0,0,0,0,0,1000,0,0,0,0,999,1000,1000,core
2wtv_2wtv_conf0,generation,nextmol_dmt_l_raw,dynamic,,nextmol_dmt_l_raw_dynamic,NextMol DMT-L,nextmol_dmt_l_raw_dynamic,4,34,68,0.7,68,68,0,1.0,68,68,0,1.0,"{""all_atoms_connected"":0,""bond_angles"":0,""bond_lengths"":0,""bonds"":0,""double_bond_stereochemistry"":0,""energy_ratio"":0,""file_loads"":0,""inchi_convertible"":0,""internal_steric_clash"":0,""molecular_formula"":0,""no_radicals"":0,""planar_aromatic_rings"":0,""planar_double_bonds"":0,""reference_file_loads"":0,""sanitisation"":0,""tetrahedral_chirality"":0}","{""all_atoms_connected"":0.0,""bond_angles"":0.0,""bond_lengths"":0.0,""bonds"":0.0,""double_bond_stereochemistry"":0.0,""energy_ratio"":0.0,""file_loads"":0.0,""inchi_convertible"":0.0,""internal_steric_clash"":0.0,""molecular_formula"":0.0,""no_radicals"":0.0,""planar_aromatic_rings"":0.0,""planar_double_bonds"":0.0,""reference_file_loads"":0.0,""sanitisation"":0.0,""tetrahedral_chirality"":0.0}",68,119.78366908843667,1.7762153985827314,2.927235822585818,8.0,11.764705882352942,0.7837549135514421,0.29411764705882354,5.102713850423031,0.2231833910034602,0.375,4.0,5.882352941176471,0.9871131835140631,0.3235294117647059,3.9291748424898216,0.25908304498269896,0.0,2.0,2.9411764705882355,0.9899927915575186,0.5588235294117647,1.986175066902553,0.5069204152249135,0.0,1.0,1.4705882352941178,0.0,1.0,1.0,1.0,0.0,68,44.16819490576842,53.0244904455012,47.513124606196364,1.8471188778486507,0.43232436421148057,1.8953861502324183,0.0,1.0,1.0,1.0,0.4067536918559931,1.8315605553732262,0.0,1.0,1.0,1.0,1000,0,0,0,0,0,68,0,0,0,0,68,68,68,core
2wtv_2wtv_conf0,generation,nextmol_dmt_l_raw,chembl_count,,nextmol_dmt_l_raw_chembl_count,NextMol DMT-L,nextmol_dmt_l_raw_chembl_count,4,34,110,0.7,110,110,0,1.0,110,110,0,1.0,"{""all_atoms_connected"":0,""bond_angles"":0,""bond_lengths"":0,""bonds"":0,""double_bond_stereochemistry"":0,""energy_ratio"":0,""file_loads"":0,""inchi_convertible"":0,""internal_steric_clash"":0,""molecular_formula"":0,""no_radicals"":0,""planar_aromatic_rings"":0,""planar_double_bonds"":0,""reference_file_loads"":0,""sanitisation"":0,""tetrahedral_chirality"":0}","{""all_atoms_connected"":0.0,""bond_angles"":0.0,""bond_lengths"":0.0,""bonds"":0.0,""double_bond_stereochemistry"":0.0,""energy_ratio"":0.0,""file_loads"":0.0,""inchi_convertible"":0.0,""internal_steric_clash"":0.0,""molecular_formula"":0.0,""no_radicals"":0.0,""planar_aromatic_rings"":0.0,""planar_double_bonds"":0.0,""reference_file_loads"":0.0,""sanitisation"":0.0,""tetrahedral_chirality"":0.0}",110,122.19817002868932,1.7535747612692216,2.926121206842524,6.0,5.454545454545454,0.7934346549810215,0.3181818181818182,4.143927693295764,0.260495867768595,0.3333333333333333,5.0,4.545454545454546,0.8575063007187324,0.32727272727272727,3.9753116618430204,0.26628099173553715,0.2,2.0,1.8181818181818181,0.9846841570760806,0.5727272727272728,1.9788800378412827,0.5105785123966943,0.0,1.0,0.9090909090909091,0.0,1.0,1.0,1.0,0.0,110,43.97323914581869,68.54011687916562,47.012384051155635,2.5283337183980805,0.3788703796791949,2.3959867252375604,0.0,1.0,1.0,1.0,0.3905270331286547,2.271874621669891,0.0,1.0,1.0,1.0,1000,0,0,0,0,0,110,0,0,0,0,110,110,110,core
2xdl_2xdl_conf0,generation,nextmol_dmt_l_raw,fixed,,nextmol_dmt_l_raw_fixed,NextMol DMT-L,nextmol_dmt_l_raw_fixed,5,16,1000,0.7,1000,1000,0,1.0,1000,1000,0,1.0,"{""all_atoms_connected"":0,""bond_angles"":0,""bond_lengths"":0,""bonds"":0,""double_bond_stereochemistry"":0,""energy_ratio"":0,""file_loads"":0,""inchi_convertible"":0,""internal_steric_clash"":0,""molecular_formula"":0,""no_radicals"":0,""planar_aromatic_rings"":0,""planar_double_bonds"":0,""reference_file_loads"":0,""sanitisation"":0,""tetrahedral_chirality"":0}","{""all_atoms_connected"":0.0,""bond_angles"":0.0,""bond_lengths"":0.0,""bonds"":0.0,""double_bond_stereochemistry"":0.0,""energy_ratio"":0.0,""file_loads"":0.0,""inchi_convertible"":0.0,""internal_steric_clash"":0.0,""molecular_formula"":0.0,""no_radicals"":0.0,""planar_aromatic_rings"":0.0,""planar_double_bonds"":0.0,""reference_file_loads"":0.0,""sanitisation"":0.0,""tetrahedral_chirality"":0.0}",1000,114.7415446925126,1.1895219543367685,1.8472501308892144,15.0,1.5,0.9209460431630314,0.118,12.10923176387291,0.09140799999999998,0.0,3.0,0.3,0.9036045630991237,0.511,2.698540515693022,0.399306,0.0,1.0,0.1,0.0,1.0,1.0,1.0,0.0,1.0,0.1,0.0,1.0,1.0,1.0,0.0,1000,21.595327223936298,249.42951902744522,23.962415564277926,7.932794189833306,0.33280748553064576,1.5090611773790816,0.0,1.0,1.0,1.0,0.46095005484221385,1.4140096729565457,0.0,1.0,1.0,1.0,1000,0,0,0,0,0,1000,0,0,0,0,1000,1000,1000,core
2xdl_2xdl_conf0,generation,nextmol_dmt_l_raw,dynamic,,nextmol_dmt_l_raw_dynamic,NextMol DMT-L,nextmol_dmt_l_raw_dynamic,5,16,90,0.7,90,90,0,1.0,90,90,0,1.0,"{""all_atoms_connected"":0,""bond_angles"":0,""bond_lengths"":0,""bonds"":0,""double_bond_stereochemistry"":0,""energy_ratio"":0,""file_loads"":0,""inchi_convertible"":0,""internal_steric_clash"":0,""molecular_formula"":0,""no_radicals"":0,""planar_aromatic_rings"":0,""planar_double_bonds"":0,""reference_file_loads"":0,""sanitisation"":0,""tetrahedral_chirality"":0}","{""all_atoms_connected"":0.0,""bond_angles"":0.0,""bond_lengths"":0.0,""bonds"":0.0,""double_bond_stereochemistry"":0.0,""energy_ratio"":0.0,""file_loads"":0.0,""inchi_convertible"":0.0,""internal_steric_clash"":0.0,""molecular_formula"":0.0,""no_radicals"":0.0,""planar_aromatic_rings"":0.0,""planar_double_bonds"":0.0,""reference_file_loads"":0.0,""sanitisation"":0.0,""tetrahedral_chirality"":0.0}",90,111.76444825127822,1.1861449082041269,1.849666242090495,14.0,15.555555555555555,0.9230113759275517,0.17777777777777778,11.42586833504834,0.10320987654320987,0.0,2.0,2.2222222222222223,0.9824740868386409,0.5777777777777777,1.9758509044500678,0.5120987654320988,0.0,1.0,1.1111111111111112,0.0,1.0,1.0,1.0,0.0,1.0,1.1111111111111112,0.0,1.0,1.0,1.0,0.0,90,21.595327223936298,33.01558142784543,23.95835416969564,3.596439540071517,0.4255192168788013,1.6348070725758723,0.0,1.0,1.0,1.0,0.5520551004821318,1.5440709103901247,0.0,0.0,1.0,1.0,1000,0,0,0,0,0,90,0,0,0,0,90,90,90,core
2xdl_2xdl_conf0,generation,nextmol_dmt_l_raw,chembl_count,,nextmol_dmt_l_raw_chembl_count,NextMol DMT-L,nextmol_dmt_l_raw_chembl_count,5,16,58,0.7,58,58,0,1.0,58,58,0,1.0,"{""all_atoms_connected"":0,""bond_angles"":0,""bond_lengths"":0,""bonds"":0,""double_bond_stereochemistry"":0,""energy_ratio"":0,""file_loads"":0,""inchi_convertible"":0,""internal_steric_clash"":0,""molecular_formula"":0,""no_radicals"":0,""planar_aromatic_rings"":0,""planar_double_bonds"":0,""reference_file_loads"":0,""sanitisation"":0,""tetrahedral_chirality"":0}","{""all_atoms_connected"":0.0,""bond_angles"":0.0,""bond_lengths"":0.0,""bonds"":0.0,""double_bond_stereochemistry"":0.0,""energy_ratio"":0.0,""file_loads"":0.0,""inchi_convertible"":0.0,""internal_steric_clash"":0.0,""molecular_formula"":0.0,""no_radicals"":0.0,""planar_aromatic_rings"":0.0,""planar_double_bonds"":0.0,""reference_file_loads"":0.0,""sanitisation"":0.0,""tetrahedral_chirality"":0.0}",58,112.55509915916382,1.2115974334094024,1.849773123393175,13.0,22.413793103448278,0.9242283372892023,0.15517241379310345,10.703800655824596,0.10463733650416172,0.15384615384615385,3.0,5.172413793103448,0.9198510147950278,0.5344827586206896,2.7471379618822507,0.39536266349583826,0.0,1.0,1.7241379310344827,0.0,1.0,1.0,1.0,0.0,1.0,1.7241379310344827,0.0,1.0,1.0,1.0,0.0,58,21.808239608440196,32.45951478364881,23.386951062428132,3.4021576983701034,0.33280748553064576,1.1455678955505948,0.0,1.0,1.0,1.0,0.46095005484221385,1.188059860925143,0.0,1.0,1.0,1.0,1000,0,0,0,0,0,58,0,0,0,0,58,58,58,core
2xnb_2xnb_conf0,generation,nextmol_dmt_l_raw,fixed,,nextmol_dmt_l_raw_fixed,NextMol DMT-L,nextmol_dmt_l_raw_fixed,4,27,1000,0.7,1000,1000,0,1.0,1000,1000,0,1.0,"{""all_atoms_connected"":0,""bond_angles"":0,""bond_lengths"":0,""bonds"":0,""double_bond_stereochemistry"":0,""energy_ratio"":0,""file_loads"":0,""inchi_convertible"":0,""internal_steric_clash"":0,""molecular_formula"":0,""no_radicals"":0,""planar_aromatic_rings"":0,""planar_double_bonds"":0,""reference_file_loads"":0,""sanitisation"":0,""tetrahedral_chirality"":0}","{""all_atoms_connected"":0.0,""bond_angles"":0.0,""bond_lengths"":0.0,""bonds"":0.0,""double_bond_stereochemistry"":0.0,""energy_ratio"":0.0,""file_loads"":0.0,""inchi_convertible"":0.0,""internal_steric_clash"":0.0,""molecular_formula"":0.0,""no_radicals"":0.0,""planar_aromatic_rings"":0.0,""planar_double_bonds"":0.0,""reference_file_loads"":0.0,""sanitisation"":0.0,""tetrahedral_chirality"":0.0}",1000,103.37914208769642,1.0392366788095977,3.4762010076174246,50.0,5.0,0.5161718010484158,0.428,7.532868863748042,0.26928599999999997,0.24,10.0,1.0,0.3662384269791533,0.792,2.324012325260063,0.639464,0.1,3.0,0.3,0.5635289424769915,0.801,1.8572554272185418,0.6648460000000002,0.0,2.0,0.2,0.3733433210798535,0.928,1.295351219549342,0.866368,0.0,1000,56.05452419159762,85.92504041034607,72.73078384417266,6.5401426496069455,0.5161315526732463,2.31505918618348,0.0,0.0,1.0,1.0,0.6356340693903764,2.340673767021627,0.0,0.0,1.0,1.0,1000,0,0,0,0,0,1000,0,0,0,0,1000,1000,1000,core
2xnb_2xnb_conf0,generation,nextmol_dmt_l_raw,dynamic,,nextmol_dmt_l_raw_dynamic,NextMol DMT-L,nextmol_dmt_l_raw_dynamic,4,27,68,0.7,68,68,0,1.0,68,68,0,1.0,"{""all_atoms_connected"":0,""bond_angles"":0,""bond_lengths"":0,""bonds"":0,""double_bond_stereochemistry"":0,""energy_ratio"":0,""file_loads"":0,""inchi_convertible"":0,""internal_steric_clash"":0,""molecular_formula"":0,""no_radicals"":0,""planar_aromatic_rings"":0,""planar_double_bonds"":0,""reference_file_loads"":0,""sanitisation"":0,""tetrahedral_chirality"":0}","{""all_atoms_connected"":0.0,""bond_angles"":0.0,""bond_lengths"":0.0,""bonds"":0.0,""double_bond_stereochemistry"":0.0,""energy_ratio"":0.0,""file_loads"":0.0,""inchi_convertible"":0.0,""internal_steric_clash"":0.0,""molecular_formula"":0.0,""no_radicals"":0.0,""planar_aromatic_rings"":0.0,""planar_double_bonds"":0.0,""reference_file_loads"":0.0,""sanitisation"":0.0,""tetrahedral_chirality"":0.0}",68,101.03033733690029,1.0070842790437196,3.4594560306714603,13.0,19.11764705882353,0.5827779214894537,0.4411764705882353,4.458426295693794,0.333477508650519,0.6923076923076923,6.0,8.823529411764707,0.3565576839680622,0.8529411764705882,1.894330743646797,0.7326989619377162,0.3333333333333333,3.0,4.411764705882353,0.40054305861077255,0.8823529411764706,1.5527716980832613,0.7858996539792387,0.0,2.0,2.9411764705882355,0.378958787501346,0.9264705882352942,1.3004029982802876,0.8637543252595157,0.0,68,57.07883857241522,83.52650747254893,72.99508206437665,5.929286512065382,0.6030099264584835,2.3158814465365127,0.0,0.0,1.0,1.0,0.7056736689709453,2.341079015895504,0.0,0.0,1.0,1.0,1000,0,0,0,0,0,68,0,0,0,0,68,68,68,core
2xnb_2xnb_conf0,generation,nextmol_dmt_l_raw,chembl_count,,nextmol_dmt_l_raw_chembl_count,NextMol DMT-L,nextmol_dmt_l_raw_chembl_count,4,27,79,0.7,79,79,0,1.0,79,79,0,1.0,"{""all_atoms_connected"":0,""bond_angles"":0,""bond_lengths"":0,""bonds"":0,""double_bond_stereochemistry"":0,""energy_ratio"":0,""file_loads"":0,""inchi_convertible"":0,""internal_steric_clash"":0,""molecular_formula"":0,""no_radicals"":0,""planar_aromatic_rings"":0,""planar_double_bonds"":0,""reference_file_loads"":0,""sanitisation"":0,""tetrahedral_chirality"":0}","{""all_atoms_connected"":0.0,""bond_angles"":0.0,""bond_lengths"":0.0,""bonds"":0.0,""double_bond_stereochemistry"":0.0,""energy_ratio"":0.0,""file_loads"":0.0,""inchi_convertible"":0.0,""internal_steric_clash"":0.0,""molecular_formula"":0.0,""no_radicals"":0.0,""planar_aromatic_rings"":0.0,""planar_double_bonds"":0.0,""reference_file_loads"":0.0,""sanitisation"":0.0,""tetrahedral_chirality"":0.0}",79,105.71739932904323,1.3923307253759212,3.4343655533824284,20.0,25.31645569620253,0.6851418707836254,0.379746835443038,7.787357724890253,0.2292901778561128,0.5,7.0,8.860759493670885,0.5900875327104603,0.6835443037974683,3.1526939788997486,0.48822304117929816,0.14285714285714285,3.0,3.7974683544303796,0.6641976284873156,0.7468354430379747,2.074449208500718,0.5926934786091972,0.0,2.0,2.5316455696202533,0.5822463050121238,0.8607594936708861,1.497178571721584,0.7602948245473482,0.0,79,56.05452419159762,85.92504041034607,72.33904871558306,7.610234807460319,0.5541480975080957,2.310259489236153,0.0,0.0,1.0,1.0,0.6784023306095794,2.3365686018848764,0.0,0.0,1.0,1.0,1000,0,0,0,0,0,79,0,0,0,0,79,79,79,core
2yfe_2yfe_conf0,generation,nextmol_dmt_l_raw,fixed,,nextmol_dmt_l_raw_fixed,NextMol DMT-L,nextmol_dmt_l_raw_fixed,8,25,999,0.7,999,999,0,1.0,1000,999,1,0.999,"{""all_atoms_connected"":0,""bond_angles"":0,""bond_lengths"":0,""bonds"":0,""double_bond_stereochemistry"":0,""energy_ratio"":0,""file_loads"":0,""inchi_convertible"":0,""internal_steric_clash"":0,""molecular_formula"":0,""no_radicals"":0,""planar_aromatic_rings"":0,""planar_double_bonds"":1,""reference_file_loads"":0,""sanitisation"":0,""tetrahedral_chirality"":0}","{""all_atoms_connected"":0.0,""bond_angles"":0.0,""bond_lengths"":0.0,""bonds"":0.0,""double_bond_stereochemistry"":0.0,""energy_ratio"":0.0,""file_loads"":0.0,""inchi_convertible"":0.0,""internal_steric_clash"":0.0,""molecular_formula"":0.0,""no_radicals"":0.0,""planar_aromatic_rings"":0.0,""planar_double_bonds"":0.001,""reference_file_loads"":0.0,""sanitisation"":0.0,""tetrahedral_chirality"":0.0}",999,84.65163470089982,1.9795708443733457,2.7862236936780205,165.0,16.516516516516518,0.8838727754725694,0.031031031031031032,91.19555869986728,0.015361708054400748,0.32727272727272727,29.0,2.9029029029029028,0.8998685949627031,0.1031031031031031,20.6997943896263,0.057000944888832776,0.034482758620689655,4.0,0.4004004004004004,0.9550879367795105,0.35935935935935936,3.758549159606002,0.27945362780197613,0.0,2.0,0.2002002002002002,0.8779620013943912,0.7027027027027027,1.837777361789406,0.5821767713659606,0.0,999,77.99891928246913,127.17978250974627,87.16095846963964,5.893345252481946,0.46387318333478794,1.9155623528117909,0.0,1.0,1.0,1.0,0.4385059606773044,1.926864689728651,0.0,1.0,1.0,1.0,1000,0,0,0,0,0,1000,0,0,0,0,999,1000,1000,core
2yfe_2yfe_conf0,generation,nextmol_dmt_l_raw,dynamic,,nextmol_dmt_l_raw_dynamic,NextMol DMT-L,nextmol_dmt_l_raw_dynamic,8,25,155,0.7,155,155,0,1.0,156,155,1,0.9935897435897436,"{""all_atoms_connected"":0,""bond_angles"":0,""bond_lengths"":0,""bonds"":0,""double_bond_stereochemistry"":0,""energy_ratio"":0,""file_loads"":0,""inchi_convertible"":0,""internal_steric_clash"":0,""molecular_formula"":0,""no_radicals"":0,""planar_aromatic_rings"":0,""planar_double_bonds"":1,""reference_file_loads"":0,""sanitisation"":0,""tetrahedral_chirality"":0}","{""all_atoms_connected"":0.0,""bond_angles"":0.0,""bond_lengths"":0.0,""bonds"":0.0,""double_bond_stereochemistry"":0.0,""energy_ratio"":0.0,""file_loads"":0.0,""inchi_convertible"":0.0,""internal_steric_clash"":0.0,""molecular_formula"":0.0,""no_radicals"":0.0,""planar_aromatic_rings"":0.0,""planar_double_bonds"":0.00641025641025641,""reference_file_loads"":0.0,""sanitisation"":0.0,""tetrahedral_chirality"":0.0}",155,83.27369813840328,1.9317000112845126,2.7200525173499956,63.0,40.645161290322584,0.9382201333891165,0.05806451612903226,48.77278220898094,0.025348595213319454,0.47619047619047616,20.0,12.903225806451612,0.9122652524652304,0.11612903225806452,15.377454740264083,0.07438085327783558,0.1,5.0,3.225806451612903,0.9591256123381658,0.32903225806451614,4.681661757452592,0.22772112382934445,0.0,2.0,1.2903225806451613,0.9913053315834369,0.5548387096774193,1.987982878278048,0.5060145681581686,0.0,155,79.34253015579147,104.74736728433301,87.37661233260695,5.872058098106083,0.7947449657358564,1.9795349605862773,0.0,0.0,0.0,1.0,0.7541068279603016,1.985631660519973,0.0,0.0,0.0,1.0,1000,0,0,0,0,0,156,0,0,0,0,155,156,156,core
2yfe_2yfe_conf0,generation,nextmol_dmt_l_raw,chembl_count,,nextmol_dmt_l_raw_chembl_count,NextMol DMT-L,nextmol_dmt_l_raw_chembl_count,8,25,154,0.7,154,154,0,1.0,155,154,1,0.9935483870967742,"{""all_atoms_connected"":0,""bond_angles"":0,""bond_lengths"":0,""bonds"":0,""double_bond_stereochemistry"":0,""energy_ratio"":0,""file_loads"":0,""inchi_convertible"":0,""internal_steric_clash"":0,""molecular_formula"":0,""no_radicals"":0,""planar_aromatic_rings"":0,""planar_double_bonds"":1,""reference_file_loads"":0,""sanitisation"":0,""tetrahedral_chirality"":0}","{""all_atoms_connected"":0.0,""bond_angles"":0.0,""bond_lengths"":0.0,""bonds"":0.0,""double_bond_stereochemistry"":0.0,""energy_ratio"":0.0,""file_loads"":0.0,""inchi_convertible"":0.0,""internal_steric_clash"":0.0,""molecular_formula"":0.0,""no_radicals"":0.0,""planar_aromatic_rings"":0.0,""planar_double_bonds"":0.0064516129032258064,""reference_file_loads"":0.0,""sanitisation"":0.0,""tetrahedral_chirality"":0.0}",154,84.36633913888278,1.9258476962673352,2.7370990089844653,71.0,46.103896103896105,0.9544676858365322,0.03896103896103896,58.47446701633135,0.020070838252656435,0.49295774647887325,20.0,12.987012987012987,0.9308894372404143,0.13636363636363635,16.259795550190983,0.07033226513745994,0.1,4.0,2.5974025974025974,0.9268036657763024,0.38311688311688313,3.6140271179708146,0.2950750548153146,0.0,1.0,0.6493506493506493,0.0,1.0,1.0,1.0,0.0,154,79.41466303493684,101.76265732905915,87.2757748895427,5.613122844453689,0.5157052918334746,1.8673791386654321,0.0,0.0,1.0,1.0,0.5318088262481264,1.8513583834230243,0.0,0.0,1.0,1.0,1000,0,0,0,0,0,155,0,0,0,0,154,155,155,core
2ymd_2ymd_conf0,generation,nextmol_dmt_l_raw,fixed,,nextmol_dmt_l_raw_fixed,NextMol DMT-L,nextmol_dmt_l_raw_fixed,4,13,1000,0.7,1000,1000,0,1.0,1000,1000,0,1.0,"{""all_atoms_connected"":0,""bond_angles"":0,""bond_lengths"":0,""bonds"":0,""double_bond_stereochemistry"":0,""energy_ratio"":0,""file_loads"":0,""inchi_convertible"":0,""internal_steric_clash"":0,""molecular_formula"":0,""no_radicals"":0,""planar_aromatic_rings"":0,""planar_double_bonds"":0,""reference_file_loads"":0,""sanitisation"":0,""tetrahedral_chirality"":0}","{""all_atoms_connected"":0.0,""bond_angles"":0.0,""bond_lengths"":0.0,""bonds"":0.0,""double_bond_stereochemistry"":0.0,""energy_ratio"":0.0,""file_loads"":0.0,""inchi_convertible"":0.0,""internal_steric_clash"":0.0,""molecular_formula"":0.0,""no_radicals"":0.0,""planar_aromatic_rings"":0.0,""planar_double_bonds"":0.0,""reference_file_loads"":0.0,""sanitisation"":0.0,""tetrahedral_chirality"":0.0}",1000,80.56152766015833,0.6628113593390733,1.1135422887589612,7.0,0.7,0.7761339931212565,0.366,4.528030216987052,0.26532600000000006,0.0,2.0,0.2,0.9993506898146104,0.515,1.9991000674817678,0.50045,0.0,1.0,0.1,0.0,1.0,1.0,1.0,0.0,1.0,0.1,0.0,1.0,1.0,1.0,0.0,1000,14.755202231807555,32.145902828115496,23.138251421806913,3.179572168593971,0.1894770780808151,0.8696940428094002,1.0,1.0,1.0,1.0,0.16715009993225466,0.8902734802703587,1.0,1.0,1.0,1.0,1000,0,0,0,0,0,1000,0,0,0,0,1000,1000,1000,core
2ymd_2ymd_conf0,generation,nextmol_dmt_l_raw,dynamic,,nextmol_dmt_l_raw_dynamic,NextMol DMT-L,nextmol_dmt_l_raw_dynamic,4,13,68,0.7,68,68,0,1.0,68,68,0,1.0,"{""all_atoms_connected"":0,""bond_angles"":0,""bond_lengths"":0,""bonds"":0,""double_bond_stereochemistry"":0,""energy_ratio"":0,""file_loads"":0,""inchi_convertible"":0,""internal_steric_clash"":0,""molecular_formula"":0,""no_radicals"":0,""planar_aromatic_rings"":0,""planar_double_bonds"":0,""reference_file_loads"":0,""sanitisation"":0,""tetrahedral_chirality"":0}","{""all_atoms_connected"":0.0,""bond_angles"":0.0,""bond_lengths"":0.0,""bonds"":0.0,""double_bond_stereochemistry"":0.0,""energy_ratio"":0.0,""file_loads"":0.0,""inchi_convertible"":0.0,""internal_steric_clash"":0.0,""molecular_formula"":0.0,""no_radicals"":0.0,""planar_aromatic_rings"":0.0,""planar_double_bonds"":0.0,""reference_file_loads"":0.0,""sanitisation"":0.0,""tetrahedral_chirality"":0.0}",68,77.43449783742163,0.6667852400359637,1.096941020159584,7.0,10.294117647058824,0.7823902764781444,0.38235294117647056,4.5834921214346735,0.2690311418685121,0.14285714285714285,2.0,2.9411764705882355,0.9975025463691153,0.5294117647058824,1.996540789103284,0.5017301038062284,0.0,1.0,1.4705882352941178,0.0,1.0,1.0,1.0,0.0,1.0,1.4705882352941178,0.0,1.0,1.0,1.0,0.0,68,15.910874801905472,29.700015578237814,23.282531761514548,3.129057807606393,0.25336008095644,0.7908672191493884,0.0,1.0,1.0,1.0,0.21815067580518654,0.7989918133864629,1.0,1.0,1.0,1.0,1000,0,0,0,0,0,68,0,0,0,0,68,68,68,core
2ymd_2ymd_conf0,generation,nextmol_dmt_l_raw,chembl_count,,nextmol_dmt_l_raw_chembl_count,NextMol DMT-L,nextmol_dmt_l_raw_chembl_count,4,13,30,0.7,30,30,0,1.0,30,30,0,1.0,"{""all_atoms_connected"":0,""bond_angles"":0,""bond_lengths"":0,""bonds"":0,""double_bond_stereochemistry"":0,""energy_ratio"":0,""file_loads"":0,""inchi_convertible"":0,""internal_steric_clash"":0,""molecular_formula"":0,""no_radicals"":0,""planar_aromatic_rings"":0,""planar_double_bonds"":0,""reference_file_loads"":0,""sanitisation"":0,""tetrahedral_chirality"":0}","{""all_atoms_connected"":0.0,""bond_angles"":0.0,""bond_lengths"":0.0,""bonds"":0.0,""double_bond_stereochemistry"":0.0,""energy_ratio"":0.0,""file_loads"":0.0,""inchi_convertible"":0.0,""internal_steric_clash"":0.0,""molecular_formula"":0.0,""no_radicals"":0.0,""planar_aromatic_rings"":0.0,""planar_double_bonds"":0.0,""reference_file_loads"":0.0,""sanitisation"":0.0,""tetrahedral_chirality"":0.0}",30,66.56849266766247,0.6217124557969025,1.0942465184348753,6.0,20.0,0.702161447872726,0.5333333333333333,3.5187451098099407,0.36888888888888893,0.5,2.0,6.666666666666667,0.6500224216483541,0.8333333333333334,1.5691925832141966,0.7222222222222223,0.0,1.0,3.3333333333333335,0.0,1.0,1.0,1.0,0.0,1.0,3.3333333333333335,0.0,1.0,1.0,1.0,0.0,30,16.867412524586125,28.969031508502294,23.667386787062497,2.59191951352179,0.24303395298534253,1.0583485218412858,1.0,1.0,1.0,1.0,0.20817406340173636,1.0536862533586904,1.0,1.0,1.0,1.0,1000,0,0,0,0,0,30,0,0,0,0,30,30,30,core
2zb1_2zb1_conf0,generation,nextmol_dmt_l_raw,fixed,,nextmol_dmt_l_raw_fixed,NextMol DMT-L,nextmol_dmt_l_raw_fixed,5,26,1000,0.7,1000,1000,0,1.0,1000,1000,0,1.0,"{""all_atoms_connected"":0,""bond_angles"":0,""bond_lengths"":0,""bonds"":0,""double_bond_stereochemistry"":0,""energy_ratio"":0,""file_loads"":0,""inchi_convertible"":0,""internal_steric_clash"":0,""molecular_formula"":0,""no_radicals"":0,""planar_aromatic_rings"":0,""planar_double_bonds"":0,""reference_file_loads"":0,""sanitisation"":0,""tetrahedral_chirality"":0}","{""all_atoms_connected"":0.0,""bond_angles"":0.0,""bond_lengths"":0.0,""bonds"":0.0,""double_bond_stereochemistry"":0.0,""energy_ratio"":0.0,""file_loads"":0.0,""inchi_convertible"":0.0,""internal_steric_clash"":0.0,""molecular_formula"":0.0,""no_radicals"":0.0,""planar_aromatic_rings"":0.0,""planar_double_bonds"":0.0,""reference_file_loads"":0.0,""sanitisation"":0.0,""tetrahedral_chirality"":0.0}",1000,116.5886521405354,1.2592615349348106,1.7064391693293046,71.0,7.1,0.9601158079523101,0.033,59.899390764162014,0.018316000000000006,0.056338028169014086,9.0,0.9,0.972993487723254,0.186,8.481482051977414,0.12411400000000002,0.0,1.0,0.1,0.0,1.0,1.0,1.0,0.0,1.0,0.1,0.0,1.0,1.0,1.0,0.0,1000,67.58963257944887,75.07680372172965,70.09487192105796,0.9859484797002565,0.30703379196429365,1.2591860959600976,0.0,1.0,1.0,1.0,0.3184593856620197,1.2799896669647237,0.0,1.0,1.0,1.0,1000,0,0,0,0,0,1000,0,0,0,0,1000,1000,1000,core
2zb1_2zb1_conf0,generation,nextmol_dmt_l_raw,dynamic,,nextmol_dmt_l_raw_dynamic,NextMol DMT-L,nextmol_dmt_l_raw_dynamic,5,26,90,0.7,90,90,0,1.0,90,90,0,1.0,"{""all_atoms_connected"":0,""bond_angles"":0,""bond_lengths"":0,""bonds"":0,""double_bond_stereochemistry"":0,""energy_ratio"":0,""file_loads"":0,""inchi_convertible"":0,""internal_steric_clash"":0,""molecular_formula"":0,""no_radicals"":0,""planar_aromatic_rings"":0,""planar_double_bonds"":0,""reference_file_loads"":0,""sanitisation"":0,""tetrahedral_chirality"":0}","{""all_atoms_connected"":0.0,""bond_angles"":0.0,""bond_lengths"":0.0,""bonds"":0.0,""double_bond_stereochemistry"":0.0,""energy_ratio"":0.0,""file_loads"":0.0,""inchi_convertible"":0.0,""internal_steric_clash"":0.0,""molecular_formula"":0.0,""no_radicals"":0.0,""planar_aromatic_rings"":0.0,""planar_double_bonds"":0.0,""reference_file_loads"":0.0,""sanitisation"":0.0,""tetrahedral_chirality"":0.0}",90,116.2591830505522,1.283870440106748,1.746136424053848,42.0,46.666666666666664,0.9656084170546941,0.06666666666666667,36.93373066201587,0.03061728395061729,0.30952380952380953,7.0,7.777777777777778,0.9806539351788685,0.2,6.74137860746604,0.1530864197530864,0.0,1.0,1.1111111111111112,0.0,1.0,1.0,1.0,0.0,1.0,1.1111111111111112,0.0,1.0,1.0,1.0,0.0,90,68.49683670853256,73.89857590138573,69.83910731425914,1.0015347347722077,0.42719331871315,1.3281678744209207,0.0,1.0,1.0,1.0,0.45908553257523527,1.37251335921242,0.0,1.0,1.0,1.0,1000,0,0,0,0,0,90,0,0,0,0,90,90,90,core
2zb1_2zb1_conf0,generation,nextmol_dmt_l_raw,chembl_count,,nextmol_dmt_l_raw_chembl_count,NextMol DMT-L,nextmol_dmt_l_raw_chembl_count,5,26,200,0.7,200,200,0,1.0,200,200,0,1.0,"{""all_atoms_connected"":0,""bond_angles"":0,""bond_lengths"":0,""bonds"":0,""double_bond_stereochemistry"":0,""energy_ratio"":0,""file_loads"":0,""inchi_convertible"":0,""internal_steric_clash"":0,""molecular_formula"":0,""no_radicals"":0,""planar_aromatic_rings"":0,""planar_double_bonds"":0,""reference_file_loads"":0,""sanitisation"":0,""tetrahedral_chirality"":0}","{""all_atoms_connected"":0.0,""bond_angles"":0.0,""bond_lengths"":0.0,""bonds"":0.0,""double_bond_stereochemistry"":0.0,""energy_ratio"":0.0,""file_loads"":0.0,""inchi_convertible"":0.0,""internal_steric_clash"":0.0,""molecular_formula"":0.0,""no_radicals"":0.0,""planar_aromatic_rings"":0.0,""planar_double_bonds"":0.0,""reference_file_loads"":0.0,""sanitisation"":0.0,""tetrahedral_chirality"":0.0}",200,115.14147972765389,1.3012256754993932,1.7692130446057606,51.0,25.5,0.9601251567950504,0.05,43.599457259907105,0.02585,0.11764705882352941,8.0,4.0,0.9858606768149135,0.15,7.768209076113913,0.1314,0.0,1.0,0.5,0.0,1.0,1.0,1.0,0.0,1.0,0.5,0.0,1.0,1.0,1.0,0.0,200,67.89679433905754,75.07680372172965,70.03991539975252,1.0471657072002025,0.3408453102546993,1.2228095830337582,0.0,1.0,1.0,1.0,0.3184593856620197,1.2749190837150217,0.0,1.0,1.0,1.0,1000,0,0,0,0,0,200,0,0,0,0,200,200,200,core
2zcq_2zcq_conf0,generation,nextmol_dmt_l_raw,fixed,,nextmol_dmt_l_raw_fixed,NextMol DMT-L,nextmol_dmt_l_raw_fixed,8,25,512,0.7,512,512,0,1.0,1000,512,488,0.512,"{""all_atoms_connected"":0,""bond_angles"":3,""bond_lengths"":2,""bonds"":0,""double_bond_stereochemistry"":0,""energy_ratio"":0,""file_loads"":0,""inchi_convertible"":0,""internal_steric_clash"":0,""molecular_formula"":0,""no_radicals"":0,""planar_aromatic_rings"":0,""planar_double_bonds"":0,""reference_file_loads"":0,""sanitisation"":0,""tetrahedral_chirality"":486}","{""all_atoms_connected"":0.0,""bond_angles"":0.003,""bond_lengths"":0.002,""bonds"":0.0,""double_bond_stereochemistry"":0.0,""energy_ratio"":0.0,""file_loads"":0.0,""inchi_convertible"":0.0,""internal_steric_clash"":0.0,""molecular_formula"":0.0,""no_radicals"":0.0,""planar_aromatic_rings"":0.0,""planar_double_bonds"":0.0,""reference_file_loads"":0.0,""sanitisation"":0.0,""tetrahedral_chirality"":0.486}",512,108.25332035900219,2.1753596527957813,2.9175138422039866,357.0,69.7265625,0.9702417527682137,0.015625,299.71279533517486,0.00428009033203125,0.7647058823529411,112.0,21.875,0.908380600305859,0.048828125,72.68920141409315,0.019317626953125,0.26785714285714285,6.0,1.171875,0.8047514082718618,0.322265625,4.228811380891015,0.259033203125,0.0,2.0,0.390625,0.9964308234404787,0.53515625,1.9950581861186973,0.502471923828125,0.0,512,222.645370630614,1806.5763722707834,236.52457855163607,69.75300462043735,0.7276147896893833,2.13683516183327,0.0,0.0,1.0,1.0,0.965611883672405,2.203847999050415,0.0,0.0,0.0,1.0,1000,0,0,0,0,0,1000,0,0,0,0,512,1000,1000,core
2zcq_2zcq_conf0,generation,nextmol_dmt_l_raw,dynamic,,nextmol_dmt_l_raw_dynamic,NextMol DMT-L,nextmol_dmt_l_raw_dynamic,8,25,86,0.7,86,86,0,1.0,156,86,70,0.5512820512820513,"{""all_atoms_connected"":0,""bond_angles"":1,""bond_lengths"":1,""bonds"":0,""double_bond_stereochemistry"":0,""energy_ratio"":0,""file_loads"":0,""inchi_convertible"":0,""internal_steric_clash"":0,""molecular_formula"":0,""no_radicals"":0,""planar_aromatic_rings"":0,""planar_double_bonds"":0,""reference_file_loads"":0,""sanitisation"":0,""tetrahedral_chirality"":69}","{""all_atoms_connected"":0.0,""bond_angles"":0.00641025641025641,""bond_lengths"":0.00641025641025641,""bonds"":0.0,""double_bond_stereochemistry"":0.0,""energy_ratio"":0.0,""file_loads"":0.0,""inchi_convertible"":0.0,""internal_steric_clash"":0.0,""molecular_formula"":0.0,""no_radicals"":0.0,""planar_aromatic_rings"":0.0,""planar_double_bonds"":0.0,""reference_file_loads"":0.0,""sanitisation"":0.0,""tetrahedral_chirality"":0.4423076923076923}",86,105.65268547751785,2.204184808492086,2.9248404369397862,79.0,91.86046511627907,0.9922134898462827,0.03488372093023256,76.35741171018934,0.013791238507301245,0.9240506329113924,49.0,56.97674418604651,0.9515255093929991,0.08139534883720931,40.575575285560575,0.030016224986479177,0.6326530612244898,6.0,6.976744186046512,0.9650625767906635,0.27906976744186046,5.6359178070119125,0.18793942671714442,0.0,2.0,2.3255813953488373,0.9937489109291138,0.5465116279069767,1.9913528976207524,0.5043266630611141,0.0,86,225.23488180456303,325.7626776724414,237.22460045397736,11.480329145340896,0.926482095497707,2.2171430238676253,0.0,0.0,0.0,1.0,1.225178489803066,2.132400012485409,0.0,0.0,0.0,1.0,1000,0,0,0,0,0,156,0,0,0,0,86,156,156,core
2zcq_2zcq_conf0,generation,nextmol_dmt_l_raw,chembl_count,,nextmol_dmt_l_raw_chembl_count,NextMol DMT-L,nextmol_dmt_l_raw_chembl_count,8,25,33,0.7,33,33,0,1.0,67,33,34,0.4925373134328358,"{""all_atoms_connected"":0,""bond_angles"":0,""bond_lengths"":0,""bonds"":0,""double_bond_stereochemistry"":0,""energy_ratio"":0,""file_loads"":0,""inchi_convertible"":0,""internal_steric_clash"":0,""molecular_formula"":0,""no_radicals"":0,""planar_aromatic_rings"":0,""planar_double_bonds"":0,""reference_file_loads"":0,""sanitisation"":0,""tetrahedral_chirality"":34}","{""all_atoms_connected"":0.0,""bond_angles"":0.0,""bond_lengths"":0.0,""bonds"":0.0,""double_bond_stereochemistry"":0.0,""energy_ratio"":0.0,""file_loads"":0.0,""inchi_convertible"":0.0,""internal_steric_clash"":0.0,""molecular_formula"":0.0,""no_radicals"":0.0,""planar_aromatic_rings"":0.0,""planar_double_bonds"":0.0,""reference_file_loads"":0.0,""sanitisation"":0.0,""tetrahedral_chirality"":0.5074626865671642}",33,105.80460789896705,2.183194359610539,3.0319492439497826,32.0,96.96969696969697,0.9967576117504786,0.06060606060606061,31.642420506168417,0.03213957759412305,0.96875,23.0,69.6969696969697,0.9519213247424863,0.15151515151515152,19.781433737119265,0.06152433425160697,0.7391304347826086,5.0,15.151515151515152,0.9397217134328888,0.3333333333333333,4.537715777527913,0.23783287419651053,0.0,2.0,6.0606060606060606,0.8453509366224364,0.7272727272727273,1.7967017416268891,0.6033057851239669,0.0,33,223.46200481620963,325.7626776724414,235.9490290030719,16.97260176514119,0.7276147896893833,2.0555579105998474,0.0,0.0,1.0,1.0,1.3741811945463673,2.1322723081544317,0.0,0.0,0.0,1.0,1000,0,0,0,0,0,67,0,0,0,0,33,67,67,core
2zcr_2zcr_conf0,generation,nextmol_dmt_l_raw,fixed,,nextmol_dmt_l_raw_fixed,NextMol DMT-L,nextmol_dmt_l_raw_fixed,10,28,479,0.7,479,479,0,1.0,1000,479,521,0.479,"{""all_atoms_connected"":0,""bond_angles"":5,""bond_lengths"":4,""bonds"":0,""double_bond_stereochemistry"":0,""energy_ratio"":0,""file_loads"":0,""inchi_convertible"":0,""internal_steric_clash"":0,""molecular_formula"":0,""no_radicals"":0,""planar_aromatic_rings"":0,""planar_double_bonds"":0,""reference_file_loads"":0,""sanitisation"":0,""tetrahedral_chirality"":518}","{""all_atoms_connected"":0.0,""bond_angles"":0.005,""bond_lengths"":0.004,""bonds"":0.0,""double_bond_stereochemistry"":0.0,""energy_ratio"":0.0,""file_loads"":0.0,""inchi_convertible"":0.0,""internal_steric_clash"":0.0,""molecular_formula"":0.0,""no_radicals"":0.0,""planar_aromatic_rings"":0.0,""planar_double_bonds"":0.0,""reference_file_loads"":0.0,""sanitisation"":0.0,""tetrahedral_chirality"":0.518}",479,109.05003964713184,1.8749165136216748,2.5488308462505,346.0,72.23382045929019,0.9746300930209054,0.018789144050104383,298.30461642355857,0.004153573249767914,0.7716763005780347,86.0,17.954070981210855,0.9161944238389241,0.054279749478079335,59.20749595107748,0.02221486133690142,0.18604651162790697,4.0,0.8350730688935282,0.698086677701483,0.6033402922755741,2.632025297345884,0.4524169612231466,0.0,1.0,0.20876826722338204,0.0,1.0,1.0,1.0,0.0,479,221.12574213433518,269.3717042671519,235.9885599363503,7.340978976074152,0.6443565592451796,1.7434538453617257,0.0,0.0,1.0,1.0,3.9350136731246566,4.238912041126172,0.0,0.0,0.0,0.0,1000,0,0,0,0,0,1000,0,0,0,0,479,1000,1000,core
2zcr_2zcr_conf0,generation,nextmol_dmt_l_raw,dynamic,,nextmol_dmt_l_raw_dynamic,NextMol DMT-L,nextmol_dmt_l_raw_dynamic,10,28,106,0.7,106,106,0,1.0,200,106,94,0.53,"{""all_atoms_connected"":0,""bond_angles"":1,""bond_lengths"":0,""bonds"":0,""double_bond_stereochemistry"":0,""energy_ratio"":0,""file_loads"":0,""inchi_convertible"":0,""internal_steric_clash"":0,""molecular_formula"":0,""no_radicals"":0,""planar_aromatic_rings"":0,""planar_double_bonds"":0,""reference_file_loads"":0,""sanitisation"":0,""tetrahedral_chirality"":94}","{""all_atoms_connected"":0.0,""bond_angles"":0.005,""bond_lengths"":0.0,""bonds"":0.0,""double_bond_stereochemistry"":0.0,""energy_ratio"":0.0,""file_loads"":0.0,""inchi_convertible"":0.0,""internal_steric_clash"":0.0,""molecular_formula"":0.0,""no_radicals"":0.0,""planar_aromatic_rings"":0.0,""planar_double_bonds"":0.0,""reference_file_loads"":0.0,""sanitisation"":0.0,""tetrahedral_chirality"":0.47}",106,108.10728002223927,1.7674005870697105,2.4263278172849936,90.0,84.90566037735849,0.9887642228888953,0.02830188679245283,85.56281733336583,0.012459950160199358,0.8333333333333334,46.0,43.39622641509434,0.9277449603187249,0.10377358490566038,34.8831100889644,0.03755784976860091,0.5,4.0,3.7735849056603774,0.7434882563282363,0.6415094339622641,2.803009264278001,0.4579921680313278,0.0,1.0,0.9433962264150944,0.0,1.0,1.0,1.0,0.0,106,224.74897128785716,260.869038545153,236.48186172346038,6.804475823599017,0.6720827355058225,1.6558929304589287,0.0,0.0,1.0,1.0,3.9858974693353413,4.213336710979199,0.0,0.0,0.0,0.0,1000,0,0,0,0,0,200,0,0,0,0,106,200,200,core
2zcr_2zcr_conf0,generation,nextmol_dmt_l_raw,chembl_count,,nextmol_dmt_l_raw_chembl_count,NextMol DMT-L,nextmol_dmt_l_raw_chembl_count,10,28,26,0.7,26,26,0,1.0,60,26,34,0.4333333333333333,"{""all_atoms_connected"":0,""bond_angles"":1,""bond_lengths"":0,""bonds"":0,""double_bond_stereochemistry"":0,""energy_ratio"":0,""file_loads"":0,""inchi_convertible"":0,""internal_steric_clash"":0,""molecular_formula"":0,""no_radicals"":0,""planar_aromatic_rings"":0,""planar_double_bonds"":0,""reference_file_loads"":0,""sanitisation"":0,""tetrahedral_chirality"":34}","{""all_atoms_connected"":0.0,""bond_angles"":0.016666666666666666,""bond_lengths"":0.0,""bonds"":0.0,""double_bond_stereochemistry"":0.0,""energy_ratio"":0.0,""file_loads"":0.0,""inchi_convertible"":0.0,""internal_steric_clash"":0.0,""molecular_formula"":0.0,""no_radicals"":0.0,""planar_aromatic_rings"":0.0,""planar_double_bonds"":0.0,""reference_file_loads"":0.0,""sanitisation"":0.0,""tetrahedral_chirality"":0.5666666666666667}",26,106.93011127607927,1.696994998529722,2.3588532895524863,25.0,96.15384615384616,0.995620116617415,0.07692307692307693,24.650015372818466,0.04142011834319527,0.96,16.0,61.53846153846154,0.9225650977420962,0.23076923076923078,12.908597800645703,0.10059171597633138,0.6875,3.0,11.538461538461538,0.6975637594191427,0.7307692307692307,2.1519020344266613,0.5710059171597632,0.0,1.0,3.8461538461538463,0.0,1.0,1.0,1.0,0.0,26,226.59484644960594,256.02654518253075,233.94051849218954,6.519992820563333,1.1723882610084595,1.6405369714452003,0.0,0.0,0.0,1.0,4.034567719342556,4.212500239992771,0.0,0.0,0.0,0.0,1000,0,0,0,0,0,60,0,0,0,0,26,60,60,core
2zy1_2zy1_conf0,generation,nextmol_dmt_l_raw,fixed,,nextmol_dmt_l_raw_fixed,NextMol DMT-L,nextmol_dmt_l_raw_fixed,8,24,1000,0.7,1000,1000,0,1.0,1000,1000,0,1.0,"{""all_atoms_connected"":0,""bond_angles"":0,""bond_lengths"":0,""bonds"":0,""double_bond_stereochemistry"":0,""energy_ratio"":0,""file_loads"":0,""inchi_convertible"":0,""internal_steric_clash"":0,""molecular_formula"":0,""no_radicals"":0,""planar_aromatic_rings"":0,""planar_double_bonds"":0,""reference_file_loads"":0,""sanitisation"":0,""tetrahedral_chirality"":0}","{""all_atoms_connected"":0.0,""bond_angles"":0.0,""bond_lengths"":0.0,""bonds"":0.0,""double_bond_stereochemistry"":0.0,""energy_ratio"":0.0,""file_loads"":0.0,""inchi_convertible"":0.0,""internal_steric_clash"":0.0,""molecular_formula"":0.0,""no_radicals"":0.0,""planar_aromatic_rings"":0.0,""planar_double_bonds"":0.0,""reference_file_loads"":0.0,""sanitisation"":0.0,""tetrahedral_chirality"":0.0}",1000,101.14152024178458,2.174616323729292,3.087945453062658,323.0,32.3,0.9201816368418517,0.041,203.6676649173827,0.007798,0.4674922600619195,88.0,8.8,0.8743610828911834,0.074,50.13949724099797,0.028347999999999998,0.1590909090909091,7.0,0.7,0.7622141531473483,0.473,4.407026752788698,0.30182600000000004,0.0,2.0,0.2,0.9521953766259578,0.628,1.9348146632929935,0.532768,0.0,1000,25.350243336462114,70.00575334511511,35.73837745292389,6.685691838061598,1.1436684646717015,3.119562218759489,0.0,0.0,0.0,1.0,1.0573004244570092,3.121728417006291,0.0,0.0,0.0,1.0,1000,0,0,0,0,0,1000,0,0,0,0,1000,1000,1000,core
2zy1_2zy1_conf0,generation,nextmol_dmt_l_raw,dynamic,,nextmol_dmt_l_raw_dynamic,NextMol DMT-L,nextmol_dmt_l_raw_dynamic,8,24,156,0.7,156,156,0,1.0,156,156,0,1.0,"{""all_atoms_connected"":0,""bond_angles"":0,""bond_lengths"":0,""bonds"":0,""double_bond_stereochemistry"":0,""energy_ratio"":0,""file_loads"":0,""inchi_convertible"":0,""internal_steric_clash"":0,""molecular_formula"":0,""no_radicals"":0,""planar_aromatic_rings"":0,""planar_double_bonds"":0,""reference_file_loads"":0,""sanitisation"":0,""tetrahedral_chirality"":0}","{""all_atoms_connected"":0.0,""bond_angles"":0.0,""bond_lengths"":0.0,""bonds"":0.0,""double_bond_stereochemistry"":0.0,""energy_ratio"":0.0,""file_loads"":0.0,""inchi_convertible"":0.0,""internal_steric_clash"":0.0,""molecular_formula"":0.0,""no_radicals"":0.0,""planar_aromatic_rings"":0.0,""planar_double_bonds"":0.0,""reference_file_loads"":0.0,""sanitisation"":0.0,""tetrahedral_chirality"":0.0}",156,100.63434912639183,2.204993578610718,3.145037617187214,103.0,66.02564102564102,0.9655882923298531,0.038461538461538464,87.81567795923556,0.01397107166337936,0.6893203883495146,45.0,28.846153846153847,0.9156192409846708,0.07051282051282051,32.637222110595,0.03846153846153847,0.35555555555555557,6.0,3.8461538461538463,0.8803793703781625,0.3141025641025641,4.842485264726346,0.23446745562130178,0.0,2.0,1.2820512820512822,0.9798687566511527,0.5833333333333334,1.9722859800819112,0.513888888888889,0.0,156,25.350243336462114,58.22436728768501,35.48621150967094,6.579434468007524,1.1950518412946962,3.011405364434138,0.0,0.0,0.0,1.0,1.0797528356313701,3.0187627577589753,0.0,0.0,0.0,1.0,1000,0,0,0,0,0,156,0,0,0,0,156,156,156,core
2zy1_2zy1_conf0,generation,nextmol_dmt_l_raw,chembl_count,,nextmol_dmt_l_raw_chembl_count,NextMol DMT-L,nextmol_dmt_l_raw_chembl_count,8,24,94,0.7,94,94,0,1.0,94,94,0,1.0,"{""all_atoms_connected"":0,""bond_angles"":0,""bond_lengths"":0,""bonds"":0,""double_bond_stereochemistry"":0,""energy_ratio"":0,""file_loads"":0,""inchi_convertible"":0,""internal_steric_clash"":0,""molecular_formula"":0,""no_radicals"":0,""planar_aromatic_rings"":0,""planar_double_bonds"":0,""reference_file_loads"":0,""sanitisation"":0,""tetrahedral_chirality"":0}","{""all_atoms_connected"":0.0,""bond_angles"":0.0,""bond_lengths"":0.0,""bonds"":0.0,""double_bond_stereochemistry"":0.0,""energy_ratio"":0.0,""file_loads"":0.0,""inchi_convertible"":0.0,""internal_steric_clash"":0.0,""molecular_formula"":0.0,""no_radicals"":0.0,""planar_aromatic_rings"":0.0,""planar_double_bonds"":0.0,""reference_file_loads"":0.0,""sanitisation"":0.0,""tetrahedral_chirality"":0.0}",94,101.28604042142578,2.1500691435853434,3.041540804689477,71.0,75.53191489361703,0.9690022790756491,0.05319148936170213,62.21191344081101,0.019465821638750564,0.8028169014084507,33.0,35.1063829787234,0.9250169959570989,0.10638297872340426,25.389327812010166,0.04979628791308284,0.30303030303030304,5.0,5.319148936170213,0.7047996844068652,0.5851063829787234,3.109093898439134,0.40651878678134906,0.2,2.0,2.127659574468085,0.9524521973646326,0.6276595744680851,1.9351591191532642,0.5325939339067451,0.0,94,25.350243336462114,62.00379099130403,35.47277238398253,6.184330314433323,1.315835979116585,3.1563845914386963,0.0,0.0,0.0,1.0,1.3210738762966863,3.157622193978433,0.0,0.0,0.0,1.0,1000,0,0,0,0,0,94,0,0,0,0,94,94,94,core
3aru_3aru_conf0,generation,nextmol_dmt_l_raw,fixed,,nextmol_dmt_l_raw_fixed,NextMol DMT-L,nextmol_dmt_l_raw_fixed,5,20,1000,0.7,1000,1000,0,1.0,1000,1000,0,1.0,"{""all_atoms_connected"":0,""bond_angles"":0,""bond_lengths"":0,""bonds"":0,""double_bond_stereochemistry"":0,""energy_ratio"":0,""file_loads"":0,""inchi_convertible"":0,""internal_steric_clash"":0,""molecular_formula"":0,""no_radicals"":0,""planar_aromatic_rings"":0,""planar_double_bonds"":0,""reference_file_loads"":0,""sanitisation"":0,""tetrahedral_chirality"":0}","{""all_atoms_connected"":0.0,""bond_angles"":0.0,""bond_lengths"":0.0,""bonds"":0.0,""double_bond_stereochemistry"":0.0,""energy_ratio"":0.0,""file_loads"":0.0,""inchi_convertible"":0.0,""internal_steric_clash"":0.0,""molecular_formula"":0.0,""no_radicals"":0.0,""planar_aromatic_rings"":0.0,""planar_double_bonds"":0.0,""reference_file_loads"":0.0,""sanitisation"":0.0,""tetrahedral_chirality"":0.0}",1000,111.73952415646536,1.6899927545957116,2.432465189952228,161.0,16.1,0.9375294744857637,0.024,117.20990227250655,0.010378,0.21739130434782608,18.0,1.8,0.9605282546880133,0.113,16.059229644252728,0.067428,0.0,3.0,0.3,0.9689559241516599,0.459,2.899408890780525,0.3571660000000001,0.0,1.0,0.1,0.0,1.0,1.0,1.0,0.0,1000,-114.63165979501886,-99.89368162376974,-110.0663666523002,2.523484793348176,0.36120837560760954,1.5857390743864248,0.0,1.0,1.0,1.0,0.2466063799165145,1.573840855721922,1.0,1.0,1.0,1.0,1000,0,0,0,0,0,1000,0,0,0,0,1000,1000,1000,core
3aru_3aru_conf0,generation,nextmol_dmt_l_raw,dynamic,,nextmol_dmt_l_raw_dynamic,NextMol DMT-L,nextmol_dmt_l_raw_dynamic,5,20,90,0.7,90,90,0,1.0,90,90,0,1.0,"{""all_atoms_connected"":0,""bond_angles"":0,""bond_lengths"":0,""bonds"":0,""double_bond_stereochemistry"":0,""energy_ratio"":0,""file_loads"":0,""inchi_convertible"":0,""internal_steric_clash"":0,""molecular_formula"":0,""no_radicals"":0,""planar_aromatic_rings"":0,""planar_double_bonds"":0,""reference_file_loads"":0,""sanitisation"":0,""tetrahedral_chirality"":0}","{""all_atoms_connected"":0.0,""bond_angles"":0.0,""bond_lengths"":0.0,""bonds"":0.0,""double_bond_stereochemistry"":0.0,""energy_ratio"":0.0,""file_loads"":0.0,""inchi_convertible"":0.0,""internal_steric_clash"":0.0,""molecular_formula"":0.0,""no_radicals"":0.0,""planar_aromatic_rings"":0.0,""planar_double_bonds"":0.0,""reference_file_loads"":0.0,""sanitisation"":0.0,""tetrahedral_chirality"":0.0}",90,111.56228060111053,1.6655744272279736,2.4103933609948816,60.0,66.66666666666667,0.9751181782211794,0.05555555555555555,54.18855970019303,0.020740740740740744,0.6,14.0,15.555555555555555,0.9482388565490026,0.12222222222222222,12.2124595428968,0.08839506172839505,0.07142857142857142,2.0,2.2222222222222223,0.9770802227727781,0.5888888888888889,1.9684775005558242,0.5158024691358025,0.0,1.0,1.1111111111111112,0.0,1.0,1.0,1.0,0.0,90,-114.63165979501886,-103.4914196645752,-110.42597507982444,2.4939924074350337,0.36120837560760954,1.4998943732753804,0.0,1.0,1.0,1.0,0.2466063799165145,1.4751613453826513,1.0,1.0,1.0,1.0,1000,0,0,0,0,0,90,0,0,0,0,90,90,90,core
3aru_3aru_conf0,generation,nextmol_dmt_l_raw,chembl_count,,nextmol_dmt_l_raw_chembl_count,NextMol DMT-L,nextmol_dmt_l_raw_chembl_count,5,20,124,0.7,124,124,0,1.0,124,124,0,1.0,"{""all_atoms_connected"":0,""bond_angles"":0,""bond_lengths"":0,""bonds"":0,""double_bond_stereochemistry"":0,""energy_ratio"":0,""file_loads"":0,""inchi_convertible"":0,""internal_steric_clash"":0,""molecular_formula"":0,""no_radicals"":0,""planar_aromatic_rings"":0,""planar_double_bonds"":0,""reference_file_loads"":0,""sanitisation"":0,""tetrahedral_chirality"":0}","{""all_atoms_connected"":0.0,""bond_angles"":0.0,""bond_lengths"":0.0,""bonds"":0.0,""double_bond_stereochemistry"":0.0,""energy_ratio"":0.0,""file_loads"":0.0,""inchi_convertible"":0.0,""internal_steric_clash"":0.0,""molecular_formula"":0.0,""no_radicals"":0.0,""planar_aromatic_rings"":0.0,""planar_double_bonds"":0.0,""reference_file_loads"":0.0,""sanitisation"":0.0,""tetrahedral_chirality"":0.0}",124,109.52645408234628,1.6832397581536986,2.4403186457785147,70.0,56.45161290322581,0.9641675251220051,0.04032258064516129,60.11510511672839,0.01925078043704474,0.5571428571428572,14.0,11.290322580645162,0.9326209253808149,0.1935483870967742,11.719335550270628,0.09833506763787721,0.07142857142857142,3.0,2.4193548387096775,0.9717904016449085,0.45161290322580644,2.9084516986162163,0.3548387096774193,0.0,1.0,0.8064516129032258,0.0,1.0,1.0,1.0,0.0,124,-113.45144488752618,-102.1031790831404,-109.99616105834107,2.4470670722073873,0.36120837560760954,1.6457926199294441,0.0,1.0,1.0,1.0,0.2466063799165145,1.6087649704241647,1.0,1.0,1.0,1.0,1000,0,0,0,0,0,124,0,0,0,0,124,124,124,core
3ary_3ary_conf0,generation,nextmol_dmt_l_raw,fixed,,nextmol_dmt_l_raw_fixed,NextMol DMT-L,nextmol_dmt_l_raw_fixed,2,17,1000,0.7,1000,1000,0,1.0,1000,1000,0,1.0,"{""all_atoms_connected"":0,""bond_angles"":0,""bond_lengths"":0,""bonds"":0,""double_bond_stereochemistry"":0,""energy_ratio"":0,""file_loads"":0,""inchi_convertible"":0,""internal_steric_clash"":0,""molecular_formula"":0,""no_radicals"":0,""planar_aromatic_rings"":0,""planar_double_bonds"":0,""reference_file_loads"":0,""sanitisation"":0,""tetrahedral_chirality"":0}","{""all_atoms_connected"":0.0,""bond_angles"":0.0,""bond_lengths"":0.0,""bonds"":0.0,""double_bond_stereochemistry"":0.0,""energy_ratio"":0.0,""file_loads"":0.0,""inchi_convertible"":0.0,""internal_steric_clash"":0.0,""molecular_formula"":0.0,""no_radicals"":0.0,""planar_aromatic_rings"":0.0,""planar_double_bonds"":0.0,""reference_file_loads"":0.0,""sanitisation"":0.0,""tetrahedral_chirality"":0.0}",1000,117.18231645916978,0.5819617556357747,0.9841646226389942,5.0,0.5,0.6267391524841657,0.56,2.742027891970715,0.40909,0.2,2.0,0.2,0.9885173903891564,0.563,1.9841449031998637,0.507938,0.0,1.0,0.1,0.0,1.0,1.0,1.0,0.0,1.0,0.1,0.0,1.0,1.0,1.0,0.0,1000,55.07808779795724,163.69546918533788,83.43671867740485,13.683437656616537,0.5194574366512962,0.8707086052862798,0.0,0.0,1.0,1.0,0.2621787098478502,0.6082819034505937,0.0,1.0,1.0,1.0,1000,0,0,0,0,0,1000,0,0,0,0,1000,1000,1000,core
3ary_3ary_conf0,generation,nextmol_dmt_l_raw,dynamic,,nextmol_dmt_l_raw_dynamic,NextMol DMT-L,nextmol_dmt_l_raw_dynamic,2,17,24,0.7,24,24,0,1.0,24,24,0,1.0,"{""all_atoms_connected"":0,""bond_angles"":0,""bond_lengths"":0,""bonds"":0,""double_bond_stereochemistry"":0,""energy_ratio"":0,""file_loads"":0,""inchi_convertible"":0,""internal_steric_clash"":0,""molecular_formula"":0,""no_radicals"":0,""planar_aromatic_rings"":0,""planar_double_bonds"":0,""reference_file_loads"":0,""sanitisation"":0,""tetrahedral_chirality"":0}","{""all_atoms_connected"":0.0,""bond_angles"":0.0,""bond_lengths"":0.0,""bonds"":0.0,""double_bond_stereochemistry"":0.0,""energy_ratio"":0.0,""file_loads"":0.0,""inchi_convertible"":0.0,""internal_steric_clash"":0.0,""molecular_formula"":0.0,""no_radicals"":0.0,""planar_aromatic_rings"":0.0,""planar_double_bonds"":0.0,""reference_file_loads"":0.0,""sanitisation"":0.0,""tetrahedral_chirality"":0.0}",24,101.11046234544119,0.4918218833738655,0.9828099100751166,2.0,8.333333333333334,0.8112781244591328,0.75,1.7547653506033232,0.625,0.0,1.0,4.166666666666667,0.0,1.0,1.0,1.0,0.0,1.0,4.166666666666667,0.0,1.0,1.0,1.0,0.0,1.0,4.166666666666667,0.0,1.0,1.0,1.0,0.0,24,67.25971500816273,118.0145045089948,82.31716850673395,15.636288066545518,0.5774903046963613,0.8418986651396477,0.0,0.0,1.0,1.0,0.30587944263176753,0.5684246651945818,0.0,1.0,1.0,1.0,1000,0,0,0,0,0,24,0,0,0,0,24,24,24,core
3ary_3ary_conf0,generation,nextmol_dmt_l_raw,chembl_count,,nextmol_dmt_l_raw_chembl_count,NextMol DMT-L,nextmol_dmt_l_raw_chembl_count,2,17,3,0.7,3,3,0,1.0,3,3,0,1.0,"{""all_atoms_connected"":0,""bond_angles"":0,""bond_lengths"":0,""bonds"":0,""double_bond_stereochemistry"":0,""energy_ratio"":0,""file_loads"":0,""inchi_convertible"":0,""internal_steric_clash"":0,""molecular_formula"":0,""no_radicals"":0,""planar_aromatic_rings"":0,""planar_double_bonds"":0,""reference_file_loads"":0,""sanitisation"":0,""tetrahedral_chirality"":0}","{""all_atoms_connected"":0.0,""bond_angles"":0.0,""bond_lengths"":0.0,""bonds"":0.0,""double_bond_stereochemistry"":0.0,""energy_ratio"":0.0,""file_loads"":0.0,""inchi_convertible"":0.0,""internal_steric_clash"":0.0,""molecular_formula"":0.0,""no_radicals"":0.0,""planar_aromatic_rings"":0.0,""planar_double_bonds"":0.0,""reference_file_loads"":0.0,""sanitisation"":0.0,""tetrahedral_chirality"":0.0}",3,43.05257425774301,0.6524979230236304,0.9397213457101272,2.0,66.66666666666667,0.9182958340544894,0.6666666666666666,1.8898815748423097,0.5555555555555556,0.5,1.0,33.333333333333336,0.0,1.0,1.0,1.0,0.0,1.0,33.333333333333336,0.0,1.0,1.0,1.0,0.0,1.0,33.333333333333336,0.0,1.0,1.0,1.0,0.0,3,62.922287761674376,75.55849873380005,69.61555296600785,5.16174207486118,0.8484818760562894,1.2740171249361207,0.0,0.0,0.0,1.0,0.5722715145668067,1.1049360248976636,0.0,0.0,1.0,1.0,1000,0,0,0,0,0,3,0,0,0,0,3,3,3,core
3b27_3b27_conf0,generation,nextmol_dmt_l_raw,fixed,,nextmol_dmt_l_raw_fixed,NextMol DMT-L,nextmol_dmt_l_raw_fixed,3,16,1000,0.7,1000,1000,0,1.0,1000,1000,0,1.0,"{""all_atoms_connected"":0,""bond_angles"":0,""bond_lengths"":0,""bonds"":0,""double_bond_stereochemistry"":0,""energy_ratio"":0,""file_loads"":0,""inchi_convertible"":0,""internal_steric_clash"":0,""molecular_formula"":0,""no_radicals"":0,""planar_aromatic_rings"":0,""planar_double_bonds"":0,""reference_file_loads"":0,""sanitisation"":0,""tetrahedral_chirality"":0}","{""all_atoms_connected"":0.0,""bond_angles"":0.0,""bond_lengths"":0.0,""bonds"":0.0,""double_bond_stereochemistry"":0.0,""energy_ratio"":0.0,""file_loads"":0.0,""inchi_convertible"":0.0,""internal_steric_clash"":0.0,""molecular_formula"":0.0,""no_radicals"":0.0,""planar_aromatic_rings"":0.0,""planar_double_bonds"":0.0,""reference_file_loads"":0.0,""sanitisation"":0.0,""tetrahedral_chirality"":0.0}",1000,115.67170695982662,1.1880378583852582,1.8951330254950065,12.0,1.2,0.8915879974788992,0.133,9.16610960511272,0.11698600000000002,0.0,4.0,0.4,0.9581933941547078,0.366,3.7747648870264037,0.27884,0.0,1.0,0.1,0.0,1.0,1.0,1.0,0.0,1.0,0.1,0.0,1.0,1.0,1.0,0.0,1000,-155.26666702122372,186.6708431160573,-151.00099961473455,10.926745409927467,0.21838157251537507,1.2002969541782456,1.0,1.0,1.0,1.0,0.22814549395831973,1.2267188015447326,1.0,1.0,1.0,1.0,1000,0,0,0,0,0,1000,0,0,0,0,1000,1000,1000,core
3b27_3b27_conf0,generation,nextmol_dmt_l_raw,dynamic,,nextmol_dmt_l_raw_dynamic,NextMol DMT-L,nextmol_dmt_l_raw_dynamic,3,16,46,0.7,46,46,0,1.0,46,46,0,1.0,"{""all_atoms_connected"":0,""bond_angles"":0,""bond_lengths"":0,""bonds"":0,""double_bond_stereochemistry"":0,""energy_ratio"":0,""file_loads"":0,""inchi_convertible"":0,""internal_steric_clash"":0,""molecular_formula"":0,""no_radicals"":0,""planar_aromatic_rings"":0,""planar_double_bonds"":0,""reference_file_loads"":0,""sanitisation"":0,""tetrahedral_chirality"":0}","{""all_atoms_connected"":0.0,""bond_angles"":0.0,""bond_lengths"":0.0,""bonds"":0.0,""double_bond_stereochemistry"":0.0,""energy_ratio"":0.0,""file_loads"":0.0,""inchi_convertible"":0.0,""internal_steric_clash"":0.0,""molecular_formula"":0.0,""no_radicals"":0.0,""planar_aromatic_rings"":0.0,""planar_double_bonds"":0.0,""reference_file_loads"":0.0,""sanitisation"":0.0,""tetrahedral_chirality"":0.0}",46,111.69504214454943,1.1971635324046905,1.8986802575890138,9.0,19.565217391304348,0.9151131816231693,0.21739130434782608,7.468612012944126,0.14744801512287334,0.2222222222222222,4.0,8.695652173913043,0.9012347362682692,0.391304347826087,3.4881678706225556,0.30718336483931946,0.0,1.0,2.1739130434782608,0.0,1.0,1.0,1.0,0.0,1.0,2.1739130434782608,0.0,1.0,1.0,1.0,0.0,46,-154.92727054228612,-147.18619192940074,-152.15434143272296,2.205069422720127,0.3846219983210986,1.1811781309738492,0.0,1.0,1.0,1.0,0.3944474901412417,1.1879535412672253,0.0,1.0,1.0,1.0,1000,0,0,0,0,0,46,0,0,0,0,46,46,46,core
3b27_3b27_conf0,generation,nextmol_dmt_l_raw,chembl_count,,nextmol_dmt_l_raw_chembl_count,NextMol DMT-L,nextmol_dmt_l_raw_chembl_count,3,16,9,0.7,9,9,0,1.0,9,9,0,1.0,"{""all_atoms_connected"":0,""bond_angles"":0,""bond_lengths"":0,""bonds"":0,""double_bond_stereochemistry"":0,""energy_ratio"":0,""file_loads"":0,""inchi_convertible"":0,""internal_steric_clash"":0,""molecular_formula"":0,""no_radicals"":0,""planar_aromatic_rings"":0,""planar_double_bonds"":0,""reference_file_loads"":0,""sanitisation"":0,""tetrahedral_chirality"":0}","{""all_atoms_connected"":0.0,""bond_angles"":0.0,""bond_lengths"":0.0,""bonds"":0.0,""double_bond_stereochemistry"":0.0,""energy_ratio"":0.0,""file_loads"":0.0,""inchi_convertible"":0.0,""internal_steric_clash"":0.0,""molecular_formula"":0.0,""no_radicals"":0.0,""planar_aromatic_rings"":0.0,""planar_double_bonds"":0.0,""reference_file_loads"":0.0,""sanitisation"":0.0,""tetrahedral_chirality"":0.0}",9,122.81427611166473,1.2029942608935449,1.8696889458314643,6.0,66.66666666666667,0.9683925140412225,0.2222222222222222,5.66964472452693,0.18518518518518517,0.5,3.0,33.333333333333336,0.965633607142825,0.4444444444444444,2.8888455168024434,0.35802469135802467,0.0,1.0,11.11111111111111,0.0,1.0,1.0,1.0,0.0,1.0,11.11111111111111,0.0,1.0,1.0,1.0,0.0,9,-154.10627257826752,-147.2156017744798,-150.46537948640207,2.3946148046637483,0.4354177014054116,1.1978888622986708,0.0,1.0,1.0,1.0,0.4454189498014639,1.2251000394266114,0.0,1.0,1.0,1.0,1000,0,0,0,0,0,9,0,0,0,0,9,9,9,core
3b5r_3b5r_conf0,generation,nextmol_dmt_l_raw,fixed,,nextmol_dmt_l_raw_fixed,NextMol DMT-L,nextmol_dmt_l_raw_fixed,6,28,496,0.7,496,496,0,1.0,1000,496,504,0.496,"{""all_atoms_connected"":0,""bond_angles"":0,""bond_lengths"":0,""bonds"":0,""double_bond_stereochemistry"":0,""energy_ratio"":0,""file_loads"":0,""inchi_convertible"":0,""internal_steric_clash"":0,""molecular_formula"":0,""no_radicals"":0,""planar_aromatic_rings"":0,""planar_double_bonds"":0,""reference_file_loads"":0,""sanitisation"":0,""tetrahedral_chirality"":504}","{""all_atoms_connected"":0.0,""bond_angles"":0.0,""bond_lengths"":0.0,""bonds"":0.0,""double_bond_stereochemistry"":0.0,""energy_ratio"":0.0,""file_loads"":0.0,""inchi_convertible"":0.0,""internal_steric_clash"":0.0,""molecular_formula"":0.0,""no_radicals"":0.0,""planar_aromatic_rings"":0.0,""planar_double_bonds"":0.0,""reference_file_loads"":0.0,""sanitisation"":0.0,""tetrahedral_chirality"":0.504}",496,117.22461770542915,2.4674875199811663,3.7468037400443546,192.0,38.70967741935484,0.9334386803684459,0.02620967741935484,135.30744264260724,0.010064386056191466,0.4895833333333333,81.0,16.330645161290324,0.9252689416217271,0.04838709677419355,58.32596239649769,0.022226196670135274,0.09876543209876543,8.0,1.6129032258064515,0.9810262780370886,0.1935483870967742,7.690507652975297,0.13529201352757544,0.0,2.0,0.4032258064516129,0.8890349038123858,0.6935483870967742,1.851936849308204,0.5749219562955256,0.0,496,82.14859544155291,454.47078987015396,91.16164033214488,17.278683432640378,0.40013760229978984,2.315031667265391,0.0,1.0,1.0,1.0,0.3972877361921654,2.3194045983606557,0.0,1.0,1.0,1.0,1000,0,0,0,0,0,1000,0,0,0,0,496,1000,1000,core
3b5r_3b5r_conf0,generation,nextmol_dmt_l_raw,dynamic,,nextmol_dmt_l_raw_dynamic,NextMol DMT-L,nextmol_dmt_l_raw_dynamic,6,28,57,0.7,57,57,0,1.0,112,57,55,0.5089285714285714,"{""all_atoms_connected"":0,""bond_angles"":0,""bond_lengths"":0,""bonds"":0,""double_bond_stereochemistry"":0,""energy_ratio"":0,""file_loads"":0,""inchi_convertible"":0,""internal_steric_clash"":0,""molecular_formula"":0,""no_radicals"":0,""planar_aromatic_rings"":0,""planar_double_bonds"":0,""reference_file_loads"":0,""sanitisation"":0,""tetrahedral_chirality"":55}","{""all_atoms_connected"":0.0,""bond_angles"":0.0,""bond_lengths"":0.0,""bonds"":0.0,""double_bond_stereochemistry"":0.0,""energy_ratio"":0.0,""file_loads"":0.0,""inchi_convertible"":0.0,""internal_steric_clash"":0.0,""molecular_formula"":0.0,""no_radicals"":0.0,""planar_aromatic_rings"":0.0,""planar_double_bonds"":0.0,""reference_file_loads"":0.0,""sanitisation"":0.0,""tetrahedral_chirality"":0.49107142857142855}",57,117.14769632597852,2.4635889808434777,3.702825526672674,41.0,71.9298245614035,0.9683652948091771,0.07017543859649122,36.45557183436484,0.031702062172976296,0.7317073170731707,32.0,56.14035087719298,0.9464760521199639,0.08771929824561403,26.582046252006858,0.04524469067405355,0.59375,5.0,8.771929824561404,0.9580950436837875,0.2631578947368421,4.673903019727812,0.22499230532471529,0.0,2.0,3.508771929824561,0.8564052389131377,0.7192982456140351,1.8105214120878748,0.5961834410587874,0.0,57,83.81477584563795,114.51356356329316,90.97884640846202,6.905055129469049,1.29013277183062,2.3641038439461153,0.0,0.0,0.0,1.0,1.3114500283832526,2.380838264486311,0.0,0.0,0.0,1.0,1000,0,0,0,0,0,112,0,0,0,0,57,112,112,core
3b5r_3b5r_conf0,generation,nextmol_dmt_l_raw,chembl_count,,nextmol_dmt_l_raw_chembl_count,NextMol DMT-L,nextmol_dmt_l_raw_chembl_count,6,28,96,0.7,96,96,0,1.0,200,96,104,0.48,"{""all_atoms_connected"":0,""bond_angles"":0,""bond_lengths"":0,""bonds"":0,""double_bond_stereochemistry"":0,""energy_ratio"":0,""file_loads"":0,""inchi_convertible"":0,""internal_steric_clash"":0,""molecular_formula"":0,""no_radicals"":0,""planar_aromatic_rings"":0,""planar_double_bonds"":0,""reference_file_loads"":0,""sanitisation"":0,""tetrahedral_chirality"":104}","{""all_atoms_connected"":0.0,""bond_angles"":0.0,""bond_lengths"":0.0,""bonds"":0.0,""double_bond_stereochemistry"":0.0,""energy_ratio"":0.0,""file_loads"":0.0,""inchi_convertible"":0.0,""internal_steric_clash"":0.0,""molecular_formula"":0.0,""no_radicals"":0.0,""planar_aromatic_rings"":0.0,""planar_double_bonds"":0.0,""reference_file_loads"":0.0,""sanitisation"":0.0,""tetrahedral_chirality"":0.52}",96,118.29090443061017,2.4346987012835926,3.6111434086236684,69.0,71.875,0.970079107584327,0.041666666666666664,60.78957189620431,0.01909722222222222,0.7681159420289855,48.0,50.0,0.9449357622722407,0.0625,38.7851048828678,0.03125,0.5625,6.0,6.25,0.9626329460983254,0.22916666666666666,5.611436214938082,0.1859809027777778,0.0,2.0,2.0833333333333335,0.8960382325345574,0.6875,1.8609486313308101,0.5703125,0.0,96,83.81477584563795,105.3259392922883,90.88892618015916,5.511225083134116,0.40013760229978984,2.2627993371929565,0.0,1.0,1.0,1.0,0.4010200151671446,2.2528140981715143,0.0,1.0,1.0,1.0,1000,0,0,0,0,0,200,0,0,0,0,96,200,200,core
3b65_3b65_conf0,generation,nextmol_dmt_l_raw,fixed,,nextmol_dmt_l_raw_fixed,NextMol DMT-L,nextmol_dmt_l_raw_fixed,6,25,497,0.7,497,497,0,1.0,1000,497,503,0.497,"{""all_atoms_connected"":0,""bond_angles"":0,""bond_lengths"":0,""bonds"":0,""double_bond_stereochemistry"":0,""energy_ratio"":0,""file_loads"":0,""inchi_convertible"":0,""internal_steric_clash"":0,""molecular_formula"":0,""no_radicals"":0,""planar_aromatic_rings"":0,""planar_double_bonds"":0,""reference_file_loads"":0,""sanitisation"":0,""tetrahedral_chirality"":503}","{""all_atoms_connected"":0.0,""bond_angles"":0.0,""bond_lengths"":0.0,""bonds"":0.0,""double_bond_stereochemistry"":0.0,""energy_ratio"":0.0,""file_loads"":0.0,""inchi_convertible"":0.0,""internal_steric_clash"":0.0,""molecular_formula"":0.0,""no_radicals"":0.0,""planar_aromatic_rings"":0.0,""planar_double_bonds"":0.0,""reference_file_loads"":0.0,""sanitisation"":0.0,""tetrahedral_chirality"":0.503}",497,117.63432348053412,2.267949187472645,3.710312704102521,130.0,26.156941649899398,0.8931639260206168,0.060362173038229376,77.28548629461123,0.01937176378188649,0.4461538461538462,50.0,10.060362173038229,0.9197666975237067,0.06639839034205232,36.53053478602651,0.033557481711192716,0.08,4.0,0.8048289738430584,0.9882573640157042,0.32796780684104626,3.93541213098589,0.25856142893578776,0.0,2.0,0.4024144869215292,0.8760643678555243,0.704225352112676,1.8353616500210728,0.583415988891093,0.0,497,92.44053796516025,229.52995939724724,100.03904725371387,8.268522230364917,0.19076201310907726,1.8923426193588493,1.0,1.0,1.0,1.0,0.38825295415840083,1.8911716837003747,0.0,1.0,1.0,1.0,1000,0,0,0,0,0,1000,0,0,0,0,497,1000,1000,core
3b65_3b65_conf0,generation,nextmol_dmt_l_raw,dynamic,,nextmol_dmt_l_raw_dynamic,NextMol DMT-L,nextmol_dmt_l_raw_dynamic,6,25,40,0.7,40,40,0,1.0,112,40,72,0.3571428571428571,"{""all_atoms_connected"":0,""bond_angles"":0,""bond_lengths"":0,""bonds"":0,""double_bond_stereochemistry"":0,""energy_ratio"":0,""file_loads"":0,""inchi_convertible"":0,""internal_steric_clash"":0,""molecular_formula"":0,""no_radicals"":0,""planar_aromatic_rings"":0,""planar_double_bonds"":0,""reference_file_loads"":0,""sanitisation"":0,""tetrahedral_chirality"":72}","{""all_atoms_connected"":0.0,""bond_angles"":0.0,""bond_lengths"":0.0,""bonds"":0.0,""double_bond_stereochemistry"":0.0,""energy_ratio"":0.0,""file_loads"":0.0,""inchi_convertible"":0.0,""internal_steric_clash"":0.0,""molecular_formula"":0.0,""no_radicals"":0.0,""planar_aromatic_rings"":0.0,""planar_double_bonds"":0.0,""reference_file_loads"":0.0,""sanitisation"":0.0,""tetrahedral_chirality"":0.6428571428571429}",40,116.47494823611414,2.123706558175389,3.224810164268024,30.0,75.0,0.9788390048133193,0.075,27.91668839150288,0.03875000000000001,0.7,20.0,50.0,0.9434602028526341,0.15,16.883793182045558,0.07,0.45,3.0,7.5,0.8523087921390384,0.525,2.550672150284318,0.42625,0.0,2.0,5.0,0.2863969571159562,0.95,1.2195906179141718,0.9049999999999999,0.0,40,92.59003707764937,229.52995939724724,98.11043489862757,21.002323798456374,0.5931688642219031,1.7134928953600366,0.0,0.0,1.0,1.0,0.7496195662775779,1.7068419541875273,0.0,0.0,1.0,1.0,1000,0,0,0,0,0,112,0,0,0,0,40,112,112,core
3b65_3b65_conf0,generation,nextmol_dmt_l_raw,chembl_count,,nextmol_dmt_l_raw_chembl_count,NextMol DMT-L,nextmol_dmt_l_raw_chembl_count,6,25,94,0.7,94,94,0,1.0,200,94,106,0.47,"{""all_atoms_connected"":0,""bond_angles"":0,""bond_lengths"":0,""bonds"":0,""double_bond_stereochemistry"":0,""energy_ratio"":0,""file_loads"":0,""inchi_convertible"":0,""internal_steric_clash"":0,""molecular_formula"":0,""no_radicals"":0,""planar_aromatic_rings"":0,""planar_double_bonds"":0,""reference_file_loads"":0,""sanitisation"":0,""tetrahedral_chirality"":106}","{""all_atoms_connected"":0.0,""bond_angles"":0.0,""bond_lengths"":0.0,""bonds"":0.0,""double_bond_stereochemistry"":0.0,""energy_ratio"":0.0,""file_loads"":0.0,""inchi_convertible"":0.0,""internal_steric_clash"":0.0,""molecular_formula"":0.0,""no_radicals"":0.0,""planar_aromatic_rings"":0.0,""planar_double_bonds"":0.0,""reference_file_loads"":0.0,""sanitisation"":0.0,""tetrahedral_chirality"":0.53}",94,116.69374859420621,2.306052356485322,3.8452753304046814,54.0,57.4468085106383,0.9524512838914316,0.06382978723404255,44.6704842794112,0.027161611588954276,0.6296296296296297,34.0,36.170212765957444,0.9494768019807364,0.07446808510638298,28.45140412668282,0.04051607062019013,0.29411764705882354,4.0,4.25531914893617,0.9214004873135123,0.32978723404255317,3.5870577559919843,0.2937980986871887,0.0,2.0,2.127659574468085,0.8356038276131503,0.7340425531914894,1.78460381314326,0.6095518334087822,0.0,94,92.44053796516025,118.1810996637466,100.14607601153986,6.193798637569018,0.19076201310907726,1.8993023347605194,1.0,1.0,1.0,1.0,0.38825295415840083,1.9209303578424297,0.0,1.0,1.0,1.0,1000,0,0,0,0,0,200,0,0,0,0,94,200,200,core
3bgz_3bgz_conf0,generation,nextmol_dmt_l_raw,fixed,,nextmol_dmt_l_raw_fixed,NextMol DMT-L,nextmol_dmt_l_raw_fixed,3,24,1000,0.7,1000,1000,0,1.0,1000,1000,0,1.0,"{""all_atoms_connected"":0,""bond_angles"":0,""bond_lengths"":0,""bonds"":0,""double_bond_stereochemistry"":0,""energy_ratio"":0,""file_loads"":0,""inchi_convertible"":0,""internal_steric_clash"":0,""molecular_formula"":0,""no_radicals"":0,""planar_aromatic_rings"":0,""planar_double_bonds"":0,""reference_file_loads"":0,""sanitisation"":0,""tetrahedral_chirality"":0}","{""all_atoms_connected"":0.0,""bond_angles"":0.0,""bond_lengths"":0.0,""bonds"":0.0,""double_bond_stereochemistry"":0.0,""energy_ratio"":0.0,""file_loads"":0.0,""inchi_convertible"":0.0,""internal_steric_clash"":0.0,""molecular_formula"":0.0,""no_radicals"":0.0,""planar_aromatic_rings"":0.0,""planar_double_bonds"":0.0,""reference_file_loads"":0.0,""sanitisation"":0.0,""tetrahedral_chirality"":0.0}",1000,104.85680910953268,0.4696540645272325,0.8585317469639355,5.0,0.5,0.566492041644328,0.473,2.488633510606252,0.44716799999999995,0.2,1.0,0.1,0.0,1.0,1.0,1.0,0.0,1.0,0.1,0.0,1.0,1.0,1.0,0.0,1.0,0.1,0.0,1.0,1.0,1.0,0.0,1000,77.31206295688949,91.19005665980174,79.66372932026246,1.5726913133185514,0.1441673977336873,0.5075827025741719,1.0,1.0,1.0,1.0,0.2043330922345071,0.5417490525686255,1.0,1.0,1.0,1.0,1000,0,0,0,0,0,1000,0,0,0,0,1000,1000,1000,core
3bgz_3bgz_conf0,generation,nextmol_dmt_l_raw,dynamic,,nextmol_dmt_l_raw_dynamic,NextMol DMT-L,nextmol_dmt_l_raw_dynamic,3,24,46,0.7,46,46,0,1.0,46,46,0,1.0,"{""all_atoms_connected"":0,""bond_angles"":0,""bond_lengths"":0,""bonds"":0,""double_bond_stereochemistry"":0,""energy_ratio"":0,""file_loads"":0,""inchi_convertible"":0,""internal_steric_clash"":0,""molecular_formula"":0,""no_radicals"":0,""planar_aromatic_rings"":0,""planar_double_bonds"":0,""reference_file_loads"":0,""sanitisation"":0,""tetrahedral_chirality"":0}","{""all_atoms_connected"":0.0,""bond_angles"":0.0,""bond_lengths"":0.0,""bonds"":0.0,""double_bond_stereochemistry"":0.0,""energy_ratio"":0.0,""file_loads"":0.0,""inchi_convertible"":0.0,""internal_steric_clash"":0.0,""molecular_formula"":0.0,""no_radicals"":0.0,""planar_aromatic_rings"":0.0,""planar_double_bonds"":0.0,""reference_file_loads"":0.0,""sanitisation"":0.0,""tetrahedral_chirality"":0.0}",46,100.79448242245297,0.4564040870792989,0.8613996459505976,3.0,6.521739130434782,0.7070374839214415,0.5434782608695652,2.1744158818110955,0.4848771266540643,0.3333333333333333,1.0,2.1739130434782608,0.0,1.0,1.0,1.0,0.0,1.0,2.1739130434782608,0.0,1.0,1.0,1.0,0.0,1.0,2.1739130434782608,0.0,1.0,1.0,1.0,0.0,46,77.90135772068409,82.79735014011374,79.54672020018383,1.1415342496091538,0.15084328096911526,0.49153952441283777,1.0,1.0,1.0,1.0,0.21202355784603463,0.5290180626477743,1.0,1.0,1.0,1.0,1000,0,0,0,0,0,46,0,0,0,0,46,46,46,core
3bgz_3bgz_conf0,generation,nextmol_dmt_l_raw,chembl_count,,nextmol_dmt_l_raw_chembl_count,NextMol DMT-L,nextmol_dmt_l_raw_chembl_count,3,24,10,0.7,10,10,0,1.0,10,10,0,1.0,"{""all_atoms_connected"":0,""bond_angles"":0,""bond_lengths"":0,""bonds"":0,""double_bond_stereochemistry"":0,""energy_ratio"":0,""file_loads"":0,""inchi_convertible"":0,""internal_steric_clash"":0,""molecular_formula"":0,""no_radicals"":0,""planar_aromatic_rings"":0,""planar_double_bonds"":0,""reference_file_loads"":0,""sanitisation"":0,""tetrahedral_chirality"":0}","{""all_atoms_connected"":0.0,""bond_angles"":0.0,""bond_lengths"":0.0,""bonds"":0.0,""double_bond_stereochemistry"":0.0,""energy_ratio"":0.0,""file_loads"":0.0,""inchi_convertible"":0.0,""internal_steric_clash"":0.0,""molecular_formula"":0.0,""no_radicals"":0.0,""planar_aromatic_rings"":0.0,""planar_double_bonds"":0.0,""reference_file_loads"":0.0,""sanitisation"":0.0,""tetrahedral_chirality"":0.0}",10,110.36634757181865,0.46948537648908395,0.855352826141907,4.0,40.0,0.7854752972273344,0.6,2.971004096610006,0.42000000000000004,0.5,1.0,10.0,0.0,1.0,1.0,1.0,0.0,1.0,10.0,0.0,1.0,1.0,1.0,0.0,1.0,10.0,0.0,1.0,1.0,1.0,0.0,10,79.02262259900176,91.19005665980174,80.58346304541253,3.3523960246482747,0.1600635069587987,0.3322785757381055,1.0,1.0,1.0,1.0,0.21405510269818218,0.38050595558632877,1.0,1.0,1.0,1.0,1000,0,0,0,0,0,10,0,0,0,0,10,10,10,core
3cj4_3cj4_conf0,generation,nextmol_dmt_l_raw,fixed,,nextmol_dmt_l_raw_fixed,NextMol DMT-L,nextmol_dmt_l_raw_fixed,5,25,827,0.7,827,827,0,1.0,1000,827,173,0.827,"{""all_atoms_connected"":0,""bond_angles"":0,""bond_lengths"":0,""bonds"":0,""double_bond_stereochemistry"":0,""energy_ratio"":0,""file_loads"":0,""inchi_convertible"":0,""internal_steric_clash"":0,""molecular_formula"":0,""no_radicals"":0,""planar_aromatic_rings"":0,""planar_double_bonds"":0,""reference_file_loads"":0,""sanitisation"":0,""tetrahedral_chirality"":173}","{""all_atoms_connected"":0.0,""bond_angles"":0.0,""bond_lengths"":0.0,""bonds"":0.0,""double_bond_stereochemistry"":0.0,""energy_ratio"":0.0,""file_loads"":0.0,""inchi_convertible"":0.0,""internal_steric_clash"":0.0,""molecular_formula"":0.0,""no_radicals"":0.0,""planar_aromatic_rings"":0.0,""planar_double_bonds"":0.0,""reference_file_loads"":0.0,""sanitisation"":0.0,""tetrahedral_chirality"":0.173}",827,86.2769392748607,1.469504771333549,2.251441386353165,117.0,14.147521160822249,0.8247870327167011,0.08343409915356712,50.794054430371894,0.03382953493710605,0.358974358974359,17.0,2.0556227327690446,0.6659928515729576,0.3857315598548972,6.598879316752208,0.2172023704214911,0.23529411764705882,4.0,0.4836759371221282,0.7158999521447743,0.46795646916565903,2.697830864980267,0.4093919105638158,0.0,1.0,0.12091898428053205,0.0,1.0,1.0,1.0,0.0,827,-1.6660403664419405,80.66779492185063,8.3674488466791,8.263918989347001,0.949805390663103,1.8926419763680071,0.0,0.0,0.0,1.0,1.0376349539187317,1.8481768971417043,0.0,0.0,0.0,1.0,1000,0,0,0,0,0,1000,0,0,0,0,827,1000,1000,core
3cj4_3cj4_conf0,generation,nextmol_dmt_l_raw,dynamic,,nextmol_dmt_l_raw_dynamic,NextMol DMT-L,nextmol_dmt_l_raw_dynamic,5,25,75,0.7,75,75,0,1.0,90,75,15,0.8333333333333334,"{""all_atoms_connected"":0,""bond_angles"":0,""bond_lengths"":0,""bonds"":0,""double_bond_stereochemistry"":0,""energy_ratio"":0,""file_loads"":0,""inchi_convertible"":0,""internal_steric_clash"":0,""molecular_formula"":0,""no_radicals"":0,""planar_aromatic_rings"":0,""planar_double_bonds"":0,""reference_file_loads"":0,""sanitisation"":0,""tetrahedral_chirality"":15}","{""all_atoms_connected"":0.0,""bond_angles"":0.0,""bond_lengths"":0.0,""bonds"":0.0,""double_bond_stereochemistry"":0.0,""energy_ratio"":0.0,""file_loads"":0.0,""inchi_convertible"":0.0,""internal_steric_clash"":0.0,""molecular_formula"":0.0,""no_radicals"":0.0,""planar_aromatic_rings"":0.0,""planar_double_bonds"":0.0,""reference_file_loads"":0.0,""sanitisation"":0.0,""tetrahedral_chirality"":0.16666666666666666}",75,85.60812218509197,1.5114414040269801,2.287378653894298,43.0,57.333333333333336,0.9372015878751598,0.08,33.95386599590725,0.037866666666666667,0.6744186046511628,8.0,10.666666666666666,0.8348843003693392,0.32,5.675127878013839,0.21635555555555555,0.0,3.0,4.0,0.5397994650160315,0.8133333333333334,1.8094633790969203,0.6821333333333334,0.0,1.0,1.3333333333333333,0.0,1.0,1.0,1.0,0.0,75,-0.4158549123604338,54.99586181103542,9.626293079847354,7.3714563229992205,1.156606196222983,2.1496050800365794,0.0,0.0,0.0,1.0,1.070746244916319,1.9406237459092146,0.0,0.0,0.0,1.0,1000,0,0,0,0,0,90,0,0,0,0,75,90,90,core
3cj4_3cj4_conf0,generation,nextmol_dmt_l_raw,chembl_count,,nextmol_dmt_l_raw_chembl_count,NextMol DMT-L,nextmol_dmt_l_raw_chembl_count,5,25,171,0.7,171,171,0,1.0,199,171,28,0.8592964824120602,"{""all_atoms_connected"":0,""bond_angles"":0,""bond_lengths"":0,""bonds"":0,""double_bond_stereochemistry"":0,""energy_ratio"":0,""file_loads"":0,""inchi_convertible"":0,""internal_steric_clash"":0,""molecular_formula"":0,""no_radicals"":0,""planar_aromatic_rings"":0,""planar_double_bonds"":0,""reference_file_loads"":0,""sanitisation"":0,""tetrahedral_chirality"":28}","{""all_atoms_connected"":0.0,""bond_angles"":0.0,""bond_lengths"":0.0,""bonds"":0.0,""double_bond_stereochemistry"":0.0,""energy_ratio"":0.0,""file_loads"":0.0,""inchi_convertible"":0.0,""internal_steric_clash"":0.0,""molecular_formula"":0.0,""no_radicals"":0.0,""planar_aromatic_rings"":0.0,""planar_double_bonds"":0.0,""reference_file_loads"":0.0,""sanitisation"":0.0,""tetrahedral_chirality"":0.1407035175879397}",171,86.28614745914344,1.4309550023878004,2.162023375424122,57.0,33.333333333333336,0.8734862799091576,0.1286549707602339,34.17689433217695,0.04845935501521836,0.49122807017543857,14.0,8.187134502923977,0.6481335933541598,0.38596491228070173,5.531514844454779,0.2682876782599774,0.2857142857142857,3.0,1.7543859649122806,0.8169898936231543,0.6081871345029239,2.453597063126334,0.46308265791183606,0.0,1.0,0.5847953216374269,0.0,1.0,1.0,1.0,0.0,171,-1.3020003025399731,72.8799421137708,7.631249142550251,9.234700547119434,0.9597786281760162,1.8732811057020462,0.0,0.0,0.0,1.0,1.077930355293591,1.8317473270225233,0.0,0.0,0.0,1.0,1000,0,0,0,0,0,199,0,0,0,0,171,199,199,core
3dd0_3dd0_conf0,generation,nextmol_dmt_l_raw,fixed,,nextmol_dmt_l_raw_fixed,NextMol DMT-L,nextmol_dmt_l_raw_fixed,4,16,1000,0.7,1000,1000,0,1.0,1000,1000,0,1.0,"{""all_atoms_connected"":0,""bond_angles"":0,""bond_lengths"":0,""bonds"":0,""double_bond_stereochemistry"":0,""energy_ratio"":0,""file_loads"":0,""inchi_convertible"":0,""internal_steric_clash"":0,""molecular_formula"":0,""no_radicals"":0,""planar_aromatic_rings"":0,""planar_double_bonds"":0,""reference_file_loads"":0,""sanitisation"":0,""tetrahedral_chirality"":0}","{""all_atoms_connected"":0.0,""bond_angles"":0.0,""bond_lengths"":0.0,""bonds"":0.0,""double_bond_stereochemistry"":0.0,""energy_ratio"":0.0,""file_loads"":0.0,""inchi_convertible"":0.0,""internal_steric_clash"":0.0,""molecular_formula"":0.0,""no_radicals"":0.0,""planar_aromatic_rings"":0.0,""planar_double_bonds"":0.0,""reference_file_loads"":0.0,""sanitisation"":0.0,""tetrahedral_chirality"":0.0}",1000,115.04293196053695,0.8270487448504961,1.159336639577632,29.0,2.9,0.8938741971706531,0.129,20.286159523877572,0.061776000000000005,0.0,4.0,0.4,0.8001943640090451,0.585,3.032250049785917,0.40592599999999995,0.0,1.0,0.1,0.0,1.0,1.0,1.0,0.0,1.0,0.1,0.0,1.0,1.0,1.0,0.0,1000,5.209034466973309,28.142867740188787,12.180737338721375,3.6922394150725752,0.13700573484254316,0.9047428121328951,1.0,1.0,1.0,1.0,0.25398290424547376,0.9747537341506445,0.0,1.0,1.0,1.0,1000,0,0,0,0,0,1000,0,0,0,0,1000,1000,1000,core
3dd0_3dd0_conf0,generation,nextmol_dmt_l_raw,dynamic,,nextmol_dmt_l_raw_dynamic,NextMol DMT-L,nextmol_dmt_l_raw_dynamic,4,16,68,0.7,68,68,0,1.0,68,68,0,1.0,"{""all_atoms_connected"":0,""bond_angles"":0,""bond_lengths"":0,""bonds"":0,""double_bond_stereochemistry"":0,""energy_ratio"":0,""file_loads"":0,""inchi_convertible"":0,""internal_steric_clash"":0,""molecular_formula"":0,""no_radicals"":0,""planar_aromatic_rings"":0,""planar_double_bonds"":0,""reference_file_loads"":0,""sanitisation"":0,""tetrahedral_chirality"":0}","{""all_atoms_connected"":0.0,""bond_angles"":0.0,""bond_lengths"":0.0,""bonds"":0.0,""double_bond_stereochemistry"":0.0,""energy_ratio"":0.0,""file_loads"":0.0,""inchi_convertible"":0.0,""internal_steric_clash"":0.0,""molecular_formula"":0.0,""no_radicals"":0.0,""planar_aromatic_rings"":0.0,""planar_double_bonds"":0.0,""reference_file_loads"":0.0,""sanitisation"":0.0,""tetrahedral_chirality"":0.0}",68,108.55389888491023,0.8024866386618127,1.1531984236641881,16.0,23.529411764705884,0.8972689624746042,0.23529411764705882,12.034262697562598,0.10769896193771626,0.1875,3.0,4.411764705882353,0.7151596632361686,0.7205882352941176,2.1939052926324445,0.5583910034602076,0.0,1.0,1.4705882352941178,0.0,1.0,1.0,1.0,0.0,1.0,1.4705882352941178,0.0,1.0,1.0,1.0,0.0,68,6.279634477597469,22.01337171722632,11.147871169718421,3.765424076487395,0.20311542694911397,0.8811072156660503,1.0,1.0,1.0,1.0,0.3376926023828525,0.9474713096159696,0.0,1.0,1.0,1.0,1000,0,0,0,0,0,68,0,0,0,0,68,68,68,core
3dd0_3dd0_conf0,generation,nextmol_dmt_l_raw,chembl_count,,nextmol_dmt_l_raw_chembl_count,NextMol DMT-L,nextmol_dmt_l_raw_chembl_count,4,16,51,0.7,51,51,0,1.0,51,51,0,1.0,"{""all_atoms_connected"":0,""bond_angles"":0,""bond_lengths"":0,""bonds"":0,""double_bond_stereochemistry"":0,""energy_ratio"":0,""file_loads"":0,""inchi_convertible"":0,""internal_steric_clash"":0,""molecular_formula"":0,""no_radicals"":0,""planar_aromatic_rings"":0,""planar_double_bonds"":0,""reference_file_loads"":0,""sanitisation"":0,""tetrahedral_chirality"":0}","{""all_atoms_connected"":0.0,""bond_angles"":0.0,""bond_lengths"":0.0,""bonds"":0.0,""double_bond_stereochemistry"":0.0,""energy_ratio"":0.0,""file_loads"":0.0,""inchi_convertible"":0.0,""internal_steric_clash"":0.0,""molecular_formula"":0.0,""no_radicals"":0.0,""planar_aromatic_rings"":0.0,""planar_double_bonds"":0.0,""reference_file_loads"":0.0,""sanitisation"":0.0,""tetrahedral_chirality"":0.0}",51,114.6353051176242,0.8713229277699721,1.165630133283003,15.0,29.41176470588235,0.9214644875420859,0.17647058823529413,12.126244743314622,0.09727028066128417,0.2,4.0,7.8431372549019605,0.8806262627715344,0.5098039215686274,3.3899230510663863,0.34332948865820834,0.0,1.0,1.9607843137254901,0.0,1.0,1.0,1.0,0.0,1.0,1.9607843137254901,0.0,1.0,1.0,1.0,0.0,51,6.070799711931045,18.280947053444113,13.165469521163832,3.3180849617341237,0.1498577398729556,0.9439604800422401,1.0,1.0,1.0,1.0,0.25725028935853356,0.9856485436653202,0.0,1.0,1.0,1.0,1000,0,0,0,0,0,51,0,0,0,0,51,51,51,core
3e92_3e92_conf0,generation,nextmol_dmt_l_raw,fixed,,nextmol_dmt_l_raw_fixed,NextMol DMT-L,nextmol_dmt_l_raw_fixed,4,26,1000,0.7,1000,1000,0,1.0,1000,1000,0,1.0,"{""all_atoms_connected"":0,""bond_angles"":0,""bond_lengths"":0,""bonds"":0,""double_bond_stereochemistry"":0,""energy_ratio"":0,""file_loads"":0,""inchi_convertible"":0,""internal_steric_clash"":0,""molecular_formula"":0,""no_radicals"":0,""planar_aromatic_rings"":0,""planar_double_bonds"":0,""reference_file_loads"":0,""sanitisation"":0,""tetrahedral_chirality"":0}","{""all_atoms_connected"":0.0,""bond_angles"":0.0,""bond_lengths"":0.0,""bonds"":0.0,""double_bond_stereochemistry"":0.0,""energy_ratio"":0.0,""file_loads"":0.0,""inchi_convertible"":0.0,""internal_steric_clash"":0.0,""molecular_formula"":0.0,""no_radicals"":0.0,""planar_aromatic_rings"":0.0,""planar_double_bonds"":0.0,""reference_file_loads"":0.0,""sanitisation"":0.0,""tetrahedral_chirality"":0.0}",1000,116.68965299828662,1.3123182592649454,1.8354334135597274,40.0,4.0,0.9169666943477011,0.092,29.44663372722377,0.040686,0.05,9.0,0.9,0.9451427842941862,0.152,7.978025539692808,0.128424,0.0,2.0,0.2,0.9938858724897722,0.546,1.9915419547253537,0.504232,0.0,1.0,0.1,0.0,1.0,1.0,1.0,0.0,1000,76.2246901348045,85.79108805950507,78.941838173075,2.0415332256805137,0.17840893126917615,1.400986639249468,1.0,1.0,1.0,1.0,0.17546010089912714,1.400183566866424,1.0,1.0,1.0,1.0,1000,0,0,0,0,0,1000,0,0,0,0,1000,1000,1000,core
3e92_3e92_conf0,generation,nextmol_dmt_l_raw,dynamic,,nextmol_dmt_l_raw_dynamic,NextMol DMT-L,nextmol_dmt_l_raw_dynamic,4,26,68,0.7,68,68,0,1.0,68,68,0,1.0,"{""all_atoms_connected"":0,""bond_angles"":0,""bond_lengths"":0,""bonds"":0,""double_bond_stereochemistry"":0,""energy_ratio"":0,""file_loads"":0,""inchi_convertible"":0,""internal_steric_clash"":0,""molecular_formula"":0,""no_radicals"":0,""planar_aromatic_rings"":0,""planar_double_bonds"":0,""reference_file_loads"":0,""sanitisation"":0,""tetrahedral_chirality"":0}","{""all_atoms_connected"":0.0,""bond_angles"":0.0,""bond_lengths"":0.0,""bonds"":0.0,""double_bond_stereochemistry"":0.0,""energy_ratio"":0.0,""file_loads"":0.0,""inchi_convertible"":0.0,""internal_steric_clash"":0.0,""molecular_formula"":0.0,""no_radicals"":0.0,""planar_aromatic_rings"":0.0,""planar_double_bonds"":0.0,""reference_file_loads"":0.0,""sanitisation"":0.0,""tetrahedral_chirality"":0.0}",68,113.34668902442857,1.3264317025539458,1.8352589218896083,20.0,29.41176470588235,0.9293832427736605,0.1323529411764706,16.18659409867122,0.0726643598615917,0.25,6.0,8.823529411764707,0.9893852785306014,0.22058823529411764,5.886964156967842,0.17301038062283736,0.0,1.0,1.4705882352941178,0.0,1.0,1.0,1.0,0.0,1.0,1.4705882352941178,0.0,1.0,1.0,1.0,0.0,68,76.66671841966188,83.63349073289749,78.8517236669019,1.7687454030243737,0.4161453628878231,1.4504662550027434,0.0,1.0,1.0,1.0,0.45353270460482753,1.42345092428244,0.0,1.0,1.0,1.0,1000,0,0,0,0,0,68,0,0,0,0,68,68,68,core
3e92_3e92_conf0,generation,nextmol_dmt_l_raw,chembl_count,,nextmol_dmt_l_raw_chembl_count,NextMol DMT-L,nextmol_dmt_l_raw_chembl_count,4,26,134,0.7,134,134,0,1.0,134,134,0,1.0,"{""all_atoms_connected"":0,""bond_angles"":0,""bond_lengths"":0,""bonds"":0,""double_bond_stereochemistry"":0,""energy_ratio"":0,""file_loads"":0,""inchi_convertible"":0,""internal_steric_clash"":0,""molecular_formula"":0,""no_radicals"":0,""planar_aromatic_rings"":0,""planar_double_bonds"":0,""reference_file_loads"":0,""sanitisation"":0,""tetrahedral_chirality"":0}","{""all_atoms_connected"":0.0,""bond_angles"":0.0,""bond_lengths"":0.0,""bonds"":0.0,""double_bond_stereochemistry"":0.0,""energy_ratio"":0.0,""file_loads"":0.0,""inchi_convertible"":0.0,""internal_steric_clash"":0.0,""molecular_formula"":0.0,""no_radicals"":0.0,""planar_aromatic_rings"":0.0,""planar_double_bonds"":0.0,""reference_file_loads"":0.0,""sanitisation"":0.0,""tetrahedral_chirality"":0.0}",134,116.33672665470198,1.32700089357118,1.8319814040057523,24.0,17.91044776119403,0.9264207241511192,0.12686567164179105,18.995743559820912,0.06215192693250167,0.125,7.0,5.223880597014926,0.9729647589771705,0.22388059701492538,6.641261956809787,0.1584985520160392,0.0,1.0,0.746268656716418,0.0,1.0,1.0,1.0,0.0,1.0,0.746268656716418,0.0,1.0,1.0,1.0,0.0,134,76.52018724576382,85.12890876788295,79.03753552609777,2.1355342503316477,0.36619083902984034,1.3919191567444071,0.0,1.0,1.0,1.0,0.40705123629062423,1.386843321065934,0.0,1.0,1.0,1.0,1000,0,0,0,0,0,134,0,0,0,0,134,134,134,core
3e93_3e93_conf0,generation,nextmol_dmt_l_raw,fixed,,nextmol_dmt_l_raw_fixed,NextMol DMT-L,nextmol_dmt_l_raw_fixed,5,37,280,0.7,280,104,176,0.37142857142857144,1000,280,720,0.28,"{""all_atoms_connected"":0,""bond_angles"":0,""bond_lengths"":0,""bonds"":0,""double_bond_stereochemistry"":0,""energy_ratio"":0,""file_loads"":0,""inchi_convertible"":0,""internal_steric_clash"":720,""molecular_formula"":0,""no_radicals"":0,""planar_aromatic_rings"":0,""planar_double_bonds"":0,""reference_file_loads"":0,""sanitisation"":0,""tetrahedral_chirality"":0}","{""all_atoms_connected"":0.0,""bond_angles"":0.0,""bond_lengths"":0.0,""bonds"":0.0,""double_bond_stereochemistry"":0.0,""energy_ratio"":0.0,""file_loads"":0.0,""inchi_convertible"":0.0,""internal_steric_clash"":0.72,""molecular_formula"":0.0,""no_radicals"":0.0,""planar_aromatic_rings"":0.0,""planar_double_bonds"":0.0,""reference_file_loads"":0.0,""sanitisation"":0.0,""tetrahedral_chirality"":0.0}",280,93.12226461423143,2.423994568949103,3.943519036319073,142.0,50.714285714285715,0.9307155531881165,0.07857142857142857,100.73218097572065,0.01635204081632653,0.5915492957746479,63.0,22.5,0.830299119241153,0.12857142857142856,31.1882404221381,0.05645408163265306,0.3968253968253968,11.0,3.9285714285714284,0.7862253314180766,0.3142857142857143,6.588238445421947,0.20750000000000002,0.0,3.0,1.0714285714285714,0.8117796380891316,0.6178571428571429,2.439592668171615,0.46885204081632653,0.0,280,136.5022758704747,406.69274212052426,150.9744757923233,16.379169474044044,1.3734599317080982,3.9772417363150163,0.0,0.0,0.0,1.0,1.3859165340824786,3.950289569423537,0.0,0.0,0.0,1.0,1000,0,0,0,0,0,1000,0,0,0,0,280,1000,1000,core
3e93_3e93_conf0,generation,nextmol_dmt_l_raw,dynamic,,nextmol_dmt_l_raw_dynamic,NextMol DMT-L,nextmol_dmt_l_raw_dynamic,5,37,23,0.7,23,9,14,0.391304347826087,90,23,67,0.2555555555555555,"{""all_atoms_connected"":0,""bond_angles"":0,""bond_lengths"":0,""bonds"":0,""double_bond_stereochemistry"":0,""energy_ratio"":0,""file_loads"":0,""inchi_convertible"":0,""internal_steric_clash"":67,""molecular_formula"":0,""no_radicals"":0,""planar_aromatic_rings"":0,""planar_double_bonds"":0,""reference_file_loads"":0,""sanitisation"":0,""tetrahedral_chirality"":0}","{""all_atoms_connected"":0.0,""bond_angles"":0.0,""bond_lengths"":0.0,""bonds"":0.0,""double_bond_stereochemistry"":0.0,""energy_ratio"":0.0,""file_loads"":0.0,""inchi_convertible"":0.0,""internal_steric_clash"":0.7444444444444445,""molecular_formula"":0.0,""no_radicals"":0.0,""planar_aromatic_rings"":0.0,""planar_double_bonds"":0.0,""reference_file_loads"":0.0,""sanitisation"":0.0,""tetrahedral_chirality"":0.0}",23,98.42010814407095,2.3357228812588593,3.3533449154717347,21.0,91.30434782608695,0.9902856496712356,0.08695652173913043,20.388007904465802,0.05103969754253307,0.9047619047619048,18.0,78.26086956521739,0.9726693286359419,0.13043478260869565,16.632788487014476,0.06616257088846882,0.7777777777777778,7.0,30.434782608695652,0.9065031522407018,0.34782608695652173,5.835580134952377,0.20226843100189032,0.14285714285714285,3.0,13.043478260869565,0.8539309314862878,0.6086956521739131,2.5552217615199795,0.448015122873346,0.0,23,137.72222025204508,159.66514755318687,150.26894213528612,5.829552045524573,1.7125197525016909,4.042263398456365,0.0,0.0,0.0,1.0,1.6663926445635266,4.021135725186116,0.0,0.0,0.0,1.0,1000,0,0,0,0,0,90,0,0,0,0,23,90,90,core
3e93_3e93_conf0,generation,nextmol_dmt_l_raw,chembl_count,,nextmol_dmt_l_raw_chembl_count,NextMol DMT-L,nextmol_dmt_l_raw_chembl_count,5,37,56,0.7,56,25,31,0.44642857142857145,200,56,144,0.28,"{""all_atoms_connected"":0,""bond_angles"":0,""bond_lengths"":0,""bonds"":0,""double_bond_stereochemistry"":0,""energy_ratio"":0,""file_loads"":0,""inchi_convertible"":0,""internal_steric_clash"":144,""molecular_formula"":0,""no_radicals"":0,""planar_aromatic_rings"":0,""planar_double_bonds"":0,""reference_file_loads"":0,""sanitisation"":0,""tetrahedral_chirality"":0}","{""all_atoms_connected"":0.0,""bond_angles"":0.0,""bond_lengths"":0.0,""bonds"":0.0,""double_bond_stereochemistry"":0.0,""energy_ratio"":0.0,""file_loads"":0.0,""inchi_convertible"":0.0,""internal_steric_clash"":0.72,""molecular_formula"":0.0,""no_radicals"":0.0,""planar_aromatic_rings"":0.0,""planar_double_bonds"":0.0,""reference_file_loads"":0.0,""sanitisation"":0.0,""tetrahedral_chirality"":0.0}",56,94.91004444686324,2.4659594913666716,4.007952394231727,47.0,83.92857142857143,0.9852117524430272,0.05357142857142857,44.39872113888461,0.024234693877551023,0.8297872340425532,30.0,53.57142857142857,0.9185984891970772,0.16071428571428573,22.744759705665373,0.06122448979591835,0.6,8.0,14.285714285714286,0.851087398288242,0.30357142857142855,5.8696000186837285,0.20663265306122447,0.0,3.0,5.357142857142857,0.7863082228414904,0.6607142857142857,2.3722713608379515,0.49808673469387754,0.0,56,136.69773867662573,167.29438080013384,149.63055824091697,5.972297582309794,1.4383335790096123,3.714231507388954,0.0,0.0,0.0,1.0,1.4383526679367007,3.698245561426617,0.0,0.0,0.0,1.0,1000,0,0,0,0,0,200,0,0,0,0,56,200,200,core
3ehy_3ehy_conf0,generation,nextmol_dmt_l_raw,fixed,,nextmol_dmt_l_raw_fixed,NextMol DMT-L,nextmol_dmt_l_raw_fixed,5,17,507,0.7,507,507,0,1.0,1000,507,493,0.507,"{""all_atoms_connected"":0,""bond_angles"":0,""bond_lengths"":0,""bonds"":0,""double_bond_stereochemistry"":0,""energy_ratio"":0,""file_loads"":0,""inchi_convertible"":0,""internal_steric_clash"":0,""molecular_formula"":0,""no_radicals"":0,""planar_aromatic_rings"":0,""planar_double_bonds"":0,""reference_file_loads"":0,""sanitisation"":0,""tetrahedral_chirality"":493}","{""all_atoms_connected"":0.0,""bond_angles"":0.0,""bond_lengths"":0.0,""bonds"":0.0,""double_bond_stereochemistry"":0.0,""energy_ratio"":0.0,""file_loads"":0.0,""inchi_convertible"":0.0,""internal_steric_clash"":0.0,""molecular_formula"":0.0,""no_radicals"":0.0,""planar_aromatic_rings"":0.0,""planar_double_bonds"":0.0,""reference_file_loads"":0.0,""sanitisation"":0.0,""tetrahedral_chirality"":0.493}",507,104.05710049819007,1.0463138472456621,1.582060549609156,49.0,9.664694280078896,0.8169577724193688,0.17357001972386588,24.0335997630116,0.07186567541597128,0.14285714285714285,9.0,1.7751479289940828,0.7587995699940544,0.42209072978303747,5.297595638234737,0.25491248750238277,0.0,1.0,0.19723865877712032,0.0,1.0,1.0,1.0,0.0,1.0,0.19723865877712032,0.0,1.0,1.0,1.0,0.0,507,25.09324106731965,116.12867271009799,33.004826238630265,8.55202913479506,0.4614860022058478,0.8589322362256345,0.0,1.0,1.0,1.0,0.4893004571798685,0.8627523207506862,0.0,1.0,1.0,1.0,1000,0,0,0,0,0,1000,0,0,0,0,507,1000,1000,core
3ehy_3ehy_conf0,generation,nextmol_dmt_l_raw,dynamic,,nextmol_dmt_l_raw_dynamic,NextMol DMT-L,nextmol_dmt_l_raw_dynamic,5,17,41,0.7,41,41,0,1.0,90,41,49,0.4555555555555555,"{""all_atoms_connected"":0,""bond_angles"":0,""bond_lengths"":0,""bonds"":0,""double_bond_stereochemistry"":0,""energy_ratio"":0,""file_loads"":0,""inchi_convertible"":0,""internal_steric_clash"":0,""molecular_formula"":0,""no_radicals"":0,""planar_aromatic_rings"":0,""planar_double_bonds"":0,""reference_file_loads"":0,""sanitisation"":0,""tetrahedral_chirality"":49}","{""all_atoms_connected"":0.0,""bond_angles"":0.0,""bond_lengths"":0.0,""bonds"":0.0,""double_bond_stereochemistry"":0.0,""energy_ratio"":0.0,""file_loads"":0.0,""inchi_convertible"":0.0,""internal_steric_clash"":0.0,""molecular_formula"":0.0,""no_radicals"":0.0,""planar_aromatic_rings"":0.0,""planar_double_bonds"":0.0,""reference_file_loads"":0.0,""sanitisation"":0.0,""tetrahedral_chirality"":0.5444444444444444}",41,99.74698548181603,0.9848080567371947,1.5847171001412967,14.0,34.146341463414636,0.8088946066123269,0.3170731707317073,8.454672443715632,0.17311124330755506,0.5714285714285714,6.0,14.634146341463415,0.8462213028120663,0.3902439024390244,4.554997730080538,0.2599643069601428,0.0,1.0,2.4390243902439024,0.0,1.0,1.0,1.0,0.0,1.0,2.4390243902439024,0.0,1.0,1.0,1.0,0.0,41,26.42904950691106,51.26466425271661,31.51635113266923,6.099606168384554,0.5312337676493142,0.8286896835666683,0.0,0.0,1.0,1.0,0.5577188400653995,0.8159961388155371,0.0,0.0,1.0,1.0,1000,0,0,0,0,0,90,0,0,0,0,41,90,90,core
3ehy_3ehy_conf0,generation,nextmol_dmt_l_raw,chembl_count,,nextmol_dmt_l_raw_chembl_count,NextMol DMT-L,nextmol_dmt_l_raw_chembl_count,5,17,14,0.7,14,14,0,1.0,25,14,11,0.56,"{""all_atoms_connected"":0,""bond_angles"":0,""bond_lengths"":0,""bonds"":0,""double_bond_stereochemistry"":0,""energy_ratio"":0,""file_loads"":0,""inchi_convertible"":0,""internal_steric_clash"":0,""molecular_formula"":0,""no_radicals"":0,""planar_aromatic_rings"":0,""planar_double_bonds"":0,""reference_file_loads"":0,""sanitisation"":0,""tetrahedral_chirality"":11}","{""all_atoms_connected"":0.0,""bond_angles"":0.0,""bond_lengths"":0.0,""bonds"":0.0,""double_bond_stereochemistry"":0.0,""energy_ratio"":0.0,""file_loads"":0.0,""inchi_convertible"":0.0,""internal_steric_clash"":0.0,""molecular_formula"":0.0,""no_radicals"":0.0,""planar_aromatic_rings"":0.0,""planar_double_bonds"":0.0,""reference_file_loads"":0.0,""sanitisation"":0.0,""tetrahedral_chirality"":0.44}",14,95.66098204173657,1.005991053081686,1.4059100841726084,7.0,50.0,0.8572718389938252,0.35714285714285715,5.302476481029202,0.23469387755102045,0.7142857142857143,5.0,35.714285714285715,0.8902220097637678,0.35714285714285715,4.190235983519266,0.2653061224489796,0.4,1.0,7.142857142857143,0.0,1.0,1.0,1.0,0.0,1.0,7.142857142857143,0.0,1.0,1.0,1.0,0.0,14,29.65527395748855,98.54687163704617,32.929024379918104,17.51489276480189,0.7045050343336899,0.8925988458044751,0.0,0.0,1.0,1.0,0.7115212746712319,0.841525614718019,0.0,0.0,1.0,1.0,1000,0,0,0,0,0,25,0,0,0,0,14,25,25,core
3fcq_3fcq_conf0,generation,nextmol_dmt_l_raw,fixed,,nextmol_dmt_l_raw_fixed,NextMol DMT-L,nextmol_dmt_l_raw_fixed,2,14,529,0.7,529,464,65,0.8771266540642723,1000,529,471,0.529,"{""all_atoms_connected"":0,""bond_angles"":1,""bond_lengths"":1,""bonds"":0,""double_bond_stereochemistry"":0,""energy_ratio"":0,""file_loads"":0,""inchi_convertible"":0,""internal_steric_clash"":470,""molecular_formula"":0,""no_radicals"":0,""planar_aromatic_rings"":0,""planar_double_bonds"":0,""reference_file_loads"":0,""sanitisation"":0,""tetrahedral_chirality"":0}","{""all_atoms_connected"":0.0,""bond_angles"":0.001,""bond_lengths"":0.001,""bonds"":0.0,""double_bond_stereochemistry"":0.0,""energy_ratio"":0.0,""file_loads"":0.0,""inchi_convertible"":0.0,""internal_steric_clash"":0.47,""molecular_formula"":0.0,""no_radicals"":0.0,""planar_aromatic_rings"":0.0,""planar_double_bonds"":0.0,""reference_file_loads"":0.0,""sanitisation"":0.0,""tetrahedral_chirality"":0.0}",529,118.46769608580311,0.7336021454032637,1.0172792489630966,9.0,1.7013232514177694,0.73418354974109,0.3648393194706994,5.018675929087056,0.2673625380126572,0.0,3.0,0.5671077504725898,0.8730035828085984,0.46880907372400754,2.609327340377611,0.4106939297672606,0.0,1.0,0.1890359168241966,0.0,1.0,1.0,1.0,0.0,1.0,0.1890359168241966,0.0,1.0,1.0,1.0,0.0,529,52.62266822874376,177.94349459149146,77.31676093136136,18.285193036408028,0.26775074369568685,0.9989403896914465,0.0,1.0,1.0,1.0,0.2797928220308891,0.9353813139922633,0.0,1.0,1.0,1.0,1000,0,0,0,0,0,1000,0,0,0,0,529,1000,1000,core
3fcq_3fcq_conf0,generation,nextmol_dmt_l_raw,dynamic,,nextmol_dmt_l_raw_dynamic,NextMol DMT-L,nextmol_dmt_l_raw_dynamic,2,14,16,0.7,16,12,4,0.75,24,16,8,0.6666666666666666,"{""all_atoms_connected"":0,""bond_angles"":0,""bond_lengths"":0,""bonds"":0,""double_bond_stereochemistry"":0,""energy_ratio"":0,""file_loads"":0,""inchi_convertible"":0,""internal_steric_clash"":8,""molecular_formula"":0,""no_radicals"":0,""planar_aromatic_rings"":0,""planar_double_bonds"":0,""reference_file_loads"":0,""sanitisation"":0,""tetrahedral_chirality"":0}","{""all_atoms_connected"":0.0,""bond_angles"":0.0,""bond_lengths"":0.0,""bonds"":0.0,""double_bond_stereochemistry"":0.0,""energy_ratio"":0.0,""file_loads"":0.0,""inchi_convertible"":0.0,""internal_steric_clash"":0.3333333333333333,""molecular_formula"":0.0,""no_radicals"":0.0,""planar_aromatic_rings"":0.0,""planar_double_bonds"":0.0,""reference_file_loads"":0.0,""sanitisation"":0.0,""tetrahedral_chirality"":0.0}",16,123.87741250962804,0.6343499519871959,1.0163259987037783,3.0,18.75,0.8024052436705214,0.5,2.414596666096506,0.4453125,0.3333333333333333,2.0,12.5,0.5435644431995964,0.875,1.4575692649810903,0.78125,0.0,1.0,6.25,0.0,1.0,1.0,1.0,0.0,1.0,6.25,0.0,1.0,1.0,1.0,0.0,16,54.2491515450573,112.15998866084601,83.79268902389568,16.561175708547545,0.4233541114263042,0.5948147121888452,0.0,1.0,1.0,1.0,0.3255957046733263,0.548146170698904,0.0,1.0,1.0,1.0,1000,0,0,0,0,0,24,0,0,0,0,16,24,24,core
3fcq_3fcq_conf0,generation,nextmol_dmt_l_raw,chembl_count,,nextmol_dmt_l_raw_chembl_count,NextMol DMT-L,nextmol_dmt_l_raw_chembl_count,2,14,0,0.7,0,0,0,,2,0,2,0.0,"{""all_atoms_connected"":0,""bond_angles"":0,""bond_lengths"":0,""bonds"":0,""double_bond_stereochemistry"":0,""energy_ratio"":0,""file_loads"":0,""inchi_convertible"":0,""internal_steric_clash"":2,""molecular_formula"":0,""no_radicals"":0,""planar_aromatic_rings"":0,""planar_double_bonds"":0,""reference_file_loads"":0,""sanitisation"":0,""tetrahedral_chirality"":0}","{""all_atoms_connected"":0.0,""bond_angles"":0.0,""bond_lengths"":0.0,""bonds"":0.0,""double_bond_stereochemistry"":0.0,""energy_ratio"":0.0,""file_loads"":0.0,""inchi_convertible"":0.0,""internal_steric_clash"":1.0,""molecular_formula"":0.0,""no_radicals"":0.0,""planar_aromatic_rings"":0.0,""planar_double_bonds"":0.0,""reference_file_loads"":0.0,""sanitisation"":0.0,""tetrahedral_chirality"":0.0}",0,,,,,,,,,,,,,,,,,,,,,,,,,,,,,,,,0,,,,,,,,,,,,,,,,,1000,0,0,0,0,0,2,0,0,0,0,0,2,2,core
3fur_3fur_conf0,generation,nextmol_dmt_l_raw,fixed,,nextmol_dmt_l_raw_fixed,NextMol DMT-L,nextmol_dmt_l_raw_fixed,5,31,1000,0.7,1000,1000,0,1.0,1000,1000,0,1.0,"{""all_atoms_connected"":0,""bond_angles"":0,""bond_lengths"":0,""bonds"":0,""double_bond_stereochemistry"":0,""energy_ratio"":0,""file_loads"":0,""inchi_convertible"":0,""internal_steric_clash"":0,""molecular_formula"":0,""no_radicals"":0,""planar_aromatic_rings"":0,""planar_double_bonds"":0,""reference_file_loads"":0,""sanitisation"":0,""tetrahedral_chirality"":0}","{""all_atoms_connected"":0.0,""bond_angles"":0.0,""bond_lengths"":0.0,""bonds"":0.0,""double_bond_stereochemistry"":0.0,""energy_ratio"":0.0,""file_loads"":0.0,""inchi_convertible"":0.0,""internal_steric_clash"":0.0,""molecular_formula"":0.0,""no_radicals"":0.0,""planar_aromatic_rings"":0.0,""planar_double_bonds"":0.0,""reference_file_loads"":0.0,""sanitisation"":0.0,""tetrahedral_chirality"":0.0}",1000,105.94127168656966,2.136371008249313,2.8348927192887317,235.0,23.5,0.9252332108683772,0.023,156.23946076882746,0.008431999999999999,0.3404255319148936,94.0,9.4,0.9343913842064783,0.038,69.77079416239555,0.016988000000000003,0.11702127659574468,7.0,0.7,0.9260013519137963,0.265,6.061246237726146,0.18028800000000003,0.0,2.0,0.2,0.9514368258086962,0.629,1.9337976295936803,0.533282,0.0,1000,35.76125066366861,57.76610703546572,44.71553602638543,2.7583865560417427,0.3882039807746475,2.132431213944443,0.0,1.0,1.0,1.0,0.3526632201502196,2.1184785972371714,0.0,1.0,1.0,1.0,1000,0,0,0,0,0,1000,0,0,0,0,1000,1000,1000,core
3fur_3fur_conf0,generation,nextmol_dmt_l_raw,dynamic,,nextmol_dmt_l_raw_dynamic,NextMol DMT-L,nextmol_dmt_l_raw_dynamic,5,31,90,0.7,90,90,0,1.0,90,90,0,1.0,"{""all_atoms_connected"":0,""bond_angles"":0,""bond_lengths"":0,""bonds"":0,""double_bond_stereochemistry"":0,""energy_ratio"":0,""file_loads"":0,""inchi_convertible"":0,""internal_steric_clash"":0,""molecular_formula"":0,""no_radicals"":0,""planar_aromatic_rings"":0,""planar_double_bonds"":0,""reference_file_loads"":0,""sanitisation"":0,""tetrahedral_chirality"":0}","{""all_atoms_connected"":0.0,""bond_angles"":0.0,""bond_lengths"":0.0,""bonds"":0.0,""double_bond_stereochemistry"":0.0,""energy_ratio"":0.0,""file_loads"":0.0,""inchi_convertible"":0.0,""internal_steric_clash"":0.0,""molecular_formula"":0.0,""no_radicals"":0.0,""planar_aromatic_rings"":0.0,""planar_double_bonds"":0.0,""reference_file_loads"":0.0,""sanitisation"":0.0,""tetrahedral_chirality"":0.0}",90,105.79942619587173,2.1432155771186236,2.795339599379376,69.0,76.66666666666667,0.9749619749612896,0.044444444444444446,62.059452688965166,0.01851851851851852,0.7971014492753623,45.0,50.0,0.9559982444695331,0.05555555555555555,38.059954162102905,0.030370370370370374,0.4888888888888889,7.0,7.777777777777778,0.9633477464160188,0.23333333333333334,6.518134118388441,0.16320987654320987,0.0,2.0,2.2222222222222223,0.819965310218763,0.7444444444444445,1.7653635436855506,0.6195061728395062,0.0,90,38.1251010156424,50.53229346212704,44.568564035582455,2.7509335248107223,0.44847984274863467,2.1207124626926404,0.0,1.0,1.0,1.0,0.4184859804510015,2.095054387309358,0.0,1.0,1.0,1.0,1000,0,0,0,0,0,90,0,0,0,0,90,90,90,core
3fur_3fur_conf0,generation,nextmol_dmt_l_raw,chembl_count,,nextmol_dmt_l_raw_chembl_count,NextMol DMT-L,nextmol_dmt_l_raw_chembl_count,5,31,86,0.7,86,86,0,1.0,86,86,0,1.0,"{""all_atoms_connected"":0,""bond_angles"":0,""bond_lengths"":0,""bonds"":0,""double_bond_stereochemistry"":0,""energy_ratio"":0,""file_loads"":0,""inchi_convertible"":0,""internal_steric_clash"":0,""molecular_formula"":0,""no_radicals"":0,""planar_aromatic_rings"":0,""planar_double_bonds"":0,""reference_file_loads"":0,""sanitisation"":0,""tetrahedral_chirality"":0}","{""all_atoms_connected"":0.0,""bond_angles"":0.0,""bond_lengths"":0.0,""bonds"":0.0,""double_bond_stereochemistry"":0.0,""energy_ratio"":0.0,""file_loads"":0.0,""inchi_convertible"":0.0,""internal_steric_clash"":0.0,""molecular_formula"":0.0,""no_radicals"":0.0,""planar_aromatic_rings"":0.0,""planar_double_bonds"":0.0,""reference_file_loads"":0.0,""sanitisation"":0.0,""tetrahedral_chirality"":0.0}",86,103.70277248047675,2.1378204346279444,2.8665840581755675,58.0,67.44186046511628,0.9719183613297473,0.046511627906976744,51.74972494625296,0.02190373174689021,0.6551724137931034,42.0,48.83720930232558,0.9641406183709814,0.06976744186046512,36.73166160018051,0.03136830719307734,0.3333333333333333,6.0,6.976744186046512,0.9101620985404903,0.313953488372093,5.107916333801342,0.2130881557598702,0.0,2.0,2.3255813953488373,0.6677135405281421,0.8255813953488372,1.5885533479858702,0.7120064899945917,0.0,86,39.02947089878971,53.01686306891797,44.765810668882395,2.9437217588714493,0.486029787895034,2.1244791101467224,0.0,1.0,1.0,1.0,0.4651505873961857,2.1043565537456077,0.0,1.0,1.0,1.0,1000,0,0,0,0,0,86,0,0,0,0,86,86,86,core
3g2z_3g2z_conf0,generation,nextmol_dmt_l_raw,fixed,,nextmol_dmt_l_raw_fixed,NextMol DMT-L,nextmol_dmt_l_raw_fixed,2,13,1000,0.7,1000,1000,0,1.0,1000,1000,0,1.0,"{""all_atoms_connected"":0,""bond_angles"":0,""bond_lengths"":0,""bonds"":0,""double_bond_stereochemistry"":0,""energy_ratio"":0,""file_loads"":0,""inchi_convertible"":0,""internal_steric_clash"":0,""molecular_formula"":0,""no_radicals"":0,""planar_aromatic_rings"":0,""planar_double_bonds"":0,""reference_file_loads"":0,""sanitisation"":0,""tetrahedral_chirality"":0}","{""all_atoms_connected"":0.0,""bond_angles"":0.0,""bond_lengths"":0.0,""bonds"":0.0,""double_bond_stereochemistry"":0.0,""energy_ratio"":0.0,""file_loads"":0.0,""inchi_convertible"":0.0,""internal_steric_clash"":0.0,""molecular_formula"":0.0,""no_radicals"":0.0,""planar_aromatic_rings"":0.0,""planar_double_bonds"":0.0,""reference_file_loads"":0.0,""sanitisation"":0.0,""tetrahedral_chirality"":0.0}",1000,124.17862677111009,0.7149970858467725,1.1889708796038811,2.0,0.2,0.9823733825422626,0.578,1.9757129891422385,0.512168,0.0,2.0,0.2,0.9823733825422626,0.578,1.9757129891422385,0.512168,0.0,1.0,0.1,0.0,1.0,1.0,1.0,0.0,1.0,0.1,0.0,1.0,1.0,1.0,0.0,1000,14.275865547217798,19.670133773740435,16.745249126350913,0.9245991768234725,0.1781776070472351,1.1225752500116584,1.0,1.0,1.0,1.0,0.2107971401021942,1.1792836876657127,1.0,1.0,1.0,1.0,1000,0,0,0,0,0,1000,0,0,0,0,1000,1000,1000,core
3g2z_3g2z_conf0,generation,nextmol_dmt_l_raw,dynamic,,nextmol_dmt_l_raw_dynamic,NextMol DMT-L,nextmol_dmt_l_raw_dynamic,2,13,24,0.7,24,24,0,1.0,24,24,0,1.0,"{""all_atoms_connected"":0,""bond_angles"":0,""bond_lengths"":0,""bonds"":0,""double_bond_stereochemistry"":0,""energy_ratio"":0,""file_loads"":0,""inchi_convertible"":0,""internal_steric_clash"":0,""molecular_formula"":0,""no_radicals"":0,""planar_aromatic_rings"":0,""planar_double_bonds"":0,""reference_file_loads"":0,""sanitisation"":0,""tetrahedral_chirality"":0}","{""all_atoms_connected"":0.0,""bond_angles"":0.0,""bond_lengths"":0.0,""bonds"":0.0,""double_bond_stereochemistry"":0.0,""energy_ratio"":0.0,""file_loads"":0.0,""inchi_convertible"":0.0,""internal_steric_clash"":0.0,""molecular_formula"":0.0,""no_radicals"":0.0,""planar_aromatic_rings"":0.0,""planar_double_bonds"":0.0,""reference_file_loads"":0.0,""sanitisation"":0.0,""tetrahedral_chirality"":0.0}",24,106.30800544830079,0.7197507688156923,1.20067190943033,2.0,8.333333333333334,1.0,0.5,2.0,0.5,0.0,2.0,8.333333333333334,1.0,0.5,2.0,0.5,0.0,1.0,4.166666666666667,0.0,1.0,1.0,1.0,0.0,1.0,4.166666666666667,0.0,1.0,1.0,1.0,0.0,24,15.221315136993283,17.96948689516138,17.086462954255058,0.7062955572300141,0.19002081350504155,0.759013109305283,1.0,1.0,1.0,1.0,0.22037578298033259,0.8622058114582887,1.0,1.0,1.0,1.0,1000,0,0,0,0,0,24,0,0,0,0,24,24,24,core
3g2z_3g2z_conf0,generation,nextmol_dmt_l_raw,chembl_count,,nextmol_dmt_l_raw_chembl_count,NextMol DMT-L,nextmol_dmt_l_raw_chembl_count,2,13,6,0.7,6,6,0,1.0,6,6,0,1.0,"{""all_atoms_connected"":0,""bond_angles"":0,""bond_lengths"":0,""bonds"":0,""double_bond_stereochemistry"":0,""energy_ratio"":0,""file_loads"":0,""inchi_convertible"":0,""internal_steric_clash"":0,""molecular_formula"":0,""no_radicals"":0,""planar_aromatic_rings"":0,""planar_double_bonds"":0,""reference_file_loads"":0,""sanitisation"":0,""tetrahedral_chirality"":0}","{""all_atoms_connected"":0.0,""bond_angles"":0.0,""bond_lengths"":0.0,""bonds"":0.0,""double_bond_stereochemistry"":0.0,""energy_ratio"":0.0,""file_loads"":0.0,""inchi_convertible"":0.0,""internal_steric_clash"":0.0,""molecular_formula"":0.0,""no_radicals"":0.0,""planar_aromatic_rings"":0.0,""planar_double_bonds"":0.0,""reference_file_loads"":0.0,""sanitisation"":0.0,""tetrahedral_chirality"":0.0}",6,108.69360567460711,0.7265294811570671,1.166217617851444,2.0,33.333333333333336,0.9182958340544894,0.6666666666666666,1.8898815748423097,0.5555555555555556,0.0,2.0,33.333333333333336,0.9182958340544894,0.6666666666666666,1.8898815748423097,0.5555555555555556,0.0,1.0,16.666666666666668,0.0,1.0,1.0,1.0,0.0,1.0,16.666666666666668,0.0,1.0,1.0,1.0,0.0,6,16.125626270726663,18.243400246385487,16.660572293909024,0.768466455254856,0.23256012191563624,0.3479543028519343,1.0,1.0,1.0,1.0,0.35744101587584715,0.46677944425718554,0.0,1.0,1.0,1.0,1000,0,0,0,0,0,6,0,0,0,0,6,6,6,core
3g31_3g31_conf0,generation,nextmol_dmt_l_raw,fixed,,nextmol_dmt_l_raw_fixed,NextMol DMT-L,nextmol_dmt_l_raw_fixed,2,17,0,0.7,0,0,0,,1000,0,1000,0.0,"{""all_atoms_connected"":0,""bond_angles"":0,""bond_lengths"":0,""bonds"":0,""double_bond_stereochemistry"":0,""energy_ratio"":0,""file_loads"":0,""inchi_convertible"":0,""internal_steric_clash"":0,""molecular_formula"":0,""no_radicals"":0,""planar_aromatic_rings"":0,""planar_double_bonds"":0,""reference_file_loads"":0,""sanitisation"":0,""tetrahedral_chirality"":1000}","{""all_atoms_connected"":0.0,""bond_angles"":0.0,""bond_lengths"":0.0,""bonds"":0.0,""double_bond_stereochemistry"":0.0,""energy_ratio"":0.0,""file_loads"":0.0,""inchi_convertible"":0.0,""internal_steric_clash"":0.0,""molecular_formula"":0.0,""no_radicals"":0.0,""planar_aromatic_rings"":0.0,""planar_double_bonds"":0.0,""reference_file_loads"":0.0,""sanitisation"":0.0,""tetrahedral_chirality"":1.0}",0,,,,,,,,,,,,,,,,,,,,,,,,,,,,,,,,0,,,,,,,,,,,,,,,,,1000,0,0,0,0,0,1000,0,0,0,0,0,1000,1000,core
3g31_3g31_conf0,generation,nextmol_dmt_l_raw,dynamic,,nextmol_dmt_l_raw_dynamic,NextMol DMT-L,nextmol_dmt_l_raw_dynamic,2,17,0,0.7,0,0,0,,24,0,24,0.0,"{""all_atoms_connected"":0,""bond_angles"":0,""bond_lengths"":0,""bonds"":0,""double_bond_stereochemistry"":0,""energy_ratio"":0,""file_loads"":0,""inchi_convertible"":0,""internal_steric_clash"":0,""molecular_formula"":0,""no_radicals"":0,""planar_aromatic_rings"":0,""planar_double_bonds"":0,""reference_file_loads"":0,""sanitisation"":0,""tetrahedral_chirality"":24}","{""all_atoms_connected"":0.0,""bond_angles"":0.0,""bond_lengths"":0.0,""bonds"":0.0,""double_bond_stereochemistry"":0.0,""energy_ratio"":0.0,""file_loads"":0.0,""inchi_convertible"":0.0,""internal_steric_clash"":0.0,""molecular_formula"":0.0,""no_radicals"":0.0,""planar_aromatic_rings"":0.0,""planar_double_bonds"":0.0,""reference_file_loads"":0.0,""sanitisation"":0.0,""tetrahedral_chirality"":1.0}",0,,,,,,,,,,,,,,,,,,,,,,,,,,,,,,,,0,,,,,,,,,,,,,,,,,1000,0,0,0,0,0,24,0,0,0,0,0,24,24,core
3g31_3g31_conf0,generation,nextmol_dmt_l_raw,chembl_count,,nextmol_dmt_l_raw_chembl_count,NextMol DMT-L,nextmol_dmt_l_raw_chembl_count,2,17,0,0.7,0,0,0,,8,0,8,0.0,"{""all_atoms_connected"":0,""bond_angles"":0,""bond_lengths"":0,""bonds"":0,""double_bond_stereochemistry"":0,""energy_ratio"":0,""file_loads"":0,""inchi_convertible"":0,""internal_steric_clash"":0,""molecular_formula"":0,""no_radicals"":0,""planar_aromatic_rings"":0,""planar_double_bonds"":0,""reference_file_loads"":0,""sanitisation"":0,""tetrahedral_chirality"":8}","{""all_atoms_connected"":0.0,""bond_angles"":0.0,""bond_lengths"":0.0,""bonds"":0.0,""double_bond_stereochemistry"":0.0,""energy_ratio"":0.0,""file_loads"":0.0,""inchi_convertible"":0.0,""internal_steric_clash"":0.0,""molecular_formula"":0.0,""no_radicals"":0.0,""planar_aromatic_rings"":0.0,""planar_double_bonds"":0.0,""reference_file_loads"":0.0,""sanitisation"":0.0,""tetrahedral_chirality"":1.0}",0,,,,,,,,,,,,,,,,,,,,,,,,,,,,,,,,0,,,,,,,,,,,,,,,,,1000,0,0,0,0,0,8,0,0,0,0,0,8,8,core
3gy4_3gy4_conf0,generation,nextmol_dmt_l_raw,fixed,,nextmol_dmt_l_raw_fixed,NextMol DMT-L,nextmol_dmt_l_raw_fixed,2,10,1000,0.7,1000,1000,0,1.0,1000,1000,0,1.0,"{""all_atoms_connected"":0,""bond_angles"":0,""bond_lengths"":0,""bonds"":0,""double_bond_stereochemistry"":0,""energy_ratio"":0,""file_loads"":0,""inchi_convertible"":0,""internal_steric_clash"":0,""molecular_formula"":0,""no_radicals"":0,""planar_aromatic_rings"":0,""planar_double_bonds"":0,""reference_file_loads"":0,""sanitisation"":0,""tetrahedral_chirality"":0}","{""all_atoms_connected"":0.0,""bond_angles"":0.0,""bond_lengths"":0.0,""bonds"":0.0,""double_bond_stereochemistry"":0.0,""energy_ratio"":0.0,""file_loads"":0.0,""inchi_convertible"":0.0,""internal_steric_clash"":0.0,""molecular_formula"":0.0,""no_radicals"":0.0,""planar_aromatic_rings"":0.0,""planar_double_bonds"":0.0,""reference_file_loads"":0.0,""sanitisation"":0.0,""tetrahedral_chirality"":0.0}",1000,120.20865685801793,0.1677834490031052,0.3285084342872482,1.0,0.1,0.0,1.0,1.0,1.0,0.0,1.0,0.1,0.0,1.0,1.0,1.0,0.0,1.0,0.1,0.0,1.0,1.0,1.0,0.0,1.0,0.1,0.0,1.0,1.0,1.0,0.0,1000,-10.972344613041646,-5.384319251235116,-8.586408729765653,0.5606163668734981,0.027257965054027725,0.06776313025567654,1.0,1.0,1.0,1.0,0.06429385694309729,0.1134468590839823,1.0,1.0,1.0,1.0,1000,0,0,0,0,0,1000,0,0,0,0,1000,1000,1000,core
3gy4_3gy4_conf0,generation,nextmol_dmt_l_raw,dynamic,,nextmol_dmt_l_raw_dynamic,NextMol DMT-L,nextmol_dmt_l_raw_dynamic,2,10,24,0.7,24,24,0,1.0,24,24,0,1.0,"{""all_atoms_connected"":0,""bond_angles"":0,""bond_lengths"":0,""bonds"":0,""double_bond_stereochemistry"":0,""energy_ratio"":0,""file_loads"":0,""inchi_convertible"":0,""internal_steric_clash"":0,""molecular_formula"":0,""no_radicals"":0,""planar_aromatic_rings"":0,""planar_double_bonds"":0,""reference_file_loads"":0,""sanitisation"":0,""tetrahedral_chirality"":0}","{""all_atoms_connected"":0.0,""bond_angles"":0.0,""bond_lengths"":0.0,""bonds"":0.0,""double_bond_stereochemistry"":0.0,""energy_ratio"":0.0,""file_loads"":0.0,""inchi_convertible"":0.0,""internal_steric_clash"":0.0,""molecular_formula"":0.0,""no_radicals"":0.0,""planar_aromatic_rings"":0.0,""planar_double_bonds"":0.0,""reference_file_loads"":0.0,""sanitisation"":0.0,""tetrahedral_chirality"":0.0}",24,119.55273119473758,0.17279194598654668,0.32984412350331105,1.0,4.166666666666667,0.0,1.0,1.0,1.0,0.0,1.0,4.166666666666667,0.0,1.0,1.0,1.0,0.0,1.0,4.166666666666667,0.0,1.0,1.0,1.0,0.0,1.0,4.166666666666667,0.0,1.0,1.0,1.0,0.0,24,-9.532542649281613,-6.283732780348657,-8.661517028368568,0.5893268849720756,0.0324602367176562,0.08775750067209133,1.0,1.0,1.0,1.0,0.0860651263146615,0.10920655608604873,1.0,1.0,1.0,1.0,1000,0,0,0,0,0,24,0,0,0,0,24,24,24,core
3gy4_3gy4_conf0,generation,nextmol_dmt_l_raw,chembl_count,,nextmol_dmt_l_raw_chembl_count,NextMol DMT-L,nextmol_dmt_l_raw_chembl_count,2,10,1,0.7,1,1,0,1.0,1,1,0,1.0,"{""all_atoms_connected"":0,""bond_angles"":0,""bond_lengths"":0,""bonds"":0,""double_bond_stereochemistry"":0,""energy_ratio"":0,""file_loads"":0,""inchi_convertible"":0,""internal_steric_clash"":0,""molecular_formula"":0,""no_radicals"":0,""planar_aromatic_rings"":0,""planar_double_bonds"":0,""reference_file_loads"":0,""sanitisation"":0,""tetrahedral_chirality"":0}","{""all_atoms_connected"":0.0,""bond_angles"":0.0,""bond_lengths"":0.0,""bonds"":0.0,""double_bond_stereochemistry"":0.0,""energy_ratio"":0.0,""file_loads"":0.0,""inchi_convertible"":0.0,""internal_steric_clash"":0.0,""molecular_formula"":0.0,""no_radicals"":0.0,""planar_aromatic_rings"":0.0,""planar_double_bonds"":0.0,""reference_file_loads"":0.0,""sanitisation"":0.0,""tetrahedral_chirality"":0.0}",1,0.0,,,1.0,100.0,0.0,1.0,1.0,1.0,1.0,1.0,100.0,0.0,1.0,1.0,1.0,1.0,1.0,100.0,0.0,1.0,1.0,1.0,1.0,1.0,100.0,0.0,1.0,1.0,1.0,1.0,1,-8.87607431258061,-8.87607431258061,-8.87607431258061,0.0,0.2970088047671594,0.2970088047671594,0.0,1.0,1.0,1.0,0.2577684718565397,0.2577684718565397,0.0,1.0,1.0,1.0,1000,0,0,0,0,0,1,0,0,0,0,1,1,1,core
3jvs_3jvs_conf0,generation,nextmol_dmt_l_raw,fixed,,nextmol_dmt_l_raw_fixed,NextMol DMT-L,nextmol_dmt_l_raw_fixed,3,30,444,0.7,444,252,192,0.5675675675675675,1000,444,556,0.444,"{""all_atoms_connected"":0,""bond_angles"":0,""bond_lengths"":0,""bonds"":0,""double_bond_stereochemistry"":0,""energy_ratio"":0,""file_loads"":0,""inchi_convertible"":0,""internal_steric_clash"":556,""molecular_formula"":0,""no_radicals"":0,""planar_aromatic_rings"":0,""planar_double_bonds"":0,""reference_file_loads"":0,""sanitisation"":0,""tetrahedral_chirality"":0}","{""all_atoms_connected"":0.0,""bond_angles"":0.0,""bond_lengths"":0.0,""bonds"":0.0,""double_bond_stereochemistry"":0.0,""energy_ratio"":0.0,""file_loads"":0.0,""inchi_convertible"":0.0,""internal_steric_clash"":0.556,""molecular_formula"":0.0,""no_radicals"":0.0,""planar_aromatic_rings"":0.0,""planar_double_bonds"":0.0,""reference_file_loads"":0.0,""sanitisation"":0.0,""tetrahedral_chirality"":0.0}",444,110.99382773397683,2.6646999823670234,3.8507839376619617,203.0,45.72072072072072,0.9552402493481833,0.02027027027027027,160.0343059211644,0.007781430078727376,0.5073891625615764,71.0,15.99099099099099,0.9077525979315381,0.060810810810810814,47.91644344861169,0.026560344127911688,0.2676056338028169,15.0,3.3783783783783785,0.8211157417781103,0.15990990990990991,9.240746289466772,0.12052593133674214,0.26666666666666666,3.0,0.6756756756756757,0.7689209191935322,0.6103603603603603,2.3273865154282767,0.48199212726239754,0.0,444,113.93668607288203,146.80012728422426,125.74040138214458,7.799875078728546,0.9148397721970437,2.3328033027790553,0.0,0.0,0.0,1.0,0.8800286362984631,2.3148565530408667,0.0,0.0,0.0,1.0,1000,0,0,0,0,0,1000,0,0,0,0,444,1000,1000,core
3jvs_3jvs_conf0,generation,nextmol_dmt_l_raw,dynamic,,nextmol_dmt_l_raw_dynamic,NextMol DMT-L,nextmol_dmt_l_raw_dynamic,3,30,22,0.7,22,9,13,0.4090909090909091,46,22,24,0.4782608695652174,"{""all_atoms_connected"":0,""bond_angles"":0,""bond_lengths"":0,""bonds"":0,""double_bond_stereochemistry"":0,""energy_ratio"":0,""file_loads"":0,""inchi_convertible"":0,""internal_steric_clash"":24,""molecular_formula"":0,""no_radicals"":0,""planar_aromatic_rings"":0,""planar_double_bonds"":0,""reference_file_loads"":0,""sanitisation"":0,""tetrahedral_chirality"":0}","{""all_atoms_connected"":0.0,""bond_angles"":0.0,""bond_lengths"":0.0,""bonds"":0.0,""double_bond_stereochemistry"":0.0,""energy_ratio"":0.0,""file_loads"":0.0,""inchi_convertible"":0.0,""internal_steric_clash"":0.5217391304347826,""molecular_formula"":0.0,""no_radicals"":0.0,""planar_aromatic_rings"":0.0,""planar_double_bonds"":0.0,""reference_file_loads"":0.0,""sanitisation"":0.0,""tetrahedral_chirality"":0.0}",22,105.95508492925914,2.7277278593520986,3.8603282807379564,20.0,90.9090909090909,0.9897465535993833,0.09090909090909091,19.395007609912465,0.05371900826446281,0.9,15.0,68.18181818181819,0.9609795190921058,0.13636363636363635,13.495830419625666,0.0826446280991735,0.6666666666666666,7.0,31.818181818181817,0.9673124750084657,0.22727272727272727,6.568616043426095,0.16115702479338842,0.0,2.0,9.090909090909092,0.9940302114769566,0.5454545454545454,1.9917412148051292,0.5041322314049586,0.0,22,118.42442978263688,146.80012728422426,125.58121314109307,8.483028963978308,1.4719738446570394,2.514601286886033,0.0,0.0,0.0,1.0,1.4286328584622623,2.4645341360417783,0.0,0.0,0.0,1.0,1000,0,0,0,0,0,46,0,0,0,0,22,46,46,core
3jvs_3jvs_conf0,generation,nextmol_dmt_l_raw,chembl_count,,nextmol_dmt_l_raw_chembl_count,NextMol DMT-L,nextmol_dmt_l_raw_chembl_count,3,30,19,0.7,19,10,9,0.5263157894736842,40,19,21,0.475,"{""all_atoms_connected"":0,""bond_angles"":0,""bond_lengths"":0,""bonds"":0,""double_bond_stereochemistry"":0,""energy_ratio"":0,""file_loads"":0,""inchi_convertible"":0,""internal_steric_clash"":21,""molecular_formula"":0,""no_radicals"":0,""planar_aromatic_rings"":0,""planar_double_bonds"":0,""reference_file_loads"":0,""sanitisation"":0,""tetrahedral_chirality"":0}","{""all_atoms_connected"":0.0,""bond_angles"":0.0,""bond_lengths"":0.0,""bonds"":0.0,""double_bond_stereochemistry"":0.0,""energy_ratio"":0.0,""file_loads"":0.0,""inchi_convertible"":0.0,""internal_steric_clash"":0.525,""molecular_formula"":0.0,""no_radicals"":0.0,""planar_aromatic_rings"":0.0,""planar_double_bonds"":0.0,""reference_file_loads"":0.0,""sanitisation"":0.0,""tetrahedral_chirality"":0.0}",19,102.35277739558639,2.6671164768184443,3.6962345100383542,18.0,94.73684210526316,0.9934625572680481,0.10526315789473684,17.663071745159716,0.05817174515235456,0.9444444444444444,12.0,63.1578947368421,0.9461445256397004,0.15789473684210525,10.496908900805115,0.10803324099722993,0.6666666666666666,4.0,21.05263157894737,0.9892422967543256,0.3157894736842105,3.94078923921764,0.25761772853185594,0.0,2.0,10.526315789473685,0.9980008838722995,0.5263157894736842,1.997230555812158,0.5013850415512464,0.0,19,116.16286846224119,138.98460065810275,129.0302404816161,6.9369973074239795,1.0442947123473807,2.636518957664227,0.0,0.0,0.0,1.0,1.0491894521077905,2.57971765427739,0.0,0.0,0.0,1.0,1000,0,0,0,0,0,40,0,0,0,0,19,40,40,core
3k5v_3k5v_conf0,generation,nextmol_dmt_l_raw,fixed,,nextmol_dmt_l_raw_fixed,NextMol DMT-L,nextmol_dmt_l_raw_fixed,5,27,998,0.7,998,998,0,1.0,1000,998,2,0.998,"{""all_atoms_connected"":0,""bond_angles"":1,""bond_lengths"":2,""bonds"":0,""double_bond_stereochemistry"":0,""energy_ratio"":0,""file_loads"":0,""inchi_convertible"":0,""internal_steric_clash"":0,""molecular_formula"":0,""no_radicals"":0,""planar_aromatic_rings"":0,""planar_double_bonds"":0,""reference_file_loads"":0,""sanitisation"":0,""tetrahedral_chirality"":0}","{""all_atoms_connected"":0.0,""bond_angles"":0.001,""bond_lengths"":0.002,""bonds"":0.0,""double_bond_stereochemistry"":0.0,""energy_ratio"":0.0,""file_loads"":0.0,""inchi_convertible"":0.0,""internal_steric_clash"":0.0,""molecular_formula"":0.0,""no_radicals"":0.0,""planar_aromatic_rings"":0.0,""planar_double_bonds"":0.0,""reference_file_loads"":0.0,""sanitisation"":0.0,""tetrahedral_chirality"":0.0}",998,115.52874790037082,1.8155322787462391,2.545052939174244,102.0,10.220440881763528,0.9536131950096205,0.03006012024048096,82.30526684390914,0.013879462331476584,0.0784313725490196,13.0,1.3026052104208417,0.9862706977335988,0.11422845691382766,12.550172273239523,0.08227476998084346,0.0,3.0,0.30060120240480964,0.9112314438686867,0.5390781563126252,2.721246539900997,0.400717266195718,0.0,2.0,0.20040080160320642,0.908303744190549,0.6763527054108216,1.8768374997031714,0.562200553411432,0.0,998,-12.821111636066462,820.9376312760081,-5.289390875701638,26.839466271397647,0.24094951344929735,1.7916348285342312,1.0,1.0,1.0,1.0,0.2521319663754958,1.8036597168361523,0.0,1.0,1.0,1.0,1000,0,0,0,0,0,1000,0,0,0,0,998,1000,1000,core
3k5v_3k5v_conf0,generation,nextmol_dmt_l_raw,dynamic,,nextmol_dmt_l_raw_dynamic,NextMol DMT-L,nextmol_dmt_l_raw_dynamic,5,27,90,0.7,90,90,0,1.0,90,90,0,1.0,"{""all_atoms_connected"":0,""bond_angles"":0,""bond_lengths"":0,""bonds"":0,""double_bond_stereochemistry"":0,""energy_ratio"":0,""file_loads"":0,""inchi_convertible"":0,""internal_steric_clash"":0,""molecular_formula"":0,""no_radicals"":0,""planar_aromatic_rings"":0,""planar_double_bonds"":0,""reference_file_loads"":0,""sanitisation"":0,""tetrahedral_chirality"":0}","{""all_atoms_connected"":0.0,""bond_angles"":0.0,""bond_lengths"":0.0,""bonds"":0.0,""double_bond_stereochemistry"":0.0,""energy_ratio"":0.0,""file_loads"":0.0,""inchi_convertible"":0.0,""internal_steric_clash"":0.0,""molecular_formula"":0.0,""no_radicals"":0.0,""planar_aromatic_rings"":0.0,""planar_double_bonds"":0.0,""reference_file_loads"":0.0,""sanitisation"":0.0,""tetrahedral_chirality"":0.0}",90,113.44135511225684,1.854833565013581,2.731825168467519,50.0,55.55555555555556,0.9583338035520961,0.05555555555555555,42.47959684299116,0.027654320987654323,0.54,12.0,13.333333333333334,0.9701211439401856,0.13333333333333333,11.14131735144538,0.09530864197530865,0.0,3.0,3.3333333333333335,0.8724249963715844,0.5555555555555556,2.6076692689112586,0.4232098765432099,0.0,2.0,2.2222222222222223,0.9564574047992596,0.6222222222222222,1.9405389688048973,0.5298765432098765,0.0,90,-12.209453516272504,0.7658167868561918,-5.681211220847729,3.96961635537379,0.24100813320428327,1.8674383200275635,1.0,1.0,1.0,1.0,0.40298206127982317,1.8364023863247367,0.0,1.0,1.0,1.0,1000,0,0,0,0,0,90,0,0,0,0,90,90,90,core
3k5v_3k5v_conf0,generation,nextmol_dmt_l_raw,chembl_count,,nextmol_dmt_l_raw_chembl_count,NextMol DMT-L,nextmol_dmt_l_raw_chembl_count,5,27,198,0.7,198,198,0,1.0,200,198,2,0.99,"{""all_atoms_connected"":0,""bond_angles"":1,""bond_lengths"":2,""bonds"":0,""double_bond_stereochemistry"":0,""energy_ratio"":0,""file_loads"":0,""inchi_convertible"":0,""internal_steric_clash"":0,""molecular_formula"":0,""no_radicals"":0,""planar_aromatic_rings"":0,""planar_double_bonds"":0,""reference_file_loads"":0,""sanitisation"":0,""tetrahedral_chirality"":0}","{""all_atoms_connected"":0.0,""bond_angles"":0.005,""bond_lengths"":0.01,""bonds"":0.0,""double_bond_stereochemistry"":0.0,""energy_ratio"":0.0,""file_loads"":0.0,""inchi_convertible"":0.0,""internal_steric_clash"":0.0,""molecular_formula"":0.0,""no_radicals"":0.0,""planar_aromatic_rings"":0.0,""planar_double_bonds"":0.0,""reference_file_loads"":0.0,""sanitisation"":0.0,""tetrahedral_chirality"":0.0}",198,119.39656690513313,1.7944735059779573,2.511296034605001,72.0,36.36363636363637,0.9479622439866944,0.050505050505050504,57.634307745063104,0.02101826344250587,0.3333333333333333,12.0,6.0606060606060606,0.9207146875633387,0.1919191919191919,9.854124018906894,0.11539638812366086,0.0,3.0,1.5151515151515151,0.8725158561700239,0.5909090909090909,2.6079295786440047,0.43347617590041837,0.0,2.0,1.0101010101010102,0.8849636363831529,0.696969696969697,1.846718073718018,0.5775941230486685,0.0,198,-12.583314595386604,2.0506774523957603,-4.743118372503819,3.7088226847251633,0.24100813320428327,1.790727151592511,1.0,1.0,1.0,1.0,0.321905341576646,1.8036597168361523,0.0,1.0,1.0,1.0,1000,0,0,0,0,0,200,0,0,0,0,198,200,200,core
3kgp_3kgp_conf0,generation,nextmol_dmt_l_raw,fixed,,nextmol_dmt_l_raw_fixed,NextMol DMT-L,nextmol_dmt_l_raw_fixed,3,11,1000,0.7,1000,1000,0,1.0,1000,1000,0,1.0,"{""all_atoms_connected"":0,""bond_angles"":0,""bond_lengths"":0,""bonds"":0,""double_bond_stereochemistry"":0,""energy_ratio"":0,""file_loads"":0,""inchi_convertible"":0,""internal_steric_clash"":0,""molecular_formula"":0,""no_radicals"":0,""planar_aromatic_rings"":0,""planar_double_bonds"":0,""reference_file_loads"":0,""sanitisation"":0,""tetrahedral_chirality"":0}","{""all_atoms_connected"":0.0,""bond_angles"":0.0,""bond_lengths"":0.0,""bonds"":0.0,""double_bond_stereochemistry"":0.0,""energy_ratio"":0.0,""file_loads"":0.0,""inchi_convertible"":0.0,""internal_steric_clash"":0.0,""molecular_formula"":0.0,""no_radicals"":0.0,""planar_aromatic_rings"":0.0,""planar_double_bonds"":0.0,""reference_file_loads"":0.0,""sanitisation"":0.0,""tetrahedral_chirality"":0.0}",1000,107.72910360336904,0.36256794422006455,0.5715939488287461,4.0,0.4,0.7222994394146451,0.651,2.7218713495376083,0.4704360000000001,0.0,1.0,0.1,0.0,1.0,1.0,1.0,0.0,1.0,0.1,0.0,1.0,1.0,1.0,0.0,1.0,0.1,0.0,1.0,1.0,1.0,0.0,1000,-11.459350055601654,7.860725847021454,-8.396898164719556,2.7948260704416175,0.1943172463883572,0.35974804438899083,1.0,1.0,1.0,1.0,0.10607894962004574,0.3079107029146221,1.0,1.0,1.0,1.0,1000,0,0,0,0,0,1000,0,0,0,0,1000,1000,1000,core
3kgp_3kgp_conf0,generation,nextmol_dmt_l_raw,dynamic,,nextmol_dmt_l_raw_dynamic,NextMol DMT-L,nextmol_dmt_l_raw_dynamic,3,11,46,0.7,46,46,0,1.0,46,46,0,1.0,"{""all_atoms_connected"":0,""bond_angles"":0,""bond_lengths"":0,""bonds"":0,""double_bond_stereochemistry"":0,""energy_ratio"":0,""file_loads"":0,""inchi_convertible"":0,""internal_steric_clash"":0,""molecular_formula"":0,""no_radicals"":0,""planar_aromatic_rings"":0,""planar_double_bonds"":0,""reference_file_loads"":0,""sanitisation"":0,""tetrahedral_chirality"":0}","{""all_atoms_connected"":0.0,""bond_angles"":0.0,""bond_lengths"":0.0,""bonds"":0.0,""double_bond_stereochemistry"":0.0,""energy_ratio"":0.0,""file_loads"":0.0,""inchi_convertible"":0.0,""internal_steric_clash"":0.0,""molecular_formula"":0.0,""no_radicals"":0.0,""planar_aromatic_rings"":0.0,""planar_double_bonds"":0.0,""reference_file_loads"":0.0,""sanitisation"":0.0,""tetrahedral_chirality"":0.0}",46,109.22355754990564,0.3535137131238092,0.5690152887235309,2.0,4.3478260869565215,0.9945386816500111,0.5434782608695652,1.9924433170928715,0.5037807183364839,0.0,1.0,2.1739130434782608,0.0,1.0,1.0,1.0,0.0,1.0,2.1739130434782608,0.0,1.0,1.0,1.0,0.0,1.0,2.1739130434782608,0.0,1.0,1.0,1.0,0.0,46,-10.852178964263823,-1.7995243802875116,-8.072248838859709,2.538523933277895,0.22865899953399496,0.3712771508877757,1.0,1.0,1.0,1.0,0.17602657540174982,0.3211019109036458,1.0,1.0,1.0,1.0,1000,0,0,0,0,0,46,0,0,0,0,46,46,46,core
3kgp_3kgp_conf0,generation,nextmol_dmt_l_raw,chembl_count,,nextmol_dmt_l_raw_chembl_count,NextMol DMT-L,nextmol_dmt_l_raw_chembl_count,3,11,1,0.7,1,1,0,1.0,1,1,0,1.0,"{""all_atoms_connected"":0,""bond_angles"":0,""bond_lengths"":0,""bonds"":0,""double_bond_stereochemistry"":0,""energy_ratio"":0,""file_loads"":0,""inchi_convertible"":0,""internal_steric_clash"":0,""molecular_formula"":0,""no_radicals"":0,""planar_aromatic_rings"":0,""planar_double_bonds"":0,""reference_file_loads"":0,""sanitisation"":0,""tetrahedral_chirality"":0}","{""all_atoms_connected"":0.0,""bond_angles"":0.0,""bond_lengths"":0.0,""bonds"":0.0,""double_bond_stereochemistry"":0.0,""energy_ratio"":0.0,""file_loads"":0.0,""inchi_convertible"":0.0,""internal_steric_clash"":0.0,""molecular_formula"":0.0,""no_radicals"":0.0,""planar_aromatic_rings"":0.0,""planar_double_bonds"":0.0,""reference_file_loads"":0.0,""sanitisation"":0.0,""tetrahedral_chirality"":0.0}",1,0.0,,,1.0,100.0,0.0,1.0,1.0,1.0,1.0,1.0,100.0,0.0,1.0,1.0,1.0,1.0,1.0,100.0,0.0,1.0,1.0,1.0,1.0,1.0,100.0,0.0,1.0,1.0,1.0,1.0,1,-4.285455529197236,-4.285455529197236,-4.285455529197236,0.0,0.2895348214896709,0.2895348214896709,0.0,1.0,1.0,1.0,0.3380248662185696,0.3380248662185696,0.0,1.0,1.0,1.0,1000,0,0,0,0,0,1,0,0,0,0,1,1,1,core
3lka_3lka_conf0,generation,nextmol_dmt_l_raw,fixed,,nextmol_dmt_l_raw_fixed,NextMol DMT-L,nextmol_dmt_l_raw_fixed,3,12,1000,0.7,1000,1000,0,1.0,1000,1000,0,1.0,"{""all_atoms_connected"":0,""bond_angles"":0,""bond_lengths"":0,""bonds"":0,""double_bond_stereochemistry"":0,""energy_ratio"":0,""file_loads"":0,""inchi_convertible"":0,""internal_steric_clash"":0,""molecular_formula"":0,""no_radicals"":0,""planar_aromatic_rings"":0,""planar_double_bonds"":0,""reference_file_loads"":0,""sanitisation"":0,""tetrahedral_chirality"":0}","{""all_atoms_connected"":0.0,""bond_angles"":0.0,""bond_lengths"":0.0,""bonds"":0.0,""double_bond_stereochemistry"":0.0,""energy_ratio"":0.0,""file_loads"":0.0,""inchi_convertible"":0.0,""internal_steric_clash"":0.0,""molecular_formula"":0.0,""no_radicals"":0.0,""planar_aromatic_rings"":0.0,""planar_double_bonds"":0.0,""reference_file_loads"":0.0,""sanitisation"":0.0,""tetrahedral_chirality"":0.0}",1000,113.46861895235118,0.47112209093489393,0.8175453509806136,4.0,0.4,0.8807621098446179,0.412,3.3905615151586446,0.327906,0.0,1.0,0.1,0.0,1.0,1.0,1.0,0.0,1.0,0.1,0.0,1.0,1.0,1.0,0.0,1.0,0.1,0.0,1.0,1.0,1.0,0.0,1000,-52.21299794657121,-41.983205783584786,-51.447349328398666,2.1226565408351257,0.11742897100378451,0.586088991993351,1.0,1.0,1.0,1.0,0.4938171586377194,0.6821446412415276,0.0,1.0,1.0,1.0,1000,0,0,0,0,0,1000,0,0,0,0,1000,1000,1000,core
3lka_3lka_conf0,generation,nextmol_dmt_l_raw,dynamic,,nextmol_dmt_l_raw_dynamic,NextMol DMT-L,nextmol_dmt_l_raw_dynamic,3,12,46,0.7,46,46,0,1.0,46,46,0,1.0,"{""all_atoms_connected"":0,""bond_angles"":0,""bond_lengths"":0,""bonds"":0,""double_bond_stereochemistry"":0,""energy_ratio"":0,""file_loads"":0,""inchi_convertible"":0,""internal_steric_clash"":0,""molecular_formula"":0,""no_radicals"":0,""planar_aromatic_rings"":0,""planar_double_bonds"":0,""reference_file_loads"":0,""sanitisation"":0,""tetrahedral_chirality"":0}","{""all_atoms_connected"":0.0,""bond_angles"":0.0,""bond_lengths"":0.0,""bonds"":0.0,""double_bond_stereochemistry"":0.0,""energy_ratio"":0.0,""file_loads"":0.0,""inchi_convertible"":0.0,""internal_steric_clash"":0.0,""molecular_formula"":0.0,""no_radicals"":0.0,""planar_aromatic_rings"":0.0,""planar_double_bonds"":0.0,""reference_file_loads"":0.0,""sanitisation"":0.0,""tetrahedral_chirality"":0.0}",46,112.10235890209506,0.4963495216322835,0.8198301329740241,4.0,8.695652173913043,0.918050193912513,0.41304347826086957,3.570436320839292,0.3052930056710775,0.0,1.0,2.1739130434782608,0.0,1.0,1.0,1.0,0.0,1.0,2.1739130434782608,0.0,1.0,1.0,1.0,0.0,1.0,2.1739130434782608,0.0,1.0,1.0,1.0,0.0,46,-51.979478812894385,-41.98750495195503,-51.37455222959515,2.3339204941862683,0.21007616995153897,0.5881749164057137,1.0,1.0,1.0,1.0,0.5314344677869937,0.6835976782778423,0.0,0.0,1.0,1.0,1000,0,0,0,0,0,46,0,0,0,0,46,46,46,core
3lka_3lka_conf0,generation,nextmol_dmt_l_raw,chembl_count,,nextmol_dmt_l_raw_chembl_count,NextMol DMT-L,nextmol_dmt_l_raw_chembl_count,3,12,4,0.7,4,4,0,1.0,4,4,0,1.0,"{""all_atoms_connected"":0,""bond_angles"":0,""bond_lengths"":0,""bonds"":0,""double_bond_stereochemistry"":0,""energy_ratio"":0,""file_loads"":0,""inchi_convertible"":0,""internal_steric_clash"":0,""molecular_formula"":0,""no_radicals"":0,""planar_aromatic_rings"":0,""planar_double_bonds"":0,""reference_file_loads"":0,""sanitisation"":0,""tetrahedral_chirality"":0}","{""all_atoms_connected"":0.0,""bond_angles"":0.0,""bond_lengths"":0.0,""bonds"":0.0,""double_bond_stereochemistry"":0.0,""energy_ratio"":0.0,""file_loads"":0.0,""inchi_convertible"":0.0,""internal_steric_clash"":0.0,""molecular_formula"":0.0,""no_radicals"":0.0,""planar_aromatic_rings"":0.0,""planar_double_bonds"":0.0,""reference_file_loads"":0.0,""sanitisation"":0.0,""tetrahedral_chirality"":0.0}",4,112.48768357895422,0.566697989054384,0.7815949371269395,3.0,75.0,0.946394630357186,0.5,2.82842712474619,0.375,0.6666666666666666,1.0,25.0,0.0,1.0,1.0,1.0,0.0,1.0,25.0,0.0,1.0,1.0,1.0,0.0,1.0,25.0,0.0,1.0,1.0,1.0,0.0,4,-51.140353034257984,-49.27371271996178,-49.422626427908476,0.7694355462252962,0.2362523699867787,0.7059865961926564,1.0,1.0,1.0,1.0,0.5460535942095016,0.8211878374303463,0.0,0.0,1.0,1.0,1000,0,0,0,0,0,4,0,0,0,0,4,4,4,core
3nx7_3nx7_conf0,generation,nextmol_dmt_l_raw,fixed,,nextmol_dmt_l_raw_fixed,NextMol DMT-L,nextmol_dmt_l_raw_fixed,9,20,1000,0.7,1000,1000,0,1.0,1000,1000,0,1.0,"{""all_atoms_connected"":0,""bond_angles"":0,""bond_lengths"":0,""bonds"":0,""double_bond_stereochemistry"":0,""energy_ratio"":0,""file_loads"":0,""inchi_convertible"":0,""internal_steric_clash"":0,""molecular_formula"":0,""no_radicals"":0,""planar_aromatic_rings"":0,""planar_double_bonds"":0,""reference_file_loads"":0,""sanitisation"":0,""tetrahedral_chirality"":0}","{""all_atoms_connected"":0.0,""bond_angles"":0.0,""bond_lengths"":0.0,""bonds"":0.0,""double_bond_stereochemistry"":0.0,""energy_ratio"":0.0,""file_loads"":0.0,""inchi_convertible"":0.0,""internal_steric_clash"":0.0,""molecular_formula"":0.0,""no_radicals"":0.0,""planar_aromatic_rings"":0.0,""planar_double_bonds"":0.0,""reference_file_loads"":0.0,""sanitisation"":0.0,""tetrahedral_chirality"":0.0}",1000,102.37542382947022,1.817788125275059,2.5712746536941307,261.0,26.1,0.9334152318094228,0.019,180.18932540065273,0.007248,0.3524904214559387,35.0,3.5,0.8838795919908825,0.106,23.161689381426264,0.05517999999999999,0.05714285714285714,3.0,0.3,0.9685873718431777,0.421,2.8982351690762074,0.35508599999999996,0.0,1.0,0.1,0.0,1.0,1.0,1.0,0.0,1000,44.65985102976882,147.7841015502999,54.02935100853688,5.015118503750791,0.5093084401203478,1.9369883405799402,0.0,0.0,1.0,1.0,0.5336825053325475,1.9603787216724027,0.0,0.0,1.0,1.0,1000,0,0,0,0,0,1000,0,0,0,0,1000,1000,1000,core
3nx7_3nx7_conf0,generation,nextmol_dmt_l_raw,dynamic,,nextmol_dmt_l_raw_dynamic,NextMol DMT-L,nextmol_dmt_l_raw_dynamic,9,20,178,0.7,178,178,0,1.0,178,178,0,1.0,"{""all_atoms_connected"":0,""bond_angles"":0,""bond_lengths"":0,""bonds"":0,""double_bond_stereochemistry"":0,""energy_ratio"":0,""file_loads"":0,""inchi_convertible"":0,""internal_steric_clash"":0,""molecular_formula"":0,""no_radicals"":0,""planar_aromatic_rings"":0,""planar_double_bonds"":0,""reference_file_loads"":0,""sanitisation"":0,""tetrahedral_chirality"":0}","{""all_atoms_connected"":0.0,""bond_angles"":0.0,""bond_lengths"":0.0,""bonds"":0.0,""double_bond_stereochemistry"":0.0,""energy_ratio"":0.0,""file_loads"":0.0,""inchi_convertible"":0.0,""internal_steric_clash"":0.0,""molecular_formula"":0.0,""no_radicals"":0.0,""planar_aromatic_rings"":0.0,""planar_double_bonds"":0.0,""reference_file_loads"":0.0,""sanitisation"":0.0,""tetrahedral_chirality"":0.0}",178,101.93906180669055,1.7802216490984313,2.507649429019889,96.0,53.93258426966292,0.9541543823331895,0.05056179775280899,77.87405400173832,0.016222699154147202,0.5625,24.0,13.48314606741573,0.9062565619766315,0.12359550561797752,17.81662727877894,0.06811008711021335,0.125,4.0,2.247191011235955,0.9246424197508072,0.43820224719101125,3.603215252484592,0.3044438833480621,0.0,1.0,0.5617977528089888,0.0,1.0,1.0,1.0,0.0,178,45.599717546395176,66.51832351759805,54.01744976035784,3.5462137180973925,0.5093084401203478,1.8475251799842503,0.0,0.0,1.0,1.0,0.5336825053325475,1.8712436608420115,0.0,0.0,1.0,1.0,1000,0,0,0,0,0,178,0,0,0,0,178,178,178,core
3nx7_3nx7_conf0,generation,nextmol_dmt_l_raw,chembl_count,,nextmol_dmt_l_raw_chembl_count,NextMol DMT-L,nextmol_dmt_l_raw_chembl_count,9,20,111,0.7,111,111,0,1.0,111,111,0,1.0,"{""all_atoms_connected"":0,""bond_angles"":0,""bond_lengths"":0,""bonds"":0,""double_bond_stereochemistry"":0,""energy_ratio"":0,""file_loads"":0,""inchi_convertible"":0,""internal_steric_clash"":0,""molecular_formula"":0,""no_radicals"":0,""planar_aromatic_rings"":0,""planar_double_bonds"":0,""reference_file_loads"":0,""sanitisation"":0,""tetrahedral_chirality"":0}","{""all_atoms_connected"":0.0,""bond_angles"":0.0,""bond_lengths"":0.0,""bonds"":0.0,""double_bond_stereochemistry"":0.0,""energy_ratio"":0.0,""file_loads"":0.0,""inchi_convertible"":0.0,""internal_steric_clash"":0.0,""molecular_formula"":0.0,""no_radicals"":0.0,""planar_aromatic_rings"":0.0,""planar_double_bonds"":0.0,""reference_file_loads"":0.0,""sanitisation"":0.0,""tetrahedral_chirality"":0.0}",111,100.57992027021,1.7576981375906344,2.437710788534978,75.0,67.56756756756756,0.9674904092693213,0.04504504504504504,65.17841409676839,0.018099180261342423,0.7066666666666667,21.0,18.91891891891892,0.9265433834060208,0.11711711711711711,16.791656402009092,0.06890674458242024,0.09523809523809523,2.0,1.8018018018018018,0.9900829509840567,0.5585585585585585,1.9862991943137736,0.5068582095609122,0.0,1.0,0.9009009009009009,0.0,1.0,1.0,1.0,0.0,111,45.088098098583515,62.649799254338475,53.42257405586112,3.790544872723062,0.6254517311854976,1.9919001539879237,0.0,0.0,1.0,1.0,0.6575530934782188,2.01268741549721,0.0,0.0,1.0,1.0,1000,0,0,0,0,0,111,0,0,0,0,111,111,111,core
3pxf_3pxf_conf0,generation,nextmol_dmt_l_raw,fixed,,nextmol_dmt_l_raw_fixed,NextMol DMT-L,nextmol_dmt_l_raw_fixed,3,21,1000,0.7,1000,1000,0,1.0,1000,1000,0,1.0,"{""all_atoms_connected"":0,""bond_angles"":0,""bond_lengths"":0,""bonds"":0,""double_bond_stereochemistry"":0,""energy_ratio"":0,""file_loads"":0,""inchi_convertible"":0,""internal_steric_clash"":0,""molecular_formula"":0,""no_radicals"":0,""planar_aromatic_rings"":0,""planar_double_bonds"":0,""reference_file_loads"":0,""sanitisation"":0,""tetrahedral_chirality"":0}","{""all_atoms_connected"":0.0,""bond_angles"":0.0,""bond_lengths"":0.0,""bonds"":0.0,""double_bond_stereochemistry"":0.0,""energy_ratio"":0.0,""file_loads"":0.0,""inchi_convertible"":0.0,""internal_steric_clash"":0.0,""molecular_formula"":0.0,""no_radicals"":0.0,""planar_aromatic_rings"":0.0,""planar_double_bonds"":0.0,""reference_file_loads"":0.0,""sanitisation"":0.0,""tetrahedral_chirality"":0.0}",1000,88.01633341417643,0.6667943092415347,1.2495398398311097,11.0,1.1,0.5250015933930865,0.458,3.5215415673466284,0.36939799999999995,0.09090909090909091,3.0,0.3,0.32714645581591195,0.911,1.432479869142773,0.834102,0.0,1.0,0.1,0.0,1.0,1.0,1.0,0.0,1.0,0.1,0.0,1.0,1.0,1.0,0.0,1000,86.68587355061801,118.65955497396888,91.0336082362995,4.959923191478226,0.21542144917730188,0.9108977315811089,1.0,1.0,1.0,1.0,0.13450224492609403,0.8848275403689203,1.0,1.0,1.0,1.0,1000,0,0,0,0,0,1000,0,0,0,0,1000,1000,1000,core
3pxf_3pxf_conf0,generation,nextmol_dmt_l_raw,dynamic,,nextmol_dmt_l_raw_dynamic,NextMol DMT-L,nextmol_dmt_l_raw_dynamic,3,21,46,0.7,46,46,0,1.0,46,46,0,1.0,"{""all_atoms_connected"":0,""bond_angles"":0,""bond_lengths"":0,""bonds"":0,""double_bond_stereochemistry"":0,""energy_ratio"":0,""file_loads"":0,""inchi_convertible"":0,""internal_steric_clash"":0,""molecular_formula"":0,""no_radicals"":0,""planar_aromatic_rings"":0,""planar_double_bonds"":0,""reference_file_loads"":0,""sanitisation"":0,""tetrahedral_chirality"":0}","{""all_atoms_connected"":0.0,""bond_angles"":0.0,""bond_lengths"":0.0,""bonds"":0.0,""double_bond_stereochemistry"":0.0,""energy_ratio"":0.0,""file_loads"":0.0,""inchi_convertible"":0.0,""internal_steric_clash"":0.0,""molecular_formula"":0.0,""no_radicals"":0.0,""planar_aromatic_rings"":0.0,""planar_double_bonds"":0.0,""reference_file_loads"":0.0,""sanitisation"":0.0,""tetrahedral_chirality"":0.0}",46,86.93507968219923,0.6969365850628835,1.475939756566838,4.0,8.695652173913043,0.7708446124200048,0.4782608695652174,2.9113518876174473,0.39130434782608703,0.0,3.0,6.521739130434782,0.4280272187063686,0.8695652173913043,1.6003717761615053,0.7655954631379962,0.0,1.0,2.1739130434782608,0.0,1.0,1.0,1.0,0.0,1.0,2.1739130434782608,0.0,1.0,1.0,1.0,0.0,46,88.23868934799107,117.88482079101799,91.21969415288359,5.662872165930014,0.22331716817698333,0.8990757898121672,1.0,1.0,1.0,1.0,0.15504573312459335,0.8830517199511556,1.0,1.0,1.0,1.0,1000,0,0,0,0,0,46,0,0,0,0,46,46,46,core
3pxf_3pxf_conf0,generation,nextmol_dmt_l_raw,chembl_count,,nextmol_dmt_l_raw_chembl_count,NextMol DMT-L,nextmol_dmt_l_raw_chembl_count,3,21,7,0.7,7,7,0,1.0,7,7,0,1.0,"{""all_atoms_connected"":0,""bond_angles"":0,""bond_lengths"":0,""bonds"":0,""double_bond_stereochemistry"":0,""energy_ratio"":0,""file_loads"":0,""inchi_convertible"":0,""internal_steric_clash"":0,""molecular_formula"":0,""no_radicals"":0,""planar_aromatic_rings"":0,""planar_double_bonds"":0,""reference_file_loads"":0,""sanitisation"":0,""tetrahedral_chirality"":0}","{""all_atoms_connected"":0.0,""bond_angles"":0.0,""bond_lengths"":0.0,""bonds"":0.0,""double_bond_stereochemistry"":0.0,""energy_ratio"":0.0,""file_loads"":0.0,""inchi_convertible"":0.0,""internal_steric_clash"":0.0,""molecular_formula"":0.0,""no_radicals"":0.0,""planar_aromatic_rings"":0.0,""planar_double_bonds"":0.0,""reference_file_loads"":0.0,""sanitisation"":0.0,""tetrahedral_chirality"":0.0}",7,65.85492872215151,0.19881867235991552,0.5184214591009821,1.0,14.285714285714286,0.0,1.0,1.0,1.0,0.0,1.0,14.285714285714286,0.0,1.0,1.0,1.0,0.0,1.0,14.285714285714286,0.0,1.0,1.0,1.0,0.0,1.0,14.285714285714286,0.0,1.0,1.0,1.0,0.0,7,88.9942661439197,93.60514662954799,91.38418594464125,1.8187181993787565,0.23942463840697878,0.27644502955439365,1.0,1.0,1.0,1.0,0.1790824309563052,0.22516000694007254,1.0,1.0,1.0,1.0,1000,0,0,0,0,0,7,0,0,0,0,7,7,7,core
3qqs_3qqs_conf0,generation,nextmol_dmt_l_raw,fixed,,nextmol_dmt_l_raw_fixed,NextMol DMT-L,nextmol_dmt_l_raw_fixed,4,19,1000,0.7,1000,1000,0,1.0,1000,1000,0,1.0,"{""all_atoms_connected"":0,""bond_angles"":0,""bond_lengths"":0,""bonds"":0,""double_bond_stereochemistry"":0,""energy_ratio"":0,""file_loads"":0,""inchi_convertible"":0,""internal_steric_clash"":0,""molecular_formula"":0,""no_radicals"":0,""planar_aromatic_rings"":0,""planar_double_bonds"":0,""reference_file_loads"":0,""sanitisation"":0,""tetrahedral_chirality"":0}","{""all_atoms_connected"":0.0,""bond_angles"":0.0,""bond_lengths"":0.0,""bonds"":0.0,""double_bond_stereochemistry"":0.0,""energy_ratio"":0.0,""file_loads"":0.0,""inchi_convertible"":0.0,""internal_steric_clash"":0.0,""molecular_formula"":0.0,""no_radicals"":0.0,""planar_aromatic_rings"":0.0,""planar_double_bonds"":0.0,""reference_file_loads"":0.0,""sanitisation"":0.0,""tetrahedral_chirality"":0.0}",1000,97.30119521094093,1.298037576146806,2.266201394884166,8.0,0.8,0.737491542845013,0.286,4.6346957306345,0.234752,0.125,4.0,0.4,0.9945109851075801,0.303,3.969677950891615,0.253946,0.0,2.0,0.2,0.9322691915480671,0.652,1.9082751317187616,0.546208,0.0,1.0,0.1,0.0,1.0,1.0,1.0,0.0,1000,139.48294027352017,151.04940333496754,144.1607248409029,1.8565842241758366,0.431689584972981,1.5631444672900598,0.0,1.0,1.0,1.0,0.36491404450993714,1.5181612008800909,0.0,1.0,1.0,1.0,1000,0,0,0,0,0,1000,0,0,0,0,1000,1000,1000,core
3qqs_3qqs_conf0,generation,nextmol_dmt_l_raw,dynamic,,nextmol_dmt_l_raw_dynamic,NextMol DMT-L,nextmol_dmt_l_raw_dynamic,4,19,68,0.7,68,68,0,1.0,68,68,0,1.0,"{""all_atoms_connected"":0,""bond_angles"":0,""bond_lengths"":0,""bonds"":0,""double_bond_stereochemistry"":0,""energy_ratio"":0,""file_loads"":0,""inchi_convertible"":0,""internal_steric_clash"":0,""molecular_formula"":0,""no_radicals"":0,""planar_aromatic_rings"":0,""planar_double_bonds"":0,""reference_file_loads"":0,""sanitisation"":0,""tetrahedral_chirality"":0}","{""all_atoms_connected"":0.0,""bond_angles"":0.0,""bond_lengths"":0.0,""bonds"":0.0,""double_bond_stereochemistry"":0.0,""energy_ratio"":0.0,""file_loads"":0.0,""inchi_convertible"":0.0,""internal_steric_clash"":0.0,""molecular_formula"":0.0,""no_radicals"":0.0,""planar_aromatic_rings"":0.0,""planar_double_bonds"":0.0,""reference_file_loads"":0.0,""sanitisation"":0.0,""tetrahedral_chirality"":0.0}",68,99.1421520672283,1.28920022820344,2.246421829196348,5.0,7.352941176470588,0.890396016493779,0.27941176470588236,4.19140963613055,0.24740484429065746,0.2,4.0,5.882352941176471,0.9955026706880228,0.27941176470588236,3.97513909065793,0.2530276816608997,0.0,2.0,2.9411764705882355,0.8546480601169081,0.7205882352941176,1.8083175692248337,0.597318339100346,0.0,1.0,1.4705882352941178,0.0,1.0,1.0,1.0,0.0,68,139.72295718606168,149.343024941992,144.37182326674778,2.0032169569205305,0.48118996290279253,1.5602356467277492,0.0,1.0,1.0,1.0,0.41460488623356395,1.5233269085513157,0.0,1.0,1.0,1.0,1000,0,0,0,0,0,68,0,0,0,0,68,68,68,core
3qqs_3qqs_conf0,generation,nextmol_dmt_l_raw,chembl_count,,nextmol_dmt_l_raw_chembl_count,NextMol DMT-L,nextmol_dmt_l_raw_chembl_count,4,19,7,0.7,7,7,0,1.0,7,7,0,1.0,"{""all_atoms_connected"":0,""bond_angles"":0,""bond_lengths"":0,""bonds"":0,""double_bond_stereochemistry"":0,""energy_ratio"":0,""file_loads"":0,""inchi_convertible"":0,""internal_steric_clash"":0,""molecular_formula"":0,""no_radicals"":0,""planar_aromatic_rings"":0,""planar_double_bonds"":0,""reference_file_loads"":0,""sanitisation"":0,""tetrahedral_chirality"":0}","{""all_atoms_connected"":0.0,""bond_angles"":0.0,""bond_lengths"":0.0,""bonds"":0.0,""double_bond_stereochemistry"":0.0,""energy_ratio"":0.0,""file_loads"":0.0,""inchi_convertible"":0.0,""internal_steric_clash"":0.0,""molecular_formula"":0.0,""no_radicals"":0.0,""planar_aromatic_rings"":0.0,""planar_double_bonds"":0.0,""reference_file_loads"":0.0,""sanitisation"":0.0,""tetrahedral_chirality"":0.0}",7,91.5178807024586,1.2987748601447313,2.2736704789310633,3.0,42.857142857142854,0.9821410328348751,0.42857142857142855,2.941713421083178,0.346938775510204,0.0,3.0,42.857142857142854,0.9821410328348751,0.42857142857142855,2.941713421083178,0.346938775510204,0.0,2.0,28.571428571428573,0.9852281360342515,0.5714285714285714,1.9796263300525183,0.510204081632653,0.0,1.0,14.285714285714286,0.0,1.0,1.0,1.0,0.0,7,140.66130075544442,146.7080171492888,143.91353180846073,1.7858887953694653,0.5390084592016643,1.5554903299694747,0.0,0.0,1.0,1.0,0.4866509783589312,1.4969143703272323,0.0,1.0,1.0,1.0,1000,0,0,0,0,0,7,0,0,0,0,7,7,7,core
3rlr_3rlr_conf0,generation,nextmol_dmt_l_raw,fixed,,nextmol_dmt_l_raw_fixed,NextMol DMT-L,nextmol_dmt_l_raw_fixed,2,23,1000,0.7,1000,1000,0,1.0,1000,1000,0,1.0,"{""all_atoms_connected"":0,""bond_angles"":0,""bond_lengths"":0,""bonds"":0,""double_bond_stereochemistry"":0,""energy_ratio"":0,""file_loads"":0,""inchi_convertible"":0,""internal_steric_clash"":0,""molecular_formula"":0,""no_radicals"":0,""planar_aromatic_rings"":0,""planar_double_bonds"":0,""reference_file_loads"":0,""sanitisation"":0,""tetrahedral_chirality"":0}","{""all_atoms_connected"":0.0,""bond_angles"":0.0,""bond_lengths"":0.0,""bonds"":0.0,""double_bond_stereochemistry"":0.0,""energy_ratio"":0.0,""file_loads"":0.0,""inchi_convertible"":0.0,""internal_steric_clash"":0.0,""molecular_formula"":0.0,""no_radicals"":0.0,""planar_aromatic_rings"":0.0,""planar_double_bonds"":0.0,""reference_file_loads"":0.0,""sanitisation"":0.0,""tetrahedral_chirality"":0.0}",1000,109.3822434416074,1.3138776310721036,2.1911021289332564,6.0,0.6,0.9351266488044478,0.243,5.341582876788007,0.199972,0.0,4.0,0.4,0.9973408975243261,0.279,3.9852819491623808,0.25185,0.0,2.0,0.2,0.9999740313334506,0.503,1.9999640001079988,0.500018,0.0,1.0,0.1,0.0,1.0,1.0,1.0,0.0,1000,54.701086052247945,160.420288723992,60.86448663724276,4.500654202890096,0.1604407717191046,1.7375200274974234,1.0,1.0,1.0,1.0,0.16310407999986914,1.7570145458091049,1.0,1.0,1.0,1.0,1000,0,0,0,0,0,1000,0,0,0,0,1000,1000,1000,core
3rlr_3rlr_conf0,generation,nextmol_dmt_l_raw,dynamic,,nextmol_dmt_l_raw_dynamic,NextMol DMT-L,nextmol_dmt_l_raw_dynamic,2,23,24,0.7,24,24,0,1.0,24,24,0,1.0,"{""all_atoms_connected"":0,""bond_angles"":0,""bond_lengths"":0,""bonds"":0,""double_bond_stereochemistry"":0,""energy_ratio"":0,""file_loads"":0,""inchi_convertible"":0,""internal_steric_clash"":0,""molecular_formula"":0,""no_radicals"":0,""planar_aromatic_rings"":0,""planar_double_bonds"":0,""reference_file_loads"":0,""sanitisation"":0,""tetrahedral_chirality"":0}","{""all_atoms_connected"":0.0,""bond_angles"":0.0,""bond_lengths"":0.0,""bonds"":0.0,""double_bond_stereochemistry"":0.0,""energy_ratio"":0.0,""file_loads"":0.0,""inchi_convertible"":0.0,""internal_steric_clash"":0.0,""molecular_formula"":0.0,""no_radicals"":0.0,""planar_aromatic_rings"":0.0,""planar_double_bonds"":0.0,""reference_file_loads"":0.0,""sanitisation"":0.0,""tetrahedral_chirality"":0.0}",24,106.90682262873126,1.340043013772388,2.193063698775031,5.0,20.833333333333332,0.8690597060532622,0.3333333333333333,4.049922070538417,0.2743055555555555,0.2,4.0,16.666666666666668,0.9145861360393776,0.375,3.5533314610122417,0.3020833333333333,0.0,2.0,8.333333333333334,0.99498482818597,0.5416666666666666,1.9930595659329764,0.5034722222222221,0.0,1.0,4.166666666666667,0.0,1.0,1.0,1.0,0.0,24,55.74889006434186,62.70061549188522,60.77348762574515,2.0694089126088695,0.18936283466498066,1.814355220837203,1.0,1.0,1.0,1.0,0.2191640733808189,1.837004872145157,1.0,1.0,1.0,1.0,1000,0,0,0,0,0,24,0,0,0,0,24,24,24,core
3rlr_3rlr_conf0,generation,nextmol_dmt_l_raw,chembl_count,,nextmol_dmt_l_raw_chembl_count,NextMol DMT-L,nextmol_dmt_l_raw_chembl_count,2,23,9,0.7,9,9,0,1.0,9,9,0,1.0,"{""all_atoms_connected"":0,""bond_angles"":0,""bond_lengths"":0,""bonds"":0,""double_bond_stereochemistry"":0,""energy_ratio"":0,""file_loads"":0,""inchi_convertible"":0,""internal_steric_clash"":0,""molecular_formula"":0,""no_radicals"":0,""planar_aromatic_rings"":0,""planar_double_bonds"":0,""reference_file_loads"":0,""sanitisation"":0,""tetrahedral_chirality"":0}","{""all_atoms_connected"":0.0,""bond_angles"":0.0,""bond_lengths"":0.0,""bonds"":0.0,""double_bond_stereochemistry"":0.0,""energy_ratio"":0.0,""file_loads"":0.0,""inchi_convertible"":0.0,""internal_steric_clash"":0.0,""molecular_formula"":0.0,""no_radicals"":0.0,""planar_aromatic_rings"":0.0,""planar_double_bonds"":0.0,""reference_file_loads"":0.0,""sanitisation"":0.0,""tetrahedral_chirality"":0.0}",9,105.49049970326764,1.1300524316632414,2.128324425143745,4.0,44.44444444444444,0.8763576394898526,0.4444444444444444,3.369922186199325,0.3333333333333333,0.5,3.0,33.333333333333336,0.6223659728744494,0.7777777777777778,1.9812716892692186,0.6296296296296298,0.6666666666666666,2.0,22.22222222222222,0.7642045065086203,0.7777777777777778,1.6984332340231805,0.654320987654321,0.0,1.0,11.11111111111111,0.0,1.0,1.0,1.0,0.0,9,55.306169582783696,61.66287764524138,60.08736123376373,1.9255088020546058,0.17731617387290535,1.9179089448098523,1.0,1.0,1.0,1.0,0.20840789596356438,1.9303017538321021,1.0,1.0,1.0,1.0,1000,0,0,0,0,0,9,0,0,0,0,9,9,9,core
3rsx_3rsx_conf0,generation,nextmol_dmt_l_raw,fixed,,nextmol_dmt_l_raw_fixed,NextMol DMT-L,nextmol_dmt_l_raw_fixed,2,16,1000,0.7,1000,1000,0,1.0,1000,1000,0,1.0,"{""all_atoms_connected"":0,""bond_angles"":0,""bond_lengths"":0,""bonds"":0,""double_bond_stereochemistry"":0,""energy_ratio"":0,""file_loads"":0,""inchi_convertible"":0,""internal_steric_clash"":0,""molecular_formula"":0,""no_radicals"":0,""planar_aromatic_rings"":0,""planar_double_bonds"":0,""reference_file_loads"":0,""sanitisation"":0,""tetrahedral_chirality"":0}","{""all_atoms_connected"":0.0,""bond_angles"":0.0,""bond_lengths"":0.0,""bonds"":0.0,""double_bond_stereochemistry"":0.0,""energy_ratio"":0.0,""file_loads"":0.0,""inchi_convertible"":0.0,""internal_steric_clash"":0.0,""molecular_formula"":0.0,""no_radicals"":0.0,""planar_aromatic_rings"":0.0,""planar_double_bonds"":0.0,""reference_file_loads"":0.0,""sanitisation"":0.0,""tetrahedral_chirality"":0.0}",1000,114.72519282451863,0.5895937608733065,1.0116340520064284,3.0,0.3,0.897360078587345,0.513,2.6800911622153474,0.40276599999999996,0.0,2.0,0.2,0.9988455359952018,0.52,1.9984002132308607,0.5008,0.0,1.0,0.1,0.0,1.0,1.0,1.0,0.0,1.0,0.1,0.0,1.0,1.0,1.0,0.0,1000,-3.9549778870893313,-0.17565130177976584,-2.9228967640269854,0.5065024638505092,0.09401649073371716,0.5482761096470219,1.0,1.0,1.0,1.0,0.08826131569128237,0.4351888876659922,1.0,1.0,1.0,1.0,1000,0,0,0,0,0,1000,0,0,0,0,1000,1000,1000,core
3rsx_3rsx_conf0,generation,nextmol_dmt_l_raw,dynamic,,nextmol_dmt_l_raw_dynamic,NextMol DMT-L,nextmol_dmt_l_raw_dynamic,2,16,24,0.7,24,24,0,1.0,24,24,0,1.0,"{""all_atoms_connected"":0,""bond_angles"":0,""bond_lengths"":0,""bonds"":0,""double_bond_stereochemistry"":0,""energy_ratio"":0,""file_loads"":0,""inchi_convertible"":0,""internal_steric_clash"":0,""molecular_formula"":0,""no_radicals"":0,""planar_aromatic_rings"":0,""planar_double_bonds"":0,""reference_file_loads"":0,""sanitisation"":0,""tetrahedral_chirality"":0}","{""all_atoms_connected"":0.0,""bond_angles"":0.0,""bond_lengths"":0.0,""bonds"":0.0,""double_bond_stereochemistry"":0.0,""energy_ratio"":0.0,""file_loads"":0.0,""inchi_convertible"":0.0,""internal_steric_clash"":0.0,""molecular_formula"":0.0,""no_radicals"":0.0,""planar_aromatic_rings"":0.0,""planar_double_bonds"":0.0,""reference_file_loads"":0.0,""sanitisation"":0.0,""tetrahedral_chirality"":0.0}",24,113.11875859986023,0.5892774732586048,1.0121144038094063,2.0,8.333333333333334,1.0,0.5,2.0,0.5,0.0,2.0,8.333333333333334,1.0,0.5,2.0,0.5,0.0,1.0,4.166666666666667,0.0,1.0,1.0,1.0,0.0,1.0,4.166666666666667,0.0,1.0,1.0,1.0,0.0,24,-3.6012036298288415,-2.3305329228879827,-3.012139600200488,0.29700113364648595,0.09787915438998397,0.6586087323272154,1.0,1.0,1.0,1.0,0.09447161618136697,0.6944857581957924,1.0,1.0,1.0,1.0,1000,0,0,0,0,0,24,0,0,0,0,24,24,24,core
3rsx_3rsx_conf0,generation,nextmol_dmt_l_raw,chembl_count,,nextmol_dmt_l_raw_chembl_count,NextMol DMT-L,nextmol_dmt_l_raw_chembl_count,2,16,4,0.7,4,4,0,1.0,4,4,0,1.0,"{""all_atoms_connected"":0,""bond_angles"":0,""bond_lengths"":0,""bonds"":0,""double_bond_stereochemistry"":0,""energy_ratio"":0,""file_loads"":0,""inchi_convertible"":0,""internal_steric_clash"":0,""molecular_formula"":0,""no_radicals"":0,""planar_aromatic_rings"":0,""planar_double_bonds"":0,""reference_file_loads"":0,""sanitisation"":0,""tetrahedral_chirality"":0}","{""all_atoms_connected"":0.0,""bond_angles"":0.0,""bond_lengths"":0.0,""bonds"":0.0,""double_bond_stereochemistry"":0.0,""energy_ratio"":0.0,""file_loads"":0.0,""inchi_convertible"":0.0,""internal_steric_clash"":0.0,""molecular_formula"":0.0,""no_radicals"":0.0,""planar_aromatic_rings"":0.0,""planar_double_bonds"":0.0,""reference_file_loads"":0.0,""sanitisation"":0.0,""tetrahedral_chirality"":0.0}",4,81.80577628328993,0.691722152528039,1.011513347305772,2.0,50.0,1.0,0.5,2.0,0.5,0.0,1.0,25.0,0.0,1.0,1.0,1.0,0.0,1.0,25.0,0.0,1.0,1.0,1.0,0.0,1.0,25.0,0.0,1.0,1.0,1.0,0.0,4,-3.3981262724580077,-2.762465054224702,-2.925985804176893,0.24178408336166252,0.10401859295067925,0.4409382584373194,1.0,1.0,1.0,1.0,0.10131446546120375,0.4933503564033493,1.0,1.0,1.0,1.0,1000,0,0,0,0,0,4,0,0,0,0,4,4,4,core
3ryj_3ryj_conf0,generation,nextmol_dmt_l_raw,fixed,,nextmol_dmt_l_raw_fixed,NextMol DMT-L,nextmol_dmt_l_raw_fixed,4,18,1000,0.7,1000,1000,0,1.0,1000,1000,0,1.0,"{""all_atoms_connected"":0,""bond_angles"":0,""bond_lengths"":0,""bonds"":0,""double_bond_stereochemistry"":0,""energy_ratio"":0,""file_loads"":0,""inchi_convertible"":0,""internal_steric_clash"":0,""molecular_formula"":0,""no_radicals"":0,""planar_aromatic_rings"":0,""planar_double_bonds"":0,""reference_file_loads"":0,""sanitisation"":0,""tetrahedral_chirality"":0}","{""all_atoms_connected"":0.0,""bond_angles"":0.0,""bond_lengths"":0.0,""bonds"":0.0,""double_bond_stereochemistry"":0.0,""energy_ratio"":0.0,""file_loads"":0.0,""inchi_convertible"":0.0,""internal_steric_clash"":0.0,""molecular_formula"":0.0,""no_radicals"":0.0,""planar_aromatic_rings"":0.0,""planar_double_bonds"":0.0,""reference_file_loads"":0.0,""sanitisation"":0.0,""tetrahedral_chirality"":0.0}",1000,116.81903421513964,0.8589560582976553,1.1903685903042434,26.0,2.6,0.740603960114819,0.145,11.166957543497762,0.10652600000000001,0.2692307692307692,5.0,0.5,0.687138570605583,0.386,3.021963744612155,0.34383400000000003,0.0,1.0,0.1,0.0,1.0,1.0,1.0,0.0,1.0,0.1,0.0,1.0,1.0,1.0,0.0,1000,-13.920822382578795,10.312954543615657,-12.62613518444568,2.4805753051607664,0.38342431922330633,0.9535081969172435,0.0,1.0,1.0,1.0,0.3599757208731243,0.9039490933880121,0.0,1.0,1.0,1.0,1000,0,0,0,0,0,1000,0,0,0,0,1000,1000,1000,core
3ryj_3ryj_conf0,generation,nextmol_dmt_l_raw,dynamic,,nextmol_dmt_l_raw_dynamic,NextMol DMT-L,nextmol_dmt_l_raw_dynamic,4,18,68,0.7,68,68,0,1.0,68,68,0,1.0,"{""all_atoms_connected"":0,""bond_angles"":0,""bond_lengths"":0,""bonds"":0,""double_bond_stereochemistry"":0,""energy_ratio"":0,""file_loads"":0,""inchi_convertible"":0,""internal_steric_clash"":0,""molecular_formula"":0,""no_radicals"":0,""planar_aromatic_rings"":0,""planar_double_bonds"":0,""reference_file_loads"":0,""sanitisation"":0,""tetrahedral_chirality"":0}","{""all_atoms_connected"":0.0,""bond_angles"":0.0,""bond_lengths"":0.0,""bonds"":0.0,""double_bond_stereochemistry"":0.0,""energy_ratio"":0.0,""file_loads"":0.0,""inchi_convertible"":0.0,""internal_steric_clash"":0.0,""molecular_formula"":0.0,""no_radicals"":0.0,""planar_aromatic_rings"":0.0,""planar_double_bonds"":0.0,""reference_file_loads"":0.0,""sanitisation"":0.0,""tetrahedral_chirality"":0.0}",68,114.89328808054921,0.8493722185455637,1.1705865341997115,12.0,17.647058823529413,0.9129296267112884,0.17647058823529413,9.665326562120542,0.11548442906574397,0.25,3.0,4.411764705882353,0.9626316274984521,0.47058823529411764,2.8793337639664074,0.3620242214532872,0.0,1.0,1.4705882352941178,0.0,1.0,1.0,1.0,0.0,1.0,1.4705882352941178,0.0,1.0,1.0,1.0,0.0,68,-13.541317343166758,-5.004083489915493,-12.638439008475519,2.3875610492454196,0.41532415557024166,0.9019373283814944,0.0,1.0,1.0,1.0,0.41206548321891817,0.8794425621204531,0.0,1.0,1.0,1.0,1000,0,0,0,0,0,68,0,0,0,0,68,68,68,core
3ryj_3ryj_conf0,generation,nextmol_dmt_l_raw,chembl_count,,nextmol_dmt_l_raw_chembl_count,NextMol DMT-L,nextmol_dmt_l_raw_chembl_count,4,18,81,0.7,81,81,0,1.0,81,81,0,1.0,"{""all_atoms_connected"":0,""bond_angles"":0,""bond_lengths"":0,""bonds"":0,""double_bond_stereochemistry"":0,""energy_ratio"":0,""file_loads"":0,""inchi_convertible"":0,""internal_steric_clash"":0,""molecular_formula"":0,""no_radicals"":0,""planar_aromatic_rings"":0,""planar_double_bonds"":0,""reference_file_loads"":0,""sanitisation"":0,""tetrahedral_chirality"":0}","{""all_atoms_connected"":0.0,""bond_angles"":0.0,""bond_lengths"":0.0,""bonds"":0.0,""double_bond_stereochemistry"":0.0,""energy_ratio"":0.0,""file_loads"":0.0,""inchi_convertible"":0.0,""internal_steric_clash"":0.0,""molecular_formula"":0.0,""no_radicals"":0.0,""planar_aromatic_rings"":0.0,""planar_double_bonds"":0.0,""reference_file_loads"":0.0,""sanitisation"":0.0,""tetrahedral_chirality"":0.0}",81,116.62503748830072,0.8521951034053848,1.1917856208540132,13.0,16.049382716049383,0.9032927660867055,0.18518518518518517,10.144180587924387,0.11507392165828378,0.07692307692307693,3.0,3.7037037037037037,0.998333656208573,0.35802469135802467,2.9945130266403144,0.33455265965554026,0.0,1.0,1.2345679012345678,0.0,1.0,1.0,1.0,0.0,1.0,1.2345679012345678,0.0,1.0,1.0,1.0,0.0,81,-13.571547661663095,-3.1830589269798644,-12.693278648120797,2.2482205287356645,0.38342431922330633,0.9788571497084978,0.0,1.0,1.0,1.0,0.38346050736004006,0.9644542667069076,0.0,1.0,1.0,1.0,1000,0,0,0,0,0,81,0,0,0,0,81,81,81,core
3syr_3syr_conf0,generation,nextmol_dmt_l_raw,fixed,,nextmol_dmt_l_raw_fixed,NextMol DMT-L,nextmol_dmt_l_raw_fixed,6,20,6,0.7,6,6,0,1.0,1000,6,994,0.006,"{""all_atoms_connected"":0,""bond_angles"":0,""bond_lengths"":0,""bonds"":0,""double_bond_stereochemistry"":0,""energy_ratio"":0,""file_loads"":0,""inchi_convertible"":0,""internal_steric_clash"":0,""molecular_formula"":0,""no_radicals"":0,""planar_aromatic_rings"":0,""planar_double_bonds"":0,""reference_file_loads"":0,""sanitisation"":0,""tetrahedral_chirality"":994}","{""all_atoms_connected"":0.0,""bond_angles"":0.0,""bond_lengths"":0.0,""bonds"":0.0,""double_bond_stereochemistry"":0.0,""energy_ratio"":0.0,""file_loads"":0.0,""inchi_convertible"":0.0,""internal_steric_clash"":0.0,""molecular_formula"":0.0,""no_radicals"":0.0,""planar_aromatic_rings"":0.0,""planar_double_bonds"":0.0,""reference_file_loads"":0.0,""sanitisation"":0.0,""tetrahedral_chirality"":0.994}",6,83.49597990024121,1.2836879829366614,1.9866576222252723,4.0,66.66666666666667,0.9591479170272448,0.3333333333333333,3.77976314968462,0.2777777777777778,0.5,2.0,33.333333333333336,0.9182958340544894,0.6666666666666666,1.8898815748423097,0.5555555555555556,0.0,1.0,16.666666666666668,0.0,1.0,1.0,1.0,0.0,1.0,16.666666666666668,0.0,1.0,1.0,1.0,0.0,6,36.407006013767415,39.5544231336622,38.212333187370376,1.0382199388175237,0.4507427003445918,0.8022878825598784,0.0,1.0,1.0,1.0,0.44647375741338724,0.8450915756208908,0.0,1.0,1.0,1.0,1000,0,0,0,0,0,1000,0,0,0,0,6,1000,1000,core
3syr_3syr_conf0,generation,nextmol_dmt_l_raw,dynamic,,nextmol_dmt_l_raw_dynamic,NextMol DMT-L,nextmol_dmt_l_raw_dynamic,6,20,1,0.7,1,1,0,1.0,112,1,111,0.0089285714285714,"{""all_atoms_connected"":0,""bond_angles"":0,""bond_lengths"":0,""bonds"":0,""double_bond_stereochemistry"":0,""energy_ratio"":0,""file_loads"":0,""inchi_convertible"":0,""internal_steric_clash"":0,""molecular_formula"":0,""no_radicals"":0,""planar_aromatic_rings"":0,""planar_double_bonds"":0,""reference_file_loads"":0,""sanitisation"":0,""tetrahedral_chirality"":111}","{""all_atoms_connected"":0.0,""bond_angles"":0.0,""bond_lengths"":0.0,""bonds"":0.0,""double_bond_stereochemistry"":0.0,""energy_ratio"":0.0,""file_loads"":0.0,""inchi_convertible"":0.0,""internal_steric_clash"":0.0,""molecular_formula"":0.0,""no_radicals"":0.0,""planar_aromatic_rings"":0.0,""planar_double_bonds"":0.0,""reference_file_loads"":0.0,""sanitisation"":0.0,""tetrahedral_chirality"":0.9910714285714286}",1,0.0,,,1.0,100.0,0.0,1.0,1.0,1.0,1.0,1.0,100.0,0.0,1.0,1.0,1.0,1.0,1.0,100.0,0.0,1.0,1.0,1.0,1.0,1.0,100.0,0.0,1.0,1.0,1.0,1.0,1,39.009171487407265,39.009171487407265,39.009171487407265,0.0,1.9840395600729936,1.9840395600729936,0.0,0.0,0.0,1.0,1.9677104196048603,1.9677104196048603,0.0,0.0,0.0,1.0,1000,0,0,0,0,0,112,0,0,0,0,1,112,112,core
3syr_3syr_conf0,generation,nextmol_dmt_l_raw,chembl_count,,nextmol_dmt_l_raw_chembl_count,NextMol DMT-L,nextmol_dmt_l_raw_chembl_count,6,20,6,0.7,6,6,0,1.0,1000,6,994,0.006,"{""all_atoms_connected"":0,""bond_angles"":0,""bond_lengths"":0,""bonds"":0,""double_bond_stereochemistry"":0,""energy_ratio"":0,""file_loads"":0,""inchi_convertible"":0,""internal_steric_clash"":0,""molecular_formula"":0,""no_radicals"":0,""planar_aromatic_rings"":0,""planar_double_bonds"":0,""reference_file_loads"":0,""sanitisation"":0,""tetrahedral_chirality"":994}","{""all_atoms_connected"":0.0,""bond_angles"":0.0,""bond_lengths"":0.0,""bonds"":0.0,""double_bond_stereochemistry"":0.0,""energy_ratio"":0.0,""file_loads"":0.0,""inchi_convertible"":0.0,""internal_steric_clash"":0.0,""molecular_formula"":0.0,""no_radicals"":0.0,""planar_aromatic_rings"":0.0,""planar_double_bonds"":0.0,""reference_file_loads"":0.0,""sanitisation"":0.0,""tetrahedral_chirality"":0.994}",6,83.49597990024121,1.2836879829366614,1.9866576222252723,4.0,66.66666666666667,0.9591479170272448,0.3333333333333333,3.77976314968462,0.2777777777777778,0.5,2.0,33.333333333333336,0.9182958340544894,0.6666666666666666,1.8898815748423097,0.5555555555555556,0.0,1.0,16.666666666666668,0.0,1.0,1.0,1.0,0.0,1.0,16.666666666666668,0.0,1.0,1.0,1.0,0.0,6,36.407006013767415,39.5544231336622,38.212333187370376,1.0382199388175237,0.4507427003445918,0.8022878825598784,0.0,1.0,1.0,1.0,0.44647375741338724,0.8450915756208908,0.0,1.0,1.0,1.0,1000,0,0,0,0,0,1000,0,0,0,0,6,1344,1344,core
3twp_3twp_conf0,generation,nextmol_dmt_l_raw,fixed,,nextmol_dmt_l_raw_fixed,NextMol DMT-L,nextmol_dmt_l_raw_fixed,2,10,1000,0.7,1000,1000,0,1.0,1000,1000,0,1.0,"{""all_atoms_connected"":0,""bond_angles"":0,""bond_lengths"":0,""bonds"":0,""double_bond_stereochemistry"":0,""energy_ratio"":0,""file_loads"":0,""inchi_convertible"":0,""internal_steric_clash"":0,""molecular_formula"":0,""no_radicals"":0,""planar_aromatic_rings"":0,""planar_double_bonds"":0,""reference_file_loads"":0,""sanitisation"":0,""tetrahedral_chirality"":0}","{""all_atoms_connected"":0.0,""bond_angles"":0.0,""bond_lengths"":0.0,""bonds"":0.0,""double_bond_stereochemistry"":0.0,""energy_ratio"":0.0,""file_loads"":0.0,""inchi_convertible"":0.0,""internal_steric_clash"":0.0,""molecular_formula"":0.0,""no_radicals"":0.0,""planar_aromatic_rings"":0.0,""planar_double_bonds"":0.0,""reference_file_loads"":0.0,""sanitisation"":0.0,""tetrahedral_chirality"":0.0}",1000,166.65883264986758,0.01448794474497577,0.019740881862075985,1.0,0.1,0.0,1.0,1.0,1.0,0.0,1.0,0.1,0.0,1.0,1.0,1.0,0.0,1.0,0.1,0.0,1.0,1.0,1.0,0.0,1.0,0.1,0.0,1.0,1.0,1.0,0.0,1000,15.349378891626886,20.189369731489048,17.0597050690103,0.7361188310996227,0.06728636307775752,0.07613207982610161,1.0,1.0,1.0,1.0,0.05387781375987374,0.06434300706551582,1.0,1.0,1.0,1.0,1000,0,0,0,0,0,1000,0,0,0,0,1000,1000,1000,core
3twp_3twp_conf0,generation,nextmol_dmt_l_raw,dynamic,,nextmol_dmt_l_raw_dynamic,NextMol DMT-L,nextmol_dmt_l_raw_dynamic,2,10,24,0.7,24,24,0,1.0,24,24,0,1.0,"{""all_atoms_connected"":0,""bond_angles"":0,""bond_lengths"":0,""bonds"":0,""double_bond_stereochemistry"":0,""energy_ratio"":0,""file_loads"":0,""inchi_convertible"":0,""internal_steric_clash"":0,""molecular_formula"":0,""no_radicals"":0,""planar_aromatic_rings"":0,""planar_double_bonds"":0,""reference_file_loads"":0,""sanitisation"":0,""tetrahedral_chirality"":0}","{""all_atoms_connected"":0.0,""bond_angles"":0.0,""bond_lengths"":0.0,""bonds"":0.0,""double_bond_stereochemistry"":0.0,""energy_ratio"":0.0,""file_loads"":0.0,""inchi_convertible"":0.0,""internal_steric_clash"":0.0,""molecular_formula"":0.0,""no_radicals"":0.0,""planar_aromatic_rings"":0.0,""planar_double_bonds"":0.0,""reference_file_loads"":0.0,""sanitisation"":0.0,""tetrahedral_chirality"":0.0}",24,152.77914282919173,0.013509133404211957,0.017912516874854886,1.0,4.166666666666667,0.0,1.0,1.0,1.0,0.0,1.0,4.166666666666667,0.0,1.0,1.0,1.0,0.0,1.0,4.166666666666667,0.0,1.0,1.0,1.0,0.0,1.0,4.166666666666667,0.0,1.0,1.0,1.0,0.0,24,15.864203483777416,18.018978641634394,16.92679689638165,0.6857540736415491,0.07081377822931452,0.07439898848446157,1.0,1.0,1.0,1.0,0.056217323387833626,0.06587941735975483,1.0,1.0,1.0,1.0,1000,0,0,0,0,0,24,0,0,0,0,24,24,24,core
3twp_3twp_conf0,generation,nextmol_dmt_l_raw,chembl_count,,nextmol_dmt_l_raw_chembl_count,NextMol DMT-L,nextmol_dmt_l_raw_chembl_count,2,10,1,0.7,1,1,0,1.0,1,1,0,1.0,"{""all_atoms_connected"":0,""bond_angles"":0,""bond_lengths"":0,""bonds"":0,""double_bond_stereochemistry"":0,""energy_ratio"":0,""file_loads"":0,""inchi_convertible"":0,""internal_steric_clash"":0,""molecular_formula"":0,""no_radicals"":0,""planar_aromatic_rings"":0,""planar_double_bonds"":0,""reference_file_loads"":0,""sanitisation"":0,""tetrahedral_chirality"":0}","{""all_atoms_connected"":0.0,""bond_angles"":0.0,""bond_lengths"":0.0,""bonds"":0.0,""double_bond_stereochemistry"":0.0,""energy_ratio"":0.0,""file_loads"":0.0,""inchi_convertible"":0.0,""internal_steric_clash"":0.0,""molecular_formula"":0.0,""no_radicals"":0.0,""planar_aromatic_rings"":0.0,""planar_double_bonds"":0.0,""reference_file_loads"":0.0,""sanitisation"":0.0,""tetrahedral_chirality"":0.0}",1,0.0,,,1.0,100.0,0.0,1.0,1.0,1.0,1.0,1.0,100.0,0.0,1.0,1.0,1.0,1.0,1.0,100.0,0.0,1.0,1.0,1.0,1.0,1.0,100.0,0.0,1.0,1.0,1.0,1.0,1,16.930613344481927,16.930613344481927,16.930613344481927,0.0,0.0728826939227503,0.0728826939227503,1.0,1.0,1.0,1.0,0.05662892149371907,0.05662892149371907,1.0,1.0,1.0,1.0,1000,0,0,0,0,0,1,0,0,0,0,1,1,1,core
3u5j_3u5j_conf0,generation,nextmol_dmt_l_raw,fixed,,nextmol_dmt_l_raw_fixed,NextMol DMT-L,nextmol_dmt_l_raw_fixed,1,22,1000,0.7,1000,1000,0,1.0,1000,1000,0,1.0,"{""all_atoms_connected"":0,""bond_angles"":0,""bond_lengths"":0,""bonds"":0,""double_bond_stereochemistry"":0,""energy_ratio"":0,""file_loads"":0,""inchi_convertible"":0,""internal_steric_clash"":0,""molecular_formula"":0,""no_radicals"":0,""planar_aromatic_rings"":0,""planar_double_bonds"":0,""reference_file_loads"":0,""sanitisation"":0,""tetrahedral_chirality"":0}","{""all_atoms_connected"":0.0,""bond_angles"":0.0,""bond_lengths"":0.0,""bonds"":0.0,""double_bond_stereochemistry"":0.0,""energy_ratio"":0.0,""file_loads"":0.0,""inchi_convertible"":0.0,""internal_steric_clash"":0.0,""molecular_formula"":0.0,""no_radicals"":0.0,""planar_aromatic_rings"":0.0,""planar_double_bonds"":0.0,""reference_file_loads"":0.0,""sanitisation"":0.0,""tetrahedral_chirality"":0.0}",1000,104.37703296068652,0.9327373703930223,1.8252276426797558,4.0,0.4,0.5748580299259117,0.504,2.2187022332433295,0.478966,0.0,2.0,0.2,0.9996508396313203,0.511,1.9995160195184982,0.500242,0.0,1.0,0.1,0.0,1.0,1.0,1.0,0.0,1.0,0.1,0.0,1.0,1.0,1.0,0.0,1000,98.90628604958798,107.15568323813515,100.6852323565392,0.9264885910117886,0.10680494414534422,1.8227938331142362,1.0,1.0,1.0,1.0,0.24699661174648077,1.8158648936228754,1.0,1.0,1.0,1.0,1000,0,0,0,0,0,1000,0,0,0,0,1000,1000,1000,core
3u5j_3u5j_conf0,generation,nextmol_dmt_l_raw,dynamic,,nextmol_dmt_l_raw_dynamic,NextMol DMT-L,nextmol_dmt_l_raw_dynamic,1,22,2,0.7,2,2,0,1.0,2,2,0,1.0,"{""all_atoms_connected"":0,""bond_angles"":0,""bond_lengths"":0,""bonds"":0,""double_bond_stereochemistry"":0,""energy_ratio"":0,""file_loads"":0,""inchi_convertible"":0,""internal_steric_clash"":0,""molecular_formula"":0,""no_radicals"":0,""planar_aromatic_rings"":0,""planar_double_bonds"":0,""reference_file_loads"":0,""sanitisation"":0,""tetrahedral_chirality"":0}","{""all_atoms_connected"":0.0,""bond_angles"":0.0,""bond_lengths"":0.0,""bonds"":0.0,""double_bond_stereochemistry"":0.0,""energy_ratio"":0.0,""file_loads"":0.0,""inchi_convertible"":0.0,""internal_steric_clash"":0.0,""molecular_formula"":0.0,""no_radicals"":0.0,""planar_aromatic_rings"":0.0,""planar_double_bonds"":0.0,""reference_file_loads"":0.0,""sanitisation"":0.0,""tetrahedral_chirality"":0.0}",2,105.6469769630435,0.018241491119536327,0.018241491119536327,1.0,50.0,0.0,1.0,1.0,1.0,0.0,1.0,50.0,0.0,1.0,1.0,1.0,0.0,1.0,50.0,0.0,1.0,1.0,1.0,0.0,1.0,50.0,0.0,1.0,1.0,1.0,0.0,2,100.0590131904633,101.09928361997436,100.57914840521883,0.5201352147555269,1.836604153427317,1.8391818546427632,0.0,0.0,0.0,1.0,1.824031824068983,1.8281573135408253,0.0,0.0,0.0,1.0,1000,0,0,0,0,0,2,0,0,0,0,2,2,2,core
3u5j_3u5j_conf0,generation,nextmol_dmt_l_raw,chembl_count,,nextmol_dmt_l_raw_chembl_count,NextMol DMT-L,nextmol_dmt_l_raw_chembl_count,1,22,2,0.7,2,2,0,1.0,2,2,0,1.0,"{""all_atoms_connected"":0,""bond_angles"":0,""bond_lengths"":0,""bonds"":0,""double_bond_stereochemistry"":0,""energy_ratio"":0,""file_loads"":0,""inchi_convertible"":0,""internal_steric_clash"":0,""molecular_formula"":0,""no_radicals"":0,""planar_aromatic_rings"":0,""planar_double_bonds"":0,""reference_file_loads"":0,""sanitisation"":0,""tetrahedral_chirality"":0}","{""all_atoms_connected"":0.0,""bond_angles"":0.0,""bond_lengths"":0.0,""bonds"":0.0,""double_bond_stereochemistry"":0.0,""energy_ratio"":0.0,""file_loads"":0.0,""inchi_convertible"":0.0,""internal_steric_clash"":0.0,""molecular_formula"":0.0,""no_radicals"":0.0,""planar_aromatic_rings"":0.0,""planar_double_bonds"":0.0,""reference_file_loads"":0.0,""sanitisation"":0.0,""tetrahedral_chirality"":0.0}",2,47.66469376177852,1.8305331778713856,1.8305331778713856,2.0,100.0,1.0,0.5,2.0,0.5,1.0,2.0,100.0,1.0,0.5,2.0,0.5,1.0,1.0,50.0,0.0,1.0,1.0,1.0,0.0,1.0,50.0,0.0,1.0,1.0,1.0,0.0,2,99.5566786898475,100.62618701845935,100.09143285415342,0.534754164305923,0.12781845871176398,0.9862891340796094,1.0,1.0,1.0,1.0,0.2816703299129493,1.0574757338088172,0.0,1.0,1.0,1.0,1000,0,0,0,0,0,2,0,0,0,0,2,2,2,core
3u8n_3u8n_conf0,generation,nextmol_dmt_l_raw,fixed,,nextmol_dmt_l_raw_fixed,NextMol DMT-L,nextmol_dmt_l_raw_fixed,3,17,1000,0.7,1000,1000,0,1.0,1000,1000,0,1.0,"{""all_atoms_connected"":0,""bond_angles"":0,""bond_lengths"":0,""bonds"":0,""double_bond_stereochemistry"":0,""energy_ratio"":0,""file_loads"":0,""inchi_convertible"":0,""internal_steric_clash"":0,""molecular_formula"":0,""no_radicals"":0,""planar_aromatic_rings"":0,""planar_double_bonds"":0,""reference_file_loads"":0,""sanitisation"":0,""tetrahedral_chirality"":0}","{""all_atoms_connected"":0.0,""bond_angles"":0.0,""bond_lengths"":0.0,""bonds"":0.0,""double_bond_stereochemistry"":0.0,""energy_ratio"":0.0,""file_loads"":0.0,""inchi_convertible"":0.0,""internal_steric_clash"":0.0,""molecular_formula"":0.0,""no_radicals"":0.0,""planar_aromatic_rings"":0.0,""planar_double_bonds"":0.0,""reference_file_loads"":0.0,""sanitisation"":0.0,""tetrahedral_chirality"":0.0}",1000,114.09175299115483,1.3619518130251906,1.8101110713187276,113.0,11.3,0.937572166042239,0.039,84.12192519885468,0.014574,0.07964601769911504,13.0,1.3,0.9464110050188705,0.153,11.330478410034234,0.09592,0.0,2.0,0.2,0.9691686336805817,0.603,1.9577121203979784,0.521218,0.0,1.0,0.1,0.0,1.0,1.0,1.0,0.0,1000,106.42266591411168,447.54444861283287,117.29195362778026,17.118175248657714,0.21337106654269675,1.4579739819228916,1.0,1.0,1.0,1.0,0.25606002563963176,1.4896339544669348,0.0,1.0,1.0,1.0,1000,0,0,0,0,0,1000,0,0,0,0,1000,1000,1000,core
3u8n_3u8n_conf0,generation,nextmol_dmt_l_raw,dynamic,,nextmol_dmt_l_raw_dynamic,NextMol DMT-L,nextmol_dmt_l_raw_dynamic,3,17,46,0.7,46,46,0,1.0,46,46,0,1.0,"{""all_atoms_connected"":0,""bond_angles"":0,""bond_lengths"":0,""bonds"":0,""double_bond_stereochemistry"":0,""energy_ratio"":0,""file_loads"":0,""inchi_convertible"":0,""internal_steric_clash"":0,""molecular_formula"":0,""no_radicals"":0,""planar_aromatic_rings"":0,""planar_double_bonds"":0,""reference_file_loads"":0,""sanitisation"":0,""tetrahedral_chirality"":0}","{""all_atoms_connected"":0.0,""bond_angles"":0.0,""bond_lengths"":0.0,""bonds"":0.0,""double_bond_stereochemistry"":0.0,""energy_ratio"":0.0,""file_loads"":0.0,""inchi_convertible"":0.0,""internal_steric_clash"":0.0,""molecular_formula"":0.0,""no_radicals"":0.0,""planar_aromatic_rings"":0.0,""planar_double_bonds"":0.0,""reference_file_loads"":0.0,""sanitisation"":0.0,""tetrahedral_chirality"":0.0}",46,111.73888588110957,1.3780465109516495,1.8641382348341542,31.0,67.3913043478261,0.9711967154355895,0.08695652173913043,28.080547977735442,0.03969754253308127,0.6129032258064516,6.0,13.043478260869565,0.8933014361104584,0.2826086956521739,4.955912493964331,0.22117202268431002,0.16666666666666666,2.0,4.3478260869565215,0.9876925088958033,0.5652173913043478,1.9830107642760253,0.5085066162570888,0.0,1.0,2.1739130434782608,0.0,1.0,1.0,1.0,0.0,46,110.4229186234054,131.92673626243442,117.82401959445478,4.738090219731147,0.6313505457854068,1.3786619130454218,0.0,0.0,1.0,1.0,0.6298047258805758,1.4431553218461288,0.0,0.0,1.0,1.0,1000,0,0,0,0,0,46,0,0,0,0,46,46,46,core
3u8n_3u8n_conf0,generation,nextmol_dmt_l_raw,chembl_count,,nextmol_dmt_l_raw_chembl_count,NextMol DMT-L,nextmol_dmt_l_raw_chembl_count,3,17,197,0.7,197,197,0,1.0,197,197,0,1.0,"{""all_atoms_connected"":0,""bond_angles"":0,""bond_lengths"":0,""bonds"":0,""double_bond_stereochemistry"":0,""energy_ratio"":0,""file_loads"":0,""inchi_convertible"":0,""internal_steric_clash"":0,""molecular_formula"":0,""no_radicals"":0,""planar_aromatic_rings"":0,""planar_double_bonds"":0,""reference_file_loads"":0,""sanitisation"":0,""tetrahedral_chirality"":0}","{""all_atoms_connected"":0.0,""bond_angles"":0.0,""bond_lengths"":0.0,""bonds"":0.0,""double_bond_stereochemistry"":0.0,""energy_ratio"":0.0,""file_loads"":0.0,""inchi_convertible"":0.0,""internal_steric_clash"":0.0,""molecular_formula"":0.0,""no_radicals"":0.0,""planar_aromatic_rings"":0.0,""planar_double_bonds"":0.0,""reference_file_loads"":0.0,""sanitisation"":0.0,""tetrahedral_chirality"":0.0}",197,113.68710687002758,1.3536987323198861,1.7807251915664486,83.0,42.131979695431475,0.9451866482127131,0.04568527918781726,65.1458852232835,0.019351181426988585,0.39759036144578314,9.0,4.568527918781726,0.96158638979497,0.17258883248730963,8.271544482795628,0.12942874075601019,0.0,1.0,0.5076142131979695,0.0,1.0,1.0,1.0,0.0,1.0,0.5076142131979695,0.0,1.0,1.0,1.0,0.0,197,109.26964211193146,131.92673626243442,117.63468142245686,4.01257705822369,0.3246632411108756,1.455674829153314,0.0,1.0,1.0,1.0,0.34025262627752717,1.4926580496261908,0.0,1.0,1.0,1.0,1000,0,0,0,0,0,197,0,0,0,0,197,197,197,core
3uo4_3uo4_conf0,generation,nextmol_dmt_l_raw,fixed,,nextmol_dmt_l_raw_fixed,NextMol DMT-L,nextmol_dmt_l_raw_fixed,6,29,1000,0.7,1000,1000,0,1.0,1000,1000,0,1.0,"{""all_atoms_connected"":0,""bond_angles"":0,""bond_lengths"":0,""bonds"":0,""double_bond_stereochemistry"":0,""energy_ratio"":0,""file_loads"":0,""inchi_convertible"":0,""internal_steric_clash"":0,""molecular_formula"":0,""no_radicals"":0,""planar_aromatic_rings"":0,""planar_double_bonds"":0,""reference_file_loads"":0,""sanitisation"":0,""tetrahedral_chirality"":0}","{""all_atoms_connected"":0.0,""bond_angles"":0.0,""bond_lengths"":0.0,""bonds"":0.0,""double_bond_stereochemistry"":0.0,""energy_ratio"":0.0,""file_loads"":0.0,""inchi_convertible"":0.0,""internal_steric_clash"":0.0,""molecular_formula"":0.0,""no_radicals"":0.0,""planar_aromatic_rings"":0.0,""planar_double_bonds"":0.0,""reference_file_loads"":0.0,""sanitisation"":0.0,""tetrahedral_chirality"":0.0}",1000,116.45763239933096,2.263299214661505,3.1903487352124222,62.0,6.2,0.8308310449263111,0.067,30.84428165967546,0.039706000000000005,0.3548387096774194,25.0,2.5,0.8673721224914412,0.128,16.31301338152928,0.0716,0.08,6.0,0.6,0.9410791872398406,0.266,5.398858514549204,0.19880800000000004,0.0,2.0,0.2,0.92481870497303,0.66,1.8984456603756206,0.5512,0.0,1000,2.9783167838668803,40.11807476168022,11.926929792494782,6.4746107711970895,0.4121136556336188,2.4913082277490393,0.0,1.0,1.0,1.0,0.41959749209104014,2.5686558467350364,0.0,1.0,1.0,1.0,1000,0,0,0,0,0,1000,0,0,0,0,1000,1000,1000,core
3uo4_3uo4_conf0,generation,nextmol_dmt_l_raw,dynamic,,nextmol_dmt_l_raw_dynamic,NextMol DMT-L,nextmol_dmt_l_raw_dynamic,6,29,112,0.7,112,112,0,1.0,112,112,0,1.0,"{""all_atoms_connected"":0,""bond_angles"":0,""bond_lengths"":0,""bonds"":0,""double_bond_stereochemistry"":0,""energy_ratio"":0,""file_loads"":0,""inchi_convertible"":0,""internal_steric_clash"":0,""molecular_formula"":0,""no_radicals"":0,""planar_aromatic_rings"":0,""planar_double_bonds"":0,""reference_file_loads"":0,""sanitisation"":0,""tetrahedral_chirality"":0}","{""all_atoms_connected"":0.0,""bond_angles"":0.0,""bond_lengths"":0.0,""bonds"":0.0,""double_bond_stereochemistry"":0.0,""energy_ratio"":0.0,""file_loads"":0.0,""inchi_convertible"":0.0,""internal_steric_clash"":0.0,""molecular_formula"":0.0,""no_radicals"":0.0,""planar_aromatic_rings"":0.0,""planar_double_bonds"":0.0,""reference_file_loads"":0.0,""sanitisation"":0.0,""tetrahedral_chirality"":0.0}",112,117.55278709453512,2.252588359885558,3.2233523152934414,26.0,23.214285714285715,0.9221682570137604,0.14285714285714285,20.176391951403758,0.060586734693877556,0.23076923076923078,16.0,14.285714285714286,0.8928589878891254,0.1875,11.888015126258159,0.10283801020408163,0.1875,6.0,5.357142857142857,0.8724353996324431,0.3482142857142857,4.774047075044676,0.24298469387755103,0.0,2.0,1.7857142857142858,0.9886994082884974,0.5625,1.9843952490181156,0.5078125,0.0,112,4.167064115123473,27.40841607983987,11.774491292181693,5.717418464347817,0.4906530946294375,2.373006381358435,0.0,1.0,1.0,1.0,0.484187133263588,2.2156255810456624,0.0,1.0,1.0,1.0,1000,0,0,0,0,0,112,0,0,0,0,112,112,112,core
3uo4_3uo4_conf0,generation,nextmol_dmt_l_raw,chembl_count,,nextmol_dmt_l_raw_chembl_count,NextMol DMT-L,nextmol_dmt_l_raw_chembl_count,6,29,26,0.7,26,26,0,1.0,26,26,0,1.0,"{""all_atoms_connected"":0,""bond_angles"":0,""bond_lengths"":0,""bonds"":0,""double_bond_stereochemistry"":0,""energy_ratio"":0,""file_loads"":0,""inchi_convertible"":0,""internal_steric_clash"":0,""molecular_formula"":0,""no_radicals"":0,""planar_aromatic_rings"":0,""planar_double_bonds"":0,""reference_file_loads"":0,""sanitisation"":0,""tetrahedral_chirality"":0}","{""all_atoms_connected"":0.0,""bond_angles"":0.0,""bond_lengths"":0.0,""bonds"":0.0,""double_bond_stereochemistry"":0.0,""energy_ratio"":0.0,""file_loads"":0.0,""inchi_convertible"":0.0,""internal_steric_clash"":0.0,""molecular_formula"":0.0,""no_radicals"":0.0,""planar_aromatic_rings"":0.0,""planar_double_bonds"":0.0,""reference_file_loads"":0.0,""sanitisation"":0.0,""tetrahedral_chirality"":0.0}",26,115.77152285925898,2.259134822507308,3.1819383559440966,18.0,69.23076923076923,0.9542372799890879,0.15384615384615385,15.76985938643103,0.07396449704142012,0.7222222222222222,11.0,42.30769230769231,0.8832101461021304,0.2692307692307692,8.313206827327008,0.15088757396449706,0.5454545454545454,4.0,15.384615384615385,0.8832838025802786,0.46153846153846156,3.4024350102918923,0.32840236686390534,0.0,2.0,7.6923076923076925,0.9957274520849256,0.5384615384615384,1.9940857527753038,0.5029585798816568,0.0,26,4.130561192599771,25.5584795361628,12.131892074291905,4.919746128015333,0.44909914993804445,2.680421496194616,0.0,1.0,1.0,1.0,0.48038113243707864,2.549785816655797,0.0,1.0,1.0,1.0,1000,0,0,0,0,0,26,0,0,0,0,26,26,26,core
3up2_3up2_conf0,generation,nextmol_dmt_l_raw,fixed,,nextmol_dmt_l_raw_fixed,NextMol DMT-L,nextmol_dmt_l_raw_fixed,6,28,1000,0.7,1000,1000,0,1.0,1000,1000,0,1.0,"{""all_atoms_connected"":0,""bond_angles"":0,""bond_lengths"":0,""bonds"":0,""double_bond_stereochemistry"":0,""energy_ratio"":0,""file_loads"":0,""inchi_convertible"":0,""internal_steric_clash"":0,""molecular_formula"":0,""no_radicals"":0,""planar_aromatic_rings"":0,""planar_double_bonds"":0,""reference_file_loads"":0,""sanitisation"":0,""tetrahedral_chirality"":0}","{""all_atoms_connected"":0.0,""bond_angles"":0.0,""bond_lengths"":0.0,""bonds"":0.0,""double_bond_stereochemistry"":0.0,""energy_ratio"":0.0,""file_loads"":0.0,""inchi_convertible"":0.0,""internal_steric_clash"":0.0,""molecular_formula"":0.0,""no_radicals"":0.0,""planar_aromatic_rings"":0.0,""planar_double_bonds"":0.0,""reference_file_loads"":0.0,""sanitisation"":0.0,""tetrahedral_chirality"":0.0}",1000,110.33063616138641,2.089023117810018,3.096930513470244,61.0,6.1,0.8764143495205121,0.066,36.70191170030017,0.034456,0.18032786885245902,23.0,2.3,0.8483445686892668,0.223,14.295995859635656,0.09525,0.08695652173913043,6.0,0.6,0.8637777185729218,0.308,4.700561203375131,0.240622,0.0,2.0,0.2,0.9654418524099558,0.609,1.9526614691730417,0.523762,0.0,1000,-12.652791328309846,39.17861067906182,-4.811497164186658,5.366393554369529,0.35681181306495136,2.214702056450195,0.0,1.0,1.0,1.0,0.3595659686089137,1.989928612688074,0.0,1.0,1.0,1.0,1000,0,0,0,0,0,1000,0,0,0,0,1000,1000,1000,core
3up2_3up2_conf0,generation,nextmol_dmt_l_raw,dynamic,,nextmol_dmt_l_raw_dynamic,NextMol DMT-L,nextmol_dmt_l_raw_dynamic,6,28,112,0.7,112,112,0,1.0,112,112,0,1.0,"{""all_atoms_connected"":0,""bond_angles"":0,""bond_lengths"":0,""bonds"":0,""double_bond_stereochemistry"":0,""energy_ratio"":0,""file_loads"":0,""inchi_convertible"":0,""internal_steric_clash"":0,""molecular_formula"":0,""no_radicals"":0,""planar_aromatic_rings"":0,""planar_double_bonds"":0,""reference_file_loads"":0,""sanitisation"":0,""tetrahedral_chirality"":0}","{""all_atoms_connected"":0.0,""bond_angles"":0.0,""bond_lengths"":0.0,""bonds"":0.0,""double_bond_stereochemistry"":0.0,""energy_ratio"":0.0,""file_loads"":0.0,""inchi_convertible"":0.0,""internal_steric_clash"":0.0,""molecular_formula"":0.0,""no_radicals"":0.0,""planar_aromatic_rings"":0.0,""planar_double_bonds"":0.0,""reference_file_loads"":0.0,""sanitisation"":0.0,""tetrahedral_chirality"":0.0}",112,112.80806448701398,2.1678696500834294,3.2231353380992855,39.0,34.82142857142857,0.948591152017613,0.0625,32.30500469648623,0.03603316326530614,0.2564102564102564,15.0,13.392857142857142,0.8945375307781912,0.16964285714285715,11.27347408533011,0.1092155612244898,0.06666666666666667,5.0,4.464285714285714,0.8545793638754989,0.41964285714285715,3.9566291079950053,0.29145408163265313,0.0,2.0,1.7857142857142858,0.9990797181805819,0.5178571428571429,1.9987246253212,0.5006377551020409,0.0,112,-11.560012789760044,15.916291212576084,-4.25831029051438,6.154902949846196,0.4109203510249464,2.209884333157403,0.0,1.0,1.0,1.0,0.4479059175951737,2.001238900459076,0.0,1.0,1.0,1.0,1000,0,0,0,0,0,112,0,0,0,0,112,112,112,core
3up2_3up2_conf0,generation,nextmol_dmt_l_raw,chembl_count,,nextmol_dmt_l_raw_chembl_count,NextMol DMT-L,nextmol_dmt_l_raw_chembl_count,6,28,43,0.7,43,43,0,1.0,43,43,0,1.0,"{""all_atoms_connected"":0,""bond_angles"":0,""bond_lengths"":0,""bonds"":0,""double_bond_stereochemistry"":0,""energy_ratio"":0,""file_loads"":0,""inchi_convertible"":0,""internal_steric_clash"":0,""molecular_formula"":0,""no_radicals"":0,""planar_aromatic_rings"":0,""planar_double_bonds"":0,""reference_file_loads"":0,""sanitisation"":0,""tetrahedral_chirality"":0}","{""all_atoms_connected"":0.0,""bond_angles"":0.0,""bond_lengths"":0.0,""bonds"":0.0,""double_bond_stereochemistry"":0.0,""energy_ratio"":0.0,""file_loads"":0.0,""inchi_convertible"":0.0,""internal_steric_clash"":0.0,""molecular_formula"":0.0,""no_radicals"":0.0,""planar_aromatic_rings"":0.0,""planar_double_bonds"":0.0,""reference_file_loads"":0.0,""sanitisation"":0.0,""tetrahedral_chirality"":0.0}",43,110.09725804088006,2.132809186591389,3.1344393732091373,25.0,58.13953488372093,0.9692974226370779,0.06976744186046512,22.647467620263676,0.04813412655489454,0.48,14.0,32.55813953488372,0.8819752297586497,0.27906976744186046,10.25313174108675,0.13358572201189833,0.21428571428571427,5.0,11.627906976744185,0.8862349005660536,0.3953488372093023,4.163433307923815,0.2698756084369929,0.0,1.0,2.3255813953488373,0.0,1.0,1.0,1.0,0.0,43,-11.564150896902497,11.096654435648063,-4.124261034474287,5.353433105605628,0.38671317335465794,2.2080036672919476,0.0,1.0,1.0,1.0,0.41540500575813843,1.892698945934304,0.0,1.0,1.0,1.0,1000,0,0,0,0,0,43,0,0,0,0,43,43,43,core
3wtj_3wtj_conf0,generation,nextmol_dmt_l_raw,fixed,,nextmol_dmt_l_raw_fixed,NextMol DMT-L,nextmol_dmt_l_raw_fixed,2,16,842,0.7,842,821,21,0.9750593824228029,1000,842,158,0.842,"{""all_atoms_connected"":0,""bond_angles"":0,""bond_lengths"":0,""bonds"":0,""double_bond_stereochemistry"":158,""energy_ratio"":0,""file_loads"":0,""inchi_convertible"":0,""internal_steric_clash"":153,""molecular_formula"":0,""no_radicals"":0,""planar_aromatic_rings"":0,""planar_double_bonds"":0,""reference_file_loads"":0,""sanitisation"":0,""tetrahedral_chirality"":0}","{""all_atoms_connected"":0.0,""bond_angles"":0.0,""bond_lengths"":0.0,""bonds"":0.0,""double_bond_stereochemistry"":0.158,""energy_ratio"":0.0,""file_loads"":0.0,""inchi_convertible"":0.0,""internal_steric_clash"":0.153,""molecular_formula"":0.0,""no_radicals"":0.0,""planar_aromatic_rings"":0.0,""planar_double_bonds"":0.0,""reference_file_loads"":0.0,""sanitisation"":0.0,""tetrahedral_chirality"":0.0}",842,96.01644201025782,1.2692214743641106,1.84950156345096,21.0,2.494061757719715,0.7780882548564223,0.16983372921615203,10.685708029383427,0.11429353253479724,0.14285714285714285,7.0,0.831353919239905,0.9203820220798583,0.28741092636579574,5.995329310160456,0.1860348339266874,0.0,2.0,0.2375296912114014,0.9924616747353286,0.5510688836104513,1.9895769170922206,0.5052160617464356,0.0,1.0,0.1187648456057007,0.0,1.0,1.0,1.0,0.0,842,-28.46602263758481,52.80545587959943,-25.81151041772172,3.5066129987532246,0.23779957325897363,1.479326175076729,1.0,1.0,1.0,1.0,0.21761545896182796,1.4447823562272335,1.0,1.0,1.0,1.0,1000,0,0,0,0,0,1000,0,0,0,0,842,1000,1000,core
3wtj_3wtj_conf0,generation,nextmol_dmt_l_raw,dynamic,,nextmol_dmt_l_raw_dynamic,NextMol DMT-L,nextmol_dmt_l_raw_dynamic,2,16,22,0.7,22,22,0,1.0,24,22,2,0.9166666666666666,"{""all_atoms_connected"":0,""bond_angles"":0,""bond_lengths"":0,""bonds"":0,""double_bond_stereochemistry"":2,""energy_ratio"":0,""file_loads"":0,""inchi_convertible"":0,""internal_steric_clash"":2,""molecular_formula"":0,""no_radicals"":0,""planar_aromatic_rings"":0,""planar_double_bonds"":0,""reference_file_loads"":0,""sanitisation"":0,""tetrahedral_chirality"":0}","{""all_atoms_connected"":0.0,""bond_angles"":0.0,""bond_lengths"":0.0,""bonds"":0.0,""double_bond_stereochemistry"":0.08333333333333333,""energy_ratio"":0.0,""file_loads"":0.0,""inchi_convertible"":0.0,""internal_steric_clash"":0.08333333333333333,""molecular_formula"":0.0,""no_radicals"":0.0,""planar_aromatic_rings"":0.0,""planar_double_bonds"":0.0,""reference_file_loads"":0.0,""sanitisation"":0.0,""tetrahedral_chirality"":0.0}",22,86.92030122378151,1.2678868392201965,1.8823368275674612,7.0,31.818181818181817,0.9412504065696312,0.22727272727272727,6.243798423787944,0.17355371900826444,0.14285714285714285,5.0,22.727272727272727,0.9314001250982628,0.2727272727272727,4.477346952828403,0.23966942148760328,0.0,1.0,4.545454545454546,0.0,1.0,1.0,1.0,0.0,1.0,4.545454545454546,0.0,1.0,1.0,1.0,0.0,22,-28.109834164698068,-21.760995920249965,-26.14505656419258,1.7114487281195632,0.3371475298645608,1.5087973406154849,0.0,1.0,1.0,1.0,0.25442276016973614,1.4638877254637241,0.0,1.0,1.0,1.0,1000,0,0,0,0,0,24,0,0,0,0,22,24,24,core
3wtj_3wtj_conf0,generation,nextmol_dmt_l_raw,chembl_count,,nextmol_dmt_l_raw_chembl_count,NextMol DMT-L,nextmol_dmt_l_raw_chembl_count,2,16,45,0.7,45,43,2,0.9555555555555556,52,45,7,0.8653846153846154,"{""all_atoms_connected"":0,""bond_angles"":0,""bond_lengths"":0,""bonds"":0,""double_bond_stereochemistry"":7,""energy_ratio"":0,""file_loads"":0,""inchi_convertible"":0,""internal_steric_clash"":6,""molecular_formula"":0,""no_radicals"":0,""planar_aromatic_rings"":0,""planar_double_bonds"":0,""reference_file_loads"":0,""sanitisation"":0,""tetrahedral_chirality"":0}","{""all_atoms_connected"":0.0,""bond_angles"":0.0,""bond_lengths"":0.0,""bonds"":0.0,""double_bond_stereochemistry"":0.1346153846153846,""energy_ratio"":0.0,""file_loads"":0.0,""inchi_convertible"":0.0,""internal_steric_clash"":0.11538461538461539,""molecular_formula"":0.0,""no_radicals"":0.0,""planar_aromatic_rings"":0.0,""planar_double_bonds"":0.0,""reference_file_loads"":0.0,""sanitisation"":0.0,""tetrahedral_chirality"":0.0}",45,96.51434197202335,1.3048382604153237,1.8429494933974508,12.0,26.666666666666668,0.8928906605559044,0.24444444444444444,9.195828340311888,0.13283950617283952,0.25,7.0,15.555555555555555,0.9319432719274336,0.26666666666666666,6.131735778903182,0.18024691358024691,0.0,2.0,4.444444444444445,0.8672816222000259,0.7111111111111111,1.8242223947745868,0.5891358024691358,0.0,1.0,2.2222222222222223,0.0,1.0,1.0,1.0,0.0,45,-28.24380718850109,-18.059769403137352,-26.011927327299883,2.37293441009334,0.23779957325897363,1.4242714776906649,1.0,1.0,1.0,1.0,0.21761545896182796,1.4483145418544026,1.0,1.0,1.0,1.0,1000,0,0,0,0,0,52,0,0,0,0,45,52,52,core
3zdg_3zdg_conf0,generation,nextmol_dmt_l_raw,fixed,,nextmol_dmt_l_raw_fixed,NextMol DMT-L,nextmol_dmt_l_raw_fixed,4,13,508,0.7,508,508,0,1.0,1000,508,492,0.508,"{""all_atoms_connected"":0,""bond_angles"":0,""bond_lengths"":0,""bonds"":0,""double_bond_stereochemistry"":0,""energy_ratio"":0,""file_loads"":0,""inchi_convertible"":0,""internal_steric_clash"":0,""molecular_formula"":0,""no_radicals"":0,""planar_aromatic_rings"":0,""planar_double_bonds"":0,""reference_file_loads"":0,""sanitisation"":0,""tetrahedral_chirality"":492}","{""all_atoms_connected"":0.0,""bond_angles"":0.0,""bond_lengths"":0.0,""bonds"":0.0,""double_bond_stereochemistry"":0.0,""energy_ratio"":0.0,""file_loads"":0.0,""inchi_convertible"":0.0,""internal_steric_clash"":0.0,""molecular_formula"":0.0,""no_radicals"":0.0,""planar_aromatic_rings"":0.0,""planar_double_bonds"":0.0,""reference_file_loads"":0.0,""sanitisation"":0.0,""tetrahedral_chirality"":0.492}",508,97.34835975227901,0.7896003701157999,1.312211022432721,16.0,3.1496062992125986,0.6550612622894911,0.3090551181102362,6.1485449983900535,0.20566991133982268,0.25,4.0,0.7874015748031497,0.4237887985762899,0.7480314960629921,1.799476918384658,0.6210784921569843,0.5,1.0,0.1968503937007874,0.0,1.0,1.0,1.0,0.0,1.0,0.1968503937007874,0.0,1.0,1.0,1.0,0.0,508,-45.01202567778062,-29.483337870555744,-42.743282786826896,2.9014404304928156,0.49019261276747567,1.3115740748622275,0.0,1.0,1.0,1.0,0.4121850203405109,1.2751678249896399,0.0,1.0,1.0,1.0,1000,0,0,0,0,0,1000,0,0,0,0,508,1000,1000,core
3zdg_3zdg_conf0,generation,nextmol_dmt_l_raw,dynamic,,nextmol_dmt_l_raw_dynamic,NextMol DMT-L,nextmol_dmt_l_raw_dynamic,4,13,35,0.7,35,35,0,1.0,68,35,33,0.5147058823529411,"{""all_atoms_connected"":0,""bond_angles"":0,""bond_lengths"":0,""bonds"":0,""double_bond_stereochemistry"":0,""energy_ratio"":0,""file_loads"":0,""inchi_convertible"":0,""internal_steric_clash"":0,""molecular_formula"":0,""no_radicals"":0,""planar_aromatic_rings"":0,""planar_double_bonds"":0,""reference_file_loads"":0,""sanitisation"":0,""tetrahedral_chirality"":33}","{""all_atoms_connected"":0.0,""bond_angles"":0.0,""bond_lengths"":0.0,""bonds"":0.0,""double_bond_stereochemistry"":0.0,""energy_ratio"":0.0,""file_loads"":0.0,""inchi_convertible"":0.0,""internal_steric_clash"":0.0,""molecular_formula"":0.0,""no_radicals"":0.0,""planar_aromatic_rings"":0.0,""planar_double_bonds"":0.0,""reference_file_loads"":0.0,""sanitisation"":0.0,""tetrahedral_chirality"":0.4852941176470588}",35,94.09493272435128,0.7210592490669636,1.0361661918085776,6.0,17.142857142857142,0.871597226217577,0.34285714285714286,4.766882767590457,0.23755102040816328,0.16666666666666666,1.0,2.857142857142857,0.0,1.0,1.0,1.0,0.0,1.0,2.857142857142857,0.0,1.0,1.0,1.0,0.0,1.0,2.857142857142857,0.0,1.0,1.0,1.0,0.0,35,-44.39749869954327,-32.620919079346564,-41.469338208860606,2.451757028646058,1.1017180880323523,1.306395007566736,0.0,0.0,0.0,1.0,1.0551744256721494,1.2696063520286056,0.0,0.0,0.0,1.0,1000,0,0,0,0,0,68,0,0,0,0,35,68,68,core
3zdg_3zdg_conf0,generation,nextmol_dmt_l_raw,chembl_count,,nextmol_dmt_l_raw_chembl_count,NextMol DMT-L,nextmol_dmt_l_raw_chembl_count,4,13,104,0.7,104,104,0,1.0,199,104,95,0.5226130653266332,"{""all_atoms_connected"":0,""bond_angles"":0,""bond_lengths"":0,""bonds"":0,""double_bond_stereochemistry"":0,""energy_ratio"":0,""file_loads"":0,""inchi_convertible"":0,""internal_steric_clash"":0,""molecular_formula"":0,""no_radicals"":0,""planar_aromatic_rings"":0,""planar_double_bonds"":0,""reference_file_loads"":0,""sanitisation"":0,""tetrahedral_chirality"":95}","{""all_atoms_connected"":0.0,""bond_angles"":0.0,""bond_lengths"":0.0,""bonds"":0.0,""double_bond_stereochemistry"":0.0,""energy_ratio"":0.0,""file_loads"":0.0,""inchi_convertible"":0.0,""internal_steric_clash"":0.0,""molecular_formula"":0.0,""no_radicals"":0.0,""planar_aromatic_rings"":0.0,""planar_double_bonds"":0.0,""reference_file_loads"":0.0,""sanitisation"":0.0,""tetrahedral_chirality"":0.47738693467336685}",104,99.47147767497808,0.7759970968162696,1.2891001501022286,9.0,8.653846153846153,0.7955240254688225,0.3269230769230769,5.742788769104964,0.21190828402366862,0.1111111111111111,2.0,1.9230769230769231,0.42480887386781474,0.9134615384615384,1.342394652516645,0.8419008875739644,0.0,1.0,0.9615384615384616,0.0,1.0,1.0,1.0,0.0,1.0,0.9615384615384616,0.0,1.0,1.0,1.0,0.0,104,-44.74367144408514,-30.92561435088406,-42.757721861160576,3.0755549289504263,1.0933787772102022,1.3222630506439768,0.0,0.0,0.0,1.0,1.0433810004337805,1.2883813503525527,0.0,0.0,0.0,1.0,1000,0,0,0,0,0,199,0,0,0,0,104,199,199,core
4ddh_4ddh_conf0,generation,nextmol_dmt_l_raw,fixed,,nextmol_dmt_l_raw_fixed,NextMol DMT-L,nextmol_dmt_l_raw_fixed,3,15,1000,0.7,1000,1000,0,1.0,1000,1000,0,1.0,"{""all_atoms_connected"":0,""bond_angles"":0,""bond_lengths"":0,""bonds"":0,""double_bond_stereochemistry"":0,""energy_ratio"":0,""file_loads"":0,""inchi_convertible"":0,""internal_steric_clash"":0,""molecular_formula"":0,""no_radicals"":0,""planar_aromatic_rings"":0,""planar_double_bonds"":0,""reference_file_loads"":0,""sanitisation"":0,""tetrahedral_chirality"":0}","{""all_atoms_connected"":0.0,""bond_angles"":0.0,""bond_lengths"":0.0,""bonds"":0.0,""double_bond_stereochemistry"":0.0,""energy_ratio"":0.0,""file_loads"":0.0,""inchi_convertible"":0.0,""internal_steric_clash"":0.0,""molecular_formula"":0.0,""no_radicals"":0.0,""planar_aromatic_rings"":0.0,""planar_double_bonds"":0.0,""reference_file_loads"":0.0,""sanitisation"":0.0,""tetrahedral_chirality"":0.0}",1000,111.67939993346755,0.8123741722986866,1.1800047947706989,17.0,1.7,0.8463986624149422,0.171,11.001459928289561,0.10215400000000001,0.058823529411764705,3.0,0.3,0.967194037555313,0.461,2.89380213523148,0.358394,0.0,1.0,0.1,0.0,1.0,1.0,1.0,0.0,1.0,0.1,0.0,1.0,1.0,1.0,0.0,1000,50.08314540860407,262.0538801085421,54.38395130601988,6.858835892310308,0.3173240667247852,0.8942457028735031,0.0,1.0,1.0,1.0,0.38278839580986435,0.8732909657291392,0.0,1.0,1.0,1.0,1000,0,0,0,0,0,1000,0,0,0,0,1000,1000,1000,core
4ddh_4ddh_conf0,generation,nextmol_dmt_l_raw,dynamic,,nextmol_dmt_l_raw_dynamic,NextMol DMT-L,nextmol_dmt_l_raw_dynamic,3,15,46,0.7,46,46,0,1.0,46,46,0,1.0,"{""all_atoms_connected"":0,""bond_angles"":0,""bond_lengths"":0,""bonds"":0,""double_bond_stereochemistry"":0,""energy_ratio"":0,""file_loads"":0,""inchi_convertible"":0,""internal_steric_clash"":0,""molecular_formula"":0,""no_radicals"":0,""planar_aromatic_rings"":0,""planar_double_bonds"":0,""reference_file_loads"":0,""sanitisation"":0,""tetrahedral_chirality"":0}","{""all_atoms_connected"":0.0,""bond_angles"":0.0,""bond_lengths"":0.0,""bonds"":0.0,""double_bond_stereochemistry"":0.0,""energy_ratio"":0.0,""file_loads"":0.0,""inchi_convertible"":0.0,""internal_steric_clash"":0.0,""molecular_formula"":0.0,""no_radicals"":0.0,""planar_aromatic_rings"":0.0,""planar_double_bonds"":0.0,""reference_file_loads"":0.0,""sanitisation"":0.0,""tetrahedral_chirality"":0.0}",46,101.60231291908357,0.8213773000124919,1.1802730047099659,10.0,21.73913043478261,0.9113034833255764,0.17391304347826086,8.152737952264728,0.1342155009451796,0.3,2.0,4.3478260869565215,0.9503376699710266,0.6304347826086957,1.9323248752019688,0.5340264650283554,0.0,1.0,2.1739130434782608,0.0,1.0,1.0,1.0,0.0,1.0,2.1739130434782608,0.0,1.0,1.0,1.0,0.0,46,51.57070623633597,59.00784167117837,55.10568799496612,1.8728283403560835,0.3173240667247852,0.8967030622203007,0.0,1.0,1.0,1.0,0.38278839580986435,0.8548172808019114,0.0,1.0,1.0,1.0,1000,0,0,0,0,0,46,0,0,0,0,46,46,46,core
4ddh_4ddh_conf0,generation,nextmol_dmt_l_raw,chembl_count,,nextmol_dmt_l_raw_chembl_count,NextMol DMT-L,nextmol_dmt_l_raw_chembl_count,3,15,2,0.7,2,2,0,1.0,2,2,0,1.0,"{""all_atoms_connected"":0,""bond_angles"":0,""bond_lengths"":0,""bonds"":0,""double_bond_stereochemistry"":0,""energy_ratio"":0,""file_loads"":0,""inchi_convertible"":0,""internal_steric_clash"":0,""molecular_formula"":0,""no_radicals"":0,""planar_aromatic_rings"":0,""planar_double_bonds"":0,""reference_file_loads"":0,""sanitisation"":0,""tetrahedral_chirality"":0}","{""all_atoms_connected"":0.0,""bond_angles"":0.0,""bond_lengths"":0.0,""bonds"":0.0,""double_bond_stereochemistry"":0.0,""energy_ratio"":0.0,""file_loads"":0.0,""inchi_convertible"":0.0,""internal_steric_clash"":0.0,""molecular_formula"":0.0,""no_radicals"":0.0,""planar_aromatic_rings"":0.0,""planar_double_bonds"":0.0,""reference_file_loads"":0.0,""sanitisation"":0.0,""tetrahedral_chirality"":0.0}",2,89.96292981867114,0.8266410189285721,0.8266410189285721,2.0,100.0,1.0,0.5,2.0,0.5,1.0,1.0,50.0,0.0,1.0,1.0,1.0,0.0,1.0,50.0,0.0,1.0,1.0,1.0,0.0,1.0,50.0,0.0,1.0,1.0,1.0,0.0,2,54.31179070829002,55.114868913453016,54.713329810871514,0.4015391025814985,0.8423005146625215,0.9271244659900795,0.0,0.0,0.0,1.0,0.8493738199885201,0.9215233218920902,0.0,0.0,0.0,1.0,1000,0,0,0,0,0,2,0,0,0,0,2,2,2,core
4ddk_4ddk_conf0,generation,nextmol_dmt_l_raw,fixed,,nextmol_dmt_l_raw_fixed,NextMol DMT-L,nextmol_dmt_l_raw_fixed,1,12,1000,0.7,1000,1000,0,1.0,1000,1000,0,1.0,"{""all_atoms_connected"":0,""bond_angles"":0,""bond_lengths"":0,""bonds"":0,""double_bond_stereochemistry"":0,""energy_ratio"":0,""file_loads"":0,""inchi_convertible"":0,""internal_steric_clash"":0,""molecular_formula"":0,""no_radicals"":0,""planar_aromatic_rings"":0,""planar_double_bonds"":0,""reference_file_loads"":0,""sanitisation"":0,""tetrahedral_chirality"":0}","{""all_atoms_connected"":0.0,""bond_angles"":0.0,""bond_lengths"":0.0,""bonds"":0.0,""double_bond_stereochemistry"":0.0,""energy_ratio"":0.0,""file_loads"":0.0,""inchi_convertible"":0.0,""internal_steric_clash"":0.0,""molecular_formula"":0.0,""no_radicals"":0.0,""planar_aromatic_rings"":0.0,""planar_double_bonds"":0.0,""reference_file_loads"":0.0,""sanitisation"":0.0,""tetrahedral_chirality"":0.0}",1000,126.37677513114481,0.07145634311913789,0.25470953179215083,2.0,0.2,0.22364166448448083,0.964,1.1676773317692477,0.9305919999999999,0.0,1.0,0.1,0.0,1.0,1.0,1.0,0.0,1.0,0.1,0.0,1.0,1.0,1.0,0.0,1.0,0.1,0.0,1.0,1.0,1.0,0.0,1000,40.32978435551196,51.97564019126536,41.9467199738742,1.3265361271782723,0.06345999689355465,0.07140656691570135,1.0,1.0,1.0,1.0,0.05611584455526627,0.06947127945286821,1.0,1.0,1.0,1.0,1000,0,0,0,0,0,1000,0,0,0,0,1000,1000,1000,core
4ddk_4ddk_conf0,generation,nextmol_dmt_l_raw,dynamic,,nextmol_dmt_l_raw_dynamic,NextMol DMT-L,nextmol_dmt_l_raw_dynamic,1,12,2,0.7,2,2,0,1.0,2,2,0,1.0,"{""all_atoms_connected"":0,""bond_angles"":0,""bond_lengths"":0,""bonds"":0,""double_bond_stereochemistry"":0,""energy_ratio"":0,""file_loads"":0,""inchi_convertible"":0,""internal_steric_clash"":0,""molecular_formula"":0,""no_radicals"":0,""planar_aromatic_rings"":0,""planar_double_bonds"":0,""reference_file_loads"":0,""sanitisation"":0,""tetrahedral_chirality"":0}","{""all_atoms_connected"":0.0,""bond_angles"":0.0,""bond_lengths"":0.0,""bonds"":0.0,""double_bond_stereochemistry"":0.0,""energy_ratio"":0.0,""file_loads"":0.0,""inchi_convertible"":0.0,""internal_steric_clash"":0.0,""molecular_formula"":0.0,""no_radicals"":0.0,""planar_aromatic_rings"":0.0,""planar_double_bonds"":0.0,""reference_file_loads"":0.0,""sanitisation"":0.0,""tetrahedral_chirality"":0.0}",2,90.42886573098612,0.014619256575190157,0.014619256575190157,1.0,50.0,0.0,1.0,1.0,1.0,0.0,1.0,50.0,0.0,1.0,1.0,1.0,0.0,1.0,50.0,0.0,1.0,1.0,1.0,0.0,1.0,50.0,0.0,1.0,1.0,1.0,0.0,2,41.41946048776378,42.22875080461998,41.82410564619188,0.40464515842809945,0.06830433374209156,0.06902333459631335,1.0,1.0,1.0,1.0,0.06365204187280628,0.0649806924284895,1.0,1.0,1.0,1.0,1000,0,0,0,0,0,2,0,0,0,0,2,2,2,core
4ddk_4ddk_conf0,generation,nextmol_dmt_l_raw,chembl_count,,nextmol_dmt_l_raw_chembl_count,NextMol DMT-L,nextmol_dmt_l_raw_chembl_count,1,12,1,0.7,1,1,0,1.0,1,1,0,1.0,"{""all_atoms_connected"":0,""bond_angles"":0,""bond_lengths"":0,""bonds"":0,""double_bond_stereochemistry"":0,""energy_ratio"":0,""file_loads"":0,""inchi_convertible"":0,""internal_steric_clash"":0,""molecular_formula"":0,""no_radicals"":0,""planar_aromatic_rings"":0,""planar_double_bonds"":0,""reference_file_loads"":0,""sanitisation"":0,""tetrahedral_chirality"":0}","{""all_atoms_connected"":0.0,""bond_angles"":0.0,""bond_lengths"":0.0,""bonds"":0.0,""double_bond_stereochemistry"":0.0,""energy_ratio"":0.0,""file_loads"":0.0,""inchi_convertible"":0.0,""internal_steric_clash"":0.0,""molecular_formula"":0.0,""no_radicals"":0.0,""planar_aromatic_rings"":0.0,""planar_double_bonds"":0.0,""reference_file_loads"":0.0,""sanitisation"":0.0,""tetrahedral_chirality"":0.0}",1,0.0,,,1.0,100.0,0.0,1.0,1.0,1.0,1.0,1.0,100.0,0.0,1.0,1.0,1.0,1.0,1.0,100.0,0.0,1.0,1.0,1.0,1.0,1.0,100.0,0.0,1.0,1.0,1.0,1.0,1,42.19379627491121,42.19379627491121,42.19379627491121,0.0,0.06993192091667796,0.06993192091667796,1.0,1.0,1.0,1.0,0.07429166131566702,0.07429166131566702,1.0,1.0,1.0,1.0,1000,0,0,0,0,0,1,0,0,0,0,1,1,1,core
4eor_4eor_conf0,generation,nextmol_dmt_l_raw,fixed,,nextmol_dmt_l_raw_fixed,NextMol DMT-L,nextmol_dmt_l_raw_fixed,7,28,999,0.7,999,999,0,1.0,1000,999,1,0.999,"{""all_atoms_connected"":0,""bond_angles"":0,""bond_lengths"":1,""bonds"":0,""double_bond_stereochemistry"":0,""energy_ratio"":0,""file_loads"":0,""inchi_convertible"":0,""internal_steric_clash"":0,""molecular_formula"":0,""no_radicals"":0,""planar_aromatic_rings"":0,""planar_double_bonds"":0,""reference_file_loads"":0,""sanitisation"":0,""tetrahedral_chirality"":0}","{""all_atoms_connected"":0.0,""bond_angles"":0.0,""bond_lengths"":0.001,""bonds"":0.0,""double_bond_stereochemistry"":0.0,""energy_ratio"":0.0,""file_loads"":0.0,""inchi_convertible"":0.0,""internal_steric_clash"":0.0,""molecular_formula"":0.0,""no_radicals"":0.0,""planar_aromatic_rings"":0.0,""planar_double_bonds"":0.0,""reference_file_loads"":0.0,""sanitisation"":0.0,""tetrahedral_chirality"":0.0}",999,113.10704354025164,1.8368904449555195,2.822667071136315,158.0,15.815815815815816,0.9139417318126605,0.02902902902902903,102.19848685652391,0.0124498873247622,0.2974683544303797,25.0,2.5025025025025025,0.8911408589862632,0.10510510510510511,17.610085321273917,0.06708109510912313,0.08,4.0,0.4004004004004004,0.7748047274888159,0.42742742742742745,2.9273788280046262,0.36649161674186703,0.0,2.0,0.2002002002002002,0.981182541537473,0.5805805805805806,1.974082853025792,0.5129864599334069,0.0,999,-76.96278919163251,632.2276196220777,-69.74241583558694,23.58180085186003,0.7183379714778685,1.68822820776186,0.0,0.0,1.0,1.0,0.7276233161431576,1.74843915305878,0.0,0.0,1.0,1.0,1000,0,0,0,0,0,1000,0,0,0,0,999,1000,1000,core
4eor_4eor_conf0,generation,nextmol_dmt_l_raw,dynamic,,nextmol_dmt_l_raw_dynamic,NextMol DMT-L,nextmol_dmt_l_raw_dynamic,7,28,134,0.7,134,134,0,1.0,134,134,0,1.0,"{""all_atoms_connected"":0,""bond_angles"":0,""bond_lengths"":0,""bonds"":0,""double_bond_stereochemistry"":0,""energy_ratio"":0,""file_loads"":0,""inchi_convertible"":0,""internal_steric_clash"":0,""molecular_formula"":0,""no_radicals"":0,""planar_aromatic_rings"":0,""planar_double_bonds"":0,""reference_file_loads"":0,""sanitisation"":0,""tetrahedral_chirality"":0}","{""all_atoms_connected"":0.0,""bond_angles"":0.0,""bond_lengths"":0.0,""bonds"":0.0,""double_bond_stereochemistry"":0.0,""energy_ratio"":0.0,""file_loads"":0.0,""inchi_convertible"":0.0,""internal_steric_clash"":0.0,""molecular_formula"":0.0,""no_radicals"":0.0,""planar_aromatic_rings"":0.0,""planar_double_bonds"":0.0,""reference_file_loads"":0.0,""sanitisation"":0.0,""tetrahedral_chirality"":0.0}",134,114.11422272119853,1.881423440190491,2.905522689524843,70.0,52.23880597014925,0.9609985058813804,0.05223880597014925,59.31116569037031,0.019826241924704835,0.5,16.0,11.940298507462687,0.9481903431021625,0.14925373134328357,13.859097162117772,0.08086433504121185,0.0,2.0,1.492537313432836,0.995978956518722,0.5373134328358209,1.9944334112280806,0.5027845845399866,0.0,2.0,1.492537313432836,0.9411864371816834,0.6417910447761194,1.9201066383674645,0.540209400757407,0.0,134,-76.6116153486219,-53.55270205417249,-69.3353247429441,4.334645484838161,0.7587614210288179,1.6850891901466258,0.0,0.0,0.0,1.0,0.7827345799886726,1.7313111426651528,0.0,0.0,0.0,1.0,1000,0,0,0,0,0,134,0,0,0,0,134,134,134,core
4eor_4eor_conf0,generation,nextmol_dmt_l_raw,chembl_count,,nextmol_dmt_l_raw_chembl_count,NextMol DMT-L,nextmol_dmt_l_raw_chembl_count,7,28,199,0.7,199,199,0,1.0,200,199,1,0.995,"{""all_atoms_connected"":0,""bond_angles"":0,""bond_lengths"":1,""bonds"":0,""double_bond_stereochemistry"":0,""energy_ratio"":0,""file_loads"":0,""inchi_convertible"":0,""internal_steric_clash"":0,""molecular_formula"":0,""no_radicals"":0,""planar_aromatic_rings"":0,""planar_double_bonds"":0,""reference_file_loads"":0,""sanitisation"":0,""tetrahedral_chirality"":0}","{""all_atoms_connected"":0.0,""bond_angles"":0.0,""bond_lengths"":0.005,""bonds"":0.0,""double_bond_stereochemistry"":0.0,""energy_ratio"":0.0,""file_loads"":0.0,""inchi_convertible"":0.0,""internal_steric_clash"":0.0,""molecular_formula"":0.0,""no_radicals"":0.0,""planar_aromatic_rings"":0.0,""planar_double_bonds"":0.0,""reference_file_loads"":0.0,""sanitisation"":0.0,""tetrahedral_chirality"":0.0}",199,113.00039918029047,1.8247357297932725,2.870415102429928,81.0,40.7035175879397,0.9453290614113047,0.04020100502512563,63.70101489101344,0.019519709098255095,0.3950617283950617,17.0,8.542713567839195,0.9134843577322918,0.135678391959799,13.304416821157124,0.08502310547713442,0.058823529411764705,2.0,1.0050251256281406,0.9947293316404531,0.542713567839196,1.9927066328932437,0.5036488977551072,0.0,1.0,0.5025125628140703,0.0,1.0,1.0,1.0,0.0,199,-76.82432063490673,-36.9724331159296,-69.6227057498328,4.69585842974407,0.7183379714778685,1.823579197379998,0.0,0.0,1.0,1.0,0.7276233161431576,1.9083519123194228,0.0,0.0,1.0,1.0,1000,0,0,0,0,0,200,0,0,0,0,199,200,200,core
4f09_4f09_conf0,generation,nextmol_dmt_l_raw,fixed,,nextmol_dmt_l_raw_fixed,NextMol DMT-L,nextmol_dmt_l_raw_fixed,1,19,1000,0.7,1000,1000,0,1.0,1000,1000,0,1.0,"{""all_atoms_connected"":0,""bond_angles"":0,""bond_lengths"":0,""bonds"":0,""double_bond_stereochemistry"":0,""energy_ratio"":0,""file_loads"":0,""inchi_convertible"":0,""internal_steric_clash"":0,""molecular_formula"":0,""no_radicals"":0,""planar_aromatic_rings"":0,""planar_double_bonds"":0,""reference_file_loads"":0,""sanitisation"":0,""tetrahedral_chirality"":0}","{""all_atoms_connected"":0.0,""bond_angles"":0.0,""bond_lengths"":0.0,""bonds"":0.0,""double_bond_stereochemistry"":0.0,""energy_ratio"":0.0,""file_loads"":0.0,""inchi_convertible"":0.0,""internal_steric_clash"":0.0,""molecular_formula"":0.0,""no_radicals"":0.0,""planar_aromatic_rings"":0.0,""planar_double_bonds"":0.0,""reference_file_loads"":0.0,""sanitisation"":0.0,""tetrahedral_chirality"":0.0}",1000,95.68278108206167,0.5194146051744546,0.9787392249125063,10.0,1.0,0.7094171887412226,0.43,5.121735997063022,0.26567199999999996,0.1,4.0,0.4,0.35482840522079423,0.882,1.6354150368803722,0.7826180000000001,0.0,1.0,0.1,0.0,1.0,1.0,1.0,0.0,1.0,0.1,0.0,1.0,1.0,1.0,0.0,1000,64.8203748967272,98.04810220702433,69.15561679528734,7.765586878336492,0.17747964744532452,0.3667514245858263,1.0,1.0,1.0,1.0,0.08802388987081591,0.45116891500705353,1.0,1.0,1.0,1.0,1000,0,0,0,0,0,1000,0,0,0,0,1000,1000,1000,core
4f09_4f09_conf0,generation,nextmol_dmt_l_raw,dynamic,,nextmol_dmt_l_raw_dynamic,NextMol DMT-L,nextmol_dmt_l_raw_dynamic,1,19,2,0.7,2,2,0,1.0,2,2,0,1.0,"{""all_atoms_connected"":0,""bond_angles"":0,""bond_lengths"":0,""bonds"":0,""double_bond_stereochemistry"":0,""energy_ratio"":0,""file_loads"":0,""inchi_convertible"":0,""internal_steric_clash"":0,""molecular_formula"":0,""no_radicals"":0,""planar_aromatic_rings"":0,""planar_double_bonds"":0,""reference_file_loads"":0,""sanitisation"":0,""tetrahedral_chirality"":0}","{""all_atoms_connected"":0.0,""bond_angles"":0.0,""bond_lengths"":0.0,""bonds"":0.0,""double_bond_stereochemistry"":0.0,""energy_ratio"":0.0,""file_loads"":0.0,""inchi_convertible"":0.0,""internal_steric_clash"":0.0,""molecular_formula"":0.0,""no_radicals"":0.0,""planar_aromatic_rings"":0.0,""planar_double_bonds"":0.0,""reference_file_loads"":0.0,""sanitisation"":0.0,""tetrahedral_chirality"":0.0}",2,72.21280286835022,0.787666108596731,0.787666108596731,2.0,100.0,1.0,0.5,2.0,0.5,1.0,1.0,50.0,0.0,1.0,1.0,1.0,0.0,1.0,50.0,0.0,1.0,1.0,1.0,0.0,1.0,50.0,0.0,1.0,1.0,1.0,0.0,2,65.55094127570462,73.63140309011403,69.59117218290933,4.040230907204709,0.3611719584834892,0.583273697951005,0.0,1.0,1.0,1.0,0.4720931184892965,0.6803593770580114,0.0,1.0,1.0,1.0,1000,0,0,0,0,0,2,0,0,0,0,2,2,2,core
4f09_4f09_conf0,generation,nextmol_dmt_l_raw,chembl_count,,nextmol_dmt_l_raw_chembl_count,NextMol DMT-L,nextmol_dmt_l_raw_chembl_count,1,19,2,0.7,2,2,0,1.0,2,2,0,1.0,"{""all_atoms_connected"":0,""bond_angles"":0,""bond_lengths"":0,""bonds"":0,""double_bond_stereochemistry"":0,""energy_ratio"":0,""file_loads"":0,""inchi_convertible"":0,""internal_steric_clash"":0,""molecular_formula"":0,""no_radicals"":0,""planar_aromatic_rings"":0,""planar_double_bonds"":0,""reference_file_loads"":0,""sanitisation"":0,""tetrahedral_chirality"":0}","{""all_atoms_connected"":0.0,""bond_angles"":0.0,""bond_lengths"":0.0,""bonds"":0.0,""double_bond_stereochemistry"":0.0,""energy_ratio"":0.0,""file_loads"":0.0,""inchi_convertible"":0.0,""internal_steric_clash"":0.0,""molecular_formula"":0.0,""no_radicals"":0.0,""planar_aromatic_rings"":0.0,""planar_double_bonds"":0.0,""reference_file_loads"":0.0,""sanitisation"":0.0,""tetrahedral_chirality"":0.0}",2,96.9233161277054,0.5130528983465094,0.5130528983465094,2.0,100.0,1.0,0.5,2.0,0.5,1.0,1.0,50.0,0.0,1.0,1.0,1.0,0.0,1.0,50.0,0.0,1.0,1.0,1.0,0.0,1.0,50.0,0.0,1.0,1.0,1.0,0.0,2,66.40239670777984,67.98545105146428,67.19392387962206,0.791527171842219,0.20338027323499994,0.2891076748647789,1.0,1.0,1.0,1.0,0.09928279042402643,0.293973167597512,1.0,1.0,1.0,1.0,1000,0,0,0,0,0,2,0,0,0,0,2,2,2,core
4f2w_4f2w_conf0,generation,nextmol_dmt_l_raw,fixed,,nextmol_dmt_l_raw_fixed,NextMol DMT-L,nextmol_dmt_l_raw_fixed,6,20,79,0.7,79,79,0,1.0,1000,79,921,0.079,"{""all_atoms_connected"":0,""bond_angles"":0,""bond_lengths"":0,""bonds"":0,""double_bond_stereochemistry"":0,""energy_ratio"":0,""file_loads"":0,""inchi_convertible"":0,""internal_steric_clash"":0,""molecular_formula"":0,""no_radicals"":0,""planar_aromatic_rings"":0,""planar_double_bonds"":0,""reference_file_loads"":0,""sanitisation"":0,""tetrahedral_chirality"":921}","{""all_atoms_connected"":0.0,""bond_angles"":0.0,""bond_lengths"":0.0,""bonds"":0.0,""double_bond_stereochemistry"":0.0,""energy_ratio"":0.0,""file_loads"":0.0,""inchi_convertible"":0.0,""internal_steric_clash"":0.0,""molecular_formula"":0.0,""no_radicals"":0.0,""planar_aromatic_rings"":0.0,""planar_double_bonds"":0.0,""reference_file_loads"":0.0,""sanitisation"":0.0,""tetrahedral_chirality"":0.921}",79,125.3360134546963,1.6399315613936727,2.21745485462021,55.0,69.62025316455696,0.9726244247710932,0.05063291139240506,49.28551054770619,0.022912994712385826,0.6909090909090909,19.0,24.050632911392405,0.9443619696666719,0.12658227848101267,16.128956451660382,0.06970036853068418,0.15789473684210525,2.0,2.5316455696202533,0.9484103893488013,0.6329113924050633,1.9297452268523643,0.5353308764621054,0.0,1.0,1.2658227848101267,0.0,1.0,1.0,1.0,0.0,79,-40.71904634638368,-19.96054312402287,-33.63644348310517,4.49585638489252,0.7811430292688759,1.868896643299283,0.0,0.0,0.0,1.0,0.7801837881155804,1.8739139327208016,0.0,0.0,0.0,1.0,1000,0,0,0,0,0,1000,0,0,0,0,79,1000,1000,core
4f2w_4f2w_conf0,generation,nextmol_dmt_l_raw,dynamic,,nextmol_dmt_l_raw_dynamic,NextMol DMT-L,nextmol_dmt_l_raw_dynamic,6,20,7,0.7,7,7,0,1.0,112,7,105,0.0625,"{""all_atoms_connected"":0,""bond_angles"":0,""bond_lengths"":0,""bonds"":0,""double_bond_stereochemistry"":0,""energy_ratio"":0,""file_loads"":0,""inchi_convertible"":0,""internal_steric_clash"":0,""molecular_formula"":0,""no_radicals"":0,""planar_aromatic_rings"":0,""planar_double_bonds"":0,""reference_file_loads"":0,""sanitisation"":0,""tetrahedral_chirality"":105}","{""all_atoms_connected"":0.0,""bond_angles"":0.0,""bond_lengths"":0.0,""bonds"":0.0,""double_bond_stereochemistry"":0.0,""energy_ratio"":0.0,""file_loads"":0.0,""inchi_convertible"":0.0,""internal_steric_clash"":0.0,""molecular_formula"":0.0,""no_radicals"":0.0,""planar_aromatic_rings"":0.0,""planar_double_bonds"":0.0,""reference_file_loads"":0.0,""sanitisation"":0.0,""tetrahedral_chirality"":0.9375}",7,128.372354890217,1.7916708562576804,2.098202710873778,7.0,100.0,0.9999999999999999,0.14285714285714285,6.999999999999998,0.14285714285714285,1.0,7.0,100.0,0.9999999999999999,0.14285714285714285,6.999999999999998,0.14285714285714285,1.0,2.0,28.571428571428573,0.9852281360342515,0.5714285714285714,1.9796263300525183,0.510204081632653,0.0,1.0,14.285714285714286,0.0,1.0,1.0,1.0,0.0,7,-37.374144497607304,-28.948562222588837,-33.012752442634245,3.05218041194338,1.3954227694082602,2.038173781064891,0.0,0.0,0.0,1.0,1.3782906291841706,2.0433419989233017,0.0,0.0,0.0,1.0,1000,0,0,0,0,0,112,0,0,0,0,7,112,112,core
4f2w_4f2w_conf0,generation,nextmol_dmt_l_raw,chembl_count,,nextmol_dmt_l_raw_chembl_count,NextMol DMT-L,nextmol_dmt_l_raw_chembl_count,6,20,58,0.7,58,58,0,1.0,800,58,742,0.0725,"{""all_atoms_connected"":0,""bond_angles"":0,""bond_lengths"":0,""bonds"":0,""double_bond_stereochemistry"":0,""energy_ratio"":0,""file_loads"":0,""inchi_convertible"":0,""internal_steric_clash"":0,""molecular_formula"":0,""no_radicals"":0,""planar_aromatic_rings"":0,""planar_double_bonds"":0,""reference_file_loads"":0,""sanitisation"":0,""tetrahedral_chirality"":742}","{""all_atoms_connected"":0.0,""bond_angles"":0.0,""bond_lengths"":0.0,""bonds"":0.0,""double_bond_stereochemistry"":0.0,""energy_ratio"":0.0,""file_loads"":0.0,""inchi_convertible"":0.0,""internal_steric_clash"":0.0,""molecular_formula"":0.0,""no_radicals"":0.0,""planar_aromatic_rings"":0.0,""planar_double_bonds"":0.0,""reference_file_loads"":0.0,""sanitisation"":0.0,""tetrahedral_chirality"":0.9275}",58,124.26014917111047,1.6441308153241905,2.2026720902499504,47.0,81.03448275862068,0.979302859359744,0.05172413793103448,43.40004835653964,0.02556480380499405,0.8297872340425532,19.0,32.758620689655174,0.9369803703514924,0.1206896551724138,15.782181100718459,0.07253269916765753,0.2631578947368421,3.0,5.172413793103448,0.9080674192747938,0.5344827586206896,2.7118038092907883,0.401307966706302,0.0,1.0,1.7241379310344827,0.0,1.0,1.0,1.0,0.0,58,-40.71904634638368,-19.96054312402287,-32.93178872673919,4.711782269089865,0.8908493897914368,1.9539892359175832,0.0,0.0,0.0,1.0,0.8927439329197553,1.958468783648144,0.0,0.0,0.0,1.0,1000,0,0,0,0,0,800,0,0,0,0,58,800,800,core
4f9w_4f9w_conf0,generation,nextmol_dmt_l_raw,fixed,,nextmol_dmt_l_raw_fixed,NextMol DMT-L,nextmol_dmt_l_raw_fixed,3,25,1000,0.7,1000,1000,0,1.0,1000,1000,0,1.0,"{""all_atoms_connected"":0,""bond_angles"":0,""bond_lengths"":0,""bonds"":0,""double_bond_stereochemistry"":0,""energy_ratio"":0,""file_loads"":0,""inchi_convertible"":0,""internal_steric_clash"":0,""molecular_formula"":0,""no_radicals"":0,""planar_aromatic_rings"":0,""planar_double_bonds"":0,""reference_file_loads"":0,""sanitisation"":0,""tetrahedral_chirality"":0}","{""all_atoms_connected"":0.0,""bond_angles"":0.0,""bond_lengths"":0.0,""bonds"":0.0,""double_bond_stereochemistry"":0.0,""energy_ratio"":0.0,""file_loads"":0.0,""inchi_convertible"":0.0,""internal_steric_clash"":0.0,""molecular_formula"":0.0,""no_radicals"":0.0,""planar_aromatic_rings"":0.0,""planar_double_bonds"":0.0,""reference_file_loads"":0.0,""sanitisation"":0.0,""tetrahedral_chirality"":0.0}",1000,107.88468737576639,0.9857224499264748,1.5210354283782266,10.0,1.0,0.6975658397341032,0.259,4.983860063547388,0.226008,0.0,4.0,0.4,0.9985297181212491,0.271,3.9918553293195798,0.251022,0.0,1.0,0.1,0.0,1.0,1.0,1.0,0.0,1.0,0.1,0.0,1.0,1.0,1.0,0.0,1000,91.21635425742612,104.94364413277292,94.41968571956062,1.2849741730002735,0.18590479075539937,1.1171930037994482,1.0,1.0,1.0,1.0,0.23755309774802869,1.1334962122917516,1.0,1.0,1.0,1.0,1000,0,0,0,0,0,1000,0,0,0,0,1000,1000,1000,core
4f9w_4f9w_conf0,generation,nextmol_dmt_l_raw,dynamic,,nextmol_dmt_l_raw_dynamic,NextMol DMT-L,nextmol_dmt_l_raw_dynamic,3,25,46,0.7,46,46,0,1.0,46,46,0,1.0,"{""all_atoms_connected"":0,""bond_angles"":0,""bond_lengths"":0,""bonds"":0,""double_bond_stereochemistry"":0,""energy_ratio"":0,""file_loads"":0,""inchi_convertible"":0,""internal_steric_clash"":0,""molecular_formula"":0,""no_radicals"":0,""planar_aromatic_rings"":0,""planar_double_bonds"":0,""reference_file_loads"":0,""sanitisation"":0,""tetrahedral_chirality"":0}","{""all_atoms_connected"":0.0,""bond_angles"":0.0,""bond_lengths"":0.0,""bonds"":0.0,""double_bond_stereochemistry"":0.0,""energy_ratio"":0.0,""file_loads"":0.0,""inchi_convertible"":0.0,""internal_steric_clash"":0.0,""molecular_formula"":0.0,""no_radicals"":0.0,""planar_aromatic_rings"":0.0,""planar_double_bonds"":0.0,""reference_file_loads"":0.0,""sanitisation"":0.0,""tetrahedral_chirality"":0.0}",46,109.17776769473016,1.0123911126367486,1.5222705159931917,5.0,10.869565217391305,0.9337959411618706,0.2608695652173913,4.494644559609959,0.2315689981096408,0.0,4.0,8.695652173913043,0.999317982079286,0.2608695652173913,3.996219876901775,0.2504725897920605,0.0,1.0,2.1739130434782608,0.0,1.0,1.0,1.0,0.0,1.0,2.1739130434782608,0.0,1.0,1.0,1.0,0.0,46,93.03432089721444,99.51711691989097,94.40143854162514,1.1002698198334342,0.19794255039251848,1.1127907463309292,1.0,1.0,1.0,1.0,0.24856136918572616,1.1286120142453666,1.0,1.0,1.0,1.0,1000,0,0,0,0,0,46,0,0,0,0,46,46,46,core
4f9w_4f9w_conf0,generation,nextmol_dmt_l_raw,chembl_count,,nextmol_dmt_l_raw_chembl_count,NextMol DMT-L,nextmol_dmt_l_raw_chembl_count,3,25,4,0.7,4,4,0,1.0,4,4,0,1.0,"{""all_atoms_connected"":0,""bond_angles"":0,""bond_lengths"":0,""bonds"":0,""double_bond_stereochemistry"":0,""energy_ratio"":0,""file_loads"":0,""inchi_convertible"":0,""internal_steric_clash"":0,""molecular_formula"":0,""no_radicals"":0,""planar_aromatic_rings"":0,""planar_double_bonds"":0,""reference_file_loads"":0,""sanitisation"":0,""tetrahedral_chirality"":0}","{""all_atoms_connected"":0.0,""bond_angles"":0.0,""bond_lengths"":0.0,""bonds"":0.0,""double_bond_stereochemistry"":0.0,""energy_ratio"":0.0,""file_loads"":0.0,""inchi_convertible"":0.0,""internal_steric_clash"":0.0,""molecular_formula"":0.0,""no_radicals"":0.0,""planar_aromatic_rings"":0.0,""planar_double_bonds"":0.0,""reference_file_loads"":0.0,""sanitisation"":0.0,""tetrahedral_chirality"":0.0}",4,87.15244114151793,1.1037779813867985,1.5175335506479706,3.0,75.0,0.946394630357186,0.5,2.82842712474619,0.375,0.6666666666666666,3.0,75.0,0.946394630357186,0.5,2.82842712474619,0.375,0.6666666666666666,1.0,25.0,0.0,1.0,1.0,1.0,0.0,1.0,25.0,0.0,1.0,1.0,1.0,0.0,4,94.09086724454903,95.60293099637519,94.68056070752284,0.5421240083331058,0.20353493776371273,1.4011076996209644,1.0,1.0,1.0,1.0,0.2551910966694295,1.3989643464517032,0.0,1.0,1.0,1.0,1000,0,0,0,0,0,4,0,0,0,0,4,4,4,core
4hge_4hge_conf0,generation,nextmol_dmt_l_raw,fixed,,nextmol_dmt_l_raw_fixed,NextMol DMT-L,nextmol_dmt_l_raw_fixed,3,25,780,0.7,780,676,104,0.8666666666666667,1000,780,220,0.78,"{""all_atoms_connected"":0,""bond_angles"":0,""bond_lengths"":0,""bonds"":0,""double_bond_stereochemistry"":0,""energy_ratio"":0,""file_loads"":0,""inchi_convertible"":0,""internal_steric_clash"":220,""molecular_formula"":0,""no_radicals"":0,""planar_aromatic_rings"":0,""planar_double_bonds"":0,""reference_file_loads"":0,""sanitisation"":0,""tetrahedral_chirality"":0}","{""all_atoms_connected"":0.0,""bond_angles"":0.0,""bond_lengths"":0.0,""bonds"":0.0,""double_bond_stereochemistry"":0.0,""energy_ratio"":0.0,""file_loads"":0.0,""inchi_convertible"":0.0,""internal_steric_clash"":0.22,""molecular_formula"":0.0,""no_radicals"":0.0,""planar_aromatic_rings"":0.0,""planar_double_bonds"":0.0,""reference_file_loads"":0.0,""sanitisation"":0.0,""tetrahedral_chirality"":0.0}",780,111.69906331916977,1.9758985544432568,2.694941417062114,69.0,8.846153846153847,0.8101823689721839,0.09743589743589744,30.888947640251548,0.050871137409598956,0.2463768115942029,42.0,5.384615384615385,0.8279717626686586,0.14743589743589744,22.080279991946504,0.0666863905325444,0.11904761904761904,7.0,0.8974358974358975,0.7229125385852995,0.4115384615384615,4.082554296998662,0.31450032873109784,0.0,1.0,0.1282051282051282,0.0,1.0,1.0,1.0,0.0,780,98.75954707570898,139.37006903149742,110.58013271119016,11.56791239173005,0.1947312892984131,2.0301921064093005,1.0,1.0,1.0,1.0,0.20087421364900412,2.0137237154248426,1.0,1.0,1.0,1.0,1000,0,0,0,0,0,1000,0,0,0,0,780,1000,1000,core
4hge_4hge_conf0,generation,nextmol_dmt_l_raw,dynamic,,nextmol_dmt_l_raw_dynamic,NextMol DMT-L,nextmol_dmt_l_raw_dynamic,3,25,41,0.7,41,35,6,0.8536585365853658,46,41,5,0.8913043478260869,"{""all_atoms_connected"":0,""bond_angles"":0,""bond_lengths"":0,""bonds"":0,""double_bond_stereochemistry"":0,""energy_ratio"":0,""file_loads"":0,""inchi_convertible"":0,""internal_steric_clash"":5,""molecular_formula"":0,""no_radicals"":0,""planar_aromatic_rings"":0,""planar_double_bonds"":0,""reference_file_loads"":0,""sanitisation"":0,""tetrahedral_chirality"":0}","{""all_atoms_connected"":0.0,""bond_angles"":0.0,""bond_lengths"":0.0,""bonds"":0.0,""double_bond_stereochemistry"":0.0,""energy_ratio"":0.0,""file_loads"":0.0,""inchi_convertible"":0.0,""internal_steric_clash"":0.10869565217391304,""molecular_formula"":0.0,""no_radicals"":0.0,""planar_aromatic_rings"":0.0,""planar_double_bonds"":0.0,""reference_file_loads"":0.0,""sanitisation"":0.0,""tetrahedral_chirality"":0.0}",41,111.350818871744,1.937928035484233,2.641783780213281,22.0,53.65853658536585,0.9280711537270755,0.12195121951219512,17.61423418892281,0.06960142772159428,0.6363636363636364,18.0,43.90243902439025,0.9207675764032404,0.14634146341463414,14.315753845921178,0.08387864366448541,0.5,4.0,9.75609756097561,0.7409402849028349,0.5609756097560976,2.7931258328591264,0.42296252230814996,0.0,2.0,4.878048780487805,0.9892452969285004,0.5609756097560976,1.9851462488907359,0.5074360499702559,0.0,41,99.36265437680396,136.25980505106986,111.15820338389653,10.892126027614546,0.2284188653082643,2.0384210187214022,1.0,1.0,1.0,1.0,0.23387767589831762,2.0260598830389838,1.0,1.0,1.0,1.0,1000,0,0,0,0,0,46,0,0,0,0,41,46,46,core
4hge_4hge_conf0,generation,nextmol_dmt_l_raw,chembl_count,,nextmol_dmt_l_raw_chembl_count,NextMol DMT-L,nextmol_dmt_l_raw_chembl_count,3,25,27,0.7,27,23,4,0.8518518518518519,36,27,9,0.75,"{""all_atoms_connected"":0,""bond_angles"":0,""bond_lengths"":0,""bonds"":0,""double_bond_stereochemistry"":0,""energy_ratio"":0,""file_loads"":0,""inchi_convertible"":0,""internal_steric_clash"":9,""molecular_formula"":0,""no_radicals"":0,""planar_aromatic_rings"":0,""planar_double_bonds"":0,""reference_file_loads"":0,""sanitisation"":0,""tetrahedral_chirality"":0}","{""all_atoms_connected"":0.0,""bond_angles"":0.0,""bond_lengths"":0.0,""bonds"":0.0,""double_bond_stereochemistry"":0.0,""energy_ratio"":0.0,""file_loads"":0.0,""inchi_convertible"":0.0,""internal_steric_clash"":0.25,""molecular_formula"":0.0,""no_radicals"":0.0,""planar_aromatic_rings"":0.0,""planar_double_bonds"":0.0,""reference_file_loads"":0.0,""sanitisation"":0.0,""tetrahedral_chirality"":0.0}",27,114.42021683158514,2.015986533145622,2.7020525505453152,21.0,77.77777777777777,0.9749942568206565,0.1111111111111111,19.460599664937877,0.05624142661179697,0.7619047619047619,17.0,62.96296296296296,0.95470264256233,0.1111111111111111,14.952466455251486,0.07544581618655692,0.6470588235294118,4.0,14.814814814814815,0.6899388187763997,0.48148148148148145,2.6024629731437825,0.43209876543209874,0.5,1.0,3.7037037037037037,0.0,1.0,1.0,1.0,0.0,27,99.08341027571323,136.10739038234934,111.00482047604535,11.593336367632649,0.2248641827788699,2.0238017850675174,1.0,1.0,1.0,1.0,0.23073280821130582,2.0042279940158263,1.0,1.0,1.0,1.0,1000,0,0,0,0,0,36,0,0,0,0,27,36,36,core
4j21_4j21_conf0,generation,nextmol_dmt_l_raw,fixed,,nextmol_dmt_l_raw_fixed,NextMol DMT-L,nextmol_dmt_l_raw_fixed,2,20,1000,0.7,1000,1000,0,1.0,1000,1000,0,1.0,"{""all_atoms_connected"":0,""bond_angles"":0,""bond_lengths"":0,""bonds"":0,""double_bond_stereochemistry"":0,""energy_ratio"":0,""file_loads"":0,""inchi_convertible"":0,""internal_steric_clash"":0,""molecular_formula"":0,""no_radicals"":0,""planar_aromatic_rings"":0,""planar_double_bonds"":0,""reference_file_loads"":0,""sanitisation"":0,""tetrahedral_chirality"":0}","{""all_atoms_connected"":0.0,""bond_angles"":0.0,""bond_lengths"":0.0,""bonds"":0.0,""double_bond_stereochemistry"":0.0,""energy_ratio"":0.0,""file_loads"":0.0,""inchi_convertible"":0.0,""internal_steric_clash"":0.0,""molecular_formula"":0.0,""no_radicals"":0.0,""planar_aromatic_rings"":0.0,""planar_double_bonds"":0.0,""reference_file_loads"":0.0,""sanitisation"":0.0,""tetrahedral_chirality"":0.0}",1000,104.66985607518347,0.9139219610377386,1.5994075225028992,3.0,0.3,0.9466230079672842,0.499,2.8291368617568793,0.374722,0.0,2.0,0.2,0.9999971146079947,0.501,1.9999960000013333,0.500002,0.0,1.0,0.1,0.0,1.0,1.0,1.0,0.0,1.0,0.1,0.0,1.0,1.0,1.0,0.0,1000,26.079950063413747,31.946812077221598,28.142535466200737,0.6063524504183853,0.07945637614457494,0.8485063458196306,1.0,1.0,1.0,1.0,0.0864671304749988,0.822991556922023,1.0,1.0,1.0,1.0,1000,0,0,0,0,0,1000,0,0,0,0,1000,1000,1000,core
4j21_4j21_conf0,generation,nextmol_dmt_l_raw,dynamic,,nextmol_dmt_l_raw_dynamic,NextMol DMT-L,nextmol_dmt_l_raw_dynamic,2,20,24,0.7,24,24,0,1.0,24,24,0,1.0,"{""all_atoms_connected"":0,""bond_angles"":0,""bond_lengths"":0,""bonds"":0,""double_bond_stereochemistry"":0,""energy_ratio"":0,""file_loads"":0,""inchi_convertible"":0,""internal_steric_clash"":0,""molecular_formula"":0,""no_radicals"":0,""planar_aromatic_rings"":0,""planar_double_bonds"":0,""reference_file_loads"":0,""sanitisation"":0,""tetrahedral_chirality"":0}","{""all_atoms_connected"":0.0,""bond_angles"":0.0,""bond_lengths"":0.0,""bonds"":0.0,""double_bond_stereochemistry"":0.0,""energy_ratio"":0.0,""file_loads"":0.0,""inchi_convertible"":0.0,""internal_steric_clash"":0.0,""molecular_formula"":0.0,""no_radicals"":0.0,""planar_aromatic_rings"":0.0,""planar_double_bonds"":0.0,""reference_file_loads"":0.0,""sanitisation"":0.0,""tetrahedral_chirality"":0.0}",24,101.49593094328962,0.88076438034337,1.5995238735605455,3.0,12.5,0.75,0.6666666666666666,2.2795070569547775,0.5138888888888888,0.0,2.0,8.333333333333334,0.9182958340544894,0.6666666666666666,1.8898815748423097,0.5555555555555556,0.0,1.0,4.166666666666667,0.0,1.0,1.0,1.0,0.0,1.0,4.166666666666667,0.0,1.0,1.0,1.0,0.0,24,27.015289921728538,28.850523817913604,28.120529970660293,0.5334418728638943,0.08488196833727053,0.8261529141627628,1.0,1.0,1.0,1.0,0.09211045945640607,0.8000042954895517,1.0,1.0,1.0,1.0,1000,0,0,0,0,0,24,0,0,0,0,24,24,24,core
4j21_4j21_conf0,generation,nextmol_dmt_l_raw,chembl_count,,nextmol_dmt_l_raw_chembl_count,NextMol DMT-L,nextmol_dmt_l_raw_chembl_count,2,20,3,0.7,3,3,0,1.0,3,3,0,1.0,"{""all_atoms_connected"":0,""bond_angles"":0,""bond_lengths"":0,""bonds"":0,""double_bond_stereochemistry"":0,""energy_ratio"":0,""file_loads"":0,""inchi_convertible"":0,""internal_steric_clash"":0,""molecular_formula"":0,""no_radicals"":0,""planar_aromatic_rings"":0,""planar_double_bonds"":0,""reference_file_loads"":0,""sanitisation"":0,""tetrahedral_chirality"":0}","{""all_atoms_connected"":0.0,""bond_angles"":0.0,""bond_lengths"":0.0,""bonds"":0.0,""double_bond_stereochemistry"":0.0,""energy_ratio"":0.0,""file_loads"":0.0,""inchi_convertible"":0.0,""internal_steric_clash"":0.0,""molecular_formula"":0.0,""no_radicals"":0.0,""planar_aromatic_rings"":0.0,""planar_double_bonds"":0.0,""reference_file_loads"":0.0,""sanitisation"":0.0,""tetrahedral_chirality"":0.0}",3,57.590321198312175,1.0781861899031144,1.5994816199774144,2.0,66.66666666666667,0.9182958340544894,0.6666666666666666,1.8898815748423097,0.5555555555555556,0.5,2.0,66.66666666666667,0.9182958340544894,0.6666666666666666,1.8898815748423097,0.5555555555555556,0.5,1.0,33.333333333333336,0.0,1.0,1.0,1.0,0.0,1.0,33.333333333333336,0.0,1.0,1.0,1.0,0.0,3,28.074698693019926,28.367246298023126,28.296944014249707,0.12468604800564567,0.832234981263704,0.8323376660762655,0.0,0.0,0.0,1.0,0.8062269209015887,0.8065624087591561,0.0,0.0,0.0,1.0,1000,0,0,0,0,0,3,0,0,0,0,3,3,3,core
4j3l_4j3l_conf0,generation,nextmol_dmt_l_raw,fixed,,nextmol_dmt_l_raw_fixed,NextMol DMT-L,nextmol_dmt_l_raw_fixed,5,26,1000,0.7,1000,1000,0,1.0,1000,1000,0,1.0,"{""all_atoms_connected"":0,""bond_angles"":0,""bond_lengths"":0,""bonds"":0,""double_bond_stereochemistry"":0,""energy_ratio"":0,""file_loads"":0,""inchi_convertible"":0,""internal_steric_clash"":0,""molecular_formula"":0,""no_radicals"":0,""planar_aromatic_rings"":0,""planar_double_bonds"":0,""reference_file_loads"":0,""sanitisation"":0,""tetrahedral_chirality"":0}","{""all_atoms_connected"":0.0,""bond_angles"":0.0,""bond_lengths"":0.0,""bonds"":0.0,""double_bond_stereochemistry"":0.0,""energy_ratio"":0.0,""file_loads"":0.0,""inchi_convertible"":0.0,""internal_steric_clash"":0.0,""molecular_formula"":0.0,""no_radicals"":0.0,""planar_aromatic_rings"":0.0,""planar_double_bonds"":0.0,""reference_file_loads"":0.0,""sanitisation"":0.0,""tetrahedral_chirality"":0.0}",1000,99.54257984312042,1.464848076098821,1.930794378240437,124.0,12.4,0.9616764748641691,0.021,103.08474159109903,0.010851999999999997,0.08870967741935484,17.0,1.7,0.9766062948841129,0.097,15.909779555833115,0.065988,0.0,2.0,0.2,0.9999740313334506,0.503,1.9999640001079988,0.500018,0.0,1.0,0.1,0.0,1.0,1.0,1.0,0.0,1000,39.32902179728414,495.8388522397969,46.023056150272375,15.276103046289983,0.35893407837330443,1.5700709374348385,0.0,1.0,1.0,1.0,0.32584811534360586,1.5677833680563755,0.0,1.0,1.0,1.0,1000,0,0,0,0,0,1000,0,0,0,0,1000,1000,1000,core
4j3l_4j3l_conf0,generation,nextmol_dmt_l_raw,dynamic,,nextmol_dmt_l_raw_dynamic,NextMol DMT-L,nextmol_dmt_l_raw_dynamic,5,26,90,0.7,90,90,0,1.0,90,90,0,1.0,"{""all_atoms_connected"":0,""bond_angles"":0,""bond_lengths"":0,""bonds"":0,""double_bond_stereochemistry"":0,""energy_ratio"":0,""file_loads"":0,""inchi_convertible"":0,""internal_steric_clash"":0,""molecular_formula"":0,""no_radicals"":0,""planar_aromatic_rings"":0,""planar_double_bonds"":0,""reference_file_loads"":0,""sanitisation"":0,""tetrahedral_chirality"":0}","{""all_atoms_connected"":0.0,""bond_angles"":0.0,""bond_lengths"":0.0,""bonds"":0.0,""double_bond_stereochemistry"":0.0,""energy_ratio"":0.0,""file_loads"":0.0,""inchi_convertible"":0.0,""internal_steric_clash"":0.0,""molecular_formula"":0.0,""no_radicals"":0.0,""planar_aromatic_rings"":0.0,""planar_double_bonds"":0.0,""reference_file_loads"":0.0,""sanitisation"":0.0,""tetrahedral_chirality"":0.0}",90,98.6686089771473,1.471494672656995,1.9512656490356297,50.0,55.55555555555556,0.9499379236133312,0.06666666666666667,41.10702415457398,0.029629629629629634,0.6,13.0,14.444444444444445,0.9669089725570269,0.13333333333333333,11.94213076273956,0.08913580246913579,0.0,2.0,2.2222222222222223,0.9910760598382222,0.5555555555555556,1.9876669750024174,0.5061728395061729,0.0,1.0,1.1111111111111112,0.0,1.0,1.0,1.0,0.0,90,40.53434038193134,495.8388522397969,45.784235911258904,47.2919403071954,0.4959916925008785,1.5582120158289245,0.0,1.0,1.0,1.0,0.4734954958055888,1.5399909968882541,0.0,1.0,1.0,1.0,1000,0,0,0,0,0,90,0,0,0,0,90,90,90,core
4j3l_4j3l_conf0,generation,nextmol_dmt_l_raw,chembl_count,,nextmol_dmt_l_raw_chembl_count,NextMol DMT-L,nextmol_dmt_l_raw_chembl_count,5,26,114,0.7,114,114,0,1.0,114,114,0,1.0,"{""all_atoms_connected"":0,""bond_angles"":0,""bond_lengths"":0,""bonds"":0,""double_bond_stereochemistry"":0,""energy_ratio"":0,""file_loads"":0,""inchi_convertible"":0,""internal_steric_clash"":0,""molecular_formula"":0,""no_radicals"":0,""planar_aromatic_rings"":0,""planar_double_bonds"":0,""reference_file_loads"":0,""sanitisation"":0,""tetrahedral_chirality"":0}","{""all_atoms_connected"":0.0,""bond_angles"":0.0,""bond_lengths"":0.0,""bonds"":0.0,""double_bond_stereochemistry"":0.0,""energy_ratio"":0.0,""file_loads"":0.0,""inchi_convertible"":0.0,""internal_steric_clash"":0.0,""molecular_formula"":0.0,""no_radicals"":0.0,""planar_aromatic_rings"":0.0,""planar_double_bonds"":0.0,""reference_file_loads"":0.0,""sanitisation"":0.0,""tetrahedral_chirality"":0.0}",114,100.01105956907176,1.4793201326107546,1.9505500811195011,63.0,55.26315789473684,0.974862795681298,0.043859649122807015,56.76885808700429,0.019390581717451522,0.42857142857142855,15.0,13.157894736842104,0.9597117743155601,0.12280701754385964,13.449577103511245,0.08048630347799321,0.0,2.0,1.7543859649122806,0.6076407686085386,0.8508771929824561,1.52376536517773,0.7462296091104954,0.0,1.0,0.8771929824561403,0.0,1.0,1.0,1.0,0.0,114,40.42412983633575,50.60229544125925,45.93158080981733,2.287249880405717,0.4470181866246972,1.6155367530201794,0.0,1.0,1.0,1.0,0.4134475547015013,1.5790781896066983,0.0,1.0,1.0,1.0,1000,0,0,0,0,0,114,0,0,0,0,114,114,114,core
4jsz_4jsz_conf0,generation,nextmol_dmt_l_raw,fixed,,nextmol_dmt_l_raw_fixed,NextMol DMT-L,nextmol_dmt_l_raw_fixed,2,10,1000,0.7,1000,1000,0,1.0,1000,1000,0,1.0,"{""all_atoms_connected"":0,""bond_angles"":0,""bond_lengths"":0,""bonds"":0,""double_bond_stereochemistry"":0,""energy_ratio"":0,""file_loads"":0,""inchi_convertible"":0,""internal_steric_clash"":0,""molecular_formula"":0,""no_radicals"":0,""planar_aromatic_rings"":0,""planar_double_bonds"":0,""reference_file_loads"":0,""sanitisation"":0,""tetrahedral_chirality"":0}","{""all_atoms_connected"":0.0,""bond_angles"":0.0,""bond_lengths"":0.0,""bonds"":0.0,""double_bond_stereochemistry"":0.0,""energy_ratio"":0.0,""file_loads"":0.0,""inchi_convertible"":0.0,""internal_steric_clash"":0.0,""molecular_formula"":0.0,""no_radicals"":0.0,""planar_aromatic_rings"":0.0,""planar_double_bonds"":0.0,""reference_file_loads"":0.0,""sanitisation"":0.0,""tetrahedral_chirality"":0.0}",1000,96.7390874385585,0.15369158512370876,0.8172325648842862,2.0,0.2,0.7097645542842426,0.806,1.6355371780642758,0.6872720000000001,0.0,1.0,0.1,0.0,1.0,1.0,1.0,0.0,1.0,0.1,0.0,1.0,1.0,1.0,0.0,1.0,0.1,0.0,1.0,1.0,1.0,0.0,1000,-56.74219431709,-46.5810444306424,-56.15102143052886,1.8420958195570745,0.10104706220923046,0.5360487155082574,1.0,1.0,1.0,1.0,0.38295003030589314,0.47190314242102194,0.0,1.0,1.0,1.0,1000,0,0,0,0,0,1000,0,0,0,0,1000,1000,1000,core
4jsz_4jsz_conf0,generation,nextmol_dmt_l_raw,dynamic,,nextmol_dmt_l_raw_dynamic,NextMol DMT-L,nextmol_dmt_l_raw_dynamic,2,10,24,0.7,24,24,0,1.0,24,24,0,1.0,"{""all_atoms_connected"":0,""bond_angles"":0,""bond_lengths"":0,""bonds"":0,""double_bond_stereochemistry"":0,""energy_ratio"":0,""file_loads"":0,""inchi_convertible"":0,""internal_steric_clash"":0,""molecular_formula"":0,""no_radicals"":0,""planar_aromatic_rings"":0,""planar_double_bonds"":0,""reference_file_loads"":0,""sanitisation"":0,""tetrahedral_chirality"":0}","{""all_atoms_connected"":0.0,""bond_angles"":0.0,""bond_lengths"":0.0,""bonds"":0.0,""double_bond_stereochemistry"":0.0,""energy_ratio"":0.0,""file_loads"":0.0,""inchi_convertible"":0.0,""internal_steric_clash"":0.0,""molecular_formula"":0.0,""no_radicals"":0.0,""planar_aromatic_rings"":0.0,""planar_double_bonds"":0.0,""reference_file_loads"":0.0,""sanitisation"":0.0,""tetrahedral_chirality"":0.0}",24,93.14485223643403,0.08934108976461269,0.04531183568573993,2.0,8.333333333333334,0.24988229283318544,0.9583333333333334,1.1891100934658385,0.9201388888888891,0.5,1.0,4.166666666666667,0.0,1.0,1.0,1.0,0.0,1.0,4.166666666666667,0.0,1.0,1.0,1.0,0.0,1.0,4.166666666666667,0.0,1.0,1.0,1.0,0.0,24,-56.698151698022876,-50.97923521899839,-56.13312513828132,1.7348016535327024,0.3481493385516069,0.5403382383032229,0.0,1.0,1.0,1.0,0.45615332068870174,0.4707091657931787,0.0,1.0,1.0,1.0,1000,0,0,0,0,0,24,0,0,0,0,24,24,24,core
4jsz_4jsz_conf0,generation,nextmol_dmt_l_raw,chembl_count,,nextmol_dmt_l_raw_chembl_count,NextMol DMT-L,nextmol_dmt_l_raw_chembl_count,2,10,2,0.7,2,2,0,1.0,2,2,0,1.0,"{""all_atoms_connected"":0,""bond_angles"":0,""bond_lengths"":0,""bonds"":0,""double_bond_stereochemistry"":0,""energy_ratio"":0,""file_loads"":0,""inchi_convertible"":0,""internal_steric_clash"":0,""molecular_formula"":0,""no_radicals"":0,""planar_aromatic_rings"":0,""planar_double_bonds"":0,""reference_file_loads"":0,""sanitisation"":0,""tetrahedral_chirality"":0}","{""all_atoms_connected"":0.0,""bond_angles"":0.0,""bond_lengths"":0.0,""bonds"":0.0,""double_bond_stereochemistry"":0.0,""energy_ratio"":0.0,""file_loads"":0.0,""inchi_convertible"":0.0,""internal_steric_clash"":0.0,""molecular_formula"":0.0,""no_radicals"":0.0,""planar_aromatic_rings"":0.0,""planar_double_bonds"":0.0,""reference_file_loads"":0.0,""sanitisation"":0.0,""tetrahedral_chirality"":0.0}",2,65.74754524291191,0.00848500233228117,0.00848500233228117,1.0,50.0,0.0,1.0,1.0,1.0,0.0,1.0,50.0,0.0,1.0,1.0,1.0,0.0,1.0,50.0,0.0,1.0,1.0,1.0,0.0,1.0,50.0,0.0,1.0,1.0,1.0,0.0,2,-56.35242208408263,-56.12933238819809,-56.24087723614036,0.11154484794227315,0.5342000858950468,0.5373276456899323,0.0,0.0,1.0,1.0,0.46600967484932326,0.46804261128459473,0.0,1.0,1.0,1.0,1000,0,0,0,0,0,2,0,0,0,0,2,2,2,core
4jxs_4jxs_conf0,generation,nextmol_dmt_l_raw,fixed,,nextmol_dmt_l_raw_fixed,NextMol DMT-L,nextmol_dmt_l_raw_fixed,6,22,999,0.7,999,999,0,1.0,1000,999,1,0.999,"{""all_atoms_connected"":0,""bond_angles"":0,""bond_lengths"":1,""bonds"":0,""double_bond_stereochemistry"":0,""energy_ratio"":0,""file_loads"":0,""inchi_convertible"":0,""internal_steric_clash"":0,""molecular_formula"":0,""no_radicals"":0,""planar_aromatic_rings"":0,""planar_double_bonds"":0,""reference_file_loads"":0,""sanitisation"":0,""tetrahedral_chirality"":0}","{""all_atoms_connected"":0.0,""bond_angles"":0.0,""bond_lengths"":0.001,""bonds"":0.0,""double_bond_stereochemistry"":0.0,""energy_ratio"":0.0,""file_loads"":0.0,""inchi_convertible"":0.0,""internal_steric_clash"":0.0,""molecular_formula"":0.0,""no_radicals"":0.0,""planar_aromatic_rings"":0.0,""planar_double_bonds"":0.0,""reference_file_loads"":0.0,""sanitisation"":0.0,""tetrahedral_chirality"":0.0}",999,109.20144499600252,1.7098559791522494,2.5245532699681377,71.0,7.107107107107107,0.8133396900353729,0.08408408408408409,32.040692318592875,0.04511919326734143,0.23943661971830985,17.0,1.7017017017017018,0.8651982943270414,0.1831831831831832,11.603321029012184,0.10387264141017893,0.058823529411764705,4.0,0.4004004004004004,0.9170457074505823,0.39039039039039036,3.5654678986705695,0.3002211420629839,0.0,1.0,0.1001001001001001,0.0,1.0,1.0,1.0,0.0,999,-1.710897170135457,32.317687277040044,6.085780237935374,5.533502492923326,0.3448697336834435,1.7135211599433888,0.0,1.0,1.0,1.0,0.3014223567396354,1.745720286645851,0.0,1.0,1.0,1.0,1000,0,0,0,0,0,1000,0,0,0,0,999,1000,1000,core
4jxs_4jxs_conf0,generation,nextmol_dmt_l_raw,dynamic,,nextmol_dmt_l_raw_dynamic,NextMol DMT-L,nextmol_dmt_l_raw_dynamic,6,22,112,0.7,112,112,0,1.0,112,112,0,1.0,"{""all_atoms_connected"":0,""bond_angles"":0,""bond_lengths"":0,""bonds"":0,""double_bond_stereochemistry"":0,""energy_ratio"":0,""file_loads"":0,""inchi_convertible"":0,""internal_steric_clash"":0,""molecular_formula"":0,""no_radicals"":0,""planar_aromatic_rings"":0,""planar_double_bonds"":0,""reference_file_loads"":0,""sanitisation"":0,""tetrahedral_chirality"":0}","{""all_atoms_connected"":0.0,""bond_angles"":0.0,""bond_lengths"":0.0,""bonds"":0.0,""double_bond_stereochemistry"":0.0,""energy_ratio"":0.0,""file_loads"":0.0,""inchi_convertible"":0.0,""internal_steric_clash"":0.0,""molecular_formula"":0.0,""no_radicals"":0.0,""planar_aromatic_rings"":0.0,""planar_double_bonds"":0.0,""reference_file_loads"":0.0,""sanitisation"":0.0,""tetrahedral_chirality"":0.0}",112,108.64093564167051,1.6706549521670826,2.3781716925279826,35.0,31.25,0.8959113465677281,0.13392857142857142,24.173975677310153,0.05660076530612245,0.4,13.0,11.607142857142858,0.8931639107482607,0.1875,9.884028770934881,0.11750637755102042,0.07692307692307693,3.0,2.6785714285714284,0.7957110116439564,0.6160714285714286,2.3969039785068182,0.4743303571428572,0.0,1.0,0.8928571428571429,0.0,1.0,1.0,1.0,0.0,112,-0.49832855654860353,21.37637697614174,5.607687121556353,5.1735690246064,0.3448697336834435,1.5678361815133646,0.0,1.0,1.0,1.0,0.3014223567396354,1.544335504353862,0.0,1.0,1.0,1.0,1000,0,0,0,0,0,112,0,0,0,0,112,112,112,core
4jxs_4jxs_conf0,generation,nextmol_dmt_l_raw,chembl_count,,nextmol_dmt_l_raw_chembl_count,NextMol DMT-L,nextmol_dmt_l_raw_chembl_count,6,22,32,0.7,32,32,0,1.0,32,32,0,1.0,"{""all_atoms_connected"":0,""bond_angles"":0,""bond_lengths"":0,""bonds"":0,""double_bond_stereochemistry"":0,""energy_ratio"":0,""file_loads"":0,""inchi_convertible"":0,""internal_steric_clash"":0,""molecular_formula"":0,""no_radicals"":0,""planar_aromatic_rings"":0,""planar_double_bonds"":0,""reference_file_loads"":0,""sanitisation"":0,""tetrahedral_chirality"":0}","{""all_atoms_connected"":0.0,""bond_angles"":0.0,""bond_lengths"":0.0,""bonds"":0.0,""double_bond_stereochemistry"":0.0,""energy_ratio"":0.0,""file_loads"":0.0,""inchi_convertible"":0.0,""internal_steric_clash"":0.0,""molecular_formula"":0.0,""no_radicals"":0.0,""planar_aromatic_rings"":0.0,""planar_double_bonds"":0.0,""reference_file_loads"":0.0,""sanitisation"":0.0,""tetrahedral_chirality"":0.0}",32,104.60736236939418,1.7881066272826143,2.69156965516316,18.0,56.25,0.936620937038116,0.1875,14.986993190003963,0.08203125,0.5555555555555556,8.0,25.0,0.9243918649356109,0.28125,6.836109920240868,0.166015625,0.125,3.0,9.375,0.9431042973171881,0.46875,2.8182213824676525,0.373046875,0.0,1.0,3.125,0.0,1.0,1.0,1.0,0.0,32,0.31268946885719373,32.317687277040044,6.679904023829371,7.254126210402037,0.740710873816919,1.9070213786378911,0.0,0.0,1.0,1.0,0.663391235869999,1.947118991072477,0.0,0.0,1.0,1.0,1000,0,0,0,0,0,32,0,0,0,0,32,32,32,core
4k18_4k18_conf0,generation,nextmol_dmt_l_raw,fixed,,nextmol_dmt_l_raw_fixed,NextMol DMT-L,nextmol_dmt_l_raw_fixed,5,29,974,0.7,974,954,20,0.9794661190965093,1000,974,26,0.974,"{""all_atoms_connected"":0,""bond_angles"":0,""bond_lengths"":0,""bonds"":0,""double_bond_stereochemistry"":0,""energy_ratio"":0,""file_loads"":0,""inchi_convertible"":0,""internal_steric_clash"":26,""molecular_formula"":0,""no_radicals"":0,""planar_aromatic_rings"":0,""planar_double_bonds"":0,""reference_file_loads"":0,""sanitisation"":0,""tetrahedral_chirality"":0}","{""all_atoms_connected"":0.0,""bond_angles"":0.0,""bond_lengths"":0.0,""bonds"":0.0,""double_bond_stereochemistry"":0.0,""energy_ratio"":0.0,""file_loads"":0.0,""inchi_convertible"":0.0,""internal_steric_clash"":0.026,""molecular_formula"":0.0,""no_radicals"":0.0,""planar_aromatic_rings"":0.0,""planar_double_bonds"":0.0,""reference_file_loads"":0.0,""sanitisation"":0.0,""tetrahedral_chirality"":0.0}",974,127.19690565491106,1.888406226361843,2.768721894513429,56.0,5.749486652977413,0.8352489552518807,0.0811088295687885,28.85175416949993,0.04764534994033791,0.14285714285714285,27.0,2.7720739219712525,0.8086956561554568,0.13347022587268995,14.372676760119848,0.08731537426898119,0.07407407407407407,7.0,0.7186858316221766,0.7081254168667477,0.37474332648870634,3.966755219663191,0.30244256205490594,0.0,2.0,0.2053388090349076,0.8400171517631563,0.731006160164271,1.7900714233448998,0.6067276920676816,0.0,974,104.74268190860408,141.9133473758789,108.77144503258114,8.29690764215966,0.13646937011067123,2.035254736220833,1.0,1.0,1.0,1.0,0.18321549712729784,2.0261887352866905,1.0,1.0,1.0,1.0,1000,0,0,0,0,0,1000,0,0,0,0,974,1000,1000,core
4k18_4k18_conf0,generation,nextmol_dmt_l_raw,dynamic,,nextmol_dmt_l_raw_dynamic,NextMol DMT-L,nextmol_dmt_l_raw_dynamic,5,29,90,0.7,90,88,2,0.9777777777777777,90,90,0,1.0,"{""all_atoms_connected"":0,""bond_angles"":0,""bond_lengths"":0,""bonds"":0,""double_bond_stereochemistry"":0,""energy_ratio"":0,""file_loads"":0,""inchi_convertible"":0,""internal_steric_clash"":0,""molecular_formula"":0,""no_radicals"":0,""planar_aromatic_rings"":0,""planar_double_bonds"":0,""reference_file_loads"":0,""sanitisation"":0,""tetrahedral_chirality"":0}","{""all_atoms_connected"":0.0,""bond_angles"":0.0,""bond_lengths"":0.0,""bonds"":0.0,""double_bond_stereochemistry"":0.0,""energy_ratio"":0.0,""file_loads"":0.0,""inchi_convertible"":0.0,""internal_steric_clash"":0.0,""molecular_formula"":0.0,""no_radicals"":0.0,""planar_aromatic_rings"":0.0,""planar_double_bonds"":0.0,""reference_file_loads"":0.0,""sanitisation"":0.0,""tetrahedral_chirality"":0.0}",90,127.46761551135364,1.9219033745224634,2.8278704950466427,30.0,33.333333333333336,0.9007591415217863,0.12222222222222222,21.405751201433706,0.060246913580246905,0.43333333333333335,19.0,21.11111111111111,0.8296902259162351,0.2,11.507192122243977,0.1160493827160494,0.42105263157894735,4.0,4.444444444444445,0.8530467982038121,0.3888888888888889,3.262761641694902,0.32814814814814813,0.0,2.0,2.2222222222222223,0.9389320105807949,0.6444444444444445,1.9171085279079858,0.5417283950617284,0.0,90,105.50656825924426,134.64673846440112,108.53942977185409,8.699517204558086,0.17841872749723492,1.8895733238687304,1.0,1.0,1.0,1.0,0.24689193622505481,1.8982356800401496,1.0,1.0,1.0,1.0,1000,0,0,0,0,0,90,0,0,0,0,90,90,90,core
4k18_4k18_conf0,generation,nextmol_dmt_l_raw,chembl_count,,nextmol_dmt_l_raw_chembl_count,NextMol DMT-L,nextmol_dmt_l_raw_chembl_count,5,29,108,0.7,108,107,1,0.9907407407407407,109,108,1,0.9908256880733946,"{""all_atoms_connected"":0,""bond_angles"":0,""bond_lengths"":0,""bonds"":0,""double_bond_stereochemistry"":0,""energy_ratio"":0,""file_loads"":0,""inchi_convertible"":0,""internal_steric_clash"":1,""molecular_formula"":0,""no_radicals"":0,""planar_aromatic_rings"":0,""planar_double_bonds"":0,""reference_file_loads"":0,""sanitisation"":0,""tetrahedral_chirality"":0}","{""all_atoms_connected"":0.0,""bond_angles"":0.0,""bond_lengths"":0.0,""bonds"":0.0,""double_bond_stereochemistry"":0.0,""energy_ratio"":0.0,""file_loads"":0.0,""inchi_convertible"":0.0,""internal_steric_clash"":0.009174311926605505,""molecular_formula"":0.0,""no_radicals"":0.0,""planar_aromatic_rings"":0.0,""planar_double_bonds"":0.0,""reference_file_loads"":0.0,""sanitisation"":0.0,""tetrahedral_chirality"":0.0}",108,124.32630428583927,1.7545593880520463,2.5742236297914918,25.0,23.14814814814815,0.8831597892999054,0.12037037037037036,17.163442662110516,0.07201646090534979,0.36,17.0,15.74074074074074,0.8630732620244781,0.1574074074074074,11.533671143504685,0.10270919067215363,0.29411764705882354,5.0,4.62962962962963,0.78686121882105,0.4444444444444444,3.5480717162620623,0.31790123456790126,0.2,2.0,1.8518518518518519,0.9841095278800533,0.5740740740740741,1.9780920017119252,0.5109739368998628,0.0,108,105.21803884661543,132.98993267856844,108.4026529683012,7.246470528744568,0.17841872749723492,2.110741963909097,1.0,1.0,1.0,1.0,0.24689193622505481,2.097201580157733,1.0,1.0,1.0,1.0,1000,0,0,0,0,0,109,0,0,0,0,108,109,109,core
4k77_4k77_conf0,generation,nextmol_dmt_l_raw,fixed,,nextmol_dmt_l_raw_fixed,NextMol DMT-L,nextmol_dmt_l_raw_fixed,2,18,1000,0.7,1000,1000,0,1.0,1000,1000,0,1.0,"{""all_atoms_connected"":0,""bond_angles"":0,""bond_lengths"":0,""bonds"":0,""double_bond_stereochemistry"":0,""energy_ratio"":0,""file_loads"":0,""inchi_convertible"":0,""internal_steric_clash"":0,""molecular_formula"":0,""no_radicals"":0,""planar_aromatic_rings"":0,""planar_double_bonds"":0,""reference_file_loads"":0,""sanitisation"":0,""tetrahedral_chirality"":0}","{""all_atoms_connected"":0.0,""bond_angles"":0.0,""bond_lengths"":0.0,""bonds"":0.0,""double_bond_stereochemistry"":0.0,""energy_ratio"":0.0,""file_loads"":0.0,""inchi_convertible"":0.0,""internal_steric_clash"":0.0,""molecular_formula"":0.0,""no_radicals"":0.0,""planar_aromatic_rings"":0.0,""planar_double_bonds"":0.0,""reference_file_loads"":0.0,""sanitisation"":0.0,""tetrahedral_chirality"":0.0}",1000,137.56192092621947,0.7381899986428225,1.0982434462593769,15.0,1.5,0.7386504780839458,0.381,7.391292186171803,0.20779800000000004,0.06666666666666667,3.0,0.3,0.5053955392880394,0.762,1.7423482112460227,0.6368140000000001,0.3333333333333333,1.0,0.1,0.0,1.0,1.0,1.0,0.0,1.0,0.1,0.0,1.0,1.0,1.0,0.0,1000,10.097347329633479,605.9303453012554,15.608102556186019,19.003855521518812,0.0977363407683432,0.589399637536419,1.0,1.0,1.0,1.0,0.10399386177163862,0.6199612602841316,1.0,1.0,1.0,1.0,1000,0,0,0,0,0,1000,0,0,0,0,1000,1000,1000,core
4k77_4k77_conf0,generation,nextmol_dmt_l_raw,dynamic,,nextmol_dmt_l_raw_dynamic,NextMol DMT-L,nextmol_dmt_l_raw_dynamic,2,18,24,0.7,24,24,0,1.0,24,24,0,1.0,"{""all_atoms_connected"":0,""bond_angles"":0,""bond_lengths"":0,""bonds"":0,""double_bond_stereochemistry"":0,""energy_ratio"":0,""file_loads"":0,""inchi_convertible"":0,""internal_steric_clash"":0,""molecular_formula"":0,""no_radicals"":0,""planar_aromatic_rings"":0,""planar_double_bonds"":0,""reference_file_loads"":0,""sanitisation"":0,""tetrahedral_chirality"":0}","{""all_atoms_connected"":0.0,""bond_angles"":0.0,""bond_lengths"":0.0,""bonds"":0.0,""double_bond_stereochemistry"":0.0,""energy_ratio"":0.0,""file_loads"":0.0,""inchi_convertible"":0.0,""internal_steric_clash"":0.0,""molecular_formula"":0.0,""no_radicals"":0.0,""planar_aromatic_rings"":0.0,""planar_double_bonds"":0.0,""reference_file_loads"":0.0,""sanitisation"":0.0,""tetrahedral_chirality"":0.0}",24,134.73576014299726,0.7070219876459701,1.047699614895528,7.0,29.166666666666668,0.7941902682114356,0.375,4.689954604468751,0.2708333333333333,0.42857142857142855,3.0,12.5,0.8359889967247164,0.5,2.505348345611202,0.4305555555555556,0.0,1.0,4.166666666666667,0.0,1.0,1.0,1.0,0.0,1.0,4.166666666666667,0.0,1.0,1.0,1.0,0.0,24,10.398685524303731,22.40955492029997,12.515051511338182,3.5984910271480057,0.1438821934225024,0.6572978659605551,1.0,1.0,1.0,1.0,0.16067240906678645,0.6937396285501375,1.0,1.0,1.0,1.0,1000,0,0,0,0,0,24,0,0,0,0,24,24,24,core
4k77_4k77_conf0,generation,nextmol_dmt_l_raw,chembl_count,,nextmol_dmt_l_raw_chembl_count,NextMol DMT-L,nextmol_dmt_l_raw_chembl_count,2,18,5,0.7,5,5,0,1.0,5,5,0,1.0,"{""all_atoms_connected"":0,""bond_angles"":0,""bond_lengths"":0,""bonds"":0,""double_bond_stereochemistry"":0,""energy_ratio"":0,""file_loads"":0,""inchi_convertible"":0,""internal_steric_clash"":0,""molecular_formula"":0,""no_radicals"":0,""planar_aromatic_rings"":0,""planar_double_bonds"":0,""reference_file_loads"":0,""sanitisation"":0,""tetrahedral_chirality"":0}","{""all_atoms_connected"":0.0,""bond_angles"":0.0,""bond_lengths"":0.0,""bonds"":0.0,""double_bond_stereochemistry"":0.0,""energy_ratio"":0.0,""file_loads"":0.0,""inchi_convertible"":0.0,""internal_steric_clash"":0.0,""molecular_formula"":0.0,""no_radicals"":0.0,""planar_aromatic_rings"":0.0,""planar_double_bonds"":0.0,""reference_file_loads"":0.0,""sanitisation"":0.0,""tetrahedral_chirality"":0.0}",5,130.10397014102693,0.6790224432881046,0.9292243592119612,3.0,60.0,0.8649735207179272,0.6,2.586409289858933,0.44000000000000006,0.6666666666666666,1.0,20.0,0.0,1.0,1.0,1.0,0.0,1.0,20.0,0.0,1.0,1.0,1.0,0.0,1.0,20.0,0.0,1.0,1.0,1.0,0.0,5,11.079747243252699,18.442305866533836,12.104810984777002,2.7404072418162753,0.6809093778217752,0.6876677985945676,0.0,0.0,1.0,1.0,0.6917775887872805,0.7372759714127555,0.0,0.0,1.0,1.0,1000,0,0,0,0,0,5,0,0,0,0,5,5,5,core
4kzq_4kzq_conf0,generation,nextmol_dmt_l_raw,fixed,,nextmol_dmt_l_raw_fixed,NextMol DMT-L,nextmol_dmt_l_raw_fixed,2,18,1000,0.7,1000,1000,0,1.0,1000,1000,0,1.0,"{""all_atoms_connected"":0,""bond_angles"":0,""bond_lengths"":0,""bonds"":0,""double_bond_stereochemistry"":0,""energy_ratio"":0,""file_loads"":0,""inchi_convertible"":0,""internal_steric_clash"":0,""molecular_formula"":0,""no_radicals"":0,""planar_aromatic_rings"":0,""planar_double_bonds"":0,""reference_file_loads"":0,""sanitisation"":0,""tetrahedral_chirality"":0}","{""all_atoms_connected"":0.0,""bond_angles"":0.0,""bond_lengths"":0.0,""bonds"":0.0,""double_bond_stereochemistry"":0.0,""energy_ratio"":0.0,""file_loads"":0.0,""inchi_convertible"":0.0,""internal_steric_clash"":0.0,""molecular_formula"":0.0,""no_radicals"":0.0,""planar_aromatic_rings"":0.0,""planar_double_bonds"":0.0,""reference_file_loads"":0.0,""sanitisation"":0.0,""tetrahedral_chirality"":0.0}",1000,120.77587513635106,0.23105286673181327,0.4156146323762409,2.0,0.2,0.11236071009937676,0.985,1.0809956443938762,0.97045,0.0,1.0,0.1,0.0,1.0,1.0,1.0,0.0,1.0,0.1,0.0,1.0,1.0,1.0,0.0,1.0,0.1,0.0,1.0,1.0,1.0,0.0,1000,44.23178123576386,47.05655513896696,45.19476350949328,0.5041133554155239,0.08828610255674475,0.21912444315152751,1.0,1.0,1.0,1.0,0.10316161648562741,0.22327456462877027,1.0,1.0,1.0,1.0,1000,0,0,0,0,0,1000,0,0,0,0,1000,1000,1000,core
4kzq_4kzq_conf0,generation,nextmol_dmt_l_raw,dynamic,,nextmol_dmt_l_raw_dynamic,NextMol DMT-L,nextmol_dmt_l_raw_dynamic,2,18,24,0.7,24,24,0,1.0,24,24,0,1.0,"{""all_atoms_connected"":0,""bond_angles"":0,""bond_lengths"":0,""bonds"":0,""double_bond_stereochemistry"":0,""energy_ratio"":0,""file_loads"":0,""inchi_convertible"":0,""internal_steric_clash"":0,""molecular_formula"":0,""no_radicals"":0,""planar_aromatic_rings"":0,""planar_double_bonds"":0,""reference_file_loads"":0,""sanitisation"":0,""tetrahedral_chirality"":0}","{""all_atoms_connected"":0.0,""bond_angles"":0.0,""bond_lengths"":0.0,""bonds"":0.0,""double_bond_stereochemistry"":0.0,""energy_ratio"":0.0,""file_loads"":0.0,""inchi_convertible"":0.0,""internal_steric_clash"":0.0,""molecular_formula"":0.0,""no_radicals"":0.0,""planar_aromatic_rings"":0.0,""planar_double_bonds"":0.0,""reference_file_loads"":0.0,""sanitisation"":0.0,""tetrahedral_chirality"":0.0}",24,131.8099984155562,0.20444671666487158,0.4100353588797439,1.0,4.166666666666667,0.0,1.0,1.0,1.0,0.0,1.0,4.166666666666667,0.0,1.0,1.0,1.0,0.0,1.0,4.166666666666667,0.0,1.0,1.0,1.0,0.0,1.0,4.166666666666667,0.0,1.0,1.0,1.0,0.0,24,44.53328138815206,46.68738747629922,45.13246681235255,0.576026468905628,0.09481329898572007,0.22101865593461922,1.0,1.0,1.0,1.0,0.10893127169095758,0.22527242122945113,1.0,1.0,1.0,1.0,1000,0,0,0,0,0,24,0,0,0,0,24,24,24,core
4kzq_4kzq_conf0,generation,nextmol_dmt_l_raw,chembl_count,,nextmol_dmt_l_raw_chembl_count,NextMol DMT-L,nextmol_dmt_l_raw_chembl_count,2,18,6,0.7,6,6,0,1.0,6,6,0,1.0,"{""all_atoms_connected"":0,""bond_angles"":0,""bond_lengths"":0,""bonds"":0,""double_bond_stereochemistry"":0,""energy_ratio"":0,""file_loads"":0,""inchi_convertible"":0,""internal_steric_clash"":0,""molecular_formula"":0,""no_radicals"":0,""planar_aromatic_rings"":0,""planar_double_bonds"":0,""reference_file_loads"":0,""sanitisation"":0,""tetrahedral_chirality"":0}","{""all_atoms_connected"":0.0,""bond_angles"":0.0,""bond_lengths"":0.0,""bonds"":0.0,""double_bond_stereochemistry"":0.0,""energy_ratio"":0.0,""file_loads"":0.0,""inchi_convertible"":0.0,""internal_steric_clash"":0.0,""molecular_formula"":0.0,""no_radicals"":0.0,""planar_aromatic_rings"":0.0,""planar_double_bonds"":0.0,""reference_file_loads"":0.0,""sanitisation"":0.0,""tetrahedral_chirality"":0.0}",6,100.759970061784,0.22936183469745736,0.4078044038570439,1.0,16.666666666666668,0.0,1.0,1.0,1.0,0.0,1.0,16.666666666666668,0.0,1.0,1.0,1.0,0.0,1.0,16.666666666666668,0.0,1.0,1.0,1.0,0.0,1.0,16.666666666666668,0.0,1.0,1.0,1.0,0.0,6,44.64739662664869,45.803739460284255,45.40148583705904,0.4239609824903203,0.1450024310994588,0.22302837199477943,1.0,1.0,1.0,1.0,0.15338593943602583,0.22743314347817684,1.0,1.0,1.0,1.0,1000,0,0,0,0,0,6,0,0,0,0,6,6,6,core
4kzu_4kzu_conf0,generation,nextmol_dmt_l_raw,fixed,,nextmol_dmt_l_raw_fixed,NextMol DMT-L,nextmol_dmt_l_raw_fixed,1,18,1000,0.7,1000,1000,0,1.0,1000,1000,0,1.0,"{""all_atoms_connected"":0,""bond_angles"":0,""bond_lengths"":0,""bonds"":0,""double_bond_stereochemistry"":0,""energy_ratio"":0,""file_loads"":0,""inchi_convertible"":0,""internal_steric_clash"":0,""molecular_formula"":0,""no_radicals"":0,""planar_aromatic_rings"":0,""planar_double_bonds"":0,""reference_file_loads"":0,""sanitisation"":0,""tetrahedral_chirality"":0}","{""all_atoms_connected"":0.0,""bond_angles"":0.0,""bond_lengths"":0.0,""bonds"":0.0,""double_bond_stereochemistry"":0.0,""energy_ratio"":0.0,""file_loads"":0.0,""inchi_convertible"":0.0,""internal_steric_clash"":0.0,""molecular_formula"":0.0,""no_radicals"":0.0,""planar_aromatic_rings"":0.0,""planar_double_bonds"":0.0,""reference_file_loads"":0.0,""sanitisation"":0.0,""tetrahedral_chirality"":0.0}",1000,112.55378565524379,0.2189482056601197,0.4382745473230965,2.0,0.2,0.09377790984777166,0.988,1.0671610453823117,0.976288,0.0,1.0,0.1,0.0,1.0,1.0,1.0,0.0,1.0,0.1,0.0,1.0,1.0,1.0,0.0,1.0,0.1,0.0,1.0,1.0,1.0,0.0,1000,54.3147288058187,57.15727785028678,55.330545637297334,0.49450617678470576,0.0678730121924165,0.16400971654029062,1.0,1.0,1.0,1.0,0.10135626642904176,0.22237100259891124,1.0,1.0,1.0,1.0,1000,0,0,0,0,0,1000,0,0,0,0,1000,1000,1000,core
4kzu_4kzu_conf0,generation,nextmol_dmt_l_raw,dynamic,,nextmol_dmt_l_raw_dynamic,NextMol DMT-L,nextmol_dmt_l_raw_dynamic,1,18,2,0.7,2,2,0,1.0,2,2,0,1.0,"{""all_atoms_connected"":0,""bond_angles"":0,""bond_lengths"":0,""bonds"":0,""double_bond_stereochemistry"":0,""energy_ratio"":0,""file_loads"":0,""inchi_convertible"":0,""internal_steric_clash"":0,""molecular_formula"":0,""no_radicals"":0,""planar_aromatic_rings"":0,""planar_double_bonds"":0,""reference_file_loads"":0,""sanitisation"":0,""tetrahedral_chirality"":0}","{""all_atoms_connected"":0.0,""bond_angles"":0.0,""bond_lengths"":0.0,""bonds"":0.0,""double_bond_stereochemistry"":0.0,""energy_ratio"":0.0,""file_loads"":0.0,""inchi_convertible"":0.0,""internal_steric_clash"":0.0,""molecular_formula"":0.0,""no_radicals"":0.0,""planar_aromatic_rings"":0.0,""planar_double_bonds"":0.0,""reference_file_loads"":0.0,""sanitisation"":0.0,""tetrahedral_chirality"":0.0}",2,58.156842711300115,0.5573900924838897,0.5573900924838897,2.0,100.0,1.0,0.5,2.0,0.5,1.0,1.0,50.0,0.0,1.0,1.0,1.0,0.0,1.0,50.0,0.0,1.0,1.0,1.0,0.0,1.0,50.0,0.0,1.0,1.0,1.0,0.0,2,55.5590465817766,55.90012690363653,55.729586742706566,0.17054016092996704,0.16013137407327252,0.42683256846558887,1.0,1.0,1.0,1.0,0.21959901111110314,0.47711978835038243,1.0,1.0,1.0,1.0,1000,0,0,0,0,0,2,0,0,0,0,2,2,2,core
4kzu_4kzu_conf0,generation,nextmol_dmt_l_raw,chembl_count,,nextmol_dmt_l_raw_chembl_count,NextMol DMT-L,nextmol_dmt_l_raw_chembl_count,1,18,3,0.7,3,3,0,1.0,3,3,0,1.0,"{""all_atoms_connected"":0,""bond_angles"":0,""bond_lengths"":0,""bonds"":0,""double_bond_stereochemistry"":0,""energy_ratio"":0,""file_loads"":0,""inchi_convertible"":0,""internal_steric_clash"":0,""molecular_formula"":0,""no_radicals"":0,""planar_aromatic_rings"":0,""planar_double_bonds"":0,""reference_file_loads"":0,""sanitisation"":0,""tetrahedral_chirality"":0}","{""all_atoms_connected"":0.0,""bond_angles"":0.0,""bond_lengths"":0.0,""bonds"":0.0,""double_bond_stereochemistry"":0.0,""energy_ratio"":0.0,""file_loads"":0.0,""inchi_convertible"":0.0,""internal_steric_clash"":0.0,""molecular_formula"":0.0,""no_radicals"":0.0,""planar_aromatic_rings"":0.0,""planar_double_bonds"":0.0,""reference_file_loads"":0.0,""sanitisation"":0.0,""tetrahedral_chirality"":0.0}",3,67.36423669204265,0.294628123668868,0.39796788921490023,1.0,33.333333333333336,0.0,1.0,1.0,1.0,0.0,1.0,33.333333333333336,0.0,1.0,1.0,1.0,0.0,1.0,33.333333333333336,0.0,1.0,1.0,1.0,0.0,1.0,33.333333333333336,0.0,1.0,1.0,1.0,0.0,3,55.01259713401139,56.500129671523624,55.38920891649347,0.6314651753236422,0.09335841076782105,0.1589803785548683,1.0,1.0,1.0,1.0,0.11252587755434598,0.21674687020506173,1.0,1.0,1.0,1.0,1000,0,0,0,0,0,3,0,0,0,0,3,3,3,core
4llx_4llx_conf0,generation,nextmol_dmt_l_raw,fixed,,nextmol_dmt_l_raw_fixed,NextMol DMT-L,nextmol_dmt_l_raw_fixed,1,9,1000,0.7,1000,1000,0,1.0,1000,1000,0,1.0,"{""all_atoms_connected"":0,""bond_angles"":0,""bond_lengths"":0,""bonds"":0,""double_bond_stereochemistry"":0,""energy_ratio"":0,""file_loads"":0,""inchi_convertible"":0,""internal_steric_clash"":0,""molecular_formula"":0,""no_radicals"":0,""planar_aromatic_rings"":0,""planar_double_bonds"":0,""reference_file_loads"":0,""sanitisation"":0,""tetrahedral_chirality"":0}","{""all_atoms_connected"":0.0,""bond_angles"":0.0,""bond_lengths"":0.0,""bonds"":0.0,""double_bond_stereochemistry"":0.0,""energy_ratio"":0.0,""file_loads"":0.0,""inchi_convertible"":0.0,""internal_steric_clash"":0.0,""molecular_formula"":0.0,""no_radicals"":0.0,""planar_aromatic_rings"":0.0,""planar_double_bonds"":0.0,""reference_file_loads"":0.0,""sanitisation"":0.0,""tetrahedral_chirality"":0.0}",1000,113.46887473850056,0.010506146681662025,0.01520340364394218,1.0,0.1,0.0,1.0,1.0,1.0,0.0,1.0,0.1,0.0,1.0,1.0,1.0,0.0,1.0,0.1,0.0,1.0,1.0,1.0,0.0,1.0,0.1,0.0,1.0,1.0,1.0,0.0,1000,-89.10832154739896,-86.86423671662047,-88.18349572702977,0.4684102362282453,0.04409810860758822,0.0504824977884884,1.0,1.0,1.0,1.0,0.03943054102789479,0.04500018678103525,1.0,1.0,1.0,1.0,1000,0,0,0,0,0,1000,0,0,0,0,1000,1000,1000,core
4llx_4llx_conf0,generation,nextmol_dmt_l_raw,dynamic,,nextmol_dmt_l_raw_dynamic,NextMol DMT-L,nextmol_dmt_l_raw_dynamic,1,9,2,0.7,2,2,0,1.0,2,2,0,1.0,"{""all_atoms_connected"":0,""bond_angles"":0,""bond_lengths"":0,""bonds"":0,""double_bond_stereochemistry"":0,""energy_ratio"":0,""file_loads"":0,""inchi_convertible"":0,""internal_steric_clash"":0,""molecular_formula"":0,""no_radicals"":0,""planar_aromatic_rings"":0,""planar_double_bonds"":0,""reference_file_loads"":0,""sanitisation"":0,""tetrahedral_chirality"":0}","{""all_atoms_connected"":0.0,""bond_angles"":0.0,""bond_lengths"":0.0,""bonds"":0.0,""double_bond_stereochemistry"":0.0,""energy_ratio"":0.0,""file_loads"":0.0,""inchi_convertible"":0.0,""internal_steric_clash"":0.0,""molecular_formula"":0.0,""no_radicals"":0.0,""planar_aromatic_rings"":0.0,""planar_double_bonds"":0.0,""reference_file_loads"":0.0,""sanitisation"":0.0,""tetrahedral_chirality"":0.0}",2,50.9843099162869,0.0051694800229801306,0.0051694800229801306,1.0,50.0,0.0,1.0,1.0,1.0,0.0,1.0,50.0,0.0,1.0,1.0,1.0,0.0,1.0,50.0,0.0,1.0,1.0,1.0,0.0,1.0,50.0,0.0,1.0,1.0,1.0,0.0,2,-88.45647077945398,-88.41853243541318,-88.43750160743357,0.018969172020398162,0.05083561811444001,0.05087417799341744,1.0,1.0,1.0,1.0,0.043362684520612066,0.04359370037026116,1.0,1.0,1.0,1.0,1000,0,0,0,0,0,2,0,0,0,0,2,2,2,core
4llx_4llx_conf0,generation,nextmol_dmt_l_raw,chembl_count,,nextmol_dmt_l_raw_chembl_count,NextMol DMT-L,nextmol_dmt_l_raw_chembl_count,1,9,1,0.7,1,1,0,1.0,1,1,0,1.0,"{""all_atoms_connected"":0,""bond_angles"":0,""bond_lengths"":0,""bonds"":0,""double_bond_stereochemistry"":0,""energy_ratio"":0,""file_loads"":0,""inchi_convertible"":0,""internal_steric_clash"":0,""molecular_formula"":0,""no_radicals"":0,""planar_aromatic_rings"":0,""planar_double_bonds"":0,""reference_file_loads"":0,""sanitisation"":0,""tetrahedral_chirality"":0}","{""all_atoms_connected"":0.0,""bond_angles"":0.0,""bond_lengths"":0.0,""bonds"":0.0,""double_bond_stereochemistry"":0.0,""energy_ratio"":0.0,""file_loads"":0.0,""inchi_convertible"":0.0,""internal_steric_clash"":0.0,""molecular_formula"":0.0,""no_radicals"":0.0,""planar_aromatic_rings"":0.0,""planar_double_bonds"":0.0,""reference_file_loads"":0.0,""sanitisation"":0.0,""tetrahedral_chirality"":0.0}",1,0.0,,,1.0,100.0,0.0,1.0,1.0,1.0,1.0,1.0,100.0,0.0,1.0,1.0,1.0,1.0,1.0,100.0,0.0,1.0,1.0,1.0,1.0,1.0,100.0,0.0,1.0,1.0,1.0,1.0,1,-87.39337344745051,-87.39337344745051,-87.39337344745051,0.0,0.04907915088707256,0.04907915088707256,1.0,1.0,1.0,1.0,0.04443845160421332,0.04443845160421332,1.0,1.0,1.0,1.0,1000,0,0,0,0,0,1,0,0,0,0,1,1,1,core
4lzs_4lzs_conf0,generation,nextmol_dmt_l_raw,fixed,,nextmol_dmt_l_raw_fixed,NextMol DMT-L,nextmol_dmt_l_raw_fixed,3,15,1000,0.7,1000,1000,0,1.0,1000,1000,0,1.0,"{""all_atoms_connected"":0,""bond_angles"":0,""bond_lengths"":0,""bonds"":0,""double_bond_stereochemistry"":0,""energy_ratio"":0,""file_loads"":0,""inchi_convertible"":0,""internal_steric_clash"":0,""molecular_formula"":0,""no_radicals"":0,""planar_aromatic_rings"":0,""planar_double_bonds"":0,""reference_file_loads"":0,""sanitisation"":0,""tetrahedral_chirality"":0}","{""all_atoms_connected"":0.0,""bond_angles"":0.0,""bond_lengths"":0.0,""bonds"":0.0,""double_bond_stereochemistry"":0.0,""energy_ratio"":0.0,""file_loads"":0.0,""inchi_convertible"":0.0,""internal_steric_clash"":0.0,""molecular_formula"":0.0,""no_radicals"":0.0,""planar_aromatic_rings"":0.0,""planar_double_bonds"":0.0,""reference_file_loads"":0.0,""sanitisation"":0.0,""tetrahedral_chirality"":0.0}",1000,117.18717429058883,0.9409905463290937,1.3285949629303087,19.0,1.9,0.8208862314961731,0.148,11.212726383708308,0.102732,0.15789473684210525,5.0,0.5,0.9332267473013346,0.321,4.490528981221265,0.236724,0.0,1.0,0.1,0.0,1.0,1.0,1.0,0.0,1.0,0.1,0.0,1.0,1.0,1.0,0.0,1000,-1.5391531732008659,14.741547523209217,3.742790119755004,2.5526735605594424,0.14531783566198286,1.003004541662939,1.0,1.0,1.0,1.0,0.07174637935213776,1.0285159335595606,1.0,1.0,1.0,1.0,1000,0,0,0,0,0,1000,0,0,0,0,1000,1000,1000,core
4lzs_4lzs_conf0,generation,nextmol_dmt_l_raw,dynamic,,nextmol_dmt_l_raw_dynamic,NextMol DMT-L,nextmol_dmt_l_raw_dynamic,3,15,46,0.7,46,46,0,1.0,46,46,0,1.0,"{""all_atoms_connected"":0,""bond_angles"":0,""bond_lengths"":0,""bonds"":0,""double_bond_stereochemistry"":0,""energy_ratio"":0,""file_loads"":0,""inchi_convertible"":0,""internal_steric_clash"":0,""molecular_formula"":0,""no_radicals"":0,""planar_aromatic_rings"":0,""planar_double_bonds"":0,""reference_file_loads"":0,""sanitisation"":0,""tetrahedral_chirality"":0}","{""all_atoms_connected"":0.0,""bond_angles"":0.0,""bond_lengths"":0.0,""bonds"":0.0,""double_bond_stereochemistry"":0.0,""energy_ratio"":0.0,""file_loads"":0.0,""inchi_convertible"":0.0,""internal_steric_clash"":0.0,""molecular_formula"":0.0,""no_radicals"":0.0,""planar_aromatic_rings"":0.0,""planar_double_bonds"":0.0,""reference_file_loads"":0.0,""sanitisation"":0.0,""tetrahedral_chirality"":0.0}",46,115.82363188661066,0.9610295363921835,1.3343211519121547,8.0,17.391304347826086,0.9530103257125655,0.1956521739130435,7.255278413067779,0.1446124763705104,0.125,4.0,8.695652173913043,0.9742292909417258,0.3695652173913043,3.859619380282268,0.2693761814744801,0.0,1.0,2.1739130434782608,0.0,1.0,1.0,1.0,0.0,1.0,2.1739130434782608,0.0,1.0,1.0,1.0,0.0,46,-0.8662730986580902,6.823097842062744,3.828210902887796,2.0488978331330543,0.23038451967148948,1.0787003091361909,1.0,1.0,1.0,1.0,0.1630438469879469,1.1000302899641976,1.0,1.0,1.0,1.0,1000,0,0,0,0,0,46,0,0,0,0,46,46,46,core
4lzs_4lzs_conf0,generation,nextmol_dmt_l_raw,chembl_count,,nextmol_dmt_l_raw_chembl_count,NextMol DMT-L,nextmol_dmt_l_raw_chembl_count,3,15,12,0.7,12,12,0,1.0,12,12,0,1.0,"{""all_atoms_connected"":0,""bond_angles"":0,""bond_lengths"":0,""bonds"":0,""double_bond_stereochemistry"":0,""energy_ratio"":0,""file_loads"":0,""inchi_convertible"":0,""internal_steric_clash"":0,""molecular_formula"":0,""no_radicals"":0,""planar_aromatic_rings"":0,""planar_double_bonds"":0,""reference_file_loads"":0,""sanitisation"":0,""tetrahedral_chirality"":0}","{""all_atoms_connected"":0.0,""bond_angles"":0.0,""bond_lengths"":0.0,""bonds"":0.0,""double_bond_stereochemistry"":0.0,""energy_ratio"":0.0,""file_loads"":0.0,""inchi_convertible"":0.0,""internal_steric_clash"":0.0,""molecular_formula"":0.0,""no_radicals"":0.0,""planar_aromatic_rings"":0.0,""planar_double_bonds"":0.0,""reference_file_loads"":0.0,""sanitisation"":0.0,""tetrahedral_chirality"":0.0}",12,115.86502870235593,0.9491146097360039,1.3101879828672334,5.0,41.666666666666664,0.9873179343530822,0.25,4.898979485566356,0.20833333333333331,0.0,3.0,25.0,0.8359889967247164,0.5,2.505348345611202,0.4305555555555556,0.3333333333333333,1.0,8.333333333333334,0.0,1.0,1.0,1.0,0.0,1.0,8.333333333333334,0.0,1.0,1.0,1.0,0.0,12,-0.5240467379734897,11.12410577923981,2.483532489857059,3.0535279497167753,0.8010175740954509,0.9736607400055879,0.0,0.0,0.0,1.0,0.8294393727603729,1.0020335400551446,0.0,0.0,0.0,1.0,1000,0,0,0,0,0,12,0,0,0,0,12,12,12,core
4mgd_4mgd_conf0,generation,nextmol_dmt_l_raw,fixed,,nextmol_dmt_l_raw_fixed,NextMol DMT-L,nextmol_dmt_l_raw_fixed,4,19,1000,0.7,1000,1000,0,1.0,1000,1000,0,1.0,"{""all_atoms_connected"":0,""bond_angles"":0,""bond_lengths"":0,""bonds"":0,""double_bond_stereochemistry"":0,""energy_ratio"":0,""file_loads"":0,""inchi_convertible"":0,""internal_steric_clash"":0,""molecular_formula"":0,""no_radicals"":0,""planar_aromatic_rings"":0,""planar_double_bonds"":0,""reference_file_loads"":0,""sanitisation"":0,""tetrahedral_chirality"":0}","{""all_atoms_connected"":0.0,""bond_angles"":0.0,""bond_lengths"":0.0,""bonds"":0.0,""double_bond_stereochemistry"":0.0,""energy_ratio"":0.0,""file_loads"":0.0,""inchi_convertible"":0.0,""internal_steric_clash"":0.0,""molecular_formula"":0.0,""no_radicals"":0.0,""planar_aromatic_rings"":0.0,""planar_double_bonds"":0.0,""reference_file_loads"":0.0,""sanitisation"":0.0,""tetrahedral_chirality"":0.0}",1000,111.80016401113573,0.49870050848154146,0.8358214282097959,5.0,0.5,0.6855381278294245,0.433,3.0141897467469225,0.37948,0.2,1.0,0.1,0.0,1.0,1.0,1.0,0.0,1.0,0.1,0.0,1.0,1.0,1.0,0.0,1.0,0.1,0.0,1.0,1.0,1.0,0.0,1000,75.29065775918794,124.37192727561916,77.95599974168985,2.9137491926279298,0.20893282238147287,0.5565397527506113,1.0,1.0,1.0,1.0,0.23248944800936858,0.5325752394947825,1.0,1.0,1.0,1.0,1000,0,0,0,0,0,1000,0,0,0,0,1000,1000,1000,core
4mgd_4mgd_conf0,generation,nextmol_dmt_l_raw,dynamic,,nextmol_dmt_l_raw_dynamic,NextMol DMT-L,nextmol_dmt_l_raw_dynamic,4,19,68,0.7,68,68,0,1.0,68,68,0,1.0,"{""all_atoms_connected"":0,""bond_angles"":0,""bond_lengths"":0,""bonds"":0,""double_bond_stereochemistry"":0,""energy_ratio"":0,""file_loads"":0,""inchi_convertible"":0,""internal_steric_clash"":0,""molecular_formula"":0,""no_radicals"":0,""planar_aromatic_rings"":0,""planar_double_bonds"":0,""reference_file_loads"":0,""sanitisation"":0,""tetrahedral_chirality"":0}","{""all_atoms_connected"":0.0,""bond_angles"":0.0,""bond_lengths"":0.0,""bonds"":0.0,""double_bond_stereochemistry"":0.0,""energy_ratio"":0.0,""file_loads"":0.0,""inchi_convertible"":0.0,""internal_steric_clash"":0.0,""molecular_formula"":0.0,""no_radicals"":0.0,""planar_aromatic_rings"":0.0,""planar_double_bonds"":0.0,""reference_file_loads"":0.0,""sanitisation"":0.0,""tetrahedral_chirality"":0.0}",68,109.14203026867646,0.5019394049834729,0.8278694324759287,4.0,5.882352941176471,0.7609260200318408,0.45588235294117646,2.8715945011191293,0.39662629757785467,0.0,1.0,1.4705882352941178,0.0,1.0,1.0,1.0,0.0,1.0,1.4705882352941178,0.0,1.0,1.0,1.0,0.0,1.0,1.4705882352941178,0.0,1.0,1.0,1.0,0.0,68,76.05845848834821,86.12634954170227,77.88136254881346,2.508834987788825,0.21144827022225557,0.584912564163693,1.0,1.0,1.0,1.0,0.23641601552806368,0.5352790969698744,1.0,1.0,1.0,1.0,1000,0,0,0,0,0,68,0,0,0,0,68,68,68,core
4mgd_4mgd_conf0,generation,nextmol_dmt_l_raw,chembl_count,,nextmol_dmt_l_raw_chembl_count,NextMol DMT-L,nextmol_dmt_l_raw_chembl_count,4,19,24,0.7,24,24,0,1.0,24,24,0,1.0,"{""all_atoms_connected"":0,""bond_angles"":0,""bond_lengths"":0,""bonds"":0,""double_bond_stereochemistry"":0,""energy_ratio"":0,""file_loads"":0,""inchi_convertible"":0,""internal_steric_clash"":0,""molecular_formula"":0,""no_radicals"":0,""planar_aromatic_rings"":0,""planar_double_bonds"":0,""reference_file_loads"":0,""sanitisation"":0,""tetrahedral_chirality"":0}","{""all_atoms_connected"":0.0,""bond_angles"":0.0,""bond_lengths"":0.0,""bonds"":0.0,""double_bond_stereochemistry"":0.0,""energy_ratio"":0.0,""file_loads"":0.0,""inchi_convertible"":0.0,""internal_steric_clash"":0.0,""molecular_formula"":0.0,""no_radicals"":0.0,""planar_aromatic_rings"":0.0,""planar_double_bonds"":0.0,""reference_file_loads"":0.0,""sanitisation"":0.0,""tetrahedral_chirality"":0.0}",24,100.26449327011123,0.47474303335471507,0.8092483275998358,4.0,16.666666666666668,0.7069084251518168,0.4583333333333333,2.6644113824988955,0.42361111111111105,0.5,1.0,4.166666666666667,0.0,1.0,1.0,1.0,0.0,1.0,4.166666666666667,0.0,1.0,1.0,1.0,0.0,1.0,4.166666666666667,0.0,1.0,1.0,1.0,0.0,24,76.52508059578017,82.75096424702697,77.65072753680636,1.4469138944415076,0.2304645219735895,0.5943659712217585,1.0,1.0,1.0,1.0,0.2413695515665582,0.5864598030790107,1.0,1.0,1.0,1.0,1000,0,0,0,0,0,24,0,0,0,0,24,24,24,core
4ogj_4ogj_conf0,generation,nextmol_dmt_l_raw,fixed,,nextmol_dmt_l_raw_fixed,NextMol DMT-L,nextmol_dmt_l_raw_fixed,10,37,999,0.7,999,999,0,1.0,1000,999,1,0.999,"{""all_atoms_connected"":0,""bond_angles"":1,""bond_lengths"":1,""bonds"":0,""double_bond_stereochemistry"":0,""energy_ratio"":0,""file_loads"":0,""inchi_convertible"":0,""internal_steric_clash"":0,""molecular_formula"":0,""no_radicals"":0,""planar_aromatic_rings"":0,""planar_double_bonds"":0,""reference_file_loads"":0,""sanitisation"":0,""tetrahedral_chirality"":0}","{""all_atoms_connected"":0.0,""bond_angles"":0.001,""bond_lengths"":0.001,""bonds"":0.0,""double_bond_stereochemistry"":0.0,""energy_ratio"":0.0,""file_loads"":0.0,""inchi_convertible"":0.0,""internal_steric_clash"":0.0,""molecular_formula"":0.0,""no_radicals"":0.0,""planar_aromatic_rings"":0.0,""planar_double_bonds"":0.0,""reference_file_loads"":0.0,""sanitisation"":0.0,""tetrahedral_chirality"":0.0}",999,108.32774831801734,1.865007818045663,2.706568119295787,341.0,34.134134134134136,0.9195170411803117,0.022022022022022022,213.2606912691247,0.007059111163215267,0.5131964809384164,35.0,3.5035035035035036,0.7872982982891742,0.12512512512512514,16.43017328134068,0.07827547266986705,0.14285714285714285,3.0,0.3003003003003003,0.6644149914547669,0.5035035035035035,2.0749446412010597,0.4931648365081799,0.0,1.0,0.1001001001001001,0.0,1.0,1.0,1.0,0.0,999,-80.34648114722833,1082.8257378861622,-70.98866229122487,41.465379116336656,0.4265701654673014,2.2147986305902116,0.0,1.0,1.0,1.0,0.4330434357950079,2.197545059011985,0.0,1.0,1.0,1.0,1000,0,0,0,0,0,1000,0,0,0,0,999,1000,1000,core
4ogj_4ogj_conf0,generation,nextmol_dmt_l_raw,dynamic,,nextmol_dmt_l_raw_dynamic,NextMol DMT-L,nextmol_dmt_l_raw_dynamic,10,37,200,0.7,200,200,0,1.0,200,200,0,1.0,"{""all_atoms_connected"":0,""bond_angles"":0,""bond_lengths"":0,""bonds"":0,""double_bond_stereochemistry"":0,""energy_ratio"":0,""file_loads"":0,""inchi_convertible"":0,""internal_steric_clash"":0,""molecular_formula"":0,""no_radicals"":0,""planar_aromatic_rings"":0,""planar_double_bonds"":0,""reference_file_loads"":0,""sanitisation"":0,""tetrahedral_chirality"":0}","{""all_atoms_connected"":0.0,""bond_angles"":0.0,""bond_lengths"":0.0,""bonds"":0.0,""double_bond_stereochemistry"":0.0,""energy_ratio"":0.0,""file_loads"":0.0,""inchi_convertible"":0.0,""internal_steric_clash"":0.0,""molecular_formula"":0.0,""no_radicals"":0.0,""planar_aromatic_rings"":0.0,""planar_double_bonds"":0.0,""reference_file_loads"":0.0,""sanitisation"":0.0,""tetrahedral_chirality"":0.0}",200,109.30927830754074,1.8642308435145947,2.675124754264236,114.0,57.0,0.9529003315896334,0.04,91.20640017262825,0.01415,0.631578947368421,22.0,11.0,0.8343317874015074,0.15,13.183354024575827,0.09269999999999999,0.3181818181818182,5.0,2.5,0.6415779774963505,0.5,2.808301692567826,0.39655,0.4,1.0,0.5,0.0,1.0,1.0,1.0,0.0,200,-79.9438526896219,15.850857663213205,-70.37768246348644,8.059901145638545,0.6465936109008503,2.273919703291221,0.0,0.0,1.0,1.0,0.5804960539074984,2.2114299605535708,0.0,0.0,1.0,1.0,1000,0,0,0,0,0,200,0,0,0,0,200,200,200,core
4ogj_4ogj_conf0,generation,nextmol_dmt_l_raw,chembl_count,,nextmol_dmt_l_raw_chembl_count,NextMol DMT-L,nextmol_dmt_l_raw_chembl_count,10,37,54,0.7,54,54,0,1.0,54,54,0,1.0,"{""all_atoms_connected"":0,""bond_angles"":0,""bond_lengths"":0,""bonds"":0,""double_bond_stereochemistry"":0,""energy_ratio"":0,""file_loads"":0,""inchi_convertible"":0,""internal_steric_clash"":0,""molecular_formula"":0,""no_radicals"":0,""planar_aromatic_rings"":0,""planar_double_bonds"":0,""reference_file_loads"":0,""sanitisation"":0,""tetrahedral_chirality"":0}","{""all_atoms_connected"":0.0,""bond_angles"":0.0,""bond_lengths"":0.0,""bonds"":0.0,""double_bond_stereochemistry"":0.0,""energy_ratio"":0.0,""file_loads"":0.0,""inchi_convertible"":0.0,""internal_steric_clash"":0.0,""molecular_formula"":0.0,""no_radicals"":0.0,""planar_aromatic_rings"":0.0,""planar_double_bonds"":0.0,""reference_file_loads"":0.0,""sanitisation"":0.0,""tetrahedral_chirality"":0.0}",54,105.69330838617833,1.865810910289541,2.6552608551183288,42.0,77.77777777777777,0.9779479966082011,0.07407407407407407,38.67705442123096,0.028806584362139915,0.7619047619047619,14.0,25.925925925925927,0.8642593003465661,0.2222222222222222,9.784796869615423,0.1268861454046639,0.42857142857142855,3.0,5.555555555555555,0.7870401744765004,0.5185185185185185,2.374179745116866,0.45336076817558296,0.0,1.0,1.8518518518518519,0.0,1.0,1.0,1.0,0.0,54,-79.1772451677902,-46.60441465313062,-71.20773240800966,6.081270110430824,0.6555830565855478,2.4187311885315825,0.0,0.0,1.0,1.0,0.5926801918216085,2.3546475817278996,0.0,0.0,1.0,1.0,1000,0,0,0,0,0,54,0,0,0,0,54,54,54,core
5c28_5c28_conf0,generation,nextmol_dmt_l_raw,fixed,,nextmol_dmt_l_raw_fixed,NextMol DMT-L,nextmol_dmt_l_raw_fixed,2,12,1000,0.7,1000,1000,0,1.0,1000,1000,0,1.0,"{""all_atoms_connected"":0,""bond_angles"":0,""bond_lengths"":0,""bonds"":0,""double_bond_stereochemistry"":0,""energy_ratio"":0,""file_loads"":0,""inchi_convertible"":0,""internal_steric_clash"":0,""molecular_formula"":0,""no_radicals"":0,""planar_aromatic_rings"":0,""planar_double_bonds"":0,""reference_file_loads"":0,""sanitisation"":0,""tetrahedral_chirality"":0}","{""all_atoms_connected"":0.0,""bond_angles"":0.0,""bond_lengths"":0.0,""bonds"":0.0,""double_bond_stereochemistry"":0.0,""energy_ratio"":0.0,""file_loads"":0.0,""inchi_convertible"":0.0,""internal_steric_clash"":0.0,""molecular_formula"":0.0,""no_radicals"":0.0,""planar_aromatic_rings"":0.0,""planar_double_bonds"":0.0,""reference_file_loads"":0.0,""sanitisation"":0.0,""tetrahedral_chirality"":0.0}",1000,113.59349854378415,0.319238400664912,0.6449766322101804,4.0,0.4,0.5261730274604786,0.511,2.0738996024430536,0.494428,0.0,1.0,0.1,0.0,1.0,1.0,1.0,0.0,1.0,0.1,0.0,1.0,1.0,1.0,0.0,1.0,0.1,0.0,1.0,1.0,1.0,0.0,1000,-57.190950312751966,-53.797088687612465,-54.681729189479455,0.3189039939141846,0.06363513211679854,0.6258027280118885,1.0,1.0,1.0,1.0,0.09424516852278607,0.599082322919732,1.0,1.0,1.0,1.0,1000,0,0,0,0,0,1000,0,0,0,0,1000,1000,1000,core
5c28_5c28_conf0,generation,nextmol_dmt_l_raw,dynamic,,nextmol_dmt_l_raw_dynamic,NextMol DMT-L,nextmol_dmt_l_raw_dynamic,2,12,24,0.7,24,24,0,1.0,24,24,0,1.0,"{""all_atoms_connected"":0,""bond_angles"":0,""bond_lengths"":0,""bonds"":0,""double_bond_stereochemistry"":0,""energy_ratio"":0,""file_loads"":0,""inchi_convertible"":0,""internal_steric_clash"":0,""molecular_formula"":0,""no_radicals"":0,""planar_aromatic_rings"":0,""planar_double_bonds"":0,""reference_file_loads"":0,""sanitisation"":0,""tetrahedral_chirality"":0}","{""all_atoms_connected"":0.0,""bond_angles"":0.0,""bond_lengths"":0.0,""bonds"":0.0,""double_bond_stereochemistry"":0.0,""energy_ratio"":0.0,""file_loads"":0.0,""inchi_convertible"":0.0,""internal_steric_clash"":0.0,""molecular_formula"":0.0,""no_radicals"":0.0,""planar_aromatic_rings"":0.0,""planar_double_bonds"":0.0,""reference_file_loads"":0.0,""sanitisation"":0.0,""tetrahedral_chirality"":0.0}",24,110.75731836591444,0.3427485477239277,0.644370676603865,2.0,8.333333333333334,0.99498482818597,0.5416666666666666,1.9930595659329764,0.5034722222222221,0.0,1.0,4.166666666666667,0.0,1.0,1.0,1.0,0.0,1.0,4.166666666666667,0.0,1.0,1.0,1.0,0.0,1.0,4.166666666666667,0.0,1.0,1.0,1.0,0.0,24,-55.193623441545625,-54.06578723222652,-54.81928818123683,0.24142116310881484,0.0715114813345994,0.08467092612799323,1.0,1.0,1.0,1.0,0.10118459046395112,0.11406585620440761,1.0,1.0,1.0,1.0,1000,0,0,0,0,0,24,0,0,0,0,24,24,24,core
5c28_5c28_conf0,generation,nextmol_dmt_l_raw,chembl_count,,nextmol_dmt_l_raw_chembl_count,NextMol DMT-L,nextmol_dmt_l_raw_chembl_count,2,12,2,0.7,2,2,0,1.0,2,2,0,1.0,"{""all_atoms_connected"":0,""bond_angles"":0,""bond_lengths"":0,""bonds"":0,""double_bond_stereochemistry"":0,""energy_ratio"":0,""file_loads"":0,""inchi_convertible"":0,""internal_steric_clash"":0,""molecular_formula"":0,""no_radicals"":0,""planar_aromatic_rings"":0,""planar_double_bonds"":0,""reference_file_loads"":0,""sanitisation"":0,""tetrahedral_chirality"":0}","{""all_atoms_connected"":0.0,""bond_angles"":0.0,""bond_lengths"":0.0,""bonds"":0.0,""double_bond_stereochemistry"":0.0,""energy_ratio"":0.0,""file_loads"":0.0,""inchi_convertible"":0.0,""internal_steric_clash"":0.0,""molecular_formula"":0.0,""no_radicals"":0.0,""planar_aromatic_rings"":0.0,""planar_double_bonds"":0.0,""reference_file_loads"":0.0,""sanitisation"":0.0,""tetrahedral_chirality"":0.0}",2,38.970985428492654,0.013905442705716519,0.013905442705716519,1.0,50.0,0.0,1.0,1.0,1.0,0.0,1.0,50.0,0.0,1.0,1.0,1.0,0.0,1.0,50.0,0.0,1.0,1.0,1.0,0.0,1.0,50.0,0.0,1.0,1.0,1.0,0.0,2,-54.914445495505625,-54.38533320211505,-54.64988934881033,0.2645561466952877,0.6302887254847354,0.6306454352361536,0.0,0.0,1.0,1.0,0.6031249224126811,0.6038915674260206,0.0,0.0,1.0,1.0,1000,0,0,0,0,0,2,0,0,0,0,2,2,2,core
5c2h_5c2h_conf0,generation,nextmol_dmt_l_raw,fixed,,nextmol_dmt_l_raw_fixed,NextMol DMT-L,nextmol_dmt_l_raw_fixed,8,31,1000,0.7,1000,1000,0,1.0,1000,1000,0,1.0,"{""all_atoms_connected"":0,""bond_angles"":0,""bond_lengths"":0,""bonds"":0,""double_bond_stereochemistry"":0,""energy_ratio"":0,""file_loads"":0,""inchi_convertible"":0,""internal_steric_clash"":0,""molecular_formula"":0,""no_radicals"":0,""planar_aromatic_rings"":0,""planar_double_bonds"":0,""reference_file_loads"":0,""sanitisation"":0,""tetrahedral_chirality"":0}","{""all_atoms_connected"":0.0,""bond_angles"":0.0,""bond_lengths"":0.0,""bonds"":0.0,""double_bond_stereochemistry"":0.0,""energy_ratio"":0.0,""file_loads"":0.0,""inchi_convertible"":0.0,""internal_steric_clash"":0.0,""molecular_formula"":0.0,""no_radicals"":0.0,""planar_aromatic_rings"":0.0,""planar_double_bonds"":0.0,""reference_file_loads"":0.0,""sanitisation"":0.0,""tetrahedral_chirality"":0.0}",1000,90.81032264994927,2.481690908411835,3.2802233441736344,319.0,31.9,0.9079489329767134,0.028,187.6350982917811,0.008496,0.5172413793103449,117.0,11.7,0.8857473699731693,0.038,67.90319161518669,0.019486000000000007,0.27350427350427353,17.0,1.7,0.8652347905733031,0.17,11.604520893607221,0.09822800000000001,0.17647058823529413,3.0,0.3,0.8755972378933228,0.538,2.6167730163031093,0.41779800000000006,0.0,1000,-46.47711182607556,520.6299592894368,-30.702709226932114,17.77981240049743,2.201124408094078,3.8197634811818264,0.0,0.0,0.0,0.0,2.298796953633944,3.903709787220686,0.0,0.0,0.0,0.0,1000,0,0,0,0,0,1000,0,0,0,0,1000,1000,1000,core
5c2h_5c2h_conf0,generation,nextmol_dmt_l_raw,dynamic,,nextmol_dmt_l_raw_dynamic,NextMol DMT-L,nextmol_dmt_l_raw_dynamic,8,31,156,0.7,156,156,0,1.0,156,156,0,1.0,"{""all_atoms_connected"":0,""bond_angles"":0,""bond_lengths"":0,""bonds"":0,""double_bond_stereochemistry"":0,""energy_ratio"":0,""file_loads"":0,""inchi_convertible"":0,""internal_steric_clash"":0,""molecular_formula"":0,""no_radicals"":0,""planar_aromatic_rings"":0,""planar_double_bonds"":0,""reference_file_loads"":0,""sanitisation"":0,""tetrahedral_chirality"":0}","{""all_atoms_connected"":0.0,""bond_angles"":0.0,""bond_lengths"":0.0,""bonds"":0.0,""double_bond_stereochemistry"":0.0,""energy_ratio"":0.0,""file_loads"":0.0,""inchi_convertible"":0.0,""internal_steric_clash"":0.0,""molecular_formula"":0.0,""no_radicals"":0.0,""planar_aromatic_rings"":0.0,""planar_double_bonds"":0.0,""reference_file_loads"":0.0,""sanitisation"":0.0,""tetrahedral_chirality"":0.0}",156,90.45559118534898,2.477074946403506,3.2995261178457698,94.0,60.256410256410255,0.9491231406672678,0.04487179487179487,74.6004256326781,0.01750493096646942,0.7021276595744681,57.0,36.53846153846154,0.9171458299498311,0.08333333333333333,40.774937290575615,0.03303747534516765,0.45614035087719296,10.0,6.410256410256411,0.8336581162682893,0.26282051282051283,6.818017573125487,0.17595332018408943,0.1,3.0,1.9230769230769231,0.8007315578924424,0.5256410256410257,2.410160949807274,0.4487179487179487,0.0,156,-41.37048032995584,-23.96369961929812,-30.79075419778286,3.353340903646948,2.690528168533735,3.8704969397333424,0.0,0.0,0.0,0.0,2.737153620262398,3.934904749554317,0.0,0.0,0.0,0.0,1000,0,0,0,0,0,156,0,0,0,0,156,156,156,core
5c2h_5c2h_conf0,generation,nextmol_dmt_l_raw,chembl_count,,nextmol_dmt_l_raw_chembl_count,NextMol DMT-L,nextmol_dmt_l_raw_chembl_count,8,31,85,0.7,85,85,0,1.0,85,85,0,1.0,"{""all_atoms_connected"":0,""bond_angles"":0,""bond_lengths"":0,""bonds"":0,""double_bond_stereochemistry"":0,""energy_ratio"":0,""file_loads"":0,""inchi_convertible"":0,""internal_steric_clash"":0,""molecular_formula"":0,""no_radicals"":0,""planar_aromatic_rings"":0,""planar_double_bonds"":0,""reference_file_loads"":0,""sanitisation"":0,""tetrahedral_chirality"":0}","{""all_atoms_connected"":0.0,""bond_angles"":0.0,""bond_lengths"":0.0,""bonds"":0.0,""double_bond_stereochemistry"":0.0,""energy_ratio"":0.0,""file_loads"":0.0,""inchi_convertible"":0.0,""internal_steric_clash"":0.0,""molecular_formula"":0.0,""no_radicals"":0.0,""planar_aromatic_rings"":0.0,""planar_double_bonds"":0.0,""reference_file_loads"":0.0,""sanitisation"":0.0,""tetrahedral_chirality"":0.0}",85,91.53115282512226,2.5128727232330914,3.304526999125051,69.0,81.17647058823529,0.9847154303120457,0.03529411764705882,64.67598827967207,0.016747404844290655,0.7971014492753623,50.0,58.8235294117647,0.9644204215477635,0.058823529411764705,43.503216417770275,0.026435986159169547,0.56,10.0,11.764705882352942,0.8400591247292969,0.24705882352941178,6.919251630053135,0.168719723183391,0.2,2.0,2.3529411764705883,0.9951022712641691,0.5411764705882353,1.9932218182256634,0.5033910034602076,0.0,85,-36.928790130047034,-22.083698921256982,-30.424615559854722,3.2665573129854923,3.0281283576730074,3.85615297182629,0.0,0.0,0.0,0.0,3.073649185064733,3.939625146878706,0.0,0.0,0.0,0.0,1000,0,0,0,0,0,85,0,0,0,0,85,85,85,core
