mol_id,row_type,family,tier,variant,method,display_label,source,rotatable_bonds,heavy_atoms,conformer_count,clash_cutoff,clash_input_confs,clash_pass_confs,clash_fail_confs,clash_pass_rate,pb_input_confs,pb_pass_confs,pb_fail_confs,pb_pass_rate,pb_check_fail_counts_json,pb_check_fail_rates_json,post_pb_confs,mean_torsion_std_deg,pairwise_mean,pairwise_p90,greedy_clusters_0p5,clusters_per_100_0p5,cluster_entropy_0p5,largest_cluster_fraction_0p5,effective_clusters_0p5,simpson_concentration_0p5,singleton_fraction_0p5,greedy_clusters_1p0,clusters_per_100_1p0,cluster_entropy_1p0,largest_cluster_fraction_1p0,effective_clusters_1p0,simpson_concentration_1p0,singleton_fraction_1p0,greedy_clusters_2p0,clusters_per_100_2p0,cluster_entropy_2p0,largest_cluster_fraction_2p0,effective_clusters_2p0,simpson_concentration_2p0,singleton_fraction_2p0,greedy_clusters_3p0,clusters_per_100_3p0,cluster_entropy_3p0,largest_cluster_fraction_3p0,effective_clusters_3p0,simpson_concentration_3p0,singleton_fraction_3p0,energy_count,energy_min,energy_max,energy_median,energy_std,casf_best_rmsd,casf_median_rmsd,casf_hit_0p25,casf_hit_0p5,casf_hit_0p75,casf_hit_2p0,casf_opt_best_rmsd,casf_opt_median_rmsd,casf_opt_hit_0p25,casf_opt_hit_0p5,casf_opt_hit_0p75,casf_opt_hit_2p0,generated_candidates,finite_rejected,clash_rejected,bond_rejected,stereo_rejected,rmsd_rejected,pre_clash_passed,minimization_input_confs,minimization_failed,minimization_invalid,post_min_clash_rejected,kept_confs,num_target_confs,target_confs,ligand_set
1bcu_1bcu_conf0,generation,qwen_4b_4e_from_bigdata_step20000,fixed,4b_4e_from_bigdata_step20000,qwen_4b_4e_from_bigdata_step20000_fixed,Qwen 4B 4e from bigdata (step 20000),qwen_4b_4e_from_bigdata_step20000_fixed,2,16,1000,0.7,1000,1000,0,1.0,1000,1000,0,1.0,"{""all_atoms_connected"":0,""bond_angles"":0,""bond_lengths"":0,""bonds"":0,""double_bond_stereochemistry"":0,""energy_ratio"":0,""file_loads"":0,""inchi_convertible"":0,""internal_steric_clash"":0,""molecular_formula"":0,""no_radicals"":0,""planar_aromatic_rings"":0,""planar_double_bonds"":0,""reference_file_loads"":0,""sanitisation"":0,""tetrahedral_chirality"":0}","{""all_atoms_connected"":0.0,""bond_angles"":0.0,""bond_lengths"":0.0,""bonds"":0.0,""double_bond_stereochemistry"":0.0,""energy_ratio"":0.0,""file_loads"":0.0,""inchi_convertible"":0.0,""internal_steric_clash"":0.0,""molecular_formula"":0.0,""no_radicals"":0.0,""planar_aromatic_rings"":0.0,""planar_double_bonds"":0.0,""reference_file_loads"":0.0,""sanitisation"":0.0,""tetrahedral_chirality"":0.0}",1000,,0.05565850587742419,0.06888819311791504,1.0,0.1,0.0,1.0,1.0,1.0,0.0,1.0,0.1,0.0,1.0,1.0,1.0,0.0,1.0,0.1,0.0,1.0,1.0,1.0,0.0,1.0,0.1,0.0,1.0,1.0,1.0,0.0,1000,43.60114222949073,81.12526912420415,55.986387953323316,5.409697086471198,0.05548975591500937,0.07131592933061567,1.0,1.0,1.0,1.0,0.044168612868528,0.058805776168598764,1.0,1.0,1.0,1.0,1000,0,0,0,0,0,1000,0,0,0,0,1000,1000,1000,core
1bcu_1bcu_conf0,generation,qwen_4b_4e_from_bigdata_step20000,dynamic,4b_4e_from_bigdata_step20000,qwen_4b_4e_from_bigdata_step20000_dynamic,Qwen 4B 4e from bigdata (step 20000),qwen_4b_4e_from_bigdata_step20000_dynamic,2,16,24,0.7,24,24,0,1.0,24,24,0,1.0,"{""all_atoms_connected"":0,""bond_angles"":0,""bond_lengths"":0,""bonds"":0,""double_bond_stereochemistry"":0,""energy_ratio"":0,""file_loads"":0,""inchi_convertible"":0,""internal_steric_clash"":0,""molecular_formula"":0,""no_radicals"":0,""planar_aromatic_rings"":0,""planar_double_bonds"":0,""reference_file_loads"":0,""sanitisation"":0,""tetrahedral_chirality"":0}","{""all_atoms_connected"":0.0,""bond_angles"":0.0,""bond_lengths"":0.0,""bonds"":0.0,""double_bond_stereochemistry"":0.0,""energy_ratio"":0.0,""file_loads"":0.0,""inchi_convertible"":0.0,""internal_steric_clash"":0.0,""molecular_formula"":0.0,""no_radicals"":0.0,""planar_aromatic_rings"":0.0,""planar_double_bonds"":0.0,""reference_file_loads"":0.0,""sanitisation"":0.0,""tetrahedral_chirality"":0.0}",24,,0.05258416748071541,0.06072198053462277,1.0,4.166666666666667,0.0,1.0,1.0,1.0,0.0,1.0,4.166666666666667,0.0,1.0,1.0,1.0,0.0,1.0,4.166666666666667,0.0,1.0,1.0,1.0,0.0,1.0,4.166666666666667,0.0,1.0,1.0,1.0,0.0,24,46.13692200541858,66.13198293334007,55.00415105927766,5.2185166353948835,0.06138274916556246,0.06961823054809195,1.0,1.0,1.0,1.0,0.04780227050286966,0.05661115932457586,1.0,1.0,1.0,1.0,1000,0,0,0,0,0,24,0,0,0,0,24,24,24,core
1bcu_1bcu_conf0,generation,qwen_4b_4e_from_bigdata_step20000,chembl_count,4b_4e_from_bigdata_step20000,qwen_4b_4e_from_bigdata_step20000_chembl_count,Qwen 4B 4e from bigdata (step 20000),qwen_4b_4e_from_bigdata_step20000_chembl_count,2,16,1,0.7,1,1,0,1.0,1,1,0,1.0,"{""all_atoms_connected"":0,""bond_angles"":0,""bond_lengths"":0,""bonds"":0,""double_bond_stereochemistry"":0,""energy_ratio"":0,""file_loads"":0,""inchi_convertible"":0,""internal_steric_clash"":0,""molecular_formula"":0,""no_radicals"":0,""planar_aromatic_rings"":0,""planar_double_bonds"":0,""reference_file_loads"":0,""sanitisation"":0,""tetrahedral_chirality"":0}","{""all_atoms_connected"":0.0,""bond_angles"":0.0,""bond_lengths"":0.0,""bonds"":0.0,""double_bond_stereochemistry"":0.0,""energy_ratio"":0.0,""file_loads"":0.0,""inchi_convertible"":0.0,""internal_steric_clash"":0.0,""molecular_formula"":0.0,""no_radicals"":0.0,""planar_aromatic_rings"":0.0,""planar_double_bonds"":0.0,""reference_file_loads"":0.0,""sanitisation"":0.0,""tetrahedral_chirality"":0.0}",1,,,,1.0,100.0,0.0,1.0,1.0,1.0,1.0,1.0,100.0,0.0,1.0,1.0,1.0,1.0,1.0,100.0,0.0,1.0,1.0,1.0,1.0,1.0,100.0,0.0,1.0,1.0,1.0,1.0,1,67.88694066900302,67.88694066900302,67.88694066900302,0.0,0.07499982361053228,0.07499982361053228,1.0,1.0,1.0,1.0,0.06333509900746988,0.06333509900746988,1.0,1.0,1.0,1.0,1000,0,0,0,0,0,1,0,0,0,0,1,1,1,core
1c5z_1c5z_conf0,generation,qwen_4b_4e_from_bigdata_step20000,fixed,4b_4e_from_bigdata_step20000,qwen_4b_4e_from_bigdata_step20000_fixed,Qwen 4B 4e from bigdata (step 20000),qwen_4b_4e_from_bigdata_step20000_fixed,1,9,998,0.7,998,998,0,1.0,1000,998,2,0.998,"{""all_atoms_connected"":0,""bond_angles"":0,""bond_lengths"":1,""bonds"":0,""double_bond_stereochemistry"":0,""energy_ratio"":1,""file_loads"":0,""inchi_convertible"":0,""internal_steric_clash"":0,""molecular_formula"":0,""no_radicals"":0,""planar_aromatic_rings"":1,""planar_double_bonds"":0,""reference_file_loads"":0,""sanitisation"":0,""tetrahedral_chirality"":0}","{""all_atoms_connected"":0.0,""bond_angles"":0.0,""bond_lengths"":0.001,""bonds"":0.0,""double_bond_stereochemistry"":0.0,""energy_ratio"":0.001,""file_loads"":0.0,""inchi_convertible"":0.0,""internal_steric_clash"":0.0,""molecular_formula"":0.0,""no_radicals"":0.0,""planar_aromatic_rings"":0.001,""planar_double_bonds"":0.0,""reference_file_loads"":0.0,""sanitisation"":0.0,""tetrahedral_chirality"":0.0}",998,109.03394195658863,0.286958612384574,0.5453338512861227,3.0,0.30060120240480964,0.7680050903858522,0.5410821643286573,2.325046014572744,0.4638575748691772,0.0,1.0,0.10020040080160321,0.0,1.0,1.0,1.0,0.0,1.0,0.10020040080160321,0.0,1.0,1.0,1.0,0.0,1.0,0.10020040080160321,0.0,1.0,1.0,1.0,0.0,998,19.345327392867535,69.75016693455498,25.231970875201625,5.1933962337296355,0.0374626940439167,0.22236999211853797,1.0,1.0,1.0,1.0,0.06859102018025838,0.23456702984522432,1.0,1.0,1.0,1.0,1000,0,0,0,0,0,1000,0,0,0,0,998,1000,1000,core
1c5z_1c5z_conf0,generation,qwen_4b_4e_from_bigdata_step20000,dynamic,4b_4e_from_bigdata_step20000,qwen_4b_4e_from_bigdata_step20000_dynamic,Qwen 4B 4e from bigdata (step 20000),qwen_4b_4e_from_bigdata_step20000_dynamic,1,9,2,0.7,2,2,0,1.0,2,2,0,1.0,"{""all_atoms_connected"":0,""bond_angles"":0,""bond_lengths"":0,""bonds"":0,""double_bond_stereochemistry"":0,""energy_ratio"":0,""file_loads"":0,""inchi_convertible"":0,""internal_steric_clash"":0,""molecular_formula"":0,""no_radicals"":0,""planar_aromatic_rings"":0,""planar_double_bonds"":0,""reference_file_loads"":0,""sanitisation"":0,""tetrahedral_chirality"":0}","{""all_atoms_connected"":0.0,""bond_angles"":0.0,""bond_lengths"":0.0,""bonds"":0.0,""double_bond_stereochemistry"":0.0,""energy_ratio"":0.0,""file_loads"":0.0,""inchi_convertible"":0.0,""internal_steric_clash"":0.0,""molecular_formula"":0.0,""no_radicals"":0.0,""planar_aromatic_rings"":0.0,""planar_double_bonds"":0.0,""reference_file_loads"":0.0,""sanitisation"":0.0,""tetrahedral_chirality"":0.0}",2,102.54524742223825,0.2153898246326808,0.2153898246326808,1.0,50.0,0.0,1.0,1.0,1.0,0.0,1.0,50.0,0.0,1.0,1.0,1.0,0.0,1.0,50.0,0.0,1.0,1.0,1.0,0.0,1.0,50.0,0.0,1.0,1.0,1.0,0.0,2,21.105695265696255,23.36033760412092,22.23301643490859,1.1273211692123333,0.0882691058949017,0.11733879147607075,1.0,1.0,1.0,1.0,0.07500439322183328,0.13750371557331265,1.0,1.0,1.0,1.0,1000,0,0,0,0,0,2,0,0,0,0,2,2,2,core
1c5z_1c5z_conf0,generation,qwen_4b_4e_from_bigdata_step20000,chembl_count,4b_4e_from_bigdata_step20000,qwen_4b_4e_from_bigdata_step20000_chembl_count,Qwen 4B 4e from bigdata (step 20000),qwen_4b_4e_from_bigdata_step20000_chembl_count,1,9,1,0.7,1,1,0,1.0,1,1,0,1.0,"{""all_atoms_connected"":0,""bond_angles"":0,""bond_lengths"":0,""bonds"":0,""double_bond_stereochemistry"":0,""energy_ratio"":0,""file_loads"":0,""inchi_convertible"":0,""internal_steric_clash"":0,""molecular_formula"":0,""no_radicals"":0,""planar_aromatic_rings"":0,""planar_double_bonds"":0,""reference_file_loads"":0,""sanitisation"":0,""tetrahedral_chirality"":0}","{""all_atoms_connected"":0.0,""bond_angles"":0.0,""bond_lengths"":0.0,""bonds"":0.0,""double_bond_stereochemistry"":0.0,""energy_ratio"":0.0,""file_loads"":0.0,""inchi_convertible"":0.0,""internal_steric_clash"":0.0,""molecular_formula"":0.0,""no_radicals"":0.0,""planar_aromatic_rings"":0.0,""planar_double_bonds"":0.0,""reference_file_loads"":0.0,""sanitisation"":0.0,""tetrahedral_chirality"":0.0}",1,0.0,,,1.0,100.0,0.0,1.0,1.0,1.0,1.0,1.0,100.0,0.0,1.0,1.0,1.0,1.0,1.0,100.0,0.0,1.0,1.0,1.0,1.0,1.0,100.0,0.0,1.0,1.0,1.0,1.0,1,28.007080048152332,28.007080048152332,28.007080048152332,0.0,0.09380599459045574,0.09380599459045574,1.0,1.0,1.0,1.0,0.08274394564224208,0.08274394564224208,1.0,1.0,1.0,1.0,1000,0,0,0,0,0,1,0,0,0,0,1,1,1,core
1lpg_1lpg_conf0,generation,qwen_4b_4e_from_bigdata_step20000,fixed,4b_4e_from_bigdata_step20000,qwen_4b_4e_from_bigdata_step20000_fixed,Qwen 4B 4e from bigdata (step 20000),qwen_4b_4e_from_bigdata_step20000_fixed,10,41,685,0.7,685,666,19,0.9722627737226277,999,685,314,0.6856856856856857,"{""all_atoms_connected"":0,""bond_angles"":66,""bond_lengths"":24,""bonds"":0,""double_bond_stereochemistry"":0,""energy_ratio"":105,""file_loads"":0,""inchi_convertible"":0,""internal_steric_clash"":301,""molecular_formula"":0,""no_radicals"":0,""planar_aromatic_rings"":8,""planar_double_bonds"":0,""reference_file_loads"":0,""sanitisation"":0,""tetrahedral_chirality"":0}","{""all_atoms_connected"":0.0,""bond_angles"":0.06606606606606606,""bond_lengths"":0.024024024024024024,""bonds"":0.0,""double_bond_stereochemistry"":0.0,""energy_ratio"":0.10510510510510511,""file_loads"":0.0,""inchi_convertible"":0.0,""internal_steric_clash"":0.3013013013013013,""molecular_formula"":0.0,""no_radicals"":0.0,""planar_aromatic_rings"":0.008008008008008008,""planar_double_bonds"":0.0,""reference_file_loads"":0.0,""sanitisation"":0.0,""tetrahedral_chirality"":0.0}",685,92.33209081606479,2.785978903679206,3.5743458865308253,663.0,96.78832116788321,0.9978187528116831,0.004379562043795621,653.670837385206,0.0015664127017955137,0.971342383107089,343.0,50.07299270072993,0.9620244687977109,0.013138686131386862,274.7988931272964,0.004571367680750173,0.5276967930029155,28.0,4.087591240875913,0.9167936414368226,0.12262773722627737,21.219995198124447,0.05773562789706431,0.0,4.0,0.583941605839416,0.9168585803176117,0.362043795620438,3.564543088874423,0.2985539986147371,0.0,685,103.79856616000414,41430.046302023344,155.06678438482635,1577.2305089285394,1.0973250630037175,2.747161520570608,0.0,0.0,0.0,1.0,1.06826120667759,2.806654512015717,0.0,0.0,0.0,1.0,999,0,0,0,0,0,999,0,0,0,0,685,1000,1000,core
1lpg_1lpg_conf0,generation,qwen_4b_4e_from_bigdata_step20000,dynamic,4b_4e_from_bigdata_step20000,qwen_4b_4e_from_bigdata_step20000_dynamic,Qwen 4B 4e from bigdata (step 20000),qwen_4b_4e_from_bigdata_step20000_dynamic,10,41,126,0.7,126,124,2,0.9841269841269841,200,126,74,0.63,"{""all_atoms_connected"":0,""bond_angles"":16,""bond_lengths"":5,""bonds"":0,""double_bond_stereochemistry"":0,""energy_ratio"":28,""file_loads"":0,""inchi_convertible"":0,""internal_steric_clash"":69,""molecular_formula"":0,""no_radicals"":0,""planar_aromatic_rings"":3,""planar_double_bonds"":0,""reference_file_loads"":0,""sanitisation"":0,""tetrahedral_chirality"":0}","{""all_atoms_connected"":0.0,""bond_angles"":0.08,""bond_lengths"":0.025,""bonds"":0.0,""double_bond_stereochemistry"":0.0,""energy_ratio"":0.14,""file_loads"":0.0,""inchi_convertible"":0.0,""internal_steric_clash"":0.345,""molecular_formula"":0.0,""no_radicals"":0.0,""planar_aromatic_rings"":0.015,""planar_double_bonds"":0.0,""reference_file_loads"":0.0,""sanitisation"":0.0,""tetrahedral_chirality"":0.0}",126,89.94773173306655,2.798322038350494,3.590097937473169,125.0,99.2063492063492,0.9993715887750325,0.015873015873015872,124.6213039851455,0.008062484252960439,0.992,100.0,79.36507936507937,0.9853626887530826,0.023809523809523808,93.4814365144678,0.011589821113630633,0.77,21.0,16.666666666666668,0.9274639079412691,0.09523809523809523,16.838781991553986,0.06676744771982865,0.14285714285714285,3.0,2.380952380952381,0.9285194479438218,0.4365079365079365,2.7734246041630106,0.3795666414714034,0.0,126,107.30936327398561,465.5601336029386,157.30957510352962,37.86121827086037,1.4591372652433499,2.740727197264267,0.0,0.0,0.0,1.0,1.4778712700264103,2.7952109717558544,0.0,0.0,0.0,1.0,999,0,0,0,0,0,200,0,0,0,0,126,200,200,core
1lpg_1lpg_conf0,generation,qwen_4b_4e_from_bigdata_step20000,chembl_count,4b_4e_from_bigdata_step20000,qwen_4b_4e_from_bigdata_step20000_chembl_count,Qwen 4B 4e from bigdata (step 20000),qwen_4b_4e_from_bigdata_step20000_chembl_count,10,41,132,0.7,132,128,4,0.9696969696969697,193,132,61,0.6839378238341969,"{""all_atoms_connected"":0,""bond_angles"":13,""bond_lengths"":4,""bonds"":0,""double_bond_stereochemistry"":0,""energy_ratio"":19,""file_loads"":0,""inchi_convertible"":0,""internal_steric_clash"":59,""molecular_formula"":0,""no_radicals"":0,""planar_aromatic_rings"":1,""planar_double_bonds"":0,""reference_file_loads"":0,""sanitisation"":0,""tetrahedral_chirality"":0}","{""all_atoms_connected"":0.0,""bond_angles"":0.06735751295336788,""bond_lengths"":0.02072538860103627,""bonds"":0.0,""double_bond_stereochemistry"":0.0,""energy_ratio"":0.09844559585492228,""file_loads"":0.0,""inchi_convertible"":0.0,""internal_steric_clash"":0.30569948186528495,""molecular_formula"":0.0,""no_radicals"":0.0,""planar_aromatic_rings"":0.0051813471502590676,""planar_double_bonds"":0.0,""reference_file_loads"":0.0,""sanitisation"":0.0,""tetrahedral_chirality"":0.0}",132,91.3014311696841,2.7816639066638627,3.5657153336902137,131.0,99.24242424242425,0.9994056382888391,0.015151515151515152,130.6209598127893,0.007690541781450873,0.9923664122137404,106.0,80.3030303030303,0.9825358157946167,0.022727272727272728,97.70922094033227,0.011363636363636364,0.8207547169811321,19.0,14.393939393939394,0.914942233445119,0.13636363636363635,14.790596035975367,0.07828282828282829,0.15789473684210525,4.0,3.0303030303030303,0.7358487498272934,0.5606060606060606,2.773480341528145,0.4089761248852158,0.25,132,107.30936327398561,41430.046302023344,152.23190940353805,3579.967933707431,1.4591372652433499,2.735412218282778,0.0,0.0,0.0,1.0,1.4778712700264103,2.7997431727987134,0.0,0.0,0.0,1.0,999,0,0,0,0,0,193,0,0,0,0,132,193,193,core
1mq6_1mq6_conf0,generation,qwen_4b_4e_from_bigdata_step20000,fixed,4b_4e_from_bigdata_step20000,qwen_4b_4e_from_bigdata_step20000_fixed,Qwen 4B 4e from bigdata (step 20000),qwen_4b_4e_from_bigdata_step20000_fixed,7,36,794,0.7,794,775,19,0.9760705289672544,997,794,203,0.7963891675025075,"{""all_atoms_connected"":0,""bond_angles"":10,""bond_lengths"":10,""bonds"":0,""double_bond_stereochemistry"":0,""energy_ratio"":20,""file_loads"":0,""inchi_convertible"":0,""internal_steric_clash"":199,""molecular_formula"":0,""no_radicals"":0,""planar_aromatic_rings"":0,""planar_double_bonds"":0,""reference_file_loads"":0,""sanitisation"":0,""tetrahedral_chirality"":0}","{""all_atoms_connected"":0.0,""bond_angles"":0.010030090270812437,""bond_lengths"":0.010030090270812437,""bonds"":0.0,""double_bond_stereochemistry"":0.0,""energy_ratio"":0.020060180541624874,""file_loads"":0.0,""inchi_convertible"":0.0,""internal_steric_clash"":0.1995987963891675,""molecular_formula"":0.0,""no_radicals"":0.0,""planar_aromatic_rings"":0.0,""planar_double_bonds"":0.0,""reference_file_loads"":0.0,""sanitisation"":0.0,""tetrahedral_chirality"":0.0}",794,80.67811985795355,1.9705021696394707,2.490552683341537,536.0,67.50629722921914,0.9718841568375056,0.011335012594458438,449.19200777972094,0.0028107531930283173,0.7425373134328358,181.0,22.79596977329975,0.9179446980768882,0.04408060453400504,118.1473752307307,0.011645908545831774,0.3370165745856354,14.0,1.7632241813602014,0.7409140509063558,0.27581863979848864,7.066142082594934,0.1668813329188054,0.07142857142857142,2.0,0.2518891687657431,0.18918595221373527,0.9710327455919395,1.1401202158862775,0.9437436948397617,0.0,794,-2.416488642906195,2531.3298322537753,25.777984853583764,102.0593871031468,1.493596920483049,2.4138047721256957,0.0,0.0,0.0,1.0,1.499535697768819,2.3760246055006142,0.0,0.0,0.0,1.0,997,0,0,0,0,0,997,0,0,0,0,794,1000,1000,core
1mq6_1mq6_conf0,generation,qwen_4b_4e_from_bigdata_step20000,dynamic,4b_4e_from_bigdata_step20000,qwen_4b_4e_from_bigdata_step20000_dynamic,Qwen 4B 4e from bigdata (step 20000),qwen_4b_4e_from_bigdata_step20000_dynamic,7,36,99,0.7,99,98,1,0.98989898989899,134,99,35,0.7388059701492538,"{""all_atoms_connected"":0,""bond_angles"":2,""bond_lengths"":2,""bonds"":0,""double_bond_stereochemistry"":0,""energy_ratio"":2,""file_loads"":0,""inchi_convertible"":0,""internal_steric_clash"":34,""molecular_formula"":0,""no_radicals"":0,""planar_aromatic_rings"":0,""planar_double_bonds"":0,""reference_file_loads"":0,""sanitisation"":0,""tetrahedral_chirality"":0}","{""all_atoms_connected"":0.0,""bond_angles"":0.014925373134328358,""bond_lengths"":0.014925373134328358,""bonds"":0.0,""double_bond_stereochemistry"":0.0,""energy_ratio"":0.014925373134328358,""file_loads"":0.0,""inchi_convertible"":0.0,""internal_steric_clash"":0.2537313432835821,""molecular_formula"":0.0,""no_radicals"":0.0,""planar_aromatic_rings"":0.0,""planar_double_bonds"":0.0,""reference_file_loads"":0.0,""sanitisation"":0.0,""tetrahedral_chirality"":0.0}",99,78.9421977065973,1.9417662579254702,2.4312977065244694,94.0,94.94949494949495,0.9948330155164595,0.030303030303030304,91.81903679532776,0.011325374961738605,0.9574468085106383,58.0,58.58585858585859,0.9604820826959294,0.06060606060606061,49.40159738687334,0.023977145189266403,0.5862068965517241,6.0,6.0606060606060606,0.7970491901026205,0.43434343434343436,4.170852426758398,0.2845627997143149,0.16666666666666666,1.0,1.0101010101010102,0.0,1.0,1.0,1.0,0.0,99,3.80927983217272,153.67527390286108,25.838204300445618,22.86135697011916,1.6275467358659121,2.4635828035041802,0.0,0.0,0.0,1.0,1.5748179981848505,2.43136844274077,0.0,0.0,0.0,1.0,997,0,0,0,0,0,134,0,0,0,0,99,134,134,core
1mq6_1mq6_conf0,generation,qwen_4b_4e_from_bigdata_step20000,chembl_count,4b_4e_from_bigdata_step20000,qwen_4b_4e_from_bigdata_step20000_chembl_count,Qwen 4B 4e from bigdata (step 20000),qwen_4b_4e_from_bigdata_step20000_chembl_count,7,36,10,0.7,10,10,0,1.0,12,10,2,0.8333333333333334,"{""all_atoms_connected"":0,""bond_angles"":0,""bond_lengths"":0,""bonds"":0,""double_bond_stereochemistry"":0,""energy_ratio"":0,""file_loads"":0,""inchi_convertible"":0,""internal_steric_clash"":2,""molecular_formula"":0,""no_radicals"":0,""planar_aromatic_rings"":0,""planar_double_bonds"":0,""reference_file_loads"":0,""sanitisation"":0,""tetrahedral_chirality"":0}","{""all_atoms_connected"":0.0,""bond_angles"":0.0,""bond_lengths"":0.0,""bonds"":0.0,""double_bond_stereochemistry"":0.0,""energy_ratio"":0.0,""file_loads"":0.0,""inchi_convertible"":0.0,""internal_steric_clash"":0.16666666666666666,""molecular_formula"":0.0,""no_radicals"":0.0,""planar_aromatic_rings"":0.0,""planar_double_bonds"":0.0,""reference_file_loads"":0.0,""sanitisation"":0.0,""tetrahedral_chirality"":0.0}",10,75.96004238333252,1.9657680515619698,2.4398704846805264,9.0,90.0,0.9848586617875466,0.2,8.705505632961243,0.12000000000000002,0.8888888888888888,9.0,90.0,0.9848586617875466,0.2,8.705505632961243,0.12000000000000002,0.8888888888888888,3.0,30.0,0.8173454221465101,0.6,2.454555595891148,0.45999999999999996,0.3333333333333333,1.0,10.0,0.0,1.0,1.0,1.0,0.0,10,9.603425697567353,53.811805839867695,24.982316078048626,12.991705406501602,1.6275467358659121,2.1881151911360863,0.0,0.0,0.0,1.0,1.5748179981848505,2.1290395887509366,0.0,0.0,0.0,1.0,997,0,0,0,0,0,12,0,0,0,0,10,12,12,core
1nc3_1nc3_conf0,generation,qwen_4b_4e_from_bigdata_step20000,fixed,4b_4e_from_bigdata_step20000,qwen_4b_4e_from_bigdata_step20000_fixed,Qwen 4B 4e from bigdata (step 20000),qwen_4b_4e_from_bigdata_step20000_fixed,6,19,0,0.7,0,0,0,,1000,0,1000,0.0,"{""all_atoms_connected"":0,""bond_angles"":8,""bond_lengths"":5,""bonds"":0,""double_bond_stereochemistry"":0,""energy_ratio"":0,""file_loads"":0,""inchi_convertible"":0,""internal_steric_clash"":3,""molecular_formula"":0,""no_radicals"":0,""planar_aromatic_rings"":1,""planar_double_bonds"":0,""reference_file_loads"":0,""sanitisation"":0,""tetrahedral_chirality"":1000}","{""all_atoms_connected"":0.0,""bond_angles"":0.008,""bond_lengths"":0.005,""bonds"":0.0,""double_bond_stereochemistry"":0.0,""energy_ratio"":0.0,""file_loads"":0.0,""inchi_convertible"":0.0,""internal_steric_clash"":0.003,""molecular_formula"":0.0,""no_radicals"":0.0,""planar_aromatic_rings"":0.001,""planar_double_bonds"":0.0,""reference_file_loads"":0.0,""sanitisation"":0.0,""tetrahedral_chirality"":1.0}",0,,,,,,,,,,,,,,,,,,,,,,,,,,,,,,,,0,,,,,,,,,,,,,,,,,1000,0,0,0,0,0,1000,0,0,0,0,0,1000,1000,core
1nc3_1nc3_conf0,generation,qwen_4b_4e_from_bigdata_step20000,dynamic,4b_4e_from_bigdata_step20000,qwen_4b_4e_from_bigdata_step20000_dynamic,Qwen 4B 4e from bigdata (step 20000),qwen_4b_4e_from_bigdata_step20000_dynamic,6,19,0,0.7,0,0,0,,112,0,112,0.0,"{""all_atoms_connected"":0,""bond_angles"":0,""bond_lengths"":1,""bonds"":0,""double_bond_stereochemistry"":0,""energy_ratio"":0,""file_loads"":0,""inchi_convertible"":0,""internal_steric_clash"":0,""molecular_formula"":0,""no_radicals"":0,""planar_aromatic_rings"":0,""planar_double_bonds"":0,""reference_file_loads"":0,""sanitisation"":0,""tetrahedral_chirality"":112}","{""all_atoms_connected"":0.0,""bond_angles"":0.0,""bond_lengths"":0.008928571428571428,""bonds"":0.0,""double_bond_stereochemistry"":0.0,""energy_ratio"":0.0,""file_loads"":0.0,""inchi_convertible"":0.0,""internal_steric_clash"":0.0,""molecular_formula"":0.0,""no_radicals"":0.0,""planar_aromatic_rings"":0.0,""planar_double_bonds"":0.0,""reference_file_loads"":0.0,""sanitisation"":0.0,""tetrahedral_chirality"":1.0}",0,,,,,,,,,,,,,,,,,,,,,,,,,,,,,,,,0,,,,,,,,,,,,,,,,,1000,0,0,0,0,0,112,0,0,0,0,0,112,112,core
1nc3_1nc3_conf0,generation,qwen_4b_4e_from_bigdata_step20000,chembl_count,4b_4e_from_bigdata_step20000,qwen_4b_4e_from_bigdata_step20000_chembl_count,Qwen 4B 4e from bigdata (step 20000),qwen_4b_4e_from_bigdata_step20000_chembl_count,6,19,0,0.7,0,0,0,,1000,0,1000,0.0,"{""all_atoms_connected"":0,""bond_angles"":8,""bond_lengths"":5,""bonds"":0,""double_bond_stereochemistry"":0,""energy_ratio"":0,""file_loads"":0,""inchi_convertible"":0,""internal_steric_clash"":3,""molecular_formula"":0,""no_radicals"":0,""planar_aromatic_rings"":1,""planar_double_bonds"":0,""reference_file_loads"":0,""sanitisation"":0,""tetrahedral_chirality"":1000}","{""all_atoms_connected"":0.0,""bond_angles"":0.008,""bond_lengths"":0.005,""bonds"":0.0,""double_bond_stereochemistry"":0.0,""energy_ratio"":0.0,""file_loads"":0.0,""inchi_convertible"":0.0,""internal_steric_clash"":0.003,""molecular_formula"":0.0,""no_radicals"":0.0,""planar_aromatic_rings"":0.001,""planar_double_bonds"":0.0,""reference_file_loads"":0.0,""sanitisation"":0.0,""tetrahedral_chirality"":1.0}",0,,,,,,,,,,,,,,,,,,,,,,,,,,,,,,,,0,,,,,,,,,,,,,,,,,1000,0,0,0,0,0,1000,0,0,0,0,0,1567,1567,core
1o3f_1o3f_conf0,generation,qwen_4b_4e_from_bigdata_step20000,fixed,4b_4e_from_bigdata_step20000,qwen_4b_4e_from_bigdata_step20000_fixed,Qwen 4B 4e from bigdata (step 20000),qwen_4b_4e_from_bigdata_step20000_fixed,4,25,958,0.7,958,955,3,0.9968684759916493,999,958,41,0.958958958958959,"{""all_atoms_connected"":0,""bond_angles"":32,""bond_lengths"":5,""bonds"":0,""double_bond_stereochemistry"":0,""energy_ratio"":6,""file_loads"":0,""inchi_convertible"":0,""internal_steric_clash"":39,""molecular_formula"":0,""no_radicals"":0,""planar_aromatic_rings"":1,""planar_double_bonds"":0,""reference_file_loads"":0,""sanitisation"":0,""tetrahedral_chirality"":0}","{""all_atoms_connected"":0.0,""bond_angles"":0.03203203203203203,""bond_lengths"":0.005005005005005005,""bonds"":0.0,""double_bond_stereochemistry"":0.0,""energy_ratio"":0.006006006006006006,""file_loads"":0.0,""inchi_convertible"":0.0,""internal_steric_clash"":0.03903903903903904,""molecular_formula"":0.0,""no_radicals"":0.0,""planar_aromatic_rings"":0.001001001001001001,""planar_double_bonds"":0.0,""reference_file_loads"":0.0,""sanitisation"":0.0,""tetrahedral_chirality"":0.0}",958,99.82168616295506,0.9694660647231714,1.4410022444025654,41.0,4.279749478079332,0.7491357397973614,0.1837160751565762,16.150799570967163,0.09169459686804014,0.2682926829268293,6.0,0.6263048016701461,0.738469652218039,0.42379958246346555,3.755269269000227,0.2925610505533013,0.16666666666666666,1.0,0.10438413361169102,0.0,1.0,1.0,1.0,0.0,1.0,0.10438413361169102,0.0,1.0,1.0,1.0,0.0,958,70.71804824578894,19743.21575394409,81.713514017579,635.7122075892455,0.1930812365194726,1.3535225157355297,1.0,1.0,1.0,1.0,0.18393545880129633,1.3285485987889922,1.0,1.0,1.0,1.0,999,0,0,0,0,0,999,0,0,0,0,958,1000,1000,core
1o3f_1o3f_conf0,generation,qwen_4b_4e_from_bigdata_step20000,dynamic,4b_4e_from_bigdata_step20000,qwen_4b_4e_from_bigdata_step20000_dynamic,Qwen 4B 4e from bigdata (step 20000),qwen_4b_4e_from_bigdata_step20000_dynamic,4,25,66,0.7,66,63,3,0.9545454545454546,68,66,2,0.9705882352941176,"{""all_atoms_connected"":0,""bond_angles"":2,""bond_lengths"":0,""bonds"":0,""double_bond_stereochemistry"":0,""energy_ratio"":0,""file_loads"":0,""inchi_convertible"":0,""internal_steric_clash"":1,""molecular_formula"":0,""no_radicals"":0,""planar_aromatic_rings"":0,""planar_double_bonds"":0,""reference_file_loads"":0,""sanitisation"":0,""tetrahedral_chirality"":0}","{""all_atoms_connected"":0.0,""bond_angles"":0.029411764705882353,""bond_lengths"":0.0,""bonds"":0.0,""double_bond_stereochemistry"":0.0,""energy_ratio"":0.0,""file_loads"":0.0,""inchi_convertible"":0.0,""internal_steric_clash"":0.014705882352941176,""molecular_formula"":0.0,""no_radicals"":0.0,""planar_aromatic_rings"":0.0,""planar_double_bonds"":0.0,""reference_file_loads"":0.0,""sanitisation"":0.0,""tetrahedral_chirality"":0.0}",66,97.83450521110944,0.9648844158395421,1.4970299998987655,16.0,24.242424242424242,0.8296717351269303,0.30303030303030304,9.977559246903015,0.1455463728191001,0.375,5.0,7.575757575757576,0.7232741961716798,0.48484848484848486,3.202926465655776,0.3535353535353536,0.4,1.0,1.5151515151515151,0.0,1.0,1.0,1.0,0.0,1.0,1.5151515151515151,0.0,1.0,1.0,1.0,0.0,66,74.3797504625314,19743.21575394409,82.13994975256102,2402.6423358905176,0.1930812365194726,1.373280239334806,1.0,1.0,1.0,1.0,0.21824843484839157,1.3621917168114568,1.0,1.0,1.0,1.0,999,0,0,0,0,0,68,0,0,0,0,66,68,68,core
1o3f_1o3f_conf0,generation,qwen_4b_4e_from_bigdata_step20000,chembl_count,4b_4e_from_bigdata_step20000,qwen_4b_4e_from_bigdata_step20000_chembl_count,Qwen 4B 4e from bigdata (step 20000),qwen_4b_4e_from_bigdata_step20000_chembl_count,4,25,31,0.7,31,31,0,1.0,31,31,0,1.0,"{""all_atoms_connected"":0,""bond_angles"":0,""bond_lengths"":0,""bonds"":0,""double_bond_stereochemistry"":0,""energy_ratio"":0,""file_loads"":0,""inchi_convertible"":0,""internal_steric_clash"":0,""molecular_formula"":0,""no_radicals"":0,""planar_aromatic_rings"":0,""planar_double_bonds"":0,""reference_file_loads"":0,""sanitisation"":0,""tetrahedral_chirality"":0}","{""all_atoms_connected"":0.0,""bond_angles"":0.0,""bond_lengths"":0.0,""bonds"":0.0,""double_bond_stereochemistry"":0.0,""energy_ratio"":0.0,""file_loads"":0.0,""inchi_convertible"":0.0,""internal_steric_clash"":0.0,""molecular_formula"":0.0,""no_radicals"":0.0,""planar_aromatic_rings"":0.0,""planar_double_bonds"":0.0,""reference_file_loads"":0.0,""sanitisation"":0.0,""tetrahedral_chirality"":0.0}",31,100.55229775844349,0.9452335126308602,1.4601947015135124,11.0,35.483870967741936,0.8183942574604682,0.2903225806451613,7.116554724111658,0.1925078043704474,0.5454545454545454,2.0,6.451612903225806,0.8238116333123173,0.7419354838709677,1.7700764025611277,0.6170655567117587,0.0,1.0,3.225806451612903,0.0,1.0,1.0,1.0,0.0,1.0,3.225806451612903,0.0,1.0,1.0,1.0,0.0,31,73.14473407428937,113.75721208821156,81.09418614533786,7.2364252813863805,0.25925257609556285,1.3727539795219548,0.0,1.0,1.0,1.0,0.21711134383341343,1.3463937499143739,1.0,1.0,1.0,1.0,999,0,0,0,0,0,31,0,0,0,0,31,31,31,core
1o5b_1o5b_conf0,generation,qwen_4b_4e_from_bigdata_step20000,fixed,4b_4e_from_bigdata_step20000,qwen_4b_4e_from_bigdata_step20000_fixed,Qwen 4B 4e from bigdata (step 20000),qwen_4b_4e_from_bigdata_step20000_fixed,1,13,1000,0.7,1000,1000,0,1.0,1000,1000,0,1.0,"{""all_atoms_connected"":0,""bond_angles"":0,""bond_lengths"":0,""bonds"":0,""double_bond_stereochemistry"":0,""energy_ratio"":0,""file_loads"":0,""inchi_convertible"":0,""internal_steric_clash"":0,""molecular_formula"":0,""no_radicals"":0,""planar_aromatic_rings"":0,""planar_double_bonds"":0,""reference_file_loads"":0,""sanitisation"":0,""tetrahedral_chirality"":0}","{""all_atoms_connected"":0.0,""bond_angles"":0.0,""bond_lengths"":0.0,""bonds"":0.0,""double_bond_stereochemistry"":0.0,""energy_ratio"":0.0,""file_loads"":0.0,""inchi_convertible"":0.0,""internal_steric_clash"":0.0,""molecular_formula"":0.0,""no_radicals"":0.0,""planar_aromatic_rings"":0.0,""planar_double_bonds"":0.0,""reference_file_loads"":0.0,""sanitisation"":0.0,""tetrahedral_chirality"":0.0}",1000,130.41110797467647,0.2331793137170988,0.5391276805274474,2.0,0.2,0.557438185027989,0.87,1.4716536585164863,0.7738,0.0,1.0,0.1,0.0,1.0,1.0,1.0,0.0,1.0,0.1,0.0,1.0,1.0,1.0,0.0,1.0,0.1,0.0,1.0,1.0,1.0,0.0,1000,26.60377941518281,54.09901003585757,34.62134141861323,3.8779936299338997,0.05941708836837626,0.09481509901946517,1.0,1.0,1.0,1.0,0.1279227976803877,0.1535948015329336,1.0,1.0,1.0,1.0,1000,0,0,0,0,0,1000,0,0,0,0,1000,1000,1000,core
1o5b_1o5b_conf0,generation,qwen_4b_4e_from_bigdata_step20000,dynamic,4b_4e_from_bigdata_step20000,qwen_4b_4e_from_bigdata_step20000_dynamic,Qwen 4B 4e from bigdata (step 20000),qwen_4b_4e_from_bigdata_step20000_dynamic,1,13,2,0.7,2,2,0,1.0,2,2,0,1.0,"{""all_atoms_connected"":0,""bond_angles"":0,""bond_lengths"":0,""bonds"":0,""double_bond_stereochemistry"":0,""energy_ratio"":0,""file_loads"":0,""inchi_convertible"":0,""internal_steric_clash"":0,""molecular_formula"":0,""no_radicals"":0,""planar_aromatic_rings"":0,""planar_double_bonds"":0,""reference_file_loads"":0,""sanitisation"":0,""tetrahedral_chirality"":0}","{""all_atoms_connected"":0.0,""bond_angles"":0.0,""bond_lengths"":0.0,""bonds"":0.0,""double_bond_stereochemistry"":0.0,""energy_ratio"":0.0,""file_loads"":0.0,""inchi_convertible"":0.0,""internal_steric_clash"":0.0,""molecular_formula"":0.0,""no_radicals"":0.0,""planar_aromatic_rings"":0.0,""planar_double_bonds"":0.0,""reference_file_loads"":0.0,""sanitisation"":0.0,""tetrahedral_chirality"":0.0}",2,4.631086151374987,0.08936705088151735,0.08936705088151735,1.0,50.0,0.0,1.0,1.0,1.0,0.0,1.0,50.0,0.0,1.0,1.0,1.0,0.0,1.0,50.0,0.0,1.0,1.0,1.0,0.0,1.0,50.0,0.0,1.0,1.0,1.0,0.0,2,32.735112089247934,33.32261320217561,33.02886264571177,0.29375055646383785,0.0772680035432859,0.08820815114785027,1.0,1.0,1.0,1.0,0.15017568289254865,0.15615358084695255,1.0,1.0,1.0,1.0,1000,0,0,0,0,0,2,0,0,0,0,2,2,2,core
1o5b_1o5b_conf0,generation,qwen_4b_4e_from_bigdata_step20000,chembl_count,4b_4e_from_bigdata_step20000,qwen_4b_4e_from_bigdata_step20000_chembl_count,Qwen 4B 4e from bigdata (step 20000),qwen_4b_4e_from_bigdata_step20000_chembl_count,1,13,1,0.7,1,1,0,1.0,1,1,0,1.0,"{""all_atoms_connected"":0,""bond_angles"":0,""bond_lengths"":0,""bonds"":0,""double_bond_stereochemistry"":0,""energy_ratio"":0,""file_loads"":0,""inchi_convertible"":0,""internal_steric_clash"":0,""molecular_formula"":0,""no_radicals"":0,""planar_aromatic_rings"":0,""planar_double_bonds"":0,""reference_file_loads"":0,""sanitisation"":0,""tetrahedral_chirality"":0}","{""all_atoms_connected"":0.0,""bond_angles"":0.0,""bond_lengths"":0.0,""bonds"":0.0,""double_bond_stereochemistry"":0.0,""energy_ratio"":0.0,""file_loads"":0.0,""inchi_convertible"":0.0,""internal_steric_clash"":0.0,""molecular_formula"":0.0,""no_radicals"":0.0,""planar_aromatic_rings"":0.0,""planar_double_bonds"":0.0,""reference_file_loads"":0.0,""sanitisation"":0.0,""tetrahedral_chirality"":0.0}",1,0.0,,,1.0,100.0,0.0,1.0,1.0,1.0,1.0,1.0,100.0,0.0,1.0,1.0,1.0,1.0,1.0,100.0,0.0,1.0,1.0,1.0,1.0,1.0,100.0,0.0,1.0,1.0,1.0,1.0,1,35.40789108685662,35.40789108685662,35.40789108685662,0.0,0.5702487446464926,0.5702487446464926,0.0,0.0,1.0,1.0,0.5748271215887655,0.5748271215887655,0.0,0.0,1.0,1.0,1000,0,0,0,0,0,1,0,0,0,0,1,1,1,core
1owh_1owh_conf0,generation,qwen_4b_4e_from_bigdata_step20000,fixed,4b_4e_from_bigdata_step20000,qwen_4b_4e_from_bigdata_step20000_fixed,Qwen 4B 4e from bigdata (step 20000),qwen_4b_4e_from_bigdata_step20000_fixed,5,24,575,0.7,575,563,12,0.9791304347826087,1000,575,425,0.575,"{""all_atoms_connected"":0,""bond_angles"":10,""bond_lengths"":5,""bonds"":0,""double_bond_stereochemistry"":0,""energy_ratio"":14,""file_loads"":0,""inchi_convertible"":0,""internal_steric_clash"":421,""molecular_formula"":0,""no_radicals"":0,""planar_aromatic_rings"":6,""planar_double_bonds"":0,""reference_file_loads"":0,""sanitisation"":0,""tetrahedral_chirality"":0}","{""all_atoms_connected"":0.0,""bond_angles"":0.01,""bond_lengths"":0.005,""bonds"":0.0,""double_bond_stereochemistry"":0.0,""energy_ratio"":0.014,""file_loads"":0.0,""inchi_convertible"":0.0,""internal_steric_clash"":0.421,""molecular_formula"":0.0,""no_radicals"":0.0,""planar_aromatic_rings"":0.006,""planar_double_bonds"":0.0,""reference_file_loads"":0.0,""sanitisation"":0.0,""tetrahedral_chirality"":0.0}",575,111.31429541171963,2.06282968776202,3.7359055620691892,105.0,18.26086956521739,0.8858588285697108,0.06434782608695652,61.728878227608554,0.02269338374291115,0.3619047619047619,16.0,2.782608695652174,0.7798399909852879,0.2921739130434783,8.69002281023784,0.15985179584120984,0.125,3.0,0.5217391304347826,0.8142689619926797,0.6452173913043479,2.4462736020183016,0.4798457466918715,0.0,1.0,0.17391304347826086,0.0,1.0,1.0,1.0,0.0,575,89.7289084217094,705.4772005261502,109.16383193379775,48.06558931925672,0.2305710659142764,1.193951306924436,1.0,1.0,1.0,1.0,0.24274336050656944,1.104934472051236,1.0,1.0,1.0,1.0,1000,0,0,0,0,0,1000,0,0,0,0,575,1000,1000,core
1owh_1owh_conf0,generation,qwen_4b_4e_from_bigdata_step20000,dynamic,4b_4e_from_bigdata_step20000,qwen_4b_4e_from_bigdata_step20000_dynamic,Qwen 4B 4e from bigdata (step 20000),qwen_4b_4e_from_bigdata_step20000_dynamic,5,24,49,0.7,49,48,1,0.9795918367346939,90,49,41,0.5444444444444444,"{""all_atoms_connected"":0,""bond_angles"":0,""bond_lengths"":0,""bonds"":0,""double_bond_stereochemistry"":0,""energy_ratio"":0,""file_loads"":0,""inchi_convertible"":0,""internal_steric_clash"":41,""molecular_formula"":0,""no_radicals"":0,""planar_aromatic_rings"":0,""planar_double_bonds"":0,""reference_file_loads"":0,""sanitisation"":0,""tetrahedral_chirality"":0}","{""all_atoms_connected"":0.0,""bond_angles"":0.0,""bond_lengths"":0.0,""bonds"":0.0,""double_bond_stereochemistry"":0.0,""energy_ratio"":0.0,""file_loads"":0.0,""inchi_convertible"":0.0,""internal_steric_clash"":0.45555555555555555,""molecular_formula"":0.0,""no_radicals"":0.0,""planar_aromatic_rings"":0.0,""planar_double_bonds"":0.0,""reference_file_loads"":0.0,""sanitisation"":0.0,""tetrahedral_chirality"":0.0}",49,108.85660000569749,2.07241317614755,3.8624255180698173,27.0,55.10204081632653,0.9458190458452144,0.08163265306122448,22.584532738328583,0.052061640982923776,0.5925925925925926,9.0,18.367346938775512,0.8834601347939771,0.2653061224489796,6.966830043627634,0.1670137442732195,0.1111111111111111,3.0,6.122448979591836,0.851954213188653,0.6122448979591837,2.5496787427325054,0.45022907122032485,0.0,2.0,4.081632653061225,0.9313043685793762,0.6530612244897959,1.9069993720358211,0.5468554768846313,0.0,49,91.30055339691152,255.08259756268836,111.50581096571518,46.0379916697602,0.3232494978855121,1.21858118929143,0.0,1.0,1.0,1.0,0.2685334439014565,1.1311692388978447,0.0,1.0,1.0,1.0,1000,0,0,0,0,0,90,0,0,0,0,49,90,90,core
1owh_1owh_conf0,generation,qwen_4b_4e_from_bigdata_step20000,chembl_count,4b_4e_from_bigdata_step20000,qwen_4b_4e_from_bigdata_step20000_chembl_count,Qwen 4B 4e from bigdata (step 20000),qwen_4b_4e_from_bigdata_step20000_chembl_count,5,24,10,0.7,10,10,0,1.0,12,10,2,0.8333333333333334,"{""all_atoms_connected"":0,""bond_angles"":0,""bond_lengths"":0,""bonds"":0,""double_bond_stereochemistry"":0,""energy_ratio"":0,""file_loads"":0,""inchi_convertible"":0,""internal_steric_clash"":2,""molecular_formula"":0,""no_radicals"":0,""planar_aromatic_rings"":0,""planar_double_bonds"":0,""reference_file_loads"":0,""sanitisation"":0,""tetrahedral_chirality"":0}","{""all_atoms_connected"":0.0,""bond_angles"":0.0,""bond_lengths"":0.0,""bonds"":0.0,""double_bond_stereochemistry"":0.0,""energy_ratio"":0.0,""file_loads"":0.0,""inchi_convertible"":0.0,""internal_steric_clash"":0.16666666666666666,""molecular_formula"":0.0,""no_radicals"":0.0,""planar_aromatic_rings"":0.0,""planar_double_bonds"":0.0,""reference_file_loads"":0.0,""sanitisation"":0.0,""tetrahedral_chirality"":0.0}",10,110.64556604083573,1.9948067520027628,3.4308978314493315,9.0,90.0,0.9848586617875466,0.2,8.705505632961243,0.12000000000000002,0.8888888888888888,4.0,40.0,0.9232196723355077,0.4,3.5961154666243216,0.30000000000000004,0.25,2.0,20.0,0.9709505944546688,0.6,1.9601317042077895,0.52,0.0,2.0,20.0,0.46899559358928117,0.9,1.384145488461686,0.8200000000000001,0.5,10,97.87811561917323,198.3326726265235,115.03471633796893,27.942202169376355,0.9689131128596497,1.2804793742509029,0.0,0.0,0.0,1.0,0.8047800322171542,1.1669923675197786,0.0,0.0,0.0,1.0,1000,0,0,0,0,0,12,0,0,0,0,10,12,12,core
1p1n_1p1n_conf0,generation,qwen_4b_4e_from_bigdata_step20000,fixed,4b_4e_from_bigdata_step20000,qwen_4b_4e_from_bigdata_step20000_fixed,Qwen 4B 4e from bigdata (step 20000),qwen_4b_4e_from_bigdata_step20000_fixed,4,15,616,0.7,616,614,2,0.9967532467532467,996,616,380,0.6184738955823293,"{""all_atoms_connected"":0,""bond_angles"":11,""bond_lengths"":3,""bonds"":0,""double_bond_stereochemistry"":0,""energy_ratio"":15,""file_loads"":0,""inchi_convertible"":0,""internal_steric_clash"":42,""molecular_formula"":0,""no_radicals"":0,""planar_aromatic_rings"":0,""planar_double_bonds"":0,""reference_file_loads"":0,""sanitisation"":0,""tetrahedral_chirality"":353}","{""all_atoms_connected"":0.0,""bond_angles"":0.01104417670682731,""bond_lengths"":0.0030120481927710845,""bonds"":0.0,""double_bond_stereochemistry"":0.0,""energy_ratio"":0.015060240963855422,""file_loads"":0.0,""inchi_convertible"":0.0,""internal_steric_clash"":0.04216867469879518,""molecular_formula"":0.0,""no_radicals"":0.0,""planar_aromatic_rings"":0.0,""planar_double_bonds"":0.0,""reference_file_loads"":0.0,""sanitisation"":0.0,""tetrahedral_chirality"":0.35441767068273095}",616,105.9833629743,1.1372124083285475,1.5135436356318863,188.0,30.51948051948052,0.9037011406357599,0.07467532467532467,113.54265424876918,0.01566453027491988,0.43617021276595747,14.0,2.272727272727273,0.7807734461731715,0.336038961038961,7.849939979898404,0.17423363973688646,0.0,2.0,0.3246753246753247,0.9917033083725818,0.5535714285714286,1.988531351902212,0.5057397959183674,0.0,1.0,0.16233766233766234,0.0,1.0,1.0,1.0,0.0,616,-34.7820609743836,168.41815614943062,-3.3666192972195184,16.440408559850564,0.6299571918812528,1.3769933161684043,0.0,0.0,1.0,1.0,0.5780964354453846,1.3621753749153442,0.0,0.0,1.0,1.0,996,0,0,0,0,0,996,0,0,0,0,616,1000,1000,core
1p1n_1p1n_conf0,generation,qwen_4b_4e_from_bigdata_step20000,dynamic,4b_4e_from_bigdata_step20000,qwen_4b_4e_from_bigdata_step20000_dynamic,Qwen 4B 4e from bigdata (step 20000),qwen_4b_4e_from_bigdata_step20000_dynamic,4,15,43,0.7,43,43,0,1.0,68,43,25,0.6323529411764706,"{""all_atoms_connected"":0,""bond_angles"":2,""bond_lengths"":2,""bonds"":0,""double_bond_stereochemistry"":0,""energy_ratio"":2,""file_loads"":0,""inchi_convertible"":0,""internal_steric_clash"":7,""molecular_formula"":0,""no_radicals"":0,""planar_aromatic_rings"":0,""planar_double_bonds"":0,""reference_file_loads"":0,""sanitisation"":0,""tetrahedral_chirality"":19}","{""all_atoms_connected"":0.0,""bond_angles"":0.029411764705882353,""bond_lengths"":0.029411764705882353,""bonds"":0.0,""double_bond_stereochemistry"":0.0,""energy_ratio"":0.029411764705882353,""file_loads"":0.0,""inchi_convertible"":0.0,""internal_steric_clash"":0.10294117647058823,""molecular_formula"":0.0,""no_radicals"":0.0,""planar_aromatic_rings"":0.0,""planar_double_bonds"":0.0,""reference_file_loads"":0.0,""sanitisation"":0.0,""tetrahedral_chirality"":0.27941176470588236}",43,104.86821903686736,1.094569779390154,1.3949152759277386,31.0,72.09302325581395,0.9696947330353414,0.09302325581395349,27.936087323681228,0.04056246619794484,0.7096774193548387,7.0,16.27906976744186,0.8942510138097379,0.3023255813953488,5.698096225785542,0.20173066522444566,0.14285714285714285,1.0,2.3255813953488373,0.0,1.0,1.0,1.0,0.0,1.0,2.3255813953488373,0.0,1.0,1.0,1.0,0.0,43,-21.792712848880356,28.14488326254898,-2.6204356131804687,10.870648953326674,0.9273212677881756,1.388709209547417,0.0,0.0,0.0,1.0,0.9098002670724619,1.3572325937721241,0.0,0.0,0.0,1.0,996,0,0,0,0,0,68,0,0,0,0,43,68,68,core
1p1n_1p1n_conf0,generation,qwen_4b_4e_from_bigdata_step20000,chembl_count,4b_4e_from_bigdata_step20000,qwen_4b_4e_from_bigdata_step20000_chembl_count,Qwen 4B 4e from bigdata (step 20000),qwen_4b_4e_from_bigdata_step20000_chembl_count,4,15,14,0.7,14,14,0,1.0,23,14,9,0.6086956521739131,"{""all_atoms_connected"":0,""bond_angles"":1,""bond_lengths"":1,""bonds"":0,""double_bond_stereochemistry"":0,""energy_ratio"":0,""file_loads"":0,""inchi_convertible"":0,""internal_steric_clash"":1,""molecular_formula"":0,""no_radicals"":0,""planar_aromatic_rings"":0,""planar_double_bonds"":0,""reference_file_loads"":0,""sanitisation"":0,""tetrahedral_chirality"":7}","{""all_atoms_connected"":0.0,""bond_angles"":0.043478260869565216,""bond_lengths"":0.043478260869565216,""bonds"":0.0,""double_bond_stereochemistry"":0.0,""energy_ratio"":0.0,""file_loads"":0.0,""inchi_convertible"":0.0,""internal_steric_clash"":0.043478260869565216,""molecular_formula"":0.0,""no_radicals"":0.0,""planar_aromatic_rings"":0.0,""planar_double_bonds"":0.0,""reference_file_loads"":0.0,""sanitisation"":0.0,""tetrahedral_chirality"":0.30434782608695654}",14,105.42252531189875,1.3390312744901276,1.9289654050972906,13.0,92.85714285714286,0.9902871167541443,0.14285714285714285,12.680131299694686,0.0816326530612245,0.9230769230769231,5.0,35.714285714285715,0.9780416657815157,0.2857142857142857,4.826383053113431,0.21428571428571425,0.0,2.0,14.285714285714286,0.9852281360342515,0.5714285714285714,1.9796263300525183,0.510204081632653,0.0,1.0,7.142857142857143,0.0,1.0,1.0,1.0,0.0,14,-23.523631858186768,45.13578740975816,-0.5999320909676378,20.05727177133714,0.6299571918812528,1.3967671251227411,0.0,0.0,1.0,1.0,0.5780964354453846,1.390983877423273,0.0,0.0,1.0,1.0,996,0,0,0,0,0,23,0,0,0,0,14,23,23,core
1pxn_1pxn_conf0,generation,qwen_4b_4e_from_bigdata_step20000,fixed,4b_4e_from_bigdata_step20000,qwen_4b_4e_from_bigdata_step20000_fixed,Qwen 4B 4e from bigdata (step 20000),qwen_4b_4e_from_bigdata_step20000_fixed,5,22,987,0.7,987,987,0,1.0,999,987,12,0.987987987987988,"{""all_atoms_connected"":0,""bond_angles"":12,""bond_lengths"":6,""bonds"":0,""double_bond_stereochemistry"":0,""energy_ratio"":8,""file_loads"":0,""inchi_convertible"":0,""internal_steric_clash"":10,""molecular_formula"":0,""no_radicals"":0,""planar_aromatic_rings"":0,""planar_double_bonds"":0,""reference_file_loads"":0,""sanitisation"":0,""tetrahedral_chirality"":0}","{""all_atoms_connected"":0.0,""bond_angles"":0.012012012012012012,""bond_lengths"":0.006006006006006006,""bonds"":0.0,""double_bond_stereochemistry"":0.0,""energy_ratio"":0.008008008008008008,""file_loads"":0.0,""inchi_convertible"":0.0,""internal_steric_clash"":0.01001001001001001,""molecular_formula"":0.0,""no_radicals"":0.0,""planar_aromatic_rings"":0.0,""planar_double_bonds"":0.0,""reference_file_loads"":0.0,""sanitisation"":0.0,""tetrahedral_chirality"":0.0}",987,121.15368451994398,1.521528508337086,2.305677240106184,65.0,6.585612968591692,0.833374394639663,0.12563323201621074,32.42168418925688,0.045282697355387,0.23076923076923078,14.0,1.4184397163120568,0.7766197471027834,0.2674772036474164,7.7643600297539415,0.16523929626173692,0.07142857142857142,2.0,0.20263424518743667,0.9381178648327114,0.6453900709219859,1.9160269650024118,0.5422765454454002,0.0,1.0,0.10131712259371833,0.0,1.0,1.0,1.0,0.0,987,-14.681108385346771,90.83399016520525,2.201064468289296,9.645596099726598,0.22177724789372563,1.8033880738235464,1.0,1.0,1.0,1.0,0.20252431317605252,1.777944185591318,1.0,1.0,1.0,1.0,999,0,0,0,0,0,999,0,0,0,0,987,1000,1000,core
1pxn_1pxn_conf0,generation,qwen_4b_4e_from_bigdata_step20000,dynamic,4b_4e_from_bigdata_step20000,qwen_4b_4e_from_bigdata_step20000_dynamic,Qwen 4B 4e from bigdata (step 20000),qwen_4b_4e_from_bigdata_step20000_dynamic,5,22,88,0.7,88,88,0,1.0,90,88,2,0.9777777777777776,"{""all_atoms_connected"":0,""bond_angles"":2,""bond_lengths"":1,""bonds"":0,""double_bond_stereochemistry"":0,""energy_ratio"":1,""file_loads"":0,""inchi_convertible"":0,""internal_steric_clash"":1,""molecular_formula"":0,""no_radicals"":0,""planar_aromatic_rings"":0,""planar_double_bonds"":0,""reference_file_loads"":0,""sanitisation"":0,""tetrahedral_chirality"":0}","{""all_atoms_connected"":0.0,""bond_angles"":0.022222222222222223,""bond_lengths"":0.011111111111111112,""bonds"":0.0,""double_bond_stereochemistry"":0.0,""energy_ratio"":0.011111111111111112,""file_loads"":0.0,""inchi_convertible"":0.0,""internal_steric_clash"":0.011111111111111112,""molecular_formula"":0.0,""no_radicals"":0.0,""planar_aromatic_rings"":0.0,""planar_double_bonds"":0.0,""reference_file_loads"":0.0,""sanitisation"":0.0,""tetrahedral_chirality"":0.0}",88,116.39323396598293,1.540190412196564,2.2998380794479285,25.0,28.40909090909091,0.9130189971225938,0.11363636363636363,18.894951641745894,0.06353305785123967,0.36,8.0,9.090909090909092,0.8707335607111072,0.29545454545454547,6.114356544691361,0.19111570247933887,0.125,2.0,2.272727272727273,0.976020648236615,0.5909090909090909,1.967032300542503,0.5165289256198348,0.0,1.0,1.1363636363636365,0.0,1.0,1.0,1.0,0.0,88,-14.681108385346771,90.83399016520525,3.18859348984266,11.616912061165856,0.3050296773527763,1.8136507817885568,0.0,1.0,1.0,1.0,0.3036761183705485,1.8282090793222947,0.0,1.0,1.0,1.0,999,0,0,0,0,0,90,0,0,0,0,88,90,90,core
1pxn_1pxn_conf0,generation,qwen_4b_4e_from_bigdata_step20000,chembl_count,4b_4e_from_bigdata_step20000,qwen_4b_4e_from_bigdata_step20000_chembl_count,Qwen 4B 4e from bigdata (step 20000),qwen_4b_4e_from_bigdata_step20000_chembl_count,5,22,198,0.7,198,198,0,1.0,200,198,2,0.99,"{""all_atoms_connected"":0,""bond_angles"":2,""bond_lengths"":1,""bonds"":0,""double_bond_stereochemistry"":0,""energy_ratio"":1,""file_loads"":0,""inchi_convertible"":0,""internal_steric_clash"":2,""molecular_formula"":0,""no_radicals"":0,""planar_aromatic_rings"":0,""planar_double_bonds"":0,""reference_file_loads"":0,""sanitisation"":0,""tetrahedral_chirality"":0}","{""all_atoms_connected"":0.0,""bond_angles"":0.01,""bond_lengths"":0.005,""bonds"":0.0,""double_bond_stereochemistry"":0.0,""energy_ratio"":0.005,""file_loads"":0.0,""inchi_convertible"":0.0,""internal_steric_clash"":0.01,""molecular_formula"":0.0,""no_radicals"":0.0,""planar_aromatic_rings"":0.0,""planar_double_bonds"":0.0,""reference_file_loads"":0.0,""sanitisation"":0.0,""tetrahedral_chirality"":0.0}",198,119.18744014120821,1.5004858328083512,2.2435801786772673,40.0,20.2020202020202,0.8895997531349311,0.12121212121212122,26.619026757511218,0.04963779206203449,0.275,10.0,5.05050505050505,0.8598220183976822,0.2777777777777778,7.24139134161371,0.17365574941332515,0.0,2.0,1.0101010101010102,0.9571814385446724,0.6212121212121212,1.9415130958926168,0.529384756657484,0.0,1.0,0.5050505050505051,0.0,1.0,1.0,1.0,0.0,198,-12.177428767466974,65.3772572830217,2.504101724740746,10.655991099815745,0.22603097275941816,1.7876388198695234,1.0,1.0,1.0,1.0,0.26076178586428395,1.7357408215120942,0.0,1.0,1.0,1.0,999,0,0,0,0,0,200,0,0,0,0,198,200,200,core
1sqa_1sqa_conf0,generation,qwen_4b_4e_from_bigdata_step20000,fixed,4b_4e_from_bigdata_step20000,qwen_4b_4e_from_bigdata_step20000_fixed,Qwen 4B 4e from bigdata (step 20000),qwen_4b_4e_from_bigdata_step20000_fixed,7,31,864,0.7,864,859,5,0.9942129629629629,1000,864,136,0.864,"{""all_atoms_connected"":0,""bond_angles"":19,""bond_lengths"":6,""bonds"":0,""double_bond_stereochemistry"":0,""energy_ratio"":17,""file_loads"":0,""inchi_convertible"":0,""internal_steric_clash"":131,""molecular_formula"":0,""no_radicals"":0,""planar_aromatic_rings"":3,""planar_double_bonds"":0,""reference_file_loads"":0,""sanitisation"":0,""tetrahedral_chirality"":0}","{""all_atoms_connected"":0.0,""bond_angles"":0.019,""bond_lengths"":0.006,""bonds"":0.0,""double_bond_stereochemistry"":0.0,""energy_ratio"":0.017,""file_loads"":0.0,""inchi_convertible"":0.0,""internal_steric_clash"":0.131,""molecular_formula"":0.0,""no_radicals"":0.0,""planar_aromatic_rings"":0.003,""planar_double_bonds"":0.0,""reference_file_loads"":0.0,""sanitisation"":0.0,""tetrahedral_chirality"":0.0}",864,94.70575226279989,1.3936381063343979,2.0484638268734052,270.0,31.25,0.8927255427042866,0.034722222222222224,148.09504767221725,0.01126328875171468,0.5296296296296297,39.0,4.513888888888889,0.7388311937092564,0.19560185185185186,14.980563949917363,0.10159465020576132,0.20512820512820512,6.0,0.6944444444444444,0.43158516370857736,0.65625,2.1668983295599915,0.5307704260973938,0.0,3.0,0.3472222222222222,0.6938916910188455,0.6400462962962963,2.143238362572603,0.5179960776748971,0.0,864,65.02299488595122,704.5193218245181,101.38200102425975,31.35385917386092,0.6140661835338508,2.1088931501075745,0.0,0.0,1.0,1.0,0.6424732569395097,2.1409708662652776,0.0,0.0,1.0,1.0,1000,0,0,0,0,0,1000,0,0,0,0,864,1000,1000,core
1sqa_1sqa_conf0,generation,qwen_4b_4e_from_bigdata_step20000,dynamic,4b_4e_from_bigdata_step20000,qwen_4b_4e_from_bigdata_step20000_dynamic,Qwen 4B 4e from bigdata (step 20000),qwen_4b_4e_from_bigdata_step20000_dynamic,7,31,112,0.7,112,111,1,0.9910714285714286,134,112,22,0.835820895522388,"{""all_atoms_connected"":0,""bond_angles"":2,""bond_lengths"":0,""bonds"":0,""double_bond_stereochemistry"":0,""energy_ratio"":4,""file_loads"":0,""inchi_convertible"":0,""internal_steric_clash"":22,""molecular_formula"":0,""no_radicals"":0,""planar_aromatic_rings"":0,""planar_double_bonds"":0,""reference_file_loads"":0,""sanitisation"":0,""tetrahedral_chirality"":0}","{""all_atoms_connected"":0.0,""bond_angles"":0.014925373134328358,""bond_lengths"":0.0,""bonds"":0.0,""double_bond_stereochemistry"":0.0,""energy_ratio"":0.029850746268656716,""file_loads"":0.0,""inchi_convertible"":0.0,""internal_steric_clash"":0.16417910447761194,""molecular_formula"":0.0,""no_radicals"":0.0,""planar_aromatic_rings"":0.0,""planar_double_bonds"":0.0,""reference_file_loads"":0.0,""sanitisation"":0.0,""tetrahedral_chirality"":0.0}",112,93.8782410328654,1.4353771367720598,2.106973713267803,76.0,67.85714285714286,0.9587105867238493,0.05357142857142857,63.55590432187331,0.019770408163265307,0.7631578947368421,18.0,16.071428571428573,0.8694849576847504,0.17857142857142858,12.343563654060617,0.10220025510204081,0.2222222222222222,3.0,2.6785714285714284,0.7795340418685641,0.625,2.354681979580901,0.4838966836734694,0.0,1.0,0.8928571428571429,0.0,1.0,1.0,1.0,0.0,112,71.93385652803629,704.5193218245181,100.92392585928326,63.041824754341256,0.8350483429634256,2.124368857113287,0.0,0.0,0.0,1.0,0.7664201670083811,2.178683751764251,0.0,0.0,0.0,1.0,1000,0,0,0,0,0,134,0,0,0,0,112,134,134,core
1sqa_1sqa_conf0,generation,qwen_4b_4e_from_bigdata_step20000,chembl_count,4b_4e_from_bigdata_step20000,qwen_4b_4e_from_bigdata_step20000_chembl_count,Qwen 4B 4e from bigdata (step 20000),qwen_4b_4e_from_bigdata_step20000_chembl_count,7,31,173,0.7,173,172,1,0.9942196531791907,200,173,27,0.865,"{""all_atoms_connected"":0,""bond_angles"":5,""bond_lengths"":1,""bonds"":0,""double_bond_stereochemistry"":0,""energy_ratio"":1,""file_loads"":0,""inchi_convertible"":0,""internal_steric_clash"":27,""molecular_formula"":0,""no_radicals"":0,""planar_aromatic_rings"":1,""planar_double_bonds"":0,""reference_file_loads"":0,""sanitisation"":0,""tetrahedral_chirality"":0}","{""all_atoms_connected"":0.0,""bond_angles"":0.025,""bond_lengths"":0.005,""bonds"":0.0,""double_bond_stereochemistry"":0.0,""energy_ratio"":0.005,""file_loads"":0.0,""inchi_convertible"":0.0,""internal_steric_clash"":0.135,""molecular_formula"":0.0,""no_radicals"":0.0,""planar_aromatic_rings"":0.005,""planar_double_bonds"":0.0,""reference_file_loads"":0.0,""sanitisation"":0.0,""tetrahedral_chirality"":0.0}",173,96.0227967631423,1.4071974429415255,2.0485866519065734,95.0,54.91329479768786,0.9439541089632302,0.046242774566473986,73.60042524761779,0.01760833973737847,0.6736842105263158,24.0,13.872832369942197,0.7850591907414504,0.2023121387283237,12.121253121817501,0.11303418089478434,0.5,5.0,2.8901734104046244,0.47359988147739024,0.6705202312138728,2.1430490497222685,0.5402452470847672,0.2,2.0,1.1560693641618498,0.2444084007119112,0.9595375722543352,1.1846069050510357,0.9223495606268168,0.0,173,68.11218749980685,495.8999435530095,99.48923378653333,37.89700196107994,0.8350483429634256,2.085742230987588,0.0,0.0,0.0,1.0,0.7664201670083811,2.1296366941914324,0.0,0.0,0.0,1.0,1000,0,0,0,0,0,200,0,0,0,0,173,200,200,core
1uto_1uto_conf0,generation,qwen_4b_4e_from_bigdata_step20000,fixed,4b_4e_from_bigdata_step20000,qwen_4b_4e_from_bigdata_step20000_fixed,Qwen 4B 4e from bigdata (step 20000),qwen_4b_4e_from_bigdata_step20000_fixed,3,9,996,0.7,996,996,0,1.0,999,996,3,0.996996996996997,"{""all_atoms_connected"":0,""bond_angles"":1,""bond_lengths"":1,""bonds"":0,""double_bond_stereochemistry"":0,""energy_ratio"":0,""file_loads"":0,""inchi_convertible"":0,""internal_steric_clash"":0,""molecular_formula"":0,""no_radicals"":0,""planar_aromatic_rings"":3,""planar_double_bonds"":0,""reference_file_loads"":0,""sanitisation"":0,""tetrahedral_chirality"":0}","{""all_atoms_connected"":0.0,""bond_angles"":0.001001001001001001,""bond_lengths"":0.001001001001001001,""bonds"":0.0,""double_bond_stereochemistry"":0.0,""energy_ratio"":0.0,""file_loads"":0.0,""inchi_convertible"":0.0,""internal_steric_clash"":0.0,""molecular_formula"":0.0,""no_radicals"":0.0,""planar_aromatic_rings"":0.003003003003003003,""planar_double_bonds"":0.0,""reference_file_loads"":0.0,""sanitisation"":0.0,""tetrahedral_chirality"":0.0}",996,69.26226075382756,0.37913777259833353,0.6203685171642251,6.0,0.6024096385542169,0.734940263123053,0.392570281124498,3.7315965656721044,0.3058337768745666,0.0,1.0,0.10040160642570281,0.0,1.0,1.0,1.0,0.0,1.0,0.10040160642570281,0.0,1.0,1.0,1.0,0.0,1.0,0.10040160642570281,0.0,1.0,1.0,1.0,0.0,996,11.799390354994257,94.4510138728222,20.10027605413445,5.174056921733558,0.37533005849863305,0.7765756323331281,0.0,1.0,1.0,1.0,0.3500843752284648,0.8286914377247996,0.0,1.0,1.0,1.0,999,0,0,0,0,0,999,0,0,0,0,996,1000,1000,core
1uto_1uto_conf0,generation,qwen_4b_4e_from_bigdata_step20000,dynamic,4b_4e_from_bigdata_step20000,qwen_4b_4e_from_bigdata_step20000_dynamic,Qwen 4B 4e from bigdata (step 20000),qwen_4b_4e_from_bigdata_step20000_dynamic,3,9,46,0.7,46,46,0,1.0,46,46,0,1.0,"{""all_atoms_connected"":0,""bond_angles"":0,""bond_lengths"":0,""bonds"":0,""double_bond_stereochemistry"":0,""energy_ratio"":0,""file_loads"":0,""inchi_convertible"":0,""internal_steric_clash"":0,""molecular_formula"":0,""no_radicals"":0,""planar_aromatic_rings"":0,""planar_double_bonds"":0,""reference_file_loads"":0,""sanitisation"":0,""tetrahedral_chirality"":0}","{""all_atoms_connected"":0.0,""bond_angles"":0.0,""bond_lengths"":0.0,""bonds"":0.0,""double_bond_stereochemistry"":0.0,""energy_ratio"":0.0,""file_loads"":0.0,""inchi_convertible"":0.0,""internal_steric_clash"":0.0,""molecular_formula"":0.0,""no_radicals"":0.0,""planar_aromatic_rings"":0.0,""planar_double_bonds"":0.0,""reference_file_loads"":0.0,""sanitisation"":0.0,""tetrahedral_chirality"":0.0}",46,67.31316615989272,0.4267470819956396,0.7225230421568845,3.0,6.521739130434782,0.6912527830052789,0.6739130434782609,2.1370338196787078,0.5359168241965974,0.0,1.0,2.1739130434782608,0.0,1.0,1.0,1.0,0.0,1.0,2.1739130434782608,0.0,1.0,1.0,1.0,0.0,1.0,2.1739130434782608,0.0,1.0,1.0,1.0,0.0,46,14.405175767055109,39.25949474439902,21.495499288860927,4.991911859334286,0.5665756880287999,0.7829348304908663,0.0,0.0,1.0,1.0,0.5472942445464827,0.8378800907707287,0.0,0.0,1.0,1.0,999,0,0,0,0,0,46,0,0,0,0,46,46,46,core
1uto_1uto_conf0,generation,qwen_4b_4e_from_bigdata_step20000,chembl_count,4b_4e_from_bigdata_step20000,qwen_4b_4e_from_bigdata_step20000_chembl_count,Qwen 4B 4e from bigdata (step 20000),qwen_4b_4e_from_bigdata_step20000_chembl_count,3,9,7,0.7,7,7,0,1.0,7,7,0,1.0,"{""all_atoms_connected"":0,""bond_angles"":0,""bond_lengths"":0,""bonds"":0,""double_bond_stereochemistry"":0,""energy_ratio"":0,""file_loads"":0,""inchi_convertible"":0,""internal_steric_clash"":0,""molecular_formula"":0,""no_radicals"":0,""planar_aromatic_rings"":0,""planar_double_bonds"":0,""reference_file_loads"":0,""sanitisation"":0,""tetrahedral_chirality"":0}","{""all_atoms_connected"":0.0,""bond_angles"":0.0,""bond_lengths"":0.0,""bonds"":0.0,""double_bond_stereochemistry"":0.0,""energy_ratio"":0.0,""file_loads"":0.0,""inchi_convertible"":0.0,""internal_steric_clash"":0.0,""molecular_formula"":0.0,""no_radicals"":0.0,""planar_aromatic_rings"":0.0,""planar_double_bonds"":0.0,""reference_file_loads"":0.0,""sanitisation"":0.0,""tetrahedral_chirality"":0.0}",7,61.06290634152246,0.23616449131426354,0.49262874821961256,1.0,14.285714285714286,0.0,1.0,1.0,1.0,0.0,1.0,14.285714285714286,0.0,1.0,1.0,1.0,0.0,1.0,14.285714285714286,0.0,1.0,1.0,1.0,0.0,1.0,14.285714285714286,0.0,1.0,1.0,1.0,0.0,7,15.320328411904036,22.93334290887282,18.401122939527212,2.6522700209824706,0.7340266344747591,0.7900648585684589,0.0,0.0,1.0,1.0,0.768262994885263,0.8635396893509774,0.0,0.0,0.0,1.0,999,0,0,0,0,0,7,0,0,0,0,7,7,7,core
1yc1_1yc1_conf0,generation,qwen_4b_4e_from_bigdata_step20000,fixed,4b_4e_from_bigdata_step20000,qwen_4b_4e_from_bigdata_step20000_fixed,Qwen 4B 4e from bigdata (step 20000),qwen_4b_4e_from_bigdata_step20000_fixed,6,27,975,0.7,975,974,1,0.9989743589743589,997,975,22,0.9779338014042126,"{""all_atoms_connected"":0,""bond_angles"":13,""bond_lengths"":9,""bonds"":0,""double_bond_stereochemistry"":0,""energy_ratio"":6,""file_loads"":0,""inchi_convertible"":0,""internal_steric_clash"":19,""molecular_formula"":0,""no_radicals"":0,""planar_aromatic_rings"":2,""planar_double_bonds"":0,""reference_file_loads"":0,""sanitisation"":0,""tetrahedral_chirality"":0}","{""all_atoms_connected"":0.0,""bond_angles"":0.013039117352056168,""bond_lengths"":0.009027081243731194,""bonds"":0.0,""double_bond_stereochemistry"":0.0,""energy_ratio"":0.006018054162487462,""file_loads"":0.0,""inchi_convertible"":0.0,""internal_steric_clash"":0.01905717151454363,""molecular_formula"":0.0,""no_radicals"":0.0,""planar_aromatic_rings"":0.0020060180541624875,""planar_double_bonds"":0.0,""reference_file_loads"":0.0,""sanitisation"":0.0,""tetrahedral_chirality"":0.0}",975,104.59259114266135,1.4412007488487915,2.0713266851229144,81.0,8.307692307692308,0.759224998633375,0.16102564102564101,28.117035928838586,0.06438816568047338,0.38271604938271603,15.0,1.5384615384615385,0.6942575701882888,0.3117948717948718,6.554057690452761,0.20821985535831689,0.13333333333333333,2.0,0.20512820512820512,0.7239746404147975,0.798974358974359,1.6517262956953418,0.6787713346482578,0.0,1.0,0.10256410256410256,0.0,1.0,1.0,1.0,0.0,975,27.63276813081631,129412.43006673404,42.39544132083833,4140.997489276647,0.44187603438611506,1.4540413048519634,0.0,1.0,1.0,1.0,0.3066101305196792,1.450949848850692,0.0,1.0,1.0,1.0,997,0,0,0,0,0,997,0,0,0,0,975,1000,1000,core
1yc1_1yc1_conf0,generation,qwen_4b_4e_from_bigdata_step20000,dynamic,4b_4e_from_bigdata_step20000,qwen_4b_4e_from_bigdata_step20000_dynamic,Qwen 4B 4e from bigdata (step 20000),qwen_4b_4e_from_bigdata_step20000_dynamic,6,27,108,0.7,108,108,0,1.0,112,108,4,0.9642857142857144,"{""all_atoms_connected"":0,""bond_angles"":3,""bond_lengths"":2,""bonds"":0,""double_bond_stereochemistry"":0,""energy_ratio"":2,""file_loads"":0,""inchi_convertible"":0,""internal_steric_clash"":4,""molecular_formula"":0,""no_radicals"":0,""planar_aromatic_rings"":1,""planar_double_bonds"":0,""reference_file_loads"":0,""sanitisation"":0,""tetrahedral_chirality"":0}","{""all_atoms_connected"":0.0,""bond_angles"":0.026785714285714284,""bond_lengths"":0.017857142857142856,""bonds"":0.0,""double_bond_stereochemistry"":0.0,""energy_ratio"":0.017857142857142856,""file_loads"":0.0,""inchi_convertible"":0.0,""internal_steric_clash"":0.03571428571428571,""molecular_formula"":0.0,""no_radicals"":0.0,""planar_aromatic_rings"":0.008928571428571428,""planar_double_bonds"":0.0,""reference_file_loads"":0.0,""sanitisation"":0.0,""tetrahedral_chirality"":0.0}",108,101.99229075818826,1.384093909474558,2.049306951548096,22.0,20.37037037037037,0.7992222753592076,0.2962962962962963,11.827531393559353,0.13820301783264746,0.3181818181818182,8.0,7.407407407407407,0.8408237242201121,0.3611111111111111,5.745654220814075,0.21862139917695472,0.0,2.0,1.8518518518518519,0.7292739418449411,0.7962962962962963,1.6578045663672678,0.6755829903978052,0.0,1.0,0.9259259259259259,0.0,1.0,1.0,1.0,0.0,108,31.73504664580993,76.18038362546795,43.20390981505392,7.171714350369206,0.7456215193748494,1.4366873042691413,0.0,0.0,1.0,1.0,0.6930918114006726,1.4380822593605855,0.0,0.0,1.0,1.0,997,0,0,0,0,0,112,0,0,0,0,108,112,112,core
1yc1_1yc1_conf0,generation,qwen_4b_4e_from_bigdata_step20000,chembl_count,4b_4e_from_bigdata_step20000,qwen_4b_4e_from_bigdata_step20000_chembl_count,Qwen 4B 4e from bigdata (step 20000),qwen_4b_4e_from_bigdata_step20000_chembl_count,6,27,162,0.7,162,162,0,1.0,168,162,6,0.9642857142857144,"{""all_atoms_connected"":0,""bond_angles"":3,""bond_lengths"":2,""bonds"":0,""double_bond_stereochemistry"":0,""energy_ratio"":1,""file_loads"":0,""inchi_convertible"":0,""internal_steric_clash"":6,""molecular_formula"":0,""no_radicals"":0,""planar_aromatic_rings"":1,""planar_double_bonds"":0,""reference_file_loads"":0,""sanitisation"":0,""tetrahedral_chirality"":0}","{""all_atoms_connected"":0.0,""bond_angles"":0.017857142857142856,""bond_lengths"":0.011904761904761904,""bonds"":0.0,""double_bond_stereochemistry"":0.0,""energy_ratio"":0.005952380952380952,""file_loads"":0.0,""inchi_convertible"":0.0,""internal_steric_clash"":0.03571428571428571,""molecular_formula"":0.0,""no_radicals"":0.0,""planar_aromatic_rings"":0.005952380952380952,""planar_double_bonds"":0.0,""reference_file_loads"":0.0,""sanitisation"":0.0,""tetrahedral_chirality"":0.0}",162,105.0593211516245,1.332839387526818,2.021830886843276,35.0,21.604938271604937,0.8131754321778953,0.2037037037037037,18.01350395680596,0.08916323731138547,0.4,10.0,6.172839506172839,0.7733955927989318,0.35185185185185186,5.934656580594196,0.22793781435756744,0.0,2.0,1.2345679012345678,0.6205487676379564,0.845679012345679,1.5374598840574607,0.7389879591525681,0.0,1.0,0.6172839506172839,0.0,1.0,1.0,1.0,0.0,162,31.04124424518077,94.7457837527465,42.12037284432598,9.063861349393713,0.597554091938517,1.4599770067028555,0.0,0.0,1.0,1.0,0.5024430578511521,1.4565007577039952,0.0,0.0,1.0,1.0,997,0,0,0,0,0,168,0,0,0,0,162,168,168,core
1ydr_1ydr_conf0,generation,qwen_4b_4e_from_bigdata_step20000,fixed,4b_4e_from_bigdata_step20000,qwen_4b_4e_from_bigdata_step20000_fixed,Qwen 4B 4e from bigdata (step 20000),qwen_4b_4e_from_bigdata_step20000_fixed,2,20,979,0.7,979,978,1,0.9989785495403473,999,979,20,0.97997997997998,"{""all_atoms_connected"":0,""bond_angles"":9,""bond_lengths"":7,""bonds"":0,""double_bond_stereochemistry"":0,""energy_ratio"":5,""file_loads"":0,""inchi_convertible"":0,""internal_steric_clash"":15,""molecular_formula"":0,""no_radicals"":0,""planar_aromatic_rings"":7,""planar_double_bonds"":0,""reference_file_loads"":0,""sanitisation"":0,""tetrahedral_chirality"":0}","{""all_atoms_connected"":0.0,""bond_angles"":0.009009009009009009,""bond_lengths"":0.007007007007007007,""bonds"":0.0,""double_bond_stereochemistry"":0.0,""energy_ratio"":0.005005005005005005,""file_loads"":0.0,""inchi_convertible"":0.0,""internal_steric_clash"":0.015015015015015015,""molecular_formula"":0.0,""no_radicals"":0.0,""planar_aromatic_rings"":0.007007007007007007,""planar_double_bonds"":0.0,""reference_file_loads"":0.0,""sanitisation"":0.0,""tetrahedral_chirality"":0.0}",979,101.84226374261235,1.6439964892504302,2.2008904362340735,159.0,16.24106230847804,0.90423479620906,0.04187946884576098,97.85429223113498,0.014925279699011206,0.22641509433962265,31.0,3.166496424923391,0.9028789777357135,0.12359550561797752,22.208494631382234,0.05545568271808071,0.03225806451612903,3.0,0.30643513789581206,0.7574002022403209,0.5321756894790602,2.2981148803380704,0.4663938625330093,0.0,1.0,0.10214504596527069,0.0,1.0,1.0,1.0,0.0,979,3.0409918837674397,239.76191421893307,29.18034600532174,18.189093678029803,0.16372348736361028,1.6161290234483292,1.0,1.0,1.0,1.0,0.19815573955625765,1.6624011108628194,1.0,1.0,1.0,1.0,999,0,0,0,0,0,999,0,0,0,0,979,1000,1000,core
1ydr_1ydr_conf0,generation,qwen_4b_4e_from_bigdata_step20000,dynamic,4b_4e_from_bigdata_step20000,qwen_4b_4e_from_bigdata_step20000_dynamic,Qwen 4B 4e from bigdata (step 20000),qwen_4b_4e_from_bigdata_step20000_dynamic,2,20,23,0.7,23,23,0,1.0,24,23,1,0.9583333333333334,"{""all_atoms_connected"":0,""bond_angles"":0,""bond_lengths"":0,""bonds"":0,""double_bond_stereochemistry"":0,""energy_ratio"":0,""file_loads"":0,""inchi_convertible"":0,""internal_steric_clash"":1,""molecular_formula"":0,""no_radicals"":0,""planar_aromatic_rings"":0,""planar_double_bonds"":0,""reference_file_loads"":0,""sanitisation"":0,""tetrahedral_chirality"":0}","{""all_atoms_connected"":0.0,""bond_angles"":0.0,""bond_lengths"":0.0,""bonds"":0.0,""double_bond_stereochemistry"":0.0,""energy_ratio"":0.0,""file_loads"":0.0,""inchi_convertible"":0.0,""internal_steric_clash"":0.041666666666666664,""molecular_formula"":0.0,""no_radicals"":0.0,""planar_aromatic_rings"":0.0,""planar_double_bonds"":0.0,""reference_file_loads"":0.0,""sanitisation"":0.0,""tetrahedral_chirality"":0.0}",23,92.59473044845056,1.7282710534706103,2.327443308770594,21.0,91.30434782608695,0.9902856496712356,0.08695652173913043,20.388007904465802,0.05103969754253306,0.9047619047619048,12.0,52.17391304347826,0.9329126691195296,0.21739130434782608,10.157383659574913,0.11531190926275994,0.5,2.0,8.695652173913043,0.9321115676166747,0.6521739130434783,1.9080666514863638,0.5463137996219282,0.0,1.0,4.3478260869565215,0.0,1.0,1.0,1.0,0.0,23,11.242434520625649,74.52809289137628,33.04202347780954,14.236818694181045,0.6112470245897319,1.5283898228376995,0.0,0.0,1.0,1.0,0.5448151248712434,1.503077056176369,0.0,0.0,1.0,1.0,999,0,0,0,0,0,24,0,0,0,0,23,24,24,core
1ydr_1ydr_conf0,generation,qwen_4b_4e_from_bigdata_step20000,chembl_count,4b_4e_from_bigdata_step20000,qwen_4b_4e_from_bigdata_step20000_chembl_count,Qwen 4B 4e from bigdata (step 20000),qwen_4b_4e_from_bigdata_step20000_chembl_count,2,20,16,0.7,16,16,0,1.0,16,16,0,1.0,"{""all_atoms_connected"":0,""bond_angles"":0,""bond_lengths"":0,""bonds"":0,""double_bond_stereochemistry"":0,""energy_ratio"":0,""file_loads"":0,""inchi_convertible"":0,""internal_steric_clash"":0,""molecular_formula"":0,""no_radicals"":0,""planar_aromatic_rings"":0,""planar_double_bonds"":0,""reference_file_loads"":0,""sanitisation"":0,""tetrahedral_chirality"":0}","{""all_atoms_connected"":0.0,""bond_angles"":0.0,""bond_lengths"":0.0,""bonds"":0.0,""double_bond_stereochemistry"":0.0,""energy_ratio"":0.0,""file_loads"":0.0,""inchi_convertible"":0.0,""internal_steric_clash"":0.0,""molecular_formula"":0.0,""no_radicals"":0.0,""planar_aromatic_rings"":0.0,""planar_double_bonds"":0.0,""reference_file_loads"":0.0,""sanitisation"":0.0,""tetrahedral_chirality"":0.0}",16,96.11632215292889,1.5601289061227415,2.0508210075280773,14.0,87.5,0.9849357563894758,0.125,13.454342644059432,0.078125,0.8571428571428571,9.0,56.25,0.9166270687500504,0.25,7.493496595001984,0.15625,0.6666666666666666,1.0,6.25,0.0,1.0,1.0,1.0,0.0,1.0,6.25,0.0,1.0,1.0,1.0,0.0,16,15.794580605349168,49.56870220470863,30.798643558739613,9.825842523631714,0.9938041237407371,1.6615643294518199,0.0,0.0,0.0,1.0,0.9814503554583348,1.7311422346312395,0.0,0.0,0.0,1.0,999,0,0,0,0,0,16,0,0,0,0,16,16,16,core
1ydt_1ydt_conf0,generation,qwen_4b_4e_from_bigdata_step20000,fixed,4b_4e_from_bigdata_step20000,qwen_4b_4e_from_bigdata_step20000_fixed,Qwen 4B 4e from bigdata (step 20000),qwen_4b_4e_from_bigdata_step20000_fixed,8,27,696,0.7,696,682,14,0.9798850574712644,994,696,298,0.7002012072434608,"{""all_atoms_connected"":0,""bond_angles"":129,""bond_lengths"":86,""bonds"":0,""double_bond_stereochemistry"":58,""energy_ratio"":160,""file_loads"":0,""inchi_convertible"":0,""internal_steric_clash"":235,""molecular_formula"":0,""no_radicals"":0,""planar_aromatic_rings"":36,""planar_double_bonds"":0,""reference_file_loads"":0,""sanitisation"":0,""tetrahedral_chirality"":0}","{""all_atoms_connected"":0.0,""bond_angles"":0.12977867203219315,""bond_lengths"":0.08651911468812877,""bonds"":0.0,""double_bond_stereochemistry"":0.05835010060362173,""energy_ratio"":0.16096579476861167,""file_loads"":0.0,""inchi_convertible"":0.0,""internal_steric_clash"":0.23641851106639838,""molecular_formula"":0.0,""no_radicals"":0.0,""planar_aromatic_rings"":0.03621730382293763,""planar_double_bonds"":0.0,""reference_file_loads"":0.0,""sanitisation"":0.0,""tetrahedral_chirality"":0.0}",696,101.36320432715209,2.2437160730214045,3.37190891461154,517.0,74.2816091954023,0.9780714675676044,0.01293103448275862,450.8039136507807,0.0027249306381292113,0.7872340425531915,150.0,21.551724137931036,0.8892706719535163,0.0617816091954023,86.12597197443947,0.01818271898533492,0.36,10.0,1.4367816091954022,0.762005487687103,0.2916666666666667,5.781033521963591,0.20757365570088518,0.1,2.0,0.28735632183908044,0.6885521684368613,0.8160919540229885,1.611665303170327,0.6998282467961421,0.0,696,16.235087115024097,1173246.552853386,35.05912836905743,48600.55031437839,0.8559481512395067,2.044897018781791,0.0,0.0,0.0,1.0,0.8466192522961826,2.0958391889543027,0.0,0.0,0.0,1.0,994,0,0,0,0,0,994,0,0,0,0,696,1000,1000,core
1ydt_1ydt_conf0,generation,qwen_4b_4e_from_bigdata_step20000,dynamic,4b_4e_from_bigdata_step20000,qwen_4b_4e_from_bigdata_step20000_dynamic,Qwen 4B 4e from bigdata (step 20000),qwen_4b_4e_from_bigdata_step20000_dynamic,8,27,105,0.7,105,101,4,0.9619047619047619,156,105,51,0.6730769230769231,"{""all_atoms_connected"":0,""bond_angles"":17,""bond_lengths"":8,""bonds"":0,""double_bond_stereochemistry"":14,""energy_ratio"":25,""file_loads"":0,""inchi_convertible"":0,""internal_steric_clash"":38,""molecular_formula"":0,""no_radicals"":0,""planar_aromatic_rings"":3,""planar_double_bonds"":0,""reference_file_loads"":0,""sanitisation"":0,""tetrahedral_chirality"":0}","{""all_atoms_connected"":0.0,""bond_angles"":0.10897435897435898,""bond_lengths"":0.05128205128205128,""bonds"":0.0,""double_bond_stereochemistry"":0.08974358974358974,""energy_ratio"":0.16025641025641027,""file_loads"":0.0,""inchi_convertible"":0.0,""internal_steric_clash"":0.24358974358974358,""molecular_formula"":0.0,""no_radicals"":0.0,""planar_aromatic_rings"":0.019230769230769232,""planar_double_bonds"":0.0,""reference_file_loads"":0.0,""sanitisation"":0.0,""tetrahedral_chirality"":0.0}",105,100.48105804858571,2.391944571490656,3.7048712986546826,95.0,90.47619047619048,0.9900859464695025,0.0380952380952381,90.80637680996382,0.011882086167800458,0.9157894736842105,51.0,48.57142857142857,0.9280332613997334,0.09523809523809523,38.43102073800831,0.03473922902494332,0.5882352941176471,6.0,5.714285714285714,0.7407170196630983,0.4857142857142857,3.770421255208642,0.33224489795918366,0.0,2.0,1.9047619047619047,0.8224042259549891,0.7428571428571429,1.7683504634442344,0.6179591836734695,0.0,105,18.947890951413335,521186.5098667636,33.30154164888777,50619.15802129819,0.8697086404232192,2.0727700262358772,0.0,0.0,0.0,1.0,1.0096680112090457,2.091222073601556,0.0,0.0,0.0,1.0,994,0,0,0,0,0,156,0,0,0,0,105,156,156,core
1ydt_1ydt_conf0,generation,qwen_4b_4e_from_bigdata_step20000,chembl_count,4b_4e_from_bigdata_step20000,qwen_4b_4e_from_bigdata_step20000_chembl_count,Qwen 4B 4e from bigdata (step 20000),qwen_4b_4e_from_bigdata_step20000_chembl_count,8,27,98,0.7,98,97,1,0.9897959183673469,140,98,42,0.7,"{""all_atoms_connected"":0,""bond_angles"":16,""bond_lengths"":14,""bonds"":0,""double_bond_stereochemistry"":9,""energy_ratio"":21,""file_loads"":0,""inchi_convertible"":0,""internal_steric_clash"":33,""molecular_formula"":0,""no_radicals"":0,""planar_aromatic_rings"":4,""planar_double_bonds"":0,""reference_file_loads"":0,""sanitisation"":0,""tetrahedral_chirality"":0}","{""all_atoms_connected"":0.0,""bond_angles"":0.11428571428571428,""bond_lengths"":0.1,""bonds"":0.0,""double_bond_stereochemistry"":0.06428571428571428,""energy_ratio"":0.15,""file_loads"":0.0,""inchi_convertible"":0.0,""internal_steric_clash"":0.2357142857142857,""molecular_formula"":0.0,""no_radicals"":0.0,""planar_aromatic_rings"":0.02857142857142857,""planar_double_bonds"":0.0,""reference_file_loads"":0.0,""sanitisation"":0.0,""tetrahedral_chirality"":0.0}",98,99.53853652858137,2.3588132291096238,3.535598873099513,96.0,97.95918367346938,0.9983190514546818,0.02040816326530612,95.26626466003499,0.010620574760516449,0.9791666666666666,48.0,48.97959183673469,0.9341590782367708,0.07142857142857142,37.200327612165765,0.0343606830487297,0.5625,7.0,7.142857142857143,0.8240447930165339,0.3469387755102041,4.970483534435808,0.23427738442315701,0.14285714285714285,3.0,3.061224489795918,0.633094032889288,0.7448979591836735,2.004761065668407,0.5991253644314869,0.0,98,17.479555337891142,521186.5098667636,34.37399890502664,52374.265554508966,0.9954110391401381,2.090882371352347,0.0,0.0,0.0,1.0,1.1788625772559171,2.1416529673619555,0.0,0.0,0.0,1.0,994,0,0,0,0,0,140,0,0,0,0,98,140,140,core
1z6e_1z6e_conf0,generation,qwen_4b_4e_from_bigdata_step20000,fixed,4b_4e_from_bigdata_step20000,qwen_4b_4e_from_bigdata_step20000_fixed,Qwen 4B 4e from bigdata (step 20000),qwen_4b_4e_from_bigdata_step20000_fixed,7,38,300,0.7,300,284,16,0.9466666666666667,998,300,698,0.3006012024048096,"{""all_atoms_connected"":0,""bond_angles"":91,""bond_lengths"":49,""bonds"":0,""double_bond_stereochemistry"":0,""energy_ratio"":136,""file_loads"":0,""inchi_convertible"":0,""internal_steric_clash"":692,""molecular_formula"":0,""no_radicals"":0,""planar_aromatic_rings"":0,""planar_double_bonds"":0,""reference_file_loads"":0,""sanitisation"":0,""tetrahedral_chirality"":0}","{""all_atoms_connected"":0.0,""bond_angles"":0.09118236472945891,""bond_lengths"":0.04909819639278557,""bonds"":0.0,""double_bond_stereochemistry"":0.0,""energy_ratio"":0.13627254509018036,""file_loads"":0.0,""inchi_convertible"":0.0,""internal_steric_clash"":0.6933867735470942,""molecular_formula"":0.0,""no_radicals"":0.0,""planar_aromatic_rings"":0.0,""planar_double_bonds"":0.0,""reference_file_loads"":0.0,""sanitisation"":0.0,""tetrahedral_chirality"":0.0}",300,109.28055134186408,2.9197116723187637,3.8379282217640243,278.0,92.66666666666667,0.994848880923332,0.01,270.05687020711935,0.0038666666666666676,0.9280575539568345,170.0,56.666666666666664,0.9531988052064949,0.03333333333333333,133.6784024921788,0.009844444444444447,0.6588235294117647,22.0,7.333333333333333,0.9095887056749399,0.14,16.636137787505568,0.07268888888888889,0.0,5.0,1.6666666666666667,0.9030406799427009,0.3433333333333333,4.27758204317622,0.25379999999999997,0.0,300,134.9984052084622,75897.78430182229,170.81020447261625,4370.772122813105,1.969248678114309,3.427620675926273,0.0,0.0,0.0,1.0,1.847044949325181,3.3677739865590453,0.0,0.0,0.0,1.0,998,0,0,0,0,0,998,0,0,0,0,300,1000,1000,core
1z6e_1z6e_conf0,generation,qwen_4b_4e_from_bigdata_step20000,dynamic,4b_4e_from_bigdata_step20000,qwen_4b_4e_from_bigdata_step20000_dynamic,Qwen 4B 4e from bigdata (step 20000),qwen_4b_4e_from_bigdata_step20000_dynamic,7,38,36,0.7,36,35,1,0.9722222222222222,134,36,98,0.2686567164179104,"{""all_atoms_connected"":0,""bond_angles"":16,""bond_lengths"":6,""bonds"":0,""double_bond_stereochemistry"":0,""energy_ratio"":14,""file_loads"":0,""inchi_convertible"":0,""internal_steric_clash"":97,""molecular_formula"":0,""no_radicals"":0,""planar_aromatic_rings"":0,""planar_double_bonds"":0,""reference_file_loads"":0,""sanitisation"":0,""tetrahedral_chirality"":0}","{""all_atoms_connected"":0.0,""bond_angles"":0.11940298507462686,""bond_lengths"":0.04477611940298507,""bonds"":0.0,""double_bond_stereochemistry"":0.0,""energy_ratio"":0.1044776119402985,""file_loads"":0.0,""inchi_convertible"":0.0,""internal_steric_clash"":0.7238805970149254,""molecular_formula"":0.0,""no_radicals"":0.0,""planar_aromatic_rings"":0.0,""planar_double_bonds"":0.0,""reference_file_loads"":0.0,""sanitisation"":0.0,""tetrahedral_chirality"":0.0}",36,105.39994765147944,2.935574144119664,3.9727614716909443,35.0,97.22222222222223,0.9970924647735481,0.05555555555555555,34.64005812818923,0.029320987654320986,0.9714285714285714,31.0,86.11111111111111,0.9874754485218421,0.05555555555555555,29.694981396070897,0.035493827160493846,0.8387096774193549,12.0,33.333333333333336,0.9277701232752168,0.19444444444444445,10.02841084058557,0.11419753086419754,0.25,3.0,8.333333333333334,0.8929352898779306,0.5555555555555556,2.6670945128082106,0.4135802469135803,0.0,36,134.9984052084622,2573.379084495651,169.27693958909276,394.7699449481917,2.611074318797067,3.558118149683075,0.0,0.0,0.0,0.0,2.535956032425837,3.500624064452558,0.0,0.0,0.0,0.0,998,0,0,0,0,0,134,0,0,0,0,36,134,134,core
1z6e_1z6e_conf0,generation,qwen_4b_4e_from_bigdata_step20000,chembl_count,4b_4e_from_bigdata_step20000,qwen_4b_4e_from_bigdata_step20000_chembl_count,Qwen 4B 4e from bigdata (step 20000),qwen_4b_4e_from_bigdata_step20000_chembl_count,7,38,58,0.7,58,55,3,0.9482758620689655,200,58,142,0.29,"{""all_atoms_connected"":0,""bond_angles"":12,""bond_lengths"":8,""bonds"":0,""double_bond_stereochemistry"":0,""energy_ratio"":24,""file_loads"":0,""inchi_convertible"":0,""internal_steric_clash"":141,""molecular_formula"":0,""no_radicals"":0,""planar_aromatic_rings"":0,""planar_double_bonds"":0,""reference_file_loads"":0,""sanitisation"":0,""tetrahedral_chirality"":0}","{""all_atoms_connected"":0.0,""bond_angles"":0.06,""bond_lengths"":0.04,""bonds"":0.0,""double_bond_stereochemistry"":0.0,""energy_ratio"":0.12,""file_loads"":0.0,""inchi_convertible"":0.0,""internal_steric_clash"":0.705,""molecular_formula"":0.0,""no_radicals"":0.0,""planar_aromatic_rings"":0.0,""planar_double_bonds"":0.0,""reference_file_loads"":0.0,""sanitisation"":0.0,""tetrahedral_chirality"":0.0}",58,109.08001809778077,2.918937496593994,3.8442346925692545,57.0,98.27586206896552,0.9983898586061022,0.034482758620689655,56.63014177365686,0.0178359096313912,0.9824561403508771,48.0,82.75862068965517,0.9801511653712117,0.05172413793103448,44.449876441069605,0.024970273483947678,0.8541666666666666,16.0,27.586206896551722,0.930166156828972,0.1724137931034483,13.18352832533988,0.08858501783590964,0.1875,2.0,3.4482758620689653,0.9862325350724501,0.5689655172413793,1.9810050185638761,0.509512485136742,0.0,58,134.9984052084622,2322.7254410324663,172.9230344512219,280.9904981644887,2.150634059463368,3.376953633785739,0.0,0.0,0.0,0.0,2.11426993002553,3.2911722813151174,0.0,0.0,0.0,0.0,998,0,0,0,0,0,200,0,0,0,0,58,200,200,core
1z95_1z95_conf0,generation,qwen_4b_4e_from_bigdata_step20000,fixed,4b_4e_from_bigdata_step20000,qwen_4b_4e_from_bigdata_step20000_fixed,Qwen 4B 4e from bigdata (step 20000),qwen_4b_4e_from_bigdata_step20000_fixed,6,29,979,0.7,979,979,0,1.0,999,979,20,0.97997997997998,"{""all_atoms_connected"":0,""bond_angles"":9,""bond_lengths"":7,""bonds"":0,""double_bond_stereochemistry"":0,""energy_ratio"":7,""file_loads"":0,""inchi_convertible"":0,""internal_steric_clash"":14,""molecular_formula"":0,""no_radicals"":0,""planar_aromatic_rings"":1,""planar_double_bonds"":0,""reference_file_loads"":0,""sanitisation"":0,""tetrahedral_chirality"":2}","{""all_atoms_connected"":0.0,""bond_angles"":0.009009009009009009,""bond_lengths"":0.007007007007007007,""bonds"":0.0,""double_bond_stereochemistry"":0.0,""energy_ratio"":0.007007007007007007,""file_loads"":0.0,""inchi_convertible"":0.0,""internal_steric_clash"":0.014014014014014014,""molecular_formula"":0.0,""no_radicals"":0.0,""planar_aromatic_rings"":0.001001001001001001,""planar_double_bonds"":0.0,""reference_file_loads"":0.0,""sanitisation"":0.0,""tetrahedral_chirality"":0.002002002002002002}",979,105.46423955752928,1.6218752744752774,2.658245016598191,127.0,12.972420837589377,0.7081271964081208,0.1644535240040858,30.88592629403209,0.06858325134254482,0.5354330708661418,44.0,4.49438202247191,0.523812669979509,0.41164453524004085,7.2587415664072115,0.2574649874118491,0.3181818181818182,8.0,0.8171603677221655,0.5845427035788108,0.533197139938713,3.372055100845526,0.3964218976441951,0.0,2.0,0.20429009193054137,0.46281317903901026,0.9019407558733401,1.3782266687531461,0.823112742464064,0.0,979,18.374092061394123,504.57123433997464,34.38292504114293,17.74943362359915,0.743264504454843,2.2126333543723655,0.0,0.0,1.0,1.0,0.7678340760102509,2.168474806714432,0.0,0.0,0.0,1.0,999,0,0,0,0,0,999,0,0,0,0,979,1000,1000,core
1z95_1z95_conf0,generation,qwen_4b_4e_from_bigdata_step20000,dynamic,4b_4e_from_bigdata_step20000,qwen_4b_4e_from_bigdata_step20000_dynamic,Qwen 4B 4e from bigdata (step 20000),qwen_4b_4e_from_bigdata_step20000_dynamic,6,29,112,0.7,112,112,0,1.0,112,112,0,1.0,"{""all_atoms_connected"":0,""bond_angles"":0,""bond_lengths"":0,""bonds"":0,""double_bond_stereochemistry"":0,""energy_ratio"":0,""file_loads"":0,""inchi_convertible"":0,""internal_steric_clash"":0,""molecular_formula"":0,""no_radicals"":0,""planar_aromatic_rings"":0,""planar_double_bonds"":0,""reference_file_loads"":0,""sanitisation"":0,""tetrahedral_chirality"":0}","{""all_atoms_connected"":0.0,""bond_angles"":0.0,""bond_lengths"":0.0,""bonds"":0.0,""double_bond_stereochemistry"":0.0,""energy_ratio"":0.0,""file_loads"":0.0,""inchi_convertible"":0.0,""internal_steric_clash"":0.0,""molecular_formula"":0.0,""no_radicals"":0.0,""planar_aromatic_rings"":0.0,""planar_double_bonds"":0.0,""reference_file_loads"":0.0,""sanitisation"":0.0,""tetrahedral_chirality"":0.0}",112,108.48236579655745,1.6820803482533957,2.927031568968337,30.0,26.785714285714285,0.7778607303850172,0.23214285714285715,14.09271334106333,0.1222895408163265,0.5333333333333333,15.0,13.392857142857142,0.6201905095781447,0.45535714285714285,5.3629115872975115,0.2881058673469387,0.4666666666666667,6.0,5.357142857142857,0.656349506898027,0.5446428571428571,3.241448974247648,0.3955676020408162,0.0,2.0,1.7857142857142858,0.6962122601251458,0.8125,1.6202453123826384,0.6953125,0.0,112,19.588733398651552,72.2168334574454,34.23698350386175,9.754015607661529,1.294670002831284,2.2511343291805597,0.0,0.0,0.0,1.0,1.273890554525037,2.1906164792142824,0.0,0.0,0.0,1.0,999,0,0,0,0,0,112,0,0,0,0,112,112,112,core
1z95_1z95_conf0,generation,qwen_4b_4e_from_bigdata_step20000,chembl_count,4b_4e_from_bigdata_step20000,qwen_4b_4e_from_bigdata_step20000_chembl_count,Qwen 4B 4e from bigdata (step 20000),qwen_4b_4e_from_bigdata_step20000_chembl_count,6,29,197,0.7,197,197,0,1.0,198,197,1,0.9949494949494948,"{""all_atoms_connected"":0,""bond_angles"":0,""bond_lengths"":0,""bonds"":0,""double_bond_stereochemistry"":0,""energy_ratio"":0,""file_loads"":0,""inchi_convertible"":0,""internal_steric_clash"":0,""molecular_formula"":0,""no_radicals"":0,""planar_aromatic_rings"":0,""planar_double_bonds"":0,""reference_file_loads"":0,""sanitisation"":0,""tetrahedral_chirality"":1}","{""all_atoms_connected"":0.0,""bond_angles"":0.0,""bond_lengths"":0.0,""bonds"":0.0,""double_bond_stereochemistry"":0.0,""energy_ratio"":0.0,""file_loads"":0.0,""inchi_convertible"":0.0,""internal_steric_clash"":0.0,""molecular_formula"":0.0,""no_radicals"":0.0,""planar_aromatic_rings"":0.0,""planar_double_bonds"":0.0,""reference_file_loads"":0.0,""sanitisation"":0.0,""tetrahedral_chirality"":0.005050505050505051}",197,105.93094044717701,1.672890599140206,2.714504013780574,49.0,24.873096446700508,0.7818314132042856,0.18781725888324874,20.962756508354325,0.08665515730887166,0.5510204081632653,22.0,11.16751269035533,0.5863576154483252,0.40609137055837563,6.125474863747687,0.2580586977247544,0.5454545454545454,6.0,3.045685279187817,0.6893907912030925,0.5786802030456852,3.4391435698520922,0.39292432167796126,0.0,2.0,1.015228426395939,0.28962265728448966,0.949238578680203,1.2223205330058329,0.9036306011492179,0.0,197,18.760902187580022,504.57123433997464,35.08248990233252,34.743058390221826,0.935574060632257,2.2126333543723655,0.0,0.0,0.0,1.0,0.9120259291941466,2.168474806714432,0.0,0.0,0.0,1.0,999,0,0,0,0,0,198,0,0,0,0,197,198,198,core
1z9g_1z9g_conf0,generation,qwen_4b_4e_from_bigdata_step20000,fixed,4b_4e_from_bigdata_step20000,qwen_4b_4e_from_bigdata_step20000_fixed,Qwen 4B 4e from bigdata (step 20000),qwen_4b_4e_from_bigdata_step20000_fixed,7,17,601,0.7,601,600,1,0.9983361064891847,994,601,393,0.6046277665995976,"{""all_atoms_connected"":0,""bond_angles"":17,""bond_lengths"":5,""bonds"":0,""double_bond_stereochemistry"":0,""energy_ratio"":17,""file_loads"":0,""inchi_convertible"":0,""internal_steric_clash"":49,""molecular_formula"":0,""no_radicals"":0,""planar_aromatic_rings"":4,""planar_double_bonds"":0,""reference_file_loads"":0,""sanitisation"":0,""tetrahedral_chirality"":361}","{""all_atoms_connected"":0.0,""bond_angles"":0.01710261569416499,""bond_lengths"":0.005030181086519115,""bonds"":0.0,""double_bond_stereochemistry"":0.0,""energy_ratio"":0.01710261569416499,""file_loads"":0.0,""inchi_convertible"":0.0,""internal_steric_clash"":0.04929577464788732,""molecular_formula"":0.0,""no_radicals"":0.0,""planar_aromatic_rings"":0.004024144869215292,""planar_double_bonds"":0.0,""reference_file_loads"":0.0,""sanitisation"":0.0,""tetrahedral_chirality"":0.3631790744466801}",601,107.16572452331154,1.6360988719218785,2.2731276315843267,326.0,54.24292845257904,0.9388854574503156,0.03161397670549085,228.88822755548003,0.007101309243329891,0.6748466257668712,48.0,7.9866888519134775,0.8634442012766842,0.11980033277870217,28.29163180100306,0.05202366549372787,0.10416666666666667,3.0,0.49916805324459235,0.9499208592425642,0.4925124792013311,2.839405585044854,0.37195079747841225,0.0,1.0,0.16638935108153077,0.0,1.0,1.0,1.0,0.0,601,-0.5365875412894887,121.17654137108777,22.119915057067715,14.011370153664503,0.3740963959595716,1.5383087059947593,0.0,1.0,1.0,1.0,0.4930720732996284,1.550157238162991,0.0,1.0,1.0,1.0,994,0,0,0,0,0,994,0,0,0,0,601,1000,1000,core
1z9g_1z9g_conf0,generation,qwen_4b_4e_from_bigdata_step20000,dynamic,4b_4e_from_bigdata_step20000,qwen_4b_4e_from_bigdata_step20000_dynamic,Qwen 4B 4e from bigdata (step 20000),qwen_4b_4e_from_bigdata_step20000_dynamic,7,17,79,0.7,79,79,0,1.0,134,79,55,0.5895522388059702,"{""all_atoms_connected"":0,""bond_angles"":1,""bond_lengths"":0,""bonds"":0,""double_bond_stereochemistry"":0,""energy_ratio"":3,""file_loads"":0,""inchi_convertible"":0,""internal_steric_clash"":10,""molecular_formula"":0,""no_radicals"":0,""planar_aromatic_rings"":0,""planar_double_bonds"":0,""reference_file_loads"":0,""sanitisation"":0,""tetrahedral_chirality"":51}","{""all_atoms_connected"":0.0,""bond_angles"":0.007462686567164179,""bond_lengths"":0.0,""bonds"":0.0,""double_bond_stereochemistry"":0.0,""energy_ratio"":0.022388059701492536,""file_loads"":0.0,""inchi_convertible"":0.0,""internal_steric_clash"":0.07462686567164178,""molecular_formula"":0.0,""no_radicals"":0.0,""planar_aromatic_rings"":0.0,""planar_double_bonds"":0.0,""reference_file_loads"":0.0,""sanitisation"":0.0,""tetrahedral_chirality"":0.3805970149253731}",79,106.19875034318225,1.650923410519903,2.2216732618864654,66.0,83.54430379746836,0.9826948265012609,0.05063291139240506,61.384173406391284,0.01810607274475244,0.8484848484848485,30.0,37.9746835443038,0.9233217833798422,0.11392405063291139,23.113101749858096,0.05367729530523956,0.4,2.0,2.5316455696202533,0.9004854334784268,0.6835443037974683,1.8666939767184816,0.5673770229129947,0.0,1.0,1.2658227848101267,0.0,1.0,1.0,1.0,0.0,79,3.4897231078944166,71.66296935134439,21.03514850595815,13.498678341808004,0.5605849008246807,1.5281072642450135,0.0,0.0,1.0,1.0,0.4930720732996284,1.5720664539987388,0.0,1.0,1.0,1.0,994,0,0,0,0,0,134,0,0,0,0,79,134,134,core
1z9g_1z9g_conf0,generation,qwen_4b_4e_from_bigdata_step20000,chembl_count,4b_4e_from_bigdata_step20000,qwen_4b_4e_from_bigdata_step20000_chembl_count,Qwen 4B 4e from bigdata (step 20000),qwen_4b_4e_from_bigdata_step20000_chembl_count,7,17,118,0.7,118,118,0,1.0,199,118,81,0.592964824120603,"{""all_atoms_connected"":0,""bond_angles"":1,""bond_lengths"":0,""bonds"":0,""double_bond_stereochemistry"":0,""energy_ratio"":3,""file_loads"":0,""inchi_convertible"":0,""internal_steric_clash"":14,""molecular_formula"":0,""no_radicals"":0,""planar_aromatic_rings"":1,""planar_double_bonds"":0,""reference_file_loads"":0,""sanitisation"":0,""tetrahedral_chirality"":73}","{""all_atoms_connected"":0.0,""bond_angles"":0.005025125628140704,""bond_lengths"":0.0,""bonds"":0.0,""double_bond_stereochemistry"":0.0,""energy_ratio"":0.01507537688442211,""file_loads"":0.0,""inchi_convertible"":0.0,""internal_steric_clash"":0.07035175879396985,""molecular_formula"":0.0,""no_radicals"":0.0,""planar_aromatic_rings"":0.005025125628140704,""planar_double_bonds"":0.0,""reference_file_loads"":0.0,""sanitisation"":0.0,""tetrahedral_chirality"":0.36683417085427134}",118,106.7135158179724,1.66085733717755,2.3273729427290957,91.0,77.11864406779661,0.9760429683159592,0.0423728813559322,81.67865462227303,0.014220051709278946,0.8021978021978022,31.0,26.271186440677965,0.8834308723441163,0.17796610169491525,20.77375293361206,0.06980752657282394,0.22580645161290322,2.0,1.694915254237288,0.8663006754980497,0.711864406779661,1.8229824537862316,0.5897730537201953,0.0,1.0,0.847457627118644,0.0,1.0,1.0,1.0,0.0,118,0.5558837543341202,79.57356940035747,22.387713424476235,13.510074494513573,0.5264913210657107,1.4919175241966531,0.0,0.0,1.0,1.0,0.6726504533064536,1.5372651828773507,0.0,0.0,1.0,1.0,994,0,0,0,0,0,199,0,0,0,0,118,199,199,core
2br1_2br1_conf0,generation,qwen_4b_4e_from_bigdata_step20000,fixed,4b_4e_from_bigdata_step20000,qwen_4b_4e_from_bigdata_step20000_fixed,Qwen 4B 4e from bigdata (step 20000),qwen_4b_4e_from_bigdata_step20000_fixed,8,29,998,0.7,998,998,0,1.0,999,998,1,0.998998998998999,"{""all_atoms_connected"":0,""bond_angles"":1,""bond_lengths"":1,""bonds"":0,""double_bond_stereochemistry"":0,""energy_ratio"":0,""file_loads"":0,""inchi_convertible"":0,""internal_steric_clash"":1,""molecular_formula"":0,""no_radicals"":0,""planar_aromatic_rings"":0,""planar_double_bonds"":0,""reference_file_loads"":0,""sanitisation"":0,""tetrahedral_chirality"":0}","{""all_atoms_connected"":0.0,""bond_angles"":0.001001001001001001,""bond_lengths"":0.001001001001001001,""bonds"":0.0,""double_bond_stereochemistry"":0.0,""energy_ratio"":0.0,""file_loads"":0.0,""inchi_convertible"":0.0,""internal_steric_clash"":0.001001001001001001,""molecular_formula"":0.0,""no_radicals"":0.0,""planar_aromatic_rings"":0.0,""planar_double_bonds"":0.0,""reference_file_loads"":0.0,""sanitisation"":0.0,""tetrahedral_chirality"":0.0}",998,98.34408728675658,0.8425950431697469,1.1073302028757317,81.0,8.11623246492986,0.8844366011219386,0.06713426853707415,48.74544095318517,0.028951690957064423,0.1111111111111111,4.0,0.40080160320641284,0.8190358964745255,0.41583166332665333,3.1124955897356146,0.3395367890088795,0.0,1.0,0.10020040080160321,0.0,1.0,1.0,1.0,0.0,1.0,0.10020040080160321,0.0,1.0,1.0,1.0,0.0,998,32.87067976692205,67.9413743120525,46.00118667605906,6.017304259286012,0.22463245798960801,0.9547881110849936,1.0,1.0,1.0,1.0,0.21963314391264585,0.9512420585945388,1.0,1.0,1.0,1.0,999,0,0,0,0,0,999,0,0,0,0,998,1000,1000,core
2br1_2br1_conf0,generation,qwen_4b_4e_from_bigdata_step20000,dynamic,4b_4e_from_bigdata_step20000,qwen_4b_4e_from_bigdata_step20000_dynamic,Qwen 4B 4e from bigdata (step 20000),qwen_4b_4e_from_bigdata_step20000_dynamic,8,29,156,0.7,156,156,0,1.0,156,156,0,1.0,"{""all_atoms_connected"":0,""bond_angles"":0,""bond_lengths"":0,""bonds"":0,""double_bond_stereochemistry"":0,""energy_ratio"":0,""file_loads"":0,""inchi_convertible"":0,""internal_steric_clash"":0,""molecular_formula"":0,""no_radicals"":0,""planar_aromatic_rings"":0,""planar_double_bonds"":0,""reference_file_loads"":0,""sanitisation"":0,""tetrahedral_chirality"":0}","{""all_atoms_connected"":0.0,""bond_angles"":0.0,""bond_lengths"":0.0,""bonds"":0.0,""double_bond_stereochemistry"":0.0,""energy_ratio"":0.0,""file_loads"":0.0,""inchi_convertible"":0.0,""internal_steric_clash"":0.0,""molecular_formula"":0.0,""no_radicals"":0.0,""planar_aromatic_rings"":0.0,""planar_double_bonds"":0.0,""reference_file_loads"":0.0,""sanitisation"":0.0,""tetrahedral_chirality"":0.0}",156,97.63532302798158,0.829529698844671,1.0896461665287842,37.0,23.71794871794872,0.9364306118962177,0.08333333333333333,29.41115636154057,0.03994082840236688,0.1891891891891892,2.0,1.2820512820512822,0.7320666900931938,0.7948717948717948,1.6610168286542317,0.6738987508218277,0.0,1.0,0.6410256410256411,0.0,1.0,1.0,1.0,0.0,1.0,0.6410256410256411,0.0,1.0,1.0,1.0,0.0,156,34.1023483191029,67.9413743120525,46.163245122217404,6.118992875322785,0.2623723421772517,0.9436909202460411,0.0,1.0,1.0,1.0,0.2516308674620499,0.9421328609827951,0.0,1.0,1.0,1.0,999,0,0,0,0,0,156,0,0,0,0,156,156,156,core
2br1_2br1_conf0,generation,qwen_4b_4e_from_bigdata_step20000,chembl_count,4b_4e_from_bigdata_step20000,qwen_4b_4e_from_bigdata_step20000_chembl_count,Qwen 4B 4e from bigdata (step 20000),qwen_4b_4e_from_bigdata_step20000_chembl_count,8,29,200,0.7,200,200,0,1.0,200,200,0,1.0,"{""all_atoms_connected"":0,""bond_angles"":0,""bond_lengths"":0,""bonds"":0,""double_bond_stereochemistry"":0,""energy_ratio"":0,""file_loads"":0,""inchi_convertible"":0,""internal_steric_clash"":0,""molecular_formula"":0,""no_radicals"":0,""planar_aromatic_rings"":0,""planar_double_bonds"":0,""reference_file_loads"":0,""sanitisation"":0,""tetrahedral_chirality"":0}","{""all_atoms_connected"":0.0,""bond_angles"":0.0,""bond_lengths"":0.0,""bonds"":0.0,""double_bond_stereochemistry"":0.0,""energy_ratio"":0.0,""file_loads"":0.0,""inchi_convertible"":0.0,""internal_steric_clash"":0.0,""molecular_formula"":0.0,""no_radicals"":0.0,""planar_aromatic_rings"":0.0,""planar_double_bonds"":0.0,""reference_file_loads"":0.0,""sanitisation"":0.0,""tetrahedral_chirality"":0.0}",200,99.43137533265951,0.8529631790772729,1.1264633859255582,38.0,19.0,0.8970564339479334,0.11,26.13094041184357,0.05135000000000001,0.18421052631578946,4.0,2.0,0.9520668249161015,0.335,3.742840708302342,0.28135000000000004,0.0,1.0,0.5,0.0,1.0,1.0,1.0,0.0,1.0,0.5,0.0,1.0,1.0,1.0,0.0,200,32.87067976692205,64.0224452694001,46.449506289802216,6.033510511897489,0.36951853207785507,0.9472263771105378,0.0,1.0,1.0,1.0,0.31483563057142466,0.9553406201795382,0.0,1.0,1.0,1.0,999,0,0,0,0,0,200,0,0,0,0,200,200,200,core
2brb_2brb_conf0,generation,qwen_4b_4e_from_bigdata_step20000,fixed,4b_4e_from_bigdata_step20000,qwen_4b_4e_from_bigdata_step20000_fixed,Qwen 4B 4e from bigdata (step 20000),qwen_4b_4e_from_bigdata_step20000_fixed,6,25,999,0.7,999,999,0,1.0,1000,999,1,0.999,"{""all_atoms_connected"":0,""bond_angles"":1,""bond_lengths"":0,""bonds"":0,""double_bond_stereochemistry"":0,""energy_ratio"":0,""file_loads"":0,""inchi_convertible"":0,""internal_steric_clash"":1,""molecular_formula"":0,""no_radicals"":0,""planar_aromatic_rings"":0,""planar_double_bonds"":0,""reference_file_loads"":0,""sanitisation"":0,""tetrahedral_chirality"":0}","{""all_atoms_connected"":0.0,""bond_angles"":0.001,""bond_lengths"":0.0,""bonds"":0.0,""double_bond_stereochemistry"":0.0,""energy_ratio"":0.0,""file_loads"":0.0,""inchi_convertible"":0.0,""internal_steric_clash"":0.001,""molecular_formula"":0.0,""no_radicals"":0.0,""planar_aromatic_rings"":0.0,""planar_double_bonds"":0.0,""reference_file_loads"":0.0,""sanitisation"":0.0,""tetrahedral_chirality"":0.0}",999,85.33352567964513,0.8070730023695953,1.1464422236574263,27.0,2.7027027027027026,0.865539314288732,0.11811811811811812,17.334112503169077,0.06870634398161926,0.07407407407407407,2.0,0.2002002002002002,0.9843243216523647,0.5735735735735735,1.9783865292881238,0.5108261414567721,0.0,1.0,0.1001001001001001,0.0,1.0,1.0,1.0,0.0,1.0,0.1001001001001001,0.0,1.0,1.0,1.0,0.0,999,14.27108696064832,52.233379305610086,27.132113333387704,4.981811061401982,0.2518900289474386,0.7802955631381858,0.0,1.0,1.0,1.0,0.2817243169359281,0.8107745816621805,0.0,1.0,1.0,1.0,1000,0,0,0,0,0,1000,0,0,0,0,999,1000,1000,core
2brb_2brb_conf0,generation,qwen_4b_4e_from_bigdata_step20000,dynamic,4b_4e_from_bigdata_step20000,qwen_4b_4e_from_bigdata_step20000_dynamic,Qwen 4B 4e from bigdata (step 20000),qwen_4b_4e_from_bigdata_step20000_dynamic,6,25,111,0.7,111,111,0,1.0,112,111,1,0.9910714285714286,"{""all_atoms_connected"":0,""bond_angles"":1,""bond_lengths"":0,""bonds"":0,""double_bond_stereochemistry"":0,""energy_ratio"":0,""file_loads"":0,""inchi_convertible"":0,""internal_steric_clash"":1,""molecular_formula"":0,""no_radicals"":0,""planar_aromatic_rings"":0,""planar_double_bonds"":0,""reference_file_loads"":0,""sanitisation"":0,""tetrahedral_chirality"":0}","{""all_atoms_connected"":0.0,""bond_angles"":0.008928571428571428,""bond_lengths"":0.0,""bonds"":0.0,""double_bond_stereochemistry"":0.0,""energy_ratio"":0.0,""file_loads"":0.0,""inchi_convertible"":0.0,""internal_steric_clash"":0.008928571428571428,""molecular_formula"":0.0,""no_radicals"":0.0,""planar_aromatic_rings"":0.0,""planar_double_bonds"":0.0,""reference_file_loads"":0.0,""sanitisation"":0.0,""tetrahedral_chirality"":0.0}",111,84.66988290904992,0.7880494617169637,1.1210989947349201,13.0,11.711711711711711,0.932711185213486,0.13513513513513514,10.939246896813303,0.09991072153234315,0.07692307692307693,2.0,1.8018018018018018,0.9985358500505678,0.5225225225225225,1.997971286796907,0.5010145280415551,0.0,1.0,0.9009009009009009,0.0,1.0,1.0,1.0,0.0,1.0,0.9009009009009009,0.0,1.0,1.0,1.0,0.0,111,14.27108696064832,38.89239720299648,27.31145825473649,5.458019896368151,0.3235994347723767,0.775677428084442,0.0,1.0,1.0,1.0,0.28826616055863535,0.8107745816621805,0.0,1.0,1.0,1.0,1000,0,0,0,0,0,112,0,0,0,0,111,112,112,core
2brb_2brb_conf0,generation,qwen_4b_4e_from_bigdata_step20000,chembl_count,4b_4e_from_bigdata_step20000,qwen_4b_4e_from_bigdata_step20000_chembl_count,Qwen 4B 4e from bigdata (step 20000),qwen_4b_4e_from_bigdata_step20000_chembl_count,6,25,200,0.7,200,200,0,1.0,200,200,0,1.0,"{""all_atoms_connected"":0,""bond_angles"":0,""bond_lengths"":0,""bonds"":0,""double_bond_stereochemistry"":0,""energy_ratio"":0,""file_loads"":0,""inchi_convertible"":0,""internal_steric_clash"":0,""molecular_formula"":0,""no_radicals"":0,""planar_aromatic_rings"":0,""planar_double_bonds"":0,""reference_file_loads"":0,""sanitisation"":0,""tetrahedral_chirality"":0}","{""all_atoms_connected"":0.0,""bond_angles"":0.0,""bond_lengths"":0.0,""bonds"":0.0,""double_bond_stereochemistry"":0.0,""energy_ratio"":0.0,""file_loads"":0.0,""inchi_convertible"":0.0,""internal_steric_clash"":0.0,""molecular_formula"":0.0,""no_radicals"":0.0,""planar_aromatic_rings"":0.0,""planar_double_bonds"":0.0,""reference_file_loads"":0.0,""sanitisation"":0.0,""tetrahedral_chirality"":0.0}",200,85.0397059774201,0.7922761743228496,1.1105018319755011,17.0,8.5,0.8884023548137558,0.14,12.391780706103564,0.09125,0.17647058823529413,3.0,1.5,0.7857395041782637,0.52,2.370789625522056,0.45405,0.0,1.0,0.5,0.0,1.0,1.0,1.0,0.0,1.0,0.5,0.0,1.0,1.0,1.0,0.0,200,14.27108696064832,44.40681325941812,26.994522961034377,5.0280089707745335,0.29167961493871236,0.8072118187440341,0.0,1.0,1.0,1.0,0.28826616055863535,0.830650187273773,0.0,1.0,1.0,1.0,1000,0,0,0,0,0,200,0,0,0,0,200,200,200,core
2c3i_2c3i_conf0,generation,qwen_4b_4e_from_bigdata_step20000,fixed,4b_4e_from_bigdata_step20000,qwen_4b_4e_from_bigdata_step20000_fixed,Qwen 4B 4e from bigdata (step 20000),qwen_4b_4e_from_bigdata_step20000_fixed,5,23,983,0.7,983,983,0,1.0,996,983,13,0.9869477911646586,"{""all_atoms_connected"":0,""bond_angles"":6,""bond_lengths"":6,""bonds"":0,""double_bond_stereochemistry"":0,""energy_ratio"":2,""file_loads"":0,""inchi_convertible"":0,""internal_steric_clash"":5,""molecular_formula"":0,""no_radicals"":0,""planar_aromatic_rings"":0,""planar_double_bonds"":0,""reference_file_loads"":0,""sanitisation"":0,""tetrahedral_chirality"":0}","{""all_atoms_connected"":0.0,""bond_angles"":0.006024096385542169,""bond_lengths"":0.006024096385542169,""bonds"":0.0,""double_bond_stereochemistry"":0.0,""energy_ratio"":0.002008032128514056,""file_loads"":0.0,""inchi_convertible"":0.0,""internal_steric_clash"":0.0050200803212851405,""molecular_formula"":0.0,""no_radicals"":0.0,""planar_aromatic_rings"":0.0,""planar_double_bonds"":0.0,""reference_file_loads"":0.0,""sanitisation"":0.0,""tetrahedral_chirality"":0.0}",983,114.97936433048241,1.6841098660498603,2.413920900387825,138.0,14.038657171922686,0.9151664168263262,0.03763987792472025,90.85429776067035,0.01480198988087415,0.18115942028985507,20.0,2.034587995930824,0.8903888216162593,0.12614445574771108,14.401991979540824,0.08174262565340183,0.05,2.0,0.2034587995930824,0.9842471399388028,0.5737538148524923,1.97828069182858,0.5108792504105915,0.0,1.0,0.1017293997965412,0.0,1.0,1.0,1.0,0.0,983,23.893685187274016,104.57395843118853,41.24346374982723,8.71313174306906,0.2536768655971136,1.9633670800816343,0.0,1.0,1.0,1.0,0.22169727799992303,1.9603731880756556,1.0,1.0,1.0,1.0,996,0,0,0,0,0,996,0,0,0,0,983,1000,1000,core
2c3i_2c3i_conf0,generation,qwen_4b_4e_from_bigdata_step20000,dynamic,4b_4e_from_bigdata_step20000,qwen_4b_4e_from_bigdata_step20000_dynamic,Qwen 4B 4e from bigdata (step 20000),qwen_4b_4e_from_bigdata_step20000_dynamic,5,23,88,0.7,88,88,0,1.0,90,88,2,0.9777777777777776,"{""all_atoms_connected"":0,""bond_angles"":1,""bond_lengths"":1,""bonds"":0,""double_bond_stereochemistry"":0,""energy_ratio"":0,""file_loads"":0,""inchi_convertible"":0,""internal_steric_clash"":0,""molecular_formula"":0,""no_radicals"":0,""planar_aromatic_rings"":0,""planar_double_bonds"":0,""reference_file_loads"":0,""sanitisation"":0,""tetrahedral_chirality"":0}","{""all_atoms_connected"":0.0,""bond_angles"":0.011111111111111112,""bond_lengths"":0.011111111111111112,""bonds"":0.0,""double_bond_stereochemistry"":0.0,""energy_ratio"":0.0,""file_loads"":0.0,""inchi_convertible"":0.0,""internal_steric_clash"":0.0,""molecular_formula"":0.0,""no_radicals"":0.0,""planar_aromatic_rings"":0.0,""planar_double_bonds"":0.0,""reference_file_loads"":0.0,""sanitisation"":0.0,""tetrahedral_chirality"":0.0}",88,110.85732931832042,1.6802683213084433,2.3987305132150656,51.0,57.95454545454545,0.9564536796178652,0.06818181818181818,42.97459357729538,0.028150826446280985,0.5686274509803921,10.0,11.363636363636363,0.9536817855145181,0.1590909090909091,8.988387467213272,0.11983471074380166,0.0,2.0,2.272727272727273,0.954434002924965,0.625,1.9378192408783848,0.53125,0.0,1.0,1.1363636363636365,0.0,1.0,1.0,1.0,0.0,88,28.321190543792653,69.25069901583103,43.58247593410217,7.97101621929466,0.2536768655971136,2.0642321357220736,0.0,1.0,1.0,1.0,0.2862065332562751,2.0820179396013003,0.0,1.0,1.0,1.0,996,0,0,0,0,0,90,0,0,0,0,88,90,90,core
2c3i_2c3i_conf0,generation,qwen_4b_4e_from_bigdata_step20000,chembl_count,4b_4e_from_bigdata_step20000,qwen_4b_4e_from_bigdata_step20000_chembl_count,Qwen 4B 4e from bigdata (step 20000),qwen_4b_4e_from_bigdata_step20000_chembl_count,5,23,198,0.7,198,198,0,1.0,200,198,2,0.99,"{""all_atoms_connected"":0,""bond_angles"":0,""bond_lengths"":1,""bonds"":0,""double_bond_stereochemistry"":0,""energy_ratio"":1,""file_loads"":0,""inchi_convertible"":0,""internal_steric_clash"":1,""molecular_formula"":0,""no_radicals"":0,""planar_aromatic_rings"":0,""planar_double_bonds"":0,""reference_file_loads"":0,""sanitisation"":0,""tetrahedral_chirality"":0}","{""all_atoms_connected"":0.0,""bond_angles"":0.0,""bond_lengths"":0.005,""bonds"":0.0,""double_bond_stereochemistry"":0.0,""energy_ratio"":0.005,""file_loads"":0.0,""inchi_convertible"":0.0,""internal_steric_clash"":0.005,""molecular_formula"":0.0,""no_radicals"":0.0,""planar_aromatic_rings"":0.0,""planar_double_bonds"":0.0,""reference_file_loads"":0.0,""sanitisation"":0.0,""tetrahedral_chirality"":0.0}",198,114.06514102804472,1.6704150539746794,2.397076818582491,76.0,38.38383838383838,0.930239595171285,0.06565656565656566,56.183303907364206,0.023415977961432508,0.4473684210526316,15.0,7.575757575757576,0.8861648185683643,0.21717171717171718,11.020738490470478,0.11019283746556473,0.06666666666666667,4.0,2.0202020202020203,0.932052436295338,0.36363636363636365,3.640419916621794,0.29400061218243034,0.0,1.0,0.5050505050505051,0.0,1.0,1.0,1.0,0.0,198,25.061422422361687,76.80608371703985,41.38879892956558,8.032599319930457,0.4383255280458402,1.9596265474033747,0.0,1.0,1.0,1.0,0.3788952922987842,1.9636659561034544,0.0,1.0,1.0,1.0,996,0,0,0,0,0,200,0,0,0,0,198,200,200,core
2fvd_2fvd_conf0,generation,qwen_4b_4e_from_bigdata_step20000,fixed,4b_4e_from_bigdata_step20000,qwen_4b_4e_from_bigdata_step20000_fixed,Qwen 4B 4e from bigdata (step 20000),qwen_4b_4e_from_bigdata_step20000_fixed,7,30,945,0.7,945,943,2,0.9978835978835979,995,945,50,0.949748743718593,"{""all_atoms_connected"":0,""bond_angles"":23,""bond_lengths"":17,""bonds"":0,""double_bond_stereochemistry"":0,""energy_ratio"":4,""file_loads"":0,""inchi_convertible"":0,""internal_steric_clash"":28,""molecular_formula"":0,""no_radicals"":0,""planar_aromatic_rings"":0,""planar_double_bonds"":0,""reference_file_loads"":0,""sanitisation"":0,""tetrahedral_chirality"":0}","{""all_atoms_connected"":0.0,""bond_angles"":0.023115577889447236,""bond_lengths"":0.017085427135678392,""bonds"":0.0,""double_bond_stereochemistry"":0.0,""energy_ratio"":0.004020100502512563,""file_loads"":0.0,""inchi_convertible"":0.0,""internal_steric_clash"":0.02814070351758794,""molecular_formula"":0.0,""no_radicals"":0.0,""planar_aromatic_rings"":0.0,""planar_double_bonds"":0.0,""reference_file_loads"":0.0,""sanitisation"":0.0,""tetrahedral_chirality"":0.0}",945,94.79802661585512,2.0364636361116335,2.5933907193091357,570.0,60.317460317460316,0.9622217104452897,0.012698412698412698,448.5001755794713,0.003071582542482014,0.6824561403508772,161.0,17.037037037037038,0.8865495177361713,0.0761904761904762,90.46079832656946,0.018719520730102742,0.2670807453416149,11.0,1.164021164021164,0.8298426659374396,0.2698412698412698,7.314625271992256,0.16561574424008288,0.0,2.0,0.21164021164021163,0.6078506245093996,0.8507936507936508,1.5239870297725295,0.7461123708742756,0.0,945,-76.00511868689742,999829.5173588351,-50.82104847746935,32508.78201867977,0.6979940725130953,2.1465492200624396,0.0,0.0,1.0,1.0,0.7831254339503727,2.1397005442638513,0.0,0.0,0.0,1.0,995,0,0,0,0,0,995,0,0,0,0,945,1000,1000,core
2fvd_2fvd_conf0,generation,qwen_4b_4e_from_bigdata_step20000,dynamic,4b_4e_from_bigdata_step20000,qwen_4b_4e_from_bigdata_step20000_dynamic,Qwen 4B 4e from bigdata (step 20000),qwen_4b_4e_from_bigdata_step20000_dynamic,7,30,125,0.7,125,125,0,1.0,134,125,9,0.9328358208955224,"{""all_atoms_connected"":0,""bond_angles"":6,""bond_lengths"":4,""bonds"":0,""double_bond_stereochemistry"":0,""energy_ratio"":2,""file_loads"":0,""inchi_convertible"":0,""internal_steric_clash"":5,""molecular_formula"":0,""no_radicals"":0,""planar_aromatic_rings"":0,""planar_double_bonds"":0,""reference_file_loads"":0,""sanitisation"":0,""tetrahedral_chirality"":0}","{""all_atoms_connected"":0.0,""bond_angles"":0.04477611940298507,""bond_lengths"":0.029850746268656716,""bonds"":0.0,""double_bond_stereochemistry"":0.0,""energy_ratio"":0.014925373134328358,""file_loads"":0.0,""inchi_convertible"":0.0,""internal_steric_clash"":0.03731343283582089,""molecular_formula"":0.0,""no_radicals"":0.0,""planar_aromatic_rings"":0.0,""planar_double_bonds"":0.0,""reference_file_loads"":0.0,""sanitisation"":0.0,""tetrahedral_chirality"":0.0}",125,95.19981893595222,1.9930583204945769,2.581001381453838,107.0,85.6,0.9845969576031814,0.032,99.56921732429115,0.011200000000000002,0.8878504672897196,55.0,44.0,0.912875152581219,0.104,38.79125726094685,0.03795200000000001,0.5272727272727272,7.0,5.6,0.8343216434871638,0.328,5.070882946572078,0.227648,0.14285714285714285,2.0,1.6,0.4297586093037605,0.912,1.3470081775702776,0.839488,0.0,125,-67.89478776614214,51.020776698906474,-51.4515975580219,17.525404812240424,0.7029849318531043,2.085126122774851,0.0,0.0,1.0,1.0,0.7858075294229356,2.1010211318657235,0.0,0.0,0.0,1.0,995,0,0,0,0,0,134,0,0,0,0,125,134,134,core
2fvd_2fvd_conf0,generation,qwen_4b_4e_from_bigdata_step20000,chembl_count,4b_4e_from_bigdata_step20000,qwen_4b_4e_from_bigdata_step20000_chembl_count,Qwen 4B 4e from bigdata (step 20000),qwen_4b_4e_from_bigdata_step20000_chembl_count,7,30,191,0.7,191,191,0,1.0,200,191,9,0.955,"{""all_atoms_connected"":0,""bond_angles"":4,""bond_lengths"":5,""bonds"":0,""double_bond_stereochemistry"":0,""energy_ratio"":0,""file_loads"":0,""inchi_convertible"":0,""internal_steric_clash"":4,""molecular_formula"":0,""no_radicals"":0,""planar_aromatic_rings"":0,""planar_double_bonds"":0,""reference_file_loads"":0,""sanitisation"":0,""tetrahedral_chirality"":0}","{""all_atoms_connected"":0.0,""bond_angles"":0.02,""bond_lengths"":0.025,""bonds"":0.0,""double_bond_stereochemistry"":0.0,""energy_ratio"":0.0,""file_loads"":0.0,""inchi_convertible"":0.0,""internal_steric_clash"":0.02,""molecular_formula"":0.0,""no_radicals"":0.0,""planar_aromatic_rings"":0.0,""planar_double_bonds"":0.0,""reference_file_loads"":0.0,""sanitisation"":0.0,""tetrahedral_chirality"":0.0}",191,94.23886189657408,2.0645072531653645,2.6652526316778666,164.0,85.86387434554973,0.9893096437550228,0.015706806282722512,155.29818436015913,0.006935116910172419,0.8597560975609756,75.0,39.26701570680628,0.9217366149743604,0.09424083769633508,53.494929781033996,0.02711000246703764,0.4666666666666667,7.0,3.6649214659685865,0.8370829075670854,0.3403141361256545,5.098203003758914,0.23499904059647492,0.0,1.0,0.5235602094240838,0.0,1.0,1.0,1.0,0.0,191,-76.00511868689742,88.23436746845319,-50.555898963650804,20.207842274024618,0.7677978770535734,2.1050675529556324,0.0,0.0,0.0,1.0,0.8567505642584078,2.097714628881088,0.0,0.0,0.0,1.0,995,0,0,0,0,0,200,0,0,0,0,191,200,200,core
2hb1_2hb1_conf0,generation,qwen_4b_4e_from_bigdata_step20000,fixed,4b_4e_from_bigdata_step20000,qwen_4b_4e_from_bigdata_step20000_fixed,Qwen 4B 4e from bigdata (step 20000),qwen_4b_4e_from_bigdata_step20000_fixed,4,14,979,0.7,979,979,0,1.0,999,979,20,0.97997997997998,"{""all_atoms_connected"":0,""bond_angles"":1,""bond_lengths"":1,""bonds"":0,""double_bond_stereochemistry"":0,""energy_ratio"":1,""file_loads"":0,""inchi_convertible"":0,""internal_steric_clash"":20,""molecular_formula"":0,""no_radicals"":0,""planar_aromatic_rings"":0,""planar_double_bonds"":0,""reference_file_loads"":0,""sanitisation"":0,""tetrahedral_chirality"":0}","{""all_atoms_connected"":0.0,""bond_angles"":0.001001001001001001,""bond_lengths"":0.001001001001001001,""bonds"":0.0,""double_bond_stereochemistry"":0.0,""energy_ratio"":0.001001001001001001,""file_loads"":0.0,""inchi_convertible"":0.0,""internal_steric_clash"":0.02002002002002002,""molecular_formula"":0.0,""no_radicals"":0.0,""planar_aromatic_rings"":0.0,""planar_double_bonds"":0.0,""reference_file_loads"":0.0,""sanitisation"":0.0,""tetrahedral_chirality"":0.0}",979,116.23735930472267,0.9094490338772686,1.2773310631019599,81.0,8.273748723186925,0.9024005504001957,0.1205311542390194,52.7494494788644,0.030273120619839926,0.037037037037037035,5.0,0.5107252298263534,0.8602542649429723,0.48008171603677224,3.9929321205802673,0.304424581168794,0.0,1.0,0.10214504596527069,0.0,1.0,1.0,1.0,0.0,1.0,0.10214504596527069,0.0,1.0,1.0,1.0,0.0,979,134.20214858237682,245.48062167779878,157.77719208678843,16.202973269890457,0.18808380342193382,0.8593606004320162,1.0,1.0,1.0,1.0,0.21665222665979061,0.838707749495211,1.0,1.0,1.0,1.0,999,0,0,0,0,0,999,0,0,0,0,979,1000,1000,core
2hb1_2hb1_conf0,generation,qwen_4b_4e_from_bigdata_step20000,dynamic,4b_4e_from_bigdata_step20000,qwen_4b_4e_from_bigdata_step20000_dynamic,Qwen 4B 4e from bigdata (step 20000),qwen_4b_4e_from_bigdata_step20000_dynamic,4,14,66,0.7,66,66,0,1.0,68,66,2,0.9705882352941176,"{""all_atoms_connected"":0,""bond_angles"":0,""bond_lengths"":0,""bonds"":0,""double_bond_stereochemistry"":0,""energy_ratio"":0,""file_loads"":0,""inchi_convertible"":0,""internal_steric_clash"":2,""molecular_formula"":0,""no_radicals"":0,""planar_aromatic_rings"":0,""planar_double_bonds"":0,""reference_file_loads"":0,""sanitisation"":0,""tetrahedral_chirality"":0}","{""all_atoms_connected"":0.0,""bond_angles"":0.0,""bond_lengths"":0.0,""bonds"":0.0,""double_bond_stereochemistry"":0.0,""energy_ratio"":0.0,""file_loads"":0.0,""inchi_convertible"":0.0,""internal_steric_clash"":0.029411764705882353,""molecular_formula"":0.0,""no_radicals"":0.0,""planar_aromatic_rings"":0.0,""planar_double_bonds"":0.0,""reference_file_loads"":0.0,""sanitisation"":0.0,""tetrahedral_chirality"":0.0}",66,110.24436979135135,0.9009853694980772,1.246164997322962,29.0,43.93939393939394,0.9378231385029739,0.12121212121212122,23.521806887925887,0.05188246097337006,0.41379310344827586,4.0,6.0606060606060606,0.7713186145805753,0.6060606060606061,2.9132655846142086,0.4269972451790634,0.0,1.0,1.5151515151515151,0.0,1.0,1.0,1.0,0.0,1.0,1.5151515151515151,0.0,1.0,1.0,1.0,0.0,66,136.94623473722766,198.97594076456022,154.5502095657504,13.700065465412353,0.44411954307466056,0.8552640319893113,0.0,1.0,1.0,1.0,0.3847959650396732,0.8372093644715259,0.0,1.0,1.0,1.0,999,0,0,0,0,0,68,0,0,0,0,66,68,68,core
2hb1_2hb1_conf0,generation,qwen_4b_4e_from_bigdata_step20000,chembl_count,4b_4e_from_bigdata_step20000,qwen_4b_4e_from_bigdata_step20000_chembl_count,Qwen 4B 4e from bigdata (step 20000),qwen_4b_4e_from_bigdata_step20000_chembl_count,4,14,37,0.7,37,37,0,1.0,38,37,1,0.9736842105263158,"{""all_atoms_connected"":0,""bond_angles"":0,""bond_lengths"":0,""bonds"":0,""double_bond_stereochemistry"":0,""energy_ratio"":0,""file_loads"":0,""inchi_convertible"":0,""internal_steric_clash"":1,""molecular_formula"":0,""no_radicals"":0,""planar_aromatic_rings"":0,""planar_double_bonds"":0,""reference_file_loads"":0,""sanitisation"":0,""tetrahedral_chirality"":0}","{""all_atoms_connected"":0.0,""bond_angles"":0.0,""bond_lengths"":0.0,""bonds"":0.0,""double_bond_stereochemistry"":0.0,""energy_ratio"":0.0,""file_loads"":0.0,""inchi_convertible"":0.0,""internal_steric_clash"":0.02631578947368421,""molecular_formula"":0.0,""no_radicals"":0.0,""planar_aromatic_rings"":0.0,""planar_double_bonds"":0.0,""reference_file_loads"":0.0,""sanitisation"":0.0,""tetrahedral_chirality"":0.0}",37,111.99263577362913,0.8950807253007693,1.204754550212682,17.0,45.945945945945944,0.944717880255537,0.13513513513513514,14.535403652695187,0.07815924032140249,0.4117647058823529,4.0,10.81081081081081,0.8348903732100416,0.5405405405405406,3.1816623651350207,0.3747260774287801,0.0,1.0,2.7027027027027026,0.0,1.0,1.0,1.0,0.0,1.0,2.7027027027027026,0.0,1.0,1.0,1.0,0.0,37,134.71764079130446,189.84903964882528,153.11847916338454,14.811905596653645,0.404323691789806,0.7728531628732743,0.0,1.0,1.0,1.0,0.5184607807476501,0.7889778275431265,0.0,0.0,1.0,1.0,999,0,0,0,0,0,38,0,0,0,0,37,38,38,core
2p4y_2p4y_conf0,generation,qwen_4b_4e_from_bigdata_step20000,fixed,4b_4e_from_bigdata_step20000,qwen_4b_4e_from_bigdata_step20000_fixed,Qwen 4B 4e from bigdata (step 20000),qwen_4b_4e_from_bigdata_step20000_fixed,8,40,727,0.7,727,708,19,0.9738651994497937,995,727,268,0.7306532663316583,"{""all_atoms_connected"":0,""bond_angles"":95,""bond_lengths"":31,""bonds"":0,""double_bond_stereochemistry"":0,""energy_ratio"":86,""file_loads"":0,""inchi_convertible"":0,""internal_steric_clash"":213,""molecular_formula"":0,""no_radicals"":0,""planar_aromatic_rings"":15,""planar_double_bonds"":0,""reference_file_loads"":0,""sanitisation"":0,""tetrahedral_chirality"":55}","{""all_atoms_connected"":0.0,""bond_angles"":0.09547738693467336,""bond_lengths"":0.031155778894472363,""bonds"":0.0,""double_bond_stereochemistry"":0.0,""energy_ratio"":0.0864321608040201,""file_loads"":0.0,""inchi_convertible"":0.0,""internal_steric_clash"":0.21407035175879396,""molecular_formula"":0.0,""no_radicals"":0.0,""planar_aromatic_rings"":0.01507537688442211,""planar_double_bonds"":0.0,""reference_file_loads"":0.0,""sanitisation"":0.0,""tetrahedral_chirality"":0.05527638190954774}",727,107.00492610306067,2.609955322187364,3.463695779082664,627.0,86.24484181568089,0.9900864901008579,0.0068775790921595595,588.2159564487694,0.0018750153728556047,0.8803827751196173,276.0,37.96423658872077,0.9376795684709437,0.027510316368638238,194.442221727322,0.007210578795108688,0.48188405797101447,19.0,2.6134800550206325,0.9007253724556499,0.19807427785419532,14.184231589884261,0.0916260034927128,0.0,4.0,0.5502063273727648,0.9371984890610796,0.3562585969738652,3.666483325102947,0.28744496517693446,0.0,727,159.61625851987944,652978.6427340241,193.17347929139356,32048.37643246795,0.7380662337050893,2.5723439562923085,0.0,0.0,1.0,1.0,0.6630997704724971,2.538523376994339,0.0,0.0,1.0,1.0,995,0,0,0,0,0,995,0,0,0,0,727,1000,1000,core
2p4y_2p4y_conf0,generation,qwen_4b_4e_from_bigdata_step20000,dynamic,4b_4e_from_bigdata_step20000,qwen_4b_4e_from_bigdata_step20000_dynamic,Qwen 4B 4e from bigdata (step 20000),qwen_4b_4e_from_bigdata_step20000_dynamic,8,40,113,0.7,113,110,3,0.9734513274336283,156,113,43,0.7243589743589743,"{""all_atoms_connected"":0,""bond_angles"":21,""bond_lengths"":8,""bonds"":0,""double_bond_stereochemistry"":0,""energy_ratio"":17,""file_loads"":0,""inchi_convertible"":0,""internal_steric_clash"":34,""molecular_formula"":0,""no_radicals"":0,""planar_aromatic_rings"":3,""planar_double_bonds"":0,""reference_file_loads"":0,""sanitisation"":0,""tetrahedral_chirality"":7}","{""all_atoms_connected"":0.0,""bond_angles"":0.1346153846153846,""bond_lengths"":0.05128205128205128,""bonds"":0.0,""double_bond_stereochemistry"":0.0,""energy_ratio"":0.10897435897435898,""file_loads"":0.0,""inchi_convertible"":0.0,""internal_steric_clash"":0.21794871794871795,""molecular_formula"":0.0,""no_radicals"":0.0,""planar_aromatic_rings"":0.019230769230769232,""planar_double_bonds"":0.0,""reference_file_loads"":0.0,""sanitisation"":0.0,""tetrahedral_chirality"":0.04487179487179487}",113,107.56289068695358,2.630458431990451,3.427202573634464,108.0,95.57522123893806,0.9965648406487762,0.017699115044247787,106.27683708668131,0.009632704205497692,0.9537037037037037,77.0,68.14159292035399,0.9733801914726234,0.04424778761061947,68.59187951058497,0.01668102435586185,0.6623376623376623,12.0,10.619469026548673,0.8873804857996505,0.18584070796460178,9.070774664852529,0.12851437074163993,0.16666666666666666,3.0,2.6548672566371683,0.9988452394622858,0.34513274336283184,2.996196510776613,0.33416868979559866,0.0,113,165.44626924070587,1675.2393009452944,191.70208612747524,140.46022581876105,1.0893687368062217,2.5799497138797234,0.0,0.0,0.0,1.0,0.9996162131190495,2.555961445497094,0.0,0.0,0.0,1.0,995,0,0,0,0,0,156,0,0,0,0,113,156,156,core
2p4y_2p4y_conf0,generation,qwen_4b_4e_from_bigdata_step20000,chembl_count,4b_4e_from_bigdata_step20000,qwen_4b_4e_from_bigdata_step20000_chembl_count,Qwen 4B 4e from bigdata (step 20000),qwen_4b_4e_from_bigdata_step20000_chembl_count,8,40,133,0.7,133,133,0,1.0,174,133,41,0.764367816091954,"{""all_atoms_connected"":0,""bond_angles"":18,""bond_lengths"":2,""bonds"":0,""double_bond_stereochemistry"":0,""energy_ratio"":19,""file_loads"":0,""inchi_convertible"":0,""internal_steric_clash"":33,""molecular_formula"":0,""no_radicals"":0,""planar_aromatic_rings"":2,""planar_double_bonds"":0,""reference_file_loads"":0,""sanitisation"":0,""tetrahedral_chirality"":7}","{""all_atoms_connected"":0.0,""bond_angles"":0.10344827586206896,""bond_lengths"":0.011494252873563218,""bonds"":0.0,""double_bond_stereochemistry"":0.0,""energy_ratio"":0.10919540229885058,""file_loads"":0.0,""inchi_convertible"":0.0,""internal_steric_clash"":0.1896551724137931,""molecular_formula"":0.0,""no_radicals"":0.0,""planar_aromatic_rings"":0.011494252873563218,""planar_double_bonds"":0.0,""reference_file_loads"":0.0,""sanitisation"":0.0,""tetrahedral_chirality"":0.040229885057471264}",133,106.61057780502023,2.608011311471087,3.4118501686267337,128.0,96.2406015037594,0.9963455170993497,0.022556390977443608,125.75035125882526,0.008197184691050935,0.96875,94.0,70.67669172932331,0.9706952492185064,0.03759398496240601,82.28218836147188,0.01430267397817853,0.7446808510638298,14.0,10.526315789473685,0.8835391618525481,0.22556390977443608,10.295537007478314,0.12148793035219627,0.07142857142857142,3.0,2.255639097744361,0.9520947763239115,0.41353383458646614,2.846195019093854,0.36514217875515853,0.0,133,167.74850757365948,257.50778331941103,192.06751844470477,15.384660204689604,1.1577775360063465,2.6351619131217237,0.0,0.0,0.0,1.0,1.1389066571533213,2.6091637823633844,0.0,0.0,0.0,1.0,995,0,0,0,0,0,174,0,0,0,0,133,174,174,core
2pog_2pog_conf0,generation,qwen_4b_4e_from_bigdata_step20000,fixed,4b_4e_from_bigdata_step20000,qwen_4b_4e_from_bigdata_step20000_fixed,Qwen 4B 4e from bigdata (step 20000),qwen_4b_4e_from_bigdata_step20000_fixed,3,21,965,0.7,965,965,0,1.0,1000,965,35,0.965,"{""all_atoms_connected"":0,""bond_angles"":22,""bond_lengths"":17,""bonds"":0,""double_bond_stereochemistry"":0,""energy_ratio"":1,""file_loads"":0,""inchi_convertible"":0,""internal_steric_clash"":1,""molecular_formula"":0,""no_radicals"":0,""planar_aromatic_rings"":1,""planar_double_bonds"":0,""reference_file_loads"":0,""sanitisation"":0,""tetrahedral_chirality"":15}","{""all_atoms_connected"":0.0,""bond_angles"":0.022,""bond_lengths"":0.017,""bonds"":0.0,""double_bond_stereochemistry"":0.0,""energy_ratio"":0.001,""file_loads"":0.0,""inchi_convertible"":0.0,""internal_steric_clash"":0.001,""molecular_formula"":0.0,""no_radicals"":0.0,""planar_aromatic_rings"":0.001,""planar_double_bonds"":0.0,""reference_file_loads"":0.0,""sanitisation"":0.0,""tetrahedral_chirality"":0.015}",965,88.92581934180312,0.8915721949864968,1.6713093937407903,13.0,1.3471502590673574,0.40565694970354116,0.6020725388601036,2.830602347061756,0.4634744556900856,0.15384615384615385,4.0,0.41450777202072536,0.5038944961435589,0.6538860103626943,2.01082703692981,0.5403516872936187,0.0,1.0,0.10362694300518134,0.0,1.0,1.0,1.0,0.0,1.0,0.10362694300518134,0.0,1.0,1.0,1.0,0.0,965,53.200486852153865,2245.6313938469198,66.7927619096837,70.73429353136314,0.18353895763990533,0.47674806677919657,1.0,1.0,1.0,1.0,0.18612359260820524,0.4616758147049684,1.0,1.0,1.0,1.0,1000,0,0,0,0,0,1000,0,0,0,0,965,1000,1000,core
2pog_2pog_conf0,generation,qwen_4b_4e_from_bigdata_step20000,dynamic,4b_4e_from_bigdata_step20000,qwen_4b_4e_from_bigdata_step20000_dynamic,Qwen 4B 4e from bigdata (step 20000),qwen_4b_4e_from_bigdata_step20000_dynamic,3,21,45,0.7,45,45,0,1.0,46,45,1,0.9782608695652174,"{""all_atoms_connected"":0,""bond_angles"":1,""bond_lengths"":1,""bonds"":0,""double_bond_stereochemistry"":0,""energy_ratio"":0,""file_loads"":0,""inchi_convertible"":0,""internal_steric_clash"":0,""molecular_formula"":0,""no_radicals"":0,""planar_aromatic_rings"":0,""planar_double_bonds"":0,""reference_file_loads"":0,""sanitisation"":0,""tetrahedral_chirality"":0}","{""all_atoms_connected"":0.0,""bond_angles"":0.021739130434782608,""bond_lengths"":0.021739130434782608,""bonds"":0.0,""double_bond_stereochemistry"":0.0,""energy_ratio"":0.0,""file_loads"":0.0,""inchi_convertible"":0.0,""internal_steric_clash"":0.0,""molecular_formula"":0.0,""no_radicals"":0.0,""planar_aromatic_rings"":0.0,""planar_double_bonds"":0.0,""reference_file_loads"":0.0,""sanitisation"":0.0,""tetrahedral_chirality"":0.0}",45,91.42615410309395,0.8443038582758395,1.6286997112410473,3.0,6.666666666666667,0.6536951370081082,0.6666666666666666,2.0506514241681377,0.5417283950617284,0.3333333333333333,2.0,4.444444444444445,0.8944518845341284,0.6888888888888889,1.858903507711174,0.571358024691358,0.0,1.0,2.2222222222222223,0.0,1.0,1.0,1.0,0.0,1.0,2.2222222222222223,0.0,1.0,1.0,1.0,0.0,45,57.025246508360084,117.9448990635772,65.4272810376024,11.946990488360097,0.27444604740619133,0.44334487154096136,0.0,1.0,1.0,1.0,0.27751687513679135,0.4326490148832193,0.0,1.0,1.0,1.0,1000,0,0,0,0,0,46,0,0,0,0,45,46,46,core
2pog_2pog_conf0,generation,qwen_4b_4e_from_bigdata_step20000,chembl_count,4b_4e_from_bigdata_step20000,qwen_4b_4e_from_bigdata_step20000_chembl_count,Qwen 4B 4e from bigdata (step 20000),qwen_4b_4e_from_bigdata_step20000_chembl_count,3,21,10,0.7,10,10,0,1.0,10,10,0,1.0,"{""all_atoms_connected"":0,""bond_angles"":0,""bond_lengths"":0,""bonds"":0,""double_bond_stereochemistry"":0,""energy_ratio"":0,""file_loads"":0,""inchi_convertible"":0,""internal_steric_clash"":0,""molecular_formula"":0,""no_radicals"":0,""planar_aromatic_rings"":0,""planar_double_bonds"":0,""reference_file_loads"":0,""sanitisation"":0,""tetrahedral_chirality"":0}","{""all_atoms_connected"":0.0,""bond_angles"":0.0,""bond_lengths"":0.0,""bonds"":0.0,""double_bond_stereochemistry"":0.0,""energy_ratio"":0.0,""file_loads"":0.0,""inchi_convertible"":0.0,""internal_steric_clash"":0.0,""molecular_formula"":0.0,""no_radicals"":0.0,""planar_aromatic_rings"":0.0,""planar_double_bonds"":0.0,""reference_file_loads"":0.0,""sanitisation"":0.0,""tetrahedral_chirality"":0.0}",10,73.73398132265581,0.9255523655675905,1.6379186095998717,4.0,40.0,0.8427376486136672,0.5,3.216463455324144,0.36,0.5,2.0,20.0,0.8812908992306927,0.7,1.8420227750373133,0.58,0.0,1.0,10.0,0.0,1.0,1.0,1.0,0.0,1.0,10.0,0.0,1.0,1.0,1.0,0.0,10,56.62624031397095,84.9725864109978,64.29391101810307,7.548947904038458,0.32803393745887255,0.4502002457637738,0.0,1.0,1.0,1.0,0.3221083292909682,0.45199098016783923,0.0,1.0,1.0,1.0,1000,0,0,0,0,0,10,0,0,0,0,10,10,10,core
2qbp_2qbp_conf0,generation,qwen_4b_4e_from_bigdata_step20000,fixed,4b_4e_from_bigdata_step20000,qwen_4b_4e_from_bigdata_step20000_fixed,Qwen 4B 4e from bigdata (step 20000),qwen_4b_4e_from_bigdata_step20000_fixed,10,37,874,0.7,874,870,4,0.9954233409610984,999,874,125,0.8748748748748749,"{""all_atoms_connected"":0,""bond_angles"":31,""bond_lengths"":21,""bonds"":0,""double_bond_stereochemistry"":0,""energy_ratio"":14,""file_loads"":0,""inchi_convertible"":0,""internal_steric_clash"":103,""molecular_formula"":0,""no_radicals"":0,""planar_aromatic_rings"":2,""planar_double_bonds"":0,""reference_file_loads"":0,""sanitisation"":0,""tetrahedral_chirality"":0}","{""all_atoms_connected"":0.0,""bond_angles"":0.031031031031031032,""bond_lengths"":0.021021021021021023,""bonds"":0.0,""double_bond_stereochemistry"":0.0,""energy_ratio"":0.014014014014014014,""file_loads"":0.0,""inchi_convertible"":0.0,""internal_steric_clash"":0.1031031031031031,""molecular_formula"":0.0,""no_radicals"":0.0,""planar_aromatic_rings"":0.002002002002002002,""planar_double_bonds"":0.0,""reference_file_loads"":0.0,""sanitisation"":0.0,""tetrahedral_chirality"":0.0}",874,103.20624547557654,2.4603793203292708,3.2594903824438464,841.0,96.22425629290618,0.9974406166395657,0.004576659038901602,826.6283992082446,0.0012462755735224045,0.9667063020214031,438.0,50.11441647597254,0.9560172643714077,0.014874141876430207,335.19293251598657,0.004003267546041503,0.5753424657534246,27.0,3.0892448512585813,0.794540842517116,0.16704805491990846,13.717563242801027,0.09574328817766234,0.07407407407407407,4.0,0.4576659038901602,0.7297820842665284,0.5697940503432495,2.750252672220108,0.4246945839377072,0.0,874,148.7788088072101,1158.7793815622476,193.08323962278016,45.18385588345225,1.1413121867057845,2.744046452719463,0.0,0.0,0.0,1.0,1.2778948310442533,2.8063260070754996,0.0,0.0,0.0,1.0,999,0,0,0,0,0,999,0,0,0,0,874,1000,1000,core
2qbp_2qbp_conf0,generation,qwen_4b_4e_from_bigdata_step20000,dynamic,4b_4e_from_bigdata_step20000,qwen_4b_4e_from_bigdata_step20000_dynamic,Qwen 4B 4e from bigdata (step 20000),qwen_4b_4e_from_bigdata_step20000_dynamic,10,37,180,0.7,180,179,1,0.9944444444444445,200,180,20,0.9,"{""all_atoms_connected"":0,""bond_angles"":5,""bond_lengths"":2,""bonds"":0,""double_bond_stereochemistry"":0,""energy_ratio"":1,""file_loads"":0,""inchi_convertible"":0,""internal_steric_clash"":18,""molecular_formula"":0,""no_radicals"":0,""planar_aromatic_rings"":0,""planar_double_bonds"":0,""reference_file_loads"":0,""sanitisation"":0,""tetrahedral_chirality"":0}","{""all_atoms_connected"":0.0,""bond_angles"":0.025,""bond_lengths"":0.01,""bonds"":0.0,""double_bond_stereochemistry"":0.0,""energy_ratio"":0.005,""file_loads"":0.0,""inchi_convertible"":0.0,""internal_steric_clash"":0.09,""molecular_formula"":0.0,""no_radicals"":0.0,""planar_aromatic_rings"":0.0,""planar_double_bonds"":0.0,""reference_file_loads"":0.0,""sanitisation"":0.0,""tetrahedral_chirality"":0.0}",180,102.93203456945128,2.4501885655002327,3.1574809947361264,178.0,98.88888888888889,0.9991836845287093,0.011111111111111112,177.24865552819787,0.005679012345679012,0.9887640449438202,144.0,80.0,0.9840520043181025,0.022222222222222223,133.02734898311883,0.008333333333333333,0.8055555555555556,18.0,10.0,0.8257448880990406,0.21666666666666667,10.87764432554079,0.11938271604938272,0.1111111111111111,2.0,1.1111111111111112,0.9967916319816367,0.5333333333333333,1.9955571994469739,0.5022222222222222,0.0,180,148.7788088072101,1158.7793815622476,194.42161484311708,75.87599897172134,1.1413121867057845,2.753400658538241,0.0,0.0,0.0,1.0,1.2778948310442533,2.8150706310283145,0.0,0.0,0.0,1.0,999,0,0,0,0,0,200,0,0,0,0,180,200,200,core
2qbp_2qbp_conf0,generation,qwen_4b_4e_from_bigdata_step20000,chembl_count,4b_4e_from_bigdata_step20000,qwen_4b_4e_from_bigdata_step20000_chembl_count,Qwen 4B 4e from bigdata (step 20000),qwen_4b_4e_from_bigdata_step20000_chembl_count,10,37,180,0.7,180,180,0,1.0,200,180,20,0.9,"{""all_atoms_connected"":0,""bond_angles"":9,""bond_lengths"":7,""bonds"":0,""double_bond_stereochemistry"":0,""energy_ratio"":1,""file_loads"":0,""inchi_convertible"":0,""internal_steric_clash"":13,""molecular_formula"":0,""no_radicals"":0,""planar_aromatic_rings"":1,""planar_double_bonds"":0,""reference_file_loads"":0,""sanitisation"":0,""tetrahedral_chirality"":0}","{""all_atoms_connected"":0.0,""bond_angles"":0.045,""bond_lengths"":0.035,""bonds"":0.0,""double_bond_stereochemistry"":0.0,""energy_ratio"":0.005,""file_loads"":0.0,""inchi_convertible"":0.0,""internal_steric_clash"":0.065,""molecular_formula"":0.0,""no_radicals"":0.0,""planar_aromatic_rings"":0.005,""planar_double_bonds"":0.0,""reference_file_loads"":0.0,""sanitisation"":0.0,""tetrahedral_chirality"":0.0}",180,103.61602849206926,2.38830650988771,3.158709079777138,180.0,100.0,1.0000000000000004,0.005555555555555556,180.00000000000034,0.005555555555555556,1.0,139.0,77.22222222222223,0.97871135962332,0.027777777777777776,125.13907165860456,0.009197530864197532,0.8057553956834532,17.0,9.444444444444445,0.8148243343602709,0.2611111111111111,10.060040365827467,0.13944444444444445,0.17647058823529413,3.0,1.6666666666666667,0.6402004697129907,0.7222222222222222,2.020473931073846,0.5801851851851852,0.0,180,161.1136581042163,337.35936222374596,195.9876019479118,28.69241062237201,1.3973001979750244,2.7915299732092245,0.0,0.0,0.0,1.0,1.4405294386758833,2.844677604967659,0.0,0.0,0.0,1.0,999,0,0,0,0,0,200,0,0,0,0,180,200,200,core
2qbq_2qbq_conf0,generation,qwen_4b_4e_from_bigdata_step20000,fixed,4b_4e_from_bigdata_step20000,qwen_4b_4e_from_bigdata_step20000_fixed,Qwen 4B 4e from bigdata (step 20000),qwen_4b_4e_from_bigdata_step20000_fixed,7,31,875,0.7,875,872,3,0.9965714285714286,996,875,121,0.8785140562248996,"{""all_atoms_connected"":0,""bond_angles"":34,""bond_lengths"":14,""bonds"":0,""double_bond_stereochemistry"":0,""energy_ratio"":12,""file_loads"":0,""inchi_convertible"":0,""internal_steric_clash"":100,""molecular_formula"":0,""no_radicals"":0,""planar_aromatic_rings"":0,""planar_double_bonds"":0,""reference_file_loads"":0,""sanitisation"":0,""tetrahedral_chirality"":0}","{""all_atoms_connected"":0.0,""bond_angles"":0.03413654618473896,""bond_lengths"":0.014056224899598393,""bonds"":0.0,""double_bond_stereochemistry"":0.0,""energy_ratio"":0.012048192771084338,""file_loads"":0.0,""inchi_convertible"":0.0,""internal_steric_clash"":0.10040160642570281,""molecular_formula"":0.0,""no_radicals"":0.0,""planar_aromatic_rings"":0.0,""planar_double_bonds"":0.0,""reference_file_loads"":0.0,""sanitisation"":0.0,""tetrahedral_chirality"":0.0}",875,109.7989388384112,1.973322811132401,2.859560217814743,714.0,81.6,0.985723364844925,0.006857142857142857,650.0653287701624,0.0017697959183673472,0.8543417366946778,177.0,20.228571428571428,0.883019392112599,0.05942857142857143,96.60597481001561,0.018456816326530616,0.24293785310734464,8.0,0.9142857142857143,0.7639279054677364,0.4742857142857143,4.896611432384288,0.28268538775510205,0.0,2.0,0.22857142857142856,0.8941604061072985,0.6891428571428572,1.8585279775240007,0.5715500408163265,0.0,875,190.89910985100727,387.91933022686237,226.17081439645298,24.238332698669463,0.7489397856408584,2.0541986733525848,0.0,0.0,1.0,1.0,0.6697047656549577,2.0593509265757497,0.0,0.0,1.0,1.0,996,0,0,0,0,0,996,0,0,0,0,875,1000,1000,core
2qbq_2qbq_conf0,generation,qwen_4b_4e_from_bigdata_step20000,dynamic,4b_4e_from_bigdata_step20000,qwen_4b_4e_from_bigdata_step20000_dynamic,Qwen 4B 4e from bigdata (step 20000),qwen_4b_4e_from_bigdata_step20000_dynamic,7,31,115,0.7,115,114,1,0.991304347826087,134,115,19,0.8582089552238806,"{""all_atoms_connected"":0,""bond_angles"":6,""bond_lengths"":2,""bonds"":0,""double_bond_stereochemistry"":0,""energy_ratio"":0,""file_loads"":0,""inchi_convertible"":0,""internal_steric_clash"":16,""molecular_formula"":0,""no_radicals"":0,""planar_aromatic_rings"":0,""planar_double_bonds"":0,""reference_file_loads"":0,""sanitisation"":0,""tetrahedral_chirality"":0}","{""all_atoms_connected"":0.0,""bond_angles"":0.04477611940298507,""bond_lengths"":0.014925373134328358,""bonds"":0.0,""double_bond_stereochemistry"":0.0,""energy_ratio"":0.0,""file_loads"":0.0,""inchi_convertible"":0.0,""internal_steric_clash"":0.11940298507462686,""molecular_formula"":0.0,""no_radicals"":0.0,""planar_aromatic_rings"":0.0,""planar_double_bonds"":0.0,""reference_file_loads"":0.0,""sanitisation"":0.0,""tetrahedral_chirality"":0.0}",115,110.59132948008333,2.119319360065806,2.8791712656053177,112.0,97.3913043478261,0.9979377035107693,0.017391304347826087,110.91541986289286,0.009149338374291115,0.9732142857142857,60.0,52.17391304347826,0.9328115600379623,0.09565217391304348,45.57010632147579,0.030170132325141784,0.6166666666666667,5.0,4.3478260869565215,0.8975704342689159,0.34782608695652173,4.24008741591461,0.2595841209829868,0.0,2.0,1.7391304347826086,0.9153699714281696,0.6695652173913044,1.8860526779479883,0.5575047258979207,0.0,115,192.79377895583573,351.5856235209878,225.82190112080636,24.826123132969496,1.0414103406605417,2.1017280146949675,0.0,0.0,0.0,1.0,0.9791107059869243,2.1048690769715606,0.0,0.0,0.0,1.0,996,0,0,0,0,0,134,0,0,0,0,115,134,134,core
2qbq_2qbq_conf0,generation,qwen_4b_4e_from_bigdata_step20000,chembl_count,4b_4e_from_bigdata_step20000,qwen_4b_4e_from_bigdata_step20000_chembl_count,Qwen 4B 4e from bigdata (step 20000),qwen_4b_4e_from_bigdata_step20000_chembl_count,7,31,181,0.7,181,181,0,1.0,200,181,19,0.905,"{""all_atoms_connected"":0,""bond_angles"":6,""bond_lengths"":1,""bonds"":0,""double_bond_stereochemistry"":0,""energy_ratio"":3,""file_loads"":0,""inchi_convertible"":0,""internal_steric_clash"":15,""molecular_formula"":0,""no_radicals"":0,""planar_aromatic_rings"":0,""planar_double_bonds"":0,""reference_file_loads"":0,""sanitisation"":0,""tetrahedral_chirality"":0}","{""all_atoms_connected"":0.0,""bond_angles"":0.03,""bond_lengths"":0.005,""bonds"":0.0,""double_bond_stereochemistry"":0.0,""energy_ratio"":0.015,""file_loads"":0.0,""inchi_convertible"":0.0,""internal_steric_clash"":0.075,""molecular_formula"":0.0,""no_radicals"":0.0,""planar_aromatic_rings"":0.0,""planar_double_bonds"":0.0,""reference_file_loads"":0.0,""sanitisation"":0.0,""tetrahedral_chirality"":0.0}",181,109.25352886527901,1.998701321142151,2.843389374245812,172.0,95.02762430939227,0.9959552976352949,0.016574585635359115,168.45596725797677,0.006135343853972711,0.9534883720930233,75.0,41.43646408839779,0.9199841802645236,0.0718232044198895,53.09170826926436,0.02676963462653766,0.4666666666666667,5.0,2.7624309392265194,0.8693007481182337,0.4696132596685083,4.051493511163995,0.2980067763499283,0.0,2.0,1.1049723756906078,0.983888459899885,0.574585635359116,1.977788916660021,0.511126034003846,0.0,181,195.56425605357498,327.1340398782007,227.8035434759059,22.31640371505673,1.132257428067202,2.0479996355527725,0.0,0.0,0.0,1.0,1.1433598412038188,2.054649048466673,0.0,0.0,0.0,1.0,996,0,0,0,0,0,200,0,0,0,0,181,200,200,core
2qbr_2qbr_conf0,generation,qwen_4b_4e_from_bigdata_step20000,fixed,4b_4e_from_bigdata_step20000,qwen_4b_4e_from_bigdata_step20000_fixed,Qwen 4B 4e from bigdata (step 20000),qwen_4b_4e_from_bigdata_step20000_fixed,8,28,936,0.7,936,933,3,0.9967948717948718,997,936,61,0.938816449348044,"{""all_atoms_connected"":0,""bond_angles"":6,""bond_lengths"":6,""bonds"":0,""double_bond_stereochemistry"":0,""energy_ratio"":6,""file_loads"":0,""inchi_convertible"":0,""internal_steric_clash"":57,""molecular_formula"":0,""no_radicals"":0,""planar_aromatic_rings"":0,""planar_double_bonds"":0,""reference_file_loads"":0,""sanitisation"":0,""tetrahedral_chirality"":0}","{""all_atoms_connected"":0.0,""bond_angles"":0.006018054162487462,""bond_lengths"":0.006018054162487462,""bonds"":0.0,""double_bond_stereochemistry"":0.0,""energy_ratio"":0.006018054162487462,""file_loads"":0.0,""inchi_convertible"":0.0,""internal_steric_clash"":0.05717151454363089,""molecular_formula"":0.0,""no_radicals"":0.0,""planar_aromatic_rings"":0.0,""planar_double_bonds"":0.0,""reference_file_loads"":0.0,""sanitisation"":0.0,""tetrahedral_chirality"":0.0}",936,112.36324681263422,2.004666765313929,2.67632676325982,720.0,76.92307692307692,0.9833460907026759,0.007478632478632479,645.2778240910627,0.0018103038936372272,0.7986111111111112,132.0,14.102564102564102,0.9173913163494439,0.041666666666666664,88.18528243167863,0.015486887281759077,0.15151515151515152,6.0,0.6410256410256411,0.9034192486438478,0.3076923076923077,5.046575999569008,0.22463291694060927,0.0,2.0,0.21367521367521367,0.9681342646326772,0.6047008547008547,1.9563090026169092,0.5219245379501789,0.0,936,186.91215129436927,1267.9135474884058,217.74535604731767,50.3747653830572,0.7719804710156422,2.353279045245765,0.0,0.0,0.0,1.0,0.7733158045543223,2.3577993139497915,0.0,0.0,0.0,1.0,997,0,0,0,0,0,997,0,0,0,0,936,1000,1000,core
2qbr_2qbr_conf0,generation,qwen_4b_4e_from_bigdata_step20000,dynamic,4b_4e_from_bigdata_step20000,qwen_4b_4e_from_bigdata_step20000_dynamic,Qwen 4B 4e from bigdata (step 20000),qwen_4b_4e_from_bigdata_step20000_dynamic,8,28,146,0.7,146,145,1,0.9931506849315068,156,146,10,0.935897435897436,"{""all_atoms_connected"":0,""bond_angles"":1,""bond_lengths"":2,""bonds"":0,""double_bond_stereochemistry"":0,""energy_ratio"":0,""file_loads"":0,""inchi_convertible"":0,""internal_steric_clash"":8,""molecular_formula"":0,""no_radicals"":0,""planar_aromatic_rings"":0,""planar_double_bonds"":0,""reference_file_loads"":0,""sanitisation"":0,""tetrahedral_chirality"":0}","{""all_atoms_connected"":0.0,""bond_angles"":0.00641025641025641,""bond_lengths"":0.01282051282051282,""bonds"":0.0,""double_bond_stereochemistry"":0.0,""energy_ratio"":0.0,""file_loads"":0.0,""inchi_convertible"":0.0,""internal_steric_clash"":0.05128205128205128,""molecular_formula"":0.0,""no_radicals"":0.0,""planar_aromatic_rings"":0.0,""planar_double_bonds"":0.0,""reference_file_loads"":0.0,""sanitisation"":0.0,""tetrahedral_chirality"":0.0}",146,111.90546136009799,2.0221443474756433,2.7157160132260754,139.0,95.20547945205479,0.9957609724764258,0.02054794520547945,136.122683316597,0.007599924939012946,0.9568345323741008,57.0,39.04109589041096,0.9465262120471306,0.07534246575342465,45.917853273854774,0.026834302871082752,0.3157894736842105,6.0,4.109589041095891,0.8335149784873601,0.3150684931506849,4.4524671374052165,0.2425408144117095,0.0,2.0,1.36986301369863,0.8829589691462253,0.6986301369863014,1.844153786570067,0.5789078626383937,0.0,146,192.7066163629935,404.90844351372664,218.3130627970491,21.332451056042874,0.7719804710156422,2.350394150585867,0.0,0.0,0.0,1.0,0.7733158045543223,2.342832540438975,0.0,0.0,0.0,1.0,997,0,0,0,0,0,156,0,0,0,0,146,156,156,core
2qbr_2qbr_conf0,generation,qwen_4b_4e_from_bigdata_step20000,chembl_count,4b_4e_from_bigdata_step20000,qwen_4b_4e_from_bigdata_step20000_chembl_count,Qwen 4B 4e from bigdata (step 20000),qwen_4b_4e_from_bigdata_step20000_chembl_count,8,28,189,0.7,189,189,0,1.0,200,189,11,0.945,"{""all_atoms_connected"":0,""bond_angles"":0,""bond_lengths"":1,""bonds"":0,""double_bond_stereochemistry"":0,""energy_ratio"":0,""file_loads"":0,""inchi_convertible"":0,""internal_steric_clash"":10,""molecular_formula"":0,""no_radicals"":0,""planar_aromatic_rings"":0,""planar_double_bonds"":0,""reference_file_loads"":0,""sanitisation"":0,""tetrahedral_chirality"":0}","{""all_atoms_connected"":0.0,""bond_angles"":0.0,""bond_lengths"":0.005,""bonds"":0.0,""double_bond_stereochemistry"":0.0,""energy_ratio"":0.0,""file_loads"":0.0,""inchi_convertible"":0.0,""internal_steric_clash"":0.05,""molecular_formula"":0.0,""no_radicals"":0.0,""planar_aromatic_rings"":0.0,""planar_double_bonds"":0.0,""reference_file_loads"":0.0,""sanitisation"":0.0,""tetrahedral_chirality"":0.0}",189,112.62349071064264,2.061798284443408,2.7559822495405353,169.0,89.41798941798942,0.9921272259953591,0.015873015873015872,162.31066462133808,0.006522773718540913,0.893491124260355,65.0,34.39153439153439,0.9326970503811071,0.06349206349206349,49.07936559294741,0.02595112118921642,0.35384615384615387,6.0,3.1746031746031744,0.9230611365775303,0.31746031746031744,5.227345162794631,0.21172419585117996,0.0,2.0,1.0582010582010581,0.9994950927427839,0.5132275132275133,1.9993001723846753,0.5003499342123681,0.0,189,192.3211478889405,332.4387945056461,220.07683578061346,17.424532428698807,1.021435082539741,2.295526977177727,0.0,0.0,0.0,1.0,1.0845102441835468,2.2880184065336184,0.0,0.0,0.0,1.0,997,0,0,0,0,0,200,0,0,0,0,189,200,200,core
2v00_2v00_conf0,generation,qwen_4b_4e_from_bigdata_step20000,fixed,4b_4e_from_bigdata_step20000,qwen_4b_4e_from_bigdata_step20000_fixed,Qwen 4B 4e from bigdata (step 20000),qwen_4b_4e_from_bigdata_step20000_fixed,4,16,997,0.7,997,997,0,1.0,999,997,2,0.997997997997998,"{""all_atoms_connected"":0,""bond_angles"":1,""bond_lengths"":2,""bonds"":0,""double_bond_stereochemistry"":0,""energy_ratio"":0,""file_loads"":0,""inchi_convertible"":0,""internal_steric_clash"":0,""molecular_formula"":0,""no_radicals"":0,""planar_aromatic_rings"":0,""planar_double_bonds"":0,""reference_file_loads"":0,""sanitisation"":0,""tetrahedral_chirality"":0}","{""all_atoms_connected"":0.0,""bond_angles"":0.001001001001001001,""bond_lengths"":0.002002002002002002,""bonds"":0.0,""double_bond_stereochemistry"":0.0,""energy_ratio"":0.0,""file_loads"":0.0,""inchi_convertible"":0.0,""internal_steric_clash"":0.0,""molecular_formula"":0.0,""no_radicals"":0.0,""planar_aromatic_rings"":0.0,""planar_double_bonds"":0.0,""reference_file_loads"":0.0,""sanitisation"":0.0,""tetrahedral_chirality"":0.0}",997,113.14240626254947,1.3568907880428474,1.9688687897531016,51.0,5.115346038114343,0.8316637836620852,0.08324974924774323,26.310207517230598,0.0487349712125343,0.13725490196078433,10.0,1.0030090270812437,0.7724298435500465,0.38214643931795383,5.921474229466894,0.21554633811162674,0.1,2.0,0.20060180541624875,0.9286249815867409,0.6559679037111334,1.903460961412162,0.5486519739760908,0.0,1.0,0.10030090270812438,0.0,1.0,1.0,1.0,0.0,997,11.926700040600545,116.70620206356978,24.836232442461384,5.8302673415551025,0.2696035152904402,1.3172090196877404,0.0,1.0,1.0,1.0,0.22070717979313142,1.2733658680408109,1.0,1.0,1.0,1.0,999,0,0,0,0,0,999,0,0,0,0,997,1000,1000,core
2v00_2v00_conf0,generation,qwen_4b_4e_from_bigdata_step20000,dynamic,4b_4e_from_bigdata_step20000,qwen_4b_4e_from_bigdata_step20000_dynamic,Qwen 4B 4e from bigdata (step 20000),qwen_4b_4e_from_bigdata_step20000_dynamic,4,16,68,0.7,68,68,0,1.0,68,68,0,1.0,"{""all_atoms_connected"":0,""bond_angles"":0,""bond_lengths"":0,""bonds"":0,""double_bond_stereochemistry"":0,""energy_ratio"":0,""file_loads"":0,""inchi_convertible"":0,""internal_steric_clash"":0,""molecular_formula"":0,""no_radicals"":0,""planar_aromatic_rings"":0,""planar_double_bonds"":0,""reference_file_loads"":0,""sanitisation"":0,""tetrahedral_chirality"":0}","{""all_atoms_connected"":0.0,""bond_angles"":0.0,""bond_lengths"":0.0,""bonds"":0.0,""double_bond_stereochemistry"":0.0,""energy_ratio"":0.0,""file_loads"":0.0,""inchi_convertible"":0.0,""internal_steric_clash"":0.0,""molecular_formula"":0.0,""no_radicals"":0.0,""planar_aromatic_rings"":0.0,""planar_double_bonds"":0.0,""reference_file_loads"":0.0,""sanitisation"":0.0,""tetrahedral_chirality"":0.0}",68,103.78142129780629,1.4315583403011243,1.9903684425027146,24.0,35.294117647058826,0.9183106468611031,0.1323529411764706,18.512397979972775,0.06574394463667821,0.4166666666666667,6.0,8.823529411764707,0.8808164402068007,0.4117647058823529,4.846279016472166,0.2482698961937716,0.0,2.0,2.9411764705882355,0.7335379291086666,0.7941176470588235,1.6627115729830562,0.6730103806228374,0.0,1.0,1.4705882352941178,0.0,1.0,1.0,1.0,0.0,68,14.590193190878814,36.10757187902694,24.339127368509928,4.848962088689363,0.2955744424322827,1.3471715238393935,0.0,1.0,1.0,1.0,0.277442686106516,1.3251010338520133,0.0,1.0,1.0,1.0,999,0,0,0,0,0,68,0,0,0,0,68,68,68,core
2v00_2v00_conf0,generation,qwen_4b_4e_from_bigdata_step20000,chembl_count,4b_4e_from_bigdata_step20000,qwen_4b_4e_from_bigdata_step20000_chembl_count,Qwen 4B 4e from bigdata (step 20000),qwen_4b_4e_from_bigdata_step20000_chembl_count,4,16,30,0.7,30,30,0,1.0,30,30,0,1.0,"{""all_atoms_connected"":0,""bond_angles"":0,""bond_lengths"":0,""bonds"":0,""double_bond_stereochemistry"":0,""energy_ratio"":0,""file_loads"":0,""inchi_convertible"":0,""internal_steric_clash"":0,""molecular_formula"":0,""no_radicals"":0,""planar_aromatic_rings"":0,""planar_double_bonds"":0,""reference_file_loads"":0,""sanitisation"":0,""tetrahedral_chirality"":0}","{""all_atoms_connected"":0.0,""bond_angles"":0.0,""bond_lengths"":0.0,""bonds"":0.0,""double_bond_stereochemistry"":0.0,""energy_ratio"":0.0,""file_loads"":0.0,""inchi_convertible"":0.0,""internal_steric_clash"":0.0,""molecular_formula"":0.0,""no_radicals"":0.0,""planar_aromatic_rings"":0.0,""planar_double_bonds"":0.0,""reference_file_loads"":0.0,""sanitisation"":0.0,""tetrahedral_chirality"":0.0}",30,114.64825324877786,1.412355345223419,1.977536307610435,16.0,53.333333333333336,0.9066695492640738,0.23333333333333334,12.352046614131968,0.10666666666666669,0.625,5.0,16.666666666666668,0.843901147070003,0.4666666666666667,3.8892117434093825,0.30444444444444446,0.2,2.0,6.666666666666667,0.7219280948873623,0.8,1.6493848884661177,0.6800000000000002,0.0,1.0,3.3333333333333335,0.0,1.0,1.0,1.0,0.0,30,16.58737112977026,36.16870598332692,23.846981033881107,4.020123985040558,0.2808296503806108,1.2895671828074406,0.0,1.0,1.0,1.0,0.34225962638645746,1.249038244638255,0.0,1.0,1.0,1.0,999,0,0,0,0,0,30,0,0,0,0,30,30,30,core
2wn9_2wn9_conf0,generation,qwen_4b_4e_from_bigdata_step20000,fixed,4b_4e_from_bigdata_step20000,qwen_4b_4e_from_bigdata_step20000_fixed,Qwen 4B 4e from bigdata (step 20000),qwen_4b_4e_from_bigdata_step20000_fixed,4,22,989,0.7,989,989,0,1.0,998,989,9,0.9909819639278558,"{""all_atoms_connected"":0,""bond_angles"":6,""bond_lengths"":1,""bonds"":0,""double_bond_stereochemistry"":0,""energy_ratio"":7,""file_loads"":0,""inchi_convertible"":0,""internal_steric_clash"":7,""molecular_formula"":0,""no_radicals"":0,""planar_aromatic_rings"":0,""planar_double_bonds"":0,""reference_file_loads"":0,""sanitisation"":0,""tetrahedral_chirality"":0}","{""all_atoms_connected"":0.0,""bond_angles"":0.006012024048096192,""bond_lengths"":0.001002004008016032,""bonds"":0.0,""double_bond_stereochemistry"":0.0,""energy_ratio"":0.0070140280561122245,""file_loads"":0.0,""inchi_convertible"":0.0,""internal_steric_clash"":0.0070140280561122245,""molecular_formula"":0.0,""no_radicals"":0.0,""planar_aromatic_rings"":0.0,""planar_double_bonds"":0.0,""reference_file_loads"":0.0,""sanitisation"":0.0,""tetrahedral_chirality"":0.0}",989,83.96174450366892,1.4699932804960434,2.09416482012002,101.0,10.212335692618806,0.8968809198076991,0.04853387259858443,62.75344859355384,0.021243792945862528,0.1782178217821782,14.0,1.4155712841253791,0.8936366656473027,0.1769464105156724,10.573579529826215,0.10375096741609677,0.07142857142857142,2.0,0.20222446916076844,0.9998753617990624,0.506572295247725,1.9998272222283295,0.5000863901296465,0.0,1.0,0.10111223458038422,0.0,1.0,1.0,1.0,0.0,989,68.68166220903387,186.1989247161801,81.11713126661107,7.225159365406685,0.26731598001593454,1.461232911151488,0.0,1.0,1.0,1.0,0.3004446847507055,1.491747917954875,0.0,1.0,1.0,1.0,998,0,0,0,0,0,998,0,0,0,0,989,1000,1000,core
2wn9_2wn9_conf0,generation,qwen_4b_4e_from_bigdata_step20000,dynamic,4b_4e_from_bigdata_step20000,qwen_4b_4e_from_bigdata_step20000_dynamic,Qwen 4B 4e from bigdata (step 20000),qwen_4b_4e_from_bigdata_step20000_dynamic,4,22,67,0.7,67,67,0,1.0,68,67,1,0.9852941176470588,"{""all_atoms_connected"":0,""bond_angles"":1,""bond_lengths"":0,""bonds"":0,""double_bond_stereochemistry"":0,""energy_ratio"":1,""file_loads"":0,""inchi_convertible"":0,""internal_steric_clash"":1,""molecular_formula"":0,""no_radicals"":0,""planar_aromatic_rings"":0,""planar_double_bonds"":0,""reference_file_loads"":0,""sanitisation"":0,""tetrahedral_chirality"":0}","{""all_atoms_connected"":0.0,""bond_angles"":0.014705882352941176,""bond_lengths"":0.0,""bonds"":0.0,""double_bond_stereochemistry"":0.0,""energy_ratio"":0.014705882352941176,""file_loads"":0.0,""inchi_convertible"":0.0,""internal_steric_clash"":0.014705882352941176,""molecular_formula"":0.0,""no_radicals"":0.0,""planar_aromatic_rings"":0.0,""planar_double_bonds"":0.0,""reference_file_loads"":0.0,""sanitisation"":0.0,""tetrahedral_chirality"":0.0}",67,82.187110157892,1.482724523827021,2.091392086600351,33.0,49.25373134328358,0.9546685563305696,0.08955223880597014,28.162908926573856,0.041211851191802186,0.42424242424242425,10.0,14.925373134328359,0.9619849367196056,0.1791044776119403,9.16188712037363,0.11695255067943862,0.0,2.0,2.985074626865672,0.9869444983748495,0.5671641791044776,1.9819828766045513,0.5090220539095567,0.0,1.0,1.492537313432836,0.0,1.0,1.0,1.0,0.0,67,70.14762859518646,93.75493294309702,81.48100036960204,4.876996971436462,0.5592899799749964,1.4404982113562166,0.0,0.0,1.0,1.0,0.5419682069248735,1.4978261904413195,0.0,0.0,1.0,1.0,998,0,0,0,0,0,68,0,0,0,0,67,68,68,core
2wn9_2wn9_conf0,generation,qwen_4b_4e_from_bigdata_step20000,chembl_count,4b_4e_from_bigdata_step20000,qwen_4b_4e_from_bigdata_step20000_chembl_count,Qwen 4B 4e from bigdata (step 20000),qwen_4b_4e_from_bigdata_step20000_chembl_count,4,22,71,0.7,71,71,0,1.0,71,71,0,1.0,"{""all_atoms_connected"":0,""bond_angles"":0,""bond_lengths"":0,""bonds"":0,""double_bond_stereochemistry"":0,""energy_ratio"":0,""file_loads"":0,""inchi_convertible"":0,""internal_steric_clash"":0,""molecular_formula"":0,""no_radicals"":0,""planar_aromatic_rings"":0,""planar_double_bonds"":0,""reference_file_loads"":0,""sanitisation"":0,""tetrahedral_chirality"":0}","{""all_atoms_connected"":0.0,""bond_angles"":0.0,""bond_lengths"":0.0,""bonds"":0.0,""double_bond_stereochemistry"":0.0,""energy_ratio"":0.0,""file_loads"":0.0,""inchi_convertible"":0.0,""internal_steric_clash"":0.0,""molecular_formula"":0.0,""no_radicals"":0.0,""planar_aromatic_rings"":0.0,""planar_double_bonds"":0.0,""reference_file_loads"":0.0,""sanitisation"":0.0,""tetrahedral_chirality"":0.0}",71,83.0567352837089,1.4458834351176983,2.0886068672276132,32.0,45.070422535211264,0.936555119905384,0.09859154929577464,25.683601235242786,0.04741122793096608,0.46875,9.0,12.67605633802817,0.9325621451784781,0.23943661971830985,7.760513194183897,0.14501091053362428,0.0,2.0,2.816901408450704,0.9987117514654895,0.5211267605633803,1.9982149054358815,0.5008926800238047,0.0,1.0,1.408450704225352,0.0,1.0,1.0,1.0,0.0,71,71.68830427683963,90.26261829709932,80.7262587602385,4.487906169952905,0.34887537136937313,1.5602087552128006,0.0,1.0,1.0,1.0,0.5057269966028873,1.5304153026362783,0.0,0.0,1.0,1.0,998,0,0,0,0,0,71,0,0,0,0,71,71,71,core
2wtv_2wtv_conf0,generation,qwen_4b_4e_from_bigdata_step20000,fixed,4b_4e_from_bigdata_step20000,qwen_4b_4e_from_bigdata_step20000_fixed,Qwen 4B 4e from bigdata (step 20000),qwen_4b_4e_from_bigdata_step20000_fixed,4,34,825,0.7,825,821,4,0.9951515151515151,999,825,174,0.8258258258258259,"{""all_atoms_connected"":0,""bond_angles"":117,""bond_lengths"":152,""bonds"":0,""double_bond_stereochemistry"":0,""energy_ratio"":9,""file_loads"":0,""inchi_convertible"":0,""internal_steric_clash"":40,""molecular_formula"":0,""no_radicals"":0,""planar_aromatic_rings"":7,""planar_double_bonds"":0,""reference_file_loads"":0,""sanitisation"":0,""tetrahedral_chirality"":0}","{""all_atoms_connected"":0.0,""bond_angles"":0.11711711711711711,""bond_lengths"":0.15215215215215216,""bonds"":0.0,""double_bond_stereochemistry"":0.0,""energy_ratio"":0.009009009009009009,""file_loads"":0.0,""inchi_convertible"":0.0,""internal_steric_clash"":0.04004004004004004,""molecular_formula"":0.0,""no_radicals"":0.0,""planar_aromatic_rings"":0.007007007007007007,""planar_double_bonds"":0.0,""reference_file_loads"":0.0,""sanitisation"":0.0,""tetrahedral_chirality"":0.0}",825,117.10803278176087,1.9311695278585688,2.9712215507150392,95.0,11.515151515151516,0.8087390502910217,0.10424242424242425,39.76145884767796,0.04306189164370983,0.3473684210526316,17.0,2.0606060606060606,0.8108664088717183,0.20363636363636364,9.947860767981833,0.12234784205693297,0.17647058823529413,4.0,0.48484848484848486,0.9956928509823024,0.2896969696969697,3.9761872578264934,0.25301303948576676,0.0,2.0,0.24242424242424243,0.9987013172132608,0.5212121212121212,1.9982004534537636,0.5008999081726354,0.0,825,50.9685043268239,40333.99723842134,70.58092155758429,1502.0945333157945,0.20894285422208322,2.2776309393479908,1.0,1.0,1.0,1.0,0.27566791138489743,2.160482701049772,0.0,1.0,1.0,1.0,999,0,0,0,0,0,999,0,0,0,0,825,1000,1000,core
2wtv_2wtv_conf0,generation,qwen_4b_4e_from_bigdata_step20000,dynamic,4b_4e_from_bigdata_step20000,qwen_4b_4e_from_bigdata_step20000_dynamic,Qwen 4B 4e from bigdata (step 20000),qwen_4b_4e_from_bigdata_step20000_dynamic,4,34,59,0.7,59,59,0,1.0,68,59,9,0.8676470588235294,"{""all_atoms_connected"":0,""bond_angles"":4,""bond_lengths"":9,""bonds"":0,""double_bond_stereochemistry"":0,""energy_ratio"":0,""file_loads"":0,""inchi_convertible"":0,""internal_steric_clash"":0,""molecular_formula"":0,""no_radicals"":0,""planar_aromatic_rings"":1,""planar_double_bonds"":0,""reference_file_loads"":0,""sanitisation"":0,""tetrahedral_chirality"":0}","{""all_atoms_connected"":0.0,""bond_angles"":0.058823529411764705,""bond_lengths"":0.1323529411764706,""bonds"":0.0,""double_bond_stereochemistry"":0.0,""energy_ratio"":0.0,""file_loads"":0.0,""inchi_convertible"":0.0,""internal_steric_clash"":0.0,""molecular_formula"":0.0,""no_radicals"":0.0,""planar_aromatic_rings"":0.014705882352941176,""planar_double_bonds"":0.0,""reference_file_loads"":0.0,""sanitisation"":0.0,""tetrahedral_chirality"":0.0}",59,113.94686933403594,1.9698396797929492,3.0148969336594695,24.0,40.67796610169491,0.9095332598056654,0.13559322033898305,18.00313051283924,0.07038207411663316,0.5,9.0,15.254237288135593,0.7690398597162059,0.2542372881355932,5.418143779681169,0.21344441252513646,0.5555555555555556,2.0,3.389830508474576,0.999792765854127,0.5084745762711864,1.9997127331046878,0.5001436368859523,0.0,2.0,3.389830508474576,0.999792765854127,0.5084745762711864,1.9997127331046878,0.5001436368859523,0.0,59,55.76160030659564,40333.99723842134,69.18617398050937,5196.851457307686,0.28766886938127023,2.187532424669146,0.0,1.0,1.0,1.0,0.27566791138489743,2.1160074005547735,0.0,1.0,1.0,1.0,999,0,0,0,0,0,68,0,0,0,0,59,68,68,core
2wtv_2wtv_conf0,generation,qwen_4b_4e_from_bigdata_step20000,chembl_count,4b_4e_from_bigdata_step20000,qwen_4b_4e_from_bigdata_step20000_chembl_count,Qwen 4B 4e from bigdata (step 20000),qwen_4b_4e_from_bigdata_step20000_chembl_count,4,34,88,0.7,88,88,0,1.0,110,88,22,0.8,"{""all_atoms_connected"":0,""bond_angles"":16,""bond_lengths"":20,""bonds"":0,""double_bond_stereochemistry"":0,""energy_ratio"":0,""file_loads"":0,""inchi_convertible"":0,""internal_steric_clash"":6,""molecular_formula"":0,""no_radicals"":0,""planar_aromatic_rings"":0,""planar_double_bonds"":0,""reference_file_loads"":0,""sanitisation"":0,""tetrahedral_chirality"":0}","{""all_atoms_connected"":0.0,""bond_angles"":0.14545454545454545,""bond_lengths"":0.18181818181818182,""bonds"":0.0,""double_bond_stereochemistry"":0.0,""energy_ratio"":0.0,""file_loads"":0.0,""inchi_convertible"":0.0,""internal_steric_clash"":0.05454545454545454,""molecular_formula"":0.0,""no_radicals"":0.0,""planar_aromatic_rings"":0.0,""planar_double_bonds"":0.0,""reference_file_loads"":0.0,""sanitisation"":0.0,""tetrahedral_chirality"":0.0}",88,118.55079101814727,1.934788199138148,2.997127940061411,33.0,37.5,0.8996535663913011,0.11363636363636363,23.234668556263056,0.05578512396694215,0.5757575757575758,10.0,11.363636363636363,0.7769277016086311,0.2727272727272727,5.983119838597697,0.20325413223140493,0.1,4.0,4.545454545454546,0.8994023172542803,0.4772727272727273,3.4793182199586177,0.32541322314049587,0.0,2.0,2.272727272727273,0.9456603046006401,0.6363636363636364,1.9260702242522327,0.5371900826446281,0.0,88,56.378887413697015,179.9703807022676,70.31396906794212,20.69844499777148,0.20894285422208322,2.388971046697903,1.0,1.0,1.0,1.0,0.428564111093955,2.2915185033179126,0.0,1.0,1.0,1.0,999,0,0,0,0,0,110,0,0,0,0,88,110,110,core
2xdl_2xdl_conf0,generation,qwen_4b_4e_from_bigdata_step20000,fixed,4b_4e_from_bigdata_step20000,qwen_4b_4e_from_bigdata_step20000_fixed,Qwen 4B 4e from bigdata (step 20000),qwen_4b_4e_from_bigdata_step20000_fixed,5,16,998,0.7,998,998,0,1.0,1000,998,2,0.998,"{""all_atoms_connected"":0,""bond_angles"":1,""bond_lengths"":1,""bonds"":0,""double_bond_stereochemistry"":0,""energy_ratio"":1,""file_loads"":0,""inchi_convertible"":0,""internal_steric_clash"":1,""molecular_formula"":0,""no_radicals"":0,""planar_aromatic_rings"":0,""planar_double_bonds"":0,""reference_file_loads"":0,""sanitisation"":0,""tetrahedral_chirality"":0}","{""all_atoms_connected"":0.0,""bond_angles"":0.001,""bond_lengths"":0.001,""bonds"":0.0,""double_bond_stereochemistry"":0.0,""energy_ratio"":0.001,""file_loads"":0.0,""inchi_convertible"":0.0,""internal_steric_clash"":0.001,""molecular_formula"":0.0,""no_radicals"":0.0,""planar_aromatic_rings"":0.0,""planar_double_bonds"":0.0,""reference_file_loads"":0.0,""sanitisation"":0.0,""tetrahedral_chirality"":0.0}",998,114.22872547086513,1.2258642825493218,1.8404451395027503,29.0,2.905811623246493,0.8987587956264615,0.11222444889779559,20.622583148518252,0.05752788141413088,0.06896551724137931,4.0,0.40080160320641284,0.9236881375051393,0.40681362725450904,3.5984516526456023,0.29969558355187326,0.0,1.0,0.10020040080160321,0.0,1.0,1.0,1.0,0.0,1.0,0.10020040080160321,0.0,1.0,1.0,1.0,0.0,998,23.51464255865191,63.79361929037756,31.837504147291273,4.091659415614595,0.23480071057036941,1.244293770417928,1.0,1.0,1.0,1.0,0.3050608315972912,1.2808143949295294,0.0,1.0,1.0,1.0,1000,0,0,0,0,0,1000,0,0,0,0,998,1000,1000,core
2xdl_2xdl_conf0,generation,qwen_4b_4e_from_bigdata_step20000,dynamic,4b_4e_from_bigdata_step20000,qwen_4b_4e_from_bigdata_step20000_dynamic,Qwen 4B 4e from bigdata (step 20000),qwen_4b_4e_from_bigdata_step20000_dynamic,5,16,90,0.7,90,90,0,1.0,90,90,0,1.0,"{""all_atoms_connected"":0,""bond_angles"":0,""bond_lengths"":0,""bonds"":0,""double_bond_stereochemistry"":0,""energy_ratio"":0,""file_loads"":0,""inchi_convertible"":0,""internal_steric_clash"":0,""molecular_formula"":0,""no_radicals"":0,""planar_aromatic_rings"":0,""planar_double_bonds"":0,""reference_file_loads"":0,""sanitisation"":0,""tetrahedral_chirality"":0}","{""all_atoms_connected"":0.0,""bond_angles"":0.0,""bond_lengths"":0.0,""bonds"":0.0,""double_bond_stereochemistry"":0.0,""energy_ratio"":0.0,""file_loads"":0.0,""inchi_convertible"":0.0,""internal_steric_clash"":0.0,""molecular_formula"":0.0,""no_radicals"":0.0,""planar_aromatic_rings"":0.0,""planar_double_bonds"":0.0,""reference_file_loads"":0.0,""sanitisation"":0.0,""tetrahedral_chirality"":0.0}",90,114.46684262333824,1.2001964377420729,1.834808827458954,16.0,17.77777777777778,0.9426852079431574,0.12222222222222222,13.649165389912392,0.0819753086419753,0.0,3.0,3.3333333333333335,0.7025985483726083,0.5666666666666667,2.163837788870825,0.4906172839506172,0.0,1.0,1.1111111111111112,0.0,1.0,1.0,1.0,0.0,1.0,1.1111111111111112,0.0,1.0,1.0,1.0,0.0,90,23.757742216959983,40.34751523733135,30.788890961648335,3.5736742515760547,0.2870159773433496,1.5282674565858514,0.0,1.0,1.0,1.0,0.38603128648382384,1.432305881162689,0.0,1.0,1.0,1.0,1000,0,0,0,0,0,90,0,0,0,0,90,90,90,core
2xdl_2xdl_conf0,generation,qwen_4b_4e_from_bigdata_step20000,chembl_count,4b_4e_from_bigdata_step20000,qwen_4b_4e_from_bigdata_step20000_chembl_count,Qwen 4B 4e from bigdata (step 20000),qwen_4b_4e_from_bigdata_step20000_chembl_count,5,16,58,0.7,58,58,0,1.0,58,58,0,1.0,"{""all_atoms_connected"":0,""bond_angles"":0,""bond_lengths"":0,""bonds"":0,""double_bond_stereochemistry"":0,""energy_ratio"":0,""file_loads"":0,""inchi_convertible"":0,""internal_steric_clash"":0,""molecular_formula"":0,""no_radicals"":0,""planar_aromatic_rings"":0,""planar_double_bonds"":0,""reference_file_loads"":0,""sanitisation"":0,""tetrahedral_chirality"":0}","{""all_atoms_connected"":0.0,""bond_angles"":0.0,""bond_lengths"":0.0,""bonds"":0.0,""double_bond_stereochemistry"":0.0,""energy_ratio"":0.0,""file_loads"":0.0,""inchi_convertible"":0.0,""internal_steric_clash"":0.0,""molecular_formula"":0.0,""no_radicals"":0.0,""planar_aromatic_rings"":0.0,""planar_double_bonds"":0.0,""reference_file_loads"":0.0,""sanitisation"":0.0,""tetrahedral_chirality"":0.0}",58,114.72622171295241,1.2177562455487563,1.846995413326629,15.0,25.862068965517242,0.8860392894613514,0.1896551724137931,11.016992746986261,0.10939357907253267,0.4,3.0,5.172413793103448,0.8862625576413687,0.5344827586206896,2.647614211159829,0.4120095124851367,0.0,1.0,1.7241379310344827,0.0,1.0,1.0,1.0,0.0,1.0,1.7241379310344827,0.0,1.0,1.0,1.0,0.0,58,23.990974712606924,48.24601632196655,31.88001265394018,4.410524913025847,0.4184080667653614,1.4639619772891557,0.0,1.0,1.0,1.0,0.46987858968274115,1.3675611284476776,0.0,1.0,1.0,1.0,1000,0,0,0,0,0,58,0,0,0,0,58,58,58,core
2xnb_2xnb_conf0,generation,qwen_4b_4e_from_bigdata_step20000,fixed,4b_4e_from_bigdata_step20000,qwen_4b_4e_from_bigdata_step20000_fixed,Qwen 4B 4e from bigdata (step 20000),qwen_4b_4e_from_bigdata_step20000_fixed,4,27,986,0.7,986,986,0,1.0,999,986,13,0.986986986986987,"{""all_atoms_connected"":0,""bond_angles"":11,""bond_lengths"":7,""bonds"":0,""double_bond_stereochemistry"":0,""energy_ratio"":7,""file_loads"":0,""inchi_convertible"":0,""internal_steric_clash"":10,""molecular_formula"":0,""no_radicals"":0,""planar_aromatic_rings"":1,""planar_double_bonds"":0,""reference_file_loads"":0,""sanitisation"":0,""tetrahedral_chirality"":0}","{""all_atoms_connected"":0.0,""bond_angles"":0.011011011011011011,""bond_lengths"":0.007007007007007007,""bonds"":0.0,""double_bond_stereochemistry"":0.0,""energy_ratio"":0.007007007007007007,""file_loads"":0.0,""inchi_convertible"":0.0,""internal_steric_clash"":0.01001001001001001,""molecular_formula"":0.0,""no_radicals"":0.0,""planar_aromatic_rings"":0.001001001001001001,""planar_double_bonds"":0.0,""reference_file_loads"":0.0,""sanitisation"":0.0,""tetrahedral_chirality"":0.0}",986,116.19782751322326,1.629040701990835,2.4696297890700016,96.0,9.736308316430021,0.840322185629707,0.06896551724137931,46.317647696887626,0.03249961941830659,0.22916666666666666,18.0,1.8255578093306288,0.7996821267839755,0.1643002028397566,10.088323183216104,0.11690235302346443,0.05555555555555555,3.0,0.30425963488843816,0.5014762913280011,0.7657200811359026,1.734862251204764,0.6407411674189155,0.3333333333333333,1.0,0.10141987829614604,0.0,1.0,1.0,1.0,0.0,986,60.75366362283962,152.70795092379308,84.42915925628637,9.236863151350791,0.5656537123400374,1.6722777025511322,0.0,0.0,1.0,1.0,0.5312131366291013,1.7115805444701555,0.0,0.0,1.0,1.0,999,0,0,0,0,0,999,0,0,0,0,986,1000,1000,core
2xnb_2xnb_conf0,generation,qwen_4b_4e_from_bigdata_step20000,dynamic,4b_4e_from_bigdata_step20000,qwen_4b_4e_from_bigdata_step20000_dynamic,Qwen 4B 4e from bigdata (step 20000),qwen_4b_4e_from_bigdata_step20000_dynamic,4,27,68,0.7,68,68,0,1.0,68,68,0,1.0,"{""all_atoms_connected"":0,""bond_angles"":0,""bond_lengths"":0,""bonds"":0,""double_bond_stereochemistry"":0,""energy_ratio"":0,""file_loads"":0,""inchi_convertible"":0,""internal_steric_clash"":0,""molecular_formula"":0,""no_radicals"":0,""planar_aromatic_rings"":0,""planar_double_bonds"":0,""reference_file_loads"":0,""sanitisation"":0,""tetrahedral_chirality"":0}","{""all_atoms_connected"":0.0,""bond_angles"":0.0,""bond_lengths"":0.0,""bonds"":0.0,""double_bond_stereochemistry"":0.0,""energy_ratio"":0.0,""file_loads"":0.0,""inchi_convertible"":0.0,""internal_steric_clash"":0.0,""molecular_formula"":0.0,""no_radicals"":0.0,""planar_aromatic_rings"":0.0,""planar_double_bonds"":0.0,""reference_file_loads"":0.0,""sanitisation"":0.0,""tetrahedral_chirality"":0.0}",68,113.91479954619236,1.6941353409574986,2.5429744999260486,25.0,36.76470588235294,0.9142031220496813,0.11764705882352941,18.967108142224834,0.06401384083044984,0.48,9.0,13.235294117647058,0.958499237818131,0.19117647058823528,8.215627084763764,0.1314878892733564,0.0,3.0,4.411764705882353,0.7935036921668551,0.6176470588235294,2.391098556282005,0.4757785467128028,0.0,2.0,2.9411764705882355,0.6385146263620961,0.8382352941176471,1.556725556475077,0.7288062283737025,0.0,68,68.934532961439,103.871989628945,85.07179114115141,7.716258858002587,0.6535820802808073,1.6728385397502898,0.0,0.0,1.0,1.0,0.7031569369121615,1.7174530189836932,0.0,0.0,1.0,1.0,999,0,0,0,0,0,68,0,0,0,0,68,68,68,core
2xnb_2xnb_conf0,generation,qwen_4b_4e_from_bigdata_step20000,chembl_count,4b_4e_from_bigdata_step20000,qwen_4b_4e_from_bigdata_step20000_chembl_count,Qwen 4B 4e from bigdata (step 20000),qwen_4b_4e_from_bigdata_step20000_chembl_count,4,27,79,0.7,79,79,0,1.0,79,79,0,1.0,"{""all_atoms_connected"":0,""bond_angles"":0,""bond_lengths"":0,""bonds"":0,""double_bond_stereochemistry"":0,""energy_ratio"":0,""file_loads"":0,""inchi_convertible"":0,""internal_steric_clash"":0,""molecular_formula"":0,""no_radicals"":0,""planar_aromatic_rings"":0,""planar_double_bonds"":0,""reference_file_loads"":0,""sanitisation"":0,""tetrahedral_chirality"":0}","{""all_atoms_connected"":0.0,""bond_angles"":0.0,""bond_lengths"":0.0,""bonds"":0.0,""double_bond_stereochemistry"":0.0,""energy_ratio"":0.0,""file_loads"":0.0,""inchi_convertible"":0.0,""internal_steric_clash"":0.0,""molecular_formula"":0.0,""no_radicals"":0.0,""planar_aromatic_rings"":0.0,""planar_double_bonds"":0.0,""reference_file_loads"":0.0,""sanitisation"":0.0,""tetrahedral_chirality"":0.0}",79,116.65871805411741,1.6264025726628684,2.443973980753391,37.0,46.835443037974684,0.9225199493802082,0.08860759493670886,27.970316140396907,0.045986220157026136,0.5945945945945946,12.0,15.189873417721518,0.8877384910744087,0.21518987341772153,9.07884770426581,0.13411312289697166,0.0,2.0,2.5316455696202533,0.8162554088088008,0.7468354430379747,1.7608297296025979,0.6218554718795064,0.0,1.0,1.2658227848101267,0.0,1.0,1.0,1.0,0.0,79,67.33213979773494,152.70795092379308,85.00249592878126,11.453658726843999,0.6360467383492889,1.667036086174735,0.0,0.0,1.0,1.0,0.6309567593551415,1.6857438064869263,0.0,0.0,1.0,1.0,999,0,0,0,0,0,79,0,0,0,0,79,79,79,core
2yfe_2yfe_conf0,generation,qwen_4b_4e_from_bigdata_step20000,fixed,4b_4e_from_bigdata_step20000,qwen_4b_4e_from_bigdata_step20000_fixed,Qwen 4B 4e from bigdata (step 20000),qwen_4b_4e_from_bigdata_step20000_fixed,8,25,982,0.7,982,980,2,0.9979633401221996,998,982,16,0.9839679358717436,"{""all_atoms_connected"":0,""bond_angles"":5,""bond_lengths"":6,""bonds"":0,""double_bond_stereochemistry"":0,""energy_ratio"":2,""file_loads"":0,""inchi_convertible"":0,""internal_steric_clash"":12,""molecular_formula"":0,""no_radicals"":0,""planar_aromatic_rings"":0,""planar_double_bonds"":0,""reference_file_loads"":0,""sanitisation"":0,""tetrahedral_chirality"":0}","{""all_atoms_connected"":0.0,""bond_angles"":0.00501002004008016,""bond_lengths"":0.006012024048096192,""bonds"":0.0,""double_bond_stereochemistry"":0.0,""energy_ratio"":0.002004008016032064,""file_loads"":0.0,""inchi_convertible"":0.0,""internal_steric_clash"":0.012024048096192385,""molecular_formula"":0.0,""no_radicals"":0.0,""planar_aromatic_rings"":0.0,""planar_double_bonds"":0.0,""reference_file_loads"":0.0,""sanitisation"":0.0,""tetrahedral_chirality"":0.0}",982,82.06567757173282,1.8886177846691607,2.7608513548954603,235.0,23.930753564154784,0.8884577618560207,0.03971486761710794,127.818479249626,0.012827638843376291,0.42127659574468085,34.0,3.4623217922606924,0.8412202012576074,0.1079429735234216,19.42276264024114,0.06247070486682898,0.14705882352941177,5.0,0.5091649694501018,0.767550789649965,0.44908350305498984,3.4394973467619634,0.3359928820603863,0.0,2.0,0.20366598778004075,0.971069606754842,0.59979633401222,1.9602934081011225,0.5199186165645572,0.0,982,73.52033210797512,4461.200764675875,89.87290463481114,139.67696041211192,0.9120361279646689,2.1150201603225423,0.0,0.0,0.0,1.0,0.8769793575448189,2.1305673170707227,0.0,0.0,0.0,1.0,998,0,0,0,0,0,998,0,0,0,0,982,1000,1000,core
2yfe_2yfe_conf0,generation,qwen_4b_4e_from_bigdata_step20000,dynamic,4b_4e_from_bigdata_step20000,qwen_4b_4e_from_bigdata_step20000_dynamic,Qwen 4B 4e from bigdata (step 20000),qwen_4b_4e_from_bigdata_step20000_dynamic,8,25,156,0.7,156,156,0,1.0,156,156,0,1.0,"{""all_atoms_connected"":0,""bond_angles"":0,""bond_lengths"":0,""bonds"":0,""double_bond_stereochemistry"":0,""energy_ratio"":0,""file_loads"":0,""inchi_convertible"":0,""internal_steric_clash"":0,""molecular_formula"":0,""no_radicals"":0,""planar_aromatic_rings"":0,""planar_double_bonds"":0,""reference_file_loads"":0,""sanitisation"":0,""tetrahedral_chirality"":0}","{""all_atoms_connected"":0.0,""bond_angles"":0.0,""bond_lengths"":0.0,""bonds"":0.0,""double_bond_stereochemistry"":0.0,""energy_ratio"":0.0,""file_loads"":0.0,""inchi_convertible"":0.0,""internal_steric_clash"":0.0,""molecular_formula"":0.0,""no_radicals"":0.0,""planar_aromatic_rings"":0.0,""planar_double_bonds"":0.0,""reference_file_loads"":0.0,""sanitisation"":0.0,""tetrahedral_chirality"":0.0}",156,82.83277002443664,1.8361180589973927,2.6783228701593185,77.0,49.35897435897436,0.9421112074580469,0.0641025641025641,59.8803120590833,0.02186061801446416,0.5584415584415584,18.0,11.538461538461538,0.8832592910762813,0.19230769230769232,12.844911103459145,0.09960552268244575,0.1111111111111111,4.0,2.5641025641025643,0.7722058936793226,0.532051282051282,2.9168511934654378,0.3893819855358317,0.0,1.0,0.6410256410256411,0.0,1.0,1.0,1.0,0.0,156,74.67284796985858,133.71170065201665,89.13565471771845,8.550393214881643,1.5018280304333627,2.061609416387536,0.0,0.0,0.0,1.0,1.488505024174619,2.094083608373677,0.0,0.0,0.0,1.0,998,0,0,0,0,0,156,0,0,0,0,156,156,156,core
2yfe_2yfe_conf0,generation,qwen_4b_4e_from_bigdata_step20000,chembl_count,4b_4e_from_bigdata_step20000,qwen_4b_4e_from_bigdata_step20000_chembl_count,Qwen 4B 4e from bigdata (step 20000),qwen_4b_4e_from_bigdata_step20000_chembl_count,8,25,153,0.7,153,152,1,0.9934640522875817,155,153,2,0.9870967741935484,"{""all_atoms_connected"":0,""bond_angles"":0,""bond_lengths"":1,""bonds"":0,""double_bond_stereochemistry"":0,""energy_ratio"":0,""file_loads"":0,""inchi_convertible"":0,""internal_steric_clash"":1,""molecular_formula"":0,""no_radicals"":0,""planar_aromatic_rings"":0,""planar_double_bonds"":0,""reference_file_loads"":0,""sanitisation"":0,""tetrahedral_chirality"":0}","{""all_atoms_connected"":0.0,""bond_angles"":0.0,""bond_lengths"":0.0064516129032258064,""bonds"":0.0,""double_bond_stereochemistry"":0.0,""energy_ratio"":0.0,""file_loads"":0.0,""inchi_convertible"":0.0,""internal_steric_clash"":0.0064516129032258064,""molecular_formula"":0.0,""no_radicals"":0.0,""planar_aromatic_rings"":0.0,""planar_double_bonds"":0.0,""reference_file_loads"":0.0,""sanitisation"":0.0,""tetrahedral_chirality"":0.0}",153,80.60455020054921,1.857404072609269,2.766967868325405,86.0,56.209150326797385,0.9471421143014127,0.05228758169934641,67.95868289377181,0.0190952197872613,0.6395348837209303,22.0,14.379084967320262,0.8894719365975852,0.13071895424836602,15.63317903793872,0.07505660216156179,0.2727272727272727,4.0,2.6143790849673203,0.7679264011828609,0.5098039215686274,2.8995978057874074,0.391516083557606,0.0,2.0,1.3071895424836601,0.9863676072907089,0.5686274509803921,1.9811904986972835,0.5094194540561322,0.0,153,75.76265223035863,4461.200764675875,89.89529309978322,352.25466697533255,0.9723297911770515,2.134928492232546,0.0,0.0,0.0,1.0,0.9935276983482025,2.1433492233259295,0.0,0.0,0.0,1.0,998,0,0,0,0,0,155,0,0,0,0,153,155,155,core
2ymd_2ymd_conf0,generation,qwen_4b_4e_from_bigdata_step20000,fixed,4b_4e_from_bigdata_step20000,qwen_4b_4e_from_bigdata_step20000_fixed,Qwen 4B 4e from bigdata (step 20000),qwen_4b_4e_from_bigdata_step20000_fixed,4,13,992,0.7,992,992,0,1.0,998,992,6,0.9939879759519038,"{""all_atoms_connected"":0,""bond_angles"":3,""bond_lengths"":5,""bonds"":0,""double_bond_stereochemistry"":0,""energy_ratio"":0,""file_loads"":0,""inchi_convertible"":0,""internal_steric_clash"":0,""molecular_formula"":0,""no_radicals"":0,""planar_aromatic_rings"":2,""planar_double_bonds"":0,""reference_file_loads"":0,""sanitisation"":0,""tetrahedral_chirality"":0}","{""all_atoms_connected"":0.0,""bond_angles"":0.003006012024048096,""bond_lengths"":0.00501002004008016,""bonds"":0.0,""double_bond_stereochemistry"":0.0,""energy_ratio"":0.0,""file_loads"":0.0,""inchi_convertible"":0.0,""internal_steric_clash"":0.0,""molecular_formula"":0.0,""no_radicals"":0.0,""planar_aromatic_rings"":0.002004008016032064,""planar_double_bonds"":0.0,""reference_file_loads"":0.0,""sanitisation"":0.0,""tetrahedral_chirality"":0.0}",992,87.44994163508461,0.6603119947214469,1.0916855240683756,7.0,0.7056451612903226,0.77402626626795,0.36794354838709675,4.509496773645866,0.26373894380853274,0.0,2.0,0.20161290322580644,0.9997624855462754,0.5090725806451613,1.9996707621544814,0.5001646234391259,0.0,1.0,0.10080645161290322,0.0,1.0,1.0,1.0,0.0,1.0,0.10080645161290322,0.0,1.0,1.0,1.0,0.0,992,14.314920835683012,64.7912495142211,23.07968588968927,3.9615451428415716,0.11987141016025307,0.6086082641025773,1.0,1.0,1.0,1.0,0.09909482379139271,0.6259011664345322,1.0,1.0,1.0,1.0,998,0,0,0,0,0,998,0,0,0,0,992,1000,1000,core
2ymd_2ymd_conf0,generation,qwen_4b_4e_from_bigdata_step20000,dynamic,4b_4e_from_bigdata_step20000,qwen_4b_4e_from_bigdata_step20000_dynamic,Qwen 4B 4e from bigdata (step 20000),qwen_4b_4e_from_bigdata_step20000_dynamic,4,13,67,0.7,67,67,0,1.0,68,67,1,0.9852941176470588,"{""all_atoms_connected"":0,""bond_angles"":0,""bond_lengths"":1,""bonds"":0,""double_bond_stereochemistry"":0,""energy_ratio"":0,""file_loads"":0,""inchi_convertible"":0,""internal_steric_clash"":0,""molecular_formula"":0,""no_radicals"":0,""planar_aromatic_rings"":0,""planar_double_bonds"":0,""reference_file_loads"":0,""sanitisation"":0,""tetrahedral_chirality"":0}","{""all_atoms_connected"":0.0,""bond_angles"":0.0,""bond_lengths"":0.014705882352941176,""bonds"":0.0,""double_bond_stereochemistry"":0.0,""energy_ratio"":0.0,""file_loads"":0.0,""inchi_convertible"":0.0,""internal_steric_clash"":0.0,""molecular_formula"":0.0,""no_radicals"":0.0,""planar_aromatic_rings"":0.0,""planar_double_bonds"":0.0,""reference_file_loads"":0.0,""sanitisation"":0.0,""tetrahedral_chirality"":0.0}",67,83.02242235527925,0.6922167807705736,1.1088247393106327,4.0,5.970149253731344,0.9163784133684811,0.40298507462686567,3.5621711305597903,0.3031855647137447,0.0,2.0,2.985074626865672,0.9985532860835362,0.5223880597014925,1.9979954338985144,0.5010024504343951,0.0,1.0,1.492537313432836,0.0,1.0,1.0,1.0,0.0,1.0,1.492537313432836,0.0,1.0,1.0,1.0,0.0,67,15.971668363455624,31.075295402318268,24.117200825557468,3.4033307302628626,0.21661411361267607,0.930328837151106,1.0,1.0,1.0,1.0,0.1939898477560566,0.923298660543201,1.0,1.0,1.0,1.0,998,0,0,0,0,0,68,0,0,0,0,67,68,68,core
2ymd_2ymd_conf0,generation,qwen_4b_4e_from_bigdata_step20000,chembl_count,4b_4e_from_bigdata_step20000,qwen_4b_4e_from_bigdata_step20000_chembl_count,Qwen 4B 4e from bigdata (step 20000),qwen_4b_4e_from_bigdata_step20000_chembl_count,4,13,30,0.7,30,30,0,1.0,30,30,0,1.0,"{""all_atoms_connected"":0,""bond_angles"":0,""bond_lengths"":0,""bonds"":0,""double_bond_stereochemistry"":0,""energy_ratio"":0,""file_loads"":0,""inchi_convertible"":0,""internal_steric_clash"":0,""molecular_formula"":0,""no_radicals"":0,""planar_aromatic_rings"":0,""planar_double_bonds"":0,""reference_file_loads"":0,""sanitisation"":0,""tetrahedral_chirality"":0}","{""all_atoms_connected"":0.0,""bond_angles"":0.0,""bond_lengths"":0.0,""bonds"":0.0,""double_bond_stereochemistry"":0.0,""energy_ratio"":0.0,""file_loads"":0.0,""inchi_convertible"":0.0,""internal_steric_clash"":0.0,""molecular_formula"":0.0,""no_radicals"":0.0,""planar_aromatic_rings"":0.0,""planar_double_bonds"":0.0,""reference_file_loads"":0.0,""sanitisation"":0.0,""tetrahedral_chirality"":0.0}",30,77.9404754480691,0.5582652728291071,0.9437912473414499,3.0,10.0,0.8856194615204434,0.5666666666666667,2.645744297140429,0.41999999999999993,0.0,2.0,6.666666666666667,0.8366407419411673,0.7333333333333333,1.7858869300686604,0.6088888888888888,0.0,1.0,3.3333333333333335,0.0,1.0,1.0,1.0,0.0,1.0,3.3333333333333335,0.0,1.0,1.0,1.0,0.0,30,18.57445022050049,31.075295402318268,24.197811705674518,2.966642186396162,0.11987141016025307,0.5108947864752632,1.0,1.0,1.0,1.0,0.09909482379139271,0.5296804830963662,1.0,1.0,1.0,1.0,998,0,0,0,0,0,30,0,0,0,0,30,30,30,core
2zb1_2zb1_conf0,generation,qwen_4b_4e_from_bigdata_step20000,fixed,4b_4e_from_bigdata_step20000,qwen_4b_4e_from_bigdata_step20000_fixed,Qwen 4B 4e from bigdata (step 20000),qwen_4b_4e_from_bigdata_step20000_fixed,5,26,980,0.7,980,980,0,1.0,1000,980,20,0.98,"{""all_atoms_connected"":0,""bond_angles"":11,""bond_lengths"":5,""bonds"":0,""double_bond_stereochemistry"":0,""energy_ratio"":0,""file_loads"":0,""inchi_convertible"":0,""internal_steric_clash"":8,""molecular_formula"":0,""no_radicals"":0,""planar_aromatic_rings"":1,""planar_double_bonds"":0,""reference_file_loads"":0,""sanitisation"":0,""tetrahedral_chirality"":0}","{""all_atoms_connected"":0.0,""bond_angles"":0.011,""bond_lengths"":0.005,""bonds"":0.0,""double_bond_stereochemistry"":0.0,""energy_ratio"":0.0,""file_loads"":0.0,""inchi_convertible"":0.0,""internal_steric_clash"":0.008,""molecular_formula"":0.0,""no_radicals"":0.0,""planar_aromatic_rings"":0.001,""planar_double_bonds"":0.0,""reference_file_loads"":0.0,""sanitisation"":0.0,""tetrahedral_chirality"":0.0}",980,118.46139914787017,1.2465570977414182,1.7491668553093025,97.0,9.89795918367347,0.8949130859946723,0.06224489795918367,59.9774536622502,0.02312369845897543,0.12371134020618557,10.0,1.0204081632653061,0.9582663135048183,0.16938775510204082,9.083773850741755,0.11653894210745525,0.0,1.0,0.10204081632653061,0.0,1.0,1.0,1.0,0.0,1.0,0.10204081632653061,0.0,1.0,1.0,1.0,0.0,980,43.7870776907986,146.11646566533693,57.78829829328491,7.114846588638944,0.32699614896523027,1.2696109194447693,0.0,1.0,1.0,1.0,0.37310231424530454,1.3449974898004236,0.0,1.0,1.0,1.0,1000,0,0,0,0,0,1000,0,0,0,0,980,1000,1000,core
2zb1_2zb1_conf0,generation,qwen_4b_4e_from_bigdata_step20000,dynamic,4b_4e_from_bigdata_step20000,qwen_4b_4e_from_bigdata_step20000_dynamic,Qwen 4B 4e from bigdata (step 20000),qwen_4b_4e_from_bigdata_step20000_dynamic,5,26,86,0.7,86,86,0,1.0,90,86,4,0.9555555555555556,"{""all_atoms_connected"":0,""bond_angles"":4,""bond_lengths"":0,""bonds"":0,""double_bond_stereochemistry"":0,""energy_ratio"":0,""file_loads"":0,""inchi_convertible"":0,""internal_steric_clash"":1,""molecular_formula"":0,""no_radicals"":0,""planar_aromatic_rings"":0,""planar_double_bonds"":0,""reference_file_loads"":0,""sanitisation"":0,""tetrahedral_chirality"":0}","{""all_atoms_connected"":0.0,""bond_angles"":0.044444444444444446,""bond_lengths"":0.0,""bonds"":0.0,""double_bond_stereochemistry"":0.0,""energy_ratio"":0.0,""file_loads"":0.0,""inchi_convertible"":0.0,""internal_steric_clash"":0.011111111111111112,""molecular_formula"":0.0,""no_radicals"":0.0,""planar_aromatic_rings"":0.0,""planar_double_bonds"":0.0,""reference_file_loads"":0.0,""sanitisation"":0.0,""tetrahedral_chirality"":0.0}",86,116.3066922330491,1.2783318546430416,1.8332396055091673,36.0,41.86046511627907,0.957011439011704,0.06976744186046512,30.860239754819176,0.03704705246078961,0.3055555555555556,7.0,8.13953488372093,0.9434752627795396,0.23255813953488372,6.270888738800792,0.172796106003245,0.0,1.0,1.1627906976744187,0.0,1.0,1.0,1.0,0.0,1.0,1.1627906976744187,0.0,1.0,1.0,1.0,0.0,86,48.48945381383206,77.15285190559332,57.73076833094706,5.212741143658662,0.3780225516748474,1.3751262880215902,0.0,1.0,1.0,1.0,0.37310231424530454,1.4194232897274235,0.0,1.0,1.0,1.0,1000,0,0,0,0,0,90,0,0,0,0,86,90,90,core
2zb1_2zb1_conf0,generation,qwen_4b_4e_from_bigdata_step20000,chembl_count,4b_4e_from_bigdata_step20000,qwen_4b_4e_from_bigdata_step20000_chembl_count,Qwen 4B 4e from bigdata (step 20000),qwen_4b_4e_from_bigdata_step20000_chembl_count,5,26,194,0.7,194,194,0,1.0,200,194,6,0.97,"{""all_atoms_connected"":0,""bond_angles"":4,""bond_lengths"":2,""bonds"":0,""double_bond_stereochemistry"":0,""energy_ratio"":0,""file_loads"":0,""inchi_convertible"":0,""internal_steric_clash"":0,""molecular_formula"":0,""no_radicals"":0,""planar_aromatic_rings"":0,""planar_double_bonds"":0,""reference_file_loads"":0,""sanitisation"":0,""tetrahedral_chirality"":0}","{""all_atoms_connected"":0.0,""bond_angles"":0.02,""bond_lengths"":0.01,""bonds"":0.0,""double_bond_stereochemistry"":0.0,""energy_ratio"":0.0,""file_loads"":0.0,""inchi_convertible"":0.0,""internal_steric_clash"":0.0,""molecular_formula"":0.0,""no_radicals"":0.0,""planar_aromatic_rings"":0.0,""planar_double_bonds"":0.0,""reference_file_loads"":0.0,""sanitisation"":0.0,""tetrahedral_chirality"":0.0}",194,119.2359562893805,1.2635556830363448,1.7737620232306,56.0,28.8659793814433,0.9239872282865895,0.0979381443298969,41.23855219014954,0.0325220533531725,0.25,8.0,4.123711340206185,0.8583818487745569,0.29381443298969073,5.959311027400912,0.19800191306196194,0.0,1.0,0.5154639175257731,0.0,1.0,1.0,1.0,0.0,1.0,0.5154639175257731,0.0,1.0,1.0,1.0,0.0,194,44.53062525933045,106.50989656071006,57.22885652983639,6.1127152062310675,0.3668989109123653,1.2698645327121008,0.0,1.0,1.0,1.0,0.40435739503719936,1.3440185425902555,0.0,1.0,1.0,1.0,1000,0,0,0,0,0,200,0,0,0,0,194,200,200,core
2zcq_2zcq_conf0,generation,qwen_4b_4e_from_bigdata_step20000,fixed,4b_4e_from_bigdata_step20000,qwen_4b_4e_from_bigdata_step20000_fixed,Qwen 4B 4e from bigdata (step 20000),qwen_4b_4e_from_bigdata_step20000_fixed,8,25,642,0.7,642,637,5,0.9922118380062306,969,642,327,0.6625386996904025,"{""all_atoms_connected"":0,""bond_angles"":50,""bond_lengths"":27,""bonds"":0,""double_bond_stereochemistry"":0,""energy_ratio"":40,""file_loads"":0,""inchi_convertible"":0,""internal_steric_clash"":162,""molecular_formula"":0,""no_radicals"":0,""planar_aromatic_rings"":2,""planar_double_bonds"":0,""reference_file_loads"":0,""sanitisation"":0,""tetrahedral_chirality"":170}","{""all_atoms_connected"":0.0,""bond_angles"":0.05159958720330237,""bond_lengths"":0.02786377708978328,""bonds"":0.0,""double_bond_stereochemistry"":0.0,""energy_ratio"":0.0412796697626419,""file_loads"":0.0,""inchi_convertible"":0.0,""internal_steric_clash"":0.16718266253869968,""molecular_formula"":0.0,""no_radicals"":0.0,""planar_aromatic_rings"":0.0020639834881320948,""planar_double_bonds"":0.0,""reference_file_loads"":0.0,""sanitisation"":0.0,""tetrahedral_chirality"":0.17543859649122806}",642,111.89043635881535,2.057483134983895,2.6708590644054486,553.0,86.13707165109034,0.9881688464179225,0.009345794392523364,513.1868613957815,0.0022175638823380985,0.8896925858951176,152.0,23.67601246105919,0.9413873727138333,0.029595015576323987,113.22960777442009,0.011213982783552177,0.21052631578947367,9.0,1.4018691588785046,0.9187466221934332,0.2398753894080997,7.528476208826368,0.15411826360380818,0.0,2.0,0.3115264797507788,0.8931374947265724,0.6900311526479751,1.8572106959399048,0.572223677953436,0.0,642,227.4736152472234,2663.116188076231,267.37603421861843,107.78470176084836,0.6058551268933646,1.9642679872430127,0.0,0.0,1.0,1.0,0.6635705456741104,1.983246693370582,0.0,0.0,1.0,1.0,969,0,0,0,0,0,969,0,0,0,0,642,1000,1000,core
2zcq_2zcq_conf0,generation,qwen_4b_4e_from_bigdata_step20000,dynamic,4b_4e_from_bigdata_step20000,qwen_4b_4e_from_bigdata_step20000_dynamic,Qwen 4B 4e from bigdata (step 20000),qwen_4b_4e_from_bigdata_step20000_dynamic,8,25,117,0.7,117,116,1,0.9914529914529915,156,117,39,0.75,"{""all_atoms_connected"":0,""bond_angles"":2,""bond_lengths"":1,""bonds"":0,""double_bond_stereochemistry"":0,""energy_ratio"":1,""file_loads"":0,""inchi_convertible"":0,""internal_steric_clash"":15,""molecular_formula"":0,""no_radicals"":0,""planar_aromatic_rings"":0,""planar_double_bonds"":0,""reference_file_loads"":0,""sanitisation"":0,""tetrahedral_chirality"":25}","{""all_atoms_connected"":0.0,""bond_angles"":0.01282051282051282,""bond_lengths"":0.00641025641025641,""bonds"":0.0,""double_bond_stereochemistry"":0.0,""energy_ratio"":0.00641025641025641,""file_loads"":0.0,""inchi_convertible"":0.0,""internal_steric_clash"":0.09615384615384616,""molecular_formula"":0.0,""no_radicals"":0.0,""planar_aromatic_rings"":0.0,""planar_double_bonds"":0.0,""reference_file_loads"":0.0,""sanitisation"":0.0,""tetrahedral_chirality"":0.16025641025641027}",117,110.23249077474082,2.1227150448061636,2.75611830662422,113.0,96.58119658119658,0.9973328689308453,0.017094017094017096,111.58417689334811,0.009131419387829647,0.9646017699115044,68.0,58.11965811965812,0.9629141825069567,0.05128205128205128,58.14987983586955,0.020381328073635765,0.5588235294117647,7.0,5.982905982905983,0.8887263473810149,0.358974358974359,5.6371669140531955,0.2152823434874717,0.0,1.0,0.8547008547008547,0.0,1.0,1.0,1.0,0.0,117,227.5841209935764,539.1639918666184,268.2475281441747,46.31730724961768,0.6058551268933646,2.008152790151784,0.0,0.0,1.0,1.0,0.8093500653898791,1.886039998683331,0.0,0.0,0.0,1.0,969,0,0,0,0,0,156,0,0,0,0,117,156,156,core
2zcq_2zcq_conf0,generation,qwen_4b_4e_from_bigdata_step20000,chembl_count,4b_4e_from_bigdata_step20000,qwen_4b_4e_from_bigdata_step20000_chembl_count,Qwen 4B 4e from bigdata (step 20000),qwen_4b_4e_from_bigdata_step20000_chembl_count,8,25,50,0.7,50,49,1,0.98,67,50,17,0.746268656716418,"{""all_atoms_connected"":0,""bond_angles"":2,""bond_lengths"":1,""bonds"":0,""double_bond_stereochemistry"":0,""energy_ratio"":3,""file_loads"":0,""inchi_convertible"":0,""internal_steric_clash"":8,""molecular_formula"":0,""no_radicals"":0,""planar_aromatic_rings"":1,""planar_double_bonds"":0,""reference_file_loads"":0,""sanitisation"":0,""tetrahedral_chirality"":11}","{""all_atoms_connected"":0.0,""bond_angles"":0.029850746268656716,""bond_lengths"":0.014925373134328358,""bonds"":0.0,""double_bond_stereochemistry"":0.0,""energy_ratio"":0.04477611940298507,""file_loads"":0.0,""inchi_convertible"":0.0,""internal_steric_clash"":0.11940298507462686,""molecular_formula"":0.0,""no_radicals"":0.0,""planar_aromatic_rings"":0.014925373134328358,""planar_double_bonds"":0.0,""reference_file_loads"":0.0,""sanitisation"":0.0,""tetrahedral_chirality"":0.16417910447761194}",50,114.51252642618215,2.0074824304060903,2.6247771319128543,50.0,100.0,0.9999999999999999,0.02,49.99999999999997,0.020000000000000004,1.0,33.0,66.0,0.9562030791945924,0.12,28.314422298789484,0.0432,0.6666666666666666,5.0,10.0,0.8557360226027302,0.4,3.964001511650507,0.29200000000000004,0.0,2.0,4.0,0.8267463724926178,0.74,1.7736807677013762,0.6152,0.0,50,234.75972246917604,2663.116188076231,267.41871654892066,336.12713311469383,0.6058551268933646,1.9536580977238809,0.0,0.0,1.0,1.0,0.6635705456741104,1.9021970116411466,0.0,0.0,1.0,1.0,969,0,0,0,0,0,67,0,0,0,0,50,67,67,core
2zcr_2zcr_conf0,generation,qwen_4b_4e_from_bigdata_step20000,fixed,4b_4e_from_bigdata_step20000,qwen_4b_4e_from_bigdata_step20000_fixed,Qwen 4B 4e from bigdata (step 20000),qwen_4b_4e_from_bigdata_step20000_fixed,10,28,485,0.7,485,471,14,0.9711340206185567,976,485,491,0.4969262295081967,"{""all_atoms_connected"":0,""bond_angles"":8,""bond_lengths"":5,""bonds"":0,""double_bond_stereochemistry"":0,""energy_ratio"":104,""file_loads"":0,""inchi_convertible"":0,""internal_steric_clash"":486,""molecular_formula"":0,""no_radicals"":0,""planar_aromatic_rings"":0,""planar_double_bonds"":0,""reference_file_loads"":0,""sanitisation"":0,""tetrahedral_chirality"":18}","{""all_atoms_connected"":0.0,""bond_angles"":0.00819672131147541,""bond_lengths"":0.005122950819672131,""bonds"":0.0,""double_bond_stereochemistry"":0.0,""energy_ratio"":0.10655737704918032,""file_loads"":0.0,""inchi_convertible"":0.0,""internal_steric_clash"":0.4979508196721312,""molecular_formula"":0.0,""no_radicals"":0.0,""planar_aromatic_rings"":0.0,""planar_double_bonds"":0.0,""reference_file_loads"":0.0,""sanitisation"":0.0,""tetrahedral_chirality"":0.018442622950819672}",485,89.97269647046014,1.3427676095225078,2.3492172902758917,220.0,45.36082474226804,0.9319538615157263,0.030927835051546393,152.4157553393241,0.009595068551386969,0.6090909090909091,40.0,8.24742268041237,0.6005590693284689,0.3134020618556701,9.16498286637761,0.18978850037198428,0.3,5.0,1.0309278350515463,0.36014373338594186,0.8556701030927835,1.7853758948948726,0.7392539058348391,0.0,2.0,0.41237113402061853,0.3347676126777638,0.9381443298969072,1.2611742442656333,0.8839409076416198,0.0,485,233.64816859401253,722.4366331578639,284.5644640868553,44.54924388198246,2.0962508510198745,4.129447274927539,0.0,0.0,0.0,0.0,4.1324860003474715,5.079875264453946,0.0,0.0,0.0,0.0,976,0,0,0,0,0,976,0,0,0,0,485,1000,1000,core
2zcr_2zcr_conf0,generation,qwen_4b_4e_from_bigdata_step20000,dynamic,4b_4e_from_bigdata_step20000,qwen_4b_4e_from_bigdata_step20000_dynamic,Qwen 4B 4e from bigdata (step 20000),qwen_4b_4e_from_bigdata_step20000_dynamic,10,28,93,0.7,93,90,3,0.967741935483871,200,93,107,0.465,"{""all_atoms_connected"":0,""bond_angles"":1,""bond_lengths"":0,""bonds"":0,""double_bond_stereochemistry"":0,""energy_ratio"":20,""file_loads"":0,""inchi_convertible"":0,""internal_steric_clash"":107,""molecular_formula"":0,""no_radicals"":0,""planar_aromatic_rings"":0,""planar_double_bonds"":0,""reference_file_loads"":0,""sanitisation"":0,""tetrahedral_chirality"":2}","{""all_atoms_connected"":0.0,""bond_angles"":0.005,""bond_lengths"":0.0,""bonds"":0.0,""double_bond_stereochemistry"":0.0,""energy_ratio"":0.1,""file_loads"":0.0,""inchi_convertible"":0.0,""internal_steric_clash"":0.535,""molecular_formula"":0.0,""no_radicals"":0.0,""planar_aromatic_rings"":0.0,""planar_double_bonds"":0.0,""reference_file_loads"":0.0,""sanitisation"":0.0,""tetrahedral_chirality"":0.01}",93,90.75343737888474,1.3587221949201442,2.3725190774332447,67.0,72.04301075268818,0.9549964193636771,0.06451612903225806,55.449150637094476,0.023702162099664695,0.8208955223880597,19.0,20.43010752688172,0.6952815605911429,0.34408602150537637,7.746290847680096,0.20522603769221878,0.47368421052631576,3.0,3.225806451612903,0.5035831085764078,0.8387096774193549,1.73888237119392,0.7164990172274253,0.0,1.0,1.075268817204301,0.0,1.0,1.0,1.0,0.0,93,250.6581432627579,566.460058187152,284.0906724895199,36.89229063122189,2.3902986627243683,4.1146390209766315,0.0,0.0,0.0,0.0,4.1324860003474715,5.069522500182173,0.0,0.0,0.0,0.0,976,0,0,0,0,0,200,0,0,0,0,93,200,200,core
2zcr_2zcr_conf0,generation,qwen_4b_4e_from_bigdata_step20000,chembl_count,4b_4e_from_bigdata_step20000,qwen_4b_4e_from_bigdata_step20000_chembl_count,Qwen 4B 4e from bigdata (step 20000),qwen_4b_4e_from_bigdata_step20000_chembl_count,10,28,33,0.7,33,33,0,1.0,60,33,27,0.55,"{""all_atoms_connected"":0,""bond_angles"":1,""bond_lengths"":1,""bonds"":0,""double_bond_stereochemistry"":0,""energy_ratio"":7,""file_loads"":0,""inchi_convertible"":0,""internal_steric_clash"":27,""molecular_formula"":0,""no_radicals"":0,""planar_aromatic_rings"":0,""planar_double_bonds"":0,""reference_file_loads"":0,""sanitisation"":0,""tetrahedral_chirality"":4}","{""all_atoms_connected"":0.0,""bond_angles"":0.016666666666666666,""bond_lengths"":0.016666666666666666,""bonds"":0.0,""double_bond_stereochemistry"":0.0,""energy_ratio"":0.11666666666666667,""file_loads"":0.0,""inchi_convertible"":0.0,""internal_steric_clash"":0.45,""molecular_formula"":0.0,""no_radicals"":0.0,""planar_aromatic_rings"":0.0,""planar_double_bonds"":0.0,""reference_file_loads"":0.0,""sanitisation"":0.0,""tetrahedral_chirality"":0.06666666666666667}",33,89.12992052661025,1.4499243012522591,2.6764102782480754,28.0,84.84848484848484,0.9862728866914597,0.06060606060606061,26.74808712118823,0.03948576675849402,0.8214285714285714,10.0,30.303030303030305,0.7695356540426075,0.3939393939393939,5.882144024851507,0.23783287419651056,0.6,3.0,9.090909090909092,0.5061471991414217,0.8181818181818182,1.7437876065786655,0.6932966023875117,0.3333333333333333,1.0,3.0303030303030303,0.0,1.0,1.0,1.0,0.0,33,241.3454341007764,342.7247248740513,281.24764010973206,24.074892440483236,2.687623697487728,4.038922389120954,0.0,0.0,0.0,0.0,4.238962671124388,5.054717416957521,0.0,0.0,0.0,0.0,976,0,0,0,0,0,60,0,0,0,0,33,60,60,core
2zy1_2zy1_conf0,generation,qwen_4b_4e_from_bigdata_step20000,fixed,4b_4e_from_bigdata_step20000,qwen_4b_4e_from_bigdata_step20000_fixed,Qwen 4B 4e from bigdata (step 20000),qwen_4b_4e_from_bigdata_step20000_fixed,8,24,586,0.7,586,579,7,0.9880546075085325,999,586,413,0.5865865865865866,"{""all_atoms_connected"":0,""bond_angles"":14,""bond_lengths"":5,""bonds"":0,""double_bond_stereochemistry"":0,""energy_ratio"":49,""file_loads"":0,""inchi_convertible"":0,""internal_steric_clash"":410,""molecular_formula"":0,""no_radicals"":0,""planar_aromatic_rings"":5,""planar_double_bonds"":0,""reference_file_loads"":0,""sanitisation"":0,""tetrahedral_chirality"":0}","{""all_atoms_connected"":0.0,""bond_angles"":0.014014014014014014,""bond_lengths"":0.005005005005005005,""bonds"":0.0,""double_bond_stereochemistry"":0.0,""energy_ratio"":0.04904904904904905,""file_loads"":0.0,""inchi_convertible"":0.0,""internal_steric_clash"":0.41041041041041043,""molecular_formula"":0.0,""no_radicals"":0.0,""planar_aromatic_rings"":0.005005005005005005,""planar_double_bonds"":0.0,""reference_file_loads"":0.0,""sanitisation"":0.0,""tetrahedral_chirality"":0.0}",586,93.69157878256604,2.1351903457206016,2.874784191520953,492.0,83.95904436860069,0.9884882938924757,0.008532423208191127,458.11656075250266,0.0024286829200107166,0.8516260162601627,128.0,21.843003412969285,0.934366381647474,0.034129692832764506,93.09066971181001,0.01376836072639169,0.203125,7.0,1.1945392491467577,0.9238795635592653,0.2440273037542662,6.036272098927677,0.1767871495299887,0.0,1.0,0.17064846416382254,0.0,1.0,1.0,1.0,0.0,586,47.16320173653838,177.04556333568866,75.3947695240195,16.93901480668881,1.3192950253553695,3.2076006465630966,0.0,0.0,0.0,1.0,1.3118787234627216,3.214031751807718,0.0,0.0,0.0,1.0,999,0,0,0,0,0,999,0,0,0,0,586,1000,1000,core
2zy1_2zy1_conf0,generation,qwen_4b_4e_from_bigdata_step20000,dynamic,4b_4e_from_bigdata_step20000,qwen_4b_4e_from_bigdata_step20000_dynamic,Qwen 4B 4e from bigdata (step 20000),qwen_4b_4e_from_bigdata_step20000_dynamic,8,24,94,0.7,94,93,1,0.9893617021276596,156,94,62,0.6025641025641025,"{""all_atoms_connected"":0,""bond_angles"":3,""bond_lengths"":1,""bonds"":0,""double_bond_stereochemistry"":0,""energy_ratio"":8,""file_loads"":0,""inchi_convertible"":0,""internal_steric_clash"":61,""molecular_formula"":0,""no_radicals"":0,""planar_aromatic_rings"":0,""planar_double_bonds"":0,""reference_file_loads"":0,""sanitisation"":0,""tetrahedral_chirality"":0}","{""all_atoms_connected"":0.0,""bond_angles"":0.019230769230769232,""bond_lengths"":0.00641025641025641,""bonds"":0.0,""double_bond_stereochemistry"":0.0,""energy_ratio"":0.05128205128205128,""file_loads"":0.0,""inchi_convertible"":0.0,""internal_steric_clash"":0.391025641025641,""molecular_formula"":0.0,""no_radicals"":0.0,""planar_aromatic_rings"":0.0,""planar_double_bonds"":0.0,""reference_file_loads"":0.0,""sanitisation"":0.0,""tetrahedral_chirality"":0.0}",94,95.06654779144033,2.163327343457798,2.9975756714318837,92.0,97.87234042553192,0.9982331284739258,0.02127659574468085,91.26790182142248,0.011090991398822997,0.9782608695652174,52.0,55.319148936170215,0.9629574172542115,0.05319148936170213,44.919834529257905,0.025577184246265275,0.5192307692307693,4.0,4.25531914893617,0.9640229336955519,0.3404255319148936,3.8053940877381645,0.2741059302851969,0.0,1.0,1.0638297872340425,0.0,1.0,1.0,1.0,0.0,94,47.16320173653838,115.05496853373378,76.27742676319502,12.599150927127903,1.3192950253553695,3.285108379785197,0.0,0.0,0.0,1.0,1.3118787234627216,3.2890267284842514,0.0,0.0,0.0,1.0,999,0,0,0,0,0,156,0,0,0,0,94,156,156,core
2zy1_2zy1_conf0,generation,qwen_4b_4e_from_bigdata_step20000,chembl_count,4b_4e_from_bigdata_step20000,qwen_4b_4e_from_bigdata_step20000_chembl_count,Qwen 4B 4e from bigdata (step 20000),qwen_4b_4e_from_bigdata_step20000_chembl_count,8,24,51,0.7,51,51,0,1.0,94,51,43,0.5425531914893617,"{""all_atoms_connected"":0,""bond_angles"":1,""bond_lengths"":0,""bonds"":0,""double_bond_stereochemistry"":0,""energy_ratio"":9,""file_loads"":0,""inchi_convertible"":0,""internal_steric_clash"":43,""molecular_formula"":0,""no_radicals"":0,""planar_aromatic_rings"":0,""planar_double_bonds"":0,""reference_file_loads"":0,""sanitisation"":0,""tetrahedral_chirality"":0}","{""all_atoms_connected"":0.0,""bond_angles"":0.010638297872340425,""bond_lengths"":0.0,""bonds"":0.0,""double_bond_stereochemistry"":0.0,""energy_ratio"":0.09574468085106383,""file_loads"":0.0,""inchi_convertible"":0.0,""internal_steric_clash"":0.4574468085106383,""molecular_formula"":0.0,""no_radicals"":0.0,""planar_aromatic_rings"":0.0,""planar_double_bonds"":0.0,""reference_file_loads"":0.0,""sanitisation"":0.0,""tetrahedral_chirality"":0.0}",51,94.83025239635437,2.1350468701743406,3.0096820635844095,49.0,96.07843137254902,0.9963104282736097,0.0392156862745098,48.30142908850409,0.02114571318723568,0.9591836734693877,32.0,62.745098039215684,0.9628206075675645,0.0784313725490196,28.13127502397464,0.040369088811995385,0.625,6.0,11.764705882352942,0.942187554630004,0.2549019607843137,5.409590910936475,0.1995386389850058,0.0,2.0,3.9215686274509802,0.9182958340544894,0.6666666666666666,1.8898815748423097,0.5555555555555556,0.0,51,50.50622741386054,126.17907188669163,72.58031807083479,16.250814667571337,1.492184500629649,3.3418618365768173,0.0,0.0,0.0,1.0,1.5127463194915214,3.343614455153336,0.0,0.0,0.0,1.0,999,0,0,0,0,0,94,0,0,0,0,51,94,94,core
3aru_3aru_conf0,generation,qwen_4b_4e_from_bigdata_step20000,fixed,4b_4e_from_bigdata_step20000,qwen_4b_4e_from_bigdata_step20000_fixed,Qwen 4B 4e from bigdata (step 20000),qwen_4b_4e_from_bigdata_step20000_fixed,5,20,990,0.7,990,990,0,1.0,1000,990,10,0.99,"{""all_atoms_connected"":0,""bond_angles"":2,""bond_lengths"":2,""bonds"":0,""double_bond_stereochemistry"":0,""energy_ratio"":1,""file_loads"":0,""inchi_convertible"":0,""internal_steric_clash"":8,""molecular_formula"":0,""no_radicals"":0,""planar_aromatic_rings"":0,""planar_double_bonds"":0,""reference_file_loads"":0,""sanitisation"":0,""tetrahedral_chirality"":0}","{""all_atoms_connected"":0.0,""bond_angles"":0.002,""bond_lengths"":0.002,""bonds"":0.0,""double_bond_stereochemistry"":0.0,""energy_ratio"":0.001,""file_loads"":0.0,""inchi_convertible"":0.0,""internal_steric_clash"":0.008,""molecular_formula"":0.0,""no_radicals"":0.0,""planar_aromatic_rings"":0.0,""planar_double_bonds"":0.0,""reference_file_loads"":0.0,""sanitisation"":0.0,""tetrahedral_chirality"":0.0}",990,97.98403549496409,1.7032924853884883,2.392799906570951,177.0,17.87878787878788,0.8656944657379646,0.06565656565656566,88.31978757223405,0.019838791960004085,0.3446327683615819,17.0,1.7171717171717171,0.8910271636892112,0.1808080808080808,12.484277468376474,0.09765738189980613,0.0,3.0,0.30303030303030304,0.9973577234366939,0.3686868686868687,2.9913041149693664,0.33529435771860017,0.0,1.0,0.10101010101010101,0.0,1.0,1.0,1.0,0.0,990,-119.29442598950249,-32.70058840907801,-107.27139371281945,6.76132808694353,0.7333870820458817,1.9917676779607507,0.0,0.0,1.0,1.0,0.7049533359865561,1.9799186357532474,0.0,0.0,1.0,1.0,1000,0,0,0,0,0,1000,0,0,0,0,990,1000,1000,core
3aru_3aru_conf0,generation,qwen_4b_4e_from_bigdata_step20000,dynamic,4b_4e_from_bigdata_step20000,qwen_4b_4e_from_bigdata_step20000_dynamic,Qwen 4B 4e from bigdata (step 20000),qwen_4b_4e_from_bigdata_step20000_dynamic,5,20,90,0.7,90,90,0,1.0,90,90,0,1.0,"{""all_atoms_connected"":0,""bond_angles"":0,""bond_lengths"":0,""bonds"":0,""double_bond_stereochemistry"":0,""energy_ratio"":0,""file_loads"":0,""inchi_convertible"":0,""internal_steric_clash"":0,""molecular_formula"":0,""no_radicals"":0,""planar_aromatic_rings"":0,""planar_double_bonds"":0,""reference_file_loads"":0,""sanitisation"":0,""tetrahedral_chirality"":0}","{""all_atoms_connected"":0.0,""bond_angles"":0.0,""bond_lengths"":0.0,""bonds"":0.0,""double_bond_stereochemistry"":0.0,""energy_ratio"":0.0,""file_loads"":0.0,""inchi_convertible"":0.0,""internal_steric_clash"":0.0,""molecular_formula"":0.0,""no_radicals"":0.0,""planar_aromatic_rings"":0.0,""planar_double_bonds"":0.0,""reference_file_loads"":0.0,""sanitisation"":0.0,""tetrahedral_chirality"":0.0}",90,100.83771428809739,1.6646937772429882,2.4119683153585334,49.0,54.44444444444444,0.947969210618085,0.07777777777777778,40.01785845550663,0.031111111111111114,0.5510204081632653,11.0,12.222222222222221,0.884848566231775,0.2222222222222222,8.34593166273292,0.14098765432098764,0.09090909090909091,3.0,3.3333333333333335,0.9657609685590569,0.45555555555555555,2.889249754707257,0.35876543209876544,0.0,1.0,1.1111111111111112,0.0,1.0,1.0,1.0,0.0,90,-118.18901061328732,-84.32719550363771,-106.93687471208528,5.806992967772128,1.1907702699066731,2.1061185620696916,0.0,0.0,0.0,1.0,1.1310877937215147,2.1024443353812106,0.0,0.0,0.0,1.0,1000,0,0,0,0,0,90,0,0,0,0,90,90,90,core
3aru_3aru_conf0,generation,qwen_4b_4e_from_bigdata_step20000,chembl_count,4b_4e_from_bigdata_step20000,qwen_4b_4e_from_bigdata_step20000_chembl_count,Qwen 4B 4e from bigdata (step 20000),qwen_4b_4e_from_bigdata_step20000_chembl_count,5,20,122,0.7,122,122,0,1.0,124,122,2,0.9838709677419356,"{""all_atoms_connected"":0,""bond_angles"":2,""bond_lengths"":1,""bonds"":0,""double_bond_stereochemistry"":0,""energy_ratio"":1,""file_loads"":0,""inchi_convertible"":0,""internal_steric_clash"":1,""molecular_formula"":0,""no_radicals"":0,""planar_aromatic_rings"":0,""planar_double_bonds"":0,""reference_file_loads"":0,""sanitisation"":0,""tetrahedral_chirality"":0}","{""all_atoms_connected"":0.0,""bond_angles"":0.016129032258064516,""bond_lengths"":0.008064516129032258,""bonds"":0.0,""double_bond_stereochemistry"":0.0,""energy_ratio"":0.008064516129032258,""file_loads"":0.0,""inchi_convertible"":0.0,""internal_steric_clash"":0.008064516129032258,""molecular_formula"":0.0,""no_radicals"":0.0,""planar_aromatic_rings"":0.0,""planar_double_bonds"":0.0,""reference_file_loads"":0.0,""sanitisation"":0.0,""tetrahedral_chirality"":0.0}",122,97.8914828922257,1.7001167545820146,2.4011492834459114,63.0,51.63934426229508,0.9488839359204079,0.08196721311475409,50.97595170022627,0.025127653856490188,0.5238095238095238,15.0,12.295081967213115,0.939693377559507,0.13934426229508196,12.73987502032659,0.08774522977694169,0.0,3.0,2.459016393442623,0.9549552113288619,0.47540983606557374,2.8551532810293674,0.36697124428916955,0.0,1.0,0.819672131147541,0.0,1.0,1.0,1.0,0.0,122,-117.73526090430127,-69.91339492742152,-106.36137809964819,6.509860839349444,0.900486539813735,2.0432750967438293,0.0,0.0,0.0,1.0,0.8384236799794436,2.004983461580801,0.0,0.0,0.0,1.0,1000,0,0,0,0,0,124,0,0,0,0,122,124,124,core
3ary_3ary_conf0,generation,qwen_4b_4e_from_bigdata_step20000,fixed,4b_4e_from_bigdata_step20000,qwen_4b_4e_from_bigdata_step20000_fixed,Qwen 4B 4e from bigdata (step 20000),qwen_4b_4e_from_bigdata_step20000_fixed,2,17,863,0.7,863,859,4,0.9953650057937428,990,863,127,0.8717171717171717,"{""all_atoms_connected"":0,""bond_angles"":88,""bond_lengths"":32,""bonds"":0,""double_bond_stereochemistry"":0,""energy_ratio"":54,""file_loads"":0,""inchi_convertible"":0,""internal_steric_clash"":108,""molecular_formula"":0,""no_radicals"":0,""planar_aromatic_rings"":0,""planar_double_bonds"":0,""reference_file_loads"":0,""sanitisation"":0,""tetrahedral_chirality"":0}","{""all_atoms_connected"":0.0,""bond_angles"":0.08888888888888889,""bond_lengths"":0.03232323232323232,""bonds"":0.0,""double_bond_stereochemistry"":0.0,""energy_ratio"":0.05454545454545454,""file_loads"":0.0,""inchi_convertible"":0.0,""internal_steric_clash"":0.10909090909090909,""molecular_formula"":0.0,""no_radicals"":0.0,""planar_aromatic_rings"":0.0,""planar_double_bonds"":0.0,""reference_file_loads"":0.0,""sanitisation"":0.0,""tetrahedral_chirality"":0.0}",863,,0.6628305207546871,1.0259697737482025,14.0,1.6222479721900347,0.6660690812929903,0.4264194669756663,5.7996321377574,0.24949078170546843,0.07142857142857142,3.0,0.34762456546929316,0.6025891568683693,0.6778679026651216,1.938688769900917,0.5588914146534025,0.0,1.0,0.11587485515643106,0.0,1.0,1.0,1.0,0.0,1.0,0.11587485515643106,0.0,1.0,1.0,1.0,0.0,863,74.01216082820892,5867.564706615296,113.79363613726724,198.78451904219236,0.43381743054199196,1.2369304121943796,0.0,1.0,1.0,1.0,0.259513318960904,1.080736979825571,0.0,1.0,1.0,1.0,990,0,0,0,0,0,990,0,0,0,0,863,1000,1000,core
3ary_3ary_conf0,generation,qwen_4b_4e_from_bigdata_step20000,dynamic,4b_4e_from_bigdata_step20000,qwen_4b_4e_from_bigdata_step20000_dynamic,Qwen 4B 4e from bigdata (step 20000),qwen_4b_4e_from_bigdata_step20000_dynamic,2,17,22,0.7,22,22,0,1.0,24,22,2,0.9166666666666666,"{""all_atoms_connected"":0,""bond_angles"":2,""bond_lengths"":1,""bonds"":0,""double_bond_stereochemistry"":0,""energy_ratio"":1,""file_loads"":0,""inchi_convertible"":0,""internal_steric_clash"":1,""molecular_formula"":0,""no_radicals"":0,""planar_aromatic_rings"":0,""planar_double_bonds"":0,""reference_file_loads"":0,""sanitisation"":0,""tetrahedral_chirality"":0}","{""all_atoms_connected"":0.0,""bond_angles"":0.08333333333333333,""bond_lengths"":0.041666666666666664,""bonds"":0.0,""double_bond_stereochemistry"":0.0,""energy_ratio"":0.041666666666666664,""file_loads"":0.0,""inchi_convertible"":0.0,""internal_steric_clash"":0.041666666666666664,""molecular_formula"":0.0,""no_radicals"":0.0,""planar_aromatic_rings"":0.0,""planar_double_bonds"":0.0,""reference_file_loads"":0.0,""sanitisation"":0.0,""tetrahedral_chirality"":0.0}",22,93.23844849180898,0.6325118726108622,1.0110569580617121,4.0,18.181818181818183,0.6657898112928896,0.6363636363636364,2.5167808919343124,0.4834710743801653,0.5,2.0,9.090909090909092,0.9456603046006401,0.6363636363636364,1.9260702242522327,0.5371900826446281,0.0,1.0,4.545454545454546,0.0,1.0,1.0,1.0,0.0,1.0,4.545454545454546,0.0,1.0,1.0,1.0,0.0,22,93.49744034551802,175.19974530428672,115.32375505021703,24.317287753695258,0.590743947854851,1.2966706101331602,0.0,0.0,1.0,1.0,0.33736101853028305,1.1393684127074475,0.0,1.0,1.0,1.0,990,0,0,0,0,0,24,0,0,0,0,22,24,24,core
3ary_3ary_conf0,generation,qwen_4b_4e_from_bigdata_step20000,chembl_count,4b_4e_from_bigdata_step20000,qwen_4b_4e_from_bigdata_step20000_chembl_count,Qwen 4B 4e from bigdata (step 20000),qwen_4b_4e_from_bigdata_step20000_chembl_count,2,17,2,0.7,2,2,0,1.0,3,2,1,0.6666666666666666,"{""all_atoms_connected"":0,""bond_angles"":0,""bond_lengths"":0,""bonds"":0,""double_bond_stereochemistry"":0,""energy_ratio"":0,""file_loads"":0,""inchi_convertible"":0,""internal_steric_clash"":1,""molecular_formula"":0,""no_radicals"":0,""planar_aromatic_rings"":0,""planar_double_bonds"":0,""reference_file_loads"":0,""sanitisation"":0,""tetrahedral_chirality"":0}","{""all_atoms_connected"":0.0,""bond_angles"":0.0,""bond_lengths"":0.0,""bonds"":0.0,""double_bond_stereochemistry"":0.0,""energy_ratio"":0.0,""file_loads"":0.0,""inchi_convertible"":0.0,""internal_steric_clash"":0.3333333333333333,""molecular_formula"":0.0,""no_radicals"":0.0,""planar_aromatic_rings"":0.0,""planar_double_bonds"":0.0,""reference_file_loads"":0.0,""sanitisation"":0.0,""tetrahedral_chirality"":0.0}",2,78.4152830950868,1.0371336597659386,1.0371336597659386,2.0,100.0,1.0,0.5,2.0,0.5,1.0,2.0,100.0,1.0,0.5,2.0,0.5,1.0,1.0,50.0,0.0,1.0,1.0,1.0,0.0,1.0,50.0,0.0,1.0,1.0,1.0,0.0,2,107.31691153647085,124.6790982951461,115.99800491580848,8.681093379337625,0.9703011444513759,1.0375744147124426,0.0,0.0,0.0,1.0,0.7324250357704032,0.8578594826854746,0.0,0.0,1.0,1.0,990,0,0,0,0,0,3,0,0,0,0,2,3,3,core
3b27_3b27_conf0,generation,qwen_4b_4e_from_bigdata_step20000,fixed,4b_4e_from_bigdata_step20000,qwen_4b_4e_from_bigdata_step20000_fixed,Qwen 4B 4e from bigdata (step 20000),qwen_4b_4e_from_bigdata_step20000_fixed,3,16,998,0.7,998,998,0,1.0,1000,998,2,0.998,"{""all_atoms_connected"":0,""bond_angles"":1,""bond_lengths"":1,""bonds"":0,""double_bond_stereochemistry"":0,""energy_ratio"":1,""file_loads"":0,""inchi_convertible"":0,""internal_steric_clash"":1,""molecular_formula"":0,""no_radicals"":0,""planar_aromatic_rings"":0,""planar_double_bonds"":0,""reference_file_loads"":0,""sanitisation"":0,""tetrahedral_chirality"":0}","{""all_atoms_connected"":0.0,""bond_angles"":0.001,""bond_lengths"":0.001,""bonds"":0.0,""double_bond_stereochemistry"":0.0,""energy_ratio"":0.001,""file_loads"":0.0,""inchi_convertible"":0.0,""internal_steric_clash"":0.001,""molecular_formula"":0.0,""no_radicals"":0.0,""planar_aromatic_rings"":0.0,""planar_double_bonds"":0.0,""reference_file_loads"":0.0,""sanitisation"":0.0,""tetrahedral_chirality"":0.0}",998,94.75610681349666,0.8498087805509206,1.7737005679644864,14.0,1.402805611222445,0.6938350153381191,0.2925851703406814,6.240562875821787,0.20647507439729154,0.07142857142857142,4.0,0.40080160320641284,0.8681316329843131,0.5260521042084169,3.3317110055536556,0.35443431954088533,0.0,1.0,0.10020040080160321,0.0,1.0,1.0,1.0,0.0,1.0,0.10020040080160321,0.0,1.0,1.0,1.0,0.0,998,-100.5568957419884,58.22724677531525,-91.99972119011827,7.070165144908466,0.17716357841670052,1.503115652943311,1.0,1.0,1.0,1.0,0.1788039977216746,1.4923215188682657,1.0,1.0,1.0,1.0,1000,0,0,0,0,0,1000,0,0,0,0,998,1000,1000,core
3b27_3b27_conf0,generation,qwen_4b_4e_from_bigdata_step20000,dynamic,4b_4e_from_bigdata_step20000,qwen_4b_4e_from_bigdata_step20000_dynamic,Qwen 4B 4e from bigdata (step 20000),qwen_4b_4e_from_bigdata_step20000_dynamic,3,16,46,0.7,46,46,0,1.0,46,46,0,1.0,"{""all_atoms_connected"":0,""bond_angles"":0,""bond_lengths"":0,""bonds"":0,""double_bond_stereochemistry"":0,""energy_ratio"":0,""file_loads"":0,""inchi_convertible"":0,""internal_steric_clash"":0,""molecular_formula"":0,""no_radicals"":0,""planar_aromatic_rings"":0,""planar_double_bonds"":0,""reference_file_loads"":0,""sanitisation"":0,""tetrahedral_chirality"":0}","{""all_atoms_connected"":0.0,""bond_angles"":0.0,""bond_lengths"":0.0,""bonds"":0.0,""double_bond_stereochemistry"":0.0,""energy_ratio"":0.0,""file_loads"":0.0,""inchi_convertible"":0.0,""internal_steric_clash"":0.0,""molecular_formula"":0.0,""no_radicals"":0.0,""planar_aromatic_rings"":0.0,""planar_double_bonds"":0.0,""reference_file_loads"":0.0,""sanitisation"":0.0,""tetrahedral_chirality"":0.0}",46,99.23239599264221,1.0246815119129506,1.820193662261334,9.0,19.565217391304348,0.942833005314656,0.1956521739130435,7.937638807310871,0.13610586011342157,0.1111111111111111,2.0,4.3478260869565215,0.7131467486384921,0.8043478260869565,1.6393759615023455,0.6852551984877127,0.0,1.0,2.1739130434782608,0.0,1.0,1.0,1.0,0.0,1.0,2.1739130434782608,0.0,1.0,1.0,1.0,0.0,46,-98.43885356757674,-70.0937832865547,-92.53686435915581,5.795168222343558,0.28232388808181097,1.2877411855018996,0.0,1.0,1.0,1.0,0.2836547213321716,1.289493997474613,0.0,1.0,1.0,1.0,1000,0,0,0,0,0,46,0,0,0,0,46,46,46,core
3b27_3b27_conf0,generation,qwen_4b_4e_from_bigdata_step20000,chembl_count,4b_4e_from_bigdata_step20000,qwen_4b_4e_from_bigdata_step20000_chembl_count,Qwen 4B 4e from bigdata (step 20000),qwen_4b_4e_from_bigdata_step20000_chembl_count,3,16,9,0.7,9,9,0,1.0,9,9,0,1.0,"{""all_atoms_connected"":0,""bond_angles"":0,""bond_lengths"":0,""bonds"":0,""double_bond_stereochemistry"":0,""energy_ratio"":0,""file_loads"":0,""inchi_convertible"":0,""internal_steric_clash"":0,""molecular_formula"":0,""no_radicals"":0,""planar_aromatic_rings"":0,""planar_double_bonds"":0,""reference_file_loads"":0,""sanitisation"":0,""tetrahedral_chirality"":0}","{""all_atoms_connected"":0.0,""bond_angles"":0.0,""bond_lengths"":0.0,""bonds"":0.0,""double_bond_stereochemistry"":0.0,""energy_ratio"":0.0,""file_loads"":0.0,""inchi_convertible"":0.0,""internal_steric_clash"":0.0,""molecular_formula"":0.0,""no_radicals"":0.0,""planar_aromatic_rings"":0.0,""planar_double_bonds"":0.0,""reference_file_loads"":0.0,""sanitisation"":0.0,""tetrahedral_chirality"":0.0}",9,91.40074253444179,1.155159284813457,1.7491028199036807,5.0,55.55555555555556,0.886682880001534,0.4444444444444444,4.166436205292808,0.2839506172839506,0.6,3.0,33.333333333333336,0.7725068857142601,0.6666666666666666,2.336573541485641,0.5061728395061729,0.3333333333333333,1.0,11.11111111111111,0.0,1.0,1.0,1.0,0.0,1.0,11.11111111111111,0.0,1.0,1.0,1.0,0.0,9,-99.89550821627404,-82.51557766474494,-93.20754736406565,4.783815488991745,0.8710615294748236,1.3274389398998245,0.0,0.0,0.0,1.0,0.8595113865873707,1.32723227694209,0.0,0.0,0.0,1.0,1000,0,0,0,0,0,9,0,0,0,0,9,9,9,core
3b5r_3b5r_conf0,generation,qwen_4b_4e_from_bigdata_step20000,fixed,4b_4e_from_bigdata_step20000,qwen_4b_4e_from_bigdata_step20000_fixed,Qwen 4B 4e from bigdata (step 20000),qwen_4b_4e_from_bigdata_step20000_fixed,6,28,989,0.7,989,987,2,0.9979777553083923,999,989,10,0.98998998998999,"{""all_atoms_connected"":0,""bond_angles"":4,""bond_lengths"":3,""bonds"":0,""double_bond_stereochemistry"":0,""energy_ratio"":2,""file_loads"":0,""inchi_convertible"":0,""internal_steric_clash"":9,""molecular_formula"":0,""no_radicals"":0,""planar_aromatic_rings"":0,""planar_double_bonds"":0,""reference_file_loads"":0,""sanitisation"":0,""tetrahedral_chirality"":1}","{""all_atoms_connected"":0.0,""bond_angles"":0.004004004004004004,""bond_lengths"":0.003003003003003003,""bonds"":0.0,""double_bond_stereochemistry"":0.0,""energy_ratio"":0.002002002002002002,""file_loads"":0.0,""inchi_convertible"":0.0,""internal_steric_clash"":0.009009009009009009,""molecular_formula"":0.0,""no_radicals"":0.0,""planar_aromatic_rings"":0.0,""planar_double_bonds"":0.0,""reference_file_loads"":0.0,""sanitisation"":0.0,""tetrahedral_chirality"":0.001001001001001001}",989,86.30810524244283,1.1073165165181198,2.2131477709259606,67.0,6.774519716885743,0.6586382230108077,0.2012133468149646,15.948603573420275,0.11280915142400584,0.3283582089552239,23.0,2.3255813953488373,0.43112417708110773,0.506572295247725,3.8643263178932257,0.3781750928566096,0.391304347826087,5.0,0.5055611729019212,0.2294648274181974,0.8948432760364005,1.4467351438999205,0.8103833779256351,0.2,2.0,0.20222446916076844,0.07476654368580447,0.9908998988877654,1.0531905952988123,0.9819654214560367,0.0,989,72.72000172415109,331.0580577592553,90.36544043400792,11.636035544016126,1.265122483920979,3.041947690417962,0.0,0.0,0.0,1.0,1.201145450289754,2.9930524213030756,0.0,0.0,0.0,1.0,999,0,0,0,0,0,999,0,0,0,0,989,1000,1000,core
3b5r_3b5r_conf0,generation,qwen_4b_4e_from_bigdata_step20000,dynamic,4b_4e_from_bigdata_step20000,qwen_4b_4e_from_bigdata_step20000_dynamic,Qwen 4B 4e from bigdata (step 20000),qwen_4b_4e_from_bigdata_step20000_dynamic,6,28,111,0.7,111,111,0,1.0,112,111,1,0.9910714285714286,"{""all_atoms_connected"":0,""bond_angles"":0,""bond_lengths"":0,""bonds"":0,""double_bond_stereochemistry"":0,""energy_ratio"":0,""file_loads"":0,""inchi_convertible"":0,""internal_steric_clash"":1,""molecular_formula"":0,""no_radicals"":0,""planar_aromatic_rings"":0,""planar_double_bonds"":0,""reference_file_loads"":0,""sanitisation"":0,""tetrahedral_chirality"":0}","{""all_atoms_connected"":0.0,""bond_angles"":0.0,""bond_lengths"":0.0,""bonds"":0.0,""double_bond_stereochemistry"":0.0,""energy_ratio"":0.0,""file_loads"":0.0,""inchi_convertible"":0.0,""internal_steric_clash"":0.008928571428571428,""molecular_formula"":0.0,""no_radicals"":0.0,""planar_aromatic_rings"":0.0,""planar_double_bonds"":0.0,""reference_file_loads"":0.0,""sanitisation"":0.0,""tetrahedral_chirality"":0.0}",111,80.22627906716015,0.9651603264342983,1.8131290492659842,17.0,15.315315315315315,0.598281675778006,0.5045045045045045,5.446970743789597,0.3068744420095771,0.6470588235294118,7.0,6.306306306306307,0.4863290810622017,0.6396396396396397,2.576295964309442,0.493385277169061,0.2857142857142857,3.0,2.7027027027027026,0.18769076209358868,0.954954954954955,1.2289982144137452,0.913318724129535,0.3333333333333333,1.0,0.9009009009009009,0.0,1.0,1.0,1.0,0.0,111,77.46995710127581,144.7782525847273,90.1032948684562,8.35915306283646,1.265122483920979,3.0780673297973036,0.0,0.0,0.0,1.0,1.201145450289754,3.0240352535666144,0.0,0.0,0.0,1.0,999,0,0,0,0,0,112,0,0,0,0,111,112,112,core
3b5r_3b5r_conf0,generation,qwen_4b_4e_from_bigdata_step20000,chembl_count,4b_4e_from_bigdata_step20000,qwen_4b_4e_from_bigdata_step20000_chembl_count,Qwen 4B 4e from bigdata (step 20000),qwen_4b_4e_from_bigdata_step20000_chembl_count,6,28,199,0.7,199,199,0,1.0,200,199,1,0.995,"{""all_atoms_connected"":0,""bond_angles"":1,""bond_lengths"":1,""bonds"":0,""double_bond_stereochemistry"":0,""energy_ratio"":1,""file_loads"":0,""inchi_convertible"":0,""internal_steric_clash"":1,""molecular_formula"":0,""no_radicals"":0,""planar_aromatic_rings"":0,""planar_double_bonds"":0,""reference_file_loads"":0,""sanitisation"":0,""tetrahedral_chirality"":0}","{""all_atoms_connected"":0.0,""bond_angles"":0.005,""bond_lengths"":0.005,""bonds"":0.0,""double_bond_stereochemistry"":0.0,""energy_ratio"":0.005,""file_loads"":0.0,""inchi_convertible"":0.0,""internal_steric_clash"":0.005,""molecular_formula"":0.0,""no_radicals"":0.0,""planar_aromatic_rings"":0.0,""planar_double_bonds"":0.0,""reference_file_loads"":0.0,""sanitisation"":0.0,""tetrahedral_chirality"":0.0}",199,87.06645208587638,1.0690411389934544,2.0181168797573146,26.0,13.06532663316583,0.6512349104218833,0.3417085427135678,8.346031922800867,0.20734324890785585,0.4230769230769231,10.0,5.025125628140704,0.5236408155357283,0.4472361809045226,3.339187573507592,0.38930835079922216,0.2,4.0,2.0100502512562812,0.27600948050260854,0.9045226130653267,1.466136026147217,0.8235398096007678,0.25,2.0,1.0050251256281406,0.08112608570492465,0.9899497487437185,1.0578434108093804,0.9801015125880659,0.0,199,77.18841173476746,144.7782525847273,90.36544043400792,8.286374682046064,1.7275915000808082,3.015961129123882,0.0,0.0,0.0,1.0,1.668405989825263,2.962012278653961,0.0,0.0,0.0,1.0,999,0,0,0,0,0,200,0,0,0,0,199,200,200,core
3b65_3b65_conf0,generation,qwen_4b_4e_from_bigdata_step20000,fixed,4b_4e_from_bigdata_step20000,qwen_4b_4e_from_bigdata_step20000_fixed,Qwen 4B 4e from bigdata (step 20000),qwen_4b_4e_from_bigdata_step20000_fixed,6,25,970,0.7,970,970,0,1.0,999,970,29,0.970970970970971,"{""all_atoms_connected"":0,""bond_angles"":13,""bond_lengths"":6,""bonds"":0,""double_bond_stereochemistry"":0,""energy_ratio"":9,""file_loads"":0,""inchi_convertible"":0,""internal_steric_clash"":27,""molecular_formula"":0,""no_radicals"":0,""planar_aromatic_rings"":1,""planar_double_bonds"":0,""reference_file_loads"":0,""sanitisation"":0,""tetrahedral_chirality"":0}","{""all_atoms_connected"":0.0,""bond_angles"":0.013013013013013013,""bond_lengths"":0.006006006006006006,""bonds"":0.0,""double_bond_stereochemistry"":0.0,""energy_ratio"":0.009009009009009009,""file_loads"":0.0,""inchi_convertible"":0.0,""internal_steric_clash"":0.02702702702702703,""molecular_formula"":0.0,""no_radicals"":0.0,""planar_aromatic_rings"":0.001001001001001001,""planar_double_bonds"":0.0,""reference_file_loads"":0.0,""sanitisation"":0.0,""tetrahedral_chirality"":0.0}",970,96.55061366256815,1.1173549394473963,2.4150846184802743,120.0,12.371134020618557,0.64589484403155,0.25463917525773194,22.025838302524775,0.11582314804973955,0.475,34.0,3.5051546391752577,0.5525080683967593,0.4917525773195876,7.017048176474279,0.28606865766819,0.14705882352941177,5.0,0.5154639175257731,0.5062755574696303,0.7329896907216494,2.258766970969627,0.5713678393027952,0.0,2.0,0.20618556701030927,0.322514339710588,0.9412371134020618,1.2505080456491073,0.8893803804867679,0.0,970,76.6819478739157,234.51180694191441,93.41577720695054,10.987550869590224,0.603714168941957,2.545985432391989,0.0,0.0,1.0,1.0,0.6818340477520722,2.5609801992139802,0.0,0.0,1.0,1.0,999,0,0,0,0,0,999,0,0,0,0,970,1000,1000,core
3b65_3b65_conf0,generation,qwen_4b_4e_from_bigdata_step20000,dynamic,4b_4e_from_bigdata_step20000,qwen_4b_4e_from_bigdata_step20000_dynamic,Qwen 4B 4e from bigdata (step 20000),qwen_4b_4e_from_bigdata_step20000_dynamic,6,25,109,0.7,109,109,0,1.0,112,109,3,0.9732142857142856,"{""all_atoms_connected"":0,""bond_angles"":2,""bond_lengths"":0,""bonds"":0,""double_bond_stereochemistry"":0,""energy_ratio"":1,""file_loads"":0,""inchi_convertible"":0,""internal_steric_clash"":3,""molecular_formula"":0,""no_radicals"":0,""planar_aromatic_rings"":0,""planar_double_bonds"":0,""reference_file_loads"":0,""sanitisation"":0,""tetrahedral_chirality"":0}","{""all_atoms_connected"":0.0,""bond_angles"":0.017857142857142856,""bond_lengths"":0.0,""bonds"":0.0,""double_bond_stereochemistry"":0.0,""energy_ratio"":0.008928571428571428,""file_loads"":0.0,""inchi_convertible"":0.0,""internal_steric_clash"":0.026785714285714284,""molecular_formula"":0.0,""no_radicals"":0.0,""planar_aromatic_rings"":0.0,""planar_double_bonds"":0.0,""reference_file_loads"":0.0,""sanitisation"":0.0,""tetrahedral_chirality"":0.0}",109,96.12625648556678,1.133527383467981,1.9206365419589657,32.0,29.357798165137616,0.7900018211818389,0.2018348623853211,15.455078810855936,0.10748253514013975,0.5625,14.0,12.844036697247706,0.6857016782242225,0.3486238532110092,6.108040633548546,0.2480430940156552,0.35714285714285715,4.0,3.669724770642202,0.5385774892826366,0.6697247706422018,2.109871270570676,0.5406110596751115,0.25,2.0,1.834862385321101,0.22693864262148714,0.963302752293578,1.1703488658370793,0.929298880565609,0.0,109,76.87343118696771,149.20131514388905,92.67669778611246,9.958310451166788,1.0889859300757558,2.486225287505893,0.0,0.0,0.0,1.0,1.0897883264300452,2.5036516130336097,0.0,0.0,0.0,1.0,999,0,0,0,0,0,112,0,0,0,0,109,112,112,core
3b65_3b65_conf0,generation,qwen_4b_4e_from_bigdata_step20000,chembl_count,4b_4e_from_bigdata_step20000,qwen_4b_4e_from_bigdata_step20000_chembl_count,Qwen 4B 4e from bigdata (step 20000),qwen_4b_4e_from_bigdata_step20000_chembl_count,6,25,196,0.7,196,196,0,1.0,200,196,4,0.98,"{""all_atoms_connected"":0,""bond_angles"":1,""bond_lengths"":1,""bonds"":0,""double_bond_stereochemistry"":0,""energy_ratio"":1,""file_loads"":0,""inchi_convertible"":0,""internal_steric_clash"":4,""molecular_formula"":0,""no_radicals"":0,""planar_aromatic_rings"":0,""planar_double_bonds"":0,""reference_file_loads"":0,""sanitisation"":0,""tetrahedral_chirality"":0}","{""all_atoms_connected"":0.0,""bond_angles"":0.005,""bond_lengths"":0.005,""bonds"":0.0,""double_bond_stereochemistry"":0.0,""energy_ratio"":0.005,""file_loads"":0.0,""inchi_convertible"":0.0,""internal_steric_clash"":0.02,""molecular_formula"":0.0,""no_radicals"":0.0,""planar_aromatic_rings"":0.0,""planar_double_bonds"":0.0,""reference_file_loads"":0.0,""sanitisation"":0.0,""tetrahedral_chirality"":0.0}",196,98.04328868645415,1.047445539832481,1.787757848381763,36.0,18.367346938775512,0.6701641431882069,0.37755102040816324,11.040230276269392,0.1860683048729696,0.5277777777777778,16.0,8.16326530612245,0.4507024089251107,0.7142857142857143,3.4889904187566088,0.5208767180341524,0.5,2.0,1.0204081632653061,0.11420425383509088,0.9846938775510204,1.0823778745406165,0.9698563098708872,0.0,2.0,1.0204081632653061,0.11420425383509088,0.9846938775510204,1.0823778745406165,0.9698563098708872,0.0,196,78.46870352786947,207.7921798178771,93.38204191541904,12.96148350012747,1.219781665781044,2.558018732136719,0.0,0.0,0.0,1.0,1.2327067330412567,2.5748921043987734,0.0,0.0,0.0,1.0,999,0,0,0,0,0,200,0,0,0,0,196,200,200,core
3bgz_3bgz_conf0,generation,qwen_4b_4e_from_bigdata_step20000,fixed,4b_4e_from_bigdata_step20000,qwen_4b_4e_from_bigdata_step20000_fixed,Qwen 4B 4e from bigdata (step 20000),qwen_4b_4e_from_bigdata_step20000_fixed,3,24,998,0.7,998,998,0,1.0,1000,998,2,0.998,"{""all_atoms_connected"":0,""bond_angles"":1,""bond_lengths"":1,""bonds"":0,""double_bond_stereochemistry"":0,""energy_ratio"":1,""file_loads"":0,""inchi_convertible"":0,""internal_steric_clash"":1,""molecular_formula"":0,""no_radicals"":0,""planar_aromatic_rings"":2,""planar_double_bonds"":0,""reference_file_loads"":0,""sanitisation"":0,""tetrahedral_chirality"":0}","{""all_atoms_connected"":0.0,""bond_angles"":0.001,""bond_lengths"":0.001,""bonds"":0.0,""double_bond_stereochemistry"":0.0,""energy_ratio"":0.001,""file_loads"":0.0,""inchi_convertible"":0.0,""internal_steric_clash"":0.001,""molecular_formula"":0.0,""no_radicals"":0.0,""planar_aromatic_rings"":0.002,""planar_double_bonds"":0.0,""reference_file_loads"":0.0,""sanitisation"":0.0,""tetrahedral_chirality"":0.0}",998,98.67888626342994,0.5807037584862561,0.9147680320591812,13.0,1.3026052104208417,0.5919389335041394,0.3627254509018036,4.564428831440984,0.27557720651724293,0.0,1.0,0.10020040080160321,0.0,1.0,1.0,1.0,0.0,1.0,0.10020040080160321,0.0,1.0,1.0,1.0,0.0,1.0,0.10020040080160321,0.0,1.0,1.0,1.0,0.0,998,71.767406768794,238.88976406906517,89.52906437180447,8.330215412341117,0.0990053239731852,0.7119621341761728,1.0,1.0,1.0,1.0,0.1602260153218863,0.7494586920447157,1.0,1.0,1.0,1.0,1000,0,0,0,0,0,1000,0,0,0,0,998,1000,1000,core
3bgz_3bgz_conf0,generation,qwen_4b_4e_from_bigdata_step20000,dynamic,4b_4e_from_bigdata_step20000,qwen_4b_4e_from_bigdata_step20000_dynamic,Qwen 4B 4e from bigdata (step 20000),qwen_4b_4e_from_bigdata_step20000_dynamic,3,24,46,0.7,46,46,0,1.0,46,46,0,1.0,"{""all_atoms_connected"":0,""bond_angles"":0,""bond_lengths"":0,""bonds"":0,""double_bond_stereochemistry"":0,""energy_ratio"":0,""file_loads"":0,""inchi_convertible"":0,""internal_steric_clash"":0,""molecular_formula"":0,""no_radicals"":0,""planar_aromatic_rings"":0,""planar_double_bonds"":0,""reference_file_loads"":0,""sanitisation"":0,""tetrahedral_chirality"":0}","{""all_atoms_connected"":0.0,""bond_angles"":0.0,""bond_lengths"":0.0,""bonds"":0.0,""double_bond_stereochemistry"":0.0,""energy_ratio"":0.0,""file_loads"":0.0,""inchi_convertible"":0.0,""internal_steric_clash"":0.0,""molecular_formula"":0.0,""no_radicals"":0.0,""planar_aromatic_rings"":0.0,""planar_double_bonds"":0.0,""reference_file_loads"":0.0,""sanitisation"":0.0,""tetrahedral_chirality"":0.0}",46,96.93367106174009,0.5819061667955056,0.8733411835524981,5.0,10.869565217391305,0.8534422176969557,0.3695652173913043,3.949394441587725,0.2797731568998109,0.2,1.0,2.1739130434782608,0.0,1.0,1.0,1.0,0.0,1.0,2.1739130434782608,0.0,1.0,1.0,1.0,0.0,1.0,2.1739130434782608,0.0,1.0,1.0,1.0,0.0,46,76.20829960616034,109.78525947089557,90.21852032989017,6.948710068386278,0.10654118434436555,0.5808289150132306,1.0,1.0,1.0,1.0,0.1602260153218863,0.6224963410170573,1.0,1.0,1.0,1.0,1000,0,0,0,0,0,46,0,0,0,0,46,46,46,core
3bgz_3bgz_conf0,generation,qwen_4b_4e_from_bigdata_step20000,chembl_count,4b_4e_from_bigdata_step20000,qwen_4b_4e_from_bigdata_step20000_chembl_count,Qwen 4B 4e from bigdata (step 20000),qwen_4b_4e_from_bigdata_step20000_chembl_count,3,24,10,0.7,10,10,0,1.0,10,10,0,1.0,"{""all_atoms_connected"":0,""bond_angles"":0,""bond_lengths"":0,""bonds"":0,""double_bond_stereochemistry"":0,""energy_ratio"":0,""file_loads"":0,""inchi_convertible"":0,""internal_steric_clash"":0,""molecular_formula"":0,""no_radicals"":0,""planar_aromatic_rings"":0,""planar_double_bonds"":0,""reference_file_loads"":0,""sanitisation"":0,""tetrahedral_chirality"":0}","{""all_atoms_connected"":0.0,""bond_angles"":0.0,""bond_lengths"":0.0,""bonds"":0.0,""double_bond_stereochemistry"":0.0,""energy_ratio"":0.0,""file_loads"":0.0,""inchi_convertible"":0.0,""internal_steric_clash"":0.0,""molecular_formula"":0.0,""no_radicals"":0.0,""planar_aromatic_rings"":0.0,""planar_double_bonds"":0.0,""reference_file_loads"":0.0,""sanitisation"":0.0,""tetrahedral_chirality"":0.0}",10,83.02129960429937,0.6252897590627043,0.9092976065205784,3.0,30.0,0.9372305632161295,0.5,2.8000940728538315,0.38,0.0,1.0,10.0,0.0,1.0,1.0,1.0,0.0,1.0,10.0,0.0,1.0,1.0,1.0,0.0,1.0,10.0,0.0,1.0,1.0,1.0,0.0,10,84.23549066123465,96.45293753113009,91.10862506148804,3.1558708331573544,0.15125248666871877,0.6645882312520234,1.0,1.0,1.0,1.0,0.2063750194483804,0.7026372363947948,1.0,1.0,1.0,1.0,1000,0,0,0,0,0,10,0,0,0,0,10,10,10,core
3cj4_3cj4_conf0,generation,qwen_4b_4e_from_bigdata_step20000,fixed,4b_4e_from_bigdata_step20000,qwen_4b_4e_from_bigdata_step20000_fixed,Qwen 4B 4e from bigdata (step 20000),qwen_4b_4e_from_bigdata_step20000_fixed,5,25,690,0.7,690,662,28,0.9594202898550724,999,690,309,0.6906906906906907,"{""all_atoms_connected"":0,""bond_angles"":36,""bond_lengths"":12,""bonds"":0,""double_bond_stereochemistry"":0,""energy_ratio"":53,""file_loads"":0,""inchi_convertible"":0,""internal_steric_clash"":299,""molecular_formula"":0,""no_radicals"":0,""planar_aromatic_rings"":1,""planar_double_bonds"":0,""reference_file_loads"":0,""sanitisation"":0,""tetrahedral_chirality"":7}","{""all_atoms_connected"":0.0,""bond_angles"":0.036036036036036036,""bond_lengths"":0.012012012012012012,""bonds"":0.0,""double_bond_stereochemistry"":0.0,""energy_ratio"":0.05305305305305305,""file_loads"":0.0,""inchi_convertible"":0.0,""internal_steric_clash"":0.2992992992992993,""molecular_formula"":0.0,""no_radicals"":0.0,""planar_aromatic_rings"":0.001001001001001001,""planar_double_bonds"":0.0,""reference_file_loads"":0.0,""sanitisation"":0.0,""tetrahedral_chirality"":0.007007007007007007}",690,95.8144260408873,1.8425447079646948,2.3922726584471428,452.0,65.5072463768116,0.961351449184797,0.017391304347826087,356.8791551293462,0.003948750262549885,0.7676991150442478,110.0,15.942028985507246,0.8601581526864784,0.10434782608695652,57.00599901530117,0.029955891619407683,0.2636363636363636,6.0,0.8695652173913043,0.7910889434829605,0.3347826086956522,4.126547518722772,0.2688846880907373,0.0,2.0,0.2898550724637681,0.4455948731440544,0.9072463768115943,1.3618755492102792,0.8316992228523421,0.0,690,16.512698418301184,19847.902350983783,44.42249935653873,782.3015779781834,0.47997961534507355,1.873379006891176,0.0,1.0,1.0,1.0,0.47868366109658156,1.8924243948842765,0.0,1.0,1.0,1.0,999,0,0,0,0,0,999,0,0,0,0,690,1000,1000,core
3cj4_3cj4_conf0,generation,qwen_4b_4e_from_bigdata_step20000,dynamic,4b_4e_from_bigdata_step20000,qwen_4b_4e_from_bigdata_step20000_dynamic,Qwen 4B 4e from bigdata (step 20000),qwen_4b_4e_from_bigdata_step20000_dynamic,5,25,63,0.7,63,62,1,0.9841269841269841,90,63,27,0.7,"{""all_atoms_connected"":0,""bond_angles"":6,""bond_lengths"":1,""bonds"":0,""double_bond_stereochemistry"":0,""energy_ratio"":6,""file_loads"":0,""inchi_convertible"":0,""internal_steric_clash"":27,""molecular_formula"":0,""no_radicals"":0,""planar_aromatic_rings"":0,""planar_double_bonds"":0,""reference_file_loads"":0,""sanitisation"":0,""tetrahedral_chirality"":0}","{""all_atoms_connected"":0.0,""bond_angles"":0.06666666666666667,""bond_lengths"":0.011111111111111112,""bonds"":0.0,""double_bond_stereochemistry"":0.0,""energy_ratio"":0.06666666666666667,""file_loads"":0.0,""inchi_convertible"":0.0,""internal_steric_clash"":0.3,""molecular_formula"":0.0,""no_radicals"":0.0,""planar_aromatic_rings"":0.0,""planar_double_bonds"":0.0,""reference_file_loads"":0.0,""sanitisation"":0.0,""tetrahedral_chirality"":0.0}",63,93.6725297951205,1.8163266411758316,2.3568969576203505,57.0,90.47619047619048,0.9920988941966848,0.031746031746031744,55.20793494739531,0.018896447467876033,0.8947368421052632,28.0,44.44444444444444,0.9011320966919953,0.14285714285714285,20.140977812081594,0.06676744771982868,0.6071428571428571,3.0,4.761904761904762,0.7592437824285425,0.6507936507936508,2.302774152714956,0.5026455026455027,0.0,1.0,1.5873015873015872,0.0,1.0,1.0,1.0,0.0,63,20.287828891954632,276.5823823507568,43.12570047406544,32.15320088170964,0.8215375183656966,1.937292302514825,0.0,0.0,0.0,1.0,0.8910274304543594,1.9796392177041977,0.0,0.0,0.0,1.0,999,0,0,0,0,0,90,0,0,0,0,63,90,90,core
3cj4_3cj4_conf0,generation,qwen_4b_4e_from_bigdata_step20000,chembl_count,4b_4e_from_bigdata_step20000,qwen_4b_4e_from_bigdata_step20000_chembl_count,Qwen 4B 4e from bigdata (step 20000),qwen_4b_4e_from_bigdata_step20000_chembl_count,5,25,133,0.7,133,126,7,0.9473684210526315,199,133,66,0.6683417085427136,"{""all_atoms_connected"":0,""bond_angles"":8,""bond_lengths"":3,""bonds"":0,""double_bond_stereochemistry"":0,""energy_ratio"":11,""file_loads"":0,""inchi_convertible"":0,""internal_steric_clash"":64,""molecular_formula"":0,""no_radicals"":0,""planar_aromatic_rings"":0,""planar_double_bonds"":0,""reference_file_loads"":0,""sanitisation"":0,""tetrahedral_chirality"":1}","{""all_atoms_connected"":0.0,""bond_angles"":0.04020100502512563,""bond_lengths"":0.01507537688442211,""bonds"":0.0,""double_bond_stereochemistry"":0.0,""energy_ratio"":0.05527638190954774,""file_loads"":0.0,""inchi_convertible"":0.0,""internal_steric_clash"":0.32160804020100503,""molecular_formula"":0.0,""no_radicals"":0.0,""planar_aromatic_rings"":0.0,""planar_double_bonds"":0.0,""reference_file_loads"":0.0,""sanitisation"":0.0,""tetrahedral_chirality"":0.005025125628140704}",133,94.78428948089423,1.7979939883247038,2.3254734753371498,114.0,85.71428571428571,0.9882407880334592,0.022556390977443608,107.82445488026377,0.010006218553903556,0.8596491228070176,46.0,34.58646616541353,0.9073622872322998,0.10526315789473684,32.2644115925228,0.041890440386680994,0.4782608695652174,3.0,2.255639097744361,0.9082026576748172,0.48120300751879697,2.71220674430291,0.39329526824580247,0.0,1.0,0.7518796992481203,0.0,1.0,1.0,1.0,0.0,133,16.512698418301184,1802.6898999516688,45.29502285875168,154.44684915106242,1.0039591159644237,1.892399669081299,0.0,0.0,0.0,1.0,0.6605568731978367,1.860420583373644,0.0,0.0,1.0,1.0,999,0,0,0,0,0,199,0,0,0,0,133,199,199,core
3dd0_3dd0_conf0,generation,qwen_4b_4e_from_bigdata_step20000,fixed,4b_4e_from_bigdata_step20000,qwen_4b_4e_from_bigdata_step20000_fixed,Qwen 4B 4e from bigdata (step 20000),qwen_4b_4e_from_bigdata_step20000_fixed,4,16,987,0.7,987,986,1,0.9989868287740629,1000,987,13,0.987,"{""all_atoms_connected"":0,""bond_angles"":7,""bond_lengths"":5,""bonds"":0,""double_bond_stereochemistry"":0,""energy_ratio"":3,""file_loads"":0,""inchi_convertible"":0,""internal_steric_clash"":11,""molecular_formula"":0,""no_radicals"":0,""planar_aromatic_rings"":2,""planar_double_bonds"":0,""reference_file_loads"":0,""sanitisation"":0,""tetrahedral_chirality"":0}","{""all_atoms_connected"":0.0,""bond_angles"":0.007,""bond_lengths"":0.005,""bonds"":0.0,""double_bond_stereochemistry"":0.0,""energy_ratio"":0.003,""file_loads"":0.0,""inchi_convertible"":0.0,""internal_steric_clash"":0.011,""molecular_formula"":0.0,""no_radicals"":0.0,""planar_aromatic_rings"":0.002,""planar_double_bonds"":0.0,""reference_file_loads"":0.0,""sanitisation"":0.0,""tetrahedral_chirality"":0.0}",987,110.4746896239401,0.8848884606000277,1.1943392926507304,42.0,4.25531914893617,0.8496608222612022,0.14792299898682879,23.944806223879066,0.05658669081032142,0.19047619047619047,7.0,0.7092198581560284,0.6714299403299124,0.3546099290780142,3.6933811350398043,0.2953912514153088,0.14285714285714285,1.0,0.10131712259371833,0.0,1.0,1.0,1.0,0.0,1.0,0.10131712259371833,0.0,1.0,1.0,1.0,0.0,987,93.56286618620635,5981.396225207767,109.881015910769,187.06959878797267,0.17963415553049028,0.9708086942887132,1.0,1.0,1.0,1.0,0.2003114313077816,0.9943950351337325,1.0,1.0,1.0,1.0,1000,0,0,0,0,0,1000,0,0,0,0,987,1000,1000,core
3dd0_3dd0_conf0,generation,qwen_4b_4e_from_bigdata_step20000,dynamic,4b_4e_from_bigdata_step20000,qwen_4b_4e_from_bigdata_step20000_dynamic,Qwen 4B 4e from bigdata (step 20000),qwen_4b_4e_from_bigdata_step20000_dynamic,4,16,68,0.7,68,68,0,1.0,68,68,0,1.0,"{""all_atoms_connected"":0,""bond_angles"":0,""bond_lengths"":0,""bonds"":0,""double_bond_stereochemistry"":0,""energy_ratio"":0,""file_loads"":0,""inchi_convertible"":0,""internal_steric_clash"":0,""molecular_formula"":0,""no_radicals"":0,""planar_aromatic_rings"":0,""planar_double_bonds"":0,""reference_file_loads"":0,""sanitisation"":0,""tetrahedral_chirality"":0}","{""all_atoms_connected"":0.0,""bond_angles"":0.0,""bond_lengths"":0.0,""bonds"":0.0,""double_bond_stereochemistry"":0.0,""energy_ratio"":0.0,""file_loads"":0.0,""inchi_convertible"":0.0,""internal_steric_clash"":0.0,""molecular_formula"":0.0,""no_radicals"":0.0,""planar_aromatic_rings"":0.0,""planar_double_bonds"":0.0,""reference_file_loads"":0.0,""sanitisation"":0.0,""tetrahedral_chirality"":0.0}",68,113.21138203004563,0.8984656810241263,1.1850114098094264,22.0,32.35294117647059,0.92551468772928,0.10294117647058823,17.475592462486503,0.0666089965397924,0.36363636363636365,4.0,5.882352941176471,0.8791719681465032,0.36764705882352944,3.3830955781963237,0.31401384083044986,0.0,1.0,1.4705882352941178,0.0,1.0,1.0,1.0,0.0,1.0,1.4705882352941178,0.0,1.0,1.0,1.0,0.0,68,96.42050454529517,154.98032748776683,109.43966790952003,12.13582070217675,0.4024303668630537,1.0170147460331536,0.0,1.0,1.0,1.0,0.5305009715499858,0.9941287434679218,0.0,0.0,1.0,1.0,1000,0,0,0,0,0,68,0,0,0,0,68,68,68,core
3dd0_3dd0_conf0,generation,qwen_4b_4e_from_bigdata_step20000,chembl_count,4b_4e_from_bigdata_step20000,qwen_4b_4e_from_bigdata_step20000_chembl_count,Qwen 4B 4e from bigdata (step 20000),qwen_4b_4e_from_bigdata_step20000_chembl_count,4,16,49,0.7,49,49,0,1.0,51,49,2,0.9607843137254902,"{""all_atoms_connected"":0,""bond_angles"":1,""bond_lengths"":0,""bonds"":0,""double_bond_stereochemistry"":0,""energy_ratio"":0,""file_loads"":0,""inchi_convertible"":0,""internal_steric_clash"":2,""molecular_formula"":0,""no_radicals"":0,""planar_aromatic_rings"":1,""planar_double_bonds"":0,""reference_file_loads"":0,""sanitisation"":0,""tetrahedral_chirality"":0}","{""all_atoms_connected"":0.0,""bond_angles"":0.0196078431372549,""bond_lengths"":0.0,""bonds"":0.0,""double_bond_stereochemistry"":0.0,""energy_ratio"":0.0,""file_loads"":0.0,""inchi_convertible"":0.0,""internal_steric_clash"":0.0392156862745098,""molecular_formula"":0.0,""no_radicals"":0.0,""planar_aromatic_rings"":0.0196078431372549,""planar_double_bonds"":0.0,""reference_file_loads"":0.0,""sanitisation"":0.0,""tetrahedral_chirality"":0.0}",49,115.3243383160609,0.9011210174369596,1.2103520924955675,16.0,32.6530612244898,0.9195251498574698,0.16326530612244897,12.80025458666098,0.09204498125780924,0.3125,2.0,4.081632653061225,0.9972943816462349,0.5306122448979592,1.9962527314293745,0.5018742190753853,0.0,1.0,2.0408163265306123,0.0,1.0,1.0,1.0,0.0,1.0,2.0408163265306123,0.0,1.0,1.0,1.0,0.0,49,100.68644643450108,154.98032748776683,111.03362872610865,11.7117757723492,0.4439786820110621,1.0307280985241367,0.0,1.0,1.0,1.0,0.5540710750731185,1.0207344524098947,0.0,0.0,1.0,1.0,1000,0,0,0,0,0,51,0,0,0,0,49,51,51,core
3e92_3e92_conf0,generation,qwen_4b_4e_from_bigdata_step20000,fixed,4b_4e_from_bigdata_step20000,qwen_4b_4e_from_bigdata_step20000_fixed,Qwen 4B 4e from bigdata (step 20000),qwen_4b_4e_from_bigdata_step20000_fixed,4,26,936,0.7,936,936,0,1.0,995,936,59,0.9407035175879396,"{""all_atoms_connected"":0,""bond_angles"":17,""bond_lengths"":10,""bonds"":0,""double_bond_stereochemistry"":0,""energy_ratio"":5,""file_loads"":0,""inchi_convertible"":0,""internal_steric_clash"":51,""molecular_formula"":0,""no_radicals"":0,""planar_aromatic_rings"":3,""planar_double_bonds"":0,""reference_file_loads"":0,""sanitisation"":0,""tetrahedral_chirality"":0}","{""all_atoms_connected"":0.0,""bond_angles"":0.017085427135678392,""bond_lengths"":0.010050251256281407,""bonds"":0.0,""double_bond_stereochemistry"":0.0,""energy_ratio"":0.005025125628140704,""file_loads"":0.0,""inchi_convertible"":0.0,""internal_steric_clash"":0.05125628140703518,""molecular_formula"":0.0,""no_radicals"":0.0,""planar_aromatic_rings"":0.003015075376884422,""planar_double_bonds"":0.0,""reference_file_loads"":0.0,""sanitisation"":0.0,""tetrahedral_chirality"":0.0}",936,107.19083473427781,1.4452853129722898,1.8928397746627537,120.0,12.820512820512821,0.921074661456441,0.045940170940170943,82.23963275823358,0.016114672364672365,0.16666666666666666,20.0,2.1367521367521367,0.9187962273540038,0.13141025641025642,15.681277912202047,0.07453749360800645,0.0,2.0,0.21367521367521367,0.9981021327390103,0.5256410256410257,1.9973707271031194,0.5013149243918474,0.0,1.0,0.10683760683760683,0.0,1.0,1.0,1.0,0.0,936,58.68643314787316,113.41326174487106,72.72333119088043,6.642618932786635,0.28689073384936076,1.4249308180704403,0.0,1.0,1.0,1.0,0.24794726322137614,1.4049281077877098,1.0,1.0,1.0,1.0,995,0,0,0,0,0,995,0,0,0,0,936,1000,1000,core
3e92_3e92_conf0,generation,qwen_4b_4e_from_bigdata_step20000,dynamic,4b_4e_from_bigdata_step20000,qwen_4b_4e_from_bigdata_step20000_dynamic,Qwen 4B 4e from bigdata (step 20000),qwen_4b_4e_from_bigdata_step20000_dynamic,4,26,62,0.7,62,62,0,1.0,68,62,6,0.9117647058823528,"{""all_atoms_connected"":0,""bond_angles"":2,""bond_lengths"":0,""bonds"":0,""double_bond_stereochemistry"":0,""energy_ratio"":1,""file_loads"":0,""inchi_convertible"":0,""internal_steric_clash"":6,""molecular_formula"":0,""no_radicals"":0,""planar_aromatic_rings"":0,""planar_double_bonds"":0,""reference_file_loads"":0,""sanitisation"":0,""tetrahedral_chirality"":0}","{""all_atoms_connected"":0.0,""bond_angles"":0.029411764705882353,""bond_lengths"":0.0,""bonds"":0.0,""double_bond_stereochemistry"":0.0,""energy_ratio"":0.014705882352941176,""file_loads"":0.0,""inchi_convertible"":0.0,""internal_steric_clash"":0.08823529411764706,""molecular_formula"":0.0,""no_radicals"":0.0,""planar_aromatic_rings"":0.0,""planar_double_bonds"":0.0,""reference_file_loads"":0.0,""sanitisation"":0.0,""tetrahedral_chirality"":0.0}",62,107.20241802066342,1.4254908124325336,1.8597050200443939,40.0,64.51612903225806,0.9615902193716503,0.08064516129032258,34.715643389879695,0.033818938605619145,0.65,11.0,17.741935483870968,0.9268656289598659,0.1935483870967742,9.230624538503038,0.12070759625390218,0.09090909090909091,1.0,1.6129032258064515,0.0,1.0,1.0,1.0,0.0,1.0,1.6129032258064515,0.0,1.0,1.0,1.0,0.0,62,64.24779459925603,94.29804264510156,73.31962862600173,6.5531737455808825,0.35732712362968666,1.2996913028506936,0.0,1.0,1.0,1.0,0.31062820405636354,1.321802542060548,0.0,1.0,1.0,1.0,995,0,0,0,0,0,68,0,0,0,0,62,68,68,core
3e92_3e92_conf0,generation,qwen_4b_4e_from_bigdata_step20000,chembl_count,4b_4e_from_bigdata_step20000,qwen_4b_4e_from_bigdata_step20000_chembl_count,Qwen 4B 4e from bigdata (step 20000),qwen_4b_4e_from_bigdata_step20000_chembl_count,4,26,124,0.7,124,124,0,1.0,134,124,10,0.9253731343283582,"{""all_atoms_connected"":0,""bond_angles"":3,""bond_lengths"":1,""bonds"":0,""double_bond_stereochemistry"":0,""energy_ratio"":1,""file_loads"":0,""inchi_convertible"":0,""internal_steric_clash"":9,""molecular_formula"":0,""no_radicals"":0,""planar_aromatic_rings"":0,""planar_double_bonds"":0,""reference_file_loads"":0,""sanitisation"":0,""tetrahedral_chirality"":0}","{""all_atoms_connected"":0.0,""bond_angles"":0.022388059701492536,""bond_lengths"":0.007462686567164179,""bonds"":0.0,""double_bond_stereochemistry"":0.0,""energy_ratio"":0.007462686567164179,""file_loads"":0.0,""inchi_convertible"":0.0,""internal_steric_clash"":0.06716417910447761,""molecular_formula"":0.0,""no_radicals"":0.0,""planar_aromatic_rings"":0.0,""planar_double_bonds"":0.0,""reference_file_loads"":0.0,""sanitisation"":0.0,""tetrahedral_chirality"":0.0}",124,105.44890564991765,1.4332401578487404,1.8840165854721853,57.0,45.96774193548387,0.9462566221775333,0.06451612903225806,45.867831656293475,0.02679500520291363,0.49122807017543857,14.0,11.290322580645162,0.9397411776372797,0.13709677419354838,11.941632725379211,0.09352237252861602,0.07142857142857142,2.0,1.6129032258064515,0.8474179614176633,0.7258064516129032,1.7992778153726425,0.6019771071800208,0.0,1.0,0.8064516129032258,0.0,1.0,1.0,1.0,0.0,124,61.44205478284464,105.92909510066887,72.62885305710256,7.160080048387841,0.34774255642499335,1.3455519035384085,0.0,1.0,1.0,1.0,0.2988896518016779,1.3748088557309477,0.0,1.0,1.0,1.0,995,0,0,0,0,0,134,0,0,0,0,124,134,134,core
3e93_3e93_conf0,generation,qwen_4b_4e_from_bigdata_step20000,fixed,4b_4e_from_bigdata_step20000,qwen_4b_4e_from_bigdata_step20000_fixed,Qwen 4B 4e from bigdata (step 20000),qwen_4b_4e_from_bigdata_step20000_fixed,5,37,485,0.7,485,475,10,0.979381443298969,997,485,512,0.4864593781344032,"{""all_atoms_connected"":0,""bond_angles"":15,""bond_lengths"":12,""bonds"":0,""double_bond_stereochemistry"":0,""energy_ratio"":26,""file_loads"":0,""inchi_convertible"":0,""internal_steric_clash"":511,""molecular_formula"":0,""no_radicals"":0,""planar_aromatic_rings"":0,""planar_double_bonds"":0,""reference_file_loads"":0,""sanitisation"":0,""tetrahedral_chirality"":0}","{""all_atoms_connected"":0.0,""bond_angles"":0.015045135406218655,""bond_lengths"":0.012036108324974924,""bonds"":0.0,""double_bond_stereochemistry"":0.0,""energy_ratio"":0.026078234704112337,""file_loads"":0.0,""inchi_convertible"":0.0,""internal_steric_clash"":0.5125376128385155,""molecular_formula"":0.0,""no_radicals"":0.0,""planar_aromatic_rings"":0.0,""planar_double_bonds"":0.0,""reference_file_loads"":0.0,""sanitisation"":0.0,""tetrahedral_chirality"":0.0}",485,92.73684849001415,2.564197730763859,3.8045430653869157,352.0,72.57731958762886,0.9734282695234008,0.01443298969072165,301.2150159352941,0.004136465086619195,0.7926136363636364,110.0,22.68041237113402,0.8604896175322441,0.07216494845360824,57.09488609701187,0.02779041343394621,0.44545454545454544,16.0,3.2989690721649483,0.621849850436849,0.3525773195876289,5.607662030130836,0.25048783080029763,0.1875,3.0,0.6185567010309279,0.8412655800175,0.4618556701030928,2.5199138243213395,0.4262174513763418,0.0,485,154.59846002966367,512105.9807761818,183.37191924843336,23221.08236186096,0.9507738125240686,3.9036219052934187,0.0,0.0,0.0,1.0,0.9195838546430002,3.8998726661198164,0.0,0.0,0.0,1.0,997,0,0,0,0,0,997,0,0,0,0,485,1000,1000,core
3e93_3e93_conf0,generation,qwen_4b_4e_from_bigdata_step20000,dynamic,4b_4e_from_bigdata_step20000,qwen_4b_4e_from_bigdata_step20000_dynamic,Qwen 4B 4e from bigdata (step 20000),qwen_4b_4e_from_bigdata_step20000_dynamic,5,37,43,0.7,43,42,1,0.9767441860465116,90,43,47,0.4777777777777778,"{""all_atoms_connected"":0,""bond_angles"":4,""bond_lengths"":1,""bonds"":0,""double_bond_stereochemistry"":0,""energy_ratio"":2,""file_loads"":0,""inchi_convertible"":0,""internal_steric_clash"":47,""molecular_formula"":0,""no_radicals"":0,""planar_aromatic_rings"":0,""planar_double_bonds"":0,""reference_file_loads"":0,""sanitisation"":0,""tetrahedral_chirality"":0}","{""all_atoms_connected"":0.0,""bond_angles"":0.044444444444444446,""bond_lengths"":0.011111111111111112,""bonds"":0.0,""double_bond_stereochemistry"":0.0,""energy_ratio"":0.022222222222222223,""file_loads"":0.0,""inchi_convertible"":0.0,""internal_steric_clash"":0.5222222222222223,""molecular_formula"":0.0,""no_radicals"":0.0,""planar_aromatic_rings"":0.0,""planar_double_bonds"":0.0,""reference_file_loads"":0.0,""sanitisation"":0.0,""tetrahedral_chirality"":0.0}",43,91.15084114722414,2.397308238744819,3.2220746254474184,41.0,95.34883720930233,0.9954623854870687,0.046511627906976744,40.3149072781315,0.025419145484045426,0.9512195121951219,23.0,53.48837209302326,0.9323544595581877,0.11627906976744186,18.604286574104144,0.065440778799351,0.6086956521739131,7.0,16.27906976744186,0.6844045745663168,0.4418604651162791,3.7878167879038482,0.34126554894537586,0.2857142857142857,3.0,6.976744186046512,0.6799964702937514,0.627906976744186,2.1107693006768677,0.5164954029204976,0.3333333333333333,43,159.82402460977312,233.28297994742806,184.78576285655174,16.282831510102667,2.7291341422591797,3.9622218681150523,0.0,0.0,0.0,0.0,2.722146785320607,3.9504901685111453,0.0,0.0,0.0,0.0,997,0,0,0,0,0,90,0,0,0,0,43,90,90,core
3e93_3e93_conf0,generation,qwen_4b_4e_from_bigdata_step20000,chembl_count,4b_4e_from_bigdata_step20000,qwen_4b_4e_from_bigdata_step20000_chembl_count,Qwen 4B 4e from bigdata (step 20000),qwen_4b_4e_from_bigdata_step20000_chembl_count,5,37,92,0.7,92,89,3,0.967391304347826,200,92,108,0.46,"{""all_atoms_connected"":0,""bond_angles"":4,""bond_lengths"":3,""bonds"":0,""double_bond_stereochemistry"":0,""energy_ratio"":3,""file_loads"":0,""inchi_convertible"":0,""internal_steric_clash"":108,""molecular_formula"":0,""no_radicals"":0,""planar_aromatic_rings"":0,""planar_double_bonds"":0,""reference_file_loads"":0,""sanitisation"":0,""tetrahedral_chirality"":0}","{""all_atoms_connected"":0.0,""bond_angles"":0.02,""bond_lengths"":0.015,""bonds"":0.0,""double_bond_stereochemistry"":0.0,""energy_ratio"":0.015,""file_loads"":0.0,""inchi_convertible"":0.0,""internal_steric_clash"":0.54,""molecular_formula"":0.0,""no_radicals"":0.0,""planar_aromatic_rings"":0.0,""planar_double_bonds"":0.0,""reference_file_loads"":0.0,""sanitisation"":0.0,""tetrahedral_chirality"":0.0}",92,93.79144373794709,2.5704181611196346,3.678732430117872,82.0,89.1304347826087,0.9906274220325412,0.03260869565217391,78.68219787921102,0.013468809073724008,0.8902439024390244,47.0,51.08695652173913,0.9246545124240657,0.08695652173913043,35.16517876735542,0.03804347826086957,0.6595744680851063,12.0,13.043478260869565,0.7210120144159722,0.358695652173913,5.999328517404292,0.24291115311909262,0.16666666666666666,4.0,4.3478260869565215,0.7732017537482664,0.45652173913043476,2.920880848483059,0.388468809073724,0.0,92,154.70869966081509,512105.9807761818,182.56803747458196,53080.654182963386,1.9055676055215462,3.8972907568010573,0.0,0.0,0.0,1.0,1.8605180906398924,3.8844315751928575,0.0,0.0,0.0,1.0,997,0,0,0,0,0,200,0,0,0,0,92,200,200,core
3ehy_3ehy_conf0,generation,qwen_4b_4e_from_bigdata_step20000,fixed,4b_4e_from_bigdata_step20000,qwen_4b_4e_from_bigdata_step20000_fixed,Qwen 4B 4e from bigdata (step 20000),qwen_4b_4e_from_bigdata_step20000_fixed,5,17,817,0.7,817,817,0,1.0,1000,817,183,0.817,"{""all_atoms_connected"":0,""bond_angles"":4,""bond_lengths"":2,""bonds"":0,""double_bond_stereochemistry"":0,""energy_ratio"":2,""file_loads"":0,""inchi_convertible"":0,""internal_steric_clash"":8,""molecular_formula"":0,""no_radicals"":0,""planar_aromatic_rings"":0,""planar_double_bonds"":0,""reference_file_loads"":0,""sanitisation"":0,""tetrahedral_chirality"":176}","{""all_atoms_connected"":0.0,""bond_angles"":0.004,""bond_lengths"":0.002,""bonds"":0.0,""double_bond_stereochemistry"":0.0,""energy_ratio"":0.002,""file_loads"":0.0,""inchi_convertible"":0.0,""internal_steric_clash"":0.008,""molecular_formula"":0.0,""no_radicals"":0.0,""planar_aromatic_rings"":0.0,""planar_double_bonds"":0.0,""reference_file_loads"":0.0,""sanitisation"":0.0,""tetrahedral_chirality"":0.176}",817,105.49010660907433,1.27326543274347,1.7771098518298878,126.0,15.422276621787026,0.8885351291128267,0.06609547123623011,73.49419096599614,0.020574121820734117,0.24603174603174602,14.0,1.7135862913096696,0.8930468934876722,0.1799265605875153,10.557135161515696,0.10785046644963436,0.0,1.0,0.12239902080783353,0.0,1.0,1.0,1.0,0.0,1.0,0.12239902080783353,0.0,1.0,1.0,1.0,0.0,817,34.41544458394455,102.36081231728537,53.66656276957832,8.360876666127435,0.4555583851286855,1.1339759663553124,0.0,1.0,1.0,1.0,0.47065849726620534,1.1403823821724304,0.0,1.0,1.0,1.0,1000,0,0,0,0,0,1000,0,0,0,0,817,1000,1000,core
3ehy_3ehy_conf0,generation,qwen_4b_4e_from_bigdata_step20000,dynamic,4b_4e_from_bigdata_step20000,qwen_4b_4e_from_bigdata_step20000_dynamic,Qwen 4B 4e from bigdata (step 20000),qwen_4b_4e_from_bigdata_step20000_dynamic,5,17,73,0.7,73,73,0,1.0,90,73,17,0.8111111111111111,"{""all_atoms_connected"":0,""bond_angles"":0,""bond_lengths"":0,""bonds"":0,""double_bond_stereochemistry"":0,""energy_ratio"":0,""file_loads"":0,""inchi_convertible"":0,""internal_steric_clash"":0,""molecular_formula"":0,""no_radicals"":0,""planar_aromatic_rings"":0,""planar_double_bonds"":0,""reference_file_loads"":0,""sanitisation"":0,""tetrahedral_chirality"":17}","{""all_atoms_connected"":0.0,""bond_angles"":0.0,""bond_lengths"":0.0,""bonds"":0.0,""double_bond_stereochemistry"":0.0,""energy_ratio"":0.0,""file_loads"":0.0,""inchi_convertible"":0.0,""internal_steric_clash"":0.0,""molecular_formula"":0.0,""no_radicals"":0.0,""planar_aromatic_rings"":0.0,""planar_double_bonds"":0.0,""reference_file_loads"":0.0,""sanitisation"":0.0,""tetrahedral_chirality"":0.18888888888888888}",73,101.2461720010114,1.2852369747699086,1.8132391726050514,39.0,53.42465753424658,0.953732808897159,0.0684931506849315,32.91929431871642,0.03546631638206044,0.5384615384615384,8.0,10.95890410958904,0.9284463531068998,0.2054794520547945,6.893989298982663,0.15856633514730717,0.0,2.0,2.73972602739726,0.9271587399898307,0.6575342465753424,1.901527416346542,0.5496340776881216,0.0,1.0,1.36986301369863,0.0,1.0,1.0,1.0,0.0,73,39.077166166282225,102.36081231728537,52.55074093752256,8.618181601390615,0.6223226359815636,1.2147282930741758,0.0,0.0,1.0,1.0,0.5745819098312133,1.2198469088512762,0.0,0.0,1.0,1.0,1000,0,0,0,0,0,90,0,0,0,0,73,90,90,core
3ehy_3ehy_conf0,generation,qwen_4b_4e_from_bigdata_step20000,chembl_count,4b_4e_from_bigdata_step20000,qwen_4b_4e_from_bigdata_step20000_chembl_count,Qwen 4B 4e from bigdata (step 20000),qwen_4b_4e_from_bigdata_step20000_chembl_count,5,17,18,0.7,18,18,0,1.0,25,18,7,0.72,"{""all_atoms_connected"":0,""bond_angles"":0,""bond_lengths"":0,""bonds"":0,""double_bond_stereochemistry"":0,""energy_ratio"":0,""file_loads"":0,""inchi_convertible"":0,""internal_steric_clash"":0,""molecular_formula"":0,""no_radicals"":0,""planar_aromatic_rings"":0,""planar_double_bonds"":0,""reference_file_loads"":0,""sanitisation"":0,""tetrahedral_chirality"":7}","{""all_atoms_connected"":0.0,""bond_angles"":0.0,""bond_lengths"":0.0,""bonds"":0.0,""double_bond_stereochemistry"":0.0,""energy_ratio"":0.0,""file_loads"":0.0,""inchi_convertible"":0.0,""internal_steric_clash"":0.0,""molecular_formula"":0.0,""no_radicals"":0.0,""planar_aromatic_rings"":0.0,""planar_double_bonds"":0.0,""reference_file_loads"":0.0,""sanitisation"":0.0,""tetrahedral_chirality"":0.28}",18,104.17325499221496,1.259247725013495,1.7691667149789196,15.0,83.33333333333333,0.9820064253709696,0.1111111111111111,14.286609467713802,0.07407407407407407,0.8,5.0,27.77777777777778,0.8950216286466832,0.3888888888888889,4.222729591558399,0.2654320987654321,0.2,1.0,5.555555555555555,0.0,1.0,1.0,1.0,0.0,1.0,5.555555555555555,0.0,1.0,1.0,1.0,0.0,18,45.949328845863135,64.34498170893002,52.10475651241074,5.025216133852538,0.6247473121298749,1.0635615673511132,0.0,0.0,1.0,1.0,0.6701238081689771,1.0845200741670915,0.0,0.0,1.0,1.0,1000,0,0,0,0,0,25,0,0,0,0,18,25,25,core
3fcq_3fcq_conf0,generation,qwen_4b_4e_from_bigdata_step20000,fixed,4b_4e_from_bigdata_step20000,qwen_4b_4e_from_bigdata_step20000_fixed,Qwen 4B 4e from bigdata (step 20000),qwen_4b_4e_from_bigdata_step20000_fixed,2,14,988,0.7,988,987,1,0.9989878542510121,1000,988,12,0.988,"{""all_atoms_connected"":0,""bond_angles"":0,""bond_lengths"":0,""bonds"":0,""double_bond_stereochemistry"":0,""energy_ratio"":0,""file_loads"":0,""inchi_convertible"":0,""internal_steric_clash"":12,""molecular_formula"":0,""no_radicals"":0,""planar_aromatic_rings"":0,""planar_double_bonds"":0,""reference_file_loads"":0,""sanitisation"":0,""tetrahedral_chirality"":0}","{""all_atoms_connected"":0.0,""bond_angles"":0.0,""bond_lengths"":0.0,""bonds"":0.0,""double_bond_stereochemistry"":0.0,""energy_ratio"":0.0,""file_loads"":0.0,""inchi_convertible"":0.0,""internal_steric_clash"":0.012,""molecular_formula"":0.0,""no_radicals"":0.0,""planar_aromatic_rings"":0.0,""planar_double_bonds"":0.0,""reference_file_loads"":0.0,""sanitisation"":0.0,""tetrahedral_chirality"":0.0}",988,124.27240022769199,0.7659973631032129,1.0913498663140158,13.0,1.3157894736842106,0.8030622715085579,0.3097165991902834,7.84451104519403,0.17719721680407807,0.0,4.0,0.4048582995951417,0.8326224452213796,0.47368421052631576,3.1716748770827814,0.359463357865233,0.0,1.0,0.10121457489878542,0.0,1.0,1.0,1.0,0.0,1.0,0.10121457489878542,0.0,1.0,1.0,1.0,0.0,988,36.335454079580394,91.54619867241146,50.53121453740629,7.466406359260467,0.1274130837746655,0.9314849850744289,1.0,1.0,1.0,1.0,0.16210660159985665,0.9155026582904946,1.0,1.0,1.0,1.0,1000,0,0,0,0,0,1000,0,0,0,0,988,1000,1000,core
3fcq_3fcq_conf0,generation,qwen_4b_4e_from_bigdata_step20000,dynamic,4b_4e_from_bigdata_step20000,qwen_4b_4e_from_bigdata_step20000_dynamic,Qwen 4B 4e from bigdata (step 20000),qwen_4b_4e_from_bigdata_step20000_dynamic,2,14,24,0.7,24,24,0,1.0,24,24,0,1.0,"{""all_atoms_connected"":0,""bond_angles"":0,""bond_lengths"":0,""bonds"":0,""double_bond_stereochemistry"":0,""energy_ratio"":0,""file_loads"":0,""inchi_convertible"":0,""internal_steric_clash"":0,""molecular_formula"":0,""no_radicals"":0,""planar_aromatic_rings"":0,""planar_double_bonds"":0,""reference_file_loads"":0,""sanitisation"":0,""tetrahedral_chirality"":0}","{""all_atoms_connected"":0.0,""bond_angles"":0.0,""bond_lengths"":0.0,""bonds"":0.0,""double_bond_stereochemistry"":0.0,""energy_ratio"":0.0,""file_loads"":0.0,""inchi_convertible"":0.0,""internal_steric_clash"":0.0,""molecular_formula"":0.0,""no_radicals"":0.0,""planar_aromatic_rings"":0.0,""planar_double_bonds"":0.0,""reference_file_loads"":0.0,""sanitisation"":0.0,""tetrahedral_chirality"":0.0}",24,125.17687347307327,0.762104163097817,1.0556756355879409,6.0,25.0,0.75363581175613,0.5,3.858714519841237,0.3333333333333333,0.5,2.0,8.333333333333334,0.9182958340544894,0.6666666666666666,1.8898815748423097,0.5555555555555556,0.0,1.0,4.166666666666667,0.0,1.0,1.0,1.0,0.0,1.0,4.166666666666667,0.0,1.0,1.0,1.0,0.0,24,40.446309277375384,71.83285662872228,51.80329052160096,8.353594811290849,0.3791657493815031,0.9642418256236287,0.0,1.0,1.0,1.0,0.2431662200691574,0.9622404250436651,1.0,1.0,1.0,1.0,1000,0,0,0,0,0,24,0,0,0,0,24,24,24,core
3fcq_3fcq_conf0,generation,qwen_4b_4e_from_bigdata_step20000,chembl_count,4b_4e_from_bigdata_step20000,qwen_4b_4e_from_bigdata_step20000_chembl_count,Qwen 4B 4e from bigdata (step 20000),qwen_4b_4e_from_bigdata_step20000_chembl_count,2,14,1,0.7,1,1,0,1.0,2,1,1,0.5,"{""all_atoms_connected"":0,""bond_angles"":0,""bond_lengths"":0,""bonds"":0,""double_bond_stereochemistry"":0,""energy_ratio"":0,""file_loads"":0,""inchi_convertible"":0,""internal_steric_clash"":1,""molecular_formula"":0,""no_radicals"":0,""planar_aromatic_rings"":0,""planar_double_bonds"":0,""reference_file_loads"":0,""sanitisation"":0,""tetrahedral_chirality"":0}","{""all_atoms_connected"":0.0,""bond_angles"":0.0,""bond_lengths"":0.0,""bonds"":0.0,""double_bond_stereochemistry"":0.0,""energy_ratio"":0.0,""file_loads"":0.0,""inchi_convertible"":0.0,""internal_steric_clash"":0.5,""molecular_formula"":0.0,""no_radicals"":0.0,""planar_aromatic_rings"":0.0,""planar_double_bonds"":0.0,""reference_file_loads"":0.0,""sanitisation"":0.0,""tetrahedral_chirality"":0.0}",1,0.0,,,1.0,100.0,0.0,1.0,1.0,1.0,1.0,1.0,100.0,0.0,1.0,1.0,1.0,1.0,1.0,100.0,0.0,1.0,1.0,1.0,1.0,1.0,100.0,0.0,1.0,1.0,1.0,1.0,1,49.191600658499766,49.191600658499766,49.191600658499766,0.0,0.24805040033220507,0.24805040033220507,1.0,1.0,1.0,1.0,0.26247218635579317,0.26247218635579317,0.0,1.0,1.0,1.0,1000,0,0,0,0,0,2,0,0,0,0,1,2,2,core
3fur_3fur_conf0,generation,qwen_4b_4e_from_bigdata_step20000,fixed,4b_4e_from_bigdata_step20000,qwen_4b_4e_from_bigdata_step20000_fixed,Qwen 4B 4e from bigdata (step 20000),qwen_4b_4e_from_bigdata_step20000_fixed,5,31,885,0.7,885,883,2,0.9977401129943503,996,885,111,0.8885542168674698,"{""all_atoms_connected"":0,""bond_angles"":11,""bond_lengths"":4,""bonds"":0,""double_bond_stereochemistry"":0,""energy_ratio"":20,""file_loads"":0,""inchi_convertible"":0,""internal_steric_clash"":108,""molecular_formula"":0,""no_radicals"":0,""planar_aromatic_rings"":1,""planar_double_bonds"":0,""reference_file_loads"":0,""sanitisation"":0,""tetrahedral_chirality"":0}","{""all_atoms_connected"":0.0,""bond_angles"":0.01104417670682731,""bond_lengths"":0.004016064257028112,""bonds"":0.0,""double_bond_stereochemistry"":0.0,""energy_ratio"":0.020080321285140562,""file_loads"":0.0,""inchi_convertible"":0.0,""internal_steric_clash"":0.10843373493975904,""molecular_formula"":0.0,""no_radicals"":0.0,""planar_aromatic_rings"":0.001004016064257028,""planar_double_bonds"":0.0,""reference_file_loads"":0.0,""sanitisation"":0.0,""tetrahedral_chirality"":0.0}",885,104.60488228236083,2.0115490052765215,2.8352392379559723,261.0,29.491525423728813,0.910440950899676,0.03615819209039548,158.56541973079823,0.00981454882058157,0.46360153256704983,69.0,7.796610169491525,0.8774373804239401,0.08022598870056497,41.06529331346178,0.03242363305563536,0.13043478260869565,7.0,0.7909604519774012,0.8747189801100407,0.2655367231638418,5.485589379775805,0.20602636534839927,0.0,2.0,0.22598870056497175,0.999792765854127,0.5084745762711864,1.9997127331046878,0.5001436368859523,0.0,885,74.69013295826964,432.2274541288308,92.59363144426956,17.552625080981613,0.653848827449614,1.863869602008228,0.0,0.0,1.0,1.0,0.6294547652062472,1.8523807551036438,0.0,0.0,1.0,1.0,996,0,0,0,0,0,996,0,0,0,0,885,1000,1000,core
3fur_3fur_conf0,generation,qwen_4b_4e_from_bigdata_step20000,dynamic,4b_4e_from_bigdata_step20000,qwen_4b_4e_from_bigdata_step20000_dynamic,Qwen 4B 4e from bigdata (step 20000),qwen_4b_4e_from_bigdata_step20000_dynamic,5,31,79,0.7,79,79,0,1.0,90,79,11,0.8777777777777778,"{""all_atoms_connected"":0,""bond_angles"":0,""bond_lengths"":0,""bonds"":0,""double_bond_stereochemistry"":0,""energy_ratio"":1,""file_loads"":0,""inchi_convertible"":0,""internal_steric_clash"":11,""molecular_formula"":0,""no_radicals"":0,""planar_aromatic_rings"":0,""planar_double_bonds"":0,""reference_file_loads"":0,""sanitisation"":0,""tetrahedral_chirality"":0}","{""all_atoms_connected"":0.0,""bond_angles"":0.0,""bond_lengths"":0.0,""bonds"":0.0,""double_bond_stereochemistry"":0.0,""energy_ratio"":0.011111111111111112,""file_loads"":0.0,""inchi_convertible"":0.0,""internal_steric_clash"":0.12222222222222222,""molecular_formula"":0.0,""no_radicals"":0.0,""planar_aromatic_rings"":0.0,""planar_double_bonds"":0.0,""reference_file_loads"":0.0,""sanitisation"":0.0,""tetrahedral_chirality"":0.0}",79,104.37426172187637,1.9722626346717511,2.7354096412489026,55.0,69.62025316455696,0.9594874862562772,0.05063291139240506,46.758031814181386,0.025797147892965857,0.8,27.0,34.177215189873415,0.9015622905224427,0.11392405063291139,19.519271002480746,0.06553436949206858,0.4074074074074074,4.0,5.063291139240507,0.9513756884027189,0.35443037974683544,3.739256340210161,0.28024355071302676,0.0,2.0,2.5316455696202533,0.980377508715691,0.5822784810126582,1.9729816097728048,0.5135394968755007,0.0,79,80.44597104446996,140.21196158025907,94.7269634042945,11.32693791347553,1.0098864140601531,1.8609343606356257,0.0,0.0,0.0,1.0,0.9987490920179175,1.8439947944539157,0.0,0.0,0.0,1.0,996,0,0,0,0,0,90,0,0,0,0,79,90,90,core
3fur_3fur_conf0,generation,qwen_4b_4e_from_bigdata_step20000,chembl_count,4b_4e_from_bigdata_step20000,qwen_4b_4e_from_bigdata_step20000_chembl_count,Qwen 4B 4e from bigdata (step 20000),qwen_4b_4e_from_bigdata_step20000_chembl_count,5,31,77,0.7,77,77,0,1.0,86,77,9,0.8953488372093024,"{""all_atoms_connected"":0,""bond_angles"":0,""bond_lengths"":0,""bonds"":0,""double_bond_stereochemistry"":0,""energy_ratio"":1,""file_loads"":0,""inchi_convertible"":0,""internal_steric_clash"":9,""molecular_formula"":0,""no_radicals"":0,""planar_aromatic_rings"":0,""planar_double_bonds"":0,""reference_file_loads"":0,""sanitisation"":0,""tetrahedral_chirality"":0}","{""all_atoms_connected"":0.0,""bond_angles"":0.0,""bond_lengths"":0.0,""bonds"":0.0,""double_bond_stereochemistry"":0.0,""energy_ratio"":0.011627906976744186,""file_loads"":0.0,""inchi_convertible"":0.0,""internal_steric_clash"":0.10465116279069768,""molecular_formula"":0.0,""no_radicals"":0.0,""planar_aromatic_rings"":0.0,""planar_double_bonds"":0.0,""reference_file_loads"":0.0,""sanitisation"":0.0,""tetrahedral_chirality"":0.0}",77,109.54532805892663,2.051840643001192,2.7819568917179263,58.0,75.32467532467533,0.9760862700966937,0.05194805194805195,52.63296703350135,0.021420138303255187,0.7586206896551724,31.0,40.25974025974026,0.9330649785367379,0.1038961038961039,24.634137820941515,0.04908078934052959,0.41935483870967744,5.0,6.4935064935064934,0.8220085695814604,0.4155844155844156,3.754562459151267,0.29735199865069994,0.2,1.0,1.2987012987012987,0.0,1.0,1.0,1.0,0.0,77,78.65828547142222,187.71017503268473,92.37535202886188,14.33496197391655,0.7482568100348972,1.9225564612316557,0.0,0.0,1.0,1.0,0.7594673008691996,1.9035577909497574,0.0,0.0,0.0,1.0,996,0,0,0,0,0,86,0,0,0,0,77,86,86,core
3g2z_3g2z_conf0,generation,qwen_4b_4e_from_bigdata_step20000,fixed,4b_4e_from_bigdata_step20000,qwen_4b_4e_from_bigdata_step20000_fixed,Qwen 4B 4e from bigdata (step 20000),qwen_4b_4e_from_bigdata_step20000_fixed,2,13,999,0.7,999,999,0,1.0,1000,999,1,0.999,"{""all_atoms_connected"":0,""bond_angles"":1,""bond_lengths"":1,""bonds"":0,""double_bond_stereochemistry"":0,""energy_ratio"":1,""file_loads"":0,""inchi_convertible"":0,""internal_steric_clash"":0,""molecular_formula"":0,""no_radicals"":0,""planar_aromatic_rings"":0,""planar_double_bonds"":0,""reference_file_loads"":0,""sanitisation"":0,""tetrahedral_chirality"":0}","{""all_atoms_connected"":0.0,""bond_angles"":0.001,""bond_lengths"":0.001,""bonds"":0.0,""double_bond_stereochemistry"":0.0,""energy_ratio"":0.001,""file_loads"":0.0,""inchi_convertible"":0.0,""internal_steric_clash"":0.0,""molecular_formula"":0.0,""no_radicals"":0.0,""planar_aromatic_rings"":0.0,""planar_double_bonds"":0.0,""reference_file_loads"":0.0,""sanitisation"":0.0,""tetrahedral_chirality"":0.0}",999,115.98176580841587,0.7380372726917931,1.2264149922986438,7.0,0.7007007007007007,0.7922690940594911,0.3983983983983984,4.6724542590918485,0.24962800638476318,0.0,2.0,0.2002002002002002,0.9334856264586349,0.6506506506506506,1.909884807581469,0.5453912370829288,0.0,1.0,0.1001001001001001,0.0,1.0,1.0,1.0,0.0,1.0,0.1001001001001001,0.0,1.0,1.0,1.0,0.0,999,27.515314610300116,99.62080419606166,41.73625632217312,6.206567720456053,0.08426155015017608,0.5241317479992676,1.0,1.0,1.0,1.0,0.059946739497168854,0.6201151854836248,1.0,1.0,1.0,1.0,1000,0,0,0,0,0,1000,0,0,0,0,999,1000,1000,core
3g2z_3g2z_conf0,generation,qwen_4b_4e_from_bigdata_step20000,dynamic,4b_4e_from_bigdata_step20000,qwen_4b_4e_from_bigdata_step20000_dynamic,Qwen 4B 4e from bigdata (step 20000),qwen_4b_4e_from_bigdata_step20000_dynamic,2,13,24,0.7,24,24,0,1.0,24,24,0,1.0,"{""all_atoms_connected"":0,""bond_angles"":0,""bond_lengths"":0,""bonds"":0,""double_bond_stereochemistry"":0,""energy_ratio"":0,""file_loads"":0,""inchi_convertible"":0,""internal_steric_clash"":0,""molecular_formula"":0,""no_radicals"":0,""planar_aromatic_rings"":0,""planar_double_bonds"":0,""reference_file_loads"":0,""sanitisation"":0,""tetrahedral_chirality"":0}","{""all_atoms_connected"":0.0,""bond_angles"":0.0,""bond_lengths"":0.0,""bonds"":0.0,""double_bond_stereochemistry"":0.0,""energy_ratio"":0.0,""file_loads"":0.0,""inchi_convertible"":0.0,""internal_steric_clash"":0.0,""molecular_formula"":0.0,""no_radicals"":0.0,""planar_aromatic_rings"":0.0,""planar_double_bonds"":0.0,""reference_file_loads"":0.0,""sanitisation"":0.0,""tetrahedral_chirality"":0.0}",24,112.43448017642547,0.7643462951911122,1.2081086929095763,4.0,16.666666666666668,0.8264316911454822,0.5416666666666666,3.144571375565143,0.37847222222222215,0.0,2.0,8.333333333333334,0.954434002924965,0.625,1.9378192408783848,0.53125,0.0,1.0,4.166666666666667,0.0,1.0,1.0,1.0,0.0,1.0,4.166666666666667,0.0,1.0,1.0,1.0,0.0,24,30.594574613338878,53.07202681419865,41.98986060049724,5.938284926081308,0.24566362825882038,0.5477595861339029,1.0,1.0,1.0,1.0,0.35204272686594534,0.6418649927959186,0.0,1.0,1.0,1.0,1000,0,0,0,0,0,24,0,0,0,0,24,24,24,core
3g2z_3g2z_conf0,generation,qwen_4b_4e_from_bigdata_step20000,chembl_count,4b_4e_from_bigdata_step20000,qwen_4b_4e_from_bigdata_step20000_chembl_count,Qwen 4B 4e from bigdata (step 20000),qwen_4b_4e_from_bigdata_step20000_chembl_count,2,13,6,0.7,6,6,0,1.0,6,6,0,1.0,"{""all_atoms_connected"":0,""bond_angles"":0,""bond_lengths"":0,""bonds"":0,""double_bond_stereochemistry"":0,""energy_ratio"":0,""file_loads"":0,""inchi_convertible"":0,""internal_steric_clash"":0,""molecular_formula"":0,""no_radicals"":0,""planar_aromatic_rings"":0,""planar_double_bonds"":0,""reference_file_loads"":0,""sanitisation"":0,""tetrahedral_chirality"":0}","{""all_atoms_connected"":0.0,""bond_angles"":0.0,""bond_lengths"":0.0,""bonds"":0.0,""double_bond_stereochemistry"":0.0,""energy_ratio"":0.0,""file_loads"":0.0,""inchi_convertible"":0.0,""internal_steric_clash"":0.0,""molecular_formula"":0.0,""no_radicals"":0.0,""planar_aromatic_rings"":0.0,""planar_double_bonds"":0.0,""reference_file_loads"":0.0,""sanitisation"":0.0,""tetrahedral_chirality"":0.0}",6,120.56307749400906,0.8270459404806138,1.1537560445171307,4.0,66.66666666666667,0.9591479170272447,0.3333333333333333,3.779763149684619,0.2777777777777778,0.5,2.0,33.333333333333336,0.9182958340544894,0.6666666666666666,1.8898815748423097,0.5555555555555556,0.0,1.0,16.666666666666668,0.0,1.0,1.0,1.0,0.0,1.0,16.666666666666668,0.0,1.0,1.0,1.0,0.0,6,37.372593351163786,48.01026030906263,44.047831762846975,3.2208753862943964,0.15052497006219814,0.5259787183747621,1.0,1.0,1.0,1.0,0.24337916516746116,0.6553605856876745,1.0,1.0,1.0,1.0,1000,0,0,0,0,0,6,0,0,0,0,6,6,6,core
3g31_3g31_conf0,generation,qwen_4b_4e_from_bigdata_step20000,fixed,4b_4e_from_bigdata_step20000,qwen_4b_4e_from_bigdata_step20000_fixed,Qwen 4B 4e from bigdata (step 20000),qwen_4b_4e_from_bigdata_step20000_fixed,2,17,0,0.7,0,0,0,,1000,0,1000,0.0,"{""all_atoms_connected"":0,""bond_angles"":17,""bond_lengths"":43,""bonds"":0,""double_bond_stereochemistry"":0,""file_loads"":0,""inchi_convertible"":0,""internal_steric_clash"":41,""molecular_formula"":0,""no_radicals"":0,""planar_aromatic_rings"":0,""planar_double_bonds"":0,""reference_file_loads"":0,""sanitisation"":0,""tetrahedral_chirality"":998}","{""all_atoms_connected"":0.0,""bond_angles"":0.017,""bond_lengths"":0.043,""bonds"":0.0,""double_bond_stereochemistry"":0.0,""file_loads"":0.0,""inchi_convertible"":0.0,""internal_steric_clash"":0.041,""molecular_formula"":0.0,""no_radicals"":0.0,""planar_aromatic_rings"":0.0,""planar_double_bonds"":0.0,""reference_file_loads"":0.0,""sanitisation"":0.0,""tetrahedral_chirality"":0.998}",0,,,,,,,,,,,,,,,,,,,,,,,,,,,,,,,,0,,,,,,,,,,,,,,,,,1000,0,0,0,0,0,1000,0,0,0,0,0,1000,1000,core
3g31_3g31_conf0,generation,qwen_4b_4e_from_bigdata_step20000,dynamic,4b_4e_from_bigdata_step20000,qwen_4b_4e_from_bigdata_step20000_dynamic,Qwen 4B 4e from bigdata (step 20000),qwen_4b_4e_from_bigdata_step20000_dynamic,2,17,0,0.7,0,0,0,,24,0,24,0.0,"{""all_atoms_connected"":0,""bond_angles"":0,""bond_lengths"":0,""bonds"":0,""double_bond_stereochemistry"":0,""file_loads"":0,""inchi_convertible"":0,""internal_steric_clash"":1,""molecular_formula"":0,""no_radicals"":0,""planar_aromatic_rings"":0,""planar_double_bonds"":0,""reference_file_loads"":0,""sanitisation"":0,""tetrahedral_chirality"":24}","{""all_atoms_connected"":0.0,""bond_angles"":0.0,""bond_lengths"":0.0,""bonds"":0.0,""double_bond_stereochemistry"":0.0,""file_loads"":0.0,""inchi_convertible"":0.0,""internal_steric_clash"":0.041666666666666664,""molecular_formula"":0.0,""no_radicals"":0.0,""planar_aromatic_rings"":0.0,""planar_double_bonds"":0.0,""reference_file_loads"":0.0,""sanitisation"":0.0,""tetrahedral_chirality"":1.0}",0,,,,,,,,,,,,,,,,,,,,,,,,,,,,,,,,0,,,,,,,,,,,,,,,,,1000,0,0,0,0,0,24,0,0,0,0,0,24,24,core
3g31_3g31_conf0,generation,qwen_4b_4e_from_bigdata_step20000,chembl_count,4b_4e_from_bigdata_step20000,qwen_4b_4e_from_bigdata_step20000_chembl_count,Qwen 4B 4e from bigdata (step 20000),qwen_4b_4e_from_bigdata_step20000_chembl_count,2,17,0,0.7,0,0,0,,8,0,8,0.0,"{""all_atoms_connected"":0,""bond_angles"":0,""bond_lengths"":1,""bonds"":0,""double_bond_stereochemistry"":0,""file_loads"":0,""inchi_convertible"":0,""internal_steric_clash"":0,""molecular_formula"":0,""no_radicals"":0,""planar_aromatic_rings"":0,""planar_double_bonds"":0,""reference_file_loads"":0,""sanitisation"":0,""tetrahedral_chirality"":8}","{""all_atoms_connected"":0.0,""bond_angles"":0.0,""bond_lengths"":0.125,""bonds"":0.0,""double_bond_stereochemistry"":0.0,""file_loads"":0.0,""inchi_convertible"":0.0,""internal_steric_clash"":0.0,""molecular_formula"":0.0,""no_radicals"":0.0,""planar_aromatic_rings"":0.0,""planar_double_bonds"":0.0,""reference_file_loads"":0.0,""sanitisation"":0.0,""tetrahedral_chirality"":1.0}",0,,,,,,,,,,,,,,,,,,,,,,,,,,,,,,,,0,,,,,,,,,,,,,,,,,1000,0,0,0,0,0,8,0,0,0,0,0,8,8,core
3gy4_3gy4_conf0,generation,qwen_4b_4e_from_bigdata_step20000,fixed,4b_4e_from_bigdata_step20000,qwen_4b_4e_from_bigdata_step20000_fixed,Qwen 4B 4e from bigdata (step 20000),qwen_4b_4e_from_bigdata_step20000_fixed,2,10,997,0.7,997,997,0,1.0,1000,997,3,0.997,"{""all_atoms_connected"":0,""bond_angles"":0,""bond_lengths"":1,""bonds"":0,""double_bond_stereochemistry"":0,""energy_ratio"":2,""file_loads"":0,""inchi_convertible"":0,""internal_steric_clash"":0,""molecular_formula"":0,""no_radicals"":0,""planar_aromatic_rings"":0,""planar_double_bonds"":0,""reference_file_loads"":0,""sanitisation"":0,""tetrahedral_chirality"":0}","{""all_atoms_connected"":0.0,""bond_angles"":0.0,""bond_lengths"":0.001,""bonds"":0.0,""double_bond_stereochemistry"":0.0,""energy_ratio"":0.002,""file_loads"":0.0,""inchi_convertible"":0.0,""internal_steric_clash"":0.0,""molecular_formula"":0.0,""no_radicals"":0.0,""planar_aromatic_rings"":0.0,""planar_double_bonds"":0.0,""reference_file_loads"":0.0,""sanitisation"":0.0,""tetrahedral_chirality"":0.0}",997,112.04345772438016,0.23025214973515898,0.46074371606563863,2.0,0.20060180541624875,0.31204369187785597,0.9438314944834504,1.2414650886052794,0.8939727909908262,0.0,1.0,0.10030090270812438,0.0,1.0,1.0,1.0,0.0,1.0,0.10030090270812438,0.0,1.0,1.0,1.0,0.0,1.0,0.10030090270812438,0.0,1.0,1.0,1.0,0.0,997,21.794494278495367,57.9076026979686,29.794450079057118,3.298273038887307,0.04090959554491761,0.1474435034787048,1.0,1.0,1.0,1.0,0.05887698474149381,0.146093425058762,1.0,1.0,1.0,1.0,1000,0,0,0,0,0,1000,0,0,0,0,997,1000,1000,core
3gy4_3gy4_conf0,generation,qwen_4b_4e_from_bigdata_step20000,dynamic,4b_4e_from_bigdata_step20000,qwen_4b_4e_from_bigdata_step20000_dynamic,Qwen 4B 4e from bigdata (step 20000),qwen_4b_4e_from_bigdata_step20000_dynamic,2,10,24,0.7,24,24,0,1.0,24,24,0,1.0,"{""all_atoms_connected"":0,""bond_angles"":0,""bond_lengths"":0,""bonds"":0,""double_bond_stereochemistry"":0,""energy_ratio"":0,""file_loads"":0,""inchi_convertible"":0,""internal_steric_clash"":0,""molecular_formula"":0,""no_radicals"":0,""planar_aromatic_rings"":0,""planar_double_bonds"":0,""reference_file_loads"":0,""sanitisation"":0,""tetrahedral_chirality"":0}","{""all_atoms_connected"":0.0,""bond_angles"":0.0,""bond_lengths"":0.0,""bonds"":0.0,""double_bond_stereochemistry"":0.0,""energy_ratio"":0.0,""file_loads"":0.0,""inchi_convertible"":0.0,""internal_steric_clash"":0.0,""molecular_formula"":0.0,""no_radicals"":0.0,""planar_aromatic_rings"":0.0,""planar_double_bonds"":0.0,""reference_file_loads"":0.0,""sanitisation"":0.0,""tetrahedral_chirality"":0.0}",24,96.96406887173208,0.16840175006522104,0.30978975269230224,1.0,4.166666666666667,0.0,1.0,1.0,1.0,0.0,1.0,4.166666666666667,0.0,1.0,1.0,1.0,0.0,1.0,4.166666666666667,0.0,1.0,1.0,1.0,0.0,1.0,4.166666666666667,0.0,1.0,1.0,1.0,0.0,24,27.128436122446956,41.413291456405105,30.07772968915041,3.0483267486928374,0.06698948020056592,0.16592623540515566,1.0,1.0,1.0,1.0,0.09301221530964864,0.13629233768107757,1.0,1.0,1.0,1.0,1000,0,0,0,0,0,24,0,0,0,0,24,24,24,core
3gy4_3gy4_conf0,generation,qwen_4b_4e_from_bigdata_step20000,chembl_count,4b_4e_from_bigdata_step20000,qwen_4b_4e_from_bigdata_step20000_chembl_count,Qwen 4B 4e from bigdata (step 20000),qwen_4b_4e_from_bigdata_step20000_chembl_count,2,10,1,0.7,1,1,0,1.0,1,1,0,1.0,"{""all_atoms_connected"":0,""bond_angles"":0,""bond_lengths"":0,""bonds"":0,""double_bond_stereochemistry"":0,""energy_ratio"":0,""file_loads"":0,""inchi_convertible"":0,""internal_steric_clash"":0,""molecular_formula"":0,""no_radicals"":0,""planar_aromatic_rings"":0,""planar_double_bonds"":0,""reference_file_loads"":0,""sanitisation"":0,""tetrahedral_chirality"":0}","{""all_atoms_connected"":0.0,""bond_angles"":0.0,""bond_lengths"":0.0,""bonds"":0.0,""double_bond_stereochemistry"":0.0,""energy_ratio"":0.0,""file_loads"":0.0,""inchi_convertible"":0.0,""internal_steric_clash"":0.0,""molecular_formula"":0.0,""no_radicals"":0.0,""planar_aromatic_rings"":0.0,""planar_double_bonds"":0.0,""reference_file_loads"":0.0,""sanitisation"":0.0,""tetrahedral_chirality"":0.0}",1,0.0,,,1.0,100.0,0.0,1.0,1.0,1.0,1.0,1.0,100.0,0.0,1.0,1.0,1.0,1.0,1.0,100.0,0.0,1.0,1.0,1.0,1.0,1.0,100.0,0.0,1.0,1.0,1.0,1.0,1,29.42505849886608,29.42505849886608,29.42505849886608,0.0,0.30513403460848526,0.30513403460848526,0.0,1.0,1.0,1.0,0.2620537395896719,0.2620537395896719,0.0,1.0,1.0,1.0,1000,0,0,0,0,0,1,0,0,0,0,1,1,1,core
3jvs_3jvs_conf0,generation,qwen_4b_4e_from_bigdata_step20000,fixed,4b_4e_from_bigdata_step20000,qwen_4b_4e_from_bigdata_step20000_fixed,Qwen 4B 4e from bigdata (step 20000),qwen_4b_4e_from_bigdata_step20000_fixed,3,30,347,0.7,347,340,7,0.9798270893371758,1000,347,653,0.347,"{""all_atoms_connected"":0,""bond_angles"":6,""bond_lengths"":5,""bonds"":0,""double_bond_stereochemistry"":0,""energy_ratio"":4,""file_loads"":0,""inchi_convertible"":0,""internal_steric_clash"":652,""molecular_formula"":0,""no_radicals"":0,""planar_aromatic_rings"":1,""planar_double_bonds"":0,""reference_file_loads"":0,""sanitisation"":0,""tetrahedral_chirality"":0}","{""all_atoms_connected"":0.0,""bond_angles"":0.006,""bond_lengths"":0.005,""bonds"":0.0,""double_bond_stereochemistry"":0.0,""energy_ratio"":0.004,""file_loads"":0.0,""inchi_convertible"":0.0,""internal_steric_clash"":0.652,""molecular_formula"":0.0,""no_radicals"":0.0,""planar_aromatic_rings"":0.001,""planar_double_bonds"":0.0,""reference_file_loads"":0.0,""sanitisation"":0.0,""tetrahedral_chirality"":0.0}",347,114.07138636718157,2.3053746269961497,3.0868601970282312,285.0,82.13256484149856,0.9866542101766694,0.011527377521613832,264.29139085313295,0.004194038651595811,0.8350877192982457,119.0,34.293948126801155,0.9253604333691315,0.043227665706051875,83.29693774316098,0.016120057470787062,0.46218487394957986,14.0,4.034582132564841,0.7820527036992065,0.31988472622478387,7.876486429423916,0.17293557790530606,0.07142857142857142,2.0,0.5763688760806917,0.8078344058660988,0.7521613832853026,1.7505817141492919,0.6271707264407145,0.0,347,99.11488917121892,242.56858210048932,125.71305168706482,15.602736314532692,0.8087459438337956,2.582294598858669,0.0,0.0,0.0,1.0,0.7902108860552656,2.546808100767392,0.0,0.0,0.0,1.0,1000,0,0,0,0,0,1000,0,0,0,0,347,1000,1000,core
3jvs_3jvs_conf0,generation,qwen_4b_4e_from_bigdata_step20000,dynamic,4b_4e_from_bigdata_step20000,qwen_4b_4e_from_bigdata_step20000_dynamic,Qwen 4B 4e from bigdata (step 20000),qwen_4b_4e_from_bigdata_step20000_dynamic,3,30,18,0.7,18,18,0,1.0,46,18,28,0.391304347826087,"{""all_atoms_connected"":0,""bond_angles"":0,""bond_lengths"":0,""bonds"":0,""double_bond_stereochemistry"":0,""energy_ratio"":0,""file_loads"":0,""inchi_convertible"":0,""internal_steric_clash"":28,""molecular_formula"":0,""no_radicals"":0,""planar_aromatic_rings"":0,""planar_double_bonds"":0,""reference_file_loads"":0,""sanitisation"":0,""tetrahedral_chirality"":0}","{""all_atoms_connected"":0.0,""bond_angles"":0.0,""bond_lengths"":0.0,""bonds"":0.0,""double_bond_stereochemistry"":0.0,""energy_ratio"":0.0,""file_loads"":0.0,""inchi_convertible"":0.0,""internal_steric_clash"":0.6086956521739131,""molecular_formula"":0.0,""no_radicals"":0.0,""planar_aromatic_rings"":0.0,""planar_double_bonds"":0.0,""reference_file_loads"":0.0,""sanitisation"":0.0,""tetrahedral_chirality"":0.0}",18,110.49447577256069,2.319098584298002,3.1079187259092182,18.0,100.0,1.0000000000000002,0.05555555555555555,18.000000000000004,0.05555555555555555,1.0,15.0,83.33333333333333,0.9820064253709696,0.1111111111111111,14.286609467713802,0.07407407407407407,0.8,6.0,33.333333333333336,0.8992042989107536,0.2777777777777778,5.008606923972825,0.22222222222222227,0.3333333333333333,3.0,16.666666666666668,0.991532399729883,0.3888888888888889,2.972221577101559,0.3395061728395062,0.0,18,107.53266079525892,147.25809455376418,122.99276624243831,11.169636227172381,1.7778349551020152,2.575406252365056,0.0,0.0,0.0,1.0,1.8149874476129704,2.5371326576431934,0.0,0.0,0.0,1.0,1000,0,0,0,0,0,46,0,0,0,0,18,46,46,core
3jvs_3jvs_conf0,generation,qwen_4b_4e_from_bigdata_step20000,chembl_count,4b_4e_from_bigdata_step20000,qwen_4b_4e_from_bigdata_step20000_chembl_count,Qwen 4B 4e from bigdata (step 20000),qwen_4b_4e_from_bigdata_step20000_chembl_count,3,30,18,0.7,18,16,2,0.8888888888888888,40,18,22,0.45,"{""all_atoms_connected"":0,""bond_angles"":0,""bond_lengths"":0,""bonds"":0,""double_bond_stereochemistry"":0,""energy_ratio"":0,""file_loads"":0,""inchi_convertible"":0,""internal_steric_clash"":22,""molecular_formula"":0,""no_radicals"":0,""planar_aromatic_rings"":0,""planar_double_bonds"":0,""reference_file_loads"":0,""sanitisation"":0,""tetrahedral_chirality"":0}","{""all_atoms_connected"":0.0,""bond_angles"":0.0,""bond_lengths"":0.0,""bonds"":0.0,""double_bond_stereochemistry"":0.0,""energy_ratio"":0.0,""file_loads"":0.0,""inchi_convertible"":0.0,""internal_steric_clash"":0.55,""molecular_formula"":0.0,""no_radicals"":0.0,""planar_aromatic_rings"":0.0,""planar_double_bonds"":0.0,""reference_file_loads"":0.0,""sanitisation"":0.0,""tetrahedral_chirality"":0.0}",18,110.12435008400925,2.367663032623376,3.1450487681359145,17.0,94.44444444444444,0.9929910186265145,0.1111111111111111,16.665744821171238,0.06172839506172839,0.9411764705882353,16.0,88.88888888888889,0.9869256948050227,0.1111111111111111,15.430391691355316,0.06790123456790123,0.875,6.0,33.333333333333336,0.873691549534701,0.3888888888888889,4.784804212133651,0.24691358024691362,0.3333333333333333,2.0,11.11111111111111,0.9182958340544894,0.6666666666666666,1.8898815748423097,0.5555555555555556,0.0,18,104.23058015900645,158.75233461945376,125.11488595311351,14.745422117888825,1.3579865227648658,2.5654896549798614,0.0,0.0,0.0,1.0,1.2090393468521061,2.5344277936867146,0.0,0.0,0.0,1.0,1000,0,0,0,0,0,40,0,0,0,0,18,40,40,core
3k5v_3k5v_conf0,generation,qwen_4b_4e_from_bigdata_step20000,fixed,4b_4e_from_bigdata_step20000,qwen_4b_4e_from_bigdata_step20000_fixed,Qwen 4B 4e from bigdata (step 20000),qwen_4b_4e_from_bigdata_step20000_fixed,5,27,954,0.7,954,954,0,1.0,995,954,41,0.9587939698492464,"{""all_atoms_connected"":0,""bond_angles"":35,""bond_lengths"":20,""bonds"":0,""double_bond_stereochemistry"":0,""energy_ratio"":17,""file_loads"":0,""inchi_convertible"":0,""internal_steric_clash"":20,""molecular_formula"":0,""no_radicals"":0,""planar_aromatic_rings"":3,""planar_double_bonds"":0,""reference_file_loads"":0,""sanitisation"":0,""tetrahedral_chirality"":0}","{""all_atoms_connected"":0.0,""bond_angles"":0.035175879396984924,""bond_lengths"":0.020100502512562814,""bonds"":0.0,""double_bond_stereochemistry"":0.0,""energy_ratio"":0.017085427135678392,""file_loads"":0.0,""inchi_convertible"":0.0,""internal_steric_clash"":0.020100502512562814,""molecular_formula"":0.0,""no_radicals"":0.0,""planar_aromatic_rings"":0.003015075376884422,""planar_double_bonds"":0.0,""reference_file_loads"":0.0,""sanitisation"":0.0,""tetrahedral_chirality"":0.0}",954,122.66396358539843,1.3523723833771524,1.9121972816064639,138.0,14.465408805031446,0.8319684930070032,0.0649895178197065,60.29925948257628,0.025436318007814387,0.463768115942029,21.0,2.20125786163522,0.7085540125283931,0.2589098532494759,8.64696670481968,0.15357383014912385,0.14285714285714285,2.0,0.20964360587002095,0.44391328997466684,0.9077568134171907,1.3602890927526636,0.8325312377762835,0.0,1.0,0.10482180293501048,0.0,1.0,1.0,1.0,0.0,954,35.042369996866796,757.0762627775763,53.438201170032606,26.46630150236994,0.32857677155307646,1.4864908766619105,0.0,1.0,1.0,1.0,0.3149926866548933,1.531448404118944,0.0,1.0,1.0,1.0,995,0,0,0,0,0,995,0,0,0,0,954,1000,1000,core
3k5v_3k5v_conf0,generation,qwen_4b_4e_from_bigdata_step20000,dynamic,4b_4e_from_bigdata_step20000,qwen_4b_4e_from_bigdata_step20000_dynamic,Qwen 4B 4e from bigdata (step 20000),qwen_4b_4e_from_bigdata_step20000_dynamic,5,27,85,0.7,85,85,0,1.0,90,85,5,0.9444444444444444,"{""all_atoms_connected"":0,""bond_angles"":5,""bond_lengths"":3,""bonds"":0,""double_bond_stereochemistry"":0,""energy_ratio"":3,""file_loads"":0,""inchi_convertible"":0,""internal_steric_clash"":3,""molecular_formula"":0,""no_radicals"":0,""planar_aromatic_rings"":0,""planar_double_bonds"":0,""reference_file_loads"":0,""sanitisation"":0,""tetrahedral_chirality"":0}","{""all_atoms_connected"":0.0,""bond_angles"":0.05555555555555555,""bond_lengths"":0.03333333333333333,""bonds"":0.0,""double_bond_stereochemistry"":0.0,""energy_ratio"":0.03333333333333333,""file_loads"":0.0,""inchi_convertible"":0.0,""internal_steric_clash"":0.03333333333333333,""molecular_formula"":0.0,""no_radicals"":0.0,""planar_aromatic_rings"":0.0,""planar_double_bonds"":0.0,""reference_file_loads"":0.0,""sanitisation"":0.0,""tetrahedral_chirality"":0.0}",85,119.74094433708706,1.4449281694080476,2.2385659661118456,37.0,43.529411764705884,0.9310063234334085,0.09411764705882353,28.84069498471475,0.043321799307958465,0.4864864864864865,14.0,16.470588235294116,0.7263517892971038,0.2823529411764706,6.799737533508479,0.1994463667820069,0.5,2.0,2.3529411764705883,0.5225593745369408,0.8823529411764706,1.4365013757341831,0.7923875432525951,0.0,1.0,1.1764705882352942,0.0,1.0,1.0,1.0,0.0,85,41.455288504053335,109.03918033372204,54.474703117551364,10.19183145275914,0.5138337674592598,1.5245610997848087,0.0,0.0,1.0,1.0,0.6294249758073335,1.5645221678347425,0.0,0.0,1.0,1.0,995,0,0,0,0,0,90,0,0,0,0,85,90,90,core
3k5v_3k5v_conf0,generation,qwen_4b_4e_from_bigdata_step20000,chembl_count,4b_4e_from_bigdata_step20000,qwen_4b_4e_from_bigdata_step20000_chembl_count,Qwen 4B 4e from bigdata (step 20000),qwen_4b_4e_from_bigdata_step20000_chembl_count,5,27,195,0.7,195,195,0,1.0,200,195,5,0.975,"{""all_atoms_connected"":0,""bond_angles"":5,""bond_lengths"":2,""bonds"":0,""double_bond_stereochemistry"":0,""energy_ratio"":3,""file_loads"":0,""inchi_convertible"":0,""internal_steric_clash"":3,""molecular_formula"":0,""no_radicals"":0,""planar_aromatic_rings"":1,""planar_double_bonds"":0,""reference_file_loads"":0,""sanitisation"":0,""tetrahedral_chirality"":0}","{""all_atoms_connected"":0.0,""bond_angles"":0.025,""bond_lengths"":0.01,""bonds"":0.0,""double_bond_stereochemistry"":0.0,""energy_ratio"":0.015,""file_loads"":0.0,""inchi_convertible"":0.0,""internal_steric_clash"":0.015,""molecular_formula"":0.0,""no_radicals"":0.0,""planar_aromatic_rings"":0.005,""planar_double_bonds"":0.0,""reference_file_loads"":0.0,""sanitisation"":0.0,""tetrahedral_chirality"":0.0}",195,120.48432912250223,1.366460268051834,2.01773382848103,55.0,28.205128205128204,0.8973429123738922,0.07692307692307693,36.45038538185061,0.036686390532544404,0.45454545454545453,14.0,7.17948717948718,0.7069496647237674,0.2512820512820513,6.460331901128027,0.19263642340565418,0.35714285714285715,2.0,1.0256410256410255,0.4269845752199975,0.9128205128205128,1.3444206200107836,0.8408415516107823,0.0,1.0,0.5128205128205128,0.0,1.0,1.0,1.0,0.0,195,38.73342654043539,175.945875147733,53.55130903641848,16.20898153289005,0.34861967909981867,1.4742959857786975,0.0,1.0,1.0,1.0,0.4389018328949994,1.5196493502314925,0.0,1.0,1.0,1.0,995,0,0,0,0,0,200,0,0,0,0,195,200,200,core
3kgp_3kgp_conf0,generation,qwen_4b_4e_from_bigdata_step20000,fixed,4b_4e_from_bigdata_step20000,qwen_4b_4e_from_bigdata_step20000_fixed,Qwen 4B 4e from bigdata (step 20000),qwen_4b_4e_from_bigdata_step20000_fixed,3,11,997,0.7,997,997,0,1.0,998,997,1,0.998997995991984,"{""all_atoms_connected"":0,""bond_angles"":1,""bond_lengths"":0,""bonds"":0,""double_bond_stereochemistry"":0,""energy_ratio"":1,""file_loads"":0,""inchi_convertible"":0,""internal_steric_clash"":1,""molecular_formula"":0,""no_radicals"":0,""planar_aromatic_rings"":0,""planar_double_bonds"":0,""reference_file_loads"":0,""sanitisation"":0,""tetrahedral_chirality"":0}","{""all_atoms_connected"":0.0,""bond_angles"":0.001002004008016032,""bond_lengths"":0.0,""bonds"":0.0,""double_bond_stereochemistry"":0.0,""energy_ratio"":0.001002004008016032,""file_loads"":0.0,""inchi_convertible"":0.0,""internal_steric_clash"":0.001002004008016032,""molecular_formula"":0.0,""no_radicals"":0.0,""planar_aromatic_rings"":0.0,""planar_double_bonds"":0.0,""reference_file_loads"":0.0,""sanitisation"":0.0,""tetrahedral_chirality"":0.0}",997,106.5120888229933,0.45691251663342086,0.694796958621028,6.0,0.6018054162487463,0.7317035854030393,0.41624874623871616,3.710018368977702,0.29793392212746567,0.16666666666666666,1.0,0.10030090270812438,0.0,1.0,1.0,1.0,0.0,1.0,0.10030090270812438,0.0,1.0,1.0,1.0,0.0,1.0,0.10030090270812438,0.0,1.0,1.0,1.0,0.0,997,-25.181941675375874,48.89971298096533,-12.546377185694567,5.490464313229057,0.10675283579038347,0.4041529166921638,1.0,1.0,1.0,1.0,0.05708083623749088,0.40829094780289515,1.0,1.0,1.0,1.0,998,0,0,0,0,0,998,0,0,0,0,997,1000,1000,core
3kgp_3kgp_conf0,generation,qwen_4b_4e_from_bigdata_step20000,dynamic,4b_4e_from_bigdata_step20000,qwen_4b_4e_from_bigdata_step20000_dynamic,Qwen 4B 4e from bigdata (step 20000),qwen_4b_4e_from_bigdata_step20000_dynamic,3,11,46,0.7,46,46,0,1.0,46,46,0,1.0,"{""all_atoms_connected"":0,""bond_angles"":0,""bond_lengths"":0,""bonds"":0,""double_bond_stereochemistry"":0,""energy_ratio"":0,""file_loads"":0,""inchi_convertible"":0,""internal_steric_clash"":0,""molecular_formula"":0,""no_radicals"":0,""planar_aromatic_rings"":0,""planar_double_bonds"":0,""reference_file_loads"":0,""sanitisation"":0,""tetrahedral_chirality"":0}","{""all_atoms_connected"":0.0,""bond_angles"":0.0,""bond_lengths"":0.0,""bonds"":0.0,""double_bond_stereochemistry"":0.0,""energy_ratio"":0.0,""file_loads"":0.0,""inchi_convertible"":0.0,""internal_steric_clash"":0.0,""molecular_formula"":0.0,""no_radicals"":0.0,""planar_aromatic_rings"":0.0,""planar_double_bonds"":0.0,""reference_file_loads"":0.0,""sanitisation"":0.0,""tetrahedral_chirality"":0.0}",46,101.54555344028176,0.44919035780579974,0.6880264230721626,2.0,4.3478260869565215,0.9986359641585719,0.5217391304347826,1.9981099384508874,0.500945179584121,0.0,1.0,2.1739130434782608,0.0,1.0,1.0,1.0,0.0,1.0,2.1739130434782608,0.0,1.0,1.0,1.0,0.0,1.0,2.1739130434782608,0.0,1.0,1.0,1.0,0.0,46,-21.747296984082347,10.219415523631415,-12.020621925191413,5.680524581324494,0.12264595507628895,0.5696797961606231,1.0,1.0,1.0,1.0,0.08595558738566027,0.57032346620697,1.0,1.0,1.0,1.0,998,0,0,0,0,0,46,0,0,0,0,46,46,46,core
3kgp_3kgp_conf0,generation,qwen_4b_4e_from_bigdata_step20000,chembl_count,4b_4e_from_bigdata_step20000,qwen_4b_4e_from_bigdata_step20000_chembl_count,Qwen 4B 4e from bigdata (step 20000),qwen_4b_4e_from_bigdata_step20000_chembl_count,3,11,1,0.7,1,1,0,1.0,1,1,0,1.0,"{""all_atoms_connected"":0,""bond_angles"":0,""bond_lengths"":0,""bonds"":0,""double_bond_stereochemistry"":0,""energy_ratio"":0,""file_loads"":0,""inchi_convertible"":0,""internal_steric_clash"":0,""molecular_formula"":0,""no_radicals"":0,""planar_aromatic_rings"":0,""planar_double_bonds"":0,""reference_file_loads"":0,""sanitisation"":0,""tetrahedral_chirality"":0}","{""all_atoms_connected"":0.0,""bond_angles"":0.0,""bond_lengths"":0.0,""bonds"":0.0,""double_bond_stereochemistry"":0.0,""energy_ratio"":0.0,""file_loads"":0.0,""inchi_convertible"":0.0,""internal_steric_clash"":0.0,""molecular_formula"":0.0,""no_radicals"":0.0,""planar_aromatic_rings"":0.0,""planar_double_bonds"":0.0,""reference_file_loads"":0.0,""sanitisation"":0.0,""tetrahedral_chirality"":0.0}",1,0.0,,,1.0,100.0,0.0,1.0,1.0,1.0,1.0,1.0,100.0,0.0,1.0,1.0,1.0,1.0,1.0,100.0,0.0,1.0,1.0,1.0,1.0,1.0,100.0,0.0,1.0,1.0,1.0,1.0,1,-7.957006485370428,-7.957006485370428,-7.957006485370428,0.0,0.471308688592956,0.471308688592956,0.0,1.0,1.0,1.0,0.44629419144294336,0.44629419144294336,0.0,1.0,1.0,1.0,998,0,0,0,0,0,1,0,0,0,0,1,1,1,core
3lka_3lka_conf0,generation,qwen_4b_4e_from_bigdata_step20000,fixed,4b_4e_from_bigdata_step20000,qwen_4b_4e_from_bigdata_step20000_fixed,Qwen 4B 4e from bigdata (step 20000),qwen_4b_4e_from_bigdata_step20000_fixed,3,12,999,0.7,999,999,0,1.0,1000,999,1,0.999,"{""all_atoms_connected"":0,""bond_angles"":1,""bond_lengths"":1,""bonds"":0,""double_bond_stereochemistry"":0,""energy_ratio"":0,""file_loads"":0,""inchi_convertible"":0,""internal_steric_clash"":0,""molecular_formula"":0,""no_radicals"":0,""planar_aromatic_rings"":0,""planar_double_bonds"":0,""reference_file_loads"":0,""sanitisation"":0,""tetrahedral_chirality"":0}","{""all_atoms_connected"":0.0,""bond_angles"":0.001,""bond_lengths"":0.001,""bonds"":0.0,""double_bond_stereochemistry"":0.0,""energy_ratio"":0.0,""file_loads"":0.0,""inchi_convertible"":0.0,""internal_steric_clash"":0.0,""molecular_formula"":0.0,""no_radicals"":0.0,""planar_aromatic_rings"":0.0,""planar_double_bonds"":0.0,""reference_file_loads"":0.0,""sanitisation"":0.0,""tetrahedral_chirality"":0.0}",999,115.56605827126933,0.5213541316683419,0.811793815395924,4.0,0.4004004004004004,0.9289171899660161,0.4244244244244244,3.6246316247969177,0.3006660313967621,0.0,1.0,0.1001001001001001,0.0,1.0,1.0,1.0,0.0,1.0,0.1001001001001001,0.0,1.0,1.0,1.0,0.0,1.0,0.1001001001001001,0.0,1.0,1.0,1.0,0.0,999,21.927941994088457,108.167461547545,29.865897505539305,4.033940458062184,0.17068587839887378,0.6331755481836158,1.0,1.0,1.0,1.0,0.48472664656731496,0.7085285144415336,0.0,1.0,1.0,1.0,1000,0,0,0,0,0,1000,0,0,0,0,999,1000,1000,core
3lka_3lka_conf0,generation,qwen_4b_4e_from_bigdata_step20000,dynamic,4b_4e_from_bigdata_step20000,qwen_4b_4e_from_bigdata_step20000_dynamic,Qwen 4B 4e from bigdata (step 20000),qwen_4b_4e_from_bigdata_step20000_dynamic,3,12,46,0.7,46,46,0,1.0,46,46,0,1.0,"{""all_atoms_connected"":0,""bond_angles"":0,""bond_lengths"":0,""bonds"":0,""double_bond_stereochemistry"":0,""energy_ratio"":0,""file_loads"":0,""inchi_convertible"":0,""internal_steric_clash"":0,""molecular_formula"":0,""no_radicals"":0,""planar_aromatic_rings"":0,""planar_double_bonds"":0,""reference_file_loads"":0,""sanitisation"":0,""tetrahedral_chirality"":0}","{""all_atoms_connected"":0.0,""bond_angles"":0.0,""bond_lengths"":0.0,""bonds"":0.0,""double_bond_stereochemistry"":0.0,""energy_ratio"":0.0,""file_loads"":0.0,""inchi_convertible"":0.0,""internal_steric_clash"":0.0,""molecular_formula"":0.0,""no_radicals"":0.0,""planar_aromatic_rings"":0.0,""planar_double_bonds"":0.0,""reference_file_loads"":0.0,""sanitisation"":0.0,""tetrahedral_chirality"":0.0}",46,109.64101270573988,0.524959330865278,0.8246259142356308,4.0,8.695652173913043,0.8884724757003741,0.45652173913043476,3.4269970534021907,0.32608695652173914,0.0,1.0,2.1739130434782608,0.0,1.0,1.0,1.0,0.0,1.0,2.1739130434782608,0.0,1.0,1.0,1.0,0.0,1.0,2.1739130434782608,0.0,1.0,1.0,1.0,0.0,46,22.566309898615312,42.62432590284121,29.473444958568663,3.4778890512628253,0.18374820089911265,0.6326739905666032,1.0,1.0,1.0,1.0,0.5292982244466929,0.7145499431414926,0.0,0.0,1.0,1.0,1000,0,0,0,0,0,46,0,0,0,0,46,46,46,core
3lka_3lka_conf0,generation,qwen_4b_4e_from_bigdata_step20000,chembl_count,4b_4e_from_bigdata_step20000,qwen_4b_4e_from_bigdata_step20000_chembl_count,Qwen 4B 4e from bigdata (step 20000),qwen_4b_4e_from_bigdata_step20000_chembl_count,3,12,4,0.7,4,4,0,1.0,4,4,0,1.0,"{""all_atoms_connected"":0,""bond_angles"":0,""bond_lengths"":0,""bonds"":0,""double_bond_stereochemistry"":0,""energy_ratio"":0,""file_loads"":0,""inchi_convertible"":0,""internal_steric_clash"":0,""molecular_formula"":0,""no_radicals"":0,""planar_aromatic_rings"":0,""planar_double_bonds"":0,""reference_file_loads"":0,""sanitisation"":0,""tetrahedral_chirality"":0}","{""all_atoms_connected"":0.0,""bond_angles"":0.0,""bond_lengths"":0.0,""bonds"":0.0,""double_bond_stereochemistry"":0.0,""energy_ratio"":0.0,""file_loads"":0.0,""inchi_convertible"":0.0,""internal_steric_clash"":0.0,""molecular_formula"":0.0,""no_radicals"":0.0,""planar_aromatic_rings"":0.0,""planar_double_bonds"":0.0,""reference_file_loads"":0.0,""sanitisation"":0.0,""tetrahedral_chirality"":0.0}",4,123.51570290698041,0.6246800890633386,0.8072274089985145,3.0,75.0,0.946394630357186,0.5,2.82842712474619,0.375,0.6666666666666666,1.0,25.0,0.0,1.0,1.0,1.0,0.0,1.0,25.0,0.0,1.0,1.0,1.0,0.0,1.0,25.0,0.0,1.0,1.0,1.0,0.0,4,27.88472912496681,30.138294878071836,29.436296770879697,0.9339086880366645,0.25591569792103663,0.6841474536255143,0.0,1.0,1.0,1.0,0.5703274426357904,0.8034067317689182,0.0,0.0,1.0,1.0,1000,0,0,0,0,0,4,0,0,0,0,4,4,4,core
3nx7_3nx7_conf0,generation,qwen_4b_4e_from_bigdata_step20000,fixed,4b_4e_from_bigdata_step20000,qwen_4b_4e_from_bigdata_step20000_fixed,Qwen 4B 4e from bigdata (step 20000),qwen_4b_4e_from_bigdata_step20000_fixed,9,20,915,0.7,915,912,3,0.9967213114754099,1000,915,85,0.915,"{""all_atoms_connected"":0,""bond_angles"":1,""bond_lengths"":2,""bonds"":0,""double_bond_stereochemistry"":0,""energy_ratio"":1,""file_loads"":0,""inchi_convertible"":0,""internal_steric_clash"":82,""molecular_formula"":0,""no_radicals"":0,""planar_aromatic_rings"":0,""planar_double_bonds"":0,""reference_file_loads"":0,""sanitisation"":0,""tetrahedral_chirality"":0}","{""all_atoms_connected"":0.0,""bond_angles"":0.001,""bond_lengths"":0.002,""bonds"":0.0,""double_bond_stereochemistry"":0.0,""energy_ratio"":0.001,""file_loads"":0.0,""inchi_convertible"":0.0,""internal_steric_clash"":0.082,""molecular_formula"":0.0,""no_radicals"":0.0,""planar_aromatic_rings"":0.0,""planar_double_bonds"":0.0,""reference_file_loads"":0.0,""sanitisation"":0.0,""tetrahedral_chirality"":0.0}",915,106.71542880840411,1.8555246029664096,2.5147212652697473,490.0,53.55191256830601,0.9510849001936532,0.0273224043715847,361.91357244113897,0.0043011137985607215,0.6142857142857143,59.0,6.448087431693989,0.8922792178496971,0.07650273224043716,38.027208672335284,0.03371256233390068,0.05084745762711865,3.0,0.32786885245901637,0.9903971638199263,0.4,2.9685169801832876,0.3405022544716175,0.0,1.0,0.1092896174863388,0.0,1.0,1.0,1.0,0.0,915,-0.0905864378283816,65.00609295577715,17.00515937064394,8.263971407394155,0.6802508316050414,1.8796097779351484,0.0,0.0,1.0,1.0,0.7348964164640533,1.9082213300656405,0.0,0.0,1.0,1.0,1000,0,0,0,0,0,1000,0,0,0,0,915,1000,1000,core
3nx7_3nx7_conf0,generation,qwen_4b_4e_from_bigdata_step20000,dynamic,4b_4e_from_bigdata_step20000,qwen_4b_4e_from_bigdata_step20000_dynamic,Qwen 4B 4e from bigdata (step 20000),qwen_4b_4e_from_bigdata_step20000_dynamic,9,20,165,0.7,165,165,0,1.0,178,165,13,0.9269662921348316,"{""all_atoms_connected"":0,""bond_angles"":0,""bond_lengths"":1,""bonds"":0,""double_bond_stereochemistry"":0,""energy_ratio"":0,""file_loads"":0,""inchi_convertible"":0,""internal_steric_clash"":12,""molecular_formula"":0,""no_radicals"":0,""planar_aromatic_rings"":0,""planar_double_bonds"":0,""reference_file_loads"":0,""sanitisation"":0,""tetrahedral_chirality"":0}","{""all_atoms_connected"":0.0,""bond_angles"":0.0,""bond_lengths"":0.0056179775280898875,""bonds"":0.0,""double_bond_stereochemistry"":0.0,""energy_ratio"":0.0,""file_loads"":0.0,""inchi_convertible"":0.0,""internal_steric_clash"":0.06741573033707865,""molecular_formula"":0.0,""no_radicals"":0.0,""planar_aromatic_rings"":0.0,""planar_double_bonds"":0.0,""reference_file_loads"":0.0,""sanitisation"":0.0,""tetrahedral_chirality"":0.0}",165,105.70829573960994,1.8648497811644793,2.505561383857593,132.0,80.0,0.9821425446460752,0.030303030303030304,120.97785414510749,0.009366391184573003,0.8106060606060606,36.0,21.818181818181817,0.9104112520725874,0.10303030303030303,26.11411476083159,0.048448117539026635,0.2222222222222222,3.0,1.8181818181818181,0.9601461297930978,0.40606060606060607,2.871482184653641,0.3600734618916437,0.0,1.0,0.6060606060606061,0.0,1.0,1.0,1.0,0.0,165,3.8495814474561634,47.97729133614317,17.010570700991064,7.817593665351801,0.753635470415078,1.9301829696091162,0.0,0.0,0.0,1.0,0.839010884770966,1.9459498894367253,0.0,0.0,0.0,1.0,1000,0,0,0,0,0,178,0,0,0,0,165,178,178,core
3nx7_3nx7_conf0,generation,qwen_4b_4e_from_bigdata_step20000,chembl_count,4b_4e_from_bigdata_step20000,qwen_4b_4e_from_bigdata_step20000_chembl_count,Qwen 4B 4e from bigdata (step 20000),qwen_4b_4e_from_bigdata_step20000_chembl_count,9,20,105,0.7,105,105,0,1.0,111,105,6,0.945945945945946,"{""all_atoms_connected"":0,""bond_angles"":0,""bond_lengths"":0,""bonds"":0,""double_bond_stereochemistry"":0,""energy_ratio"":0,""file_loads"":0,""inchi_convertible"":0,""internal_steric_clash"":6,""molecular_formula"":0,""no_radicals"":0,""planar_aromatic_rings"":0,""planar_double_bonds"":0,""reference_file_loads"":0,""sanitisation"":0,""tetrahedral_chirality"":0}","{""all_atoms_connected"":0.0,""bond_angles"":0.0,""bond_lengths"":0.0,""bonds"":0.0,""double_bond_stereochemistry"":0.0,""energy_ratio"":0.0,""file_loads"":0.0,""inchi_convertible"":0.0,""internal_steric_clash"":0.05405405405405406,""molecular_formula"":0.0,""no_radicals"":0.0,""planar_aromatic_rings"":0.0,""planar_double_bonds"":0.0,""reference_file_loads"":0.0,""sanitisation"":0.0,""tetrahedral_chirality"":0.0}",105,106.92596200565967,1.884202706491557,2.6044395397545284,86.0,81.9047619047619,0.9792122708163006,0.0380952380952381,78.39432432867024,0.01460317460317461,0.8604651162790697,33.0,31.428571428571427,0.884604843008519,0.1619047619047619,22.04371489506798,0.06430839002267574,0.42424242424242425,3.0,2.857142857142857,0.9471540756652391,0.4095238095238095,2.830787967903865,0.3681632653061224,0.0,1.0,0.9523809523809523,0.0,1.0,1.0,1.0,0.0,105,1.3877086730816686,40.991361895361564,18.978329493854236,7.850160056383074,0.9816604585232276,1.7602252213298297,0.0,0.0,0.0,1.0,1.034621352701606,1.8038953849378294,0.0,0.0,0.0,1.0,1000,0,0,0,0,0,111,0,0,0,0,105,111,111,core
3pxf_3pxf_conf0,generation,qwen_4b_4e_from_bigdata_step20000,fixed,4b_4e_from_bigdata_step20000,qwen_4b_4e_from_bigdata_step20000_fixed,Qwen 4B 4e from bigdata (step 20000),qwen_4b_4e_from_bigdata_step20000_fixed,3,21,749,0.7,749,749,0,1.0,1000,749,251,0.749,"{""all_atoms_connected"":0,""bond_angles"":19,""bond_lengths"":5,""bonds"":0,""double_bond_stereochemistry"":0,""energy_ratio"":17,""file_loads"":0,""inchi_convertible"":0,""internal_steric_clash"":246,""molecular_formula"":0,""no_radicals"":0,""planar_aromatic_rings"":7,""planar_double_bonds"":0,""reference_file_loads"":0,""sanitisation"":0,""tetrahedral_chirality"":0}","{""all_atoms_connected"":0.0,""bond_angles"":0.019,""bond_lengths"":0.005,""bonds"":0.0,""double_bond_stereochemistry"":0.0,""energy_ratio"":0.017,""file_loads"":0.0,""inchi_convertible"":0.0,""internal_steric_clash"":0.246,""molecular_formula"":0.0,""no_radicals"":0.0,""planar_aromatic_rings"":0.007,""planar_double_bonds"":0.0,""reference_file_loads"":0.0,""sanitisation"":0.0,""tetrahedral_chirality"":0.0}",749,90.03880682487416,0.8896111942749831,1.3087244175299022,69.0,9.212283044058745,0.8276743296959359,0.0801068090787717,33.26351873786984,0.04036178188630681,0.36231884057971014,7.0,0.9345794392523364,0.7437348178787415,0.44058744993324434,4.25136934691774,0.28660733225074464,0.0,1.0,0.13351134846461948,0.0,1.0,1.0,1.0,0.0,1.0,0.13351134846461948,0.0,1.0,1.0,1.0,0.0,749,78.31690969146433,242.53647058455604,106.49798381568725,18.92171043321774,0.14481470927424883,0.841675634197749,1.0,1.0,1.0,1.0,0.1412503659191139,0.8348409275625688,1.0,1.0,1.0,1.0,1000,0,0,0,0,0,1000,0,0,0,0,749,1000,1000,core
3pxf_3pxf_conf0,generation,qwen_4b_4e_from_bigdata_step20000,dynamic,4b_4e_from_bigdata_step20000,qwen_4b_4e_from_bigdata_step20000_dynamic,Qwen 4B 4e from bigdata (step 20000),qwen_4b_4e_from_bigdata_step20000_dynamic,3,21,42,0.7,42,42,0,1.0,46,42,4,0.9130434782608696,"{""all_atoms_connected"":0,""bond_angles"":1,""bond_lengths"":0,""bonds"":0,""double_bond_stereochemistry"":0,""energy_ratio"":0,""file_loads"":0,""inchi_convertible"":0,""internal_steric_clash"":4,""molecular_formula"":0,""no_radicals"":0,""planar_aromatic_rings"":0,""planar_double_bonds"":0,""reference_file_loads"":0,""sanitisation"":0,""tetrahedral_chirality"":0}","{""all_atoms_connected"":0.0,""bond_angles"":0.021739130434782608,""bond_lengths"":0.0,""bonds"":0.0,""double_bond_stereochemistry"":0.0,""energy_ratio"":0.0,""file_loads"":0.0,""inchi_convertible"":0.0,""internal_steric_clash"":0.08695652173913043,""molecular_formula"":0.0,""no_radicals"":0.0,""planar_aromatic_rings"":0.0,""planar_double_bonds"":0.0,""reference_file_loads"":0.0,""sanitisation"":0.0,""tetrahedral_chirality"":0.0}",42,96.6384173079645,0.9265305518311595,1.4395021271478874,19.0,45.23809523809524,0.9091978143451332,0.19047619047619047,14.542530357907092,0.0895691609977324,0.47368421052631576,4.0,9.523809523809524,0.6168767396914852,0.6666666666666666,2.351780605568872,0.5158730158730158,0.25,1.0,2.380952380952381,0.0,1.0,1.0,1.0,0.0,1.0,2.380952380952381,0.0,1.0,1.0,1.0,0.0,42,86.50002828588404,147.25167861060245,103.91691550951853,16.262614397116195,0.2539593846639802,0.8771723667369387,0.0,1.0,1.0,1.0,0.20627358611821137,0.862236071453913,1.0,1.0,1.0,1.0,1000,0,0,0,0,0,46,0,0,0,0,42,46,46,core
3pxf_3pxf_conf0,generation,qwen_4b_4e_from_bigdata_step20000,chembl_count,4b_4e_from_bigdata_step20000,qwen_4b_4e_from_bigdata_step20000_chembl_count,Qwen 4B 4e from bigdata (step 20000),qwen_4b_4e_from_bigdata_step20000_chembl_count,3,21,4,0.7,4,4,0,1.0,7,4,3,0.5714285714285714,"{""all_atoms_connected"":0,""bond_angles"":1,""bond_lengths"":0,""bonds"":0,""double_bond_stereochemistry"":0,""energy_ratio"":0,""file_loads"":0,""inchi_convertible"":0,""internal_steric_clash"":3,""molecular_formula"":0,""no_radicals"":0,""planar_aromatic_rings"":0,""planar_double_bonds"":0,""reference_file_loads"":0,""sanitisation"":0,""tetrahedral_chirality"":0}","{""all_atoms_connected"":0.0,""bond_angles"":0.14285714285714285,""bond_lengths"":0.0,""bonds"":0.0,""double_bond_stereochemistry"":0.0,""energy_ratio"":0.0,""file_loads"":0.0,""inchi_convertible"":0.0,""internal_steric_clash"":0.42857142857142855,""molecular_formula"":0.0,""no_radicals"":0.0,""planar_aromatic_rings"":0.0,""planar_double_bonds"":0.0,""reference_file_loads"":0.0,""sanitisation"":0.0,""tetrahedral_chirality"":0.0}",4,75.9595782062073,1.251826127975933,1.4908003289212142,4.0,100.0,1.0,0.25,4.0,0.25,1.0,3.0,75.0,0.946394630357186,0.5,2.82842712474619,0.375,0.6666666666666666,1.0,25.0,0.0,1.0,1.0,1.0,0.0,1.0,25.0,0.0,1.0,1.0,1.0,0.0,4,104.43050014922531,192.06718861464373,109.79471366935954,36.61489203699218,0.4166388534530224,1.1063140102989584,0.0,1.0,1.0,1.0,0.3814930358719334,1.051662631652483,0.0,1.0,1.0,1.0,1000,0,0,0,0,0,7,0,0,0,0,4,7,7,core
3qqs_3qqs_conf0,generation,qwen_4b_4e_from_bigdata_step20000,fixed,4b_4e_from_bigdata_step20000,qwen_4b_4e_from_bigdata_step20000_fixed,Qwen 4B 4e from bigdata (step 20000),qwen_4b_4e_from_bigdata_step20000_fixed,4,19,967,0.7,967,966,1,0.9989658738366081,1000,967,33,0.967,"{""all_atoms_connected"":0,""bond_angles"":1,""bond_lengths"":1,""bonds"":0,""double_bond_stereochemistry"":0,""energy_ratio"":0,""file_loads"":0,""inchi_convertible"":0,""internal_steric_clash"":32,""molecular_formula"":0,""no_radicals"":0,""planar_aromatic_rings"":0,""planar_double_bonds"":0,""reference_file_loads"":0,""sanitisation"":0,""tetrahedral_chirality"":0}","{""all_atoms_connected"":0.0,""bond_angles"":0.001,""bond_lengths"":0.001,""bonds"":0.0,""double_bond_stereochemistry"":0.0,""energy_ratio"":0.0,""file_loads"":0.0,""inchi_convertible"":0.0,""internal_steric_clash"":0.032,""molecular_formula"":0.0,""no_radicals"":0.0,""planar_aromatic_rings"":0.0,""planar_double_bonds"":0.0,""reference_file_loads"":0.0,""sanitisation"":0.0,""tetrahedral_chirality"":0.0}",967,89.6171116684965,1.4365660059335772,2.276861066252296,75.0,7.755946225439503,0.8716773648929755,0.0672182006204757,43.097141041429516,0.030868719448095314,0.21333333333333335,11.0,1.1375387797311272,0.8226397522475875,0.21820062047569805,7.1893730693825715,0.159549518815856,0.0,2.0,0.20682523267838676,0.999721499009328,0.5098241985522234,1.9996139529099493,0.5001930297543871,0.0,1.0,0.10341261633919338,0.0,1.0,1.0,1.0,0.0,967,115.76878403267236,387.42264739682275,138.82239682653653,16.457952209449683,0.17011974547792655,1.2795729842731138,1.0,1.0,1.0,1.0,0.11962780056800726,1.2719780200506923,1.0,1.0,1.0,1.0,1000,0,0,0,0,0,1000,0,0,0,0,967,1000,1000,core
3qqs_3qqs_conf0,generation,qwen_4b_4e_from_bigdata_step20000,dynamic,4b_4e_from_bigdata_step20000,qwen_4b_4e_from_bigdata_step20000_dynamic,Qwen 4B 4e from bigdata (step 20000),qwen_4b_4e_from_bigdata_step20000_dynamic,4,19,66,0.7,66,66,0,1.0,68,66,2,0.9705882352941176,"{""all_atoms_connected"":0,""bond_angles"":0,""bond_lengths"":0,""bonds"":0,""double_bond_stereochemistry"":0,""energy_ratio"":0,""file_loads"":0,""inchi_convertible"":0,""internal_steric_clash"":2,""molecular_formula"":0,""no_radicals"":0,""planar_aromatic_rings"":0,""planar_double_bonds"":0,""reference_file_loads"":0,""sanitisation"":0,""tetrahedral_chirality"":0}","{""all_atoms_connected"":0.0,""bond_angles"":0.0,""bond_lengths"":0.0,""bonds"":0.0,""double_bond_stereochemistry"":0.0,""energy_ratio"":0.0,""file_loads"":0.0,""inchi_convertible"":0.0,""internal_steric_clash"":0.029411764705882353,""molecular_formula"":0.0,""no_radicals"":0.0,""planar_aromatic_rings"":0.0,""planar_double_bonds"":0.0,""reference_file_loads"":0.0,""sanitisation"":0.0,""tetrahedral_chirality"":0.0}",66,88.59249683750194,1.4342852667505135,2.2797118352362724,22.0,33.333333333333336,0.9437898358655592,0.10606060606060606,18.491190874030718,0.06198347107438016,0.22727272727272727,6.0,9.090909090909092,0.9211041324400602,0.22727272727272727,5.2090476765361995,0.1992653810835629,0.16666666666666666,2.0,3.0303030303030303,0.9973487979180449,0.5303030303030303,1.9963280284788796,0.5018365472910927,0.0,1.0,1.5151515151515151,0.0,1.0,1.0,1.0,0.0,66,121.01502735358183,190.58454624766625,137.9210229177236,12.185183075869967,0.2595895210666321,1.3358197268128507,0.0,1.0,1.0,1.0,0.26096540328412554,1.3325701337967515,0.0,1.0,1.0,1.0,1000,0,0,0,0,0,68,0,0,0,0,66,68,68,core
3qqs_3qqs_conf0,generation,qwen_4b_4e_from_bigdata_step20000,chembl_count,4b_4e_from_bigdata_step20000,qwen_4b_4e_from_bigdata_step20000_chembl_count,Qwen 4B 4e from bigdata (step 20000),qwen_4b_4e_from_bigdata_step20000_chembl_count,4,19,7,0.7,7,7,0,1.0,7,7,0,1.0,"{""all_atoms_connected"":0,""bond_angles"":0,""bond_lengths"":0,""bonds"":0,""double_bond_stereochemistry"":0,""energy_ratio"":0,""file_loads"":0,""inchi_convertible"":0,""internal_steric_clash"":0,""molecular_formula"":0,""no_radicals"":0,""planar_aromatic_rings"":0,""planar_double_bonds"":0,""reference_file_loads"":0,""sanitisation"":0,""tetrahedral_chirality"":0}","{""all_atoms_connected"":0.0,""bond_angles"":0.0,""bond_lengths"":0.0,""bonds"":0.0,""double_bond_stereochemistry"":0.0,""energy_ratio"":0.0,""file_loads"":0.0,""inchi_convertible"":0.0,""internal_steric_clash"":0.0,""molecular_formula"":0.0,""no_radicals"":0.0,""planar_aromatic_rings"":0.0,""planar_double_bonds"":0.0,""reference_file_loads"":0.0,""sanitisation"":0.0,""tetrahedral_chirality"":0.0}",7,72.97807486907728,1.1716088428826097,1.8708425618942084,6.0,85.71428571428571,0.9755037590061084,0.2857142857142857,5.742347492053464,0.18367346938775508,0.8333333333333334,3.0,42.857142857142854,0.9821410328348751,0.42857142857142855,2.941713421083178,0.346938775510204,0.0,2.0,28.571428571428573,0.9852281360342515,0.5714285714285714,1.9796263300525183,0.510204081632653,0.0,1.0,14.285714285714286,0.0,1.0,1.0,1.0,0.0,7,130.26120596991865,168.3581946727801,152.69446383283628,13.004243678105171,0.29734230126048816,1.178493846585968,0.0,1.0,1.0,1.0,0.3670304613306719,1.2693422559584373,0.0,1.0,1.0,1.0,1000,0,0,0,0,0,7,0,0,0,0,7,7,7,core
3rlr_3rlr_conf0,generation,qwen_4b_4e_from_bigdata_step20000,fixed,4b_4e_from_bigdata_step20000,qwen_4b_4e_from_bigdata_step20000_fixed,Qwen 4B 4e from bigdata (step 20000),qwen_4b_4e_from_bigdata_step20000_fixed,2,23,993,0.7,993,993,0,1.0,999,993,6,0.993993993993994,"{""all_atoms_connected"":0,""bond_angles"":4,""bond_lengths"":5,""bonds"":0,""double_bond_stereochemistry"":0,""energy_ratio"":2,""file_loads"":0,""inchi_convertible"":0,""internal_steric_clash"":4,""molecular_formula"":0,""no_radicals"":0,""planar_aromatic_rings"":0,""planar_double_bonds"":0,""reference_file_loads"":0,""sanitisation"":0,""tetrahedral_chirality"":0}","{""all_atoms_connected"":0.0,""bond_angles"":0.004004004004004004,""bond_lengths"":0.005005005005005005,""bonds"":0.0,""double_bond_stereochemistry"":0.0,""energy_ratio"":0.002002002002002002,""file_loads"":0.0,""inchi_convertible"":0.0,""internal_steric_clash"":0.004004004004004004,""molecular_formula"":0.0,""no_radicals"":0.0,""planar_aromatic_rings"":0.0,""planar_double_bonds"":0.0,""reference_file_loads"":0.0,""sanitisation"":0.0,""tetrahedral_chirality"":0.0}",993,113.16963686686404,1.2775828645689484,2.1740122706825358,11.0,1.107754279959718,0.8615066694801958,0.21450151057401812,7.891630521549254,0.14316225664241838,0.0,4.0,0.4028197381671702,0.9434401833292455,0.3796576032225579,3.698346419860173,0.2883923618400303,0.0,2.0,0.2014098690835851,0.9999407433615003,0.5045317220543807,1.9999178545432041,0.5000410730095564,0.0,1.0,0.10070493454179255,0.0,1.0,1.0,1.0,0.0,993,55.27756005417061,113.70102867520187,69.15238131225311,6.320354498509303,0.11788324372679114,1.2238343553088922,1.0,1.0,1.0,1.0,0.10200407543048427,1.1860503204825579,1.0,1.0,1.0,1.0,999,0,0,0,0,0,999,0,0,0,0,993,1000,1000,core
3rlr_3rlr_conf0,generation,qwen_4b_4e_from_bigdata_step20000,dynamic,4b_4e_from_bigdata_step20000,qwen_4b_4e_from_bigdata_step20000_dynamic,Qwen 4B 4e from bigdata (step 20000),qwen_4b_4e_from_bigdata_step20000_dynamic,2,23,24,0.7,24,24,0,1.0,24,24,0,1.0,"{""all_atoms_connected"":0,""bond_angles"":0,""bond_lengths"":0,""bonds"":0,""double_bond_stereochemistry"":0,""energy_ratio"":0,""file_loads"":0,""inchi_convertible"":0,""internal_steric_clash"":0,""molecular_formula"":0,""no_radicals"":0,""planar_aromatic_rings"":0,""planar_double_bonds"":0,""reference_file_loads"":0,""sanitisation"":0,""tetrahedral_chirality"":0}","{""all_atoms_connected"":0.0,""bond_angles"":0.0,""bond_lengths"":0.0,""bonds"":0.0,""double_bond_stereochemistry"":0.0,""energy_ratio"":0.0,""file_loads"":0.0,""inchi_convertible"":0.0,""internal_steric_clash"":0.0,""molecular_formula"":0.0,""no_radicals"":0.0,""planar_aromatic_rings"":0.0,""planar_double_bonds"":0.0,""reference_file_loads"":0.0,""sanitisation"":0.0,""tetrahedral_chirality"":0.0}",24,112.4320062540678,1.3467230303096218,2.2045084256526506,5.0,20.833333333333332,0.9631824976064278,0.3333333333333333,4.712329766211286,0.22569444444444445,0.0,4.0,16.666666666666668,0.9553810531234105,0.375,3.760076739615599,0.28125,0.0,2.0,8.333333333333334,0.99498482818597,0.5416666666666666,1.9930595659329764,0.5034722222222221,0.0,1.0,4.166666666666667,0.0,1.0,1.0,1.0,0.0,24,58.36255455860812,81.45351965842681,71.35475694728804,6.2597659513774975,0.2036827091490821,1.8849007333830676,1.0,1.0,1.0,1.0,0.15483543555669776,1.898841470253747,1.0,1.0,1.0,1.0,999,0,0,0,0,0,24,0,0,0,0,24,24,24,core
3rlr_3rlr_conf0,generation,qwen_4b_4e_from_bigdata_step20000,chembl_count,4b_4e_from_bigdata_step20000,qwen_4b_4e_from_bigdata_step20000_chembl_count,Qwen 4B 4e from bigdata (step 20000),qwen_4b_4e_from_bigdata_step20000_chembl_count,2,23,9,0.7,9,9,0,1.0,9,9,0,1.0,"{""all_atoms_connected"":0,""bond_angles"":0,""bond_lengths"":0,""bonds"":0,""double_bond_stereochemistry"":0,""energy_ratio"":0,""file_loads"":0,""inchi_convertible"":0,""internal_steric_clash"":0,""molecular_formula"":0,""no_radicals"":0,""planar_aromatic_rings"":0,""planar_double_bonds"":0,""reference_file_loads"":0,""sanitisation"":0,""tetrahedral_chirality"":0}","{""all_atoms_connected"":0.0,""bond_angles"":0.0,""bond_lengths"":0.0,""bonds"":0.0,""double_bond_stereochemistry"":0.0,""energy_ratio"":0.0,""file_loads"":0.0,""inchi_convertible"":0.0,""internal_steric_clash"":0.0,""molecular_formula"":0.0,""no_radicals"":0.0,""planar_aromatic_rings"":0.0,""planar_double_bonds"":0.0,""reference_file_loads"":0.0,""sanitisation"":0.0,""tetrahedral_chirality"":0.0}",9,106.63327861510757,1.23960719160332,2.1134943921236538,4.0,44.44444444444444,0.9455305560363264,0.3333333333333333,3.709079297755367,0.2839506172839506,0.25,3.0,33.333333333333336,0.9999999999999998,0.3333333333333333,2.9999999999999996,0.3333333333333333,0.0,2.0,22.22222222222222,0.9182958340544894,0.6666666666666666,1.8898815748423097,0.5555555555555556,0.0,1.0,11.11111111111111,0.0,1.0,1.0,1.0,0.0,9,60.086266017212964,75.40777609854536,73.02084365715083,4.871492059802273,0.9385457807844034,2.0694150742850503,0.0,0.0,0.0,1.0,0.8875564908170978,2.0426755837585002,0.0,0.0,0.0,1.0,999,0,0,0,0,0,9,0,0,0,0,9,9,9,core
3rsx_3rsx_conf0,generation,qwen_4b_4e_from_bigdata_step20000,fixed,4b_4e_from_bigdata_step20000,qwen_4b_4e_from_bigdata_step20000_fixed,Qwen 4B 4e from bigdata (step 20000),qwen_4b_4e_from_bigdata_step20000_fixed,2,16,999,0.7,999,999,0,1.0,1000,999,1,0.999,"{""all_atoms_connected"":0,""bond_angles"":1,""bond_lengths"":1,""bonds"":0,""double_bond_stereochemistry"":0,""energy_ratio"":0,""file_loads"":0,""inchi_convertible"":0,""internal_steric_clash"":1,""molecular_formula"":0,""no_radicals"":0,""planar_aromatic_rings"":0,""planar_double_bonds"":0,""reference_file_loads"":0,""sanitisation"":0,""tetrahedral_chirality"":0}","{""all_atoms_connected"":0.0,""bond_angles"":0.001,""bond_lengths"":0.001,""bonds"":0.0,""double_bond_stereochemistry"":0.0,""energy_ratio"":0.0,""file_loads"":0.0,""inchi_convertible"":0.0,""internal_steric_clash"":0.001,""molecular_formula"":0.0,""no_radicals"":0.0,""planar_aromatic_rings"":0.0,""planar_double_bonds"":0.0,""reference_file_loads"":0.0,""sanitisation"":0.0,""tetrahedral_chirality"":0.0}",999,142.90514429608697,0.5038391970294205,0.995759166681339,5.0,0.5005005005005005,0.4694992000706039,0.7797797797797797,2.1289519416455946,0.6276095915735556,0.0,2.0,0.2002002002002002,0.7039566994057536,0.8088088088088088,1.6289662341275886,0.6907257607958308,0.0,1.0,0.1001001001001001,0.0,1.0,1.0,1.0,0.0,1.0,0.1001001001001001,0.0,1.0,1.0,1.0,0.0,999,39.25899461203602,176.66477268371156,47.071142568847996,5.5948632644016305,0.08112015473236821,0.45496267173546845,1.0,1.0,1.0,1.0,0.0649204151272989,0.34815002811456486,1.0,1.0,1.0,1.0,1000,0,0,0,0,0,1000,0,0,0,0,999,1000,1000,core
3rsx_3rsx_conf0,generation,qwen_4b_4e_from_bigdata_step20000,dynamic,4b_4e_from_bigdata_step20000,qwen_4b_4e_from_bigdata_step20000_dynamic,Qwen 4B 4e from bigdata (step 20000),qwen_4b_4e_from_bigdata_step20000_dynamic,2,16,24,0.7,24,24,0,1.0,24,24,0,1.0,"{""all_atoms_connected"":0,""bond_angles"":0,""bond_lengths"":0,""bonds"":0,""double_bond_stereochemistry"":0,""energy_ratio"":0,""file_loads"":0,""inchi_convertible"":0,""internal_steric_clash"":0,""molecular_formula"":0,""no_radicals"":0,""planar_aromatic_rings"":0,""planar_double_bonds"":0,""reference_file_loads"":0,""sanitisation"":0,""tetrahedral_chirality"":0}","{""all_atoms_connected"":0.0,""bond_angles"":0.0,""bond_lengths"":0.0,""bonds"":0.0,""double_bond_stereochemistry"":0.0,""energy_ratio"":0.0,""file_loads"":0.0,""inchi_convertible"":0.0,""internal_steric_clash"":0.0,""molecular_formula"":0.0,""no_radicals"":0.0,""planar_aromatic_rings"":0.0,""planar_double_bonds"":0.0,""reference_file_loads"":0.0,""sanitisation"":0.0,""tetrahedral_chirality"":0.0}",24,134.37647286106198,0.5124602193640011,0.9960782543934814,2.0,8.333333333333334,0.8112781244591328,0.75,1.7547653506033232,0.625,0.0,2.0,8.333333333333334,0.8112781244591328,0.75,1.7547653506033232,0.625,0.0,1.0,4.166666666666667,0.0,1.0,1.0,1.0,0.0,1.0,4.166666666666667,0.0,1.0,1.0,1.0,0.0,24,41.39357337729491,54.18784373326508,46.53802821867092,3.3236445575993883,0.0991624222701786,0.46032138595797056,1.0,1.0,1.0,1.0,0.07860329287969436,0.34390690076461816,1.0,1.0,1.0,1.0,1000,0,0,0,0,0,24,0,0,0,0,24,24,24,core
3rsx_3rsx_conf0,generation,qwen_4b_4e_from_bigdata_step20000,chembl_count,4b_4e_from_bigdata_step20000,qwen_4b_4e_from_bigdata_step20000_chembl_count,Qwen 4B 4e from bigdata (step 20000),qwen_4b_4e_from_bigdata_step20000_chembl_count,2,16,4,0.7,4,4,0,1.0,4,4,0,1.0,"{""all_atoms_connected"":0,""bond_angles"":0,""bond_lengths"":0,""bonds"":0,""double_bond_stereochemistry"":0,""energy_ratio"":0,""file_loads"":0,""inchi_convertible"":0,""internal_steric_clash"":0,""molecular_formula"":0,""no_radicals"":0,""planar_aromatic_rings"":0,""planar_double_bonds"":0,""reference_file_loads"":0,""sanitisation"":0,""tetrahedral_chirality"":0}","{""all_atoms_connected"":0.0,""bond_angles"":0.0,""bond_lengths"":0.0,""bonds"":0.0,""double_bond_stereochemistry"":0.0,""energy_ratio"":0.0,""file_loads"":0.0,""inchi_convertible"":0.0,""internal_steric_clash"":0.0,""molecular_formula"":0.0,""no_radicals"":0.0,""planar_aromatic_rings"":0.0,""planar_double_bonds"":0.0,""reference_file_loads"":0.0,""sanitisation"":0.0,""tetrahedral_chirality"":0.0}",4,130.97055221751117,0.24621292370847483,0.42562396702362326,1.0,25.0,0.0,1.0,1.0,1.0,0.0,1.0,25.0,0.0,1.0,1.0,1.0,0.0,1.0,25.0,0.0,1.0,1.0,1.0,0.0,1.0,25.0,0.0,1.0,1.0,1.0,0.0,4,43.261140955781904,54.11103821089948,50.091485322190266,3.9005679741885966,0.10648610126653808,0.13695331062546184,1.0,1.0,1.0,1.0,0.09456271554620675,0.116383359710119,1.0,1.0,1.0,1.0,1000,0,0,0,0,0,4,0,0,0,0,4,4,4,core
3ryj_3ryj_conf0,generation,qwen_4b_4e_from_bigdata_step20000,fixed,4b_4e_from_bigdata_step20000,qwen_4b_4e_from_bigdata_step20000_fixed,Qwen 4B 4e from bigdata (step 20000),qwen_4b_4e_from_bigdata_step20000_fixed,4,18,989,0.7,989,989,0,1.0,997,989,8,0.99197592778335,"{""all_atoms_connected"":0,""bond_angles"":4,""bond_lengths"":5,""bonds"":0,""double_bond_stereochemistry"":0,""energy_ratio"":2,""file_loads"":0,""inchi_convertible"":0,""internal_steric_clash"":4,""molecular_formula"":0,""no_radicals"":0,""planar_aromatic_rings"":0,""planar_double_bonds"":0,""reference_file_loads"":0,""sanitisation"":0,""tetrahedral_chirality"":0}","{""all_atoms_connected"":0.0,""bond_angles"":0.004012036108324975,""bond_lengths"":0.0050150451354062184,""bonds"":0.0,""double_bond_stereochemistry"":0.0,""energy_ratio"":0.0020060180541624875,""file_loads"":0.0,""inchi_convertible"":0.0,""internal_steric_clash"":0.004012036108324975,""molecular_formula"":0.0,""no_radicals"":0.0,""planar_aromatic_rings"":0.0,""planar_double_bonds"":0.0,""reference_file_loads"":0.0,""sanitisation"":0.0,""tetrahedral_chirality"":0.0}",989,122.25693605899434,0.853658495919861,1.1540849702762461,37.0,3.7411526794742165,0.7917943456051163,0.1243680485338726,17.445895144008944,0.07095952341274754,0.21621621621621623,5.0,0.5055611729019212,0.8433545379894176,0.455005055611729,3.885791778575425,0.3020679445590065,0.0,1.0,0.10111223458038422,0.0,1.0,1.0,1.0,0.0,1.0,0.10111223458038422,0.0,1.0,1.0,1.0,0.0,989,32.699549549200675,100.61129669825506,42.07203538306622,5.264094585173364,0.16093240076974863,0.9852104091791737,1.0,1.0,1.0,1.0,0.214004861755237,0.9818460644033756,1.0,1.0,1.0,1.0,997,0,0,0,0,0,997,0,0,0,0,989,1000,1000,core
3ryj_3ryj_conf0,generation,qwen_4b_4e_from_bigdata_step20000,dynamic,4b_4e_from_bigdata_step20000,qwen_4b_4e_from_bigdata_step20000_dynamic,Qwen 4B 4e from bigdata (step 20000),qwen_4b_4e_from_bigdata_step20000_dynamic,4,18,68,0.7,68,68,0,1.0,68,68,0,1.0,"{""all_atoms_connected"":0,""bond_angles"":0,""bond_lengths"":0,""bonds"":0,""double_bond_stereochemistry"":0,""energy_ratio"":0,""file_loads"":0,""inchi_convertible"":0,""internal_steric_clash"":0,""molecular_formula"":0,""no_radicals"":0,""planar_aromatic_rings"":0,""planar_double_bonds"":0,""reference_file_loads"":0,""sanitisation"":0,""tetrahedral_chirality"":0}","{""all_atoms_connected"":0.0,""bond_angles"":0.0,""bond_lengths"":0.0,""bonds"":0.0,""double_bond_stereochemistry"":0.0,""energy_ratio"":0.0,""file_loads"":0.0,""inchi_convertible"":0.0,""internal_steric_clash"":0.0,""molecular_formula"":0.0,""no_radicals"":0.0,""planar_aromatic_rings"":0.0,""planar_double_bonds"":0.0,""reference_file_loads"":0.0,""sanitisation"":0.0,""tetrahedral_chirality"":0.0}",68,118.07096314006517,0.8838921714872008,1.163603835416542,19.0,27.941176470588236,0.9003802045023558,0.14705882352941177,14.169823109965757,0.08391003460207613,0.42105263157894735,4.0,5.882352941176471,0.9436136656934492,0.35294117647058826,3.6992359703472033,0.2841695501730104,0.0,1.0,1.4705882352941178,0.0,1.0,1.0,1.0,0.0,1.0,1.4705882352941178,0.0,1.0,1.0,1.0,0.0,68,36.370615835081495,76.70896426630902,42.79915304965551,7.5568406450298165,0.23412794748445961,0.9076461342064664,1.0,1.0,1.0,1.0,0.3215229208316753,0.9160526668081593,0.0,1.0,1.0,1.0,997,0,0,0,0,0,68,0,0,0,0,68,68,68,core
3ryj_3ryj_conf0,generation,qwen_4b_4e_from_bigdata_step20000,chembl_count,4b_4e_from_bigdata_step20000,qwen_4b_4e_from_bigdata_step20000_chembl_count,Qwen 4B 4e from bigdata (step 20000),qwen_4b_4e_from_bigdata_step20000_chembl_count,4,18,81,0.7,81,81,0,1.0,81,81,0,1.0,"{""all_atoms_connected"":0,""bond_angles"":0,""bond_lengths"":0,""bonds"":0,""double_bond_stereochemistry"":0,""energy_ratio"":0,""file_loads"":0,""inchi_convertible"":0,""internal_steric_clash"":0,""molecular_formula"":0,""no_radicals"":0,""planar_aromatic_rings"":0,""planar_double_bonds"":0,""reference_file_loads"":0,""sanitisation"":0,""tetrahedral_chirality"":0}","{""all_atoms_connected"":0.0,""bond_angles"":0.0,""bond_lengths"":0.0,""bonds"":0.0,""double_bond_stereochemistry"":0.0,""energy_ratio"":0.0,""file_loads"":0.0,""inchi_convertible"":0.0,""internal_steric_clash"":0.0,""molecular_formula"":0.0,""no_radicals"":0.0,""planar_aromatic_rings"":0.0,""planar_double_bonds"":0.0,""reference_file_loads"":0.0,""sanitisation"":0.0,""tetrahedral_chirality"":0.0}",81,120.90981953417229,0.8551526103659054,1.1568307199063446,16.0,19.753086419753085,0.8637553670329904,0.24691358024691357,10.966425625344023,0.11964639536655997,0.25,3.0,3.7037037037037037,0.9697428077645407,0.4567901234567901,2.901916455511948,0.3565005334552659,0.0,1.0,1.2345679012345678,0.0,1.0,1.0,1.0,0.0,1.0,1.2345679012345678,0.0,1.0,1.0,1.0,0.0,81,32.699549549200675,59.82285022249359,42.03414708641055,5.283873598567088,0.6919482413897039,1.050021146652125,0.0,0.0,1.0,1.0,0.5847836884002167,1.0115829452546854,0.0,0.0,1.0,1.0,997,0,0,0,0,0,81,0,0,0,0,81,81,81,core
3syr_3syr_conf0,generation,qwen_4b_4e_from_bigdata_step20000,fixed,4b_4e_from_bigdata_step20000,qwen_4b_4e_from_bigdata_step20000_fixed,Qwen 4B 4e from bigdata (step 20000),qwen_4b_4e_from_bigdata_step20000_fixed,6,20,0,0.7,0,0,0,,988,0,988,0.0,"{""all_atoms_connected"":0,""bond_angles"":28,""bond_lengths"":13,""bonds"":0,""double_bond_stereochemistry"":0,""energy_ratio"":6,""file_loads"":0,""inchi_convertible"":0,""internal_steric_clash"":46,""molecular_formula"":0,""no_radicals"":0,""planar_aromatic_rings"":0,""planar_double_bonds"":0,""reference_file_loads"":0,""sanitisation"":0,""tetrahedral_chirality"":988}","{""all_atoms_connected"":0.0,""bond_angles"":0.02834008097165992,""bond_lengths"":0.013157894736842105,""bonds"":0.0,""double_bond_stereochemistry"":0.0,""energy_ratio"":0.006072874493927126,""file_loads"":0.0,""inchi_convertible"":0.0,""internal_steric_clash"":0.0465587044534413,""molecular_formula"":0.0,""no_radicals"":0.0,""planar_aromatic_rings"":0.0,""planar_double_bonds"":0.0,""reference_file_loads"":0.0,""sanitisation"":0.0,""tetrahedral_chirality"":1.0}",0,,,,,,,,,,,,,,,,,,,,,,,,,,,,,,,,0,,,,,,,,,,,,,,,,,988,0,0,0,0,0,988,0,0,0,0,0,1000,1000,core
3syr_3syr_conf0,generation,qwen_4b_4e_from_bigdata_step20000,dynamic,4b_4e_from_bigdata_step20000,qwen_4b_4e_from_bigdata_step20000_dynamic,Qwen 4B 4e from bigdata (step 20000),qwen_4b_4e_from_bigdata_step20000_dynamic,6,20,0,0.7,0,0,0,,112,0,112,0.0,"{""all_atoms_connected"":0,""bond_angles"":4,""bond_lengths"":4,""bonds"":0,""double_bond_stereochemistry"":0,""energy_ratio"":1,""file_loads"":0,""inchi_convertible"":0,""internal_steric_clash"":7,""molecular_formula"":0,""no_radicals"":0,""planar_aromatic_rings"":0,""planar_double_bonds"":0,""reference_file_loads"":0,""sanitisation"":0,""tetrahedral_chirality"":112}","{""all_atoms_connected"":0.0,""bond_angles"":0.03571428571428571,""bond_lengths"":0.03571428571428571,""bonds"":0.0,""double_bond_stereochemistry"":0.0,""energy_ratio"":0.008928571428571428,""file_loads"":0.0,""inchi_convertible"":0.0,""internal_steric_clash"":0.0625,""molecular_formula"":0.0,""no_radicals"":0.0,""planar_aromatic_rings"":0.0,""planar_double_bonds"":0.0,""reference_file_loads"":0.0,""sanitisation"":0.0,""tetrahedral_chirality"":1.0}",0,,,,,,,,,,,,,,,,,,,,,,,,,,,,,,,,0,,,,,,,,,,,,,,,,,988,0,0,0,0,0,112,0,0,0,0,0,112,112,core
3syr_3syr_conf0,generation,qwen_4b_4e_from_bigdata_step20000,chembl_count,4b_4e_from_bigdata_step20000,qwen_4b_4e_from_bigdata_step20000_chembl_count,Qwen 4B 4e from bigdata (step 20000),qwen_4b_4e_from_bigdata_step20000_chembl_count,6,20,0,0.7,0,0,0,,988,0,988,0.0,"{""all_atoms_connected"":0,""bond_angles"":28,""bond_lengths"":13,""bonds"":0,""double_bond_stereochemistry"":0,""energy_ratio"":6,""file_loads"":0,""inchi_convertible"":0,""internal_steric_clash"":46,""molecular_formula"":0,""no_radicals"":0,""planar_aromatic_rings"":0,""planar_double_bonds"":0,""reference_file_loads"":0,""sanitisation"":0,""tetrahedral_chirality"":988}","{""all_atoms_connected"":0.0,""bond_angles"":0.02834008097165992,""bond_lengths"":0.013157894736842105,""bonds"":0.0,""double_bond_stereochemistry"":0.0,""energy_ratio"":0.006072874493927126,""file_loads"":0.0,""inchi_convertible"":0.0,""internal_steric_clash"":0.0465587044534413,""molecular_formula"":0.0,""no_radicals"":0.0,""planar_aromatic_rings"":0.0,""planar_double_bonds"":0.0,""reference_file_loads"":0.0,""sanitisation"":0.0,""tetrahedral_chirality"":1.0}",0,,,,,,,,,,,,,,,,,,,,,,,,,,,,,,,,0,,,,,,,,,,,,,,,,,988,0,0,0,0,0,988,0,0,0,0,0,1344,1344,core
3twp_3twp_conf0,generation,qwen_4b_4e_from_bigdata_step20000,fixed,4b_4e_from_bigdata_step20000,qwen_4b_4e_from_bigdata_step20000_fixed,Qwen 4B 4e from bigdata (step 20000),qwen_4b_4e_from_bigdata_step20000_fixed,2,10,987,0.7,987,987,0,1.0,1000,987,13,0.987,"{""all_atoms_connected"":0,""bond_angles"":1,""bond_lengths"":0,""bonds"":0,""double_bond_stereochemistry"":0,""energy_ratio"":3,""file_loads"":0,""inchi_convertible"":0,""internal_steric_clash"":12,""molecular_formula"":0,""no_radicals"":0,""planar_aromatic_rings"":1,""planar_double_bonds"":0,""reference_file_loads"":0,""sanitisation"":0,""tetrahedral_chirality"":0}","{""all_atoms_connected"":0.0,""bond_angles"":0.001,""bond_lengths"":0.0,""bonds"":0.0,""double_bond_stereochemistry"":0.0,""energy_ratio"":0.003,""file_loads"":0.0,""inchi_convertible"":0.0,""internal_steric_clash"":0.012,""molecular_formula"":0.0,""no_radicals"":0.0,""planar_aromatic_rings"":0.001,""planar_double_bonds"":0.0,""reference_file_loads"":0.0,""sanitisation"":0.0,""tetrahedral_chirality"":0.0}",987,102.14333385449,0.2953734669437878,0.5572849204978616,2.0,0.20263424518743667,0.883631321983266,0.6980749746707193,1.8450134353290795,0.5784673911816122,0.0,1.0,0.10131712259371833,0.0,1.0,1.0,1.0,0.0,1.0,0.10131712259371833,0.0,1.0,1.0,1.0,0.0,1.0,0.10131712259371833,0.0,1.0,1.0,1.0,0.0,987,20.466821890920144,116.05154888647732,30.290345780707753,10.346861958138751,0.049784116119516074,0.21073267701315,1.0,1.0,1.0,1.0,0.04985432584144739,0.19359215811221817,1.0,1.0,1.0,1.0,1000,0,0,0,0,0,1000,0,0,0,0,987,1000,1000,core
3twp_3twp_conf0,generation,qwen_4b_4e_from_bigdata_step20000,dynamic,4b_4e_from_bigdata_step20000,qwen_4b_4e_from_bigdata_step20000_dynamic,Qwen 4B 4e from bigdata (step 20000),qwen_4b_4e_from_bigdata_step20000_dynamic,2,10,24,0.7,24,24,0,1.0,24,24,0,1.0,"{""all_atoms_connected"":0,""bond_angles"":0,""bond_lengths"":0,""bonds"":0,""double_bond_stereochemistry"":0,""energy_ratio"":0,""file_loads"":0,""inchi_convertible"":0,""internal_steric_clash"":0,""molecular_formula"":0,""no_radicals"":0,""planar_aromatic_rings"":0,""planar_double_bonds"":0,""reference_file_loads"":0,""sanitisation"":0,""tetrahedral_chirality"":0}","{""all_atoms_connected"":0.0,""bond_angles"":0.0,""bond_lengths"":0.0,""bonds"":0.0,""double_bond_stereochemistry"":0.0,""energy_ratio"":0.0,""file_loads"":0.0,""inchi_convertible"":0.0,""internal_steric_clash"":0.0,""molecular_formula"":0.0,""no_radicals"":0.0,""planar_aromatic_rings"":0.0,""planar_double_bonds"":0.0,""reference_file_loads"":0.0,""sanitisation"":0.0,""tetrahedral_chirality"":0.0}",24,114.3527968975416,0.24914498957916092,0.47284735707666986,1.0,4.166666666666667,0.0,1.0,1.0,1.0,0.0,1.0,4.166666666666667,0.0,1.0,1.0,1.0,0.0,1.0,4.166666666666667,0.0,1.0,1.0,1.0,0.0,1.0,4.166666666666667,0.0,1.0,1.0,1.0,0.0,24,25.123985740850344,44.363608805750665,30.551746401660957,5.649851434118322,0.08196882387601617,0.13121064030297053,1.0,1.0,1.0,1.0,0.07178940101328109,0.1249035582719371,1.0,1.0,1.0,1.0,1000,0,0,0,0,0,24,0,0,0,0,24,24,24,core
3twp_3twp_conf0,generation,qwen_4b_4e_from_bigdata_step20000,chembl_count,4b_4e_from_bigdata_step20000,qwen_4b_4e_from_bigdata_step20000_chembl_count,Qwen 4B 4e from bigdata (step 20000),qwen_4b_4e_from_bigdata_step20000_chembl_count,2,10,1,0.7,1,1,0,1.0,1,1,0,1.0,"{""all_atoms_connected"":0,""bond_angles"":0,""bond_lengths"":0,""bonds"":0,""double_bond_stereochemistry"":0,""energy_ratio"":0,""file_loads"":0,""inchi_convertible"":0,""internal_steric_clash"":0,""molecular_formula"":0,""no_radicals"":0,""planar_aromatic_rings"":0,""planar_double_bonds"":0,""reference_file_loads"":0,""sanitisation"":0,""tetrahedral_chirality"":0}","{""all_atoms_connected"":0.0,""bond_angles"":0.0,""bond_lengths"":0.0,""bonds"":0.0,""double_bond_stereochemistry"":0.0,""energy_ratio"":0.0,""file_loads"":0.0,""inchi_convertible"":0.0,""internal_steric_clash"":0.0,""molecular_formula"":0.0,""no_radicals"":0.0,""planar_aromatic_rings"":0.0,""planar_double_bonds"":0.0,""reference_file_loads"":0.0,""sanitisation"":0.0,""tetrahedral_chirality"":0.0}",1,0.0,,,1.0,100.0,0.0,1.0,1.0,1.0,1.0,1.0,100.0,0.0,1.0,1.0,1.0,1.0,1.0,100.0,0.0,1.0,1.0,1.0,1.0,1.0,100.0,0.0,1.0,1.0,1.0,1.0,1,27.62020193135215,27.62020193135215,27.62020193135215,0.0,0.2295327661266638,0.2295327661266638,1.0,1.0,1.0,1.0,0.24034319553579725,0.24034319553579725,1.0,1.0,1.0,1.0,1000,0,0,0,0,0,1,0,0,0,0,1,1,1,core
3u5j_3u5j_conf0,generation,qwen_4b_4e_from_bigdata_step20000,fixed,4b_4e_from_bigdata_step20000,qwen_4b_4e_from_bigdata_step20000_fixed,Qwen 4B 4e from bigdata (step 20000),qwen_4b_4e_from_bigdata_step20000_fixed,1,22,915,0.7,915,915,0,1.0,997,915,82,0.917753259779338,"{""all_atoms_connected"":0,""bond_angles"":18,""bond_lengths"":78,""bonds"":0,""double_bond_stereochemistry"":0,""energy_ratio"":2,""file_loads"":0,""inchi_convertible"":0,""internal_steric_clash"":3,""molecular_formula"":0,""no_radicals"":0,""planar_aromatic_rings"":3,""planar_double_bonds"":0,""reference_file_loads"":0,""sanitisation"":0,""tetrahedral_chirality"":0}","{""all_atoms_connected"":0.0,""bond_angles"":0.01805416248746239,""bond_lengths"":0.07823470411233702,""bonds"":0.0,""double_bond_stereochemistry"":0.0,""energy_ratio"":0.0020060180541624875,""file_loads"":0.0,""inchi_convertible"":0.0,""internal_steric_clash"":0.003009027081243731,""molecular_formula"":0.0,""no_radicals"":0.0,""planar_aromatic_rings"":0.003009027081243731,""planar_double_bonds"":0.0,""reference_file_loads"":0.0,""sanitisation"":0.0,""tetrahedral_chirality"":0.0}",915,109.25561789703976,1.0469165634661493,1.9187934742526365,10.0,1.092896174863388,0.507660102264792,0.45027322404371584,3.218548829110005,0.3900492699095226,0.1,2.0,0.2185792349726776,0.9996889424323679,0.5103825136612021,1.9995688291317684,0.50021559317985,0.0,2.0,0.2185792349726776,0.9257568402743854,0.659016393442623,1.899680556197755,0.5505724267669981,0.0,1.0,0.1092896174863388,0.0,1.0,1.0,1.0,0.0,915,79.08817817303986,254.96751860076108,93.31596201321082,13.307765591467556,0.10657874437580389,1.5543049992932874,1.0,1.0,1.0,1.0,0.22609924645933938,1.557681767313258,1.0,1.0,1.0,1.0,997,0,0,0,0,0,997,0,0,0,0,915,1000,1000,core
3u5j_3u5j_conf0,generation,qwen_4b_4e_from_bigdata_step20000,dynamic,4b_4e_from_bigdata_step20000,qwen_4b_4e_from_bigdata_step20000_dynamic,Qwen 4B 4e from bigdata (step 20000),qwen_4b_4e_from_bigdata_step20000_dynamic,1,22,2,0.7,2,2,0,1.0,2,2,0,1.0,"{""all_atoms_connected"":0,""bond_angles"":0,""bond_lengths"":0,""bonds"":0,""double_bond_stereochemistry"":0,""energy_ratio"":0,""file_loads"":0,""inchi_convertible"":0,""internal_steric_clash"":0,""molecular_formula"":0,""no_radicals"":0,""planar_aromatic_rings"":0,""planar_double_bonds"":0,""reference_file_loads"":0,""sanitisation"":0,""tetrahedral_chirality"":0}","{""all_atoms_connected"":0.0,""bond_angles"":0.0,""bond_lengths"":0.0,""bonds"":0.0,""double_bond_stereochemistry"":0.0,""energy_ratio"":0.0,""file_loads"":0.0,""inchi_convertible"":0.0,""internal_steric_clash"":0.0,""molecular_formula"":0.0,""no_radicals"":0.0,""planar_aromatic_rings"":0.0,""planar_double_bonds"":0.0,""reference_file_loads"":0.0,""sanitisation"":0.0,""tetrahedral_chirality"":0.0}",2,34.84433694521964,1.8495686510892841,1.8495686510892841,2.0,100.0,1.0,0.5,2.0,0.5,1.0,2.0,100.0,1.0,0.5,2.0,0.5,1.0,1.0,50.0,0.0,1.0,1.0,1.0,0.0,1.0,50.0,0.0,1.0,1.0,1.0,0.0,2,84.36941380781158,86.81427973337475,85.59184677059316,1.222432962781582,0.22301949522733794,1.0378127521828453,1.0,1.0,1.0,1.0,0.3668812964353252,1.109172215146777,0.0,1.0,1.0,1.0,997,0,0,0,0,0,2,0,0,0,0,2,2,2,core
3u5j_3u5j_conf0,generation,qwen_4b_4e_from_bigdata_step20000,chembl_count,4b_4e_from_bigdata_step20000,qwen_4b_4e_from_bigdata_step20000_chembl_count,Qwen 4B 4e from bigdata (step 20000),qwen_4b_4e_from_bigdata_step20000_chembl_count,1,22,2,0.7,2,2,0,1.0,2,2,0,1.0,"{""all_atoms_connected"":0,""bond_angles"":0,""bond_lengths"":0,""bonds"":0,""double_bond_stereochemistry"":0,""energy_ratio"":0,""file_loads"":0,""inchi_convertible"":0,""internal_steric_clash"":0,""molecular_formula"":0,""no_radicals"":0,""planar_aromatic_rings"":0,""planar_double_bonds"":0,""reference_file_loads"":0,""sanitisation"":0,""tetrahedral_chirality"":0}","{""all_atoms_connected"":0.0,""bond_angles"":0.0,""bond_lengths"":0.0,""bonds"":0.0,""double_bond_stereochemistry"":0.0,""energy_ratio"":0.0,""file_loads"":0.0,""inchi_convertible"":0.0,""internal_steric_clash"":0.0,""molecular_formula"":0.0,""no_radicals"":0.0,""planar_aromatic_rings"":0.0,""planar_double_bonds"":0.0,""reference_file_loads"":0.0,""sanitisation"":0.0,""tetrahedral_chirality"":0.0}",2,5.303064402651742,0.1686005340840931,0.1686005340840931,1.0,50.0,0.0,1.0,1.0,1.0,0.0,1.0,50.0,0.0,1.0,1.0,1.0,0.0,1.0,50.0,0.0,1.0,1.0,1.0,0.0,1.0,50.0,0.0,1.0,1.0,1.0,0.0,2,99.32738324598256,125.5898716891781,112.45862746758033,13.131244221597768,1.8536523292421756,1.8850951714747397,0.0,0.0,0.0,1.0,1.8369578056043276,1.8636805278225244,0.0,0.0,0.0,1.0,997,0,0,0,0,0,2,0,0,0,0,2,2,2,core
3u8n_3u8n_conf0,generation,qwen_4b_4e_from_bigdata_step20000,fixed,4b_4e_from_bigdata_step20000,qwen_4b_4e_from_bigdata_step20000_fixed,Qwen 4B 4e from bigdata (step 20000),qwen_4b_4e_from_bigdata_step20000_fixed,3,17,991,0.7,991,991,0,1.0,999,991,8,0.991991991991992,"{""all_atoms_connected"":0,""bond_angles"":5,""bond_lengths"":5,""bonds"":0,""double_bond_stereochemistry"":0,""energy_ratio"":1,""file_loads"":0,""inchi_convertible"":0,""internal_steric_clash"":2,""molecular_formula"":0,""no_radicals"":0,""planar_aromatic_rings"":0,""planar_double_bonds"":0,""reference_file_loads"":0,""sanitisation"":0,""tetrahedral_chirality"":0}","{""all_atoms_connected"":0.0,""bond_angles"":0.005005005005005005,""bond_lengths"":0.005005005005005005,""bonds"":0.0,""double_bond_stereochemistry"":0.0,""energy_ratio"":0.001001001001001001,""file_loads"":0.0,""inchi_convertible"":0.0,""internal_steric_clash"":0.002002002002002002,""molecular_formula"":0.0,""no_radicals"":0.0,""planar_aromatic_rings"":0.0,""planar_double_bonds"":0.0,""reference_file_loads"":0.0,""sanitisation"":0.0,""tetrahedral_chirality"":0.0}",991,97.1022829994434,1.2481197095474004,1.6067871029364789,97.0,9.788092835519677,0.8766444094670895,0.0615539858728557,55.168647079830514,0.026086442971608247,0.18556701030927836,9.0,0.9081735620585267,0.8098239909813562,0.24419778002018164,5.926093199820032,0.19053316376144128,0.0,2.0,0.20181634712411706,0.8615913684788427,0.715438950554995,1.8170414979227327,0.5928278828324751,0.0,1.0,0.10090817356205853,0.0,1.0,1.0,1.0,0.0,991,85.89093488817267,253.58848017945076,103.41030019934591,10.625997058822216,0.2384914832338676,1.4514835788739886,1.0,1.0,1.0,1.0,0.24780497937781462,1.4786277268531174,1.0,1.0,1.0,1.0,999,0,0,0,0,0,999,0,0,0,0,991,1000,1000,core
3u8n_3u8n_conf0,generation,qwen_4b_4e_from_bigdata_step20000,dynamic,4b_4e_from_bigdata_step20000,qwen_4b_4e_from_bigdata_step20000_dynamic,Qwen 4B 4e from bigdata (step 20000),qwen_4b_4e_from_bigdata_step20000_dynamic,3,17,46,0.7,46,46,0,1.0,46,46,0,1.0,"{""all_atoms_connected"":0,""bond_angles"":0,""bond_lengths"":0,""bonds"":0,""double_bond_stereochemistry"":0,""energy_ratio"":0,""file_loads"":0,""inchi_convertible"":0,""internal_steric_clash"":0,""molecular_formula"":0,""no_radicals"":0,""planar_aromatic_rings"":0,""planar_double_bonds"":0,""reference_file_loads"":0,""sanitisation"":0,""tetrahedral_chirality"":0}","{""all_atoms_connected"":0.0,""bond_angles"":0.0,""bond_lengths"":0.0,""bonds"":0.0,""double_bond_stereochemistry"":0.0,""energy_ratio"":0.0,""file_loads"":0.0,""inchi_convertible"":0.0,""internal_steric_clash"":0.0,""molecular_formula"":0.0,""no_radicals"":0.0,""planar_aromatic_rings"":0.0,""planar_double_bonds"":0.0,""reference_file_loads"":0.0,""sanitisation"":0.0,""tetrahedral_chirality"":0.0}",46,84.14823407880904,1.234299685761376,1.5939482289242761,23.0,50.0,0.9506705469571762,0.08695652173913043,19.70400670764057,0.057655954631379944,0.4782608695652174,4.0,8.695652173913043,0.9813206109973684,0.34782608695652173,3.897749087544057,0.2637051039697543,0.0,1.0,2.1739130434782608,0.0,1.0,1.0,1.0,0.0,1.0,2.1739130434782608,0.0,1.0,1.0,1.0,0.0,46,92.10229449229104,119.15448887095519,102.48506925002215,5.86474073913811,0.5547637019923951,1.4105869127813941,0.0,0.0,1.0,1.0,0.558044812065189,1.4509026011676736,0.0,0.0,1.0,1.0,999,0,0,0,0,0,46,0,0,0,0,46,46,46,core
3u8n_3u8n_conf0,generation,qwen_4b_4e_from_bigdata_step20000,chembl_count,4b_4e_from_bigdata_step20000,qwen_4b_4e_from_bigdata_step20000_chembl_count,Qwen 4B 4e from bigdata (step 20000),qwen_4b_4e_from_bigdata_step20000_chembl_count,3,17,196,0.7,196,196,0,1.0,197,196,1,0.9949238578680204,"{""all_atoms_connected"":0,""bond_angles"":1,""bond_lengths"":1,""bonds"":0,""double_bond_stereochemistry"":0,""energy_ratio"":0,""file_loads"":0,""inchi_convertible"":0,""internal_steric_clash"":0,""molecular_formula"":0,""no_radicals"":0,""planar_aromatic_rings"":0,""planar_double_bonds"":0,""reference_file_loads"":0,""sanitisation"":0,""tetrahedral_chirality"":0}","{""all_atoms_connected"":0.0,""bond_angles"":0.005076142131979695,""bond_lengths"":0.005076142131979695,""bonds"":0.0,""double_bond_stereochemistry"":0.0,""energy_ratio"":0.0,""file_loads"":0.0,""inchi_convertible"":0.0,""internal_steric_clash"":0.0,""molecular_formula"":0.0,""no_radicals"":0.0,""planar_aromatic_rings"":0.0,""planar_double_bonds"":0.0,""reference_file_loads"":0.0,""sanitisation"":0.0,""tetrahedral_chirality"":0.0}",196,98.82338005972632,1.2371954272671,1.5989477434846866,56.0,28.571428571428573,0.917728199976602,0.061224489795918366,40.212534938484794,0.030768429820907953,0.4107142857142857,8.0,4.081632653061225,0.8301428550489944,0.25,5.619448561250905,0.20272802998750522,0.0,1.0,0.5102040816326531,0.0,1.0,1.0,1.0,0.0,1.0,0.5102040816326531,0.0,1.0,1.0,1.0,0.0,196,86.89421789002296,181.39366578136023,103.86613419857723,9.872724571086477,0.5731332310316952,1.4572178284009636,0.0,0.0,1.0,1.0,0.5510957896510557,1.4782837907354807,0.0,0.0,1.0,1.0,999,0,0,0,0,0,197,0,0,0,0,196,197,197,core
3uo4_3uo4_conf0,generation,qwen_4b_4e_from_bigdata_step20000,fixed,4b_4e_from_bigdata_step20000,qwen_4b_4e_from_bigdata_step20000_fixed,Qwen 4B 4e from bigdata (step 20000),qwen_4b_4e_from_bigdata_step20000_fixed,6,29,919,0.7,919,913,6,0.9934711643090316,999,919,80,0.91991991991992,"{""all_atoms_connected"":0,""bond_angles"":50,""bond_lengths"":14,""bonds"":0,""double_bond_stereochemistry"":0,""energy_ratio"":35,""file_loads"":0,""inchi_convertible"":0,""internal_steric_clash"":69,""molecular_formula"":0,""no_radicals"":0,""planar_aromatic_rings"":11,""planar_double_bonds"":0,""reference_file_loads"":0,""sanitisation"":0,""tetrahedral_chirality"":0}","{""all_atoms_connected"":0.0,""bond_angles"":0.05005005005005005,""bond_lengths"":0.014014014014014014,""bonds"":0.0,""double_bond_stereochemistry"":0.0,""energy_ratio"":0.035035035035035036,""file_loads"":0.0,""inchi_convertible"":0.0,""internal_steric_clash"":0.06906906906906907,""molecular_formula"":0.0,""no_radicals"":0.0,""planar_aromatic_rings"":0.011011011011011011,""planar_double_bonds"":0.0,""reference_file_loads"":0.0,""sanitisation"":0.0,""tetrahedral_chirality"":0.0}",919,116.42156988564669,2.4602156713353756,3.3921678153964536,312.0,33.949945593035906,0.9322700917456958,0.020674646354733407,211.45878484661137,0.00647318547742555,0.49038461538461536,59.0,6.420021762785637,0.8436003400643367,0.0794341675734494,31.18109477004365,0.04236875725968876,0.23728813559322035,8.0,0.8705114254624592,0.9102971568452856,0.21109902067464636,6.638657260381751,0.16001330868936642,0.0,3.0,0.3264417845484222,0.9987701070552647,0.35473340587595215,2.995949210771375,0.3342339984915241,0.0,918,43.786621699788554,12993.287349986234,64.91581408388086,489.5255330559624,0.37807570290915304,2.4840459418851717,0.0,1.0,1.0,1.0,0.41112707445520097,2.42043386390185,0.0,1.0,1.0,1.0,999,0,0,0,0,0,999,0,0,0,0,919,1000,1000,core
3uo4_3uo4_conf0,generation,qwen_4b_4e_from_bigdata_step20000,dynamic,4b_4e_from_bigdata_step20000,qwen_4b_4e_from_bigdata_step20000_dynamic,Qwen 4B 4e from bigdata (step 20000),qwen_4b_4e_from_bigdata_step20000_dynamic,6,29,105,0.7,105,105,0,1.0,112,105,7,0.9375,"{""all_atoms_connected"":0,""bond_angles"":4,""bond_lengths"":1,""bonds"":0,""double_bond_stereochemistry"":0,""energy_ratio"":3,""file_loads"":0,""inchi_convertible"":0,""internal_steric_clash"":7,""molecular_formula"":0,""no_radicals"":0,""planar_aromatic_rings"":1,""planar_double_bonds"":0,""reference_file_loads"":0,""sanitisation"":0,""tetrahedral_chirality"":0}","{""all_atoms_connected"":0.0,""bond_angles"":0.03571428571428571,""bond_lengths"":0.008928571428571428,""bonds"":0.0,""double_bond_stereochemistry"":0.0,""energy_ratio"":0.026785714285714284,""file_loads"":0.0,""inchi_convertible"":0.0,""internal_steric_clash"":0.0625,""molecular_formula"":0.0,""no_radicals"":0.0,""planar_aromatic_rings"":0.008928571428571428,""planar_double_bonds"":0.0,""reference_file_loads"":0.0,""sanitisation"":0.0,""tetrahedral_chirality"":0.0}",105,117.73872358750714,2.4615593153047026,3.391011012687357,79.0,75.23809523809524,0.9727742907640101,0.047619047619047616,70.13952943245192,0.016780045351473916,0.7848101265822784,32.0,30.476190476190474,0.9360775448005032,0.09523809523809523,25.64112620448522,0.045804988662131514,0.3125,7.0,6.666666666666667,0.9633095260663578,0.2,6.517649360838772,0.16099773242630386,0.0,3.0,2.857142857142857,0.9921815429684339,0.38095238095238093,2.9743419929535624,0.33895691609977324,0.0,105,45.46209637206641,158.59563318907198,64.6880332298015,16.056330666785282,0.47416489520629257,2.394218286789289,0.0,1.0,1.0,1.0,0.41112707445520097,2.3758594830257436,0.0,1.0,1.0,1.0,999,0,0,0,0,0,112,0,0,0,0,105,112,112,core
3uo4_3uo4_conf0,generation,qwen_4b_4e_from_bigdata_step20000,chembl_count,4b_4e_from_bigdata_step20000,qwen_4b_4e_from_bigdata_step20000_chembl_count,Qwen 4B 4e from bigdata (step 20000),qwen_4b_4e_from_bigdata_step20000_chembl_count,6,29,25,0.7,25,25,0,1.0,26,25,1,0.9615384615384616,"{""all_atoms_connected"":0,""bond_angles"":0,""bond_lengths"":0,""bonds"":0,""double_bond_stereochemistry"":0,""energy_ratio"":0,""file_loads"":0,""inchi_convertible"":0,""internal_steric_clash"":1,""molecular_formula"":0,""no_radicals"":0,""planar_aromatic_rings"":0,""planar_double_bonds"":0,""reference_file_loads"":0,""sanitisation"":0,""tetrahedral_chirality"":0}","{""all_atoms_connected"":0.0,""bond_angles"":0.0,""bond_lengths"":0.0,""bonds"":0.0,""double_bond_stereochemistry"":0.0,""energy_ratio"":0.0,""file_loads"":0.0,""inchi_convertible"":0.0,""internal_steric_clash"":0.038461538461538464,""molecular_formula"":0.0,""no_radicals"":0.0,""planar_aromatic_rings"":0.0,""planar_double_bonds"":0.0,""reference_file_loads"":0.0,""sanitisation"":0.0,""tetrahedral_chirality"":0.0}",25,105.95379403932559,2.4666629896751715,3.404053026306809,23.0,92.0,0.9845472954614377,0.12,21.91217350575888,0.049599999999999984,0.9565217391304348,14.0,56.0,0.951701447272329,0.16,12.32456814080776,0.09120000000000003,0.5,5.0,20.0,0.9379260350024929,0.32,4.524620561356107,0.23840000000000003,0.0,3.0,12.0,0.8270582413085317,0.52,2.4808874709322533,0.4368000000000001,0.0,25,48.547232091876836,86.78433635405086,61.15063262647557,11.228505707112884,1.049903491249899,2.5372582366078147,0.0,0.0,0.0,1.0,1.0424763759456301,2.6202826334140723,0.0,0.0,0.0,1.0,999,0,0,0,0,0,26,0,0,0,0,25,26,26,core
3up2_3up2_conf0,generation,qwen_4b_4e_from_bigdata_step20000,fixed,4b_4e_from_bigdata_step20000,qwen_4b_4e_from_bigdata_step20000_fixed,Qwen 4B 4e from bigdata (step 20000),qwen_4b_4e_from_bigdata_step20000_fixed,6,28,878,0.7,878,870,8,0.9908883826879271,988,878,110,0.888663967611336,"{""all_atoms_connected"":0,""bond_angles"":76,""bond_lengths"":29,""bonds"":0,""double_bond_stereochemistry"":0,""energy_ratio"":43,""file_loads"":0,""inchi_convertible"":0,""internal_steric_clash"":82,""molecular_formula"":0,""no_radicals"":0,""planar_aromatic_rings"":5,""planar_double_bonds"":0,""reference_file_loads"":0,""sanitisation"":0,""tetrahedral_chirality"":0}","{""all_atoms_connected"":0.0,""bond_angles"":0.07692307692307693,""bond_lengths"":0.029352226720647773,""bonds"":0.0,""double_bond_stereochemistry"":0.0,""energy_ratio"":0.043522267206477734,""file_loads"":0.0,""inchi_convertible"":0.0,""internal_steric_clash"":0.08299595141700405,""molecular_formula"":0.0,""no_radicals"":0.0,""planar_aromatic_rings"":0.005060728744939271,""planar_double_bonds"":0.0,""reference_file_loads"":0.0,""sanitisation"":0.0,""tetrahedral_chirality"":0.0}",878,105.96500717660129,2.319726767999516,3.446243893415575,281.0,32.004555808656036,0.9097313976301803,0.02619589977220957,168.91375744058462,0.009026001317967425,0.5231316725978647,55.0,6.264236902050114,0.8285415210078979,0.11047835990888383,27.667043305231704,0.0524670378422694,0.10909090909090909,8.0,0.9111617312072893,0.8275083582860154,0.30182232346241455,5.588747807763886,0.2116401430046544,0.0,2.0,0.22779043280182232,0.9550612842466475,0.6241457858769932,1.9386619845488544,0.5308243523020325,0.0,878,29.40559778679372,44605.279615073836,53.184480388008566,1514.711287192688,0.49706073700076286,2.5024342644700317,0.0,1.0,1.0,1.0,0.4182881048548554,2.353637419355432,0.0,1.0,1.0,1.0,988,0,0,0,0,0,988,0,0,0,0,878,1000,1000,core
3up2_3up2_conf0,generation,qwen_4b_4e_from_bigdata_step20000,dynamic,4b_4e_from_bigdata_step20000,qwen_4b_4e_from_bigdata_step20000_dynamic,Qwen 4B 4e from bigdata (step 20000),qwen_4b_4e_from_bigdata_step20000_dynamic,6,28,97,0.7,97,97,0,1.0,112,97,15,0.8660714285714286,"{""all_atoms_connected"":0,""bond_angles"":12,""bond_lengths"":4,""bonds"":0,""double_bond_stereochemistry"":0,""energy_ratio"":7,""file_loads"":0,""inchi_convertible"":0,""internal_steric_clash"":11,""molecular_formula"":0,""no_radicals"":0,""planar_aromatic_rings"":0,""planar_double_bonds"":0,""reference_file_loads"":0,""sanitisation"":0,""tetrahedral_chirality"":0}","{""all_atoms_connected"":0.0,""bond_angles"":0.10714285714285714,""bond_lengths"":0.03571428571428571,""bonds"":0.0,""double_bond_stereochemistry"":0.0,""energy_ratio"":0.0625,""file_loads"":0.0,""inchi_convertible"":0.0,""internal_steric_clash"":0.09821428571428571,""molecular_formula"":0.0,""no_radicals"":0.0,""planar_aromatic_rings"":0.0,""planar_double_bonds"":0.0,""reference_file_loads"":0.0,""sanitisation"":0.0,""tetrahedral_chirality"":0.0}",97,102.72419557105025,2.202178889988481,3.398856894607235,68.0,70.10309278350516,0.9647816925608559,0.05154639175257732,58.609909452604114,0.02051227548092252,0.7647058823529411,25.0,25.77319587628866,0.8965774460273362,0.14432989690721648,17.920968756165426,0.07131469869274099,0.32,6.0,6.185567010309279,0.8030255668549954,0.38144329896907214,4.215754856026184,0.2809012647465193,0.16666666666666666,2.0,2.0618556701030926,0.6921053253628725,0.8144329896907216,1.6156395022562136,0.6977362100116908,0.0,97,36.3115803565466,44605.279615073836,52.45402709594105,4499.774379822243,0.6320250308541336,2.54008279426818,0.0,0.0,1.0,1.0,0.5306286860091468,2.3684236550437894,0.0,0.0,1.0,1.0,988,0,0,0,0,0,112,0,0,0,0,97,112,112,core
3up2_3up2_conf0,generation,qwen_4b_4e_from_bigdata_step20000,chembl_count,4b_4e_from_bigdata_step20000,qwen_4b_4e_from_bigdata_step20000_chembl_count,Qwen 4B 4e from bigdata (step 20000),qwen_4b_4e_from_bigdata_step20000_chembl_count,6,28,41,0.7,41,41,0,1.0,43,41,2,0.9534883720930232,"{""all_atoms_connected"":0,""bond_angles"":1,""bond_lengths"":0,""bonds"":0,""double_bond_stereochemistry"":0,""energy_ratio"":0,""file_loads"":0,""inchi_convertible"":0,""internal_steric_clash"":1,""molecular_formula"":0,""no_radicals"":0,""planar_aromatic_rings"":0,""planar_double_bonds"":0,""reference_file_loads"":0,""sanitisation"":0,""tetrahedral_chirality"":0}","{""all_atoms_connected"":0.0,""bond_angles"":0.023255813953488372,""bond_lengths"":0.0,""bonds"":0.0,""double_bond_stereochemistry"":0.0,""energy_ratio"":0.0,""file_loads"":0.0,""inchi_convertible"":0.0,""internal_steric_clash"":0.023255813953488372,""molecular_formula"":0.0,""no_radicals"":0.0,""planar_aromatic_rings"":0.0,""planar_double_bonds"":0.0,""reference_file_loads"":0.0,""sanitisation"":0.0,""tetrahedral_chirality"":0.0}",41,107.64362032696353,2.45634088115964,3.5159521399247406,35.0,85.36585365853658,0.9779317252358503,0.0975609756097561,32.35885355068281,0.03509815585960738,0.8857142857142857,16.0,39.02439024390244,0.9276453948415303,0.17073170731707318,13.091709404504787,0.08982748364069007,0.375,4.0,9.75609756097561,0.9892116336068291,0.3170731707317073,3.940621727123915,0.2575847709696609,0.0,2.0,4.878048780487805,0.9961344835095797,0.5365853658536586,1.9946484289125868,0.5026769779892921,0.0,41,33.504654489241766,83.63062417049485,54.23524885416867,11.80024539872594,0.9548572869985239,2.5259523658962957,0.0,0.0,0.0,1.0,1.2507455191835926,2.4554232660928568,0.0,0.0,0.0,1.0,988,0,0,0,0,0,43,0,0,0,0,41,43,43,core
3wtj_3wtj_conf0,generation,qwen_4b_4e_from_bigdata_step20000,fixed,4b_4e_from_bigdata_step20000,qwen_4b_4e_from_bigdata_step20000_fixed,Qwen 4B 4e from bigdata (step 20000),qwen_4b_4e_from_bigdata_step20000_fixed,2,16,996,0.7,996,995,1,0.998995983935743,1000,996,4,0.996,"{""all_atoms_connected"":0,""bond_angles"":1,""bond_lengths"":0,""bonds"":0,""double_bond_stereochemistry"":3,""energy_ratio"":1,""file_loads"":0,""inchi_convertible"":0,""internal_steric_clash"":1,""molecular_formula"":0,""no_radicals"":0,""planar_aromatic_rings"":0,""planar_double_bonds"":0,""reference_file_loads"":0,""sanitisation"":0,""tetrahedral_chirality"":0}","{""all_atoms_connected"":0.0,""bond_angles"":0.001,""bond_lengths"":0.0,""bonds"":0.0,""double_bond_stereochemistry"":0.003,""energy_ratio"":0.001,""file_loads"":0.0,""inchi_convertible"":0.0,""internal_steric_clash"":0.001,""molecular_formula"":0.0,""no_radicals"":0.0,""planar_aromatic_rings"":0.0,""planar_double_bonds"":0.0,""reference_file_loads"":0.0,""sanitisation"":0.0,""tetrahedral_chirality"":0.0}",996,98.15013347808735,1.2631791350055421,1.837872270719149,26.0,2.610441767068273,0.7620623051184531,0.20682730923694778,11.975615707652425,0.11509693392042065,0.11538461538461539,6.0,0.6024096385542169,0.8495205368915558,0.357429718875502,4.5820040424613975,0.2527116498120998,0.0,2.0,0.20080321285140562,0.5857093992049512,0.8594377510040161,1.5007767669201868,0.7583909936936502,0.0,1.0,0.10040160642570281,0.0,1.0,1.0,1.0,0.0,996,-48.47804884278163,4.3981723913721,-37.47668219970022,5.314300880825135,0.2626517539790614,1.3339569581703405,0.0,1.0,1.0,1.0,0.22550192354043808,1.3009085970650975,1.0,1.0,1.0,1.0,1000,0,0,0,0,0,1000,0,0,0,0,996,1000,1000,core
3wtj_3wtj_conf0,generation,qwen_4b_4e_from_bigdata_step20000,dynamic,4b_4e_from_bigdata_step20000,qwen_4b_4e_from_bigdata_step20000_dynamic,Qwen 4B 4e from bigdata (step 20000),qwen_4b_4e_from_bigdata_step20000_dynamic,2,16,24,0.7,24,24,0,1.0,24,24,0,1.0,"{""all_atoms_connected"":0,""bond_angles"":0,""bond_lengths"":0,""bonds"":0,""double_bond_stereochemistry"":0,""energy_ratio"":0,""file_loads"":0,""inchi_convertible"":0,""internal_steric_clash"":0,""molecular_formula"":0,""no_radicals"":0,""planar_aromatic_rings"":0,""planar_double_bonds"":0,""reference_file_loads"":0,""sanitisation"":0,""tetrahedral_chirality"":0}","{""all_atoms_connected"":0.0,""bond_angles"":0.0,""bond_lengths"":0.0,""bonds"":0.0,""double_bond_stereochemistry"":0.0,""energy_ratio"":0.0,""file_loads"":0.0,""inchi_convertible"":0.0,""internal_steric_clash"":0.0,""molecular_formula"":0.0,""no_radicals"":0.0,""planar_aromatic_rings"":0.0,""planar_double_bonds"":0.0,""reference_file_loads"":0.0,""sanitisation"":0.0,""tetrahedral_chirality"":0.0}",24,100.56614302175197,1.2930761047366748,1.8556052447567193,8.0,33.333333333333336,0.965413541726763,0.25,7.444838872816794,0.14583333333333334,0.0,5.0,20.833333333333332,0.9155385080075168,0.3333333333333333,4.364494543886885,0.25,0.0,1.0,4.166666666666667,0.0,1.0,1.0,1.0,0.0,1.0,4.166666666666667,0.0,1.0,1.0,1.0,0.0,24,-47.11436436022091,-32.89094575627969,-39.45259645650417,3.2528019753013577,0.3394555430417139,1.361028174443645,0.0,1.0,1.0,1.0,0.2964903452242422,1.3527761562603153,0.0,1.0,1.0,1.0,1000,0,0,0,0,0,24,0,0,0,0,24,24,24,core
3wtj_3wtj_conf0,generation,qwen_4b_4e_from_bigdata_step20000,chembl_count,4b_4e_from_bigdata_step20000,qwen_4b_4e_from_bigdata_step20000_chembl_count,Qwen 4B 4e from bigdata (step 20000),qwen_4b_4e_from_bigdata_step20000_chembl_count,2,16,51,0.7,51,51,0,1.0,52,51,1,0.9807692307692308,"{""all_atoms_connected"":0,""bond_angles"":0,""bond_lengths"":0,""bonds"":0,""double_bond_stereochemistry"":1,""energy_ratio"":0,""file_loads"":0,""inchi_convertible"":0,""internal_steric_clash"":0,""molecular_formula"":0,""no_radicals"":0,""planar_aromatic_rings"":0,""planar_double_bonds"":0,""reference_file_loads"":0,""sanitisation"":0,""tetrahedral_chirality"":0}","{""all_atoms_connected"":0.0,""bond_angles"":0.0,""bond_lengths"":0.0,""bonds"":0.0,""double_bond_stereochemistry"":0.019230769230769232,""energy_ratio"":0.0,""file_loads"":0.0,""inchi_convertible"":0.0,""internal_steric_clash"":0.0,""molecular_formula"":0.0,""no_radicals"":0.0,""planar_aromatic_rings"":0.0,""planar_double_bonds"":0.0,""reference_file_loads"":0.0,""sanitisation"":0.0,""tetrahedral_chirality"":0.0}",51,101.62549964788704,1.2240226875016444,1.8318785576254295,9.0,17.647058823529413,0.8628167841210924,0.2549019607843137,6.657887511751448,0.1741637831603229,0.2222222222222222,5.0,9.803921568627452,0.8571813504516341,0.35294117647058826,3.973233167972037,0.27566320645905423,0.2,1.0,1.9607843137254901,0.0,1.0,1.0,1.0,0.0,1.0,1.9607843137254901,0.0,1.0,1.0,1.0,0.0,51,-44.50790169975529,-21.51935243394656,-36.79241727753239,5.300479681709817,0.4084216436768894,1.2064281597734772,0.0,1.0,1.0,1.0,0.355917432135677,1.1371897329014489,0.0,1.0,1.0,1.0,1000,0,0,0,0,0,52,0,0,0,0,51,52,52,core
3zdg_3zdg_conf0,generation,qwen_4b_4e_from_bigdata_step20000,fixed,4b_4e_from_bigdata_step20000,qwen_4b_4e_from_bigdata_step20000_fixed,Qwen 4B 4e from bigdata (step 20000),qwen_4b_4e_from_bigdata_step20000_fixed,4,13,981,0.7,981,979,2,0.9979612640163099,999,981,18,0.981981981981982,"{""all_atoms_connected"":0,""bond_angles"":2,""bond_lengths"":2,""bonds"":0,""double_bond_stereochemistry"":0,""energy_ratio"":0,""file_loads"":0,""inchi_convertible"":0,""internal_steric_clash"":14,""molecular_formula"":0,""no_radicals"":0,""planar_aromatic_rings"":0,""planar_double_bonds"":0,""reference_file_loads"":0,""sanitisation"":0,""tetrahedral_chirality"":2}","{""all_atoms_connected"":0.0,""bond_angles"":0.002002002002002002,""bond_lengths"":0.002002002002002002,""bonds"":0.0,""double_bond_stereochemistry"":0.0,""energy_ratio"":0.0,""file_loads"":0.0,""inchi_convertible"":0.0,""internal_steric_clash"":0.014014014014014014,""molecular_formula"":0.0,""no_radicals"":0.0,""planar_aromatic_rings"":0.0,""planar_double_bonds"":0.0,""reference_file_loads"":0.0,""sanitisation"":0.0,""tetrahedral_chirality"":0.002002002002002002}",981,88.95174889311018,1.2382263540613414,1.7234065972297108,128.0,13.047910295616717,0.8316183985303682,0.09378185524974515,56.54504842393858,0.03319648240109481,0.2890625,20.0,2.038735983690112,0.7987611925131186,0.2161060142711519,10.944911918269122,0.1250248087775793,0.0,1.0,0.1019367991845056,0.0,1.0,1.0,1.0,0.0,1.0,0.1019367991845056,0.0,1.0,1.0,1.0,0.0,981,-58.48888538619701,10.591872204020142,-48.14616299928622,5.550076121743114,0.2379357880840633,1.2851963952214616,1.0,1.0,1.0,1.0,0.20949631737615443,1.2705145499358899,1.0,1.0,1.0,1.0,999,0,0,0,0,0,999,0,0,0,0,981,1000,1000,core
3zdg_3zdg_conf0,generation,qwen_4b_4e_from_bigdata_step20000,dynamic,4b_4e_from_bigdata_step20000,qwen_4b_4e_from_bigdata_step20000_dynamic,Qwen 4B 4e from bigdata (step 20000),qwen_4b_4e_from_bigdata_step20000_dynamic,4,13,67,0.7,67,67,0,1.0,68,67,1,0.9852941176470588,"{""all_atoms_connected"":0,""bond_angles"":0,""bond_lengths"":0,""bonds"":0,""double_bond_stereochemistry"":0,""energy_ratio"":0,""file_loads"":0,""inchi_convertible"":0,""internal_steric_clash"":0,""molecular_formula"":0,""no_radicals"":0,""planar_aromatic_rings"":0,""planar_double_bonds"":0,""reference_file_loads"":0,""sanitisation"":0,""tetrahedral_chirality"":1}","{""all_atoms_connected"":0.0,""bond_angles"":0.0,""bond_lengths"":0.0,""bonds"":0.0,""double_bond_stereochemistry"":0.0,""energy_ratio"":0.0,""file_loads"":0.0,""inchi_convertible"":0.0,""internal_steric_clash"":0.0,""molecular_formula"":0.0,""no_radicals"":0.0,""planar_aromatic_rings"":0.0,""planar_double_bonds"":0.0,""reference_file_loads"":0.0,""sanitisation"":0.0,""tetrahedral_chirality"":0.014705882352941176}",67,90.83375722239846,1.2317257556649928,1.7088927909380522,30.0,44.776119402985074,0.9007260892723516,0.13432835820895522,21.403344961554915,0.0630429939852974,0.6333333333333333,10.0,14.925373134328359,0.7911488007570874,0.29850746268656714,6.182281851553832,0.20650478948540874,0.3,1.0,1.492537313432836,0.0,1.0,1.0,1.0,0.0,1.0,1.492537313432836,0.0,1.0,1.0,1.0,0.0,67,-58.48888538619701,-30.593456832661204,-47.4548007591129,5.5604667756749135,0.499830582271334,1.3099671920312106,0.0,1.0,1.0,1.0,0.4091765057952517,1.2952903973481387,0.0,1.0,1.0,1.0,999,0,0,0,0,0,68,0,0,0,0,67,68,68,core
3zdg_3zdg_conf0,generation,qwen_4b_4e_from_bigdata_step20000,chembl_count,4b_4e_from_bigdata_step20000,qwen_4b_4e_from_bigdata_step20000_chembl_count,Qwen 4B 4e from bigdata (step 20000),qwen_4b_4e_from_bigdata_step20000_chembl_count,4,13,198,0.7,198,198,0,1.0,199,198,1,0.9949748743718592,"{""all_atoms_connected"":0,""bond_angles"":0,""bond_lengths"":0,""bonds"":0,""double_bond_stereochemistry"":0,""energy_ratio"":0,""file_loads"":0,""inchi_convertible"":0,""internal_steric_clash"":1,""molecular_formula"":0,""no_radicals"":0,""planar_aromatic_rings"":0,""planar_double_bonds"":0,""reference_file_loads"":0,""sanitisation"":0,""tetrahedral_chirality"":0}","{""all_atoms_connected"":0.0,""bond_angles"":0.0,""bond_lengths"":0.0,""bonds"":0.0,""double_bond_stereochemistry"":0.0,""energy_ratio"":0.0,""file_loads"":0.0,""inchi_convertible"":0.0,""internal_steric_clash"":0.005025125628140704,""molecular_formula"":0.0,""no_radicals"":0.0,""planar_aromatic_rings"":0.0,""planar_double_bonds"":0.0,""reference_file_loads"":0.0,""sanitisation"":0.0,""tetrahedral_chirality"":0.0}",198,89.9916301382928,1.2711978334434908,1.746087193673059,68.0,34.343434343434346,0.8945200063545985,0.08585858585858586,43.57284168963902,0.03377206407509438,0.5,13.0,6.565656565656566,0.9009642665788069,0.20202020202020202,10.08377520323593,0.11886542189572492,0.0,1.0,0.5050505050505051,0.0,1.0,1.0,1.0,0.0,1.0,0.5050505050505051,0.0,1.0,1.0,1.0,0.0,198,-57.60988272409252,-27.661462082156376,-47.9460357341777,5.28209932662422,0.2379357880840633,1.3483693425966883,1.0,1.0,1.0,1.0,0.20949631737615443,1.3430178360713554,1.0,1.0,1.0,1.0,999,0,0,0,0,0,199,0,0,0,0,198,199,199,core
4ddh_4ddh_conf0,generation,qwen_4b_4e_from_bigdata_step20000,fixed,4b_4e_from_bigdata_step20000,qwen_4b_4e_from_bigdata_step20000_fixed,Qwen 4B 4e from bigdata (step 20000),qwen_4b_4e_from_bigdata_step20000_fixed,3,15,994,0.7,994,994,0,1.0,999,994,5,0.994994994994995,"{""all_atoms_connected"":0,""bond_angles"":5,""bond_lengths"":0,""bonds"":0,""double_bond_stereochemistry"":0,""energy_ratio"":4,""file_loads"":0,""inchi_convertible"":0,""internal_steric_clash"":5,""molecular_formula"":0,""no_radicals"":0,""planar_aromatic_rings"":0,""planar_double_bonds"":0,""reference_file_loads"":0,""sanitisation"":0,""tetrahedral_chirality"":0}","{""all_atoms_connected"":0.0,""bond_angles"":0.005005005005005005,""bond_lengths"":0.0,""bonds"":0.0,""double_bond_stereochemistry"":0.0,""energy_ratio"":0.004004004004004004,""file_loads"":0.0,""inchi_convertible"":0.0,""internal_steric_clash"":0.005005005005005005,""molecular_formula"":0.0,""no_radicals"":0.0,""planar_aromatic_rings"":0.0,""planar_double_bonds"":0.0,""reference_file_loads"":0.0,""sanitisation"":0.0,""tetrahedral_chirality"":0.0}",994,107.04445571893609,0.8523039267169696,1.1747336793644176,29.0,2.9175050301810863,0.8756061472235608,0.12474849094567404,19.07588416745441,0.06422033205267824,0.034482758620689655,3.0,0.30181086519114686,0.9623596846781124,0.4708249496981891,2.8784736634931765,0.36220744993097415,0.0,1.0,0.1006036217303823,0.0,1.0,1.0,1.0,0.0,1.0,0.1006036217303823,0.0,1.0,1.0,1.0,0.0,994,52.325141159257264,216.36368684248276,64.2955365717196,9.162773094476957,0.1620061093822802,0.7923882878599876,1.0,1.0,1.0,1.0,0.206438003962785,0.7849434876959404,1.0,1.0,1.0,1.0,999,0,0,0,0,0,999,0,0,0,0,994,1000,1000,core
4ddh_4ddh_conf0,generation,qwen_4b_4e_from_bigdata_step20000,dynamic,4b_4e_from_bigdata_step20000,qwen_4b_4e_from_bigdata_step20000_dynamic,Qwen 4B 4e from bigdata (step 20000),qwen_4b_4e_from_bigdata_step20000_dynamic,3,15,45,0.7,45,45,0,1.0,46,45,1,0.9782608695652174,"{""all_atoms_connected"":0,""bond_angles"":1,""bond_lengths"":0,""bonds"":0,""double_bond_stereochemistry"":0,""energy_ratio"":1,""file_loads"":0,""inchi_convertible"":0,""internal_steric_clash"":1,""molecular_formula"":0,""no_radicals"":0,""planar_aromatic_rings"":0,""planar_double_bonds"":0,""reference_file_loads"":0,""sanitisation"":0,""tetrahedral_chirality"":0}","{""all_atoms_connected"":0.0,""bond_angles"":0.021739130434782608,""bond_lengths"":0.0,""bonds"":0.0,""double_bond_stereochemistry"":0.0,""energy_ratio"":0.021739130434782608,""file_loads"":0.0,""inchi_convertible"":0.0,""internal_steric_clash"":0.021739130434782608,""molecular_formula"":0.0,""no_radicals"":0.0,""planar_aromatic_rings"":0.0,""planar_double_bonds"":0.0,""reference_file_loads"":0.0,""sanitisation"":0.0,""tetrahedral_chirality"":0.0}",45,116.87084476837661,0.863661432736799,1.1942358272020877,15.0,33.333333333333336,0.9276731589216656,0.2,12.331851703055035,0.09629629629629631,0.26666666666666666,3.0,6.666666666666667,0.965633607142825,0.4444444444444444,2.8888455168024434,0.35802469135802467,0.0,1.0,2.2222222222222223,0.0,1.0,1.0,1.0,0.0,1.0,2.2222222222222223,0.0,1.0,1.0,1.0,0.0,45,54.1351624749056,89.86602830848466,63.906306899861754,8.13958756502537,0.3348545145244618,0.8801534327607554,0.0,1.0,1.0,1.0,0.34842058890718575,0.8578680830669951,0.0,1.0,1.0,1.0,999,0,0,0,0,0,46,0,0,0,0,45,46,46,core
4ddh_4ddh_conf0,generation,qwen_4b_4e_from_bigdata_step20000,chembl_count,4b_4e_from_bigdata_step20000,qwen_4b_4e_from_bigdata_step20000_chembl_count,Qwen 4B 4e from bigdata (step 20000),qwen_4b_4e_from_bigdata_step20000_chembl_count,3,15,2,0.7,2,2,0,1.0,2,2,0,1.0,"{""all_atoms_connected"":0,""bond_angles"":0,""bond_lengths"":0,""bonds"":0,""double_bond_stereochemistry"":0,""energy_ratio"":0,""file_loads"":0,""inchi_convertible"":0,""internal_steric_clash"":0,""molecular_formula"":0,""no_radicals"":0,""planar_aromatic_rings"":0,""planar_double_bonds"":0,""reference_file_loads"":0,""sanitisation"":0,""tetrahedral_chirality"":0}","{""all_atoms_connected"":0.0,""bond_angles"":0.0,""bond_lengths"":0.0,""bonds"":0.0,""double_bond_stereochemistry"":0.0,""energy_ratio"":0.0,""file_loads"":0.0,""inchi_convertible"":0.0,""internal_steric_clash"":0.0,""molecular_formula"":0.0,""no_radicals"":0.0,""planar_aromatic_rings"":0.0,""planar_double_bonds"":0.0,""reference_file_loads"":0.0,""sanitisation"":0.0,""tetrahedral_chirality"":0.0}",2,82.17222799654185,1.1242159858439227,1.1242159858439227,2.0,100.0,1.0,0.5,2.0,0.5,1.0,2.0,100.0,1.0,0.5,2.0,0.5,1.0,1.0,50.0,0.0,1.0,1.0,1.0,0.0,1.0,50.0,0.0,1.0,1.0,1.0,0.0,2,60.53033804241281,61.52570465229732,61.028021347355065,0.49768330494225665,0.6252223510725926,0.8069633940264623,0.0,0.0,1.0,1.0,0.657915197061024,0.7987350196631919,0.0,0.0,1.0,1.0,999,0,0,0,0,0,2,0,0,0,0,2,2,2,core
4ddk_4ddk_conf0,generation,qwen_4b_4e_from_bigdata_step20000,fixed,4b_4e_from_bigdata_step20000,qwen_4b_4e_from_bigdata_step20000_fixed,Qwen 4B 4e from bigdata (step 20000),qwen_4b_4e_from_bigdata_step20000_fixed,1,12,999,0.7,999,999,0,1.0,1000,999,1,0.999,"{""all_atoms_connected"":0,""bond_angles"":0,""bond_lengths"":1,""bonds"":0,""double_bond_stereochemistry"":0,""energy_ratio"":0,""file_loads"":0,""inchi_convertible"":0,""internal_steric_clash"":0,""molecular_formula"":0,""no_radicals"":0,""planar_aromatic_rings"":0,""planar_double_bonds"":0,""reference_file_loads"":0,""sanitisation"":0,""tetrahedral_chirality"":0}","{""all_atoms_connected"":0.0,""bond_angles"":0.0,""bond_lengths"":0.001,""bonds"":0.0,""double_bond_stereochemistry"":0.0,""energy_ratio"":0.0,""file_loads"":0.0,""inchi_convertible"":0.0,""internal_steric_clash"":0.0,""molecular_formula"":0.0,""no_radicals"":0.0,""planar_aromatic_rings"":0.0,""planar_double_bonds"":0.0,""reference_file_loads"":0.0,""sanitisation"":0.0,""tetrahedral_chirality"":0.0}",999,104.83045482726368,0.13529615160289726,0.2974833683133926,2.0,0.2002002002002002,0.33164261440827486,0.938938938938939,1.2584453917706082,0.8853347842336832,0.0,1.0,0.1001001001001001,0.0,1.0,1.0,1.0,0.0,1.0,0.1001001001001001,0.0,1.0,1.0,1.0,0.0,1.0,0.1001001001001001,0.0,1.0,1.0,1.0,0.0,999,30.63331036223043,65.57177806016517,38.78568472026568,5.339821739096996,0.050745193451856026,0.0827890209361884,1.0,1.0,1.0,1.0,0.06534106780763288,0.08304524687453371,1.0,1.0,1.0,1.0,1000,0,0,0,0,0,1000,0,0,0,0,999,1000,1000,core
4ddk_4ddk_conf0,generation,qwen_4b_4e_from_bigdata_step20000,dynamic,4b_4e_from_bigdata_step20000,qwen_4b_4e_from_bigdata_step20000_dynamic,Qwen 4B 4e from bigdata (step 20000),qwen_4b_4e_from_bigdata_step20000_dynamic,1,12,2,0.7,2,2,0,1.0,2,2,0,1.0,"{""all_atoms_connected"":0,""bond_angles"":0,""bond_lengths"":0,""bonds"":0,""double_bond_stereochemistry"":0,""energy_ratio"":0,""file_loads"":0,""inchi_convertible"":0,""internal_steric_clash"":0,""molecular_formula"":0,""no_radicals"":0,""planar_aromatic_rings"":0,""planar_double_bonds"":0,""reference_file_loads"":0,""sanitisation"":0,""tetrahedral_chirality"":0}","{""all_atoms_connected"":0.0,""bond_angles"":0.0,""bond_lengths"":0.0,""bonds"":0.0,""double_bond_stereochemistry"":0.0,""energy_ratio"":0.0,""file_loads"":0.0,""inchi_convertible"":0.0,""internal_steric_clash"":0.0,""molecular_formula"":0.0,""no_radicals"":0.0,""planar_aromatic_rings"":0.0,""planar_double_bonds"":0.0,""reference_file_loads"":0.0,""sanitisation"":0.0,""tetrahedral_chirality"":0.0}",2,51.433648727962485,0.5456591486808617,0.5456591486808617,2.0,100.0,1.0,0.5,2.0,0.5,1.0,1.0,50.0,0.0,1.0,1.0,1.0,0.0,1.0,50.0,0.0,1.0,1.0,1.0,0.0,1.0,50.0,0.0,1.0,1.0,1.0,0.0,2,36.58385337215769,59.43441766328695,48.00913551772232,11.42528214556463,0.08274730222486837,0.3093317075273484,1.0,1.0,1.0,1.0,0.07839685666015338,0.31361880630364714,1.0,1.0,1.0,1.0,1000,0,0,0,0,0,2,0,0,0,0,2,2,2,core
4ddk_4ddk_conf0,generation,qwen_4b_4e_from_bigdata_step20000,chembl_count,4b_4e_from_bigdata_step20000,qwen_4b_4e_from_bigdata_step20000_chembl_count,Qwen 4B 4e from bigdata (step 20000),qwen_4b_4e_from_bigdata_step20000_chembl_count,1,12,1,0.7,1,1,0,1.0,1,1,0,1.0,"{""all_atoms_connected"":0,""bond_angles"":0,""bond_lengths"":0,""bonds"":0,""double_bond_stereochemistry"":0,""energy_ratio"":0,""file_loads"":0,""inchi_convertible"":0,""internal_steric_clash"":0,""molecular_formula"":0,""no_radicals"":0,""planar_aromatic_rings"":0,""planar_double_bonds"":0,""reference_file_loads"":0,""sanitisation"":0,""tetrahedral_chirality"":0}","{""all_atoms_connected"":0.0,""bond_angles"":0.0,""bond_lengths"":0.0,""bonds"":0.0,""double_bond_stereochemistry"":0.0,""energy_ratio"":0.0,""file_loads"":0.0,""inchi_convertible"":0.0,""internal_steric_clash"":0.0,""molecular_formula"":0.0,""no_radicals"":0.0,""planar_aromatic_rings"":0.0,""planar_double_bonds"":0.0,""reference_file_loads"":0.0,""sanitisation"":0.0,""tetrahedral_chirality"":0.0}",1,0.0,,,1.0,100.0,0.0,1.0,1.0,1.0,1.0,1.0,100.0,0.0,1.0,1.0,1.0,1.0,1.0,100.0,0.0,1.0,1.0,1.0,1.0,1.0,100.0,0.0,1.0,1.0,1.0,1.0,1,46.026540506070056,46.026540506070056,46.026540506070056,0.0,0.11359744218002203,0.11359744218002203,1.0,1.0,1.0,1.0,0.098908005522384,0.098908005522384,1.0,1.0,1.0,1.0,1000,0,0,0,0,0,1,0,0,0,0,1,1,1,core
4eor_4eor_conf0,generation,qwen_4b_4e_from_bigdata_step20000,fixed,4b_4e_from_bigdata_step20000,qwen_4b_4e_from_bigdata_step20000_fixed,Qwen 4B 4e from bigdata (step 20000),qwen_4b_4e_from_bigdata_step20000_fixed,7,28,973,0.7,973,973,0,1.0,989,973,16,0.9838220424671386,"{""all_atoms_connected"":0,""bond_angles"":15,""bond_lengths"":11,""bonds"":0,""double_bond_stereochemistry"":0,""energy_ratio"":8,""file_loads"":0,""inchi_convertible"":0,""internal_steric_clash"":10,""molecular_formula"":0,""no_radicals"":0,""planar_aromatic_rings"":1,""planar_double_bonds"":0,""reference_file_loads"":0,""sanitisation"":0,""tetrahedral_chirality"":0}","{""all_atoms_connected"":0.0,""bond_angles"":0.015166835187057633,""bond_lengths"":0.011122345803842264,""bonds"":0.0,""double_bond_stereochemistry"":0.0,""energy_ratio"":0.008088978766430738,""file_loads"":0.0,""inchi_convertible"":0.0,""internal_steric_clash"":0.010111223458038422,""molecular_formula"":0.0,""no_radicals"":0.0,""planar_aromatic_rings"":0.0010111223458038423,""planar_double_bonds"":0.0,""reference_file_loads"":0.0,""sanitisation"":0.0,""tetrahedral_chirality"":0.0}",973,90.20389811148247,1.6467166979452794,2.4695886047579574,249.0,25.590955806783146,0.8856185533418355,0.050359712230215826,132.4703242343164,0.013586781433757706,0.41365461847389556,39.0,4.008221993833504,0.7639671419290988,0.2065775950668037,16.425593868174918,0.09449272178205169,0.1282051282051282,3.0,0.30832476875642345,0.638478927738644,0.7225077081192189,2.0166562056280544,0.5808071792455919,0.0,2.0,0.20554984583761562,0.5151332730348275,0.8848920863309353,1.4291261532138912,0.7962838362403604,0.0,973,49.90745080809843,243.1976628075243,67.04854995887231,10.791626948770011,0.6045098360884746,1.3110652907823706,0.0,0.0,1.0,1.0,0.5886872291750392,1.3613954741387841,0.0,0.0,1.0,1.0,989,0,0,0,0,0,989,0,0,0,0,973,1000,1000,core
4eor_4eor_conf0,generation,qwen_4b_4e_from_bigdata_step20000,dynamic,4b_4e_from_bigdata_step20000,qwen_4b_4e_from_bigdata_step20000_dynamic,Qwen 4B 4e from bigdata (step 20000),qwen_4b_4e_from_bigdata_step20000_dynamic,7,28,133,0.7,133,133,0,1.0,134,133,1,0.9925373134328358,"{""all_atoms_connected"":0,""bond_angles"":1,""bond_lengths"":1,""bonds"":0,""double_bond_stereochemistry"":0,""energy_ratio"":0,""file_loads"":0,""inchi_convertible"":0,""internal_steric_clash"":0,""molecular_formula"":0,""no_radicals"":0,""planar_aromatic_rings"":0,""planar_double_bonds"":0,""reference_file_loads"":0,""sanitisation"":0,""tetrahedral_chirality"":0}","{""all_atoms_connected"":0.0,""bond_angles"":0.007462686567164179,""bond_lengths"":0.007462686567164179,""bonds"":0.0,""double_bond_stereochemistry"":0.0,""energy_ratio"":0.0,""file_loads"":0.0,""inchi_convertible"":0.0,""internal_steric_clash"":0.0,""molecular_formula"":0.0,""no_radicals"":0.0,""planar_aromatic_rings"":0.0,""planar_double_bonds"":0.0,""reference_file_loads"":0.0,""sanitisation"":0.0,""tetrahedral_chirality"":0.0}",133,89.24537474673507,1.601283182748131,2.4275960499747584,76.0,57.142857142857146,0.9408941212644868,0.05263157894736842,58.83644881345306,0.022217197128158738,0.7105263157894737,20.0,15.037593984962406,0.7680126698516773,0.2556390977443609,9.981769124256747,0.1395782689807225,0.45,3.0,2.255639097744361,0.7815094688054692,0.6691729323308271,2.359797726231129,0.504324721578382,0.0,2.0,1.5037593984962405,0.3280415664578747,0.9398496240601504,1.2553081582898982,0.8869353835717113,0.0,133,54.59652094240367,85.63214639361419,66.73812919775803,6.3616365350848625,0.6045098360884746,1.3480328485569661,0.0,0.0,1.0,1.0,0.5886872291750392,1.4054685071701292,0.0,0.0,1.0,1.0,989,0,0,0,0,0,134,0,0,0,0,133,134,134,core
4eor_4eor_conf0,generation,qwen_4b_4e_from_bigdata_step20000,chembl_count,4b_4e_from_bigdata_step20000,qwen_4b_4e_from_bigdata_step20000_chembl_count,Qwen 4B 4e from bigdata (step 20000),qwen_4b_4e_from_bigdata_step20000_chembl_count,7,28,199,0.7,199,199,0,1.0,200,199,1,0.995,"{""all_atoms_connected"":0,""bond_angles"":1,""bond_lengths"":1,""bonds"":0,""double_bond_stereochemistry"":0,""energy_ratio"":1,""file_loads"":0,""inchi_convertible"":0,""internal_steric_clash"":1,""molecular_formula"":0,""no_radicals"":0,""planar_aromatic_rings"":0,""planar_double_bonds"":0,""reference_file_loads"":0,""sanitisation"":0,""tetrahedral_chirality"":0}","{""all_atoms_connected"":0.0,""bond_angles"":0.005,""bond_lengths"":0.005,""bonds"":0.0,""double_bond_stereochemistry"":0.0,""energy_ratio"":0.005,""file_loads"":0.0,""inchi_convertible"":0.0,""internal_steric_clash"":0.005,""molecular_formula"":0.0,""no_radicals"":0.0,""planar_aromatic_rings"":0.0,""planar_double_bonds"":0.0,""reference_file_loads"":0.0,""sanitisation"":0.0,""tetrahedral_chirality"":0.0}",199,90.09434231652399,1.533025324190126,2.2364268759691774,94.0,47.23618090452261,0.9180434165958582,0.08040201005025126,64.77643400930003,0.023762026211459317,0.5957446808510638,17.0,8.542713567839195,0.7876841300441088,0.25125628140703515,9.315476791988488,0.15168808868462919,0.17647058823529413,4.0,2.0100502512562812,0.5654415990447721,0.7386934673366834,2.1899276358648287,0.5791520416151107,0.0,1.0,0.5025125628140703,0.0,1.0,1.0,1.0,0.0,199,54.59652094240367,87.25296160294289,67.76989656847275,6.440841646633325,0.768316186559386,1.322500272403936,0.0,0.0,0.0,1.0,0.765437271277985,1.3703613959520295,0.0,0.0,0.0,1.0,989,0,0,0,0,0,200,0,0,0,0,199,200,200,core
4f09_4f09_conf0,generation,qwen_4b_4e_from_bigdata_step20000,fixed,4b_4e_from_bigdata_step20000,qwen_4b_4e_from_bigdata_step20000_fixed,Qwen 4B 4e from bigdata (step 20000),qwen_4b_4e_from_bigdata_step20000_fixed,1,19,946,0.7,946,945,1,0.9989429175475687,1000,946,54,0.946,"{""all_atoms_connected"":0,""bond_angles"":6,""bond_lengths"":8,""bonds"":0,""double_bond_stereochemistry"":0,""energy_ratio"":0,""file_loads"":0,""inchi_convertible"":0,""internal_steric_clash"":44,""molecular_formula"":0,""no_radicals"":0,""planar_aromatic_rings"":0,""planar_double_bonds"":0,""reference_file_loads"":0,""sanitisation"":0,""tetrahedral_chirality"":0}","{""all_atoms_connected"":0.0,""bond_angles"":0.006,""bond_lengths"":0.008,""bonds"":0.0,""double_bond_stereochemistry"":0.0,""energy_ratio"":0.0,""file_loads"":0.0,""inchi_convertible"":0.0,""internal_steric_clash"":0.044,""molecular_formula"":0.0,""no_radicals"":0.0,""planar_aromatic_rings"":0.0,""planar_double_bonds"":0.0,""reference_file_loads"":0.0,""sanitisation"":0.0,""tetrahedral_chirality"":0.0}",946,98.63129396772847,0.7170361682453762,1.107420221332431,13.0,1.3742071881606766,0.79135621291212,0.3044397463002114,7.612476985895265,0.17084285005520072,0.0,3.0,0.3171247357293869,0.7920492126193576,0.5623678646934461,2.387280849116008,0.45900620840391726,0.0,1.0,0.10570824524312897,0.0,1.0,1.0,1.0,0.0,1.0,0.10570824524312897,0.0,1.0,1.0,1.0,0.0,946,77.53100501875603,199.3800083683248,95.55998244268358,13.19721639456368,0.1107894650947543,0.5764632937782976,1.0,1.0,1.0,1.0,0.13993940894277337,0.5773823886849138,1.0,1.0,1.0,1.0,1000,0,0,0,0,0,1000,0,0,0,0,946,1000,1000,core
4f09_4f09_conf0,generation,qwen_4b_4e_from_bigdata_step20000,dynamic,4b_4e_from_bigdata_step20000,qwen_4b_4e_from_bigdata_step20000_dynamic,Qwen 4B 4e from bigdata (step 20000),qwen_4b_4e_from_bigdata_step20000_dynamic,1,19,2,0.7,2,2,0,1.0,2,2,0,1.0,"{""all_atoms_connected"":0,""bond_angles"":0,""bond_lengths"":0,""bonds"":0,""double_bond_stereochemistry"":0,""energy_ratio"":0,""file_loads"":0,""inchi_convertible"":0,""internal_steric_clash"":0,""molecular_formula"":0,""no_radicals"":0,""planar_aromatic_rings"":0,""planar_double_bonds"":0,""reference_file_loads"":0,""sanitisation"":0,""tetrahedral_chirality"":0}","{""all_atoms_connected"":0.0,""bond_angles"":0.0,""bond_lengths"":0.0,""bonds"":0.0,""double_bond_stereochemistry"":0.0,""energy_ratio"":0.0,""file_loads"":0.0,""inchi_convertible"":0.0,""internal_steric_clash"":0.0,""molecular_formula"":0.0,""no_radicals"":0.0,""planar_aromatic_rings"":0.0,""planar_double_bonds"":0.0,""reference_file_loads"":0.0,""sanitisation"":0.0,""tetrahedral_chirality"":0.0}",2,79.81517887982847,0.2025284807127972,0.2025284807127972,1.0,50.0,0.0,1.0,1.0,1.0,0.0,1.0,50.0,0.0,1.0,1.0,1.0,0.0,1.0,50.0,0.0,1.0,1.0,1.0,0.0,1.0,50.0,0.0,1.0,1.0,1.0,0.0,2,88.48865888030147,187.78578195102835,138.1372204156649,49.64856153536344,0.231818914351757,0.2618488924814828,1.0,1.0,1.0,1.0,0.2816342226053749,0.324717200859603,0.0,1.0,1.0,1.0,1000,0,0,0,0,0,2,0,0,0,0,2,2,2,core
4f09_4f09_conf0,generation,qwen_4b_4e_from_bigdata_step20000,chembl_count,4b_4e_from_bigdata_step20000,qwen_4b_4e_from_bigdata_step20000_chembl_count,Qwen 4B 4e from bigdata (step 20000),qwen_4b_4e_from_bigdata_step20000_chembl_count,1,19,2,0.7,2,2,0,1.0,2,2,0,1.0,"{""all_atoms_connected"":0,""bond_angles"":0,""bond_lengths"":0,""bonds"":0,""double_bond_stereochemistry"":0,""energy_ratio"":0,""file_loads"":0,""inchi_convertible"":0,""internal_steric_clash"":0,""molecular_formula"":0,""no_radicals"":0,""planar_aromatic_rings"":0,""planar_double_bonds"":0,""reference_file_loads"":0,""sanitisation"":0,""tetrahedral_chirality"":0}","{""all_atoms_connected"":0.0,""bond_angles"":0.0,""bond_lengths"":0.0,""bonds"":0.0,""double_bond_stereochemistry"":0.0,""energy_ratio"":0.0,""file_loads"":0.0,""inchi_convertible"":0.0,""internal_steric_clash"":0.0,""molecular_formula"":0.0,""no_radicals"":0.0,""planar_aromatic_rings"":0.0,""planar_double_bonds"":0.0,""reference_file_loads"":0.0,""sanitisation"":0.0,""tetrahedral_chirality"":0.0}",2,121.73916163388974,1.1515724755734957,1.1515724755734957,2.0,100.0,1.0,0.5,2.0,0.5,1.0,2.0,100.0,1.0,0.5,2.0,0.5,1.0,1.0,50.0,0.0,1.0,1.0,1.0,0.0,1.0,50.0,0.0,1.0,1.0,1.0,0.0,2,97.56960264249992,115.51403447576735,106.54181855913363,8.972215916633715,0.6798814003287819,0.8044984243582665,0.0,0.0,1.0,1.0,0.6568636501744946,0.8580965939979885,0.0,0.0,1.0,1.0,1000,0,0,0,0,0,2,0,0,0,0,2,2,2,core
4f2w_4f2w_conf0,generation,qwen_4b_4e_from_bigdata_step20000,fixed,4b_4e_from_bigdata_step20000,qwen_4b_4e_from_bigdata_step20000_fixed,Qwen 4B 4e from bigdata (step 20000),qwen_4b_4e_from_bigdata_step20000_fixed,6,20,102,0.7,102,102,0,1.0,997,102,895,0.1023069207622868,"{""all_atoms_connected"":0,""bond_angles"":28,""bond_lengths"":14,""bonds"":0,""double_bond_stereochemistry"":0,""energy_ratio"":10,""file_loads"":0,""inchi_convertible"":0,""internal_steric_clash"":39,""molecular_formula"":0,""no_radicals"":0,""planar_aromatic_rings"":1,""planar_double_bonds"":0,""reference_file_loads"":0,""sanitisation"":0,""tetrahedral_chirality"":887}","{""all_atoms_connected"":0.0,""bond_angles"":0.028084252758274825,""bond_lengths"":0.014042126379137413,""bonds"":0.0,""double_bond_stereochemistry"":0.0,""energy_ratio"":0.010030090270812437,""file_loads"":0.0,""inchi_convertible"":0.0,""internal_steric_clash"":0.03911735205616851,""molecular_formula"":0.0,""no_radicals"":0.0,""planar_aromatic_rings"":0.0010030090270812437,""planar_double_bonds"":0.0,""reference_file_loads"":0.0,""sanitisation"":0.0,""tetrahedral_chirality"":0.8896690070210632}",102,111.8411250888151,1.6423875183895074,2.167541675022473,71.0,69.6078431372549,0.9678437841621432,0.049019607843137254,61.9054501125714,0.01922337562475972,0.7183098591549296,23.0,22.54901960784314,0.8659296774799138,0.23529411764705882,15.106384894429834,0.09727028066128415,0.21739130434782608,2.0,1.9607843137254901,0.8478617451660525,0.7254901960784313,1.7998313717750944,0.6016916570549788,0.0,1.0,0.9803921568627451,0.0,1.0,1.0,1.0,0.0,102,-46.2741373552381,87.30135851778303,-30.767400276194678,20.303191858246052,0.841713490460998,1.7732624650696565,0.0,0.0,0.0,1.0,0.8027788289058284,1.7570710111921963,0.0,0.0,0.0,1.0,997,0,0,0,0,0,997,0,0,0,0,102,1000,1000,core
4f2w_4f2w_conf0,generation,qwen_4b_4e_from_bigdata_step20000,dynamic,4b_4e_from_bigdata_step20000,qwen_4b_4e_from_bigdata_step20000_dynamic,Qwen 4B 4e from bigdata (step 20000),qwen_4b_4e_from_bigdata_step20000_dynamic,6,20,15,0.7,15,15,0,1.0,112,15,97,0.1339285714285714,"{""all_atoms_connected"":0,""bond_angles"":2,""bond_lengths"":0,""bonds"":0,""double_bond_stereochemistry"":0,""energy_ratio"":1,""file_loads"":0,""inchi_convertible"":0,""internal_steric_clash"":5,""molecular_formula"":0,""no_radicals"":0,""planar_aromatic_rings"":0,""planar_double_bonds"":0,""reference_file_loads"":0,""sanitisation"":0,""tetrahedral_chirality"":97}","{""all_atoms_connected"":0.0,""bond_angles"":0.017857142857142856,""bond_lengths"":0.0,""bonds"":0.0,""double_bond_stereochemistry"":0.0,""energy_ratio"":0.008928571428571428,""file_loads"":0.0,""inchi_convertible"":0.0,""internal_steric_clash"":0.044642857142857144,""molecular_formula"":0.0,""no_radicals"":0.0,""planar_aromatic_rings"":0.0,""planar_double_bonds"":0.0,""reference_file_loads"":0.0,""sanitisation"":0.0,""tetrahedral_chirality"":0.8660714285714286}",15,106.73749730063345,1.666967356437901,2.1159751020581394,14.0,93.33333333333333,0.9911230603728026,0.13333333333333333,13.675837328373255,0.07555555555555556,0.9285714285714286,12.0,80.0,0.9641843565827053,0.2,10.978163015357207,0.10222222222222224,0.8333333333333334,2.0,13.333333333333334,0.7219280948873623,0.8,1.6493848884661177,0.6800000000000002,0.0,1.0,6.666666666666667,0.0,1.0,1.0,1.0,0.0,15,-45.69773161036976,87.30135851778303,-20.651032521739324,33.24704110533151,1.0744395067193548,1.7768606392823763,0.0,0.0,0.0,1.0,1.1043633267699264,1.8018902168682198,0.0,0.0,0.0,1.0,997,0,0,0,0,0,112,0,0,0,0,15,112,112,core
4f2w_4f2w_conf0,generation,qwen_4b_4e_from_bigdata_step20000,chembl_count,4b_4e_from_bigdata_step20000,qwen_4b_4e_from_bigdata_step20000_chembl_count,Qwen 4B 4e from bigdata (step 20000),qwen_4b_4e_from_bigdata_step20000_chembl_count,6,20,84,0.7,84,84,0,1.0,800,84,716,0.105,"{""all_atoms_connected"":0,""bond_angles"":20,""bond_lengths"":10,""bonds"":0,""double_bond_stereochemistry"":0,""energy_ratio"":8,""file_loads"":0,""inchi_convertible"":0,""internal_steric_clash"":30,""molecular_formula"":0,""no_radicals"":0,""planar_aromatic_rings"":0,""planar_double_bonds"":0,""reference_file_loads"":0,""sanitisation"":0,""tetrahedral_chirality"":709}","{""all_atoms_connected"":0.0,""bond_angles"":0.025,""bond_lengths"":0.0125,""bonds"":0.0,""double_bond_stereochemistry"":0.0,""energy_ratio"":0.01,""file_loads"":0.0,""inchi_convertible"":0.0,""internal_steric_clash"":0.0375,""molecular_formula"":0.0,""no_radicals"":0.0,""planar_aromatic_rings"":0.0,""planar_double_bonds"":0.0,""reference_file_loads"":0.0,""sanitisation"":0.0,""tetrahedral_chirality"":0.88625}",84,113.11372687531912,1.6256845555259907,2.129566004205431,61.0,72.61904761904762,0.9712019098372145,0.05952380952380952,54.18957506574072,0.021541950113378675,0.7377049180327869,21.0,25.0,0.880228394174906,0.2261904761904762,14.583271678794317,0.0972222222222222,0.19047619047619047,2.0,2.380952380952381,0.8468781063424823,0.7261904761904762,1.7986046533276785,0.6023242630385488,0.0,1.0,1.1904761904761905,0.0,1.0,1.0,1.0,0.0,84,-46.2741373552381,87.30135851778303,-30.767400276194678,19.961233741338546,1.0744395067193548,1.7761339150382072,0.0,0.0,0.0,1.0,1.1043633267699264,1.778984044754166,0.0,0.0,0.0,1.0,997,0,0,0,0,0,800,0,0,0,0,84,800,800,core
4f9w_4f9w_conf0,generation,qwen_4b_4e_from_bigdata_step20000,fixed,4b_4e_from_bigdata_step20000,qwen_4b_4e_from_bigdata_step20000_fixed,Qwen 4B 4e from bigdata (step 20000),qwen_4b_4e_from_bigdata_step20000_fixed,3,25,990,0.7,990,990,0,1.0,999,990,9,0.990990990990991,"{""all_atoms_connected"":0,""bond_angles"":5,""bond_lengths"":7,""bonds"":0,""double_bond_stereochemistry"":0,""energy_ratio"":3,""file_loads"":0,""inchi_convertible"":0,""internal_steric_clash"":4,""molecular_formula"":0,""no_radicals"":0,""planar_aromatic_rings"":3,""planar_double_bonds"":0,""reference_file_loads"":0,""sanitisation"":0,""tetrahedral_chirality"":0}","{""all_atoms_connected"":0.0,""bond_angles"":0.005005005005005005,""bond_lengths"":0.007007007007007007,""bonds"":0.0,""double_bond_stereochemistry"":0.0,""energy_ratio"":0.003003003003003003,""file_loads"":0.0,""inchi_convertible"":0.0,""internal_steric_clash"":0.004004004004004004,""molecular_formula"":0.0,""no_radicals"":0.0,""planar_aromatic_rings"":0.003003003003003003,""planar_double_bonds"":0.0,""reference_file_loads"":0.0,""sanitisation"":0.0,""tetrahedral_chirality"":0.0}",990,101.16341173920637,1.0291745783428272,1.5103516000563404,20.0,2.0202020202020203,0.8557869985400941,0.15151515151515152,12.98388185395613,0.091672278338945,0.05,4.0,0.40404040404040403,0.9698318655330846,0.32727272727272727,3.8361622255751366,0.2705621875318845,0.0,1.0,0.10101010101010101,0.0,1.0,1.0,1.0,0.0,1.0,0.10101010101010101,0.0,1.0,1.0,1.0,0.0,990,84.81848219876275,179.62584595240082,97.70979905787235,6.464902391552715,0.09860879227543687,1.2084730867515612,1.0,1.0,1.0,1.0,0.15435040049149712,1.2094927102737558,1.0,1.0,1.0,1.0,999,0,0,0,0,0,999,0,0,0,0,990,1000,1000,core
4f9w_4f9w_conf0,generation,qwen_4b_4e_from_bigdata_step20000,dynamic,4b_4e_from_bigdata_step20000,qwen_4b_4e_from_bigdata_step20000_dynamic,Qwen 4B 4e from bigdata (step 20000),qwen_4b_4e_from_bigdata_step20000_dynamic,3,25,46,0.7,46,46,0,1.0,46,46,0,1.0,"{""all_atoms_connected"":0,""bond_angles"":0,""bond_lengths"":0,""bonds"":0,""double_bond_stereochemistry"":0,""energy_ratio"":0,""file_loads"":0,""inchi_convertible"":0,""internal_steric_clash"":0,""molecular_formula"":0,""no_radicals"":0,""planar_aromatic_rings"":0,""planar_double_bonds"":0,""reference_file_loads"":0,""sanitisation"":0,""tetrahedral_chirality"":0}","{""all_atoms_connected"":0.0,""bond_angles"":0.0,""bond_lengths"":0.0,""bonds"":0.0,""double_bond_stereochemistry"":0.0,""energy_ratio"":0.0,""file_loads"":0.0,""inchi_convertible"":0.0,""internal_steric_clash"":0.0,""molecular_formula"":0.0,""no_radicals"":0.0,""planar_aromatic_rings"":0.0,""planar_double_bonds"":0.0,""reference_file_loads"":0.0,""sanitisation"":0.0,""tetrahedral_chirality"":0.0}",46,100.9753035311516,1.0357994170789833,1.508106290120237,10.0,21.73913043478261,0.8438732380724343,0.32608695652173914,6.980286336556644,0.1824196597353497,0.3,3.0,6.521739130434782,0.96926004546002,0.41304347826086957,2.90037777821252,0.35444234404536856,0.0,1.0,2.1739130434782608,0.0,1.0,1.0,1.0,0.0,1.0,2.1739130434782608,0.0,1.0,1.0,1.0,0.0,46,87.46572064802865,128.53658853617432,96.81148090444955,6.557659203551095,0.1680899487776081,1.2350866920328012,1.0,1.0,1.0,1.0,0.20814138751698355,1.2312525974131847,1.0,1.0,1.0,1.0,999,0,0,0,0,0,46,0,0,0,0,46,46,46,core
4f9w_4f9w_conf0,generation,qwen_4b_4e_from_bigdata_step20000,chembl_count,4b_4e_from_bigdata_step20000,qwen_4b_4e_from_bigdata_step20000_chembl_count,Qwen 4B 4e from bigdata (step 20000),qwen_4b_4e_from_bigdata_step20000_chembl_count,3,25,4,0.7,4,4,0,1.0,4,4,0,1.0,"{""all_atoms_connected"":0,""bond_angles"":0,""bond_lengths"":0,""bonds"":0,""double_bond_stereochemistry"":0,""energy_ratio"":0,""file_loads"":0,""inchi_convertible"":0,""internal_steric_clash"":0,""molecular_formula"":0,""no_radicals"":0,""planar_aromatic_rings"":0,""planar_double_bonds"":0,""reference_file_loads"":0,""sanitisation"":0,""tetrahedral_chirality"":0}","{""all_atoms_connected"":0.0,""bond_angles"":0.0,""bond_lengths"":0.0,""bonds"":0.0,""double_bond_stereochemistry"":0.0,""energy_ratio"":0.0,""file_loads"":0.0,""inchi_convertible"":0.0,""internal_steric_clash"":0.0,""molecular_formula"":0.0,""no_radicals"":0.0,""planar_aromatic_rings"":0.0,""planar_double_bonds"":0.0,""reference_file_loads"":0.0,""sanitisation"":0.0,""tetrahedral_chirality"":0.0}",4,86.29888252543867,0.801595108368959,1.301122001931932,3.0,75.0,0.946394630357186,0.5,2.82842712474619,0.375,0.6666666666666666,1.0,25.0,0.0,1.0,1.0,1.0,0.0,1.0,25.0,0.0,1.0,1.0,1.0,0.0,1.0,25.0,0.0,1.0,1.0,1.0,0.0,4,90.96370206873401,99.0877185436548,96.81654637756004,3.037926218352711,0.30263302536716,0.3884326492179323,0.0,1.0,1.0,1.0,0.33645044714167516,0.4256125376515054,0.0,1.0,1.0,1.0,999,0,0,0,0,0,4,0,0,0,0,4,4,4,core
4hge_4hge_conf0,generation,qwen_4b_4e_from_bigdata_step20000,fixed,4b_4e_from_bigdata_step20000,qwen_4b_4e_from_bigdata_step20000_fixed,Qwen 4B 4e from bigdata (step 20000),qwen_4b_4e_from_bigdata_step20000_fixed,3,25,910,0.7,910,908,2,0.9978021978021978,998,910,88,0.9118236472945892,"{""all_atoms_connected"":0,""bond_angles"":8,""bond_lengths"":2,""bonds"":0,""double_bond_stereochemistry"":0,""energy_ratio"":4,""file_loads"":0,""inchi_convertible"":0,""internal_steric_clash"":87,""molecular_formula"":0,""no_radicals"":0,""planar_aromatic_rings"":0,""planar_double_bonds"":0,""reference_file_loads"":0,""sanitisation"":0,""tetrahedral_chirality"":0}","{""all_atoms_connected"":0.0,""bond_angles"":0.008016032064128256,""bond_lengths"":0.002004008016032064,""bonds"":0.0,""double_bond_stereochemistry"":0.0,""energy_ratio"":0.004008016032064128,""file_loads"":0.0,""inchi_convertible"":0.0,""internal_steric_clash"":0.0871743486973948,""molecular_formula"":0.0,""no_radicals"":0.0,""planar_aromatic_rings"":0.0,""planar_double_bonds"":0.0,""reference_file_loads"":0.0,""sanitisation"":0.0,""tetrahedral_chirality"":0.0}",910,113.7556464518041,1.7215216665518493,2.465991889773304,130.0,14.285714285714286,0.8207658054736555,0.0978021978021978,54.33159044359701,0.03432194179446927,0.3384615384615385,41.0,4.5054945054945055,0.8114856623000378,0.14835164835164835,20.358743752772597,0.07318922835406351,0.12195121951219512,8.0,0.8791208791208791,0.6647830609061793,0.5252747252747253,3.9843632511099942,0.34203115565752934,0.0,2.0,0.21978021978021978,0.46550244908151295,0.9010989010989011,1.3807981618492973,0.821760656925492,0.0,910,89.23400244588925,198.27477594808312,112.42369222320751,13.729270765241685,0.21872717433718203,1.781135889621239,1.0,1.0,1.0,1.0,0.22020157814764044,1.7773229904028447,1.0,1.0,1.0,1.0,998,0,0,0,0,0,998,0,0,0,0,910,1000,1000,core
4hge_4hge_conf0,generation,qwen_4b_4e_from_bigdata_step20000,dynamic,4b_4e_from_bigdata_step20000,qwen_4b_4e_from_bigdata_step20000_dynamic,Qwen 4B 4e from bigdata (step 20000),qwen_4b_4e_from_bigdata_step20000_dynamic,3,25,38,0.7,38,38,0,1.0,46,38,8,0.8260869565217391,"{""all_atoms_connected"":0,""bond_angles"":1,""bond_lengths"":1,""bonds"":0,""double_bond_stereochemistry"":0,""energy_ratio"":0,""file_loads"":0,""inchi_convertible"":0,""internal_steric_clash"":7,""molecular_formula"":0,""no_radicals"":0,""planar_aromatic_rings"":0,""planar_double_bonds"":0,""reference_file_loads"":0,""sanitisation"":0,""tetrahedral_chirality"":0}","{""all_atoms_connected"":0.0,""bond_angles"":0.021739130434782608,""bond_lengths"":0.021739130434782608,""bonds"":0.0,""double_bond_stereochemistry"":0.0,""energy_ratio"":0.0,""file_loads"":0.0,""inchi_convertible"":0.0,""internal_steric_clash"":0.15217391304347827,""molecular_formula"":0.0,""no_radicals"":0.0,""planar_aromatic_rings"":0.0,""planar_double_bonds"":0.0,""reference_file_loads"":0.0,""sanitisation"":0.0,""tetrahedral_chirality"":0.0}",38,109.73998603128439,1.8052266141508155,2.7047765251109936,25.0,65.78947368421052,0.94018659292957,0.15789473684210525,20.621699493259122,0.06232686980609418,0.72,16.0,42.10526315789474,0.9014136418045365,0.21052631578947367,12.173351961976689,0.10803324099722991,0.375,5.0,13.157894736842104,0.692809339223988,0.5526315789473685,3.049670697127751,0.4016620498614959,0.4,1.0,2.6315789473684212,0.0,1.0,1.0,1.0,0.0,38,97.70414031351564,148.52996027752835,112.21911981267604,11.678716679275395,0.7846250395056799,1.7124806266426118,0.0,0.0,0.0,1.0,0.7692158721756862,1.7075649734040088,0.0,0.0,0.0,1.0,998,0,0,0,0,0,46,0,0,0,0,38,46,46,core
4hge_4hge_conf0,generation,qwen_4b_4e_from_bigdata_step20000,chembl_count,4b_4e_from_bigdata_step20000,qwen_4b_4e_from_bigdata_step20000_chembl_count,Qwen 4B 4e from bigdata (step 20000),qwen_4b_4e_from_bigdata_step20000_chembl_count,3,25,32,0.7,32,32,0,1.0,36,32,4,0.8888888888888888,"{""all_atoms_connected"":0,""bond_angles"":0,""bond_lengths"":0,""bonds"":0,""double_bond_stereochemistry"":0,""energy_ratio"":0,""file_loads"":0,""inchi_convertible"":0,""internal_steric_clash"":4,""molecular_formula"":0,""no_radicals"":0,""planar_aromatic_rings"":0,""planar_double_bonds"":0,""reference_file_loads"":0,""sanitisation"":0,""tetrahedral_chirality"":0}","{""all_atoms_connected"":0.0,""bond_angles"":0.0,""bond_lengths"":0.0,""bonds"":0.0,""double_bond_stereochemistry"":0.0,""energy_ratio"":0.0,""file_loads"":0.0,""inchi_convertible"":0.0,""internal_steric_clash"":0.1111111111111111,""molecular_formula"":0.0,""no_radicals"":0.0,""planar_aromatic_rings"":0.0,""planar_double_bonds"":0.0,""reference_file_loads"":0.0,""sanitisation"":0.0,""tetrahedral_chirality"":0.0}",32,111.6157543842546,1.7960054591574324,2.560387438460885,24.0,75.0,0.9678377956857962,0.125,21.66808875099028,0.052734375,0.75,17.0,53.125,0.9191640324827248,0.1875,13.520239733246004,0.091796875,0.6470588235294118,5.0,15.625,0.6903849610576923,0.625,3.0377944143378994,0.439453125,0.2,1.0,3.125,0.0,1.0,1.0,1.0,0.0,32,96.16018149764196,150.5678517810985,112.63093003454155,12.949242353031268,0.748619395363623,1.8592474925802809,0.0,0.0,1.0,1.0,0.7554863478682851,1.8595059261077755,0.0,0.0,0.0,1.0,998,0,0,0,0,0,36,0,0,0,0,32,36,36,core
4j21_4j21_conf0,generation,qwen_4b_4e_from_bigdata_step20000,fixed,4b_4e_from_bigdata_step20000,qwen_4b_4e_from_bigdata_step20000_fixed,Qwen 4B 4e from bigdata (step 20000),qwen_4b_4e_from_bigdata_step20000_fixed,2,20,1000,0.7,1000,1000,0,1.0,1000,1000,0,1.0,"{""all_atoms_connected"":0,""bond_angles"":0,""bond_lengths"":0,""bonds"":0,""double_bond_stereochemistry"":0,""energy_ratio"":0,""file_loads"":0,""inchi_convertible"":0,""internal_steric_clash"":0,""molecular_formula"":0,""no_radicals"":0,""planar_aromatic_rings"":0,""planar_double_bonds"":0,""reference_file_loads"":0,""sanitisation"":0,""tetrahedral_chirality"":0}","{""all_atoms_connected"":0.0,""bond_angles"":0.0,""bond_lengths"":0.0,""bonds"":0.0,""double_bond_stereochemistry"":0.0,""energy_ratio"":0.0,""file_loads"":0.0,""inchi_convertible"":0.0,""internal_steric_clash"":0.0,""molecular_formula"":0.0,""no_radicals"":0.0,""planar_aromatic_rings"":0.0,""planar_double_bonds"":0.0,""reference_file_loads"":0.0,""sanitisation"":0.0,""tetrahedral_chirality"":0.0}",1000,95.44422704309908,0.9240130919148629,1.5971221072743846,5.0,0.5,0.8702195323448648,0.31,4.057488992382156,0.25285799999999997,0.0,3.0,0.3,0.9128935672373244,0.532,2.7262201550302763,0.39836800000000006,0.0,1.0,0.1,0.0,1.0,1.0,1.0,0.0,1.0,0.1,0.0,1.0,1.0,1.0,0.0,1000,64.68819813265011,85.89407275305055,73.0679183856059,3.616997837733945,0.07666579355467731,0.8305189612343398,1.0,1.0,1.0,1.0,0.08391377905690944,0.8069270216380345,1.0,1.0,1.0,1.0,1000,0,0,0,0,0,1000,0,0,0,0,1000,1000,1000,core
4j21_4j21_conf0,generation,qwen_4b_4e_from_bigdata_step20000,dynamic,4b_4e_from_bigdata_step20000,qwen_4b_4e_from_bigdata_step20000_dynamic,Qwen 4B 4e from bigdata (step 20000),qwen_4b_4e_from_bigdata_step20000_dynamic,2,20,24,0.7,24,24,0,1.0,24,24,0,1.0,"{""all_atoms_connected"":0,""bond_angles"":0,""bond_lengths"":0,""bonds"":0,""double_bond_stereochemistry"":0,""energy_ratio"":0,""file_loads"":0,""inchi_convertible"":0,""internal_steric_clash"":0,""molecular_formula"":0,""no_radicals"":0,""planar_aromatic_rings"":0,""planar_double_bonds"":0,""reference_file_loads"":0,""sanitisation"":0,""tetrahedral_chirality"":0}","{""all_atoms_connected"":0.0,""bond_angles"":0.0,""bond_lengths"":0.0,""bonds"":0.0,""double_bond_stereochemistry"":0.0,""energy_ratio"":0.0,""file_loads"":0.0,""inchi_convertible"":0.0,""internal_steric_clash"":0.0,""molecular_formula"":0.0,""no_radicals"":0.0,""planar_aromatic_rings"":0.0,""planar_double_bonds"":0.0,""reference_file_loads"":0.0,""sanitisation"":0.0,""tetrahedral_chirality"":0.0}",24,97.1552316597469,0.942418545954417,1.5985247875961368,4.0,16.666666666666668,0.966465823449233,0.375,3.818303145806371,0.2743055555555556,0.0,2.0,8.333333333333334,0.9798687566511527,0.5833333333333334,1.9722859800819112,0.513888888888889,0.0,1.0,4.166666666666667,0.0,1.0,1.0,1.0,0.0,1.0,4.166666666666667,0.0,1.0,1.0,1.0,0.0,24,67.44722743600958,79.15674741869037,73.31410544974563,3.215528881065924,0.10398516593617536,0.8000320539918897,1.0,1.0,1.0,1.0,0.11142543434099376,0.7752692681990541,1.0,1.0,1.0,1.0,1000,0,0,0,0,0,24,0,0,0,0,24,24,24,core
4j21_4j21_conf0,generation,qwen_4b_4e_from_bigdata_step20000,chembl_count,4b_4e_from_bigdata_step20000,qwen_4b_4e_from_bigdata_step20000_chembl_count,Qwen 4B 4e from bigdata (step 20000),qwen_4b_4e_from_bigdata_step20000_chembl_count,2,20,3,0.7,3,3,0,1.0,3,3,0,1.0,"{""all_atoms_connected"":0,""bond_angles"":0,""bond_lengths"":0,""bonds"":0,""double_bond_stereochemistry"":0,""energy_ratio"":0,""file_loads"":0,""inchi_convertible"":0,""internal_steric_clash"":0,""molecular_formula"":0,""no_radicals"":0,""planar_aromatic_rings"":0,""planar_double_bonds"":0,""reference_file_loads"":0,""sanitisation"":0,""tetrahedral_chirality"":0}","{""all_atoms_connected"":0.0,""bond_angles"":0.0,""bond_lengths"":0.0,""bonds"":0.0,""double_bond_stereochemistry"":0.0,""energy_ratio"":0.0,""file_loads"":0.0,""inchi_convertible"":0.0,""internal_steric_clash"":0.0,""molecular_formula"":0.0,""no_radicals"":0.0,""planar_aromatic_rings"":0.0,""planar_double_bonds"":0.0,""reference_file_loads"":0.0,""sanitisation"":0.0,""tetrahedral_chirality"":0.0}",3,110.30472255759472,1.1450789871236593,1.5073076763034376,3.0,100.0,0.9999999999999998,0.3333333333333333,2.9999999999999996,0.3333333333333333,1.0,2.0,66.66666666666667,0.9182958340544894,0.6666666666666666,1.8898815748423097,0.5555555555555556,0.5,1.0,33.333333333333336,0.0,1.0,1.0,1.0,0.0,1.0,33.333333333333336,0.0,1.0,1.0,1.0,0.0,3,66.19146602409594,72.04156892620028,68.09467507937491,2.43638803038463,0.0919978509214077,1.250587838435176,1.0,1.0,1.0,1.0,0.11276356176581619,1.25433917225146,1.0,1.0,1.0,1.0,1000,0,0,0,0,0,3,0,0,0,0,3,3,3,core
4j3l_4j3l_conf0,generation,qwen_4b_4e_from_bigdata_step20000,fixed,4b_4e_from_bigdata_step20000,qwen_4b_4e_from_bigdata_step20000_fixed,Qwen 4B 4e from bigdata (step 20000),qwen_4b_4e_from_bigdata_step20000_fixed,5,26,990,0.7,990,990,0,1.0,1000,990,10,0.99,"{""all_atoms_connected"":0,""bond_angles"":9,""bond_lengths"":4,""bonds"":0,""double_bond_stereochemistry"":0,""energy_ratio"":3,""file_loads"":0,""inchi_convertible"":0,""internal_steric_clash"":3,""molecular_formula"":0,""no_radicals"":0,""planar_aromatic_rings"":3,""planar_double_bonds"":0,""reference_file_loads"":0,""sanitisation"":0,""tetrahedral_chirality"":0}","{""all_atoms_connected"":0.0,""bond_angles"":0.009,""bond_lengths"":0.004,""bonds"":0.0,""double_bond_stereochemistry"":0.0,""energy_ratio"":0.003,""file_loads"":0.0,""inchi_convertible"":0.0,""internal_steric_clash"":0.003,""molecular_formula"":0.0,""no_radicals"":0.0,""planar_aromatic_rings"":0.003,""planar_double_bonds"":0.0,""reference_file_loads"":0.0,""sanitisation"":0.0,""tetrahedral_chirality"":0.0}",990,90.42274497491836,1.458736534468561,1.9202280188840852,183.0,18.484848484848484,0.9339573558612998,0.03636363636363636,129.72773559829787,0.009919395980002042,0.20765027322404372,24.0,2.4242424242424243,0.9334820477069926,0.10202020202020202,19.426851310577344,0.057375777981838585,0.041666666666666664,2.0,0.20202020202020202,0.9564574047992596,0.6222222222222222,1.9405389688048973,0.5298765432098765,0.0,1.0,0.10101010101010101,0.0,1.0,1.0,1.0,0.0,990,70.99908736143587,606029.3139689934,85.19392374511979,19248.422097997274,0.4245002490388426,1.5950553085764683,0.0,1.0,1.0,1.0,0.393603531492613,1.6072550357560615,0.0,1.0,1.0,1.0,1000,0,0,0,0,0,1000,0,0,0,0,990,1000,1000,core
4j3l_4j3l_conf0,generation,qwen_4b_4e_from_bigdata_step20000,dynamic,4b_4e_from_bigdata_step20000,qwen_4b_4e_from_bigdata_step20000_dynamic,Qwen 4B 4e from bigdata (step 20000),qwen_4b_4e_from_bigdata_step20000_dynamic,5,26,88,0.7,88,88,0,1.0,90,88,2,0.9777777777777776,"{""all_atoms_connected"":0,""bond_angles"":2,""bond_lengths"":0,""bonds"":0,""double_bond_stereochemistry"":0,""energy_ratio"":1,""file_loads"":0,""inchi_convertible"":0,""internal_steric_clash"":1,""molecular_formula"":0,""no_radicals"":0,""planar_aromatic_rings"":1,""planar_double_bonds"":0,""reference_file_loads"":0,""sanitisation"":0,""tetrahedral_chirality"":0}","{""all_atoms_connected"":0.0,""bond_angles"":0.022222222222222223,""bond_lengths"":0.0,""bonds"":0.0,""double_bond_stereochemistry"":0.0,""energy_ratio"":0.011111111111111112,""file_loads"":0.0,""inchi_convertible"":0.0,""internal_steric_clash"":0.011111111111111112,""molecular_formula"":0.0,""no_radicals"":0.0,""planar_aromatic_rings"":0.011111111111111112,""planar_double_bonds"":0.0,""reference_file_loads"":0.0,""sanitisation"":0.0,""tetrahedral_chirality"":0.0}",88,92.87742510982996,1.4499462767378395,1.9102969136090016,61.0,69.31818181818181,0.9722277877232144,0.045454545454545456,54.418588865210296,0.020919421487603305,0.6885245901639344,16.0,18.181818181818183,0.9474626379294111,0.17045454545454544,13.831162861316725,0.08367768595041322,0.0,2.0,2.272727272727273,0.9906649266228327,0.5568181818181818,1.9871006186610443,0.5064566115702479,0.0,1.0,1.1363636363636365,0.0,1.0,1.0,1.0,0.0,88,74.25483353296266,103.77609298952991,85.54772072917326,5.905778121827258,0.6688173795433016,1.544056570294817,0.0,0.0,1.0,1.0,0.5699290924174395,1.5637117283918447,0.0,0.0,1.0,1.0,1000,0,0,0,0,0,90,0,0,0,0,88,90,90,core
4j3l_4j3l_conf0,generation,qwen_4b_4e_from_bigdata_step20000,chembl_count,4b_4e_from_bigdata_step20000,qwen_4b_4e_from_bigdata_step20000_chembl_count,Qwen 4B 4e from bigdata (step 20000),qwen_4b_4e_from_bigdata_step20000_chembl_count,5,26,113,0.7,113,113,0,1.0,114,113,1,0.9912280701754386,"{""all_atoms_connected"":0,""bond_angles"":1,""bond_lengths"":1,""bonds"":0,""double_bond_stereochemistry"":0,""energy_ratio"":0,""file_loads"":0,""inchi_convertible"":0,""internal_steric_clash"":0,""molecular_formula"":0,""no_radicals"":0,""planar_aromatic_rings"":0,""planar_double_bonds"":0,""reference_file_loads"":0,""sanitisation"":0,""tetrahedral_chirality"":0}","{""all_atoms_connected"":0.0,""bond_angles"":0.008771929824561403,""bond_lengths"":0.008771929824561403,""bonds"":0.0,""double_bond_stereochemistry"":0.0,""energy_ratio"":0.0,""file_loads"":0.0,""inchi_convertible"":0.0,""internal_steric_clash"":0.0,""molecular_formula"":0.0,""no_radicals"":0.0,""planar_aromatic_rings"":0.0,""planar_double_bonds"":0.0,""reference_file_loads"":0.0,""sanitisation"":0.0,""tetrahedral_chirality"":0.0}",113,88.70529932010616,1.4766854076816742,1.9539967587752947,68.0,60.176991150442475,0.9627138058989435,0.061946902654867256,58.100735435160004,0.020596757772730828,0.6029411764705882,16.0,14.15929203539823,0.9642840693572716,0.12389380530973451,14.49151253648494,0.07479050826219752,0.0,2.0,1.7699115044247788,0.8349135582554505,0.7345132743362832,1.7837501589448468,0.6099929516798497,0.0,1.0,0.8849557522123894,0.0,1.0,1.0,1.0,0.0,113,73.86549075290868,112.08816422535278,85.81020622279695,6.782996702585044,0.5200841155478978,1.643515197178423,0.0,0.0,1.0,1.0,0.4300018611045305,1.6500310612315425,0.0,1.0,1.0,1.0,1000,0,0,0,0,0,114,0,0,0,0,113,114,114,core
4jsz_4jsz_conf0,generation,qwen_4b_4e_from_bigdata_step20000,fixed,4b_4e_from_bigdata_step20000,qwen_4b_4e_from_bigdata_step20000_fixed,Qwen 4B 4e from bigdata (step 20000),qwen_4b_4e_from_bigdata_step20000_fixed,2,10,992,0.7,992,992,0,1.0,999,992,7,0.992992992992993,"{""all_atoms_connected"":0,""bond_angles"":1,""bond_lengths"":1,""bonds"":0,""double_bond_stereochemistry"":0,""energy_ratio"":1,""file_loads"":0,""inchi_convertible"":0,""internal_steric_clash"":6,""molecular_formula"":0,""no_radicals"":0,""planar_aromatic_rings"":1,""planar_double_bonds"":0,""reference_file_loads"":0,""sanitisation"":0,""tetrahedral_chirality"":0}","{""all_atoms_connected"":0.0,""bond_angles"":0.001001001001001001,""bond_lengths"":0.001001001001001001,""bonds"":0.0,""double_bond_stereochemistry"":0.0,""energy_ratio"":0.001001001001001001,""file_loads"":0.0,""inchi_convertible"":0.0,""internal_steric_clash"":0.006006006006006006,""molecular_formula"":0.0,""no_radicals"":0.0,""planar_aromatic_rings"":0.001001001001001001,""planar_double_bonds"":0.0,""reference_file_loads"":0.0,""sanitisation"":0.0,""tetrahedral_chirality"":0.0}",992,95.76916771791834,0.36259373941531636,0.7494689279258158,3.0,0.3024193548387097,0.4383628680014128,0.8205645161290323,1.6186473538111834,0.7048078173777315,0.0,1.0,0.10080645161290322,0.0,1.0,1.0,1.0,0.0,1.0,0.10080645161290322,0.0,1.0,1.0,1.0,0.0,1.0,0.10080645161290322,0.0,1.0,1.0,1.0,0.0,992,13.006995303191914,68.76448344844532,19.611393514302545,4.076739565023019,0.09612003816585658,0.5070065273391948,1.0,1.0,1.0,1.0,0.3107713423336666,0.5299563747775091,0.0,1.0,1.0,1.0,999,0,0,0,0,0,999,0,0,0,0,992,1000,1000,core
4jsz_4jsz_conf0,generation,qwen_4b_4e_from_bigdata_step20000,dynamic,4b_4e_from_bigdata_step20000,qwen_4b_4e_from_bigdata_step20000_dynamic,Qwen 4B 4e from bigdata (step 20000),qwen_4b_4e_from_bigdata_step20000_dynamic,2,10,24,0.7,24,24,0,1.0,24,24,0,1.0,"{""all_atoms_connected"":0,""bond_angles"":0,""bond_lengths"":0,""bonds"":0,""double_bond_stereochemistry"":0,""energy_ratio"":0,""file_loads"":0,""inchi_convertible"":0,""internal_steric_clash"":0,""molecular_formula"":0,""no_radicals"":0,""planar_aromatic_rings"":0,""planar_double_bonds"":0,""reference_file_loads"":0,""sanitisation"":0,""tetrahedral_chirality"":0}","{""all_atoms_connected"":0.0,""bond_angles"":0.0,""bond_lengths"":0.0,""bonds"":0.0,""double_bond_stereochemistry"":0.0,""energy_ratio"":0.0,""file_loads"":0.0,""inchi_convertible"":0.0,""internal_steric_clash"":0.0,""molecular_formula"":0.0,""no_radicals"":0.0,""planar_aromatic_rings"":0.0,""planar_double_bonds"":0.0,""reference_file_loads"":0.0,""sanitisation"":0.0,""tetrahedral_chirality"":0.0}",24,79.79529189954472,0.28154150201586864,0.7159546385403944,2.0,8.333333333333334,0.4138168503036338,0.9166666666666666,1.3322056912494478,0.8472222222222221,0.0,1.0,4.166666666666667,0.0,1.0,1.0,1.0,0.0,1.0,4.166666666666667,0.0,1.0,1.0,1.0,0.0,1.0,4.166666666666667,0.0,1.0,1.0,1.0,0.0,24,14.47590596633351,28.652069229428317,19.84367142198024,3.3943890676868085,0.2630805064563544,0.5492063355905792,0.0,1.0,1.0,1.0,0.3234858473607957,0.5161801905785854,0.0,1.0,1.0,1.0,999,0,0,0,0,0,24,0,0,0,0,24,24,24,core
4jsz_4jsz_conf0,generation,qwen_4b_4e_from_bigdata_step20000,chembl_count,4b_4e_from_bigdata_step20000,qwen_4b_4e_from_bigdata_step20000_chembl_count,Qwen 4B 4e from bigdata (step 20000),qwen_4b_4e_from_bigdata_step20000_chembl_count,2,10,2,0.7,2,2,0,1.0,2,2,0,1.0,"{""all_atoms_connected"":0,""bond_angles"":0,""bond_lengths"":0,""bonds"":0,""double_bond_stereochemistry"":0,""energy_ratio"":0,""file_loads"":0,""inchi_convertible"":0,""internal_steric_clash"":0,""molecular_formula"":0,""no_radicals"":0,""planar_aromatic_rings"":0,""planar_double_bonds"":0,""reference_file_loads"":0,""sanitisation"":0,""tetrahedral_chirality"":0}","{""all_atoms_connected"":0.0,""bond_angles"":0.0,""bond_lengths"":0.0,""bonds"":0.0,""double_bond_stereochemistry"":0.0,""energy_ratio"":0.0,""file_loads"":0.0,""inchi_convertible"":0.0,""internal_steric_clash"":0.0,""molecular_formula"":0.0,""no_radicals"":0.0,""planar_aromatic_rings"":0.0,""planar_double_bonds"":0.0,""reference_file_loads"":0.0,""sanitisation"":0.0,""tetrahedral_chirality"":0.0}",2,17.08907503658338,0.3900075459914186,0.3900075459914186,1.0,50.0,0.0,1.0,1.0,1.0,0.0,1.0,50.0,0.0,1.0,1.0,1.0,0.0,1.0,50.0,0.0,1.0,1.0,1.0,0.0,1.0,50.0,0.0,1.0,1.0,1.0,0.0,2,20.39898333052234,20.83947097455706,20.6192271525397,0.22024382201735904,0.38740800948246745,0.5679294793862079,0.0,1.0,1.0,1.0,0.39762055532456453,0.517832256492017,0.0,1.0,1.0,1.0,999,0,0,0,0,0,2,0,0,0,0,2,2,2,core
4jxs_4jxs_conf0,generation,qwen_4b_4e_from_bigdata_step20000,fixed,4b_4e_from_bigdata_step20000,qwen_4b_4e_from_bigdata_step20000_fixed,Qwen 4B 4e from bigdata (step 20000),qwen_4b_4e_from_bigdata_step20000_fixed,6,22,994,0.7,994,994,0,1.0,1000,994,6,0.994,"{""all_atoms_connected"":0,""bond_angles"":1,""bond_lengths"":1,""bonds"":0,""double_bond_stereochemistry"":0,""energy_ratio"":0,""file_loads"":0,""inchi_convertible"":0,""internal_steric_clash"":4,""molecular_formula"":0,""no_radicals"":0,""planar_aromatic_rings"":0,""planar_double_bonds"":0,""reference_file_loads"":0,""sanitisation"":0,""tetrahedral_chirality"":0}","{""all_atoms_connected"":0.0,""bond_angles"":0.001,""bond_lengths"":0.001,""bonds"":0.0,""double_bond_stereochemistry"":0.0,""energy_ratio"":0.0,""file_loads"":0.0,""inchi_convertible"":0.0,""internal_steric_clash"":0.004,""molecular_formula"":0.0,""no_radicals"":0.0,""planar_aromatic_rings"":0.0,""planar_double_bonds"":0.0,""reference_file_loads"":0.0,""sanitisation"":0.0,""tetrahedral_chirality"":0.0}",994,102.72626793644558,1.6165341947298637,2.3141264164983237,411.0,41.34808853118712,0.9473446696979697,0.023138832997987926,299.3705790626842,0.004752863255994721,0.4793187347931874,44.0,4.426559356136821,0.880332308212367,0.096579476861167,27.97592713323178,0.045994275512228296,0.06818181818181818,4.0,0.4024144869215292,0.540016597513743,0.778672032193159,2.114084723622507,0.6260844746547696,0.0,2.0,0.2012072434607646,0.3484886367370005,0.9346076458752515,1.2732261003399465,0.8777676117064559,0.0,994,22.035662316688313,174.05851817783008,47.83338150386794,14.176081319852639,0.4410203747812478,1.5294586264701815,0.0,1.0,1.0,1.0,0.45479685588823987,1.5318660187674507,0.0,1.0,1.0,1.0,1000,0,0,0,0,0,1000,0,0,0,0,994,1000,1000,core
4jxs_4jxs_conf0,generation,qwen_4b_4e_from_bigdata_step20000,dynamic,4b_4e_from_bigdata_step20000,qwen_4b_4e_from_bigdata_step20000_dynamic,Qwen 4B 4e from bigdata (step 20000),qwen_4b_4e_from_bigdata_step20000_dynamic,6,22,112,0.7,112,112,0,1.0,112,112,0,1.0,"{""all_atoms_connected"":0,""bond_angles"":0,""bond_lengths"":0,""bonds"":0,""double_bond_stereochemistry"":0,""energy_ratio"":0,""file_loads"":0,""inchi_convertible"":0,""internal_steric_clash"":0,""molecular_formula"":0,""no_radicals"":0,""planar_aromatic_rings"":0,""planar_double_bonds"":0,""reference_file_loads"":0,""sanitisation"":0,""tetrahedral_chirality"":0}","{""all_atoms_connected"":0.0,""bond_angles"":0.0,""bond_lengths"":0.0,""bonds"":0.0,""double_bond_stereochemistry"":0.0,""energy_ratio"":0.0,""file_loads"":0.0,""inchi_convertible"":0.0,""internal_steric_clash"":0.0,""molecular_formula"":0.0,""no_radicals"":0.0,""planar_aromatic_rings"":0.0,""planar_double_bonds"":0.0,""reference_file_loads"":0.0,""sanitisation"":0.0,""tetrahedral_chirality"":0.0}",112,106.0988935042372,1.6261691576293973,2.2305131432025407,96.0,85.71428571428571,0.9893603142988638,0.026785714285714284,91.44932203274318,0.0116390306122449,0.84375,26.0,23.214285714285715,0.9249962006927408,0.09821428571428571,20.363150495174196,0.0585140306122449,0.19230769230769232,4.0,3.5714285714285716,0.6717552711902438,0.5714285714285714,2.5376806767763482,0.44818239795918363,0.25,1.0,0.8928571428571429,0.0,1.0,1.0,1.0,0.0,112,26.85122685668999,157.67547093092014,49.63298393004346,16.79268893364772,0.687413892774952,1.5085631735283678,0.0,0.0,1.0,1.0,0.5561450054432938,1.5296288436954422,0.0,0.0,1.0,1.0,1000,0,0,0,0,0,112,0,0,0,0,112,112,112,core
4jxs_4jxs_conf0,generation,qwen_4b_4e_from_bigdata_step20000,chembl_count,4b_4e_from_bigdata_step20000,qwen_4b_4e_from_bigdata_step20000_chembl_count,Qwen 4B 4e from bigdata (step 20000),qwen_4b_4e_from_bigdata_step20000_chembl_count,6,22,32,0.7,32,32,0,1.0,32,32,0,1.0,"{""all_atoms_connected"":0,""bond_angles"":0,""bond_lengths"":0,""bonds"":0,""double_bond_stereochemistry"":0,""energy_ratio"":0,""file_loads"":0,""inchi_convertible"":0,""internal_steric_clash"":0,""molecular_formula"":0,""no_radicals"":0,""planar_aromatic_rings"":0,""planar_double_bonds"":0,""reference_file_loads"":0,""sanitisation"":0,""tetrahedral_chirality"":0}","{""all_atoms_connected"":0.0,""bond_angles"":0.0,""bond_lengths"":0.0,""bonds"":0.0,""double_bond_stereochemistry"":0.0,""energy_ratio"":0.0,""file_loads"":0.0,""inchi_convertible"":0.0,""internal_steric_clash"":0.0,""molecular_formula"":0.0,""no_radicals"":0.0,""planar_aromatic_rings"":0.0,""planar_double_bonds"":0.0,""reference_file_loads"":0.0,""sanitisation"":0.0,""tetrahedral_chirality"":0.0}",32,105.35989114843164,1.7624005523759332,2.3917108334916897,31.0,96.875,0.9966298649991178,0.0625,30.643304982354326,0.033203125,0.967741935483871,18.0,56.25,0.9201358463331056,0.15625,14.289638063567002,0.087890625,0.6666666666666666,4.0,12.5,0.8763102037360371,0.5,3.3697005876788237,0.341796875,0.0,1.0,3.125,0.0,1.0,1.0,1.0,0.0,32,22.035662316688313,174.05851817783008,49.35970701717129,25.92859929455987,0.6841357959940366,1.653913933968342,0.0,0.0,1.0,1.0,0.7237541592268605,1.6284413069402475,0.0,0.0,1.0,1.0,1000,0,0,0,0,0,32,0,0,0,0,32,32,32,core
4k18_4k18_conf0,generation,qwen_4b_4e_from_bigdata_step20000,fixed,4b_4e_from_bigdata_step20000,qwen_4b_4e_from_bigdata_step20000_fixed,Qwen 4B 4e from bigdata (step 20000),qwen_4b_4e_from_bigdata_step20000_fixed,5,29,956,0.7,956,954,2,0.997907949790795,999,956,43,0.9569569569569568,"{""all_atoms_connected"":0,""bond_angles"":16,""bond_lengths"":6,""bonds"":0,""double_bond_stereochemistry"":0,""energy_ratio"":7,""file_loads"":0,""inchi_convertible"":0,""internal_steric_clash"":41,""molecular_formula"":0,""no_radicals"":0,""planar_aromatic_rings"":3,""planar_double_bonds"":0,""reference_file_loads"":0,""sanitisation"":0,""tetrahedral_chirality"":0}","{""all_atoms_connected"":0.0,""bond_angles"":0.016016016016016016,""bond_lengths"":0.006006006006006006,""bonds"":0.0,""double_bond_stereochemistry"":0.0,""energy_ratio"":0.007007007007007007,""file_loads"":0.0,""inchi_convertible"":0.0,""internal_steric_clash"":0.04104104104104104,""molecular_formula"":0.0,""no_radicals"":0.0,""planar_aromatic_rings"":0.003003003003003003,""planar_double_bonds"":0.0,""reference_file_loads"":0.0,""sanitisation"":0.0,""tetrahedral_chirality"":0.0}",956,107.38690079503503,1.8787983787448583,2.8798925982252297,151.0,15.794979079497908,0.8057628712627309,0.08158995815899582,56.98213554619224,0.032328303075926546,0.423841059602649,39.0,4.079497907949791,0.7137832290063718,0.19769874476987448,13.667064145608961,0.11014994485390663,0.10256410256410256,6.0,0.6276150627615062,0.7982886282948155,0.4341004184100418,4.180125244656664,0.2863373365312232,0.0,2.0,0.20920502092050208,0.8162140758288353,0.7468619246861925,1.7607792828378201,0.6218816197195427,0.0,956,91.56799623315239,2397.004837040969,111.56589798008415,75.31828917874878,0.23013407300952235,1.5507267900733437,1.0,1.0,1.0,1.0,0.2121593536781945,1.5570221782490186,1.0,1.0,1.0,1.0,999,0,0,0,0,0,999,0,0,0,0,956,1000,1000,core
4k18_4k18_conf0,generation,qwen_4b_4e_from_bigdata_step20000,dynamic,4b_4e_from_bigdata_step20000,qwen_4b_4e_from_bigdata_step20000_dynamic,Qwen 4B 4e from bigdata (step 20000),qwen_4b_4e_from_bigdata_step20000_dynamic,5,29,86,0.7,86,86,0,1.0,90,86,4,0.9555555555555556,"{""all_atoms_connected"":0,""bond_angles"":1,""bond_lengths"":0,""bonds"":0,""double_bond_stereochemistry"":0,""energy_ratio"":0,""file_loads"":0,""inchi_convertible"":0,""internal_steric_clash"":4,""molecular_formula"":0,""no_radicals"":0,""planar_aromatic_rings"":0,""planar_double_bonds"":0,""reference_file_loads"":0,""sanitisation"":0,""tetrahedral_chirality"":0}","{""all_atoms_connected"":0.0,""bond_angles"":0.011111111111111112,""bond_lengths"":0.0,""bonds"":0.0,""double_bond_stereochemistry"":0.0,""energy_ratio"":0.0,""file_loads"":0.0,""inchi_convertible"":0.0,""internal_steric_clash"":0.044444444444444446,""molecular_formula"":0.0,""no_radicals"":0.0,""planar_aromatic_rings"":0.0,""planar_double_bonds"":0.0,""reference_file_loads"":0.0,""sanitisation"":0.0,""tetrahedral_chirality"":0.0}",86,107.02068961552118,1.7659764390852133,2.755393792328309,39.0,45.348837209302324,0.916039584095413,0.10465116279069768,28.673331840629096,0.0462412114656571,0.5897435897435898,13.0,15.116279069767442,0.8643091053204582,0.19767441860465115,9.17891571975355,0.13061114115738237,0.23076923076923078,4.0,4.651162790697675,0.7867521191889372,0.45348837209302323,2.9762675825815914,0.36208761492698754,0.25,1.0,1.1627906976744187,0.0,1.0,1.0,1.0,0.0,86,93.80566889674088,186.70321839631066,112.71455137394518,13.941843423285691,0.338449309247496,1.4481357851068541,0.0,1.0,1.0,1.0,0.33639283051364544,1.4514133080765523,0.0,1.0,1.0,1.0,999,0,0,0,0,0,90,0,0,0,0,86,90,90,core
4k18_4k18_conf0,generation,qwen_4b_4e_from_bigdata_step20000,chembl_count,4b_4e_from_bigdata_step20000,qwen_4b_4e_from_bigdata_step20000_chembl_count,Qwen 4B 4e from bigdata (step 20000),qwen_4b_4e_from_bigdata_step20000_chembl_count,5,29,106,0.7,106,105,1,0.9905660377358491,109,106,3,0.9724770642201837,"{""all_atoms_connected"":0,""bond_angles"":2,""bond_lengths"":0,""bonds"":0,""double_bond_stereochemistry"":0,""energy_ratio"":0,""file_loads"":0,""inchi_convertible"":0,""internal_steric_clash"":2,""molecular_formula"":0,""no_radicals"":0,""planar_aromatic_rings"":0,""planar_double_bonds"":0,""reference_file_loads"":0,""sanitisation"":0,""tetrahedral_chirality"":0}","{""all_atoms_connected"":0.0,""bond_angles"":0.01834862385321101,""bond_lengths"":0.0,""bonds"":0.0,""double_bond_stereochemistry"":0.0,""energy_ratio"":0.0,""file_loads"":0.0,""inchi_convertible"":0.0,""internal_steric_clash"":0.01834862385321101,""molecular_formula"":0.0,""no_radicals"":0.0,""planar_aromatic_rings"":0.0,""planar_double_bonds"":0.0,""reference_file_loads"":0.0,""sanitisation"":0.0,""tetrahedral_chirality"":0.0}",106,108.2628279190889,1.8209010811512265,2.8434113969225887,47.0,44.339622641509436,0.9083765804131096,0.08490566037735849,33.028932260558015,0.04111783552865786,0.6170212765957447,20.0,18.867924528301888,0.8548562688089989,0.18867924528301888,12.947730395110602,0.09985760056959772,0.3,4.0,3.7735849056603774,0.8390846994802349,0.5094339622641509,3.2002162555813225,0.36276254894980414,0.0,1.0,0.9433962264150944,0.0,1.0,1.0,1.0,0.0,106,98.38720916277157,385.3734744022474,112.58319601003463,28.013335666580016,0.31339854196909794,1.4372207836656505,0.0,1.0,1.0,1.0,0.28917049985028587,1.4267260753918185,0.0,1.0,1.0,1.0,999,0,0,0,0,0,109,0,0,0,0,106,109,109,core
4k77_4k77_conf0,generation,qwen_4b_4e_from_bigdata_step20000,fixed,4b_4e_from_bigdata_step20000,qwen_4b_4e_from_bigdata_step20000_fixed,Qwen 4B 4e from bigdata (step 20000),qwen_4b_4e_from_bigdata_step20000_fixed,2,18,996,0.7,996,996,0,1.0,1000,996,4,0.996,"{""all_atoms_connected"":0,""bond_angles"":2,""bond_lengths"":3,""bonds"":0,""double_bond_stereochemistry"":0,""energy_ratio"":0,""file_loads"":0,""inchi_convertible"":0,""internal_steric_clash"":0,""molecular_formula"":0,""no_radicals"":0,""planar_aromatic_rings"":0,""planar_double_bonds"":0,""reference_file_loads"":0,""sanitisation"":0,""tetrahedral_chirality"":0}","{""all_atoms_connected"":0.0,""bond_angles"":0.002,""bond_lengths"":0.003,""bonds"":0.0,""double_bond_stereochemistry"":0.0,""energy_ratio"":0.0,""file_loads"":0.0,""inchi_convertible"":0.0,""internal_steric_clash"":0.0,""molecular_formula"":0.0,""no_radicals"":0.0,""planar_aromatic_rings"":0.0,""planar_double_bonds"":0.0,""reference_file_loads"":0.0,""sanitisation"":0.0,""tetrahedral_chirality"":0.0}",996,119.20654625181527,0.8084036140805614,1.182267376310809,41.0,4.116465863453815,0.8194019656445989,0.178714859437751,20.9661294233079,0.07059765165077983,0.0975609756097561,5.0,0.5020080321285141,0.6657770809870229,0.5993975903614458,2.919834321243322,0.4324123804454767,0.0,1.0,0.10040160642570281,0.0,1.0,1.0,1.0,0.0,1.0,0.10040160642570281,0.0,1.0,1.0,1.0,0.0,996,10.134627711152811,72.50766966879613,27.651116246539956,7.905091336936318,0.07457785886778158,0.6661384659169691,1.0,1.0,1.0,1.0,0.10542175755114085,0.6858118670319748,1.0,1.0,1.0,1.0,1000,0,0,0,0,0,1000,0,0,0,0,996,1000,1000,core
4k77_4k77_conf0,generation,qwen_4b_4e_from_bigdata_step20000,dynamic,4b_4e_from_bigdata_step20000,qwen_4b_4e_from_bigdata_step20000_dynamic,Qwen 4B 4e from bigdata (step 20000),qwen_4b_4e_from_bigdata_step20000_dynamic,2,18,24,0.7,24,24,0,1.0,24,24,0,1.0,"{""all_atoms_connected"":0,""bond_angles"":0,""bond_lengths"":0,""bonds"":0,""double_bond_stereochemistry"":0,""energy_ratio"":0,""file_loads"":0,""inchi_convertible"":0,""internal_steric_clash"":0,""molecular_formula"":0,""no_radicals"":0,""planar_aromatic_rings"":0,""planar_double_bonds"":0,""reference_file_loads"":0,""sanitisation"":0,""tetrahedral_chirality"":0}","{""all_atoms_connected"":0.0,""bond_angles"":0.0,""bond_lengths"":0.0,""bonds"":0.0,""double_bond_stereochemistry"":0.0,""energy_ratio"":0.0,""file_loads"":0.0,""inchi_convertible"":0.0,""internal_steric_clash"":0.0,""molecular_formula"":0.0,""no_radicals"":0.0,""planar_aromatic_rings"":0.0,""planar_double_bonds"":0.0,""reference_file_loads"":0.0,""sanitisation"":0.0,""tetrahedral_chirality"":0.0}",24,121.88603136752023,0.7586892132829391,1.0393187906952708,12.0,50.0,0.9260274924386706,0.20833333333333334,9.985078951503253,0.11805555555555554,0.5,2.0,8.333333333333334,0.9182958340544894,0.6666666666666666,1.8898815748423097,0.5555555555555556,0.0,1.0,4.166666666666667,0.0,1.0,1.0,1.0,0.0,1.0,4.166666666666667,0.0,1.0,1.0,1.0,0.0,24,15.18576337885968,43.74437227067104,27.343711075795255,6.668584255090045,0.3060009884108251,0.5514960701697998,0.0,1.0,1.0,1.0,0.32427574568349343,0.5815639087715417,0.0,1.0,1.0,1.0,1000,0,0,0,0,0,24,0,0,0,0,24,24,24,core
4k77_4k77_conf0,generation,qwen_4b_4e_from_bigdata_step20000,chembl_count,4b_4e_from_bigdata_step20000,qwen_4b_4e_from_bigdata_step20000_chembl_count,Qwen 4B 4e from bigdata (step 20000),qwen_4b_4e_from_bigdata_step20000_chembl_count,2,18,5,0.7,5,5,0,1.0,5,5,0,1.0,"{""all_atoms_connected"":0,""bond_angles"":0,""bond_lengths"":0,""bonds"":0,""double_bond_stereochemistry"":0,""energy_ratio"":0,""file_loads"":0,""inchi_convertible"":0,""internal_steric_clash"":0,""molecular_formula"":0,""no_radicals"":0,""planar_aromatic_rings"":0,""planar_double_bonds"":0,""reference_file_loads"":0,""sanitisation"":0,""tetrahedral_chirality"":0}","{""all_atoms_connected"":0.0,""bond_angles"":0.0,""bond_lengths"":0.0,""bonds"":0.0,""double_bond_stereochemistry"":0.0,""energy_ratio"":0.0,""file_loads"":0.0,""inchi_convertible"":0.0,""internal_steric_clash"":0.0,""molecular_formula"":0.0,""no_radicals"":0.0,""planar_aromatic_rings"":0.0,""planar_double_bonds"":0.0,""reference_file_loads"":0.0,""sanitisation"":0.0,""tetrahedral_chirality"":0.0}",5,92.08446986890289,0.6447305370428034,0.7575704019088314,3.0,60.0,0.9602297178607612,0.4,2.8717458874925876,0.3600000000000001,0.3333333333333333,1.0,20.0,0.0,1.0,1.0,1.0,0.0,1.0,20.0,0.0,1.0,1.0,1.0,0.0,1.0,20.0,0.0,1.0,1.0,1.0,0.0,5,22.894244687760814,42.27845446155975,30.65391754962656,7.111967066349543,0.4381577907611322,0.6952519933209357,0.0,1.0,1.0,1.0,0.4501895625582806,0.7227015606453482,0.0,1.0,1.0,1.0,1000,0,0,0,0,0,5,0,0,0,0,5,5,5,core
4kzq_4kzq_conf0,generation,qwen_4b_4e_from_bigdata_step20000,fixed,4b_4e_from_bigdata_step20000,qwen_4b_4e_from_bigdata_step20000_fixed,Qwen 4B 4e from bigdata (step 20000),qwen_4b_4e_from_bigdata_step20000_fixed,2,18,966,0.7,966,966,0,1.0,966,966,0,1.0,"{""all_atoms_connected"":0,""bond_angles"":0,""bond_lengths"":0,""bonds"":0,""double_bond_stereochemistry"":0,""energy_ratio"":0,""file_loads"":0,""inchi_convertible"":0,""internal_steric_clash"":0,""molecular_formula"":0,""no_radicals"":0,""planar_aromatic_rings"":0,""planar_double_bonds"":0,""reference_file_loads"":0,""sanitisation"":0,""tetrahedral_chirality"":0}","{""all_atoms_connected"":0.0,""bond_angles"":0.0,""bond_lengths"":0.0,""bonds"":0.0,""double_bond_stereochemistry"":0.0,""energy_ratio"":0.0,""file_loads"":0.0,""inchi_convertible"":0.0,""internal_steric_clash"":0.0,""molecular_formula"":0.0,""no_radicals"":0.0,""planar_aromatic_rings"":0.0,""planar_double_bonds"":0.0,""reference_file_loads"":0.0,""sanitisation"":0.0,""tetrahedral_chirality"":0.0}",966,110.33024448880882,0.2452422130267251,0.4792480685883097,3.0,0.3105590062111801,0.6955871806812056,0.6956521739130435,2.14723426258796,0.5476061880328691,0.0,1.0,0.10351966873706005,0.0,1.0,1.0,1.0,0.0,1.0,0.10351966873706005,0.0,1.0,1.0,1.0,0.0,1.0,0.10351966873706005,0.0,1.0,1.0,1.0,0.0,966,50.58346348890321,74.02251901421867,59.545202178364164,4.747644796385979,0.08808920132470134,0.23089550588277696,1.0,1.0,1.0,1.0,0.09150584463514991,0.2344880897461907,1.0,1.0,1.0,1.0,966,0,0,0,0,0,966,0,0,0,0,966,1000,1000,core
4kzq_4kzq_conf0,generation,qwen_4b_4e_from_bigdata_step20000,dynamic,4b_4e_from_bigdata_step20000,qwen_4b_4e_from_bigdata_step20000_dynamic,Qwen 4B 4e from bigdata (step 20000),qwen_4b_4e_from_bigdata_step20000_dynamic,2,18,24,0.7,24,24,0,1.0,24,24,0,1.0,"{""all_atoms_connected"":0,""bond_angles"":0,""bond_lengths"":0,""bonds"":0,""double_bond_stereochemistry"":0,""energy_ratio"":0,""file_loads"":0,""inchi_convertible"":0,""internal_steric_clash"":0,""molecular_formula"":0,""no_radicals"":0,""planar_aromatic_rings"":0,""planar_double_bonds"":0,""reference_file_loads"":0,""sanitisation"":0,""tetrahedral_chirality"":0}","{""all_atoms_connected"":0.0,""bond_angles"":0.0,""bond_lengths"":0.0,""bonds"":0.0,""double_bond_stereochemistry"":0.0,""energy_ratio"":0.0,""file_loads"":0.0,""inchi_convertible"":0.0,""internal_steric_clash"":0.0,""molecular_formula"":0.0,""no_radicals"":0.0,""planar_aromatic_rings"":0.0,""planar_double_bonds"":0.0,""reference_file_loads"":0.0,""sanitisation"":0.0,""tetrahedral_chirality"":0.0}",24,119.95127918656779,0.26474059301256586,0.5367255569325852,2.0,8.333333333333334,0.7382848661434506,0.7916666666666666,1.6681914464799614,0.6701388888888888,0.0,1.0,4.166666666666667,0.0,1.0,1.0,1.0,0.0,1.0,4.166666666666667,0.0,1.0,1.0,1.0,0.0,1.0,4.166666666666667,0.0,1.0,1.0,1.0,0.0,24,51.59997788119697,66.63151808094568,58.633569975634046,4.265372825353074,0.09424611004738026,0.23469646828155516,1.0,1.0,1.0,1.0,0.10142516851550303,0.23909957221246086,1.0,1.0,1.0,1.0,966,0,0,0,0,0,24,0,0,0,0,24,24,24,core
4kzq_4kzq_conf0,generation,qwen_4b_4e_from_bigdata_step20000,chembl_count,4b_4e_from_bigdata_step20000,qwen_4b_4e_from_bigdata_step20000_chembl_count,Qwen 4B 4e from bigdata (step 20000),qwen_4b_4e_from_bigdata_step20000_chembl_count,2,18,6,0.7,6,6,0,1.0,6,6,0,1.0,"{""all_atoms_connected"":0,""bond_angles"":0,""bond_lengths"":0,""bonds"":0,""double_bond_stereochemistry"":0,""energy_ratio"":0,""file_loads"":0,""inchi_convertible"":0,""internal_steric_clash"":0,""molecular_formula"":0,""no_radicals"":0,""planar_aromatic_rings"":0,""planar_double_bonds"":0,""reference_file_loads"":0,""sanitisation"":0,""tetrahedral_chirality"":0}","{""all_atoms_connected"":0.0,""bond_angles"":0.0,""bond_lengths"":0.0,""bonds"":0.0,""double_bond_stereochemistry"":0.0,""energy_ratio"":0.0,""file_loads"":0.0,""inchi_convertible"":0.0,""internal_steric_clash"":0.0,""molecular_formula"":0.0,""no_radicals"":0.0,""planar_aromatic_rings"":0.0,""planar_double_bonds"":0.0,""reference_file_loads"":0.0,""sanitisation"":0.0,""tetrahedral_chirality"":0.0}",6,60.90844473673079,0.3405535460039039,0.6799215938309936,1.0,16.666666666666668,0.0,1.0,1.0,1.0,0.0,1.0,16.666666666666668,0.0,1.0,1.0,1.0,0.0,1.0,16.666666666666668,0.0,1.0,1.0,1.0,0.0,1.0,16.666666666666668,0.0,1.0,1.0,1.0,0.0,6,53.65964514372115,61.86107768064745,58.115663962946996,3.1106021766355214,0.09312967378309757,0.22569665611822584,1.0,1.0,1.0,1.0,0.10526596784169252,0.23070594138691683,1.0,1.0,1.0,1.0,966,0,0,0,0,0,6,0,0,0,0,6,6,6,core
4kzu_4kzu_conf0,generation,qwen_4b_4e_from_bigdata_step20000,fixed,4b_4e_from_bigdata_step20000,qwen_4b_4e_from_bigdata_step20000_fixed,Qwen 4B 4e from bigdata (step 20000),qwen_4b_4e_from_bigdata_step20000_fixed,1,18,982,0.7,982,982,0,1.0,982,982,0,1.0,"{""all_atoms_connected"":0,""bond_angles"":0,""bond_lengths"":0,""bonds"":0,""double_bond_stereochemistry"":0,""energy_ratio"":0,""file_loads"":0,""inchi_convertible"":0,""internal_steric_clash"":0,""molecular_formula"":0,""no_radicals"":0,""planar_aromatic_rings"":0,""planar_double_bonds"":0,""reference_file_loads"":0,""sanitisation"":0,""tetrahedral_chirality"":0}","{""all_atoms_connected"":0.0,""bond_angles"":0.0,""bond_lengths"":0.0,""bonds"":0.0,""double_bond_stereochemistry"":0.0,""energy_ratio"":0.0,""file_loads"":0.0,""inchi_convertible"":0.0,""internal_steric_clash"":0.0,""molecular_formula"":0.0,""no_radicals"":0.0,""planar_aromatic_rings"":0.0,""planar_double_bonds"":0.0,""reference_file_loads"":0.0,""sanitisation"":0.0,""tetrahedral_chirality"":0.0}",982,98.47612390411659,0.32970788497656484,0.6153220272369552,2.0,0.20366598778004075,0.727191909969407,0.7973523421588594,1.6554138237272673,0.6768368307747188,0.0,1.0,0.10183299389002037,0.0,1.0,1.0,1.0,0.0,1.0,0.10183299389002037,0.0,1.0,1.0,1.0,0.0,1.0,0.10183299389002037,0.0,1.0,1.0,1.0,0.0,982,50.14159581427718,74.0080590320589,58.37090379875396,4.088596210346749,0.08247980966457669,0.29653251757423815,1.0,1.0,1.0,1.0,0.08325687393477965,0.25618256296022424,1.0,1.0,1.0,1.0,982,0,0,0,0,0,982,0,0,0,0,982,1000,1000,core
4kzu_4kzu_conf0,generation,qwen_4b_4e_from_bigdata_step20000,dynamic,4b_4e_from_bigdata_step20000,qwen_4b_4e_from_bigdata_step20000_dynamic,Qwen 4B 4e from bigdata (step 20000),qwen_4b_4e_from_bigdata_step20000_dynamic,1,18,2,0.7,2,2,0,1.0,2,2,0,1.0,"{""all_atoms_connected"":0,""bond_angles"":0,""bond_lengths"":0,""bonds"":0,""double_bond_stereochemistry"":0,""energy_ratio"":0,""file_loads"":0,""inchi_convertible"":0,""internal_steric_clash"":0,""molecular_formula"":0,""no_radicals"":0,""planar_aromatic_rings"":0,""planar_double_bonds"":0,""reference_file_loads"":0,""sanitisation"":0,""tetrahedral_chirality"":0}","{""all_atoms_connected"":0.0,""bond_angles"":0.0,""bond_lengths"":0.0,""bonds"":0.0,""double_bond_stereochemistry"":0.0,""energy_ratio"":0.0,""file_loads"":0.0,""inchi_convertible"":0.0,""internal_steric_clash"":0.0,""molecular_formula"":0.0,""no_radicals"":0.0,""planar_aromatic_rings"":0.0,""planar_double_bonds"":0.0,""reference_file_loads"":0.0,""sanitisation"":0.0,""tetrahedral_chirality"":0.0}",2,10.161084205140233,0.1578685286994191,0.1578685286994191,1.0,50.0,0.0,1.0,1.0,1.0,0.0,1.0,50.0,0.0,1.0,1.0,1.0,0.0,1.0,50.0,0.0,1.0,1.0,1.0,0.0,1.0,50.0,0.0,1.0,1.0,1.0,0.0,2,53.73404786969395,63.67809623019545,58.7060720499447,4.972024180250749,0.10870620706417591,0.17234949726939938,1.0,1.0,1.0,1.0,0.10173887480032837,0.15826404358254126,1.0,1.0,1.0,1.0,982,0,0,0,0,0,2,0,0,0,0,2,2,2,core
4kzu_4kzu_conf0,generation,qwen_4b_4e_from_bigdata_step20000,chembl_count,4b_4e_from_bigdata_step20000,qwen_4b_4e_from_bigdata_step20000_chembl_count,Qwen 4B 4e from bigdata (step 20000),qwen_4b_4e_from_bigdata_step20000_chembl_count,1,18,3,0.7,3,3,0,1.0,3,3,0,1.0,"{""all_atoms_connected"":0,""bond_angles"":0,""bond_lengths"":0,""bonds"":0,""double_bond_stereochemistry"":0,""energy_ratio"":0,""file_loads"":0,""inchi_convertible"":0,""internal_steric_clash"":0,""molecular_formula"":0,""no_radicals"":0,""planar_aromatic_rings"":0,""planar_double_bonds"":0,""reference_file_loads"":0,""sanitisation"":0,""tetrahedral_chirality"":0}","{""all_atoms_connected"":0.0,""bond_angles"":0.0,""bond_lengths"":0.0,""bonds"":0.0,""double_bond_stereochemistry"":0.0,""energy_ratio"":0.0,""file_loads"":0.0,""inchi_convertible"":0.0,""internal_steric_clash"":0.0,""molecular_formula"":0.0,""no_radicals"":0.0,""planar_aromatic_rings"":0.0,""planar_double_bonds"":0.0,""reference_file_loads"":0.0,""sanitisation"":0.0,""tetrahedral_chirality"":0.0}",3,58.519229174491954,0.4167001236930637,0.5760139601053249,1.0,33.333333333333336,0.0,1.0,1.0,1.0,0.0,1.0,33.333333333333336,0.0,1.0,1.0,1.0,0.0,1.0,33.333333333333336,0.0,1.0,1.0,1.0,0.0,1.0,33.333333333333336,0.0,1.0,1.0,1.0,0.0,3,53.567579340184544,64.26920162392737,62.8294448542708,4.742008152444996,0.16076470295419984,0.29661537656090303,1.0,1.0,1.0,1.0,0.22200414332321203,0.25786957884313,1.0,1.0,1.0,1.0,982,0,0,0,0,0,3,0,0,0,0,3,3,3,core
4llx_4llx_conf0,generation,qwen_4b_4e_from_bigdata_step20000,fixed,4b_4e_from_bigdata_step20000,qwen_4b_4e_from_bigdata_step20000_fixed,Qwen 4B 4e from bigdata (step 20000),qwen_4b_4e_from_bigdata_step20000_fixed,1,9,1000,0.7,1000,1000,0,1.0,1000,1000,0,1.0,"{""all_atoms_connected"":0,""bond_angles"":0,""bond_lengths"":0,""bonds"":0,""double_bond_stereochemistry"":0,""energy_ratio"":0,""file_loads"":0,""inchi_convertible"":0,""internal_steric_clash"":0,""molecular_formula"":0,""no_radicals"":0,""planar_aromatic_rings"":0,""planar_double_bonds"":0,""reference_file_loads"":0,""sanitisation"":0,""tetrahedral_chirality"":0}","{""all_atoms_connected"":0.0,""bond_angles"":0.0,""bond_lengths"":0.0,""bonds"":0.0,""double_bond_stereochemistry"":0.0,""energy_ratio"":0.0,""file_loads"":0.0,""inchi_convertible"":0.0,""internal_steric_clash"":0.0,""molecular_formula"":0.0,""no_radicals"":0.0,""planar_aromatic_rings"":0.0,""planar_double_bonds"":0.0,""reference_file_loads"":0.0,""sanitisation"":0.0,""tetrahedral_chirality"":0.0}",1000,,0.04741683159473583,0.05784704080858548,1.0,0.1,0.0,1.0,1.0,1.0,0.0,1.0,0.1,0.0,1.0,1.0,1.0,0.0,1.0,0.1,0.0,1.0,1.0,1.0,0.0,1.0,0.1,0.0,1.0,1.0,1.0,0.0,1000,-1.196995765844565,46.82857032387541,4.965912542847248,3.0465105609227527,0.024882875870683427,0.0539066731183326,1.0,1.0,1.0,1.0,0.040407896891980905,0.05713502352843934,1.0,1.0,1.0,1.0,1000,0,0,0,0,0,1000,0,0,0,0,1000,1000,1000,core
4llx_4llx_conf0,generation,qwen_4b_4e_from_bigdata_step20000,dynamic,4b_4e_from_bigdata_step20000,qwen_4b_4e_from_bigdata_step20000_dynamic,Qwen 4B 4e from bigdata (step 20000),qwen_4b_4e_from_bigdata_step20000_dynamic,1,9,2,0.7,2,2,0,1.0,2,2,0,1.0,"{""all_atoms_connected"":0,""bond_angles"":0,""bond_lengths"":0,""bonds"":0,""double_bond_stereochemistry"":0,""energy_ratio"":0,""file_loads"":0,""inchi_convertible"":0,""internal_steric_clash"":0,""molecular_formula"":0,""no_radicals"":0,""planar_aromatic_rings"":0,""planar_double_bonds"":0,""reference_file_loads"":0,""sanitisation"":0,""tetrahedral_chirality"":0}","{""all_atoms_connected"":0.0,""bond_angles"":0.0,""bond_lengths"":0.0,""bonds"":0.0,""double_bond_stereochemistry"":0.0,""energy_ratio"":0.0,""file_loads"":0.0,""inchi_convertible"":0.0,""internal_steric_clash"":0.0,""molecular_formula"":0.0,""no_radicals"":0.0,""planar_aromatic_rings"":0.0,""planar_double_bonds"":0.0,""reference_file_loads"":0.0,""sanitisation"":0.0,""tetrahedral_chirality"":0.0}",2,,0.052166980104121796,0.052166980104121796,1.0,50.0,0.0,1.0,1.0,1.0,0.0,1.0,50.0,0.0,1.0,1.0,1.0,0.0,1.0,50.0,0.0,1.0,1.0,1.0,0.0,1.0,50.0,0.0,1.0,1.0,1.0,0.0,2,2.9623576034245005,5.853513800495081,4.407935701959791,1.4455780985352904,0.04333854125091955,0.05512448751780462,1.0,1.0,1.0,1.0,0.05760769927831495,0.06110419317498685,1.0,1.0,1.0,1.0,1000,0,0,0,0,0,2,0,0,0,0,2,2,2,core
4llx_4llx_conf0,generation,qwen_4b_4e_from_bigdata_step20000,chembl_count,4b_4e_from_bigdata_step20000,qwen_4b_4e_from_bigdata_step20000_chembl_count,Qwen 4B 4e from bigdata (step 20000),qwen_4b_4e_from_bigdata_step20000_chembl_count,1,9,1,0.7,1,1,0,1.0,1,1,0,1.0,"{""all_atoms_connected"":0,""bond_angles"":0,""bond_lengths"":0,""bonds"":0,""double_bond_stereochemistry"":0,""energy_ratio"":0,""file_loads"":0,""inchi_convertible"":0,""internal_steric_clash"":0,""molecular_formula"":0,""no_radicals"":0,""planar_aromatic_rings"":0,""planar_double_bonds"":0,""reference_file_loads"":0,""sanitisation"":0,""tetrahedral_chirality"":0}","{""all_atoms_connected"":0.0,""bond_angles"":0.0,""bond_lengths"":0.0,""bonds"":0.0,""double_bond_stereochemistry"":0.0,""energy_ratio"":0.0,""file_loads"":0.0,""inchi_convertible"":0.0,""internal_steric_clash"":0.0,""molecular_formula"":0.0,""no_radicals"":0.0,""planar_aromatic_rings"":0.0,""planar_double_bonds"":0.0,""reference_file_loads"":0.0,""sanitisation"":0.0,""tetrahedral_chirality"":0.0}",1,,,,1.0,100.0,0.0,1.0,1.0,1.0,1.0,1.0,100.0,0.0,1.0,1.0,1.0,1.0,1.0,100.0,0.0,1.0,1.0,1.0,1.0,1.0,100.0,0.0,1.0,1.0,1.0,1.0,1,1.4286912224840984,1.4286912224840984,1.4286912224840984,0.0,0.05112696331026296,0.05112696331026296,1.0,1.0,1.0,1.0,0.05501702456866683,0.05501702456866683,1.0,1.0,1.0,1.0,1000,0,0,0,0,0,1,0,0,0,0,1,1,1,core
4lzs_4lzs_conf0,generation,qwen_4b_4e_from_bigdata_step20000,fixed,4b_4e_from_bigdata_step20000,qwen_4b_4e_from_bigdata_step20000_fixed,Qwen 4B 4e from bigdata (step 20000),qwen_4b_4e_from_bigdata_step20000_fixed,3,15,998,0.7,998,998,0,1.0,1000,998,2,0.998,"{""all_atoms_connected"":0,""bond_angles"":0,""bond_lengths"":0,""bonds"":0,""double_bond_stereochemistry"":0,""energy_ratio"":1,""file_loads"":0,""inchi_convertible"":0,""internal_steric_clash"":1,""molecular_formula"":0,""no_radicals"":0,""planar_aromatic_rings"":0,""planar_double_bonds"":0,""reference_file_loads"":0,""sanitisation"":0,""tetrahedral_chirality"":0}","{""all_atoms_connected"":0.0,""bond_angles"":0.0,""bond_lengths"":0.0,""bonds"":0.0,""double_bond_stereochemistry"":0.0,""energy_ratio"":0.001,""file_loads"":0.0,""inchi_convertible"":0.0,""internal_steric_clash"":0.001,""molecular_formula"":0.0,""no_radicals"":0.0,""planar_aromatic_rings"":0.0,""planar_double_bonds"":0.0,""reference_file_loads"":0.0,""sanitisation"":0.0,""tetrahedral_chirality"":0.0}",998,133.2957756445555,0.8855533143401257,1.268893347870307,48.0,4.809619238476954,0.7567578713772615,0.14228456913827656,18.71942653354063,0.08187517319207553,0.08333333333333333,7.0,0.7014028056112225,0.8270140180162744,0.36773547094188375,4.999285344252059,0.24306328087035795,0.0,1.0,0.10020040080160321,0.0,1.0,1.0,1.0,0.0,1.0,0.10020040080160321,0.0,1.0,1.0,1.0,0.0,998,9.998445074970736,46.33050442668207,19.25399464849648,5.322444440077724,0.14103832591689397,1.1333102404510678,1.0,1.0,1.0,1.0,0.1598435932815468,1.1740425826360537,1.0,1.0,1.0,1.0,1000,0,0,0,0,0,1000,0,0,0,0,998,1000,1000,core
4lzs_4lzs_conf0,generation,qwen_4b_4e_from_bigdata_step20000,dynamic,4b_4e_from_bigdata_step20000,qwen_4b_4e_from_bigdata_step20000_dynamic,Qwen 4B 4e from bigdata (step 20000),qwen_4b_4e_from_bigdata_step20000_dynamic,3,15,46,0.7,46,46,0,1.0,46,46,0,1.0,"{""all_atoms_connected"":0,""bond_angles"":0,""bond_lengths"":0,""bonds"":0,""double_bond_stereochemistry"":0,""energy_ratio"":0,""file_loads"":0,""inchi_convertible"":0,""internal_steric_clash"":0,""molecular_formula"":0,""no_radicals"":0,""planar_aromatic_rings"":0,""planar_double_bonds"":0,""reference_file_loads"":0,""sanitisation"":0,""tetrahedral_chirality"":0}","{""all_atoms_connected"":0.0,""bond_angles"":0.0,""bond_lengths"":0.0,""bonds"":0.0,""double_bond_stereochemistry"":0.0,""energy_ratio"":0.0,""file_loads"":0.0,""inchi_convertible"":0.0,""internal_steric_clash"":0.0,""molecular_formula"":0.0,""no_radicals"":0.0,""planar_aromatic_rings"":0.0,""planar_double_bonds"":0.0,""reference_file_loads"":0.0,""sanitisation"":0.0,""tetrahedral_chirality"":0.0}",46,132.3497249764921,0.886765016761962,1.25940892404828,13.0,28.26086956521739,0.8595878065426223,0.21739130434782608,9.06843037230553,0.13705103969754256,0.46153846153846156,4.0,8.695652173913043,0.7785302863099302,0.45652173913043476,2.9425370337147814,0.38752362948960295,0.0,1.0,2.1739130434782608,0.0,1.0,1.0,1.0,0.0,1.0,2.1739130434782608,0.0,1.0,1.0,1.0,0.0,46,10.372484541238848,39.44150994613388,19.10300053260842,5.7730416532636575,0.3931637906849097,1.171376211491106,0.0,1.0,1.0,1.0,0.3181588696005904,1.2065972588830598,0.0,1.0,1.0,1.0,1000,0,0,0,0,0,46,0,0,0,0,46,46,46,core
4lzs_4lzs_conf0,generation,qwen_4b_4e_from_bigdata_step20000,chembl_count,4b_4e_from_bigdata_step20000,qwen_4b_4e_from_bigdata_step20000_chembl_count,Qwen 4B 4e from bigdata (step 20000),qwen_4b_4e_from_bigdata_step20000_chembl_count,3,15,12,0.7,12,12,0,1.0,12,12,0,1.0,"{""all_atoms_connected"":0,""bond_angles"":0,""bond_lengths"":0,""bonds"":0,""double_bond_stereochemistry"":0,""energy_ratio"":0,""file_loads"":0,""inchi_convertible"":0,""internal_steric_clash"":0,""molecular_formula"":0,""no_radicals"":0,""planar_aromatic_rings"":0,""planar_double_bonds"":0,""reference_file_loads"":0,""sanitisation"":0,""tetrahedral_chirality"":0}","{""all_atoms_connected"":0.0,""bond_angles"":0.0,""bond_lengths"":0.0,""bonds"":0.0,""double_bond_stereochemistry"":0.0,""energy_ratio"":0.0,""file_loads"":0.0,""inchi_convertible"":0.0,""internal_steric_clash"":0.0,""molecular_formula"":0.0,""no_radicals"":0.0,""planar_aromatic_rings"":0.0,""planar_double_bonds"":0.0,""reference_file_loads"":0.0,""sanitisation"":0.0,""tetrahedral_chirality"":0.0}",12,126.6962655727701,0.9281963246782098,1.2722455539858022,7.0,58.333333333333336,0.9207822211616018,0.3333333333333333,6.0,0.19444444444444448,0.5714285714285714,3.0,25.0,0.6567045482143385,0.75,2.0574424589560696,0.5972222222222222,0.3333333333333333,1.0,8.333333333333334,0.0,1.0,1.0,1.0,0.0,1.0,8.333333333333334,0.0,1.0,1.0,1.0,0.0,12,14.240041932957533,26.448258999244924,20.01716095525173,3.019465354885972,0.6680365175877933,1.041506826125508,0.0,0.0,1.0,1.0,0.7099285086594042,1.0728244682391195,0.0,0.0,1.0,1.0,1000,0,0,0,0,0,12,0,0,0,0,12,12,12,core
4mgd_4mgd_conf0,generation,qwen_4b_4e_from_bigdata_step20000,fixed,4b_4e_from_bigdata_step20000,qwen_4b_4e_from_bigdata_step20000_fixed,Qwen 4B 4e from bigdata (step 20000),qwen_4b_4e_from_bigdata_step20000_fixed,4,19,995,0.7,995,995,0,1.0,1000,995,5,0.995,"{""all_atoms_connected"":0,""bond_angles"":2,""bond_lengths"":5,""bonds"":0,""double_bond_stereochemistry"":0,""energy_ratio"":1,""file_loads"":0,""inchi_convertible"":0,""internal_steric_clash"":0,""molecular_formula"":0,""no_radicals"":0,""planar_aromatic_rings"":1,""planar_double_bonds"":0,""reference_file_loads"":0,""sanitisation"":0,""tetrahedral_chirality"":0}","{""all_atoms_connected"":0.0,""bond_angles"":0.002,""bond_lengths"":0.005,""bonds"":0.0,""double_bond_stereochemistry"":0.0,""energy_ratio"":0.001,""file_loads"":0.0,""inchi_convertible"":0.0,""internal_steric_clash"":0.0,""molecular_formula"":0.0,""no_radicals"":0.0,""planar_aromatic_rings"":0.001,""planar_double_bonds"":0.0,""reference_file_loads"":0.0,""sanitisation"":0.0,""tetrahedral_chirality"":0.0}",995,114.08619499396656,0.47058087247083774,0.7686595155587242,6.0,0.6030150753768844,0.6045432702566377,0.48040201005025124,2.9541061832352393,0.40451200727254366,0.0,1.0,0.10050251256281408,0.0,1.0,1.0,1.0,0.0,1.0,0.10050251256281408,0.0,1.0,1.0,1.0,0.0,1.0,0.10050251256281408,0.0,1.0,1.0,1.0,0.0,995,66.9998255426446,96.67747154470169,76.96076831086278,4.14082829464456,0.15221392186677238,0.5987051395652742,1.0,1.0,1.0,1.0,0.18006153372690162,0.543255255989035,1.0,1.0,1.0,1.0,1000,0,0,0,0,0,1000,0,0,0,0,995,1000,1000,core
4mgd_4mgd_conf0,generation,qwen_4b_4e_from_bigdata_step20000,dynamic,4b_4e_from_bigdata_step20000,qwen_4b_4e_from_bigdata_step20000_dynamic,Qwen 4B 4e from bigdata (step 20000),qwen_4b_4e_from_bigdata_step20000_dynamic,4,19,68,0.7,68,68,0,1.0,68,68,0,1.0,"{""all_atoms_connected"":0,""bond_angles"":0,""bond_lengths"":0,""bonds"":0,""double_bond_stereochemistry"":0,""energy_ratio"":0,""file_loads"":0,""inchi_convertible"":0,""internal_steric_clash"":0,""molecular_formula"":0,""no_radicals"":0,""planar_aromatic_rings"":0,""planar_double_bonds"":0,""reference_file_loads"":0,""sanitisation"":0,""tetrahedral_chirality"":0}","{""all_atoms_connected"":0.0,""bond_angles"":0.0,""bond_lengths"":0.0,""bonds"":0.0,""double_bond_stereochemistry"":0.0,""energy_ratio"":0.0,""file_loads"":0.0,""inchi_convertible"":0.0,""internal_steric_clash"":0.0,""molecular_formula"":0.0,""no_radicals"":0.0,""planar_aromatic_rings"":0.0,""planar_double_bonds"":0.0,""reference_file_loads"":0.0,""sanitisation"":0.0,""tetrahedral_chirality"":0.0}",68,108.22042307710122,0.4687012980378866,0.7627030886100874,4.0,5.882352941176471,0.628547553427898,0.4852941176470588,2.390139969834307,0.45804498269896193,0.25,1.0,1.4705882352941178,0.0,1.0,1.0,1.0,0.0,1.0,1.4705882352941178,0.0,1.0,1.0,1.0,0.0,1.0,1.4705882352941178,0.0,1.0,1.0,1.0,0.0,68,70.4643675804743,86.54588408670747,77.10002835453342,3.7041971104815334,0.21784583175114053,0.6313736972751027,1.0,1.0,1.0,1.0,0.18006153372690162,0.5864153044663223,1.0,1.0,1.0,1.0,1000,0,0,0,0,0,68,0,0,0,0,68,68,68,core
4mgd_4mgd_conf0,generation,qwen_4b_4e_from_bigdata_step20000,chembl_count,4b_4e_from_bigdata_step20000,qwen_4b_4e_from_bigdata_step20000_chembl_count,Qwen 4B 4e from bigdata (step 20000),qwen_4b_4e_from_bigdata_step20000_chembl_count,4,19,24,0.7,24,24,0,1.0,24,24,0,1.0,"{""all_atoms_connected"":0,""bond_angles"":0,""bond_lengths"":0,""bonds"":0,""double_bond_stereochemistry"":0,""energy_ratio"":0,""file_loads"":0,""inchi_convertible"":0,""internal_steric_clash"":0,""molecular_formula"":0,""no_radicals"":0,""planar_aromatic_rings"":0,""planar_double_bonds"":0,""reference_file_loads"":0,""sanitisation"":0,""tetrahedral_chirality"":0}","{""all_atoms_connected"":0.0,""bond_angles"":0.0,""bond_lengths"":0.0,""bonds"":0.0,""double_bond_stereochemistry"":0.0,""energy_ratio"":0.0,""file_loads"":0.0,""inchi_convertible"":0.0,""internal_steric_clash"":0.0,""molecular_formula"":0.0,""no_radicals"":0.0,""planar_aromatic_rings"":0.0,""planar_double_bonds"":0.0,""reference_file_loads"":0.0,""sanitisation"":0.0,""tetrahedral_chirality"":0.0}",24,107.44520761971914,0.416465929335173,0.7070030436993775,2.0,8.333333333333334,0.99498482818597,0.5416666666666666,1.9930595659329764,0.5034722222222221,0.0,1.0,4.166666666666667,0.0,1.0,1.0,1.0,0.0,1.0,4.166666666666667,0.0,1.0,1.0,1.0,0.0,1.0,4.166666666666667,0.0,1.0,1.0,1.0,0.0,24,66.9998255426446,85.81782343488844,77.05933103296871,4.123604685722434,0.21232190304294327,0.5329898926907775,1.0,1.0,1.0,1.0,0.18754246886044104,0.466794096110847,1.0,1.0,1.0,1.0,1000,0,0,0,0,0,24,0,0,0,0,24,24,24,core
4ogj_4ogj_conf0,generation,qwen_4b_4e_from_bigdata_step20000,fixed,4b_4e_from_bigdata_step20000,qwen_4b_4e_from_bigdata_step20000_fixed,Qwen 4B 4e from bigdata (step 20000),qwen_4b_4e_from_bigdata_step20000_fixed,10,37,612,0.7,612,547,65,0.8937908496732027,1000,612,388,0.612,"{""all_atoms_connected"":0,""bond_angles"":3,""bond_lengths"":3,""bonds"":0,""double_bond_stereochemistry"":0,""energy_ratio"":59,""file_loads"":0,""inchi_convertible"":0,""internal_steric_clash"":386,""molecular_formula"":0,""no_radicals"":0,""planar_aromatic_rings"":2,""planar_double_bonds"":0,""reference_file_loads"":0,""sanitisation"":0,""tetrahedral_chirality"":0}","{""all_atoms_connected"":0.0,""bond_angles"":0.003,""bond_lengths"":0.003,""bonds"":0.0,""double_bond_stereochemistry"":0.0,""energy_ratio"":0.059,""file_loads"":0.0,""inchi_convertible"":0.0,""internal_steric_clash"":0.386,""molecular_formula"":0.0,""no_radicals"":0.0,""planar_aromatic_rings"":0.002,""planar_double_bonds"":0.0,""reference_file_loads"":0.0,""sanitisation"":0.0,""tetrahedral_chirality"":0.0}",612,98.61549113379284,1.837881180644685,2.7081411771908295,303.0,49.509803921568626,0.9303709542657971,0.03431372549019608,203.54580034528567,0.008068477935836645,0.6666666666666666,48.0,7.8431372549019605,0.734134072138462,0.1568627450980392,17.14969796701914,0.0976814473065915,0.25,5.0,0.8169934640522876,0.722487541783943,0.46568627450980393,3.1988738980366844,0.37053590499380584,0.0,2.0,0.32679738562091504,0.8739810481273579,0.7058823529411765,1.8327132138707352,0.5847750865051904,0.0,612,-13.882699522075661,15343.327076091287,11.019930524735415,629.6148242295316,0.4853738892114593,2.1218509482421632,0.0,1.0,1.0,1.0,0.46065894620702647,2.0763257710186664,0.0,1.0,1.0,1.0,1000,0,0,0,0,0,1000,0,0,0,0,612,1000,1000,core
4ogj_4ogj_conf0,generation,qwen_4b_4e_from_bigdata_step20000,dynamic,4b_4e_from_bigdata_step20000,qwen_4b_4e_from_bigdata_step20000_dynamic,Qwen 4B 4e from bigdata (step 20000),qwen_4b_4e_from_bigdata_step20000_dynamic,10,37,124,0.7,124,108,16,0.8709677419354839,200,124,76,0.62,"{""all_atoms_connected"":0,""bond_angles"":1,""bond_lengths"":1,""bonds"":0,""double_bond_stereochemistry"":0,""energy_ratio"":15,""file_loads"":0,""inchi_convertible"":0,""internal_steric_clash"":76,""molecular_formula"":0,""no_radicals"":0,""planar_aromatic_rings"":0,""planar_double_bonds"":0,""reference_file_loads"":0,""sanitisation"":0,""tetrahedral_chirality"":0}","{""all_atoms_connected"":0.0,""bond_angles"":0.005,""bond_lengths"":0.005,""bonds"":0.0,""double_bond_stereochemistry"":0.0,""energy_ratio"":0.075,""file_loads"":0.0,""inchi_convertible"":0.0,""internal_steric_clash"":0.38,""molecular_formula"":0.0,""no_radicals"":0.0,""planar_aromatic_rings"":0.0,""planar_double_bonds"":0.0,""reference_file_loads"":0.0,""sanitisation"":0.0,""tetrahedral_chirality"":0.0}",124,96.75402759819089,1.8445840238012154,2.633993921871104,85.0,68.54838709677419,0.9499632314699759,0.07258064516129033,68.05766386949571,0.020421436004162328,0.8,24.0,19.35483870967742,0.7490653649703812,0.2661290322580645,10.811063979843727,0.14099895941727364,0.5416666666666666,4.0,3.225806451612903,0.7508238800741865,0.4838709677419355,2.831659430876215,0.4032258064516129,0.0,1.0,0.8064516129032258,0.0,1.0,1.0,1.0,0.0,124,-13.061401131350102,1919.0791949378674,10.149218536621753,182.8423905886297,0.5428407517752493,2.035150290389788,0.0,0.0,1.0,1.0,0.48854007601678123,2.0004188688545614,0.0,1.0,1.0,1.0,1000,0,0,0,0,0,200,0,0,0,0,124,200,200,core
4ogj_4ogj_conf0,generation,qwen_4b_4e_from_bigdata_step20000,chembl_count,4b_4e_from_bigdata_step20000,qwen_4b_4e_from_bigdata_step20000_chembl_count,Qwen 4B 4e from bigdata (step 20000),qwen_4b_4e_from_bigdata_step20000_chembl_count,10,37,31,0.7,31,29,2,0.9354838709677419,54,31,23,0.5740740740740741,"{""all_atoms_connected"":0,""bond_angles"":0,""bond_lengths"":0,""bonds"":0,""double_bond_stereochemistry"":0,""energy_ratio"":3,""file_loads"":0,""inchi_convertible"":0,""internal_steric_clash"":23,""molecular_formula"":0,""no_radicals"":0,""planar_aromatic_rings"":0,""planar_double_bonds"":0,""reference_file_loads"":0,""sanitisation"":0,""tetrahedral_chirality"":0}","{""all_atoms_connected"":0.0,""bond_angles"":0.0,""bond_lengths"":0.0,""bonds"":0.0,""double_bond_stereochemistry"":0.0,""energy_ratio"":0.05555555555555555,""file_loads"":0.0,""inchi_convertible"":0.0,""internal_steric_clash"":0.42592592592592593,""molecular_formula"":0.0,""no_radicals"":0.0,""planar_aromatic_rings"":0.0,""planar_double_bonds"":0.0,""reference_file_loads"":0.0,""sanitisation"":0.0,""tetrahedral_chirality"":0.0}",31,97.74780389794476,1.8234297979297704,2.6917165524136375,29.0,93.54838709677419,0.9932447362725115,0.06451612903225806,28.34778392268479,0.03642039542143599,0.9310344827586207,9.0,29.032258064516128,0.7770098740267718,0.41935483870967744,5.513861486988129,0.24869927159209157,0.5555555555555556,3.0,9.67741935483871,0.840247456648978,0.5483870967741935,2.517096818879992,0.43600416233090533,0.0,2.0,6.451612903225806,0.5547781633412736,0.8709677419354839,1.468942743263101,0.7752341311134234,0.0,31,-7.3512670004176,133.92473124906866,7.404217982323914,25.83452010117524,0.5658605643780861,2.1381519068050774,0.0,0.0,1.0,1.0,0.5478017722506012,2.1126194137906964,0.0,0.0,1.0,1.0,1000,0,0,0,0,0,54,0,0,0,0,31,54,54,core
5c28_5c28_conf0,generation,qwen_4b_4e_from_bigdata_step20000,fixed,4b_4e_from_bigdata_step20000,qwen_4b_4e_from_bigdata_step20000_fixed,Qwen 4B 4e from bigdata (step 20000),qwen_4b_4e_from_bigdata_step20000_fixed,2,12,986,0.7,986,986,0,1.0,999,986,13,0.986986986986987,"{""all_atoms_connected"":0,""bond_angles"":1,""bond_lengths"":13,""bonds"":0,""double_bond_stereochemistry"":0,""energy_ratio"":0,""file_loads"":0,""inchi_convertible"":0,""internal_steric_clash"":0,""molecular_formula"":0,""no_radicals"":0,""planar_aromatic_rings"":0,""planar_double_bonds"":0,""reference_file_loads"":0,""sanitisation"":0,""tetrahedral_chirality"":0}","{""all_atoms_connected"":0.0,""bond_angles"":0.001001001001001001,""bond_lengths"":0.013013013013013013,""bonds"":0.0,""double_bond_stereochemistry"":0.0,""energy_ratio"":0.0,""file_loads"":0.0,""inchi_convertible"":0.0,""internal_steric_clash"":0.0,""molecular_formula"":0.0,""no_radicals"":0.0,""planar_aromatic_rings"":0.0,""planar_double_bonds"":0.0,""reference_file_loads"":0.0,""sanitisation"":0.0,""tetrahedral_chirality"":0.0}",986,75.05359166563204,0.2673303265939629,0.6498403439803063,3.0,0.30425963488843816,0.5535919708714815,0.7697768762677485,1.8370902648189105,0.6370423247987032,0.0,1.0,0.10141987829614604,0.0,1.0,1.0,1.0,0.0,1.0,0.10141987829614604,0.0,1.0,1.0,1.0,0.0,1.0,0.10141987829614604,0.0,1.0,1.0,1.0,0.0,986,-45.613823000829626,55.05534010692541,-38.60817453382802,5.728806032332753,0.04866501455243081,0.6258066858158822,1.0,1.0,1.0,1.0,0.0654890052143357,0.5993201572430836,1.0,1.0,1.0,1.0,999,0,0,0,0,0,999,0,0,0,0,986,1000,1000,core
5c28_5c28_conf0,generation,qwen_4b_4e_from_bigdata_step20000,dynamic,4b_4e_from_bigdata_step20000,qwen_4b_4e_from_bigdata_step20000_dynamic,Qwen 4B 4e from bigdata (step 20000),qwen_4b_4e_from_bigdata_step20000_dynamic,2,12,23,0.7,23,23,0,1.0,24,23,1,0.9583333333333334,"{""all_atoms_connected"":0,""bond_angles"":1,""bond_lengths"":1,""bonds"":0,""double_bond_stereochemistry"":0,""energy_ratio"":0,""file_loads"":0,""inchi_convertible"":0,""internal_steric_clash"":0,""molecular_formula"":0,""no_radicals"":0,""planar_aromatic_rings"":0,""planar_double_bonds"":0,""reference_file_loads"":0,""sanitisation"":0,""tetrahedral_chirality"":0}","{""all_atoms_connected"":0.0,""bond_angles"":0.041666666666666664,""bond_lengths"":0.041666666666666664,""bonds"":0.0,""double_bond_stereochemistry"":0.0,""energy_ratio"":0.0,""file_loads"":0.0,""inchi_convertible"":0.0,""internal_steric_clash"":0.0,""molecular_formula"":0.0,""no_radicals"":0.0,""planar_aromatic_rings"":0.0,""planar_double_bonds"":0.0,""reference_file_loads"":0.0,""sanitisation"":0.0,""tetrahedral_chirality"":0.0}",23,72.81767590927628,0.26914506506227426,0.6496543079508,2.0,8.695652173913043,0.7553754125614287,0.782608695652174,1.6880707984117291,0.6597353497164462,0.0,1.0,4.3478260869565215,0.0,1.0,1.0,1.0,0.0,1.0,4.3478260869565215,0.0,1.0,1.0,1.0,0.0,1.0,4.3478260869565215,0.0,1.0,1.0,1.0,0.0,23,-41.512962388002364,-28.95468002405715,-38.5387890569324,2.800508385111366,0.07962151965398834,0.6296502198794661,1.0,1.0,1.0,1.0,0.09054536916115387,0.6018163670285578,1.0,1.0,1.0,1.0,999,0,0,0,0,0,24,0,0,0,0,23,24,24,core
5c28_5c28_conf0,generation,qwen_4b_4e_from_bigdata_step20000,chembl_count,4b_4e_from_bigdata_step20000,qwen_4b_4e_from_bigdata_step20000_chembl_count,Qwen 4B 4e from bigdata (step 20000),qwen_4b_4e_from_bigdata_step20000_chembl_count,2,12,2,0.7,2,2,0,1.0,2,2,0,1.0,"{""all_atoms_connected"":0,""bond_angles"":0,""bond_lengths"":0,""bonds"":0,""double_bond_stereochemistry"":0,""energy_ratio"":0,""file_loads"":0,""inchi_convertible"":0,""internal_steric_clash"":0,""molecular_formula"":0,""no_radicals"":0,""planar_aromatic_rings"":0,""planar_double_bonds"":0,""reference_file_loads"":0,""sanitisation"":0,""tetrahedral_chirality"":0}","{""all_atoms_connected"":0.0,""bond_angles"":0.0,""bond_lengths"":0.0,""bonds"":0.0,""double_bond_stereochemistry"":0.0,""energy_ratio"":0.0,""file_loads"":0.0,""inchi_convertible"":0.0,""internal_steric_clash"":0.0,""molecular_formula"":0.0,""no_radicals"":0.0,""planar_aromatic_rings"":0.0,""planar_double_bonds"":0.0,""reference_file_loads"":0.0,""sanitisation"":0.0,""tetrahedral_chirality"":0.0}",2,1.3213481117763166,0.05887552151834276,0.05887552151834276,1.0,50.0,0.0,1.0,1.0,1.0,0.0,1.0,50.0,0.0,1.0,1.0,1.0,0.0,1.0,50.0,0.0,1.0,1.0,1.0,0.0,1.0,50.0,0.0,1.0,1.0,1.0,0.0,2,-42.79011305452997,-38.11190638946745,-40.45100972199871,2.339103332531259,0.6065092056642798,0.614975932493791,0.0,0.0,1.0,1.0,0.579999095032782,0.5887538621668289,0.0,0.0,1.0,1.0,999,0,0,0,0,0,2,0,0,0,0,2,2,2,core
5c2h_5c2h_conf0,generation,qwen_4b_4e_from_bigdata_step20000,fixed,4b_4e_from_bigdata_step20000,qwen_4b_4e_from_bigdata_step20000_fixed,Qwen 4B 4e from bigdata (step 20000),qwen_4b_4e_from_bigdata_step20000_fixed,8,31,897,0.7,897,879,18,0.979933110367893,999,897,102,0.8978978978978979,"{""all_atoms_connected"":0,""bond_angles"":4,""bond_lengths"":4,""bonds"":0,""double_bond_stereochemistry"":0,""energy_ratio"":8,""file_loads"":0,""inchi_convertible"":0,""internal_steric_clash"":101,""molecular_formula"":0,""no_radicals"":0,""planar_aromatic_rings"":0,""planar_double_bonds"":0,""reference_file_loads"":0,""sanitisation"":0,""tetrahedral_chirality"":0}","{""all_atoms_connected"":0.0,""bond_angles"":0.004004004004004004,""bond_lengths"":0.004004004004004004,""bonds"":0.0,""double_bond_stereochemistry"":0.0,""energy_ratio"":0.008008008008008008,""file_loads"":0.0,""inchi_convertible"":0.0,""internal_steric_clash"":0.1011011011011011,""molecular_formula"":0.0,""no_radicals"":0.0,""planar_aromatic_rings"":0.0,""planar_double_bonds"":0.0,""reference_file_loads"":0.0,""sanitisation"":0.0,""tetrahedral_chirality"":0.0}",897,89.51509445341824,2.4978807958597313,3.4618701446536924,483.0,53.84615384615385,0.9584184361850412,0.014492753623188406,373.5462766101459,0.0036129349783559465,0.6149068322981367,129.0,14.381270903010034,0.8791935753682683,0.059085841694537344,71.7161411857513,0.02075666565996652,0.2558139534883721,17.0,1.89520624303233,0.8075198354354921,0.22965440356744704,9.85398530990567,0.1318367057788317,0.058823529411764705,3.0,0.33444816053511706,0.825418837532756,0.47157190635451507,2.476423242481852,0.43383432201230665,0.0,897,-39.79706228190349,452.90810336004074,-16.55167847381444,30.15575372601861,3.0827795705038143,3.913288908546881,0.0,0.0,0.0,0.0,3.173053484284081,4.000833199541942,0.0,0.0,0.0,0.0,999,0,0,0,0,0,999,0,0,0,0,897,1000,1000,core
5c2h_5c2h_conf0,generation,qwen_4b_4e_from_bigdata_step20000,dynamic,4b_4e_from_bigdata_step20000,qwen_4b_4e_from_bigdata_step20000_dynamic,Qwen 4B 4e from bigdata (step 20000),qwen_4b_4e_from_bigdata_step20000_dynamic,8,31,139,0.7,139,138,1,0.9928057553956835,156,139,17,0.8910256410256411,"{""all_atoms_connected"":0,""bond_angles"":0,""bond_lengths"":0,""bonds"":0,""double_bond_stereochemistry"":0,""energy_ratio"":2,""file_loads"":0,""inchi_convertible"":0,""internal_steric_clash"":17,""molecular_formula"":0,""no_radicals"":0,""planar_aromatic_rings"":0,""planar_double_bonds"":0,""reference_file_loads"":0,""sanitisation"":0,""tetrahedral_chirality"":0}","{""all_atoms_connected"":0.0,""bond_angles"":0.0,""bond_lengths"":0.0,""bonds"":0.0,""double_bond_stereochemistry"":0.0,""energy_ratio"":0.01282051282051282,""file_loads"":0.0,""inchi_convertible"":0.0,""internal_steric_clash"":0.10897435897435898,""molecular_formula"":0.0,""no_radicals"":0.0,""planar_aromatic_rings"":0.0,""planar_double_bonds"":0.0,""reference_file_loads"":0.0,""sanitisation"":0.0,""tetrahedral_chirality"":0.0}",139,89.66171019746308,2.4984326760020767,3.4363101788592196,120.0,86.33093525179856,0.9866782538680878,0.02877697841726619,112.5856193615622,0.009782102375653435,0.8833333333333333,50.0,35.97122302158273,0.9012327136647065,0.11510791366906475,33.975616620030024,0.042285595983644744,0.46,6.0,4.316546762589928,0.8611736324826156,0.381294964028777,4.678679961572537,0.2506599037316909,0.0,2.0,1.4388489208633093,0.999066426216189,0.5179856115107914,1.998706210581138,0.5006469644428342,0.0,139,-36.7268502169202,72.51763093243824,-15.513041797904727,14.56169053163072,3.1436494889534026,3.934826706976756,0.0,0.0,0.0,0.0,3.2612412647231226,4.027742901523576,0.0,0.0,0.0,0.0,999,0,0,0,0,0,156,0,0,0,0,139,156,156,core
5c2h_5c2h_conf0,generation,qwen_4b_4e_from_bigdata_step20000,chembl_count,4b_4e_from_bigdata_step20000,qwen_4b_4e_from_bigdata_step20000_chembl_count,Qwen 4B 4e from bigdata (step 20000),qwen_4b_4e_from_bigdata_step20000_chembl_count,8,31,79,0.7,79,78,1,0.9873417721518988,85,79,6,0.9294117647058824,"{""all_atoms_connected"":0,""bond_angles"":1,""bond_lengths"":1,""bonds"":0,""double_bond_stereochemistry"":0,""energy_ratio"":0,""file_loads"":0,""inchi_convertible"":0,""internal_steric_clash"":6,""molecular_formula"":0,""no_radicals"":0,""planar_aromatic_rings"":0,""planar_double_bonds"":0,""reference_file_loads"":0,""sanitisation"":0,""tetrahedral_chirality"":0}","{""all_atoms_connected"":0.0,""bond_angles"":0.011764705882352941,""bond_lengths"":0.011764705882352941,""bonds"":0.0,""double_bond_stereochemistry"":0.0,""energy_ratio"":0.0,""file_loads"":0.0,""inchi_convertible"":0.0,""internal_steric_clash"":0.07058823529411765,""molecular_formula"":0.0,""no_radicals"":0.0,""planar_aromatic_rings"":0.0,""planar_double_bonds"":0.0,""reference_file_loads"":0.0,""sanitisation"":0.0,""tetrahedral_chirality"":0.0}",79,87.82457056067227,2.572382088251949,3.503578917837223,75.0,94.9367088607595,0.9957770860879729,0.02531645569620253,73.64496177642408,0.01394007370613684,0.9466666666666667,41.0,51.89873417721519,0.9506276734707592,0.0759493670886076,34.13162500615826,0.03477006889921487,0.5365853658536586,7.0,8.860759493670885,0.8589158890815826,0.3037974683544304,5.319467188225306,0.21903541099182822,0.0,2.0,2.5316455696202533,0.9998844148717587,0.5063291139240507,1.999839771407133,0.5000801153661273,0.0,79,-33.44514857188645,36.682168991036555,-18.615990785975008,11.351642956085088,3.445039282174863,3.879047606436061,0.0,0.0,0.0,0.0,3.509123544087588,3.974182664137496,0.0,0.0,0.0,0.0,999,0,0,0,0,0,85,0,0,0,0,79,85,85,core
