mol_id,row_type,family,tier,variant,method,display_label,source,rotatable_bonds,heavy_atoms,conformer_count,clash_cutoff,clash_input_confs,clash_pass_confs,clash_fail_confs,clash_pass_rate,pb_input_confs,pb_pass_confs,pb_fail_confs,pb_pass_rate,pb_check_fail_counts_json,pb_check_fail_rates_json,post_pb_confs,mean_torsion_std_deg,pairwise_mean,pairwise_p90,greedy_clusters_0p5,clusters_per_100_0p5,cluster_entropy_0p5,largest_cluster_fraction_0p5,effective_clusters_0p5,simpson_concentration_0p5,singleton_fraction_0p5,greedy_clusters_1p0,clusters_per_100_1p0,cluster_entropy_1p0,largest_cluster_fraction_1p0,effective_clusters_1p0,simpson_concentration_1p0,singleton_fraction_1p0,greedy_clusters_2p0,clusters_per_100_2p0,cluster_entropy_2p0,largest_cluster_fraction_2p0,effective_clusters_2p0,simpson_concentration_2p0,singleton_fraction_2p0,greedy_clusters_3p0,clusters_per_100_3p0,cluster_entropy_3p0,largest_cluster_fraction_3p0,effective_clusters_3p0,simpson_concentration_3p0,singleton_fraction_3p0,energy_count,energy_min,energy_max,energy_median,energy_std,casf_best_rmsd,casf_median_rmsd,casf_hit_0p25,casf_hit_0p5,casf_hit_0p75,casf_hit_2p0,casf_opt_best_rmsd,casf_opt_median_rmsd,casf_opt_hit_0p25,casf_opt_hit_0p5,casf_opt_hit_0p75,casf_opt_hit_2p0,generated_candidates,finite_rejected,clash_rejected,bond_rejected,stereo_rejected,rmsd_rejected,pre_clash_passed,minimization_input_confs,minimization_failed,minimization_invalid,post_min_clash_rejected,kept_confs,num_target_confs,target_confs,ligand_set
1bcu_1bcu_conf0,generation,qwen_1p7b_4e_step29600,fixed,1p7b_4e_step29600,qwen_1p7b_4e_step29600_fixed,Qwen 1.7B 4e (step 29600),qwen_1p7b_4e_step29600_fixed,2,16,1000,0.7,1000,1000,0,1.0,1000,1000,0,1.0,"{""all_atoms_connected"":0,""bond_angles"":0,""bond_lengths"":0,""bonds"":0,""double_bond_stereochemistry"":0,""energy_ratio"":0,""file_loads"":0,""inchi_convertible"":0,""internal_steric_clash"":0,""molecular_formula"":0,""no_radicals"":0,""planar_aromatic_rings"":0,""planar_double_bonds"":0,""reference_file_loads"":0,""sanitisation"":0,""tetrahedral_chirality"":0}","{""all_atoms_connected"":0.0,""bond_angles"":0.0,""bond_lengths"":0.0,""bonds"":0.0,""double_bond_stereochemistry"":0.0,""energy_ratio"":0.0,""file_loads"":0.0,""inchi_convertible"":0.0,""internal_steric_clash"":0.0,""molecular_formula"":0.0,""no_radicals"":0.0,""planar_aromatic_rings"":0.0,""planar_double_bonds"":0.0,""reference_file_loads"":0.0,""sanitisation"":0.0,""tetrahedral_chirality"":0.0}",1000,,0.058248302257653845,0.07193043501411191,1.0,0.1,0.0,1.0,1.0,1.0,0.0,1.0,0.1,0.0,1.0,1.0,1.0,0.0,1.0,0.1,0.0,1.0,1.0,1.0,0.0,1.0,0.1,0.0,1.0,1.0,1.0,0.0,1000,42.66855906143419,88.53017955435799,55.39942937347277,5.92826368826005,0.054624586459179794,0.07549645694433707,1.0,1.0,1.0,1.0,0.044375436384905716,0.06510467521666016,1.0,1.0,1.0,1.0,1000,0,0,0,0,0,1000,0,0,0,0,1000,1000,1000,core
1bcu_1bcu_conf0,generation,qwen_1p7b_4e_step29600,dynamic,1p7b_4e_step29600,qwen_1p7b_4e_step29600_dynamic,Qwen 1.7B 4e (step 29600),qwen_1p7b_4e_step29600_dynamic,2,16,24,0.7,24,24,0,1.0,24,24,0,1.0,"{""all_atoms_connected"":0,""bond_angles"":0,""bond_lengths"":0,""bonds"":0,""double_bond_stereochemistry"":0,""energy_ratio"":0,""file_loads"":0,""inchi_convertible"":0,""internal_steric_clash"":0,""molecular_formula"":0,""no_radicals"":0,""planar_aromatic_rings"":0,""planar_double_bonds"":0,""reference_file_loads"":0,""sanitisation"":0,""tetrahedral_chirality"":0}","{""all_atoms_connected"":0.0,""bond_angles"":0.0,""bond_lengths"":0.0,""bonds"":0.0,""double_bond_stereochemistry"":0.0,""energy_ratio"":0.0,""file_loads"":0.0,""inchi_convertible"":0.0,""internal_steric_clash"":0.0,""molecular_formula"":0.0,""no_radicals"":0.0,""planar_aromatic_rings"":0.0,""planar_double_bonds"":0.0,""reference_file_loads"":0.0,""sanitisation"":0.0,""tetrahedral_chirality"":0.0}",24,,0.06054009986743074,0.07439428705705703,1.0,4.166666666666667,0.0,1.0,1.0,1.0,0.0,1.0,4.166666666666667,0.0,1.0,1.0,1.0,0.0,1.0,4.166666666666667,0.0,1.0,1.0,1.0,0.0,1.0,4.166666666666667,0.0,1.0,1.0,1.0,0.0,24,45.707383399213576,67.58441497925567,55.049538424964766,5.903520588135421,0.06170482985381181,0.07138971634315319,1.0,1.0,1.0,1.0,0.05295698615129065,0.06230048128350965,1.0,1.0,1.0,1.0,1000,0,0,0,0,0,24,0,0,0,0,24,24,24,core
1bcu_1bcu_conf0,generation,qwen_1p7b_4e_step29600,chembl_count,1p7b_4e_step29600,qwen_1p7b_4e_step29600_chembl_count,Qwen 1.7B 4e (step 29600),qwen_1p7b_4e_step29600_chembl_count,2,16,1,0.7,1,1,0,1.0,1,1,0,1.0,"{""all_atoms_connected"":0,""bond_angles"":0,""bond_lengths"":0,""bonds"":0,""double_bond_stereochemistry"":0,""energy_ratio"":0,""file_loads"":0,""inchi_convertible"":0,""internal_steric_clash"":0,""molecular_formula"":0,""no_radicals"":0,""planar_aromatic_rings"":0,""planar_double_bonds"":0,""reference_file_loads"":0,""sanitisation"":0,""tetrahedral_chirality"":0}","{""all_atoms_connected"":0.0,""bond_angles"":0.0,""bond_lengths"":0.0,""bonds"":0.0,""double_bond_stereochemistry"":0.0,""energy_ratio"":0.0,""file_loads"":0.0,""inchi_convertible"":0.0,""internal_steric_clash"":0.0,""molecular_formula"":0.0,""no_radicals"":0.0,""planar_aromatic_rings"":0.0,""planar_double_bonds"":0.0,""reference_file_loads"":0.0,""sanitisation"":0.0,""tetrahedral_chirality"":0.0}",1,,,,1.0,100.0,0.0,1.0,1.0,1.0,1.0,1.0,100.0,0.0,1.0,1.0,1.0,1.0,1.0,100.0,0.0,1.0,1.0,1.0,1.0,1.0,100.0,0.0,1.0,1.0,1.0,1.0,1,53.81933195843169,53.81933195843169,53.81933195843169,0.0,0.0630965103698316,0.0630965103698316,1.0,1.0,1.0,1.0,0.05953771613749882,0.05953771613749882,1.0,1.0,1.0,1.0,1000,0,0,0,0,0,1,0,0,0,0,1,1,1,core
1c5z_1c5z_conf0,generation,qwen_1p7b_4e_step29600,fixed,1p7b_4e_step29600,qwen_1p7b_4e_step29600_fixed,Qwen 1.7B 4e (step 29600),qwen_1p7b_4e_step29600_fixed,1,9,996,0.7,996,996,0,1.0,1000,996,4,0.996,"{""all_atoms_connected"":0,""bond_angles"":1,""bond_lengths"":1,""bonds"":0,""double_bond_stereochemistry"":0,""energy_ratio"":4,""file_loads"":0,""inchi_convertible"":0,""internal_steric_clash"":1,""molecular_formula"":0,""no_radicals"":0,""planar_aromatic_rings"":0,""planar_double_bonds"":0,""reference_file_loads"":0,""sanitisation"":0,""tetrahedral_chirality"":0}","{""all_atoms_connected"":0.0,""bond_angles"":0.001,""bond_lengths"":0.001,""bonds"":0.0,""double_bond_stereochemistry"":0.0,""energy_ratio"":0.004,""file_loads"":0.0,""inchi_convertible"":0.0,""internal_steric_clash"":0.001,""molecular_formula"":0.0,""no_radicals"":0.0,""planar_aromatic_rings"":0.0,""planar_double_bonds"":0.0,""reference_file_loads"":0.0,""sanitisation"":0.0,""tetrahedral_chirality"":0.0}",996,113.3111103409177,0.1403477569122072,0.32130728248051255,2.0,0.20080321285140562,0.11873167080049139,0.9839357429718876,1.085779891571207,0.9683876066515056,0.0,1.0,0.10040160642570281,0.0,1.0,1.0,1.0,0.0,1.0,0.10040160642570281,0.0,1.0,1.0,1.0,0.0,1.0,0.10040160642570281,0.0,1.0,1.0,1.0,0.0,996,19.083734325696053,38.427794719255594,24.679414735569704,2.968194529215349,0.027589249042618915,0.08500653713686246,1.0,1.0,1.0,1.0,0.06242604407005349,0.0933084679256467,1.0,1.0,1.0,1.0,1000,0,0,0,0,0,1000,0,0,0,0,996,1000,1000,core
1c5z_1c5z_conf0,generation,qwen_1p7b_4e_step29600,dynamic,1p7b_4e_step29600,qwen_1p7b_4e_step29600_dynamic,Qwen 1.7B 4e (step 29600),qwen_1p7b_4e_step29600_dynamic,1,9,2,0.7,2,2,0,1.0,2,2,0,1.0,"{""all_atoms_connected"":0,""bond_angles"":0,""bond_lengths"":0,""bonds"":0,""double_bond_stereochemistry"":0,""energy_ratio"":0,""file_loads"":0,""inchi_convertible"":0,""internal_steric_clash"":0,""molecular_formula"":0,""no_radicals"":0,""planar_aromatic_rings"":0,""planar_double_bonds"":0,""reference_file_loads"":0,""sanitisation"":0,""tetrahedral_chirality"":0}","{""all_atoms_connected"":0.0,""bond_angles"":0.0,""bond_lengths"":0.0,""bonds"":0.0,""double_bond_stereochemistry"":0.0,""energy_ratio"":0.0,""file_loads"":0.0,""inchi_convertible"":0.0,""internal_steric_clash"":0.0,""molecular_formula"":0.0,""no_radicals"":0.0,""planar_aromatic_rings"":0.0,""planar_double_bonds"":0.0,""reference_file_loads"":0.0,""sanitisation"":0.0,""tetrahedral_chirality"":0.0}",2,0.0,0.035427308177140494,0.035427308177140494,1.0,50.0,0.0,1.0,1.0,1.0,0.0,1.0,50.0,0.0,1.0,1.0,1.0,0.0,1.0,50.0,0.0,1.0,1.0,1.0,0.0,1.0,50.0,0.0,1.0,1.0,1.0,0.0,2,21.44545913224868,23.188422131415486,22.316940631832082,0.8714814995834033,0.07535437487353075,0.07851840029128979,1.0,1.0,1.0,1.0,0.08291917176311861,0.08408769311442874,1.0,1.0,1.0,1.0,1000,0,0,0,0,0,2,0,0,0,0,2,2,2,core
1c5z_1c5z_conf0,generation,qwen_1p7b_4e_step29600,chembl_count,1p7b_4e_step29600,qwen_1p7b_4e_step29600_chembl_count,Qwen 1.7B 4e (step 29600),qwen_1p7b_4e_step29600_chembl_count,1,9,1,0.7,1,1,0,1.0,1,1,0,1.0,"{""all_atoms_connected"":0,""bond_angles"":0,""bond_lengths"":0,""bonds"":0,""double_bond_stereochemistry"":0,""energy_ratio"":0,""file_loads"":0,""inchi_convertible"":0,""internal_steric_clash"":0,""molecular_formula"":0,""no_radicals"":0,""planar_aromatic_rings"":0,""planar_double_bonds"":0,""reference_file_loads"":0,""sanitisation"":0,""tetrahedral_chirality"":0}","{""all_atoms_connected"":0.0,""bond_angles"":0.0,""bond_lengths"":0.0,""bonds"":0.0,""double_bond_stereochemistry"":0.0,""energy_ratio"":0.0,""file_loads"":0.0,""inchi_convertible"":0.0,""internal_steric_clash"":0.0,""molecular_formula"":0.0,""no_radicals"":0.0,""planar_aromatic_rings"":0.0,""planar_double_bonds"":0.0,""reference_file_loads"":0.0,""sanitisation"":0.0,""tetrahedral_chirality"":0.0}",1,0.0,,,1.0,100.0,0.0,1.0,1.0,1.0,1.0,1.0,100.0,0.0,1.0,1.0,1.0,1.0,1.0,100.0,0.0,1.0,1.0,1.0,1.0,1.0,100.0,0.0,1.0,1.0,1.0,1.0,1,33.557856279223614,33.557856279223614,33.557856279223614,0.0,0.3827817248202078,0.3827817248202078,0.0,1.0,1.0,1.0,0.4317763510084545,0.4317763510084545,0.0,1.0,1.0,1.0,1000,0,0,0,0,0,1,0,0,0,0,1,1,1,core
1lpg_1lpg_conf0,generation,qwen_1p7b_4e_step29600,fixed,1p7b_4e_step29600,qwen_1p7b_4e_step29600_fixed,Qwen 1.7B 4e (step 29600),qwen_1p7b_4e_step29600_fixed,10,41,558,0.7,558,544,14,0.974910394265233,1000,558,442,0.558,"{""all_atoms_connected"":0,""bond_angles"":33,""bond_lengths"":33,""bonds"":0,""double_bond_stereochemistry"":0,""energy_ratio"":143,""file_loads"":0,""inchi_convertible"":0,""internal_steric_clash"":432,""molecular_formula"":0,""no_radicals"":0,""planar_aromatic_rings"":11,""planar_double_bonds"":0,""reference_file_loads"":0,""sanitisation"":0,""tetrahedral_chirality"":0}","{""all_atoms_connected"":0.0,""bond_angles"":0.033,""bond_lengths"":0.033,""bonds"":0.0,""double_bond_stereochemistry"":0.0,""energy_ratio"":0.143,""file_loads"":0.0,""inchi_convertible"":0.0,""internal_steric_clash"":0.432,""molecular_formula"":0.0,""no_radicals"":0.0,""planar_aromatic_rings"":0.011,""planar_double_bonds"":0.0,""reference_file_loads"":0.0,""sanitisation"":0.0,""tetrahedral_chirality"":0.0}",558,91.1211620855231,2.9020958527061,3.661675784805996,540.0,96.7741935483871,0.9979548709521114,0.005376344086021506,533.0962922626752,0.0019141583484282062,0.9685185185185186,302.0,54.121863799283155,0.949108980803311,0.02867383512544803,225.8379183219683,0.006564663866085995,0.6225165562913907,32.0,5.734767025089606,0.9055084464825753,0.10215053763440861,23.063542712920867,0.05226037692218754,0.0625,6.0,1.075268817204301,0.8626737099807649,0.3387096774193548,4.6912721298279845,0.2406443904883031,0.0,558,113.63362517290474,44584.746677690266,163.5375586532424,1879.0308805836296,1.2110211558579547,2.9354723021122116,0.0,0.0,0.0,1.0,1.273992936324441,2.9939508690397245,0.0,0.0,0.0,1.0,1000,0,0,0,0,0,1000,0,0,0,0,558,1000,1000,core
1lpg_1lpg_conf0,generation,qwen_1p7b_4e_step29600,dynamic,1p7b_4e_step29600,qwen_1p7b_4e_step29600_dynamic,Qwen 1.7B 4e (step 29600),qwen_1p7b_4e_step29600_dynamic,10,41,112,0.7,112,110,2,0.9821428571428571,200,112,88,0.56,"{""all_atoms_connected"":0,""bond_angles"":7,""bond_lengths"":6,""bonds"":0,""double_bond_stereochemistry"":0,""energy_ratio"":35,""file_loads"":0,""inchi_convertible"":0,""internal_steric_clash"":85,""molecular_formula"":0,""no_radicals"":0,""planar_aromatic_rings"":2,""planar_double_bonds"":0,""reference_file_loads"":0,""sanitisation"":0,""tetrahedral_chirality"":0}","{""all_atoms_connected"":0.0,""bond_angles"":0.035,""bond_lengths"":0.03,""bonds"":0.0,""double_bond_stereochemistry"":0.0,""energy_ratio"":0.175,""file_loads"":0.0,""inchi_convertible"":0.0,""internal_steric_clash"":0.425,""molecular_formula"":0.0,""no_radicals"":0.0,""planar_aromatic_rings"":0.01,""planar_double_bonds"":0.0,""reference_file_loads"":0.0,""sanitisation"":0.0,""tetrahedral_chirality"":0.0}",112,90.50249830839675,2.875471128684495,3.6438533419843346,112.0,100.0,1.0000000000000002,0.008928571428571428,112.00000000000006,0.008928571428571428,1.0,89.0,79.46428571428571,0.9801895467637517,0.03571428571428571,81.42761359494784,0.013871173469387755,0.8089887640449438,23.0,20.535714285714285,0.924667325011915,0.11607142857142858,18.161229038844493,0.06457270408163263,0.13043478260869565,4.0,3.5714285714285716,0.9893352803683181,0.3125,3.9412972501733843,0.25749362244897955,0.0,112,113.63362517290474,388.7064509641143,159.8515187195121,34.286607203545145,1.830030428529374,2.8862699087641026,0.0,0.0,0.0,1.0,1.8375843872678645,2.9185196805805207,0.0,0.0,0.0,1.0,1000,0,0,0,0,0,200,0,0,0,0,112,200,200,core
1lpg_1lpg_conf0,generation,qwen_1p7b_4e_step29600,chembl_count,1p7b_4e_step29600,qwen_1p7b_4e_step29600_chembl_count,Qwen 1.7B 4e (step 29600),qwen_1p7b_4e_step29600_chembl_count,10,41,113,0.7,113,109,4,0.9646017699115044,193,113,80,0.5854922279792746,"{""all_atoms_connected"":0,""bond_angles"":6,""bond_lengths"":5,""bonds"":0,""double_bond_stereochemistry"":0,""energy_ratio"":25,""file_loads"":0,""inchi_convertible"":0,""internal_steric_clash"":79,""molecular_formula"":0,""no_radicals"":0,""planar_aromatic_rings"":1,""planar_double_bonds"":0,""reference_file_loads"":0,""sanitisation"":0,""tetrahedral_chirality"":0}","{""all_atoms_connected"":0.0,""bond_angles"":0.031088082901554404,""bond_lengths"":0.025906735751295335,""bonds"":0.0,""double_bond_stereochemistry"":0.0,""energy_ratio"":0.12953367875647667,""file_loads"":0.0,""inchi_convertible"":0.0,""internal_steric_clash"":0.40932642487046633,""molecular_formula"":0.0,""no_radicals"":0.0,""planar_aromatic_rings"":0.0051813471502590676,""planar_double_bonds"":0.0,""reference_file_loads"":0.0,""sanitisation"":0.0,""tetrahedral_chirality"":0.0}",113,90.48106295915126,2.8669026239569546,3.6386552176215363,111.0,98.23008849557522,0.998581903991021,0.017699115044247787,110.26114915424844,0.009162816195473414,0.9819819819819819,86.0,76.10619469026548,0.9757264682226252,0.04424778761061947,77.18649879107787,0.014958101652439507,0.7906976744186046,21.0,18.58407079646018,0.9141514250117452,0.12389380530973451,16.169949086184634,0.07463387892552277,0.19047619047619047,4.0,3.5398230088495577,0.9307671859211069,0.4247787610619469,3.633939426753857,0.2998668650638265,0.0,113,113.63362517290474,765.7406588982366,162.60822924639245,64.60041456290926,1.8277388884799466,2.9511899664343044,0.0,0.0,0.0,1.0,1.8375843872678645,3.017699246132424,0.0,0.0,0.0,1.0,1000,0,0,0,0,0,193,0,0,0,0,113,193,193,core
1mq6_1mq6_conf0,generation,qwen_1p7b_4e_step29600,fixed,1p7b_4e_step29600,qwen_1p7b_4e_step29600_fixed,Qwen 1.7B 4e (step 29600),qwen_1p7b_4e_step29600_fixed,7,36,744,0.7,744,728,16,0.978494623655914,999,744,255,0.7447447447447447,"{""all_atoms_connected"":0,""bond_angles"":2,""bond_lengths"":3,""bonds"":0,""double_bond_stereochemistry"":0,""energy_ratio"":28,""file_loads"":0,""inchi_convertible"":0,""internal_steric_clash"":254,""molecular_formula"":0,""no_radicals"":0,""planar_aromatic_rings"":0,""planar_double_bonds"":0,""reference_file_loads"":0,""sanitisation"":0,""tetrahedral_chirality"":0}","{""all_atoms_connected"":0.0,""bond_angles"":0.002002002002002002,""bond_lengths"":0.003003003003003003,""bonds"":0.0,""double_bond_stereochemistry"":0.0,""energy_ratio"":0.028028028028028028,""file_loads"":0.0,""inchi_convertible"":0.0,""internal_steric_clash"":0.25425425425425424,""molecular_formula"":0.0,""no_radicals"":0.0,""planar_aromatic_rings"":0.0,""planar_double_bonds"":0.0,""reference_file_loads"":0.0,""sanitisation"":0.0,""tetrahedral_chirality"":0.0}",744,91.36552398709281,2.136192725734875,2.7161419210553897,515.0,69.22043010752688,0.9695263250124849,0.01478494623655914,425.7635681969969,0.0031578795236443524,0.7708737864077669,190.0,25.537634408602152,0.903821360879326,0.04704301075268817,114.70601196665785,0.013177101399005665,0.41578947368421054,16.0,2.150537634408602,0.716693374465888,0.26344086021505375,7.294320030990569,0.17154078506185688,0.0,3.0,0.4032258064516129,0.5798968750634458,0.6868279569892473,1.8909546986661485,0.5681401029020695,0.0,744,2.136782885655812,54640.7614291208,30.523945320992432,2004.633239550198,1.6511735044714857,2.6732409356401763,0.0,0.0,0.0,1.0,1.5400550588757886,2.621260983708215,0.0,0.0,0.0,1.0,999,0,0,0,0,0,999,0,0,0,0,744,1000,1000,core
1mq6_1mq6_conf0,generation,qwen_1p7b_4e_step29600,dynamic,1p7b_4e_step29600,qwen_1p7b_4e_step29600_dynamic,Qwen 1.7B 4e (step 29600),qwen_1p7b_4e_step29600_dynamic,7,36,92,0.7,92,89,3,0.967391304347826,134,92,42,0.6865671641791045,"{""all_atoms_connected"":0,""bond_angles"":0,""bond_lengths"":0,""bonds"":0,""double_bond_stereochemistry"":0,""energy_ratio"":7,""file_loads"":0,""inchi_convertible"":0,""internal_steric_clash"":42,""molecular_formula"":0,""no_radicals"":0,""planar_aromatic_rings"":0,""planar_double_bonds"":0,""reference_file_loads"":0,""sanitisation"":0,""tetrahedral_chirality"":0}","{""all_atoms_connected"":0.0,""bond_angles"":0.0,""bond_lengths"":0.0,""bonds"":0.0,""double_bond_stereochemistry"":0.0,""energy_ratio"":0.05223880597014925,""file_loads"":0.0,""inchi_convertible"":0.0,""internal_steric_clash"":0.31343283582089554,""molecular_formula"":0.0,""no_radicals"":0.0,""planar_aromatic_rings"":0.0,""planar_double_bonds"":0.0,""reference_file_loads"":0.0,""sanitisation"":0.0,""tetrahedral_chirality"":0.0}",92,88.80048600230342,2.1338401592765233,2.703207221311496,89.0,96.73913043478261,0.9973147649761832,0.021739130434782608,87.93371800099051,0.011578449905482043,0.9662921348314607,53.0,57.608695652173914,0.9651784678724452,0.043478260869565216,46.15661400794423,0.024574669187145563,0.5660377358490566,8.0,8.695652173913043,0.8677976000602841,0.22826086956521738,6.07714114714838,0.1791115311909263,0.125,1.0,1.0869565217391304,0.0,1.0,1.0,1.0,0.0,92,9.793174826557113,158.5719205103529,34.175349808569464,21.190436386216554,1.8935227637171501,2.6042506189436616,0.0,0.0,0.0,1.0,1.8139168788002797,2.5805935497858172,0.0,0.0,0.0,1.0,999,0,0,0,0,0,134,0,0,0,0,92,134,134,core
1mq6_1mq6_conf0,generation,qwen_1p7b_4e_step29600,chembl_count,1p7b_4e_step29600,qwen_1p7b_4e_step29600_chembl_count,Qwen 1.7B 4e (step 29600),qwen_1p7b_4e_step29600_chembl_count,7,36,10,0.7,10,10,0,1.0,12,10,2,0.8333333333333334,"{""all_atoms_connected"":0,""bond_angles"":0,""bond_lengths"":0,""bonds"":0,""double_bond_stereochemistry"":0,""energy_ratio"":0,""file_loads"":0,""inchi_convertible"":0,""internal_steric_clash"":2,""molecular_formula"":0,""no_radicals"":0,""planar_aromatic_rings"":0,""planar_double_bonds"":0,""reference_file_loads"":0,""sanitisation"":0,""tetrahedral_chirality"":0}","{""all_atoms_connected"":0.0,""bond_angles"":0.0,""bond_lengths"":0.0,""bonds"":0.0,""double_bond_stereochemistry"":0.0,""energy_ratio"":0.0,""file_loads"":0.0,""inchi_convertible"":0.0,""internal_steric_clash"":0.16666666666666666,""molecular_formula"":0.0,""no_radicals"":0.0,""planar_aromatic_rings"":0.0,""planar_double_bonds"":0.0,""reference_file_loads"":0.0,""sanitisation"":0.0,""tetrahedral_chirality"":0.0}",10,84.98347202373319,2.238264980736318,2.8292439610852878,10.0,100.0,0.9999999999999998,0.1,9.999999999999998,0.10000000000000003,1.0,10.0,100.0,0.9999999999999998,0.1,9.999999999999998,0.10000000000000003,1.0,4.0,40.0,0.9232196723355078,0.4,3.5961154666243225,0.30000000000000004,0.25,1.0,10.0,0.0,1.0,1.0,1.0,0.0,10,14.881598048145321,76.77960751858996,34.191240051031386,16.620698065998862,2.050838417450524,2.704265183387955,0.0,0.0,0.0,0.0,1.940878102047051,2.6442247660276443,0.0,0.0,0.0,1.0,999,0,0,0,0,0,12,0,0,0,0,10,12,12,core
1nc3_1nc3_conf0,generation,qwen_1p7b_4e_step29600,fixed,1p7b_4e_step29600,qwen_1p7b_4e_step29600_fixed,Qwen 1.7B 4e (step 29600),qwen_1p7b_4e_step29600_fixed,6,19,0,0.7,0,0,0,,1000,0,1000,0.0,"{""all_atoms_connected"":0,""bond_angles"":1,""bond_lengths"":0,""bonds"":0,""double_bond_stereochemistry"":0,""energy_ratio"":0,""file_loads"":0,""inchi_convertible"":0,""internal_steric_clash"":6,""molecular_formula"":0,""no_radicals"":0,""planar_aromatic_rings"":0,""planar_double_bonds"":0,""reference_file_loads"":0,""sanitisation"":0,""tetrahedral_chirality"":1000}","{""all_atoms_connected"":0.0,""bond_angles"":0.001,""bond_lengths"":0.0,""bonds"":0.0,""double_bond_stereochemistry"":0.0,""energy_ratio"":0.0,""file_loads"":0.0,""inchi_convertible"":0.0,""internal_steric_clash"":0.006,""molecular_formula"":0.0,""no_radicals"":0.0,""planar_aromatic_rings"":0.0,""planar_double_bonds"":0.0,""reference_file_loads"":0.0,""sanitisation"":0.0,""tetrahedral_chirality"":1.0}",0,,,,,,,,,,,,,,,,,,,,,,,,,,,,,,,,0,,,,,,,,,,,,,,,,,1000,0,0,0,0,0,1000,0,0,0,0,0,1000,1000,core
1nc3_1nc3_conf0,generation,qwen_1p7b_4e_step29600,dynamic,1p7b_4e_step29600,qwen_1p7b_4e_step29600_dynamic,Qwen 1.7B 4e (step 29600),qwen_1p7b_4e_step29600_dynamic,6,19,0,0.7,0,0,0,,112,0,112,0.0,"{""all_atoms_connected"":0,""bond_angles"":0,""bond_lengths"":0,""bonds"":0,""double_bond_stereochemistry"":0,""energy_ratio"":0,""file_loads"":0,""inchi_convertible"":0,""internal_steric_clash"":0,""molecular_formula"":0,""no_radicals"":0,""planar_aromatic_rings"":0,""planar_double_bonds"":0,""reference_file_loads"":0,""sanitisation"":0,""tetrahedral_chirality"":112}","{""all_atoms_connected"":0.0,""bond_angles"":0.0,""bond_lengths"":0.0,""bonds"":0.0,""double_bond_stereochemistry"":0.0,""energy_ratio"":0.0,""file_loads"":0.0,""inchi_convertible"":0.0,""internal_steric_clash"":0.0,""molecular_formula"":0.0,""no_radicals"":0.0,""planar_aromatic_rings"":0.0,""planar_double_bonds"":0.0,""reference_file_loads"":0.0,""sanitisation"":0.0,""tetrahedral_chirality"":1.0}",0,,,,,,,,,,,,,,,,,,,,,,,,,,,,,,,,0,,,,,,,,,,,,,,,,,1000,0,0,0,0,0,112,0,0,0,0,0,112,112,core
1nc3_1nc3_conf0,generation,qwen_1p7b_4e_step29600,chembl_count,1p7b_4e_step29600,qwen_1p7b_4e_step29600_chembl_count,Qwen 1.7B 4e (step 29600),qwen_1p7b_4e_step29600_chembl_count,6,19,0,0.7,0,0,0,,1000,0,1000,0.0,"{""all_atoms_connected"":0,""bond_angles"":1,""bond_lengths"":0,""bonds"":0,""double_bond_stereochemistry"":0,""energy_ratio"":0,""file_loads"":0,""inchi_convertible"":0,""internal_steric_clash"":6,""molecular_formula"":0,""no_radicals"":0,""planar_aromatic_rings"":0,""planar_double_bonds"":0,""reference_file_loads"":0,""sanitisation"":0,""tetrahedral_chirality"":1000}","{""all_atoms_connected"":0.0,""bond_angles"":0.001,""bond_lengths"":0.0,""bonds"":0.0,""double_bond_stereochemistry"":0.0,""energy_ratio"":0.0,""file_loads"":0.0,""inchi_convertible"":0.0,""internal_steric_clash"":0.006,""molecular_formula"":0.0,""no_radicals"":0.0,""planar_aromatic_rings"":0.0,""planar_double_bonds"":0.0,""reference_file_loads"":0.0,""sanitisation"":0.0,""tetrahedral_chirality"":1.0}",0,,,,,,,,,,,,,,,,,,,,,,,,,,,,,,,,0,,,,,,,,,,,,,,,,,1000,0,0,0,0,0,1000,0,0,0,0,0,1567,1567,core
1o3f_1o3f_conf0,generation,qwen_1p7b_4e_step29600,fixed,1p7b_4e_step29600,qwen_1p7b_4e_step29600_fixed,Qwen 1.7B 4e (step 29600),qwen_1p7b_4e_step29600_fixed,4,25,962,0.7,962,962,0,1.0,986,962,24,0.9756592292089248,"{""all_atoms_connected"":0,""bond_angles"":11,""bond_lengths"":6,""bonds"":0,""double_bond_stereochemistry"":0,""energy_ratio"":8,""file_loads"":0,""inchi_convertible"":0,""internal_steric_clash"":12,""molecular_formula"":0,""no_radicals"":0,""planar_aromatic_rings"":14,""planar_double_bonds"":0,""reference_file_loads"":0,""sanitisation"":0,""tetrahedral_chirality"":0}","{""all_atoms_connected"":0.0,""bond_angles"":0.011156186612576065,""bond_lengths"":0.006085192697768763,""bonds"":0.0,""double_bond_stereochemistry"":0.0,""energy_ratio"":0.008113590263691683,""file_loads"":0.0,""inchi_convertible"":0.0,""internal_steric_clash"":0.012170385395537525,""molecular_formula"":0.0,""no_radicals"":0.0,""planar_aromatic_rings"":0.014198782961460446,""planar_double_bonds"":0.0,""reference_file_loads"":0.0,""sanitisation"":0.0,""tetrahedral_chirality"":0.0}",962,105.59676524554216,1.0544891146918438,1.4981262011568555,42.0,4.365904365904366,0.869019448875673,0.1288981288981289,25.741580216601474,0.05342516673078005,0.11904761904761904,7.0,0.7276507276507277,0.8510576233139546,0.3128898128898129,5.238743432604299,0.2130026236055342,0.0,1.0,0.10395010395010396,0.0,1.0,1.0,1.0,0.0,1.0,0.10395010395010396,0.0,1.0,1.0,1.0,0.0,962,71.54180444665417,164.55233147323742,85.30093570653057,12.431008209995369,0.16587330566567057,1.188518360775049,1.0,1.0,1.0,1.0,0.1599804658066369,1.186508241239819,1.0,1.0,1.0,1.0,986,0,0,0,0,0,986,0,0,0,0,962,1000,1000,core
1o3f_1o3f_conf0,generation,qwen_1p7b_4e_step29600,dynamic,1p7b_4e_step29600,qwen_1p7b_4e_step29600_dynamic,Qwen 1.7B 4e (step 29600),qwen_1p7b_4e_step29600_dynamic,4,25,67,0.7,67,67,0,1.0,68,67,1,0.9852941176470588,"{""all_atoms_connected"":0,""bond_angles"":0,""bond_lengths"":0,""bonds"":0,""double_bond_stereochemistry"":0,""energy_ratio"":0,""file_loads"":0,""inchi_convertible"":0,""internal_steric_clash"":0,""molecular_formula"":0,""no_radicals"":0,""planar_aromatic_rings"":1,""planar_double_bonds"":0,""reference_file_loads"":0,""sanitisation"":0,""tetrahedral_chirality"":0}","{""all_atoms_connected"":0.0,""bond_angles"":0.0,""bond_lengths"":0.0,""bonds"":0.0,""double_bond_stereochemistry"":0.0,""energy_ratio"":0.0,""file_loads"":0.0,""inchi_convertible"":0.0,""internal_steric_clash"":0.0,""molecular_formula"":0.0,""no_radicals"":0.0,""planar_aromatic_rings"":0.014705882352941176,""planar_double_bonds"":0.0,""reference_file_loads"":0.0,""sanitisation"":0.0,""tetrahedral_chirality"":0.0}",67,101.14439948718136,1.0538552401200196,1.507609498578824,19.0,28.35820895522388,0.9129259220389988,0.16417910447761194,14.703045805026683,0.08309200267320116,0.2631578947368421,5.0,7.462686567164179,0.9728957300306263,0.29850746268656714,4.78657571035541,0.21808866117175318,0.0,1.0,1.492537313432836,0.0,1.0,1.0,1.0,0.0,1.0,1.492537313432836,0.0,1.0,1.0,1.0,0.0,67,72.51446590564848,137.76065517947717,85.2697036119279,12.629924127656766,0.3313185231336234,1.3148719857401012,0.0,1.0,1.0,1.0,0.29334460029271797,1.303029044303027,0.0,1.0,1.0,1.0,986,0,0,0,0,0,68,0,0,0,0,67,68,68,core
1o3f_1o3f_conf0,generation,qwen_1p7b_4e_step29600,chembl_count,1p7b_4e_step29600,qwen_1p7b_4e_step29600_chembl_count,Qwen 1.7B 4e (step 29600),qwen_1p7b_4e_step29600_chembl_count,4,25,30,0.7,30,30,0,1.0,31,30,1,0.967741935483871,"{""all_atoms_connected"":0,""bond_angles"":0,""bond_lengths"":0,""bonds"":0,""double_bond_stereochemistry"":0,""energy_ratio"":0,""file_loads"":0,""inchi_convertible"":0,""internal_steric_clash"":0,""molecular_formula"":0,""no_radicals"":0,""planar_aromatic_rings"":1,""planar_double_bonds"":0,""reference_file_loads"":0,""sanitisation"":0,""tetrahedral_chirality"":0}","{""all_atoms_connected"":0.0,""bond_angles"":0.0,""bond_lengths"":0.0,""bonds"":0.0,""double_bond_stereochemistry"":0.0,""energy_ratio"":0.0,""file_loads"":0.0,""inchi_convertible"":0.0,""internal_steric_clash"":0.0,""molecular_formula"":0.0,""no_radicals"":0.0,""planar_aromatic_rings"":0.03225806451612903,""planar_double_bonds"":0.0,""reference_file_loads"":0.0,""sanitisation"":0.0,""tetrahedral_chirality"":0.0}",30,103.77738948194026,0.9846991946490827,1.5341396391574305,12.0,40.0,0.8818519940127376,0.26666666666666666,8.94701434639717,0.14222222222222225,0.5,3.0,10.0,0.7896900821428474,0.6666666666666666,2.381101577952299,0.5,0.0,1.0,3.3333333333333335,0.0,1.0,1.0,1.0,0.0,1.0,3.3333333333333335,0.0,1.0,1.0,1.0,0.0,30,74.90879782711986,130.33675909668702,85.00653328632731,13.79317543010153,0.2566107563079138,1.3562433064961377,0.0,1.0,1.0,1.0,0.2896210923585462,1.3418649571896082,0.0,1.0,1.0,1.0,986,0,0,0,0,0,31,0,0,0,0,30,31,31,core
1o5b_1o5b_conf0,generation,qwen_1p7b_4e_step29600,fixed,1p7b_4e_step29600,qwen_1p7b_4e_step29600_fixed,Qwen 1.7B 4e (step 29600),qwen_1p7b_4e_step29600_fixed,1,13,976,0.7,976,976,0,1.0,995,976,19,0.9809045226130654,"{""all_atoms_connected"":0,""bond_angles"":19,""bond_lengths"":17,""bonds"":0,""double_bond_stereochemistry"":0,""energy_ratio"":10,""file_loads"":0,""inchi_convertible"":0,""internal_steric_clash"":15,""molecular_formula"":0,""no_radicals"":0,""planar_aromatic_rings"":3,""planar_double_bonds"":0,""reference_file_loads"":0,""sanitisation"":0,""tetrahedral_chirality"":0}","{""all_atoms_connected"":0.0,""bond_angles"":0.019095477386934675,""bond_lengths"":0.017085427135678392,""bonds"":0.0,""double_bond_stereochemistry"":0.0,""energy_ratio"":0.010050251256281407,""file_loads"":0.0,""inchi_convertible"":0.0,""internal_steric_clash"":0.01507537688442211,""molecular_formula"":0.0,""no_radicals"":0.0,""planar_aromatic_rings"":0.003015075376884422,""planar_double_bonds"":0.0,""reference_file_loads"":0.0,""sanitisation"":0.0,""tetrahedral_chirality"":0.0}",976,137.01556329598938,0.07531942315274534,0.11892507250146263,1.0,0.10245901639344263,0.0,1.0,1.0,1.0,0.0,1.0,0.10245901639344263,0.0,1.0,1.0,1.0,0.0,1.0,0.10245901639344263,0.0,1.0,1.0,1.0,0.0,1.0,0.10245901639344263,0.0,1.0,1.0,1.0,0.0,976,26.581114049475502,55.31149720878952,34.57469879544446,3.4608037668951064,0.06321009659792967,0.09070111176335836,1.0,1.0,1.0,1.0,0.1076881125291321,0.15352044094709782,1.0,1.0,1.0,1.0,995,0,0,0,0,0,995,0,0,0,0,976,1000,1000,core
1o5b_1o5b_conf0,generation,qwen_1p7b_4e_step29600,dynamic,1p7b_4e_step29600,qwen_1p7b_4e_step29600_dynamic,Qwen 1.7B 4e (step 29600),qwen_1p7b_4e_step29600_dynamic,1,13,2,0.7,2,2,0,1.0,2,2,0,1.0,"{""all_atoms_connected"":0,""bond_angles"":0,""bond_lengths"":0,""bonds"":0,""double_bond_stereochemistry"":0,""energy_ratio"":0,""file_loads"":0,""inchi_convertible"":0,""internal_steric_clash"":0,""molecular_formula"":0,""no_radicals"":0,""planar_aromatic_rings"":0,""planar_double_bonds"":0,""reference_file_loads"":0,""sanitisation"":0,""tetrahedral_chirality"":0}","{""all_atoms_connected"":0.0,""bond_angles"":0.0,""bond_lengths"":0.0,""bonds"":0.0,""double_bond_stereochemistry"":0.0,""energy_ratio"":0.0,""file_loads"":0.0,""inchi_convertible"":0.0,""internal_steric_clash"":0.0,""molecular_formula"":0.0,""no_radicals"":0.0,""planar_aromatic_rings"":0.0,""planar_double_bonds"":0.0,""reference_file_loads"":0.0,""sanitisation"":0.0,""tetrahedral_chirality"":0.0}",2,90.0,0.10424673407049102,0.10424673407049102,1.0,50.0,0.0,1.0,1.0,1.0,0.0,1.0,50.0,0.0,1.0,1.0,1.0,0.0,1.0,50.0,0.0,1.0,1.0,1.0,0.0,1.0,50.0,0.0,1.0,1.0,1.0,0.0,2,33.29086421377629,38.161865909733464,35.726365061754876,2.435500847978588,0.10002256486591032,0.10015692978944296,1.0,1.0,1.0,1.0,0.15351798946311732,0.15631920697163976,1.0,1.0,1.0,1.0,995,0,0,0,0,0,2,0,0,0,0,2,2,2,core
1o5b_1o5b_conf0,generation,qwen_1p7b_4e_step29600,chembl_count,1p7b_4e_step29600,qwen_1p7b_4e_step29600_chembl_count,Qwen 1.7B 4e (step 29600),qwen_1p7b_4e_step29600_chembl_count,1,13,1,0.7,1,1,0,1.0,1,1,0,1.0,"{""all_atoms_connected"":0,""bond_angles"":0,""bond_lengths"":0,""bonds"":0,""double_bond_stereochemistry"":0,""energy_ratio"":0,""file_loads"":0,""inchi_convertible"":0,""internal_steric_clash"":0,""molecular_formula"":0,""no_radicals"":0,""planar_aromatic_rings"":0,""planar_double_bonds"":0,""reference_file_loads"":0,""sanitisation"":0,""tetrahedral_chirality"":0}","{""all_atoms_connected"":0.0,""bond_angles"":0.0,""bond_lengths"":0.0,""bonds"":0.0,""double_bond_stereochemistry"":0.0,""energy_ratio"":0.0,""file_loads"":0.0,""inchi_convertible"":0.0,""internal_steric_clash"":0.0,""molecular_formula"":0.0,""no_radicals"":0.0,""planar_aromatic_rings"":0.0,""planar_double_bonds"":0.0,""reference_file_loads"":0.0,""sanitisation"":0.0,""tetrahedral_chirality"":0.0}",1,0.0,,,1.0,100.0,0.0,1.0,1.0,1.0,1.0,1.0,100.0,0.0,1.0,1.0,1.0,1.0,1.0,100.0,0.0,1.0,1.0,1.0,1.0,1.0,100.0,0.0,1.0,1.0,1.0,1.0,1,32.936854821890684,32.936854821890684,32.936854821890684,0.0,0.10872197267885403,0.10872197267885403,1.0,1.0,1.0,1.0,0.167838008048156,0.167838008048156,1.0,1.0,1.0,1.0,995,0,0,0,0,0,1,0,0,0,0,1,1,1,core
1owh_1owh_conf0,generation,qwen_1p7b_4e_step29600,fixed,1p7b_4e_step29600,qwen_1p7b_4e_step29600_fixed,Qwen 1.7B 4e (step 29600),qwen_1p7b_4e_step29600_fixed,5,24,810,0.7,810,801,9,0.9888888888888889,999,810,189,0.8108108108108109,"{""all_atoms_connected"":0,""bond_angles"":6,""bond_lengths"":0,""bonds"":0,""double_bond_stereochemistry"":0,""energy_ratio"":4,""file_loads"":0,""inchi_convertible"":0,""internal_steric_clash"":188,""molecular_formula"":0,""no_radicals"":0,""planar_aromatic_rings"":2,""planar_double_bonds"":0,""reference_file_loads"":0,""sanitisation"":0,""tetrahedral_chirality"":0}","{""all_atoms_connected"":0.0,""bond_angles"":0.006006006006006006,""bond_lengths"":0.0,""bonds"":0.0,""double_bond_stereochemistry"":0.0,""energy_ratio"":0.004004004004004004,""file_loads"":0.0,""inchi_convertible"":0.0,""internal_steric_clash"":0.1881881881881882,""molecular_formula"":0.0,""no_radicals"":0.0,""planar_aromatic_rings"":0.002002002002002002,""planar_double_bonds"":0.0,""reference_file_loads"":0.0,""sanitisation"":0.0,""tetrahedral_chirality"":0.0}",810,108.67440807862701,1.4159844494280205,2.770732298468558,66.0,8.148148148148149,0.7877490481499603,0.11975308641975309,27.123392165746854,0.056238378295991466,0.30303030303030304,12.0,1.4814814814814814,0.7048261635656051,0.38765432098765434,5.762821628310503,0.23340954122847124,0.0,3.0,0.37037037037037035,0.4132792587692273,0.8753086419753087,1.5746510187597704,0.7749824721841183,0.0,2.0,0.24691358024691357,0.5142702165716011,0.8851851851851852,1.4282714696726715,0.7967352537722907,0.0,810,86.2748267993551,194.95045870098338,101.4014171752697,17.203791575508532,0.15717823287482693,1.1334514643855342,1.0,1.0,1.0,1.0,0.2596332196623091,1.0855115981696786,0.0,1.0,1.0,1.0,999,0,0,0,0,0,999,0,0,0,0,810,1000,1000,core
1owh_1owh_conf0,generation,qwen_1p7b_4e_step29600,dynamic,1p7b_4e_step29600,qwen_1p7b_4e_step29600_dynamic,Qwen 1.7B 4e (step 29600),qwen_1p7b_4e_step29600_dynamic,5,24,70,0.7,70,70,0,1.0,90,70,20,0.7777777777777778,"{""all_atoms_connected"":0,""bond_angles"":1,""bond_lengths"":0,""bonds"":0,""double_bond_stereochemistry"":0,""energy_ratio"":1,""file_loads"":0,""inchi_convertible"":0,""internal_steric_clash"":20,""molecular_formula"":0,""no_radicals"":0,""planar_aromatic_rings"":0,""planar_double_bonds"":0,""reference_file_loads"":0,""sanitisation"":0,""tetrahedral_chirality"":0}","{""all_atoms_connected"":0.0,""bond_angles"":0.011111111111111112,""bond_lengths"":0.0,""bonds"":0.0,""double_bond_stereochemistry"":0.0,""energy_ratio"":0.011111111111111112,""file_loads"":0.0,""inchi_convertible"":0.0,""internal_steric_clash"":0.2222222222222222,""molecular_formula"":0.0,""no_radicals"":0.0,""planar_aromatic_rings"":0.0,""planar_double_bonds"":0.0,""reference_file_loads"":0.0,""sanitisation"":0.0,""tetrahedral_chirality"":0.0}",70,111.0766804257315,1.477400268727899,2.830292840076562,23.0,32.857142857142854,0.9032017533772331,0.11428571428571428,16.979111844394822,0.07142857142857142,0.43478260869565216,10.0,14.285714285714286,0.7648555353494005,0.42857142857142855,5.819096179059691,0.2493877551020408,0.1,3.0,4.285714285714286,0.5301467070807726,0.8,1.7903760600419227,0.6702040816326532,0.0,1.0,1.4285714285714286,0.0,1.0,1.0,1.0,0.0,70,86.2748267993551,190.55797144035597,102.86570568044797,20.74941784814278,0.17186955828230208,1.1696674640960099,1.0,1.0,1.0,1.0,0.2897571372325285,1.0813834113692549,0.0,1.0,1.0,1.0,999,0,0,0,0,0,90,0,0,0,0,70,90,90,core
1owh_1owh_conf0,generation,qwen_1p7b_4e_step29600,chembl_count,1p7b_4e_step29600,qwen_1p7b_4e_step29600_chembl_count,Qwen 1.7B 4e (step 29600),qwen_1p7b_4e_step29600_chembl_count,5,24,9,0.7,9,9,0,1.0,12,9,3,0.75,"{""all_atoms_connected"":0,""bond_angles"":0,""bond_lengths"":0,""bonds"":0,""double_bond_stereochemistry"":0,""energy_ratio"":0,""file_loads"":0,""inchi_convertible"":0,""internal_steric_clash"":3,""molecular_formula"":0,""no_radicals"":0,""planar_aromatic_rings"":0,""planar_double_bonds"":0,""reference_file_loads"":0,""sanitisation"":0,""tetrahedral_chirality"":0}","{""all_atoms_connected"":0.0,""bond_angles"":0.0,""bond_lengths"":0.0,""bonds"":0.0,""double_bond_stereochemistry"":0.0,""energy_ratio"":0.0,""file_loads"":0.0,""inchi_convertible"":0.0,""internal_steric_clash"":0.25,""molecular_formula"":0.0,""no_radicals"":0.0,""planar_aromatic_rings"":0.0,""planar_double_bonds"":0.0,""reference_file_loads"":0.0,""sanitisation"":0.0,""tetrahedral_chirality"":0.0}",9,105.42081538384177,1.287142573263096,2.4927303703337325,7.0,77.77777777777777,0.9409583900892994,0.3333333333333333,6.240251469155713,0.18518518518518517,0.8571428571428571,3.0,33.333333333333336,0.7725068857142601,0.6666666666666666,2.336573541485641,0.5061728395061729,0.3333333333333333,2.0,22.22222222222222,0.5032583347756457,0.8888888888888888,1.4174111811317323,0.8024691358024691,0.5,1.0,11.11111111111111,0.0,1.0,1.0,1.0,0.0,9,90.84192568704792,130.55743795044836,101.71021962037258,10.739453988624158,0.6403948906306874,1.1079588128404914,0.0,0.0,1.0,1.0,0.5343356537118625,1.11119616123395,0.0,0.0,1.0,1.0,999,0,0,0,0,0,12,0,0,0,0,9,12,12,core
1p1n_1p1n_conf0,generation,qwen_1p7b_4e_step29600,fixed,1p7b_4e_step29600,qwen_1p7b_4e_step29600_fixed,Qwen 1.7B 4e (step 29600),qwen_1p7b_4e_step29600_fixed,4,15,128,0.7,128,128,0,1.0,998,128,870,0.1282565130260521,"{""all_atoms_connected"":0,""bond_angles"":25,""bond_lengths"":11,""bonds"":0,""double_bond_stereochemistry"":0,""energy_ratio"":37,""file_loads"":0,""inchi_convertible"":0,""internal_steric_clash"":77,""molecular_formula"":0,""no_radicals"":0,""planar_aromatic_rings"":0,""planar_double_bonds"":0,""reference_file_loads"":0,""sanitisation"":0,""tetrahedral_chirality"":862}","{""all_atoms_connected"":0.0,""bond_angles"":0.025050100200400802,""bond_lengths"":0.011022044088176353,""bonds"":0.0,""double_bond_stereochemistry"":0.0,""energy_ratio"":0.03707414829659319,""file_loads"":0.0,""inchi_convertible"":0.0,""internal_steric_clash"":0.07715430861723446,""molecular_formula"":0.0,""no_radicals"":0.0,""planar_aromatic_rings"":0.0,""planar_double_bonds"":0.0,""reference_file_loads"":0.0,""sanitisation"":0.0,""tetrahedral_chirality"":0.8637274549098196}",128,101.97059215655554,1.1966304856093595,1.5808778069519227,78.0,60.9375,0.9626113338835279,0.046875,66.27530107652466,0.0179443359375,0.6410256410256411,14.0,10.9375,0.8614477221969402,0.1875,9.712463186299649,0.120361328125,0.14285714285714285,1.0,0.78125,0.0,1.0,1.0,1.0,0.0,1.0,0.78125,0.0,1.0,1.0,1.0,0.0,128,-40.63002210836094,117.938840312595,-2.622202300922112,18.999095790509994,0.43282522775778476,1.2153299712331669,0.0,1.0,1.0,1.0,0.4292014114597337,1.2084059403773528,0.0,1.0,1.0,1.0,998,0,0,0,0,0,998,0,0,0,0,128,1000,1000,core
1p1n_1p1n_conf0,generation,qwen_1p7b_4e_step29600,dynamic,1p7b_4e_step29600,qwen_1p7b_4e_step29600_dynamic,Qwen 1.7B 4e (step 29600),qwen_1p7b_4e_step29600_dynamic,4,15,10,0.7,10,10,0,1.0,68,10,58,0.1470588235294117,"{""all_atoms_connected"":0,""bond_angles"":1,""bond_lengths"":1,""bonds"":0,""double_bond_stereochemistry"":0,""energy_ratio"":1,""file_loads"":0,""inchi_convertible"":0,""internal_steric_clash"":3,""molecular_formula"":0,""no_radicals"":0,""planar_aromatic_rings"":0,""planar_double_bonds"":0,""reference_file_loads"":0,""sanitisation"":0,""tetrahedral_chirality"":58}","{""all_atoms_connected"":0.0,""bond_angles"":0.014705882352941176,""bond_lengths"":0.014705882352941176,""bonds"":0.0,""double_bond_stereochemistry"":0.0,""energy_ratio"":0.014705882352941176,""file_loads"":0.0,""inchi_convertible"":0.0,""internal_steric_clash"":0.04411764705882353,""molecular_formula"":0.0,""no_radicals"":0.0,""planar_aromatic_rings"":0.0,""planar_double_bonds"":0.0,""reference_file_loads"":0.0,""sanitisation"":0.0,""tetrahedral_chirality"":0.8529411764705882}",10,111.30534636831595,1.1892652819468528,1.5226327995570685,9.0,90.0,0.9848586617875466,0.2,8.705505632961243,0.12000000000000002,0.8888888888888888,6.0,60.0,0.9464119282150146,0.3,5.450691787846755,0.20000000000000004,0.5,1.0,10.0,0.0,1.0,1.0,1.0,0.0,1.0,10.0,0.0,1.0,1.0,1.0,0.0,10,-15.766534772374413,34.21821577734409,4.2943400217354455,15.310646366144162,0.9307711472909962,1.4208305680288702,0.0,0.0,0.0,1.0,0.9289034146589338,1.4448783133059515,0.0,0.0,0.0,1.0,998,0,0,0,0,0,68,0,0,0,0,10,68,68,core
1p1n_1p1n_conf0,generation,qwen_1p7b_4e_step29600,chembl_count,1p7b_4e_step29600,qwen_1p7b_4e_step29600_chembl_count,Qwen 1.7B 4e (step 29600),qwen_1p7b_4e_step29600_chembl_count,4,15,3,0.7,3,3,0,1.0,23,3,20,0.1304347826086956,"{""all_atoms_connected"":0,""bond_angles"":0,""bond_lengths"":0,""bonds"":0,""double_bond_stereochemistry"":0,""energy_ratio"":0,""file_loads"":0,""inchi_convertible"":0,""internal_steric_clash"":2,""molecular_formula"":0,""no_radicals"":0,""planar_aromatic_rings"":0,""planar_double_bonds"":0,""reference_file_loads"":0,""sanitisation"":0,""tetrahedral_chirality"":19}","{""all_atoms_connected"":0.0,""bond_angles"":0.0,""bond_lengths"":0.0,""bonds"":0.0,""double_bond_stereochemistry"":0.0,""energy_ratio"":0.0,""file_loads"":0.0,""inchi_convertible"":0.0,""internal_steric_clash"":0.08695652173913043,""molecular_formula"":0.0,""no_radicals"":0.0,""planar_aromatic_rings"":0.0,""planar_double_bonds"":0.0,""reference_file_loads"":0.0,""sanitisation"":0.0,""tetrahedral_chirality"":0.8260869565217391}",3,77.64001692395597,0.8207569685392526,0.9515851319387651,3.0,100.0,0.9999999999999998,0.3333333333333333,2.9999999999999996,0.3333333333333333,1.0,1.0,33.333333333333336,0.0,1.0,1.0,1.0,0.0,1.0,33.333333333333336,0.0,1.0,1.0,1.0,0.0,1.0,33.333333333333336,0.0,1.0,1.0,1.0,0.0,3,-29.276969150329414,19.644949968630065,-10.02268796774451,20.12254196131478,0.6589563143284528,0.8513360588205888,0.0,0.0,1.0,1.0,0.719869636029096,0.8161075605117606,0.0,0.0,1.0,1.0,998,0,0,0,0,0,23,0,0,0,0,3,23,23,core
1pxn_1pxn_conf0,generation,qwen_1p7b_4e_step29600,fixed,1p7b_4e_step29600,qwen_1p7b_4e_step29600_fixed,Qwen 1.7B 4e (step 29600),qwen_1p7b_4e_step29600_fixed,5,22,889,0.7,889,888,1,0.9988751406074241,999,889,110,0.8898898898898899,"{""all_atoms_connected"":0,""bond_angles"":101,""bond_lengths"":26,""bonds"":0,""double_bond_stereochemistry"":0,""energy_ratio"":58,""file_loads"":0,""inchi_convertible"":0,""internal_steric_clash"":99,""molecular_formula"":0,""no_radicals"":0,""planar_aromatic_rings"":17,""planar_double_bonds"":0,""reference_file_loads"":0,""sanitisation"":0,""tetrahedral_chirality"":0}","{""all_atoms_connected"":0.0,""bond_angles"":0.1011011011011011,""bond_lengths"":0.026026026026026026,""bonds"":0.0,""double_bond_stereochemistry"":0.0,""energy_ratio"":0.05805805805805806,""file_loads"":0.0,""inchi_convertible"":0.0,""internal_steric_clash"":0.0990990990990991,""molecular_formula"":0.0,""no_radicals"":0.0,""planar_aromatic_rings"":0.01701701701701702,""planar_double_bonds"":0.0,""reference_file_loads"":0.0,""sanitisation"":0.0,""tetrahedral_chirality"":0.0}",889,102.0047909937698,1.3923309877803651,2.0529753080275985,70.0,7.874015748031496,0.8200396424886675,0.12485939257592801,32.587687057523176,0.04826266795390735,0.24285714285714285,12.0,1.3498312710911136,0.7818715265020618,0.312710911136108,6.978805396437758,0.1820639967810548,0.08333333333333333,2.0,0.2249718785151856,0.6416853079112763,0.8368953880764904,1.5601506107993544,0.7269970050144181,0.0,1.0,0.1124859392575928,0.0,1.0,1.0,1.0,0.0,889,-10.322197016518892,834.650240163219,5.544151123290831,31.213288939782544,0.2966606003075108,2.014297018246847,0.0,1.0,1.0,1.0,0.20743749696075467,1.9405459323387229,1.0,1.0,1.0,1.0,999,0,0,0,0,0,999,0,0,0,0,889,1000,1000,core
1pxn_1pxn_conf0,generation,qwen_1p7b_4e_step29600,dynamic,1p7b_4e_step29600,qwen_1p7b_4e_step29600_dynamic,Qwen 1.7B 4e (step 29600),qwen_1p7b_4e_step29600_dynamic,5,22,81,0.7,81,81,0,1.0,90,81,9,0.9,"{""all_atoms_connected"":0,""bond_angles"":9,""bond_lengths"":1,""bonds"":0,""double_bond_stereochemistry"":0,""energy_ratio"":3,""file_loads"":0,""inchi_convertible"":0,""internal_steric_clash"":9,""molecular_formula"":0,""no_radicals"":0,""planar_aromatic_rings"":1,""planar_double_bonds"":0,""reference_file_loads"":0,""sanitisation"":0,""tetrahedral_chirality"":0}","{""all_atoms_connected"":0.0,""bond_angles"":0.1,""bond_lengths"":0.011111111111111112,""bonds"":0.0,""double_bond_stereochemistry"":0.0,""energy_ratio"":0.03333333333333333,""file_loads"":0.0,""inchi_convertible"":0.0,""internal_steric_clash"":0.1,""molecular_formula"":0.0,""no_radicals"":0.0,""planar_aromatic_rings"":0.011111111111111112,""planar_double_bonds"":0.0,""reference_file_loads"":0.0,""sanitisation"":0.0,""tetrahedral_chirality"":0.0}",81,109.33702663367734,1.4186302874065522,2.1020981088385913,23.0,28.395061728395063,0.8715313650993556,0.2222222222222222,15.374058165224161,0.09586953208352385,0.30434782608695654,8.0,9.876543209876543,0.9225072053759202,0.32098765432098764,6.809371365202987,0.1751257430269776,0.0,1.0,1.2345679012345678,0.0,1.0,1.0,1.0,0.0,1.0,1.2345679012345678,0.0,1.0,1.0,1.0,0.0,81,-6.6464924558898915,52.22458558505747,6.07783183677634,12.435896850625959,0.2966606003075108,1.958853025479502,0.0,1.0,1.0,1.0,0.26143414259421655,1.9103052110021848,0.0,1.0,1.0,1.0,999,0,0,0,0,0,90,0,0,0,0,81,90,90,core
1pxn_1pxn_conf0,generation,qwen_1p7b_4e_step29600,chembl_count,1p7b_4e_step29600,qwen_1p7b_4e_step29600_chembl_count,Qwen 1.7B 4e (step 29600),qwen_1p7b_4e_step29600_chembl_count,5,22,177,0.7,177,176,1,0.9943502824858758,200,177,23,0.885,"{""all_atoms_connected"":0,""bond_angles"":20,""bond_lengths"":9,""bonds"":0,""double_bond_stereochemistry"":0,""energy_ratio"":11,""file_loads"":0,""inchi_convertible"":0,""internal_steric_clash"":22,""molecular_formula"":0,""no_radicals"":0,""planar_aromatic_rings"":5,""planar_double_bonds"":0,""reference_file_loads"":0,""sanitisation"":0,""tetrahedral_chirality"":0}","{""all_atoms_connected"":0.0,""bond_angles"":0.1,""bond_lengths"":0.045,""bonds"":0.0,""double_bond_stereochemistry"":0.0,""energy_ratio"":0.055,""file_loads"":0.0,""inchi_convertible"":0.0,""internal_steric_clash"":0.11,""molecular_formula"":0.0,""no_radicals"":0.0,""planar_aromatic_rings"":0.025,""planar_double_bonds"":0.0,""reference_file_loads"":0.0,""sanitisation"":0.0,""tetrahedral_chirality"":0.0}",177,104.64962996238302,1.370971933844916,2.0646113608761323,38.0,21.468926553672315,0.8268977722330088,0.2542372881355932,20.24508183651371,0.09266175109323631,0.3157894736842105,11.0,6.214689265536723,0.7688819821939462,0.3389830508474576,6.31986893899345,0.20769893708704393,0.0,2.0,1.1299435028248588,0.9777585247444956,0.5875706214689266,1.969403223641682,0.5153372274889081,0.0,1.0,0.5649717514124294,0.0,1.0,1.0,1.0,0.0,177,-7.717869611011725,834.650240163219,5.3232468445515195,62.82162727238653,0.32084057494648816,1.914744977172038,0.0,1.0,1.0,1.0,0.23752612077674562,1.865428935593927,1.0,1.0,1.0,1.0,999,0,0,0,0,0,200,0,0,0,0,177,200,200,core
1sqa_1sqa_conf0,generation,qwen_1p7b_4e_step29600,fixed,1p7b_4e_step29600,qwen_1p7b_4e_step29600_fixed,Qwen 1.7B 4e (step 29600),qwen_1p7b_4e_step29600_fixed,7,31,634,0.7,634,614,20,0.9684542586750788,995,634,361,0.6371859296482412,"{""all_atoms_connected"":0,""bond_angles"":66,""bond_lengths"":20,""bonds"":0,""double_bond_stereochemistry"":0,""energy_ratio"":75,""file_loads"":0,""inchi_convertible"":0,""internal_steric_clash"":350,""molecular_formula"":0,""no_radicals"":0,""planar_aromatic_rings"":13,""planar_double_bonds"":0,""reference_file_loads"":0,""sanitisation"":0,""tetrahedral_chirality"":0}","{""all_atoms_connected"":0.0,""bond_angles"":0.06633165829145729,""bond_lengths"":0.020100502512562814,""bonds"":0.0,""double_bond_stereochemistry"":0.0,""energy_ratio"":0.07537688442211055,""file_loads"":0.0,""inchi_convertible"":0.0,""internal_steric_clash"":0.35175879396984927,""molecular_formula"":0.0,""no_radicals"":0.0,""planar_aromatic_rings"":0.01306532663316583,""planar_double_bonds"":0.0,""reference_file_loads"":0.0,""sanitisation"":0.0,""tetrahedral_chirality"":0.0}",634,98.27233456962122,1.8985648424514217,2.965242840282012,303.0,47.791798107255524,0.9117554403699913,0.056782334384858045,183.0074697370565,0.011638089741165702,0.6435643564356436,66.0,10.410094637223974,0.8177692400847366,0.1750788643533123,30.758635208060603,0.05987222482062714,0.16666666666666666,6.0,0.9463722397476341,0.8043854066618997,0.42586750788643535,4.226039091109541,0.28110041895132803,0.0,2.0,0.31545741324921134,0.6865212250030772,0.8170347003154574,1.6093980892821,0.7010220024082239,0.0,634,65.01382130282693,11840.903727797811,101.02276202824741,603.7022535637061,0.6116636567075612,1.8243674904368383,0.0,0.0,1.0,1.0,0.6202635909225799,1.871385682800668,0.0,0.0,1.0,1.0,995,0,0,0,0,0,995,0,0,0,0,634,1000,1000,core
1sqa_1sqa_conf0,generation,qwen_1p7b_4e_step29600,dynamic,1p7b_4e_step29600,qwen_1p7b_4e_step29600_dynamic,Qwen 1.7B 4e (step 29600),qwen_1p7b_4e_step29600_dynamic,7,31,88,0.7,88,84,4,0.9545454545454546,134,88,46,0.6567164179104478,"{""all_atoms_connected"":0,""bond_angles"":9,""bond_lengths"":5,""bonds"":0,""double_bond_stereochemistry"":0,""energy_ratio"":10,""file_loads"":0,""inchi_convertible"":0,""internal_steric_clash"":42,""molecular_formula"":0,""no_radicals"":0,""planar_aromatic_rings"":1,""planar_double_bonds"":0,""reference_file_loads"":0,""sanitisation"":0,""tetrahedral_chirality"":0}","{""all_atoms_connected"":0.0,""bond_angles"":0.06716417910447761,""bond_lengths"":0.03731343283582089,""bonds"":0.0,""double_bond_stereochemistry"":0.0,""energy_ratio"":0.07462686567164178,""file_loads"":0.0,""inchi_convertible"":0.0,""internal_steric_clash"":0.31343283582089554,""molecular_formula"":0.0,""no_radicals"":0.0,""planar_aromatic_rings"":0.007462686567164179,""planar_double_bonds"":0.0,""reference_file_loads"":0.0,""sanitisation"":0.0,""tetrahedral_chirality"":0.0}",88,99.0438897391198,2.0547449113572704,3.1023822768835547,67.0,76.13636363636364,0.9600948279625521,0.07954545454545454,56.65065995229991,0.023502066115702474,0.835820895522388,29.0,32.95454545454545,0.8557677851375753,0.26136363636363635,17.84321447202969,0.09710743801652888,0.41379310344827586,5.0,5.681818181818182,0.8037699101409076,0.3977272727272727,3.645952930436745,0.3158574380165289,0.0,3.0,3.409090909090909,0.9092772416984003,0.5454545454545454,2.7154105340130212,0.403150826446281,0.0,88,70.05805123060605,2171.311766125113,106.84601782676263,221.76870697623866,1.0903105467266474,1.8328871313798154,0.0,0.0,0.0,1.0,1.058956555693731,1.8743031176756242,0.0,0.0,0.0,1.0,995,0,0,0,0,0,134,0,0,0,0,88,134,134,core
1sqa_1sqa_conf0,generation,qwen_1p7b_4e_step29600,chembl_count,1p7b_4e_step29600,qwen_1p7b_4e_step29600_chembl_count,Qwen 1.7B 4e (step 29600),qwen_1p7b_4e_step29600_chembl_count,7,31,129,0.7,129,124,5,0.9612403100775194,200,129,71,0.645,"{""all_atoms_connected"":0,""bond_angles"":17,""bond_lengths"":7,""bonds"":0,""double_bond_stereochemistry"":0,""energy_ratio"":20,""file_loads"":0,""inchi_convertible"":0,""internal_steric_clash"":67,""molecular_formula"":0,""no_radicals"":0,""planar_aromatic_rings"":4,""planar_double_bonds"":0,""reference_file_loads"":0,""sanitisation"":0,""tetrahedral_chirality"":0}","{""all_atoms_connected"":0.0,""bond_angles"":0.085,""bond_lengths"":0.035,""bonds"":0.0,""double_bond_stereochemistry"":0.0,""energy_ratio"":0.1,""file_loads"":0.0,""inchi_convertible"":0.0,""internal_steric_clash"":0.335,""molecular_formula"":0.0,""no_radicals"":0.0,""planar_aromatic_rings"":0.02,""planar_double_bonds"":0.0,""reference_file_loads"":0.0,""sanitisation"":0.0,""tetrahedral_chirality"":0.0}",129,97.59358508269672,1.8809530944033603,2.9159979634370052,83.0,64.34108527131782,0.9373350664032766,0.08527131782945736,62.92441565052762,0.02397692446367406,0.7831325301204819,36.0,27.906976744186046,0.8123267528484847,0.2868217054263566,18.374949614867255,0.10858722432546122,0.4166666666666667,6.0,4.651162790697675,0.7377925118917158,0.5426356589147286,3.750715866539514,0.35809146084970844,0.0,2.0,1.550387596899225,0.7955555473202811,0.7596899224806202,1.7357456397192563,0.634877711675981,0.0,129,73.89913521562951,3662.7217324970284,100.909581404768,348.7028347536279,1.0364099093767123,1.6799451833664154,0.0,0.0,0.0,1.0,1.0247251955096948,1.6989884898334136,0.0,0.0,0.0,1.0,995,0,0,0,0,0,200,0,0,0,0,129,200,200,core
1uto_1uto_conf0,generation,qwen_1p7b_4e_step29600,fixed,1p7b_4e_step29600,qwen_1p7b_4e_step29600_fixed,Qwen 1.7B 4e (step 29600),qwen_1p7b_4e_step29600_fixed,3,9,1000,0.7,1000,1000,0,1.0,1000,1000,0,1.0,"{""all_atoms_connected"":0,""bond_angles"":0,""bond_lengths"":0,""bonds"":0,""double_bond_stereochemistry"":0,""energy_ratio"":0,""file_loads"":0,""inchi_convertible"":0,""internal_steric_clash"":0,""molecular_formula"":0,""no_radicals"":0,""planar_aromatic_rings"":0,""planar_double_bonds"":0,""reference_file_loads"":0,""sanitisation"":0,""tetrahedral_chirality"":0}","{""all_atoms_connected"":0.0,""bond_angles"":0.0,""bond_lengths"":0.0,""bonds"":0.0,""double_bond_stereochemistry"":0.0,""energy_ratio"":0.0,""file_loads"":0.0,""inchi_convertible"":0.0,""internal_steric_clash"":0.0,""molecular_formula"":0.0,""no_radicals"":0.0,""planar_aromatic_rings"":0.0,""planar_double_bonds"":0.0,""reference_file_loads"":0.0,""sanitisation"":0.0,""tetrahedral_chirality"":0.0}",1000,90.8098221116453,0.5477107171442303,0.8069679322497223,8.0,0.8,0.8959029406453607,0.288,6.442893832699229,0.181224,0.0,1.0,0.1,0.0,1.0,1.0,1.0,0.0,1.0,0.1,0.0,1.0,1.0,1.0,0.0,1.0,0.1,0.0,1.0,1.0,1.0,0.0,1000,12.95068485160673,38.68229975087534,18.659021646137788,2.847930074784974,0.07826896899993052,0.7029262159709859,1.0,1.0,1.0,1.0,0.08310845097219964,0.7260515708057244,1.0,1.0,1.0,1.0,1000,0,0,0,0,0,1000,0,0,0,0,1000,1000,1000,core
1uto_1uto_conf0,generation,qwen_1p7b_4e_step29600,dynamic,1p7b_4e_step29600,qwen_1p7b_4e_step29600_dynamic,Qwen 1.7B 4e (step 29600),qwen_1p7b_4e_step29600_dynamic,3,9,46,0.7,46,46,0,1.0,46,46,0,1.0,"{""all_atoms_connected"":0,""bond_angles"":0,""bond_lengths"":0,""bonds"":0,""double_bond_stereochemistry"":0,""energy_ratio"":0,""file_loads"":0,""inchi_convertible"":0,""internal_steric_clash"":0,""molecular_formula"":0,""no_radicals"":0,""planar_aromatic_rings"":0,""planar_double_bonds"":0,""reference_file_loads"":0,""sanitisation"":0,""tetrahedral_chirality"":0}","{""all_atoms_connected"":0.0,""bond_angles"":0.0,""bond_lengths"":0.0,""bonds"":0.0,""double_bond_stereochemistry"":0.0,""energy_ratio"":0.0,""file_loads"":0.0,""inchi_convertible"":0.0,""internal_steric_clash"":0.0,""molecular_formula"":0.0,""no_radicals"":0.0,""planar_aromatic_rings"":0.0,""planar_double_bonds"":0.0,""reference_file_loads"":0.0,""sanitisation"":0.0,""tetrahedral_chirality"":0.0}",46,87.78559051015698,0.5467402037832717,0.8018098235436399,6.0,13.043478260869565,0.8814935222533192,0.34782608695652173,4.852161935673247,0.24007561436672967,0.0,1.0,2.1739130434782608,0.0,1.0,1.0,1.0,0.0,1.0,2.1739130434782608,0.0,1.0,1.0,1.0,0.0,1.0,2.1739130434782608,0.0,1.0,1.0,1.0,0.0,46,14.737365550448036,24.699412757636097,18.983029103062393,2.756912390281257,0.10145234987120987,0.6722434689405735,1.0,1.0,1.0,1.0,0.08947825848838088,0.7086267071779333,1.0,1.0,1.0,1.0,1000,0,0,0,0,0,46,0,0,0,0,46,46,46,core
1uto_1uto_conf0,generation,qwen_1p7b_4e_step29600,chembl_count,1p7b_4e_step29600,qwen_1p7b_4e_step29600_chembl_count,Qwen 1.7B 4e (step 29600),qwen_1p7b_4e_step29600_chembl_count,3,9,7,0.7,7,7,0,1.0,7,7,0,1.0,"{""all_atoms_connected"":0,""bond_angles"":0,""bond_lengths"":0,""bonds"":0,""double_bond_stereochemistry"":0,""energy_ratio"":0,""file_loads"":0,""inchi_convertible"":0,""internal_steric_clash"":0,""molecular_formula"":0,""no_radicals"":0,""planar_aromatic_rings"":0,""planar_double_bonds"":0,""reference_file_loads"":0,""sanitisation"":0,""tetrahedral_chirality"":0}","{""all_atoms_connected"":0.0,""bond_angles"":0.0,""bond_lengths"":0.0,""bonds"":0.0,""double_bond_stereochemistry"":0.0,""energy_ratio"":0.0,""file_loads"":0.0,""inchi_convertible"":0.0,""internal_steric_clash"":0.0,""molecular_formula"":0.0,""no_radicals"":0.0,""planar_aromatic_rings"":0.0,""planar_double_bonds"":0.0,""reference_file_loads"":0.0,""sanitisation"":0.0,""tetrahedral_chirality"":0.0}",7,80.75644986180563,0.5784398859856251,0.78630065802638,3.0,42.857142857142854,0.914100892018565,0.42857142857142855,2.729838563103603,0.3877551020408163,0.3333333333333333,1.0,14.285714285714286,0.0,1.0,1.0,1.0,0.0,1.0,14.285714285714286,0.0,1.0,1.0,1.0,0.0,1.0,14.285714285714286,0.0,1.0,1.0,1.0,0.0,7,14.74133330027178,26.05192098329151,18.865062754428116,3.6655688414729384,0.24675182025041834,0.7446458333475737,1.0,1.0,1.0,1.0,0.30511846661635295,0.7911040869558961,0.0,1.0,1.0,1.0,1000,0,0,0,0,0,7,0,0,0,0,7,7,7,core
1yc1_1yc1_conf0,generation,qwen_1p7b_4e_step29600,fixed,1p7b_4e_step29600,qwen_1p7b_4e_step29600_fixed,Qwen 1.7B 4e (step 29600),qwen_1p7b_4e_step29600_fixed,6,27,968,0.7,968,967,1,0.9989669421487604,1000,968,32,0.968,"{""all_atoms_connected"":0,""bond_angles"":4,""bond_lengths"":3,""bonds"":0,""double_bond_stereochemistry"":0,""energy_ratio"":4,""file_loads"":0,""inchi_convertible"":0,""internal_steric_clash"":31,""molecular_formula"":0,""no_radicals"":0,""planar_aromatic_rings"":0,""planar_double_bonds"":0,""reference_file_loads"":0,""sanitisation"":0,""tetrahedral_chirality"":0}","{""all_atoms_connected"":0.0,""bond_angles"":0.004,""bond_lengths"":0.003,""bonds"":0.0,""double_bond_stereochemistry"":0.0,""energy_ratio"":0.004,""file_loads"":0.0,""inchi_convertible"":0.0,""internal_steric_clash"":0.031,""molecular_formula"":0.0,""no_radicals"":0.0,""planar_aromatic_rings"":0.0,""planar_double_bonds"":0.0,""reference_file_loads"":0.0,""sanitisation"":0.0,""tetrahedral_chirality"":0.0}",968,105.09715520411552,1.4227810159731376,2.1744572524890398,58.0,5.991735537190083,0.714110534640374,0.259297520661157,18.166970345693375,0.11381138583430095,0.25862068965517243,13.0,1.3429752066115703,0.7759330442304166,0.31921487603305787,7.317208942333452,0.18085342531247864,0.07692307692307693,2.0,0.2066115702479339,0.7507002995629544,0.7851239669421488,1.682609388855099,0.6625913530496552,0.0,1.0,0.10330578512396695,0.0,1.0,1.0,1.0,0.0,968,28.76043126860337,198.8973179463346,43.55990636721046,8.51589888228552,0.3022026753615258,1.4649898853761103,0.0,1.0,1.0,1.0,0.23952973507330053,1.4392089239095085,1.0,1.0,1.0,1.0,1000,0,0,0,0,0,1000,0,0,0,0,968,1000,1000,core
1yc1_1yc1_conf0,generation,qwen_1p7b_4e_step29600,dynamic,1p7b_4e_step29600,qwen_1p7b_4e_step29600_dynamic,Qwen 1.7B 4e (step 29600),qwen_1p7b_4e_step29600_dynamic,6,27,110,0.7,110,110,0,1.0,112,110,2,0.9821428571428572,"{""all_atoms_connected"":0,""bond_angles"":0,""bond_lengths"":0,""bonds"":0,""double_bond_stereochemistry"":0,""energy_ratio"":0,""file_loads"":0,""inchi_convertible"":0,""internal_steric_clash"":2,""molecular_formula"":0,""no_radicals"":0,""planar_aromatic_rings"":0,""planar_double_bonds"":0,""reference_file_loads"":0,""sanitisation"":0,""tetrahedral_chirality"":0}","{""all_atoms_connected"":0.0,""bond_angles"":0.0,""bond_lengths"":0.0,""bonds"":0.0,""double_bond_stereochemistry"":0.0,""energy_ratio"":0.0,""file_loads"":0.0,""inchi_convertible"":0.0,""internal_steric_clash"":0.017857142857142856,""molecular_formula"":0.0,""no_radicals"":0.0,""planar_aromatic_rings"":0.0,""planar_double_bonds"":0.0,""reference_file_loads"":0.0,""sanitisation"":0.0,""tetrahedral_chirality"":0.0}",110,106.24081659853636,1.3321203450758536,2.0910577662591576,20.0,18.181818181818183,0.7733482158575895,0.2636363636363636,10.142598310121505,0.15404958677685948,0.45,9.0,8.181818181818182,0.8382052829366199,0.2818181818181818,6.307410730510578,0.18975206611570247,0.1111111111111111,2.0,1.8181818181818181,0.6840384356390417,0.8181818181818182,1.6066307960863546,0.7024793388429753,0.0,1.0,0.9090909090909091,0.0,1.0,1.0,1.0,0.0,110,30.411294422447106,62.846454580215024,42.247284064513835,6.921298273516731,0.3022026753615258,1.4634816880454962,0.0,1.0,1.0,1.0,0.35450371006374126,1.4217582205637764,0.0,1.0,1.0,1.0,1000,0,0,0,0,0,112,0,0,0,0,110,112,112,core
1yc1_1yc1_conf0,generation,qwen_1p7b_4e_step29600,chembl_count,1p7b_4e_step29600,qwen_1p7b_4e_step29600_chembl_count,Qwen 1.7B 4e (step 29600),qwen_1p7b_4e_step29600_chembl_count,6,27,156,0.7,156,156,0,1.0,168,156,12,0.9285714285714286,"{""all_atoms_connected"":0,""bond_angles"":2,""bond_lengths"":2,""bonds"":0,""double_bond_stereochemistry"":0,""energy_ratio"":2,""file_loads"":0,""inchi_convertible"":0,""internal_steric_clash"":11,""molecular_formula"":0,""no_radicals"":0,""planar_aromatic_rings"":0,""planar_double_bonds"":0,""reference_file_loads"":0,""sanitisation"":0,""tetrahedral_chirality"":0}","{""all_atoms_connected"":0.0,""bond_angles"":0.011904761904761904,""bond_lengths"":0.011904761904761904,""bonds"":0.0,""double_bond_stereochemistry"":0.0,""energy_ratio"":0.011904761904761904,""file_loads"":0.0,""inchi_convertible"":0.0,""internal_steric_clash"":0.06547619047619048,""molecular_formula"":0.0,""no_radicals"":0.0,""planar_aromatic_rings"":0.0,""planar_double_bonds"":0.0,""reference_file_loads"":0.0,""sanitisation"":0.0,""tetrahedral_chirality"":0.0}",156,105.69289043450038,1.467805944421342,2.2193839562505713,27.0,17.307692307692307,0.8413697973187448,0.1794871794871795,16.006863450966478,0.09138724523339907,0.2962962962962963,10.0,6.410256410256411,0.8513630479134097,0.2948717948717949,7.101711865848268,0.17759697567389876,0.1,2.0,1.2820512820512822,0.8749315876677922,0.7051282051282052,1.8339211201468149,0.5841551610782381,0.0,1.0,0.6410256410256411,0.0,1.0,1.0,1.0,0.0,156,29.004327915298568,75.99942339377117,43.52182357577872,7.246678613234951,0.377157536155415,1.4722443653042192,0.0,1.0,1.0,1.0,0.32807807346485035,1.4449336650972335,0.0,1.0,1.0,1.0,1000,0,0,0,0,0,168,0,0,0,0,156,168,168,core
1ydr_1ydr_conf0,generation,qwen_1p7b_4e_step29600,fixed,1p7b_4e_step29600,qwen_1p7b_4e_step29600_fixed,Qwen 1.7B 4e (step 29600),qwen_1p7b_4e_step29600_fixed,2,20,523,0.7,523,523,0,1.0,1000,523,477,0.523,"{""all_atoms_connected"":0,""bond_angles"":5,""bond_lengths"":8,""bonds"":0,""double_bond_stereochemistry"":0,""energy_ratio"":2,""file_loads"":0,""inchi_convertible"":0,""internal_steric_clash"":5,""molecular_formula"":0,""no_radicals"":0,""planar_aromatic_rings"":6,""planar_double_bonds"":0,""reference_file_loads"":0,""sanitisation"":0,""tetrahedral_chirality"":469}","{""all_atoms_connected"":0.0,""bond_angles"":0.005,""bond_lengths"":0.008,""bonds"":0.0,""double_bond_stereochemistry"":0.0,""energy_ratio"":0.002,""file_loads"":0.0,""inchi_convertible"":0.0,""internal_steric_clash"":0.005,""molecular_formula"":0.0,""no_radicals"":0.0,""planar_aromatic_rings"":0.006,""planar_double_bonds"":0.0,""reference_file_loads"":0.0,""sanitisation"":0.0,""tetrahedral_chirality"":0.469}",523,104.27098781189778,1.5824592063102758,2.1057030346597605,139.0,26.577437858508603,0.9090233423334999,0.04397705544933078,88.72591288020033,0.01616282003005166,0.34532374100719426,24.0,4.588910133843212,0.8507556489167541,0.17590822179732313,14.935594380947744,0.08822830485981376,0.041666666666666664,2.0,0.3824091778202677,0.9780498934248492,0.5869980879541109,1.969801007200214,0.5151373346153424,0.0,1.0,0.19120458891013384,0.0,1.0,1.0,1.0,0.0,523,6.88671198896003,357.8763280088602,29.958905188380665,22.001048926566202,0.3100779513578378,1.6723085199207761,0.0,1.0,1.0,1.0,0.20122077314939854,1.716188175503562,1.0,1.0,1.0,1.0,1000,0,0,0,0,0,1000,0,0,0,0,523,1000,1000,core
1ydr_1ydr_conf0,generation,qwen_1p7b_4e_step29600,dynamic,1p7b_4e_step29600,qwen_1p7b_4e_step29600_dynamic,Qwen 1.7B 4e (step 29600),qwen_1p7b_4e_step29600_dynamic,2,20,15,0.7,15,15,0,1.0,24,15,9,0.625,"{""all_atoms_connected"":0,""bond_angles"":0,""bond_lengths"":0,""bonds"":0,""double_bond_stereochemistry"":0,""energy_ratio"":0,""file_loads"":0,""inchi_convertible"":0,""internal_steric_clash"":0,""molecular_formula"":0,""no_radicals"":0,""planar_aromatic_rings"":1,""planar_double_bonds"":0,""reference_file_loads"":0,""sanitisation"":0,""tetrahedral_chirality"":9}","{""all_atoms_connected"":0.0,""bond_angles"":0.0,""bond_lengths"":0.0,""bonds"":0.0,""double_bond_stereochemistry"":0.0,""energy_ratio"":0.0,""file_loads"":0.0,""inchi_convertible"":0.0,""internal_steric_clash"":0.0,""molecular_formula"":0.0,""no_radicals"":0.0,""planar_aromatic_rings"":0.041666666666666664,""planar_double_bonds"":0.0,""reference_file_loads"":0.0,""sanitisation"":0.0,""tetrahedral_chirality"":0.375}",15,103.15842763272491,1.6796987879445,2.234514739899613,14.0,93.33333333333333,0.9911230603728026,0.13333333333333333,13.675837328373255,0.07555555555555556,0.9285714285714286,9.0,60.0,0.9380528753589501,0.26666666666666666,7.854705921154702,0.14666666666666667,0.5555555555555556,2.0,13.333333333333334,0.7219280948873623,0.8,1.6493848884661177,0.6800000000000002,0.0,1.0,6.666666666666667,0.0,1.0,1.0,1.0,0.0,15,12.848177934551455,102.39664551662518,36.535460068443776,19.8372259542753,0.52928299481979,1.7872752541435077,0.0,0.0,1.0,1.0,0.39419773346515113,1.73685971802569,0.0,1.0,1.0,1.0,1000,0,0,0,0,0,24,0,0,0,0,15,24,24,core
1ydr_1ydr_conf0,generation,qwen_1p7b_4e_step29600,chembl_count,1p7b_4e_step29600,qwen_1p7b_4e_step29600_chembl_count,Qwen 1.7B 4e (step 29600),qwen_1p7b_4e_step29600_chembl_count,2,20,6,0.7,6,6,0,1.0,16,6,10,0.375,"{""all_atoms_connected"":0,""bond_angles"":0,""bond_lengths"":1,""bonds"":0,""double_bond_stereochemistry"":0,""energy_ratio"":0,""file_loads"":0,""inchi_convertible"":0,""internal_steric_clash"":0,""molecular_formula"":0,""no_radicals"":0,""planar_aromatic_rings"":1,""planar_double_bonds"":0,""reference_file_loads"":0,""sanitisation"":0,""tetrahedral_chirality"":9}","{""all_atoms_connected"":0.0,""bond_angles"":0.0,""bond_lengths"":0.0625,""bonds"":0.0,""double_bond_stereochemistry"":0.0,""energy_ratio"":0.0,""file_loads"":0.0,""inchi_convertible"":0.0,""internal_steric_clash"":0.0,""molecular_formula"":0.0,""no_radicals"":0.0,""planar_aromatic_rings"":0.0625,""planar_double_bonds"":0.0,""reference_file_loads"":0.0,""sanitisation"":0.0,""tetrahedral_chirality"":0.5625}",6,113.41897643684365,1.6765880070048425,2.058578471602075,6.0,100.0,0.9999999999999999,0.16666666666666666,5.999999999999998,0.16666666666666669,1.0,5.0,83.33333333333333,0.9697238998682473,0.3333333333333333,4.762203155904597,0.22222222222222227,0.8,2.0,33.333333333333336,1.0,0.5,2.0,0.5,0.0,1.0,16.666666666666668,0.0,1.0,1.0,1.0,0.0,6,16.40936416746285,75.64042088139034,29.52781690215471,23.766424356670623,1.215659597718565,1.6043178383715864,0.0,0.0,0.0,1.0,1.1209526169975967,1.5852056186639318,0.0,0.0,0.0,1.0,1000,0,0,0,0,0,16,0,0,0,0,6,16,16,core
1ydt_1ydt_conf0,generation,qwen_1p7b_4e_step29600,fixed,1p7b_4e_step29600,qwen_1p7b_4e_step29600_fixed,Qwen 1.7B 4e (step 29600),qwen_1p7b_4e_step29600_fixed,8,27,804,0.7,804,783,21,0.9738805970149254,997,804,193,0.8064192577733199,"{""all_atoms_connected"":0,""bond_angles"":87,""bond_lengths"":22,""bonds"":0,""double_bond_stereochemistry"":24,""energy_ratio"":95,""file_loads"":0,""inchi_convertible"":0,""internal_steric_clash"":174,""molecular_formula"":0,""no_radicals"":0,""planar_aromatic_rings"":16,""planar_double_bonds"":0,""reference_file_loads"":0,""sanitisation"":0,""tetrahedral_chirality"":0}","{""all_atoms_connected"":0.0,""bond_angles"":0.08726178535606821,""bond_lengths"":0.022066198595787363,""bonds"":0.0,""double_bond_stereochemistry"":0.024072216649949848,""energy_ratio"":0.09528585757271815,""file_loads"":0.0,""inchi_convertible"":0.0,""internal_steric_clash"":0.17452357071213642,""molecular_formula"":0.0,""no_radicals"":0.0,""planar_aromatic_rings"":0.0160481444332999,""planar_double_bonds"":0.0,""reference_file_loads"":0.0,""sanitisation"":0.0,""tetrahedral_chirality"":0.0}",804,107.18610717134047,2.275746792477119,3.3647245053251633,612.0,76.11940298507463,0.981638553589948,0.008706467661691543,543.9796274310019,0.002184351872478404,0.7941176470588235,137.0,17.039800995024876,0.8958824229472414,0.04477611940298507,82.08246664470128,0.017202544491472984,0.29927007299270075,11.0,1.3681592039800996,0.7494832811981915,0.3308457711442786,6.032626071575942,0.22836996608994825,0.0,2.0,0.24875621890547264,0.5556617546499438,0.8706467661691543,1.4698426857694433,0.7747580505433034,0.0,804,17.25440771212647,778468.2048525835,37.9242156565142,27921.27655086276,0.7052166706755617,2.0796394927252515,0.0,0.0,1.0,1.0,0.8688733442186216,2.1264042591331167,0.0,0.0,0.0,1.0,997,0,0,0,0,0,997,0,0,0,0,804,1000,1000,core
1ydt_1ydt_conf0,generation,qwen_1p7b_4e_step29600,dynamic,1p7b_4e_step29600,qwen_1p7b_4e_step29600_dynamic,Qwen 1.7B 4e (step 29600),qwen_1p7b_4e_step29600_dynamic,8,27,128,0.7,128,124,4,0.96875,156,128,28,0.8205128205128205,"{""all_atoms_connected"":0,""bond_angles"":9,""bond_lengths"":3,""bonds"":0,""double_bond_stereochemistry"":1,""energy_ratio"":11,""file_loads"":0,""inchi_convertible"":0,""internal_steric_clash"":27,""molecular_formula"":0,""no_radicals"":0,""planar_aromatic_rings"":3,""planar_double_bonds"":0,""reference_file_loads"":0,""sanitisation"":0,""tetrahedral_chirality"":0}","{""all_atoms_connected"":0.0,""bond_angles"":0.057692307692307696,""bond_lengths"":0.019230769230769232,""bonds"":0.0,""double_bond_stereochemistry"":0.00641025641025641,""energy_ratio"":0.07051282051282051,""file_loads"":0.0,""inchi_convertible"":0.0,""internal_steric_clash"":0.17307692307692307,""molecular_formula"":0.0,""no_radicals"":0.0,""planar_aromatic_rings"":0.019230769230769232,""planar_double_bonds"":0.0,""reference_file_loads"":0.0,""sanitisation"":0.0,""tetrahedral_chirality"":0.0}",128,106.06879660879868,2.235644677144179,3.272091914180803,120.0,93.75,0.9945289195338932,0.0234375,116.89767625548879,0.0089111328125,0.9416666666666667,58.0,45.3125,0.9346005217548525,0.0625,44.47343996269259,0.0284423828125,0.5517241379310345,9.0,7.03125,0.791727903950815,0.3046875,5.695087773294776,0.2120361328125,0.1111111111111111,2.0,1.5625,0.5212220180699689,0.8828125,1.4351703777038904,0.7930908203125,0.0,128,21.096688552703288,39129.12789242257,37.25130906039786,3748.947179571752,1.0004941934116465,2.0743371309551906,0.0,0.0,0.0,1.0,1.0013966314710816,2.124207171183243,0.0,0.0,0.0,1.0,997,0,0,0,0,0,156,0,0,0,0,128,156,156,core
1ydt_1ydt_conf0,generation,qwen_1p7b_4e_step29600,chembl_count,1p7b_4e_step29600,qwen_1p7b_4e_step29600_chembl_count,Qwen 1.7B 4e (step 29600),qwen_1p7b_4e_step29600_chembl_count,8,27,107,0.7,107,105,2,0.9813084112149533,140,107,33,0.7642857142857142,"{""all_atoms_connected"":0,""bond_angles"":15,""bond_lengths"":2,""bonds"":0,""double_bond_stereochemistry"":3,""energy_ratio"":13,""file_loads"":0,""inchi_convertible"":0,""internal_steric_clash"":31,""molecular_formula"":0,""no_radicals"":0,""planar_aromatic_rings"":2,""planar_double_bonds"":0,""reference_file_loads"":0,""sanitisation"":0,""tetrahedral_chirality"":0}","{""all_atoms_connected"":0.0,""bond_angles"":0.10714285714285714,""bond_lengths"":0.014285714285714285,""bonds"":0.0,""double_bond_stereochemistry"":0.02142857142857143,""energy_ratio"":0.09285714285714286,""file_loads"":0.0,""inchi_convertible"":0.0,""internal_steric_clash"":0.22142857142857142,""molecular_formula"":0.0,""no_radicals"":0.0,""planar_aromatic_rings"":0.014285714285714285,""planar_double_bonds"":0.0,""reference_file_loads"":0.0,""sanitisation"":0.0,""tetrahedral_chirality"":0.0}",107,106.30522490311071,2.2349888642838622,3.2129587606988315,102.0,95.32710280373831,0.9952833757940581,0.028037383177570093,99.79903905476687,0.010393920866451217,0.9607843137254902,54.0,50.467289719626166,0.9286231027277096,0.09345794392523364,40.6200887913393,0.03362739103851864,0.5925925925925926,7.0,6.542056074766355,0.796084340932026,0.40186915887850466,4.707272242417158,0.2671849069787754,0.0,2.0,1.8691588785046729,0.533643917302716,0.8785046728971962,1.4475808396843612,0.786531574810027,0.0,107,21.096688552703288,461.15029390940083,38.78993600546437,50.08435652773059,0.8386812907855316,2.0786172593209673,0.0,0.0,0.0,1.0,0.9744931992917508,2.1325355668740906,0.0,0.0,0.0,1.0,997,0,0,0,0,0,140,0,0,0,0,107,140,140,core
1z6e_1z6e_conf0,generation,qwen_1p7b_4e_step29600,fixed,1p7b_4e_step29600,qwen_1p7b_4e_step29600_fixed,Qwen 1.7B 4e (step 29600),qwen_1p7b_4e_step29600_fixed,7,38,254,0.7,254,240,14,0.9448818897637795,993,254,739,0.255790533736153,"{""all_atoms_connected"":0,""bond_angles"":103,""bond_lengths"":26,""bonds"":0,""double_bond_stereochemistry"":0,""energy_ratio"":256,""file_loads"":0,""inchi_convertible"":0,""internal_steric_clash"":737,""molecular_formula"":0,""no_radicals"":0,""planar_aromatic_rings"":1,""planar_double_bonds"":0,""reference_file_loads"":0,""sanitisation"":0,""tetrahedral_chirality"":0}","{""all_atoms_connected"":0.0,""bond_angles"":0.10372608257804633,""bond_lengths"":0.026183282980866064,""bonds"":0.0,""double_bond_stereochemistry"":0.0,""energy_ratio"":0.2578046324269889,""file_loads"":0.0,""inchi_convertible"":0.0,""internal_steric_clash"":0.7421953675730111,""molecular_formula"":0.0,""no_radicals"":0.0,""planar_aromatic_rings"":0.0010070493454179255,""planar_double_bonds"":0.0,""reference_file_loads"":0.0,""sanitisation"":0.0,""tetrahedral_chirality"":0.0}",254,111.059762439227,3.026206799976015,4.1168759895492375,233.0,91.73228346456693,0.9906673330711021,0.023622047244094488,221.443112324014,0.0050220100440200865,0.9399141630901288,143.0,56.2992125984252,0.9539589450752232,0.03543307086614173,113.78947471084919,0.011532023064046125,0.6223776223776224,26.0,10.236220472440944,0.8718723675008303,0.1220472440944882,17.126797500126617,0.07303614607229215,0.15384615384615385,4.0,1.5748031496062993,0.9635957609087136,0.3188976377952756,3.8031412490879357,0.2722735445470891,0.0,254,137.34985411040566,14011.113250106266,172.28473119661348,867.2492674007507,1.7858626809915157,3.2296289541009937,0.0,0.0,0.0,1.0,1.7740094264236734,3.196561530601528,0.0,0.0,0.0,1.0,993,0,0,0,0,0,993,0,0,0,0,254,1000,1000,core
1z6e_1z6e_conf0,generation,qwen_1p7b_4e_step29600,dynamic,1p7b_4e_step29600,qwen_1p7b_4e_step29600_dynamic,Qwen 1.7B 4e (step 29600),qwen_1p7b_4e_step29600_dynamic,7,38,36,0.7,36,36,0,1.0,134,36,98,0.2686567164179104,"{""all_atoms_connected"":0,""bond_angles"":12,""bond_lengths"":4,""bonds"":0,""double_bond_stereochemistry"":0,""energy_ratio"":29,""file_loads"":0,""inchi_convertible"":0,""internal_steric_clash"":98,""molecular_formula"":0,""no_radicals"":0,""planar_aromatic_rings"":0,""planar_double_bonds"":0,""reference_file_loads"":0,""sanitisation"":0,""tetrahedral_chirality"":0}","{""all_atoms_connected"":0.0,""bond_angles"":0.08955223880597014,""bond_lengths"":0.029850746268656716,""bonds"":0.0,""double_bond_stereochemistry"":0.0,""energy_ratio"":0.21641791044776118,""file_loads"":0.0,""inchi_convertible"":0.0,""internal_steric_clash"":0.7313432835820896,""molecular_formula"":0.0,""no_radicals"":0.0,""planar_aromatic_rings"":0.0,""planar_double_bonds"":0.0,""reference_file_loads"":0.0,""sanitisation"":0.0,""tetrahedral_chirality"":0.0}",36,107.28967354215129,3.0132052350019163,4.196990504800857,36.0,100.0,1.0000000000000002,0.027777777777777776,36.000000000000014,0.027777777777777776,1.0,31.0,86.11111111111111,0.9762616103783922,0.1111111111111111,28.573218935427608,0.04012345679012348,0.9032258064516129,12.0,33.333333333333336,0.9062239576321776,0.2222222222222222,9.505607983738326,0.1280864197530864,0.25,3.0,8.333333333333334,0.792187847314342,0.6111111111111112,2.3876444734770694,0.4737654320987655,0.0,36,145.79452947893088,191.70730362550768,170.8752333345263,12.561241793759372,2.3159401677223945,3.0330713497828663,0.0,0.0,0.0,0.0,2.2459573145294436,2.964953992659763,0.0,0.0,0.0,0.0,993,0,0,0,0,0,134,0,0,0,0,36,134,134,core
1z6e_1z6e_conf0,generation,qwen_1p7b_4e_step29600,chembl_count,1p7b_4e_step29600,qwen_1p7b_4e_step29600_chembl_count,Qwen 1.7B 4e (step 29600),qwen_1p7b_4e_step29600_chembl_count,7,38,51,0.7,51,48,3,0.9411764705882353,200,51,149,0.255,"{""all_atoms_connected"":0,""bond_angles"":16,""bond_lengths"":3,""bonds"":0,""double_bond_stereochemistry"":0,""energy_ratio"":47,""file_loads"":0,""inchi_convertible"":0,""internal_steric_clash"":149,""molecular_formula"":0,""no_radicals"":0,""planar_aromatic_rings"":0,""planar_double_bonds"":0,""reference_file_loads"":0,""sanitisation"":0,""tetrahedral_chirality"":0}","{""all_atoms_connected"":0.0,""bond_angles"":0.08,""bond_lengths"":0.015,""bonds"":0.0,""double_bond_stereochemistry"":0.0,""energy_ratio"":0.235,""file_loads"":0.0,""inchi_convertible"":0.0,""internal_steric_clash"":0.745,""molecular_formula"":0.0,""no_radicals"":0.0,""planar_aromatic_rings"":0.0,""planar_double_bonds"":0.0,""reference_file_loads"":0.0,""sanitisation"":0.0,""tetrahedral_chirality"":0.0}",51,110.73451498813435,2.9464530129105904,3.8713710842758773,51.0,100.0,0.9999999999999999,0.0196078431372549,50.99999999999997,0.019607843137254905,1.0,43.0,84.31372549019608,0.9848207519575961,0.058823529411764705,40.61380064446924,0.026528258362168402,0.8372093023255814,14.0,27.45098039215686,0.9314031236102995,0.13725490196078433,11.681731837770222,0.09650134563629376,0.21428571428571427,3.0,5.882352941176471,0.9807848667356575,0.43137254901960786,2.9373338234671555,0.3479430988081508,0.0,51,145.53231731056644,516.4329230414708,168.48193972679675,50.99960329760372,1.7858626809915157,3.0764580139336175,0.0,0.0,0.0,1.0,1.7740094264236734,3.0777180197977936,0.0,0.0,0.0,1.0,993,0,0,0,0,0,200,0,0,0,0,51,200,200,core
1z95_1z95_conf0,generation,qwen_1p7b_4e_step29600,fixed,1p7b_4e_step29600,qwen_1p7b_4e_step29600_fixed,Qwen 1.7B 4e (step 29600),qwen_1p7b_4e_step29600_fixed,6,29,526,0.7,526,525,1,0.9980988593155894,1000,526,474,0.526,"{""all_atoms_connected"":0,""bond_angles"":9,""bond_lengths"":1,""bonds"":0,""double_bond_stereochemistry"":0,""energy_ratio"":6,""file_loads"":0,""inchi_convertible"":0,""internal_steric_clash"":14,""molecular_formula"":0,""no_radicals"":0,""planar_aromatic_rings"":0,""planar_double_bonds"":0,""reference_file_loads"":0,""sanitisation"":0,""tetrahedral_chirality"":462}","{""all_atoms_connected"":0.0,""bond_angles"":0.009,""bond_lengths"":0.001,""bonds"":0.0,""double_bond_stereochemistry"":0.0,""energy_ratio"":0.006,""file_loads"":0.0,""inchi_convertible"":0.0,""internal_steric_clash"":0.014,""molecular_formula"":0.0,""no_radicals"":0.0,""planar_aromatic_rings"":0.0,""planar_double_bonds"":0.0,""reference_file_loads"":0.0,""sanitisation"":0.0,""tetrahedral_chirality"":0.462}",526,106.84219030989246,1.407977396561381,2.156859386538272,89.0,16.920152091254753,0.7228679354645574,0.19011406844106463,25.653789657603973,0.07392039786609607,0.6179775280898876,36.0,6.844106463878327,0.5892851039735385,0.40874524714828897,8.262393621505026,0.22348884615940673,0.3055555555555556,6.0,1.1406844106463878,0.5716903962853436,0.6026615969581749,2.7852334140352437,0.45590510199655915,0.0,2.0,0.38022813688212925,0.3155576056038126,0.9429657794676806,1.2444925601560972,0.8924373635588196,0.0,526,17.011637333990866,93.60406992265247,32.75450457171879,9.18680295643638,0.7905829559330653,2.1099429083275156,0.0,0.0,0.0,1.0,0.8984287140206885,2.0648898302030436,0.0,0.0,0.0,1.0,1000,0,0,0,0,0,1000,0,0,0,0,526,1000,1000,core
1z95_1z95_conf0,generation,qwen_1p7b_4e_step29600,dynamic,1p7b_4e_step29600,qwen_1p7b_4e_step29600_dynamic,Qwen 1.7B 4e (step 29600),qwen_1p7b_4e_step29600_dynamic,6,29,59,0.7,59,59,0,1.0,112,59,53,0.5267857142857143,"{""all_atoms_connected"":0,""bond_angles"":1,""bond_lengths"":1,""bonds"":0,""double_bond_stereochemistry"":0,""energy_ratio"":0,""file_loads"":0,""inchi_convertible"":0,""internal_steric_clash"":2,""molecular_formula"":0,""no_radicals"":0,""planar_aromatic_rings"":0,""planar_double_bonds"":0,""reference_file_loads"":0,""sanitisation"":0,""tetrahedral_chirality"":52}","{""all_atoms_connected"":0.0,""bond_angles"":0.008928571428571428,""bond_lengths"":0.008928571428571428,""bonds"":0.0,""double_bond_stereochemistry"":0.0,""energy_ratio"":0.0,""file_loads"":0.0,""inchi_convertible"":0.0,""internal_steric_clash"":0.017857142857142856,""molecular_formula"":0.0,""no_radicals"":0.0,""planar_aromatic_rings"":0.0,""planar_double_bonds"":0.0,""reference_file_loads"":0.0,""sanitisation"":0.0,""tetrahedral_chirality"":0.4642857142857143}",59,102.71381381733896,1.5039326055511295,2.350100663217077,25.0,42.3728813559322,0.8284966550930637,0.3050847457627119,14.39423607760778,0.12611318586613043,0.6,11.0,18.64406779661017,0.7028525721706181,0.5254237288135594,5.394429571339602,0.30824475725366285,0.36363636363636365,4.0,6.779661016949152,0.6312157568354504,0.6779661016949152,2.398997266325347,0.515656420568802,0.25,1.0,1.694915254237288,0.0,1.0,1.0,1.0,0.0,59,18.996121216781933,62.84896834873602,33.69339201806984,8.2104370063838,0.8367976072796169,2.1776179436048677,0.0,0.0,0.0,1.0,0.9110267396763841,2.11682760835395,0.0,0.0,0.0,1.0,1000,0,0,0,0,0,112,0,0,0,0,59,112,112,core
1z95_1z95_conf0,generation,qwen_1p7b_4e_step29600,chembl_count,1p7b_4e_step29600,qwen_1p7b_4e_step29600_chembl_count,Qwen 1.7B 4e (step 29600),qwen_1p7b_4e_step29600_chembl_count,6,29,95,0.7,95,95,0,1.0,198,95,103,0.4797979797979798,"{""all_atoms_connected"":0,""bond_angles"":3,""bond_lengths"":0,""bonds"":0,""double_bond_stereochemistry"":0,""energy_ratio"":3,""file_loads"":0,""inchi_convertible"":0,""internal_steric_clash"":4,""molecular_formula"":0,""no_radicals"":0,""planar_aromatic_rings"":0,""planar_double_bonds"":0,""reference_file_loads"":0,""sanitisation"":0,""tetrahedral_chirality"":99}","{""all_atoms_connected"":0.0,""bond_angles"":0.015151515151515152,""bond_lengths"":0.0,""bonds"":0.0,""double_bond_stereochemistry"":0.0,""energy_ratio"":0.015151515151515152,""file_loads"":0.0,""inchi_convertible"":0.0,""internal_steric_clash"":0.020202020202020204,""molecular_formula"":0.0,""no_radicals"":0.0,""planar_aromatic_rings"":0.0,""planar_double_bonds"":0.0,""reference_file_loads"":0.0,""sanitisation"":0.0,""tetrahedral_chirality"":0.5}",95,105.6075165997007,1.6400909650446656,2.4498131024344243,35.0,36.8421052631579,0.8622969714556732,0.15789473684210525,21.450884198357993,0.06991689750692522,0.6,18.0,18.94736842105263,0.7604565500382987,0.2631578947368421,9.007000743403983,0.1594459833795014,0.4444444444444444,5.0,5.2631578947368425,0.8200206034172567,0.4,3.742568903072644,0.3045983379501386,0.0,2.0,2.1052631578947367,0.4520861986745137,0.9052631578947369,1.3680170382464347,0.8284764542936289,0.0,95,18.996121216781933,77.2894621756254,33.748911713033884,10.173093987839048,1.0015883839229824,2.039828266569451,0.0,0.0,0.0,1.0,1.059687942992297,2.014645975047706,0.0,0.0,0.0,1.0,1000,0,0,0,0,0,198,0,0,0,0,95,198,198,core
1z9g_1z9g_conf0,generation,qwen_1p7b_4e_step29600,fixed,1p7b_4e_step29600,qwen_1p7b_4e_step29600_fixed,Qwen 1.7B 4e (step 29600),qwen_1p7b_4e_step29600_fixed,7,17,478,0.7,478,478,0,1.0,1000,478,522,0.478,"{""all_atoms_connected"":0,""bond_angles"":23,""bond_lengths"":5,""bonds"":0,""double_bond_stereochemistry"":0,""energy_ratio"":23,""file_loads"":0,""inchi_convertible"":0,""internal_steric_clash"":50,""molecular_formula"":0,""no_radicals"":0,""planar_aromatic_rings"":8,""planar_double_bonds"":0,""reference_file_loads"":0,""sanitisation"":0,""tetrahedral_chirality"":496}","{""all_atoms_connected"":0.0,""bond_angles"":0.023,""bond_lengths"":0.005,""bonds"":0.0,""double_bond_stereochemistry"":0.0,""energy_ratio"":0.023,""file_loads"":0.0,""inchi_convertible"":0.0,""internal_steric_clash"":0.05,""molecular_formula"":0.0,""no_radicals"":0.0,""planar_aromatic_rings"":0.008,""planar_double_bonds"":0.0,""reference_file_loads"":0.0,""sanitisation"":0.0,""tetrahedral_chirality"":0.496}",478,110.47867466664077,1.5941737916334204,2.1064728174476977,289.0,60.46025104602511,0.968228112444543,0.016736401673640166,241.3851079799198,0.005103201974755344,0.6366782006920415,39.0,8.158995815899582,0.9360880882751059,0.07112970711297072,30.858628941287318,0.037613137024912036,0.02564102564102564,3.0,0.6276150627615062,0.9519163053993434,0.47280334728033474,2.84563701934312,0.36842842387213104,0.0,1.0,0.20920502092050208,0.0,1.0,1.0,1.0,0.0,478,3.6686959437952726,86.33457340744084,20.136010803918083,11.554111714062023,0.3953900010479617,1.4585412420411916,0.0,1.0,1.0,1.0,0.4764775141555192,1.4486672995322367,0.0,1.0,1.0,1.0,1000,0,0,0,0,0,1000,0,0,0,0,478,1000,1000,core
1z9g_1z9g_conf0,generation,qwen_1p7b_4e_step29600,dynamic,1p7b_4e_step29600,qwen_1p7b_4e_step29600_dynamic,Qwen 1.7B 4e (step 29600),qwen_1p7b_4e_step29600_dynamic,7,17,71,0.7,71,71,0,1.0,134,71,63,0.5298507462686567,"{""all_atoms_connected"":0,""bond_angles"":2,""bond_lengths"":1,""bonds"":0,""double_bond_stereochemistry"":0,""energy_ratio"":3,""file_loads"":0,""inchi_convertible"":0,""internal_steric_clash"":6,""molecular_formula"":0,""no_radicals"":0,""planar_aromatic_rings"":2,""planar_double_bonds"":0,""reference_file_loads"":0,""sanitisation"":0,""tetrahedral_chirality"":59}","{""all_atoms_connected"":0.0,""bond_angles"":0.014925373134328358,""bond_lengths"":0.007462686567164179,""bonds"":0.0,""double_bond_stereochemistry"":0.0,""energy_ratio"":0.022388059701492536,""file_loads"":0.0,""inchi_convertible"":0.0,""internal_steric_clash"":0.04477611940298507,""molecular_formula"":0.0,""no_radicals"":0.0,""planar_aromatic_rings"":0.014925373134328358,""planar_double_bonds"":0.0,""reference_file_loads"":0.0,""sanitisation"":0.0,""tetrahedral_chirality"":0.44029850746268656}",71,107.61327314910739,1.6587353439744366,2.2550384580667235,60.0,84.50704225352112,0.9832569632950489,0.04225352112676056,56.024707620132155,0.019638960523705607,0.8666666666666667,24.0,33.80281690140845,0.9446755779697577,0.09859154929577464,20.130374408422483,0.05653640150763738,0.25,2.0,2.816901408450704,0.9964196342978482,0.5352112676056338,1.9950427130607034,0.5024796667327911,0.0,1.0,1.408450704225352,0.0,1.0,1.0,1.0,0.0,71,5.812431533367199,75.02612212642987,20.912424527955807,13.380151183963946,0.5866861219510691,1.4854837600163178,0.0,0.0,1.0,1.0,0.6021622270173191,1.4794741852897846,0.0,0.0,1.0,1.0,1000,0,0,0,0,0,134,0,0,0,0,71,134,134,core
1z9g_1z9g_conf0,generation,qwen_1p7b_4e_step29600,chembl_count,1p7b_4e_step29600,qwen_1p7b_4e_step29600_chembl_count,Qwen 1.7B 4e (step 29600),qwen_1p7b_4e_step29600_chembl_count,7,17,99,0.7,99,99,0,1.0,199,99,100,0.4974874371859296,"{""all_atoms_connected"":0,""bond_angles"":3,""bond_lengths"":0,""bonds"":0,""double_bond_stereochemistry"":0,""energy_ratio"":5,""file_loads"":0,""inchi_convertible"":0,""internal_steric_clash"":10,""molecular_formula"":0,""no_radicals"":0,""planar_aromatic_rings"":1,""planar_double_bonds"":0,""reference_file_loads"":0,""sanitisation"":0,""tetrahedral_chirality"":97}","{""all_atoms_connected"":0.0,""bond_angles"":0.01507537688442211,""bond_lengths"":0.0,""bonds"":0.0,""double_bond_stereochemistry"":0.0,""energy_ratio"":0.02512562814070352,""file_loads"":0.0,""inchi_convertible"":0.0,""internal_steric_clash"":0.05025125628140704,""molecular_formula"":0.0,""no_radicals"":0.0,""planar_aromatic_rings"":0.005025125628140704,""planar_double_bonds"":0.0,""reference_file_loads"":0.0,""sanitisation"":0.0,""tetrahedral_chirality"":0.48743718592964824}",99,109.09283909720179,1.5705075253509844,2.049203065086237,85.0,85.85858585858585,0.987812749724016,0.030303030303030304,80.52015725305345,0.013365983062952764,0.8588235294117647,22.0,22.22222222222222,0.9366672720790318,0.13131313131313133,18.088534828318643,0.06478930721354964,0.09090909090909091,3.0,3.0303030303030303,0.70820085760823,0.696969696969697,2.17719677216359,0.5447403326191206,0.0,1.0,1.0101010101010102,0.0,1.0,1.0,1.0,0.0,99,5.812431533367199,59.37795739044344,20.494390738237016,10.776280818811168,0.3953900010479617,1.4457971681785924,0.0,1.0,1.0,1.0,0.5206481926690604,1.4266688455529666,0.0,0.0,1.0,1.0,1000,0,0,0,0,0,199,0,0,0,0,99,199,199,core
2br1_2br1_conf0,generation,qwen_1p7b_4e_step29600,fixed,1p7b_4e_step29600,qwen_1p7b_4e_step29600_fixed,Qwen 1.7B 4e (step 29600),qwen_1p7b_4e_step29600_fixed,8,29,998,0.7,998,998,0,1.0,1000,998,2,0.998,"{""all_atoms_connected"":0,""bond_angles"":1,""bond_lengths"":1,""bonds"":0,""double_bond_stereochemistry"":0,""energy_ratio"":1,""file_loads"":0,""inchi_convertible"":0,""internal_steric_clash"":2,""molecular_formula"":0,""no_radicals"":0,""planar_aromatic_rings"":1,""planar_double_bonds"":0,""reference_file_loads"":0,""sanitisation"":0,""tetrahedral_chirality"":0}","{""all_atoms_connected"":0.0,""bond_angles"":0.001,""bond_lengths"":0.001,""bonds"":0.0,""double_bond_stereochemistry"":0.0,""energy_ratio"":0.001,""file_loads"":0.0,""inchi_convertible"":0.0,""internal_steric_clash"":0.002,""molecular_formula"":0.0,""no_radicals"":0.0,""planar_aromatic_rings"":0.001,""planar_double_bonds"":0.0,""reference_file_loads"":0.0,""sanitisation"":0.0,""tetrahedral_chirality"":0.0}",998,95.13987118987825,0.848433597414226,1.104678687608557,57.0,5.7114228456913825,0.9035792670415379,0.06012024048096192,38.598649978206836,0.031140437186999246,0.14035087719298245,3.0,0.30060120240480964,0.9928212607969568,0.3897795591182365,2.9764331007925504,0.3386592824928414,0.0,1.0,0.10020040080160321,0.0,1.0,1.0,1.0,0.0,1.0,0.10020040080160321,0.0,1.0,1.0,1.0,0.0,998,32.68847424140609,72.83258672035504,45.79357138036758,5.768379170971851,0.25547404235613264,0.8440705319631036,0.0,1.0,1.0,1.0,0.22033688924501157,0.8518319383697323,1.0,1.0,1.0,1.0,1000,0,0,0,0,0,1000,0,0,0,0,998,1000,1000,core
2br1_2br1_conf0,generation,qwen_1p7b_4e_step29600,dynamic,1p7b_4e_step29600,qwen_1p7b_4e_step29600_dynamic,Qwen 1.7B 4e (step 29600),qwen_1p7b_4e_step29600_dynamic,8,29,156,0.7,156,156,0,1.0,156,156,0,1.0,"{""all_atoms_connected"":0,""bond_angles"":0,""bond_lengths"":0,""bonds"":0,""double_bond_stereochemistry"":0,""energy_ratio"":0,""file_loads"":0,""inchi_convertible"":0,""internal_steric_clash"":0,""molecular_formula"":0,""no_radicals"":0,""planar_aromatic_rings"":0,""planar_double_bonds"":0,""reference_file_loads"":0,""sanitisation"":0,""tetrahedral_chirality"":0}","{""all_atoms_connected"":0.0,""bond_angles"":0.0,""bond_lengths"":0.0,""bonds"":0.0,""double_bond_stereochemistry"":0.0,""energy_ratio"":0.0,""file_loads"":0.0,""inchi_convertible"":0.0,""internal_steric_clash"":0.0,""molecular_formula"":0.0,""no_radicals"":0.0,""planar_aromatic_rings"":0.0,""planar_double_bonds"":0.0,""reference_file_loads"":0.0,""sanitisation"":0.0,""tetrahedral_chirality"":0.0}",156,98.77157427266009,0.8061882005659107,1.0574890684033216,31.0,19.871794871794872,0.9105850225065374,0.14743589743589744,22.80403093852551,0.05654174884944117,0.1935483870967742,2.0,1.2820512820512822,0.990374836448575,0.5576923076923077,1.986701102201531,0.5066568047337278,0.0,1.0,0.6410256410256411,0.0,1.0,1.0,1.0,0.0,1.0,0.6410256410256411,0.0,1.0,1.0,1.0,0.0,156,33.668717596447664,60.55442674192662,44.70401628892093,5.052522532867245,0.2812618061166535,0.835559701635513,0.0,1.0,1.0,1.0,0.269458066781938,0.8464546342917687,0.0,1.0,1.0,1.0,1000,0,0,0,0,0,156,0,0,0,0,156,156,156,core
2br1_2br1_conf0,generation,qwen_1p7b_4e_step29600,chembl_count,1p7b_4e_step29600,qwen_1p7b_4e_step29600_chembl_count,Qwen 1.7B 4e (step 29600),qwen_1p7b_4e_step29600_chembl_count,8,29,200,0.7,200,200,0,1.0,200,200,0,1.0,"{""all_atoms_connected"":0,""bond_angles"":0,""bond_lengths"":0,""bonds"":0,""double_bond_stereochemistry"":0,""energy_ratio"":0,""file_loads"":0,""inchi_convertible"":0,""internal_steric_clash"":0,""molecular_formula"":0,""no_radicals"":0,""planar_aromatic_rings"":0,""planar_double_bonds"":0,""reference_file_loads"":0,""sanitisation"":0,""tetrahedral_chirality"":0}","{""all_atoms_connected"":0.0,""bond_angles"":0.0,""bond_lengths"":0.0,""bonds"":0.0,""double_bond_stereochemistry"":0.0,""energy_ratio"":0.0,""file_loads"":0.0,""inchi_convertible"":0.0,""internal_steric_clash"":0.0,""molecular_formula"":0.0,""no_radicals"":0.0,""planar_aromatic_rings"":0.0,""planar_double_bonds"":0.0,""reference_file_loads"":0.0,""sanitisation"":0.0,""tetrahedral_chirality"":0.0}",200,97.41803616548727,0.8335540112761579,1.0937729837435484,33.0,16.5,0.9353084127923925,0.075,26.31957443995841,0.04395,0.12121212121212122,4.0,2.0,0.9049160428067643,0.36,3.506014798614968,0.30144999999999994,0.0,1.0,0.5,0.0,1.0,1.0,1.0,0.0,1.0,0.5,0.0,1.0,1.0,1.0,0.0,200,33.05443735804576,64.16068666426536,45.91799790121626,5.393933653102033,0.26863435790187323,0.8589567418958033,0.0,1.0,1.0,1.0,0.22033688924501157,0.8695821745352412,1.0,1.0,1.0,1.0,1000,0,0,0,0,0,200,0,0,0,0,200,200,200,core
2brb_2brb_conf0,generation,qwen_1p7b_4e_step29600,fixed,1p7b_4e_step29600,qwen_1p7b_4e_step29600_fixed,Qwen 1.7B 4e (step 29600),qwen_1p7b_4e_step29600_fixed,6,25,993,0.7,993,992,1,0.998992950654582,1000,993,7,0.993,"{""all_atoms_connected"":0,""bond_angles"":6,""bond_lengths"":5,""bonds"":0,""double_bond_stereochemistry"":0,""energy_ratio"":1,""file_loads"":0,""inchi_convertible"":0,""internal_steric_clash"":7,""molecular_formula"":0,""no_radicals"":0,""planar_aromatic_rings"":5,""planar_double_bonds"":0,""reference_file_loads"":0,""sanitisation"":0,""tetrahedral_chirality"":0}","{""all_atoms_connected"":0.0,""bond_angles"":0.006,""bond_lengths"":0.005,""bonds"":0.0,""double_bond_stereochemistry"":0.0,""energy_ratio"":0.001,""file_loads"":0.0,""inchi_convertible"":0.0,""internal_steric_clash"":0.007,""molecular_formula"":0.0,""no_radicals"":0.0,""planar_aromatic_rings"":0.005,""planar_double_bonds"":0.0,""reference_file_loads"":0.0,""sanitisation"":0.0,""tetrahedral_chirality"":0.0}",993,82.88774165503389,0.7957181003505,1.1432117713248786,27.0,2.719033232628399,0.7478739485202061,0.22457200402819738,11.761959240263476,0.1184677434894209,0.18518518518518517,4.0,0.4028197381671702,0.511587324333632,0.5448136958710977,2.0323863061550034,0.5012803623349348,0.25,1.0,0.10070493454179255,0.0,1.0,1.0,1.0,0.0,1.0,0.10070493454179255,0.0,1.0,1.0,1.0,0.0,993,14.161395737662296,459.7034618184978,27.92416246891194,15.155053551292319,0.26777188007792596,0.7681973734649693,0.0,1.0,1.0,1.0,0.23630874620830802,0.7929571608447817,1.0,1.0,1.0,1.0,1000,0,0,0,0,0,1000,0,0,0,0,993,1000,1000,core
2brb_2brb_conf0,generation,qwen_1p7b_4e_step29600,dynamic,1p7b_4e_step29600,qwen_1p7b_4e_step29600_dynamic,Qwen 1.7B 4e (step 29600),qwen_1p7b_4e_step29600_dynamic,6,25,112,0.7,112,112,0,1.0,112,112,0,1.0,"{""all_atoms_connected"":0,""bond_angles"":0,""bond_lengths"":0,""bonds"":0,""double_bond_stereochemistry"":0,""energy_ratio"":0,""file_loads"":0,""inchi_convertible"":0,""internal_steric_clash"":0,""molecular_formula"":0,""no_radicals"":0,""planar_aromatic_rings"":0,""planar_double_bonds"":0,""reference_file_loads"":0,""sanitisation"":0,""tetrahedral_chirality"":0}","{""all_atoms_connected"":0.0,""bond_angles"":0.0,""bond_lengths"":0.0,""bonds"":0.0,""double_bond_stereochemistry"":0.0,""energy_ratio"":0.0,""file_loads"":0.0,""inchi_convertible"":0.0,""internal_steric_clash"":0.0,""molecular_formula"":0.0,""no_radicals"":0.0,""planar_aromatic_rings"":0.0,""planar_double_bonds"":0.0,""reference_file_loads"":0.0,""sanitisation"":0.0,""tetrahedral_chirality"":0.0}",112,82.08386767877592,0.8058949590513516,1.15684337229562,14.0,12.5,0.8530051063839589,0.21428571428571427,9.498457131455739,0.13058035714285718,0.14285714285714285,2.0,1.7857142857142858,0.9990797181805819,0.5178571428571429,1.9987246253212,0.5006377551020409,0.0,1.0,0.8928571428571429,0.0,1.0,1.0,1.0,0.0,1.0,0.8928571428571429,0.0,1.0,1.0,1.0,0.0,112,15.853982854674218,47.55640856202979,27.45179605853121,5.343300036862683,0.29052193390969544,0.7888170642718073,0.0,1.0,1.0,1.0,0.24935194484422196,0.7986928030221708,1.0,1.0,1.0,1.0,1000,0,0,0,0,0,112,0,0,0,0,112,112,112,core
2brb_2brb_conf0,generation,qwen_1p7b_4e_step29600,chembl_count,1p7b_4e_step29600,qwen_1p7b_4e_step29600_chembl_count,Qwen 1.7B 4e (step 29600),qwen_1p7b_4e_step29600_chembl_count,6,25,200,0.7,200,200,0,1.0,200,200,0,1.0,"{""all_atoms_connected"":0,""bond_angles"":0,""bond_lengths"":0,""bonds"":0,""double_bond_stereochemistry"":0,""energy_ratio"":0,""file_loads"":0,""inchi_convertible"":0,""internal_steric_clash"":0,""molecular_formula"":0,""no_radicals"":0,""planar_aromatic_rings"":0,""planar_double_bonds"":0,""reference_file_loads"":0,""sanitisation"":0,""tetrahedral_chirality"":0}","{""all_atoms_connected"":0.0,""bond_angles"":0.0,""bond_lengths"":0.0,""bonds"":0.0,""double_bond_stereochemistry"":0.0,""energy_ratio"":0.0,""file_loads"":0.0,""inchi_convertible"":0.0,""internal_steric_clash"":0.0,""molecular_formula"":0.0,""no_radicals"":0.0,""planar_aromatic_rings"":0.0,""planar_double_bonds"":0.0,""reference_file_loads"":0.0,""sanitisation"":0.0,""tetrahedral_chirality"":0.0}",200,81.9908275109502,0.8120650188249214,1.1692447666604813,18.0,9.0,0.7506232074084493,0.25,8.754607380121476,0.1559,0.2777777777777778,2.0,1.0,0.9953784388202258,0.54,1.9936034067610926,0.5032000000000001,0.0,1.0,0.5,0.0,1.0,1.0,1.0,0.0,1.0,0.5,0.0,1.0,1.0,1.0,0.0,200,16.858076156155057,47.45949155570317,28.622410239662234,5.429674322976219,0.26777188007792596,0.780067011293732,0.0,1.0,1.0,1.0,0.23849985155318407,0.8022959801747828,1.0,1.0,1.0,1.0,1000,0,0,0,0,0,200,0,0,0,0,200,200,200,core
2c3i_2c3i_conf0,generation,qwen_1p7b_4e_step29600,fixed,1p7b_4e_step29600,qwen_1p7b_4e_step29600_fixed,Qwen 1.7B 4e (step 29600),qwen_1p7b_4e_step29600_fixed,5,23,935,0.7,935,934,1,0.9989304812834224,999,935,64,0.935935935935936,"{""all_atoms_connected"":0,""bond_angles"":11,""bond_lengths"":11,""bonds"":0,""double_bond_stereochemistry"":0,""energy_ratio"":8,""file_loads"":0,""inchi_convertible"":0,""internal_steric_clash"":55,""molecular_formula"":0,""no_radicals"":0,""planar_aromatic_rings"":0,""planar_double_bonds"":0,""reference_file_loads"":0,""sanitisation"":0,""tetrahedral_chirality"":0}","{""all_atoms_connected"":0.0,""bond_angles"":0.011011011011011011,""bond_lengths"":0.011011011011011011,""bonds"":0.0,""double_bond_stereochemistry"":0.0,""energy_ratio"":0.008008008008008008,""file_loads"":0.0,""inchi_convertible"":0.0,""internal_steric_clash"":0.055055055055055056,""molecular_formula"":0.0,""no_radicals"":0.0,""planar_aromatic_rings"":0.0,""planar_double_bonds"":0.0,""reference_file_loads"":0.0,""sanitisation"":0.0,""tetrahedral_chirality"":0.0}",935,99.7190477875533,1.7096873818066196,2.4801383101079364,155.0,16.577540106951872,0.9208183528106256,0.03636363636363636,103.96750606985626,0.013123623781063229,0.17419354838709677,25.0,2.6737967914438503,0.8932663962280509,0.1304812834224599,17.730983827753075,0.06855100231633732,0.0,3.0,0.32085561497326204,0.8500370356832542,0.4748663101604278,2.544314172225568,0.4223134776516343,0.0,1.0,0.10695187165775401,0.0,1.0,1.0,1.0,0.0,935,26.15841945569111,262.5952665765253,45.849191308611,19.312544667784202,0.2856381916748662,1.5450916762083857,0.0,1.0,1.0,1.0,0.317599965135992,1.571127052648257,0.0,1.0,1.0,1.0,999,0,0,0,0,0,999,0,0,0,0,935,1000,1000,core
2c3i_2c3i_conf0,generation,qwen_1p7b_4e_step29600,dynamic,1p7b_4e_step29600,qwen_1p7b_4e_step29600_dynamic,Qwen 1.7B 4e (step 29600),qwen_1p7b_4e_step29600_dynamic,5,23,85,0.7,85,85,0,1.0,90,85,5,0.9444444444444444,"{""all_atoms_connected"":0,""bond_angles"":2,""bond_lengths"":2,""bonds"":0,""double_bond_stereochemistry"":0,""energy_ratio"":0,""file_loads"":0,""inchi_convertible"":0,""internal_steric_clash"":4,""molecular_formula"":0,""no_radicals"":0,""planar_aromatic_rings"":0,""planar_double_bonds"":0,""reference_file_loads"":0,""sanitisation"":0,""tetrahedral_chirality"":0}","{""all_atoms_connected"":0.0,""bond_angles"":0.022222222222222223,""bond_lengths"":0.022222222222222223,""bonds"":0.0,""double_bond_stereochemistry"":0.0,""energy_ratio"":0.0,""file_loads"":0.0,""inchi_convertible"":0.0,""internal_steric_clash"":0.044444444444444446,""molecular_formula"":0.0,""no_radicals"":0.0,""planar_aromatic_rings"":0.0,""planar_double_bonds"":0.0,""reference_file_loads"":0.0,""sanitisation"":0.0,""tetrahedral_chirality"":0.0}",85,102.66465652384309,1.731649680726666,2.519899538689531,47.0,55.294117647058826,0.9517775611902908,0.08235294117647059,39.035992087365806,0.03169550173010379,0.5319148936170213,16.0,18.823529411764707,0.8860092977559584,0.23529411764705882,11.664375720887577,0.11058823529411764,0.125,3.0,3.5294117647058822,0.9437600120884534,0.4117647058823529,2.8202522937978154,0.370242214532872,0.0,1.0,1.1764705882352942,0.0,1.0,1.0,1.0,0.0,85,29.392511197119468,144.25845573721494,44.55204530905631,21.280580557371405,0.7538924502232176,1.6800466748134049,0.0,0.0,0.0,1.0,0.7369792096536464,1.6367079428358955,0.0,0.0,1.0,1.0,999,0,0,0,0,0,90,0,0,0,0,85,90,90,core
2c3i_2c3i_conf0,generation,qwen_1p7b_4e_step29600,chembl_count,1p7b_4e_step29600,qwen_1p7b_4e_step29600_chembl_count,Qwen 1.7B 4e (step 29600),qwen_1p7b_4e_step29600_chembl_count,5,23,190,0.7,190,190,0,1.0,200,190,10,0.95,"{""all_atoms_connected"":0,""bond_angles"":1,""bond_lengths"":2,""bonds"":0,""double_bond_stereochemistry"":0,""energy_ratio"":1,""file_loads"":0,""inchi_convertible"":0,""internal_steric_clash"":9,""molecular_formula"":0,""no_radicals"":0,""planar_aromatic_rings"":0,""planar_double_bonds"":0,""reference_file_loads"":0,""sanitisation"":0,""tetrahedral_chirality"":0}","{""all_atoms_connected"":0.0,""bond_angles"":0.005,""bond_lengths"":0.01,""bonds"":0.0,""double_bond_stereochemistry"":0.0,""energy_ratio"":0.005,""file_loads"":0.0,""inchi_convertible"":0.0,""internal_steric_clash"":0.045,""molecular_formula"":0.0,""no_radicals"":0.0,""planar_aromatic_rings"":0.0,""planar_double_bonds"":0.0,""reference_file_loads"":0.0,""sanitisation"":0.0,""tetrahedral_chirality"":0.0}",190,96.76483987272421,1.7284118723487452,2.474764930404916,78.0,41.05263157894737,0.9515389617360229,0.05263157894736842,63.154126655023305,0.019279778393351803,0.3717948717948718,21.0,11.052631578947368,0.8970835264096295,0.21052631578947367,15.35115821090932,0.08637119113573408,0.09523809523809523,3.0,1.5789473684210527,0.9080297534455053,0.4789473684210526,2.711691596783292,0.39318559556786703,0.0,1.0,0.5263157894736842,0.0,1.0,1.0,1.0,0.0,190,27.631683476178047,167.55096850988434,46.24870485102929,20.814910016799086,0.6519978912055355,1.4361508759944273,0.0,0.0,1.0,1.0,0.6225847345399075,1.436710565768788,0.0,0.0,1.0,1.0,999,0,0,0,0,0,200,0,0,0,0,190,200,200,core
2fvd_2fvd_conf0,generation,qwen_1p7b_4e_step29600,fixed,1p7b_4e_step29600,qwen_1p7b_4e_step29600_fixed,Qwen 1.7B 4e (step 29600),qwen_1p7b_4e_step29600_fixed,7,30,973,0.7,973,972,1,0.998972250770812,1000,973,27,0.973,"{""all_atoms_connected"":0,""bond_angles"":11,""bond_lengths"":7,""bonds"":0,""double_bond_stereochemistry"":0,""energy_ratio"":8,""file_loads"":0,""inchi_convertible"":0,""internal_steric_clash"":26,""molecular_formula"":0,""no_radicals"":0,""planar_aromatic_rings"":1,""planar_double_bonds"":0,""reference_file_loads"":0,""sanitisation"":0,""tetrahedral_chirality"":0}","{""all_atoms_connected"":0.0,""bond_angles"":0.011,""bond_lengths"":0.007,""bonds"":0.0,""double_bond_stereochemistry"":0.0,""energy_ratio"":0.008,""file_loads"":0.0,""inchi_convertible"":0.0,""internal_steric_clash"":0.026,""molecular_formula"":0.0,""no_radicals"":0.0,""planar_aromatic_rings"":0.001,""planar_double_bonds"":0.0,""reference_file_loads"":0.0,""sanitisation"":0.0,""tetrahedral_chirality"":0.0}",973,101.09166307899697,1.9382884884878213,2.469308879006306,536.0,55.08735868448099,0.9537830643621273,0.019527235354573486,400.8954768152909,0.0038036227896261756,0.6380597014925373,122.0,12.538540596094553,0.9056725332304787,0.040082219938335044,77.5458914829692,0.016776712237609705,0.19672131147540983,8.0,0.8221993833504625,0.8239251124724571,0.2795477903391572,5.547259966442768,0.2056206158256481,0.0,2.0,0.20554984583761562,0.913777725599431,0.671120246659815,1.8839722639628604,0.5585642776338318,0.0,973,-69.8123110514282,40.44090619752626,-50.69702553764782,12.52514654497403,0.5923320044845072,2.00454249570933,0.0,0.0,1.0,1.0,0.6523124385299323,2.021959727941016,0.0,0.0,1.0,1.0,1000,0,0,0,0,0,1000,0,0,0,0,973,1000,1000,core
2fvd_2fvd_conf0,generation,qwen_1p7b_4e_step29600,dynamic,1p7b_4e_step29600,qwen_1p7b_4e_step29600_dynamic,Qwen 1.7B 4e (step 29600),qwen_1p7b_4e_step29600_dynamic,7,30,129,0.7,129,129,0,1.0,134,129,5,0.9626865671641792,"{""all_atoms_connected"":0,""bond_angles"":1,""bond_lengths"":1,""bonds"":0,""double_bond_stereochemistry"":0,""energy_ratio"":1,""file_loads"":0,""inchi_convertible"":0,""internal_steric_clash"":5,""molecular_formula"":0,""no_radicals"":0,""planar_aromatic_rings"":0,""planar_double_bonds"":0,""reference_file_loads"":0,""sanitisation"":0,""tetrahedral_chirality"":0}","{""all_atoms_connected"":0.0,""bond_angles"":0.007462686567164179,""bond_lengths"":0.007462686567164179,""bonds"":0.0,""double_bond_stereochemistry"":0.0,""energy_ratio"":0.007462686567164179,""file_loads"":0.0,""inchi_convertible"":0.0,""internal_steric_clash"":0.03731343283582089,""molecular_formula"":0.0,""no_radicals"":0.0,""planar_aromatic_rings"":0.0,""planar_double_bonds"":0.0,""reference_file_loads"":0.0,""sanitisation"":0.0,""tetrahedral_chirality"":0.0}",129,100.19622913675202,1.9571959198733002,2.4592156414114696,108.0,83.72093023255815,0.9842926717735722,0.031007751937984496,100.34231146733873,0.011117120365362661,0.8518518518518519,56.0,43.41085271317829,0.9475914268836745,0.06201550387596899,45.349028421631004,0.0268613665044168,0.4107142857142857,7.0,5.426356589147287,0.9085311506173999,0.2713178294573643,5.858654599613242,0.1900727119764437,0.0,1.0,0.7751937984496124,0.0,1.0,1.0,1.0,0.0,129,-67.38661138123364,-5.930286461162709,-50.324081795843625,12.298992209964402,0.7473983352613718,1.977107874523399,0.0,0.0,1.0,1.0,0.8497124380348479,1.9776920136552327,0.0,0.0,0.0,1.0,1000,0,0,0,0,0,134,0,0,0,0,129,134,134,core
2fvd_2fvd_conf0,generation,qwen_1p7b_4e_step29600,chembl_count,1p7b_4e_step29600,qwen_1p7b_4e_step29600_chembl_count,Qwen 1.7B 4e (step 29600),qwen_1p7b_4e_step29600_chembl_count,7,30,194,0.7,194,194,0,1.0,200,194,6,0.97,"{""all_atoms_connected"":0,""bond_angles"":1,""bond_lengths"":0,""bonds"":0,""double_bond_stereochemistry"":0,""energy_ratio"":1,""file_loads"":0,""inchi_convertible"":0,""internal_steric_clash"":6,""molecular_formula"":0,""no_radicals"":0,""planar_aromatic_rings"":0,""planar_double_bonds"":0,""reference_file_loads"":0,""sanitisation"":0,""tetrahedral_chirality"":0}","{""all_atoms_connected"":0.0,""bond_angles"":0.005,""bond_lengths"":0.0,""bonds"":0.0,""double_bond_stereochemistry"":0.0,""energy_ratio"":0.005,""file_loads"":0.0,""inchi_convertible"":0.0,""internal_steric_clash"":0.03,""molecular_formula"":0.0,""no_radicals"":0.0,""planar_aromatic_rings"":0.0,""planar_double_bonds"":0.0,""reference_file_loads"":0.0,""sanitisation"":0.0,""tetrahedral_chirality"":0.0}",194,102.98563831930642,1.96773389731857,2.4961289700070726,152.0,78.35051546391753,0.9778530589114245,0.03608247422680412,135.99483878628075,0.008768200658943565,0.8157894736842105,61.0,31.443298969072163,0.9070300554171463,0.10309278350515463,41.624383976761564,0.03475395897544903,0.36065573770491804,7.0,3.6082474226804124,0.853620817523426,0.2268041237113402,5.264938224420978,0.19885216282282922,0.14285714285714285,1.0,0.5154639175257731,0.0,1.0,1.0,1.0,0.0,194,-68.67133382833546,11.737791539677033,-50.70725068445186,11.868639891967483,0.5923320044845072,2.0793648475565454,0.0,0.0,1.0,1.0,0.6523124385299323,2.0705847375955106,0.0,0.0,1.0,1.0,1000,0,0,0,0,0,200,0,0,0,0,194,200,200,core
2hb1_2hb1_conf0,generation,qwen_1p7b_4e_step29600,fixed,1p7b_4e_step29600,qwen_1p7b_4e_step29600_fixed,Qwen 1.7B 4e (step 29600),qwen_1p7b_4e_step29600_fixed,4,14,976,0.7,976,974,2,0.9979508196721312,1000,976,24,0.976,"{""all_atoms_connected"":0,""bond_angles"":3,""bond_lengths"":2,""bonds"":0,""double_bond_stereochemistry"":0,""energy_ratio"":2,""file_loads"":0,""inchi_convertible"":0,""internal_steric_clash"":23,""molecular_formula"":0,""no_radicals"":0,""planar_aromatic_rings"":1,""planar_double_bonds"":0,""reference_file_loads"":0,""sanitisation"":0,""tetrahedral_chirality"":0}","{""all_atoms_connected"":0.0,""bond_angles"":0.003,""bond_lengths"":0.002,""bonds"":0.0,""double_bond_stereochemistry"":0.0,""energy_ratio"":0.002,""file_loads"":0.0,""inchi_convertible"":0.0,""internal_steric_clash"":0.023,""molecular_formula"":0.0,""no_radicals"":0.0,""planar_aromatic_rings"":0.001,""planar_double_bonds"":0.0,""reference_file_loads"":0.0,""sanitisation"":0.0,""tetrahedral_chirality"":0.0}",976,109.3794938901999,0.9365741095609224,1.2897930398507766,86.0,8.811475409836065,0.917626956007331,0.06352459016393443,59.58650668046221,0.022032887664606288,0.12790697674418605,5.0,0.5122950819672131,0.9009079817042503,0.33709016393442626,4.262924646114111,0.2585221546627251,0.0,1.0,0.10245901639344263,0.0,1.0,1.0,1.0,0.0,1.0,0.10245901639344263,0.0,1.0,1.0,1.0,0.0,976,132.43819549354677,256.72950291362497,156.2480877610243,15.039034899353288,0.24616369111255307,0.8448036381202143,1.0,1.0,1.0,1.0,0.1973928523724419,0.8323728121844931,1.0,1.0,1.0,1.0,1000,0,0,0,0,0,1000,0,0,0,0,976,1000,1000,core
2hb1_2hb1_conf0,generation,qwen_1p7b_4e_step29600,dynamic,1p7b_4e_step29600,qwen_1p7b_4e_step29600_dynamic,Qwen 1.7B 4e (step 29600),qwen_1p7b_4e_step29600_dynamic,4,14,67,0.7,67,67,0,1.0,68,67,1,0.9852941176470588,"{""all_atoms_connected"":0,""bond_angles"":0,""bond_lengths"":0,""bonds"":0,""double_bond_stereochemistry"":0,""energy_ratio"":0,""file_loads"":0,""inchi_convertible"":0,""internal_steric_clash"":1,""molecular_formula"":0,""no_radicals"":0,""planar_aromatic_rings"":0,""planar_double_bonds"":0,""reference_file_loads"":0,""sanitisation"":0,""tetrahedral_chirality"":0}","{""all_atoms_connected"":0.0,""bond_angles"":0.0,""bond_lengths"":0.0,""bonds"":0.0,""double_bond_stereochemistry"":0.0,""energy_ratio"":0.0,""file_loads"":0.0,""inchi_convertible"":0.0,""internal_steric_clash"":0.014705882352941176,""molecular_formula"":0.0,""no_radicals"":0.0,""planar_aromatic_rings"":0.0,""planar_double_bonds"":0.0,""reference_file_loads"":0.0,""sanitisation"":0.0,""tetrahedral_chirality"":0.0}",67,108.9237259095583,0.9647648085860566,1.3503809208467148,30.0,44.776119402985074,0.9479726633485909,0.1044776119402985,25.134518501560425,0.04700378703497439,0.36666666666666664,4.0,5.970149253731344,0.9772593332543584,0.3283582089552239,3.875865927656277,0.26531521496992644,0.0,1.0,1.492537313432836,0.0,1.0,1.0,1.0,0.0,1.0,1.492537313432836,0.0,1.0,1.0,1.0,0.0,67,137.10126256313225,229.0713573566734,156.6345488254768,18.455901289424148,0.40444331092142694,0.8918964352620662,0.0,1.0,1.0,1.0,0.3451025869113065,0.8858714000124832,0.0,1.0,1.0,1.0,1000,0,0,0,0,0,68,0,0,0,0,67,68,68,core
2hb1_2hb1_conf0,generation,qwen_1p7b_4e_step29600,chembl_count,1p7b_4e_step29600,qwen_1p7b_4e_step29600_chembl_count,Qwen 1.7B 4e (step 29600),qwen_1p7b_4e_step29600_chembl_count,4,14,38,0.7,38,38,0,1.0,38,38,0,1.0,"{""all_atoms_connected"":0,""bond_angles"":0,""bond_lengths"":0,""bonds"":0,""double_bond_stereochemistry"":0,""energy_ratio"":0,""file_loads"":0,""inchi_convertible"":0,""internal_steric_clash"":0,""molecular_formula"":0,""no_radicals"":0,""planar_aromatic_rings"":0,""planar_double_bonds"":0,""reference_file_loads"":0,""sanitisation"":0,""tetrahedral_chirality"":0}","{""all_atoms_connected"":0.0,""bond_angles"":0.0,""bond_lengths"":0.0,""bonds"":0.0,""double_bond_stereochemistry"":0.0,""energy_ratio"":0.0,""file_loads"":0.0,""inchi_convertible"":0.0,""internal_steric_clash"":0.0,""molecular_formula"":0.0,""no_radicals"":0.0,""planar_aromatic_rings"":0.0,""planar_double_bonds"":0.0,""reference_file_loads"":0.0,""sanitisation"":0.0,""tetrahedral_chirality"":0.0}",38,108.62064774751966,0.9612893003010006,1.3391168393336248,21.0,55.26315789473684,0.9730009053629801,0.07894736842105263,19.342854761363494,0.055401662049861494,0.38095238095238093,3.0,7.894736842105263,0.9919641754081115,0.39473684210526316,2.973631796937172,0.33933518005540164,0.0,1.0,2.6315789473684212,0.0,1.0,1.0,1.0,0.0,1.0,2.6315789473684212,0.0,1.0,1.0,1.0,0.0,38,140.2486953558566,189.74179038055883,158.92845457771728,10.770791058850557,0.46265805948577554,0.8662967859435426,0.0,1.0,1.0,1.0,0.4332812953454479,0.812517940502751,0.0,1.0,1.0,1.0,1000,0,0,0,0,0,38,0,0,0,0,38,38,38,core
2p4y_2p4y_conf0,generation,qwen_1p7b_4e_step29600,fixed,1p7b_4e_step29600,qwen_1p7b_4e_step29600_fixed,Qwen 1.7B 4e (step 29600),qwen_1p7b_4e_step29600_fixed,8,40,361,0.7,361,346,15,0.9584487534626038,999,361,638,0.3613613613613614,"{""all_atoms_connected"":0,""bond_angles"":10,""bond_lengths"":7,""bonds"":0,""double_bond_stereochemistry"":0,""energy_ratio"":68,""file_loads"":0,""inchi_convertible"":0,""internal_steric_clash"":310,""molecular_formula"":0,""no_radicals"":0,""planar_aromatic_rings"":2,""planar_double_bonds"":0,""reference_file_loads"":0,""sanitisation"":0,""tetrahedral_chirality"":485}","{""all_atoms_connected"":0.0,""bond_angles"":0.01001001001001001,""bond_lengths"":0.007007007007007007,""bonds"":0.0,""double_bond_stereochemistry"":0.0,""energy_ratio"":0.06806806806806807,""file_loads"":0.0,""inchi_convertible"":0.0,""internal_steric_clash"":0.3103103103103103,""molecular_formula"":0.0,""no_radicals"":0.0,""planar_aromatic_rings"":0.002002002002002002,""planar_double_bonds"":0.0,""reference_file_loads"":0.0,""sanitisation"":0.0,""tetrahedral_chirality"":0.4854854854854855}",361,110.77855932312104,2.6151804712964446,3.4499468645555034,288.0,79.77839335180056,0.9793913456791766,0.01662049861495845,256.2758709517792,0.004703769921961925,0.8506944444444444,131.0,36.28808864265928,0.8971181230087367,0.09418282548476455,79.33091266306744,0.022904980778232213,0.4732824427480916,15.0,4.1551246537396125,0.8556200783342378,0.21052631578947367,10.145823319658707,0.12242846509772023,0.0,3.0,0.8310249307479224,0.8450089065613685,0.6011080332409973,2.530298218663101,0.44900668349690387,0.0,361,163.90782612355963,6540.817005091165,189.7355739773503,340.8367358285237,1.2107927910776726,2.831750374493765,0.0,0.0,0.0,1.0,1.215119216786124,2.806269923078415,0.0,0.0,0.0,1.0,999,0,0,0,0,0,999,0,0,0,0,361,1000,1000,core
2p4y_2p4y_conf0,generation,qwen_1p7b_4e_step29600,dynamic,1p7b_4e_step29600,qwen_1p7b_4e_step29600_dynamic,Qwen 1.7B 4e (step 29600),qwen_1p7b_4e_step29600_dynamic,8,40,55,0.7,55,51,4,0.9272727272727272,156,55,101,0.3525641025641026,"{""all_atoms_connected"":0,""bond_angles"":0,""bond_lengths"":0,""bonds"":0,""double_bond_stereochemistry"":0,""energy_ratio"":11,""file_loads"":0,""inchi_convertible"":0,""internal_steric_clash"":39,""molecular_formula"":0,""no_radicals"":0,""planar_aromatic_rings"":0,""planar_double_bonds"":0,""reference_file_loads"":0,""sanitisation"":0,""tetrahedral_chirality"":83}","{""all_atoms_connected"":0.0,""bond_angles"":0.0,""bond_lengths"":0.0,""bonds"":0.0,""double_bond_stereochemistry"":0.0,""energy_ratio"":0.07051282051282051,""file_loads"":0.0,""inchi_convertible"":0.0,""internal_steric_clash"":0.25,""molecular_formula"":0.0,""no_radicals"":0.0,""planar_aromatic_rings"":0.0,""planar_double_bonds"":0.0,""reference_file_loads"":0.0,""sanitisation"":0.0,""tetrahedral_chirality"":0.532051282051282}",55,107.89878449019909,2.479228421941949,3.4636481585663197,50.0,90.9090909090909,0.9897162713880867,0.05454545454545454,48.02841536466777,0.02214876033057851,0.92,37.0,67.27272727272727,0.9115112665259678,0.2,26.88026461395466,0.0624793388429752,0.8378378378378378,8.0,14.545454545454545,0.7859192407548423,0.4909090909090909,5.125730839213841,0.28528925619834716,0.0,3.0,5.454545454545454,0.6515649898814986,0.6545454545454545,2.0458580886744566,0.5358677685950414,0.3333333333333333,55,169.10171351846063,785.964949746342,190.8568101130618,84.83481030794276,1.4040758401976017,2.4463490301796695,0.0,0.0,0.0,1.0,1.4210527011605456,2.4468082724420652,0.0,0.0,0.0,1.0,999,0,0,0,0,0,156,0,0,0,0,55,156,156,core
2p4y_2p4y_conf0,generation,qwen_1p7b_4e_step29600,chembl_count,1p7b_4e_step29600,qwen_1p7b_4e_step29600_chembl_count,Qwen 1.7B 4e (step 29600),qwen_1p7b_4e_step29600_chembl_count,8,40,63,0.7,63,62,1,0.9841269841269841,174,63,111,0.3620689655172414,"{""all_atoms_connected"":0,""bond_angles"":1,""bond_lengths"":1,""bonds"":0,""double_bond_stereochemistry"":0,""energy_ratio"":9,""file_loads"":0,""inchi_convertible"":0,""internal_steric_clash"":46,""molecular_formula"":0,""no_radicals"":0,""planar_aromatic_rings"":0,""planar_double_bonds"":0,""reference_file_loads"":0,""sanitisation"":0,""tetrahedral_chirality"":85}","{""all_atoms_connected"":0.0,""bond_angles"":0.005747126436781609,""bond_lengths"":0.005747126436781609,""bonds"":0.0,""double_bond_stereochemistry"":0.0,""energy_ratio"":0.05172413793103448,""file_loads"":0.0,""inchi_convertible"":0.0,""internal_steric_clash"":0.26436781609195403,""molecular_formula"":0.0,""no_radicals"":0.0,""planar_aromatic_rings"":0.0,""planar_double_bonds"":0.0,""reference_file_loads"":0.0,""sanitisation"":0.0,""tetrahedral_chirality"":0.4885057471264368}",63,106.9452495562996,2.634907498389801,3.4362444787987583,60.0,95.23809523809524,0.9957932575617414,0.031746031746031744,58.97541777457712,0.017384731670445946,0.95,41.0,65.07936507936508,0.9453639222211202,0.09523809523809523,33.470921749955075,0.03854875283446711,0.7317073170731707,10.0,15.873015873015873,0.8767173905771822,0.23809523809523808,7.528654904476471,0.15394305870496344,0.2,3.0,4.761904761904762,0.972735061362984,0.3968253968253968,2.9114716995908427,0.3519778281683043,0.0,63,168.39477583740768,381.78864206213314,189.7355739773503,35.43942023725016,1.3179903337349594,2.924821199580977,0.0,0.0,0.0,1.0,1.2637366062199116,2.9179246013440623,0.0,0.0,0.0,1.0,999,0,0,0,0,0,174,0,0,0,0,63,174,174,core
2pog_2pog_conf0,generation,qwen_1p7b_4e_step29600,fixed,1p7b_4e_step29600,qwen_1p7b_4e_step29600_fixed,Qwen 1.7B 4e (step 29600),qwen_1p7b_4e_step29600_fixed,3,21,245,0.7,245,245,0,1.0,1000,245,755,0.245,"{""all_atoms_connected"":0,""bond_angles"":115,""bond_lengths"":89,""bonds"":0,""double_bond_stereochemistry"":0,""energy_ratio"":2,""file_loads"":0,""inchi_convertible"":0,""internal_steric_clash"":5,""molecular_formula"":0,""no_radicals"":0,""planar_aromatic_rings"":0,""planar_double_bonds"":0,""reference_file_loads"":0,""sanitisation"":0,""tetrahedral_chirality"":738}","{""all_atoms_connected"":0.0,""bond_angles"":0.115,""bond_lengths"":0.089,""bonds"":0.0,""double_bond_stereochemistry"":0.0,""energy_ratio"":0.002,""file_loads"":0.0,""inchi_convertible"":0.0,""internal_steric_clash"":0.005,""molecular_formula"":0.0,""no_radicals"":0.0,""planar_aromatic_rings"":0.0,""planar_double_bonds"":0.0,""reference_file_loads"":0.0,""sanitisation"":0.0,""tetrahedral_chirality"":0.738}",245,98.36599686314464,0.9700256380522471,1.6088085581814937,26.0,10.612244897959183,0.7336737260978303,0.27346938775510204,10.917639970442794,0.1452228238234069,0.23076923076923078,5.0,2.0408163265306123,0.5680099581705707,0.6530612244897959,2.4947206557693558,0.5011078717201165,0.0,1.0,0.40816326530612246,0.0,1.0,1.0,1.0,0.0,1.0,0.40816326530612246,0.0,1.0,1.0,1.0,0.0,245,56.79150041633541,265.36698166699483,74.38706503520976,21.765871092095583,0.1484209724824166,0.6212814482723334,1.0,1.0,1.0,1.0,0.14600849037215502,0.5901338082281314,1.0,1.0,1.0,1.0,1000,0,0,0,0,0,1000,0,0,0,0,245,1000,1000,core
2pog_2pog_conf0,generation,qwen_1p7b_4e_step29600,dynamic,1p7b_4e_step29600,qwen_1p7b_4e_step29600_dynamic,Qwen 1.7B 4e (step 29600),qwen_1p7b_4e_step29600_dynamic,3,21,11,0.7,11,11,0,1.0,46,11,35,0.2391304347826087,"{""all_atoms_connected"":0,""bond_angles"":5,""bond_lengths"":4,""bonds"":0,""double_bond_stereochemistry"":0,""energy_ratio"":0,""file_loads"":0,""inchi_convertible"":0,""internal_steric_clash"":0,""molecular_formula"":0,""no_radicals"":0,""planar_aromatic_rings"":0,""planar_double_bonds"":0,""reference_file_loads"":0,""sanitisation"":0,""tetrahedral_chirality"":34}","{""all_atoms_connected"":0.0,""bond_angles"":0.10869565217391304,""bond_lengths"":0.08695652173913043,""bonds"":0.0,""double_bond_stereochemistry"":0.0,""energy_ratio"":0.0,""file_loads"":0.0,""inchi_convertible"":0.0,""internal_steric_clash"":0.0,""molecular_formula"":0.0,""no_radicals"":0.0,""planar_aromatic_rings"":0.0,""planar_double_bonds"":0.0,""reference_file_loads"":0.0,""sanitisation"":0.0,""tetrahedral_chirality"":0.7391304347826086}",11,91.22500924449102,1.3372912621772974,2.2208498912917936,5.0,45.45454545454545,0.8491853220906186,0.45454545454545453,3.9224287932686073,0.30578512396694213,0.6,3.0,27.272727272727273,0.9431887805255734,0.45454545454545453,2.818482965826066,0.371900826446281,0.0,2.0,18.181818181818183,0.9940302114769566,0.5454545454545454,1.9917412148051292,0.5041322314049586,0.0,1.0,9.090909090909092,0.0,1.0,1.0,1.0,0.0,11,56.79150041633541,109.22752884844033,75.59766918754033,12.509046810341966,0.29933866292069305,1.3805928437037331,0.0,1.0,1.0,1.0,0.2833428257687912,1.3572142788889745,0.0,1.0,1.0,1.0,1000,0,0,0,0,0,46,0,0,0,0,11,46,46,core
2pog_2pog_conf0,generation,qwen_1p7b_4e_step29600,chembl_count,1p7b_4e_step29600,qwen_1p7b_4e_step29600_chembl_count,Qwen 1.7B 4e (step 29600),qwen_1p7b_4e_step29600_chembl_count,3,21,1,0.7,1,1,0,1.0,10,1,9,0.1,"{""all_atoms_connected"":0,""bond_angles"":2,""bond_lengths"":3,""bonds"":0,""double_bond_stereochemistry"":0,""energy_ratio"":1,""file_loads"":0,""inchi_convertible"":0,""internal_steric_clash"":1,""molecular_formula"":0,""no_radicals"":0,""planar_aromatic_rings"":0,""planar_double_bonds"":0,""reference_file_loads"":0,""sanitisation"":0,""tetrahedral_chirality"":9}","{""all_atoms_connected"":0.0,""bond_angles"":0.2,""bond_lengths"":0.3,""bonds"":0.0,""double_bond_stereochemistry"":0.0,""energy_ratio"":0.1,""file_loads"":0.0,""inchi_convertible"":0.0,""internal_steric_clash"":0.1,""molecular_formula"":0.0,""no_radicals"":0.0,""planar_aromatic_rings"":0.0,""planar_double_bonds"":0.0,""reference_file_loads"":0.0,""sanitisation"":0.0,""tetrahedral_chirality"":0.9}",1,0.0,,,1.0,100.0,0.0,1.0,1.0,1.0,1.0,1.0,100.0,0.0,1.0,1.0,1.0,1.0,1.0,100.0,0.0,1.0,1.0,1.0,1.0,1.0,100.0,0.0,1.0,1.0,1.0,1.0,1,67.17854705699835,67.17854705699835,67.17854705699835,0.0,0.27597808379364136,0.27597808379364136,0.0,1.0,1.0,1.0,0.27526904593567464,0.27526904593567464,0.0,1.0,1.0,1.0,1000,0,0,0,0,0,10,0,0,0,0,1,10,10,core
2qbp_2qbp_conf0,generation,qwen_1p7b_4e_step29600,fixed,1p7b_4e_step29600,qwen_1p7b_4e_step29600_fixed,Qwen 1.7B 4e (step 29600),qwen_1p7b_4e_step29600_fixed,10,37,620,0.7,620,604,16,0.9741935483870968,1000,620,380,0.62,"{""all_atoms_connected"":0,""bond_angles"":8,""bond_lengths"":3,""bonds"":0,""double_bond_stereochemistry"":0,""energy_ratio"":81,""file_loads"":0,""inchi_convertible"":0,""internal_steric_clash"":375,""molecular_formula"":0,""no_radicals"":0,""planar_aromatic_rings"":1,""planar_double_bonds"":0,""reference_file_loads"":0,""sanitisation"":0,""tetrahedral_chirality"":0}","{""all_atoms_connected"":0.0,""bond_angles"":0.008,""bond_lengths"":0.003,""bonds"":0.0,""double_bond_stereochemistry"":0.0,""energy_ratio"":0.081,""file_loads"":0.0,""inchi_convertible"":0.0,""internal_steric_clash"":0.375,""molecular_formula"":0.0,""no_radicals"":0.0,""planar_aromatic_rings"":0.001,""planar_double_bonds"":0.0,""reference_file_loads"":0.0,""sanitisation"":0.0,""tetrahedral_chirality"":0.0}",620,102.8831765990348,2.7245000677252107,3.520802270808242,619.0,99.83870967741936,0.9999032758074036,0.0032258064516129032,618.6152543328258,0.0016181061394380854,0.9983844911147012,410.0,66.12903225806451,0.9741993819766926,0.014516129032258065,351.0527815169151,0.0034859521331945895,0.6853658536585366,36.0,5.806451612903226,0.8826502863508003,0.0935483870967742,23.641272448589728,0.05223204994797088,0.1111111111111111,5.0,0.8064516129032258,0.8823148444751053,0.3935483870967742,4.1372485332819,0.2724089490114464,0.0,620,156.16122587584783,11890.524133068193,205.67925663721337,554.2211426131279,1.1889767564073983,3.83545762288591,0.0,0.0,0.0,1.0,1.2625736612759648,3.902572390611952,0.0,0.0,0.0,1.0,1000,0,0,0,0,0,1000,0,0,0,0,620,1000,1000,core
2qbp_2qbp_conf0,generation,qwen_1p7b_4e_step29600,dynamic,1p7b_4e_step29600,qwen_1p7b_4e_step29600_dynamic,Qwen 1.7B 4e (step 29600),qwen_1p7b_4e_step29600_dynamic,10,37,114,0.7,114,110,4,0.9649122807017544,200,114,86,0.57,"{""all_atoms_connected"":0,""bond_angles"":3,""bond_lengths"":0,""bonds"":0,""double_bond_stereochemistry"":0,""energy_ratio"":20,""file_loads"":0,""inchi_convertible"":0,""internal_steric_clash"":84,""molecular_formula"":0,""no_radicals"":0,""planar_aromatic_rings"":0,""planar_double_bonds"":0,""reference_file_loads"":0,""sanitisation"":0,""tetrahedral_chirality"":0}","{""all_atoms_connected"":0.0,""bond_angles"":0.015,""bond_lengths"":0.0,""bonds"":0.0,""double_bond_stereochemistry"":0.0,""energy_ratio"":0.1,""file_loads"":0.0,""inchi_convertible"":0.0,""internal_steric_clash"":0.42,""molecular_formula"":0.0,""no_radicals"":0.0,""planar_aromatic_rings"":0.0,""planar_double_bonds"":0.0,""reference_file_loads"":0.0,""sanitisation"":0.0,""tetrahedral_chirality"":0.0}",114,101.73136660046062,2.786703699651094,3.603163118887581,114.0,100.0,0.9999999999999998,0.008771929824561403,113.99999999999993,0.008771929824561403,1.0,104.0,91.2280701754386,0.9899776756248845,0.03508771929824561,99.26998971798248,0.01092643890427824,0.9326923076923077,21.0,18.42105263157895,0.8942422849107066,0.17543859649122806,15.218939944712446,0.08402585410895658,0.19047619047619047,4.0,3.508771929824561,0.9077116643351759,0.45614035087719296,3.519628913637467,0.3173284087411511,0.0,114,162.4704133129132,1078.0326752961648,202.10186052408665,88.98933533936028,1.680847540603164,3.738120015746582,0.0,0.0,0.0,1.0,1.6152526134410892,3.803057798195536,0.0,0.0,0.0,1.0,1000,0,0,0,0,0,200,0,0,0,0,114,200,200,core
2qbp_2qbp_conf0,generation,qwen_1p7b_4e_step29600,chembl_count,1p7b_4e_step29600,qwen_1p7b_4e_step29600_chembl_count,Qwen 1.7B 4e (step 29600),qwen_1p7b_4e_step29600_chembl_count,10,37,116,0.7,116,111,5,0.9568965517241379,200,116,84,0.58,"{""all_atoms_connected"":0,""bond_angles"":1,""bond_lengths"":1,""bonds"":0,""double_bond_stereochemistry"":0,""energy_ratio"":21,""file_loads"":0,""inchi_convertible"":0,""internal_steric_clash"":84,""molecular_formula"":0,""no_radicals"":0,""planar_aromatic_rings"":0,""planar_double_bonds"":0,""reference_file_loads"":0,""sanitisation"":0,""tetrahedral_chirality"":0}","{""all_atoms_connected"":0.0,""bond_angles"":0.005,""bond_lengths"":0.005,""bonds"":0.0,""double_bond_stereochemistry"":0.0,""energy_ratio"":0.105,""file_loads"":0.0,""inchi_convertible"":0.0,""internal_steric_clash"":0.42,""molecular_formula"":0.0,""no_radicals"":0.0,""planar_aromatic_rings"":0.0,""planar_double_bonds"":0.0,""reference_file_loads"":0.0,""sanitisation"":0.0,""tetrahedral_chirality"":0.0}",116,104.33053936644376,2.698410539306603,3.48820557127065,116.0,100.0,0.9999999999999997,0.008620689655172414,115.99999999999977,0.008620689655172414,1.0,101.0,87.06896551724138,0.9850047438355709,0.034482758620689655,94.24668020904052,0.011890606420927468,0.900990099009901,23.0,19.82758620689655,0.8627994909080673,0.1810344827586207,14.958845741441293,0.0894768133174792,0.30434782608695654,5.0,4.310344827586207,0.8236244868351362,0.45689655172413796,3.7643397276165236,0.31956004756242573,0.0,116,159.0887051987379,3493.691171494351,204.31121165812078,305.80260696480354,1.1889767564073983,3.8509044787887143,0.0,0.0,0.0,1.0,1.2625736612759648,3.9361928570449667,0.0,0.0,0.0,1.0,1000,0,0,0,0,0,200,0,0,0,0,116,200,200,core
2qbq_2qbq_conf0,generation,qwen_1p7b_4e_step29600,fixed,1p7b_4e_step29600,qwen_1p7b_4e_step29600_fixed,Qwen 1.7B 4e (step 29600),qwen_1p7b_4e_step29600_fixed,7,31,852,0.7,852,847,5,0.994131455399061,999,852,147,0.8528528528528528,"{""all_atoms_connected"":0,""bond_angles"":68,""bond_lengths"":29,""bonds"":0,""double_bond_stereochemistry"":0,""energy_ratio"":23,""file_loads"":0,""inchi_convertible"":0,""internal_steric_clash"":92,""molecular_formula"":0,""no_radicals"":0,""planar_aromatic_rings"":1,""planar_double_bonds"":0,""reference_file_loads"":0,""sanitisation"":0,""tetrahedral_chirality"":0}","{""all_atoms_connected"":0.0,""bond_angles"":0.06806806806806807,""bond_lengths"":0.02902902902902903,""bonds"":0.0,""double_bond_stereochemistry"":0.0,""energy_ratio"":0.023023023023023025,""file_loads"":0.0,""inchi_convertible"":0.0,""internal_steric_clash"":0.0920920920920921,""molecular_formula"":0.0,""no_radicals"":0.0,""planar_aromatic_rings"":0.001001001001001001,""planar_double_bonds"":0.0,""reference_file_loads"":0.0,""sanitisation"":0.0,""tetrahedral_chirality"":0.0}",852,102.85373664289712,2.0731664920292343,2.7710990679608005,706.0,82.86384976525821,0.9862033443373012,0.007042253521126761,644.912394300923,0.0017881152328682582,0.8654390934844193,183.0,21.47887323943662,0.9111559609091772,0.045774647887323945,115.19822745122266,0.012629769225682734,0.29508196721311475,6.0,0.704225352112676,0.9571411203616378,0.30164319248826293,5.556490288090798,0.19413861888073353,0.0,2.0,0.2347417840375587,0.9912015626479302,0.5551643192488263,1.9878398934874586,0.5060862042363727,0.0,852,189.58952187265874,557.6706562867713,227.52792781046043,27.17199592987641,0.6587477830649254,2.009550922379723,0.0,0.0,1.0,1.0,0.6882598386373341,1.9908465979217689,0.0,0.0,1.0,1.0,999,0,0,0,0,0,999,0,0,0,0,852,1000,1000,core
2qbq_2qbq_conf0,generation,qwen_1p7b_4e_step29600,dynamic,1p7b_4e_step29600,qwen_1p7b_4e_step29600_dynamic,Qwen 1.7B 4e (step 29600),qwen_1p7b_4e_step29600_dynamic,7,31,117,0.7,117,115,2,0.9829059829059829,134,117,17,0.8731343283582089,"{""all_atoms_connected"":0,""bond_angles"":8,""bond_lengths"":4,""bonds"":0,""double_bond_stereochemistry"":0,""energy_ratio"":2,""file_loads"":0,""inchi_convertible"":0,""internal_steric_clash"":11,""molecular_formula"":0,""no_radicals"":0,""planar_aromatic_rings"":0,""planar_double_bonds"":0,""reference_file_loads"":0,""sanitisation"":0,""tetrahedral_chirality"":0}","{""all_atoms_connected"":0.0,""bond_angles"":0.05970149253731343,""bond_lengths"":0.029850746268656716,""bonds"":0.0,""double_bond_stereochemistry"":0.0,""energy_ratio"":0.014925373134328358,""file_loads"":0.0,""inchi_convertible"":0.0,""internal_steric_clash"":0.08208955223880597,""molecular_formula"":0.0,""no_radicals"":0.0,""planar_aromatic_rings"":0.0,""planar_double_bonds"":0.0,""reference_file_loads"":0.0,""sanitisation"":0.0,""tetrahedral_chirality"":0.0}",117,104.28891401762772,2.1177459942954977,2.7909826523297023,112.0,95.72649572649573,0.9967005851462941,0.017094017094017096,110.26985469305606,0.00927752209803492,0.9553571428571429,61.0,52.136752136752136,0.9333323721392377,0.06837606837606838,46.37737141316487,0.028563079845131126,0.639344262295082,6.0,5.128205128205129,0.8338265894724995,0.36752136752136755,4.454953786113265,0.2570677186061802,0.0,1.0,0.8547008547008547,0.0,1.0,1.0,1.0,0.0,117,192.31156237664277,435.9472854946264,229.7373662306706,29.44526167714646,1.1471437871590455,2.000345740894073,0.0,0.0,0.0,1.0,1.0479835963860131,1.9821440538231634,0.0,0.0,0.0,1.0,999,0,0,0,0,0,134,0,0,0,0,117,134,134,core
2qbq_2qbq_conf0,generation,qwen_1p7b_4e_step29600,chembl_count,1p7b_4e_step29600,qwen_1p7b_4e_step29600_chembl_count,Qwen 1.7B 4e (step 29600),qwen_1p7b_4e_step29600_chembl_count,7,31,170,0.7,170,168,2,0.9882352941176471,200,170,30,0.85,"{""all_atoms_connected"":0,""bond_angles"":17,""bond_lengths"":8,""bonds"":0,""double_bond_stereochemistry"":0,""energy_ratio"":6,""file_loads"":0,""inchi_convertible"":0,""internal_steric_clash"":18,""molecular_formula"":0,""no_radicals"":0,""planar_aromatic_rings"":0,""planar_double_bonds"":0,""reference_file_loads"":0,""sanitisation"":0,""tetrahedral_chirality"":0}","{""all_atoms_connected"":0.0,""bond_angles"":0.085,""bond_lengths"":0.04,""bonds"":0.0,""double_bond_stereochemistry"":0.0,""energy_ratio"":0.03,""file_loads"":0.0,""inchi_convertible"":0.0,""internal_steric_clash"":0.09,""molecular_formula"":0.0,""no_radicals"":0.0,""planar_aromatic_rings"":0.0,""planar_double_bonds"":0.0,""reference_file_loads"":0.0,""sanitisation"":0.0,""tetrahedral_chirality"":0.0}",170,103.20263375955456,2.0760098119319106,2.809785702405327,160.0,94.11764705882354,0.9936643138838602,0.023529411764705882,154.93708122933126,0.00685121107266436,0.95625,75.0,44.11764705882353,0.9349874137076779,0.09411764705882353,56.644621763536975,0.02512110726643598,0.4533333333333333,6.0,3.5294117647058822,0.8103196760975674,0.45294117647058824,4.27121338829295,0.28346020761245677,0.16666666666666666,1.0,0.5882352941176471,0.0,1.0,1.0,1.0,0.0,170,189.58952187265874,557.6706562867713,226.95537999719505,34.507978020296996,0.9712752492231629,2.026684126812986,0.0,0.0,0.0,1.0,0.9789124818132385,2.0006564458738607,0.0,0.0,0.0,1.0,999,0,0,0,0,0,200,0,0,0,0,170,200,200,core
2qbr_2qbr_conf0,generation,qwen_1p7b_4e_step29600,fixed,1p7b_4e_step29600,qwen_1p7b_4e_step29600_fixed,Qwen 1.7B 4e (step 29600),qwen_1p7b_4e_step29600_fixed,8,28,877,0.7,877,873,4,0.9954389965792474,1000,877,123,0.877,"{""all_atoms_connected"":0,""bond_angles"":3,""bond_lengths"":1,""bonds"":0,""double_bond_stereochemistry"":0,""energy_ratio"":15,""file_loads"":0,""inchi_convertible"":0,""internal_steric_clash"":123,""molecular_formula"":0,""no_radicals"":0,""planar_aromatic_rings"":1,""planar_double_bonds"":0,""reference_file_loads"":0,""sanitisation"":0,""tetrahedral_chirality"":0}","{""all_atoms_connected"":0.0,""bond_angles"":0.003,""bond_lengths"":0.001,""bonds"":0.0,""double_bond_stereochemistry"":0.0,""energy_ratio"":0.015,""file_loads"":0.0,""inchi_convertible"":0.0,""internal_steric_clash"":0.123,""molecular_formula"":0.0,""no_radicals"":0.0,""planar_aromatic_rings"":0.001,""planar_double_bonds"":0.0,""reference_file_loads"":0.0,""sanitisation"":0.0,""tetrahedral_chirality"":0.0}",877,102.49472996279594,2.111466003271178,2.813423239493808,663.0,75.59863169897378,0.9811732546779022,0.00798175598631699,586.6696367719065,0.0020217674798375827,0.799396681749623,124.0,14.139110604332954,0.9327833722083014,0.03078677309007982,89.68275456302524,0.013798725571393097,0.16129032258064516,8.0,0.9122006841505131,0.9221696979364427,0.22120866590649943,6.804594041215627,0.15566049388334077,0.0,2.0,0.22805017103762829,0.7997861321910711,0.7571265678449259,1.7408430416374925,0.6322281437834226,0.0,877,182.79140634505814,471.75307870471664,218.2882557277235,23.504850331157932,0.9396892125752362,2.0389858828357204,0.0,0.0,0.0,1.0,0.8804114050982145,2.029126688091564,0.0,0.0,0.0,1.0,1000,0,0,0,0,0,1000,0,0,0,0,877,1000,1000,core
2qbr_2qbr_conf0,generation,qwen_1p7b_4e_step29600,dynamic,1p7b_4e_step29600,qwen_1p7b_4e_step29600_dynamic,Qwen 1.7B 4e (step 29600),qwen_1p7b_4e_step29600_dynamic,8,28,128,0.7,128,128,0,1.0,156,128,28,0.8205128205128205,"{""all_atoms_connected"":0,""bond_angles"":1,""bond_lengths"":0,""bonds"":0,""double_bond_stereochemistry"":0,""energy_ratio"":4,""file_loads"":0,""inchi_convertible"":0,""internal_steric_clash"":28,""molecular_formula"":0,""no_radicals"":0,""planar_aromatic_rings"":0,""planar_double_bonds"":0,""reference_file_loads"":0,""sanitisation"":0,""tetrahedral_chirality"":0}","{""all_atoms_connected"":0.0,""bond_angles"":0.00641025641025641,""bond_lengths"":0.0,""bonds"":0.0,""double_bond_stereochemistry"":0.0,""energy_ratio"":0.02564102564102564,""file_loads"":0.0,""inchi_convertible"":0.0,""internal_steric_clash"":0.1794871794871795,""molecular_formula"":0.0,""no_radicals"":0.0,""planar_aromatic_rings"":0.0,""planar_double_bonds"":0.0,""reference_file_loads"":0.0,""sanitisation"":0.0,""tetrahedral_chirality"":0.0}",128,103.30256860422185,2.1511003673030324,2.882645210129632,122.0,95.3125,0.9964668495759934,0.015625,119.94672858305903,0.008544921875,0.9508196721311475,57.0,44.53125,0.949314266895345,0.0625,46.43837897112716,0.02587890625,0.43859649122807015,6.0,4.6875,0.8761228293577075,0.2734375,4.805693571492155,0.2210693359375,0.16666666666666666,2.0,1.5625,0.9992954443621548,0.515625,1.9990235169495665,0.50048828125,0.0,128,191.95038719412878,300.2128316935297,216.81555745322436,19.257973236158193,1.0544195601210755,2.0601917530091436,0.0,0.0,0.0,1.0,0.9857800276485337,2.058521545417774,0.0,0.0,0.0,1.0,1000,0,0,0,0,0,156,0,0,0,0,128,156,156,core
2qbr_2qbr_conf0,generation,qwen_1p7b_4e_step29600,chembl_count,1p7b_4e_step29600,qwen_1p7b_4e_step29600_chembl_count,Qwen 1.7B 4e (step 29600),qwen_1p7b_4e_step29600_chembl_count,8,28,183,0.7,183,182,1,0.994535519125683,200,183,17,0.915,"{""all_atoms_connected"":0,""bond_angles"":2,""bond_lengths"":1,""bonds"":0,""double_bond_stereochemistry"":0,""energy_ratio"":4,""file_loads"":0,""inchi_convertible"":0,""internal_steric_clash"":17,""molecular_formula"":0,""no_radicals"":0,""planar_aromatic_rings"":1,""planar_double_bonds"":0,""reference_file_loads"":0,""sanitisation"":0,""tetrahedral_chirality"":0}","{""all_atoms_connected"":0.0,""bond_angles"":0.01,""bond_lengths"":0.005,""bonds"":0.0,""double_bond_stereochemistry"":0.0,""energy_ratio"":0.02,""file_loads"":0.0,""inchi_convertible"":0.0,""internal_steric_clash"":0.085,""molecular_formula"":0.0,""no_radicals"":0.0,""planar_aromatic_rings"":0.005,""planar_double_bonds"":0.0,""reference_file_loads"":0.0,""sanitisation"":0.0,""tetrahedral_chirality"":0.0}",183,101.84585642834043,2.07018230842344,2.809449489341885,171.0,93.44262295081967,0.9955108007986628,0.01092896174863388,167.09819014467428,0.006181134103735555,0.9298245614035088,63.0,34.42622950819672,0.9419020313405908,0.0546448087431694,49.52249520380694,0.024873839171071103,0.2857142857142857,7.0,3.8251366120218577,0.9563898082953364,0.22404371584699453,6.430476455995294,0.16396428678073396,0.0,2.0,1.092896174863388,0.6306365807664774,0.8415300546448088,1.5482479982382367,0.7332855564513722,0.0,183,191.30534981374663,324.71307796476424,220.76186754158903,20.31091183317912,1.0114838917747486,2.020457188136731,0.0,0.0,0.0,1.0,0.9935922444654363,2.009925550364622,0.0,0.0,0.0,1.0,1000,0,0,0,0,0,200,0,0,0,0,183,200,200,core
2v00_2v00_conf0,generation,qwen_1p7b_4e_step29600,fixed,1p7b_4e_step29600,qwen_1p7b_4e_step29600_fixed,Qwen 1.7B 4e (step 29600),qwen_1p7b_4e_step29600_fixed,4,16,1000,0.7,1000,1000,0,1.0,1000,1000,0,1.0,"{""all_atoms_connected"":0,""bond_angles"":0,""bond_lengths"":0,""bonds"":0,""double_bond_stereochemistry"":0,""energy_ratio"":0,""file_loads"":0,""inchi_convertible"":0,""internal_steric_clash"":0,""molecular_formula"":0,""no_radicals"":0,""planar_aromatic_rings"":0,""planar_double_bonds"":0,""reference_file_loads"":0,""sanitisation"":0,""tetrahedral_chirality"":0}","{""all_atoms_connected"":0.0,""bond_angles"":0.0,""bond_lengths"":0.0,""bonds"":0.0,""double_bond_stereochemistry"":0.0,""energy_ratio"":0.0,""file_loads"":0.0,""inchi_convertible"":0.0,""internal_steric_clash"":0.0,""molecular_formula"":0.0,""no_radicals"":0.0,""planar_aromatic_rings"":0.0,""planar_double_bonds"":0.0,""reference_file_loads"":0.0,""sanitisation"":0.0,""tetrahedral_chirality"":0.0}",1000,103.68502607680288,1.4580123286572406,2.0334167929369027,63.0,6.3,0.8413859939321052,0.114,32.65426678608499,0.04506400000000001,0.12698412698412698,9.0,0.9,0.8984015436454633,0.314,7.199344297005929,0.167578,0.0,2.0,0.2,0.9691686336805817,0.603,1.9577121203979784,0.521218,0.0,1.0,0.1,0.0,1.0,1.0,1.0,0.0,1000,12.862938210791912,46.19663127756658,25.30630858301499,5.377959135084121,0.4250711075326229,1.3584633209072408,0.0,1.0,1.0,1.0,0.4093440705669169,1.3918506025915587,0.0,1.0,1.0,1.0,1000,0,0,0,0,0,1000,0,0,0,0,1000,1000,1000,core
2v00_2v00_conf0,generation,qwen_1p7b_4e_step29600,dynamic,1p7b_4e_step29600,qwen_1p7b_4e_step29600_dynamic,Qwen 1.7B 4e (step 29600),qwen_1p7b_4e_step29600_dynamic,4,16,68,0.7,68,68,0,1.0,68,68,0,1.0,"{""all_atoms_connected"":0,""bond_angles"":0,""bond_lengths"":0,""bonds"":0,""double_bond_stereochemistry"":0,""energy_ratio"":0,""file_loads"":0,""inchi_convertible"":0,""internal_steric_clash"":0,""molecular_formula"":0,""no_radicals"":0,""planar_aromatic_rings"":0,""planar_double_bonds"":0,""reference_file_loads"":0,""sanitisation"":0,""tetrahedral_chirality"":0}","{""all_atoms_connected"":0.0,""bond_angles"":0.0,""bond_lengths"":0.0,""bonds"":0.0,""double_bond_stereochemistry"":0.0,""energy_ratio"":0.0,""file_loads"":0.0,""inchi_convertible"":0.0,""internal_steric_clash"":0.0,""molecular_formula"":0.0,""no_radicals"":0.0,""planar_aromatic_rings"":0.0,""planar_double_bonds"":0.0,""reference_file_loads"":0.0,""sanitisation"":0.0,""tetrahedral_chirality"":0.0}",68,101.30814063319953,1.4372765029351835,2.042285090033574,20.0,29.41176470588235,0.8977427474605001,0.16176470588235295,14.722794248001183,0.08477508650519032,0.35,6.0,8.823529411764707,0.8701450162644422,0.38235294117647056,4.754495409513696,0.24524221453287198,0.0,2.0,2.9411764705882355,0.9488482942421287,0.6323529411764706,1.9303310562314406,0.5350346020761245,0.0,1.0,1.4705882352941178,0.0,1.0,1.0,1.0,0.0,68,16.27055175907304,41.17582363187716,26.269376031581338,5.237204756566565,0.8348060090373602,1.3583528911016716,0.0,0.0,0.0,1.0,0.8213017017809984,1.4532964001994224,0.0,0.0,0.0,1.0,1000,0,0,0,0,0,68,0,0,0,0,68,68,68,core
2v00_2v00_conf0,generation,qwen_1p7b_4e_step29600,chembl_count,1p7b_4e_step29600,qwen_1p7b_4e_step29600_chembl_count,Qwen 1.7B 4e (step 29600),qwen_1p7b_4e_step29600_chembl_count,4,16,30,0.7,30,30,0,1.0,30,30,0,1.0,"{""all_atoms_connected"":0,""bond_angles"":0,""bond_lengths"":0,""bonds"":0,""double_bond_stereochemistry"":0,""energy_ratio"":0,""file_loads"":0,""inchi_convertible"":0,""internal_steric_clash"":0,""molecular_formula"":0,""no_radicals"":0,""planar_aromatic_rings"":0,""planar_double_bonds"":0,""reference_file_loads"":0,""sanitisation"":0,""tetrahedral_chirality"":0}","{""all_atoms_connected"":0.0,""bond_angles"":0.0,""bond_lengths"":0.0,""bonds"":0.0,""double_bond_stereochemistry"":0.0,""energy_ratio"":0.0,""file_loads"":0.0,""inchi_convertible"":0.0,""internal_steric_clash"":0.0,""molecular_formula"":0.0,""no_radicals"":0.0,""planar_aromatic_rings"":0.0,""planar_double_bonds"":0.0,""reference_file_loads"":0.0,""sanitisation"":0.0,""tetrahedral_chirality"":0.0}",30,107.47951969174865,1.3657695678248722,2.0992050334619954,19.0,63.333333333333336,0.9667986524278671,0.13333333333333333,17.230475324955524,0.06444444444444443,0.5263157894736842,6.0,20.0,0.8327332584405506,0.4,4.446235135639583,0.2688888888888889,0.16666666666666666,2.0,6.666666666666667,0.7837769474847011,0.7666666666666667,1.721632177609972,0.6422222222222222,0.0,1.0,3.3333333333333335,0.0,1.0,1.0,1.0,0.0,30,15.451235695492565,36.11270087527135,24.642965068919032,5.064516743251365,0.923904879958956,1.3973501123472847,0.0,0.0,0.0,1.0,0.9760539489891155,1.3785219471037942,0.0,0.0,0.0,1.0,1000,0,0,0,0,0,30,0,0,0,0,30,30,30,core
2wn9_2wn9_conf0,generation,qwen_1p7b_4e_step29600,fixed,1p7b_4e_step29600,qwen_1p7b_4e_step29600_fixed,Qwen 1.7B 4e (step 29600),qwen_1p7b_4e_step29600_fixed,4,22,884,0.7,884,871,13,0.9852941176470589,998,884,114,0.8857715430861723,"{""all_atoms_connected"":0,""bond_angles"":75,""bond_lengths"":13,""bonds"":0,""double_bond_stereochemistry"":0,""energy_ratio"":40,""file_loads"":0,""inchi_convertible"":0,""internal_steric_clash"":102,""molecular_formula"":0,""no_radicals"":0,""planar_aromatic_rings"":18,""planar_double_bonds"":0,""reference_file_loads"":0,""sanitisation"":0,""tetrahedral_chirality"":0}","{""all_atoms_connected"":0.0,""bond_angles"":0.07515030060120241,""bond_lengths"":0.013026052104208416,""bonds"":0.0,""double_bond_stereochemistry"":0.0,""energy_ratio"":0.04008016032064128,""file_loads"":0.0,""inchi_convertible"":0.0,""internal_steric_clash"":0.10220440881763528,""molecular_formula"":0.0,""no_radicals"":0.0,""planar_aromatic_rings"":0.018036072144288578,""planar_double_bonds"":0.0,""reference_file_loads"":0.0,""sanitisation"":0.0,""tetrahedral_chirality"":0.0}",884,91.43044883677551,1.467291022260807,2.11955008758667,155.0,17.533936651583712,0.8657880802906712,0.10067873303167421,78.77040459148891,0.024707725067054324,0.32903225806451614,23.0,2.6018099547511313,0.7642028414722494,0.2251131221719457,10.980858155136517,0.11827921213734362,0.13043478260869565,2.0,0.22624434389140272,0.9998670721917183,0.5067873303167421,1.999815731418192,0.5000921357056571,0.0,1.0,0.11312217194570136,0.0,1.0,1.0,1.0,0.0,884,70.42259455593512,1359.2016736047785,84.88959639177135,72.54774989491284,0.2200722373723896,1.464094263666027,1.0,1.0,1.0,1.0,0.24418561056037222,1.4523004798578425,1.0,1.0,1.0,1.0,998,0,0,0,0,0,998,0,0,0,0,884,1000,1000,core
2wn9_2wn9_conf0,generation,qwen_1p7b_4e_step29600,dynamic,1p7b_4e_step29600,qwen_1p7b_4e_step29600_dynamic,Qwen 1.7B 4e (step 29600),qwen_1p7b_4e_step29600_dynamic,4,22,60,0.7,60,58,2,0.9666666666666667,68,60,8,0.8823529411764706,"{""all_atoms_connected"":0,""bond_angles"":5,""bond_lengths"":1,""bonds"":0,""double_bond_stereochemistry"":0,""energy_ratio"":4,""file_loads"":0,""inchi_convertible"":0,""internal_steric_clash"":8,""molecular_formula"":0,""no_radicals"":0,""planar_aromatic_rings"":1,""planar_double_bonds"":0,""reference_file_loads"":0,""sanitisation"":0,""tetrahedral_chirality"":0}","{""all_atoms_connected"":0.0,""bond_angles"":0.07352941176470588,""bond_lengths"":0.014705882352941176,""bonds"":0.0,""double_bond_stereochemistry"":0.0,""energy_ratio"":0.058823529411764705,""file_loads"":0.0,""inchi_convertible"":0.0,""internal_steric_clash"":0.11764705882352941,""molecular_formula"":0.0,""no_radicals"":0.0,""planar_aromatic_rings"":0.014705882352941176,""planar_double_bonds"":0.0,""reference_file_loads"":0.0,""sanitisation"":0.0,""tetrahedral_chirality"":0.0}",60,91.54509478043963,1.4943226346622505,2.122426767082333,36.0,60.0,0.9507858502101652,0.08333333333333333,30.17938576190108,0.04000000000000001,0.6388888888888888,10.0,16.666666666666668,0.8325626299409441,0.25,6.800841133844572,0.1722222222222222,0.4,2.0,3.3333333333333335,0.9967916319816367,0.5333333333333333,1.9955571994469739,0.5022222222222222,0.0,1.0,1.6666666666666667,0.0,1.0,1.0,1.0,0.0,60,71.62946397334119,1024.5532860353853,84.94451929018003,122.65306496312711,0.841315338660356,1.4435543766243528,0.0,0.0,0.0,1.0,0.8071527352183543,1.4049890787583934,0.0,0.0,0.0,1.0,998,0,0,0,0,0,68,0,0,0,0,60,68,68,core
2wn9_2wn9_conf0,generation,qwen_1p7b_4e_step29600,chembl_count,1p7b_4e_step29600,qwen_1p7b_4e_step29600_chembl_count,Qwen 1.7B 4e (step 29600),qwen_1p7b_4e_step29600_chembl_count,4,22,62,0.7,62,62,0,1.0,71,62,9,0.8732394366197183,"{""all_atoms_connected"":0,""bond_angles"":5,""bond_lengths"":0,""bonds"":0,""double_bond_stereochemistry"":0,""energy_ratio"":2,""file_loads"":0,""inchi_convertible"":0,""internal_steric_clash"":9,""molecular_formula"":0,""no_radicals"":0,""planar_aromatic_rings"":0,""planar_double_bonds"":0,""reference_file_loads"":0,""sanitisation"":0,""tetrahedral_chirality"":0}","{""all_atoms_connected"":0.0,""bond_angles"":0.07042253521126761,""bond_lengths"":0.0,""bonds"":0.0,""double_bond_stereochemistry"":0.0,""energy_ratio"":0.028169014084507043,""file_loads"":0.0,""inchi_convertible"":0.0,""internal_steric_clash"":0.1267605633802817,""molecular_formula"":0.0,""no_radicals"":0.0,""planar_aromatic_rings"":0.0,""planar_double_bonds"":0.0,""reference_file_loads"":0.0,""sanitisation"":0.0,""tetrahedral_chirality"":0.0}",62,86.31342318355063,1.464853754694005,2.1356943552385084,30.0,48.38709677419355,0.9294255330128779,0.0967741935483871,23.59794635368044,0.053069719042663874,0.5333333333333333,7.0,11.290322580645162,0.8809330097381087,0.3225806451612903,5.552323474954202,0.20499479708636836,0.14285714285714285,2.0,3.225806451612903,0.9932338197397066,0.5483870967741935,1.9906420438260546,0.5046826222684703,0.0,1.0,1.6129032258064515,0.0,1.0,1.0,1.0,0.0,62,71.42198465401559,154.83287024465878,84.81881004381373,15.890764980516662,0.415856821298585,1.405583505073,0.0,1.0,1.0,1.0,0.3448073534214408,1.380339172112223,0.0,1.0,1.0,1.0,998,0,0,0,0,0,71,0,0,0,0,62,71,71,core
2wtv_2wtv_conf0,generation,qwen_1p7b_4e_step29600,fixed,1p7b_4e_step29600,qwen_1p7b_4e_step29600_fixed,Qwen 1.7B 4e (step 29600),qwen_1p7b_4e_step29600_fixed,4,34,467,0.7,467,454,13,0.9721627408993576,992,467,525,0.470766129032258,"{""all_atoms_connected"":0,""bond_angles"":419,""bond_lengths"":479,""bonds"":0,""double_bond_stereochemistry"":0,""energy_ratio"":142,""file_loads"":0,""inchi_convertible"":0,""internal_steric_clash"":325,""molecular_formula"":0,""no_radicals"":0,""planar_aromatic_rings"":13,""planar_double_bonds"":0,""reference_file_loads"":0,""sanitisation"":0,""tetrahedral_chirality"":0}","{""all_atoms_connected"":0.0,""bond_angles"":0.4223790322580645,""bond_lengths"":0.48286290322580644,""bonds"":0.0,""double_bond_stereochemistry"":0.0,""energy_ratio"":0.1431451612903226,""file_loads"":0.0,""inchi_convertible"":0.0,""internal_steric_clash"":0.3276209677419355,""molecular_formula"":0.0,""no_radicals"":0.0,""planar_aromatic_rings"":0.01310483870967742,""planar_double_bonds"":0.0,""reference_file_loads"":0.0,""sanitisation"":0.0,""tetrahedral_chirality"":0.0}",467,122.47052809350802,1.9068540221466472,2.911122570691888,130.0,27.8372591006424,0.87037825988703,0.06852248394004283,69.17200058547351,0.024728436555718082,0.49230769230769234,33.0,7.0663811563169165,0.739339212647394,0.1948608137044968,13.264683765116095,0.10785963528651148,0.36363636363636365,5.0,1.0706638115631693,0.8081994970223532,0.3875802997858672,3.6720383305912834,0.31526120070246555,0.0,1.0,0.21413276231263384,0.0,1.0,1.0,1.0,0.0,467,54.851666853849224,159487.34802587988,88.84866827272874,9916.787150967592,0.2673611921343942,1.9774964279930425,0.0,1.0,1.0,1.0,0.2830719070096808,1.9497784792454613,0.0,1.0,1.0,1.0,992,0,0,0,0,0,992,0,0,0,0,467,1000,1000,core
2wtv_2wtv_conf0,generation,qwen_1p7b_4e_step29600,dynamic,1p7b_4e_step29600,qwen_1p7b_4e_step29600_dynamic,Qwen 1.7B 4e (step 29600),qwen_1p7b_4e_step29600_dynamic,4,34,36,0.7,36,35,1,0.9722222222222222,68,36,32,0.5294117647058824,"{""all_atoms_connected"":0,""bond_angles"":29,""bond_lengths"":29,""bonds"":0,""double_bond_stereochemistry"":0,""energy_ratio"":6,""file_loads"":0,""inchi_convertible"":0,""internal_steric_clash"":19,""molecular_formula"":0,""no_radicals"":0,""planar_aromatic_rings"":0,""planar_double_bonds"":0,""reference_file_loads"":0,""sanitisation"":0,""tetrahedral_chirality"":0}","{""all_atoms_connected"":0.0,""bond_angles"":0.4264705882352941,""bond_lengths"":0.4264705882352941,""bonds"":0.0,""double_bond_stereochemistry"":0.0,""energy_ratio"":0.08823529411764706,""file_loads"":0.0,""inchi_convertible"":0.0,""internal_steric_clash"":0.27941176470588236,""molecular_formula"":0.0,""no_radicals"":0.0,""planar_aromatic_rings"":0.0,""planar_double_bonds"":0.0,""reference_file_loads"":0.0,""sanitisation"":0.0,""tetrahedral_chirality"":0.0}",36,125.11859023832548,1.797991030595057,2.7891575038149328,27.0,75.0,0.9660376500000152,0.1111111111111111,24.14077937607434,0.04783950617283951,0.7777777777777778,12.0,33.333333333333336,0.8559562612653756,0.3333333333333333,8.389420145749748,0.16512345679012347,0.4166666666666667,3.0,8.333333333333334,0.7852151837097772,0.5277777777777778,2.369424384885728,0.45524691358024694,0.0,1.0,2.7777777777777777,0.0,1.0,1.0,1.0,0.0,36,64.08843970518603,11518.35419665463,110.61093064732431,1874.7398465444928,0.5323886833230266,1.8212056137743333,0.0,0.0,1.0,1.0,0.6169945426013321,1.7902452652682257,0.0,0.0,1.0,1.0,992,0,0,0,0,0,68,0,0,0,0,36,68,68,core
2wtv_2wtv_conf0,generation,qwen_1p7b_4e_step29600,chembl_count,1p7b_4e_step29600,qwen_1p7b_4e_step29600_chembl_count,Qwen 1.7B 4e (step 29600),qwen_1p7b_4e_step29600_chembl_count,4,34,53,0.7,53,51,2,0.9622641509433962,110,53,57,0.4818181818181818,"{""all_atoms_connected"":0,""bond_angles"":45,""bond_lengths"":48,""bonds"":0,""double_bond_stereochemistry"":0,""energy_ratio"":12,""file_loads"":0,""inchi_convertible"":0,""internal_steric_clash"":36,""molecular_formula"":0,""no_radicals"":0,""planar_aromatic_rings"":1,""planar_double_bonds"":0,""reference_file_loads"":0,""sanitisation"":0,""tetrahedral_chirality"":0}","{""all_atoms_connected"":0.0,""bond_angles"":0.4090909090909091,""bond_lengths"":0.43636363636363634,""bonds"":0.0,""double_bond_stereochemistry"":0.0,""energy_ratio"":0.10909090909090909,""file_loads"":0.0,""inchi_convertible"":0.0,""internal_steric_clash"":0.32727272727272727,""molecular_formula"":0.0,""no_radicals"":0.0,""planar_aromatic_rings"":0.00909090909090909,""planar_double_bonds"":0.0,""reference_file_loads"":0.0,""sanitisation"":0.0,""tetrahedral_chirality"":0.0}",53,129.44425187156213,1.8306310110446198,2.8317398388017425,33.0,62.264150943396224,0.9596314282954658,0.07547169811320754,28.655876777677328,0.04022783908864365,0.6363636363636364,14.0,26.41509433962264,0.8532761733444734,0.2830188679245283,9.505254390570528,0.14061943752224987,0.35714285714285715,4.0,7.547169811320755,0.6191312250166492,0.6226415094339622,2.359142312402461,0.49234603061587756,0.25,2.0,3.7735849056603774,0.9414231081869793,0.6415094339622641,1.9204216535522112,0.5400498398006408,0.0,53,60.51168376166951,2735.278645264396,88.07214468113428,361.1532869287722,0.362617570027979,1.248634092024841,0.0,1.0,1.0,1.0,0.2830719070096808,1.340309617087993,0.0,1.0,1.0,1.0,992,0,0,0,0,0,110,0,0,0,0,53,110,110,core
2xdl_2xdl_conf0,generation,qwen_1p7b_4e_step29600,fixed,1p7b_4e_step29600,qwen_1p7b_4e_step29600_fixed,Qwen 1.7B 4e (step 29600),qwen_1p7b_4e_step29600_fixed,5,16,998,0.7,998,997,1,0.998997995991984,1000,998,2,0.998,"{""all_atoms_connected"":0,""bond_angles"":1,""bond_lengths"":0,""bonds"":0,""double_bond_stereochemistry"":0,""energy_ratio"":1,""file_loads"":0,""inchi_convertible"":0,""internal_steric_clash"":2,""molecular_formula"":0,""no_radicals"":0,""planar_aromatic_rings"":0,""planar_double_bonds"":0,""reference_file_loads"":0,""sanitisation"":0,""tetrahedral_chirality"":0}","{""all_atoms_connected"":0.0,""bond_angles"":0.001,""bond_lengths"":0.0,""bonds"":0.0,""double_bond_stereochemistry"":0.0,""energy_ratio"":0.001,""file_loads"":0.0,""inchi_convertible"":0.0,""internal_steric_clash"":0.002,""molecular_formula"":0.0,""no_radicals"":0.0,""planar_aromatic_rings"":0.0,""planar_double_bonds"":0.0,""reference_file_loads"":0.0,""sanitisation"":0.0,""tetrahedral_chirality"":0.0}",998,117.50117476831254,1.205823524147117,1.8110901124068517,39.0,3.907815631262525,0.8392728723971914,0.11523046092184369,21.643991908844953,0.059465624636045655,0.20512820512820512,6.0,0.6012024048096193,0.8674513144208131,0.2955911823647295,4.731603288550062,0.2317119208356593,0.0,2.0,0.20040080160320642,0.9599718356201111,0.6172344689378757,1.945271918737776,0.5274878414142914,0.0,1.0,0.10020040080160321,0.0,1.0,1.0,1.0,0.0,998,23.555770227407486,211.8310023606685,31.58543655781891,8.21015360793351,0.20999319683219766,1.4131494793826105,1.0,1.0,1.0,1.0,0.2939328810914957,1.3497489093260508,0.0,1.0,1.0,1.0,1000,0,0,0,0,0,1000,0,0,0,0,998,1000,1000,core
2xdl_2xdl_conf0,generation,qwen_1p7b_4e_step29600,dynamic,1p7b_4e_step29600,qwen_1p7b_4e_step29600_dynamic,Qwen 1.7B 4e (step 29600),qwen_1p7b_4e_step29600_dynamic,5,16,90,0.7,90,90,0,1.0,90,90,0,1.0,"{""all_atoms_connected"":0,""bond_angles"":0,""bond_lengths"":0,""bonds"":0,""double_bond_stereochemistry"":0,""energy_ratio"":0,""file_loads"":0,""inchi_convertible"":0,""internal_steric_clash"":0,""molecular_formula"":0,""no_radicals"":0,""planar_aromatic_rings"":0,""planar_double_bonds"":0,""reference_file_loads"":0,""sanitisation"":0,""tetrahedral_chirality"":0}","{""all_atoms_connected"":0.0,""bond_angles"":0.0,""bond_lengths"":0.0,""bonds"":0.0,""double_bond_stereochemistry"":0.0,""energy_ratio"":0.0,""file_loads"":0.0,""inchi_convertible"":0.0,""internal_steric_clash"":0.0,""molecular_formula"":0.0,""no_radicals"":0.0,""planar_aromatic_rings"":0.0,""planar_double_bonds"":0.0,""reference_file_loads"":0.0,""sanitisation"":0.0,""tetrahedral_chirality"":0.0}",90,115.62998979704062,1.2050348152614097,1.8190441052795376,18.0,20.0,0.8937312893148415,0.16666666666666666,13.23964420989998,0.09234567901234568,0.2222222222222222,4.0,4.444444444444445,0.9206934496782405,0.4444444444444444,3.583543579771557,0.30839506172839504,0.0,1.0,1.1111111111111112,0.0,1.0,1.0,1.0,0.0,1.0,1.1111111111111112,0.0,1.0,1.0,1.0,0.0,90,24.794427888369345,49.291973620267385,31.48910652607502,4.141225169164205,0.40891148382744613,1.0914947286474792,0.0,1.0,1.0,1.0,0.4713063917962762,1.1773531701480602,0.0,1.0,1.0,1.0,1000,0,0,0,0,0,90,0,0,0,0,90,90,90,core
2xdl_2xdl_conf0,generation,qwen_1p7b_4e_step29600,chembl_count,1p7b_4e_step29600,qwen_1p7b_4e_step29600_chembl_count,Qwen 1.7B 4e (step 29600),qwen_1p7b_4e_step29600_chembl_count,5,16,58,0.7,58,58,0,1.0,58,58,0,1.0,"{""all_atoms_connected"":0,""bond_angles"":0,""bond_lengths"":0,""bonds"":0,""double_bond_stereochemistry"":0,""energy_ratio"":0,""file_loads"":0,""inchi_convertible"":0,""internal_steric_clash"":0,""molecular_formula"":0,""no_radicals"":0,""planar_aromatic_rings"":0,""planar_double_bonds"":0,""reference_file_loads"":0,""sanitisation"":0,""tetrahedral_chirality"":0}","{""all_atoms_connected"":0.0,""bond_angles"":0.0,""bond_lengths"":0.0,""bonds"":0.0,""double_bond_stereochemistry"":0.0,""energy_ratio"":0.0,""file_loads"":0.0,""inchi_convertible"":0.0,""internal_steric_clash"":0.0,""molecular_formula"":0.0,""no_radicals"":0.0,""planar_aromatic_rings"":0.0,""planar_double_bonds"":0.0,""reference_file_loads"":0.0,""sanitisation"":0.0,""tetrahedral_chirality"":0.0}",58,118.08264803101717,1.213271191838724,1.8251973850133858,15.0,25.862068965517242,0.9098568060040434,0.22413793103448276,11.750994866243753,0.10701545778834719,0.13333333333333333,4.0,6.896551724137931,0.963612193270405,0.3793103448275862,3.8032278859760087,0.27645659928656363,0.0,1.0,1.7241379310344827,0.0,1.0,1.0,1.0,0.0,1.0,1.7241379310344827,0.0,1.0,1.0,1.0,0.0,58,25.093655975023548,43.00444676578193,32.17135135884328,4.016474093961619,0.3915361128932784,1.5718616734372954,0.0,1.0,1.0,1.0,0.4913394482279011,1.4746282145606036,0.0,1.0,1.0,1.0,1000,0,0,0,0,0,58,0,0,0,0,58,58,58,core
2xnb_2xnb_conf0,generation,qwen_1p7b_4e_step29600,fixed,1p7b_4e_step29600,qwen_1p7b_4e_step29600_fixed,Qwen 1.7B 4e (step 29600),qwen_1p7b_4e_step29600_fixed,4,27,962,0.7,962,962,0,1.0,1000,962,38,0.962,"{""all_atoms_connected"":0,""bond_angles"":28,""bond_lengths"":19,""bonds"":0,""double_bond_stereochemistry"":0,""energy_ratio"":8,""file_loads"":0,""inchi_convertible"":0,""internal_steric_clash"":11,""molecular_formula"":0,""no_radicals"":0,""planar_aromatic_rings"":21,""planar_double_bonds"":0,""reference_file_loads"":0,""sanitisation"":0,""tetrahedral_chirality"":0}","{""all_atoms_connected"":0.0,""bond_angles"":0.028,""bond_lengths"":0.019,""bonds"":0.0,""double_bond_stereochemistry"":0.0,""energy_ratio"":0.008,""file_loads"":0.0,""inchi_convertible"":0.0,""internal_steric_clash"":0.011,""molecular_formula"":0.0,""no_radicals"":0.0,""planar_aromatic_rings"":0.021,""planar_double_bonds"":0.0,""reference_file_loads"":0.0,""sanitisation"":0.0,""tetrahedral_chirality"":0.0}",962,106.94546451368828,1.4980213627648509,2.129209078664374,156.0,16.216216216216218,0.8985126153919095,0.033264033264033266,93.44371985937069,0.01462649279697097,0.2564102564102564,24.0,2.494802494802495,0.8583763222858778,0.19230769230769232,15.301734055248907,0.08650334326010004,0.041666666666666664,2.0,0.2079002079002079,0.9101193222093866,0.6746361746361746,1.8792009166739811,0.560995586983113,0.0,1.0,0.10395010395010396,0.0,1.0,1.0,1.0,0.0,962,68.02749957737903,252.94864882560472,95.77387513893544,18.924972164355125,0.42206291093485787,1.9314036258945364,0.0,1.0,1.0,1.0,0.39135061570939744,1.9122682523867067,0.0,1.0,1.0,1.0,1000,0,0,0,0,0,1000,0,0,0,0,962,1000,1000,core
2xnb_2xnb_conf0,generation,qwen_1p7b_4e_step29600,dynamic,1p7b_4e_step29600,qwen_1p7b_4e_step29600_dynamic,Qwen 1.7B 4e (step 29600),qwen_1p7b_4e_step29600_dynamic,4,27,64,0.7,64,64,0,1.0,68,64,4,0.9411764705882352,"{""all_atoms_connected"":0,""bond_angles"":4,""bond_lengths"":2,""bonds"":0,""double_bond_stereochemistry"":0,""energy_ratio"":1,""file_loads"":0,""inchi_convertible"":0,""internal_steric_clash"":1,""molecular_formula"":0,""no_radicals"":0,""planar_aromatic_rings"":2,""planar_double_bonds"":0,""reference_file_loads"":0,""sanitisation"":0,""tetrahedral_chirality"":0}","{""all_atoms_connected"":0.0,""bond_angles"":0.058823529411764705,""bond_lengths"":0.029411764705882353,""bonds"":0.0,""double_bond_stereochemistry"":0.0,""energy_ratio"":0.014705882352941176,""file_loads"":0.0,""inchi_convertible"":0.0,""internal_steric_clash"":0.014705882352941176,""molecular_formula"":0.0,""no_radicals"":0.0,""planar_aromatic_rings"":0.029411764705882353,""planar_double_bonds"":0.0,""reference_file_loads"":0.0,""sanitisation"":0.0,""tetrahedral_chirality"":0.0}",64,111.0341734606627,1.5682782625589624,2.212142896658592,37.0,57.8125,0.9702033864088475,0.0625,33.22573701484211,0.033203125,0.4864864864864865,14.0,21.875,0.9325167176894876,0.171875,11.716113058091064,0.09912109375,0.07142857142857142,2.0,3.125,0.954434002924965,0.625,1.9378192408783848,0.53125,0.0,1.0,1.5625,0.0,1.0,1.0,1.0,0.0,64,77.31123171111419,166.31577821885116,91.97885500303647,18.632228030488278,0.7342019412607811,1.830913419523348,0.0,0.0,1.0,1.0,0.7010403301499533,1.8233618983141275,0.0,0.0,1.0,1.0,1000,0,0,0,0,0,68,0,0,0,0,64,68,68,core
2xnb_2xnb_conf0,generation,qwen_1p7b_4e_step29600,chembl_count,1p7b_4e_step29600,qwen_1p7b_4e_step29600_chembl_count,Qwen 1.7B 4e (step 29600),qwen_1p7b_4e_step29600_chembl_count,4,27,74,0.7,74,74,0,1.0,79,74,5,0.9367088607594936,"{""all_atoms_connected"":0,""bond_angles"":4,""bond_lengths"":1,""bonds"":0,""double_bond_stereochemistry"":0,""energy_ratio"":2,""file_loads"":0,""inchi_convertible"":0,""internal_steric_clash"":2,""molecular_formula"":0,""no_radicals"":0,""planar_aromatic_rings"":1,""planar_double_bonds"":0,""reference_file_loads"":0,""sanitisation"":0,""tetrahedral_chirality"":0}","{""all_atoms_connected"":0.0,""bond_angles"":0.05063291139240506,""bond_lengths"":0.012658227848101266,""bonds"":0.0,""double_bond_stereochemistry"":0.0,""energy_ratio"":0.02531645569620253,""file_loads"":0.0,""inchi_convertible"":0.0,""internal_steric_clash"":0.02531645569620253,""molecular_formula"":0.0,""no_radicals"":0.0,""planar_aromatic_rings"":0.012658227848101266,""planar_double_bonds"":0.0,""reference_file_loads"":0.0,""sanitisation"":0.0,""tetrahedral_chirality"":0.0}",74,106.20660379377345,1.528984084649611,2.21836099657693,41.0,55.4054054054054,0.9565554864931664,0.08108108108108109,34.89130769106745,0.0339663988312637,0.5121951219512195,12.0,16.216216216216218,0.8836404699103152,0.2702702702702703,8.986865115360203,0.14061358655953252,0.08333333333333333,3.0,4.054054054054054,0.8634486133577963,0.5540540540540541,2.582079952464708,0.42695398100803506,0.0,1.0,1.3513513513513513,0.0,1.0,1.0,1.0,0.0,74,69.58865943781746,182.49290116649496,93.71391760004512,20.93747752765412,0.6556275345739723,1.9922226170293607,0.0,0.0,1.0,1.0,0.671882912423687,1.949402737824839,0.0,0.0,1.0,1.0,1000,0,0,0,0,0,79,0,0,0,0,74,79,79,core
2yfe_2yfe_conf0,generation,qwen_1p7b_4e_step29600,fixed,1p7b_4e_step29600,qwen_1p7b_4e_step29600_fixed,Qwen 1.7B 4e (step 29600),qwen_1p7b_4e_step29600_fixed,8,25,965,0.7,965,963,2,0.9979274611398964,1000,965,35,0.965,"{""all_atoms_connected"":0,""bond_angles"":7,""bond_lengths"":5,""bonds"":0,""double_bond_stereochemistry"":0,""energy_ratio"":15,""file_loads"":0,""inchi_convertible"":0,""internal_steric_clash"":35,""molecular_formula"":0,""no_radicals"":0,""planar_aromatic_rings"":3,""planar_double_bonds"":0,""reference_file_loads"":0,""sanitisation"":0,""tetrahedral_chirality"":0}","{""all_atoms_connected"":0.0,""bond_angles"":0.007,""bond_lengths"":0.005,""bonds"":0.0,""double_bond_stereochemistry"":0.0,""energy_ratio"":0.015,""file_loads"":0.0,""inchi_convertible"":0.0,""internal_steric_clash"":0.035,""molecular_formula"":0.0,""no_radicals"":0.0,""planar_aromatic_rings"":0.003,""planar_double_bonds"":0.0,""reference_file_loads"":0.0,""sanitisation"":0.0,""tetrahedral_chirality"":0.0}",965,80.6915890878622,1.9528648519568954,2.846171419643413,343.0,35.5440414507772,0.921512431446249,0.039378238341968914,216.9227237780313,0.007410668742785041,0.5160349854227405,50.0,5.181347150259067,0.8218381921808622,0.1316062176165803,24.904534978823094,0.05837149990603775,0.12,5.0,0.5181347150259067,0.8474569267249568,0.4383419689119171,3.9115327584921635,0.3030449139574217,0.0,2.0,0.20725388601036268,0.9490269819960361,0.6321243523316062,1.9305701558835557,0.5349136889580929,0.0,965,72.93314139729489,623592.9941521117,91.35574217727239,20062.962087681437,0.9048856665215584,2.2318681431898875,0.0,0.0,0.0,1.0,0.8915070386692188,2.232788834926086,0.0,0.0,0.0,1.0,1000,0,0,0,0,0,1000,0,0,0,0,965,1000,1000,core
2yfe_2yfe_conf0,generation,qwen_1p7b_4e_step29600,dynamic,1p7b_4e_step29600,qwen_1p7b_4e_step29600_dynamic,Qwen 1.7B 4e (step 29600),qwen_1p7b_4e_step29600_dynamic,8,25,149,0.7,149,149,0,1.0,156,149,7,0.9551282051282052,"{""all_atoms_connected"":0,""bond_angles"":2,""bond_lengths"":1,""bonds"":0,""double_bond_stereochemistry"":0,""energy_ratio"":3,""file_loads"":0,""inchi_convertible"":0,""internal_steric_clash"":7,""molecular_formula"":0,""no_radicals"":0,""planar_aromatic_rings"":1,""planar_double_bonds"":0,""reference_file_loads"":0,""sanitisation"":0,""tetrahedral_chirality"":0}","{""all_atoms_connected"":0.0,""bond_angles"":0.01282051282051282,""bond_lengths"":0.00641025641025641,""bonds"":0.0,""double_bond_stereochemistry"":0.0,""energy_ratio"":0.019230769230769232,""file_loads"":0.0,""inchi_convertible"":0.0,""internal_steric_clash"":0.04487179487179487,""molecular_formula"":0.0,""no_radicals"":0.0,""planar_aromatic_rings"":0.00641025641025641,""planar_double_bonds"":0.0,""reference_file_loads"":0.0,""sanitisation"":0.0,""tetrahedral_chirality"":0.0}",149,81.01586116568195,1.915530658054502,2.787478639457014,94.0,63.08724832214765,0.9546199393775394,0.04697986577181208,76.48692335038437,0.016891131030133785,0.7127659574468085,29.0,19.463087248322147,0.8864172767940298,0.14093959731543623,19.783122985962713,0.06733930904013331,0.27586206896551724,4.0,2.684563758389262,0.8698360550869096,0.40939597315436244,3.3395925825163366,0.33336336201072025,0.0,1.0,0.6711409395973155,0.0,1.0,1.0,1.0,0.0,149,74.3194400870031,149.5945746649745,89.34693774603866,12.515095481125368,0.9048856665215584,2.184836134004627,0.0,0.0,0.0,1.0,0.8915070386692188,2.2089740138656198,0.0,0.0,0.0,1.0,1000,0,0,0,0,0,156,0,0,0,0,149,156,156,core
2yfe_2yfe_conf0,generation,qwen_1p7b_4e_step29600,chembl_count,1p7b_4e_step29600,qwen_1p7b_4e_step29600_chembl_count,Qwen 1.7B 4e (step 29600),qwen_1p7b_4e_step29600_chembl_count,8,25,149,0.7,149,149,0,1.0,155,149,6,0.9612903225806452,"{""all_atoms_connected"":0,""bond_angles"":2,""bond_lengths"":1,""bonds"":0,""double_bond_stereochemistry"":0,""energy_ratio"":4,""file_loads"":0,""inchi_convertible"":0,""internal_steric_clash"":6,""molecular_formula"":0,""no_radicals"":0,""planar_aromatic_rings"":0,""planar_double_bonds"":0,""reference_file_loads"":0,""sanitisation"":0,""tetrahedral_chirality"":0}","{""all_atoms_connected"":0.0,""bond_angles"":0.012903225806451613,""bond_lengths"":0.0064516129032258064,""bonds"":0.0,""double_bond_stereochemistry"":0.0,""energy_ratio"":0.025806451612903226,""file_loads"":0.0,""inchi_convertible"":0.0,""internal_steric_clash"":0.03870967741935484,""molecular_formula"":0.0,""no_radicals"":0.0,""planar_aromatic_rings"":0.0,""planar_double_bonds"":0.0,""reference_file_loads"":0.0,""sanitisation"":0.0,""tetrahedral_chirality"":0.0}",149,78.89230944488123,1.9270307539640914,2.8130436556349174,103.0,69.12751677852349,0.9708557363594422,0.03355704697986577,89.98592099407658,0.013017431647223101,0.7281553398058253,27.0,18.120805369127517,0.8542303925227458,0.15436241610738255,16.699921515446682,0.08400522498986532,0.2222222222222222,4.0,2.684563758389262,0.9353450801903471,0.348993288590604,3.6570748639514985,0.2910229268951849,0.0,2.0,1.342281879194631,0.32904135680259033,0.9395973154362416,1.256178390678201,0.8864915994775009,0.0,149,74.96083692176953,165.62951541985927,91.29214982795216,12.286579763776617,1.2805021510086485,2.1880834825242776,0.0,0.0,0.0,1.0,1.2513223483103024,2.188650113550901,0.0,0.0,0.0,1.0,1000,0,0,0,0,0,155,0,0,0,0,149,155,155,core
2ymd_2ymd_conf0,generation,qwen_1p7b_4e_step29600,fixed,1p7b_4e_step29600,qwen_1p7b_4e_step29600_fixed,Qwen 1.7B 4e (step 29600),qwen_1p7b_4e_step29600_fixed,4,13,983,0.7,983,983,0,1.0,1000,983,17,0.983,"{""all_atoms_connected"":0,""bond_angles"":16,""bond_lengths"":7,""bonds"":0,""double_bond_stereochemistry"":0,""energy_ratio"":9,""file_loads"":0,""inchi_convertible"":0,""internal_steric_clash"":16,""molecular_formula"":0,""no_radicals"":0,""planar_aromatic_rings"":1,""planar_double_bonds"":0,""reference_file_loads"":0,""sanitisation"":0,""tetrahedral_chirality"":0}","{""all_atoms_connected"":0.0,""bond_angles"":0.016,""bond_lengths"":0.007,""bonds"":0.0,""double_bond_stereochemistry"":0.0,""energy_ratio"":0.009,""file_loads"":0.0,""inchi_convertible"":0.0,""internal_steric_clash"":0.016,""molecular_formula"":0.0,""no_radicals"":0.0,""planar_aromatic_rings"":0.001,""planar_double_bonds"":0.0,""reference_file_loads"":0.0,""sanitisation"":0.0,""tetrahedral_chirality"":0.0}",983,89.211132590989,0.7410664534958962,1.0991984269947441,9.0,0.9155645981688708,0.8935521185422004,0.23601220752797558,7.1230405370766725,0.15945229636268238,0.0,2.0,0.2034587995930824,0.9485317531081254,0.6327568667344863,1.9299075695372365,0.5352487713303163,0.0,1.0,0.1017293997965412,0.0,1.0,1.0,1.0,0.0,1.0,0.1017293997965412,0.0,1.0,1.0,1.0,0.0,983,15.743943178841363,122.9284715613735,23.102968986523777,6.878959500841378,0.12403216196131281,0.7146048305397169,1.0,1.0,1.0,1.0,0.08765109154453467,0.7226031142211818,1.0,1.0,1.0,1.0,1000,0,0,0,0,0,1000,0,0,0,0,983,1000,1000,core
2ymd_2ymd_conf0,generation,qwen_1p7b_4e_step29600,dynamic,1p7b_4e_step29600,qwen_1p7b_4e_step29600_dynamic,Qwen 1.7B 4e (step 29600),qwen_1p7b_4e_step29600_dynamic,4,13,68,0.7,68,68,0,1.0,68,68,0,1.0,"{""all_atoms_connected"":0,""bond_angles"":0,""bond_lengths"":0,""bonds"":0,""double_bond_stereochemistry"":0,""energy_ratio"":0,""file_loads"":0,""inchi_convertible"":0,""internal_steric_clash"":0,""molecular_formula"":0,""no_radicals"":0,""planar_aromatic_rings"":0,""planar_double_bonds"":0,""reference_file_loads"":0,""sanitisation"":0,""tetrahedral_chirality"":0}","{""all_atoms_connected"":0.0,""bond_angles"":0.0,""bond_lengths"":0.0,""bonds"":0.0,""double_bond_stereochemistry"":0.0,""energy_ratio"":0.0,""file_loads"":0.0,""inchi_convertible"":0.0,""internal_steric_clash"":0.0,""molecular_formula"":0.0,""no_radicals"":0.0,""planar_aromatic_rings"":0.0,""planar_double_bonds"":0.0,""reference_file_loads"":0.0,""sanitisation"":0.0,""tetrahedral_chirality"":0.0}",68,86.54242087221209,0.7384683809721146,1.1018236482935022,6.0,8.823529411764707,0.9099605960988911,0.29411764705882354,5.106072484602719,0.2179930795847751,0.0,2.0,2.9411764705882355,0.9993759069576513,0.5147058823529411,1.9991350104402625,0.500432525951557,0.0,1.0,1.4705882352941178,0.0,1.0,1.0,1.0,0.0,1.0,1.4705882352941178,0.0,1.0,1.0,1.0,0.0,68,16.40697145983938,40.930526667948584,21.985403282179064,3.5999416928956216,0.18216961962158942,0.7570860566062765,1.0,1.0,1.0,1.0,0.18643015556367717,0.7402998902694018,1.0,1.0,1.0,1.0,1000,0,0,0,0,0,68,0,0,0,0,68,68,68,core
2ymd_2ymd_conf0,generation,qwen_1p7b_4e_step29600,chembl_count,1p7b_4e_step29600,qwen_1p7b_4e_step29600_chembl_count,Qwen 1.7B 4e (step 29600),qwen_1p7b_4e_step29600_chembl_count,4,13,30,0.7,30,30,0,1.0,30,30,0,1.0,"{""all_atoms_connected"":0,""bond_angles"":0,""bond_lengths"":0,""bonds"":0,""double_bond_stereochemistry"":0,""energy_ratio"":0,""file_loads"":0,""inchi_convertible"":0,""internal_steric_clash"":0,""molecular_formula"":0,""no_radicals"":0,""planar_aromatic_rings"":0,""planar_double_bonds"":0,""reference_file_loads"":0,""sanitisation"":0,""tetrahedral_chirality"":0}","{""all_atoms_connected"":0.0,""bond_angles"":0.0,""bond_lengths"":0.0,""bonds"":0.0,""double_bond_stereochemistry"":0.0,""energy_ratio"":0.0,""file_loads"":0.0,""inchi_convertible"":0.0,""internal_steric_clash"":0.0,""molecular_formula"":0.0,""no_radicals"":0.0,""planar_aromatic_rings"":0.0,""planar_double_bonds"":0.0,""reference_file_loads"":0.0,""sanitisation"":0.0,""tetrahedral_chirality"":0.0}",30,77.49322630327141,0.7660813189079718,1.1296533110530822,6.0,20.0,0.8943810779581469,0.3333333333333333,4.965508779849088,0.22444444444444445,0.16666666666666666,2.0,6.666666666666667,0.9182958340544894,0.6666666666666666,1.8898815748423097,0.5555555555555556,0.0,1.0,3.3333333333333335,0.0,1.0,1.0,1.0,0.0,1.0,3.3333333333333335,0.0,1.0,1.0,1.0,0.0,30,17.26390976710958,49.82235729849782,23.946800322816483,6.023816286432298,0.21903503233878038,0.8323630531553889,1.0,1.0,1.0,1.0,0.20690738105409492,0.8297070052052984,1.0,1.0,1.0,1.0,1000,0,0,0,0,0,30,0,0,0,0,30,30,30,core
2zb1_2zb1_conf0,generation,qwen_1p7b_4e_step29600,fixed,1p7b_4e_step29600,qwen_1p7b_4e_step29600_fixed,Qwen 1.7B 4e (step 29600),qwen_1p7b_4e_step29600_fixed,5,26,985,0.7,985,985,0,1.0,999,985,14,0.985985985985986,"{""all_atoms_connected"":0,""bond_angles"":0,""bond_lengths"":1,""bonds"":0,""double_bond_stereochemistry"":0,""energy_ratio"":0,""file_loads"":0,""inchi_convertible"":0,""internal_steric_clash"":13,""molecular_formula"":0,""no_radicals"":0,""planar_aromatic_rings"":0,""planar_double_bonds"":0,""reference_file_loads"":0,""sanitisation"":0,""tetrahedral_chirality"":0}","{""all_atoms_connected"":0.0,""bond_angles"":0.0,""bond_lengths"":0.001001001001001001,""bonds"":0.0,""double_bond_stereochemistry"":0.0,""energy_ratio"":0.0,""file_loads"":0.0,""inchi_convertible"":0.0,""internal_steric_clash"":0.013013013013013013,""molecular_formula"":0.0,""no_radicals"":0.0,""planar_aromatic_rings"":0.0,""planar_double_bonds"":0.0,""reference_file_loads"":0.0,""sanitisation"":0.0,""tetrahedral_chirality"":0.0}",985,114.79706112530425,1.4306216967458458,2.048551472855941,141.0,14.314720812182742,0.8531118795852264,0.11776649746192894,68.1591799839306,0.029658069004612337,0.24822695035460993,19.0,1.9289340101522843,0.8884019823242444,0.16040609137055836,13.678775882595819,0.08829189105619831,0.0,2.0,0.20304568527918782,0.9613424377432798,0.6152284263959391,1.9471208616039,0.5265551804993687,0.0,1.0,0.10152284263959391,0.0,1.0,1.0,1.0,0.0,985,45.95065307882573,294.3150331231511,59.70681610238646,10.508356557664552,0.36981141409132473,1.5054352849761816,0.0,1.0,1.0,1.0,0.4520084675059255,1.572543290942122,0.0,1.0,1.0,1.0,999,0,0,0,0,0,999,0,0,0,0,985,1000,1000,core
2zb1_2zb1_conf0,generation,qwen_1p7b_4e_step29600,dynamic,1p7b_4e_step29600,qwen_1p7b_4e_step29600_dynamic,Qwen 1.7B 4e (step 29600),qwen_1p7b_4e_step29600_dynamic,5,26,89,0.7,89,89,0,1.0,90,89,1,0.9888888888888888,"{""all_atoms_connected"":0,""bond_angles"":0,""bond_lengths"":0,""bonds"":0,""double_bond_stereochemistry"":0,""energy_ratio"":0,""file_loads"":0,""inchi_convertible"":0,""internal_steric_clash"":1,""molecular_formula"":0,""no_radicals"":0,""planar_aromatic_rings"":0,""planar_double_bonds"":0,""reference_file_loads"":0,""sanitisation"":0,""tetrahedral_chirality"":0}","{""all_atoms_connected"":0.0,""bond_angles"":0.0,""bond_lengths"":0.0,""bonds"":0.0,""double_bond_stereochemistry"":0.0,""energy_ratio"":0.0,""file_loads"":0.0,""inchi_convertible"":0.0,""internal_steric_clash"":0.011111111111111112,""molecular_formula"":0.0,""no_radicals"":0.0,""planar_aromatic_rings"":0.0,""planar_double_bonds"":0.0,""reference_file_loads"":0.0,""sanitisation"":0.0,""tetrahedral_chirality"":0.0}",89,113.42038866266758,1.4297954129467303,2.080342606774184,40.0,44.943820224719104,0.889222710245792,0.1797752808988764,26.58202899986327,0.06122964272187855,0.575,10.0,11.235955056179776,0.7687400453922791,0.43820224719101125,5.8713780565808955,0.24529731094558765,0.2,2.0,2.247191011235955,0.9991802351145687,0.5168539325842697,1.9988638873721136,0.5005681100871102,0.0,1.0,1.1235955056179776,0.0,1.0,1.0,1.0,0.0,89,47.52790139444601,94.9798520210775,57.90728369047633,8.450077227651406,0.37610071516498933,1.5251717414207306,0.0,1.0,1.0,1.0,0.4682050116936163,1.568488693413881,0.0,1.0,1.0,1.0,999,0,0,0,0,0,90,0,0,0,0,89,90,90,core
2zb1_2zb1_conf0,generation,qwen_1p7b_4e_step29600,chembl_count,1p7b_4e_step29600,qwen_1p7b_4e_step29600_chembl_count,Qwen 1.7B 4e (step 29600),qwen_1p7b_4e_step29600_chembl_count,5,26,196,0.7,196,196,0,1.0,200,196,4,0.98,"{""all_atoms_connected"":0,""bond_angles"":0,""bond_lengths"":0,""bonds"":0,""double_bond_stereochemistry"":0,""energy_ratio"":0,""file_loads"":0,""inchi_convertible"":0,""internal_steric_clash"":4,""molecular_formula"":0,""no_radicals"":0,""planar_aromatic_rings"":0,""planar_double_bonds"":0,""reference_file_loads"":0,""sanitisation"":0,""tetrahedral_chirality"":0}","{""all_atoms_connected"":0.0,""bond_angles"":0.0,""bond_lengths"":0.0,""bonds"":0.0,""double_bond_stereochemistry"":0.0,""energy_ratio"":0.0,""file_loads"":0.0,""inchi_convertible"":0.0,""internal_steric_clash"":0.02,""molecular_formula"":0.0,""no_radicals"":0.0,""planar_aromatic_rings"":0.0,""planar_double_bonds"":0.0,""reference_file_loads"":0.0,""sanitisation"":0.0,""tetrahedral_chirality"":0.0}",196,113.3915354056832,1.3994082238858527,2.090160235327781,63.0,32.142857142857146,0.9020197223547455,0.11224489795918367,41.979828771716825,0.03618284048313203,0.38095238095238093,13.0,6.63265306122449,0.7725553247236204,0.37755102040816324,7.254088810486774,0.1971053727613494,0.15384615384615385,2.0,1.0204081632653061,0.9598942650467542,0.6173469387755102,1.9451673285110154,0.5275406080799666,0.0,1.0,0.5102040816326531,0.0,1.0,1.0,1.0,0.0,196,47.27150511695454,94.9798520210775,59.758036188682325,7.499404955995521,0.5711278014379417,1.4945810954840124,0.0,0.0,1.0,1.0,0.5817116329350599,1.5648834216753944,0.0,0.0,1.0,1.0,999,0,0,0,0,0,200,0,0,0,0,196,200,200,core
2zcq_2zcq_conf0,generation,qwen_1p7b_4e_step29600,fixed,1p7b_4e_step29600,qwen_1p7b_4e_step29600_fixed,Qwen 1.7B 4e (step 29600),qwen_1p7b_4e_step29600_fixed,8,25,323,0.7,323,319,4,0.9876160990712074,992,323,669,0.3256048387096774,"{""all_atoms_connected"":0,""bond_angles"":73,""bond_lengths"":14,""bonds"":0,""double_bond_stereochemistry"":0,""energy_ratio"":115,""file_loads"":0,""inchi_convertible"":0,""internal_steric_clash"":338,""molecular_formula"":0,""no_radicals"":0,""planar_aromatic_rings"":0,""planar_double_bonds"":0,""reference_file_loads"":0,""sanitisation"":0,""tetrahedral_chirality"":478}","{""all_atoms_connected"":0.0,""bond_angles"":0.07358870967741936,""bond_lengths"":0.014112903225806451,""bonds"":0.0,""double_bond_stereochemistry"":0.0,""energy_ratio"":0.1159274193548387,""file_loads"":0.0,""inchi_convertible"":0.0,""internal_steric_clash"":0.3407258064516129,""molecular_formula"":0.0,""no_radicals"":0.0,""planar_aromatic_rings"":0.0,""planar_double_bonds"":0.0,""reference_file_loads"":0.0,""sanitisation"":0.0,""tetrahedral_chirality"":0.48185483870967744}",323,100.95437430564297,1.9504494583721097,2.5340694400203874,284.0,87.92569659442725,0.9911405074375901,0.009287925696594427,270.13644762302204,0.003977800994929503,0.8873239436619719,101.0,31.269349845201237,0.9227697771815652,0.04953560371517028,70.71754695402227,0.01929473109106768,0.37623762376237624,7.0,2.1671826625387,0.8426891839027084,0.4024767801857585,5.154125363427535,0.2470549895043564,0.0,2.0,0.6191950464396285,0.4854607607459134,0.8947368421052632,1.4000329297344922,0.8116343490304709,0.0,323,236.89619508203862,81028.34486054713,276.6914628322562,4485.786356504379,1.2622152093340397,2.698572904488916,0.0,0.0,0.0,1.0,1.4597195967130656,2.409652245337577,0.0,0.0,0.0,1.0,992,0,0,0,0,0,992,0,0,0,0,323,1000,1000,core
2zcq_2zcq_conf0,generation,qwen_1p7b_4e_step29600,dynamic,1p7b_4e_step29600,qwen_1p7b_4e_step29600_dynamic,Qwen 1.7B 4e (step 29600),qwen_1p7b_4e_step29600_dynamic,8,25,56,0.7,56,56,0,1.0,156,56,100,0.358974358974359,"{""all_atoms_connected"":0,""bond_angles"":10,""bond_lengths"":3,""bonds"":0,""double_bond_stereochemistry"":0,""energy_ratio"":14,""file_loads"":0,""inchi_convertible"":0,""internal_steric_clash"":45,""molecular_formula"":0,""no_radicals"":0,""planar_aromatic_rings"":0,""planar_double_bonds"":0,""reference_file_loads"":0,""sanitisation"":0,""tetrahedral_chirality"":75}","{""all_atoms_connected"":0.0,""bond_angles"":0.0641025641025641,""bond_lengths"":0.019230769230769232,""bonds"":0.0,""double_bond_stereochemistry"":0.0,""energy_ratio"":0.08974358974358974,""file_loads"":0.0,""inchi_convertible"":0.0,""internal_steric_clash"":0.28846153846153844,""molecular_formula"":0.0,""no_radicals"":0.0,""planar_aromatic_rings"":0.0,""planar_double_bonds"":0.0,""reference_file_loads"":0.0,""sanitisation"":0.0,""tetrahedral_chirality"":0.4807692307692308}",56,97.77045560953337,1.957853186113743,2.4841640344091385,52.0,92.85714285714286,0.993694883076081,0.03571428571428571,50.72052519877877,0.02040816326530612,0.9230769230769231,36.0,64.28571428571429,0.9575909401381361,0.08928571428571429,30.92439236065869,0.03890306122448978,0.6388888888888888,5.0,8.928571428571429,0.8346253893853793,0.42857142857142855,3.831581891250983,0.30420918367346933,0.0,1.0,1.7857142857142858,0.0,1.0,1.0,1.0,0.0,56,243.60309269176884,375.01143565117525,273.8470494031558,30.18652052116053,1.7723585162687947,2.6524067043145565,0.0,0.0,0.0,1.0,1.4597195967130656,2.4226905409540107,0.0,0.0,0.0,1.0,992,0,0,0,0,0,156,0,0,0,0,56,156,156,core
2zcq_2zcq_conf0,generation,qwen_1p7b_4e_step29600,chembl_count,1p7b_4e_step29600,qwen_1p7b_4e_step29600_chembl_count,Qwen 1.7B 4e (step 29600),qwen_1p7b_4e_step29600_chembl_count,8,25,23,0.7,23,23,0,1.0,67,23,44,0.3432835820895522,"{""all_atoms_connected"":0,""bond_angles"":8,""bond_lengths"":1,""bonds"":0,""double_bond_stereochemistry"":0,""energy_ratio"":15,""file_loads"":0,""inchi_convertible"":0,""internal_steric_clash"":30,""molecular_formula"":0,""no_radicals"":0,""planar_aromatic_rings"":0,""planar_double_bonds"":0,""reference_file_loads"":0,""sanitisation"":0,""tetrahedral_chirality"":31}","{""all_atoms_connected"":0.0,""bond_angles"":0.11940298507462686,""bond_lengths"":0.014925373134328358,""bonds"":0.0,""double_bond_stereochemistry"":0.0,""energy_ratio"":0.22388059701492538,""file_loads"":0.0,""inchi_convertible"":0.0,""internal_steric_clash"":0.44776119402985076,""molecular_formula"":0.0,""no_radicals"":0.0,""planar_aromatic_rings"":0.0,""planar_double_bonds"":0.0,""reference_file_loads"":0.0,""sanitisation"":0.0,""tetrahedral_chirality"":0.4626865671641791}",23,97.7164543758239,1.9051308940318994,2.438628989723019,23.0,100.0,1.0,0.043478260869565216,23.0,0.043478260869565195,1.0,15.0,65.21739130434783,0.9396139467220713,0.21739130434782608,12.737134933582631,0.09640831758034028,0.6666666666666666,3.0,13.043478260869565,0.9010904612529801,0.43478260869565216,2.691097368033079,0.3950850661625709,0.0,1.0,4.3478260869565215,0.0,1.0,1.0,1.0,0.0,23,246.85663897731678,346.86855189497504,273.6052617804285,26.10034795152259,1.8609170724165942,2.7859098767150807,0.0,0.0,0.0,1.0,1.5733802254455194,2.4545629202081476,0.0,0.0,0.0,1.0,992,0,0,0,0,0,67,0,0,0,0,23,67,67,core
2zcr_2zcr_conf0,generation,qwen_1p7b_4e_step29600,fixed,1p7b_4e_step29600,qwen_1p7b_4e_step29600_fixed,Qwen 1.7B 4e (step 29600),qwen_1p7b_4e_step29600_fixed,10,28,300,0.7,300,292,8,0.9733333333333334,999,300,699,0.3003003003003003,"{""all_atoms_connected"":0,""bond_angles"":25,""bond_lengths"":16,""bonds"":0,""double_bond_stereochemistry"":0,""energy_ratio"":99,""file_loads"":0,""inchi_convertible"":0,""internal_steric_clash"":382,""molecular_formula"":0,""no_radicals"":0,""planar_aromatic_rings"":2,""planar_double_bonds"":0,""reference_file_loads"":0,""sanitisation"":0,""tetrahedral_chirality"":498}","{""all_atoms_connected"":0.0,""bond_angles"":0.025025025025025027,""bond_lengths"":0.016016016016016016,""bonds"":0.0,""double_bond_stereochemistry"":0.0,""energy_ratio"":0.0990990990990991,""file_loads"":0.0,""inchi_convertible"":0.0,""internal_steric_clash"":0.38238238238238237,""molecular_formula"":0.0,""no_radicals"":0.0,""planar_aromatic_rings"":0.002002002002002002,""planar_double_bonds"":0.0,""reference_file_loads"":0.0,""sanitisation"":0.0,""tetrahedral_chirality"":0.4984984984984985}",300,107.91840718712263,1.8670941592009953,2.356668725539578,270.0,90.0,0.9908076911914205,0.016666666666666666,256.4566220541143,0.004266666666666667,0.9185185185185185,71.0,23.666666666666668,0.9422435109065985,0.04,55.50551877600519,0.021622222222222223,0.16901408450704225,5.0,1.6666666666666667,0.8751177760269119,0.31,4.089602293537074,0.2611555555555556,0.0,1.0,0.3333333333333333,0.0,1.0,1.0,1.0,0.0,300,229.21296958519554,853.944956853242,266.02111787951435,48.7726019744285,1.254514996790548,2.6109785979654685,0.0,0.0,0.0,1.0,3.9242648119758203,4.429676134786745,0.0,0.0,0.0,0.0,999,0,0,0,0,0,999,0,0,0,0,300,1000,1000,core
2zcr_2zcr_conf0,generation,qwen_1p7b_4e_step29600,dynamic,1p7b_4e_step29600,qwen_1p7b_4e_step29600_dynamic,Qwen 1.7B 4e (step 29600),qwen_1p7b_4e_step29600_dynamic,10,28,62,0.7,62,61,1,0.9838709677419355,200,62,138,0.31,"{""all_atoms_connected"":0,""bond_angles"":3,""bond_lengths"":1,""bonds"":0,""double_bond_stereochemistry"":0,""energy_ratio"":23,""file_loads"":0,""inchi_convertible"":0,""internal_steric_clash"":84,""molecular_formula"":0,""no_radicals"":0,""planar_aromatic_rings"":0,""planar_double_bonds"":0,""reference_file_loads"":0,""sanitisation"":0,""tetrahedral_chirality"":99}","{""all_atoms_connected"":0.0,""bond_angles"":0.015,""bond_lengths"":0.005,""bonds"":0.0,""double_bond_stereochemistry"":0.0,""energy_ratio"":0.115,""file_loads"":0.0,""inchi_convertible"":0.0,""internal_steric_clash"":0.42,""molecular_formula"":0.0,""no_radicals"":0.0,""planar_aromatic_rings"":0.0,""planar_double_bonds"":0.0,""reference_file_loads"":0.0,""sanitisation"":0.0,""tetrahedral_chirality"":0.495}",62,107.43019181310326,1.8790929595038188,2.3840174554200764,61.0,98.38709677419355,0.9985163578841351,0.03225806451612903,60.6290892527968,0.01664932362122789,0.9836065573770492,34.0,54.83870967741935,0.9602844450553768,0.06451612903225806,29.556661781612505,0.03850156087408948,0.5,3.0,4.838709677419355,0.9404488222413754,0.5,2.810011660490595,0.37825182101977106,0.0,1.0,1.6129032258064515,0.0,1.0,1.0,1.0,0.0,62,233.36014392457903,374.03509004941236,268.37228727092787,27.16666911362695,1.5262412184527445,2.587322755542302,0.0,0.0,0.0,1.0,3.9242648119758203,4.437931815830381,0.0,0.0,0.0,0.0,999,0,0,0,0,0,200,0,0,0,0,62,200,200,core
2zcr_2zcr_conf0,generation,qwen_1p7b_4e_step29600,chembl_count,1p7b_4e_step29600,qwen_1p7b_4e_step29600_chembl_count,Qwen 1.7B 4e (step 29600),qwen_1p7b_4e_step29600_chembl_count,10,28,15,0.7,15,15,0,1.0,60,15,45,0.25,"{""all_atoms_connected"":0,""bond_angles"":3,""bond_lengths"":0,""bonds"":0,""double_bond_stereochemistry"":0,""energy_ratio"":6,""file_loads"":0,""inchi_convertible"":0,""internal_steric_clash"":29,""molecular_formula"":0,""no_radicals"":0,""planar_aromatic_rings"":0,""planar_double_bonds"":0,""reference_file_loads"":0,""sanitisation"":0,""tetrahedral_chirality"":27}","{""all_atoms_connected"":0.0,""bond_angles"":0.05,""bond_lengths"":0.0,""bonds"":0.0,""double_bond_stereochemistry"":0.0,""energy_ratio"":0.1,""file_loads"":0.0,""inchi_convertible"":0.0,""internal_steric_clash"":0.48333333333333334,""molecular_formula"":0.0,""no_radicals"":0.0,""planar_aromatic_rings"":0.0,""planar_double_bonds"":0.0,""reference_file_loads"":0.0,""sanitisation"":0.0,""tetrahedral_chirality"":0.45}",15,104.74757699450916,1.8243384367461315,2.339693804418107,15.0,100.0,1.0,0.06666666666666667,15.0,0.06666666666666667,1.0,11.0,73.33333333333333,0.9751767440930257,0.13333333333333333,10.364346599758322,0.10222222222222221,0.6363636363636364,3.0,20.0,0.8649735207179272,0.6,2.586409289858933,0.44000000000000006,0.0,1.0,6.666666666666667,0.0,1.0,1.0,1.0,0.0,15,234.62307353535593,304.9677218224465,262.4505094876522,16.50345877839916,1.799768380795843,2.554267104529324,0.0,0.0,0.0,1.0,3.955348133916944,4.432690993840151,0.0,0.0,0.0,0.0,999,0,0,0,0,0,60,0,0,0,0,15,60,60,core
2zy1_2zy1_conf0,generation,qwen_1p7b_4e_step29600,fixed,1p7b_4e_step29600,qwen_1p7b_4e_step29600_fixed,Qwen 1.7B 4e (step 29600),qwen_1p7b_4e_step29600_fixed,8,24,632,0.7,632,624,8,0.9873417721518988,999,632,367,0.6326326326326326,"{""all_atoms_connected"":0,""bond_angles"":13,""bond_lengths"":5,""bonds"":0,""double_bond_stereochemistry"":0,""energy_ratio"":45,""file_loads"":0,""inchi_convertible"":0,""internal_steric_clash"":365,""molecular_formula"":0,""no_radicals"":0,""planar_aromatic_rings"":1,""planar_double_bonds"":0,""reference_file_loads"":0,""sanitisation"":0,""tetrahedral_chirality"":0}","{""all_atoms_connected"":0.0,""bond_angles"":0.013013013013013013,""bond_lengths"":0.005005005005005005,""bonds"":0.0,""double_bond_stereochemistry"":0.0,""energy_ratio"":0.04504504504504504,""file_loads"":0.0,""inchi_convertible"":0.0,""internal_steric_clash"":0.36536536536536535,""molecular_formula"":0.0,""no_radicals"":0.0,""planar_aromatic_rings"":0.001001001001001001,""planar_double_bonds"":0.0,""reference_file_loads"":0.0,""sanitisation"":0.0,""tetrahedral_chirality"":0.0}",632,101.28108251744888,2.2036530666665968,3.142949811556982,557.0,88.13291139240506,0.9911995086916014,0.007911392405063292,526.8540469827261,0.0020729850985419006,0.8976660682226212,155.0,24.525316455696203,0.9248821666863004,0.04588607594936709,106.12036297207243,0.01302375420605672,0.2903225806451613,9.0,1.4240506329113924,0.898487168518464,0.23417721518987342,7.2006988880070795,0.1551333920846018,0.0,2.0,0.31645569620253167,0.8951362064000373,0.6882911392405063,1.8597854612960165,0.5709071062329755,0.0,632,45.701133600005036,276.0089683456216,72.53624097601859,19.69589223936794,0.9458788753665687,3.358650176922668,0.0,0.0,0.0,1.0,0.9873422005988249,3.3845087395899585,0.0,0.0,0.0,1.0,999,0,0,0,0,0,999,0,0,0,0,632,1000,1000,core
2zy1_2zy1_conf0,generation,qwen_1p7b_4e_step29600,dynamic,1p7b_4e_step29600,qwen_1p7b_4e_step29600_dynamic,Qwen 1.7B 4e (step 29600),qwen_1p7b_4e_step29600_dynamic,8,24,102,0.7,102,100,2,0.9803921568627451,156,102,54,0.6538461538461539,"{""all_atoms_connected"":0,""bond_angles"":4,""bond_lengths"":1,""bonds"":0,""double_bond_stereochemistry"":0,""energy_ratio"":5,""file_loads"":0,""inchi_convertible"":0,""internal_steric_clash"":52,""molecular_formula"":0,""no_radicals"":0,""planar_aromatic_rings"":0,""planar_double_bonds"":0,""reference_file_loads"":0,""sanitisation"":0,""tetrahedral_chirality"":0}","{""all_atoms_connected"":0.0,""bond_angles"":0.02564102564102564,""bond_lengths"":0.00641025641025641,""bonds"":0.0,""double_bond_stereochemistry"":0.0,""energy_ratio"":0.03205128205128205,""file_loads"":0.0,""inchi_convertible"":0.0,""internal_steric_clash"":0.3333333333333333,""molecular_formula"":0.0,""no_radicals"":0.0,""planar_aromatic_rings"":0.0,""planar_double_bonds"":0.0,""reference_file_loads"":0.0,""sanitisation"":0.0,""tetrahedral_chirality"":0.0}",102,101.26018904952316,2.251650125897848,3.167931248168107,99.0,97.05882352941177,0.9976234786536965,0.0196078431372549,97.92476205918895,0.01038062283737024,0.9696969696969697,55.0,53.92156862745098,0.9469792212434566,0.06862745098039216,44.47206587923914,0.02768166089965399,0.6181818181818182,5.0,4.901960784313726,0.9702006751978552,0.2549019607843137,4.765858788638698,0.21722414455978467,0.0,2.0,1.9607843137254901,0.9366673818775625,0.6470588235294118,1.914101563056557,0.5432525951557095,0.0,102,51.44471873020098,247.36939957153834,74.09761799178453,29.27148786335253,1.4845454461654233,3.3293669615079655,0.0,0.0,0.0,1.0,1.5069511612645996,3.36738325942054,0.0,0.0,0.0,1.0,999,0,0,0,0,0,156,0,0,0,0,102,156,156,core
2zy1_2zy1_conf0,generation,qwen_1p7b_4e_step29600,chembl_count,1p7b_4e_step29600,qwen_1p7b_4e_step29600_chembl_count,Qwen 1.7B 4e (step 29600),qwen_1p7b_4e_step29600_chembl_count,8,24,63,0.7,63,61,2,0.9682539682539683,94,63,31,0.6702127659574468,"{""all_atoms_connected"":0,""bond_angles"":2,""bond_lengths"":2,""bonds"":0,""double_bond_stereochemistry"":0,""energy_ratio"":6,""file_loads"":0,""inchi_convertible"":0,""internal_steric_clash"":30,""molecular_formula"":0,""no_radicals"":0,""planar_aromatic_rings"":0,""planar_double_bonds"":0,""reference_file_loads"":0,""sanitisation"":0,""tetrahedral_chirality"":0}","{""all_atoms_connected"":0.0,""bond_angles"":0.02127659574468085,""bond_lengths"":0.02127659574468085,""bonds"":0.0,""double_bond_stereochemistry"":0.0,""energy_ratio"":0.06382978723404255,""file_loads"":0.0,""inchi_convertible"":0.0,""internal_steric_clash"":0.3191489361702128,""molecular_formula"":0.0,""no_radicals"":0.0,""planar_aromatic_rings"":0.0,""planar_double_bonds"":0.0,""reference_file_loads"":0.0,""sanitisation"":0.0,""tetrahedral_chirality"":0.0}",63,96.77134800369551,2.1654624113074203,3.025643462219902,60.0,95.23809523809524,0.9937647213784083,0.047619047619047616,58.48762439786935,0.017888636936255975,0.9666666666666667,41.0,65.07936507936508,0.9682051583165266,0.06349206349206349,36.43389893785826,0.0309901738473167,0.6341463414634146,5.0,7.936507936507937,0.890807685409546,0.3968253968253968,4.194187598066349,0.26782564877802967,0.0,2.0,3.1746031746031744,0.9468188316776024,0.6349206349206349,1.9276175371809263,0.5364071554547745,0.0,63,49.3453349499717,276.0089683456216,73.70400293677966,30.771860406147088,1.4845454461654233,3.271283978942308,0.0,0.0,0.0,1.0,1.5184374015982223,3.316940402163826,0.0,0.0,0.0,1.0,999,0,0,0,0,0,94,0,0,0,0,63,94,94,core
3aru_3aru_conf0,generation,qwen_1p7b_4e_step29600,fixed,1p7b_4e_step29600,qwen_1p7b_4e_step29600_fixed,Qwen 1.7B 4e (step 29600),qwen_1p7b_4e_step29600_fixed,5,20,960,0.7,960,958,2,0.9979166666666667,1000,960,40,0.96,"{""all_atoms_connected"":0,""bond_angles"":2,""bond_lengths"":2,""bonds"":0,""double_bond_stereochemistry"":0,""energy_ratio"":1,""file_loads"":0,""inchi_convertible"":0,""internal_steric_clash"":39,""molecular_formula"":0,""no_radicals"":0,""planar_aromatic_rings"":0,""planar_double_bonds"":0,""reference_file_loads"":0,""sanitisation"":0,""tetrahedral_chirality"":0}","{""all_atoms_connected"":0.0,""bond_angles"":0.002,""bond_lengths"":0.002,""bonds"":0.0,""double_bond_stereochemistry"":0.0,""energy_ratio"":0.001,""file_loads"":0.0,""inchi_convertible"":0.0,""internal_steric_clash"":0.039,""molecular_formula"":0.0,""no_radicals"":0.0,""planar_aromatic_rings"":0.0,""planar_double_bonds"":0.0,""reference_file_loads"":0.0,""sanitisation"":0.0,""tetrahedral_chirality"":0.0}",960,99.65823975639576,1.7144479247159026,2.3870108875279747,213.0,22.1875,0.8997082002138329,0.04583333333333333,124.41198588615872,0.01206814236111111,0.40375586854460094,21.0,2.1875,0.9093735290984233,0.12604166666666666,15.936436855884693,0.07118706597222223,0.047619047619047616,3.0,0.3125,0.9661368506739219,0.40729166666666666,2.890443113048657,0.35630859375,0.0,1.0,0.10416666666666667,0.0,1.0,1.0,1.0,0.0,960,-120.44861601149428,-46.92566140165593,-106.46028844347558,6.7201738554888335,0.880478465981643,1.938305559972292,0.0,0.0,0.0,1.0,0.8536492948491492,1.924461178804848,0.0,0.0,0.0,1.0,1000,0,0,0,0,0,1000,0,0,0,0,960,1000,1000,core
3aru_3aru_conf0,generation,qwen_1p7b_4e_step29600,dynamic,1p7b_4e_step29600,qwen_1p7b_4e_step29600_dynamic,Qwen 1.7B 4e (step 29600),qwen_1p7b_4e_step29600_dynamic,5,20,87,0.7,87,87,0,1.0,90,87,3,0.9666666666666668,"{""all_atoms_connected"":0,""bond_angles"":0,""bond_lengths"":0,""bonds"":0,""double_bond_stereochemistry"":0,""energy_ratio"":0,""file_loads"":0,""inchi_convertible"":0,""internal_steric_clash"":3,""molecular_formula"":0,""no_radicals"":0,""planar_aromatic_rings"":0,""planar_double_bonds"":0,""reference_file_loads"":0,""sanitisation"":0,""tetrahedral_chirality"":0}","{""all_atoms_connected"":0.0,""bond_angles"":0.0,""bond_lengths"":0.0,""bonds"":0.0,""double_bond_stereochemistry"":0.0,""energy_ratio"":0.0,""file_loads"":0.0,""inchi_convertible"":0.0,""internal_steric_clash"":0.03333333333333333,""molecular_formula"":0.0,""no_radicals"":0.0,""planar_aromatic_rings"":0.0,""planar_double_bonds"":0.0,""reference_file_loads"":0.0,""sanitisation"":0.0,""tetrahedral_chirality"":0.0}",87,95.85660636185901,1.7401563577725034,2.4685886476643835,51.0,58.62068965517241,0.9458693572711456,0.06896551724137931,41.22287761360556,0.03025498744880434,0.6862745098039216,15.0,17.24137931034483,0.9295681236283204,0.14942528735632185,12.395297218839994,0.090764962346413,0.13333333333333333,3.0,3.4482758620689653,0.9545747457626804,0.4367816091954023,2.8539601216005264,0.36424891002774484,0.0,1.0,1.1494252873563218,0.0,1.0,1.0,1.0,0.0,87,-117.90873665953274,-82.27554523853345,-105.41711462719788,6.931717556025525,0.9708851215839687,1.981239343098377,0.0,0.0,0.0,1.0,0.8870257844827811,1.9458095779466895,0.0,0.0,0.0,1.0,1000,0,0,0,0,0,90,0,0,0,0,87,90,90,core
3aru_3aru_conf0,generation,qwen_1p7b_4e_step29600,chembl_count,1p7b_4e_step29600,qwen_1p7b_4e_step29600_chembl_count,Qwen 1.7B 4e (step 29600),qwen_1p7b_4e_step29600_chembl_count,5,20,119,0.7,119,119,0,1.0,124,119,5,0.9596774193548387,"{""all_atoms_connected"":0,""bond_angles"":0,""bond_lengths"":0,""bonds"":0,""double_bond_stereochemistry"":0,""energy_ratio"":0,""file_loads"":0,""inchi_convertible"":0,""internal_steric_clash"":5,""molecular_formula"":0,""no_radicals"":0,""planar_aromatic_rings"":0,""planar_double_bonds"":0,""reference_file_loads"":0,""sanitisation"":0,""tetrahedral_chirality"":0}","{""all_atoms_connected"":0.0,""bond_angles"":0.0,""bond_lengths"":0.0,""bonds"":0.0,""double_bond_stereochemistry"":0.0,""energy_ratio"":0.0,""file_loads"":0.0,""inchi_convertible"":0.0,""internal_steric_clash"":0.04032258064516129,""molecular_formula"":0.0,""no_radicals"":0.0,""planar_aromatic_rings"":0.0,""planar_double_bonds"":0.0,""reference_file_loads"":0.0,""sanitisation"":0.0,""tetrahedral_chirality"":0.0}",119,99.83075748543628,1.7296149561806464,2.4080581644432963,70.0,58.8235294117647,0.9642714174994488,0.04201680672268908,60.1416449555513,0.019278299555116167,0.6,16.0,13.445378151260504,0.9082614900139343,0.11764705882352941,12.406686536099922,0.08961231551444107,0.1875,3.0,2.5210084033613445,0.9858829032653388,0.40336134453781514,2.9538312977593035,0.3435491843796342,0.0,1.0,0.8403361344537815,0.0,1.0,1.0,1.0,0.0,119,-117.65850901905829,-73.32649302537985,-106.76120922784048,6.77549143922349,0.8902283326970664,1.8669439021985474,0.0,0.0,0.0,1.0,0.8536492948491492,1.887366157481351,0.0,0.0,0.0,1.0,1000,0,0,0,0,0,124,0,0,0,0,119,124,124,core
3ary_3ary_conf0,generation,qwen_1p7b_4e_step29600,fixed,1p7b_4e_step29600,qwen_1p7b_4e_step29600_fixed,Qwen 1.7B 4e (step 29600),qwen_1p7b_4e_step29600_fixed,2,17,768,0.7,768,762,6,0.9921875,976,768,208,0.7868852459016393,"{""all_atoms_connected"":0,""bond_angles"":117,""bond_lengths"":37,""bonds"":0,""double_bond_stereochemistry"":0,""energy_ratio"":37,""file_loads"":0,""inchi_convertible"":0,""internal_steric_clash"":187,""molecular_formula"":0,""no_radicals"":0,""planar_aromatic_rings"":2,""planar_double_bonds"":0,""reference_file_loads"":0,""sanitisation"":0,""tetrahedral_chirality"":0}","{""all_atoms_connected"":0.0,""bond_angles"":0.11987704918032786,""bond_lengths"":0.03790983606557377,""bonds"":0.0,""double_bond_stereochemistry"":0.0,""energy_ratio"":0.03790983606557377,""file_loads"":0.0,""inchi_convertible"":0.0,""internal_steric_clash"":0.1915983606557377,""molecular_formula"":0.0,""no_radicals"":0.0,""planar_aromatic_rings"":0.0020491803278688526,""planar_double_bonds"":0.0,""reference_file_loads"":0.0,""sanitisation"":0.0,""tetrahedral_chirality"":0.0}",768,99.22946800765473,0.7121489919730378,1.026161192955495,26.0,3.3854166666666665,0.7038454867307228,0.23177083333333334,9.906553854527763,0.1389736599392361,0.34615384615384615,4.0,0.5208333333333334,0.6910898129120796,0.5690104166666666,2.6066188211612267,0.43305799696180547,0.0,1.0,0.13020833333333334,0.0,1.0,1.0,1.0,0.0,1.0,0.13020833333333334,0.0,1.0,1.0,1.0,0.0,768,78.35252760339189,19660.701255680167,113.77491780954571,708.2551542093952,0.3731817788898393,1.1835147167139468,0.0,1.0,1.0,1.0,0.21167162984798796,1.0210551562296701,1.0,1.0,1.0,1.0,976,0,0,0,0,0,976,0,0,0,0,768,1000,1000,core
3ary_3ary_conf0,generation,qwen_1p7b_4e_step29600,dynamic,1p7b_4e_step29600,qwen_1p7b_4e_step29600_dynamic,Qwen 1.7B 4e (step 29600),qwen_1p7b_4e_step29600_dynamic,2,17,19,0.7,19,19,0,1.0,24,19,5,0.7916666666666666,"{""all_atoms_connected"":0,""bond_angles"":1,""bond_lengths"":0,""bonds"":0,""double_bond_stereochemistry"":0,""energy_ratio"":0,""file_loads"":0,""inchi_convertible"":0,""internal_steric_clash"":4,""molecular_formula"":0,""no_radicals"":0,""planar_aromatic_rings"":0,""planar_double_bonds"":0,""reference_file_loads"":0,""sanitisation"":0,""tetrahedral_chirality"":0}","{""all_atoms_connected"":0.0,""bond_angles"":0.041666666666666664,""bond_lengths"":0.0,""bonds"":0.0,""double_bond_stereochemistry"":0.0,""energy_ratio"":0.0,""file_loads"":0.0,""inchi_convertible"":0.0,""internal_steric_clash"":0.16666666666666666,""molecular_formula"":0.0,""no_radicals"":0.0,""planar_aromatic_rings"":0.0,""planar_double_bonds"":0.0,""reference_file_loads"":0.0,""sanitisation"":0.0,""tetrahedral_chirality"":0.0}",19,102.2031610740913,0.7593178547362788,1.0612962912212511,6.0,31.57894736842105,0.9556523696188501,0.3157894736842105,5.5416881943156655,0.19667590027700832,0.0,2.0,10.526315789473685,0.9494520153879485,0.631578947368421,1.9311390062938603,0.5346260387811634,0.0,1.0,5.2631578947368425,0.0,1.0,1.0,1.0,0.0,1.0,5.2631578947368425,0.0,1.0,1.0,1.0,0.0,19,92.0882669608505,189.22020162260117,121.63891747005388,28.556953015677816,0.8701077443810407,1.1787838596926097,0.0,0.0,0.0,1.0,0.6052271126049422,1.0184802121781174,0.0,0.0,1.0,1.0,976,0,0,0,0,0,24,0,0,0,0,19,24,24,core
3ary_3ary_conf0,generation,qwen_1p7b_4e_step29600,chembl_count,1p7b_4e_step29600,qwen_1p7b_4e_step29600_chembl_count,Qwen 1.7B 4e (step 29600),qwen_1p7b_4e_step29600_chembl_count,2,17,1,0.7,1,1,0,1.0,3,1,2,0.3333333333333333,"{""all_atoms_connected"":0,""bond_angles"":1,""bond_lengths"":0,""bonds"":0,""double_bond_stereochemistry"":0,""energy_ratio"":0,""file_loads"":0,""inchi_convertible"":0,""internal_steric_clash"":2,""molecular_formula"":0,""no_radicals"":0,""planar_aromatic_rings"":0,""planar_double_bonds"":0,""reference_file_loads"":0,""sanitisation"":0,""tetrahedral_chirality"":0}","{""all_atoms_connected"":0.0,""bond_angles"":0.3333333333333333,""bond_lengths"":0.0,""bonds"":0.0,""double_bond_stereochemistry"":0.0,""energy_ratio"":0.0,""file_loads"":0.0,""inchi_convertible"":0.0,""internal_steric_clash"":0.6666666666666666,""molecular_formula"":0.0,""no_radicals"":0.0,""planar_aromatic_rings"":0.0,""planar_double_bonds"":0.0,""reference_file_loads"":0.0,""sanitisation"":0.0,""tetrahedral_chirality"":0.0}",1,0.0,,,1.0,100.0,0.0,1.0,1.0,1.0,1.0,1.0,100.0,0.0,1.0,1.0,1.0,1.0,1.0,100.0,0.0,1.0,1.0,1.0,1.0,1.0,100.0,0.0,1.0,1.0,1.0,1.0,1,131.91899276507513,131.91899276507513,131.91899276507513,0.0,0.8753319530287148,0.8753319530287148,0.0,0.0,0.0,1.0,0.6266756214011227,0.6266756214011227,0.0,0.0,1.0,1.0,976,0,0,0,0,0,3,0,0,0,0,1,3,3,core
3b27_3b27_conf0,generation,qwen_1p7b_4e_step29600,fixed,1p7b_4e_step29600,qwen_1p7b_4e_step29600_fixed,Qwen 1.7B 4e (step 29600),qwen_1p7b_4e_step29600_fixed,3,16,982,0.7,982,982,0,1.0,995,982,13,0.9869346733668342,"{""all_atoms_connected"":0,""bond_angles"":10,""bond_lengths"":8,""bonds"":0,""double_bond_stereochemistry"":0,""energy_ratio"":9,""file_loads"":0,""inchi_convertible"":0,""internal_steric_clash"":11,""molecular_formula"":0,""no_radicals"":0,""planar_aromatic_rings"":7,""planar_double_bonds"":0,""reference_file_loads"":0,""sanitisation"":0,""tetrahedral_chirality"":0}","{""all_atoms_connected"":0.0,""bond_angles"":0.010050251256281407,""bond_lengths"":0.008040201005025126,""bonds"":0.0,""double_bond_stereochemistry"":0.0,""energy_ratio"":0.009045226130653266,""file_loads"":0.0,""inchi_convertible"":0.0,""internal_steric_clash"":0.011055276381909548,""molecular_formula"":0.0,""no_radicals"":0.0,""planar_aromatic_rings"":0.007035175879396985,""planar_double_bonds"":0.0,""reference_file_loads"":0.0,""sanitisation"":0.0,""tetrahedral_chirality"":0.0}",982,105.95567898874799,1.0146386512414214,1.8694733396687553,17.0,1.7311608961303462,0.7623674567052386,0.26476578411405294,8.670701089911901,0.14678469062265379,0.11764705882352941,5.0,0.5091649694501018,0.5619416390849569,0.6934826883910387,2.470474354403823,0.5256137978521742,0.0,1.0,0.10183299389002037,0.0,1.0,1.0,1.0,0.0,1.0,0.10183299389002037,0.0,1.0,1.0,1.0,0.0,982,-100.42095351432799,21.21163126750528,-91.50917518900751,7.0216005457845645,0.19860603900976745,1.4999043103800884,1.0,1.0,1.0,1.0,0.19936374489194122,1.4888478804820355,1.0,1.0,1.0,1.0,995,0,0,0,0,0,995,0,0,0,0,982,1000,1000,core
3b27_3b27_conf0,generation,qwen_1p7b_4e_step29600,dynamic,1p7b_4e_step29600,qwen_1p7b_4e_step29600_dynamic,Qwen 1.7B 4e (step 29600),qwen_1p7b_4e_step29600_dynamic,3,16,46,0.7,46,46,0,1.0,46,46,0,1.0,"{""all_atoms_connected"":0,""bond_angles"":0,""bond_lengths"":0,""bonds"":0,""double_bond_stereochemistry"":0,""energy_ratio"":0,""file_loads"":0,""inchi_convertible"":0,""internal_steric_clash"":0,""molecular_formula"":0,""no_radicals"":0,""planar_aromatic_rings"":0,""planar_double_bonds"":0,""reference_file_loads"":0,""sanitisation"":0,""tetrahedral_chirality"":0}","{""all_atoms_connected"":0.0,""bond_angles"":0.0,""bond_lengths"":0.0,""bonds"":0.0,""double_bond_stereochemistry"":0.0,""energy_ratio"":0.0,""file_loads"":0.0,""inchi_convertible"":0.0,""internal_steric_clash"":0.0,""molecular_formula"":0.0,""no_radicals"":0.0,""planar_aromatic_rings"":0.0,""planar_double_bonds"":0.0,""reference_file_loads"":0.0,""sanitisation"":0.0,""tetrahedral_chirality"":0.0}",46,107.27146865601938,1.066752565976889,1.8571538854884648,10.0,21.73913043478261,0.8898100882608729,0.2608695652173913,7.759077473329776,0.15784499054820414,0.0,5.0,10.869565217391305,0.8722474584489482,0.4782608695652174,4.070753545583404,0.29962192816635164,0.0,1.0,2.1739130434782608,0.0,1.0,1.0,1.0,0.0,1.0,2.1739130434782608,0.0,1.0,1.0,1.0,0.0,46,-99.34410714086847,-76.614905421028,-90.38177664243835,4.728996851592048,0.5634520477362214,1.3633267031100362,0.0,0.0,1.0,1.0,0.5500973076918372,1.3516066611496829,0.0,0.0,1.0,1.0,995,0,0,0,0,0,46,0,0,0,0,46,46,46,core
3b27_3b27_conf0,generation,qwen_1p7b_4e_step29600,chembl_count,1p7b_4e_step29600,qwen_1p7b_4e_step29600_chembl_count,Qwen 1.7B 4e (step 29600),qwen_1p7b_4e_step29600_chembl_count,3,16,9,0.7,9,9,0,1.0,9,9,0,1.0,"{""all_atoms_connected"":0,""bond_angles"":0,""bond_lengths"":0,""bonds"":0,""double_bond_stereochemistry"":0,""energy_ratio"":0,""file_loads"":0,""inchi_convertible"":0,""internal_steric_clash"":0,""molecular_formula"":0,""no_radicals"":0,""planar_aromatic_rings"":0,""planar_double_bonds"":0,""reference_file_loads"":0,""sanitisation"":0,""tetrahedral_chirality"":0}","{""all_atoms_connected"":0.0,""bond_angles"":0.0,""bond_lengths"":0.0,""bonds"":0.0,""double_bond_stereochemistry"":0.0,""energy_ratio"":0.0,""file_loads"":0.0,""inchi_convertible"":0.0,""internal_steric_clash"":0.0,""molecular_formula"":0.0,""no_radicals"":0.0,""planar_aromatic_rings"":0.0,""planar_double_bonds"":0.0,""reference_file_loads"":0.0,""sanitisation"":0.0,""tetrahedral_chirality"":0.0}",9,84.59399006858845,1.0640002878340207,1.9204709145768641,4.0,44.44444444444444,0.9182958340544894,0.4444444444444444,3.5716523669284483,0.30864197530864196,0.25,2.0,22.22222222222222,0.7642045065086203,0.7777777777777778,1.6984332340231805,0.654320987654321,0.0,1.0,11.11111111111111,0.0,1.0,1.0,1.0,0.0,1.0,11.11111111111111,0.0,1.0,1.0,1.0,0.0,9,-96.67579153021809,-87.04620602451297,-90.91775197143066,3.3667967617770906,0.7532383798237957,1.6171545286455336,0.0,0.0,0.0,1.0,0.7601202557075836,1.6151803136133334,0.0,0.0,0.0,1.0,995,0,0,0,0,0,9,0,0,0,0,9,9,9,core
3b5r_3b5r_conf0,generation,qwen_1p7b_4e_step29600,fixed,1p7b_4e_step29600,qwen_1p7b_4e_step29600_fixed,Qwen 1.7B 4e (step 29600),qwen_1p7b_4e_step29600_fixed,6,28,515,0.7,515,515,0,1.0,1000,515,485,0.515,"{""all_atoms_connected"":0,""bond_angles"":9,""bond_lengths"":4,""bonds"":0,""double_bond_stereochemistry"":0,""energy_ratio"":5,""file_loads"":0,""inchi_convertible"":0,""internal_steric_clash"":16,""molecular_formula"":0,""no_radicals"":0,""planar_aromatic_rings"":0,""planar_double_bonds"":0,""reference_file_loads"":0,""sanitisation"":0,""tetrahedral_chirality"":475}","{""all_atoms_connected"":0.0,""bond_angles"":0.009,""bond_lengths"":0.004,""bonds"":0.0,""double_bond_stereochemistry"":0.0,""energy_ratio"":0.005,""file_loads"":0.0,""inchi_convertible"":0.0,""internal_steric_clash"":0.016,""molecular_formula"":0.0,""no_radicals"":0.0,""planar_aromatic_rings"":0.0,""planar_double_bonds"":0.0,""reference_file_loads"":0.0,""sanitisation"":0.0,""tetrahedral_chirality"":0.475}",515,98.8843555320526,1.3116645979536998,2.323068034424334,101.0,19.611650485436893,0.7265246854104774,0.21165048543689322,28.588341121821504,0.08532001131115093,0.5148514851485149,31.0,6.019417475728155,0.5273687380344698,0.545631067961165,6.11642330538772,0.33424073899519274,0.2903225806451613,4.0,0.7766990291262136,0.503025930532943,0.7669902912621359,2.0084072821030428,0.6187915920444905,0.25,2.0,0.3883495145631068,0.02029072248678779,0.9980582524271845,1.0141638268739654,0.996124045621642,0.5,515,73.35093139507272,146.12622709640272,91.28656933006738,10.261223447137276,0.925828386758687,2.814414435699179,0.0,0.0,0.0,1.0,0.8105854018507849,2.7612749981791,0.0,0.0,0.0,1.0,1000,0,0,0,0,0,1000,0,0,0,0,515,1000,1000,core
3b5r_3b5r_conf0,generation,qwen_1p7b_4e_step29600,dynamic,1p7b_4e_step29600,qwen_1p7b_4e_step29600_dynamic,Qwen 1.7B 4e (step 29600),qwen_1p7b_4e_step29600_dynamic,6,28,58,0.7,58,58,0,1.0,112,58,54,0.5178571428571429,"{""all_atoms_connected"":0,""bond_angles"":1,""bond_lengths"":0,""bonds"":0,""double_bond_stereochemistry"":0,""energy_ratio"":1,""file_loads"":0,""inchi_convertible"":0,""internal_steric_clash"":1,""molecular_formula"":0,""no_radicals"":0,""planar_aromatic_rings"":0,""planar_double_bonds"":0,""reference_file_loads"":0,""sanitisation"":0,""tetrahedral_chirality"":53}","{""all_atoms_connected"":0.0,""bond_angles"":0.008928571428571428,""bond_lengths"":0.0,""bonds"":0.0,""double_bond_stereochemistry"":0.0,""energy_ratio"":0.008928571428571428,""file_loads"":0.0,""inchi_convertible"":0.0,""internal_steric_clash"":0.008928571428571428,""molecular_formula"":0.0,""no_radicals"":0.0,""planar_aromatic_rings"":0.0,""planar_double_bonds"":0.0,""reference_file_loads"":0.0,""sanitisation"":0.0,""tetrahedral_chirality"":0.4732142857142857}",58,93.81460734743474,1.370929927033277,2.3256382264875586,24.0,41.37931034482759,0.7840649311428625,0.3620689655172414,12.083012706669532,0.16230677764565996,0.7083333333333334,12.0,20.689655172413794,0.6895783301735875,0.4827586206896552,5.548556357729981,0.28834720570749117,0.4166666666666667,3.0,5.172413793103448,0.9065700198145129,0.46551724137931033,2.7073463927565684,0.3929845422116528,0.0,1.0,1.7241379310344827,0.0,1.0,1.0,1.0,0.0,58,74.1189045666899,119.75432268291719,90.34363516571025,9.228994505198248,1.309757263604958,2.7343160752312867,0.0,0.0,0.0,1.0,1.2608409932665319,2.6820075970431674,0.0,0.0,0.0,1.0,1000,0,0,0,0,0,112,0,0,0,0,58,112,112,core
3b5r_3b5r_conf0,generation,qwen_1p7b_4e_step29600,chembl_count,1p7b_4e_step29600,qwen_1p7b_4e_step29600_chembl_count,Qwen 1.7B 4e (step 29600),qwen_1p7b_4e_step29600_chembl_count,6,28,108,0.7,108,108,0,1.0,200,108,92,0.54,"{""all_atoms_connected"":0,""bond_angles"":1,""bond_lengths"":0,""bonds"":0,""double_bond_stereochemistry"":0,""energy_ratio"":0,""file_loads"":0,""inchi_convertible"":0,""internal_steric_clash"":2,""molecular_formula"":0,""no_radicals"":0,""planar_aromatic_rings"":0,""planar_double_bonds"":0,""reference_file_loads"":0,""sanitisation"":0,""tetrahedral_chirality"":91}","{""all_atoms_connected"":0.0,""bond_angles"":0.005,""bond_lengths"":0.0,""bonds"":0.0,""double_bond_stereochemistry"":0.0,""energy_ratio"":0.0,""file_loads"":0.0,""inchi_convertible"":0.0,""internal_steric_clash"":0.01,""molecular_formula"":0.0,""no_radicals"":0.0,""planar_aromatic_rings"":0.0,""planar_double_bonds"":0.0,""reference_file_loads"":0.0,""sanitisation"":0.0,""tetrahedral_chirality"":0.455}",108,98.92804085798835,1.3302234455093656,2.3021436814548406,36.0,33.333333333333336,0.7294698502062751,0.4166666666666667,13.65449843813847,0.18930041152263374,0.6388888888888888,16.0,14.814814814814815,0.5963229948261208,0.5555555555555556,5.224496399145884,0.3432784636488341,0.5,3.0,2.7777777777777777,0.5878761024896314,0.7962962962962963,1.9076038208646104,0.6550068587105624,0.0,1.0,0.9259259259259259,0.0,1.0,1.0,1.0,0.0,108,74.1189045666899,146.12622709640272,91.75955432854829,11.339023917138805,1.241692448465929,2.8396975067544514,0.0,0.0,0.0,1.0,1.1687504701245393,2.7817279163665383,0.0,0.0,0.0,1.0,1000,0,0,0,0,0,200,0,0,0,0,108,200,200,core
3b65_3b65_conf0,generation,qwen_1p7b_4e_step29600,fixed,1p7b_4e_step29600,qwen_1p7b_4e_step29600_fixed,Qwen 1.7B 4e (step 29600),qwen_1p7b_4e_step29600_fixed,6,25,539,0.7,539,538,1,0.9981447124304267,1000,539,461,0.539,"{""all_atoms_connected"":0,""bond_angles"":8,""bond_lengths"":1,""bonds"":0,""double_bond_stereochemistry"":0,""energy_ratio"":5,""file_loads"":0,""inchi_convertible"":0,""internal_steric_clash"":45,""molecular_formula"":0,""no_radicals"":0,""planar_aromatic_rings"":1,""planar_double_bonds"":0,""reference_file_loads"":0,""sanitisation"":0,""tetrahedral_chirality"":443}","{""all_atoms_connected"":0.0,""bond_angles"":0.008,""bond_lengths"":0.001,""bonds"":0.0,""double_bond_stereochemistry"":0.0,""energy_ratio"":0.005,""file_loads"":0.0,""inchi_convertible"":0.0,""internal_steric_clash"":0.045,""molecular_formula"":0.0,""no_radicals"":0.0,""planar_aromatic_rings"":0.001,""planar_double_bonds"":0.0,""reference_file_loads"":0.0,""sanitisation"":0.0,""tetrahedral_chirality"":0.443}",539,99.21851858280154,1.0480820419694883,1.7062123468591766,65.0,12.059369202226344,0.7453637624392674,0.16883116883116883,22.453286632739516,0.07925416751284761,0.38461538461538464,16.0,2.968460111317254,0.41496502340370006,0.7198515769944341,3.159858803023631,0.5336240753680457,0.125,3.0,0.5565862708719852,0.08257397588617037,0.9833024118738405,1.0949588521670166,0.9671073691746896,0.3333333333333333,2.0,0.37105751391465674,0.0631648978371948,0.9925788497217068,1.044755169958502,0.9852678463863198,0.0,539,80.80104833685007,216.60018969759872,99.04826411247262,13.621752930761655,1.5171681528432261,2.65165262824179,0.0,0.0,0.0,1.0,1.5074191386654106,2.6771106885560076,0.0,0.0,0.0,1.0,1000,0,0,0,0,0,1000,0,0,0,0,539,1000,1000,core
3b65_3b65_conf0,generation,qwen_1p7b_4e_step29600,dynamic,1p7b_4e_step29600,qwen_1p7b_4e_step29600_dynamic,Qwen 1.7B 4e (step 29600),qwen_1p7b_4e_step29600_dynamic,6,25,64,0.7,64,64,0,1.0,112,64,48,0.5714285714285714,"{""all_atoms_connected"":0,""bond_angles"":0,""bond_lengths"":0,""bonds"":0,""double_bond_stereochemistry"":0,""energy_ratio"":0,""file_loads"":0,""inchi_convertible"":0,""internal_steric_clash"":4,""molecular_formula"":0,""no_radicals"":0,""planar_aromatic_rings"":0,""planar_double_bonds"":0,""reference_file_loads"":0,""sanitisation"":0,""tetrahedral_chirality"":47}","{""all_atoms_connected"":0.0,""bond_angles"":0.0,""bond_lengths"":0.0,""bonds"":0.0,""double_bond_stereochemistry"":0.0,""energy_ratio"":0.0,""file_loads"":0.0,""inchi_convertible"":0.0,""internal_steric_clash"":0.03571428571428571,""molecular_formula"":0.0,""no_radicals"":0.0,""planar_aromatic_rings"":0.0,""planar_double_bonds"":0.0,""reference_file_loads"":0.0,""sanitisation"":0.0,""tetrahedral_chirality"":0.41964285714285715}",64,100.16279941760223,1.012061466769402,1.7265066500239594,22.0,34.375,0.7902071234216769,0.34375,11.502492665951642,0.1552734375,0.6363636363636364,6.0,9.375,0.5778945397518608,0.703125,2.816367724671124,0.517578125,0.16666666666666666,2.0,3.125,0.5858732928619206,0.859375,1.500947268486666,0.75830078125,0.0,1.0,1.5625,0.0,1.0,1.0,1.0,0.0,64,84.59966579507837,143.50084026681373,98.39593580025615,11.222242668437918,1.5990715911480344,2.6682009425753748,0.0,0.0,0.0,1.0,1.6328194521347368,2.683352376924626,0.0,0.0,0.0,1.0,1000,0,0,0,0,0,112,0,0,0,0,64,112,112,core
3b65_3b65_conf0,generation,qwen_1p7b_4e_step29600,chembl_count,1p7b_4e_step29600,qwen_1p7b_4e_step29600_chembl_count,Qwen 1.7B 4e (step 29600),qwen_1p7b_4e_step29600_chembl_count,6,25,106,0.7,106,106,0,1.0,200,106,94,0.53,"{""all_atoms_connected"":0,""bond_angles"":3,""bond_lengths"":0,""bonds"":0,""double_bond_stereochemistry"":0,""energy_ratio"":2,""file_loads"":0,""inchi_convertible"":0,""internal_steric_clash"":7,""molecular_formula"":0,""no_radicals"":0,""planar_aromatic_rings"":0,""planar_double_bonds"":0,""reference_file_loads"":0,""sanitisation"":0,""tetrahedral_chirality"":92}","{""all_atoms_connected"":0.0,""bond_angles"":0.015,""bond_lengths"":0.0,""bonds"":0.0,""double_bond_stereochemistry"":0.0,""energy_ratio"":0.01,""file_loads"":0.0,""inchi_convertible"":0.0,""internal_steric_clash"":0.035,""molecular_formula"":0.0,""no_radicals"":0.0,""planar_aromatic_rings"":0.0,""planar_double_bonds"":0.0,""reference_file_loads"":0.0,""sanitisation"":0.0,""tetrahedral_chirality"":0.46}",106,97.67051700793313,0.9896606002953682,1.675075908018357,27.0,25.471698113207548,0.7769511530227228,0.3018867924528302,12.944930615158892,0.1388394446422214,0.4444444444444444,7.0,6.60377358490566,0.5126979808261357,0.7169811320754716,2.7119398870480724,0.5361338554645781,0.42857142857142855,3.0,2.830188679245283,0.09710269313021809,0.9811320754716981,1.1125761831344334,0.9627981488074048,0.6666666666666666,2.0,1.8867924528301887,0.07701687574298335,0.9905660377358491,1.0548346557910235,0.981310074759701,0.5,106,83.23482031063499,170.40464996800995,99.73840291305267,13.751337220964876,1.5918532459785417,2.679767094952083,0.0,0.0,0.0,1.0,1.5819364837547787,2.7052006309322403,0.0,0.0,0.0,1.0,1000,0,0,0,0,0,200,0,0,0,0,106,200,200,core
3bgz_3bgz_conf0,generation,qwen_1p7b_4e_step29600,fixed,1p7b_4e_step29600,qwen_1p7b_4e_step29600_fixed,Qwen 1.7B 4e (step 29600),qwen_1p7b_4e_step29600_fixed,3,24,928,0.7,928,926,2,0.9978448275862069,997,928,69,0.9307923771313942,"{""all_atoms_connected"":0,""bond_angles"":38,""bond_lengths"":14,""bonds"":0,""double_bond_stereochemistry"":0,""energy_ratio"":31,""file_loads"":0,""inchi_convertible"":0,""internal_steric_clash"":64,""molecular_formula"":0,""no_radicals"":0,""planar_aromatic_rings"":8,""planar_double_bonds"":0,""reference_file_loads"":0,""sanitisation"":0,""tetrahedral_chirality"":0}","{""all_atoms_connected"":0.0,""bond_angles"":0.03811434302908726,""bond_lengths"":0.014042126379137413,""bonds"":0.0,""double_bond_stereochemistry"":0.0,""energy_ratio"":0.031093279839518557,""file_loads"":0.0,""inchi_convertible"":0.0,""internal_steric_clash"":0.0641925777331996,""molecular_formula"":0.0,""no_radicals"":0.0,""planar_aromatic_rings"":0.00802407221664995,""planar_double_bonds"":0.0,""reference_file_loads"":0.0,""sanitisation"":0.0,""tetrahedral_chirality"":0.0}",928,107.92110867917198,0.6133866424559062,0.9201909681859293,12.0,1.293103448275862,0.7374438537344931,0.32112068965517243,6.2493604842320485,0.20280915576694414,0.16666666666666666,3.0,0.3232758620689655,0.3889957649240734,0.8836206896551724,1.5331976588991814,0.7890090851664685,0.0,1.0,0.10775862068965517,0.0,1.0,1.0,1.0,0.0,1.0,0.10775862068965517,0.0,1.0,1.0,1.0,0.0,928,71.91811089012194,761.2363270630633,90.18565927121332,26.743365755305987,0.10510091072336042,0.7134126522965895,1.0,1.0,1.0,1.0,0.16251071656629434,0.7295787668736344,1.0,1.0,1.0,1.0,997,0,0,0,0,0,997,0,0,0,0,928,1000,1000,core
3bgz_3bgz_conf0,generation,qwen_1p7b_4e_step29600,dynamic,1p7b_4e_step29600,qwen_1p7b_4e_step29600_dynamic,Qwen 1.7B 4e (step 29600),qwen_1p7b_4e_step29600_dynamic,3,24,42,0.7,42,42,0,1.0,46,42,4,0.9130434782608696,"{""all_atoms_connected"":0,""bond_angles"":3,""bond_lengths"":0,""bonds"":0,""double_bond_stereochemistry"":0,""energy_ratio"":3,""file_loads"":0,""inchi_convertible"":0,""internal_steric_clash"":4,""molecular_formula"":0,""no_radicals"":0,""planar_aromatic_rings"":0,""planar_double_bonds"":0,""reference_file_loads"":0,""sanitisation"":0,""tetrahedral_chirality"":0}","{""all_atoms_connected"":0.0,""bond_angles"":0.06521739130434782,""bond_lengths"":0.0,""bonds"":0.0,""double_bond_stereochemistry"":0.0,""energy_ratio"":0.06521739130434782,""file_loads"":0.0,""inchi_convertible"":0.0,""internal_steric_clash"":0.08695652173913043,""molecular_formula"":0.0,""no_radicals"":0.0,""planar_aromatic_rings"":0.0,""planar_double_bonds"":0.0,""reference_file_loads"":0.0,""sanitisation"":0.0,""tetrahedral_chirality"":0.0}",42,105.40601032061089,0.5986163930401144,0.8933236703911595,6.0,14.285714285714286,0.8221757335805966,0.38095238095238093,4.362918246309497,0.2630385487528344,0.3333333333333333,1.0,2.380952380952381,0.0,1.0,1.0,1.0,0.0,1.0,2.380952380952381,0.0,1.0,1.0,1.0,0.0,1.0,2.380952380952381,0.0,1.0,1.0,1.0,0.0,42,77.92466693081147,103.81394492421643,90.38513082482842,6.282516006101764,0.11528657919931319,0.7379024581122942,1.0,1.0,1.0,1.0,0.17930679231416433,0.7490261698147576,1.0,1.0,1.0,1.0,997,0,0,0,0,0,46,0,0,0,0,42,46,46,core
3bgz_3bgz_conf0,generation,qwen_1p7b_4e_step29600,chembl_count,1p7b_4e_step29600,qwen_1p7b_4e_step29600_chembl_count,Qwen 1.7B 4e (step 29600),qwen_1p7b_4e_step29600_chembl_count,3,24,10,0.7,10,10,0,1.0,10,10,0,1.0,"{""all_atoms_connected"":0,""bond_angles"":0,""bond_lengths"":0,""bonds"":0,""double_bond_stereochemistry"":0,""energy_ratio"":0,""file_loads"":0,""inchi_convertible"":0,""internal_steric_clash"":0,""molecular_formula"":0,""no_radicals"":0,""planar_aromatic_rings"":0,""planar_double_bonds"":0,""reference_file_loads"":0,""sanitisation"":0,""tetrahedral_chirality"":0}","{""all_atoms_connected"":0.0,""bond_angles"":0.0,""bond_lengths"":0.0,""bonds"":0.0,""double_bond_stereochemistry"":0.0,""energy_ratio"":0.0,""file_loads"":0.0,""inchi_convertible"":0.0,""internal_steric_clash"":0.0,""molecular_formula"":0.0,""no_radicals"":0.0,""planar_aromatic_rings"":0.0,""planar_double_bonds"":0.0,""reference_file_loads"":0.0,""sanitisation"":0.0,""tetrahedral_chirality"":0.0}",10,97.21991308957814,0.6001699051856182,0.8788425765726909,5.0,50.0,0.8445412464587144,0.5,3.8932204747617334,0.32000000000000006,0.6,1.0,10.0,0.0,1.0,1.0,1.0,0.0,1.0,10.0,0.0,1.0,1.0,1.0,0.0,1.0,10.0,0.0,1.0,1.0,1.0,0.0,10,85.3679009345367,103.52985697687984,92.38772857616377,6.3071874520040305,0.13579994814015078,0.7988116281863309,1.0,1.0,1.0,1.0,0.2038566664274656,0.7959251496741722,1.0,1.0,1.0,1.0,997,0,0,0,0,0,10,0,0,0,0,10,10,10,core
3cj4_3cj4_conf0,generation,qwen_1p7b_4e_step29600,fixed,1p7b_4e_step29600,qwen_1p7b_4e_step29600_fixed,Qwen 1.7B 4e (step 29600),qwen_1p7b_4e_step29600_fixed,5,25,590,0.7,590,575,15,0.9745762711864406,1000,590,410,0.59,"{""all_atoms_connected"":0,""bond_angles"":16,""bond_lengths"":12,""bonds"":0,""double_bond_stereochemistry"":0,""energy_ratio"":83,""file_loads"":0,""inchi_convertible"":0,""internal_steric_clash"":354,""molecular_formula"":0,""no_radicals"":0,""planar_aromatic_rings"":3,""planar_double_bonds"":0,""reference_file_loads"":0,""sanitisation"":0,""tetrahedral_chirality"":87}","{""all_atoms_connected"":0.0,""bond_angles"":0.016,""bond_lengths"":0.012,""bonds"":0.0,""double_bond_stereochemistry"":0.0,""energy_ratio"":0.083,""file_loads"":0.0,""inchi_convertible"":0.0,""internal_steric_clash"":0.354,""molecular_formula"":0.0,""no_radicals"":0.0,""planar_aromatic_rings"":0.003,""planar_double_bonds"":0.0,""reference_file_loads"":0.0,""sanitisation"":0.0,""tetrahedral_chirality"":0.087}",590,103.98851065267385,1.983879035940872,2.5347666882014925,521.0,88.30508474576271,0.9917464247989791,0.006779661016949152,494.78223592350435,0.002183280666475151,0.8963531669865643,138.0,23.389830508474578,0.9250768180987055,0.03220338983050847,95.40091418214071,0.013622522263717322,0.30434782608695654,7.0,1.1864406779661016,0.8966321035703305,0.26610169491525426,5.724558967946532,0.19625969548980177,0.0,1.0,0.1694915254237288,0.0,1.0,1.0,1.0,0.0,590,12.406644274036317,1492.6425670674432,47.64137223458509,67.0984395033349,0.7928015822407702,1.90595653239177,0.0,0.0,0.0,1.0,0.6078516649659592,1.9891483071247915,0.0,0.0,1.0,1.0,1000,0,0,0,0,0,1000,0,0,0,0,590,1000,1000,core
3cj4_3cj4_conf0,generation,qwen_1p7b_4e_step29600,dynamic,1p7b_4e_step29600,qwen_1p7b_4e_step29600_dynamic,Qwen 1.7B 4e (step 29600),qwen_1p7b_4e_step29600_dynamic,5,25,57,0.7,57,57,0,1.0,90,57,33,0.6333333333333333,"{""all_atoms_connected"":0,""bond_angles"":0,""bond_lengths"":0,""bonds"":0,""double_bond_stereochemistry"":0,""energy_ratio"":7,""file_loads"":0,""inchi_convertible"":0,""internal_steric_clash"":29,""molecular_formula"":0,""no_radicals"":0,""planar_aromatic_rings"":0,""planar_double_bonds"":0,""reference_file_loads"":0,""sanitisation"":0,""tetrahedral_chirality"":5}","{""all_atoms_connected"":0.0,""bond_angles"":0.0,""bond_lengths"":0.0,""bonds"":0.0,""double_bond_stereochemistry"":0.0,""energy_ratio"":0.07777777777777778,""file_loads"":0.0,""inchi_convertible"":0.0,""internal_steric_clash"":0.32222222222222224,""molecular_formula"":0.0,""no_radicals"":0.0,""planar_aromatic_rings"":0.0,""planar_double_bonds"":0.0,""reference_file_loads"":0.0,""sanitisation"":0.0,""tetrahedral_chirality"":0.05555555555555555}",57,102.59614796853309,1.9710974978640823,2.4879320714958943,56.0,98.24561403508773,0.9983550812169538,0.03508771929824561,55.63042779876429,0.018159433671899046,0.9821428571428571,37.0,64.91228070175438,0.9680619046557857,0.07017543859649122,32.96980267469283,0.03416435826408125,0.6216216216216216,3.0,5.2631578947368425,0.7835745897163826,0.5964912280701754,2.365157635829861,0.471837488457987,0.0,1.0,1.7543859649122806,0.0,1.0,1.0,1.0,0.0,57,15.67751103749984,105.12864773187025,47.38243044851395,21.394020298582063,1.2073957173914127,1.878348308451526,0.0,0.0,0.0,1.0,0.7068438070565993,1.8963544865688449,0.0,0.0,1.0,1.0,1000,0,0,0,0,0,90,0,0,0,0,57,90,90,core
3cj4_3cj4_conf0,generation,qwen_1p7b_4e_step29600,chembl_count,1p7b_4e_step29600,qwen_1p7b_4e_step29600_chembl_count,Qwen 1.7B 4e (step 29600),qwen_1p7b_4e_step29600_chembl_count,5,25,112,0.7,112,109,3,0.9732142857142857,199,112,87,0.5628140703517588,"{""all_atoms_connected"":0,""bond_angles"":6,""bond_lengths"":5,""bonds"":0,""double_bond_stereochemistry"":0,""energy_ratio"":17,""file_loads"":0,""inchi_convertible"":0,""internal_steric_clash"":71,""molecular_formula"":0,""no_radicals"":0,""planar_aromatic_rings"":0,""planar_double_bonds"":0,""reference_file_loads"":0,""sanitisation"":0,""tetrahedral_chirality"":26}","{""all_atoms_connected"":0.0,""bond_angles"":0.03015075376884422,""bond_lengths"":0.02512562814070352,""bonds"":0.0,""double_bond_stereochemistry"":0.0,""energy_ratio"":0.08542713567839195,""file_loads"":0.0,""inchi_convertible"":0.0,""internal_steric_clash"":0.35678391959798994,""molecular_formula"":0.0,""no_radicals"":0.0,""planar_aromatic_rings"":0.0,""planar_double_bonds"":0.0,""reference_file_loads"":0.0,""sanitisation"":0.0,""tetrahedral_chirality"":0.1306532663316583}",112,102.93246204680065,1.977164536489327,2.513291090101065,108.0,96.42857142857143,0.9971929730097856,0.017857142857142856,106.58985713718947,0.009566326530612242,0.9629629629629629,64.0,57.142857142857146,0.9472846426167967,0.07142857142857142,51.400406207801524,0.024872448979591837,0.640625,5.0,4.464285714285714,0.777204698294082,0.4375,3.493355400550809,0.3207908163265306,0.2,1.0,0.8928571428571429,0.0,1.0,1.0,1.0,0.0,112,12.406644274036317,1492.6425670674432,47.85120483757424,136.90034276181456,1.0036618527035361,1.9046401757801394,0.0,0.0,0.0,1.0,0.9588327951001197,1.9754105982224073,0.0,0.0,0.0,1.0,1000,0,0,0,0,0,199,0,0,0,0,112,199,199,core
3dd0_3dd0_conf0,generation,qwen_1p7b_4e_step29600,fixed,1p7b_4e_step29600,qwen_1p7b_4e_step29600_fixed,Qwen 1.7B 4e (step 29600),qwen_1p7b_4e_step29600_fixed,4,16,991,0.7,991,991,0,1.0,1000,991,9,0.991,"{""all_atoms_connected"":0,""bond_angles"":8,""bond_lengths"":0,""bonds"":0,""double_bond_stereochemistry"":0,""energy_ratio"":0,""file_loads"":0,""inchi_convertible"":0,""internal_steric_clash"":1,""molecular_formula"":0,""no_radicals"":0,""planar_aromatic_rings"":0,""planar_double_bonds"":0,""reference_file_loads"":0,""sanitisation"":0,""tetrahedral_chirality"":0}","{""all_atoms_connected"":0.0,""bond_angles"":0.008,""bond_lengths"":0.0,""bonds"":0.0,""double_bond_stereochemistry"":0.0,""energy_ratio"":0.0,""file_loads"":0.0,""inchi_convertible"":0.0,""internal_steric_clash"":0.001,""molecular_formula"":0.0,""no_radicals"":0.0,""planar_aromatic_rings"":0.0,""planar_double_bonds"":0.0,""reference_file_loads"":0.0,""sanitisation"":0.0,""tetrahedral_chirality"":0.0}",991,122.47971447106094,0.8504169852855711,1.159269871962684,26.0,2.623612512613522,0.8622687885408968,0.15237134207870837,16.599207525397908,0.07396844048505165,0.038461538461538464,5.0,0.5045408678102926,0.8887732309469519,0.36730575176589303,4.180476910470797,0.2662784434277824,0.0,1.0,0.10090817356205853,0.0,1.0,1.0,1.0,0.0,1.0,0.10090817356205853,0.0,1.0,1.0,1.0,0.0,991,94.55283419552276,188.59824410096988,108.83664766042003,8.446132340653218,0.1620950869543971,1.017809810001221,1.0,1.0,1.0,1.0,0.1822052981965284,1.0443667855746603,1.0,1.0,1.0,1.0,1000,0,0,0,0,0,1000,0,0,0,0,991,1000,1000,core
3dd0_3dd0_conf0,generation,qwen_1p7b_4e_step29600,dynamic,1p7b_4e_step29600,qwen_1p7b_4e_step29600_dynamic,Qwen 1.7B 4e (step 29600),qwen_1p7b_4e_step29600_dynamic,4,16,68,0.7,68,68,0,1.0,68,68,0,1.0,"{""all_atoms_connected"":0,""bond_angles"":0,""bond_lengths"":0,""bonds"":0,""double_bond_stereochemistry"":0,""energy_ratio"":0,""file_loads"":0,""inchi_convertible"":0,""internal_steric_clash"":0,""molecular_formula"":0,""no_radicals"":0,""planar_aromatic_rings"":0,""planar_double_bonds"":0,""reference_file_loads"":0,""sanitisation"":0,""tetrahedral_chirality"":0}","{""all_atoms_connected"":0.0,""bond_angles"":0.0,""bond_lengths"":0.0,""bonds"":0.0,""double_bond_stereochemistry"":0.0,""energy_ratio"":0.0,""file_loads"":0.0,""inchi_convertible"":0.0,""internal_steric_clash"":0.0,""molecular_formula"":0.0,""no_radicals"":0.0,""planar_aromatic_rings"":0.0,""planar_double_bonds"":0.0,""reference_file_loads"":0.0,""sanitisation"":0.0,""tetrahedral_chirality"":0.0}",68,124.44999197974577,0.8109205416749361,1.084394337158056,14.0,20.58823529411765,0.876437651611442,0.22058823529411764,10.104382174737557,0.12197231833910036,0.21428571428571427,3.0,4.411764705882353,0.895395062235159,0.5294117647058824,2.67431164586398,0.40657439446366783,0.0,1.0,1.4705882352941178,0.0,1.0,1.0,1.0,0.0,1.0,1.4705882352941178,0.0,1.0,1.0,1.0,0.0,68,97.81501031463547,127.02586793615565,109.20564714845389,5.770091251984333,0.35145429605332384,1.0675818172851868,0.0,1.0,1.0,1.0,0.4461586806179574,1.0728906184685623,0.0,1.0,1.0,1.0,1000,0,0,0,0,0,68,0,0,0,0,68,68,68,core
3dd0_3dd0_conf0,generation,qwen_1p7b_4e_step29600,chembl_count,1p7b_4e_step29600,qwen_1p7b_4e_step29600_chembl_count,Qwen 1.7B 4e (step 29600),qwen_1p7b_4e_step29600_chembl_count,4,16,50,0.7,50,50,0,1.0,51,50,1,0.9803921568627452,"{""all_atoms_connected"":0,""bond_angles"":1,""bond_lengths"":0,""bonds"":0,""double_bond_stereochemistry"":0,""energy_ratio"":0,""file_loads"":0,""inchi_convertible"":0,""internal_steric_clash"":0,""molecular_formula"":0,""no_radicals"":0,""planar_aromatic_rings"":0,""planar_double_bonds"":0,""reference_file_loads"":0,""sanitisation"":0,""tetrahedral_chirality"":0}","{""all_atoms_connected"":0.0,""bond_angles"":0.0196078431372549,""bond_lengths"":0.0,""bonds"":0.0,""double_bond_stereochemistry"":0.0,""energy_ratio"":0.0,""file_loads"":0.0,""inchi_convertible"":0.0,""internal_steric_clash"":0.0,""molecular_formula"":0.0,""no_radicals"":0.0,""planar_aromatic_rings"":0.0,""planar_double_bonds"":0.0,""reference_file_loads"":0.0,""sanitisation"":0.0,""tetrahedral_chirality"":0.0}",50,120.33335910189741,0.8659084576123054,1.1367221826367022,17.0,34.0,0.915400190259363,0.14,13.376829041440267,0.0872,0.4117647058823529,3.0,6.0,0.898538457077634,0.54,2.6835630043594962,0.40720000000000006,0.0,1.0,2.0,0.0,1.0,1.0,1.0,0.0,1.0,2.0,0.0,1.0,1.0,1.0,0.0,50,98.25576679704635,132.0826997242466,109.29056029322422,8.573898267740399,0.21529912490901348,1.0321801078989141,1.0,1.0,1.0,1.0,0.21376711652287406,1.0818950919898618,1.0,1.0,1.0,1.0,1000,0,0,0,0,0,51,0,0,0,0,50,51,51,core
3e92_3e92_conf0,generation,qwen_1p7b_4e_step29600,fixed,1p7b_4e_step29600,qwen_1p7b_4e_step29600_fixed,Qwen 1.7B 4e (step 29600),qwen_1p7b_4e_step29600_fixed,4,26,863,0.7,863,858,5,0.9942062572421785,1000,863,137,0.863,"{""all_atoms_connected"":0,""bond_angles"":35,""bond_lengths"":31,""bonds"":0,""double_bond_stereochemistry"":0,""energy_ratio"":7,""file_loads"":0,""inchi_convertible"":0,""internal_steric_clash"":119,""molecular_formula"":0,""no_radicals"":0,""planar_aromatic_rings"":25,""planar_double_bonds"":0,""reference_file_loads"":0,""sanitisation"":0,""tetrahedral_chirality"":0}","{""all_atoms_connected"":0.0,""bond_angles"":0.035,""bond_lengths"":0.031,""bonds"":0.0,""double_bond_stereochemistry"":0.0,""energy_ratio"":0.007,""file_loads"":0.0,""inchi_convertible"":0.0,""internal_steric_clash"":0.119,""molecular_formula"":0.0,""no_radicals"":0.0,""planar_aromatic_rings"":0.025,""planar_double_bonds"":0.0,""reference_file_loads"":0.0,""sanitisation"":0.0,""tetrahedral_chirality"":0.0}",863,118.96567295036311,1.4856458782139106,1.9122792540184141,137.0,15.874855156431055,0.9028621473185581,0.03707995365005794,84.95014401938992,0.015678686948570632,0.291970802919708,23.0,2.6651216685979144,0.8955068475885923,0.1320973348783314,16.574353668273357,0.07243454010572407,0.08695652173913043,2.0,0.23174971031286212,0.9163524678266228,0.6685979142526072,1.8873375448309684,0.5568505133806589,0.0,1.0,0.11587485515643106,0.0,1.0,1.0,1.0,0.0,863,56.805289437304125,40264.061362571076,75.47254387448064,1367.2634305462507,0.4127457187775977,1.460117637097231,0.0,1.0,1.0,1.0,0.4016046752904193,1.4514782815806313,0.0,1.0,1.0,1.0,1000,0,0,0,0,0,1000,0,0,0,0,863,1000,1000,core
3e92_3e92_conf0,generation,qwen_1p7b_4e_step29600,dynamic,1p7b_4e_step29600,qwen_1p7b_4e_step29600_dynamic,Qwen 1.7B 4e (step 29600),qwen_1p7b_4e_step29600_dynamic,4,26,60,0.7,60,60,0,1.0,68,60,8,0.8823529411764706,"{""all_atoms_connected"":0,""bond_angles"":0,""bond_lengths"":0,""bonds"":0,""double_bond_stereochemistry"":0,""energy_ratio"":0,""file_loads"":0,""inchi_convertible"":0,""internal_steric_clash"":8,""molecular_formula"":0,""no_radicals"":0,""planar_aromatic_rings"":0,""planar_double_bonds"":0,""reference_file_loads"":0,""sanitisation"":0,""tetrahedral_chirality"":0}","{""all_atoms_connected"":0.0,""bond_angles"":0.0,""bond_lengths"":0.0,""bonds"":0.0,""double_bond_stereochemistry"":0.0,""energy_ratio"":0.0,""file_loads"":0.0,""inchi_convertible"":0.0,""internal_steric_clash"":0.11764705882352941,""molecular_formula"":0.0,""no_radicals"":0.0,""planar_aromatic_rings"":0.0,""planar_double_bonds"":0.0,""reference_file_loads"":0.0,""sanitisation"":0.0,""tetrahedral_chirality"":0.0}",60,118.33261237112845,1.4644294473903834,1.8860916698294545,39.0,65.0,0.952777608711686,0.1,32.80429672641686,0.03777777777777779,0.6923076923076923,13.0,21.666666666666668,0.9214395286341572,0.2,10.627507924494347,0.11055555555555556,0.07692307692307693,2.0,3.3333333333333335,0.9603622703154779,0.6166666666666667,1.9457984364065946,0.5272222222222223,0.0,1.0,1.6666666666666667,0.0,1.0,1.0,1.0,0.0,60,57.89623401091339,90.22230807459641,75.18009539590216,7.076503969511243,0.5206277571080735,1.405568230371035,0.0,0.0,1.0,1.0,0.4965469431177662,1.3935521960676502,0.0,1.0,1.0,1.0,1000,0,0,0,0,0,68,0,0,0,0,60,68,68,core
3e92_3e92_conf0,generation,qwen_1p7b_4e_step29600,chembl_count,1p7b_4e_step29600,qwen_1p7b_4e_step29600_chembl_count,Qwen 1.7B 4e (step 29600),qwen_1p7b_4e_step29600_chembl_count,4,26,121,0.7,121,120,1,0.9917355371900827,134,121,13,0.9029850746268656,"{""all_atoms_connected"":0,""bond_angles"":4,""bond_lengths"":3,""bonds"":0,""double_bond_stereochemistry"":0,""energy_ratio"":1,""file_loads"":0,""inchi_convertible"":0,""internal_steric_clash"":12,""molecular_formula"":0,""no_radicals"":0,""planar_aromatic_rings"":2,""planar_double_bonds"":0,""reference_file_loads"":0,""sanitisation"":0,""tetrahedral_chirality"":0}","{""all_atoms_connected"":0.0,""bond_angles"":0.029850746268656716,""bond_lengths"":0.022388059701492536,""bonds"":0.0,""double_bond_stereochemistry"":0.0,""energy_ratio"":0.007462686567164179,""file_loads"":0.0,""inchi_convertible"":0.0,""internal_steric_clash"":0.08955223880597014,""molecular_formula"":0.0,""no_radicals"":0.0,""planar_aromatic_rings"":0.014925373134328358,""planar_double_bonds"":0.0,""reference_file_loads"":0.0,""sanitisation"":0.0,""tetrahedral_chirality"":0.0}",121,119.48202902649521,1.4965484086823007,1.9333213246494836,64.0,52.892561983471076,0.9433370203242758,0.0743801652892562,50.56341928086319,0.02561300457619016,0.59375,17.0,14.049586776859504,0.9298518862428201,0.1322314049586777,13.935907353624623,0.08189331329827199,0.058823529411764705,3.0,2.479338842975207,0.7838204214359294,0.6446280991735537,2.365796489082135,0.49101837306194923,0.0,1.0,0.8264462809917356,0.0,1.0,1.0,1.0,0.0,121,63.79350402331621,40264.061362571076,76.13216818641894,3638.224867303847,0.5140869410357461,1.4548104769690082,0.0,0.0,1.0,1.0,0.47503495725244177,1.4514782815806313,0.0,1.0,1.0,1.0,1000,0,0,0,0,0,134,0,0,0,0,121,134,134,core
3e93_3e93_conf0,generation,qwen_1p7b_4e_step29600,fixed,1p7b_4e_step29600,qwen_1p7b_4e_step29600_fixed,Qwen 1.7B 4e (step 29600),qwen_1p7b_4e_step29600_fixed,5,37,636,0.7,636,617,19,0.970125786163522,999,636,363,0.6366366366366366,"{""all_atoms_connected"":0,""bond_angles"":121,""bond_lengths"":54,""bonds"":0,""double_bond_stereochemistry"":0,""energy_ratio"":43,""file_loads"":0,""inchi_convertible"":0,""internal_steric_clash"":346,""molecular_formula"":0,""no_radicals"":0,""planar_aromatic_rings"":4,""planar_double_bonds"":0,""reference_file_loads"":0,""sanitisation"":0,""tetrahedral_chirality"":0}","{""all_atoms_connected"":0.0,""bond_angles"":0.12112112112112113,""bond_lengths"":0.05405405405405406,""bonds"":0.0,""double_bond_stereochemistry"":0.0,""energy_ratio"":0.043043043043043044,""file_loads"":0.0,""inchi_convertible"":0.0,""internal_steric_clash"":0.34634634634634637,""molecular_formula"":0.0,""no_radicals"":0.0,""planar_aromatic_rings"":0.004004004004004004,""planar_double_bonds"":0.0,""reference_file_loads"":0.0,""sanitisation"":0.0,""tetrahedral_chirality"":0.0}",636,103.65360722300365,2.5186852676321974,3.7697725971007143,499.0,78.45911949685535,0.9786971445582898,0.018867924528301886,437.1427698394586,0.0028974328547130257,0.8416833667334669,195.0,30.660377358490567,0.9125959565218823,0.03930817610062893,122.99184789344865,0.012296784146196747,0.4461538461538462,14.0,2.20125786163522,0.8485104587242343,0.22169811320754718,9.386455494664515,0.129667536885408,0.0,4.0,0.6289308176100629,0.8477539624391763,0.449685534591195,3.2389089774670183,0.3370465962580594,0.0,636,140.64529431032744,2143.9064057601363,188.94017351043598,95.98287387466652,0.9872770439362473,3.5740886272067747,0.0,0.0,0.0,1.0,0.9349193991175149,3.5524126025571645,0.0,0.0,0.0,1.0,999,0,0,0,0,0,999,0,0,0,0,636,1000,1000,core
3e93_3e93_conf0,generation,qwen_1p7b_4e_step29600,dynamic,1p7b_4e_step29600,qwen_1p7b_4e_step29600_dynamic,Qwen 1.7B 4e (step 29600),qwen_1p7b_4e_step29600_dynamic,5,37,54,0.7,54,54,0,1.0,90,54,36,0.6,"{""all_atoms_connected"":0,""bond_angles"":14,""bond_lengths"":6,""bonds"":0,""double_bond_stereochemistry"":0,""energy_ratio"":4,""file_loads"":0,""inchi_convertible"":0,""internal_steric_clash"":33,""molecular_formula"":0,""no_radicals"":0,""planar_aromatic_rings"":0,""planar_double_bonds"":0,""reference_file_loads"":0,""sanitisation"":0,""tetrahedral_chirality"":0}","{""all_atoms_connected"":0.0,""bond_angles"":0.15555555555555556,""bond_lengths"":0.06666666666666667,""bonds"":0.0,""double_bond_stereochemistry"":0.0,""energy_ratio"":0.044444444444444446,""file_loads"":0.0,""inchi_convertible"":0.0,""internal_steric_clash"":0.36666666666666664,""molecular_formula"":0.0,""no_radicals"":0.0,""planar_aromatic_rings"":0.0,""planar_double_bonds"":0.0,""reference_file_loads"":0.0,""sanitisation"":0.0,""tetrahedral_chirality"":0.0}",54,105.41106522541507,2.518947402686822,3.676948876017706,52.0,96.29629629629629,0.9965570568198031,0.037037037037037035,51.29738678251436,0.01989026063100137,0.9615384615384616,41.0,75.92592592592592,0.966598555808824,0.09259259259259259,36.21717292611304,0.03292181069958848,0.8048780487804879,9.0,16.666666666666668,0.8774987594896084,0.2222222222222222,6.876170206567561,0.16460905349794236,0.2222222222222222,2.0,3.7037037037037037,0.3809465857053901,0.9259259259259259,1.302195976214733,0.8628257887517148,0.0,54,152.74368633063108,283.6275101122534,190.48468473203448,23.116864103806037,1.4339958069388765,3.3103673883605937,0.0,0.0,0.0,1.0,1.4368207650040397,3.2878154454439246,0.0,0.0,0.0,1.0,999,0,0,0,0,0,90,0,0,0,0,54,90,90,core
3e93_3e93_conf0,generation,qwen_1p7b_4e_step29600,chembl_count,1p7b_4e_step29600,qwen_1p7b_4e_step29600_chembl_count,Qwen 1.7B 4e (step 29600),qwen_1p7b_4e_step29600_chembl_count,5,37,139,0.7,139,136,3,0.9784172661870504,200,139,61,0.695,"{""all_atoms_connected"":0,""bond_angles"":24,""bond_lengths"":9,""bonds"":0,""double_bond_stereochemistry"":0,""energy_ratio"":7,""file_loads"":0,""inchi_convertible"":0,""internal_steric_clash"":57,""molecular_formula"":0,""no_radicals"":0,""planar_aromatic_rings"":1,""planar_double_bonds"":0,""reference_file_loads"":0,""sanitisation"":0,""tetrahedral_chirality"":0}","{""all_atoms_connected"":0.0,""bond_angles"":0.12,""bond_lengths"":0.045,""bonds"":0.0,""double_bond_stereochemistry"":0.0,""energy_ratio"":0.035,""file_loads"":0.0,""inchi_convertible"":0.0,""internal_steric_clash"":0.285,""molecular_formula"":0.0,""no_radicals"":0.0,""planar_aromatic_rings"":0.005,""planar_double_bonds"":0.0,""reference_file_loads"":0.0,""sanitisation"":0.0,""tetrahedral_chirality"":0.0}",139,103.97439946400202,2.501677657751086,3.6594472005112153,130.0,93.5251798561151,0.9937649472333216,0.02158273381294964,126.11385578966538,0.008332902023704777,0.9461538461538461,77.0,55.39568345323741,0.962898295792408,0.03597122302158273,65.53883305011375,0.017752704311371045,0.5584415584415584,12.0,8.633093525179856,0.847194419826808,0.2733812949640288,8.208736775450712,0.15470213757051915,0.16666666666666666,2.0,1.4388489208633093,0.8141163512864757,0.7482014388489209,1.7582209141015668,0.6232079084933493,0.0,139,150.70716019314244,1045.5906309755514,189.09663253490532,79.20019569872497,1.1020338185367098,3.513909824979509,0.0,0.0,0.0,1.0,1.0503867384669563,3.503150962518674,0.0,0.0,0.0,1.0,999,0,0,0,0,0,200,0,0,0,0,139,200,200,core
3ehy_3ehy_conf0,generation,qwen_1p7b_4e_step29600,fixed,1p7b_4e_step29600,qwen_1p7b_4e_step29600_fixed,Qwen 1.7B 4e (step 29600),qwen_1p7b_4e_step29600_fixed,5,17,500,0.7,500,500,0,1.0,1000,500,500,0.5,"{""all_atoms_connected"":0,""bond_angles"":0,""bond_lengths"":0,""bonds"":0,""double_bond_stereochemistry"":0,""energy_ratio"":0,""file_loads"":0,""inchi_convertible"":0,""internal_steric_clash"":4,""molecular_formula"":0,""no_radicals"":0,""planar_aromatic_rings"":0,""planar_double_bonds"":0,""reference_file_loads"":0,""sanitisation"":0,""tetrahedral_chirality"":497}","{""all_atoms_connected"":0.0,""bond_angles"":0.0,""bond_lengths"":0.0,""bonds"":0.0,""double_bond_stereochemistry"":0.0,""energy_ratio"":0.0,""file_loads"":0.0,""inchi_convertible"":0.0,""internal_steric_clash"":0.004,""molecular_formula"":0.0,""no_radicals"":0.0,""planar_aromatic_rings"":0.0,""planar_double_bonds"":0.0,""reference_file_loads"":0.0,""sanitisation"":0.0,""tetrahedral_chirality"":0.497}",500,107.13699507318836,1.2370034581328193,1.77366017228445,89.0,17.8,0.8995644286513432,0.076,56.70246086901027,0.025632,0.19101123595505617,8.0,1.6,0.896250685661849,0.316,6.447554473551687,0.18492799999999998,0.0,2.0,0.4,0.9927744539878083,0.55,1.9900083082219462,0.5050000000000001,0.0,1.0,0.2,0.0,1.0,1.0,1.0,0.0,500,34.8009041034191,91.35734843839822,52.388818471608786,7.661129587817211,0.3351139448956453,1.0245903547552762,0.0,1.0,1.0,1.0,0.3902053611720082,1.0364216951312502,0.0,1.0,1.0,1.0,1000,0,0,0,0,0,1000,0,0,0,0,500,1000,1000,core
3ehy_3ehy_conf0,generation,qwen_1p7b_4e_step29600,dynamic,1p7b_4e_step29600,qwen_1p7b_4e_step29600_dynamic,Qwen 1.7B 4e (step 29600),qwen_1p7b_4e_step29600_dynamic,5,17,42,0.7,42,42,0,1.0,90,42,48,0.4666666666666667,"{""all_atoms_connected"":0,""bond_angles"":0,""bond_lengths"":0,""bonds"":0,""double_bond_stereochemistry"":0,""energy_ratio"":0,""file_loads"":0,""inchi_convertible"":0,""internal_steric_clash"":0,""molecular_formula"":0,""no_radicals"":0,""planar_aromatic_rings"":0,""planar_double_bonds"":0,""reference_file_loads"":0,""sanitisation"":0,""tetrahedral_chirality"":48}","{""all_atoms_connected"":0.0,""bond_angles"":0.0,""bond_lengths"":0.0,""bonds"":0.0,""double_bond_stereochemistry"":0.0,""energy_ratio"":0.0,""file_loads"":0.0,""inchi_convertible"":0.0,""internal_steric_clash"":0.0,""molecular_formula"":0.0,""no_radicals"":0.0,""planar_aromatic_rings"":0.0,""planar_double_bonds"":0.0,""reference_file_loads"":0.0,""sanitisation"":0.0,""tetrahedral_chirality"":0.5333333333333333}",42,112.94190780087675,1.2468049544441555,1.7573776458029635,28.0,66.66666666666667,0.9618826251848807,0.09523809523809523,24.660175682510683,0.04648526077097506,0.6785714285714286,8.0,19.047619047619047,0.8707077443349176,0.23809523809523808,6.1140283125550035,0.18140589569160995,0.375,2.0,4.761904761904762,0.8926230133850988,0.6904761904761905,1.8565485117136258,0.572562358276644,0.0,1.0,2.380952380952381,0.0,1.0,1.0,1.0,0.0,42,38.90154554241281,68.7964186063872,50.649725231668754,6.706958034457134,0.5573966396048629,1.007782057080879,0.0,0.0,1.0,1.0,0.5960874099767997,1.0537162468755605,0.0,0.0,1.0,1.0,1000,0,0,0,0,0,90,0,0,0,0,42,90,90,core
3ehy_3ehy_conf0,generation,qwen_1p7b_4e_step29600,chembl_count,1p7b_4e_step29600,qwen_1p7b_4e_step29600_chembl_count,Qwen 1.7B 4e (step 29600),qwen_1p7b_4e_step29600_chembl_count,5,17,11,0.7,11,11,0,1.0,25,11,14,0.44,"{""all_atoms_connected"":0,""bond_angles"":0,""bond_lengths"":0,""bonds"":0,""double_bond_stereochemistry"":0,""energy_ratio"":0,""file_loads"":0,""inchi_convertible"":0,""internal_steric_clash"":0,""molecular_formula"":0,""no_radicals"":0,""planar_aromatic_rings"":0,""planar_double_bonds"":0,""reference_file_loads"":0,""sanitisation"":0,""tetrahedral_chirality"":14}","{""all_atoms_connected"":0.0,""bond_angles"":0.0,""bond_lengths"":0.0,""bonds"":0.0,""double_bond_stereochemistry"":0.0,""energy_ratio"":0.0,""file_loads"":0.0,""inchi_convertible"":0.0,""internal_steric_clash"":0.0,""molecular_formula"":0.0,""no_radicals"":0.0,""planar_aromatic_rings"":0.0,""planar_double_bonds"":0.0,""reference_file_loads"":0.0,""sanitisation"":0.0,""tetrahedral_chirality"":0.56}",11,96.9410188086404,0.8562710730546546,1.1005151537532822,7.0,63.63636363636363,0.9732146334251459,0.18181818181818182,6.644491944224461,0.15702479338842976,0.42857142857142855,2.0,18.181818181818183,0.8453509366224364,0.7272727272727273,1.7967017416268891,0.6033057851239669,0.0,1.0,9.090909090909092,0.0,1.0,1.0,1.0,0.0,1.0,9.090909090909092,0.0,1.0,1.0,1.0,0.0,11,40.64390457544126,57.17060564606416,50.777473825283096,4.608984015081026,0.48459539549144065,0.8432786845421102,0.0,1.0,1.0,1.0,0.48523934496920634,0.8625587533166642,0.0,1.0,1.0,1.0,1000,0,0,0,0,0,25,0,0,0,0,11,25,25,core
3fcq_3fcq_conf0,generation,qwen_1p7b_4e_step29600,fixed,1p7b_4e_step29600,qwen_1p7b_4e_step29600_fixed,Qwen 1.7B 4e (step 29600),qwen_1p7b_4e_step29600_fixed,2,14,980,0.7,980,980,0,1.0,1000,980,20,0.98,"{""all_atoms_connected"":0,""bond_angles"":5,""bond_lengths"":3,""bonds"":0,""double_bond_stereochemistry"":0,""energy_ratio"":1,""file_loads"":0,""inchi_convertible"":0,""internal_steric_clash"":16,""molecular_formula"":0,""no_radicals"":0,""planar_aromatic_rings"":1,""planar_double_bonds"":0,""reference_file_loads"":0,""sanitisation"":0,""tetrahedral_chirality"":0}","{""all_atoms_connected"":0.0,""bond_angles"":0.005,""bond_lengths"":0.003,""bonds"":0.0,""double_bond_stereochemistry"":0.0,""energy_ratio"":0.001,""file_loads"":0.0,""inchi_convertible"":0.0,""internal_steric_clash"":0.016,""molecular_formula"":0.0,""no_radicals"":0.0,""planar_aromatic_rings"":0.001,""planar_double_bonds"":0.0,""reference_file_loads"":0.0,""sanitisation"":0.0,""tetrahedral_chirality"":0.0}",980,112.69020308513647,0.8253280687253961,1.1204368184008031,24.0,2.4489795918367347,0.860107245297381,0.12857142857142856,15.386140326969981,0.07821532694710538,0.125,4.0,0.40816326530612246,0.842333179356024,0.44693877551020406,3.214660446532597,0.35251770095793417,0.0,1.0,0.10204081632653061,0.0,1.0,1.0,1.0,0.0,1.0,0.10204081632653061,0.0,1.0,1.0,1.0,0.0,980,37.15122052009136,136.90703156247488,51.99780111633302,8.204081213489127,0.12846592768836101,0.9668101340477734,1.0,1.0,1.0,1.0,0.16282411121421267,0.937430453163805,1.0,1.0,1.0,1.0,1000,0,0,0,0,0,1000,0,0,0,0,980,1000,1000,core
3fcq_3fcq_conf0,generation,qwen_1p7b_4e_step29600,dynamic,1p7b_4e_step29600,qwen_1p7b_4e_step29600_dynamic,Qwen 1.7B 4e (step 29600),qwen_1p7b_4e_step29600_dynamic,2,14,22,0.7,22,22,0,1.0,24,22,2,0.9166666666666666,"{""all_atoms_connected"":0,""bond_angles"":1,""bond_lengths"":0,""bonds"":0,""double_bond_stereochemistry"":0,""energy_ratio"":0,""file_loads"":0,""inchi_convertible"":0,""internal_steric_clash"":1,""molecular_formula"":0,""no_radicals"":0,""planar_aromatic_rings"":0,""planar_double_bonds"":0,""reference_file_loads"":0,""sanitisation"":0,""tetrahedral_chirality"":0}","{""all_atoms_connected"":0.0,""bond_angles"":0.041666666666666664,""bond_lengths"":0.0,""bonds"":0.0,""double_bond_stereochemistry"":0.0,""energy_ratio"":0.0,""file_loads"":0.0,""inchi_convertible"":0.0,""internal_steric_clash"":0.041666666666666664,""molecular_formula"":0.0,""no_radicals"":0.0,""planar_aromatic_rings"":0.0,""planar_double_bonds"":0.0,""reference_file_loads"":0.0,""sanitisation"":0.0,""tetrahedral_chirality"":0.0}",22,110.42325328736602,0.8629598903391225,1.1199747500129962,10.0,45.45454545454545,0.9556721702870834,0.18181818181818182,9.029676060551196,0.11983471074380164,0.3,4.0,18.181818181818183,0.8085947862963575,0.5454545454545454,3.0677684028710237,0.38842975206611563,0.0,1.0,4.545454545454546,0.0,1.0,1.0,1.0,0.0,1.0,4.545454545454546,0.0,1.0,1.0,1.0,0.0,22,39.644446702722085,82.20854781903304,51.20208397166181,9.551685328483115,0.19875995956184805,0.8882523063929748,1.0,1.0,1.0,1.0,0.2161394775603445,0.8141121617511757,1.0,1.0,1.0,1.0,1000,0,0,0,0,0,24,0,0,0,0,22,24,24,core
3fcq_3fcq_conf0,generation,qwen_1p7b_4e_step29600,chembl_count,1p7b_4e_step29600,qwen_1p7b_4e_step29600_chembl_count,Qwen 1.7B 4e (step 29600),qwen_1p7b_4e_step29600_chembl_count,2,14,2,0.7,2,2,0,1.0,2,2,0,1.0,"{""all_atoms_connected"":0,""bond_angles"":0,""bond_lengths"":0,""bonds"":0,""double_bond_stereochemistry"":0,""energy_ratio"":0,""file_loads"":0,""inchi_convertible"":0,""internal_steric_clash"":0,""molecular_formula"":0,""no_radicals"":0,""planar_aromatic_rings"":0,""planar_double_bonds"":0,""reference_file_loads"":0,""sanitisation"":0,""tetrahedral_chirality"":0}","{""all_atoms_connected"":0.0,""bond_angles"":0.0,""bond_lengths"":0.0,""bonds"":0.0,""double_bond_stereochemistry"":0.0,""energy_ratio"":0.0,""file_loads"":0.0,""inchi_convertible"":0.0,""internal_steric_clash"":0.0,""molecular_formula"":0.0,""no_radicals"":0.0,""planar_aromatic_rings"":0.0,""planar_double_bonds"":0.0,""reference_file_loads"":0.0,""sanitisation"":0.0,""tetrahedral_chirality"":0.0}",2,69.21949871772128,0.971229139427362,0.971229139427362,2.0,100.0,1.0,0.5,2.0,0.5,1.0,1.0,50.0,0.0,1.0,1.0,1.0,0.0,1.0,50.0,0.0,1.0,1.0,1.0,0.0,1.0,50.0,0.0,1.0,1.0,1.0,0.0,2,53.899548152521135,55.09607669997769,54.49781242624941,0.598264273728276,0.4027073133810743,0.7298046636571872,0.0,1.0,1.0,1.0,0.29304738447375356,0.6163298343691319,0.0,1.0,1.0,1.0,1000,0,0,0,0,0,2,0,0,0,0,2,2,2,core
3fur_3fur_conf0,generation,qwen_1p7b_4e_step29600,fixed,1p7b_4e_step29600,qwen_1p7b_4e_step29600_fixed,Qwen 1.7B 4e (step 29600),qwen_1p7b_4e_step29600_fixed,5,31,955,0.7,955,954,1,0.9989528795811519,999,955,44,0.955955955955956,"{""all_atoms_connected"":0,""bond_angles"":5,""bond_lengths"":3,""bonds"":0,""double_bond_stereochemistry"":0,""energy_ratio"":7,""file_loads"":0,""inchi_convertible"":0,""internal_steric_clash"":43,""molecular_formula"":0,""no_radicals"":0,""planar_aromatic_rings"":2,""planar_double_bonds"":0,""reference_file_loads"":0,""sanitisation"":0,""tetrahedral_chirality"":0}","{""all_atoms_connected"":0.0,""bond_angles"":0.005005005005005005,""bond_lengths"":0.003003003003003003,""bonds"":0.0,""double_bond_stereochemistry"":0.0,""energy_ratio"":0.007007007007007007,""file_loads"":0.0,""inchi_convertible"":0.0,""internal_steric_clash"":0.043043043043043044,""molecular_formula"":0.0,""no_radicals"":0.0,""planar_aromatic_rings"":0.002002002002002002,""planar_double_bonds"":0.0,""reference_file_loads"":0.0,""sanitisation"":0.0,""tetrahedral_chirality"":0.0}",955,112.10040350345014,2.03811776831654,2.7874602949052045,332.0,34.76439790575916,0.9412712193327157,0.015706806282722512,236.08843763778023,0.005617170581946768,0.4307228915662651,82.0,8.586387434554974,0.9016172338481504,0.04712041884816754,53.15297187369386,0.02399605273978235,0.13414634146341464,8.0,0.837696335078534,0.8249006631790683,0.33717277486910996,5.558524563523061,0.21761574518242374,0.0,2.0,0.2094240837696335,0.9863839681825306,0.5685863874345549,1.9812129665274938,0.5094081850826457,0.0,955,74.32161124380369,173.97388424234958,95.43899501978268,12.653419931194618,0.4864706782213506,1.9438379998102866,0.0,1.0,1.0,1.0,0.46292996988425267,1.936098808209069,0.0,1.0,1.0,1.0,999,0,0,0,0,0,999,0,0,0,0,955,1000,1000,core
3fur_3fur_conf0,generation,qwen_1p7b_4e_step29600,dynamic,1p7b_4e_step29600,qwen_1p7b_4e_step29600_dynamic,Qwen 1.7B 4e (step 29600),qwen_1p7b_4e_step29600_dynamic,5,31,89,0.7,89,89,0,1.0,90,89,1,0.9888888888888888,"{""all_atoms_connected"":0,""bond_angles"":0,""bond_lengths"":0,""bonds"":0,""double_bond_stereochemistry"":0,""energy_ratio"":0,""file_loads"":0,""inchi_convertible"":0,""internal_steric_clash"":1,""molecular_formula"":0,""no_radicals"":0,""planar_aromatic_rings"":0,""planar_double_bonds"":0,""reference_file_loads"":0,""sanitisation"":0,""tetrahedral_chirality"":0}","{""all_atoms_connected"":0.0,""bond_angles"":0.0,""bond_lengths"":0.0,""bonds"":0.0,""double_bond_stereochemistry"":0.0,""energy_ratio"":0.0,""file_loads"":0.0,""inchi_convertible"":0.0,""internal_steric_clash"":0.011111111111111112,""molecular_formula"":0.0,""no_radicals"":0.0,""planar_aromatic_rings"":0.0,""planar_double_bonds"":0.0,""reference_file_loads"":0.0,""sanitisation"":0.0,""tetrahedral_chirality"":0.0}",89,113.24729914950846,2.0868102723386746,2.897397535561499,71.0,79.7752808988764,0.9822005912450081,0.0449438202247191,65.81229635169356,0.01679080924125741,0.7887323943661971,31.0,34.831460674157306,0.956075450919903,0.07865168539325842,26.65964143156315,0.042545133190253756,0.1935483870967742,5.0,5.617977528089888,0.8833427052681342,0.3595505617977528,4.144098357239625,0.2680217144299962,0.0,1.0,1.1235955056179776,0.0,1.0,1.0,1.0,0.0,89,75.23318246055139,142.78708526491442,93.95802177266661,11.036240399542834,0.7246218984126868,1.940866025584892,0.0,0.0,1.0,1.0,0.6921900801000909,1.9285554350474248,0.0,0.0,1.0,1.0,999,0,0,0,0,0,90,0,0,0,0,89,90,90,core
3fur_3fur_conf0,generation,qwen_1p7b_4e_step29600,chembl_count,1p7b_4e_step29600,qwen_1p7b_4e_step29600_chembl_count,Qwen 1.7B 4e (step 29600),qwen_1p7b_4e_step29600_chembl_count,5,31,83,0.7,83,83,0,1.0,86,83,3,0.9651162790697676,"{""all_atoms_connected"":0,""bond_angles"":1,""bond_lengths"":0,""bonds"":0,""double_bond_stereochemistry"":0,""energy_ratio"":0,""file_loads"":0,""inchi_convertible"":0,""internal_steric_clash"":3,""molecular_formula"":0,""no_radicals"":0,""planar_aromatic_rings"":0,""planar_double_bonds"":0,""reference_file_loads"":0,""sanitisation"":0,""tetrahedral_chirality"":0}","{""all_atoms_connected"":0.0,""bond_angles"":0.011627906976744186,""bond_lengths"":0.0,""bonds"":0.0,""double_bond_stereochemistry"":0.0,""energy_ratio"":0.0,""file_loads"":0.0,""inchi_convertible"":0.0,""internal_steric_clash"":0.03488372093023256,""molecular_formula"":0.0,""no_radicals"":0.0,""planar_aromatic_rings"":0.0,""planar_double_bonds"":0.0,""reference_file_loads"":0.0,""sanitisation"":0.0,""tetrahedral_chirality"":0.0}",83,107.40885777501862,1.9157011024288937,2.58988848096142,65.0,78.3132530120482,0.979518061482565,0.04819277108433735,59.67348154483109,0.01872550442734795,0.7846153846153846,32.0,38.55421686746988,0.9411251154862819,0.08433734939759036,26.093626830385737,0.045434751052402376,0.34375,4.0,4.819277108433735,0.9506693589136823,0.3493975903614458,3.7355967249937185,0.2826244737988097,0.0,2.0,2.4096385542168677,0.45743218089883964,0.9036144578313253,1.373095701025402,0.8258092611409493,0.0,83,81.08601962204983,147.0151625599173,94.64018493496323,11.722745339796289,0.4864706782213506,1.9461480506743913,0.0,1.0,1.0,1.0,0.46292996988425267,1.9398975167355286,0.0,1.0,1.0,1.0,999,0,0,0,0,0,86,0,0,0,0,83,86,86,core
3g2z_3g2z_conf0,generation,qwen_1p7b_4e_step29600,fixed,1p7b_4e_step29600,qwen_1p7b_4e_step29600_fixed,Qwen 1.7B 4e (step 29600),qwen_1p7b_4e_step29600_fixed,2,13,1000,0.7,1000,1000,0,1.0,1000,1000,0,1.0,"{""all_atoms_connected"":0,""bond_angles"":0,""bond_lengths"":0,""bonds"":0,""double_bond_stereochemistry"":0,""energy_ratio"":0,""file_loads"":0,""inchi_convertible"":0,""internal_steric_clash"":0,""molecular_formula"":0,""no_radicals"":0,""planar_aromatic_rings"":0,""planar_double_bonds"":0,""reference_file_loads"":0,""sanitisation"":0,""tetrahedral_chirality"":0}","{""all_atoms_connected"":0.0,""bond_angles"":0.0,""bond_lengths"":0.0,""bonds"":0.0,""double_bond_stereochemistry"":0.0,""energy_ratio"":0.0,""file_loads"":0.0,""inchi_convertible"":0.0,""internal_steric_clash"":0.0,""molecular_formula"":0.0,""no_radicals"":0.0,""planar_aromatic_rings"":0.0,""planar_double_bonds"":0.0,""reference_file_loads"":0.0,""sanitisation"":0.0,""tetrahedral_chirality"":0.0}",1000,121.71330795844668,0.8194092230445363,1.2743052342194094,13.0,1.3,0.7931007529264683,0.245,7.646616532133091,0.16662000000000002,0.0,2.0,0.2,0.9999971146079947,0.501,1.9999960000013333,0.500002,0.0,1.0,0.1,0.0,1.0,1.0,1.0,0.0,1.0,0.1,0.0,1.0,1.0,1.0,0.0,1000,26.93442544846026,73.92400668800741,43.91459865243567,6.8964465741883805,0.08963993074748303,0.7873247851118442,1.0,1.0,1.0,1.0,0.07583931134422384,0.8202745226927279,1.0,1.0,1.0,1.0,1000,0,0,0,0,0,1000,0,0,0,0,1000,1000,1000,core
3g2z_3g2z_conf0,generation,qwen_1p7b_4e_step29600,dynamic,1p7b_4e_step29600,qwen_1p7b_4e_step29600_dynamic,Qwen 1.7B 4e (step 29600),qwen_1p7b_4e_step29600_dynamic,2,13,24,0.7,24,24,0,1.0,24,24,0,1.0,"{""all_atoms_connected"":0,""bond_angles"":0,""bond_lengths"":0,""bonds"":0,""double_bond_stereochemistry"":0,""energy_ratio"":0,""file_loads"":0,""inchi_convertible"":0,""internal_steric_clash"":0,""molecular_formula"":0,""no_radicals"":0,""planar_aromatic_rings"":0,""planar_double_bonds"":0,""reference_file_loads"":0,""sanitisation"":0,""tetrahedral_chirality"":0}","{""all_atoms_connected"":0.0,""bond_angles"":0.0,""bond_lengths"":0.0,""bonds"":0.0,""double_bond_stereochemistry"":0.0,""energy_ratio"":0.0,""file_loads"":0.0,""inchi_convertible"":0.0,""internal_steric_clash"":0.0,""molecular_formula"":0.0,""no_radicals"":0.0,""planar_aromatic_rings"":0.0,""planar_double_bonds"":0.0,""reference_file_loads"":0.0,""sanitisation"":0.0,""tetrahedral_chirality"":0.0}",24,114.32376901958878,0.8437528830791238,1.2715033058090577,4.0,16.666666666666668,0.8819555782894637,0.4583333333333333,3.3961758375182884,0.3298611111111111,0.0,2.0,8.333333333333334,0.99498482818597,0.5416666666666666,1.9930595659329764,0.5034722222222221,0.0,1.0,4.166666666666667,0.0,1.0,1.0,1.0,0.0,1.0,4.166666666666667,0.0,1.0,1.0,1.0,0.0,24,32.685419826468255,60.55062223125171,43.91909630435555,7.653725271346648,0.27071576853116197,0.642190685529719,0.0,1.0,1.0,1.0,0.21351420550219666,0.6447499414616901,1.0,1.0,1.0,1.0,1000,0,0,0,0,0,24,0,0,0,0,24,24,24,core
3g2z_3g2z_conf0,generation,qwen_1p7b_4e_step29600,chembl_count,1p7b_4e_step29600,qwen_1p7b_4e_step29600_chembl_count,Qwen 1.7B 4e (step 29600),qwen_1p7b_4e_step29600_chembl_count,2,13,6,0.7,6,6,0,1.0,6,6,0,1.0,"{""all_atoms_connected"":0,""bond_angles"":0,""bond_lengths"":0,""bonds"":0,""double_bond_stereochemistry"":0,""energy_ratio"":0,""file_loads"":0,""inchi_convertible"":0,""internal_steric_clash"":0,""molecular_formula"":0,""no_radicals"":0,""planar_aromatic_rings"":0,""planar_double_bonds"":0,""reference_file_loads"":0,""sanitisation"":0,""tetrahedral_chirality"":0}","{""all_atoms_connected"":0.0,""bond_angles"":0.0,""bond_lengths"":0.0,""bonds"":0.0,""double_bond_stereochemistry"":0.0,""energy_ratio"":0.0,""file_loads"":0.0,""inchi_convertible"":0.0,""internal_steric_clash"":0.0,""molecular_formula"":0.0,""no_radicals"":0.0,""planar_aromatic_rings"":0.0,""planar_double_bonds"":0.0,""reference_file_loads"":0.0,""sanitisation"":0.0,""tetrahedral_chirality"":0.0}",6,92.37893033124159,0.8699567925414107,1.2986757394153705,4.0,66.66666666666667,0.8962406251802889,0.5,3.464101615137754,0.33333333333333337,0.75,2.0,33.333333333333336,0.9182958340544894,0.6666666666666666,1.8898815748423097,0.5555555555555556,0.0,1.0,16.666666666666668,0.0,1.0,1.0,1.0,0.0,1.0,16.666666666666668,0.0,1.0,1.0,1.0,0.0,6,36.638035768290905,73.92400668800741,58.135567837179885,11.54187647926653,0.2764568114802732,0.922450560526528,0.0,1.0,1.0,1.0,0.3856323803242618,0.9029452519198178,0.0,1.0,1.0,1.0,1000,0,0,0,0,0,6,0,0,0,0,6,6,6,core
3g31_3g31_conf0,generation,qwen_1p7b_4e_step29600,fixed,1p7b_4e_step29600,qwen_1p7b_4e_step29600_fixed,Qwen 1.7B 4e (step 29600),qwen_1p7b_4e_step29600_fixed,2,17,0,0.7,0,0,0,,1000,0,1000,0.0,"{""all_atoms_connected"":0,""bond_angles"":20,""bond_lengths"":29,""bonds"":0,""double_bond_stereochemistry"":0,""energy_ratio"":10,""file_loads"":0,""inchi_convertible"":0,""internal_steric_clash"":64,""molecular_formula"":0,""no_radicals"":0,""planar_aromatic_rings"":0,""planar_double_bonds"":0,""reference_file_loads"":0,""sanitisation"":0,""tetrahedral_chirality"":1000}","{""all_atoms_connected"":0.0,""bond_angles"":0.02,""bond_lengths"":0.029,""bonds"":0.0,""double_bond_stereochemistry"":0.0,""energy_ratio"":0.01,""file_loads"":0.0,""inchi_convertible"":0.0,""internal_steric_clash"":0.064,""molecular_formula"":0.0,""no_radicals"":0.0,""planar_aromatic_rings"":0.0,""planar_double_bonds"":0.0,""reference_file_loads"":0.0,""sanitisation"":0.0,""tetrahedral_chirality"":1.0}",0,,,,,,,,,,,,,,,,,,,,,,,,,,,,,,,,0,,,,,,,,,,,,,,,,,1000,0,0,0,0,0,1000,0,0,0,0,0,1000,1000,core
3g31_3g31_conf0,generation,qwen_1p7b_4e_step29600,dynamic,1p7b_4e_step29600,qwen_1p7b_4e_step29600_dynamic,Qwen 1.7B 4e (step 29600),qwen_1p7b_4e_step29600_dynamic,2,17,0,0.7,0,0,0,,24,0,24,0.0,"{""all_atoms_connected"":0,""bond_angles"":0,""bond_lengths"":0,""bonds"":0,""double_bond_stereochemistry"":0,""energy_ratio"":0,""file_loads"":0,""inchi_convertible"":0,""internal_steric_clash"":1,""molecular_formula"":0,""no_radicals"":0,""planar_aromatic_rings"":0,""planar_double_bonds"":0,""reference_file_loads"":0,""sanitisation"":0,""tetrahedral_chirality"":24}","{""all_atoms_connected"":0.0,""bond_angles"":0.0,""bond_lengths"":0.0,""bonds"":0.0,""double_bond_stereochemistry"":0.0,""energy_ratio"":0.0,""file_loads"":0.0,""inchi_convertible"":0.0,""internal_steric_clash"":0.041666666666666664,""molecular_formula"":0.0,""no_radicals"":0.0,""planar_aromatic_rings"":0.0,""planar_double_bonds"":0.0,""reference_file_loads"":0.0,""sanitisation"":0.0,""tetrahedral_chirality"":1.0}",0,,,,,,,,,,,,,,,,,,,,,,,,,,,,,,,,0,,,,,,,,,,,,,,,,,1000,0,0,0,0,0,24,0,0,0,0,0,24,24,core
3g31_3g31_conf0,generation,qwen_1p7b_4e_step29600,chembl_count,1p7b_4e_step29600,qwen_1p7b_4e_step29600_chembl_count,Qwen 1.7B 4e (step 29600),qwen_1p7b_4e_step29600_chembl_count,2,17,0,0.7,0,0,0,,8,0,8,0.0,"{""all_atoms_connected"":0,""bond_angles"":0,""bond_lengths"":0,""bonds"":0,""double_bond_stereochemistry"":0,""energy_ratio"":0,""file_loads"":0,""inchi_convertible"":0,""internal_steric_clash"":1,""molecular_formula"":0,""no_radicals"":0,""planar_aromatic_rings"":0,""planar_double_bonds"":0,""reference_file_loads"":0,""sanitisation"":0,""tetrahedral_chirality"":8}","{""all_atoms_connected"":0.0,""bond_angles"":0.0,""bond_lengths"":0.0,""bonds"":0.0,""double_bond_stereochemistry"":0.0,""energy_ratio"":0.0,""file_loads"":0.0,""inchi_convertible"":0.0,""internal_steric_clash"":0.125,""molecular_formula"":0.0,""no_radicals"":0.0,""planar_aromatic_rings"":0.0,""planar_double_bonds"":0.0,""reference_file_loads"":0.0,""sanitisation"":0.0,""tetrahedral_chirality"":1.0}",0,,,,,,,,,,,,,,,,,,,,,,,,,,,,,,,,0,,,,,,,,,,,,,,,,,1000,0,0,0,0,0,8,0,0,0,0,0,8,8,core
3gy4_3gy4_conf0,generation,qwen_1p7b_4e_step29600,fixed,1p7b_4e_step29600,qwen_1p7b_4e_step29600_fixed,Qwen 1.7B 4e (step 29600),qwen_1p7b_4e_step29600_fixed,2,10,999,0.7,999,999,0,1.0,1000,999,1,0.999,"{""all_atoms_connected"":0,""bond_angles"":0,""bond_lengths"":0,""bonds"":0,""double_bond_stereochemistry"":0,""energy_ratio"":1,""file_loads"":0,""inchi_convertible"":0,""internal_steric_clash"":0,""molecular_formula"":0,""no_radicals"":0,""planar_aromatic_rings"":0,""planar_double_bonds"":0,""reference_file_loads"":0,""sanitisation"":0,""tetrahedral_chirality"":0}","{""all_atoms_connected"":0.0,""bond_angles"":0.0,""bond_lengths"":0.0,""bonds"":0.0,""double_bond_stereochemistry"":0.0,""energy_ratio"":0.001,""file_loads"":0.0,""inchi_convertible"":0.0,""internal_steric_clash"":0.0,""molecular_formula"":0.0,""no_radicals"":0.0,""planar_aromatic_rings"":0.0,""planar_double_bonds"":0.0,""reference_file_loads"":0.0,""sanitisation"":0.0,""tetrahedral_chirality"":0.0}",999,120.0031991627355,0.10828259173375895,0.20298050667419457,1.0,0.1001001001001001,0.0,1.0,1.0,1.0,0.0,1.0,0.1001001001001001,0.0,1.0,1.0,1.0,0.0,1.0,0.1001001001001001,0.0,1.0,1.0,1.0,0.0,1.0,0.1001001001001001,0.0,1.0,1.0,1.0,0.0,999,21.77481371063843,43.666793980476896,30.163130079323807,3.2459505578696755,0.03642859355133089,0.13992411137151556,1.0,1.0,1.0,1.0,0.0481474481500709,0.11223575253436946,1.0,1.0,1.0,1.0,1000,0,0,0,0,0,1000,0,0,0,0,999,1000,1000,core
3gy4_3gy4_conf0,generation,qwen_1p7b_4e_step29600,dynamic,1p7b_4e_step29600,qwen_1p7b_4e_step29600_dynamic,Qwen 1.7B 4e (step 29600),qwen_1p7b_4e_step29600_dynamic,2,10,24,0.7,24,24,0,1.0,24,24,0,1.0,"{""all_atoms_connected"":0,""bond_angles"":0,""bond_lengths"":0,""bonds"":0,""double_bond_stereochemistry"":0,""energy_ratio"":0,""file_loads"":0,""inchi_convertible"":0,""internal_steric_clash"":0,""molecular_formula"":0,""no_radicals"":0,""planar_aromatic_rings"":0,""planar_double_bonds"":0,""reference_file_loads"":0,""sanitisation"":0,""tetrahedral_chirality"":0}","{""all_atoms_connected"":0.0,""bond_angles"":0.0,""bond_lengths"":0.0,""bonds"":0.0,""double_bond_stereochemistry"":0.0,""energy_ratio"":0.0,""file_loads"":0.0,""inchi_convertible"":0.0,""internal_steric_clash"":0.0,""molecular_formula"":0.0,""no_radicals"":0.0,""planar_aromatic_rings"":0.0,""planar_double_bonds"":0.0,""reference_file_loads"":0.0,""sanitisation"":0.0,""tetrahedral_chirality"":0.0}",24,107.53509049524763,0.08186170597727409,0.1548942002607673,1.0,4.166666666666667,0.0,1.0,1.0,1.0,0.0,1.0,4.166666666666667,0.0,1.0,1.0,1.0,0.0,1.0,4.166666666666667,0.0,1.0,1.0,1.0,0.0,1.0,4.166666666666667,0.0,1.0,1.0,1.0,0.0,24,25.823260666352233,35.91720847069852,31.189332754533485,2.7199751058365838,0.05834209024738021,0.13978229473247444,1.0,1.0,1.0,1.0,0.07769814241401699,0.11144418474842249,1.0,1.0,1.0,1.0,1000,0,0,0,0,0,24,0,0,0,0,24,24,24,core
3gy4_3gy4_conf0,generation,qwen_1p7b_4e_step29600,chembl_count,1p7b_4e_step29600,qwen_1p7b_4e_step29600_chembl_count,Qwen 1.7B 4e (step 29600),qwen_1p7b_4e_step29600_chembl_count,2,10,1,0.7,1,1,0,1.0,1,1,0,1.0,"{""all_atoms_connected"":0,""bond_angles"":0,""bond_lengths"":0,""bonds"":0,""double_bond_stereochemistry"":0,""energy_ratio"":0,""file_loads"":0,""inchi_convertible"":0,""internal_steric_clash"":0,""molecular_formula"":0,""no_radicals"":0,""planar_aromatic_rings"":0,""planar_double_bonds"":0,""reference_file_loads"":0,""sanitisation"":0,""tetrahedral_chirality"":0}","{""all_atoms_connected"":0.0,""bond_angles"":0.0,""bond_lengths"":0.0,""bonds"":0.0,""double_bond_stereochemistry"":0.0,""energy_ratio"":0.0,""file_loads"":0.0,""inchi_convertible"":0.0,""internal_steric_clash"":0.0,""molecular_formula"":0.0,""no_radicals"":0.0,""planar_aromatic_rings"":0.0,""planar_double_bonds"":0.0,""reference_file_loads"":0.0,""sanitisation"":0.0,""tetrahedral_chirality"":0.0}",1,0.0,,,1.0,100.0,0.0,1.0,1.0,1.0,1.0,1.0,100.0,0.0,1.0,1.0,1.0,1.0,1.0,100.0,0.0,1.0,1.0,1.0,1.0,1.0,100.0,0.0,1.0,1.0,1.0,1.0,1,31.620110004469336,31.620110004469336,31.620110004469336,0.0,0.2878195905226722,0.2878195905226722,0.0,1.0,1.0,1.0,0.2462023774112703,0.2462023774112703,1.0,1.0,1.0,1.0,1000,0,0,0,0,0,1,0,0,0,0,1,1,1,core
3jvs_3jvs_conf0,generation,qwen_1p7b_4e_step29600,fixed,1p7b_4e_step29600,qwen_1p7b_4e_step29600_fixed,Qwen 1.7B 4e (step 29600),qwen_1p7b_4e_step29600_fixed,3,30,798,0.7,798,795,3,0.9962406015037594,999,798,201,0.7987987987987988,"{""all_atoms_connected"":0,""bond_angles"":3,""bond_lengths"":0,""bonds"":0,""double_bond_stereochemistry"":0,""energy_ratio"":5,""file_loads"":0,""inchi_convertible"":0,""internal_steric_clash"":200,""molecular_formula"":0,""no_radicals"":0,""planar_aromatic_rings"":1,""planar_double_bonds"":0,""reference_file_loads"":0,""sanitisation"":0,""tetrahedral_chirality"":0}","{""all_atoms_connected"":0.0,""bond_angles"":0.003003003003003003,""bond_lengths"":0.0,""bonds"":0.0,""double_bond_stereochemistry"":0.0,""energy_ratio"":0.005005005005005005,""file_loads"":0.0,""inchi_convertible"":0.0,""internal_steric_clash"":0.2002002002002002,""molecular_formula"":0.0,""no_radicals"":0.0,""planar_aromatic_rings"":0.001001001001001001,""planar_double_bonds"":0.0,""reference_file_loads"":0.0,""sanitisation"":0.0,""tetrahedral_chirality"":0.0}",798,115.24801602050644,2.0832946318832692,2.711176210225469,502.0,62.907268170426065,0.9707592022384435,0.012531328320802004,418.5361605071484,0.003018197121877375,0.6713147410358565,128.0,16.040100250626566,0.9100572794461732,0.042606516290726815,82.73357141297237,0.016152536730296915,0.2578125,12.0,1.5037593984962405,0.8010281369630795,0.21679197994987467,7.31904711685647,0.15635894246895438,0.0,3.0,0.37593984962406013,0.730893028159637,0.5889724310776943,2.2321562854664454,0.4877544739040584,0.0,798,96.27283133562591,279.9126784704897,118.59264784231057,12.38027424608235,0.6066216431412992,2.177145257694444,0.0,0.0,1.0,1.0,0.6235788567164043,2.160271478070853,0.0,0.0,1.0,1.0,999,0,0,0,0,0,999,0,0,0,0,798,1000,1000,core
3jvs_3jvs_conf0,generation,qwen_1p7b_4e_step29600,dynamic,1p7b_4e_step29600,qwen_1p7b_4e_step29600_dynamic,Qwen 1.7B 4e (step 29600),qwen_1p7b_4e_step29600_dynamic,3,30,39,0.7,39,38,1,0.9743589743589743,46,39,7,0.8478260869565217,"{""all_atoms_connected"":0,""bond_angles"":0,""bond_lengths"":0,""bonds"":0,""double_bond_stereochemistry"":0,""energy_ratio"":0,""file_loads"":0,""inchi_convertible"":0,""internal_steric_clash"":7,""molecular_formula"":0,""no_radicals"":0,""planar_aromatic_rings"":0,""planar_double_bonds"":0,""reference_file_loads"":0,""sanitisation"":0,""tetrahedral_chirality"":0}","{""all_atoms_connected"":0.0,""bond_angles"":0.0,""bond_lengths"":0.0,""bonds"":0.0,""double_bond_stereochemistry"":0.0,""energy_ratio"":0.0,""file_loads"":0.0,""inchi_convertible"":0.0,""internal_steric_clash"":0.15217391304347827,""molecular_formula"":0.0,""no_radicals"":0.0,""planar_aromatic_rings"":0.0,""planar_double_bonds"":0.0,""reference_file_loads"":0.0,""sanitisation"":0.0,""tetrahedral_chirality"":0.0}",39,111.14634766867931,2.157030747289767,3.3471722157339974,37.0,94.87179487179488,0.994890970805803,0.05128205128205128,36.32367118876135,0.028270874424720566,0.9459459459459459,27.0,69.23076923076923,0.9591535616191322,0.10256410256410256,23.59922018657014,0.049309664694280074,0.7407407407407407,7.0,17.94871794871795,0.7244518263783126,0.41025641025641024,4.0948011686058745,0.31097961867192625,0.42857142857142855,2.0,5.128205128205129,0.3912435636292556,0.9230769230769231,1.3115234140474163,0.8579881656804735,0.0,39,98.75727122049886,155.0873055938581,119.48729542642923,11.776521722902707,1.1804769507284736,2.2420920375401536,0.0,0.0,0.0,1.0,1.0897449433066086,2.203898872361625,0.0,0.0,0.0,1.0,999,0,0,0,0,0,46,0,0,0,0,39,46,46,core
3jvs_3jvs_conf0,generation,qwen_1p7b_4e_step29600,chembl_count,1p7b_4e_step29600,qwen_1p7b_4e_step29600_chembl_count,Qwen 1.7B 4e (step 29600),qwen_1p7b_4e_step29600_chembl_count,3,30,33,0.7,33,33,0,1.0,40,33,7,0.825,"{""all_atoms_connected"":0,""bond_angles"":0,""bond_lengths"":0,""bonds"":0,""double_bond_stereochemistry"":0,""energy_ratio"":0,""file_loads"":0,""inchi_convertible"":0,""internal_steric_clash"":7,""molecular_formula"":0,""no_radicals"":0,""planar_aromatic_rings"":0,""planar_double_bonds"":0,""reference_file_loads"":0,""sanitisation"":0,""tetrahedral_chirality"":0}","{""all_atoms_connected"":0.0,""bond_angles"":0.0,""bond_lengths"":0.0,""bonds"":0.0,""double_bond_stereochemistry"":0.0,""energy_ratio"":0.0,""file_loads"":0.0,""inchi_convertible"":0.0,""internal_steric_clash"":0.175,""molecular_formula"":0.0,""no_radicals"":0.0,""planar_aromatic_rings"":0.0,""planar_double_bonds"":0.0,""reference_file_loads"":0.0,""sanitisation"":0.0,""tetrahedral_chirality"":0.0}",33,109.03357427815791,2.1256435469918737,2.9121999414145674,32.0,96.96969696969697,0.9967576117504786,0.06060606060606061,31.642420506168417,0.03213957759412306,0.96875,23.0,69.6969696969697,0.9659881790469406,0.09090909090909091,20.67345164826295,0.054178145087235986,0.6956521739130435,5.0,15.151515151515152,0.8087935608933084,0.3333333333333333,3.675550878101656,0.2966023875114784,0.4,2.0,6.0606060606060606,0.43949698692151334,0.9090909090909091,1.3561314133862727,0.8347107438016528,0.0,33,104.15577995456566,154.70546168505246,117.30476981162724,9.865399536151465,1.321056319043209,2.1153973982918632,0.0,0.0,0.0,1.0,1.3663396812709037,2.1033658632523,0.0,0.0,0.0,1.0,999,0,0,0,0,0,40,0,0,0,0,33,40,40,core
3k5v_3k5v_conf0,generation,qwen_1p7b_4e_step29600,fixed,1p7b_4e_step29600,qwen_1p7b_4e_step29600_fixed,Qwen 1.7B 4e (step 29600),qwen_1p7b_4e_step29600_fixed,5,27,879,0.7,879,878,1,0.9988623435722411,998,879,119,0.8807615230460922,"{""all_atoms_connected"":0,""bond_angles"":103,""bond_lengths"":92,""bonds"":0,""double_bond_stereochemistry"":0,""energy_ratio"":51,""file_loads"":0,""inchi_convertible"":0,""internal_steric_clash"":41,""molecular_formula"":0,""no_radicals"":0,""planar_aromatic_rings"":61,""planar_double_bonds"":0,""reference_file_loads"":0,""sanitisation"":0,""tetrahedral_chirality"":0}","{""all_atoms_connected"":0.0,""bond_angles"":0.10320641282565131,""bond_lengths"":0.09218436873747494,""bonds"":0.0,""double_bond_stereochemistry"":0.0,""energy_ratio"":0.05110220440881764,""file_loads"":0.0,""inchi_convertible"":0.0,""internal_steric_clash"":0.041082164328657314,""molecular_formula"":0.0,""no_radicals"":0.0,""planar_aromatic_rings"":0.061122244488977955,""planar_double_bonds"":0.0,""reference_file_loads"":0.0,""sanitisation"":0.0,""tetrahedral_chirality"":0.0}",879,115.51302730486873,1.4451721607763575,1.9349882404479535,233.0,26.507394766780433,0.90376258082407,0.03981797497155859,137.88838878022577,0.01112159463450684,0.4248927038626609,28.0,3.185437997724687,0.8019749708162746,0.15699658703071673,14.473865079177925,0.08821561371969648,0.10714285714285714,3.0,0.3412969283276451,0.710920120248584,0.515358361774744,2.1837106882687927,0.4804547001777022,0.0,1.0,0.11376564277588168,0.0,1.0,1.0,1.0,0.0,879,37.383348602549596,1104.6716924945492,56.091932247206856,48.69451638292335,0.2777413817570182,1.4365790042695923,0.0,1.0,1.0,1.0,0.31962183977408487,1.4935231601671657,0.0,1.0,1.0,1.0,998,0,0,0,0,0,998,0,0,0,0,879,1000,1000,core
3k5v_3k5v_conf0,generation,qwen_1p7b_4e_step29600,dynamic,1p7b_4e_step29600,qwen_1p7b_4e_step29600_dynamic,Qwen 1.7B 4e (step 29600),qwen_1p7b_4e_step29600_dynamic,5,27,78,0.7,78,78,0,1.0,90,78,12,0.8666666666666667,"{""all_atoms_connected"":0,""bond_angles"":10,""bond_lengths"":8,""bonds"":0,""double_bond_stereochemistry"":0,""energy_ratio"":3,""file_loads"":0,""inchi_convertible"":0,""internal_steric_clash"":4,""molecular_formula"":0,""no_radicals"":0,""planar_aromatic_rings"":7,""planar_double_bonds"":0,""reference_file_loads"":0,""sanitisation"":0,""tetrahedral_chirality"":0}","{""all_atoms_connected"":0.0,""bond_angles"":0.1111111111111111,""bond_lengths"":0.08888888888888889,""bonds"":0.0,""double_bond_stereochemistry"":0.0,""energy_ratio"":0.03333333333333333,""file_loads"":0.0,""inchi_convertible"":0.0,""internal_steric_clash"":0.044444444444444446,""molecular_formula"":0.0,""no_radicals"":0.0,""planar_aromatic_rings"":0.07777777777777778,""planar_double_bonds"":0.0,""reference_file_loads"":0.0,""sanitisation"":0.0,""tetrahedral_chirality"":0.0}",78,114.3594127026467,1.3673239028914583,1.8475930742329916,41.0,52.56410256410256,0.9470405448141325,0.07692307692307693,33.679970492428254,0.035831689677843524,0.5609756097560976,12.0,15.384615384615385,0.7912480796028486,0.3076923076923077,7.143319716865231,0.18639053254437873,0.25,2.0,2.5641025641025643,0.9520402801398793,0.6282051282051282,1.934606672818638,0.5328731097961867,0.0,1.0,1.2820512820512822,0.0,1.0,1.0,1.0,0.0,78,37.383348602549596,86.79926654895205,53.69444774185712,9.246231921933198,0.3074939221825721,1.3110564903323152,0.0,1.0,1.0,1.0,0.3470142929897192,1.4080204570036656,0.0,1.0,1.0,1.0,998,0,0,0,0,0,90,0,0,0,0,78,90,90,core
3k5v_3k5v_conf0,generation,qwen_1p7b_4e_step29600,chembl_count,1p7b_4e_step29600,qwen_1p7b_4e_step29600_chembl_count,Qwen 1.7B 4e (step 29600),qwen_1p7b_4e_step29600_chembl_count,5,27,171,0.7,171,171,0,1.0,200,171,29,0.855,"{""all_atoms_connected"":0,""bond_angles"":24,""bond_lengths"":19,""bonds"":0,""double_bond_stereochemistry"":0,""energy_ratio"":12,""file_loads"":0,""inchi_convertible"":0,""internal_steric_clash"":13,""molecular_formula"":0,""no_radicals"":0,""planar_aromatic_rings"":15,""planar_double_bonds"":0,""reference_file_loads"":0,""sanitisation"":0,""tetrahedral_chirality"":0}","{""all_atoms_connected"":0.0,""bond_angles"":0.12,""bond_lengths"":0.095,""bonds"":0.0,""double_bond_stereochemistry"":0.0,""energy_ratio"":0.06,""file_loads"":0.0,""inchi_convertible"":0.0,""internal_steric_clash"":0.065,""molecular_formula"":0.0,""no_radicals"":0.0,""planar_aromatic_rings"":0.075,""planar_double_bonds"":0.0,""reference_file_loads"":0.0,""sanitisation"":0.0,""tetrahedral_chirality"":0.0}",171,113.41881501122043,1.4749234808006941,1.9869548936625039,87.0,50.87719298245614,0.9395479108143041,0.06432748538011696,66.41577760373112,0.020348141308436773,0.5977011494252874,18.0,10.526315789473685,0.8490966457553655,0.15204678362573099,11.637177901877852,0.10091994117848227,0.3333333333333333,2.0,1.1695906432748537,0.5373760853377335,0.8771929824561403,1.451330494975039,0.7845490920283162,0.0,1.0,0.5847953216374269,0.0,1.0,1.0,1.0,0.0,171,37.50310174946003,175.0889373967119,55.89169355659059,18.078964688230588,0.30668865386127253,1.473928120354667,0.0,1.0,1.0,1.0,0.328890266681785,1.5292587907160804,0.0,1.0,1.0,1.0,998,0,0,0,0,0,200,0,0,0,0,171,200,200,core
3kgp_3kgp_conf0,generation,qwen_1p7b_4e_step29600,fixed,1p7b_4e_step29600,qwen_1p7b_4e_step29600_fixed,Qwen 1.7B 4e (step 29600),qwen_1p7b_4e_step29600_fixed,3,11,999,0.7,999,999,0,1.0,1000,999,1,0.999,"{""all_atoms_connected"":0,""bond_angles"":1,""bond_lengths"":1,""bonds"":0,""double_bond_stereochemistry"":0,""energy_ratio"":0,""file_loads"":0,""inchi_convertible"":0,""internal_steric_clash"":0,""molecular_formula"":0,""no_radicals"":0,""planar_aromatic_rings"":1,""planar_double_bonds"":0,""reference_file_loads"":0,""sanitisation"":0,""tetrahedral_chirality"":0}","{""all_atoms_connected"":0.0,""bond_angles"":0.001,""bond_lengths"":0.001,""bonds"":0.0,""double_bond_stereochemistry"":0.0,""energy_ratio"":0.0,""file_loads"":0.0,""inchi_convertible"":0.0,""internal_steric_clash"":0.0,""molecular_formula"":0.0,""no_radicals"":0.0,""planar_aromatic_rings"":0.001,""planar_double_bonds"":0.0,""reference_file_loads"":0.0,""sanitisation"":0.0,""tetrahedral_chirality"":0.0}",999,101.90000288846329,0.4430410460666578,0.6579833814479576,4.0,0.4004004004004004,0.9696893440993846,0.3103103103103103,3.835404364326173,0.2687983278573869,0.0,1.0,0.1001001001001001,0.0,1.0,1.0,1.0,0.0,1.0,0.1001001001001001,0.0,1.0,1.0,1.0,0.0,1.0,0.1001001001001001,0.0,1.0,1.0,1.0,0.0,999,-22.48127963655584,10.443479362140128,-9.609698732967715,5.771699373435444,0.12288346336134184,0.4654679685445704,1.0,1.0,1.0,1.0,0.07663844442856718,0.4603430822289978,1.0,1.0,1.0,1.0,1000,0,0,0,0,0,1000,0,0,0,0,999,1000,1000,core
3kgp_3kgp_conf0,generation,qwen_1p7b_4e_step29600,dynamic,1p7b_4e_step29600,qwen_1p7b_4e_step29600_dynamic,Qwen 1.7B 4e (step 29600),qwen_1p7b_4e_step29600_dynamic,3,11,46,0.7,46,46,0,1.0,46,46,0,1.0,"{""all_atoms_connected"":0,""bond_angles"":0,""bond_lengths"":0,""bonds"":0,""double_bond_stereochemistry"":0,""energy_ratio"":0,""file_loads"":0,""inchi_convertible"":0,""internal_steric_clash"":0,""molecular_formula"":0,""no_radicals"":0,""planar_aromatic_rings"":0,""planar_double_bonds"":0,""reference_file_loads"":0,""sanitisation"":0,""tetrahedral_chirality"":0}","{""all_atoms_connected"":0.0,""bond_angles"":0.0,""bond_lengths"":0.0,""bonds"":0.0,""double_bond_stereochemistry"":0.0,""energy_ratio"":0.0,""file_loads"":0.0,""inchi_convertible"":0.0,""internal_steric_clash"":0.0,""molecular_formula"":0.0,""no_radicals"":0.0,""planar_aromatic_rings"":0.0,""planar_double_bonds"":0.0,""reference_file_loads"":0.0,""sanitisation"":0.0,""tetrahedral_chirality"":0.0}",46,108.30134689959621,0.44971889181345226,0.6499891304793463,3.0,6.521739130434782,0.984117622420315,0.41304347826086957,2.9481083090294584,0.34499054820415875,0.0,1.0,2.1739130434782608,0.0,1.0,1.0,1.0,0.0,1.0,2.1739130434782608,0.0,1.0,1.0,1.0,0.0,1.0,2.1739130434782608,0.0,1.0,1.0,1.0,0.0,46,-20.366764251103305,4.343033149916128,-8.152567542231274,5.355620137705386,0.15947912041433668,0.4935697283800814,1.0,1.0,1.0,1.0,0.07938858601275663,0.47268955793620515,1.0,1.0,1.0,1.0,1000,0,0,0,0,0,46,0,0,0,0,46,46,46,core
3kgp_3kgp_conf0,generation,qwen_1p7b_4e_step29600,chembl_count,1p7b_4e_step29600,qwen_1p7b_4e_step29600_chembl_count,Qwen 1.7B 4e (step 29600),qwen_1p7b_4e_step29600_chembl_count,3,11,1,0.7,1,1,0,1.0,1,1,0,1.0,"{""all_atoms_connected"":0,""bond_angles"":0,""bond_lengths"":0,""bonds"":0,""double_bond_stereochemistry"":0,""energy_ratio"":0,""file_loads"":0,""inchi_convertible"":0,""internal_steric_clash"":0,""molecular_formula"":0,""no_radicals"":0,""planar_aromatic_rings"":0,""planar_double_bonds"":0,""reference_file_loads"":0,""sanitisation"":0,""tetrahedral_chirality"":0}","{""all_atoms_connected"":0.0,""bond_angles"":0.0,""bond_lengths"":0.0,""bonds"":0.0,""double_bond_stereochemistry"":0.0,""energy_ratio"":0.0,""file_loads"":0.0,""inchi_convertible"":0.0,""internal_steric_clash"":0.0,""molecular_formula"":0.0,""no_radicals"":0.0,""planar_aromatic_rings"":0.0,""planar_double_bonds"":0.0,""reference_file_loads"":0.0,""sanitisation"":0.0,""tetrahedral_chirality"":0.0}",1,0.0,,,1.0,100.0,0.0,1.0,1.0,1.0,1.0,1.0,100.0,0.0,1.0,1.0,1.0,1.0,1.0,100.0,0.0,1.0,1.0,1.0,1.0,1.0,100.0,0.0,1.0,1.0,1.0,1.0,1,-6.542972605103152,-6.542972605103152,-6.542972605103152,0.0,0.613283352320238,0.613283352320238,0.0,0.0,1.0,1.0,0.5960539991324595,0.5960539991324595,0.0,0.0,1.0,1.0,1000,0,0,0,0,0,1,0,0,0,0,1,1,1,core
3lka_3lka_conf0,generation,qwen_1p7b_4e_step29600,fixed,1p7b_4e_step29600,qwen_1p7b_4e_step29600_fixed,Qwen 1.7B 4e (step 29600),qwen_1p7b_4e_step29600_fixed,3,12,1000,0.7,1000,1000,0,1.0,1000,1000,0,1.0,"{""all_atoms_connected"":0,""bond_angles"":0,""bond_lengths"":0,""bonds"":0,""double_bond_stereochemistry"":0,""energy_ratio"":0,""file_loads"":0,""inchi_convertible"":0,""internal_steric_clash"":0,""molecular_formula"":0,""no_radicals"":0,""planar_aromatic_rings"":0,""planar_double_bonds"":0,""reference_file_loads"":0,""sanitisation"":0,""tetrahedral_chirality"":0}","{""all_atoms_connected"":0.0,""bond_angles"":0.0,""bond_lengths"":0.0,""bonds"":0.0,""double_bond_stereochemistry"":0.0,""energy_ratio"":0.0,""file_loads"":0.0,""inchi_convertible"":0.0,""internal_steric_clash"":0.0,""molecular_formula"":0.0,""no_radicals"":0.0,""planar_aromatic_rings"":0.0,""planar_double_bonds"":0.0,""reference_file_loads"":0.0,""sanitisation"":0.0,""tetrahedral_chirality"":0.0}",1000,102.57935313800381,0.5279344408564506,0.8170764157687921,4.0,0.4,0.9248012739199514,0.421,3.604008835020874,0.30274199999999996,0.0,1.0,0.1,0.0,1.0,1.0,1.0,0.0,1.0,0.1,0.0,1.0,1.0,1.0,0.0,1.0,0.1,0.0,1.0,1.0,1.0,0.0,1000,22.23059102358825,50.495192481747864,29.91995475385654,3.903412007004346,0.11337718015765877,0.6264676056398304,1.0,1.0,1.0,1.0,0.4619348132262418,0.7031500566351532,0.0,1.0,1.0,1.0,1000,0,0,0,0,0,1000,0,0,0,0,1000,1000,1000,core
3lka_3lka_conf0,generation,qwen_1p7b_4e_step29600,dynamic,1p7b_4e_step29600,qwen_1p7b_4e_step29600_dynamic,Qwen 1.7B 4e (step 29600),qwen_1p7b_4e_step29600_dynamic,3,12,46,0.7,46,46,0,1.0,46,46,0,1.0,"{""all_atoms_connected"":0,""bond_angles"":0,""bond_lengths"":0,""bonds"":0,""double_bond_stereochemistry"":0,""energy_ratio"":0,""file_loads"":0,""inchi_convertible"":0,""internal_steric_clash"":0,""molecular_formula"":0,""no_radicals"":0,""planar_aromatic_rings"":0,""planar_double_bonds"":0,""reference_file_loads"":0,""sanitisation"":0,""tetrahedral_chirality"":0}","{""all_atoms_connected"":0.0,""bond_angles"":0.0,""bond_lengths"":0.0,""bonds"":0.0,""double_bond_stereochemistry"":0.0,""energy_ratio"":0.0,""file_loads"":0.0,""inchi_convertible"":0.0,""internal_steric_clash"":0.0,""molecular_formula"":0.0,""no_radicals"":0.0,""planar_aromatic_rings"":0.0,""planar_double_bonds"":0.0,""reference_file_loads"":0.0,""sanitisation"":0.0,""tetrahedral_chirality"":0.0}",46,97.9679903802646,0.5338705870911422,0.8238887864907022,4.0,8.695652173913043,0.9341835270783149,0.34782608695652173,3.6511907812944306,0.29206049149338376,0.0,1.0,2.1739130434782608,0.0,1.0,1.0,1.0,0.0,1.0,2.1739130434782608,0.0,1.0,1.0,1.0,0.0,1.0,2.1739130434782608,0.0,1.0,1.0,1.0,0.0,46,23.621733967502585,42.10827117195696,30.636571079150805,3.6357947077121104,0.12538021774952066,0.6166595555049577,1.0,1.0,1.0,1.0,0.49021271193776766,0.7013996192422052,0.0,1.0,1.0,1.0,1000,0,0,0,0,0,46,0,0,0,0,46,46,46,core
3lka_3lka_conf0,generation,qwen_1p7b_4e_step29600,chembl_count,1p7b_4e_step29600,qwen_1p7b_4e_step29600_chembl_count,Qwen 1.7B 4e (step 29600),qwen_1p7b_4e_step29600_chembl_count,3,12,4,0.7,4,4,0,1.0,4,4,0,1.0,"{""all_atoms_connected"":0,""bond_angles"":0,""bond_lengths"":0,""bonds"":0,""double_bond_stereochemistry"":0,""energy_ratio"":0,""file_loads"":0,""inchi_convertible"":0,""internal_steric_clash"":0,""molecular_formula"":0,""no_radicals"":0,""planar_aromatic_rings"":0,""planar_double_bonds"":0,""reference_file_loads"":0,""sanitisation"":0,""tetrahedral_chirality"":0}","{""all_atoms_connected"":0.0,""bond_angles"":0.0,""bond_lengths"":0.0,""bonds"":0.0,""double_bond_stereochemistry"":0.0,""energy_ratio"":0.0,""file_loads"":0.0,""inchi_convertible"":0.0,""internal_steric_clash"":0.0,""molecular_formula"":0.0,""no_radicals"":0.0,""planar_aromatic_rings"":0.0,""planar_double_bonds"":0.0,""reference_file_loads"":0.0,""sanitisation"":0.0,""tetrahedral_chirality"":0.0}",4,60.50248633033934,0.4224361746802516,0.7644284782707604,2.0,50.0,0.8112781244591328,0.75,1.7547653506033232,0.625,0.5,1.0,25.0,0.0,1.0,1.0,1.0,0.0,1.0,25.0,0.0,1.0,1.0,1.0,0.0,1.0,25.0,0.0,1.0,1.0,1.0,0.0,4,25.15120278058281,38.76470731755513,29.17647181303768,5.019791351596607,0.16034256469528949,0.19312363632982976,1.0,1.0,1.0,1.0,0.521721147724668,0.5398566177303791,0.0,0.0,1.0,1.0,1000,0,0,0,0,0,4,0,0,0,0,4,4,4,core
3nx7_3nx7_conf0,generation,qwen_1p7b_4e_step29600,fixed,1p7b_4e_step29600,qwen_1p7b_4e_step29600_fixed,Qwen 1.7B 4e (step 29600),qwen_1p7b_4e_step29600_fixed,9,20,866,0.7,866,864,2,0.9976905311778291,1000,866,134,0.866,"{""all_atoms_connected"":0,""bond_angles"":3,""bond_lengths"":4,""bonds"":0,""double_bond_stereochemistry"":0,""energy_ratio"":13,""file_loads"":0,""inchi_convertible"":0,""internal_steric_clash"":129,""molecular_formula"":0,""no_radicals"":0,""planar_aromatic_rings"":2,""planar_double_bonds"":0,""reference_file_loads"":0,""sanitisation"":0,""tetrahedral_chirality"":0}","{""all_atoms_connected"":0.0,""bond_angles"":0.003,""bond_lengths"":0.004,""bonds"":0.0,""double_bond_stereochemistry"":0.0,""energy_ratio"":0.013,""file_loads"":0.0,""inchi_convertible"":0.0,""internal_steric_clash"":0.129,""molecular_formula"":0.0,""no_radicals"":0.0,""planar_aromatic_rings"":0.002,""planar_double_bonds"":0.0,""reference_file_loads"":0.0,""sanitisation"":0.0,""tetrahedral_chirality"":0.0}",866,105.06734852559879,1.793047709083845,2.401207527604163,398.0,45.95842956120092,0.9516597830534694,0.015011547344110854,297.9916948866019,0.004565601181936007,0.5251256281407035,49.0,5.658198614318707,0.9082218391753956,0.06466512702078522,34.28254007620756,0.035586087717146074,0.061224489795918366,3.0,0.3464203233256351,0.9721849988709496,0.44110854503464203,2.9097128129880296,0.3538394252462811,0.0,1.0,0.11547344110854503,0.0,1.0,1.0,1.0,0.0,866,1.8351746441271182,330.3453291736556,19.163380699860312,14.753316313343356,0.49921915015705176,1.7894290469574123,0.0,1.0,1.0,1.0,0.4302474397972868,1.8005901278364211,0.0,1.0,1.0,1.0,1000,0,0,0,0,0,1000,0,0,0,0,866,1000,1000,core
3nx7_3nx7_conf0,generation,qwen_1p7b_4e_step29600,dynamic,1p7b_4e_step29600,qwen_1p7b_4e_step29600_dynamic,Qwen 1.7B 4e (step 29600),qwen_1p7b_4e_step29600_dynamic,9,20,155,0.7,155,155,0,1.0,178,155,23,0.8707865168539326,"{""all_atoms_connected"":0,""bond_angles"":0,""bond_lengths"":0,""bonds"":0,""double_bond_stereochemistry"":0,""energy_ratio"":5,""file_loads"":0,""inchi_convertible"":0,""internal_steric_clash"":23,""molecular_formula"":0,""no_radicals"":0,""planar_aromatic_rings"":0,""planar_double_bonds"":0,""reference_file_loads"":0,""sanitisation"":0,""tetrahedral_chirality"":0}","{""all_atoms_connected"":0.0,""bond_angles"":0.0,""bond_lengths"":0.0,""bonds"":0.0,""double_bond_stereochemistry"":0.0,""energy_ratio"":0.028089887640449437,""file_loads"":0.0,""inchi_convertible"":0.0,""internal_steric_clash"":0.12921348314606743,""molecular_formula"":0.0,""no_radicals"":0.0,""planar_aromatic_rings"":0.0,""planar_double_bonds"":0.0,""reference_file_loads"":0.0,""sanitisation"":0.0,""tetrahedral_chirality"":0.0}",155,104.65702088075977,1.7598862080432975,2.3613236879291923,125.0,80.64516129032258,0.9843318651962945,0.025806451612903226,115.89250341854209,0.009531737773152964,0.808,29.0,18.70967741935484,0.9404292896570583,0.07741935483870968,23.729135176186567,0.04774193548387096,0.10344827586206896,3.0,1.935483870967742,0.976987870085782,0.41935483870967744,2.925106469808602,0.34976066597294486,0.0,1.0,0.6451612903225806,0.0,1.0,1.0,1.0,0.0,155,3.256092854717366,62.27787342851136,18.459051632288265,10.087009850143053,0.6240085930383703,1.716126929974316,0.0,0.0,1.0,1.0,0.6092368084490002,1.7607742795977326,0.0,0.0,1.0,1.0,1000,0,0,0,0,0,178,0,0,0,0,155,178,178,core
3nx7_3nx7_conf0,generation,qwen_1p7b_4e_step29600,chembl_count,1p7b_4e_step29600,qwen_1p7b_4e_step29600_chembl_count,Qwen 1.7B 4e (step 29600),qwen_1p7b_4e_step29600_chembl_count,9,20,95,0.7,95,95,0,1.0,111,95,16,0.8558558558558559,"{""all_atoms_connected"":0,""bond_angles"":0,""bond_lengths"":0,""bonds"":0,""double_bond_stereochemistry"":0,""energy_ratio"":1,""file_loads"":0,""inchi_convertible"":0,""internal_steric_clash"":16,""molecular_formula"":0,""no_radicals"":0,""planar_aromatic_rings"":0,""planar_double_bonds"":0,""reference_file_loads"":0,""sanitisation"":0,""tetrahedral_chirality"":0}","{""all_atoms_connected"":0.0,""bond_angles"":0.0,""bond_lengths"":0.0,""bonds"":0.0,""double_bond_stereochemistry"":0.0,""energy_ratio"":0.009009009009009009,""file_loads"":0.0,""inchi_convertible"":0.0,""internal_steric_clash"":0.14414414414414414,""molecular_formula"":0.0,""no_radicals"":0.0,""planar_aromatic_rings"":0.0,""planar_double_bonds"":0.0,""reference_file_loads"":0.0,""sanitisation"":0.0,""tetrahedral_chirality"":0.0}",95,102.81516303399218,1.7452799114575392,2.321834062217142,80.0,84.21052631578948,0.9834216778942916,0.042105263157894736,74.3943490740348,0.0149584487534626,0.8625,30.0,31.57894736842105,0.875336346704825,0.12631578947368421,19.63260472433922,0.07036011080332412,0.4666666666666667,3.0,3.1578947368421053,0.7590007969563508,0.5263157894736842,2.3021595165057867,0.4650415512465374,0.0,1.0,1.0526315789473684,0.0,1.0,1.0,1.0,0.0,95,3.8501046109748245,104.0532223600477,20.091121518697893,12.813050779028794,0.7990290729012864,1.53333805888715,0.0,0.0,0.0,1.0,0.7372349726585185,1.587855543859432,0.0,0.0,1.0,1.0,1000,0,0,0,0,0,111,0,0,0,0,95,111,111,core
3pxf_3pxf_conf0,generation,qwen_1p7b_4e_step29600,fixed,1p7b_4e_step29600,qwen_1p7b_4e_step29600_fixed,Qwen 1.7B 4e (step 29600),qwen_1p7b_4e_step29600_fixed,3,21,635,0.7,635,631,4,0.9937007874015747,999,635,364,0.6356356356356356,"{""all_atoms_connected"":0,""bond_angles"":27,""bond_lengths"":12,""bonds"":0,""double_bond_stereochemistry"":0,""energy_ratio"":36,""file_loads"":0,""inchi_convertible"":0,""internal_steric_clash"":359,""molecular_formula"":0,""no_radicals"":0,""planar_aromatic_rings"":13,""planar_double_bonds"":0,""reference_file_loads"":0,""sanitisation"":0,""tetrahedral_chirality"":0}","{""all_atoms_connected"":0.0,""bond_angles"":0.02702702702702703,""bond_lengths"":0.012012012012012012,""bonds"":0.0,""double_bond_stereochemistry"":0.0,""energy_ratio"":0.036036036036036036,""file_loads"":0.0,""inchi_convertible"":0.0,""internal_steric_clash"":0.35935935935935936,""molecular_formula"":0.0,""no_radicals"":0.0,""planar_aromatic_rings"":0.013013013013013013,""planar_double_bonds"":0.0,""reference_file_loads"":0.0,""sanitisation"":0.0,""tetrahedral_chirality"":0.0}",635,98.33501231692509,1.1882184561182707,1.8806930805963855,78.0,12.283464566929133,0.8800292766645055,0.06771653543307087,46.24860574220329,0.029038378076756154,0.2564102564102564,11.0,1.7322834645669292,0.8201076269089476,0.23307086614173228,7.1458530951113355,0.1633504867009734,0.09090909090909091,2.0,0.31496062992125984,0.9156487708004133,0.6692913385826772,1.8864171909594623,0.5573191146382293,0.0,1.0,0.15748031496062992,0.0,1.0,1.0,1.0,0.0,635,84.20928711725074,4659.143880853891,117.3133835782786,182.0118474348721,0.12221635700652311,0.9114630082680107,1.0,1.0,1.0,1.0,0.14269528786487748,0.901921480681779,1.0,1.0,1.0,1.0,999,0,0,0,0,0,999,0,0,0,0,635,1000,1000,core
3pxf_3pxf_conf0,generation,qwen_1p7b_4e_step29600,dynamic,1p7b_4e_step29600,qwen_1p7b_4e_step29600_dynamic,Qwen 1.7B 4e (step 29600),qwen_1p7b_4e_step29600_dynamic,3,21,27,0.7,27,27,0,1.0,46,27,19,0.5869565217391305,"{""all_atoms_connected"":0,""bond_angles"":1,""bond_lengths"":0,""bonds"":0,""double_bond_stereochemistry"":0,""energy_ratio"":1,""file_loads"":0,""inchi_convertible"":0,""internal_steric_clash"":19,""molecular_formula"":0,""no_radicals"":0,""planar_aromatic_rings"":0,""planar_double_bonds"":0,""reference_file_loads"":0,""sanitisation"":0,""tetrahedral_chirality"":0}","{""all_atoms_connected"":0.0,""bond_angles"":0.021739130434782608,""bond_lengths"":0.0,""bonds"":0.0,""double_bond_stereochemistry"":0.0,""energy_ratio"":0.021739130434782608,""file_loads"":0.0,""inchi_convertible"":0.0,""internal_steric_clash"":0.41304347826086957,""molecular_formula"":0.0,""no_radicals"":0.0,""planar_aromatic_rings"":0.0,""planar_double_bonds"":0.0,""reference_file_loads"":0.0,""sanitisation"":0.0,""tetrahedral_chirality"":0.0}",27,96.29388106846316,1.1752040148994043,1.862898609737943,16.0,59.25925925925926,0.9570593754607385,0.1111111111111111,14.20411953902975,0.07818930041152262,0.5625,5.0,18.51851851851852,0.8310667860655406,0.4444444444444444,3.8096997995247546,0.3058984910836762,0.2,2.0,7.407407407407407,0.22853814395352803,0.9629629629629629,1.171647139290564,0.9286694101508914,0.5,1.0,3.7037037037037037,0.0,1.0,1.0,1.0,0.0,27,90.56301083568253,195.33057682693166,118.22111314445445,27.512493882516456,0.26851572470179824,0.9430483750952293,0.0,1.0,1.0,1.0,0.25338083441699344,0.9394511837445955,0.0,1.0,1.0,1.0,999,0,0,0,0,0,46,0,0,0,0,27,46,46,core
3pxf_3pxf_conf0,generation,qwen_1p7b_4e_step29600,chembl_count,1p7b_4e_step29600,qwen_1p7b_4e_step29600_chembl_count,Qwen 1.7B 4e (step 29600),qwen_1p7b_4e_step29600_chembl_count,3,21,4,0.7,4,4,0,1.0,7,4,3,0.5714285714285714,"{""all_atoms_connected"":0,""bond_angles"":0,""bond_lengths"":0,""bonds"":0,""double_bond_stereochemistry"":0,""energy_ratio"":0,""file_loads"":0,""inchi_convertible"":0,""internal_steric_clash"":3,""molecular_formula"":0,""no_radicals"":0,""planar_aromatic_rings"":0,""planar_double_bonds"":0,""reference_file_loads"":0,""sanitisation"":0,""tetrahedral_chirality"":0}","{""all_atoms_connected"":0.0,""bond_angles"":0.0,""bond_lengths"":0.0,""bonds"":0.0,""double_bond_stereochemistry"":0.0,""energy_ratio"":0.0,""file_loads"":0.0,""inchi_convertible"":0.0,""internal_steric_clash"":0.42857142857142855,""molecular_formula"":0.0,""no_radicals"":0.0,""planar_aromatic_rings"":0.0,""planar_double_bonds"":0.0,""reference_file_loads"":0.0,""sanitisation"":0.0,""tetrahedral_chirality"":0.0}",4,90.10023439926537,1.4187693762906985,1.9593857503975367,4.0,100.0,1.0,0.25,4.0,0.25,1.0,3.0,75.0,0.946394630357186,0.5,2.82842712474619,0.375,0.6666666666666666,1.0,25.0,0.0,1.0,1.0,1.0,0.0,1.0,25.0,0.0,1.0,1.0,1.0,0.0,4,96.08527814455238,150.46998791521594,114.64719466760576,19.708962725004323,0.8720773486460727,1.1427827133727189,0.0,0.0,0.0,1.0,0.852296167303278,1.1095360004171355,0.0,0.0,0.0,1.0,999,0,0,0,0,0,7,0,0,0,0,4,7,7,core
3qqs_3qqs_conf0,generation,qwen_1p7b_4e_step29600,fixed,1p7b_4e_step29600,qwen_1p7b_4e_step29600_fixed,Qwen 1.7B 4e (step 29600),qwen_1p7b_4e_step29600_fixed,4,19,927,0.7,927,924,3,0.9967637540453075,1000,927,73,0.927,"{""all_atoms_connected"":0,""bond_angles"":11,""bond_lengths"":1,""bonds"":0,""double_bond_stereochemistry"":0,""energy_ratio"":6,""file_loads"":0,""inchi_convertible"":0,""internal_steric_clash"":67,""molecular_formula"":0,""no_radicals"":0,""planar_aromatic_rings"":0,""planar_double_bonds"":0,""reference_file_loads"":0,""sanitisation"":0,""tetrahedral_chirality"":0}","{""all_atoms_connected"":0.0,""bond_angles"":0.011,""bond_lengths"":0.001,""bonds"":0.0,""double_bond_stereochemistry"":0.0,""energy_ratio"":0.006,""file_loads"":0.0,""inchi_convertible"":0.0,""internal_steric_clash"":0.067,""molecular_formula"":0.0,""no_radicals"":0.0,""planar_aromatic_rings"":0.0,""planar_double_bonds"":0.0,""reference_file_loads"":0.0,""sanitisation"":0.0,""tetrahedral_chirality"":0.0}",927,101.37356863816345,1.5035634375914493,2.289018431559126,79.0,8.522114347357066,0.8736269821999751,0.0668824163969795,45.479766795011805,0.030380680740438176,0.1518987341772152,10.0,1.0787486515641855,0.8800145054905584,0.22330097087378642,7.586029120391455,0.1488847693956564,0.0,2.0,0.21574973031283712,0.9996297791986491,0.511326860841424,1.999486830837629,0.500256595553042,0.0,1.0,0.10787486515641856,0.0,1.0,1.0,1.0,0.0,927,115.14275002933263,303.6928340734667,145.25422961952552,20.953788815018157,0.18996076238446688,1.4466589226975537,1.0,1.0,1.0,1.0,0.2363631963199834,1.4551861252396465,1.0,1.0,1.0,1.0,1000,0,0,0,0,0,1000,0,0,0,0,927,1000,1000,core
3qqs_3qqs_conf0,generation,qwen_1p7b_4e_step29600,dynamic,1p7b_4e_step29600,qwen_1p7b_4e_step29600_dynamic,Qwen 1.7B 4e (step 29600),qwen_1p7b_4e_step29600_dynamic,4,19,62,0.7,62,62,0,1.0,68,62,6,0.9117647058823528,"{""all_atoms_connected"":0,""bond_angles"":0,""bond_lengths"":0,""bonds"":0,""double_bond_stereochemistry"":0,""energy_ratio"":0,""file_loads"":0,""inchi_convertible"":0,""internal_steric_clash"":6,""molecular_formula"":0,""no_radicals"":0,""planar_aromatic_rings"":0,""planar_double_bonds"":0,""reference_file_loads"":0,""sanitisation"":0,""tetrahedral_chirality"":0}","{""all_atoms_connected"":0.0,""bond_angles"":0.0,""bond_lengths"":0.0,""bonds"":0.0,""double_bond_stereochemistry"":0.0,""energy_ratio"":0.0,""file_loads"":0.0,""inchi_convertible"":0.0,""internal_steric_clash"":0.08823529411764706,""molecular_formula"":0.0,""no_radicals"":0.0,""planar_aromatic_rings"":0.0,""planar_double_bonds"":0.0,""reference_file_loads"":0.0,""sanitisation"":0.0,""tetrahedral_chirality"":0.0}",62,101.48031252473885,1.5297666558908294,2.3115490666349294,25.0,40.32258064516129,0.9165831831149309,0.12903225806451613,19.112975493459626,0.06503642039542143,0.48,7.0,11.290322580645162,0.8867163705344648,0.27419354838709675,5.6151616950467735,0.19979188345473464,0.14285714285714285,2.0,3.225806451612903,0.9629004147713268,0.6129032258064516,1.9492247075755442,0.5254942767950052,0.0,1.0,1.6129032258064515,0.0,1.0,1.0,1.0,0.0,62,121.80356320075535,303.6928340734667,141.65878371429005,24.90702554214072,0.3758485944984612,1.4673699504239455,0.0,1.0,1.0,1.0,0.27092147201949895,1.436845713537254,0.0,1.0,1.0,1.0,1000,0,0,0,0,0,68,0,0,0,0,62,68,68,core
3qqs_3qqs_conf0,generation,qwen_1p7b_4e_step29600,chembl_count,1p7b_4e_step29600,qwen_1p7b_4e_step29600_chembl_count,Qwen 1.7B 4e (step 29600),qwen_1p7b_4e_step29600_chembl_count,4,19,7,0.7,7,7,0,1.0,7,7,0,1.0,"{""all_atoms_connected"":0,""bond_angles"":0,""bond_lengths"":0,""bonds"":0,""double_bond_stereochemistry"":0,""energy_ratio"":0,""file_loads"":0,""inchi_convertible"":0,""internal_steric_clash"":0,""molecular_formula"":0,""no_radicals"":0,""planar_aromatic_rings"":0,""planar_double_bonds"":0,""reference_file_loads"":0,""sanitisation"":0,""tetrahedral_chirality"":0}","{""all_atoms_connected"":0.0,""bond_angles"":0.0,""bond_lengths"":0.0,""bonds"":0.0,""double_bond_stereochemistry"":0.0,""energy_ratio"":0.0,""file_loads"":0.0,""inchi_convertible"":0.0,""internal_steric_clash"":0.0,""molecular_formula"":0.0,""no_radicals"":0.0,""planar_aromatic_rings"":0.0,""planar_double_bonds"":0.0,""reference_file_loads"":0.0,""sanitisation"":0.0,""tetrahedral_chirality"":0.0}",7,84.97537698553262,1.5548838106073846,2.2429773774084234,6.0,85.71428571428571,0.9755037590061084,0.2857142857142857,5.742347492053464,0.18367346938775508,0.8333333333333334,3.0,42.857142857142854,0.9821410328348751,0.42857142857142855,2.941713421083178,0.346938775510204,0.0,2.0,28.571428571428573,0.9852281360342515,0.5714285714285714,1.9796263300525183,0.510204081632653,0.0,1.0,14.285714285714286,0.0,1.0,1.0,1.0,0.0,7,119.47358681825762,151.15271130105518,135.81730031928097,10.337528063841095,0.46309860578167167,1.5270297782241107,0.0,1.0,1.0,1.0,0.4778581366626147,1.4812862197211314,0.0,1.0,1.0,1.0,1000,0,0,0,0,0,7,0,0,0,0,7,7,7,core
3rlr_3rlr_conf0,generation,qwen_1p7b_4e_step29600,fixed,1p7b_4e_step29600,qwen_1p7b_4e_step29600_fixed,Qwen 1.7B 4e (step 29600),qwen_1p7b_4e_step29600_fixed,2,23,980,0.7,980,978,2,0.9979591836734694,999,980,19,0.980980980980981,"{""all_atoms_connected"":0,""bond_angles"":0,""bond_lengths"":0,""bonds"":0,""double_bond_stereochemistry"":0,""energy_ratio"":0,""file_loads"":0,""inchi_convertible"":0,""internal_steric_clash"":19,""molecular_formula"":0,""no_radicals"":0,""planar_aromatic_rings"":0,""planar_double_bonds"":0,""reference_file_loads"":0,""sanitisation"":0,""tetrahedral_chirality"":0}","{""all_atoms_connected"":0.0,""bond_angles"":0.0,""bond_lengths"":0.0,""bonds"":0.0,""double_bond_stereochemistry"":0.0,""energy_ratio"":0.0,""file_loads"":0.0,""inchi_convertible"":0.0,""internal_steric_clash"":0.01901901901901902,""molecular_formula"":0.0,""no_radicals"":0.0,""planar_aromatic_rings"":0.0,""planar_double_bonds"":0.0,""reference_file_loads"":0.0,""sanitisation"":0.0,""tetrahedral_chirality"":0.0}",980,112.74458413698133,1.1802666550877765,2.161948766116935,17.0,1.7346938775510203,0.7565962628012608,0.3051020408163265,8.530079042144125,0.16882132444814663,0.058823529411764705,5.0,0.5102040816326531,0.7807307060243857,0.41020408163265304,3.5132361672320194,0.3332257392753019,0.0,2.0,0.20408163265306123,0.7157632340361101,0.8030612244897959,1.6423518470127982,0.6836922115785089,0.0,1.0,0.10204081632653061,0.0,1.0,1.0,1.0,0.0,980,56.8845261466458,303.7367419487988,70.95187953780811,11.027313450042213,0.14527116381616154,1.709069505402677,1.0,1.0,1.0,1.0,0.12514484836369297,1.7100121478347168,1.0,1.0,1.0,1.0,999,0,0,0,0,0,999,0,0,0,0,980,1000,1000,core
3rlr_3rlr_conf0,generation,qwen_1p7b_4e_step29600,dynamic,1p7b_4e_step29600,qwen_1p7b_4e_step29600_dynamic,Qwen 1.7B 4e (step 29600),qwen_1p7b_4e_step29600_dynamic,2,23,24,0.7,24,24,0,1.0,24,24,0,1.0,"{""all_atoms_connected"":0,""bond_angles"":0,""bond_lengths"":0,""bonds"":0,""double_bond_stereochemistry"":0,""energy_ratio"":0,""file_loads"":0,""inchi_convertible"":0,""internal_steric_clash"":0,""molecular_formula"":0,""no_radicals"":0,""planar_aromatic_rings"":0,""planar_double_bonds"":0,""reference_file_loads"":0,""sanitisation"":0,""tetrahedral_chirality"":0}","{""all_atoms_connected"":0.0,""bond_angles"":0.0,""bond_lengths"":0.0,""bonds"":0.0,""double_bond_stereochemistry"":0.0,""energy_ratio"":0.0,""file_loads"":0.0,""inchi_convertible"":0.0,""internal_steric_clash"":0.0,""molecular_formula"":0.0,""no_radicals"":0.0,""planar_aromatic_rings"":0.0,""planar_double_bonds"":0.0,""reference_file_loads"":0.0,""sanitisation"":0.0,""tetrahedral_chirality"":0.0}",24,102.57333664613148,1.107667105748954,1.9376719026750053,7.0,29.166666666666668,0.7470535604294449,0.4583333333333333,4.278913426833641,0.30902777777777773,0.5714285714285714,3.0,12.5,0.8359889967247164,0.5,2.505348345611202,0.4305555555555556,0.0,1.0,4.166666666666667,0.0,1.0,1.0,1.0,0.0,1.0,4.166666666666667,0.0,1.0,1.0,1.0,0.0,24,61.03302811859079,117.71730038943822,68.22600510957231,11.057109254583851,0.4791244241110491,1.2261693862740963,0.0,1.0,1.0,1.0,0.46686338179311254,1.178120662213611,0.0,1.0,1.0,1.0,999,0,0,0,0,0,24,0,0,0,0,24,24,24,core
3rlr_3rlr_conf0,generation,qwen_1p7b_4e_step29600,chembl_count,1p7b_4e_step29600,qwen_1p7b_4e_step29600_chembl_count,Qwen 1.7B 4e (step 29600),qwen_1p7b_4e_step29600_chembl_count,2,23,9,0.7,9,9,0,1.0,9,9,0,1.0,"{""all_atoms_connected"":0,""bond_angles"":0,""bond_lengths"":0,""bonds"":0,""double_bond_stereochemistry"":0,""energy_ratio"":0,""file_loads"":0,""inchi_convertible"":0,""internal_steric_clash"":0,""molecular_formula"":0,""no_radicals"":0,""planar_aromatic_rings"":0,""planar_double_bonds"":0,""reference_file_loads"":0,""sanitisation"":0,""tetrahedral_chirality"":0}","{""all_atoms_connected"":0.0,""bond_angles"":0.0,""bond_lengths"":0.0,""bonds"":0.0,""double_bond_stereochemistry"":0.0,""energy_ratio"":0.0,""file_loads"":0.0,""inchi_convertible"":0.0,""internal_steric_clash"":0.0,""molecular_formula"":0.0,""no_radicals"":0.0,""planar_aromatic_rings"":0.0,""planar_double_bonds"":0.0,""reference_file_loads"":0.0,""sanitisation"":0.0,""tetrahedral_chirality"":0.0}",9,91.43488543016133,1.2424618405915264,2.1744561963104965,4.0,44.44444444444444,0.9182958340544894,0.4444444444444444,3.5716523669284483,0.30864197530864196,0.25,3.0,33.333333333333336,0.965633607142825,0.4444444444444444,2.8888455168024434,0.35802469135802467,0.0,1.0,11.11111111111111,0.0,1.0,1.0,1.0,0.0,1.0,11.11111111111111,0.0,1.0,1.0,1.0,0.0,9,60.91468304315363,78.34809156497238,65.55899919542298,5.7501953115652915,0.23960944513159071,1.1018931058701262,1.0,1.0,1.0,1.0,0.2674870361251139,1.054998149275838,0.0,1.0,1.0,1.0,999,0,0,0,0,0,9,0,0,0,0,9,9,9,core
3rsx_3rsx_conf0,generation,qwen_1p7b_4e_step29600,fixed,1p7b_4e_step29600,qwen_1p7b_4e_step29600_fixed,Qwen 1.7B 4e (step 29600),qwen_1p7b_4e_step29600_fixed,2,16,1000,0.7,1000,1000,0,1.0,1000,1000,0,1.0,"{""all_atoms_connected"":0,""bond_angles"":0,""bond_lengths"":0,""bonds"":0,""double_bond_stereochemistry"":0,""energy_ratio"":0,""file_loads"":0,""inchi_convertible"":0,""internal_steric_clash"":0,""molecular_formula"":0,""no_radicals"":0,""planar_aromatic_rings"":0,""planar_double_bonds"":0,""reference_file_loads"":0,""sanitisation"":0,""tetrahedral_chirality"":0}","{""all_atoms_connected"":0.0,""bond_angles"":0.0,""bond_lengths"":0.0,""bonds"":0.0,""double_bond_stereochemistry"":0.0,""energy_ratio"":0.0,""file_loads"":0.0,""inchi_convertible"":0.0,""internal_steric_clash"":0.0,""molecular_formula"":0.0,""no_radicals"":0.0,""planar_aromatic_rings"":0.0,""planar_double_bonds"":0.0,""reference_file_loads"":0.0,""sanitisation"":0.0,""tetrahedral_chirality"":0.0}",1000,111.0125276462013,0.5992078065520109,1.009507839782523,4.0,0.4,0.6160218395174601,0.482,2.348995059524929,0.45948599999999995,0.0,2.0,0.2,0.9984730898903077,0.523,1.9978843728842537,0.501058,0.0,1.0,0.1,0.0,1.0,1.0,1.0,0.0,1.0,0.1,0.0,1.0,1.0,1.0,0.0,1000,38.27719125870597,78.9228139106768,48.50932523514776,4.998229347418954,0.09403972881217552,0.7600374426699934,1.0,1.0,1.0,1.0,0.0819188301753125,0.8657983141718444,1.0,1.0,1.0,1.0,1000,0,0,0,0,0,1000,0,0,0,0,1000,1000,1000,core
3rsx_3rsx_conf0,generation,qwen_1p7b_4e_step29600,dynamic,1p7b_4e_step29600,qwen_1p7b_4e_step29600_dynamic,Qwen 1.7B 4e (step 29600),qwen_1p7b_4e_step29600_dynamic,2,16,24,0.7,24,24,0,1.0,24,24,0,1.0,"{""all_atoms_connected"":0,""bond_angles"":0,""bond_lengths"":0,""bonds"":0,""double_bond_stereochemistry"":0,""energy_ratio"":0,""file_loads"":0,""inchi_convertible"":0,""internal_steric_clash"":0,""molecular_formula"":0,""no_radicals"":0,""planar_aromatic_rings"":0,""planar_double_bonds"":0,""reference_file_loads"":0,""sanitisation"":0,""tetrahedral_chirality"":0}","{""all_atoms_connected"":0.0,""bond_angles"":0.0,""bond_lengths"":0.0,""bonds"":0.0,""double_bond_stereochemistry"":0.0,""energy_ratio"":0.0,""file_loads"":0.0,""inchi_convertible"":0.0,""internal_steric_clash"":0.0,""molecular_formula"":0.0,""no_radicals"":0.0,""planar_aromatic_rings"":0.0,""planar_double_bonds"":0.0,""reference_file_loads"":0.0,""sanitisation"":0.0,""tetrahedral_chirality"":0.0}",24,125.70784787667209,0.581311129271173,1.012549513651225,2.0,8.333333333333334,0.954434002924965,0.625,1.9378192408783848,0.53125,0.0,2.0,8.333333333333334,0.9182958340544894,0.6666666666666666,1.8898815748423097,0.5555555555555556,0.0,1.0,4.166666666666667,0.0,1.0,1.0,1.0,0.0,1.0,4.166666666666667,0.0,1.0,1.0,1.0,0.0,24,41.42806272696686,58.80589074077823,46.669904905103834,4.363055323723148,0.10683444369890978,0.492608822887605,1.0,1.0,1.0,1.0,0.08957420713306376,0.3767733011596608,1.0,1.0,1.0,1.0,1000,0,0,0,0,0,24,0,0,0,0,24,24,24,core
3rsx_3rsx_conf0,generation,qwen_1p7b_4e_step29600,chembl_count,1p7b_4e_step29600,qwen_1p7b_4e_step29600_chembl_count,Qwen 1.7B 4e (step 29600),qwen_1p7b_4e_step29600_chembl_count,2,16,4,0.7,4,4,0,1.0,4,4,0,1.0,"{""all_atoms_connected"":0,""bond_angles"":0,""bond_lengths"":0,""bonds"":0,""double_bond_stereochemistry"":0,""energy_ratio"":0,""file_loads"":0,""inchi_convertible"":0,""internal_steric_clash"":0,""molecular_formula"":0,""no_radicals"":0,""planar_aromatic_rings"":0,""planar_double_bonds"":0,""reference_file_loads"":0,""sanitisation"":0,""tetrahedral_chirality"":0}","{""all_atoms_connected"":0.0,""bond_angles"":0.0,""bond_lengths"":0.0,""bonds"":0.0,""double_bond_stereochemistry"":0.0,""energy_ratio"":0.0,""file_loads"":0.0,""inchi_convertible"":0.0,""internal_steric_clash"":0.0,""molecular_formula"":0.0,""no_radicals"":0.0,""planar_aromatic_rings"":0.0,""planar_double_bonds"":0.0,""reference_file_loads"":0.0,""sanitisation"":0.0,""tetrahedral_chirality"":0.0}",4,83.74432652851966,0.7463008086357138,0.9995400052223458,2.0,50.0,1.0,0.5,2.0,0.5,0.0,2.0,50.0,1.0,0.5,2.0,0.5,0.0,1.0,25.0,0.0,1.0,1.0,1.0,0.0,1.0,25.0,0.0,1.0,1.0,1.0,0.0,4,50.099210583406965,56.280420441634604,52.37681457012358,2.286532708533669,0.3185906070031566,0.6667000214936254,0.0,1.0,1.0,1.0,0.19664695939713572,0.6566062717937835,1.0,1.0,1.0,1.0,1000,0,0,0,0,0,4,0,0,0,0,4,4,4,core
3ryj_3ryj_conf0,generation,qwen_1p7b_4e_step29600,fixed,1p7b_4e_step29600,qwen_1p7b_4e_step29600_fixed,Qwen 1.7B 4e (step 29600),qwen_1p7b_4e_step29600_fixed,4,18,999,0.7,999,999,0,1.0,1000,999,1,0.999,"{""all_atoms_connected"":0,""bond_angles"":1,""bond_lengths"":1,""bonds"":0,""double_bond_stereochemistry"":0,""energy_ratio"":1,""file_loads"":0,""inchi_convertible"":0,""internal_steric_clash"":1,""molecular_formula"":0,""no_radicals"":0,""planar_aromatic_rings"":0,""planar_double_bonds"":0,""reference_file_loads"":0,""sanitisation"":0,""tetrahedral_chirality"":0}","{""all_atoms_connected"":0.0,""bond_angles"":0.001,""bond_lengths"":0.001,""bonds"":0.0,""double_bond_stereochemistry"":0.0,""energy_ratio"":0.001,""file_loads"":0.0,""inchi_convertible"":0.0,""internal_steric_clash"":0.001,""molecular_formula"":0.0,""no_radicals"":0.0,""planar_aromatic_rings"":0.0,""planar_double_bonds"":0.0,""reference_file_loads"":0.0,""sanitisation"":0.0,""tetrahedral_chirality"":0.0}",999,117.24901096518639,0.9636612120610073,1.2452814038561353,61.0,6.106106106106106,0.8316451939214512,0.08608608608608609,30.53240235398263,0.046652257863469083,0.13114754098360656,7.0,0.7007007007007007,0.827963845953883,0.3123123123123123,5.008533966874917,0.23181840499157816,0.0,1.0,0.1001001001001001,0.0,1.0,1.0,1.0,0.0,1.0,0.1001001001001001,0.0,1.0,1.0,1.0,0.0,999,33.62990078169432,76.15931818301466,42.389253838555376,6.4501964519285915,0.23858774073328895,0.9900285807170137,1.0,1.0,1.0,1.0,0.27531314701705273,0.9983831402230918,0.0,1.0,1.0,1.0,1000,0,0,0,0,0,1000,0,0,0,0,999,1000,1000,core
3ryj_3ryj_conf0,generation,qwen_1p7b_4e_step29600,dynamic,1p7b_4e_step29600,qwen_1p7b_4e_step29600_dynamic,Qwen 1.7B 4e (step 29600),qwen_1p7b_4e_step29600_dynamic,4,18,68,0.7,68,68,0,1.0,68,68,0,1.0,"{""all_atoms_connected"":0,""bond_angles"":0,""bond_lengths"":0,""bonds"":0,""double_bond_stereochemistry"":0,""energy_ratio"":0,""file_loads"":0,""inchi_convertible"":0,""internal_steric_clash"":0,""molecular_formula"":0,""no_radicals"":0,""planar_aromatic_rings"":0,""planar_double_bonds"":0,""reference_file_loads"":0,""sanitisation"":0,""tetrahedral_chirality"":0}","{""all_atoms_connected"":0.0,""bond_angles"":0.0,""bond_lengths"":0.0,""bonds"":0.0,""double_bond_stereochemistry"":0.0,""energy_ratio"":0.0,""file_loads"":0.0,""inchi_convertible"":0.0,""internal_steric_clash"":0.0,""molecular_formula"":0.0,""no_radicals"":0.0,""planar_aromatic_rings"":0.0,""planar_double_bonds"":0.0,""reference_file_loads"":0.0,""sanitisation"":0.0,""tetrahedral_chirality"":0.0}",68,118.20171577873548,0.910827208497387,1.1989827323439863,21.0,30.88235294117647,0.89777450043176,0.16176470588235295,15.383486218269763,0.08088235294117649,0.42857142857142855,5.0,7.352941176470588,0.8432616542614129,0.4264705882352941,3.88521093267359,0.29974048442906576,0.0,1.0,1.4705882352941178,0.0,1.0,1.0,1.0,0.0,1.0,1.4705882352941178,0.0,1.0,1.0,1.0,0.0,68,34.992541795282165,58.130115819018386,42.570852441243375,4.980840509804321,0.3008871996769481,0.9347792752322387,0.0,1.0,1.0,1.0,0.34670799251254086,0.9177923268465378,0.0,1.0,1.0,1.0,1000,0,0,0,0,0,68,0,0,0,0,68,68,68,core
3ryj_3ryj_conf0,generation,qwen_1p7b_4e_step29600,chembl_count,1p7b_4e_step29600,qwen_1p7b_4e_step29600_chembl_count,Qwen 1.7B 4e (step 29600),qwen_1p7b_4e_step29600_chembl_count,4,18,81,0.7,81,81,0,1.0,81,81,0,1.0,"{""all_atoms_connected"":0,""bond_angles"":0,""bond_lengths"":0,""bonds"":0,""double_bond_stereochemistry"":0,""energy_ratio"":0,""file_loads"":0,""inchi_convertible"":0,""internal_steric_clash"":0,""molecular_formula"":0,""no_radicals"":0,""planar_aromatic_rings"":0,""planar_double_bonds"":0,""reference_file_loads"":0,""sanitisation"":0,""tetrahedral_chirality"":0}","{""all_atoms_connected"":0.0,""bond_angles"":0.0,""bond_lengths"":0.0,""bonds"":0.0,""double_bond_stereochemistry"":0.0,""energy_ratio"":0.0,""file_loads"":0.0,""inchi_convertible"":0.0,""internal_steric_clash"":0.0,""molecular_formula"":0.0,""no_radicals"":0.0,""planar_aromatic_rings"":0.0,""planar_double_bonds"":0.0,""reference_file_loads"":0.0,""sanitisation"":0.0,""tetrahedral_chirality"":0.0}",81,115.68237257254066,0.9485558765577404,1.2518170565058468,24.0,29.62962962962963,0.87607071071217,0.1728395061728395,16.186861227544078,0.08367626886145403,0.375,8.0,9.876543209876543,0.8243817208654911,0.30864197530864196,5.552529538172385,0.21414418533760093,0.125,1.0,1.2345679012345678,0.0,1.0,1.0,1.0,0.0,1.0,1.2345679012345678,0.0,1.0,1.0,1.0,0.0,81,34.36181505059305,67.26904942627465,42.97384163049844,6.307949614869753,0.26900458932014004,1.0053846283693268,0.0,1.0,1.0,1.0,0.39214114775871256,1.0110187738106544,0.0,1.0,1.0,1.0,1000,0,0,0,0,0,81,0,0,0,0,81,81,81,core
3syr_3syr_conf0,generation,qwen_1p7b_4e_step29600,fixed,1p7b_4e_step29600,qwen_1p7b_4e_step29600_fixed,Qwen 1.7B 4e (step 29600),qwen_1p7b_4e_step29600_fixed,6,20,2,0.7,2,2,0,1.0,1000,2,998,0.002,"{""all_atoms_connected"":0,""bond_angles"":9,""bond_lengths"":0,""bonds"":0,""double_bond_stereochemistry"":0,""energy_ratio"":1,""file_loads"":0,""inchi_convertible"":0,""internal_steric_clash"":44,""molecular_formula"":0,""no_radicals"":0,""planar_aromatic_rings"":2,""planar_double_bonds"":0,""reference_file_loads"":0,""sanitisation"":0,""tetrahedral_chirality"":998}","{""all_atoms_connected"":0.0,""bond_angles"":0.009,""bond_lengths"":0.0,""bonds"":0.0,""double_bond_stereochemistry"":0.0,""energy_ratio"":0.001,""file_loads"":0.0,""inchi_convertible"":0.0,""internal_steric_clash"":0.044,""molecular_formula"":0.0,""no_radicals"":0.0,""planar_aromatic_rings"":0.002,""planar_double_bonds"":0.0,""reference_file_loads"":0.0,""sanitisation"":0.0,""tetrahedral_chirality"":0.998}",2,12.512869357993758,1.0067790841105504,1.0067790841105504,2.0,100.0,1.0,0.5,2.0,0.5,1.0,2.0,100.0,1.0,0.5,2.0,0.5,1.0,1.0,50.0,0.0,1.0,1.0,1.0,0.0,1.0,50.0,0.0,1.0,1.0,1.0,0.0,2,17.94374358348273,37.89562635376646,27.919684968624594,9.975941385141866,0.5763926590694445,0.8588392452976714,0.0,0.0,1.0,1.0,0.5769689302378459,0.8864824943650849,0.0,0.0,1.0,1.0,1000,0,0,0,0,0,1000,0,0,0,0,2,1000,1000,core
3syr_3syr_conf0,generation,qwen_1p7b_4e_step29600,dynamic,1p7b_4e_step29600,qwen_1p7b_4e_step29600_dynamic,Qwen 1.7B 4e (step 29600),qwen_1p7b_4e_step29600_dynamic,6,20,0,0.7,0,0,0,,112,0,112,0.0,"{""all_atoms_connected"":0,""bond_angles"":0,""bond_lengths"":0,""bonds"":0,""double_bond_stereochemistry"":0,""energy_ratio"":0,""file_loads"":0,""inchi_convertible"":0,""internal_steric_clash"":1,""molecular_formula"":0,""no_radicals"":0,""planar_aromatic_rings"":0,""planar_double_bonds"":0,""reference_file_loads"":0,""sanitisation"":0,""tetrahedral_chirality"":112}","{""all_atoms_connected"":0.0,""bond_angles"":0.0,""bond_lengths"":0.0,""bonds"":0.0,""double_bond_stereochemistry"":0.0,""energy_ratio"":0.0,""file_loads"":0.0,""inchi_convertible"":0.0,""internal_steric_clash"":0.008928571428571428,""molecular_formula"":0.0,""no_radicals"":0.0,""planar_aromatic_rings"":0.0,""planar_double_bonds"":0.0,""reference_file_loads"":0.0,""sanitisation"":0.0,""tetrahedral_chirality"":1.0}",0,,,,,,,,,,,,,,,,,,,,,,,,,,,,,,,,0,,,,,,,,,,,,,,,,,1000,0,0,0,0,0,112,0,0,0,0,0,112,112,core
3syr_3syr_conf0,generation,qwen_1p7b_4e_step29600,chembl_count,1p7b_4e_step29600,qwen_1p7b_4e_step29600_chembl_count,Qwen 1.7B 4e (step 29600),qwen_1p7b_4e_step29600_chembl_count,6,20,2,0.7,2,2,0,1.0,1000,2,998,0.002,"{""all_atoms_connected"":0,""bond_angles"":9,""bond_lengths"":0,""bonds"":0,""double_bond_stereochemistry"":0,""energy_ratio"":1,""file_loads"":0,""inchi_convertible"":0,""internal_steric_clash"":44,""molecular_formula"":0,""no_radicals"":0,""planar_aromatic_rings"":2,""planar_double_bonds"":0,""reference_file_loads"":0,""sanitisation"":0,""tetrahedral_chirality"":998}","{""all_atoms_connected"":0.0,""bond_angles"":0.009,""bond_lengths"":0.0,""bonds"":0.0,""double_bond_stereochemistry"":0.0,""energy_ratio"":0.001,""file_loads"":0.0,""inchi_convertible"":0.0,""internal_steric_clash"":0.044,""molecular_formula"":0.0,""no_radicals"":0.0,""planar_aromatic_rings"":0.002,""planar_double_bonds"":0.0,""reference_file_loads"":0.0,""sanitisation"":0.0,""tetrahedral_chirality"":0.998}",2,12.512869357993758,1.0067790841105504,1.0067790841105504,2.0,100.0,1.0,0.5,2.0,0.5,1.0,2.0,100.0,1.0,0.5,2.0,0.5,1.0,1.0,50.0,0.0,1.0,1.0,1.0,0.0,1.0,50.0,0.0,1.0,1.0,1.0,0.0,2,17.94374358348273,37.89562635376646,27.919684968624594,9.975941385141866,0.5763926590694445,0.8588392452976714,0.0,0.0,1.0,1.0,0.5769689302378459,0.8864824943650849,0.0,0.0,1.0,1.0,1000,0,0,0,0,0,1000,0,0,0,0,2,1344,1344,core
3twp_3twp_conf0,generation,qwen_1p7b_4e_step29600,fixed,1p7b_4e_step29600,qwen_1p7b_4e_step29600_fixed,Qwen 1.7B 4e (step 29600),qwen_1p7b_4e_step29600_fixed,2,10,996,0.7,996,996,0,1.0,1000,996,4,0.996,"{""all_atoms_connected"":0,""bond_angles"":2,""bond_lengths"":0,""bonds"":0,""double_bond_stereochemistry"":0,""energy_ratio"":4,""file_loads"":0,""inchi_convertible"":0,""internal_steric_clash"":4,""molecular_formula"":0,""no_radicals"":0,""planar_aromatic_rings"":0,""planar_double_bonds"":0,""reference_file_loads"":0,""sanitisation"":0,""tetrahedral_chirality"":0}","{""all_atoms_connected"":0.0,""bond_angles"":0.002,""bond_lengths"":0.0,""bonds"":0.0,""double_bond_stereochemistry"":0.0,""energy_ratio"":0.004,""file_loads"":0.0,""inchi_convertible"":0.0,""internal_steric_clash"":0.004,""molecular_formula"":0.0,""no_radicals"":0.0,""planar_aromatic_rings"":0.0,""planar_double_bonds"":0.0,""reference_file_loads"":0.0,""sanitisation"":0.0,""tetrahedral_chirality"":0.0}",996,127.03776182050585,0.2852025335154028,0.5719915102642369,2.0,0.20080321285140562,0.7635991677601027,0.7781124497991968,1.6977207398688718,0.6546930694666215,0.0,1.0,0.10040160642570281,0.0,1.0,1.0,1.0,0.0,1.0,0.10040160642570281,0.0,1.0,1.0,1.0,0.0,1.0,0.10040160642570281,0.0,1.0,1.0,1.0,0.0,996,19.996799175711356,118.361034063045,31.80830617702068,9.250138162971675,0.042256241171060215,0.124873523142096,1.0,1.0,1.0,1.0,0.06386908719023258,0.120239914896469,1.0,1.0,1.0,1.0,1000,0,0,0,0,0,1000,0,0,0,0,996,1000,1000,core
3twp_3twp_conf0,generation,qwen_1p7b_4e_step29600,dynamic,1p7b_4e_step29600,qwen_1p7b_4e_step29600_dynamic,Qwen 1.7B 4e (step 29600),qwen_1p7b_4e_step29600_dynamic,2,10,24,0.7,24,24,0,1.0,24,24,0,1.0,"{""all_atoms_connected"":0,""bond_angles"":0,""bond_lengths"":0,""bonds"":0,""double_bond_stereochemistry"":0,""energy_ratio"":0,""file_loads"":0,""inchi_convertible"":0,""internal_steric_clash"":0,""molecular_formula"":0,""no_radicals"":0,""planar_aromatic_rings"":0,""planar_double_bonds"":0,""reference_file_loads"":0,""sanitisation"":0,""tetrahedral_chirality"":0}","{""all_atoms_connected"":0.0,""bond_angles"":0.0,""bond_lengths"":0.0,""bonds"":0.0,""double_bond_stereochemistry"":0.0,""energy_ratio"":0.0,""file_loads"":0.0,""inchi_convertible"":0.0,""internal_steric_clash"":0.0,""molecular_formula"":0.0,""no_radicals"":0.0,""planar_aromatic_rings"":0.0,""planar_double_bonds"":0.0,""reference_file_loads"":0.0,""sanitisation"":0.0,""tetrahedral_chirality"":0.0}",24,128.2859737287661,0.2638411176837263,0.5641908703085328,2.0,8.333333333333334,0.24988229283318544,0.9583333333333334,1.1891100934658385,0.9201388888888891,0.5,1.0,4.166666666666667,0.0,1.0,1.0,1.0,0.0,1.0,4.166666666666667,0.0,1.0,1.0,1.0,0.0,1.0,4.166666666666667,0.0,1.0,1.0,1.0,0.0,24,22.60676722661266,76.6129562342582,32.25981247864884,12.042658168294851,0.07339234319844003,0.12881832570439888,1.0,1.0,1.0,1.0,0.0749512102478313,0.13852059672930367,1.0,1.0,1.0,1.0,1000,0,0,0,0,0,24,0,0,0,0,24,24,24,core
3twp_3twp_conf0,generation,qwen_1p7b_4e_step29600,chembl_count,1p7b_4e_step29600,qwen_1p7b_4e_step29600_chembl_count,Qwen 1.7B 4e (step 29600),qwen_1p7b_4e_step29600_chembl_count,2,10,1,0.7,1,1,0,1.0,1,1,0,1.0,"{""all_atoms_connected"":0,""bond_angles"":0,""bond_lengths"":0,""bonds"":0,""double_bond_stereochemistry"":0,""energy_ratio"":0,""file_loads"":0,""inchi_convertible"":0,""internal_steric_clash"":0,""molecular_formula"":0,""no_radicals"":0,""planar_aromatic_rings"":0,""planar_double_bonds"":0,""reference_file_loads"":0,""sanitisation"":0,""tetrahedral_chirality"":0}","{""all_atoms_connected"":0.0,""bond_angles"":0.0,""bond_lengths"":0.0,""bonds"":0.0,""double_bond_stereochemistry"":0.0,""energy_ratio"":0.0,""file_loads"":0.0,""inchi_convertible"":0.0,""internal_steric_clash"":0.0,""molecular_formula"":0.0,""no_radicals"":0.0,""planar_aromatic_rings"":0.0,""planar_double_bonds"":0.0,""reference_file_loads"":0.0,""sanitisation"":0.0,""tetrahedral_chirality"":0.0}",1,0.0,,,1.0,100.0,0.0,1.0,1.0,1.0,1.0,1.0,100.0,0.0,1.0,1.0,1.0,1.0,1.0,100.0,0.0,1.0,1.0,1.0,1.0,1.0,100.0,0.0,1.0,1.0,1.0,1.0,1,53.22494096574591,53.22494096574591,53.22494096574591,0.0,0.6894488655252571,0.6894488655252571,0.0,0.0,1.0,1.0,0.6712429311782985,0.6712429311782985,0.0,0.0,1.0,1.0,1000,0,0,0,0,0,1,0,0,0,0,1,1,1,core
3u5j_3u5j_conf0,generation,qwen_1p7b_4e_step29600,fixed,1p7b_4e_step29600,qwen_1p7b_4e_step29600_fixed,Qwen 1.7B 4e (step 29600),qwen_1p7b_4e_step29600_fixed,1,22,798,0.7,798,798,0,1.0,999,798,201,0.7987987987987988,"{""all_atoms_connected"":0,""bond_angles"":72,""bond_lengths"":170,""bonds"":0,""double_bond_stereochemistry"":0,""energy_ratio"":23,""file_loads"":0,""inchi_convertible"":0,""internal_steric_clash"":43,""molecular_formula"":0,""no_radicals"":0,""planar_aromatic_rings"":7,""planar_double_bonds"":0,""reference_file_loads"":0,""sanitisation"":0,""tetrahedral_chirality"":0}","{""all_atoms_connected"":0.0,""bond_angles"":0.07207207207207207,""bond_lengths"":0.17017017017017017,""bonds"":0.0,""double_bond_stereochemistry"":0.0,""energy_ratio"":0.023023023023023025,""file_loads"":0.0,""inchi_convertible"":0.0,""internal_steric_clash"":0.043043043043043044,""molecular_formula"":0.0,""no_radicals"":0.0,""planar_aromatic_rings"":0.007007007007007007,""planar_double_bonds"":0.0,""reference_file_loads"":0.0,""sanitisation"":0.0,""tetrahedral_chirality"":0.0}",798,101.92291794496809,1.090446186682314,1.8717707987270606,19.0,2.380952380952381,0.687574213504814,0.29949874686716793,7.572477671714189,0.19979459928015525,0.05263157894736842,5.0,0.6265664160401002,0.6682120698896226,0.4799498746867168,2.931299496373839,0.36555046764781635,0.2,2.0,0.2506265664160401,0.9927381291941533,0.550125313283208,1.9899582035712093,0.5050250940634795,0.0,1.0,0.12531328320802004,0.0,1.0,1.0,1.0,0.0,798,82.29339119959211,431.2214299491915,100.13551458084677,26.51143251437179,0.11187108635319344,0.8320215135466693,1.0,1.0,1.0,1.0,0.21714628336132516,0.8567087414194078,1.0,1.0,1.0,1.0,999,0,0,0,0,0,999,0,0,0,0,798,1000,1000,core
3u5j_3u5j_conf0,generation,qwen_1p7b_4e_step29600,dynamic,1p7b_4e_step29600,qwen_1p7b_4e_step29600_dynamic,Qwen 1.7B 4e (step 29600),qwen_1p7b_4e_step29600_dynamic,1,22,1,0.7,1,1,0,1.0,2,1,1,0.5,"{""all_atoms_connected"":0,""bond_angles"":0,""bond_lengths"":1,""bonds"":0,""double_bond_stereochemistry"":0,""energy_ratio"":0,""file_loads"":0,""inchi_convertible"":0,""internal_steric_clash"":0,""molecular_formula"":0,""no_radicals"":0,""planar_aromatic_rings"":0,""planar_double_bonds"":0,""reference_file_loads"":0,""sanitisation"":0,""tetrahedral_chirality"":0}","{""all_atoms_connected"":0.0,""bond_angles"":0.0,""bond_lengths"":0.5,""bonds"":0.0,""double_bond_stereochemistry"":0.0,""energy_ratio"":0.0,""file_loads"":0.0,""inchi_convertible"":0.0,""internal_steric_clash"":0.0,""molecular_formula"":0.0,""no_radicals"":0.0,""planar_aromatic_rings"":0.0,""planar_double_bonds"":0.0,""reference_file_loads"":0.0,""sanitisation"":0.0,""tetrahedral_chirality"":0.0}",1,0.0,,,1.0,100.0,0.0,1.0,1.0,1.0,1.0,1.0,100.0,0.0,1.0,1.0,1.0,1.0,1.0,100.0,0.0,1.0,1.0,1.0,1.0,1.0,100.0,0.0,1.0,1.0,1.0,1.0,1,108.63496146368962,108.63496146368962,108.63496146368962,0.0,0.19956034163394523,0.19956034163394523,1.0,1.0,1.0,1.0,0.3311030465938928,0.3311030465938928,0.0,1.0,1.0,1.0,999,0,0,0,0,0,2,0,0,0,0,1,2,2,core
3u5j_3u5j_conf0,generation,qwen_1p7b_4e_step29600,chembl_count,1p7b_4e_step29600,qwen_1p7b_4e_step29600_chembl_count,Qwen 1.7B 4e (step 29600),qwen_1p7b_4e_step29600_chembl_count,1,22,1,0.7,1,1,0,1.0,2,1,1,0.5,"{""all_atoms_connected"":0,""bond_angles"":0,""bond_lengths"":1,""bonds"":0,""double_bond_stereochemistry"":0,""energy_ratio"":0,""file_loads"":0,""inchi_convertible"":0,""internal_steric_clash"":0,""molecular_formula"":0,""no_radicals"":0,""planar_aromatic_rings"":0,""planar_double_bonds"":0,""reference_file_loads"":0,""sanitisation"":0,""tetrahedral_chirality"":0}","{""all_atoms_connected"":0.0,""bond_angles"":0.0,""bond_lengths"":0.5,""bonds"":0.0,""double_bond_stereochemistry"":0.0,""energy_ratio"":0.0,""file_loads"":0.0,""inchi_convertible"":0.0,""internal_steric_clash"":0.0,""molecular_formula"":0.0,""no_radicals"":0.0,""planar_aromatic_rings"":0.0,""planar_double_bonds"":0.0,""reference_file_loads"":0.0,""sanitisation"":0.0,""tetrahedral_chirality"":0.0}",1,0.0,,,1.0,100.0,0.0,1.0,1.0,1.0,1.0,1.0,100.0,0.0,1.0,1.0,1.0,1.0,1.0,100.0,0.0,1.0,1.0,1.0,1.0,1.0,100.0,0.0,1.0,1.0,1.0,1.0,1,115.56609775752884,115.56609775752884,115.56609775752884,0.0,0.5356685778190992,0.5356685778190992,0.0,0.0,1.0,1.0,0.5572888214300173,0.5572888214300173,0.0,0.0,1.0,1.0,999,0,0,0,0,0,2,0,0,0,0,1,2,2,core
3u8n_3u8n_conf0,generation,qwen_1p7b_4e_step29600,fixed,1p7b_4e_step29600,qwen_1p7b_4e_step29600_fixed,Qwen 1.7B 4e (step 29600),qwen_1p7b_4e_step29600_fixed,3,17,989,0.7,989,989,0,1.0,1000,989,11,0.989,"{""all_atoms_connected"":0,""bond_angles"":10,""bond_lengths"":6,""bonds"":0,""double_bond_stereochemistry"":0,""energy_ratio"":4,""file_loads"":0,""inchi_convertible"":0,""internal_steric_clash"":3,""molecular_formula"":0,""no_radicals"":0,""planar_aromatic_rings"":0,""planar_double_bonds"":0,""reference_file_loads"":0,""sanitisation"":0,""tetrahedral_chirality"":0}","{""all_atoms_connected"":0.0,""bond_angles"":0.01,""bond_lengths"":0.006,""bonds"":0.0,""double_bond_stereochemistry"":0.0,""energy_ratio"":0.004,""file_loads"":0.0,""inchi_convertible"":0.0,""internal_steric_clash"":0.003,""molecular_formula"":0.0,""no_radicals"":0.0,""planar_aromatic_rings"":0.0,""planar_double_bonds"":0.0,""reference_file_loads"":0.0,""sanitisation"":0.0,""tetrahedral_chirality"":0.0}",989,92.4911867076131,1.2908764440459504,1.683603912270801,131.0,13.245702730030334,0.9111384408218609,0.043478260869565216,84.94293582136135,0.01564939307100042,0.20610687022900764,13.0,1.314459049544995,0.9249245212928537,0.16582406471183014,10.722931258847368,0.10388796478145343,0.0,2.0,0.20222446916076844,0.837033984202188,0.7330637007077856,1.7863737841271046,0.6086373771752165,0.0,1.0,0.10111223458038422,0.0,1.0,1.0,1.0,0.0,989,86.90248619275549,191.66448517325026,105.78370669376838,10.971339625723438,0.22459175510914692,1.3884131673160722,1.0,1.0,1.0,1.0,0.268322935219609,1.4087825529238882,0.0,1.0,1.0,1.0,1000,0,0,0,0,0,1000,0,0,0,0,989,1000,1000,core
3u8n_3u8n_conf0,generation,qwen_1p7b_4e_step29600,dynamic,1p7b_4e_step29600,qwen_1p7b_4e_step29600_dynamic,Qwen 1.7B 4e (step 29600),qwen_1p7b_4e_step29600_dynamic,3,17,46,0.7,46,46,0,1.0,46,46,0,1.0,"{""all_atoms_connected"":0,""bond_angles"":0,""bond_lengths"":0,""bonds"":0,""double_bond_stereochemistry"":0,""energy_ratio"":0,""file_loads"":0,""inchi_convertible"":0,""internal_steric_clash"":0,""molecular_formula"":0,""no_radicals"":0,""planar_aromatic_rings"":0,""planar_double_bonds"":0,""reference_file_loads"":0,""sanitisation"":0,""tetrahedral_chirality"":0}","{""all_atoms_connected"":0.0,""bond_angles"":0.0,""bond_lengths"":0.0,""bonds"":0.0,""double_bond_stereochemistry"":0.0,""energy_ratio"":0.0,""file_loads"":0.0,""inchi_convertible"":0.0,""internal_steric_clash"":0.0,""molecular_formula"":0.0,""no_radicals"":0.0,""planar_aromatic_rings"":0.0,""planar_double_bonds"":0.0,""reference_file_loads"":0.0,""sanitisation"":0.0,""tetrahedral_chirality"":0.0}",46,92.43050217874776,1.2869592386207291,1.6606120116919296,29.0,63.04347826086956,0.9691540723153783,0.08695652173913043,26.139000376525072,0.04253308128544422,0.5517241379310345,7.0,15.217391304347826,0.8830181144428553,0.2608695652173913,5.574897383858708,0.19848771266540643,0.14285714285714285,1.0,2.1739130434782608,0.0,1.0,1.0,1.0,0.0,1.0,2.1739130434782608,0.0,1.0,1.0,1.0,0.0,46,92.71578193124158,153.1953660821353,107.11649090962595,10.402295268100309,0.4007197451970785,1.3264331900626145,0.0,1.0,1.0,1.0,0.4424324008215592,1.36108295446311,0.0,1.0,1.0,1.0,1000,0,0,0,0,0,46,0,0,0,0,46,46,46,core
3u8n_3u8n_conf0,generation,qwen_1p7b_4e_step29600,chembl_count,1p7b_4e_step29600,qwen_1p7b_4e_step29600_chembl_count,Qwen 1.7B 4e (step 29600),qwen_1p7b_4e_step29600_chembl_count,3,17,196,0.7,196,196,0,1.0,197,196,1,0.9949238578680204,"{""all_atoms_connected"":0,""bond_angles"":1,""bond_lengths"":1,""bonds"":0,""double_bond_stereochemistry"":0,""energy_ratio"":1,""file_loads"":0,""inchi_convertible"":0,""internal_steric_clash"":1,""molecular_formula"":0,""no_radicals"":0,""planar_aromatic_rings"":0,""planar_double_bonds"":0,""reference_file_loads"":0,""sanitisation"":0,""tetrahedral_chirality"":0}","{""all_atoms_connected"":0.0,""bond_angles"":0.005076142131979695,""bond_lengths"":0.005076142131979695,""bonds"":0.0,""double_bond_stereochemistry"":0.0,""energy_ratio"":0.005076142131979695,""file_loads"":0.0,""inchi_convertible"":0.0,""internal_steric_clash"":0.005076142131979695,""molecular_formula"":0.0,""no_radicals"":0.0,""planar_aromatic_rings"":0.0,""planar_double_bonds"":0.0,""reference_file_loads"":0.0,""sanitisation"":0.0,""tetrahedral_chirality"":0.0}",196,93.07633009840623,1.2775806151225708,1.6721588451344638,63.0,32.142857142857146,0.9371587583659325,0.05102040816326531,48.55877869137536,0.0249375260308205,0.36507936507936506,11.0,5.612244897959184,0.8525882415177375,0.2602040816326531,7.724656177133383,0.15795501874219076,0.09090909090909091,2.0,1.0204081632653061,0.9313043685793762,0.6530612244897959,1.9069993720358211,0.5468554768846313,0.0,1.0,0.5102040816326531,0.0,1.0,1.0,1.0,0.0,196,89.9857380416635,147.64513449317548,106.0138031530353,9.378210342831231,0.4296304590135658,1.3989514984784939,0.0,1.0,1.0,1.0,0.43563416595573184,1.4237649231050131,0.0,1.0,1.0,1.0,1000,0,0,0,0,0,197,0,0,0,0,196,197,197,core
3uo4_3uo4_conf0,generation,qwen_1p7b_4e_step29600,fixed,1p7b_4e_step29600,qwen_1p7b_4e_step29600_fixed,Qwen 1.7B 4e (step 29600),qwen_1p7b_4e_step29600_fixed,6,29,890,0.7,890,887,3,0.996629213483146,997,890,107,0.892678034102307,"{""all_atoms_connected"":0,""bond_angles"":43,""bond_lengths"":22,""bonds"":0,""double_bond_stereochemistry"":0,""energy_ratio"":22,""file_loads"":0,""inchi_convertible"":0,""internal_steric_clash"":87,""molecular_formula"":0,""no_radicals"":0,""planar_aromatic_rings"":23,""planar_double_bonds"":0,""reference_file_loads"":0,""sanitisation"":0,""tetrahedral_chirality"":0}","{""all_atoms_connected"":0.0,""bond_angles"":0.04312938816449348,""bond_lengths"":0.022066198595787363,""bonds"":0.0,""double_bond_stereochemistry"":0.0,""energy_ratio"":0.022066198595787363,""file_loads"":0.0,""inchi_convertible"":0.0,""internal_steric_clash"":0.08726178535606821,""molecular_formula"":0.0,""no_radicals"":0.0,""planar_aromatic_rings"":0.023069207622868605,""planar_double_bonds"":0.0,""reference_file_loads"":0.0,""sanitisation"":0.0,""tetrahedral_chirality"":0.0}",890,107.77504175208242,2.13846742572911,3.0482724327046204,340.0,38.20224719101124,0.9448392528671685,0.02359550561797753,246.5134663826611,0.0056785759373816445,0.43529411764705883,62.0,6.966292134831461,0.915885869029943,0.0696629213483146,43.81534343832565,0.028630223456634258,0.06451612903225806,8.0,0.898876404494382,0.8253496338067896,0.36292134831460676,5.563716470718874,0.2228632748390355,0.0,2.0,0.2247191011235955,0.9771449038115315,0.5887640449438202,1.968565756230172,0.515758111349577,0.0,890,44.76249417001755,585.5961835122507,74.38122206406294,31.957211633425125,0.44001267724948795,2.79751028668266,0.0,1.0,1.0,1.0,0.49266392375635204,2.7209270219404713,0.0,1.0,1.0,1.0,997,0,0,0,0,0,997,0,0,0,0,890,1000,1000,core
3uo4_3uo4_conf0,generation,qwen_1p7b_4e_step29600,dynamic,1p7b_4e_step29600,qwen_1p7b_4e_step29600_dynamic,Qwen 1.7B 4e (step 29600),qwen_1p7b_4e_step29600_dynamic,6,29,99,0.7,99,99,0,1.0,112,99,13,0.8839285714285714,"{""all_atoms_connected"":0,""bond_angles"":4,""bond_lengths"":1,""bonds"":0,""double_bond_stereochemistry"":0,""energy_ratio"":0,""file_loads"":0,""inchi_convertible"":0,""internal_steric_clash"":10,""molecular_formula"":0,""no_radicals"":0,""planar_aromatic_rings"":2,""planar_double_bonds"":0,""reference_file_loads"":0,""sanitisation"":0,""tetrahedral_chirality"":0}","{""all_atoms_connected"":0.0,""bond_angles"":0.03571428571428571,""bond_lengths"":0.008928571428571428,""bonds"":0.0,""double_bond_stereochemistry"":0.0,""energy_ratio"":0.0,""file_loads"":0.0,""inchi_convertible"":0.0,""internal_steric_clash"":0.08928571428571429,""molecular_formula"":0.0,""no_radicals"":0.0,""planar_aromatic_rings"":0.017857142857142856,""planar_double_bonds"":0.0,""reference_file_loads"":0.0,""sanitisation"":0.0,""tetrahedral_chirality"":0.0}",99,107.20183899796929,2.089889228915537,2.9689052851602242,72.0,72.72727272727273,0.974565740698222,0.04040404040404041,64.5791939605931,0.017651260075502502,0.7361111111111112,34.0,34.343434343434346,0.9374109915021915,0.08080808080808081,27.26623478882826,0.04356698296092237,0.29411764705882354,6.0,6.0606060606060606,0.828559851008804,0.35353535353535354,4.413111335127069,0.2541577390062238,0.16666666666666666,2.0,2.0202020202020203,0.9078619154263697,0.6767676767676768,1.8762628017912455,0.5624936230996838,0.0,99,50.3206522279176,227.24135773707343,75.34886740809273,26.68737526236455,1.5027271672202729,2.9146622223252114,0.0,0.0,0.0,1.0,1.353361697527639,2.8334933776520015,0.0,0.0,0.0,1.0,997,0,0,0,0,0,112,0,0,0,0,99,112,112,core
3uo4_3uo4_conf0,generation,qwen_1p7b_4e_step29600,chembl_count,1p7b_4e_step29600,qwen_1p7b_4e_step29600_chembl_count,Qwen 1.7B 4e (step 29600),qwen_1p7b_4e_step29600_chembl_count,6,29,24,0.7,24,24,0,1.0,26,24,2,0.9230769230769232,"{""all_atoms_connected"":0,""bond_angles"":1,""bond_lengths"":1,""bonds"":0,""double_bond_stereochemistry"":0,""energy_ratio"":0,""file_loads"":0,""inchi_convertible"":0,""internal_steric_clash"":1,""molecular_formula"":0,""no_radicals"":0,""planar_aromatic_rings"":0,""planar_double_bonds"":0,""reference_file_loads"":0,""sanitisation"":0,""tetrahedral_chirality"":0}","{""all_atoms_connected"":0.0,""bond_angles"":0.038461538461538464,""bond_lengths"":0.038461538461538464,""bonds"":0.0,""double_bond_stereochemistry"":0.0,""energy_ratio"":0.0,""file_loads"":0.0,""inchi_convertible"":0.0,""internal_steric_clash"":0.038461538461538464,""molecular_formula"":0.0,""no_radicals"":0.0,""planar_aromatic_rings"":0.0,""planar_double_bonds"":0.0,""reference_file_loads"":0.0,""sanitisation"":0.0,""tetrahedral_chirality"":0.0}",24,114.85451449726828,2.086905460815636,2.9089649233507155,23.0,95.83333333333333,0.9951514340065973,0.08333333333333333,22.652983504360673,0.045138888888888895,0.9565217391304348,18.0,75.0,0.9796249331362631,0.08333333333333333,16.97056274847715,0.0625,0.6666666666666666,5.0,20.833333333333332,0.8525560989043688,0.5,3.9437660146004263,0.3159722222222222,0.0,2.0,8.333333333333334,0.9798687566511527,0.5833333333333334,1.9722859800819112,0.513888888888889,0.0,24,50.76681623511593,172.19757359419742,77.88260597397365,24.59248857080439,0.7422524777591885,2.980498085867945,0.0,0.0,1.0,1.0,0.661499847693574,2.9009715090168235,0.0,0.0,1.0,1.0,997,0,0,0,0,0,26,0,0,0,0,24,26,26,core
3up2_3up2_conf0,generation,qwen_1p7b_4e_step29600,fixed,1p7b_4e_step29600,qwen_1p7b_4e_step29600_fixed,Qwen 1.7B 4e (step 29600),qwen_1p7b_4e_step29600_fixed,6,28,821,0.7,821,816,5,0.9939098660170523,1000,821,179,0.821,"{""all_atoms_connected"":0,""bond_angles"":44,""bond_lengths"":22,""bonds"":0,""double_bond_stereochemistry"":0,""energy_ratio"":47,""file_loads"":0,""inchi_convertible"":0,""internal_steric_clash"":160,""molecular_formula"":0,""no_radicals"":0,""planar_aromatic_rings"":7,""planar_double_bonds"":0,""reference_file_loads"":0,""sanitisation"":0,""tetrahedral_chirality"":0}","{""all_atoms_connected"":0.0,""bond_angles"":0.044,""bond_lengths"":0.022,""bonds"":0.0,""double_bond_stereochemistry"":0.0,""energy_ratio"":0.047,""file_loads"":0.0,""inchi_convertible"":0.0,""internal_steric_clash"":0.16,""molecular_formula"":0.0,""no_radicals"":0.0,""planar_aromatic_rings"":0.007,""planar_double_bonds"":0.0,""reference_file_loads"":0.0,""sanitisation"":0.0,""tetrahedral_chirality"":0.0}",821,104.38527719907783,1.8726165321834805,2.5720664577002035,311.0,37.880633373934224,0.9381318769425235,0.018270401948842874,218.04090830595047,0.006336409802964508,0.5016077170418006,60.0,7.3081607795371495,0.909058498086589,0.05968331303288672,41.34695248965588,0.028937408851983783,0.1,6.0,0.730816077953715,0.724572544359221,0.4226552984165652,3.662916607998308,0.31468560517832,0.16666666666666666,3.0,0.3654080389768575,0.457263133904844,0.8038976857490865,1.6526084163460335,0.6842328582385938,0.3333333333333333,821,32.045170602954144,95943.61292592033,57.426859877363476,3344.375557081672,0.4385031341118698,2.5526193362994753,0.0,1.0,1.0,1.0,0.33652222228701745,2.3892079903932935,0.0,1.0,1.0,1.0,1000,0,0,0,0,0,1000,0,0,0,0,821,1000,1000,core
3up2_3up2_conf0,generation,qwen_1p7b_4e_step29600,dynamic,1p7b_4e_step29600,qwen_1p7b_4e_step29600_dynamic,Qwen 1.7B 4e (step 29600),qwen_1p7b_4e_step29600_dynamic,6,28,89,0.7,89,89,0,1.0,112,89,23,0.7946428571428571,"{""all_atoms_connected"":0,""bond_angles"":8,""bond_lengths"":3,""bonds"":0,""double_bond_stereochemistry"":0,""energy_ratio"":6,""file_loads"":0,""inchi_convertible"":0,""internal_steric_clash"":20,""molecular_formula"":0,""no_radicals"":0,""planar_aromatic_rings"":2,""planar_double_bonds"":0,""reference_file_loads"":0,""sanitisation"":0,""tetrahedral_chirality"":0}","{""all_atoms_connected"":0.0,""bond_angles"":0.07142857142857142,""bond_lengths"":0.026785714285714284,""bonds"":0.0,""double_bond_stereochemistry"":0.0,""energy_ratio"":0.05357142857142857,""file_loads"":0.0,""inchi_convertible"":0.0,""internal_steric_clash"":0.17857142857142858,""molecular_formula"":0.0,""no_radicals"":0.0,""planar_aromatic_rings"":0.017857142857142856,""planar_double_bonds"":0.0,""reference_file_loads"":0.0,""sanitisation"":0.0,""tetrahedral_chirality"":0.0}",89,103.47316637840431,1.9144908746851124,2.5984184587787125,77.0,86.51685393258427,0.9903114569672119,0.02247191011235955,73.82668680742125,0.014265875520767581,0.8441558441558441,30.0,33.70786516853933,0.9493677514058463,0.0898876404494382,25.254064430601375,0.04557505365484156,0.23333333333333334,4.0,4.49438202247191,0.9045063679804032,0.4606741573033708,3.5040241932907596,0.31852038883979295,0.0,1.0,1.1235955056179776,0.0,1.0,1.0,1.0,0.0,89,32.44657086254088,117.69326541323214,56.63261505076589,13.26485077002332,0.5760676217918839,2.4840485228770106,0.0,0.0,1.0,1.0,0.5367570779425563,2.344727884628709,0.0,0.0,1.0,1.0,1000,0,0,0,0,0,112,0,0,0,0,89,112,112,core
3up2_3up2_conf0,generation,qwen_1p7b_4e_step29600,chembl_count,1p7b_4e_step29600,qwen_1p7b_4e_step29600_chembl_count,Qwen 1.7B 4e (step 29600),qwen_1p7b_4e_step29600_chembl_count,6,28,35,0.7,35,34,1,0.9714285714285714,43,35,8,0.813953488372093,"{""all_atoms_connected"":0,""bond_angles"":1,""bond_lengths"":0,""bonds"":0,""double_bond_stereochemistry"":0,""energy_ratio"":1,""file_loads"":0,""inchi_convertible"":0,""internal_steric_clash"":6,""molecular_formula"":0,""no_radicals"":0,""planar_aromatic_rings"":0,""planar_double_bonds"":0,""reference_file_loads"":0,""sanitisation"":0,""tetrahedral_chirality"":0}","{""all_atoms_connected"":0.0,""bond_angles"":0.023255813953488372,""bond_lengths"":0.0,""bonds"":0.0,""double_bond_stereochemistry"":0.0,""energy_ratio"":0.023255813953488372,""file_loads"":0.0,""inchi_convertible"":0.0,""internal_steric_clash"":0.13953488372093023,""molecular_formula"":0.0,""no_radicals"":0.0,""planar_aromatic_rings"":0.0,""planar_double_bonds"":0.0,""reference_file_loads"":0.0,""sanitisation"":0.0,""tetrahedral_chirality"":0.0}",35,105.44839124594492,2.0459303411028373,2.9235947671775677,31.0,88.57142857142857,0.9892041577155103,0.05714285714285714,29.87178592066552,0.03510204081632654,0.8709677419354839,19.0,54.285714285714285,0.9494403172890961,0.14285714285714285,16.371943025342844,0.07102040816326528,0.47368421052631576,4.0,11.428571428571429,0.6876171066844144,0.6285714285714286,2.594100212596415,0.4693877551020408,0.25,2.0,5.714285714285714,0.18717625687320819,0.9714285714285714,1.1385331173948228,0.9444897959183673,0.5,35,38.640950084827274,95943.61292592033,60.41625670993881,15973.986055189882,0.7224631102133618,2.7131518648427564,0.0,0.0,1.0,1.0,0.5906922298152232,2.5316321967339617,0.0,0.0,1.0,1.0,1000,0,0,0,0,0,43,0,0,0,0,35,43,43,core
3wtj_3wtj_conf0,generation,qwen_1p7b_4e_step29600,fixed,1p7b_4e_step29600,qwen_1p7b_4e_step29600_fixed,Qwen 1.7B 4e (step 29600),qwen_1p7b_4e_step29600_fixed,2,16,949,0.7,949,945,4,0.9957850368809273,1000,949,51,0.949,"{""all_atoms_connected"":0,""bond_angles"":7,""bond_lengths"":2,""bonds"":0,""double_bond_stereochemistry"":49,""energy_ratio"":2,""file_loads"":0,""inchi_convertible"":0,""internal_steric_clash"":7,""molecular_formula"":0,""no_radicals"":0,""planar_aromatic_rings"":2,""planar_double_bonds"":0,""reference_file_loads"":0,""sanitisation"":0,""tetrahedral_chirality"":0}","{""all_atoms_connected"":0.0,""bond_angles"":0.007,""bond_lengths"":0.002,""bonds"":0.0,""double_bond_stereochemistry"":0.049,""energy_ratio"":0.002,""file_loads"":0.0,""inchi_convertible"":0.0,""internal_steric_clash"":0.007,""molecular_formula"":0.0,""no_radicals"":0.0,""planar_aromatic_rings"":0.002,""planar_double_bonds"":0.0,""reference_file_loads"":0.0,""sanitisation"":0.0,""tetrahedral_chirality"":0.0}",949,89.91000675105107,1.3162496374766033,1.9542067937411347,41.0,4.3203371970495255,0.7768586247826311,0.15489989462592202,17.90214411745089,0.08003211188972696,0.21951219512195122,11.0,1.1591148577449948,0.7434375525834733,0.3224446786090622,5.945801813518947,0.2125858176928518,0.0,2.0,0.2107481559536354,0.9964014869566975,0.5353003161222339,1.9950176180184434,0.5024922246366593,0.0,1.0,0.1053740779768177,0.0,1.0,1.0,1.0,0.0,949,-49.286478646362895,40.806748334829905,-35.17724420644985,8.249896307595876,0.17661005968961374,1.4327420505532689,1.0,1.0,1.0,1.0,0.18917930584540388,1.4063305196265032,1.0,1.0,1.0,1.0,1000,0,0,0,0,0,1000,0,0,0,0,949,1000,1000,core
3wtj_3wtj_conf0,generation,qwen_1p7b_4e_step29600,dynamic,1p7b_4e_step29600,qwen_1p7b_4e_step29600_dynamic,Qwen 1.7B 4e (step 29600),qwen_1p7b_4e_step29600_dynamic,2,16,22,0.7,22,22,0,1.0,24,22,2,0.9166666666666666,"{""all_atoms_connected"":0,""bond_angles"":1,""bond_lengths"":1,""bonds"":0,""double_bond_stereochemistry"":2,""energy_ratio"":0,""file_loads"":0,""inchi_convertible"":0,""internal_steric_clash"":1,""molecular_formula"":0,""no_radicals"":0,""planar_aromatic_rings"":1,""planar_double_bonds"":0,""reference_file_loads"":0,""sanitisation"":0,""tetrahedral_chirality"":0}","{""all_atoms_connected"":0.0,""bond_angles"":0.041666666666666664,""bond_lengths"":0.041666666666666664,""bonds"":0.0,""double_bond_stereochemistry"":0.08333333333333333,""energy_ratio"":0.0,""file_loads"":0.0,""inchi_convertible"":0.0,""internal_steric_clash"":0.041666666666666664,""molecular_formula"":0.0,""no_radicals"":0.0,""planar_aromatic_rings"":0.041666666666666664,""planar_double_bonds"":0.0,""reference_file_loads"":0.0,""sanitisation"":0.0,""tetrahedral_chirality"":0.0}",22,88.7230914222564,1.2881344279186369,1.8933563030672929,9.0,40.90909090909091,0.8452485056567856,0.3181818181818182,6.405780530348543,0.2024793388429752,0.5555555555555556,5.0,22.727272727272727,0.8207654945151869,0.4090909090909091,3.7470583947481098,0.30578512396694213,0.4,2.0,9.090909090909092,0.8453509366224364,0.7272727272727273,1.7967017416268891,0.6033057851239669,0.0,1.0,4.545454545454546,0.0,1.0,1.0,1.0,0.0,22,-43.62146945234649,-24.906236970737773,-35.59607459477121,5.271703276051758,0.7198387325600413,1.5754637088839756,0.0,0.0,1.0,1.0,0.6221086323592605,1.5286912498405132,0.0,0.0,1.0,1.0,1000,0,0,0,0,0,24,0,0,0,0,22,24,24,core
3wtj_3wtj_conf0,generation,qwen_1p7b_4e_step29600,chembl_count,1p7b_4e_step29600,qwen_1p7b_4e_step29600_chembl_count,Qwen 1.7B 4e (step 29600),qwen_1p7b_4e_step29600_chembl_count,2,16,48,0.7,48,48,0,1.0,52,48,4,0.9230769230769232,"{""all_atoms_connected"":0,""bond_angles"":0,""bond_lengths"":0,""bonds"":0,""double_bond_stereochemistry"":4,""energy_ratio"":0,""file_loads"":0,""inchi_convertible"":0,""internal_steric_clash"":0,""molecular_formula"":0,""no_radicals"":0,""planar_aromatic_rings"":0,""planar_double_bonds"":0,""reference_file_loads"":0,""sanitisation"":0,""tetrahedral_chirality"":0}","{""all_atoms_connected"":0.0,""bond_angles"":0.0,""bond_lengths"":0.0,""bonds"":0.0,""double_bond_stereochemistry"":0.07692307692307693,""energy_ratio"":0.0,""file_loads"":0.0,""inchi_convertible"":0.0,""internal_steric_clash"":0.0,""molecular_formula"":0.0,""no_radicals"":0.0,""planar_aromatic_rings"":0.0,""planar_double_bonds"":0.0,""reference_file_loads"":0.0,""sanitisation"":0.0,""tetrahedral_chirality"":0.0}",48,88.73392094206227,1.3489334030700786,1.9455841115240193,18.0,37.5,0.8965439500783199,0.16666666666666666,13.347716386443233,0.09461805555555555,0.5,9.0,18.75,0.8484416715735913,0.2916666666666667,6.45088217786776,0.18576388888888892,0.3333333333333333,2.0,4.166666666666667,0.9987472979361685,0.5208333333333334,1.9982641399314511,0.5008680555555556,0.0,1.0,2.0833333333333335,0.0,1.0,1.0,1.0,0.0,48,-42.462491231280474,-13.356988800430422,-34.376826127439635,6.405868868070907,0.20895209162991968,1.4719809936605301,1.0,1.0,1.0,1.0,0.2298818748993086,1.466692626053577,1.0,1.0,1.0,1.0,1000,0,0,0,0,0,52,0,0,0,0,48,52,52,core
3zdg_3zdg_conf0,generation,qwen_1p7b_4e_step29600,fixed,1p7b_4e_step29600,qwen_1p7b_4e_step29600_fixed,Qwen 1.7B 4e (step 29600),qwen_1p7b_4e_step29600_fixed,4,13,486,0.7,486,486,0,1.0,1000,486,514,0.486,"{""all_atoms_connected"":0,""bond_angles"":0,""bond_lengths"":0,""bonds"":0,""double_bond_stereochemistry"":0,""energy_ratio"":1,""file_loads"":0,""inchi_convertible"":0,""internal_steric_clash"":14,""molecular_formula"":0,""no_radicals"":0,""planar_aromatic_rings"":0,""planar_double_bonds"":0,""reference_file_loads"":0,""sanitisation"":0,""tetrahedral_chirality"":507}","{""all_atoms_connected"":0.0,""bond_angles"":0.0,""bond_lengths"":0.0,""bonds"":0.0,""double_bond_stereochemistry"":0.0,""energy_ratio"":0.001,""file_loads"":0.0,""inchi_convertible"":0.0,""internal_steric_clash"":0.014,""molecular_formula"":0.0,""no_radicals"":0.0,""planar_aromatic_rings"":0.0,""planar_double_bonds"":0.0,""reference_file_loads"":0.0,""sanitisation"":0.0,""tetrahedral_chirality"":0.507}",486,80.52980121077637,1.2194893962698083,1.6310954873137802,111.0,22.839506172839506,0.88571814609452,0.05555555555555555,64.80069696172164,0.022853900997476684,0.38738738738738737,13.0,2.674897119341564,0.8158413763702645,0.2037037037037037,8.105896940203754,0.14706430252840863,0.07692307692307693,1.0,0.205761316872428,0.0,1.0,1.0,1.0,0.0,1.0,0.205761316872428,0.0,1.0,1.0,1.0,0.0,486,-57.7134292260027,-10.328197454523782,-46.55837340113405,6.682944261896178,0.24103880421156987,1.3387660371521322,1.0,1.0,1.0,1.0,0.2444619611636166,1.320820708456922,1.0,1.0,1.0,1.0,1000,0,0,0,0,0,1000,0,0,0,0,486,1000,1000,core
3zdg_3zdg_conf0,generation,qwen_1p7b_4e_step29600,dynamic,1p7b_4e_step29600,qwen_1p7b_4e_step29600_dynamic,Qwen 1.7B 4e (step 29600),qwen_1p7b_4e_step29600_dynamic,4,13,29,0.7,29,29,0,1.0,68,29,39,0.4264705882352941,"{""all_atoms_connected"":0,""bond_angles"":0,""bond_lengths"":0,""bonds"":0,""double_bond_stereochemistry"":0,""energy_ratio"":0,""file_loads"":0,""inchi_convertible"":0,""internal_steric_clash"":1,""molecular_formula"":0,""no_radicals"":0,""planar_aromatic_rings"":0,""planar_double_bonds"":0,""reference_file_loads"":0,""sanitisation"":0,""tetrahedral_chirality"":38}","{""all_atoms_connected"":0.0,""bond_angles"":0.0,""bond_lengths"":0.0,""bonds"":0.0,""double_bond_stereochemistry"":0.0,""energy_ratio"":0.0,""file_loads"":0.0,""inchi_convertible"":0.0,""internal_steric_clash"":0.014705882352941176,""molecular_formula"":0.0,""no_radicals"":0.0,""planar_aromatic_rings"":0.0,""planar_double_bonds"":0.0,""reference_file_loads"":0.0,""sanitisation"":0.0,""tetrahedral_chirality"":0.5588235294117647}",29,79.67674255788252,1.2253390593603382,1.6494162074393102,19.0,65.51724137931035,0.958898118919989,0.13793103448275862,16.83427519788261,0.06777645659928656,0.631578947368421,7.0,24.137931034482758,0.9005140926781219,0.2413793103448276,5.767966040002377,0.19143876337693227,0.2857142857142857,1.0,3.4482758620689653,0.0,1.0,1.0,1.0,0.0,1.0,3.4482758620689653,0.0,1.0,1.0,1.0,0.0,29,-54.14977161946247,-24.720100374402133,-44.190406607104556,6.966943024648897,0.7192859496784003,1.2799103634652473,0.0,0.0,1.0,1.0,0.6918573277431296,1.2395142628195537,0.0,0.0,1.0,1.0,1000,0,0,0,0,0,68,0,0,0,0,29,68,68,core
3zdg_3zdg_conf0,generation,qwen_1p7b_4e_step29600,chembl_count,1p7b_4e_step29600,qwen_1p7b_4e_step29600_chembl_count,Qwen 1.7B 4e (step 29600),qwen_1p7b_4e_step29600_chembl_count,4,13,115,0.7,115,115,0,1.0,199,115,84,0.5778894472361809,"{""all_atoms_connected"":0,""bond_angles"":0,""bond_lengths"":0,""bonds"":0,""double_bond_stereochemistry"":0,""energy_ratio"":0,""file_loads"":0,""inchi_convertible"":0,""internal_steric_clash"":2,""molecular_formula"":0,""no_radicals"":0,""planar_aromatic_rings"":0,""planar_double_bonds"":0,""reference_file_loads"":0,""sanitisation"":0,""tetrahedral_chirality"":82}","{""all_atoms_connected"":0.0,""bond_angles"":0.0,""bond_lengths"":0.0,""bonds"":0.0,""double_bond_stereochemistry"":0.0,""energy_ratio"":0.0,""file_loads"":0.0,""inchi_convertible"":0.0,""internal_steric_clash"":0.010050251256281407,""molecular_formula"":0.0,""no_radicals"":0.0,""planar_aromatic_rings"":0.0,""planar_double_bonds"":0.0,""reference_file_loads"":0.0,""sanitisation"":0.0,""tetrahedral_chirality"":0.4120603015075377}",115,81.03435213866088,1.2305496374654568,1.6348435505366863,50.0,43.47826086956522,0.9327104447781402,0.08695652173913043,38.42793685622715,0.03379962192816635,0.48,12.0,10.434782608695652,0.9425906694274916,0.1565217391304348,10.404618795282573,0.10669187145557658,0.0,1.0,0.8695652173913043,0.0,1.0,1.0,1.0,0.0,1.0,0.8695652173913043,0.0,1.0,1.0,1.0,0.0,115,-56.840041912742194,-22.480397684669185,-46.41345562896621,6.146362007959341,0.24103880421156987,1.3276520718279017,1.0,1.0,1.0,1.0,0.2444619611636166,1.3324673532373557,1.0,1.0,1.0,1.0,1000,0,0,0,0,0,199,0,0,0,0,115,199,199,core
4ddh_4ddh_conf0,generation,qwen_1p7b_4e_step29600,fixed,1p7b_4e_step29600,qwen_1p7b_4e_step29600_fixed,Qwen 1.7B 4e (step 29600),qwen_1p7b_4e_step29600_fixed,3,15,959,0.7,959,958,1,0.9989572471324296,1000,959,41,0.959,"{""all_atoms_connected"":0,""bond_angles"":40,""bond_lengths"":5,""bonds"":0,""double_bond_stereochemistry"":0,""energy_ratio"":25,""file_loads"":0,""inchi_convertible"":0,""internal_steric_clash"":31,""molecular_formula"":0,""no_radicals"":0,""planar_aromatic_rings"":0,""planar_double_bonds"":0,""reference_file_loads"":0,""sanitisation"":0,""tetrahedral_chirality"":0}","{""all_atoms_connected"":0.0,""bond_angles"":0.04,""bond_lengths"":0.005,""bonds"":0.0,""double_bond_stereochemistry"":0.0,""energy_ratio"":0.025,""file_loads"":0.0,""inchi_convertible"":0.0,""internal_steric_clash"":0.031,""molecular_formula"":0.0,""no_radicals"":0.0,""planar_aromatic_rings"":0.0,""planar_double_bonds"":0.0,""reference_file_loads"":0.0,""sanitisation"":0.0,""tetrahedral_chirality"":0.0}",959,100.59049500699295,0.8293851826035501,1.1960310883853345,30.0,3.1282586027111576,0.8955243674221808,0.10218978102189781,21.028005272430534,0.0571643863470051,0.1,3.0,0.31282586027111575,0.9730714250381218,0.3993743482794578,2.912547784051935,0.35178393377703787,0.0,1.0,0.10427528675703858,0.0,1.0,1.0,1.0,0.0,1.0,0.10427528675703858,0.0,1.0,1.0,1.0,0.0,959,53.21362445192979,302.9422534940589,66.39582422922234,12.974508893785243,0.14422963590759943,0.8149249574710161,1.0,1.0,1.0,1.0,0.17545831688155708,0.7894822726475531,1.0,1.0,1.0,1.0,1000,0,0,0,0,0,1000,0,0,0,0,959,1000,1000,core
4ddh_4ddh_conf0,generation,qwen_1p7b_4e_step29600,dynamic,1p7b_4e_step29600,qwen_1p7b_4e_step29600_dynamic,Qwen 1.7B 4e (step 29600),qwen_1p7b_4e_step29600_dynamic,3,15,43,0.7,43,43,0,1.0,46,43,3,0.9347826086956522,"{""all_atoms_connected"":0,""bond_angles"":3,""bond_lengths"":0,""bonds"":0,""double_bond_stereochemistry"":0,""energy_ratio"":3,""file_loads"":0,""inchi_convertible"":0,""internal_steric_clash"":3,""molecular_formula"":0,""no_radicals"":0,""planar_aromatic_rings"":0,""planar_double_bonds"":0,""reference_file_loads"":0,""sanitisation"":0,""tetrahedral_chirality"":0}","{""all_atoms_connected"":0.0,""bond_angles"":0.06521739130434782,""bond_lengths"":0.0,""bonds"":0.0,""double_bond_stereochemistry"":0.0,""energy_ratio"":0.06521739130434782,""file_loads"":0.0,""inchi_convertible"":0.0,""internal_steric_clash"":0.06521739130434782,""molecular_formula"":0.0,""no_radicals"":0.0,""planar_aromatic_rings"":0.0,""planar_double_bonds"":0.0,""reference_file_loads"":0.0,""sanitisation"":0.0,""tetrahedral_chirality"":0.0}",43,97.9664250796652,0.8789929287508338,1.2308676631625337,17.0,39.53488372093023,0.9208273227729509,0.13953488372093023,13.58410363114052,0.08599242833964305,0.47058823529411764,4.0,9.30232558139535,0.7318272361992766,0.6046511627906976,2.758061204797226,0.43645213628988644,0.25,1.0,2.3255813953488373,0.0,1.0,1.0,1.0,0.0,1.0,2.3255813953488373,0.0,1.0,1.0,1.0,0.0,43,57.696705735087576,132.96133147800631,67.97992879237032,13.30455946923985,0.16722455808236034,0.807695521031467,1.0,1.0,1.0,1.0,0.23077505741733664,0.7958664454615969,1.0,1.0,1.0,1.0,1000,0,0,0,0,0,46,0,0,0,0,43,46,46,core
4ddh_4ddh_conf0,generation,qwen_1p7b_4e_step29600,chembl_count,1p7b_4e_step29600,qwen_1p7b_4e_step29600_chembl_count,Qwen 1.7B 4e (step 29600),qwen_1p7b_4e_step29600_chembl_count,3,15,2,0.7,2,2,0,1.0,2,2,0,1.0,"{""all_atoms_connected"":0,""bond_angles"":0,""bond_lengths"":0,""bonds"":0,""double_bond_stereochemistry"":0,""energy_ratio"":0,""file_loads"":0,""inchi_convertible"":0,""internal_steric_clash"":0,""molecular_formula"":0,""no_radicals"":0,""planar_aromatic_rings"":0,""planar_double_bonds"":0,""reference_file_loads"":0,""sanitisation"":0,""tetrahedral_chirality"":0}","{""all_atoms_connected"":0.0,""bond_angles"":0.0,""bond_lengths"":0.0,""bonds"":0.0,""double_bond_stereochemistry"":0.0,""energy_ratio"":0.0,""file_loads"":0.0,""inchi_convertible"":0.0,""internal_steric_clash"":0.0,""molecular_formula"":0.0,""no_radicals"":0.0,""planar_aromatic_rings"":0.0,""planar_double_bonds"":0.0,""reference_file_loads"":0.0,""sanitisation"":0.0,""tetrahedral_chirality"":0.0}",2,38.56682081825365,1.0176858001848836,1.0176858001848836,2.0,100.0,1.0,0.5,2.0,0.5,1.0,2.0,100.0,1.0,0.5,2.0,0.5,1.0,1.0,50.0,0.0,1.0,1.0,1.0,0.0,1.0,50.0,0.0,1.0,1.0,1.0,0.0,2,61.52748157232162,66.94606145853989,64.23677151543075,2.709289943109134,0.7458737480256933,0.7652703801304137,0.0,0.0,1.0,1.0,0.7697451620331867,0.7783445709573374,0.0,0.0,0.0,1.0,1000,0,0,0,0,0,2,0,0,0,0,2,2,2,core
4ddk_4ddk_conf0,generation,qwen_1p7b_4e_step29600,fixed,1p7b_4e_step29600,qwen_1p7b_4e_step29600_fixed,Qwen 1.7B 4e (step 29600),qwen_1p7b_4e_step29600_fixed,1,12,1000,0.7,1000,1000,0,1.0,1000,1000,0,1.0,"{""all_atoms_connected"":0,""bond_angles"":0,""bond_lengths"":0,""bonds"":0,""double_bond_stereochemistry"":0,""energy_ratio"":0,""file_loads"":0,""inchi_convertible"":0,""internal_steric_clash"":0,""molecular_formula"":0,""no_radicals"":0,""planar_aromatic_rings"":0,""planar_double_bonds"":0,""reference_file_loads"":0,""sanitisation"":0,""tetrahedral_chirality"":0}","{""all_atoms_connected"":0.0,""bond_angles"":0.0,""bond_lengths"":0.0,""bonds"":0.0,""double_bond_stereochemistry"":0.0,""energy_ratio"":0.0,""file_loads"":0.0,""inchi_convertible"":0.0,""internal_steric_clash"":0.0,""molecular_formula"":0.0,""no_radicals"":0.0,""planar_aromatic_rings"":0.0,""planar_double_bonds"":0.0,""reference_file_loads"":0.0,""sanitisation"":0.0,""tetrahedral_chirality"":0.0}",1000,104.56552865030241,0.10845525914791938,0.19824130327507097,2.0,0.2,0.12424761932804054,0.983,1.0899391696557987,0.9665779999999999,0.0,1.0,0.1,0.0,1.0,1.0,1.0,0.0,1.0,0.1,0.0,1.0,1.0,1.0,0.0,1.0,0.1,0.0,1.0,1.0,1.0,0.0,1000,29.80364823785962,63.824975335634605,39.83497073563825,5.181729985115353,0.051639466996189466,0.09523228833458872,1.0,1.0,1.0,1.0,0.06542283054519198,0.09120299874105559,1.0,1.0,1.0,1.0,1000,0,0,0,0,0,1000,0,0,0,0,1000,1000,1000,core
4ddk_4ddk_conf0,generation,qwen_1p7b_4e_step29600,dynamic,1p7b_4e_step29600,qwen_1p7b_4e_step29600_dynamic,Qwen 1.7B 4e (step 29600),qwen_1p7b_4e_step29600_dynamic,1,12,2,0.7,2,2,0,1.0,2,2,0,1.0,"{""all_atoms_connected"":0,""bond_angles"":0,""bond_lengths"":0,""bonds"":0,""double_bond_stereochemistry"":0,""energy_ratio"":0,""file_loads"":0,""inchi_convertible"":0,""internal_steric_clash"":0,""molecular_formula"":0,""no_radicals"":0,""planar_aromatic_rings"":0,""planar_double_bonds"":0,""reference_file_loads"":0,""sanitisation"":0,""tetrahedral_chirality"":0}","{""all_atoms_connected"":0.0,""bond_angles"":0.0,""bond_lengths"":0.0,""bonds"":0.0,""double_bond_stereochemistry"":0.0,""energy_ratio"":0.0,""file_loads"":0.0,""inchi_convertible"":0.0,""internal_steric_clash"":0.0,""molecular_formula"":0.0,""no_radicals"":0.0,""planar_aromatic_rings"":0.0,""planar_double_bonds"":0.0,""reference_file_loads"":0.0,""sanitisation"":0.0,""tetrahedral_chirality"":0.0}",2,0.0,0.12964251815051414,0.12964251815051414,1.0,50.0,0.0,1.0,1.0,1.0,0.0,1.0,50.0,0.0,1.0,1.0,1.0,0.0,1.0,50.0,0.0,1.0,1.0,1.0,0.0,1.0,50.0,0.0,1.0,1.0,1.0,0.0,2,34.754449558559074,37.87907579363648,36.31676267609778,1.5623131175387037,0.08260562884082225,0.0974046449578077,1.0,1.0,1.0,1.0,0.08000465373673278,0.10577080116942503,1.0,1.0,1.0,1.0,1000,0,0,0,0,0,2,0,0,0,0,2,2,2,core
4ddk_4ddk_conf0,generation,qwen_1p7b_4e_step29600,chembl_count,1p7b_4e_step29600,qwen_1p7b_4e_step29600_chembl_count,Qwen 1.7B 4e (step 29600),qwen_1p7b_4e_step29600_chembl_count,1,12,1,0.7,1,1,0,1.0,1,1,0,1.0,"{""all_atoms_connected"":0,""bond_angles"":0,""bond_lengths"":0,""bonds"":0,""double_bond_stereochemistry"":0,""energy_ratio"":0,""file_loads"":0,""inchi_convertible"":0,""internal_steric_clash"":0,""molecular_formula"":0,""no_radicals"":0,""planar_aromatic_rings"":0,""planar_double_bonds"":0,""reference_file_loads"":0,""sanitisation"":0,""tetrahedral_chirality"":0}","{""all_atoms_connected"":0.0,""bond_angles"":0.0,""bond_lengths"":0.0,""bonds"":0.0,""double_bond_stereochemistry"":0.0,""energy_ratio"":0.0,""file_loads"":0.0,""inchi_convertible"":0.0,""internal_steric_clash"":0.0,""molecular_formula"":0.0,""no_radicals"":0.0,""planar_aromatic_rings"":0.0,""planar_double_bonds"":0.0,""reference_file_loads"":0.0,""sanitisation"":0.0,""tetrahedral_chirality"":0.0}",1,0.0,,,1.0,100.0,0.0,1.0,1.0,1.0,1.0,1.0,100.0,0.0,1.0,1.0,1.0,1.0,1.0,100.0,0.0,1.0,1.0,1.0,1.0,1.0,100.0,0.0,1.0,1.0,1.0,1.0,1,41.5983457449761,41.5983457449761,41.5983457449761,0.0,0.1254887725791631,0.1254887725791631,1.0,1.0,1.0,1.0,0.11343034125583859,0.11343034125583859,1.0,1.0,1.0,1.0,1000,0,0,0,0,0,1,0,0,0,0,1,1,1,core
4eor_4eor_conf0,generation,qwen_1p7b_4e_step29600,fixed,1p7b_4e_step29600,qwen_1p7b_4e_step29600_fixed,Qwen 1.7B 4e (step 29600),qwen_1p7b_4e_step29600_fixed,7,28,980,0.7,980,980,0,1.0,1000,980,20,0.98,"{""all_atoms_connected"":0,""bond_angles"":2,""bond_lengths"":3,""bonds"":0,""double_bond_stereochemistry"":0,""energy_ratio"":1,""file_loads"":0,""inchi_convertible"":0,""internal_steric_clash"":17,""molecular_formula"":0,""no_radicals"":0,""planar_aromatic_rings"":1,""planar_double_bonds"":0,""reference_file_loads"":0,""sanitisation"":0,""tetrahedral_chirality"":0}","{""all_atoms_connected"":0.0,""bond_angles"":0.002,""bond_lengths"":0.003,""bonds"":0.0,""double_bond_stereochemistry"":0.0,""energy_ratio"":0.001,""file_loads"":0.0,""inchi_convertible"":0.0,""internal_steric_clash"":0.017,""molecular_formula"":0.0,""no_radicals"":0.0,""planar_aromatic_rings"":0.001,""planar_double_bonds"":0.0,""reference_file_loads"":0.0,""sanitisation"":0.0,""tetrahedral_chirality"":0.0}",980,87.0166335636871,1.6276530285658835,2.393165245881362,242.0,24.693877551020407,0.9060039074722589,0.04897959183673469,144.4594763547068,0.011201582673885878,0.35537190082644626,34.0,3.4693877551020407,0.8286068998175969,0.17959183673469387,18.577787784272633,0.07863182007496877,0.0,3.0,0.30612244897959184,0.7831187705541979,0.6122448979591837,2.363973535815043,0.4775614327363598,0.0,2.0,0.20408163265306123,0.18195758850809274,0.9724489795918367,1.134422135377628,0.9464160766347356,0.0,980,51.34507108363164,128.4093597391857,67.83603648156529,8.522207803360335,0.6226377433434724,1.393912383658349,0.0,0.0,1.0,1.0,0.6221831498947652,1.4415255158505675,0.0,0.0,1.0,1.0,1000,0,0,0,0,0,1000,0,0,0,0,980,1000,1000,core
4eor_4eor_conf0,generation,qwen_1p7b_4e_step29600,dynamic,1p7b_4e_step29600,qwen_1p7b_4e_step29600_dynamic,Qwen 1.7B 4e (step 29600),qwen_1p7b_4e_step29600_dynamic,7,28,132,0.7,132,132,0,1.0,134,132,2,0.9850746268656716,"{""all_atoms_connected"":0,""bond_angles"":1,""bond_lengths"":0,""bonds"":0,""double_bond_stereochemistry"":0,""energy_ratio"":1,""file_loads"":0,""inchi_convertible"":0,""internal_steric_clash"":2,""molecular_formula"":0,""no_radicals"":0,""planar_aromatic_rings"":1,""planar_double_bonds"":0,""reference_file_loads"":0,""sanitisation"":0,""tetrahedral_chirality"":0}","{""all_atoms_connected"":0.0,""bond_angles"":0.007462686567164179,""bond_lengths"":0.0,""bonds"":0.0,""double_bond_stereochemistry"":0.0,""energy_ratio"":0.007462686567164179,""file_loads"":0.0,""inchi_convertible"":0.0,""internal_steric_clash"":0.014925373134328358,""molecular_formula"":0.0,""no_radicals"":0.0,""planar_aromatic_rings"":0.007462686567164179,""planar_double_bonds"":0.0,""reference_file_loads"":0.0,""sanitisation"":0.0,""tetrahedral_chirality"":0.0}",132,86.63090290749007,1.5255189441700205,2.2927352482601147,77.0,58.333333333333336,0.947947939707366,0.08333333333333333,61.417904700008165,0.022038567493112945,0.6493506493506493,20.0,15.151515151515152,0.8544823813861787,0.18181818181818182,12.933236193251544,0.10261707988980717,0.15,4.0,3.0303030303030303,0.6344058363088149,0.6439393939393939,2.409630059737911,0.4919651056014692,0.25,1.0,0.7575757575757576,0.0,1.0,1.0,1.0,0.0,132,54.30396856305645,128.4093597391857,68.22641874012521,8.121754269385283,0.7663689847780734,1.3880425460388421,0.0,0.0,0.0,1.0,0.8044708545304855,1.4285068994470427,0.0,0.0,0.0,1.0,1000,0,0,0,0,0,134,0,0,0,0,132,134,134,core
4eor_4eor_conf0,generation,qwen_1p7b_4e_step29600,chembl_count,1p7b_4e_step29600,qwen_1p7b_4e_step29600_chembl_count,Qwen 1.7B 4e (step 29600),qwen_1p7b_4e_step29600_chembl_count,7,28,193,0.7,193,193,0,1.0,200,193,7,0.965,"{""all_atoms_connected"":0,""bond_angles"":0,""bond_lengths"":1,""bonds"":0,""double_bond_stereochemistry"":0,""energy_ratio"":0,""file_loads"":0,""inchi_convertible"":0,""internal_steric_clash"":6,""molecular_formula"":0,""no_radicals"":0,""planar_aromatic_rings"":0,""planar_double_bonds"":0,""reference_file_loads"":0,""sanitisation"":0,""tetrahedral_chirality"":0}","{""all_atoms_connected"":0.0,""bond_angles"":0.0,""bond_lengths"":0.005,""bonds"":0.0,""double_bond_stereochemistry"":0.0,""energy_ratio"":0.0,""file_loads"":0.0,""inchi_convertible"":0.0,""internal_steric_clash"":0.03,""molecular_formula"":0.0,""no_radicals"":0.0,""planar_aromatic_rings"":0.0,""planar_double_bonds"":0.0,""reference_file_loads"":0.0,""sanitisation"":0.0,""tetrahedral_chirality"":0.0}",193,84.72396638407646,1.5828976220077475,2.272611018602388,98.0,50.77720207253886,0.9400178566407245,0.05181347150259067,74.43686393069368,0.018497140862841953,0.5816326530612245,21.0,10.880829015544041,0.871522282662732,0.15025906735751296,14.201806069928285,0.08808290155440415,0.09523809523809523,2.0,1.0362694300518134,0.5269731816581291,0.8808290155440415,1.4409029635601238,0.7900614781604876,0.0,1.0,0.5181347150259067,0.0,1.0,1.0,1.0,0.0,193,52.14688674990309,100.86444465876565,67.05340893036472,7.775799148323692,0.6413883816338357,1.3701525221093205,0.0,0.0,1.0,1.0,0.6221831498947652,1.4123880190344111,0.0,0.0,1.0,1.0,1000,0,0,0,0,0,200,0,0,0,0,193,200,200,core
4f09_4f09_conf0,generation,qwen_1p7b_4e_step29600,fixed,1p7b_4e_step29600,qwen_1p7b_4e_step29600_fixed,Qwen 1.7B 4e (step 29600),qwen_1p7b_4e_step29600_fixed,1,19,977,0.7,977,977,0,1.0,1000,977,23,0.977,"{""all_atoms_connected"":0,""bond_angles"":2,""bond_lengths"":2,""bonds"":0,""double_bond_stereochemistry"":0,""energy_ratio"":4,""file_loads"":0,""inchi_convertible"":0,""internal_steric_clash"":18,""molecular_formula"":0,""no_radicals"":0,""planar_aromatic_rings"":0,""planar_double_bonds"":0,""reference_file_loads"":0,""sanitisation"":0,""tetrahedral_chirality"":0}","{""all_atoms_connected"":0.0,""bond_angles"":0.002,""bond_lengths"":0.002,""bonds"":0.0,""double_bond_stereochemistry"":0.0,""energy_ratio"":0.004,""file_loads"":0.0,""inchi_convertible"":0.0,""internal_steric_clash"":0.018,""molecular_formula"":0.0,""no_radicals"":0.0,""planar_aromatic_rings"":0.0,""planar_double_bonds"":0.0,""reference_file_loads"":0.0,""sanitisation"":0.0,""tetrahedral_chirality"":0.0}",977,85.96251325608596,0.604665572220627,0.9725141442585857,12.0,1.2282497441146367,0.709332989851461,0.40429887410440124,5.82772244847606,0.24214560270038946,0.08333333333333333,2.0,0.2047082906857728,0.2080170646014752,0.9672466734902764,1.1550994473129332,0.9366389077754578,0.0,1.0,0.1023541453428864,0.0,1.0,1.0,1.0,0.0,1.0,0.1023541453428864,0.0,1.0,1.0,1.0,0.0,977,75.75049861038069,175.90323235955307,95.45248576416516,9.495923245511298,0.14836134483325608,0.5260723044530666,1.0,1.0,1.0,1.0,0.1002478732066606,0.4870370374798386,1.0,1.0,1.0,1.0,1000,0,0,0,0,0,1000,0,0,0,0,977,1000,1000,core
4f09_4f09_conf0,generation,qwen_1p7b_4e_step29600,dynamic,1p7b_4e_step29600,qwen_1p7b_4e_step29600_dynamic,Qwen 1.7B 4e (step 29600),qwen_1p7b_4e_step29600_dynamic,1,19,2,0.7,2,2,0,1.0,2,2,0,1.0,"{""all_atoms_connected"":0,""bond_angles"":0,""bond_lengths"":0,""bonds"":0,""double_bond_stereochemistry"":0,""energy_ratio"":0,""file_loads"":0,""inchi_convertible"":0,""internal_steric_clash"":0,""molecular_formula"":0,""no_radicals"":0,""planar_aromatic_rings"":0,""planar_double_bonds"":0,""reference_file_loads"":0,""sanitisation"":0,""tetrahedral_chirality"":0}","{""all_atoms_connected"":0.0,""bond_angles"":0.0,""bond_lengths"":0.0,""bonds"":0.0,""double_bond_stereochemistry"":0.0,""energy_ratio"":0.0,""file_loads"":0.0,""inchi_convertible"":0.0,""internal_steric_clash"":0.0,""molecular_formula"":0.0,""no_radicals"":0.0,""planar_aromatic_rings"":0.0,""planar_double_bonds"":0.0,""reference_file_loads"":0.0,""sanitisation"":0.0,""tetrahedral_chirality"":0.0}",2,55.20419509644907,0.5825127035520979,0.5825127035520979,2.0,100.0,1.0,0.5,2.0,0.5,1.0,1.0,50.0,0.0,1.0,1.0,1.0,0.0,1.0,50.0,0.0,1.0,1.0,1.0,0.0,1.0,50.0,0.0,1.0,1.0,1.0,0.0,2,87.75808975398257,94.05152332969207,90.90480654183733,3.14671678785475,0.3288335299172749,0.458227778102401,0.0,1.0,1.0,1.0,0.3338295789728704,0.44182074889969836,0.0,1.0,1.0,1.0,1000,0,0,0,0,0,2,0,0,0,0,2,2,2,core
4f09_4f09_conf0,generation,qwen_1p7b_4e_step29600,chembl_count,1p7b_4e_step29600,qwen_1p7b_4e_step29600_chembl_count,Qwen 1.7B 4e (step 29600),qwen_1p7b_4e_step29600_chembl_count,1,19,2,0.7,2,2,0,1.0,2,2,0,1.0,"{""all_atoms_connected"":0,""bond_angles"":0,""bond_lengths"":0,""bonds"":0,""double_bond_stereochemistry"":0,""energy_ratio"":0,""file_loads"":0,""inchi_convertible"":0,""internal_steric_clash"":0,""molecular_formula"":0,""no_radicals"":0,""planar_aromatic_rings"":0,""planar_double_bonds"":0,""reference_file_loads"":0,""sanitisation"":0,""tetrahedral_chirality"":0}","{""all_atoms_connected"":0.0,""bond_angles"":0.0,""bond_lengths"":0.0,""bonds"":0.0,""double_bond_stereochemistry"":0.0,""energy_ratio"":0.0,""file_loads"":0.0,""inchi_convertible"":0.0,""internal_steric_clash"":0.0,""molecular_formula"":0.0,""no_radicals"":0.0,""planar_aromatic_rings"":0.0,""planar_double_bonds"":0.0,""reference_file_loads"":0.0,""sanitisation"":0.0,""tetrahedral_chirality"":0.0}",2,98.26328705560722,0.8505345447108956,0.8505345447108956,2.0,100.0,1.0,0.5,2.0,0.5,1.0,1.0,50.0,0.0,1.0,1.0,1.0,0.0,1.0,50.0,0.0,1.0,1.0,1.0,0.0,1.0,50.0,0.0,1.0,1.0,1.0,0.0,2,93.0825814022032,103.14456977730507,98.11357558975413,5.030994187550931,0.3670704190678567,0.5881515349961276,0.0,1.0,1.0,1.0,0.40362338659026514,0.6664547730622598,0.0,1.0,1.0,1.0,1000,0,0,0,0,0,2,0,0,0,0,2,2,2,core
4f2w_4f2w_conf0,generation,qwen_1p7b_4e_step29600,fixed,1p7b_4e_step29600,qwen_1p7b_4e_step29600_fixed,Qwen 1.7B 4e (step 29600),qwen_1p7b_4e_step29600_fixed,6,20,206,0.7,206,206,0,1.0,1000,206,794,0.206,"{""all_atoms_connected"":0,""bond_angles"":9,""bond_lengths"":5,""bonds"":0,""double_bond_stereochemistry"":0,""energy_ratio"":1,""file_loads"":0,""inchi_convertible"":0,""internal_steric_clash"":8,""molecular_formula"":0,""no_radicals"":0,""planar_aromatic_rings"":0,""planar_double_bonds"":0,""reference_file_loads"":0,""sanitisation"":0,""tetrahedral_chirality"":791}","{""all_atoms_connected"":0.0,""bond_angles"":0.009,""bond_lengths"":0.005,""bonds"":0.0,""double_bond_stereochemistry"":0.0,""energy_ratio"":0.001,""file_loads"":0.0,""inchi_convertible"":0.0,""internal_steric_clash"":0.008,""molecular_formula"":0.0,""no_radicals"":0.0,""planar_aromatic_rings"":0.0,""planar_double_bonds"":0.0,""reference_file_loads"":0.0,""sanitisation"":0.0,""tetrahedral_chirality"":0.791}",206,107.49754990329903,1.6481914199383787,2.178361703708939,137.0,66.50485436893204,0.9702203412665176,0.024271844660194174,118.32860862313028,0.009991516636817795,0.7007299270072993,32.0,15.533980582524272,0.8873887801260065,0.11165048543689321,21.659738206941768,0.058582335752662834,0.15625,2.0,0.970873786407767,0.9825228671226134,0.5776699029126213,1.9759177128849297,0.512065227636912,0.0,1.0,0.4854368932038835,0.0,1.0,1.0,1.0,0.0,206,-52.510624322585016,93.81231521108091,-29.953891242692023,14.99709516801267,0.6491674349460631,1.805047678928648,0.0,0.0,1.0,1.0,0.6356025045564139,1.810053405264294,0.0,0.0,1.0,1.0,1000,0,0,0,0,0,1000,0,0,0,0,206,1000,1000,core
4f2w_4f2w_conf0,generation,qwen_1p7b_4e_step29600,dynamic,1p7b_4e_step29600,qwen_1p7b_4e_step29600_dynamic,Qwen 1.7B 4e (step 29600),qwen_1p7b_4e_step29600_dynamic,6,20,21,0.7,21,21,0,1.0,112,21,91,0.1875,"{""all_atoms_connected"":0,""bond_angles"":0,""bond_lengths"":0,""bonds"":0,""double_bond_stereochemistry"":0,""energy_ratio"":0,""file_loads"":0,""inchi_convertible"":0,""internal_steric_clash"":0,""molecular_formula"":0,""no_radicals"":0,""planar_aromatic_rings"":0,""planar_double_bonds"":0,""reference_file_loads"":0,""sanitisation"":0,""tetrahedral_chirality"":91}","{""all_atoms_connected"":0.0,""bond_angles"":0.0,""bond_lengths"":0.0,""bonds"":0.0,""double_bond_stereochemistry"":0.0,""energy_ratio"":0.0,""file_loads"":0.0,""inchi_convertible"":0.0,""internal_steric_clash"":0.0,""molecular_formula"":0.0,""no_radicals"":0.0,""planar_aromatic_rings"":0.0,""planar_double_bonds"":0.0,""reference_file_loads"":0.0,""sanitisation"":0.0,""tetrahedral_chirality"":0.8125}",21,98.46105004544464,1.6089018470555811,2.1380697137180236,20.0,95.23809523809524,0.9942505366120983,0.09523809523809523,19.658472591525683,0.052154195011337855,0.95,12.0,57.142857142857146,0.9560305005167604,0.14285714285714285,10.757966481170858,0.1020408163265306,0.5,1.0,4.761904761904762,0.0,1.0,1.0,1.0,0.0,1.0,4.761904761904762,0.0,1.0,1.0,1.0,0.0,21,-44.552676056694125,93.81231521108091,-30.189088120953535,28.043518388145767,0.9193234945328506,1.8052464039416802,0.0,0.0,0.0,1.0,0.9168411558314157,1.8082860581293656,0.0,0.0,0.0,1.0,1000,0,0,0,0,0,112,0,0,0,0,21,112,112,core
4f2w_4f2w_conf0,generation,qwen_1p7b_4e_step29600,chembl_count,1p7b_4e_step29600,qwen_1p7b_4e_step29600_chembl_count,Qwen 1.7B 4e (step 29600),qwen_1p7b_4e_step29600_chembl_count,6,20,157,0.7,157,157,0,1.0,800,157,643,0.19625,"{""all_atoms_connected"":0,""bond_angles"":8,""bond_lengths"":4,""bonds"":0,""double_bond_stereochemistry"":0,""energy_ratio"":0,""file_loads"":0,""inchi_convertible"":0,""internal_steric_clash"":7,""molecular_formula"":0,""no_radicals"":0,""planar_aromatic_rings"":0,""planar_double_bonds"":0,""reference_file_loads"":0,""sanitisation"":0,""tetrahedral_chirality"":640}","{""all_atoms_connected"":0.0,""bond_angles"":0.01,""bond_lengths"":0.005,""bonds"":0.0,""double_bond_stereochemistry"":0.0,""energy_ratio"":0.0,""file_loads"":0.0,""inchi_convertible"":0.0,""internal_steric_clash"":0.00875,""molecular_formula"":0.0,""no_radicals"":0.0,""planar_aromatic_rings"":0.0,""planar_double_bonds"":0.0,""reference_file_loads"":0.0,""sanitisation"":0.0,""tetrahedral_chirality"":0.8}",157,107.07875442355225,1.6200319576455895,2.1582875790575557,108.0,68.78980891719745,0.9717777638364243,0.03184713375796178,94.63155794089604,0.012292587934601813,0.7222222222222222,29.0,18.471337579617835,0.8941142912869611,0.10828025477707007,20.302566864515203,0.06162521806158466,0.20689655172413793,2.0,1.2738853503184713,0.9678917422965551,0.6050955414012739,1.9559801675270245,0.5220901456448538,0.0,1.0,0.6369426751592356,0.0,1.0,1.0,1.0,0.0,157,-52.510624322585016,12.529151823997612,-30.116363991417366,11.575372482876624,0.6763640067524904,1.8542576916824978,0.0,0.0,1.0,1.0,0.6668210708362751,1.8543272387327376,0.0,0.0,1.0,1.0,1000,0,0,0,0,0,800,0,0,0,0,157,800,800,core
4f9w_4f9w_conf0,generation,qwen_1p7b_4e_step29600,fixed,1p7b_4e_step29600,qwen_1p7b_4e_step29600_fixed,Qwen 1.7B 4e (step 29600),qwen_1p7b_4e_step29600_fixed,3,25,952,0.7,952,951,1,0.9989495798319328,992,952,40,0.9596774193548387,"{""all_atoms_connected"":0,""bond_angles"":22,""bond_lengths"":24,""bonds"":0,""double_bond_stereochemistry"":0,""energy_ratio"":6,""file_loads"":0,""inchi_convertible"":0,""internal_steric_clash"":11,""molecular_formula"":0,""no_radicals"":0,""planar_aromatic_rings"":35,""planar_double_bonds"":0,""reference_file_loads"":0,""sanitisation"":0,""tetrahedral_chirality"":0}","{""all_atoms_connected"":0.0,""bond_angles"":0.02217741935483871,""bond_lengths"":0.024193548387096774,""bonds"":0.0,""double_bond_stereochemistry"":0.0,""energy_ratio"":0.006048387096774193,""file_loads"":0.0,""inchi_convertible"":0.0,""internal_steric_clash"":0.011088709677419355,""molecular_formula"":0.0,""no_radicals"":0.0,""planar_aromatic_rings"":0.03528225806451613,""planar_double_bonds"":0.0,""reference_file_loads"":0.0,""sanitisation"":0.0,""tetrahedral_chirality"":0.0}",952,104.46366698801201,1.1302134392304461,1.6499720053069002,25.0,2.6260504201680672,0.7891776088558194,0.17857142857142858,12.683028062284619,0.10487650942730033,0.16,6.0,0.6302521008403361,0.8263293543844854,0.2647058823529412,4.395509472798017,0.2385204081632653,0.0,1.0,0.10504201680672269,0.0,1.0,1.0,1.0,0.0,1.0,0.10504201680672269,0.0,1.0,1.0,1.0,0.0,952,87.45449777962133,1288.562684019463,100.04137660503802,40.81045842557447,0.14495807434633196,1.1770647720130105,1.0,1.0,1.0,1.0,0.16855742602661083,1.1861148937163435,1.0,1.0,1.0,1.0,992,0,0,0,0,0,992,0,0,0,0,952,1000,1000,core
4f9w_4f9w_conf0,generation,qwen_1p7b_4e_step29600,dynamic,1p7b_4e_step29600,qwen_1p7b_4e_step29600_dynamic,Qwen 1.7B 4e (step 29600),qwen_1p7b_4e_step29600_dynamic,3,25,41,0.7,41,41,0,1.0,46,41,5,0.8913043478260869,"{""all_atoms_connected"":0,""bond_angles"":0,""bond_lengths"":1,""bonds"":0,""double_bond_stereochemistry"":0,""energy_ratio"":0,""file_loads"":0,""inchi_convertible"":0,""internal_steric_clash"":1,""molecular_formula"":0,""no_radicals"":0,""planar_aromatic_rings"":5,""planar_double_bonds"":0,""reference_file_loads"":0,""sanitisation"":0,""tetrahedral_chirality"":0}","{""all_atoms_connected"":0.0,""bond_angles"":0.0,""bond_lengths"":0.021739130434782608,""bonds"":0.0,""double_bond_stereochemistry"":0.0,""energy_ratio"":0.0,""file_loads"":0.0,""inchi_convertible"":0.0,""internal_steric_clash"":0.021739130434782608,""molecular_formula"":0.0,""no_radicals"":0.0,""planar_aromatic_rings"":0.10869565217391304,""planar_double_bonds"":0.0,""reference_file_loads"":0.0,""sanitisation"":0.0,""tetrahedral_chirality"":0.0}",41,100.37845620713217,1.1429512964841682,1.685233310973121,10.0,24.390243902439025,0.8721911724050122,0.24390243902439024,7.450598701803726,0.16002379535990482,0.3,5.0,12.195121951219512,0.8943091411214249,0.34146341463414637,4.2178901440450005,0.2528256989886972,0.2,1.0,2.4390243902439024,0.0,1.0,1.0,1.0,0.0,1.0,2.4390243902439024,0.0,1.0,1.0,1.0,0.0,41,89.24954356895836,346.659363257736,100.63215389572822,38.80139171703346,0.21823639578119855,1.205990252064658,1.0,1.0,1.0,1.0,0.2812203155465482,1.1941786463186945,0.0,1.0,1.0,1.0,992,0,0,0,0,0,46,0,0,0,0,41,46,46,core
4f9w_4f9w_conf0,generation,qwen_1p7b_4e_step29600,chembl_count,1p7b_4e_step29600,qwen_1p7b_4e_step29600_chembl_count,Qwen 1.7B 4e (step 29600),qwen_1p7b_4e_step29600_chembl_count,3,25,4,0.7,4,4,0,1.0,4,4,0,1.0,"{""all_atoms_connected"":0,""bond_angles"":0,""bond_lengths"":0,""bonds"":0,""double_bond_stereochemistry"":0,""energy_ratio"":0,""file_loads"":0,""inchi_convertible"":0,""internal_steric_clash"":0,""molecular_formula"":0,""no_radicals"":0,""planar_aromatic_rings"":0,""planar_double_bonds"":0,""reference_file_loads"":0,""sanitisation"":0,""tetrahedral_chirality"":0}","{""all_atoms_connected"":0.0,""bond_angles"":0.0,""bond_lengths"":0.0,""bonds"":0.0,""double_bond_stereochemistry"":0.0,""energy_ratio"":0.0,""file_loads"":0.0,""inchi_convertible"":0.0,""internal_steric_clash"":0.0,""molecular_formula"":0.0,""no_radicals"":0.0,""planar_aromatic_rings"":0.0,""planar_double_bonds"":0.0,""reference_file_loads"":0.0,""sanitisation"":0.0,""tetrahedral_chirality"":0.0}",4,71.19036282590065,0.8583155937951107,1.3027350414585097,3.0,75.0,0.946394630357186,0.5,2.82842712474619,0.375,0.6666666666666666,2.0,50.0,0.8112781244591328,0.75,1.7547653506033232,0.625,0.5,1.0,25.0,0.0,1.0,1.0,1.0,0.0,1.0,25.0,0.0,1.0,1.0,1.0,0.0,4,93.55282141594674,105.71802258755565,96.04675637253163,4.806063029102896,0.3362162940581779,0.5245225319604383,0.0,1.0,1.0,1.0,0.38705351259824033,0.5564880428197322,0.0,1.0,1.0,1.0,992,0,0,0,0,0,4,0,0,0,0,4,4,4,core
4hge_4hge_conf0,generation,qwen_1p7b_4e_step29600,fixed,1p7b_4e_step29600,qwen_1p7b_4e_step29600_fixed,Qwen 1.7B 4e (step 29600),qwen_1p7b_4e_step29600_fixed,3,25,642,0.7,642,636,6,0.9906542056074766,1000,642,358,0.642,"{""all_atoms_connected"":0,""bond_angles"":7,""bond_lengths"":0,""bonds"":0,""double_bond_stereochemistry"":0,""energy_ratio"":6,""file_loads"":0,""inchi_convertible"":0,""internal_steric_clash"":358,""molecular_formula"":0,""no_radicals"":0,""planar_aromatic_rings"":3,""planar_double_bonds"":0,""reference_file_loads"":0,""sanitisation"":0,""tetrahedral_chirality"":0}","{""all_atoms_connected"":0.0,""bond_angles"":0.007,""bond_lengths"":0.0,""bonds"":0.0,""double_bond_stereochemistry"":0.0,""energy_ratio"":0.006,""file_loads"":0.0,""inchi_convertible"":0.0,""internal_steric_clash"":0.358,""molecular_formula"":0.0,""no_radicals"":0.0,""planar_aromatic_rings"":0.003,""planar_double_bonds"":0.0,""reference_file_loads"":0.0,""sanitisation"":0.0,""tetrahedral_chirality"":0.0}",642,111.88688916478498,2.097255857636014,2.8741994271000895,204.0,31.77570093457944,0.9326723517450389,0.028037383177570093,142.60284825536309,0.009413728515833502,0.4019607843137255,63.0,9.813084112149532,0.9276163851114569,0.048286604361370715,46.67644547699219,0.025426771867509055,0.1111111111111111,8.0,1.2461059190031152,0.8744413913134177,0.278816199376947,6.161681769798653,0.1877456546423268,0.0,2.0,0.3115264797507788,0.9779334209125131,0.5872274143302181,1.969641986475312,0.515217243621471,0.0,642,96.67513378716203,202.7073292563478,121.35474875688082,12.276390716272333,0.18509558022808853,2.156795639081192,1.0,1.0,1.0,1.0,0.21701837577303654,2.1490881348299204,1.0,1.0,1.0,1.0,1000,0,0,0,0,0,1000,0,0,0,0,642,1000,1000,core
4hge_4hge_conf0,generation,qwen_1p7b_4e_step29600,dynamic,1p7b_4e_step29600,qwen_1p7b_4e_step29600_dynamic,Qwen 1.7B 4e (step 29600),qwen_1p7b_4e_step29600_dynamic,3,25,33,0.7,33,33,0,1.0,46,33,13,0.717391304347826,"{""all_atoms_connected"":0,""bond_angles"":0,""bond_lengths"":0,""bonds"":0,""double_bond_stereochemistry"":0,""energy_ratio"":0,""file_loads"":0,""inchi_convertible"":0,""internal_steric_clash"":13,""molecular_formula"":0,""no_radicals"":0,""planar_aromatic_rings"":0,""planar_double_bonds"":0,""reference_file_loads"":0,""sanitisation"":0,""tetrahedral_chirality"":0}","{""all_atoms_connected"":0.0,""bond_angles"":0.0,""bond_lengths"":0.0,""bonds"":0.0,""double_bond_stereochemistry"":0.0,""energy_ratio"":0.0,""file_loads"":0.0,""inchi_convertible"":0.0,""internal_steric_clash"":0.2826086956521739,""molecular_formula"":0.0,""no_radicals"":0.0,""planar_aromatic_rings"":0.0,""planar_double_bonds"":0.0,""reference_file_loads"":0.0,""sanitisation"":0.0,""tetrahedral_chirality"":0.0}",33,110.6485499750368,2.1510300614999425,2.903644440198209,26.0,78.78787878787878,0.9829190399538164,0.06060606060606061,24.59258860261256,0.04315886134067952,0.7307692307692307,19.0,57.57575757575758,0.9627170990131771,0.12121212121212122,17.02464077984559,0.0651974288337925,0.47368421052631576,6.0,18.181818181818183,0.8909910176124771,0.3333333333333333,4.935438839310022,0.2304866850321396,0.0,2.0,6.0606060606060606,0.8849636363831529,0.696969696969697,1.846718073718018,0.5775941230486685,0.0,33,101.7157610405631,144.0402951203462,119.08216697559081,11.16005243917757,0.9156407291372942,2.2143231625071476,0.0,0.0,0.0,1.0,0.9112877605130408,2.215587697239676,0.0,0.0,0.0,1.0,1000,0,0,0,0,0,46,0,0,0,0,33,46,46,core
4hge_4hge_conf0,generation,qwen_1p7b_4e_step29600,chembl_count,1p7b_4e_step29600,qwen_1p7b_4e_step29600_chembl_count,Qwen 1.7B 4e (step 29600),qwen_1p7b_4e_step29600_chembl_count,3,25,26,0.7,26,26,0,1.0,36,26,10,0.7222222222222222,"{""all_atoms_connected"":0,""bond_angles"":0,""bond_lengths"":0,""bonds"":0,""double_bond_stereochemistry"":0,""energy_ratio"":0,""file_loads"":0,""inchi_convertible"":0,""internal_steric_clash"":10,""molecular_formula"":0,""no_radicals"":0,""planar_aromatic_rings"":1,""planar_double_bonds"":0,""reference_file_loads"":0,""sanitisation"":0,""tetrahedral_chirality"":0}","{""all_atoms_connected"":0.0,""bond_angles"":0.0,""bond_lengths"":0.0,""bonds"":0.0,""double_bond_stereochemistry"":0.0,""energy_ratio"":0.0,""file_loads"":0.0,""inchi_convertible"":0.0,""internal_steric_clash"":0.2777777777777778,""molecular_formula"":0.0,""no_radicals"":0.0,""planar_aromatic_rings"":0.027777777777777776,""planar_double_bonds"":0.0,""reference_file_loads"":0.0,""sanitisation"":0.0,""tetrahedral_chirality"":0.0}",26,111.10035750459252,2.1632074529877414,2.8473582746083412,23.0,88.46153846153847,0.98808649705505,0.07692307692307693,22.156690307142977,0.04733727810650888,0.8695652173913043,23.0,88.46153846153847,0.98808649705505,0.07692307692307693,22.156690307142977,0.04733727810650888,0.8695652173913043,5.0,19.23076923076923,0.9044504587747058,0.3076923076923077,4.2872986885010045,0.2514792899408284,0.2,2.0,7.6923076923076925,0.9828586897127057,0.5769230769230769,1.9763777096416912,0.5118343195266272,0.0,26,104.5343582404565,140.10498503577645,123.47893501893094,9.85683801539488,1.3960151656076858,2.1824036754772553,0.0,0.0,0.0,1.0,1.3703367531487325,2.175669785954362,0.0,0.0,0.0,1.0,1000,0,0,0,0,0,36,0,0,0,0,26,36,36,core
4j21_4j21_conf0,generation,qwen_1p7b_4e_step29600,fixed,1p7b_4e_step29600,qwen_1p7b_4e_step29600_fixed,Qwen 1.7B 4e (step 29600),qwen_1p7b_4e_step29600_fixed,2,20,976,0.7,976,976,0,1.0,999,976,23,0.9769769769769768,"{""all_atoms_connected"":0,""bond_angles"":1,""bond_lengths"":14,""bonds"":0,""double_bond_stereochemistry"":0,""energy_ratio"":1,""file_loads"":0,""inchi_convertible"":0,""internal_steric_clash"":1,""molecular_formula"":0,""no_radicals"":0,""planar_aromatic_rings"":21,""planar_double_bonds"":0,""reference_file_loads"":0,""sanitisation"":0,""tetrahedral_chirality"":0}","{""all_atoms_connected"":0.0,""bond_angles"":0.001001001001001001,""bond_lengths"":0.014014014014014014,""bonds"":0.0,""double_bond_stereochemistry"":0.0,""energy_ratio"":0.001001001001001001,""file_loads"":0.0,""inchi_convertible"":0.0,""internal_steric_clash"":0.001001001001001001,""molecular_formula"":0.0,""no_radicals"":0.0,""planar_aromatic_rings"":0.021021021021021023,""planar_double_bonds"":0.0,""reference_file_loads"":0.0,""sanitisation"":0.0,""tetrahedral_chirality"":0.0}",976,98.41745322410603,0.9400217448042878,1.5886160360245585,7.0,0.7172131147540983,0.8005153210156083,0.26434426229508196,4.748035187041434,0.22664858237033056,0.14285714285714285,3.0,0.3073770491803279,0.9844300297723368,0.41290983606557374,2.949120316371677,0.3447850880139747,0.0,1.0,0.10245901639344263,0.0,1.0,1.0,1.0,0.0,1.0,0.10245901639344263,0.0,1.0,1.0,1.0,0.0,976,63.64098060826065,156.39147031226656,74.82202453148122,6.760443400893939,0.0727926897750556,1.0951265199522318,1.0,1.0,1.0,1.0,0.07737758255373267,1.0965826770980014,1.0,1.0,1.0,1.0,999,0,0,0,0,0,999,0,0,0,0,976,1000,1000,core
4j21_4j21_conf0,generation,qwen_1p7b_4e_step29600,dynamic,1p7b_4e_step29600,qwen_1p7b_4e_step29600_dynamic,Qwen 1.7B 4e (step 29600),qwen_1p7b_4e_step29600_dynamic,2,20,24,0.7,24,24,0,1.0,24,24,0,1.0,"{""all_atoms_connected"":0,""bond_angles"":0,""bond_lengths"":0,""bonds"":0,""double_bond_stereochemistry"":0,""energy_ratio"":0,""file_loads"":0,""inchi_convertible"":0,""internal_steric_clash"":0,""molecular_formula"":0,""no_radicals"":0,""planar_aromatic_rings"":0,""planar_double_bonds"":0,""reference_file_loads"":0,""sanitisation"":0,""tetrahedral_chirality"":0}","{""all_atoms_connected"":0.0,""bond_angles"":0.0,""bond_lengths"":0.0,""bonds"":0.0,""double_bond_stereochemistry"":0.0,""energy_ratio"":0.0,""file_loads"":0.0,""inchi_convertible"":0.0,""internal_steric_clash"":0.0,""molecular_formula"":0.0,""no_radicals"":0.0,""planar_aromatic_rings"":0.0,""planar_double_bonds"":0.0,""reference_file_loads"":0.0,""sanitisation"":0.0,""tetrahedral_chirality"":0.0}",24,99.98314105848524,0.9709471072031853,1.5994880444471935,4.0,16.666666666666668,0.9745411476764105,0.3333333333333333,3.8612883518725254,0.26736111111111116,0.0,2.0,8.333333333333334,0.99498482818597,0.5416666666666666,1.9930595659329764,0.5034722222222221,0.0,1.0,4.166666666666667,0.0,1.0,1.0,1.0,0.0,1.0,4.166666666666667,0.0,1.0,1.0,1.0,0.0,24,67.7841598001811,112.81726025898473,75.08107714860647,8.617735745253757,0.07973543556832657,0.907664837124591,1.0,1.0,1.0,1.0,0.08621269386673863,0.8826913167489439,1.0,1.0,1.0,1.0,999,0,0,0,0,0,24,0,0,0,0,24,24,24,core
4j21_4j21_conf0,generation,qwen_1p7b_4e_step29600,chembl_count,1p7b_4e_step29600,qwen_1p7b_4e_step29600_chembl_count,Qwen 1.7B 4e (step 29600),qwen_1p7b_4e_step29600_chembl_count,2,20,3,0.7,3,3,0,1.0,3,3,0,1.0,"{""all_atoms_connected"":0,""bond_angles"":0,""bond_lengths"":0,""bonds"":0,""double_bond_stereochemistry"":0,""energy_ratio"":0,""file_loads"":0,""inchi_convertible"":0,""internal_steric_clash"":0,""molecular_formula"":0,""no_radicals"":0,""planar_aromatic_rings"":0,""planar_double_bonds"":0,""reference_file_loads"":0,""sanitisation"":0,""tetrahedral_chirality"":0}","{""all_atoms_connected"":0.0,""bond_angles"":0.0,""bond_lengths"":0.0,""bonds"":0.0,""double_bond_stereochemistry"":0.0,""energy_ratio"":0.0,""file_loads"":0.0,""inchi_convertible"":0.0,""internal_steric_clash"":0.0,""molecular_formula"":0.0,""no_radicals"":0.0,""planar_aromatic_rings"":0.0,""planar_double_bonds"":0.0,""reference_file_loads"":0.0,""sanitisation"":0.0,""tetrahedral_chirality"":0.0}",3,106.20756673630146,1.0933720443826875,1.5152367226617327,2.0,66.66666666666667,0.9182958340544894,0.6666666666666666,1.8898815748423097,0.5555555555555556,0.5,2.0,66.66666666666667,0.9182958340544894,0.6666666666666666,1.8898815748423097,0.5555555555555556,0.5,1.0,33.333333333333336,0.0,1.0,1.0,1.0,0.0,1.0,33.333333333333336,0.0,1.0,1.0,1.0,0.0,3,67.39157204194613,79.31397836151869,71.12408961525671,4.9793990886920465,0.17268213366705037,1.3335282649691749,1.0,1.0,1.0,1.0,0.13926959892477336,1.3383971265415957,1.0,1.0,1.0,1.0,999,0,0,0,0,0,3,0,0,0,0,3,3,3,core
4j3l_4j3l_conf0,generation,qwen_1p7b_4e_step29600,fixed,1p7b_4e_step29600,qwen_1p7b_4e_step29600_fixed,Qwen 1.7B 4e (step 29600),qwen_1p7b_4e_step29600_fixed,5,26,981,0.7,981,980,1,0.9989806320081549,998,981,17,0.9829659318637276,"{""all_atoms_connected"":0,""bond_angles"":8,""bond_lengths"":13,""bonds"":0,""double_bond_stereochemistry"":0,""energy_ratio"":1,""file_loads"":0,""inchi_convertible"":0,""internal_steric_clash"":5,""molecular_formula"":0,""no_radicals"":0,""planar_aromatic_rings"":12,""planar_double_bonds"":0,""reference_file_loads"":0,""sanitisation"":0,""tetrahedral_chirality"":0}","{""all_atoms_connected"":0.0,""bond_angles"":0.008016032064128256,""bond_lengths"":0.013026052104208416,""bonds"":0.0,""double_bond_stereochemistry"":0.0,""energy_ratio"":0.001002004008016032,""file_loads"":0.0,""inchi_convertible"":0.0,""internal_steric_clash"":0.00501002004008016,""molecular_formula"":0.0,""no_radicals"":0.0,""planar_aromatic_rings"":0.012024048096192385,""planar_double_bonds"":0.0,""reference_file_loads"":0.0,""sanitisation"":0.0,""tetrahedral_chirality"":0.0}",981,83.37631259943346,1.4448395819016704,1.8917965682626303,179.0,18.246687054026502,0.9050981734512767,0.03669724770642202,109.40902892106747,0.012896407896828737,0.3128491620111732,22.0,2.2426095820591234,0.945284749271294,0.1111111111111111,18.576833441231187,0.05952132307938498,0.045454545454545456,3.0,0.3058103975535168,0.8087451373909407,0.5015290519877675,2.4314732426484884,0.4427288720137245,0.0,1.0,0.1019367991845056,0.0,1.0,1.0,1.0,0.0,981,71.81526249698223,8697.549745970664,86.51512860661703,274.87887911869944,0.4488119166314303,1.5369750465891938,0.0,1.0,1.0,1.0,0.46035187714496595,1.5522766296979857,0.0,1.0,1.0,1.0,998,0,0,0,0,0,998,0,0,0,0,981,1000,1000,core
4j3l_4j3l_conf0,generation,qwen_1p7b_4e_step29600,dynamic,1p7b_4e_step29600,qwen_1p7b_4e_step29600_dynamic,Qwen 1.7B 4e (step 29600),qwen_1p7b_4e_step29600_dynamic,5,26,86,0.7,86,86,0,1.0,90,86,4,0.9555555555555556,"{""all_atoms_connected"":0,""bond_angles"":1,""bond_lengths"":2,""bonds"":0,""double_bond_stereochemistry"":0,""energy_ratio"":0,""file_loads"":0,""inchi_convertible"":0,""internal_steric_clash"":1,""molecular_formula"":0,""no_radicals"":0,""planar_aromatic_rings"":3,""planar_double_bonds"":0,""reference_file_loads"":0,""sanitisation"":0,""tetrahedral_chirality"":0}","{""all_atoms_connected"":0.0,""bond_angles"":0.011111111111111112,""bond_lengths"":0.022222222222222223,""bonds"":0.0,""double_bond_stereochemistry"":0.0,""energy_ratio"":0.0,""file_loads"":0.0,""inchi_convertible"":0.0,""internal_steric_clash"":0.011111111111111112,""molecular_formula"":0.0,""no_radicals"":0.0,""planar_aromatic_rings"":0.03333333333333333,""planar_double_bonds"":0.0,""reference_file_loads"":0.0,""sanitisation"":0.0,""tetrahedral_chirality"":0.0}",86,83.56569308728507,1.4515414360393972,1.9007619076944637,54.0,62.7906976744186,0.9633560022902933,0.05813953488372093,46.65647532963068,0.02514872904272579,0.6296296296296297,16.0,18.6046511627907,0.9419408685854035,0.13953488372093023,13.621026013293891,0.08193618171984857,0.125,2.0,2.3255813953488373,0.9522656254366643,0.627906976744186,1.9349088770626102,0.5327203893996755,0.0,1.0,1.1627906976744187,0.0,1.0,1.0,1.0,0.0,86,74.65155258858533,121.85854584077987,86.10579221487487,7.406397761047567,0.5136220278973239,1.4920261375654422,0.0,0.0,1.0,1.0,0.4655077855304091,1.5429292138634239,0.0,1.0,1.0,1.0,998,0,0,0,0,0,90,0,0,0,0,86,90,90,core
4j3l_4j3l_conf0,generation,qwen_1p7b_4e_step29600,chembl_count,1p7b_4e_step29600,qwen_1p7b_4e_step29600_chembl_count,Qwen 1.7B 4e (step 29600),qwen_1p7b_4e_step29600_chembl_count,5,26,111,0.7,111,111,0,1.0,114,111,3,0.9736842105263158,"{""all_atoms_connected"":0,""bond_angles"":2,""bond_lengths"":3,""bonds"":0,""double_bond_stereochemistry"":0,""energy_ratio"":0,""file_loads"":0,""inchi_convertible"":0,""internal_steric_clash"":2,""molecular_formula"":0,""no_radicals"":0,""planar_aromatic_rings"":2,""planar_double_bonds"":0,""reference_file_loads"":0,""sanitisation"":0,""tetrahedral_chirality"":0}","{""all_atoms_connected"":0.0,""bond_angles"":0.017543859649122806,""bond_lengths"":0.02631578947368421,""bonds"":0.0,""double_bond_stereochemistry"":0.0,""energy_ratio"":0.0,""file_loads"":0.0,""inchi_convertible"":0.0,""internal_steric_clash"":0.017543859649122806,""molecular_formula"":0.0,""no_radicals"":0.0,""planar_aromatic_rings"":0.017543859649122806,""planar_double_bonds"":0.0,""reference_file_loads"":0.0,""sanitisation"":0.0,""tetrahedral_chirality"":0.0}",111,82.71806093488404,1.4457657948970526,1.878183955388645,59.0,53.153153153153156,0.9650728704502993,0.04504504504504504,51.16832894514354,0.022319616914211513,0.4745762711864407,15.0,13.513513513513514,0.9536072345310597,0.11711711711711711,13.229064475182602,0.08091875659443228,0.06666666666666667,2.0,1.8018018018018018,0.9501866467511052,0.6306306306306306,1.9321226074721378,0.5341287233179125,0.0,1.0,0.9009009009009009,0.0,1.0,1.0,1.0,0.0,111,76.47038365917328,145.16324846390495,86.02811474799935,8.333675043194885,0.5442303826437566,1.6166590057831485,0.0,0.0,1.0,1.0,0.5385850929439112,1.6206216289286333,0.0,0.0,1.0,1.0,998,0,0,0,0,0,114,0,0,0,0,111,114,114,core
4jsz_4jsz_conf0,generation,qwen_1p7b_4e_step29600,fixed,1p7b_4e_step29600,qwen_1p7b_4e_step29600_fixed,Qwen 1.7B 4e (step 29600),qwen_1p7b_4e_step29600_fixed,2,10,998,0.7,998,998,0,1.0,999,998,1,0.998998998998999,"{""all_atoms_connected"":0,""bond_angles"":1,""bond_lengths"":1,""bonds"":0,""double_bond_stereochemistry"":0,""energy_ratio"":1,""file_loads"":0,""inchi_convertible"":0,""internal_steric_clash"":0,""molecular_formula"":0,""no_radicals"":0,""planar_aromatic_rings"":1,""planar_double_bonds"":0,""reference_file_loads"":0,""sanitisation"":0,""tetrahedral_chirality"":0}","{""all_atoms_connected"":0.0,""bond_angles"":0.001001001001001001,""bond_lengths"":0.001001001001001001,""bonds"":0.0,""double_bond_stereochemistry"":0.0,""energy_ratio"":0.001001001001001001,""file_loads"":0.0,""inchi_convertible"":0.0,""internal_steric_clash"":0.0,""molecular_formula"":0.0,""no_radicals"":0.0,""planar_aromatic_rings"":0.001001001001001001,""planar_double_bonds"":0.0,""reference_file_loads"":0.0,""sanitisation"":0.0,""tetrahedral_chirality"":0.0}",998,94.91440195843163,0.42032409469190657,0.7647907955498601,3.0,0.30060120240480964,0.8620340008634164,0.4969939879759519,2.57807023104218,0.41809069039883373,0.0,1.0,0.10020040080160321,0.0,1.0,1.0,1.0,0.0,1.0,0.10020040080160321,0.0,1.0,1.0,1.0,0.0,1.0,0.10020040080160321,0.0,1.0,1.0,1.0,0.0,998,12.991622992227843,39.5268605946536,19.686128933849496,3.457429332595855,0.07907050777917154,0.5224147128513722,1.0,1.0,1.0,1.0,0.32204387146756336,0.48116187754377926,0.0,1.0,1.0,1.0,999,0,0,0,0,0,999,0,0,0,0,998,1000,1000,core
4jsz_4jsz_conf0,generation,qwen_1p7b_4e_step29600,dynamic,1p7b_4e_step29600,qwen_1p7b_4e_step29600_dynamic,Qwen 1.7B 4e (step 29600),qwen_1p7b_4e_step29600_dynamic,2,10,24,0.7,24,24,0,1.0,24,24,0,1.0,"{""all_atoms_connected"":0,""bond_angles"":0,""bond_lengths"":0,""bonds"":0,""double_bond_stereochemistry"":0,""energy_ratio"":0,""file_loads"":0,""inchi_convertible"":0,""internal_steric_clash"":0,""molecular_formula"":0,""no_radicals"":0,""planar_aromatic_rings"":0,""planar_double_bonds"":0,""reference_file_loads"":0,""sanitisation"":0,""tetrahedral_chirality"":0}","{""all_atoms_connected"":0.0,""bond_angles"":0.0,""bond_lengths"":0.0,""bonds"":0.0,""double_bond_stereochemistry"":0.0,""energy_ratio"":0.0,""file_loads"":0.0,""inchi_convertible"":0.0,""internal_steric_clash"":0.0,""molecular_formula"":0.0,""no_radicals"":0.0,""planar_aromatic_rings"":0.0,""planar_double_bonds"":0.0,""reference_file_loads"":0.0,""sanitisation"":0.0,""tetrahedral_chirality"":0.0}",24,96.27219397575371,0.45293158911064535,0.7745602470480029,3.0,12.5,0.9952467469708334,0.375,2.9843748859734807,0.3368055555555556,0.0,1.0,4.166666666666667,0.0,1.0,1.0,1.0,0.0,1.0,4.166666666666667,0.0,1.0,1.0,1.0,0.0,1.0,4.166666666666667,0.0,1.0,1.0,1.0,0.0,24,13.664380378417976,29.46182666549581,21.232245545790008,3.37858474294404,0.10642580070863449,0.5145085234916373,1.0,1.0,1.0,1.0,0.34734295202055426,0.517128381819655,0.0,1.0,1.0,1.0,999,0,0,0,0,0,24,0,0,0,0,24,24,24,core
4jsz_4jsz_conf0,generation,qwen_1p7b_4e_step29600,chembl_count,1p7b_4e_step29600,qwen_1p7b_4e_step29600_chembl_count,Qwen 1.7B 4e (step 29600),qwen_1p7b_4e_step29600_chembl_count,2,10,2,0.7,2,2,0,1.0,2,2,0,1.0,"{""all_atoms_connected"":0,""bond_angles"":0,""bond_lengths"":0,""bonds"":0,""double_bond_stereochemistry"":0,""energy_ratio"":0,""file_loads"":0,""inchi_convertible"":0,""internal_steric_clash"":0,""molecular_formula"":0,""no_radicals"":0,""planar_aromatic_rings"":0,""planar_double_bonds"":0,""reference_file_loads"":0,""sanitisation"":0,""tetrahedral_chirality"":0}","{""all_atoms_connected"":0.0,""bond_angles"":0.0,""bond_lengths"":0.0,""bonds"":0.0,""double_bond_stereochemistry"":0.0,""energy_ratio"":0.0,""file_loads"":0.0,""inchi_convertible"":0.0,""internal_steric_clash"":0.0,""molecular_formula"":0.0,""no_radicals"":0.0,""planar_aromatic_rings"":0.0,""planar_double_bonds"":0.0,""reference_file_loads"":0.0,""sanitisation"":0.0,""tetrahedral_chirality"":0.0}",2,130.54583538504764,0.8089802022590024,0.8089802022590024,2.0,100.0,1.0,0.5,2.0,0.5,1.0,1.0,50.0,0.0,1.0,1.0,1.0,0.0,1.0,50.0,0.0,1.0,1.0,1.0,0.0,1.0,50.0,0.0,1.0,1.0,1.0,0.0,2,18.311144051599115,23.766016896661753,21.038580474130434,2.7274364225313192,0.10744725039360886,0.47190384491485593,1.0,1.0,1.0,1.0,0.40017180763564386,0.5587754338931834,0.0,1.0,1.0,1.0,999,0,0,0,0,0,2,0,0,0,0,2,2,2,core
4jxs_4jxs_conf0,generation,qwen_1p7b_4e_step29600,fixed,1p7b_4e_step29600,qwen_1p7b_4e_step29600_fixed,Qwen 1.7B 4e (step 29600),qwen_1p7b_4e_step29600_fixed,6,22,968,0.7,968,967,1,0.9989669421487604,999,968,31,0.968968968968969,"{""all_atoms_connected"":0,""bond_angles"":1,""bond_lengths"":0,""bonds"":0,""double_bond_stereochemistry"":0,""energy_ratio"":1,""file_loads"":0,""inchi_convertible"":0,""internal_steric_clash"":31,""molecular_formula"":0,""no_radicals"":0,""planar_aromatic_rings"":0,""planar_double_bonds"":0,""reference_file_loads"":0,""sanitisation"":0,""tetrahedral_chirality"":0}","{""all_atoms_connected"":0.0,""bond_angles"":0.001001001001001001,""bond_lengths"":0.0,""bonds"":0.0,""double_bond_stereochemistry"":0.0,""energy_ratio"":0.001001001001001001,""file_loads"":0.0,""inchi_convertible"":0.0,""internal_steric_clash"":0.031031031031031032,""molecular_formula"":0.0,""no_radicals"":0.0,""planar_aromatic_rings"":0.0,""planar_double_bonds"":0.0,""reference_file_loads"":0.0,""sanitisation"":0.0,""tetrahedral_chirality"":0.0}",968,100.82595353314417,2.090659365605361,2.986078788661703,353.0,36.46694214876033,0.8997299894488796,0.04648760330578512,196.02402788499222,0.010317772010108599,0.5269121813031161,47.0,4.855371900826446,0.8714552067685427,0.13636363636363635,28.652227084774,0.05448526398470049,0.02127659574468085,4.0,0.4132231404958678,0.9916498174292366,0.29855371900826444,3.953963723637062,0.255799211119459,0.0,2.0,0.2066115702479339,0.9811835117153569,0.5805785123966942,1.974084180549707,0.5129857933201284,0.0,968,24.71974702781514,148.3332921617849,63.154468809550565,22.32790342796886,0.44516979937491485,2.4228506769501355,0.0,1.0,1.0,1.0,0.30380256246288645,2.387638744799732,0.0,1.0,1.0,1.0,999,0,0,0,0,0,999,0,0,0,0,968,1000,1000,core
4jxs_4jxs_conf0,generation,qwen_1p7b_4e_step29600,dynamic,1p7b_4e_step29600,qwen_1p7b_4e_step29600_dynamic,Qwen 1.7B 4e (step 29600),qwen_1p7b_4e_step29600_dynamic,6,22,104,0.7,104,103,1,0.9903846153846154,112,104,8,0.9285714285714286,"{""all_atoms_connected"":0,""bond_angles"":0,""bond_lengths"":0,""bonds"":0,""double_bond_stereochemistry"":0,""energy_ratio"":0,""file_loads"":0,""inchi_convertible"":0,""internal_steric_clash"":8,""molecular_formula"":0,""no_radicals"":0,""planar_aromatic_rings"":0,""planar_double_bonds"":0,""reference_file_loads"":0,""sanitisation"":0,""tetrahedral_chirality"":0}","{""all_atoms_connected"":0.0,""bond_angles"":0.0,""bond_lengths"":0.0,""bonds"":0.0,""double_bond_stereochemistry"":0.0,""energy_ratio"":0.0,""file_loads"":0.0,""inchi_convertible"":0.0,""internal_steric_clash"":0.07142857142857142,""molecular_formula"":0.0,""no_radicals"":0.0,""planar_aromatic_rings"":0.0,""planar_double_bonds"":0.0,""reference_file_loads"":0.0,""sanitisation"":0.0,""tetrahedral_chirality"":0.0}",104,97.74835624761073,2.0799392031364654,2.9216793380093327,74.0,71.15384615384616,0.9716290254348219,0.04807692307692308,65.49374041675145,0.01775147928994083,0.7297297297297297,25.0,24.03846153846154,0.8806677634130802,0.125,17.026316446972075,0.07599852071005918,0.28,4.0,3.8461538461538463,0.9614171127628188,0.3269230769230769,3.7916721491869017,0.273853550295858,0.0,2.0,1.9230769230769231,0.954434002924965,0.625,1.9378192408783848,0.53125,0.0,104,36.67395257848238,148.3332921617849,56.66378673186671,20.627459172931292,0.9946580874192159,2.297197668246455,0.0,0.0,0.0,1.0,1.0397878989313263,2.243483399964181,0.0,0.0,0.0,1.0,999,0,0,0,0,0,112,0,0,0,0,104,112,112,core
4jxs_4jxs_conf0,generation,qwen_1p7b_4e_step29600,chembl_count,1p7b_4e_step29600,qwen_1p7b_4e_step29600_chembl_count,Qwen 1.7B 4e (step 29600),qwen_1p7b_4e_step29600_chembl_count,6,22,32,0.7,32,31,1,0.96875,32,32,0,1.0,"{""all_atoms_connected"":0,""bond_angles"":0,""bond_lengths"":0,""bonds"":0,""double_bond_stereochemistry"":0,""energy_ratio"":0,""file_loads"":0,""inchi_convertible"":0,""internal_steric_clash"":0,""molecular_formula"":0,""no_radicals"":0,""planar_aromatic_rings"":0,""planar_double_bonds"":0,""reference_file_loads"":0,""sanitisation"":0,""tetrahedral_chirality"":0}","{""all_atoms_connected"":0.0,""bond_angles"":0.0,""bond_lengths"":0.0,""bonds"":0.0,""double_bond_stereochemistry"":0.0,""energy_ratio"":0.0,""file_loads"":0.0,""inchi_convertible"":0.0,""internal_steric_clash"":0.0,""molecular_formula"":0.0,""no_radicals"":0.0,""planar_aromatic_rings"":0.0,""planar_double_bonds"":0.0,""reference_file_loads"":0.0,""sanitisation"":0.0,""tetrahedral_chirality"":0.0}",32,102.43260782002916,2.101927440297955,2.922316730063124,31.0,96.875,0.9966298649991178,0.0625,30.643304982354326,0.033203125,0.967741935483871,19.0,59.375,0.9396886561833717,0.1875,15.908537384520407,0.078125,0.5789473684210527,4.0,12.5,0.9352372444821572,0.40625,3.6565282012527747,0.294921875,0.0,1.0,3.125,0.0,1.0,1.0,1.0,0.0,32,27.103366033256783,121.01743974479345,60.11662605449556,17.506869556759117,0.9093408881276127,1.9608342486740113,0.0,0.0,0.0,1.0,0.8292723939194057,1.8814179662356856,0.0,0.0,0.0,1.0,999,0,0,0,0,0,32,0,0,0,0,32,32,32,core
4k18_4k18_conf0,generation,qwen_1p7b_4e_step29600,fixed,1p7b_4e_step29600,qwen_1p7b_4e_step29600_fixed,Qwen 1.7B 4e (step 29600),qwen_1p7b_4e_step29600_fixed,5,29,971,0.7,971,971,0,1.0,1000,971,29,0.971,"{""all_atoms_connected"":0,""bond_angles"":8,""bond_lengths"":4,""bonds"":0,""double_bond_stereochemistry"":0,""energy_ratio"":4,""file_loads"":0,""inchi_convertible"":0,""internal_steric_clash"":26,""molecular_formula"":0,""no_radicals"":0,""planar_aromatic_rings"":4,""planar_double_bonds"":0,""reference_file_loads"":0,""sanitisation"":0,""tetrahedral_chirality"":0}","{""all_atoms_connected"":0.0,""bond_angles"":0.008,""bond_lengths"":0.004,""bonds"":0.0,""double_bond_stereochemistry"":0.0,""energy_ratio"":0.004,""file_loads"":0.0,""inchi_convertible"":0.0,""internal_steric_clash"":0.026,""molecular_formula"":0.0,""no_radicals"":0.0,""planar_aromatic_rings"":0.004,""planar_double_bonds"":0.0,""reference_file_loads"":0.0,""sanitisation"":0.0,""tetrahedral_chirality"":0.0}",971,107.47374118905978,1.6608284984544686,2.4855042561617307,192.0,19.77342945417096,0.86681172842184,0.04840370751802266,95.32181094151478,0.01769439385856152,0.390625,35.0,3.604531410916581,0.756435855759058,0.21318228630278063,14.722732876125976,0.10032338432461042,0.22857142857142856,5.0,0.5149330587023687,0.7285778680107247,0.45314109165808447,3.230383442176375,0.3437896739747211,0.0,1.0,0.10298661174047374,0.0,1.0,1.0,1.0,0.0,971,93.1075346131357,265.59209792563945,115.12443610329407,12.539566660520414,0.25589547243246974,1.3105910130828273,0.0,1.0,1.0,1.0,0.24541137115454398,1.3191718954279,1.0,1.0,1.0,1.0,1000,0,0,0,0,0,1000,0,0,0,0,971,1000,1000,core
4k18_4k18_conf0,generation,qwen_1p7b_4e_step29600,dynamic,1p7b_4e_step29600,qwen_1p7b_4e_step29600_dynamic,Qwen 1.7B 4e (step 29600),qwen_1p7b_4e_step29600_dynamic,5,29,88,0.7,88,88,0,1.0,90,88,2,0.9777777777777776,"{""all_atoms_connected"":0,""bond_angles"":0,""bond_lengths"":0,""bonds"":0,""double_bond_stereochemistry"":0,""energy_ratio"":0,""file_loads"":0,""inchi_convertible"":0,""internal_steric_clash"":2,""molecular_formula"":0,""no_radicals"":0,""planar_aromatic_rings"":0,""planar_double_bonds"":0,""reference_file_loads"":0,""sanitisation"":0,""tetrahedral_chirality"":0}","{""all_atoms_connected"":0.0,""bond_angles"":0.0,""bond_lengths"":0.0,""bonds"":0.0,""double_bond_stereochemistry"":0.0,""energy_ratio"":0.0,""file_loads"":0.0,""inchi_convertible"":0.0,""internal_steric_clash"":0.022222222222222223,""molecular_formula"":0.0,""no_radicals"":0.0,""planar_aromatic_rings"":0.0,""planar_double_bonds"":0.0,""reference_file_loads"":0.0,""sanitisation"":0.0,""tetrahedral_chirality"":0.0}",88,105.90191791701864,1.6558974338392622,2.476280125227463,45.0,51.13636363636363,0.9542473712357011,0.06818181818181818,37.8071286717616,0.03125,0.4888888888888889,15.0,17.045454545454547,0.8395428791140699,0.22727272727272727,9.71357374635784,0.13507231404958678,0.2,3.0,3.409090909090909,0.9073165248952486,0.5340909090909091,2.7095676514713016,0.40160123966942146,0.0,2.0,2.272727272727273,0.9144612916935675,0.6704545454545454,1.884865123968437,0.5581095041322314,0.0,88,99.35985114719296,143.35956487183105,116.04126573345161,9.546810443767669,0.41824580088753366,1.3535309062039111,0.0,1.0,1.0,1.0,0.385651518027174,1.3696262838230164,0.0,1.0,1.0,1.0,1000,0,0,0,0,0,90,0,0,0,0,88,90,90,core
4k18_4k18_conf0,generation,qwen_1p7b_4e_step29600,chembl_count,1p7b_4e_step29600,qwen_1p7b_4e_step29600_chembl_count,Qwen 1.7B 4e (step 29600),qwen_1p7b_4e_step29600_chembl_count,5,29,105,0.7,105,105,0,1.0,109,105,4,0.963302752293578,"{""all_atoms_connected"":0,""bond_angles"":1,""bond_lengths"":0,""bonds"":0,""double_bond_stereochemistry"":0,""energy_ratio"":1,""file_loads"":0,""inchi_convertible"":0,""internal_steric_clash"":4,""molecular_formula"":0,""no_radicals"":0,""planar_aromatic_rings"":0,""planar_double_bonds"":0,""reference_file_loads"":0,""sanitisation"":0,""tetrahedral_chirality"":0}","{""all_atoms_connected"":0.0,""bond_angles"":0.009174311926605505,""bond_lengths"":0.0,""bonds"":0.0,""double_bond_stereochemistry"":0.0,""energy_ratio"":0.009174311926605505,""file_loads"":0.0,""inchi_convertible"":0.0,""internal_steric_clash"":0.03669724770642202,""molecular_formula"":0.0,""no_radicals"":0.0,""planar_aromatic_rings"":0.0,""planar_double_bonds"":0.0,""reference_file_loads"":0.0,""sanitisation"":0.0,""tetrahedral_chirality"":0.0}",105,110.03747811892177,1.603908732713031,2.359339793978809,57.0,54.285714285714285,0.9408206706836117,0.06666666666666667,44.87075316831558,0.02857142857142857,0.631578947368421,16.0,15.238095238095237,0.8370473524174197,0.18095238095238095,10.183696399505497,0.11981859410430841,0.3125,4.0,3.8095238095238093,0.825191183083442,0.42857142857142855,3.139168274041199,0.35619047619047617,0.0,1.0,0.9523809523809523,0.0,1.0,1.0,1.0,0.0,105,93.1075346131357,265.59209792563945,115.48702392146238,20.50978495019349,0.33789044779116767,1.3038310984921007,0.0,1.0,1.0,1.0,0.31676039128040645,1.3191718954279,0.0,1.0,1.0,1.0,1000,0,0,0,0,0,109,0,0,0,0,105,109,109,core
4k77_4k77_conf0,generation,qwen_1p7b_4e_step29600,fixed,1p7b_4e_step29600,qwen_1p7b_4e_step29600_fixed,Qwen 1.7B 4e (step 29600),qwen_1p7b_4e_step29600_fixed,2,18,997,0.7,997,997,0,1.0,1000,997,3,0.997,"{""all_atoms_connected"":0,""bond_angles"":1,""bond_lengths"":3,""bonds"":0,""double_bond_stereochemistry"":0,""energy_ratio"":1,""file_loads"":0,""inchi_convertible"":0,""internal_steric_clash"":1,""molecular_formula"":0,""no_radicals"":0,""planar_aromatic_rings"":0,""planar_double_bonds"":0,""reference_file_loads"":0,""sanitisation"":0,""tetrahedral_chirality"":0}","{""all_atoms_connected"":0.0,""bond_angles"":0.001,""bond_lengths"":0.003,""bonds"":0.0,""double_bond_stereochemistry"":0.0,""energy_ratio"":0.001,""file_loads"":0.0,""inchi_convertible"":0.0,""internal_steric_clash"":0.001,""molecular_formula"":0.0,""no_radicals"":0.0,""planar_aromatic_rings"":0.0,""planar_double_bonds"":0.0,""reference_file_loads"":0.0,""sanitisation"":0.0,""tetrahedral_chirality"":0.0}",997,130.67811091773473,0.7956143568527175,1.1202600097020183,45.0,4.513540621865597,0.8167853864011102,0.1464393179538616,22.40370378205222,0.06470665758559532,0.1111111111111111,6.0,0.6018054162487463,0.7594941910758672,0.3530591775325978,3.8994320280003048,0.2892378238024002,0.0,1.0,0.10030090270812438,0.0,1.0,1.0,1.0,0.0,1.0,0.10030090270812438,0.0,1.0,1.0,1.0,0.0,997,10.28380231201653,48.92942992754135,25.811931730913813,7.124987787037611,0.09197439148742875,0.6960786453063932,1.0,1.0,1.0,1.0,0.12307244544208482,0.7288947422341551,1.0,1.0,1.0,1.0,1000,0,0,0,0,0,1000,0,0,0,0,997,1000,1000,core
4k77_4k77_conf0,generation,qwen_1p7b_4e_step29600,dynamic,1p7b_4e_step29600,qwen_1p7b_4e_step29600_dynamic,Qwen 1.7B 4e (step 29600),qwen_1p7b_4e_step29600_dynamic,2,18,24,0.7,24,24,0,1.0,24,24,0,1.0,"{""all_atoms_connected"":0,""bond_angles"":0,""bond_lengths"":0,""bonds"":0,""double_bond_stereochemistry"":0,""energy_ratio"":0,""file_loads"":0,""inchi_convertible"":0,""internal_steric_clash"":0,""molecular_formula"":0,""no_radicals"":0,""planar_aromatic_rings"":0,""planar_double_bonds"":0,""reference_file_loads"":0,""sanitisation"":0,""tetrahedral_chirality"":0}","{""all_atoms_connected"":0.0,""bond_angles"":0.0,""bond_lengths"":0.0,""bonds"":0.0,""double_bond_stereochemistry"":0.0,""energy_ratio"":0.0,""file_loads"":0.0,""inchi_convertible"":0.0,""internal_steric_clash"":0.0,""molecular_formula"":0.0,""no_radicals"":0.0,""planar_aromatic_rings"":0.0,""planar_double_bonds"":0.0,""reference_file_loads"":0.0,""sanitisation"":0.0,""tetrahedral_chirality"":0.0}",24,125.88033214199152,0.8577498398242769,1.1834037626703244,10.0,41.666666666666664,0.919521760281019,0.20833333333333334,8.308483472312771,0.1388888888888889,0.4,2.0,8.333333333333334,0.954434002924965,0.625,1.9378192408783848,0.53125,0.0,1.0,4.166666666666667,0.0,1.0,1.0,1.0,0.0,1.0,4.166666666666667,0.0,1.0,1.0,1.0,0.0,24,14.862973342630774,39.80093140239907,24.399057983388573,6.6689726123948505,0.22977377023390477,0.6676324192574208,1.0,1.0,1.0,1.0,0.2654278594405848,0.6983114406301316,0.0,1.0,1.0,1.0,1000,0,0,0,0,0,24,0,0,0,0,24,24,24,core
4k77_4k77_conf0,generation,qwen_1p7b_4e_step29600,chembl_count,1p7b_4e_step29600,qwen_1p7b_4e_step29600_chembl_count,Qwen 1.7B 4e (step 29600),qwen_1p7b_4e_step29600_chembl_count,2,18,5,0.7,5,5,0,1.0,5,5,0,1.0,"{""all_atoms_connected"":0,""bond_angles"":0,""bond_lengths"":0,""bonds"":0,""double_bond_stereochemistry"":0,""energy_ratio"":0,""file_loads"":0,""inchi_convertible"":0,""internal_steric_clash"":0,""molecular_formula"":0,""no_radicals"":0,""planar_aromatic_rings"":0,""planar_double_bonds"":0,""reference_file_loads"":0,""sanitisation"":0,""tetrahedral_chirality"":0}","{""all_atoms_connected"":0.0,""bond_angles"":0.0,""bond_lengths"":0.0,""bonds"":0.0,""double_bond_stereochemistry"":0.0,""energy_ratio"":0.0,""file_loads"":0.0,""inchi_convertible"":0.0,""internal_steric_clash"":0.0,""molecular_formula"":0.0,""no_radicals"":0.0,""planar_aromatic_rings"":0.0,""planar_double_bonds"":0.0,""reference_file_loads"":0.0,""sanitisation"":0.0,""tetrahedral_chirality"":0.0}",5,112.86023940893058,0.7020325914180652,0.989690097740262,3.0,60.0,0.9602297178607612,0.4,2.8717458874925876,0.3600000000000001,0.3333333333333333,1.0,20.0,0.0,1.0,1.0,1.0,0.0,1.0,20.0,0.0,1.0,1.0,1.0,0.0,1.0,20.0,0.0,1.0,1.0,1.0,0.0,5,16.179186114649248,37.16804907203685,24.610044575173212,8.786916908786292,0.3892427035417923,0.5383923318278181,0.0,1.0,1.0,1.0,0.4191200246284241,0.5171497694537903,0.0,1.0,1.0,1.0,1000,0,0,0,0,0,5,0,0,0,0,5,5,5,core
4kzq_4kzq_conf0,generation,qwen_1p7b_4e_step29600,fixed,1p7b_4e_step29600,qwen_1p7b_4e_step29600_fixed,Qwen 1.7B 4e (step 29600),qwen_1p7b_4e_step29600_fixed,2,18,1000,0.7,1000,1000,0,1.0,1000,1000,0,1.0,"{""all_atoms_connected"":0,""bond_angles"":0,""bond_lengths"":0,""bonds"":0,""double_bond_stereochemistry"":0,""energy_ratio"":0,""file_loads"":0,""inchi_convertible"":0,""internal_steric_clash"":0,""molecular_formula"":0,""no_radicals"":0,""planar_aromatic_rings"":0,""planar_double_bonds"":0,""reference_file_loads"":0,""sanitisation"":0,""tetrahedral_chirality"":0}","{""all_atoms_connected"":0.0,""bond_angles"":0.0,""bond_lengths"":0.0,""bonds"":0.0,""double_bond_stereochemistry"":0.0,""energy_ratio"":0.0,""file_loads"":0.0,""inchi_convertible"":0.0,""internal_steric_clash"":0.0,""molecular_formula"":0.0,""no_radicals"":0.0,""planar_aromatic_rings"":0.0,""planar_double_bonds"":0.0,""reference_file_loads"":0.0,""sanitisation"":0.0,""tetrahedral_chirality"":0.0}",1000,107.95785219552542,0.27321659736360565,0.4980329898980647,2.0,0.2,0.23304589256445052,0.962,1.1753137149089434,0.9268879999999999,0.0,1.0,0.1,0.0,1.0,1.0,1.0,0.0,1.0,0.1,0.0,1.0,1.0,1.0,0.0,1.0,0.1,0.0,1.0,1.0,1.0,0.0,1000,50.722395307210256,76.7343380841715,60.65793056712799,4.344331194254395,0.08290364887835379,0.22528764167425952,1.0,1.0,1.0,1.0,0.07859886586600516,0.22766815244744582,1.0,1.0,1.0,1.0,1000,0,0,0,0,0,1000,0,0,0,0,1000,1000,1000,core
4kzq_4kzq_conf0,generation,qwen_1p7b_4e_step29600,dynamic,1p7b_4e_step29600,qwen_1p7b_4e_step29600_dynamic,Qwen 1.7B 4e (step 29600),qwen_1p7b_4e_step29600_dynamic,2,18,24,0.7,24,24,0,1.0,24,24,0,1.0,"{""all_atoms_connected"":0,""bond_angles"":0,""bond_lengths"":0,""bonds"":0,""double_bond_stereochemistry"":0,""energy_ratio"":0,""file_loads"":0,""inchi_convertible"":0,""internal_steric_clash"":0,""molecular_formula"":0,""no_radicals"":0,""planar_aromatic_rings"":0,""planar_double_bonds"":0,""reference_file_loads"":0,""sanitisation"":0,""tetrahedral_chirality"":0}","{""all_atoms_connected"":0.0,""bond_angles"":0.0,""bond_lengths"":0.0,""bonds"":0.0,""double_bond_stereochemistry"":0.0,""energy_ratio"":0.0,""file_loads"":0.0,""inchi_convertible"":0.0,""internal_steric_clash"":0.0,""molecular_formula"":0.0,""no_radicals"":0.0,""planar_aromatic_rings"":0.0,""planar_double_bonds"":0.0,""reference_file_loads"":0.0,""sanitisation"":0.0,""tetrahedral_chirality"":0.0}",24,122.58748252965822,0.25424473162253003,0.4664461420796906,2.0,8.333333333333334,0.24988229283318544,0.9583333333333334,1.1891100934658385,0.9201388888888891,0.5,1.0,4.166666666666667,0.0,1.0,1.0,1.0,0.0,1.0,4.166666666666667,0.0,1.0,1.0,1.0,0.0,1.0,4.166666666666667,0.0,1.0,1.0,1.0,0.0,24,56.025082270556496,69.98649676298325,61.46531372907914,3.941322200454404,0.08858006727310713,0.228446844019893,1.0,1.0,1.0,1.0,0.10069159191252428,0.22929275404302266,1.0,1.0,1.0,1.0,1000,0,0,0,0,0,24,0,0,0,0,24,24,24,core
4kzq_4kzq_conf0,generation,qwen_1p7b_4e_step29600,chembl_count,1p7b_4e_step29600,qwen_1p7b_4e_step29600_chembl_count,Qwen 1.7B 4e (step 29600),qwen_1p7b_4e_step29600_chembl_count,2,18,6,0.7,6,6,0,1.0,6,6,0,1.0,"{""all_atoms_connected"":0,""bond_angles"":0,""bond_lengths"":0,""bonds"":0,""double_bond_stereochemistry"":0,""energy_ratio"":0,""file_loads"":0,""inchi_convertible"":0,""internal_steric_clash"":0,""molecular_formula"":0,""no_radicals"":0,""planar_aromatic_rings"":0,""planar_double_bonds"":0,""reference_file_loads"":0,""sanitisation"":0,""tetrahedral_chirality"":0}","{""all_atoms_connected"":0.0,""bond_angles"":0.0,""bond_lengths"":0.0,""bonds"":0.0,""double_bond_stereochemistry"":0.0,""energy_ratio"":0.0,""file_loads"":0.0,""inchi_convertible"":0.0,""internal_steric_clash"":0.0,""molecular_formula"":0.0,""no_radicals"":0.0,""planar_aromatic_rings"":0.0,""planar_double_bonds"":0.0,""reference_file_loads"":0.0,""sanitisation"":0.0,""tetrahedral_chirality"":0.0}",6,108.94745389831019,0.2937698468902094,0.496566017211265,2.0,33.333333333333336,0.9182958340544894,0.6666666666666666,1.8898815748423097,0.5555555555555556,0.0,1.0,16.666666666666668,0.0,1.0,1.0,1.0,0.0,1.0,16.666666666666668,0.0,1.0,1.0,1.0,0.0,1.0,16.666666666666668,0.0,1.0,1.0,1.0,0.0,6,58.64577392984099,67.47835266087475,63.61388203992909,2.7880777554067406,0.19786528172149884,0.2277804717511807,1.0,1.0,1.0,1.0,0.1993264342424543,0.2318321122463163,1.0,1.0,1.0,1.0,1000,0,0,0,0,0,6,0,0,0,0,6,6,6,core
4kzu_4kzu_conf0,generation,qwen_1p7b_4e_step29600,fixed,1p7b_4e_step29600,qwen_1p7b_4e_step29600_fixed,Qwen 1.7B 4e (step 29600),qwen_1p7b_4e_step29600_fixed,1,18,1000,0.7,1000,1000,0,1.0,1000,1000,0,1.0,"{""all_atoms_connected"":0,""bond_angles"":0,""bond_lengths"":0,""bonds"":0,""double_bond_stereochemistry"":0,""energy_ratio"":0,""file_loads"":0,""inchi_convertible"":0,""internal_steric_clash"":0,""molecular_formula"":0,""no_radicals"":0,""planar_aromatic_rings"":0,""planar_double_bonds"":0,""reference_file_loads"":0,""sanitisation"":0,""tetrahedral_chirality"":0}","{""all_atoms_connected"":0.0,""bond_angles"":0.0,""bond_lengths"":0.0,""bonds"":0.0,""double_bond_stereochemistry"":0.0,""energy_ratio"":0.0,""file_loads"":0.0,""inchi_convertible"":0.0,""internal_steric_clash"":0.0,""molecular_formula"":0.0,""no_radicals"":0.0,""planar_aromatic_rings"":0.0,""planar_double_bonds"":0.0,""reference_file_loads"":0.0,""sanitisation"":0.0,""tetrahedral_chirality"":0.0}",1000,91.6133716438553,0.38778681410939925,0.6529215049603699,3.0,0.3,0.9950477614986624,0.378,2.983722549397188,0.33697400000000005,0.0,1.0,0.1,0.0,1.0,1.0,1.0,0.0,1.0,0.1,0.0,1.0,1.0,1.0,0.0,1.0,0.1,0.0,1.0,1.0,1.0,0.0,1000,48.87176345518532,77.36099713253292,59.40701041337539,4.288948947925747,0.08715323732221593,0.29023055174550366,1.0,1.0,1.0,1.0,0.07538557358258614,0.2609223387336772,1.0,1.0,1.0,1.0,1000,0,0,0,0,0,1000,0,0,0,0,1000,1000,1000,core
4kzu_4kzu_conf0,generation,qwen_1p7b_4e_step29600,dynamic,1p7b_4e_step29600,qwen_1p7b_4e_step29600_dynamic,Qwen 1.7B 4e (step 29600),qwen_1p7b_4e_step29600_dynamic,1,18,2,0.7,2,2,0,1.0,2,2,0,1.0,"{""all_atoms_connected"":0,""bond_angles"":0,""bond_lengths"":0,""bonds"":0,""double_bond_stereochemistry"":0,""energy_ratio"":0,""file_loads"":0,""inchi_convertible"":0,""internal_steric_clash"":0,""molecular_formula"":0,""no_radicals"":0,""planar_aromatic_rings"":0,""planar_double_bonds"":0,""reference_file_loads"":0,""sanitisation"":0,""tetrahedral_chirality"":0}","{""all_atoms_connected"":0.0,""bond_angles"":0.0,""bond_lengths"":0.0,""bonds"":0.0,""double_bond_stereochemistry"":0.0,""energy_ratio"":0.0,""file_loads"":0.0,""inchi_convertible"":0.0,""internal_steric_clash"":0.0,""molecular_formula"":0.0,""no_radicals"":0.0,""planar_aromatic_rings"":0.0,""planar_double_bonds"":0.0,""reference_file_loads"":0.0,""sanitisation"":0.0,""tetrahedral_chirality"":0.0}",2,46.18827816226488,0.6789138325337425,0.6789138325337425,2.0,100.0,1.0,0.5,2.0,0.5,1.0,1.0,50.0,0.0,1.0,1.0,1.0,0.0,1.0,50.0,0.0,1.0,1.0,1.0,0.0,1.0,50.0,0.0,1.0,1.0,1.0,0.0,2,54.42249117579841,63.73782639881136,59.08015878730488,4.657667611506472,0.16770840102453152,0.47329520175182294,1.0,1.0,1.0,1.0,0.19967770704374,0.46123355513661163,1.0,1.0,1.0,1.0,1000,0,0,0,0,0,2,0,0,0,0,2,2,2,core
4kzu_4kzu_conf0,generation,qwen_1p7b_4e_step29600,chembl_count,1p7b_4e_step29600,qwen_1p7b_4e_step29600_chembl_count,Qwen 1.7B 4e (step 29600),qwen_1p7b_4e_step29600_chembl_count,1,18,3,0.7,3,3,0,1.0,3,3,0,1.0,"{""all_atoms_connected"":0,""bond_angles"":0,""bond_lengths"":0,""bonds"":0,""double_bond_stereochemistry"":0,""energy_ratio"":0,""file_loads"":0,""inchi_convertible"":0,""internal_steric_clash"":0,""molecular_formula"":0,""no_radicals"":0,""planar_aromatic_rings"":0,""planar_double_bonds"":0,""reference_file_loads"":0,""sanitisation"":0,""tetrahedral_chirality"":0}","{""all_atoms_connected"":0.0,""bond_angles"":0.0,""bond_lengths"":0.0,""bonds"":0.0,""double_bond_stereochemistry"":0.0,""energy_ratio"":0.0,""file_loads"":0.0,""inchi_convertible"":0.0,""internal_steric_clash"":0.0,""molecular_formula"":0.0,""no_radicals"":0.0,""planar_aromatic_rings"":0.0,""planar_double_bonds"":0.0,""reference_file_loads"":0.0,""sanitisation"":0.0,""tetrahedral_chirality"":0.0}",3,29.530765573144805,0.38067884376092676,0.5439671157018943,2.0,66.66666666666667,0.9182958340544894,0.6666666666666666,1.8898815748423097,0.5555555555555556,0.5,1.0,33.333333333333336,0.0,1.0,1.0,1.0,0.0,1.0,33.333333333333336,0.0,1.0,1.0,1.0,0.0,1.0,33.333333333333336,0.0,1.0,1.0,1.0,0.0,3,58.995049939060806,63.53243834373187,62.581906816349324,1.9538266151194899,0.22677495311030196,0.6948385297584867,1.0,1.0,1.0,1.0,0.269874871127446,0.7302225469069501,0.0,1.0,1.0,1.0,1000,0,0,0,0,0,3,0,0,0,0,3,3,3,core
4llx_4llx_conf0,generation,qwen_1p7b_4e_step29600,fixed,1p7b_4e_step29600,qwen_1p7b_4e_step29600_fixed,Qwen 1.7B 4e (step 29600),qwen_1p7b_4e_step29600_fixed,1,9,1000,0.7,1000,1000,0,1.0,1000,1000,0,1.0,"{""all_atoms_connected"":0,""bond_angles"":0,""bond_lengths"":0,""bonds"":0,""double_bond_stereochemistry"":0,""energy_ratio"":0,""file_loads"":0,""inchi_convertible"":0,""internal_steric_clash"":0,""molecular_formula"":0,""no_radicals"":0,""planar_aromatic_rings"":0,""planar_double_bonds"":0,""reference_file_loads"":0,""sanitisation"":0,""tetrahedral_chirality"":0}","{""all_atoms_connected"":0.0,""bond_angles"":0.0,""bond_lengths"":0.0,""bonds"":0.0,""double_bond_stereochemistry"":0.0,""energy_ratio"":0.0,""file_loads"":0.0,""inchi_convertible"":0.0,""internal_steric_clash"":0.0,""molecular_formula"":0.0,""no_radicals"":0.0,""planar_aromatic_rings"":0.0,""planar_double_bonds"":0.0,""reference_file_loads"":0.0,""sanitisation"":0.0,""tetrahedral_chirality"":0.0}",1000,,0.048504359026896766,0.058520575028572434,1.0,0.1,0.0,1.0,1.0,1.0,0.0,1.0,0.1,0.0,1.0,1.0,1.0,0.0,1.0,0.1,0.0,1.0,1.0,1.0,0.0,1.0,0.1,0.0,1.0,1.0,1.0,0.0,1000,-0.6921916986131009,14.99484954407117,4.477422904935074,2.6062331650217665,0.026723572778356137,0.05565656918602611,1.0,1.0,1.0,1.0,0.0393036322068985,0.05934052569299958,1.0,1.0,1.0,1.0,1000,0,0,0,0,0,1000,0,0,0,0,1000,1000,1000,core
4llx_4llx_conf0,generation,qwen_1p7b_4e_step29600,dynamic,1p7b_4e_step29600,qwen_1p7b_4e_step29600_dynamic,Qwen 1.7B 4e (step 29600),qwen_1p7b_4e_step29600_dynamic,1,9,2,0.7,2,2,0,1.0,2,2,0,1.0,"{""all_atoms_connected"":0,""bond_angles"":0,""bond_lengths"":0,""bonds"":0,""double_bond_stereochemistry"":0,""energy_ratio"":0,""file_loads"":0,""inchi_convertible"":0,""internal_steric_clash"":0,""molecular_formula"":0,""no_radicals"":0,""planar_aromatic_rings"":0,""planar_double_bonds"":0,""reference_file_loads"":0,""sanitisation"":0,""tetrahedral_chirality"":0}","{""all_atoms_connected"":0.0,""bond_angles"":0.0,""bond_lengths"":0.0,""bonds"":0.0,""double_bond_stereochemistry"":0.0,""energy_ratio"":0.0,""file_loads"":0.0,""inchi_convertible"":0.0,""internal_steric_clash"":0.0,""molecular_formula"":0.0,""no_radicals"":0.0,""planar_aromatic_rings"":0.0,""planar_double_bonds"":0.0,""reference_file_loads"":0.0,""sanitisation"":0.0,""tetrahedral_chirality"":0.0}",2,,0.044091009809744106,0.044091009809744106,1.0,50.0,0.0,1.0,1.0,1.0,0.0,1.0,50.0,0.0,1.0,1.0,1.0,0.0,1.0,50.0,0.0,1.0,1.0,1.0,0.0,1.0,50.0,0.0,1.0,1.0,1.0,0.0,2,3.6996883236486537,7.674706679473068,5.687197501560861,1.987509177912207,0.05695111362596467,0.05830958601350095,1.0,1.0,1.0,1.0,0.05243419560816948,0.06288583173712772,1.0,1.0,1.0,1.0,1000,0,0,0,0,0,2,0,0,0,0,2,2,2,core
4llx_4llx_conf0,generation,qwen_1p7b_4e_step29600,chembl_count,1p7b_4e_step29600,qwen_1p7b_4e_step29600_chembl_count,Qwen 1.7B 4e (step 29600),qwen_1p7b_4e_step29600_chembl_count,1,9,1,0.7,1,1,0,1.0,1,1,0,1.0,"{""all_atoms_connected"":0,""bond_angles"":0,""bond_lengths"":0,""bonds"":0,""double_bond_stereochemistry"":0,""energy_ratio"":0,""file_loads"":0,""inchi_convertible"":0,""internal_steric_clash"":0,""molecular_formula"":0,""no_radicals"":0,""planar_aromatic_rings"":0,""planar_double_bonds"":0,""reference_file_loads"":0,""sanitisation"":0,""tetrahedral_chirality"":0}","{""all_atoms_connected"":0.0,""bond_angles"":0.0,""bond_lengths"":0.0,""bonds"":0.0,""double_bond_stereochemistry"":0.0,""energy_ratio"":0.0,""file_loads"":0.0,""inchi_convertible"":0.0,""internal_steric_clash"":0.0,""molecular_formula"":0.0,""no_radicals"":0.0,""planar_aromatic_rings"":0.0,""planar_double_bonds"":0.0,""reference_file_loads"":0.0,""sanitisation"":0.0,""tetrahedral_chirality"":0.0}",1,,,,1.0,100.0,0.0,1.0,1.0,1.0,1.0,1.0,100.0,0.0,1.0,1.0,1.0,1.0,1.0,100.0,0.0,1.0,1.0,1.0,1.0,1.0,100.0,0.0,1.0,1.0,1.0,1.0,1,4.496394825969028,4.496394825969028,4.496394825969028,0.0,0.05259431521198665,0.05259431521198665,1.0,1.0,1.0,1.0,0.06835692230229796,0.06835692230229796,1.0,1.0,1.0,1.0,1000,0,0,0,0,0,1,0,0,0,0,1,1,1,core
4lzs_4lzs_conf0,generation,qwen_1p7b_4e_step29600,fixed,1p7b_4e_step29600,qwen_1p7b_4e_step29600_fixed,Qwen 1.7B 4e (step 29600),qwen_1p7b_4e_step29600_fixed,3,15,993,0.7,993,993,0,1.0,1000,993,7,0.993,"{""all_atoms_connected"":0,""bond_angles"":2,""bond_lengths"":1,""bonds"":0,""double_bond_stereochemistry"":0,""energy_ratio"":2,""file_loads"":0,""inchi_convertible"":0,""internal_steric_clash"":7,""molecular_formula"":0,""no_radicals"":0,""planar_aromatic_rings"":0,""planar_double_bonds"":0,""reference_file_loads"":0,""sanitisation"":0,""tetrahedral_chirality"":0}","{""all_atoms_connected"":0.0,""bond_angles"":0.002,""bond_lengths"":0.001,""bonds"":0.0,""double_bond_stereochemistry"":0.0,""energy_ratio"":0.002,""file_loads"":0.0,""inchi_convertible"":0.0,""internal_steric_clash"":0.007,""molecular_formula"":0.0,""no_radicals"":0.0,""planar_aromatic_rings"":0.0,""planar_double_bonds"":0.0,""reference_file_loads"":0.0,""sanitisation"":0.0,""tetrahedral_chirality"":0.0}",993,126.69290552594501,0.8978358110316322,1.2605705752508767,48.0,4.833836858006042,0.8124124713094868,0.09768378650553877,23.21995365148007,0.05913600642564416,0.14583333333333334,6.0,0.6042296072507553,0.8679006629734484,0.35347432024169184,4.735414352380916,0.2435568617786743,0.0,1.0,0.10070493454179255,0.0,1.0,1.0,1.0,0.0,1.0,0.10070493454179255,0.0,1.0,1.0,1.0,0.0,993,10.431500968895218,50.16595839970801,21.068218222047722,6.315155162767856,0.15524922553648285,1.2334989586693454,1.0,1.0,1.0,1.0,0.13956410817687037,1.2641316296858194,1.0,1.0,1.0,1.0,1000,0,0,0,0,0,1000,0,0,0,0,993,1000,1000,core
4lzs_4lzs_conf0,generation,qwen_1p7b_4e_step29600,dynamic,1p7b_4e_step29600,qwen_1p7b_4e_step29600_dynamic,Qwen 1.7B 4e (step 29600),qwen_1p7b_4e_step29600_dynamic,3,15,46,0.7,46,46,0,1.0,46,46,0,1.0,"{""all_atoms_connected"":0,""bond_angles"":0,""bond_lengths"":0,""bonds"":0,""double_bond_stereochemistry"":0,""energy_ratio"":0,""file_loads"":0,""inchi_convertible"":0,""internal_steric_clash"":0,""molecular_formula"":0,""no_radicals"":0,""planar_aromatic_rings"":0,""planar_double_bonds"":0,""reference_file_loads"":0,""sanitisation"":0,""tetrahedral_chirality"":0}","{""all_atoms_connected"":0.0,""bond_angles"":0.0,""bond_lengths"":0.0,""bonds"":0.0,""double_bond_stereochemistry"":0.0,""energy_ratio"":0.0,""file_loads"":0.0,""inchi_convertible"":0.0,""internal_steric_clash"":0.0,""molecular_formula"":0.0,""no_radicals"":0.0,""planar_aromatic_rings"":0.0,""planar_double_bonds"":0.0,""reference_file_loads"":0.0,""sanitisation"":0.0,""tetrahedral_chirality"":0.0}",46,125.95348177196772,0.8658540445519975,1.261687587083929,13.0,28.26086956521739,0.8638869426007063,0.21739130434782608,9.1689819304433,0.14083175803402648,0.23076923076923078,4.0,8.695652173913043,0.8923488028625102,0.41304347826086957,3.4454623813586487,0.31474480151228734,0.0,1.0,2.1739130434782608,0.0,1.0,1.0,1.0,0.0,1.0,2.1739130434782608,0.0,1.0,1.0,1.0,0.0,46,13.311960071589029,40.162552935478814,19.076589889673016,4.971275550277712,0.42069598610930037,1.197286342487087,0.0,1.0,1.0,1.0,0.3309090356262617,1.2323723843553596,0.0,1.0,1.0,1.0,1000,0,0,0,0,0,46,0,0,0,0,46,46,46,core
4lzs_4lzs_conf0,generation,qwen_1p7b_4e_step29600,chembl_count,1p7b_4e_step29600,qwen_1p7b_4e_step29600_chembl_count,Qwen 1.7B 4e (step 29600),qwen_1p7b_4e_step29600_chembl_count,3,15,12,0.7,12,12,0,1.0,12,12,0,1.0,"{""all_atoms_connected"":0,""bond_angles"":0,""bond_lengths"":0,""bonds"":0,""double_bond_stereochemistry"":0,""energy_ratio"":0,""file_loads"":0,""inchi_convertible"":0,""internal_steric_clash"":0,""molecular_formula"":0,""no_radicals"":0,""planar_aromatic_rings"":0,""planar_double_bonds"":0,""reference_file_loads"":0,""sanitisation"":0,""tetrahedral_chirality"":0}","{""all_atoms_connected"":0.0,""bond_angles"":0.0,""bond_lengths"":0.0,""bonds"":0.0,""double_bond_stereochemistry"":0.0,""energy_ratio"":0.0,""file_loads"":0.0,""inchi_convertible"":0.0,""internal_steric_clash"":0.0,""molecular_formula"":0.0,""no_radicals"":0.0,""planar_aromatic_rings"":0.0,""planar_double_bonds"":0.0,""reference_file_loads"":0.0,""sanitisation"":0.0,""tetrahedral_chirality"":0.0}",12,113.97952137237618,1.0089969249844906,1.3439336321318442,10.0,83.33333333333333,0.9599009323677092,0.25,9.118028227819112,0.125,0.9,4.0,33.333333333333336,0.892079563925711,0.4166666666666667,3.4441766217171375,0.3194444444444444,0.25,1.0,8.333333333333334,0.0,1.0,1.0,1.0,0.0,1.0,8.333333333333334,0.0,1.0,1.0,1.0,0.0,12,14.972121103688417,34.00923566575976,21.17768277451033,6.5834472299753894,0.20538914761572022,1.1844358395397627,1.0,1.0,1.0,1.0,0.18502730279326474,1.21627082824702,1.0,1.0,1.0,1.0,1000,0,0,0,0,0,12,0,0,0,0,12,12,12,core
4mgd_4mgd_conf0,generation,qwen_1p7b_4e_step29600,fixed,1p7b_4e_step29600,qwen_1p7b_4e_step29600_fixed,Qwen 1.7B 4e (step 29600),qwen_1p7b_4e_step29600_fixed,4,19,995,0.7,995,995,0,1.0,1000,995,5,0.995,"{""all_atoms_connected"":0,""bond_angles"":4,""bond_lengths"":2,""bonds"":0,""double_bond_stereochemistry"":0,""energy_ratio"":1,""file_loads"":0,""inchi_convertible"":0,""internal_steric_clash"":1,""molecular_formula"":0,""no_radicals"":0,""planar_aromatic_rings"":0,""planar_double_bonds"":0,""reference_file_loads"":0,""sanitisation"":0,""tetrahedral_chirality"":0}","{""all_atoms_connected"":0.0,""bond_angles"":0.004,""bond_lengths"":0.002,""bonds"":0.0,""double_bond_stereochemistry"":0.0,""energy_ratio"":0.001,""file_loads"":0.0,""inchi_convertible"":0.0,""internal_steric_clash"":0.001,""molecular_formula"":0.0,""no_radicals"":0.0,""planar_aromatic_rings"":0.0,""planar_double_bonds"":0.0,""reference_file_loads"":0.0,""sanitisation"":0.0,""tetrahedral_chirality"":0.0}",995,103.70567640832765,0.5875849352857417,0.8897774258353799,8.0,0.8040201005025126,0.7805870509341276,0.3035175879396985,5.069210779077268,0.22940733819853035,0.0,2.0,0.20100502512562815,0.9998768604838029,0.5065326633165829,1.9998292996681302,0.5000853513800156,0.0,1.0,0.10050251256281408,0.0,1.0,1.0,1.0,0.0,1.0,0.10050251256281408,0.0,1.0,1.0,1.0,0.0,995,68.89865509769214,152.33819207628295,83.48494199347012,6.563208170630743,0.12674960468277807,0.6692021224715946,1.0,1.0,1.0,1.0,0.17616700457601453,0.645771391022446,1.0,1.0,1.0,1.0,1000,0,0,0,0,0,1000,0,0,0,0,995,1000,1000,core
4mgd_4mgd_conf0,generation,qwen_1p7b_4e_step29600,dynamic,1p7b_4e_step29600,qwen_1p7b_4e_step29600_dynamic,Qwen 1.7B 4e (step 29600),qwen_1p7b_4e_step29600_dynamic,4,19,67,0.7,67,67,0,1.0,68,67,1,0.9852941176470588,"{""all_atoms_connected"":0,""bond_angles"":1,""bond_lengths"":0,""bonds"":0,""double_bond_stereochemistry"":0,""energy_ratio"":0,""file_loads"":0,""inchi_convertible"":0,""internal_steric_clash"":0,""molecular_formula"":0,""no_radicals"":0,""planar_aromatic_rings"":0,""planar_double_bonds"":0,""reference_file_loads"":0,""sanitisation"":0,""tetrahedral_chirality"":0}","{""all_atoms_connected"":0.0,""bond_angles"":0.014705882352941176,""bond_lengths"":0.0,""bonds"":0.0,""double_bond_stereochemistry"":0.0,""energy_ratio"":0.0,""file_loads"":0.0,""inchi_convertible"":0.0,""internal_steric_clash"":0.0,""molecular_formula"":0.0,""no_radicals"":0.0,""planar_aromatic_rings"":0.0,""planar_double_bonds"":0.0,""reference_file_loads"":0.0,""sanitisation"":0.0,""tetrahedral_chirality"":0.0}",67,104.28517489512502,0.6008498159299904,0.89475610322281,5.0,7.462686567164179,0.8246065621747645,0.373134328358209,3.7702943072858113,0.29115615950100243,0.2,2.0,2.985074626865672,0.569190343735683,0.8656716417910447,1.4836906734728994,0.7674314992203162,0.0,1.0,1.492537313432836,0.0,1.0,1.0,1.0,0.0,1.0,1.492537313432836,0.0,1.0,1.0,1.0,0.0,67,75.72400381835028,102.8409519388,83.53390049670324,5.29296647760601,0.2415930181389729,0.6800738441070799,1.0,1.0,1.0,1.0,0.2054072627744257,0.6751163311768583,1.0,1.0,1.0,1.0,1000,0,0,0,0,0,68,0,0,0,0,67,68,68,core
4mgd_4mgd_conf0,generation,qwen_1p7b_4e_step29600,chembl_count,1p7b_4e_step29600,qwen_1p7b_4e_step29600_chembl_count,Qwen 1.7B 4e (step 29600),qwen_1p7b_4e_step29600_chembl_count,4,19,24,0.7,24,24,0,1.0,24,24,0,1.0,"{""all_atoms_connected"":0,""bond_angles"":0,""bond_lengths"":0,""bonds"":0,""double_bond_stereochemistry"":0,""energy_ratio"":0,""file_loads"":0,""inchi_convertible"":0,""internal_steric_clash"":0,""molecular_formula"":0,""no_radicals"":0,""planar_aromatic_rings"":0,""planar_double_bonds"":0,""reference_file_loads"":0,""sanitisation"":0,""tetrahedral_chirality"":0}","{""all_atoms_connected"":0.0,""bond_angles"":0.0,""bond_lengths"":0.0,""bonds"":0.0,""double_bond_stereochemistry"":0.0,""energy_ratio"":0.0,""file_loads"":0.0,""inchi_convertible"":0.0,""internal_steric_clash"":0.0,""molecular_formula"":0.0,""no_radicals"":0.0,""planar_aromatic_rings"":0.0,""planar_double_bonds"":0.0,""reference_file_loads"":0.0,""sanitisation"":0.0,""tetrahedral_chirality"":0.0}",24,100.98813631105348,0.6182474237845624,0.8976415007385908,5.0,20.833333333333332,0.9807765320912628,0.25,4.847673670802816,0.21180555555555555,0.0,1.0,4.166666666666667,0.0,1.0,1.0,1.0,0.0,1.0,4.166666666666667,0.0,1.0,1.0,1.0,0.0,1.0,4.166666666666667,0.0,1.0,1.0,1.0,0.0,24,74.36736736327435,98.27362522961627,83.7713740423982,6.082922449492348,0.22221704298479764,0.5589553879089678,1.0,1.0,1.0,1.0,0.25019370569124944,0.5465517471480014,0.0,1.0,1.0,1.0,1000,0,0,0,0,0,24,0,0,0,0,24,24,24,core
4ogj_4ogj_conf0,generation,qwen_1p7b_4e_step29600,fixed,1p7b_4e_step29600,qwen_1p7b_4e_step29600_fixed,Qwen 1.7B 4e (step 29600),qwen_1p7b_4e_step29600_fixed,10,37,635,0.7,635,579,56,0.9118110236220472,1000,635,365,0.635,"{""all_atoms_connected"":0,""bond_angles"":2,""bond_lengths"":3,""bonds"":0,""double_bond_stereochemistry"":0,""energy_ratio"":62,""file_loads"":0,""inchi_convertible"":0,""internal_steric_clash"":364,""molecular_formula"":0,""no_radicals"":0,""planar_aromatic_rings"":1,""planar_double_bonds"":0,""reference_file_loads"":0,""sanitisation"":0,""tetrahedral_chirality"":0}","{""all_atoms_connected"":0.0,""bond_angles"":0.002,""bond_lengths"":0.003,""bonds"":0.0,""double_bond_stereochemistry"":0.0,""energy_ratio"":0.062,""file_loads"":0.0,""inchi_convertible"":0.0,""internal_steric_clash"":0.364,""molecular_formula"":0.0,""no_radicals"":0.0,""planar_aromatic_rings"":0.001,""planar_double_bonds"":0.0,""reference_file_loads"":0.0,""sanitisation"":0.0,""tetrahedral_chirality"":0.0}",635,105.96264577180918,1.792253000811649,2.624270062935699,307.0,48.346456692913385,0.9366759772286447,0.029921259842519685,213.62042184637284,0.007199454398908798,0.6188925081433225,42.0,6.6141732283464565,0.7623581899960895,0.15748031496062992,17.278156004823547,0.09058714117428235,0.2857142857142857,4.0,0.6299212598425197,0.8619825256163363,0.44724409448818897,3.303430634357237,0.3361770723541447,0.0,1.0,0.15748031496062992,0.0,1.0,1.0,1.0,0.0,635,-14.73942938329602,12872.890432602251,10.645155064527096,514.2649879670005,0.2889233182102419,1.7364200896776376,0.0,1.0,1.0,1.0,0.2735249951496372,1.7176744644514732,0.0,1.0,1.0,1.0,1000,0,0,0,0,0,1000,0,0,0,0,635,1000,1000,core
4ogj_4ogj_conf0,generation,qwen_1p7b_4e_step29600,dynamic,1p7b_4e_step29600,qwen_1p7b_4e_step29600_dynamic,Qwen 1.7B 4e (step 29600),qwen_1p7b_4e_step29600_dynamic,10,37,134,0.7,134,119,15,0.8880597014925373,200,134,66,0.67,"{""all_atoms_connected"":0,""bond_angles"":0,""bond_lengths"":0,""bonds"":0,""double_bond_stereochemistry"":0,""energy_ratio"":11,""file_loads"":0,""inchi_convertible"":0,""internal_steric_clash"":66,""molecular_formula"":0,""no_radicals"":0,""planar_aromatic_rings"":0,""planar_double_bonds"":0,""reference_file_loads"":0,""sanitisation"":0,""tetrahedral_chirality"":0}","{""all_atoms_connected"":0.0,""bond_angles"":0.0,""bond_lengths"":0.0,""bonds"":0.0,""double_bond_stereochemistry"":0.0,""energy_ratio"":0.055,""file_loads"":0.0,""inchi_convertible"":0.0,""internal_steric_clash"":0.33,""molecular_formula"":0.0,""no_radicals"":0.0,""planar_aromatic_rings"":0.0,""planar_double_bonds"":0.0,""reference_file_loads"":0.0,""sanitisation"":0.0,""tetrahedral_chirality"":0.0}",134,106.37728678198364,1.7984082682779885,2.658869968582478,100.0,74.6268656716418,0.9743845310790816,0.03731343283582089,88.87284072722684,0.013143239028736913,0.78,22.0,16.417910447761194,0.8350531570751123,0.2462686567164179,13.212782857994315,0.11160614836266429,0.22727272727272727,2.0,1.492537313432836,0.9869444983748495,0.5671641791044776,1.9819828766045513,0.5090220539095567,0.0,1.0,0.746268656716418,0.0,1.0,1.0,1.0,0.0,134,-9.688063156308559,486.8315387569794,10.928670387212318,51.587146924529236,0.5616302395448609,2.0626200659751373,0.0,0.0,1.0,1.0,0.516861030756895,2.0249563728235085,0.0,0.0,1.0,1.0,1000,0,0,0,0,0,200,0,0,0,0,134,200,200,core
4ogj_4ogj_conf0,generation,qwen_1p7b_4e_step29600,chembl_count,1p7b_4e_step29600,qwen_1p7b_4e_step29600_chembl_count,Qwen 1.7B 4e (step 29600),qwen_1p7b_4e_step29600_chembl_count,10,37,35,0.7,35,32,3,0.9142857142857143,54,35,19,0.6481481481481481,"{""all_atoms_connected"":0,""bond_angles"":0,""bond_lengths"":0,""bonds"":0,""double_bond_stereochemistry"":0,""energy_ratio"":5,""file_loads"":0,""inchi_convertible"":0,""internal_steric_clash"":19,""molecular_formula"":0,""no_radicals"":0,""planar_aromatic_rings"":0,""planar_double_bonds"":0,""reference_file_loads"":0,""sanitisation"":0,""tetrahedral_chirality"":0}","{""all_atoms_connected"":0.0,""bond_angles"":0.0,""bond_lengths"":0.0,""bonds"":0.0,""double_bond_stereochemistry"":0.0,""energy_ratio"":0.09259259259259259,""file_loads"":0.0,""inchi_convertible"":0.0,""internal_steric_clash"":0.35185185185185186,""molecular_formula"":0.0,""no_radicals"":0.0,""planar_aromatic_rings"":0.0,""planar_double_bonds"":0.0,""reference_file_loads"":0.0,""sanitisation"":0.0,""tetrahedral_chirality"":0.0}",35,104.91822020973713,1.8109072946150881,2.631238397060034,30.0,85.71428571428571,0.9826998224086473,0.08571428571428572,28.285691128122767,0.038367346938775526,0.8666666666666667,13.0,37.142857142857146,0.8730964984268301,0.2571428571428571,9.3881504406481,0.1395918367346939,0.46153846153846156,4.0,11.428571428571429,0.7062096908241469,0.4857142857142857,2.661831746113517,0.4236734693877551,0.25,1.0,2.857142857142857,0.0,1.0,1.0,1.0,0.0,35,-8.147968137004021,392.61186882797216,10.673592701281926,73.05636191478122,0.5280821995664049,1.5373486988661857,0.0,0.0,1.0,1.0,0.48837663056836234,1.4759438779807317,0.0,1.0,1.0,1.0,1000,0,0,0,0,0,54,0,0,0,0,35,54,54,core
5c28_5c28_conf0,generation,qwen_1p7b_4e_step29600,fixed,1p7b_4e_step29600,qwen_1p7b_4e_step29600_fixed,Qwen 1.7B 4e (step 29600),qwen_1p7b_4e_step29600_fixed,2,12,986,0.7,986,986,0,1.0,1000,986,14,0.986,"{""all_atoms_connected"":0,""bond_angles"":0,""bond_lengths"":14,""bonds"":0,""double_bond_stereochemistry"":0,""energy_ratio"":0,""file_loads"":0,""inchi_convertible"":0,""internal_steric_clash"":0,""molecular_formula"":0,""no_radicals"":0,""planar_aromatic_rings"":0,""planar_double_bonds"":0,""reference_file_loads"":0,""sanitisation"":0,""tetrahedral_chirality"":0}","{""all_atoms_connected"":0.0,""bond_angles"":0.0,""bond_lengths"":0.014,""bonds"":0.0,""double_bond_stereochemistry"":0.0,""energy_ratio"":0.0,""file_loads"":0.0,""inchi_convertible"":0.0,""internal_steric_clash"":0.0,""molecular_formula"":0.0,""no_radicals"":0.0,""planar_aromatic_rings"":0.0,""planar_double_bonds"":0.0,""reference_file_loads"":0.0,""sanitisation"":0.0,""tetrahedral_chirality"":0.0}",986,82.40778600770464,0.3375687343150274,0.6409199960367147,4.0,0.4056795131845842,0.5577123736472235,0.6947261663286004,2.166587867473936,0.551580134047044,0.0,1.0,0.10141987829614604,0.0,1.0,1.0,1.0,0.0,1.0,0.10141987829614604,0.0,1.0,1.0,1.0,0.0,1.0,0.10141987829614604,0.0,1.0,1.0,1.0,0.0,986,-46.3334126864547,53.50235171085681,-39.101259319967355,5.603748628693159,0.04853908028759907,0.6073529346613551,1.0,1.0,1.0,1.0,0.06549062548186944,0.5817626459396769,1.0,1.0,1.0,1.0,1000,0,0,0,0,0,1000,0,0,0,0,986,1000,1000,core
5c28_5c28_conf0,generation,qwen_1p7b_4e_step29600,dynamic,1p7b_4e_step29600,qwen_1p7b_4e_step29600_dynamic,Qwen 1.7B 4e (step 29600),qwen_1p7b_4e_step29600_dynamic,2,12,24,0.7,24,24,0,1.0,24,24,0,1.0,"{""all_atoms_connected"":0,""bond_angles"":0,""bond_lengths"":0,""bonds"":0,""double_bond_stereochemistry"":0,""energy_ratio"":0,""file_loads"":0,""inchi_convertible"":0,""internal_steric_clash"":0,""molecular_formula"":0,""no_radicals"":0,""planar_aromatic_rings"":0,""planar_double_bonds"":0,""reference_file_loads"":0,""sanitisation"":0,""tetrahedral_chirality"":0}","{""all_atoms_connected"":0.0,""bond_angles"":0.0,""bond_lengths"":0.0,""bonds"":0.0,""double_bond_stereochemistry"":0.0,""energy_ratio"":0.0,""file_loads"":0.0,""inchi_convertible"":0.0,""internal_steric_clash"":0.0,""molecular_formula"":0.0,""no_radicals"":0.0,""planar_aromatic_rings"":0.0,""planar_double_bonds"":0.0,""reference_file_loads"":0.0,""sanitisation"":0.0,""tetrahedral_chirality"":0.0}",24,53.92419109774342,0.20781556877048385,0.5866378605667424,3.0,12.5,0.31366684285007645,0.9166666666666666,1.4114227639742039,0.84375,0.6666666666666666,1.0,4.166666666666667,0.0,1.0,1.0,1.0,0.0,1.0,4.166666666666667,0.0,1.0,1.0,1.0,0.0,1.0,4.166666666666667,0.0,1.0,1.0,1.0,0.0,24,-43.97912193848511,-34.60310433753176,-39.25695260617847,2.6801156900502363,0.08237949442782015,0.6082146596990143,1.0,1.0,1.0,1.0,0.10643184773168969,0.5812058771673745,1.0,1.0,1.0,1.0,1000,0,0,0,0,0,24,0,0,0,0,24,24,24,core
5c28_5c28_conf0,generation,qwen_1p7b_4e_step29600,chembl_count,1p7b_4e_step29600,qwen_1p7b_4e_step29600_chembl_count,Qwen 1.7B 4e (step 29600),qwen_1p7b_4e_step29600_chembl_count,2,12,2,0.7,2,2,0,1.0,2,2,0,1.0,"{""all_atoms_connected"":0,""bond_angles"":0,""bond_lengths"":0,""bonds"":0,""double_bond_stereochemistry"":0,""energy_ratio"":0,""file_loads"":0,""inchi_convertible"":0,""internal_steric_clash"":0,""molecular_formula"":0,""no_radicals"":0,""planar_aromatic_rings"":0,""planar_double_bonds"":0,""reference_file_loads"":0,""sanitisation"":0,""tetrahedral_chirality"":0}","{""all_atoms_connected"":0.0,""bond_angles"":0.0,""bond_lengths"":0.0,""bonds"":0.0,""double_bond_stereochemistry"":0.0,""energy_ratio"":0.0,""file_loads"":0.0,""inchi_convertible"":0.0,""internal_steric_clash"":0.0,""molecular_formula"":0.0,""no_radicals"":0.0,""planar_aromatic_rings"":0.0,""planar_double_bonds"":0.0,""reference_file_loads"":0.0,""sanitisation"":0.0,""tetrahedral_chirality"":0.0}",2,55.65255268667598,0.6106340089452622,0.6106340089452622,2.0,100.0,1.0,0.5,2.0,0.5,1.0,1.0,50.0,0.0,1.0,1.0,1.0,0.0,1.0,50.0,0.0,1.0,1.0,1.0,0.0,1.0,50.0,0.0,1.0,1.0,1.0,0.0,2,-38.1501054317001,-34.51239121959908,-36.33124832564959,1.8188571060505083,0.08797892282445652,0.35166909123192197,1.0,1.0,1.0,1.0,0.09903997362435006,0.3439429928395167,1.0,1.0,1.0,1.0,1000,0,0,0,0,0,2,0,0,0,0,2,2,2,core
5c2h_5c2h_conf0,generation,qwen_1p7b_4e_step29600,fixed,1p7b_4e_step29600,qwen_1p7b_4e_step29600_fixed,Qwen 1.7B 4e (step 29600),qwen_1p7b_4e_step29600_fixed,8,31,860,0.7,860,851,9,0.9895348837209302,1000,860,140,0.86,"{""all_atoms_connected"":0,""bond_angles"":1,""bond_lengths"":1,""bonds"":0,""double_bond_stereochemistry"":0,""energy_ratio"":20,""file_loads"":0,""inchi_convertible"":0,""internal_steric_clash"":140,""molecular_formula"":0,""no_radicals"":0,""planar_aromatic_rings"":0,""planar_double_bonds"":0,""reference_file_loads"":0,""sanitisation"":0,""tetrahedral_chirality"":0}","{""all_atoms_connected"":0.0,""bond_angles"":0.001,""bond_lengths"":0.001,""bonds"":0.0,""double_bond_stereochemistry"":0.0,""energy_ratio"":0.02,""file_loads"":0.0,""inchi_convertible"":0.0,""internal_steric_clash"":0.14,""molecular_formula"":0.0,""no_radicals"":0.0,""planar_aromatic_rings"":0.0,""planar_double_bonds"":0.0,""reference_file_loads"":0.0,""sanitisation"":0.0,""tetrahedral_chirality"":0.0}",860,93.43409024014993,2.5023476189313083,3.3558671427354883,457.0,53.13953488372093,0.9513781047275287,0.01627906976744186,339.3016980972351,0.004207679826933477,0.6433260393873085,131.0,15.232558139534884,0.8729985346995779,0.07906976744186046,70.53013882474623,0.02321254732287723,0.25190839694656486,14.0,1.627906976744186,0.826899273345468,0.2593023255813954,8.866096213050977,0.15159545700378585,0.0,3.0,0.3488372093023256,0.7961442360963363,0.47325581395348837,2.3980450461873977,0.44694159004867495,0.0,860,-38.773831557554516,1541.0778023939292,-11.613331250042059,68.12740565896704,3.0519033674489844,3.8693185381172537,0.0,0.0,0.0,0.0,3.092087973502128,3.9502712365369126,0.0,0.0,0.0,0.0,1000,0,0,0,0,0,1000,0,0,0,0,860,1000,1000,core
5c2h_5c2h_conf0,generation,qwen_1p7b_4e_step29600,dynamic,1p7b_4e_step29600,qwen_1p7b_4e_step29600_dynamic,Qwen 1.7B 4e (step 29600),qwen_1p7b_4e_step29600_dynamic,8,31,135,0.7,135,135,0,1.0,156,135,21,0.8653846153846154,"{""all_atoms_connected"":0,""bond_angles"":0,""bond_lengths"":0,""bonds"":0,""double_bond_stereochemistry"":0,""energy_ratio"":3,""file_loads"":0,""inchi_convertible"":0,""internal_steric_clash"":21,""molecular_formula"":0,""no_radicals"":0,""planar_aromatic_rings"":0,""planar_double_bonds"":0,""reference_file_loads"":0,""sanitisation"":0,""tetrahedral_chirality"":0}","{""all_atoms_connected"":0.0,""bond_angles"":0.0,""bond_lengths"":0.0,""bonds"":0.0,""double_bond_stereochemistry"":0.0,""energy_ratio"":0.019230769230769232,""file_loads"":0.0,""inchi_convertible"":0.0,""internal_steric_clash"":0.1346153846153846,""molecular_formula"":0.0,""no_radicals"":0.0,""planar_aromatic_rings"":0.0,""planar_double_bonds"":0.0,""reference_file_loads"":0.0,""sanitisation"":0.0,""tetrahedral_chirality"":0.0}",135,91.24337820211119,2.483385207408663,3.3566887024478937,104.0,77.03703703703704,0.9787428474311934,0.02962962962962963,94.22300566002785,0.012016460905349795,0.7980769230769231,59.0,43.7037037037037,0.9402044775956764,0.06666666666666667,46.234162011839295,0.027160493827160494,0.4576271186440678,9.0,6.666666666666667,0.8730305170501126,0.25925925925925924,6.80899211740383,0.17037037037037037,0.0,2.0,1.4814814814814814,0.9509560484549724,0.6296296296296297,1.9331532999311463,0.53360768175583,0.0,135,-36.284045241657935,37.3059665344209,-13.208512152153766,14.098329621621916,3.297368853951421,3.88563898545982,0.0,0.0,0.0,0.0,3.3858785005228103,3.970651099353652,0.0,0.0,0.0,0.0,1000,0,0,0,0,0,156,0,0,0,0,135,156,156,core
5c2h_5c2h_conf0,generation,qwen_1p7b_4e_step29600,chembl_count,1p7b_4e_step29600,qwen_1p7b_4e_step29600_chembl_count,Qwen 1.7B 4e (step 29600),qwen_1p7b_4e_step29600_chembl_count,8,31,74,0.7,74,74,0,1.0,85,74,11,0.8705882352941177,"{""all_atoms_connected"":0,""bond_angles"":0,""bond_lengths"":0,""bonds"":0,""double_bond_stereochemistry"":0,""energy_ratio"":3,""file_loads"":0,""inchi_convertible"":0,""internal_steric_clash"":11,""molecular_formula"":0,""no_radicals"":0,""planar_aromatic_rings"":0,""planar_double_bonds"":0,""reference_file_loads"":0,""sanitisation"":0,""tetrahedral_chirality"":0}","{""all_atoms_connected"":0.0,""bond_angles"":0.0,""bond_lengths"":0.0,""bonds"":0.0,""double_bond_stereochemistry"":0.0,""energy_ratio"":0.03529411764705882,""file_loads"":0.0,""inchi_convertible"":0.0,""internal_steric_clash"":0.12941176470588237,""molecular_formula"":0.0,""no_radicals"":0.0,""planar_aromatic_rings"":0.0,""planar_double_bonds"":0.0,""reference_file_loads"":0.0,""sanitisation"":0.0,""tetrahedral_chirality"":0.0}",74,91.39519200392284,2.4915304211217744,3.402792673436528,65.0,87.83783783783784,0.9872873829790902,0.04054054054054054,61.64054692086771,0.01753104455807159,0.8923076923076924,35.0,47.2972972972973,0.9239201551634036,0.12162162162162163,26.70518476824728,0.04930606281957634,0.5428571428571428,10.0,13.513513513513514,0.8072041199171762,0.3108108108108108,6.415110181503301,0.19685902118334553,0.2,2.0,2.7027027027027026,0.995252549439679,0.5405405405405406,1.9934294527783163,0.5032870708546384,0.0,74,-36.62010911342,47.510257723726475,-13.145918510685394,17.103756700688287,3.327425465663899,3.843488275647371,0.0,0.0,0.0,0.0,3.4066759876662047,3.9267942252552483,0.0,0.0,0.0,0.0,1000,0,0,0,0,0,85,0,0,0,0,74,85,85,core
